,open,high,low,close,volume,value
2026-05-14 14:15:00,91.6,91.8,91.6,91.7,16810.425168,1540472.90127723
2026-05-14 14:30:00,91.7,92.0,91.7,91.9,34950.99429638,3212319.57906856
2026-05-14 14:45:00,92.1,92.5,92.0,92.2,27668.28248884,2551656.55491219
2026-05-14 15:00:00,92.1,92.2,92.0,92.2,31143.19338814,2869991.03747823
2026-05-14 15:15:00,92.1,92.2,91.9,91.9,125653.30337149,11553558.09848376
2026-05-14 15:30:00,91.9,92.1,91.9,91.9,14731.98638638,1356062.86052613
2026-05-14 15:45:00,92.1,92.1,91.9,91.9,5700.95548316,525003.71118253
2026-05-14 16:00:00,91.9,91.9,91.4,91.8,96792.66537582,8865468.71701394
2026-05-14 16:15:00,91.4,91.7,91.4,91.7,28423.63827548,2598280.47294811
2026-05-14 16:30:00,91.5,91.5,91.3,91.5,45133.95516914,4129012.22666009
2026-05-14 16:45:00,91.4,91.5,91.2,91.2,239399.75363264,21837404.89215824
2026-05-14 17:00:00,91.5,91.5,91.0,91.0,161349.5879079,14709101.21143912
2026-05-14 17:15:00,91.1,91.2,91.1,91.2,31347.45488365,2856520.68376016
2026-05-14 17:30:00,91.5,92.0,91.5,91.8,24064.32194047,2202286.57443366
2026-05-14 17:45:00,91.8,91.8,91.4,91.7,4778.89717137,438202.69645526
2026-05-14 18:00:00,91.3,91.7,91.1,91.4,65821.82328728,6000364.80694923
2026-05-14 18:15:00,91.1,91.1,91.1,91.1,4971.81352127,452932.2117877
2026-05-14 18:30:00,91.4,91.4,91.1,91.1,81332.20617719,7410426.58128772
2026-05-14 18:45:00,91.0,91.1,90.9,90.9,212365.98977126,19305598.27070246
2026-05-14 19:00:00,91.1,91.2,91.0,91.2,20396.39572627,1858532.82000795
2026-05-14 19:15:00,91.2,91.5,91.2,91.5,20684.64471569,1887704.01254157
2026-05-14 19:30:00,91.5,91.9,91.5,91.7,139837.88860454,12807896.84137039
2026-05-14 19:45:00,91.6,92.4,91.6,92.4,28373.40025472,2612810.56951408
2026-05-14 20:00:00,92.5,92.7,92.3,92.6,70430.61257492,6512182.57641505
2026-05-14 20:15:00,92.6,93.0,92.4,92.4,151052.78908671,14017035.64098061
2026-05-14 20:30:00,92.3,92.3,91.8,91.8,68220.63584512,6278237.02708373
2026-05-14 20:45:00,91.8,92.1,91.5,92.0,276767.97334921,25363115.39862809
2026-05-14 21:00:00,91.8,92.0,91.7,92.0,62445.41673981,5740075.21303164
2026-05-14 21:15:00,92.0,93.3,91.7,91.7,467149.90306158,43134779.03457612
2026-05-14 21:30:00,92.1,92.7,92.1,92.6,152149.71523802,14059345.40436189
2026-05-14 21:45:00,92.2,92.5,92.2,92.2,33337.52295613,3073768.3003419
2026-05-14 22:00:00,92.4,92.6,92.3,92.6,29325.14091798,2706748.32621568
2026-05-14 22:15:00,92.6,92.7,92.3,92.3,72627.45332154,6729292.0407591
2026-05-14 22:30:00,92.5,92.8,92.2,92.6,205430.93203984,19004534.37481116
2026-05-14 22:45:00,92.8,92.9,92.4,92.8,20070.94727782,1860232.48955002
2026-05-14 23:00:00,92.1,92.6,92.1,92.1,39840.54423633,3676125.16746013
2026-05-14 23:15:00,92.1,92.6,92.1,92.6,58698.52495387,5416033.86233485
2026-05-14 23:30:00,92.2,93.2,92.2,93.2,17228.76374348,1595355.30536443
2026-05-14 23:45:00,93.2,93.4,92.8,93.4,231037.75543213,21490413.04632418
2026-05-15 00:00:00,93.5,93.5,92.6,93.1,63550.62220202,5915064.87206623
2026-05-15 00:15:00,93.1,93.4,93.1,93.4,8814.005573,821498.34945544
2026-05-15 00:30:00,93.4,93.4,93.4,93.4,23336.77408725,2179654.69974915
2026-05-15 00:45:00,93.4,93.5,93.0,93.5,119406.27128094,11110755.30749618
2026-05-15 01:00:00,93.5,93.7,93.2,93.2,27138.99366298,2536258.04546145
2026-05-15 01:15:00,93.7,93.7,93.2,93.2,16725.7380647,1565585.8703673
2026-05-15 01:45:00,93.0,93.0,92.5,92.5,138890.38637995,12901629.50564634
2026-05-15 02:00:00,92.8,93.5,92.8,93.2,30425.55051964,2838092.39725454
2026-05-15 02:15:00,92.9,92.9,92.8,92.8,13317.63746759,1236130.93453222
2026-05-15 02:30:00,92.8,93.3,92.8,93.3,3699.15790059,344707.48602617
2026-05-15 02:45:00,93.3,93.5,93.3,93.4,3695.19758173,345001.00181393
2026-05-15 03:00:00,93.1,93.6,93.1,93.6,11262.03206398,1051070.68515654
2026-05-15 03:15:00,93.5,93.5,93.1,93.1,5988.71122995,559687.81550835
2026-05-15 03:30:00,93.5,93.5,93.2,93.3,101233.21864951,9440663.49999928
2026-05-15 03:45:00,93.3,93.3,93.3,93.3,32203.04324489,3004543.93474824
2026-05-15 04:00:00,93.3,93.3,93.3,93.3,8181.05609485,763292.53364951
2026-05-15 04:15:00,93.5,93.5,93.0,93.0,76860.58042061,7173717.38139135
2026-05-15 04:45:00,93.1,93.3,93.1,93.2,6627.93747108,617297.01478477
2026-05-15 05:00:00,93.2,93.2,93.0,93.0,19707.5476155,1834414.60208867
2026-05-15 05:15:00,93.0,93.1,93.0,93.0,113110.46492384,10520155.08025775
2026-05-15 05:30:00,92.9,92.9,92.9,92.9,7879.44736212,732000.65994095
2026-05-15 05:45:00,92.9,93.0,92.7,93.0,101541.19470231,9426163.90016847
2026-05-15 06:00:00,93.0,93.2,93.0,93.2,4480.61378617,416740.00056874
2026-05-15 06:15:00,93.2,93.2,93.2,93.2,1072.96137339,99999.99999995
2026-05-15 06:30:00,93.0,93.2,93.0,93.2,343481.76321746,31946233.44196346
2026-05-15 06:45:00,93.2,93.4,93.0,93.3,76163.47717838,7100737.55777294
2026-05-15 07:00:00,93.2,93.2,93.2,93.2,2144.85032162,199900.04997498
2026-05-15 07:15:00,93.3,93.4,93.3,93.4,27140.22177079,2534882.5496446
2026-05-15 07:30:00,93.4,93.4,93.4,93.4,22226.62758555,2075967.01649037
2026-05-15 07:45:00,93.3,93.3,93.1,93.1,33890.65689106,3158793.00176377
2026-05-15 08:00:00,93.0,93.0,92.7,92.7,46717.7881891,4338977.23000241
2026-05-15 08:15:00,92.4,92.9,92.4,92.9,20291.29472981,1881063.65417603
2026-05-15 08:30:00,92.8,92.8,92.8,92.8,85.4062353,7925.69863584
2026-05-15 08:45:00,92.6,92.6,91.9,92.4,172524.68664854,15896100.72986831
2026-05-15 09:00:00,91.9,94.3,91.9,93.2,2088145.89123288,194127822.8302981
2026-05-15 09:15:00,93.2,93.8,92.3,93.7,253729.86941168,23523878.37941027
2026-05-15 09:30:00,93.2,94.0,92.8,93.2,248745.65591091,23209956.38158622
2026-05-15 09:45:00,93.2,93.4,92.8,93.4,33438.92221625,3120721.6122539
2026-05-15 10:00:00,93.4,93.6,92.9,92.9,74748.52330191,6965007.50965632
2026-05-15 10:15:00,92.9,93.2,92.8,93.2,39959.63414443,3712629.69873254
2026-05-15 10:30:00,92.7,92.8,91.8,92.8,279867.06525906,25845655.6430514
2026-05-15 10:45:00,92.6,92.8,92.6,92.7,43118.02835397,3997479.06263927
2026-05-15 11:00:00,92.6,93.0,92.4,92.4,100452.72821639,9297356.51891161
2026-05-15 11:15:00,92.1,92.4,92.0,92.0,86149.76894535,7933729.91857084
2026-05-15 11:30:00,92.0,92.4,91.7,92.4,51779.88124378,4759691.51279651
2026-05-15 11:45:00,92.4,92.5,92.4,92.5,75959.23042782,7025079.60754026
2026-05-15 12:00:00,92.7,93.0,92.5,92.9,68582.74624367,6367605.86901438
2026-05-15 12:15:00,92.5,92.9,92.4,92.9,53290.30719537,4929058.75437427
2026-05-15 12:45:00,92.8,93.1,92.8,93.1,36388.97198897,3380757.51584527
2026-05-15 13:00:00,92.9,92.9,92.5,92.9,34208.026495,3177783.21598413
2026-05-15 13:15:00,92.9,92.9,92.3,92.3,52313.0740369,4847354.16999651
2026-05-15 13:30:00,92.4,92.5,92.3,92.3,90034.18649866,8322791.31178108
2026-05-15 13:45:00,92.2,92.3,92.1,92.1,10808.38900862,996638.24714433
2026-05-15 14:00:00,92.0,92.4,91.9,92.2,21724.56387733,1998683.4583274
2026-05-15 14:15:00,91.9,92.2,91.7,92.2,25107.28476284,2303718.88631611
2026-05-15 14:30:00,92.1,92.1,90.8,91.3,399227.47585791,36347795.47726216
2026-05-15 14:45:00,91.0,91.0,90.6,90.7,101233.05451596,9189152.04854722
2026-05-15 15:00:00,90.7,90.9,90.7,90.8,174314.48633263,15823051.75662262
2026-05-15 15:15:00,90.7,90.8,90.2,90.4,353499.95576279,31968123.96396303
2026-05-15 15:30:00,90.8,90.8,90.5,90.6,104571.55965768,9479257.67490326
2026-05-15 15:45:00,90.8,90.8,90.8,90.8,71582.78790118,6499717.14142714
2026-05-15 16:00:00,90.9,90.9,90.9,90.9,329.91211209,29989.01098898
2026-05-15 16:15:00,90.9,91.9,90.9,91.3,43715.93653246,3992789.38548879
2026-05-15 16:30:00,91.4,91.9,91.0,91.7,97864.17147555,8931895.84432176
2026-05-15 16:45:00,91.6,91.6,91.1,91.1,27707.19689541,2537879.69882104
2026-05-15 17:00:00,91.1,92.1,91.1,91.5,117336.68149478,10763650.71410874
2026-05-15 17:15:00,91.2,91.5,90.8,90.8,37770.5117915,3433425.78110859
2026-05-15 17:30:00,91.1,91.4,90.9,91.4,6197.27269799,564515.79293399
2026-05-15 17:45:00,91.4,91.4,91.0,91.0,87646.77031088,7981150.37111015
2026-05-15 18:00:00,91.0,91.0,91.0,91.0,19229.79509264,1749911.35343024
2026-05-15 18:15:00,90.9,91.2,90.9,91.2,30171.72208256,2742626.01756786
2026-05-15 18:30:00,91.2,91.2,91.2,91.2,4417.67105262,402891.59999894
2026-05-15 18:45:00,91.2,91.2,91.0,91.2,10054.87981204,916901.76114125
2026-05-15 19:00:00,91.2,91.2,90.9,91.0,106941.67396422,9735223.87457494
2026-05-15 19:15:00,91.2,91.2,90.9,91.2,12532.14340198,1140322.7826084
2026-05-15 19:30:00,91.2,91.2,90.9,91.0,46310.6305819,4213966.08829892
2026-05-15 19:45:00,91.0,91.4,91.0,91.4,62400.19924748,5695336.18395098
2026-05-15 20:00:00,91.4,91.4,91.1,91.1,101831.88025846,9293379.70965387
2026-05-15 20:15:00,91.2,91.2,91.0,91.2,13898.08793407,1265134.23627926
2026-05-15 20:30:00,91.0,91.3,90.9,91.0,64228.73659182,5840321.31174972
2026-05-15 20:45:00,91.0,91.5,91.0,91.3,88368.76790537,8058426.68709049
2026-05-15 21:00:00,91.0,91.0,89.7,90.8,1033648.18853304,93335974.78036922
2026-05-15 21:15:00,90.7,90.7,89.8,89.9,211298.5198952,19054093.09984311
2026-05-15 21:30:00,89.9,90.2,89.5,90.1,306573.2648525,27484136.15306963
2026-05-15 21:45:00,89.8,89.9,89.6,89.6,83292.4535953,7477616.74945912
2026-05-15 22:00:00,89.7,89.7,88.6,89.0,525097.4989066,46715466.38455328
2026-05-15 22:15:00,89.0,89.3,88.7,89.3,16355.0090763,1455666.59166527
2026-05-15 22:30:00,89.0,89.2,86.7,86.7,1605283.36939853,140891129.5767085
2026-05-15 22:45:00,86.7,86.9,85.1,85.9,1693367.50194776,145453196.509606
2026-05-15 23:00:00,85.7,86.4,85.3,86.4,404030.43261199,34676166.90802877
2026-05-15 23:15:00,86.2,86.8,86.0,86.3,509737.45709052,44029017.72639412
2026-05-15 23:30:00,86.0,86.5,86.0,86.2,87150.51116724,7498938.35126576
2026-05-15 23:45:00,86.1,86.4,85.9,86.3,282102.79305304,24268799.10770884
2026-05-16 00:00:00,86.4,86.6,86.3,86.6,183880.35010985,15881704.62442213
2026-05-16 00:15:00,86.4,86.7,86.3,86.5,178312.03795618,15412560.84112847
2026-05-16 00:30:00,86.6,86.6,86.1,86.1,48734.23319905,4203130.60652577
2026-05-16 00:45:00,86.2,86.3,86.0,86.3,57410.40672107,4948980.1294734
2026-05-16 01:00:00,86.3,86.8,86.3,86.7,161857.39772983,14027575.88422711
2026-05-16 01:15:00,86.9,86.9,86.7,86.7,86160.50617351,7470230.96004194
2026-05-16 01:30:00,87.0,87.4,87.0,87.2,12951.25825883,1128271.56795949
2026-05-16 01:45:00,87.2,87.3,87.1,87.2,52835.37300687,4607743.23161851
2026-05-16 02:00:00,86.9,87.3,86.9,87.3,1908.81789341,166174.14435313
2026-05-16 02:15:00,87.3,87.3,87.3,87.3,171.82130584,14999.99999983
2026-05-16 02:30:00,87.3,87.5,87.2,87.5,7655.6457814,668799.66116437
2026-05-16 02:45:00,87.3,87.5,87.1,87.1,191763.1823489,16719407.95344694
2026-05-16 03:00:00,87.4,87.7,87.4,87.7,17566.27853719,1537473.46944402
2026-05-16 03:15:00,87.6,87.6,87.1,87.2,68450.18333298,5981164.07287037
2026-05-16 03:30:00,87.4,87.4,87.4,87.4,12540.08009153,1096002.99999972
2026-05-16 03:45:00,87.4,87.8,87.4,87.8,16272.24251514,1425800.01765529
2026-05-16 04:00:00,87.4,87.4,87.2,87.2,25245.81855878,2202901.52173845
2026-05-16 04:15:00,87.3,87.3,87.1,87.3,27163.96054144,2369179.00210558
2026-05-16 04:30:00,87.3,87.3,87.1,87.1,24553.97640808,2143123.77240608
2026-05-16 05:00:00,86.9,86.9,86.8,86.8,48284.0,4191877.05436117
2026-05-16 05:15:00,86.8,86.8,86.6,86.6,59391.92696909,5143971.4796885
2026-05-16 05:30:00,87.0,87.0,86.6,86.6,45279.02943711,3921609.1280595
2026-05-16 05:45:00,86.6,86.7,86.4,86.7,23469.21848837,2031380.55674897
2026-05-16 06:00:00,86.7,86.8,86.5,86.8,22391.99308755,1938762.34640306
2026-05-16 06:15:00,87.0,87.0,87.0,87.0,2870.69109123,249750.12493701
2026-05-16 06:30:00,86.8,86.8,86.8,86.8,6723.87308648,583632.18390646
2026-05-16 06:45:00,86.8,86.9,86.8,86.9,11512.26001551,999500.99999925
2026-05-16 07:00:00,86.9,86.9,86.9,86.9,2876.86996547,249999.99999934
2026-05-16 07:15:00,86.9,86.9,86.7,86.7,170.11895257,14760.84368264
2026-05-16 07:30:00,86.7,86.7,86.7,86.7,47645.12113527,4130832.00242791
2026-05-16 07:45:00,86.9,86.9,86.8,86.9,1197.22208015,103930.40705184
2026-05-16 08:00:00,86.9,87.0,86.9,87.0,13354.66798046,1160999.99999867
2026-05-16 08:15:00,86.9,86.9,86.8,86.8,28749.1306554,2497826.0368611
2026-05-16 08:30:00,86.8,86.8,86.7,86.7,29698.45674275,2575987.64204241
2026-05-16 08:45:00,86.7,86.7,86.6,86.6,43094.73764267,3733274.53793322
2026-05-16 09:00:00,86.5,86.7,86.0,86.5,350374.64508678,30205556.67663182
2026-05-16 09:15:00,86.5,86.6,86.4,86.4,23504.48575236,2030920.44310132
2026-05-16 09:30:00,86.6,86.8,86.4,86.7,102394.06806982,8857277.4014967
2026-05-16 09:45:00,86.9,87.0,86.7,86.7,9993.83433991,866515.4372702
2026-05-16 10:00:00,86.7,86.9,86.6,86.7,58498.74732678,5070114.79509704
2026-05-16 10:15:00,86.6,86.7,86.5,86.5,114087.35369853,9872292.40338192
2026-05-16 10:30:00,86.4,86.5,86.3,86.5,57190.02576278,4938490.77010507
2026-05-16 10:45:00,86.2,86.7,86.2,86.7,201060.42364874,17344080.61475537
2026-05-16 11:00:00,86.4,86.8,86.4,86.6,52898.31287621,4571931.82473433
2026-05-16 11:15:00,86.6,86.8,86.6,86.8,11775.26479283,1022042.07852451
2026-05-16 11:30:00,86.5,86.7,86.3,86.3,160406.7892844,13865814.89664865
2026-05-16 11:45:00,86.8,86.8,86.3,86.4,5217.09431782,451492.64663261
2026-05-16 12:00:00,86.7,86.7,86.4,86.4,4635.56439814,401216.76647909
2026-05-16 12:15:00,86.4,86.8,86.2,86.8,204698.97893014,17660512.48438955
2026-05-16 12:30:00,86.4,86.6,86.2,86.6,228.85219399,19784.34717583
2026-05-16 12:45:00,86.4,86.5,86.1,86.1,114506.76364083,9871019.56799038
2026-05-16 13:00:00,86.1,86.2,86.0,86.2,25854.04325875,2225925.64093664
2026-05-16 13:15:00,86.1,86.1,85.8,85.8,165289.09695632,14193018.10927836
2026-05-16 13:30:00,85.7,85.7,84.2,85.2,540116.04778726,45939587.69932255
2026-05-16 13:45:00,85.1,85.2,84.9,85.0,382927.13197284,32530550.64910058
2026-05-16 14:00:00,85.0,85.2,84.3,84.7,1010295.63877457,85402331.21541409
2026-05-16 14:15:00,84.8,84.8,84.5,84.7,172026.76201608,14556744.35542072
2026-05-16 14:30:00,84.8,84.9,84.6,84.7,28482.1153496,2409735.67689875
2026-05-16 14:45:00,85.0,85.0,84.2,84.2,219536.01823417,18544121.84581866
2026-05-16 15:00:00,84.5,84.5,83.6,84.0,324605.79583002,27247903.28068061
2026-05-16 15:15:00,84.0,84.0,83.7,83.8,182758.44558037,15324623.06529285
2026-05-16 15:30:00,83.8,84.3,83.7,83.9,181170.31599427,15211683.68110846
2026-05-16 15:45:00,83.9,84.0,83.5,83.8,122908.77870385,10294596.93337081
2026-05-16 16:00:00,83.8,84.0,82.2,82.4,531523.23154395,44145459.00336055
2026-05-16 16:15:00,82.3,82.6,81.6,82.5,501230.99116309,41158997.30764659
2026-05-16 16:30:00,82.7,83.1,82.5,82.9,68274.14720249,5654177.6110023
2026-05-16 16:45:00,82.8,82.9,82.4,82.6,164170.08748452,13588251.69234649
2026-05-16 17:00:00,82.5,82.8,82.4,82.6,96784.15810857,7993028.80589967
2026-05-16 17:15:00,82.9,82.9,82.7,82.7,48156.88001904,3984431.88351685
2026-05-16 17:30:00,82.6,82.9,82.4,82.8,116894.66632131,9659277.23935849
2026-05-16 17:45:00,82.7,82.8,82.4,82.6,75501.56789615,6229862.94241366
2026-05-16 18:00:00,82.6,82.9,82.6,82.6,78798.94003641,6512898.57502232
2026-05-16 18:15:00,82.6,82.8,81.8,81.9,513126.62075057,42133196.65245641
2026-05-16 18:30:00,82.3,82.8,82.2,82.3,183468.95834093,15101020.72797977
2026-05-16 18:45:00,82.6,82.6,81.9,82.0,146967.21823314,12089189.86114541
2026-05-16 19:00:00,81.9,82.3,81.4,81.5,237494.03852216,19398135.68022007
2026-05-16 19:15:00,81.6,81.7,81.4,81.5,230055.20435024,18737813.33130725
2026-05-16 19:30:00,81.3,81.5,81.2,81.4,200926.62361224,16351725.37472353
2026-05-16 19:45:00,81.3,81.5,81.1,81.4,293062.14385442,23797195.48926111
2026-05-16 20:00:00,81.5,81.9,81.5,81.9,134827.57394195,10993166.82774638
2026-05-16 20:15:00,81.9,82.1,81.9,82.0,8615.35263411,706257.22132548
2026-05-16 20:30:00,82.1,82.5,82.1,82.2,144558.64788933,11893117.2502815
2026-05-16 20:45:00,82.2,82.6,82.2,82.5,299108.42881734,24695639.69614915
2026-05-16 21:00:00,82.3,82.5,82.3,82.5,36104.06860565,2974528.57246018
2026-05-16 21:15:00,82.4,82.5,82.2,82.2,251905.06594362,20715152.32405753
2026-05-16 21:30:00,82.5,82.5,82.3,82.3,17462.59503782,1439164.29888531
2026-05-16 21:45:00,82.4,82.9,82.3,82.8,156011.28085136,12923675.5990979
2026-05-16 22:00:00,82.7,82.8,82.5,82.5,51066.3635115,4218554.42348826
2026-05-16 22:15:00,82.6,82.7,82.5,82.7,21005.49141816,1734237.99813969
2026-05-16 22:30:00,82.6,82.7,82.6,82.6,17019.02141379,1406243.34290239
2026-05-16 22:45:00,82.7,82.8,82.7,82.7,30131.96295517,2492166.98373555
2026-05-16 23:00:00,82.7,82.7,82.4,82.4,244361.06848473,20193233.45563053
2026-05-16 23:15:00,82.6,82.6,82.6,82.6,60.65375302,5009.99999945
2026-05-16 23:30:00,82.4,82.4,82.4,82.4,4110.98631785,338745.27259084
2026-05-16 23:45:00,82.4,82.6,81.9,82.0,694199.22935508,57032023.37065954
2026-05-17 00:00:00,82.0,82.1,82.0,82.1,40710.56888358,3339849.71788109
2026-05-17 00:15:00,82.2,82.5,82.2,82.5,29072.65133272,2395018.69821176
2026-05-17 00:30:00,82.6,83.0,82.6,82.8,28237.61810744,2342119.7598633
2026-05-17 00:45:00,82.6,82.8,82.6,82.8,8118.54919413,672179.43120987
2026-05-17 01:00:00,82.8,83.0,82.8,82.9,17918.17999319,1484077.39259393
2026-05-17 01:15:00,82.7,82.7,82.7,82.7,10122.38459083,837121.20566164
2026-05-17 01:30:00,82.7,82.7,82.7,82.7,25011.69555862,2068467.22269787
2026-05-17 01:45:00,82.6,82.8,82.6,82.8,13906.92148777,1150353.77308776
2026-05-17 02:00:00,82.9,83.1,82.8,83.0,58072.47601445,4820607.30321142
2026-05-17 02:15:00,83.0,83.2,83.0,83.2,9666.07261485,802296.07030178
2026-05-17 02:45:00,83.1,83.3,83.1,83.3,5331.51719865,443244.93289601
2026-05-17 03:00:00,83.1,83.1,83.1,83.1,42273.81347917,3512953.90011903
2026-05-17 03:30:00,83.1,83.2,83.1,83.1,47032.48661489,3908421.24870736
2026-05-17 03:45:00,83.3,83.3,83.3,83.3,57.8150289,4815.99190737
2026-05-17 04:15:00,83.0,83.0,83.0,83.0,48275.23530502,4006844.53031666
2026-05-17 04:30:00,83.0,83.0,83.0,83.0,19504.60050898,1618881.84224534
2026-05-17 04:45:00,82.9,82.9,82.7,82.7,71593.1866621,5930675.84606561
2026-05-17 05:00:00,82.7,82.7,82.6,82.6,10698.61252127,884499.00864457
2026-05-17 05:30:00,82.6,82.6,82.6,82.6,8919.0,736709.4
2026-05-17 05:45:00,82.7,82.7,82.7,82.7,500.0,41350.0
2026-05-17 06:15:00,82.7,82.7,82.7,82.7,454.29866989,37570.4999999
2026-05-17 06:30:00,82.7,82.7,82.5,82.6,56957.74001744,4705703.12544054
2026-05-17 06:45:00,82.6,82.6,82.6,82.6,8423.01277546,695740.855253
2026-05-17 07:00:00,82.6,82.7,82.5,82.7,12281.91339555,1013473.8594584
2026-05-17 07:15:00,82.7,82.7,82.6,82.6,52998.58527781,4382153.3647013
2026-05-17 07:30:00,82.8,82.8,82.8,82.8,60.50724637,5009.99999944
2026-05-17 07:45:00,82.6,82.6,82.5,82.5,23389.83734433,1931295.31512437
2026-05-17 08:00:00,82.7,82.8,82.7,82.8,6227.9922629,515060.9999969
2026-05-17 08:15:00,82.6,82.6,82.6,82.6,1821.87188869,150486.61800579
2026-05-17 08:30:00,82.8,83.0,82.7,82.7,203284.69920125,16856321.55899418
2026-05-17 08:45:00,82.8,83.1,82.7,82.7,53844.52900485,4454679.25756394
2026-05-17 09:00:00,82.6,84.8,82.6,84.4,1571000.81630831,131841600.23326679
2026-05-17 09:15:00,84.4,84.8,83.2,83.5,1666872.76751314,139758775.5396557
2026-05-17 09:30:00,83.3,83.6,82.9,82.9,855747.5419086,71273222.50879917
2026-05-17 09:45:00,82.8,82.8,82.2,82.2,248284.69658952,20471370.99618741
2026-05-17 10:00:00,82.3,82.3,81.7,82.2,96483.98035284,7913905.20267621
2026-05-17 10:15:00,82.2,82.2,81.7,82.0,87101.34532374,7143680.26940467
2026-05-17 10:30:00,81.8,81.8,81.1,81.4,293173.18459479,23858932.78966078
2026-05-17 10:45:00,81.5,81.8,81.5,81.7,28488.93402836,2325778.38548693
2026-05-17 11:00:00,81.7,82.0,81.4,82.0,81505.86952702,6664041.49804234
2026-05-17 11:15:00,81.6,82.0,81.6,81.9,16914.41644733,1383710.19231932
2026-05-17 11:30:00,81.7,82.0,81.7,82.0,50735.74302263,4150195.61558265
2026-05-17 11:45:00,81.8,81.9,81.5,81.9,95301.98594436,7784032.14684982
2026-05-17 12:00:00,81.9,82.4,81.8,81.8,45490.19671554,3727807.38460785
2026-05-17 12:15:00,82.3,82.3,82.3,82.3,60.87484811,5009.99999945
2026-05-17 12:30:00,82.1,82.6,82.1,82.6,52635.4233856,4322040.98008118
2026-05-17 12:45:00,82.6,82.9,82.6,82.6,16799.2402156,1387659.52667537
2026-05-17 13:00:00,83.0,83.1,83.0,83.1,34958.24118848,2904643.83580252
2026-05-17 13:15:00,83.1,83.1,83.1,83.1,72.20216606,5999.99999959
2026-05-17 13:30:00,83.0,83.0,83.0,83.0,5376.5034397,446249.7854951
2026-05-17 13:45:00,82.8,82.8,82.8,82.8,19529.01421104,1617002.37667411
2026-05-17 14:00:00,83.1,83.2,83.1,83.2,21909.2652832,1822534.33881237
2026-05-17 14:15:00,83.1,83.1,83.0,83.0,1027.07399355,85318.19992392
2026-05-17 14:30:00,83.0,83.8,83.0,83.6,687619.28095682,57419879.18819636
2026-05-17 14:45:00,83.8,83.8,83.5,83.5,10545.52920811,881666.08329537
2026-05-17 15:00:00,83.8,83.9,83.6,83.9,26444.54897857,2215885.19099059
2026-05-17 15:15:00,83.9,83.9,83.5,83.7,71001.75995148,5945639.7427226
2026-05-17 15:30:00,83.5,83.5,83.5,83.5,40682.70160237,3397005.5837979
2026-05-17 15:45:00,83.5,83.5,83.4,83.5,78712.17566016,6566170.31420926
2026-05-17 16:00:00,83.4,83.9,83.4,83.5,51058.93911256,4277787.9286296
2026-05-17 16:15:00,83.8,83.8,83.5,83.5,62938.9362154,5258655.31611843
2026-05-17 16:30:00,83.9,83.9,83.9,83.9,57.41676234,4817.26636033
2026-05-17 16:45:00,83.6,83.8,83.5,83.8,2663.79593002,222483.14117923
2026-05-17 17:00:00,83.8,83.8,83.8,83.8,6154.94109184,515784.06349619
2026-05-17 17:15:00,83.8,83.8,83.5,83.5,1160.24877566,97194.08913438
2026-05-17 17:30:00,83.5,83.8,83.4,83.4,55960.34978782,4671819.22222835
2026-05-17 17:45:00,83.8,83.8,83.8,83.8,60.0,5028.0
2026-05-17 18:00:00,83.6,83.7,83.4,83.4,50056.4661135,4175532.01883223
2026-05-17 18:15:00,83.3,83.6,83.3,83.6,34440.09101933,2869148.39650349
2026-05-17 18:30:00,83.6,83.8,83.3,83.5,76453.58595829,6397200.97415634
2026-05-17 18:45:00,83.4,83.5,83.3,83.5,63545.15452232,5303574.9437141
2026-05-17 19:00:00,83.3,83.8,83.3,83.8,33363.99801797,2787865.53136744
2026-05-17 19:15:00,83.8,84.0,83.8,84.0,14650.81230724,1229849.86752494
2026-05-17 19:30:00,83.9,84.0,83.7,83.7,37754.82728218,3165595.36829031
2026-05-17 19:45:00,83.7,83.7,83.7,83.7,13286.64155827,1112091.8984272
2026-05-17 20:00:00,83.6,83.7,83.6,83.7,73094.83007011,6110733.77952428
2026-05-17 20:15:00,83.4,83.4,83.2,83.2,14416.99497708,1201211.88751185
2026-05-17 20:30:00,83.4,83.4,83.4,83.4,2277.3787176,189933.38504784
2026-05-17 20:45:00,83.3,83.4,83.2,83.4,284542.4157384,23677947.62200132
2026-05-17 21:00:00,83.5,83.5,83.3,83.5,3211.2121336,268115.09194224
2026-05-17 21:15:00,83.6,83.6,83.6,83.6,11683.45851595,976737.13193342
2026-05-17 21:30:00,83.4,83.4,83.4,83.4,6079.50471775,507030.69346035
2026-05-17 21:45:00,83.6,83.6,83.4,83.4,24099.54815978,2010190.440749
2026-05-17 22:00:00,83.4,83.4,83.3,83.3,18377.46649386,1531103.44877962
2026-05-17 22:15:00,83.2,83.4,83.1,83.4,133106.77766539,11065638.42796605
2026-05-17 22:45:00,83.3,83.5,83.2,83.2,162954.83511985,13559020.16363409
2026-05-17 23:00:00,83.0,83.0,82.9,82.9,13482.30731216,1118603.38879465
2026-05-17 23:15:00,82.9,82.9,82.6,82.9,121807.62857365,10083955.78408913
2026-05-17 23:30:00,82.9,82.9,82.8,82.8,482.65473213,39975.87454654
2026-05-17 23:45:00,82.8,82.9,82.8,82.9,19120.25053572,1584265.76326629
2026-05-18 00:00:00,82.6,82.6,82.6,82.6,327.67478602,27065.93732525
2026-05-18 00:15:00,82.7,82.8,82.7,82.8,87099.78801843,7203173.87879353
2026-05-18 00:30:00,82.6,82.6,82.5,82.6,123313.87742931,10180687.03951196
2026-05-18 01:00:00,82.6,82.6,82.6,82.6,2616.61016949,216131.99999987
2026-05-18 01:15:00,82.6,83.2,82.6,83.2,29068.02157337,2402971.31553215
2026-05-18 01:30:00,82.7,83.0,82.7,82.8,6278.45767875,520000.00000061
2026-05-18 01:45:00,82.7,82.7,82.7,82.7,10096.22583865,834957.87685636
2026-05-18 02:00:00,82.6,82.6,82.2,82.2,22767.45955468,1874403.05769078
2026-05-18 02:30:00,82.3,82.3,82.2,82.2,150.73103952,12396.0794725
2026-05-18 02:45:00,82.6,82.6,82.6,82.6,242.1307506,19999.99999956
2026-05-18 03:15:00,82.4,82.5,82.1,82.1,6722.89489682,552389.24629519
2026-05-18 03:30:00,82.5,82.5,82.5,82.5,60.61818181,5000.99999933
2026-05-18 03:45:00,82.1,82.8,82.1,82.8,986.95531306,81509.84789637
2026-05-18 04:30:00,82.7,83.0,82.7,83.0,40202.92540277,3327357.06233708
2026-05-18 04:45:00,83.3,83.5,82.7,82.7,363646.74683385,30237863.24532548
2026-05-18 05:00:00,83.0,83.0,83.0,83.0,2651.0,220033.0
2026-05-18 05:30:00,82.9,82.9,82.9,82.9,42756.33267703,3544499.97892579
2026-05-18 06:15:00,82.8,83.1,82.8,83.1,11560.28880866,957209.99999965
2026-05-18 06:30:00,83.1,83.2,82.9,83.2,1115.34317017,92496.86088302
2026-05-18 07:00:00,82.9,82.9,82.3,82.3,19829.30568558,1639697.71170255
2026-05-18 07:15:00,82.6,82.6,82.2,82.2,24364.55491563,2010029.57152031
2026-05-18 07:30:00,82.3,82.3,82.3,82.3,7410.20530896,609859.89692741
2026-05-18 07:45:00,82.4,82.4,82.1,82.3,13696.48015578,1124571.82252385
2026-05-18 08:00:00,82.1,82.3,81.5,81.5,343277.22488623,28061316.8381384
2026-05-18 08:15:00,81.5,81.9,81.5,81.5,167327.16528285,13671782.03272596
2026-05-18 08:30:00,81.5,81.5,78.3,79.1,2005478.46439448,159261821.07212088
2026-05-18 08:45:00,79.0,79.5,78.7,79.2,753412.81373174,59490214.43747861
2026-05-18 09:00:00,79.1,79.2,78.0,78.5,544402.30231065,42682691.43262003
2026-05-18 09:15:00,78.8,79.2,78.7,78.7,157262.8619381,12404605.78799593
2026-05-18 09:30:00,78.8,78.8,78.4,78.6,177205.84263749,13930212.84944499
2026-05-18 09:45:00,78.6,79.0,78.6,79.0,214792.14597765,16931826.10639171
2026-05-18 10:00:00,79.1,79.3,79.1,79.3,93717.77673396,7422118.45593623
2026-05-18 10:15:00,79.1,79.1,78.8,78.8,60125.63364557,4755879.19353576
2026-05-18 10:30:00,78.7,78.8,78.4,78.5,352466.42918675,27693671.85696984
2026-05-18 10:45:00,78.5,78.9,78.1,78.9,500800.20923995,39220243.47063999
2026-05-18 11:00:00,78.9,79.5,78.9,79.5,151371.08804873,11968449.76288974
2026-05-18 11:15:00,79.5,79.5,79.1,79.2,90283.92989306,7172311.72241351
2026-05-18 11:30:00,79.2,79.3,79.0,79.0,45013.7936826,3563388.30876415
2026-05-18 11:45:00,78.9,79.3,78.9,79.3,37592.42959859,2969112.52317685
2026-05-18 12:00:00,79.4,79.5,79.3,79.3,95997.88450402,7613400.95327411
2026-05-18 12:15:00,79.1,79.3,79.1,79.1,8874.91467507,702018.3863592
2026-05-18 12:30:00,79.1,79.1,78.7,78.8,99579.98368093,7855867.25599079
2026-05-18 12:45:00,79.0,79.0,78.8,78.8,14298.08866553,1126903.17109088
2026-05-18 13:00:00,78.8,78.8,78.6,78.7,152525.26463868,12005001.00000169
2026-05-18 13:15:00,79.0,79.0,78.6,78.6,18514.84157506,1455314.15714972
2026-05-18 13:30:00,78.8,78.9,78.8,78.9,14519.10286041,1144853.49393655
2026-05-18 13:45:00,79.1,79.5,79.1,79.5,46973.8047479,3734034.10940766
2026-05-18 14:00:00,79.2,79.4,79.1,79.4,20663.9763082,1635430.91014874
2026-05-18 14:15:00,79.4,79.4,79.0,79.1,27622.51475833,2192506.24812173
2026-05-18 14:30:00,79.0,79.0,78.5,78.6,363303.064299,28632696.47718884
2026-05-18 14:45:00,79.0,79.0,78.8,78.8,44516.22476734,3507891.19521069
2026-05-18 15:00:00,79.0,79.0,78.3,78.6,74948.52067897,5894538.6094525
2026-05-18 15:15:00,78.6,78.6,78.1,78.6,100475.34682515,7862792.76217872
2026-05-18 15:30:00,78.3,78.5,78.2,78.5,141567.62934675,11082728.189498
2026-05-18 15:45:00,78.4,78.6,78.4,78.6,29295.28341703,2299045.27226518
2026-05-18 16:00:00,78.4,78.4,78.0,78.3,274767.26324884,21456563.51133899
2026-05-18 16:15:00,78.3,78.3,77.7,78.2,348326.80159848,27111631.99064445
2026-05-18 16:30:00,78.0,78.0,77.5,77.8,142306.56628202,11062930.79708386
2026-05-18 16:45:00,77.7,77.7,77.5,77.5,89529.30043286,6949169.44268234
2026-05-18 17:00:00,77.8,77.9,77.8,77.9,222841.97473755,17338082.14471589
2026-05-18 17:15:00,77.9,77.9,77.7,77.8,32866.07465759,2559018.59964604
2026-05-18 17:30:00,77.7,77.7,77.6,77.6,104953.9487934,8144439.28351713
2026-05-18 17:45:00,77.8,77.9,77.4,77.9,101366.88916632,7859874.15402622
2026-05-18 18:00:00,77.9,77.9,77.6,77.6,182211.1513564,14185013.44152448
2026-05-18 18:15:00,77.6,77.6,77.2,77.5,164318.5037181,12723553.61840364
2026-05-18 18:30:00,77.5,77.8,77.5,77.7,11886.57168884,921248.58609075
2026-05-18 18:45:00,77.5,77.5,77.2,77.4,104659.87231756,8101305.27289933
2026-05-18 19:00:00,77.2,77.3,77.0,77.2,99447.38035284,7665630.98981341
2026-05-18 19:15:00,77.2,77.2,76.9,76.9,292677.71957661,22568242.81932778
2026-05-18 19:30:00,76.9,77.4,76.9,77.4,7372.07699489,567013.49879586
2026-05-18 19:45:00,77.4,77.4,77.1,77.4,4459.0728491,344955.92751832
2026-05-18 20:00:00,77.2,77.3,77.1,77.1,81014.52921535,6257713.62904212
2026-05-18 20:15:00,77.1,77.3,76.8,77.2,155274.83540678,11937392.74194713
2026-05-18 20:30:00,77.0,77.9,76.9,77.9,216780.62049038,16723872.29549366
2026-05-18 20:45:00,77.7,78.0,77.6,77.9,128000.79214253,9958209.21451605
2026-05-18 21:00:00,77.9,78.5,77.9,78.4,68076.11510493,5332227.22680647
2026-05-18 21:15:00,78.4,78.6,78.4,78.4,63359.08459344,4969626.56584972
2026-05-18 21:30:00,78.7,78.9,78.7,78.9,31782.91140928,2506863.23456176
2026-05-18 21:45:00,78.9,79.0,78.7,78.8,283154.34362784,22332096.10056918
2026-05-18 22:00:00,78.7,78.7,78.5,78.5,185619.96281944,14598339.638441
2026-05-18 22:15:00,78.3,78.3,78.3,78.3,70137.6908475,5491781.19335925
2026-05-18 22:30:00,78.3,78.4,78.0,78.1,198501.53474549,15509879.13214087
2026-05-18 22:45:00,78.0,78.6,78.0,78.6,60199.50725477,4729141.10172972
2026-05-18 23:00:00,78.1,78.2,78.1,78.1,56984.24699551,4450484.12768948
2026-05-18 23:15:00,78.0,78.2,78.0,78.2,70510.9472012,5500649.2361693
2026-05-18 23:30:00,78.2,78.2,77.9,78.1,148059.94564916,11551170.10801095
2026-05-18 23:45:00,78.1,78.1,77.4,77.5,281442.19373175,21841429.21581153
2026-05-19 00:00:00,77.5,77.5,77.1,77.2,233784.85676974,18043824.45940231
2026-05-19 00:15:00,77.5,77.5,76.9,76.9,130219.61319753,10027961.14696415
2026-05-19 00:30:00,76.9,77.2,76.7,77.2,344539.11881041,26513942.90892797
2026-05-19 00:45:00,77.2,77.2,77.1,77.1,203302.44282769,15688749.57187898
2026-05-19 01:00:00,77.1,77.2,77.0,77.2,390362.22332414,30092968.07820446
2026-05-19 01:15:00,77.3,77.3,77.2,77.2,692.24372674,53498.30754223
2026-05-19 02:00:00,77.3,77.3,77.3,77.3,55176.19624107,4265119.96943471
2026-05-19 02:15:00,77.1,77.1,77.1,77.1,4606.95728231,355196.4064661
2026-05-19 02:30:00,77.1,77.1,77.1,77.1,10450.23155584,805712.85295526
2026-05-19 02:45:00,77.1,77.1,77.1,77.1,2830.18867924,218207.5471694
2026-05-19 03:00:00,77.1,77.1,76.4,76.5,205569.32478554,15789926.56538023
2026-05-19 03:15:00,76.3,76.6,76.1,76.2,80774.16196584,6150781.78526977
2026-05-19 03:30:00,76.4,76.4,76.2,76.2,13559.67670854,1033623.58592922
2026-05-19 03:45:00,76.2,76.3,75.7,76.0,164444.4237787,12501047.23049856
2026-05-19 04:00:00,76.0,76.8,75.6,76.4,134600.74405236,10245294.22276601
2026-05-19 04:15:00,76.8,77.2,76.8,77.2,23562.85182693,1814794.66215654
2026-05-19 04:30:00,77.2,77.3,77.1,77.3,259406.00547937,20008927.18310531
2026-05-19 04:45:00,77.3,77.5,77.3,77.4,6729.72430132,521231.06009985
2026-05-19 05:00:00,77.5,77.7,77.5,77.5,1752.78046014,135853.35824772
2026-05-19 05:15:00,77.7,77.9,77.7,77.9,2719.31002498,211646.0159667
2026-05-19 05:30:00,77.7,77.7,77.7,77.7,364.33006365,28308.44594561
2026-05-19 05:45:00,77.4,77.4,77.4,77.4,56764.40849342,4393565.21739071
2026-05-19 06:00:00,77.7,77.7,77.7,77.7,3217.5032175,249999.99999975
2026-05-19 06:15:00,78.1,78.2,78.0,78.2,1301.1614178,101713.96496585
2026-05-19 06:30:00,78.4,78.6,78.3,78.6,46176.60388302,3628127.4015951
2026-05-19 06:45:00,78.7,78.7,78.7,78.7,1272.26463104,100127.22646285
2026-05-19 07:00:00,78.5,78.9,78.5,78.8,3845.76202604,302825.86119279
2026-05-19 07:15:00,79.0,79.1,78.9,79.1,80807.47383388,6389466.79972445
2026-05-19 07:30:00,79.0,79.2,78.5,78.5,75780.60264235,5972980.21364727
2026-05-19 07:45:00,78.6,78.6,78.1,78.1,100364.62961774,7838802.40272415
2026-05-19 08:00:00,78.8,79.1,78.7,78.7,556488.47942692,43956830.60997825
2026-05-19 08:15:00,78.7,79.2,78.6,79.2,115379.74382835,9117277.93833446
2026-05-19 08:30:00,79.0,79.1,79.0,79.1,40566.46609802,3204757.15549832
2026-05-19 08:45:00,78.8,78.8,78.8,78.8,9718.12579432,765788.31259242
2026-05-19 09:00:00,78.7,79.2,78.7,79.2,380446.70210084,29966602.66824166
2026-05-19 09:15:00,78.9,79.2,78.9,79.2,35405.49656452,2793512.65621335
2026-05-19 09:30:00,79.1,79.1,78.9,78.9,143340.13492147,11333327.93802677
2026-05-19 09:45:00,78.9,78.9,78.8,78.8,31293.56607726,2466743.42288415
2026-05-19 10:00:00,78.9,78.9,78.5,78.6,68341.3762418,5374414.82125314
2026-05-19 10:15:00,78.8,78.8,78.0,78.0,51696.61443974,4035105.01606521
2026-05-19 10:30:00,78.1,78.6,78.1,78.4,87938.7322334,6892350.47117717
2026-05-19 10:45:00,78.4,78.4,78.3,78.3,57053.21191952,4469116.04104734
2026-05-19 11:00:00,78.4,78.4,78.1,78.1,222243.69995775,17364898.71070879
2026-05-19 11:15:00,78.2,78.5,78.0,78.5,58882.10073037,4599964.66868773
2026-05-19 11:30:00,78.2,78.4,78.1,78.4,14291.33304582,1116193.65780177
2026-05-19 11:45:00,78.3,78.4,78.1,78.1,97980.46673189,7657480.67992702
2026-05-19 12:00:00,78.1,78.4,78.1,78.4,61938.757178,4841780.68964913
2026-05-19 12:15:00,78.5,78.6,78.5,78.6,15186.71603527,1192456.05744232
2026-05-19 12:30:00,78.6,79.0,78.6,79.0,141333.67532669,11140469.02161179
2026-05-19 12:45:00,78.8,78.8,78.8,78.8,119.0,9377.2
2026-05-19 13:00:00,78.8,79.1,78.7,79.1,152368.7632958,12009940.08579645
2026-05-19 13:15:00,78.9,79.2,78.6,78.6,176889.56120688,13953066.57895993
2026-05-19 13:30:00,78.6,79.0,78.6,79.0,5976.96989682,469815.20097866
2026-05-19 13:45:00,79.0,79.0,79.0,79.0,2697.80995577,213126.98650583
2026-05-19 14:00:00,79.0,79.0,78.8,78.8,124733.08764797,9834216.25112524
2026-05-19 14:15:00,78.7,78.8,78.5,78.5,225220.61490304,17712681.25974405
2026-05-19 14:30:00,78.9,79.0,78.6,79.0,41526.74878734,3275706.34758703
2026-05-19 14:45:00,78.8,79.0,78.8,79.0,13784.97024186,1086280.97151426
2026-05-19 15:00:00,78.9,79.0,78.7,79.0,59698.8940374,4705650.10984492
2026-05-19 15:15:00,79.0,79.2,79.0,79.2,115043.76376216,9107211.0434714
2026-05-19 15:30:00,79.2,79.3,79.2,79.3,10300.11887453,815782.163917
2026-05-19 15:45:00,79.1,79.3,78.9,79.3,13926.10340479,1101142.94331558
2026-05-19 16:00:00,79.2,79.2,79.2,79.2,9871.76866111,781844.07795991
2026-05-19 16:15:00,79.2,79.2,79.1,79.1,39438.26319734,3119762.3259803
2026-05-19 16:30:00,79.1,79.1,79.1,79.1,6844.22535669,541378.22571418
2026-05-19 16:45:00,79.1,79.2,79.1,79.1,11497.79697975,909482.0668558
2026-05-19 17:00:00,79.1,79.2,78.9,78.9,226177.50423736,17869971.99354195
2026-05-19 17:15:00,79.2,79.2,78.9,79.1,4536.67982606,357988.29999892
2026-05-19 17:30:00,79.1,79.2,79.1,79.1,13088.74435085,1035844.97634131
2026-05-19 17:45:00,79.1,79.1,78.9,78.9,15213.30535401,1201029.29054624
2026-05-19 18:00:00,79.0,79.1,78.8,79.1,46913.96310199,3696964.35053179
2026-05-19 18:15:00,78.8,78.8,78.0,78.0,215081.94330597,16853341.01922071
2026-05-19 18:30:00,78.3,78.3,78.3,78.3,44173.83664855,3458811.40958147
2026-05-19 18:45:00,78.5,78.5,78.3,78.3,39777.91410104,3118342.03136274
2026-05-19 19:00:00,78.5,78.6,78.3,78.6,31567.43799267,2478278.20668822
2026-05-19 19:30:00,78.3,78.3,78.0,78.0,109814.47127355,8593196.47540914
2026-05-19 19:45:00,78.1,78.2,78.1,78.2,6181.07501897,482754.74670534
2026-05-19 20:00:00,78.0,78.2,77.8,77.9,150704.56069424,11739994.57362987
2026-05-19 20:15:00,78.1,78.1,77.8,77.8,11933.09026603,928568.48690083
2026-05-19 20:30:00,78.0,78.0,77.8,77.8,24629.77758258,1917246.00080995
2026-05-19 20:45:00,77.8,77.9,77.2,77.5,293291.83907366,22764536.07319244
2026-05-19 21:00:00,77.5,77.6,77.4,77.6,89589.25412148,6938085.40980403
2026-05-19 21:15:00,77.6,78.2,77.6,78.2,112257.6070658,8770629.9774344
2026-05-19 21:30:00,78.2,78.3,78.2,78.3,18360.59897135,1435926.55348039
2026-05-19 21:45:00,78.2,78.4,78.2,78.4,2248.53316326,176039.88218958
2026-05-19 22:00:00,78.4,78.6,78.3,78.6,40092.25555042,3141962.56615199
2026-05-19 22:15:00,78.6,78.7,78.4,78.7,34713.06876401,2728382.80620764
2026-05-19 22:30:00,78.7,79.8,78.7,79.5,304742.53109322,24144931.66304299
2026-05-19 22:45:00,79.5,80.6,79.5,80.6,197307.47432526,15803864.43903344
2026-05-19 23:00:00,80.6,81.9,80.6,81.7,2350756.76146959,191102847.15989348
2026-05-19 23:15:00,81.5,81.6,80.4,81.3,1038517.41648847,84217690.00677659
2026-05-19 23:30:00,81.1,81.8,80.5,81.8,624432.21387216,50890356.99834123
2026-05-19 23:45:00,81.6,81.9,80.9,80.9,563650.79375504,45859142.82628851
2026-05-20 00:00:00,80.9,81.1,80.4,80.8,204990.5056859,16546613.98915343
2026-05-20 00:15:00,80.4,81.1,80.2,80.8,145172.56763483,11691872.37317058
2026-05-20 00:30:00,81.0,81.4,80.8,80.8,56660.88401204,4595453.30936575
2026-05-20 00:45:00,80.8,81.3,80.7,81.3,201003.23889885,16286336.88462895
2026-05-20 01:00:00,81.3,81.5,81.1,81.1,137786.97317616,11188406.60817676
2026-05-20 01:15:00,81.2,81.4,81.2,81.2,71641.78368023,5820866.36562419
2026-05-20 01:30:00,81.1,81.1,80.9,80.9,10689.68146429,864809.45785249
2026-05-20 01:45:00,81.5,81.5,81.5,81.5,32493.16004815,2648192.54392423
2026-05-20 02:00:00,81.5,81.7,81.5,81.7,219220.90829937,17867750.36359574
2026-05-20 02:15:00,81.7,81.7,81.7,81.7,17471.9659081,1427459.61469177
2026-05-20 02:30:00,81.6,81.6,81.0,81.1,111527.73269761,9035808.64326113
2026-05-20 02:45:00,81.4,81.8,81.4,81.8,6370.85012285,521086.39999999
2026-05-20 03:00:00,81.8,82.2,81.8,82.2,174721.98450384,14310667.46757088
2026-05-20 03:15:00,81.8,81.8,80.8,80.8,351047.05813772,28419648.77802523
2026-05-20 03:30:00,80.9,80.9,80.8,80.9,3566.97659396,288559.24894221
2026-05-20 03:45:00,81.0,81.0,81.0,81.0,29486.11443454,2388375.26919774
2026-05-20 04:00:00,81.0,81.0,81.0,81.0,64.19753087,5200.00000047
2026-05-20 04:15:00,80.9,80.9,80.9,80.9,280.67331977,22706.47156939
2026-05-20 04:30:00,80.8,80.8,80.8,80.8,12505.12883328,1010414.40972902
2026-05-20 04:45:00,80.7,80.7,80.6,80.6,225313.62036757,18160285.22913544
2026-05-20 05:00:00,80.7,80.7,80.7,80.7,22488.09913258,1814789.59999921
2026-05-20 05:15:00,80.6,80.7,80.3,80.3,24064.94789082,1940766.85716009
2026-05-20 05:30:00,80.5,80.5,80.3,80.3,1940.07490506,156163.43154415
2026-05-20 05:45:00,80.4,80.4,80.4,80.4,1072.81326781,86254.18673192
2026-05-20 06:00:00,80.7,80.7,80.4,80.4,9432.36294855,758388.47699873
2026-05-20 06:15:00,80.2,80.6,80.2,80.6,62065.92839294,4986728.43056493
2026-05-20 06:30:00,80.5,80.5,80.2,80.2,67537.6962418,5417181.53803163
2026-05-20 06:45:00,80.4,80.4,80.4,80.4,113610.29684162,9134267.86606625
2026-05-20 07:00:00,80.4,80.4,79.9,80.1,123821.89735133,9930859.83311615
2026-05-20 07:15:00,80.1,80.1,80.0,80.0,19195.08270279,1535857.86537151
2026-05-20 07:30:00,80.1,80.6,80.1,80.6,18313.84232771,1469726.26486184
2026-05-20 07:45:00,80.6,80.7,80.0,80.1,4070.91984851,325870.48439846
2026-05-20 08:00:00,80.0,80.6,79.7,80.6,309597.82433255,24813834.04593317
2026-05-20 08:15:00,80.6,80.6,80.4,80.6,19146.5042164,1540012.049105
2026-05-20 08:30:00,80.4,80.8,80.3,80.3,186560.39761825,15040125.87036143
2026-05-20 08:45:00,80.6,80.8,80.5,80.7,327046.77012342,26391100.92815897
2026-05-20 09:00:00,80.7,80.7,79.7,79.9,448466.39545581,35956112.80727256
2026-05-20 09:15:00,80.0,80.0,79.2,79.2,266127.98594358,21143999.60011745
2026-05-20 09:30:00,79.3,79.8,79.3,79.6,13546.482289,1074319.57977438
2026-05-20 09:45:00,79.3,79.6,79.1,79.5,475133.3507151,37659281.68034036
2026-05-20 10:00:00,79.6,79.6,79.4,79.4,176761.4587643,14050003.40397825
2026-05-20 10:15:00,79.7,79.7,79.5,79.5,40912.67584169,3254484.51318758
2026-05-20 10:30:00,79.4,79.6,79.3,79.3,70481.04613857,5589710.74991053
2026-05-20 10:45:00,79.6,79.9,79.6,79.9,49532.19530585,3944180.86610943
2026-05-20 11:00:00,80.0,80.0,79.6,79.8,35591.29353233,2842545.70220445
2026-05-20 11:15:00,80.0,81.2,80.0,80.6,645490.23918648,52001576.93119151
2026-05-20 11:30:00,80.6,81.1,80.5,80.9,574494.30277235,46430805.82501021
2026-05-20 11:45:00,80.9,81.3,80.7,81.3,37288.64514092,3017966.18060221
2026-05-20 12:00:00,81.3,81.3,80.7,80.8,27628.28930927,2239880.90642141
2026-05-20 12:15:00,80.8,80.8,80.8,80.8,7856.43564355,634799.99999884
2026-05-20 12:30:00,80.9,81.9,80.7,81.6,347715.2901742,28302410.01455452
2026-05-20 12:45:00,81.3,81.8,81.3,81.7,212921.77200794,17366071.2022712
2026-05-20 13:00:00,81.7,82.1,81.7,81.9,305635.018578,25035882.58405264
2026-05-20 13:15:00,81.9,82.2,81.8,81.8,42833.28491265,3510696.36342194
2026-05-20 13:30:00,81.7,81.7,80.7,80.7,204861.72840061,16622509.53383085
2026-05-20 13:45:00,80.8,81.1,80.7,80.7,58343.36343656,4709982.61314694
2026-05-20 14:00:00,81.1,81.1,80.5,80.7,335118.00827146,27026446.09418968
2026-05-20 14:15:00,81.5,81.8,81.1,81.5,65553.13903017,5346745.36439775
2026-05-20 14:30:00,81.7,81.9,81.7,81.9,163038.78979808,13346125.55870496
2026-05-20 14:45:00,82.0,82.2,81.9,82.0,110814.79244212,9091058.8012897
2026-05-20 15:00:00,82.0,82.0,81.7,81.7,113528.75788784,9290087.92610474
2026-05-20 15:15:00,81.8,82.3,81.8,81.8,181590.4567484,14922530.38956502
2026-05-20 15:30:00,81.7,81.8,81.5,81.8,45577.32664526,3721845.62418439
2026-05-20 15:45:00,81.7,81.7,81.1,81.3,75835.73374678,6168980.77881661
2026-05-20 16:00:00,81.3,81.3,81.0,81.0,286172.74128043,23215761.8037011
2026-05-20 16:15:00,81.0,81.4,81.0,81.4,44902.08893468,3646094.12572567
2026-05-20 16:30:00,81.1,81.3,80.6,80.9,564294.66788756,45707817.13403848
2026-05-20 16:45:00,80.9,80.9,80.6,80.6,21622.27230368,1747904.11823022
2026-05-20 17:00:00,80.9,80.9,80.8,80.8,35443.83593491,2864356.34354073
2026-05-20 17:15:00,80.8,80.9,80.7,80.9,31222.02812246,2521410.53365413
2026-05-20 17:30:00,80.9,81.6,80.9,81.1,68016.76914654,5515928.85065553
2026-05-20 17:45:00,81.6,82.0,81.5,81.5,33414.9474883,2729428.22029645
2026-05-20 18:00:00,81.7,81.8,81.4,81.5,6734.80378009,549344.84333687
2026-05-20 18:15:00,81.5,82.0,81.5,82.0,121259.36224507,9895053.23390235
2026-05-20 18:30:00,81.9,81.9,81.4,81.4,12419.34349483,1011914.66172733
2026-05-20 18:45:00,81.4,81.4,80.9,81.0,59666.80741047,4844024.88832212
2026-05-20 19:00:00,81.3,81.3,81.2,81.2,11969.43694488,971930.58004726
2026-05-20 19:15:00,81.1,81.1,80.7,80.8,130292.60982377,10546137.0591165
2026-05-20 19:30:00,80.8,80.9,80.8,80.8,315045.30503844,25455722.4209162
2026-05-20 19:45:00,80.8,81.1,80.6,80.6,479430.26898853,38682539.94067954
2026-05-20 20:00:00,80.6,81.1,80.6,81.1,156655.41821378,12660259.77258296
2026-05-20 20:15:00,80.9,81.0,80.8,80.8,68789.71070441,5562677.63667331
2026-05-20 20:30:00,80.8,81.2,80.8,80.8,32095.25654661,2593667.22727755
2026-05-20 20:45:00,80.8,80.8,80.7,80.7,140129.96654405,11313708.30010484
2026-05-20 21:00:00,80.7,80.9,80.4,80.6,180748.44627473,14568887.27881268
2026-05-20 21:15:00,80.6,80.8,80.4,80.4,71667.05279543,5776279.27132976
2026-05-20 21:30:00,80.5,80.6,80.5,80.6,3647.92726061,293763.98522659
2026-05-20 21:45:00,80.6,81.2,80.6,81.2,65283.93089754,5278283.38511726
2026-05-20 22:00:00,81.2,81.2,81.0,81.0,60169.46303207,4877522.02688579
2026-05-20 22:15:00,81.0,81.0,80.6,80.6,253381.56618748,20424484.5668145
2026-05-20 22:30:00,80.6,80.6,80.0,80.4,521337.09488169,41854584.53020676
2026-05-20 22:45:00,80.4,80.5,80.4,80.4,16276.55202248,1309007.76397385
2026-05-20 23:00:00,80.4,80.9,80.4,80.4,52502.34501873,4225363.37691385
2026-05-20 23:15:00,81.0,81.0,80.8,81.0,64395.96596257,5203844.42566561
2026-05-20 23:30:00,80.7,81.0,80.4,81.0,142605.64831377,11482847.19453073
2026-05-20 23:45:00,80.9,81.2,80.9,81.2,141652.88289635,11482554.99999955
2026-05-21 00:00:00,80.7,80.7,80.5,80.5,49391.74920739,3984959.77508247
2026-05-21 00:15:00,81.0,81.4,81.0,81.2,78300.8846046,6360672.36289127
2026-05-21 00:30:00,81.2,81.2,81.0,81.1,65587.29567074,5316038.54714631
2026-05-21 00:45:00,81.2,81.2,81.2,81.2,8320.48630659,675623.48809511
2026-05-21 01:00:00,81.4,81.5,81.4,81.4,26121.47773532,2127521.93420008
2026-05-21 01:15:00,81.6,81.6,81.1,81.5,70513.99819156,5739736.04999717
2026-05-21 01:45:00,81.5,81.5,81.5,81.5,18214.85201203,1484510.43898045
2026-05-21 02:00:00,81.6,81.6,81.2,81.2,7944.5960294,645155.37831947
2026-05-21 02:15:00,81.4,81.7,81.4,81.7,10853.82359252,886377.3571908
2026-05-21 02:30:00,81.8,82.6,81.6,82.3,490537.22447517,40300073.31961796
2026-05-21 02:45:00,82.3,82.4,82.3,82.4,1826.7262926,150369.91368681
2026-05-21 03:00:00,82.4,82.4,82.1,82.1,472.47682849,38895.63866272
2026-05-21 03:15:00,82.1,82.1,81.7,81.7,13731.50192148,1122131.73265778
2026-05-21 03:30:00,81.9,81.9,81.9,81.9,11688.33258915,957274.43905139
2026-05-21 03:45:00,81.8,81.8,81.8,81.8,213.12958434,17433.99999901
2026-05-21 04:00:00,81.8,81.8,81.8,81.8,35301.317507,2887647.7720726
2026-05-21 04:15:00,82.0,82.3,82.0,82.3,19027.79623631,1561321.7816865
2026-05-21 05:15:00,82.2,82.2,81.8,81.8,6431.62898343,526473.98668625
2026-05-21 05:45:00,82.0,82.2,82.0,82.2,66082.49890108,5424475.24092347
2026-05-21 06:00:00,82.4,82.4,82.2,82.2,303.51941747,24985.72815487
2026-05-21 06:15:00,82.4,82.4,82.0,82.3,86827.36245888,7119934.81170826
2026-05-21 06:30:00,82.3,82.3,82.0,82.0,3485.33812371,286822.9547207
2026-05-21 06:45:00,82.0,82.2,81.9,82.2,64282.87766655,5273095.4242152
2026-05-21 07:00:00,81.9,81.9,81.5,81.8,195043.14224611,15942127.36476792
2026-05-21 07:15:00,81.7,81.8,81.5,81.8,56340.01621377,4598209.8032789
2026-05-21 07:30:00,81.4,81.7,81.4,81.5,369.87935612,30132.83740129
2026-05-21 07:45:00,81.5,81.7,81.5,81.7,22077.60865156,1799336.96987082
2026-05-21 08:00:00,81.7,81.8,81.5,81.5,37264.08294774,3044210.51693554
2026-05-21 08:15:00,81.5,81.7,81.4,81.4,25199.7733741,2052410.57673644
2026-05-21 08:30:00,81.6,81.6,81.4,81.6,1999.50980393,162800.05291186
2026-05-21 08:45:00,81.5,81.5,81.5,81.5,83472.12787372,6802978.42170818
2026-05-21 09:00:00,81.4,81.5,81.4,81.4,6349.99446734,517369.69908148
2026-05-21 09:15:00,81.5,81.5,81.3,81.5,66341.35823776,5398309.12978533
2026-05-21 09:30:00,81.5,81.8,81.4,81.8,164756.61318481,13434082.96434226
2026-05-21 09:45:00,81.8,82.2,81.8,82.2,47569.93378558,3898467.95931893
2026-05-21 10:00:00,82.0,82.5,82.0,82.5,37889.24431974,3119934.55256121
2026-05-21 10:15:00,82.5,82.5,82.3,82.4,9060.88437754,747408.35734751
2026-05-21 10:30:00,82.4,82.4,82.2,82.4,28544.89945085,2351427.1668987
2026-05-21 10:45:00,82.3,82.4,82.0,82.0,176616.80355082,14518105.69320628
2026-05-21 11:00:00,82.0,82.3,82.0,82.3,41252.09895805,3383401.96253125
2026-05-21 11:15:00,82.3,82.5,82.3,82.4,69389.86108466,5717117.92562247
2026-05-21 11:30:00,82.5,82.5,82.4,82.5,109881.26192711,9054440.82868227
2026-05-21 11:45:00,82.5,82.5,82.4,82.4,28181.16617238,2324131.65567106
2026-05-21 12:00:00,82.2,82.4,82.2,82.4,40907.74987892,3368365.49999868
2026-05-21 12:15:00,82.3,82.5,82.1,82.5,18724.19210561,1539645.37292138
2026-05-21 12:30:00,82.4,82.6,82.1,82.4,54227.56418532,4472723.82846562
2026-05-21 12:45:00,82.5,82.6,82.4,82.6,14299.26361262,1178755.68219485
2026-05-21 13:00:00,82.6,82.8,82.5,82.8,58571.10770356,4839661.22074716
2026-05-21 13:15:00,82.8,82.8,82.4,82.4,18908.95104981,1559701.67093335
2026-05-21 13:30:00,82.4,82.4,82.3,82.4,46669.06981063,3841220.73070507
2026-05-21 13:45:00,82.6,82.6,82.4,82.4,4636.4434307,382056.37278883
2026-05-21 14:00:00,82.4,82.6,82.3,82.3,99916.00655171,8232113.97916794
2026-05-21 14:15:00,82.5,82.5,82.3,82.3,75101.33538667,6180912.71703315
2026-05-21 14:30:00,82.3,82.4,82.1,82.3,67178.66607818,5522496.32738811
2026-05-21 14:45:00,82.3,82.3,82.0,82.1,77000.54418581,6322167.67167704
2026-05-21 15:00:00,82.1,82.1,82.0,82.0,169408.36958227,13892172.38280762
2026-05-21 15:15:00,81.9,82.1,81.8,82.1,22437.48151986,1839180.76258087
2026-05-21 15:30:00,82.2,82.3,82.2,82.3,86805.57742727,7142222.99299855
2026-05-21 15:45:00,82.0,82.5,82.0,82.4,44482.50846275,3651827.53998776
2026-05-21 16:00:00,82.4,82.4,82.3,82.3,1064.47140016,87612.68900425
2026-05-21 16:15:00,82.3,82.4,82.1,82.2,30453.61854466,2503137.214428
2026-05-21 16:30:00,82.1,82.9,82.1,82.9,141959.40435691,11708168.27060384
2026-05-21 16:45:00,82.8,82.9,82.7,82.8,29559.73059033,2448318.25901962
2026-05-21 17:00:00,82.8,83.3,82.8,82.9,385915.00071845,32081578.99622503
2026-05-21 17:15:00,83.2,83.3,83.2,83.2,3002.06817237,249784.0767431
2026-05-21 17:30:00,83.3,83.3,83.2,83.3,170257.94553544,14181659.52450125
2026-05-21 17:45:00,83.0,83.0,82.8,83.0,124000.20325638,10279824.77573574
2026-05-21 18:00:00,83.0,83.0,82.9,83.0,35942.82889201,2981447.56912117
2026-05-21 18:15:00,82.9,83.5,82.9,83.5,208010.4535038,17307364.15775689
2026-05-21 18:30:00,83.2,83.5,83.2,83.4,110458.2960699,9208067.56177251
2026-05-21 18:45:00,83.4,83.7,83.4,83.4,60963.74225102,5088342.54949725
2026-05-21 19:00:00,83.5,83.5,83.4,83.4,67032.49240647,5594358.16497262
2026-05-21 19:15:00,83.6,83.7,82.9,83.0,467828.32431379,39006268.9476378
2026-05-21 19:30:00,82.8,82.9,82.8,82.8,187202.36483041,15519006.07238453
2026-05-21 19:45:00,82.8,82.8,82.7,82.8,121922.33904181,10090960.61409599
2026-05-21 20:00:00,82.7,82.9,82.5,82.9,253724.76775276,20977836.17235056
2026-05-21 20:15:00,82.9,83.3,82.9,83.3,21410.66450061,1777734.79414268
2026-05-21 20:30:00,83.3,83.3,82.7,82.7,117980.49823927,9776081.70866182
2026-05-21 20:45:00,82.8,82.8,82.8,82.8,72338.52836024,5989630.14822787
2026-05-21 21:00:00,82.8,82.8,82.5,82.5,64870.34719829,5366876.67601274
2026-05-21 21:30:00,82.5,82.9,82.5,82.9,79601.57194606,6593429.458053
2026-05-21 21:45:00,83.0,83.3,83.0,83.0,84711.0903048,7037574.94027739
2026-05-21 22:00:00,83.3,83.5,83.3,83.4,161215.48544418,13460272.46727151
2026-05-21 22:15:00,83.3,83.3,83.3,83.3,4128.60677847,343912.94464655
2026-05-21 22:30:00,83.2,83.2,82.8,82.8,116732.68877778,9682024.50993198
2026-05-21 22:45:00,82.7,83.3,82.7,83.3,23320.3717226,1937821.36406944
2026-05-21 23:00:00,83.3,83.6,83.3,83.4,63184.36704337,5267753.77815486
2026-05-21 23:15:00,83.4,83.4,82.7,83.0,12556.13257293,1042405.92132196
2026-05-21 23:30:00,83.5,83.6,83.1,83.1,543473.38413278,45315184.41725188
2026-05-21 23:45:00,82.9,83.3,82.9,82.9,8661.37582407,718219.10112883
2026-05-22 00:00:00,83.0,83.1,82.6,82.6,138776.47801634,11482921.3653446
2026-05-22 00:15:00,83.5,83.7,83.5,83.7,58724.70162495,4909105.61702792
2026-05-22 00:30:00,83.7,84.0,83.7,84.0,140762.14199237,11808903.26293367
2026-05-22 00:45:00,83.8,83.8,83.4,83.4,69298.56236001,5791352.741164
2026-05-22 01:00:00,83.9,83.9,83.8,83.9,14994.42997809,1257775.1762793
2026-05-22 01:15:00,83.7,83.7,83.4,83.4,9562.24389776,797574.94659195
2026-05-22 01:30:00,83.5,83.5,83.4,83.4,7954.85259238,663892.07219203
2026-05-22 01:45:00,83.4,83.4,83.4,83.4,135.1632763,11272.61724342
2026-05-22 02:00:00,83.4,83.8,83.4,83.6,60858.99392018,5092641.77805078
2026-05-22 02:15:00,83.8,84.0,83.8,84.0,17554.58450636,1474254.12704429
2026-05-22 02:30:00,83.9,83.9,83.8,83.8,10093.4137515,846350.9389578
2026-05-22 02:45:00,84.1,84.1,84.1,84.1,17050.45281721,1433943.08192736
2026-05-22 03:00:00,83.9,83.9,83.8,83.9,6346.01738295,532315.43169239
2026-05-22 03:15:00,83.8,83.8,83.8,83.8,2362.39875288,197969.01549134
2026-05-22 03:30:00,84.0,84.0,84.0,84.0,119.04761904,9999.99999936
2026-05-22 03:45:00,83.7,83.7,83.3,83.3,31056.65317362,2592489.36228524
2026-05-22 04:00:00,83.1,83.6,83.0,83.6,92487.47576818,7682842.31482982
2026-05-22 04:15:00,83.4,83.4,83.4,83.4,1834.10071942,152963.99999963
2026-05-22 04:30:00,83.4,83.5,83.4,83.4,19921.1138802,1661480.7778482
2026-05-22 04:45:00,83.4,83.5,83.4,83.5,9800.86533588,818259.51597439
2026-05-22 05:00:00,83.6,83.6,83.4,83.6,2051.66267942,171160.14832487
2026-05-22 05:30:00,83.6,83.6,83.4,83.6,24754.53877304,2065448.34228397
2026-05-22 05:45:00,83.4,83.6,82.9,82.9,99571.24642583,8263327.23729369
2026-05-22 06:00:00,83.1,83.3,82.7,83.1,2642.64410749,219363.71098177
2026-05-22 06:30:00,83.2,83.4,83.2,83.4,33366.61178988,2780778.99748172
2026-05-22 06:45:00,83.5,83.5,83.4,83.5,12095.86847835,1009717.78029199
2026-05-22 07:00:00,83.3,83.3,83.2,83.2,31068.48755464,2585715.37898805
2026-05-22 07:30:00,83.2,83.2,83.0,83.0,19028.86665222,1581077.78351626
2026-05-22 07:45:00,83.3,83.4,83.2,83.2,67316.68788566,5602687.8663132
2026-05-22 08:00:00,83.2,83.3,83.1,83.1,82803.04318886,6888784.31820769
2026-05-22 08:15:00,83.0,83.3,83.0,83.3,115416.52057743,9579607.22233245
2026-05-22 08:30:00,82.8,83.1,82.5,83.1,197631.87000462,16334173.12798854
2026-05-22 08:45:00,82.8,83.1,82.8,83.1,189912.62822774,15761217.82455775
2026-05-22 09:00:00,82.8,83.1,82.8,82.8,141778.96744219,11746780.34493361
2026-05-22 09:15:00,83.0,83.0,82.8,82.8,7668.0384192,634981.16409484
2026-05-22 09:30:00,82.8,83.0,82.7,83.0,86702.98518032,7177269.9514626
2026-05-22 09:45:00,82.9,82.9,82.8,82.8,14130.91301102,1170106.05552165
2026-05-22 10:00:00,82.7,82.7,82.4,82.4,181386.45618367,14972864.60595892
2026-05-22 10:15:00,82.4,82.4,82.3,82.3,191415.4743636,15771599.46198707
2026-05-22 10:30:00,82.4,82.7,82.4,82.5,3501.65531099,288813.54160724
2026-05-22 10:45:00,82.6,82.7,82.6,82.7,64091.75716825,5299608.74325818
2026-05-22 11:00:00,82.9,83.0,82.8,82.8,27185.95111633,2255405.07988559
2026-05-22 11:15:00,82.9,83.1,82.8,83.1,705.28680065,58421.36474191
2026-05-22 11:30:00,82.8,83.1,82.8,83.1,29305.4518956,2429161.71848073
2026-05-22 11:45:00,83.0,83.2,83.0,83.0,265833.52158909,22066703.16954026
2026-05-22 12:00:00,83.0,83.3,83.0,83.2,56371.70997185,4680277.03806779
2026-05-22 12:15:00,82.9,82.9,82.9,82.9,52579.66652159,4358854.35463981
2026-05-22 12:30:00,83.0,83.3,83.0,83.0,15597.75225201,1294630.84178922
2026-05-22 12:45:00,83.0,83.3,83.0,83.3,1264.8552915,105000.99999882
2026-05-22 13:00:00,83.3,83.5,83.3,83.5,5505.57154417,458957.81853692
2026-05-22 13:15:00,83.5,83.5,83.5,83.5,3375.66546068,281868.06596678
2026-05-22 13:30:00,83.5,83.6,83.5,83.6,41933.33107391,3501452.27386287
2026-05-22 13:45:00,83.4,83.4,83.4,83.4,3104.612709,258924.6999306
2026-05-22 14:00:00,83.4,83.7,83.4,83.4,25154.07186332,2101846.75952488
2026-05-22 14:15:00,83.3,83.6,83.3,83.4,29321.26315243,2445249.78498196
2026-05-22 14:30:00,83.3,83.4,83.1,83.4,159685.85065666,13301297.65390345
2026-05-22 14:45:00,83.5,83.5,83.0,83.2,36089.85134016,2999770.62028083
2026-05-22 15:00:00,83.0,83.3,83.0,83.3,16537.5005376,1374720.84635245
2026-05-22 15:15:00,83.3,83.4,83.0,83.0,25798.30460456,2149230.21223626
2026-05-22 15:30:00,83.0,83.2,82.9,83.1,34090.18369748,2827819.36399712
2026-05-22 15:45:00,83.1,83.1,83.1,83.1,229.98985975,19112.15734523
2026-05-22 16:00:00,83.0,83.1,82.7,83.1,128781.32898189,10667677.36629612
2026-05-22 16:15:00,83.2,84.5,83.2,84.5,750308.40892673,63008704.910703
2026-05-22 16:30:00,84.4,84.5,83.9,84.4,264668.00219829,22289018.79259462
2026-05-22 16:45:00,84.2,84.6,84.2,84.5,92870.71601016,7844154.03177258
2026-05-22 17:00:00,84.3,84.7,84.3,84.5,52939.97475325,4472419.33329847
2026-05-22 17:15:00,84.7,85.0,84.4,84.7,143659.72677121,12164738.35701636
2026-05-22 17:30:00,84.7,84.7,84.0,84.0,392565.21100972,32982517.64489422
2026-05-22 17:45:00,84.0,84.5,84.0,84.5,77193.06768227,6499699.77760853
2026-05-22 18:00:00,84.4,84.4,84.3,84.3,9355.83880384,788738.82726324
2026-05-22 18:15:00,84.3,84.4,84.2,84.4,42097.16353356,3550920.1794762
2026-05-22 18:30:00,84.4,84.4,83.9,84.3,281333.89162308,23658964.59364672
2026-05-22 18:45:00,84.2,84.2,84.0,84.0,15442.83319386,1297221.74125336
2026-05-22 19:00:00,84.0,84.0,83.8,83.9,40607.5298579,3406716.87572257
2026-05-22 19:15:00,83.8,83.8,83.4,83.8,46933.0340993,3919295.91270145
2026-05-22 19:30:00,83.7,83.8,83.7,83.7,5181.60095579,433799.99999962
2026-05-22 19:45:00,83.7,83.7,83.7,83.7,2150.5376344,179999.99999928
2026-05-22 20:00:00,83.7,83.7,83.7,83.7,1433.69175564,119999.99994707
2026-05-22 20:15:00,83.6,83.7,83.4,83.7,13782.38585927,1151841.22006019
2026-05-22 20:30:00,83.7,83.7,83.7,83.7,7810.7166657,653756.98491909
2026-05-22 20:45:00,83.8,84.0,83.8,84.0,12898.18788414,1081739.26981312
2026-05-22 21:00:00,84.0,84.0,84.0,84.0,6391.94462393,536923.34841012
2026-05-22 21:15:00,84.1,84.2,84.0,84.1,40812.22596017,3428982.00371448
2026-05-22 21:30:00,84.0,84.0,83.5,83.7,52007.33817102,4355738.94505539
2026-05-22 21:45:00,84.0,84.3,84.0,84.3,42626.18670833,3584830.25388844
2026-05-22 22:00:00,84.3,84.6,84.0,84.6,224729.37680392,18989332.73329108
2026-05-22 22:15:00,84.4,84.7,84.4,84.4,56909.7533419,4807258.36361208
2026-05-22 22:30:00,84.4,84.4,84.0,84.0,50879.7605339,4280851.07888865
2026-05-22 22:45:00,83.9,83.9,83.5,83.6,261407.6634661,21865530.00822856
2026-05-22 23:00:00,83.9,83.9,83.2,83.2,81405.18319263,6786953.31074962
2026-05-22 23:15:00,83.2,83.2,82.3,83.0,360758.43188322,29893666.11242566
2026-05-22 23:30:00,83.0,83.0,82.6,83.0,20661.95048376,1707429.37000241
2026-05-22 23:45:00,82.7,82.7,82.5,82.6,28866.64808212,2385620.2922978
2026-05-23 00:00:00,82.6,82.6,82.4,82.4,167472.00544893,13809248.48726456
2026-05-23 00:15:00,82.7,82.7,82.4,82.4,15030.18441179,1238538.5863739
2026-05-23 00:30:00,82.7,82.7,82.7,82.7,9166.99598296,758110.56779079
2026-05-23 00:45:00,82.6,82.9,82.6,82.9,6039.58541385,499043.84434188
2026-05-23 01:00:00,82.9,83.0,82.8,83.0,32797.21538693,2719005.82893759
2026-05-23 01:15:00,82.9,82.9,82.7,82.7,518.0,42941.8369547
2026-05-23 02:00:00,82.7,82.7,82.7,82.7,2156.94389975,178379.26050933
2026-05-23 02:15:00,82.7,82.8,82.4,82.8,81014.88386826,6692486.63775946
2026-05-23 02:30:00,83.2,83.2,82.8,82.8,9732.45192306,808060.76020208
2026-05-23 02:45:00,82.8,82.8,82.8,82.8,10582.0,876189.6
2026-05-23 03:00:00,82.7,82.7,82.6,82.7,736.15747633,60821.05169486
2026-05-23 03:15:00,82.6,83.3,82.6,83.1,24592.61731535,2033858.54194754
2026-05-23 03:45:00,82.6,83.0,81.5,81.9,405892.77885099,33408813.47544118
2026-05-23 04:00:00,82.0,82.0,81.5,81.5,3962.22680123,323664.29770086
2026-05-23 04:30:00,81.6,81.6,80.3,80.7,187472.25602327,15166504.49656351
2026-05-23 04:45:00,80.7,81.3,80.6,81.1,23768.60883179,1917290.45968591
2026-05-23 05:00:00,80.9,81.2,80.9,81.2,26368.64300311,2133252.81185253
2026-05-23 05:15:00,80.9,81.0,80.6,80.8,54798.47934016,4426283.2500572
2026-05-23 05:30:00,80.8,80.9,80.8,80.9,55555.14587086,4488865.07740549
2026-05-23 05:45:00,81.0,81.1,81.0,81.1,14542.03487426,1179351.32372736
2026-05-23 06:00:00,81.2,81.4,81.2,81.4,9990.32950739,811722.99819347
2026-05-23 06:15:00,81.4,81.4,81.4,81.4,1000.0,81400.0
2026-05-23 06:30:00,81.4,82.0,81.4,82.0,3759.10633355,306597.62638312
2026-05-23 06:45:00,82.0,82.0,82.0,82.0,1214.13855918,99559.36185276
2026-05-23 07:00:00,82.0,82.0,81.7,81.7,8390.22255846,685539.40210618
2026-05-23 07:15:00,81.4,81.4,80.8,81.1,115978.24793282,9400740.36539303
2026-05-23 07:30:00,81.2,81.3,81.1,81.2,33937.23550894,2757859.81178207
2026-05-23 07:45:00,81.3,81.4,81.2,81.2,87847.68683098,7139736.86123035
2026-05-23 08:00:00,81.3,81.6,80.8,80.8,117067.6480236,9501175.46806724
2026-05-23 08:15:00,81.3,81.3,80.8,80.8,23599.82106559,1906922.47444779
2026-05-23 08:30:00,81.2,81.2,80.6,80.6,169799.88511335,13743841.95341421
2026-05-23 08:45:00,80.5,80.5,80.0,80.5,584477.64828647,46900884.52133735
2026-05-23 09:00:00,80.3,80.3,79.9,80.1,122333.74266913,9798942.39366846
2026-05-23 09:15:00,80.1,80.5,79.9,80.5,139583.19018942,11163693.58831262
2026-05-23 09:30:00,80.5,80.5,79.4,79.8,356116.99250551,28427256.54264971
2026-05-23 09:45:00,79.6,80.1,79.5,80.0,731225.83143882,58227377.1825363
2026-05-23 10:00:00,80.3,80.4,80.3,80.4,52870.23096259,4249521.23937978
2026-05-23 10:15:00,80.4,80.5,80.3,80.5,50262.86677636,4038681.97397013
2026-05-23 10:30:00,80.6,80.6,80.6,80.6,58.76615746,4736.55229128
2026-05-23 10:45:00,80.6,80.7,80.6,80.7,5008.89763494,403729.54094989
2026-05-23 11:00:00,80.6,80.7,80.4,80.7,12728.36008336,1025094.59999808
2026-05-23 11:15:00,80.7,80.7,80.4,80.4,56555.55850437,4554727.87468126
2026-05-23 11:30:00,80.4,80.6,80.4,80.4,84060.28688156,6758469.27769978
2026-05-23 11:45:00,80.6,80.6,80.4,80.6,12930.77271663,1041519.76810439
2026-05-23 12:00:00,80.6,80.7,80.4,80.7,15834.07548836,1277099.06069946
2026-05-23 12:15:00,80.7,80.7,80.6,80.7,11264.07029895,908898.81059425
2026-05-23 12:30:00,80.7,81.0,80.7,80.8,47794.92453734,3868521.73786532
2026-05-23 12:45:00,81.0,81.0,80.7,80.7,16091.99420836,1302648.68768296
2026-05-23 13:00:00,81.0,81.0,80.7,80.8,3521.69905061,284351.5189407
2026-05-23 13:15:00,80.8,80.8,80.5,80.7,139807.73558665,11276573.47635069
2026-05-23 13:30:00,80.5,80.9,80.4,80.7,13175.893896,1061779.57664462
2026-05-23 13:45:00,80.4,80.6,80.4,80.6,879.4979582,70874.73543092
2026-05-23 14:00:00,80.5,80.5,80.4,80.5,11670.82196826,938921.16844493
2026-05-23 14:15:00,80.4,80.4,80.1,80.2,77948.81127262,6251761.73605765
2026-05-23 14:30:00,80.2,80.2,80.2,80.2,6349.0,509189.8
2026-05-23 14:45:00,80.2,80.2,80.1,80.2,123444.83878736,9900204.90969758
2026-05-23 15:00:00,80.1,80.1,79.9,79.9,303688.70772946,24284156.71662195
2026-05-23 15:15:00,80.2,80.3,80.2,80.3,161381.2206401,12944232.06376733
2026-05-23 15:30:00,80.4,80.4,80.1,80.1,82329.09455904,6603064.91046473
2026-05-23 15:45:00,80.5,80.5,80.2,80.2,2498.50941775,200398.33730593
2026-05-23 16:00:00,80.2,80.5,80.2,80.2,78872.28701892,6325575.30091977
2026-05-23 16:15:00,80.2,80.2,80.1,80.1,16425.83543743,1315831.30320148
2026-05-23 16:30:00,80.2,80.2,79.8,79.9,486625.31655046,38884092.50544757
2026-05-23 16:45:00,79.9,79.9,78.1,78.7,1434309.23873708,112956624.2818077
2026-05-23 17:00:00,78.5,78.5,78.1,78.3,630294.64144426,49317565.29090464
2026-05-23 17:15:00,78.7,78.8,78.3,78.5,102392.79097645,8030740.07720918
2026-05-23 17:30:00,78.4,78.4,77.9,78.0,448001.02091424,35004971.30280578
2026-05-23 17:45:00,78.2,78.5,78.0,78.3,35424.67586773,2774558.63377194
2026-05-23 18:00:00,78.5,78.5,78.1,78.2,66085.41989249,5170919.47042761
2026-05-23 18:15:00,78.1,78.1,77.8,77.8,210324.18660997,16381048.54187991
2026-05-23 18:30:00,78.1,78.1,77.5,77.5,289099.74241449,22442287.62831405
2026-05-23 18:45:00,77.9,77.9,77.6,77.7,396878.54335107,30830213.72809386
2026-05-23 19:00:00,77.7,78.0,77.7,77.7,10818.58377264,842740.2755914
2026-05-23 19:15:00,78.0,78.1,77.7,78.1,91983.09367051,7165602.033886
2026-05-23 19:30:00,78.1,78.1,78.1,78.1,14060.70332311,1098140.92953489
2026-05-23 19:45:00,77.9,78.0,77.9,78.0,37860.99924,2953038.60897776
2026-05-23 20:00:00,78.0,78.0,77.9,78.0,7818.95649338,609780.25862153
2026-05-23 20:15:00,78.0,78.0,78.0,78.0,2179.48717948,169999.99999944
2026-05-23 20:30:00,77.9,77.9,77.8,77.8,108100.93338285,8414270.72321509
2026-05-23 20:45:00,77.9,77.9,77.7,77.7,96259.44072164,7485135.40934016
2026-05-23 21:00:00,77.7,77.7,77.5,77.7,129266.15589107,10029919.74792671
2026-05-23 21:15:00,77.6,77.7,77.6,77.7,35956.27807377,2791806.57252125
2026-05-23 21:30:00,77.7,77.8,77.6,77.7,163599.63222949,12711026.90081345
2026-05-23 21:45:00,77.7,78.2,77.7,78.2,213840.99858282,16651213.99415431
2026-05-23 22:00:00,78.2,78.6,78.2,78.6,92947.00995856,7282895.29546531
2026-05-23 22:15:00,78.7,78.8,78.5,78.8,29503.1709472,2316966.07858129
2026-05-23 22:30:00,78.8,79.0,78.8,79.0,3629.08435344,286098.84705107
2026-05-23 22:45:00,78.9,79.2,78.9,79.2,36124.08412968,2853083.86739071
2026-05-23 23:00:00,79.2,79.8,79.2,79.8,147507.44741758,11712124.05102087
2026-05-23 23:15:00,79.8,79.9,79.8,79.9,344785.79018567,27514198.90475138
2026-05-23 23:30:00,79.9,80.5,79.9,80.3,168492.13541373,13532491.8854835
2026-05-23 23:45:00,80.3,80.5,80.2,80.5,333426.69213281,26755288.74398652
2026-05-24 00:00:00,80.3,80.7,80.3,80.7,48028.05325494,3875098.68085155
2026-05-24 00:15:00,80.9,80.9,80.6,80.6,30454.99696532,2455892.50572934
2026-05-24 00:30:00,80.6,80.6,80.6,80.6,62459.18387218,5034210.22009771
2026-05-24 00:45:00,80.6,80.7,80.5,80.5,134492.67642388,10836021.78713579
2026-05-24 01:15:00,80.5,80.5,80.5,80.5,3906.11801242,314442.49999981
2026-05-24 01:45:00,80.7,80.7,80.7,80.7,35716.31384565,2882306.52734396
2026-05-24 02:00:00,80.7,80.8,80.7,80.8,6099.61087687,492763.4093565
2026-05-24 02:15:00,81.0,81.1,80.8,80.8,138920.73504702,11252729.50288137
2026-05-24 02:30:00,81.1,81.6,81.1,81.3,257712.4528659,20970025.82037843
2026-05-24 02:45:00,81.2,81.4,81.2,81.4,45423.47662561,3692920.79151153
2026-05-24 03:00:00,81.4,81.6,81.4,81.6,42986.76029473,3500364.72731596
2026-05-24 03:15:00,81.6,81.8,81.6,81.8,124759.79988643,10204492.72177131
2026-05-24 03:30:00,81.9,82.0,81.9,82.0,5897.41211952,483493.7410213
2026-05-24 03:45:00,81.9,81.9,81.8,81.8,4730.01582415,386926.87561205
2026-05-24 04:00:00,82.0,82.0,81.7,82.0,66432.48071472,5427673.93928586
2026-05-24 04:15:00,82.0,82.0,82.0,82.0,35777.7804878,2933777.9999996
2026-05-24 04:30:00,81.7,81.8,81.7,81.7,17493.65659077,1429699.62427275
2026-05-24 04:45:00,81.7,81.9,81.7,81.9,59541.9510404,4864977.40000068
2026-05-24 05:00:00,81.7,81.9,81.7,81.9,47184.80830488,3857212.47635064
2026-05-24 05:15:00,81.7,82.0,81.6,82.0,302394.76071773,24748373.17061633
2026-05-24 05:30:00,82.1,83.8,82.1,83.6,1012651.85634111,84179184.7443907
2026-05-24 05:45:00,83.4,83.6,83.1,83.6,77600.82209366,6458409.23398759
2026-05-24 06:00:00,83.6,83.9,83.2,83.5,81288.09175,6786480.27772285
2026-05-24 06:15:00,83.3,83.3,83.0,83.3,118199.21726432,9825098.65876731
2026-05-24 06:30:00,83.0,83.3,82.7,83.3,169004.29239491,14000394.17003583
2026-05-24 06:45:00,83.0,83.0,82.8,83.0,29498.36235949,2445100.04587318
2026-05-24 07:00:00,83.3,83.3,83.2,83.3,92683.23655733,7718514.43036289
2026-05-24 07:15:00,83.3,83.5,83.3,83.3,381200.95281262,31754154.02109706
2026-05-24 07:30:00,83.3,83.3,82.9,83.3,13317.37096875,1108610.20169688
2026-05-24 07:45:00,83.2,83.3,83.2,83.3,40811.05726614,3399209.14412568
2026-05-24 08:00:00,83.3,83.6,83.3,83.4,111011.64902204,9251544.79488511
2026-05-24 08:15:00,83.4,83.4,83.4,83.4,715.0,59631.0
2026-05-24 08:30:00,83.6,83.6,83.4,83.4,7398.83844206,617862.89375622
2026-05-24 08:45:00,83.4,83.5,83.4,83.5,37666.23572034,3145003.77909509
2026-05-24 09:00:00,83.8,83.8,83.3,83.3,74820.16481094,6241842.7711227
2026-05-24 09:15:00,83.3,83.4,83.0,83.4,125940.93384264,10476431.44887787
2026-05-24 09:30:00,83.2,83.2,83.2,83.2,2833.36979425,235736.3668816
2026-05-24 09:45:00,83.2,83.3,83.2,83.3,16071.03899463,1338537.25979114
2026-05-24 10:00:00,83.4,83.4,83.3,83.3,18003.98830935,1500332.62499979
2026-05-24 10:30:00,83.3,83.5,83.2,83.5,48240.56039903,4014439.99690745
2026-05-24 10:45:00,83.5,83.5,83.5,83.5,187.15038717,15627.0573287
2026-05-24 11:00:00,83.4,83.7,83.4,83.7,19503.91685337,1629761.07767146
2026-05-24 11:15:00,83.5,83.6,83.0,83.0,53094.29743966,4420993.86816266
2026-05-24 11:30:00,83.1,83.1,82.1,82.2,1080784.1508574,89109440.39336787
2026-05-24 11:45:00,82.6,82.6,82.4,82.4,886.88825181,73233.31763951
2026-05-24 12:00:00,82.6,82.7,82.6,82.6,28465.47031784,2351308.30774572
2026-05-24 12:15:00,82.5,82.5,82.4,82.5,756.16869831,62323.23799893
2026-05-24 12:30:00,82.3,82.3,82.2,82.2,17672.79832612,1452748.10040145
2026-05-24 12:45:00,82.1,82.3,82.0,82.3,247814.23405332,20388741.81911567
2026-05-24 13:00:00,82.3,82.6,82.3,82.6,85028.77335371,6997940.68623551
2026-05-24 13:15:00,82.2,82.2,82.2,82.2,2379.42393963,195588.64783759
2026-05-24 13:30:00,82.3,82.3,82.2,82.2,217.71287128,17902.77817922
2026-05-24 13:45:00,82.6,82.6,82.2,82.2,244.65375302,20153.11825899
2026-05-24 14:00:00,82.3,82.3,82.1,82.1,28317.33521457,2325836.25484681
2026-05-24 14:15:00,82.0,82.1,82.0,82.0,47492.64193501,3894988.94081318
2026-05-24 14:30:00,82.1,82.1,82.0,82.0,21655.97410859,1776235.62877736
2026-05-24 15:00:00,82.5,82.5,82.5,82.5,22576.87525933,1862592.20889473
2026-05-24 15:15:00,82.3,82.3,82.3,82.3,9810.3993581,807395.86717163
2026-05-24 15:45:00,82.4,82.7,82.4,82.5,24211.25259113,2001062.93684259
2026-05-24 16:00:00,82.5,82.7,82.5,82.7,36356.59348895,2999858.23509892
2026-05-24 16:15:00,82.5,82.5,82.1,82.1,78229.35408742,6441668.14047401
2026-05-24 16:30:00,82.1,82.1,82.1,82.1,4323.302,354943.0942
2026-05-24 16:45:00,82.2,82.2,82.1,82.1,10744.18546859,882784.35915129
2026-05-24 17:00:00,82.1,82.1,82.0,82.0,46457.62384166,3813514.80043711
2026-05-24 17:15:00,82.0,82.0,82.0,82.0,69051.14472329,5662193.86730978
2026-05-24 17:30:00,82.3,82.3,82.3,82.3,61.90765491,5094.99999909
2026-05-24 17:45:00,82.3,82.3,82.0,82.0,361.98236441,29772.22351998
2026-05-24 18:00:00,82.0,82.3,82.0,82.3,4979.14096591,409764.72919792
2026-05-24 18:15:00,82.2,82.2,82.1,82.1,13988.23659719,1149421.50150895
2026-05-24 18:30:00,82.3,82.3,82.2,82.3,36691.1559115,3019129.19021039
2026-05-24 18:45:00,82.1,82.1,82.1,82.1,509.61892033,41839.71335909
2026-05-24 19:00:00,82.2,82.2,82.0,82.0,128294.52061474,10525061.74172907
2026-05-24 19:15:00,81.9,82.4,81.8,82.2,50040.24380919,4100651.62720918
2026-05-24 19:30:00,82.1,82.2,82.0,82.0,34041.87046169,2794274.54260167
2026-05-24 19:45:00,82.0,82.1,82.0,82.1,2737.2454425,224716.51087696
2026-05-24 20:00:00,82.1,82.1,82.1,82.1,18089.54336244,1485151.51005632
2026-05-24 20:15:00,82.1,82.1,81.7,81.7,65628.0693864,5374359.73978409
2026-05-24 20:30:00,81.9,81.9,81.6,81.7,149334.55426027,12219506.42758094
2026-05-24 20:45:00,81.9,82.0,81.9,82.0,166631.54103113,13647521.52142516
2026-05-24 21:00:00,81.8,81.8,81.6,81.6,318441.03210936,26006637.95817447
2026-05-24 21:15:00,81.9,81.9,81.4,81.5,50573.88727608,4121371.05074966
2026-05-24 21:30:00,81.5,81.5,81.5,81.5,5869.12982789,478334.08097304
2026-05-24 21:45:00,81.4,81.5,81.4,81.5,99120.27223771,8068424.45420173
2026-05-24 22:00:00,81.4,81.5,81.4,81.5,35606.95181638,2899495.20190296
2026-05-24 22:15:00,81.5,81.5,81.4,81.4,21468.4287187,1749172.5404164
2026-05-24 22:30:00,81.3,81.6,81.2,81.2,45379.23868186,3685440.03434806
2026-05-24 22:45:00,81.2,81.3,80.6,80.6,104758.52222459,8452763.96000357
2026-05-24 23:00:00,80.6,80.7,80.0,80.0,198682.97237944,15977358.33193397
2026-05-24 23:15:00,80.0,80.1,79.5,80.1,1075921.44173556,85659933.03461143
2026-05-24 23:30:00,80.1,80.1,79.9,80.0,180010.47510364,14393641.73202298
2026-05-24 23:45:00,80.2,80.2,80.1,80.2,79655.0130342,6381115.55049748
2026-05-25 00:00:00,80.2,80.2,80.0,80.1,9885.17274283,792568.58527273
2026-05-25 00:15:00,80.3,80.5,80.3,80.5,399.30407467,32103.97801094
2026-05-25 00:30:00,80.5,80.8,80.5,80.8,11845.50101186,957086.48175829
2026-05-25 00:45:00,80.7,80.9,80.7,80.9,199.65351069,16131.96901482
2026-05-25 01:00:00,80.7,80.7,80.7,80.7,11556.27087209,932591.05937766
2026-05-25 01:15:00,80.8,81.1,80.8,80.8,62253.86382165,5031351.00435135
2026-05-25 01:30:00,80.7,80.7,80.7,80.7,61725.94205601,4981283.52392001
2026-05-25 01:45:00,80.7,80.8,80.6,80.8,50752.12782308,4099207.31104768
2026-05-25 02:00:00,80.6,80.6,80.6,80.6,4023.45297029,324290.30940537
2026-05-25 02:15:00,80.6,80.6,80.5,80.5,138568.66291184,11168440.98197705
2026-05-25 02:30:00,80.3,80.6,80.3,80.6,2173.50512868,174582.25076034
2026-05-25 02:45:00,80.3,80.3,80.3,80.3,2420.09745732,194333.8258228
2026-05-25 03:30:00,80.3,80.3,80.3,80.3,7884.63922705,633136.52993212
2026-05-25 04:00:00,80.1,80.3,80.1,80.2,11979.73439165,960089.18056195
2026-05-25 04:15:00,80.1,80.1,80.0,80.0,68954.47669161,5523231.30473993
2026-05-25 04:30:00,80.0,80.0,80.0,80.0,102.05592767,8164.4742136
2026-05-25 04:45:00,80.1,80.3,80.1,80.3,2912.18429638,233828.39899931
2026-05-25 05:00:00,80.1,80.2,79.9,79.9,85146.51435418,6815961.94269734
2026-05-25 05:15:00,80.0,80.2,80.0,80.0,158770.35710306,12701648.49842933
2026-05-25 05:45:00,80.1,80.1,80.1,80.1,9705.36692964,777399.89106416
2026-05-25 06:00:00,80.1,80.1,80.1,80.1,1003.42971371,80374.72006817
2026-05-25 06:15:00,80.1,80.1,80.0,80.0,125055.2759595,10004459.85323151
2026-05-25 06:30:00,79.9,79.9,79.1,79.1,80609.69720041,6408003.25637937
2026-05-25 06:45:00,79.1,79.3,78.9,79.2,134783.74845923,10647436.61765813
2026-05-25 07:00:00,79.3,79.5,79.3,79.5,8820.76549624,700423.24868543
2026-05-25 07:15:00,79.9,79.9,79.9,79.9,3522.38662353,281438.69122005
2026-05-25 07:30:00,79.9,80.1,79.9,80.1,173.15122491,13848.78287031
2026-05-25 07:45:00,80.0,80.2,79.9,80.1,409367.33112565,32825949.60059925
2026-05-25 08:00:00,80.1,80.4,80.1,80.4,204838.89814072,16421050.2475384
2026-05-25 08:15:00,80.2,80.2,80.2,80.2,39198.89093823,3143751.05324605
2026-05-25 08:30:00,80.5,80.5,80.2,80.4,27634.28532094,2221630.59584343
2026-05-25 08:45:00,80.4,80.6,80.4,80.6,43253.02281669,3477657.47914856
2026-05-25 09:00:00,80.7,80.9,80.7,80.8,44155.22853574,3569597.28723754
2026-05-25 09:15:00,80.8,80.9,80.7,80.9,22041.60465523,1782061.42013918
2026-05-25 09:30:00,80.9,81.0,80.8,81.0,23705.14333436,1919467.36678497
2026-05-25 09:45:00,80.9,81.1,80.9,80.9,84380.46958165,6833206.44202198
2026-05-25 10:00:00,80.9,80.9,80.7,80.7,35903.87973807,2901099.74541083
2026-05-25 10:15:00,80.7,80.9,80.7,80.7,16145.88965608,1302997.83512296
2026-05-25 10:30:00,80.9,80.9,80.6,80.6,29251.41134891,2357700.844957
2026-05-25 10:45:00,80.6,80.6,80.4,80.4,45932.51007343,3700772.13184314
2026-05-25 11:00:00,80.5,80.8,80.5,80.5,88321.53708792,7126670.4776676
2026-05-25 11:15:00,80.6,80.6,80.6,80.6,2788.45533498,224749.49999939
2026-05-25 11:30:00,80.6,80.8,80.6,80.8,14165.45012164,1141935.27980418
2026-05-25 11:45:00,80.8,80.8,80.8,80.8,127.47524752,10299.99999962
2026-05-25 12:00:00,80.7,80.9,80.6,80.6,40494.13532513,3272915.0551432
2026-05-25 12:15:00,80.7,80.8,80.5,80.8,314903.38738953,25374867.83823537
2026-05-25 12:30:00,80.4,80.4,80.4,80.4,1187.14555765,95446.50283506
2026-05-25 13:00:00,80.5,80.8,80.4,80.4,3446.33608249,277116.51595239
2026-05-25 13:15:00,80.4,80.4,80.4,80.4,8887.98216149,714593.7657838
2026-05-25 13:30:00,80.5,80.6,80.5,80.6,15200.0,1223877.76397516
2026-05-25 13:45:00,80.6,80.9,80.6,80.9,296257.34438629,23909303.78010248
2026-05-25 14:00:00,80.9,81.1,80.9,81.1,22341.78295907,1810118.4618069
2026-05-25 14:15:00,81.1,81.1,81.1,81.1,662.21540678,53705.66948986
2026-05-25 14:30:00,81.1,81.2,81.1,81.2,12154.57483794,986818.18413142
2026-05-25 14:45:00,81.2,81.4,81.2,81.2,53518.22485162,4349764.65043708
2026-05-25 15:00:00,81.2,81.4,81.2,81.4,16855.74894187,1371555.3160514
2026-05-25 15:15:00,81.3,81.5,81.3,81.5,84657.66154781,6885799.72493548
2026-05-25 15:30:00,81.6,81.9,81.6,81.9,15642.29728472,1279338.05712005
2026-05-25 15:45:00,81.9,82.0,81.9,82.0,9104.05482223,746400.39530076
2026-05-25 16:00:00,82.0,82.0,82.0,82.0,9946.47480041,815610.93363362
2026-05-25 16:15:00,82.1,82.5,82.0,82.5,314699.37383661,25834226.57574002
2026-05-25 16:30:00,82.3,82.4,82.3,82.4,15460.69174757,1272420.99999977
2026-05-25 16:45:00,82.4,82.5,82.3,82.3,78568.34112177,6467028.73357841
2026-05-25 17:00:00,82.3,82.4,82.2,82.4,53451.35826163,4399040.49316748
2026-05-25 17:15:00,82.3,82.3,82.2,82.3,45077.25151949,3709621.19795403
2026-05-25 17:30:00,82.4,82.8,82.4,82.8,18614.14031547,1536881.5240068
2026-05-25 17:45:00,82.5,82.7,82.5,82.7,11064.1391745,912954.03074326
2026-05-25 18:00:00,82.4,82.6,82.3,82.6,86448.72283935,7127683.185424
2026-05-25 18:15:00,82.5,82.5,82.2,82.2,227043.79244635,18676678.9198052
2026-05-25 18:30:00,82.2,82.4,82.1,82.1,28117.93709608,2310637.21636252
2026-05-25 18:45:00,82.1,82.1,81.5,81.7,394407.30998056,32237400.05329495
2026-05-25 19:00:00,81.5,81.9,81.4,81.9,109267.54158912,8905923.56832706
2026-05-25 19:15:00,81.9,82.3,81.9,82.1,34624.37944718,2849081.91565304
2026-05-25 19:30:00,82.1,82.1,81.8,82.0,159782.02606226,13077681.68510103
2026-05-25 19:45:00,82.0,82.0,81.8,81.8,14490.36208992,1187706.78234937
2026-05-25 20:00:00,81.8,81.8,81.8,81.8,29959.49435617,2450686.63833471
2026-05-25 20:15:00,81.8,81.8,81.7,81.7,2349.99149011,192000.40352247
2026-05-25 20:30:00,81.7,81.7,81.6,81.6,23846.81505849,1947010.5085465
2026-05-25 20:45:00,81.5,81.5,81.3,81.3,166937.34040088,13587641.3651433
2026-05-25 21:00:00,81.2,81.2,81.0,81.0,128015.73959304,10378342.80598175
2026-05-25 21:15:00,81.3,81.4,81.3,81.4,10140.29907128,824909.99999875
2026-05-25 21:30:00,81.4,81.4,81.2,81.2,9797.33355744,795801.97065308
2026-05-25 21:45:00,81.2,81.2,81.2,81.2,27433.63856371,2227611.45137325
2026-05-25 22:00:00,81.2,81.3,81.2,81.3,8212.97449796,667493.82668415
2026-05-25 22:15:00,81.3,81.3,81.3,81.3,16484.39791598,1340181.55056917
2026-05-25 22:30:00,81.3,81.3,81.3,81.3,6267.67796912,509562.21888946
2026-05-25 22:45:00,81.4,81.5,81.4,81.5,37878.2833659,3083304.53592291
2026-05-25 23:00:00,81.6,81.6,81.5,81.5,63576.5490196,5181731.39999936
2026-05-25 23:15:00,81.6,81.7,81.6,81.7,40880.58851782,3338295.45155299
2026-05-25 23:30:00,81.8,81.8,81.6,81.6,9780.3370466,799047.79875421
2026-05-25 23:45:00,81.7,81.8,81.6,81.6,21714.54065434,1773717.87686816
2026-05-26 00:00:00,81.7,82.0,81.7,82.0,109934.36862781,8992559.16789927
2026-05-26 00:15:00,82.0,82.0,82.0,82.0,114293.17535558,9372040.37915756
2026-05-26 00:30:00,82.1,82.1,82.0,82.0,875.62879739,71877.01266572
2026-05-26 00:45:00,82.2,82.3,82.0,82.0,5647.82030465,464400.09355037
2026-05-26 01:00:00,82.0,82.3,82.0,82.3,5062.68480847,416628.95973708
2026-05-26 01:15:00,82.3,82.4,82.2,82.4,8229.41666885,677470.97205676
2026-05-26 01:30:00,82.2,82.3,82.1,82.1,13421.20228125,1104143.90941401
2026-05-26 01:45:00,82.3,82.5,82.2,82.4,8396.29829264,691510.19912757
2026-05-26 02:00:00,82.2,82.3,82.2,82.3,2712.57939266,223010.99613688
2026-05-26 02:15:00,82.1,82.1,82.0,82.0,12078.12658419,990424.65030553
2026-05-26 03:00:00,81.8,81.8,81.7,81.7,28422.32866919,2323241.91643049
2026-05-26 03:15:00,81.8,81.8,81.8,81.8,2114.54917676,172970.12265897
2026-05-26 04:00:00,81.8,81.8,81.8,81.8,85.57457212,6999.99999942
2026-05-26 04:30:00,81.7,81.7,81.7,81.7,8163.31579708,666942.90062144
2026-05-26 04:45:00,82.1,82.4,82.1,82.4,7391.34066021,608611.54683817
2026-05-26 05:15:00,82.5,82.7,82.4,82.4,58359.48584136,4822958.83299856
2026-05-26 05:30:00,81.8,81.8,81.6,81.6,76814.6326088,6270771.38482698
2026-05-26 05:45:00,81.7,81.9,81.7,81.9,4370.4428906,357181.40509225
2026-05-26 06:15:00,81.7,81.8,81.6,81.8,175370.0476034,14313688.23016943
2026-05-26 06:30:00,81.7,81.7,81.7,81.7,3725.0,304332.5
2026-05-26 06:45:00,81.7,81.9,81.7,81.9,41034.68206828,3355532.86139213
2026-05-26 07:00:00,81.9,81.9,81.8,81.8,10779.40494355,882713.70029653
2026-05-26 07:15:00,81.7,81.8,81.7,81.7,69569.4311905,5683828.64626385
2026-05-26 07:30:00,81.7,81.7,81.2,81.2,471735.31728477,38470101.61968643
2026-05-26 07:45:00,81.3,81.6,81.2,81.6,27609.75241433,2242628.44168006
2026-05-26 08:00:00,81.3,81.3,80.7,80.8,115486.13585492,9338167.08638112
2026-05-26 08:15:00,80.7,80.8,80.5,80.8,18780.61505584,1513773.02768257
2026-05-26 08:30:00,80.8,80.9,80.8,80.9,117238.9421817,9476012.96370459
2026-05-26 08:45:00,80.8,80.9,80.8,80.9,6921.21026705,559246.16759348
2026-05-26 09:00:00,80.8,80.8,80.6,80.7,141767.89443634,11438071.48095607
2026-05-26 09:15:00,80.7,80.7,80.3,80.3,213963.61502999,17210293.88439609
2026-05-26 09:30:00,80.6,80.6,79.7,80.2,105565.80403012,8457507.05085533
2026-05-26 09:45:00,79.8,79.9,79.3,79.8,85406.71926178,6805488.68647425
2026-05-26 10:00:00,79.6,79.8,79.3,79.3,192613.73695075,15306869.4696575
2026-05-26 10:15:00,79.8,79.8,79.6,79.6,20283.44541566,1614850.09994856
2026-05-26 10:30:00,79.4,79.4,78.7,79.0,178971.59794914,14137569.81000558
2026-05-26 10:45:00,78.7,79.0,78.7,79.0,157149.34577056,12411798.31587424
2026-05-26 11:00:00,79.0,79.1,78.9,79.1,75984.52204898,6000276.85654701
2026-05-26 11:15:00,79.1,79.1,78.8,78.9,113871.44025657,8991179.70509141
2026-05-26 11:30:00,78.9,79.0,78.9,79.0,102751.46841571,8107649.47934834
2026-05-26 11:45:00,78.9,79.0,78.9,79.0,38924.58880985,3071188.03178071
2026-05-26 12:00:00,78.9,78.9,78.9,78.9,13894.15694693,1096248.98311278
2026-05-26 12:15:00,78.9,78.9,78.9,78.9,53531.09883587,4223603.69815014
2026-05-26 12:30:00,78.9,79.0,78.9,79.0,109517.31337022,8650972.44632893
2026-05-26 12:45:00,79.0,79.1,78.9,79.1,53294.64478423,4208210.80949413
2026-05-26 13:15:00,79.0,79.6,79.0,79.6,107187.83525902,8481342.97707358
2026-05-26 13:30:00,79.7,79.9,79.7,79.9,164.83327963,13149.83316248
2026-05-26 13:45:00,79.8,79.8,79.6,79.6,124021.72311292,9884678.79842578
2026-05-26 14:00:00,79.7,79.7,79.6,79.6,2163.97507035,172315.15085707
2026-05-26 14:15:00,79.8,79.9,79.8,79.9,2093.52991058,167069.94593813
2026-05-26 14:30:00,79.6,80.1,79.6,80.1,22157.73657288,1770809.91458629
2026-05-26 14:45:00,80.0,80.2,79.9,80.1,216600.02471743,17341006.99593179
2026-05-26 15:00:00,80.3,80.3,80.0,80.0,171.45716438,13737.32657506
2026-05-26 15:15:00,80.0,80.0,79.8,79.8,215258.51811982,17203946.97806304
2026-05-26 15:30:00,80.0,80.0,80.0,80.0,27574.98882453,2205999.1059624
2026-05-26 15:45:00,80.2,80.4,80.2,80.2,27211.0333048,2184873.08481868
2026-05-26 16:00:00,80.2,80.2,79.5,79.5,397553.24662192,31640659.94142787
2026-05-26 16:15:00,79.7,79.8,79.3,79.3,3735.56293751,297859.15766609
2026-05-26 16:30:00,79.4,79.4,78.9,79.0,157302.76540695,12432035.22193396
2026-05-26 16:45:00,79.1,79.5,79.1,79.5,78805.99232924,6247954.22113549
2026-05-26 17:00:00,79.4,79.6,79.2,79.6,99490.22384758,7898604.80344601
2026-05-26 17:15:00,79.5,79.5,79.5,79.5,1377.35849056,109499.99999952
2026-05-26 17:30:00,79.3,79.3,79.3,79.3,37831.02143758,3000000.00000009
2026-05-26 17:45:00,79.5,79.7,79.5,79.7,24653.8783031,1959999.99999971
2026-05-26 18:00:00,79.7,79.7,79.7,79.7,18816.65189989,1499687.15642123
2026-05-26 18:15:00,79.6,79.7,79.5,79.5,78891.17685446,6273904.14832588
2026-05-26 18:30:00,79.6,79.9,79.4,79.4,12065.54529241,959591.61144452
2026-05-26 18:45:00,79.6,79.6,79.3,79.3,9340.01245192,741262.95540877
2026-05-26 19:00:00,79.3,79.6,79.3,79.6,31729.39863184,2521939.18712859
2026-05-26 19:15:00,79.6,80.2,79.6,80.0,106890.29299534,8545861.37782462
2026-05-26 19:30:00,80.2,80.4,80.2,80.4,25845.4656446,2074855.15910433
2026-05-26 19:45:00,80.3,80.5,80.3,80.5,6597.82057759,531049.08479788
2026-05-26 20:00:00,80.5,80.6,80.4,80.6,39625.18091229,3192536.23257317
2026-05-26 20:15:00,80.5,80.6,80.5,80.5,23440.95092177,1887105.56048911
2026-05-26 20:30:00,80.5,80.6,80.3,80.5,9500.07241849,763630.34262309
2026-05-26 20:45:00,80.3,80.4,80.3,80.3,19820.77463814,1591804.46329565
2026-05-26 21:00:00,80.3,80.3,79.6,79.9,167993.25453505,13453025.19633784
2026-05-26 21:15:00,80.0,80.4,79.7,80.0,151445.45821479,12113611.16640877
2026-05-26 21:30:00,80.0,80.0,79.8,79.8,185678.96403166,14834272.48694343
2026-05-26 21:45:00,80.1,80.1,80.1,80.1,1120.37562189,89742.08731339
2026-05-26 22:00:00,80.0,80.3,80.0,80.0,7583.43636033,606693.59251258
2026-05-26 22:15:00,80.0,80.0,79.8,79.8,19030.89288738,1521253.93210795
2026-05-26 22:30:00,79.8,79.9,79.5,79.9,109068.09049165,8688879.04897259
2026-05-26 22:45:00,79.9,80.0,79.8,79.8,92706.63069619,7406517.29150803
2026-05-26 23:00:00,80.1,80.5,80.1,80.3,37125.88853754,2981152.36226343
2026-05-26 23:15:00,80.5,80.5,80.5,80.5,52846.56405652,4254148.40654986
2026-05-26 23:30:00,80.4,80.5,79.6,79.6,65456.58441721,5238825.67226612
2026-05-26 23:45:00,80.0,80.0,80.0,80.0,475.85,38068.0
2026-05-27 00:00:00,79.7,79.7,79.5,79.5,10648.8145121,847912.07022945
2026-05-27 00:15:00,79.7,79.7,79.5,79.5,89514.13849221,7125259.07945606
2026-05-27 00:30:00,79.5,79.5,79.0,79.3,97838.54161476,7766074.57267357
2026-05-27 00:45:00,79.3,79.3,78.9,78.9,10007.42715937,791004.56678493
2026-05-27 01:00:00,79.4,79.4,79.1,79.1,20289.60664127,1607751.2812251
2026-05-27 01:30:00,79.1,79.1,79.1,79.1,936.9373606,74111.74522346
2026-05-27 01:45:00,79.1,79.1,79.0,79.0,917.03071942,72508.53187832
2026-05-27 02:00:00,79.4,79.4,79.2,79.2,13782.99815558,1092507.6763531
2026-05-27 02:15:00,79.0,79.0,78.4,78.4,45764.20709991,3606816.63274158
2026-05-27 02:30:00,78.3,78.5,77.9,77.9,22508.92830466,1757997.34022676
2026-05-27 02:45:00,78.4,78.4,78.4,78.4,24407.82050976,1913573.12796518
2026-05-27 03:00:00,78.4,78.5,78.4,78.5,212.37096941,16656.25470238
2026-05-27 03:15:00,78.5,78.6,78.5,78.6,11270.70815642,885501.97082273
2026-05-27 03:30:00,78.4,78.4,78.4,78.4,12842.33201313,1006838.82982939
2026-05-27 04:00:00,78.2,78.3,77.9,77.9,35238.17210588,2754434.19941982
2026-05-27 04:15:00,78.0,78.2,77.9,78.2,1844.13864897,143707.85508709
2026-05-27 05:15:00,78.5,78.5,78.5,78.5,3848.06223751,302072.88564454
2026-05-27 05:30:00,78.5,78.5,78.4,78.4,15715.25764141,1232079.0984496
2026-05-27 05:45:00,78.5,78.5,78.5,78.5,11515.46623971,903964.09981724
2026-05-27 06:00:00,78.5,78.5,78.3,78.3,8238.55228331,645375.23777508
2026-05-27 06:30:00,78.2,78.4,78.2,78.4,3135.23270256,245786.89861216
2026-05-27 06:45:00,78.5,78.5,78.1,78.1,66946.31593323,5236103.12239019
2026-05-27 07:00:00,78.4,78.4,78.4,78.4,63.90306122,5009.99999965
2026-05-27 07:15:00,78.1,78.1,77.9,78.1,10404.45966209,810840.52311949
2026-05-27 07:30:00,78.1,78.2,78.0,78.0,2244.53496948,175222.80261513
2026-05-27 07:45:00,78.0,78.2,78.0,78.1,706.69309459,55142.73564725
2026-05-27 08:00:00,78.1,78.1,78.1,78.1,45238.80505158,3533150.6745284
2026-05-27 08:15:00,78.1,78.2,78.0,78.1,53465.19390499,4176032.86812851
2026-05-27 08:30:00,78.2,78.3,78.0,78.0,58414.16632963,4565601.77238016
2026-05-27 08:45:00,78.2,78.2,78.0,78.0,62742.10976567,4894097.37502149
2026-05-27 09:00:00,78.0,78.1,77.7,77.9,524811.46125522,40884658.53015472
2026-05-27 09:15:00,77.8,77.9,77.5,77.7,299694.64460586,23252491.6144517
2026-05-27 09:30:00,77.7,77.9,77.7,77.9,139043.73842728,10815323.32438226
2026-05-27 09:45:00,77.9,77.9,77.9,77.9,4493.0,350004.7
2026-05-27 10:00:00,77.9,77.9,77.7,77.7,14587.23363285,1136025.49999902
2026-05-27 10:15:00,77.9,77.9,77.7,77.8,68480.76456022,5324149.61117519
2026-05-27 10:30:00,77.8,77.8,77.5,77.7,28805.12779868,2236652.70433356
2026-05-27 10:45:00,77.6,77.6,77.2,77.5,110702.50379275,8572630.05691064
2026-05-27 11:00:00,77.2,77.3,77.1,77.1,178996.96487379,13822021.52170698
2026-05-27 11:15:00,77.1,77.4,77.0,77.4,107215.76455442,8260853.82050764
2026-05-27 11:30:00,77.1,77.1,76.7,76.7,280311.19120658,21549041.20684953
2026-05-27 11:45:00,76.9,76.9,76.9,76.9,25291.35302958,1944905.0479747
2026-05-27 12:00:00,76.9,77.0,76.9,77.0,61634.78398475,4744328.45378876
2026-05-27 12:15:00,77.1,77.1,77.0,77.0,168294.53674799,12961473.36331767
2026-05-27 12:30:00,77.0,77.2,77.0,77.1,38873.2295839,2994220.52970023
2026-05-27 12:45:00,76.9,76.9,76.2,76.3,504267.26274995,38648124.85220772
2026-05-27 13:00:00,76.5,76.5,76.2,76.5,177804.78885365,13572991.93075416
2026-05-27 13:15:00,76.5,76.5,76.0,76.1,204388.07937836,15589556.21582267
2026-05-27 13:30:00,76.1,76.2,75.7,75.8,572664.60060931,43450811.14828826
2026-05-27 13:45:00,75.8,76.3,75.7,76.2,286992.23598564,21762620.05786041
2026-05-27 14:00:00,76.2,76.4,76.0,76.0,96453.07223196,7347651.24984311
2026-05-27 14:15:00,76.1,76.2,76.0,76.2,23768.07554204,1809337.39673213
2026-05-27 14:30:00,76.1,76.3,76.1,76.1,47916.83193911,3650088.272672
2026-05-27 14:45:00,76.0,76.2,76.0,76.2,17304.58612988,1316050.83876695
2026-05-27 15:00:00,76.3,76.6,76.3,76.4,199171.92011598,15225744.34966433
2026-05-27 15:15:00,76.7,76.8,76.4,76.4,130375.86303707,9979891.50881437
2026-05-27 15:30:00,76.7,76.7,76.4,76.4,70380.02320584,5383035.69410726
2026-05-27 15:45:00,76.8,77.1,76.6,77.1,93748.0387566,7199591.65232965
2026-05-27 16:00:00,76.9,77.2,76.8,76.8,51797.41293966,3978128.9753729
2026-05-27 16:15:00,76.8,77.0,76.8,77.0,60190.66690823,4627901.92707208
2026-05-27 16:30:00,76.9,77.0,76.8,76.8,129512.02515939,9947705.93356635
2026-05-27 16:45:00,77.0,77.0,76.7,77.0,74761.091916,5746379.7544676
2026-05-27 17:00:00,77.0,77.1,76.8,76.8,81131.23022776,6241051.50543266
2026-05-27 17:15:00,77.1,77.1,76.6,76.9,476260.25717254,36497979.23989155
2026-05-27 17:30:00,77.1,77.1,77.0,77.0,39948.11932555,3078999.99999991
2026-05-27 17:45:00,76.9,76.9,76.6,76.6,152444.98575325,11692680.11122446
2026-05-27 18:00:00,76.6,76.7,76.3,76.3,142019.77545122,10864456.39247965
2026-05-27 18:15:00,76.6,76.6,76.6,76.6,65.27415143,4999.99999954
2026-05-27 18:30:00,76.6,76.7,76.6,76.7,76011.58690717,5822494.07729783
2026-05-27 18:45:00,76.7,76.7,76.6,76.6,14606.69339443,1118886.11800235
2026-05-27 19:00:00,76.5,76.5,76.4,76.4,14964.57004668,1144200.60333542
2026-05-27 19:15:00,76.6,76.8,76.6,76.8,22521.04025822,1727402.02806111
2026-05-27 19:30:00,76.7,76.7,76.7,76.7,10090.01366256,773904.04791835
2026-05-27 19:45:00,76.7,76.7,76.7,76.7,2994.26557907,229660.16991467
2026-05-27 20:00:00,76.8,76.8,76.7,76.8,29988.38188248,2303099.90588868
2026-05-27 20:15:00,76.8,76.9,76.8,76.9,2117.62577088,162640.16245456
2026-05-27 20:45:00,76.6,76.8,76.6,76.6,57437.87967427,4404168.58304908
2026-05-27 21:00:00,76.6,76.6,76.3,76.3,110388.93096307,8443163.66151351
2026-05-27 21:15:00,76.2,77.1,76.1,77.0,219736.73850403,16911426.86890522
2026-05-27 21:30:00,77.0,77.2,77.0,77.2,93127.17772274,7171431.83429475
2026-05-27 21:45:00,77.2,77.2,77.1,77.1,168603.04912478,12999354.0965879
2026-05-27 22:00:00,77.2,77.2,77.0,77.0,2246.77927881,173020.73499946
2026-05-27 22:15:00,76.7,76.8,76.5,76.5,53233.34130887,4078316.13693979
2026-05-27 22:30:00,76.3,76.3,76.0,76.0,26353.71155005,2004463.13757331
2026-05-27 22:45:00,76.3,76.6,76.3,76.4,70185.07853383,5368395.50079578
2026-05-27 23:00:00,76.4,76.5,76.4,76.4,11555.1191782,883311.10521448
2026-05-27 23:15:00,76.4,76.5,76.2,76.2,115020.3746107,8780768.47907548
2026-05-27 23:30:00,76.3,76.5,76.3,76.5,9099.90250697,694337.12222545
2026-05-27 23:45:00,76.4,76.5,76.4,76.5,44562.17010946,3404550.70729128
2026-05-28 00:00:00,76.8,77.1,76.8,77.1,16967.41536371,1305559.58802429
2026-05-28 00:15:00,77.2,77.6,77.2,77.6,8622.25522743,666613.53423431
2026-05-28 00:30:00,77.9,78.1,77.7,77.7,85314.68011442,6652184.72792607
2026-05-28 00:45:00,77.7,77.9,77.3,77.3,46927.89877673,3646543.50725871
2026-05-28 01:00:00,77.7,77.9,77.7,77.8,33584.38536478,2612256.09659546
2026-05-28 01:15:00,77.7,77.7,77.5,77.5,20571.94891078,1594342.64956169
2026-05-28 01:30:00,77.4,77.5,77.4,77.5,4773.90785195,369629.49999899
2026-05-28 01:45:00,77.5,77.5,77.4,77.4,22430.31880414,1736460.37656795
2026-05-28 02:00:00,77.3,77.3,76.9,77.2,51650.2835704,3974475.25853061
2026-05-28 02:15:00,76.6,76.6,76.6,76.6,16475.27884409,1262006.35945729
2026-05-28 02:45:00,76.6,76.6,76.6,76.6,72776.16660912,5574654.36225859
2026-05-28 03:00:00,76.5,76.5,76.0,76.1,80507.06288557,6137822.56676942
2026-05-28 03:15:00,76.1,76.1,76.1,76.1,4616.67638127,351329.07261465
2026-05-28 03:30:00,76.1,76.2,76.1,76.2,29599.29375015,2255453.62638204
2026-05-28 03:45:00,76.2,76.4,76.2,76.4,269223.42838484,20528545.68743986
2026-05-28 04:00:00,76.4,76.7,76.4,76.7,133579.72934943,10230649.80673544
2026-05-28 04:30:00,76.6,76.6,76.6,76.6,4447.59343565,340685.65717079
2026-05-28 04:45:00,76.7,76.7,76.5,76.5,4509.85557628,345016.99200263
2026-05-28 05:15:00,76.3,76.3,76.3,76.3,8026.53376019,612424.5259025
2026-05-28 05:30:00,76.2,76.4,76.1,76.4,9211.80921553,702484.48979691
2026-05-28 05:45:00,76.5,76.5,76.5,76.5,71.89542483,5499.9999995
2026-05-28 06:00:00,76.5,76.5,76.5,76.5,4446.12346294,340128.44491491
2026-05-28 06:15:00,76.5,76.8,76.5,76.5,9009.93082376,690214.76428739
2026-05-28 06:30:00,76.5,76.5,75.5,75.7,224563.39497357,17058094.56612381
2026-05-28 06:45:00,75.5,75.6,74.6,74.9,478203.78255185,35902329.58654013
2026-05-28 07:00:00,75.3,75.3,74.7,74.7,53489.78392607,4003929.41441317
2026-05-28 07:15:00,74.7,75.5,74.7,75.4,61470.23671736,4616126.50569884
2026-05-28 07:30:00,75.4,75.4,74.8,75.3,572125.33896988,42929595.93764281
2026-05-28 07:45:00,75.1,75.1,74.7,74.7,274208.55441884,20490595.67793764
2026-05-28 08:00:00,74.7,75.0,74.5,74.8,256302.46121947,19170747.37724591
2026-05-28 08:15:00,74.8,74.8,74.5,74.7,167916.40189453,12536918.68843844
2026-05-28 08:30:00,74.7,74.7,74.0,74.4,628791.48754669,46627163.68422553
2026-05-28 08:45:00,74.3,74.8,74.3,74.8,147347.32872154,10975372.70526343
2026-05-28 09:00:00,74.9,75.0,74.8,74.8,40619.47007929,3040982.85299013
2026-05-28 09:15:00,74.7,74.9,74.5,74.7,340667.43702887,25453989.18520947
2026-05-28 09:30:00,74.8,74.8,74.7,74.7,288.06849472,21525.41441655
2026-05-28 09:45:00,74.9,74.9,74.9,74.9,148.74163319,11140.74832593
2026-05-28 10:00:00,74.7,74.7,74.5,74.5,41551.04338596,3099135.53737003
2026-05-28 10:15:00,74.4,74.4,73.1,73.5,272923.27810855,20144733.5287984
2026-05-28 10:30:00,73.3,73.7,73.2,73.6,136022.30649551,9985974.97684141
2026-05-28 10:45:00,73.6,73.9,73.2,73.8,82155.63283934,6060098.52309105
2026-05-28 11:00:00,73.8,74.0,73.6,74.0,85717.21142358,6322398.09364062
2026-05-28 11:15:00,74.0,74.0,73.8,73.8,3093.93373417,228409.09090853
2026-05-28 11:30:00,73.9,73.9,73.6,73.6,59834.41942163,4415985.80292165
2026-05-28 11:45:00,74.0,74.0,73.9,74.0,34144.04966435,2526454.19862714
2026-05-28 12:00:00,73.6,73.6,73.1,73.4,127841.6233729,9388711.28904245
2026-05-28 12:15:00,73.4,73.4,72.1,72.4,252163.97682613,18301511.78283789
2026-05-28 12:30:00,72.5,72.5,71.9,72.3,963674.52462522,69669707.3309912
2026-05-28 12:45:00,72.3,72.5,71.5,71.5,647382.94238653,46548022.1551994
2026-05-28 13:00:00,72.0,72.0,71.1,71.4,594549.41962244,42432783.15637418
2026-05-28 13:15:00,71.4,71.6,71.0,71.2,507668.44748282,36145294.11433282
2026-05-28 13:30:00,71.5,71.5,71.5,71.5,3087.30227297,220742.11251736
2026-05-28 13:45:00,71.5,71.7,71.3,71.7,20574.17515157,1470386.3900407
2026-05-28 14:00:00,71.6,71.6,71.1,71.1,43879.34599879,3125083.49939151
2026-05-28 14:15:00,71.3,71.3,70.8,71.1,280564.13918366,19943796.78362183
2026-05-28 14:30:00,71.1,71.5,71.1,71.1,339990.51835703,24236557.08708713
2026-05-28 14:45:00,71.1,71.5,71.1,71.4,40000.91352436,2846396.20833967
2026-05-28 15:00:00,71.3,71.5,71.1,71.5,154797.4239835,11025480.72529964
2026-05-28 15:15:00,71.5,71.6,71.5,71.6,367266.24377422,26288319.74018898
2026-05-28 15:30:00,71.6,71.7,71.6,71.7,64146.78159923,4593216.53740027
2026-05-28 15:45:00,71.8,72.3,71.8,72.1,254310.86027477,18372827.53991846
2026-05-28 16:00:00,72.0,72.0,72.0,72.0,1261.30885856,90814.23781632
2026-05-28 16:15:00,72.4,72.5,72.4,72.5,39929.74507221,2891051.47426249
2026-05-28 16:30:00,72.7,72.9,72.7,72.8,15854.40010104,1153850.68565524
2026-05-28 16:45:00,72.5,72.5,72.3,72.3,24440.56249743,1767847.89577817
2026-05-28 17:00:00,72.3,72.6,72.3,72.6,21050.36371551,1526322.06499189
2026-05-28 17:15:00,72.6,72.6,72.3,72.3,57303.65290848,4148600.99949957
2026-05-28 17:30:00,72.3,72.4,72.3,72.4,2680.27702161,193968.46822106
2026-05-28 17:45:00,72.2,72.2,72.2,72.2,6215.0,448723.0
2026-05-28 18:00:00,72.1,72.2,72.0,72.1,78804.66627903,5676180.42002325
2026-05-28 18:15:00,72.1,72.4,72.1,72.4,9397.75034893,678396.84042078
2026-05-28 18:30:00,72.5,72.9,72.5,72.9,140961.93000551,10252608.88263519
2026-05-28 18:45:00,72.9,73.1,72.8,73.1,104862.93646823,7652641.33929004
2026-05-28 19:00:00,73.1,73.1,73.0,73.0,19241.65235275,1404859.49999972
2026-05-28 19:15:00,73.0,73.0,72.5,72.5,192156.01175933,13977113.3178163
2026-05-28 19:30:00,72.7,72.7,72.7,72.7,2275.6731288,165441.43646376
2026-05-28 19:45:00,72.4,72.4,72.2,72.3,22106.50696522,1598361.99303889
2026-05-28 20:00:00,72.3,72.3,71.9,72.0,70556.15747718,5083466.28971681
2026-05-28 20:30:00,71.8,72.1,71.8,71.9,17485.12719549,1255849.93096914
2026-05-28 21:00:00,71.9,71.9,71.8,71.8,36292.10941716,2606005.30900497
2026-05-28 21:15:00,71.9,72.0,71.9,72.0,214.63288888,15445.99359936
2026-05-28 21:30:00,71.9,72.3,71.9,72.1,808.20831393,58310.85953806
2026-05-28 21:45:00,72.1,72.4,72.1,72.4,4678.1018818,338263.94961015
2026-05-28 22:00:00,72.3,72.3,72.1,72.1,24545.19364781,1770421.23438386
2026-05-28 22:15:00,72.1,72.1,71.9,71.9,3407.64636616,245391.36838331
2026-05-28 22:30:00,72.3,72.3,71.6,72.0,164625.31150598,11829585.9837755
2026-05-28 22:45:00,72.0,72.3,71.9,72.0,23800.91750394,1712893.93346218
2026-05-28 23:00:00,71.8,71.9,71.2,71.9,161456.26618149,11518177.23455318
2026-05-28 23:15:00,71.9,72.5,71.9,72.5,11284.86590038,812209.44444421
2026-05-28 23:30:00,72.1,72.1,72.1,72.1,6896.55172413,497241.37930977
2026-05-28 23:45:00,72.0,72.0,71.9,71.9,76383.36315587,5495975.88666773
2026-05-29 00:00:00,72.1,72.1,71.9,71.9,94653.23440555,6822602.40823032
2026-05-29 00:15:00,71.7,71.7,71.5,71.5,3064.49788816,219219.17645718
2026-05-29 00:30:00,71.8,71.8,71.8,71.8,35292.47303465,2533999.56388787
2026-05-29 00:45:00,72.1,73.8,71.9,72.2,1057287.94342147,77111949.1515672
2026-05-29 01:00:00,72.5,72.5,71.8,72.5,151371.7492963,10912629.39468854
2026-05-29 01:15:00,72.8,72.8,72.4,72.4,196.53426893,14256.58107053
2026-05-29 01:30:00,73.0,73.0,73.0,73.0,624.4819,45587.1787
2026-05-29 01:45:00,72.9,72.9,72.9,72.9,40566.56274588,2957302.42417465
2026-05-29 02:00:00,73.0,73.3,72.9,73.1,50985.38542201,3725615.84200789
2026-05-29 02:15:00,73.1,73.4,72.9,73.0,24504.93081512,1791390.01509633
2026-05-29 02:45:00,73.5,73.5,73.3,73.3,23376.0,1716580.8
2026-05-29 03:00:00,73.4,73.7,73.4,73.7,71485.22083239,5252327.63118067
2026-05-29 03:15:00,73.5,73.5,73.5,73.5,16074.12059499,1181447.86373177
2026-05-29 03:45:00,73.6,73.6,73.6,73.6,1494.56521738,109999.99999917
2026-05-29 04:00:00,73.3,73.3,73.3,73.3,11694.04102177,857173.20689574
2026-05-29 04:30:00,73.3,73.3,73.3,73.3,6817.87346435,499750.12493686
2026-05-29 04:45:00,73.1,73.1,73.1,73.1,180.14642674,13168.70379469
2026-05-29 05:00:00,73.3,73.3,73.3,73.3,120.0,8796.0
2026-05-29 05:15:00,73.3,73.4,73.3,73.4,61271.10677431,4491719.72028632
2026-05-29 05:30:00,73.5,73.5,73.5,73.5,65.45811518,4811.17146573
2026-05-29 06:00:00,73.2,73.3,73.2,73.3,5140.75697681,376808.18560017
2026-05-29 06:15:00,73.5,73.5,73.5,73.5,5410.47917879,397670.21964107
2026-05-29 06:30:00,73.4,73.7,73.4,73.5,13308.43825992,979181.20827276
2026-05-29 06:45:00,73.6,73.6,73.4,73.4,23766.56934517,1744479.80406591
2026-05-29 07:00:00,73.4,73.4,73.3,73.3,16725.19326167,1226500.82081843
2026-05-29 07:15:00,73.5,73.5,72.9,72.9,75510.52726414,5507212.86198536
2026-05-29 07:30:00,73.0,73.0,72.4,72.4,238062.31735051,17258756.1199765
2026-05-29 07:45:00,72.9,72.9,72.9,72.9,65.97625329,4809.66886484
2026-05-29 08:00:00,72.9,72.9,72.9,72.9,146364.36691196,10669962.34788188
2026-05-29 08:15:00,72.9,72.9,72.9,72.9,121.76353524,8876.561719
2026-05-29 08:30:00,72.9,72.9,72.9,72.9,68552.82920953,4997501.24937474
2026-05-29 08:45:00,72.9,72.9,72.6,72.9,84370.33702519,6127945.46242
2026-05-29 09:00:00,72.9,73.1,72.9,73.1,21300.75103376,1553536.87410709
2026-05-29 09:15:00,73.2,73.3,73.2,73.2,21173.41218996,1549934.69999948
2026-05-29 09:30:00,73.1,73.2,72.8,73.0,13219.56840101,966380.18831567
2026-05-29 09:45:00,73.3,73.4,73.3,73.4,67780.75467,4974792.25859941
2026-05-29 10:00:00,73.1,73.3,73.1,73.3,10143.58487721,743424.77149949
2026-05-29 10:15:00,73.2,73.3,72.8,72.8,98257.10991904,7198097.91726774
2026-05-29 10:30:00,72.8,73.0,72.7,73.0,117598.30905534,8549703.69304016
2026-05-29 10:45:00,73.0,73.0,73.0,73.0,684.93150684,49999.99999932
2026-05-29 11:00:00,73.0,73.0,73.0,73.0,35168.99084704,2567336.33183392
2026-05-29 11:15:00,72.9,72.9,72.7,72.7,122214.6533254,8889250.09382959
2026-05-29 11:30:00,72.7,72.7,72.6,72.6,4779.92386446,347031.4757898
2026-05-29 11:45:00,72.6,72.6,72.4,72.4,15705.85447311,1138976.52223386
2026-05-29 12:00:00,72.4,72.6,72.4,72.6,21407.65164786,1554036.78118989
2026-05-29 12:15:00,72.6,72.6,72.5,72.5,5408.13144899,392622.59329667
2026-05-29 12:30:00,72.3,72.6,72.3,72.6,108519.80018467,7856323.69305859
2026-05-29 12:45:00,72.4,72.4,72.3,72.3,9449.80386078,683912.39244006
2026-05-29 13:00:00,72.3,72.3,72.1,72.2,82606.85563625,5965535.97662754
2026-05-29 13:15:00,72.1,72.2,72.0,72.2,36591.10243737,2636683.50913064
2026-05-29 13:30:00,72.2,72.3,72.2,72.2,61363.09649778,4431346.91798167
2026-05-29 14:00:00,72.5,72.9,72.5,72.8,15665.52572064,1140209.93683041
2026-05-29 14:15:00,72.9,72.9,72.7,72.7,48116.88807586,3502176.9222371
2026-05-29 14:30:00,72.7,72.7,72.7,72.7,6698.45875823,486977.95172332
2026-05-29 14:45:00,72.7,72.7,72.6,72.6,39183.36159738,2846207.5676032
2026-05-29 15:00:00,72.6,72.9,72.6,72.9,73522.20995343,5342731.35700069
2026-05-29 15:15:00,72.9,72.9,72.9,72.9,2057.61316873,150000.00000042
2026-05-29 15:45:00,72.9,73.2,72.9,73.2,36451.62526756,2666328.94056405
2026-05-29 16:00:00,73.2,73.2,73.2,73.2,30926.2751,2263803.33732
2026-05-29 16:15:00,73.2,73.3,73.2,73.3,113443.03218272,8304742.99315147
2026-05-29 16:30:00,73.1,73.1,72.7,72.7,51301.69464598,3744266.68527885
2026-05-29 16:45:00,72.7,72.7,72.6,72.6,19628.2438979,1425010.50698758
2026-05-29 17:00:00,72.9,73.1,72.8,73.0,45659.98450329,3329652.90217303
2026-05-29 17:15:00,72.8,73.1,72.8,73.1,46179.54327803,3363026.89031226
2026-05-29 17:30:00,72.8,73.1,72.8,73.1,7438.80499179,541577.83561128
2026-05-29 17:45:00,72.8,73.1,72.8,73.1,428.47462372,31212.64158319
2026-05-29 18:00:00,73.1,73.4,73.1,73.4,9241.46631459,675985.67316258
2026-05-29 18:15:00,73.1,73.4,73.1,73.1,1420.7421652,103876.72911536
2026-05-29 18:30:00,73.4,73.4,73.4,73.4,6805.17711171,499499.99999951
2026-05-29 18:45:00,73.4,73.5,73.4,73.4,68786.41845219,5050807.87541159
2026-05-29 19:00:00,73.4,73.4,73.3,73.3,68073.82771768,4992626.53019395
2026-05-29 19:15:00,73.2,73.2,73.1,73.1,231280.63558467,16926349.82479786
2026-05-29 19:30:00,73.1,73.4,73.0,73.3,115131.19393843,8432521.42342457
2026-05-29 19:45:00,73.3,73.4,73.3,73.4,5865.7452669,429999.99999837
2026-05-29 20:00:00,73.4,74.0,73.3,73.7,89887.22048297,6612959.60173038
2026-05-29 20:15:00,73.7,74.0,73.7,74.0,322415.40953814,23762036.02125591
2026-05-29 20:30:00,74.0,74.0,73.5,73.7,81170.85358785,5983904.29487818
2026-05-29 20:45:00,73.8,73.8,73.1,73.1,437402.48992772,32041749.57466837
2026-05-29 21:00:00,73.3,73.5,73.3,73.4,2550.59202543,186985.12965186
2026-05-29 21:15:00,73.2,73.6,73.2,73.3,162857.20039561,11957722.45065884
2026-05-29 21:30:00,73.3,73.6,73.0,73.0,99186.57761334,7248256.8902257
2026-05-29 21:45:00,72.9,73.2,72.9,73.2,11484.92735063,837271.73664781
2026-05-29 22:00:00,72.9,72.9,72.7,72.7,51309.33617836,3734741.86123249
2026-05-29 22:15:00,72.9,72.9,72.7,72.9,2846.38633972,207097.06330368
2026-05-29 22:30:00,72.7,73.1,72.5,73.1,24417.80383193,1773761.69218879
2026-05-29 22:45:00,72.8,73.2,72.8,72.8,759.05597909,55286.65232693
2026-05-29 23:00:00,73.1,73.2,72.8,73.2,1864.17638271,135871.95357231
2026-05-29 23:15:00,72.9,72.9,72.1,72.4,242738.1555954,17586127.48611218
2026-05-29 23:30:00,72.6,72.6,72.4,72.4,11148.82905689,809385.16847021
2026-05-29 23:45:00,72.4,73.3,72.4,73.2,369714.60672527,27037918.76068801
2026-05-30 00:00:00,73.3,74.0,73.3,73.8,113809.09926419,8368108.25242245
2026-05-30 00:15:00,73.7,74.2,73.7,74.2,157035.49044279,11618945.99753406
2026-05-30 00:30:00,74.3,74.7,74.1,74.2,223030.62997483,16604369.15488143
2026-05-30 00:45:00,74.2,74.2,74.1,74.2,47017.94739311,3486208.80956422
2026-05-30 01:00:00,74.4,74.6,74.3,74.6,390830.68259855,29139575.67555782
2026-05-30 01:15:00,74.4,74.7,74.0,74.0,472480.57079604,35020270.93303519
2026-05-30 01:30:00,74.4,74.7,74.3,74.7,47177.50297751,3513274.19637787
2026-05-30 01:45:00,74.5,74.5,74.4,74.4,948.63336506,70597.42309515
2026-05-30 02:00:00,74.8,74.8,74.8,74.8,38331.82357266,2867220.40323497
2026-05-30 02:15:00,74.9,74.9,74.9,74.9,7994.0,598750.6
2026-05-30 02:30:00,74.6,75.0,74.6,75.0,29924.80543072,2239202.79828068
2026-05-30 02:45:00,74.6,74.6,74.5,74.5,19180.08351366,1430232.19656199
2026-05-30 03:00:00,74.4,74.5,74.4,74.5,24623.12722523,1833864.46261866
2026-05-30 03:15:00,74.3,74.3,74.1,74.1,26208.07376441,1943234.16327678
2026-05-30 03:30:00,74.3,74.3,74.3,74.3,67.42934051,5009.99999989
2026-05-30 03:45:00,74.1,74.1,73.8,73.9,48099.24862177,3555775.54062949
2026-05-30 04:00:00,73.8,73.8,73.7,73.7,6560.16971754,483828.86107695
2026-05-30 04:15:00,73.4,73.5,73.1,73.5,38767.98282391,2837844.15730668
2026-05-30 04:30:00,73.6,73.8,73.6,73.8,135.95683103,10019.99999958
2026-05-30 04:45:00,73.8,73.9,73.8,73.9,516.88220645,38159.46569934
2026-05-30 05:15:00,74.0,74.0,74.0,74.0,67.7027027,5009.9999998
2026-05-30 05:30:00,74.0,74.1,74.0,74.1,5087.61133603,376489.99999982
2026-05-30 06:00:00,73.8,73.8,73.8,73.8,157483.83455575,11622306.99021435
2026-05-30 06:15:00,74.1,74.2,73.9,74.1,11695.94435631,866604.58663855
2026-05-30 06:30:00,73.9,74.2,73.9,74.2,58882.40175373,4367597.10284132
2026-05-30 06:45:00,73.8,73.8,73.7,73.7,72739.92388204,5367751.12437065
2026-05-30 07:00:00,73.7,73.9,73.7,73.9,67.79431754,5010.00006603
2026-05-30 07:15:00,74.0,74.0,73.8,73.9,24883.16256769,1837658.09498828
2026-05-30 07:30:00,73.7,73.9,73.7,73.9,21574.18442999,1590030.95135359
2026-05-30 07:45:00,73.8,74.0,73.8,73.9,56465.59160941,4172227.34314791
2026-05-30 08:00:00,74.0,74.0,73.7,73.7,28405.89079002,2095007.05185508
2026-05-30 08:15:00,73.7,73.8,73.7,73.8,12500.13345327,921736.67832443
2026-05-30 08:45:00,73.8,73.9,73.8,73.9,14654.16660576,1081828.99550509
2026-05-30 09:00:00,73.9,74.4,73.9,74.4,58359.89871514,4320295.23669634
2026-05-30 09:15:00,74.2,74.5,74.2,74.5,42521.18220013,3160408.36932058
2026-05-30 09:30:00,74.3,74.4,74.2,74.4,49359.90935286,3666001.85389611
2026-05-30 09:45:00,74.4,74.7,74.4,74.7,25022.42353834,1865819.30554161
2026-05-30 10:00:00,74.6,75.2,74.6,75.0,128151.65284182,9584736.78386915
2026-05-30 10:15:00,75.2,75.3,75.1,75.3,19514.05892553,1467045.26658987
2026-05-30 10:30:00,75.3,75.4,75.1,75.3,55915.77994327,4210883.36032751
2026-05-30 10:45:00,75.1,75.1,75.0,75.0,15475.13081076,1161355.62127401
2026-05-30 11:00:00,75.1,75.3,75.0,75.3,26636.27309597,2000612.41628026
2026-05-30 11:15:00,75.0,75.0,75.0,75.0,28533.46666667,2140010.00000025
2026-05-30 11:30:00,75.3,75.3,75.3,75.3,66.53386454,5009.99999986
2026-05-30 11:45:00,75.3,75.4,75.2,75.4,30462.22257267,2291525.57180593
2026-05-30 12:00:00,75.1,75.5,75.1,75.5,279218.5864804,21054785.75408054
2026-05-30 12:15:00,75.6,75.7,75.4,75.6,266229.30429401,20135294.05915147
2026-05-30 12:30:00,75.7,75.8,75.3,75.6,204917.96470066,15492489.65683634
2026-05-30 12:45:00,75.3,75.6,75.3,75.6,21695.18673003,1636062.89008643
2026-05-30 13:00:00,75.6,75.7,75.3,75.7,50970.49325013,3852821.3465054
2026-05-30 13:15:00,75.8,75.8,75.0,75.2,53702.24842864,4046753.2711351
2026-05-30 13:30:00,75.3,75.7,75.3,75.7,433382.62767385,32723351.87018829
2026-05-30 13:45:00,75.7,76.0,75.7,76.0,207212.49508047,15734439.8616622
2026-05-30 14:00:00,76.0,76.3,75.8,76.3,166716.47064381,12697201.31745214
2026-05-30 14:15:00,76.3,76.4,76.2,76.2,130068.20234508,9930898.4898337
2026-05-30 14:30:00,76.2,76.2,75.9,76.1,201715.33819416,15337891.36152288
2026-05-30 14:45:00,76.1,76.2,76.0,76.0,50106.76644224,3813167.39643458
2026-05-30 15:00:00,75.9,75.9,75.8,75.8,101784.98921147,7724221.99133553
2026-05-30 15:15:00,76.0,76.0,76.0,76.0,5000.0,380000.0
2026-05-30 15:30:00,75.9,75.9,75.6,75.6,59544.24897373,4512670.12302887
2026-05-30 15:45:00,75.9,75.9,75.6,75.9,76365.22529506,5780857.01399469
2026-05-30 16:00:00,75.8,75.8,75.5,75.7,41280.15321468,3119376.98631151
2026-05-30 16:15:00,75.9,76.0,75.8,76.0,10155.07336211,769787.31480362
2026-05-30 16:30:00,76.0,76.0,75.5,75.5,23586.40787107,1790854.55248298
2026-05-30 16:45:00,75.5,76.0,75.5,76.0,36722.08134258,2776518.11435556
2026-05-30 17:00:00,76.0,76.0,76.0,76.0,65810.74342105,5001616.4999998
2026-05-30 17:15:00,76.1,76.1,76.1,76.1,10655.00047201,810845.53591996
2026-05-30 17:30:00,75.9,75.9,75.9,75.9,18426.08011373,1398539.48063211
2026-05-30 17:45:00,75.9,75.9,75.9,75.9,201.75230566,15312.99999959
2026-05-30 18:00:00,75.9,76.1,75.7,75.7,96961.49935588,7369400.65170128
2026-05-30 18:15:00,75.8,76.3,75.8,76.1,55255.3457244,4212325.08537322
2026-05-30 18:30:00,75.8,75.8,75.8,75.8,355.24842215,26927.83039897
2026-05-30 18:45:00,76.1,76.1,76.0,76.0,9179.52642393,698417.29635122
2026-05-30 19:00:00,76.0,76.0,76.0,76.0,131.57894736,9999.99999936
2026-05-30 19:15:00,76.0,76.0,75.8,75.8,31190.46070381,2368462.41680513
2026-05-30 19:30:00,75.7,75.7,75.7,75.7,37166.71482444,2813520.31221011
2026-05-30 19:45:00,75.6,75.6,75.5,75.5,25362.91834755,1916366.48640091
2026-05-30 20:00:00,75.5,75.5,75.3,75.3,19340.29522185,1457087.36778265
2026-05-30 20:15:00,75.3,75.5,75.2,75.2,10133.1258278,763030.93377374
2026-05-30 20:30:00,75.2,75.5,75.1,75.1,82613.76587569,6212290.70067921
2026-05-30 20:45:00,75.2,75.4,75.0,75.4,80163.10308145,6042086.03164066
2026-05-30 21:00:00,75.5,75.5,75.5,75.5,264.90066225,19999.99999988
2026-05-30 21:15:00,75.3,75.7,75.3,75.7,35624.49259285,2691108.50573488
2026-05-30 21:30:00,75.7,75.7,75.5,75.5,27327.70673712,2066358.25894004
2026-05-30 21:45:00,75.4,75.7,75.4,75.7,134120.60088692,10142906.84619037
2026-05-30 22:00:00,75.7,75.8,75.7,75.8,49872.57853252,3780249.12857866
2026-05-30 22:15:00,75.9,75.9,75.9,75.9,3536.73909872,268438.49759285
2026-05-30 22:45:00,75.8,75.8,75.8,75.8,2550.91425576,193359.30058661
2026-05-30 23:00:00,75.6,75.9,75.6,75.8,30000.92533604,2269283.34029535
2026-05-30 23:30:00,75.9,75.9,75.9,75.9,65.87615283,4999.9999998
2026-05-30 23:45:00,75.5,75.5,75.3,75.4,29944.12966152,2255819.49351118
2026-05-31 00:00:00,75.5,75.5,75.2,75.4,62842.40281184,4738263.51163896
2026-05-31 00:15:00,75.5,75.5,75.3,75.3,1885.28686446,142192.6963218
2026-05-31 00:30:00,75.4,75.4,75.2,75.2,11507.77709335,865960.25477798
2026-05-31 00:45:00,75.2,75.5,75.1,75.5,23821.9536459,1791357.54927102
2026-05-31 01:00:00,75.1,75.2,75.1,75.2,20658.61388544,1551710.78805777
2026-05-31 01:15:00,75.2,75.2,75.2,75.2,54246.9606445,4079371.4404664
2026-05-31 01:30:00,75.5,75.5,75.4,75.5,11956.98158844,902726.74727698
2026-05-31 02:00:00,75.4,75.8,75.4,75.8,33391.10147873,2521043.40693412
2026-05-31 02:30:00,75.5,75.5,75.2,75.5,10166.35761589,767529.9999997
2026-05-31 03:15:00,75.5,75.5,75.5,75.5,10368.45710839,782818.51168345
2026-05-31 03:30:00,75.5,75.5,75.5,75.5,1.2e-07,9.06e-06
2026-05-31 04:00:00,75.4,75.4,75.2,75.2,7466.61864731,561754.9742671
2026-05-31 04:15:00,75.6,75.6,75.6,75.6,66.26984126,5009.99999926
2026-05-31 06:15:00,75.4,75.4,75.4,75.4,1398.54577223,105450.35122614
2026-05-31 06:45:00,75.7,75.7,75.7,75.7,66.18229854,5009.99999948
2026-05-31 07:00:00,75.4,75.4,75.0,75.0,45069.66619363,3384180.28765544
2026-05-31 07:15:00,75.2,75.2,75.2,75.2,67685.86543327,5089977.0805819
2026-05-31 07:30:00,75.1,75.1,75.0,75.0,36183.70907856,2714717.83600401
2026-05-31 08:15:00,75.1,75.2,74.9,75.2,6828.70950291,511525.2208038
2026-05-31 08:45:00,74.9,75.0,74.9,75.0,214.68,16094.2
2026-05-31 09:00:00,75.0,76.5,74.8,76.2,649687.62033708,49110079.67179108
2026-05-31 09:15:00,76.5,76.9,75.8,76.7,1479695.99629172,113000530.91833495
2026-05-31 09:30:00,76.7,77.3,76.7,77.1,719970.09572554,55405960.50328772
2026-05-31 09:45:00,77.1,77.6,76.6,76.6,1065702.73526454,82139629.0894831
2026-05-31 10:00:00,76.8,78.0,76.8,77.5,2173300.33560762,168632561.17089376
2026-05-31 10:15:00,77.4,77.7,77.1,77.2,272676.32066564,21066472.24181375
2026-05-31 10:30:00,77.4,77.8,77.1,77.2,571503.1114429,44279820.94366315
2026-05-31 10:45:00,77.2,77.2,76.7,77.0,269487.85953956,20709629.45513083
2026-05-31 11:00:00,77.1,77.3,77.0,77.3,37403.41485485,2885652.81999196
2026-05-31 11:15:00,77.3,77.3,77.1,77.1,25950.08378161,2004922.15725277
2026-05-31 11:30:00,77.0,77.1,76.8,76.8,106201.97188476,8165695.08073848
2026-05-31 11:45:00,76.9,77.1,76.8,76.8,41637.27082664,3198101.73739937
2026-05-31 12:00:00,76.8,77.0,76.6,76.7,67447.79671258,5174729.41904958
2026-05-31 12:15:00,76.7,76.7,76.6,76.7,57334.44770177,4397459.70416567
2026-05-31 12:30:00,76.8,76.9,76.8,76.9,14991.4848765,1151851.04631754
2026-05-31 12:45:00,76.9,76.9,76.9,76.9,430.17502952,33080.45977009
2026-05-31 13:00:00,76.8,76.9,76.6,76.6,91500.23963813,7012830.18232968
2026-05-31 13:15:00,76.6,76.8,76.4,76.7,144810.4089744,11076591.47899627
2026-05-31 13:30:00,76.7,76.7,76.5,76.5,3386.01817403,259629.16257555
2026-05-31 13:45:00,76.5,76.5,76.5,76.5,58337.46343491,4462815.95277062
2026-05-31 14:00:00,76.4,76.8,75.8,76.1,1143506.93448078,86974535.54277718
2026-05-31 14:15:00,76.1,76.2,75.9,75.9,205536.55304791,15623827.34795522
2026-05-31 14:30:00,75.9,76.1,75.8,76.1,168619.30201215,12786636.63704432
2026-05-31 14:45:00,76.1,76.1,75.7,76.1,18693.87201882,1420203.20125641
2026-05-31 15:00:00,75.8,76.0,75.8,76.0,106829.71749144,8112313.50237784
2026-05-31 15:15:00,76.0,76.1,75.7,75.7,221703.30885131,16818044.24356163
2026-05-31 15:30:00,75.9,76.1,75.9,76.1,1359.49548918,103198.87451444
2026-05-31 15:45:00,76.1,76.2,75.9,76.1,58117.74282109,4426516.76934478
2026-05-31 16:00:00,75.9,76.1,75.9,76.1,241826.68567589,18379311.44709607
2026-05-31 16:15:00,76.1,76.6,76.1,76.5,120648.67294793,9209404.31228748
2026-05-31 16:30:00,76.3,76.3,75.7,76.0,257120.50164782,19559777.18022712
2026-05-31 16:45:00,76.0,76.0,75.9,75.9,21967.98943863,1668249.67427923
2026-05-31 17:00:00,75.8,76.2,75.8,76.1,189569.04466201,14412914.3477767
2026-05-31 17:15:00,76.3,76.5,76.2,76.2,96439.61167451,7361123.28973624
2026-05-31 17:30:00,76.2,76.4,76.2,76.4,57205.09470004,4370442.51653572
2026-05-31 17:45:00,76.2,76.5,76.2,76.5,54035.23297172,4118125.62695487
2026-05-31 18:00:00,76.2,76.3,76.2,76.2,21737.54148388,1656500.66107166
2026-05-31 18:30:00,76.2,76.2,76.1,76.1,41585.08264934,3165280.95759378
2026-05-31 18:45:00,76.1,76.2,75.9,75.9,88792.18499973,6759336.58728309
2026-05-31 19:00:00,75.9,76.3,75.9,76.3,364921.40757695,27792414.49363231
2026-05-31 19:15:00,76.3,76.3,76.0,76.0,248756.13346668,18975232.98350768
2026-05-31 19:30:00,76.0,76.2,76.0,76.2,2762.57501552,209981.90039315
2026-05-31 19:45:00,76.2,76.2,76.0,76.0,63401.17431112,4821361.69620155
2026-05-31 20:00:00,76.4,76.5,76.3,76.5,67553.23668388,5164173.65576713
2026-05-31 20:15:00,76.5,76.5,76.2,76.3,71493.71310021,5452822.41179247
2026-05-31 20:30:00,76.2,76.2,76.2,76.2,3950.59387302,301035.25312412
2026-05-31 20:45:00,76.2,76.2,76.2,76.2,53899.52765064,4107144.00697877
2026-05-31 21:00:00,76.2,76.4,76.2,76.4,40367.37166247,3079249.96822398
2026-05-31 21:15:00,76.3,76.3,76.3,76.3,21921.93999869,1672644.02190005
2026-05-31 21:30:00,76.3,76.5,76.3,76.5,60733.48714355,4640296.84066449
2026-05-31 21:45:00,76.5,76.6,76.5,76.6,28668.3018272,2194391.91996352
2026-05-31 22:00:00,76.6,76.7,76.5,76.5,38383.95028205,2938786.19315501
2026-05-31 22:15:00,76.5,76.6,76.3,76.5,51571.60702028,3942552.82378844
2026-05-31 22:30:00,76.6,76.6,76.5,76.5,30609.54849671,2344244.83908328
2026-05-31 22:45:00,76.4,76.4,76.3,76.3,72686.73405304,5550214.06137693
2026-05-31 23:00:00,76.3,76.3,75.7,75.7,268017.33758798,20393505.52856686
2026-05-31 23:15:00,75.7,75.7,74.7,74.7,280588.35077071,21112438.83539613
2026-05-31 23:30:00,74.8,75.2,74.7,75.0,385197.94898173,28848554.67625363
2026-05-31 23:45:00,74.8,75.0,74.8,74.8,53851.46562135,4034547.44406065
2026-06-01 00:00:00,74.7,74.9,74.4,74.7,74664.49565252,5574406.56254073
2026-06-01 00:15:00,74.7,75.1,74.7,75.1,95464.76072279,7157876.21059404
2026-06-01 00:30:00,75.0,75.3,74.8,74.8,61270.36660959,4596332.15457401
2026-06-01 01:00:00,75.2,75.2,75.0,75.0,42350.2830023,3181472.45921504
2026-06-01 01:15:00,74.9,74.9,74.6,74.8,31784.04189673,2372618.2597497
2026-06-01 01:30:00,74.4,74.4,74.1,74.1,46254.98456169,3429388.04245382
2026-06-01 02:00:00,74.3,74.3,74.3,74.3,22880.0,1699984.0
2026-06-01 02:30:00,74.8,74.9,74.8,74.9,10346.59026498,774138.99999932
2026-06-01 03:00:00,75.1,75.1,75.1,75.1,67.90945406,5099.99999991
2026-06-01 03:30:00,74.5,74.5,74.4,74.4,34354.41480906,2556686.59135111
2026-06-01 03:45:00,74.4,74.4,74.4,74.4,1922.3432304,143022.33634176
2026-06-01 04:00:00,74.4,74.4,74.4,74.4,1625.43055992,120932.03365805
2026-06-01 04:15:00,74.4,74.5,74.3,74.5,33035.70831,2457702.31099275
2026-06-01 04:30:00,74.4,74.7,74.4,74.7,16201.09890878,1208156.99999984
2026-06-01 05:00:00,74.6,74.7,74.4,74.4,90545.65792974,6743404.0800316
2026-06-01 05:15:00,74.6,74.8,74.6,74.8,26906.93848227,2010401.66999328
2026-06-01 05:30:00,74.9,74.9,74.9,74.9,320.42723631,23999.99999962
2026-06-01 05:45:00,74.9,74.9,74.8,74.8,11613.02814748,869797.37859884
2026-06-01 06:00:00,75.0,75.0,75.0,75.0,1310.20348525,98265.26139375
2026-06-01 06:15:00,75.1,75.1,75.1,75.1,63.545108,4772.2376108
2026-06-01 06:30:00,75.1,75.3,75.1,75.3,33314.24724666,2503096.79939349
2026-06-01 06:45:00,75.3,75.6,75.3,75.6,9838.70629668,742156.80512283
2026-06-01 07:00:00,75.7,75.7,75.4,75.6,22433.17072027,1692926.10996807
2026-06-01 07:15:00,75.6,75.6,75.6,75.6,35165.83418184,2658537.0641471
2026-06-01 07:30:00,75.6,75.7,75.6,75.7,23646.32366276,1787724.58465916
2026-06-01 07:45:00,75.8,75.8,75.8,75.8,3083.19123414,233705.89554781
2026-06-01 08:00:00,75.8,75.9,75.8,75.9,21661.50260165,1643911.92642779
2026-06-01 08:15:00,75.7,75.7,75.6,75.6,52664.33969004,3983893.77702659
2026-06-01 08:30:00,75.4,75.4,75.4,75.4,3424.1767615,258182.9278171
2026-06-01 08:45:00,75.4,75.8,75.3,75.6,235689.70882872,17784966.60230372
2026-06-01 09:00:00,75.7,76.0,75.4,75.9,378117.63632807,28655433.82281458
2026-06-01 09:15:00,75.9,76.6,75.9,76.6,150253.22443189,11449666.98253595
2026-06-01 09:30:00,76.4,76.6,76.2,76.5,38643.79257593,2950969.46418059
2026-06-01 09:45:00,76.6,76.6,76.4,76.5,21847.21786588,1669920.3472341
2026-06-01 10:00:00,76.2,76.6,76.0,76.0,60029.23275767,4572230.08541172
2026-06-01 10:15:00,75.9,76.2,75.9,76.0,68307.58117028,5186516.04630388
2026-06-01 10:30:00,75.9,75.9,75.7,75.7,24519.13688698,1857868.84382998
2026-06-01 10:45:00,75.6,75.8,75.5,75.5,7777.18806385,588350.34789506
2026-06-01 11:00:00,75.4,75.6,74.8,75.4,32092.4666956,2407984.23649927
2026-06-01 11:30:00,75.4,75.7,75.0,75.7,130538.34240791,9840715.99283305
2026-06-01 11:45:00,75.8,76.1,75.7,76.1,89684.64379567,6796107.60289003
2026-06-01 12:00:00,76.0,76.1,75.9,75.9,13917.49291323,1057497.27779917
2026-06-01 12:15:00,75.9,76.3,75.9,76.3,31134.84021694,2369862.68067235
2026-06-01 12:30:00,76.2,76.3,76.1,76.1,32196.89539223,2450339.38602597
2026-06-01 12:45:00,76.1,76.3,76.1,76.3,97501.09213872,7438963.93018434
2026-06-01 13:00:00,76.3,76.3,75.7,75.7,134681.2028958,10238368.6421999
2026-06-01 13:15:00,75.9,76.2,75.3,75.3,145300.33013721,11035296.29011123
2026-06-01 13:30:00,75.5,75.9,75.5,75.9,566.00790513,42759.99999937
2026-06-01 13:45:00,75.3,75.8,75.0,75.5,29278.93526483,2203463.43698953
2026-06-01 14:00:00,75.2,75.2,75.2,75.2,2682.59611267,201731.22767278
2026-06-01 14:15:00,75.2,75.2,75.1,75.2,75383.66344071,5663856.96337049
2026-06-01 14:30:00,75.2,75.2,75.2,75.2,2659.57446808,199999.99999962
2026-06-01 15:00:00,74.6,74.6,74.3,74.5,81188.45196594,6043923.14253012
2026-06-01 15:15:00,74.5,74.6,74.4,74.4,14471.34726776,1077319.83139544
2026-06-01 15:30:00,74.5,74.6,74.1,74.1,12705.86459627,945465.25892702
2026-06-01 15:45:00,74.1,74.2,74.0,74.2,63955.33350624,4737641.72942247
2026-06-01 16:00:00,74.5,74.5,74.3,74.4,29373.55480149,2183799.05425705
2026-06-01 16:15:00,74.4,74.4,74.1,74.1,70701.65270118,5254699.99999875
2026-06-01 16:30:00,74.1,74.1,74.1,74.1,4093.00973095,303292.0210634
2026-06-01 16:45:00,74.1,74.1,73.7,73.7,191578.13036097,14139433.65146574
2026-06-01 17:00:00,73.6,73.7,73.5,73.5,18543.22420564,1365793.43542684
2026-06-01 17:15:00,73.5,73.6,73.5,73.6,24557.88855433,1806004.80874326
2026-06-01 17:30:00,73.5,74.0,73.5,73.6,66847.27431804,4919594.15287069
2026-06-01 17:45:00,73.6,74.0,73.6,74.0,18129.59635722,1334850.9999995
2026-06-01 18:00:00,74.0,74.5,74.0,74.5,44482.46242099,3311233.34963649
2026-06-01 18:15:00,74.3,74.4,74.3,74.4,60830.26814822,4520293.72341275
2026-06-01 18:30:00,74.3,74.3,73.9,74.2,85008.87124591,6308323.36713524
2026-06-01 18:45:00,74.2,74.4,74.2,74.4,8960.52700269,666578.54673079
2026-06-01 19:00:00,74.5,74.5,74.2,74.2,28625.62855499,2130867.33878026
2026-06-01 19:30:00,74.0,74.0,74.0,74.0,93040.56684632,6885001.94662768
2026-06-01 19:45:00,74.0,74.2,73.9,74.2,11447.44913938,847282.62103344
2026-06-01 20:00:00,74.2,74.3,74.0,74.3,14507.25297171,1074765.54870869
2026-06-01 20:15:00,74.3,74.3,74.3,74.3,258.97790055,19242.05801087
2026-06-01 20:45:00,74.5,74.5,74.0,74.0,8501.57070944,629187.05129051
2026-06-01 21:00:00,74.0,74.0,73.6,73.6,65243.66789554,4810351.94784413
2026-06-01 21:15:00,73.7,74.1,73.6,74.1,91491.43335733,6739870.06001375
2026-06-01 21:30:00,74.1,74.1,73.8,73.9,318442.94254952,23505817.12351102
2026-06-01 21:45:00,73.9,73.9,73.4,73.7,31038.71290183,2292149.60250535
2026-06-01 22:00:00,73.7,73.7,73.0,73.0,34722.62788279,2545965.06167079
2026-06-01 22:15:00,73.0,73.5,73.0,73.5,273.02721088,19964.99999968
2026-06-01 22:30:00,73.5,74.1,73.5,73.8,103301.51997558,7623998.09255069
2026-06-01 22:45:00,73.6,73.9,73.4,73.6,23955.9319822,1767690.14907732
2026-06-01 23:00:00,73.7,73.7,73.4,73.4,11204.63265306,824556.9367346
2026-06-01 23:15:00,73.2,73.3,73.2,73.3,23028.65031607,1685958.44291834
2026-06-01 23:30:00,73.3,73.3,73.1,73.1,26956.08195192,1975727.99154176
2026-06-01 23:45:00,73.3,73.4,73.3,73.3,2423.85129604,177720.92752748
2026-06-02 00:00:00,73.4,73.7,73.3,73.7,21873.26882826,1609122.15495892
2026-06-02 00:15:00,73.5,73.5,73.3,73.5,50818.23244322,3727549.95991334
2026-06-02 00:30:00,74.0,74.1,74.0,74.0,22069.04571422,1633173.88471092
2026-06-02 01:15:00,73.9,74.1,73.9,74.1,5551.60135135,411238.5249999
2026-06-02 01:30:00,74.2,74.5,74.2,74.5,13930.63913095,1036965.30764304
2026-06-02 01:45:00,74.7,74.9,74.7,74.8,143067.01794286,10714641.20285563
2026-06-02 02:00:00,74.9,75.2,74.9,75.2,6835.01594454,512945.55639265
2026-06-02 02:15:00,75.1,75.3,75.1,75.3,5570.49303106,419191.7297601
2026-06-02 02:30:00,75.4,75.8,75.4,75.7,29169.56650229,2207877.97935418
2026-06-02 03:00:00,75.5,75.5,75.5,75.5,7279.57509933,549607.91999942
2026-06-02 03:15:00,75.5,75.5,75.5,75.5,49551.8181034,3741162.2668067
2026-06-02 03:45:00,75.3,75.3,75.3,75.3,5006.4727067,376987.39481451
2026-06-02 04:00:00,75.3,75.3,75.1,75.1,10287.13765186,773867.7423925
2026-06-02 04:15:00,75.5,75.5,75.5,75.5,26490.06622516,1999999.99999958
2026-06-02 04:30:00,75.4,75.5,75.4,75.5,3947.20714222,297703.81852339
2026-06-02 04:45:00,75.5,75.7,75.5,75.7,48467.31390341,3664662.23542874
2026-06-02 05:00:00,75.7,75.7,75.7,75.7,322.23490115,24393.18201706
2026-06-02 05:15:00,75.7,75.7,75.7,75.7,1350.0,102195.0
2026-06-02 05:30:00,75.5,75.5,75.3,75.3,3021.52848057,227888.31511829
2026-06-02 05:45:00,75.3,75.3,75.3,75.3,413827.60770506,31161218.86019102
2026-06-02 06:00:00,75.2,75.2,74.9,74.9,107979.15189664,8117262.36881426
2026-06-02 06:15:00,74.7,74.7,74.5,74.7,207821.36037918,15516524.3387336
2026-06-02 06:30:00,74.7,74.7,74.5,74.5,37476.58167704,2795711.70854343
2026-06-02 06:45:00,74.5,74.5,74.4,74.4,14775.0106,1100730.58864
2026-06-02 07:00:00,74.2,74.5,73.8,74.5,255208.5837958,18877168.01402396
2026-06-02 07:15:00,74.3,74.3,74.3,74.3,12094.88709489,898650.11115033
2026-06-02 07:30:00,74.7,74.7,73.8,74.2,166567.55817405,12337068.57549925
2026-06-02 07:45:00,74.2,74.6,74.0,74.6,53575.20744671,3975115.07716915
2026-06-02 08:00:00,74.7,74.7,74.5,74.5,40135.15522961,2997743.19765187
2026-06-02 08:15:00,74.5,74.7,74.3,74.3,37954.11469991,2826952.31743787
2026-06-02 08:30:00,74.2,74.6,74.2,74.6,70797.47924074,5273648.95002373
2026-06-02 08:45:00,74.5,74.9,74.4,74.9,271173.42890356,20249785.07441291
2026-06-02 09:00:00,74.9,75.0,74.5,74.5,169509.21092304,12649448.22779245
2026-06-02 09:15:00,74.5,74.5,73.6,73.7,359822.07512004,26604185.48604642
2026-06-02 09:30:00,73.7,74.0,73.6,74.0,203054.73283733,14985794.29003023
2026-06-02 09:45:00,74.0,74.0,73.8,73.9,15572.29109108,1150842.3381003
2026-06-02 10:00:00,74.0,74.0,73.5,73.8,99637.06965524,7334343.51871345
2026-06-02 10:15:00,73.6,73.8,73.3,73.8,162971.65343179,11981116.87943136
2026-06-02 10:30:00,73.3,73.5,73.0,73.3,33412.63281759,2449151.95159012
2026-06-02 10:45:00,73.4,73.4,73.0,73.1,103236.8064753,7545975.27806364
2026-06-02 11:00:00,73.1,73.1,72.0,72.3,415383.15160874,30048975.90902257
2026-06-02 11:15:00,72.2,73.4,72.2,73.4,115300.67412254,8424432.61875843
2026-06-02 11:30:00,73.4,73.5,73.2,73.2,47673.07134303,3501440.4729348
2026-06-02 12:00:00,73.5,73.6,73.5,73.6,525.61566417,38675.78907339
2026-06-02 12:15:00,73.6,73.6,73.5,73.5,44664.71698286,3286748.1189728
2026-06-02 12:30:00,73.7,73.8,73.7,73.8,3735.38226849,275649.75478945
2026-06-02 12:45:00,73.9,73.9,73.9,73.9,8095.13319999,598230.34347926
2026-06-02 13:00:00,73.9,74.2,73.9,74.1,104263.66103525,7708482.94718904
2026-06-02 13:15:00,73.8,73.9,73.8,73.8,3833.99371755,283239.53832674
2026-06-02 13:30:00,73.8,74.2,73.8,74.2,287097.73215559,21196366.30773503
2026-06-02 13:45:00,74.0,74.0,73.4,73.7,63410.9393511,4666960.62575774
2026-06-02 14:00:00,73.7,73.7,73.0,73.5,99946.90209863,7343888.98827159
2026-06-02 14:15:00,73.6,73.6,73.0,73.1,49019.66555802,3590168.75682882
2026-06-02 14:30:00,72.9,72.9,72.5,72.5,8348.70252176,607343.13512363
2026-06-02 14:45:00,72.5,72.5,72.4,72.4,2995.25365535,216904.73292325
2026-06-02 15:00:00,72.4,72.9,72.4,72.9,155175.03947002,11260867.38523385
2026-06-02 15:15:00,72.7,72.7,72.7,72.7,2600.00000001,189020.00000073
2026-06-02 15:30:00,73.1,73.2,73.1,73.2,1763.61751167,129037.65479033
2026-06-02 15:45:00,73.1,73.2,72.9,72.9,142230.26736466,10377470.77776927
2026-06-02 16:00:00,72.8,73.0,72.3,72.7,118248.67230403,8581872.69343982
2026-06-02 16:15:00,73.0,73.4,72.7,73.0,25405.94025917,1857421.63364777
2026-06-02 16:30:00,73.0,73.1,72.9,73.1,58211.75410127,4253763.68678016
2026-06-02 16:45:00,73.1,73.1,73.1,73.1,230.70769891,16864.73279032
2026-06-02 17:00:00,73.1,73.1,72.8,72.8,151065.10382056,11012684.04952675
2026-06-02 17:15:00,73.1,73.1,72.9,73.1,18852.52668036,1374731.07851473
2026-06-02 17:30:00,72.9,73.1,72.8,73.1,41526.11491107,3026558.99999922
2026-06-02 17:45:00,72.8,72.8,72.7,72.7,6547.32661027,476444.8735768
2026-06-02 18:00:00,72.7,73.0,72.6,72.7,7980.29842928,579577.33530447
2026-06-02 18:15:00,72.8,72.8,72.0,72.0,32169.52044929,2331806.92429434
2026-06-02 18:30:00,72.0,72.6,72.0,72.2,56812.0339602,4090621.47819224
2026-06-02 18:45:00,72.4,72.5,72.4,72.4,7708.30898928,558573.66636369
2026-06-02 19:00:00,72.3,72.7,72.2,72.7,31384.4956696,2272087.55160198
2026-06-02 19:15:00,72.7,72.7,72.5,72.5,258.77579092,18793.92799749
2026-06-02 19:30:00,72.8,72.8,72.5,72.5,29618.66515806,2147946.33399774
2026-06-02 20:00:00,72.9,72.9,72.9,72.9,1990.83362523,145131.77127927
2026-06-02 20:15:00,72.6,72.7,72.6,72.7,66008.07343947,4797230.95363888
2026-06-02 20:30:00,72.5,72.6,72.5,72.6,8805.33144442,638994.31555455
2026-06-02 20:45:00,72.6,73.0,72.6,73.0,8040.57287787,584916.90376781
2026-06-02 21:00:00,72.6,72.9,72.6,72.9,58089.89669954,4234697.73313273
2026-06-02 21:15:00,72.6,73.0,72.5,72.6,18698.54509569,1360327.19096831
2026-06-02 21:30:00,72.6,73.0,72.6,73.0,17876.39529021,1300976.85618533
2026-06-02 21:45:00,72.8,72.8,72.8,72.8,4222.31137724,307384.26826307
2026-06-02 22:00:00,72.9,72.9,72.9,72.9,5000.0,364500.0
2026-06-02 22:15:00,72.9,72.9,72.9,72.9,33667.14356144,2454334.76562898
2026-06-02 22:30:00,72.9,72.9,72.7,72.7,32402.44242676,2358390.53427396
2026-06-02 22:45:00,73.2,73.5,72.6,72.6,120391.22518827,8791709.3879684
2026-06-02 23:00:00,72.5,72.5,72.4,72.4,26671.82382457,1932038.05612174
2026-06-02 23:15:00,72.4,72.4,70.3,71.3,539521.98225511,38427543.73705257
2026-06-02 23:30:00,70.9,71.5,70.5,70.5,435686.36429726,30949745.14163416
2026-06-02 23:45:00,70.6,71.6,70.6,71.5,142159.79037944,10127121.24125985
2026-06-03 00:00:00,71.3,71.3,70.4,70.8,139579.42622542,9894110.11729292
2026-06-03 00:15:00,70.8,70.9,69.4,69.8,807972.54821513,56669005.93275876
2026-06-03 00:30:00,69.6,70.0,69.0,70.0,527414.60895922,36607031.76867539
2026-06-03 00:45:00,69.9,70.0,69.6,69.8,42984.0528769,3005343.83106012
2026-06-03 01:00:00,70.0,70.9,69.9,70.9,62335.6789895,4371628.26982381
2026-06-03 01:15:00,70.9,71.4,70.9,71.1,37888.82169728,2695833.81479307
2026-06-03 01:30:00,70.9,70.9,70.4,70.5,101450.83173213,7165743.57196215
2026-06-03 01:45:00,70.5,70.7,70.2,70.7,11493.10998815,809649.2147162
2026-06-03 02:00:00,70.4,70.9,70.4,70.9,17117.97318324,1208382.57437639
2026-06-03 02:15:00,70.9,70.9,70.9,70.9,31459.37940761,2230469.99999955
2026-06-03 02:30:00,71.2,71.3,70.9,71.0,13697.84098777,972461.11640583
2026-06-03 02:45:00,70.7,70.7,70.7,70.7,20049.79253927,1417520.33252639
2026-06-03 03:00:00,70.6,71.0,70.4,70.8,28842.47434712,2040745.86560732
2026-06-03 03:15:00,70.1,70.2,70.1,70.1,14745.7458679,1034391.81244162
2026-06-03 03:30:00,70.0,70.1,69.9,70.1,8268.51586783,578160.0430957
2026-06-03 03:45:00,70.0,70.0,69.4,69.8,43056.30531439,3007221.14434601
2026-06-03 04:00:00,69.6,69.9,69.6,69.9,765.0902267,53274.22374384
2026-06-03 04:15:00,69.6,69.6,69.2,69.2,10047.91315327,696931.32048654
2026-06-03 04:30:00,69.0,69.2,68.4,68.7,246058.40163088,16932721.44995724
2026-06-03 04:45:00,69.1,70.0,68.9,70.0,167242.45754703,11543055.72379676
2026-06-03 05:00:00,69.6,70.1,69.6,70.1,81309.79198384,5696002.31211103
2026-06-03 05:15:00,69.6,69.6,69.3,69.3,4025.89255719,279599.96994602
2026-06-03 05:30:00,69.3,69.6,69.3,69.6,285.12087661,19801.98019735
2026-06-03 06:00:00,70.0,70.2,69.9,70.2,9110.11370788,638597.33188382
2026-06-03 06:15:00,70.2,70.2,69.9,69.9,513361.00923938,36035482.84860444
2026-06-03 06:30:00,70.3,70.5,70.3,70.4,22723.96813345,1600827.85525794
2026-06-03 06:45:00,70.5,70.6,70.4,70.4,47582.5165632,3355367.4177056
2026-06-03 07:00:00,70.3,70.3,69.8,70.0,87850.40238553,6160116.6389572
2026-06-03 07:15:00,69.8,70.2,69.6,70.1,89776.77806682,6278829.64773743
2026-06-03 07:30:00,69.9,69.9,69.5,69.5,45389.95960079,3168667.40369134
2026-06-03 07:45:00,69.2,69.2,68.4,68.7,190858.68891526,13166131.6028727
2026-06-03 08:00:00,68.7,69.2,68.7,69.0,358480.60181014,24700425.79720738
2026-06-03 08:15:00,69.1,69.1,68.1,68.4,260102.40585851,17871727.39439008
2026-06-03 08:30:00,68.3,69.2,68.3,69.2,133703.33067025,9206431.2441919
2026-06-03 08:45:00,69.2,69.3,68.9,69.3,151182.08898394,10430466.67172448
2026-06-03 09:00:00,69.3,70.2,69.3,70.2,33450.32561239,2326205.01715265
2026-06-03 09:15:00,70.2,70.5,70.1,70.5,105729.22395756,7424682.21555969
2026-06-03 09:30:00,70.3,70.5,70.3,70.5,5101.61080443,358657.45231739
2026-06-03 09:45:00,70.4,70.4,70.1,70.3,98717.33669235,6930764.37753642
2026-06-03 10:00:00,70.2,70.4,70.2,70.2,56353.27421599,3959013.22566197
2026-06-03 10:15:00,70.2,70.3,70.2,70.3,43422.6293393,3050286.4269545
2026-06-03 10:30:00,70.3,70.3,69.1,69.1,392471.20425638,27246590.6730767
2026-06-03 10:45:00,69.1,69.5,69.1,69.5,29007.92338066,2010596.07170154
2026-06-03 11:00:00,69.5,69.7,69.4,69.6,75487.99626534,5249373.6680101
2026-06-03 11:15:00,69.4,69.4,69.2,69.2,7501.39217658,520246.95152341
2026-06-03 11:30:00,69.4,69.5,69.4,69.5,1681.16615494,116824.86976314
2026-06-03 11:45:00,69.5,69.6,69.3,69.4,95921.58709157,6663130.69335067
2026-06-03 12:00:00,69.2,69.2,69.0,69.1,24848.64945881,1716744.96773199
2026-06-03 12:15:00,69.1,69.3,68.9,68.9,29677.68411357,2045369.32229618
2026-06-03 12:30:00,69.0,69.0,67.7,67.7,150145.24038315,10236707.52886327
2026-06-03 12:45:00,68.1,68.2,67.6,68.0,445393.6540732,30200674.14597773
2026-06-03 13:00:00,68.0,68.6,67.8,68.5,512829.65198288,34871804.5606218
2026-06-03 13:15:00,68.3,69.1,68.2,68.9,25826.97546776,1768620.07758885
2026-06-03 13:30:00,68.9,69.1,68.7,68.9,40575.54054212,2792097.3798682
2026-06-03 13:45:00,68.8,69.2,68.6,69.2,55267.75758866,3798904.22613914
2026-06-03 14:00:00,69.4,70.3,69.4,70.1,443323.70689601,30996693.08498482
2026-06-03 14:15:00,70.3,70.4,70.0,70.2,92925.92257341,6516560.92401565
2026-06-03 14:30:00,70.0,70.2,69.8,70.2,12085.78814284,846992.51204478
2026-06-03 14:45:00,70.2,70.3,70.2,70.3,16074.09086913,1129166.21315233
2026-06-03 15:00:00,70.3,70.4,70.2,70.4,13500.71680583,949518.27108282
2026-06-03 15:15:00,70.4,70.5,70.4,70.5,19126.05402886,1348106.67409145
2026-06-03 15:30:00,70.5,70.8,70.5,70.8,295987.95086283,20873448.83338951
2026-06-03 15:45:00,70.5,70.5,70.5,70.5,11011.69982383,776324.83758002
2026-06-03 16:00:00,70.4,70.7,70.4,70.6,34360.05765773,2420039.99999919
2026-06-03 16:15:00,70.6,70.9,70.6,70.9,7704.39598017,545543.27944593
2026-06-03 16:30:00,70.8,70.9,70.8,70.9,38122.17512263,2699064.1312633
2026-06-03 16:45:00,70.9,70.9,70.7,70.7,15644.73857735,1106908.34999975
2026-06-03 17:00:00,70.6,70.6,70.5,70.6,240895.44588464,16992060.22779926
2026-06-03 17:15:00,70.7,70.7,70.4,70.4,27426.49814245,1931660.96922848
2026-06-03 17:30:00,70.7,70.9,70.7,70.9,52066.34167075,3683290.11460705
2026-06-03 17:45:00,70.8,71.1,70.8,71.1,27672.09837556,1961902.82083287
2026-06-03 18:00:00,71.1,71.2,70.9,71.0,89726.95894123,6365674.3983921
2026-06-03 18:15:00,70.7,70.9,70.7,70.9,149.6629055,10595.29999995
2026-06-03 18:30:00,70.7,70.9,70.6,70.8,306284.20834495,21626371.97279516
2026-06-03 18:45:00,70.7,71.1,70.7,71.0,53712.0,3803807.59097553
2026-06-03 19:00:00,70.8,71.2,70.8,71.2,55637.99447275,3946023.29195916
2026-06-03 19:15:00,71.2,72.4,71.2,71.9,93121.14899858,6676682.60475501
2026-06-03 19:30:00,71.6,71.6,71.3,71.6,117689.16208522,8407584.86074255
2026-06-03 19:45:00,71.5,71.5,71.5,71.5,10201.37483705,729398.30084908
2026-06-03 20:00:00,71.5,71.8,71.5,71.8,48387.78384847,3465630.04926188
2026-06-03 20:15:00,71.9,71.9,71.6,71.8,22814.90553208,1634338.43223157
2026-06-03 20:30:00,71.5,71.6,71.5,71.6,6943.66571509,497004.57999209
2026-06-03 20:45:00,71.3,71.3,71.3,71.3,778.82985236,55530.56847327
2026-06-03 21:00:00,71.4,71.4,71.1,71.1,36336.92360768,2585149.0553497
2026-06-03 21:15:00,71.0,71.3,70.9,71.3,83490.06494783,5923060.3102177
2026-06-03 21:30:00,71.3,71.3,71.0,71.1,10285.48951922,731691.49074507
2026-06-03 21:45:00,71.3,71.3,71.1,71.3,22441.47151097,1599564.19926771
2026-06-03 22:00:00,71.4,71.4,71.1,71.1,23397.04530693,1668348.34508051
2026-06-03 22:15:00,71.4,71.4,71.1,71.1,18550.27128731,1322847.70484759
2026-06-03 22:30:00,71.4,71.4,71.4,71.4,5863.0,418618.2
2026-06-03 22:45:00,71.1,71.3,70.9,71.3,41607.82481474,2955415.06982099
2026-06-03 23:00:00,71.4,71.4,71.2,71.4,30036.02258534,2141922.21367845
2026-06-03 23:15:00,71.1,71.1,70.9,70.9,34038.93083027,2417642.65815631
2026-06-03 23:30:00,71.0,71.1,70.7,71.1,6598.48602909,467791.25738774
2026-06-03 23:45:00,71.1,71.1,71.1,71.1,19870.0,1412757.0
2026-06-04 00:00:00,71.1,71.4,70.9,71.2,45266.64527062,3219995.84486422
2026-06-04 00:15:00,71.0,71.0,70.5,70.9,294066.68681851,20750823.63070964
2026-06-04 00:30:00,70.9,71.2,70.3,71.2,119911.97196157,8464937.77336934
2026-06-04 00:45:00,70.9,70.9,70.4,70.4,5790.41968889,409454.18767092
2026-06-04 01:00:00,70.4,70.4,70.1,70.1,16914.91939786,1187573.83721911
2026-06-04 01:15:00,70.1,70.1,69.5,69.5,11640.27144791,814198.29735941
2026-06-04 01:30:00,69.8,70.0,69.8,70.0,17605.42824454,1231585.70187205
2026-06-04 01:45:00,70.0,70.1,69.9,70.1,85244.49491685,5967923.6804021
2026-06-04 02:00:00,70.1,70.2,69.9,69.9,114978.53076159,8060898.16393242
2026-06-04 02:15:00,69.9,70.0,69.9,70.0,15361.0,1074206.7
2026-06-04 02:30:00,70.0,70.6,69.8,70.6,102990.87397753,7226144.85860496
2026-06-04 02:45:00,70.6,70.6,70.4,70.4,60124.77352456,4236526.03144275
2026-06-04 03:00:00,70.7,70.7,70.3,70.3,23174.76093999,1629213.60494481
2026-06-04 03:15:00,70.2,70.2,70.2,70.2,3219.77207977,226027.99999985
2026-06-04 03:30:00,70.2,70.2,70.2,70.2,9916.0,696103.2
2026-06-04 03:45:00,70.1,70.4,70.1,70.4,2926.85949357,206025.70834733
2026-06-04 04:00:00,70.6,70.6,70.6,70.6,5324.81363151,375931.84238461
2026-06-04 04:30:00,69.8,69.8,69.8,69.8,78.0,5444.4
2026-06-04 04:45:00,70.0,70.0,69.4,69.4,3707.82845593,257559.2142782
2026-06-04 05:00:00,69.4,70.1,69.4,70.1,2406.50915186,167135.11734536
2026-06-04 05:15:00,69.6,69.6,69.3,69.3,2683.24815284,186437.19524396
2026-06-04 05:30:00,69.5,69.5,69.3,69.3,600.89431517,41699.52999812
2026-06-04 05:45:00,69.3,69.3,68.5,68.6,56507.27077883,3893270.65266713
2026-06-04 06:00:00,68.9,69.5,68.9,69.5,336716.76516459,23380078.68474966
2026-06-04 06:15:00,69.3,69.7,69.3,69.4,3940.04612381,273452.10637396
2026-06-04 06:30:00,69.7,69.9,69.5,69.9,300831.31121117,20914533.6058193
2026-06-04 06:45:00,70.1,70.6,70.1,70.5,15952.26949513,1121459.22664517
2026-06-04 07:00:00,70.7,70.8,70.3,70.4,43539.17572918,3065115.35567353
2026-06-04 07:15:00,70.1,70.1,70.1,70.1,2963.73765361,207758.00951806
2026-06-04 07:30:00,70.1,70.1,69.9,70.0,14741.02114682,1032166.74823721
2026-06-04 07:45:00,70.0,70.0,69.8,69.8,23879.48932676,1670524.0528732
2026-06-04 08:00:00,69.5,69.5,69.3,69.3,20195.25173116,1399892.90257502
2026-06-04 08:15:00,69.1,69.3,69.1,69.3,19803.564804,1369915.21003531
2026-06-04 08:30:00,69.4,69.4,69.2,69.2,38546.03128682,2671766.06464373
2026-06-04 08:45:00,69.2,69.2,69.1,69.2,38817.80798868,2685792.30663073
2026-06-04 09:00:00,69.1,69.4,69.1,69.4,33752.72867719,2336248.24882467
2026-06-04 09:15:00,69.1,69.1,68.3,68.3,268771.16815537,18378936.72842467
2026-06-04 09:30:00,68.3,68.7,67.6,68.7,559246.58144377,38046830.12037646
2026-06-04 09:45:00,68.0,68.1,67.7,67.7,30182.04536397,2049964.67112466
2026-06-04 10:00:00,67.8,68.1,67.1,67.2,396401.23746957,26733324.6692602
2026-06-04 10:15:00,67.1,67.1,65.5,65.5,646672.57125152,43022406.90513611
2026-06-04 10:30:00,65.7,66.8,65.7,66.3,183951.73700713,12206475.29632142
2026-06-04 10:45:00,66.3,66.3,65.1,65.5,247025.44188262,16217210.08350223
2026-06-04 11:00:00,65.2,65.5,62.0,64.0,1275511.71704214,80892672.10322867
2026-06-04 11:15:00,63.9,64.7,63.5,64.7,550395.95982021,35423383.25064485
2026-06-04 11:30:00,64.6,65.0,64.5,65.0,345607.04267553,22417982.65722051
2026-06-04 11:45:00,65.2,65.4,65.0,65.1,61252.23359127,3992487.67096452
2026-06-04 12:00:00,65.3,66.3,65.3,66.0,128720.65226973,8488737.30531004
2026-06-04 12:15:00,66.2,66.5,66.1,66.4,206821.82072149,13737572.31366123
2026-06-04 12:30:00,66.1,66.7,66.0,66.7,285977.85840436,18929436.94706587
2026-06-04 12:45:00,66.4,66.4,66.4,66.4,18736.9711558,1244134.88474512
2026-06-04 13:00:00,66.5,67.0,66.5,66.5,85893.4793088,5740448.60289432
2026-06-04 13:15:00,66.5,66.5,66.5,66.5,59715.55964643,3971084.7164876
2026-06-04 13:30:00,66.4,66.4,65.8,65.8,97779.92622739,6465366.48975617
2026-06-04 13:45:00,65.8,65.9,65.8,65.9,86653.80095859,5701835.27758205
2026-06-04 14:00:00,65.6,65.6,64.5,64.8,782554.1727738,50736328.95203133
2026-06-04 14:15:00,64.6,64.8,64.4,64.4,97620.4012869,6296019.55800961
2026-06-04 14:30:00,64.5,64.9,64.0,64.9,211366.71207019,13572569.04355158
2026-06-04 14:45:00,64.5,64.5,64.5,64.5,80.0,5160.0
2026-06-04 15:00:00,65.0,65.0,65.0,65.0,92.3076923,5999.9999995
2026-06-04 15:15:00,65.0,65.4,65.0,65.4,48176.74914303,3134331.079278
2026-06-04 15:30:00,65.2,65.4,65.1,65.1,52095.64056406,3395267.72652441
2026-06-04 15:45:00,65.2,65.2,65.1,65.1,24440.00985766,1592672.46151894
2026-06-04 16:00:00,65.0,65.0,64.7,64.7,27839.04856782,1804637.83499097
2026-06-04 16:15:00,64.5,64.5,64.0,64.3,77628.51593173,4994941.94618672
2026-06-04 16:30:00,64.3,64.8,64.3,64.8,18758.00818856,1209904.6162321
2026-06-04 16:45:00,64.8,64.8,63.9,64.0,112152.51199274,7197293.05002899
2026-06-04 17:00:00,64.1,64.1,63.7,63.7,117467.15591208,7486453.96983422
2026-06-04 17:15:00,63.7,64.1,63.7,63.8,89140.60560525,5697850.96758547
2026-06-04 17:30:00,64.5,64.5,63.8,64.2,10297.63234407,661138.01199317
2026-06-04 17:45:00,64.0,64.5,63.9,64.1,6731.40912009,432019.94468456
2026-06-04 18:00:00,64.1,64.1,63.1,63.5,174486.26097022,11066303.76563758
2026-06-04 18:15:00,63.1,63.4,62.8,63.0,130333.27922038,8217093.09697055
2026-06-04 18:30:00,62.8,63.0,62.6,63.0,175017.04778456,10971915.61973072
2026-06-04 18:45:00,63.1,63.4,63.0,63.2,74445.07603637,4704143.35387828
2026-06-04 19:00:00,63.2,63.2,62.7,62.8,34775.57518172,2194769.13914578
2026-06-04 19:15:00,62.8,63.2,62.8,62.8,93517.15986111,5885662.27605963
2026-06-04 19:30:00,63.1,63.2,62.9,63.0,74892.28035015,4729698.79444811
2026-06-04 19:45:00,63.0,63.1,62.5,62.7,113277.26027696,7103251.18641595
2026-06-04 20:00:00,62.7,62.7,62.5,62.7,58283.62731679,3649134.02154469
2026-06-04 20:15:00,62.5,63.0,62.5,63.0,36031.55636288,2252067.77722959
2026-06-04 20:30:00,62.8,62.8,62.5,62.7,21209.48210641,1329744.18559007
2026-06-04 20:45:00,62.8,63.1,62.8,63.1,45307.66586018,2846613.71449974
2026-06-04 21:00:00,63.1,63.2,62.8,62.8,90421.46121469,5702263.38611432
2026-06-04 21:15:00,62.8,63.8,62.8,63.6,123461.8752295,7863044.11412452
2026-06-04 21:30:00,63.6,64.5,63.6,64.5,367849.20803055,23666943.09427965
2026-06-04 21:45:00,64.5,64.5,64.1,64.4,45477.88388569,2930500.76661375
2026-06-04 22:00:00,64.6,64.6,64.6,64.6,77.55417956,5009.99999958
2026-06-04 22:15:00,64.4,64.4,63.8,64.1,12105.02952288,775324.06195283
2026-06-04 22:30:00,64.1,64.6,64.1,64.6,20023.85685999,1291447.08697225
2026-06-04 22:45:00,64.7,64.7,64.6,64.6,61689.58802841,3985155.13006651
2026-06-04 23:00:00,64.7,65.0,64.7,64.9,9731.81296206,630525.13352899
2026-06-04 23:30:00,64.4,64.4,64.4,64.4,3110.64865384,200325.7733073
2026-06-04 23:45:00,64.4,64.6,64.2,64.6,57355.98005127,3693039.61977895
2026-06-05 00:00:00,64.4,65.0,64.3,65.0,27438.71439202,1777309.41529875
2026-06-05 00:15:00,65.0,65.0,64.5,64.7,17727.30937751,1147880.2539986
2026-06-05 00:30:00,64.8,64.8,64.8,64.8,14289.61445203,925967.01649154
2026-06-05 01:00:00,64.9,64.9,64.9,64.9,154083.20878081,10000000.24987457
2026-06-05 01:15:00,64.5,64.5,64.4,64.4,88779.45008837,5717474.10507087
2026-06-05 01:30:00,64.3,64.8,64.3,64.8,78912.14488713,5097885.4011937
2026-06-05 02:15:00,64.5,64.5,64.4,64.4,24168.50771319,1557658.78010945
2026-06-05 02:30:00,64.3,64.3,64.1,64.1,77102.26976313,4949520.15604308
2026-06-05 02:45:00,64.4,64.6,64.4,64.6,1706.53711362,110072.0540229
2026-06-05 03:00:00,64.7,64.7,64.7,64.7,154.5595054,9999.99999938
2026-06-05 03:15:00,64.3,64.3,64.3,64.3,22480.63142924,1445504.60090013
2026-06-05 03:30:00,65.0,65.0,64.9,64.9,8121.77896583,527777.24043666
2026-06-05 04:15:00,64.9,65.1,64.9,65.1,22892.32116104,1485758.37750513
2026-06-05 04:30:00,65.0,65.0,65.0,65.0,107.69230769,6999.99999985
2026-06-05 05:00:00,64.7,64.8,64.4,64.8,4848.79049357,313591.92469284
2026-06-05 05:15:00,64.5,64.7,64.5,64.5,78135.34083109,5039756.88082323
2026-06-05 05:30:00,64.4,64.4,64.4,64.4,5987.73594569,385610.19490244
2026-06-05 05:45:00,64.2,64.2,64.2,64.2,6733.46032692,432288.15298826
2026-06-05 06:15:00,64.1,64.1,63.8,63.8,75732.79808657,4839879.32612576
2026-06-05 06:30:00,63.7,63.7,63.0,63.2,182984.78736887,11614736.73165198
2026-06-05 06:45:00,63.4,63.4,63.1,63.1,16054.04983218,1013038.42233056
2026-06-05 07:00:00,63.1,63.1,63.0,63.0,46234.96314288,2915821.24027481
2026-06-05 07:15:00,62.9,63.4,62.9,63.1,7049.82986426,445300.15531612
2026-06-05 07:30:00,63.1,63.2,63.0,63.2,132886.92188648,8384572.72363621
2026-06-05 07:45:00,63.1,63.4,63.1,63.4,46524.62876985,2946690.9389422
2026-06-05 08:00:00,63.4,63.9,63.4,63.7,32848.22803362,2086176.91163095
2026-06-05 08:15:00,63.2,63.5,63.2,63.4,8271.02804813,523176.3185893
2026-06-05 08:30:00,63.4,63.7,63.4,63.7,2620.55335242,166359.60079281
2026-06-05 08:45:00,63.6,63.9,63.6,63.9,37204.07401976,2367881.68331181
2026-06-05 09:00:00,63.6,63.7,63.5,63.7,12090.03793118,768585.8397576
2026-06-05 09:15:00,63.4,64.0,63.4,64.0,61602.49135883,3918222.31277728
2026-06-05 09:30:00,63.9,63.9,63.8,63.8,51044.51141625,3260129.99268022
2026-06-05 09:45:00,63.7,63.7,63.3,63.3,152892.67018973,9697816.21213571
2026-06-05 10:00:00,63.2,63.2,62.6,63.1,236762.12330556,14846969.99090555
2026-06-05 10:15:00,63.1,63.2,63.1,63.2,3601.15585506,227479.836488
2026-06-05 10:30:00,63.2,63.3,62.9,62.9,28217.9106896,1783766.24405497
2026-06-05 10:45:00,63.3,63.4,63.2,63.4,17318.63551109,1095154.49607158
2026-06-05 11:00:00,63.2,63.4,63.1,63.2,16584.66434792,1048349.29998928
2026-06-05 11:15:00,63.1,63.1,62.8,62.8,29179.51649807,1835923.75986025
2026-06-05 11:30:00,62.8,62.8,62.3,62.3,226036.41719052,14139227.65574216
2026-06-05 11:45:00,62.6,62.6,61.7,62.1,246286.36648024,15327609.70653576
2026-06-05 12:00:00,61.7,61.9,61.5,61.6,51369.70447974,3168265.46861854
2026-06-05 12:15:00,61.8,62.2,61.8,62.2,162948.45981986,10087528.06284933
2026-06-05 12:30:00,62.1,62.5,61.9,61.9,149743.11446163,9296222.78540763
2026-06-05 12:45:00,61.9,62.2,61.7,61.7,36747.87871496,2282092.96161051
2026-06-05 13:00:00,61.7,62.2,61.7,62.2,86369.39741746,5334566.30160838
2026-06-05 13:15:00,62.2,62.5,61.8,62.5,139676.16188515,8665338.63693434
2026-06-05 13:30:00,62.3,62.3,62.3,62.3,26668.69987297,1661460.00208603
2026-06-05 13:45:00,61.9,62.6,61.9,62.6,94839.37138022,5928819.9796994
2026-06-05 14:00:00,62.9,62.9,62.6,62.6,88208.96621547,5528480.81243295
2026-06-05 14:15:00,62.7,62.8,62.7,62.8,8292.62496913,520122.94056535
2026-06-05 14:30:00,62.5,62.5,61.8,61.9,92068.90997776,5724643.045263
2026-06-05 14:45:00,62.0,62.0,61.0,61.3,219108.87669417,13480258.2207882
2026-06-05 15:00:00,61.3,61.6,59.7,60.2,2791851.10146525,169802611.84677088
2026-06-05 15:15:00,60.2,60.2,58.2,59.1,587429.18944292,34832753.55612539
2026-06-05 15:30:00,59.1,59.6,58.9,59.3,193114.64398134,11431977.65400868
2026-06-05 15:45:00,59.1,59.2,59.0,59.1,109177.85401558,6447313.88109867
2026-06-05 16:00:00,59.0,59.0,58.1,58.1,287054.86966721,16798934.42493912
2026-06-05 16:15:00,58.1,59.6,58.1,59.4,233505.18260315,13782956.62697239
2026-06-05 16:30:00,59.7,60.0,59.5,60.0,277365.35137101,16594289.86669968
2026-06-05 16:45:00,59.9,60.0,59.6,59.9,93244.28766834,5588640.48884825
2026-06-05 17:00:00,59.8,59.8,59.4,59.5,153325.03408977,9130585.96488441
2026-06-05 17:15:00,59.5,59.5,59.4,59.4,65787.04809655,3910430.65643112
2026-06-05 17:30:00,59.4,59.4,59.4,59.4,14656.30037778,870584.24244013
2026-06-05 17:45:00,59.3,59.4,59.0,59.0,90546.05440711,5366910.17368653
2026-06-05 18:00:00,59.3,60.1,59.3,60.1,202236.30024441,12056027.58850929
2026-06-05 18:15:00,60.1,60.1,60.1,60.1,12044.2916,723861.92516
2026-06-05 18:30:00,60.0,60.0,59.9,59.9,22353.39138935,1339512.38585717
2026-06-05 18:45:00,60.0,60.0,59.7,59.9,42639.26762348,2553137.81595323
2026-06-05 19:00:00,60.1,60.1,59.8,59.8,32556.92930501,1950083.76459992
2026-06-05 19:15:00,59.7,59.8,59.5,59.8,81701.29452263,4864367.26848426
2026-06-05 19:30:00,59.8,59.9,59.8,59.8,39259.64378478,2349771.44999929
2026-06-05 19:45:00,59.7,59.7,59.7,59.7,7268.35016835,433920.5050505
2026-06-05 20:00:00,59.5,59.5,59.4,59.4,3023.79043184,179891.91363085
2026-06-05 20:15:00,60.2,60.2,59.8,59.8,832.80199559,49868.89940362
2026-06-05 20:30:00,59.6,59.6,59.4,59.4,454087.39524091,27015290.79032544
2026-06-05 20:45:00,59.4,59.7,59.4,59.7,51223.42818361,3054149.69462185
2026-06-05 21:00:00,59.6,59.6,59.2,59.6,214223.64738966,12708553.38461246
2026-06-05 21:15:00,59.5,59.9,59.5,59.7,55998.33856175,3333050.33557001
2026-06-05 21:30:00,59.6,59.6,59.0,59.4,30150.63051535,1789331.0148848
2026-06-05 21:45:00,59.3,59.4,59.2,59.4,52296.24020332,3104356.04734362
2026-06-05 22:00:00,59.8,59.9,59.7,59.9,98442.91534794,5885559.45429877
2026-06-05 22:15:00,59.9,60.3,59.9,60.2,135151.32464344,8122912.4416543
2026-06-05 22:30:00,60.4,60.4,60.0,60.0,192720.92381368,11586273.07046887
2026-06-05 22:45:00,60.0,60.0,58.9,58.9,163351.12591216,9775756.23976104
2026-06-05 23:00:00,58.9,59.9,58.7,59.8,80028.06404125,4727110.53962703
2026-06-05 23:15:00,59.8,60.2,59.8,59.8,88354.95991093,5300096.77848029
2026-06-05 23:30:00,59.9,60.4,59.9,60.0,161355.83198225,9713960.71034423
2026-06-05 23:45:00,60.4,60.4,59.8,60.1,64525.54969619,3865762.30085472
2026-06-06 00:00:00,59.9,60.2,59.6,59.6,31091.31602423,1861336.23268905
2026-06-06 00:15:00,59.6,59.9,59.6,59.7,48456.45091264,2892599.64442459
2026-06-06 00:30:00,59.6,59.6,59.0,59.2,16203.28261766,961104.2944126
2026-06-06 00:45:00,59.6,59.6,58.8,59.6,15753.62422615,932587.83747882
2026-06-06 01:00:00,59.3,59.3,56.3,59.1,1281095.38981757,74689998.29705153
2026-06-06 01:15:00,59.5,59.5,59.0,59.2,99889.99791242,5912215.66290203
2026-06-06 01:30:00,59.3,59.3,58.5,58.6,253485.83981024,14893767.90965022
2026-06-06 01:45:00,58.7,59.7,58.7,59.7,18636.41344528,1100591.77992531
2026-06-06 02:00:00,59.4,59.7,59.2,59.2,4175.49367108,247638.72657472
2026-06-06 02:15:00,59.2,59.3,58.9,59.3,26692.57348881,1580238.0875509
2026-06-06 03:00:00,59.3,59.3,59.3,59.3,2816.32264129,167007.9326285
2026-06-06 03:15:00,58.9,58.9,58.4,58.4,91537.94547619,5355260.63777589
2026-06-06 03:30:00,58.2,58.4,57.9,58.1,107966.03850701,6283341.43184488
2026-06-06 03:45:00,57.9,58.1,57.0,57.5,91775.83227809,5245681.88058177
2026-06-06 04:00:00,57.2,57.3,56.9,57.3,66749.19550744,3808130.75397747
2026-06-06 04:15:00,56.8,57.5,56.8,57.3,62603.72225926,3562864.20846345
2026-06-06 04:30:00,57.2,57.8,57.2,57.8,3247.2610648,185948.04188438
2026-06-06 04:45:00,58.0,58.4,58.0,58.2,166357.23050993,9679524.39317979
2026-06-06 05:00:00,58.0,58.7,57.7,58.5,101092.40498389,5891081.36931327
2026-06-06 05:15:00,58.9,58.9,58.9,58.9,10667.69183583,628327.04913039
2026-06-06 05:30:00,59.0,59.0,59.0,59.0,1111.0,65549.0
2026-06-06 05:45:00,59.1,59.1,59.1,59.1,507.69885789,30005.0025013
2026-06-06 06:00:00,59.3,59.3,59.3,59.3,41521.33767636,2462215.32420815
2026-06-06 06:15:00,59.3,59.3,59.3,59.3,14552.97104878,862991.18319265
2026-06-06 06:30:00,59.5,59.7,59.5,59.5,14626.74221929,871935.53212409
2026-06-06 06:45:00,59.7,59.7,59.3,59.6,28115.2950397,1673070.0282535
2026-06-06 07:00:00,59.6,59.6,58.9,58.9,15538.40988913,918164.72565591
2026-06-06 07:15:00,59.0,59.1,58.7,58.7,25479.02470795,1503776.39082424
2026-06-06 07:30:00,59.0,59.2,58.8,58.8,1107.00125971,65311.99999856
2026-06-06 07:45:00,58.8,59.1,58.8,58.9,153299.19762139,9042263.22238716
2026-06-06 08:00:00,59.1,59.1,58.4,58.4,61502.26684463,3602481.49561595
2026-06-06 08:15:00,58.3,58.4,57.9,57.9,149140.99847371,8663828.58105009
2026-06-06 08:30:00,57.5,58.0,57.4,57.9,27729.06338714,1602201.59303822
2026-06-06 08:45:00,58.0,58.4,58.0,58.4,1346.52336796,78602.41296473
2026-06-06 09:00:00,58.9,59.2,58.9,59.0,69380.53227428,4096539.92279966
2026-06-06 09:15:00,58.8,58.8,58.8,58.8,78915.51839464,4640232.48160483
2026-06-06 09:30:00,58.8,59.1,58.8,59.0,3499.81795826,205914.8947508
2026-06-06 09:45:00,59.0,59.2,59.0,59.2,4423.48583965,261002.59021502
2026-06-06 10:00:00,59.1,59.1,59.0,59.0,19004.97104837,1121723.59185383
2026-06-06 10:15:00,58.9,59.0,58.6,59.0,5697.23565446,334882.52320069
2026-06-06 10:30:00,59.0,59.0,58.6,58.6,4583.31887755,270376.61377545
2026-06-06 10:45:00,58.9,58.9,58.4,58.7,19426.43951445,1136398.28284793
2026-06-06 11:00:00,58.4,58.4,57.8,57.8,146252.83311202,8474697.34891128
2026-06-06 11:15:00,58.2,58.2,57.8,58.2,262.16494844,15221.99999921
2026-06-06 11:30:00,57.9,57.9,57.9,57.9,50814.93336416,2942184.64178486
2026-06-06 11:45:00,58.0,58.2,57.9,57.9,5092.50396491,296304.78382198
2026-06-06 12:00:00,57.8,57.8,57.5,57.6,64089.66646374,3694398.53418808
2026-06-06 12:15:00,57.6,57.6,57.3,57.6,52185.31895568,3001858.37421985
2026-06-06 12:30:00,57.3,57.6,57.3,57.6,13792.61107803,792067.38122333
2026-06-06 12:45:00,57.6,57.6,57.6,57.6,14197.25935884,817762.13906918
2026-06-06 13:00:00,57.6,57.6,56.2,56.3,242270.54254302,13723023.79284532
2026-06-06 13:15:00,56.1,56.4,55.4,55.7,654407.23300283,36694327.72143049
2026-06-06 13:30:00,55.7,55.7,54.7,55.1,267300.45558291,14696945.10611927
2026-06-06 13:45:00,54.9,55.5,54.8,54.8,85849.88827367,4726635.05613768
2026-06-06 14:00:00,54.9,55.2,54.2,55.2,222724.20289385,12184922.6973889
2026-06-06 14:15:00,54.9,56.2,54.9,55.9,497056.48485443,27691606.65069675
2026-06-06 14:30:00,55.7,55.9,55.7,55.8,85005.41249226,4735215.0264194
2026-06-06 14:45:00,56.1,56.9,56.1,56.5,981579.49722541,55464814.6238677
2026-06-06 15:00:00,56.9,57.0,56.7,56.9,91748.30202859,5216767.08448039
2026-06-06 15:15:00,56.8,57.1,56.8,57.1,10802.19220361,614694.1675147
2026-06-06 15:30:00,57.0,57.1,57.0,57.1,21537.25629928,1229577.1838871
2026-06-06 15:45:00,56.8,56.8,56.6,56.6,15381.64714454,871299.68340742
2026-06-06 16:00:00,56.3,56.8,56.2,56.8,13423.31233661,759734.4434947
2026-06-06 16:15:00,56.9,57.0,56.8,56.8,32151.96959559,1829445.10819729
2026-06-06 16:30:00,57.1,57.1,57.1,57.1,3507.77837731,200294.1453444
2026-06-06 16:45:00,57.2,57.2,57.1,57.1,15342.3679547,876224.21021337
2026-06-06 17:00:00,57.0,57.0,56.9,56.9,64416.71280354,3667587.77625291
2026-06-06 17:15:00,57.2,57.7,57.2,57.7,14665.6503792,841421.19977442
2026-06-06 17:30:00,57.7,57.7,57.6,57.6,52937.04346571,3054245.25823188
2026-06-06 17:45:00,57.6,57.6,57.3,57.6,80036.62095678,4608055.04057282
2026-06-06 18:00:00,57.5,57.5,57.5,57.5,4416.99238982,253977.06241465
2026-06-06 18:15:00,57.5,57.6,57.5,57.6,18865.00804291,1086440.301209
2026-06-06 18:30:00,57.6,57.7,57.5,57.5,3441.28426918,198187.67390477
2026-06-06 18:45:00,57.3,57.3,57.0,57.0,15074.65068083,860229.06852528
2026-06-06 19:00:00,56.9,56.9,56.6,56.6,6728.63586629,381406.65954417
2026-06-06 19:15:00,56.6,56.6,56.2,56.4,75386.94507398,4253249.58547413
2026-06-06 19:30:00,56.4,56.4,55.8,56.2,150655.92400484,8455056.80812394
2026-06-06 19:45:00,56.1,56.6,56.1,56.6,17559.45601006,988329.7401149
2026-06-06 20:00:00,56.7,56.7,56.5,56.5,2979.20961724,168668.36622116
2026-06-06 20:15:00,56.7,56.7,56.7,56.7,1128.96085003,64012.0801967
2026-06-06 20:30:00,56.9,56.9,56.9,56.9,88.04920913,5009.9999995
2026-06-06 20:45:00,56.9,56.9,56.6,56.9,1976.35285648,112423.90679446
2026-06-06 21:00:00,56.9,57.1,56.6,56.6,29667.00180524,1681522.32987079
2026-06-06 21:15:00,56.6,56.6,56.6,56.6,100.0,5660.0
2026-06-06 21:30:00,56.5,56.5,56.5,56.5,8073.39152104,456146.62093876
2026-06-06 21:45:00,56.7,57.1,56.7,57.1,29239.9221643,1662720.98292269
2026-06-06 22:00:00,57.1,57.4,57.1,57.3,1319.5409149,75424.9070931
2026-06-06 22:15:00,57.1,57.1,57.0,57.0,141652.74712211,8081764.17256183
2026-06-06 22:30:00,57.0,57.1,56.9,57.1,77517.3539034,4411956.46545946
2026-06-06 22:45:00,57.2,57.2,57.2,57.2,87.41258741,4999.99999985
2026-06-06 23:00:00,57.2,57.4,57.2,57.4,8595.08973438,491656.58925253
2026-06-06 23:15:00,57.3,57.3,57.1,57.1,14913.89308812,851644.68055185
2026-06-06 23:30:00,57.3,57.3,57.3,57.3,349.04013962,20000.00000023
2026-06-06 23:45:00,57.4,57.4,57.4,57.4,87.28222996,5009.9999997
2026-06-07 00:00:00,57.2,57.2,56.7,56.7,96857.01145117,5530306.61454926
2026-06-07 00:15:00,56.7,56.7,56.6,56.6,32014.33470528,1813424.03626994
2026-06-07 00:30:00,56.6,56.9,56.6,56.9,16351.49384886,925600.00000013
2026-06-07 00:45:00,56.8,56.8,56.7,56.7,4168.53547893,236408.68573266
2026-06-07 01:00:00,57.3,57.3,57.0,57.3,9181.64436705,525168.40433172
2026-06-07 01:15:00,57.3,57.3,57.0,57.0,66806.83042354,3808172.58021508
2026-06-07 01:30:00,57.0,57.0,56.9,56.9,7222.2656085,411479.3944868
2026-06-07 01:45:00,57.4,57.4,57.4,57.4,1025.17421602,58844.99999955
2026-06-07 02:00:00,57.2,57.2,57.2,57.2,655.59440559,37499.99999975
2026-06-07 02:30:00,56.7,56.7,56.4,56.4,49413.8897416,2798587.85975549
2026-06-07 02:45:00,56.3,56.3,56.3,56.3,2275.24613572,128096.35744104
2026-06-07 03:15:00,56.3,56.3,56.3,56.3,1712.64548513,96421.94081282
2026-06-07 03:30:00,56.9,56.9,56.9,56.9,14268.90973995,811900.96420316
2026-06-07 04:00:00,57.0,57.0,57.0,57.0,350.87719298,19999.99999986
2026-06-07 04:45:00,56.7,56.7,56.7,56.7,350.87719298,19894.73684197
2026-06-07 05:30:00,56.7,56.7,56.7,56.7,274.50465748,15564.41407912
2026-06-07 06:00:00,56.7,56.7,56.7,56.7,93.81305255,5319.20007959
2026-06-07 07:00:00,57.3,57.3,57.3,57.3,510.0,29223.0
2026-06-07 07:15:00,57.2,57.2,56.9,56.9,699.3006993,39895.10489507
2026-06-07 07:30:00,57.0,57.0,57.0,57.0,350.87719298,19999.99999986
2026-06-07 07:45:00,57.0,57.0,56.7,56.7,11057.05600769,626987.61504058
2026-06-07 08:00:00,57.0,57.0,57.0,57.0,87.89473684,5009.99999988
2026-06-07 08:15:00,56.9,56.9,56.7,56.7,21752.32447315,1235539.64912254
2026-06-07 08:30:00,56.7,57.0,56.7,57.0,10413.03457891,591813.88062234
2026-06-07 08:45:00,56.7,57.0,56.7,57.0,356.5932213,20245.20406876
2026-06-07 09:00:00,57.0,57.0,56.9,57.0,31935.72007492,1820301.92929563
2026-06-07 09:15:00,57.0,57.1,57.0,57.1,15378.34548767,877761.35111593
2026-06-07 09:30:00,57.1,57.5,57.1,57.2,41515.0510364,2382028.21343412
2026-06-07 09:45:00,57.2,57.3,57.2,57.3,30365.41080285,1736910.24137852
2026-06-07 10:00:00,57.4,57.7,57.4,57.7,66772.66056366,3850805.46420934
2026-06-07 10:15:00,57.9,58.2,57.9,58.0,57602.84911916,3337957.76239895
2026-06-07 10:30:00,58.0,58.0,57.7,57.7,46036.7122544,2664019.31264511
2026-06-07 10:45:00,57.6,57.6,57.4,57.4,797493.72113311,45812695.0369264
2026-06-07 11:00:00,57.5,57.6,57.3,57.6,176015.38990522,10116683.48697738
2026-06-07 11:15:00,57.4,57.4,56.7,56.7,10885.36451872,620701.54771725
2026-06-07 11:30:00,56.7,57.1,56.7,57.1,9717.69375116,553595.68214269
2026-06-07 11:45:00,57.1,57.1,56.9,56.9,6281.42897566,358559.70871505
2026-06-07 12:00:00,56.9,57.0,56.7,56.7,38704.52631578,2202287.34505157
2026-06-07 12:15:00,56.8,56.8,56.7,56.7,128.0,7270.39383803
2026-06-07 12:30:00,57.2,57.2,56.7,57.0,50280.08833271,2854053.91387121
2026-06-07 12:45:00,57.0,57.0,56.9,57.0,22152.46776052,1262033.63212625
2026-06-07 13:00:00,56.9,57.0,56.9,56.9,15279.12399348,869399.69032112
2026-06-07 13:15:00,57.0,57.0,57.0,57.0,87.89473684,5009.99999988
2026-06-07 13:30:00,56.9,57.1,56.9,57.1,1317.96927659,75009.99999909
2026-06-07 13:45:00,57.1,57.2,57.1,57.2,16322.16263846,932399.28735537
2026-06-07 14:15:00,57.2,57.2,57.2,57.2,462.82517482,26473.5999997
2026-06-07 14:30:00,57.2,57.4,57.2,57.4,7051.47963051,404536.93387022
2026-06-07 14:45:00,57.2,57.2,57.1,57.1,4609.46308799,263333.93033496
2026-06-07 15:00:00,57.4,57.4,57.1,57.1,35652.33013937,2045285.96048977
2026-06-07 15:15:00,57.4,57.5,57.4,57.5,1575.9571735,90608.80925325
2026-06-07 15:30:00,57.8,57.8,57.4,57.7,54817.49732137,3167155.68197073
2026-06-07 15:45:00,57.8,57.8,57.8,57.8,22591.13531469,1305767.62118908
2026-06-07 16:00:00,57.6,58.0,57.6,58.0,35449.68515419,2042112.55695418
2026-06-07 16:15:00,58.0,58.0,57.9,57.9,172.59719492,10001.99999966
2026-06-07 16:45:00,57.9,57.9,57.9,57.9,1021.37187019,59137.431284
2026-06-07 17:00:00,58.0,58.0,57.6,57.7,37527.87753411,2165560.10025364
2026-06-07 17:30:00,58.0,58.2,58.0,58.2,19642.41188587,1140547.9338266
2026-06-07 17:45:00,58.4,58.6,58.4,58.4,8325.96269992,486983.11498745
2026-06-07 18:00:00,58.6,58.8,58.6,58.8,76289.30590493,4481046.8954438
2026-06-07 18:15:00,58.9,58.9,58.7,58.7,340.21297595,20012.99999913
2026-06-07 18:30:00,58.6,58.6,58.5,58.5,8938.19477938,523764.9423753
2026-06-07 18:45:00,58.5,58.6,58.5,58.6,17408.6909023,1020092.12072352
2026-06-07 19:00:00,58.4,58.4,57.6,57.6,43607.54774621,2536079.75031587
2026-06-07 19:15:00,58.0,58.0,58.0,58.0,14950.61090144,867135.43228352
2026-06-07 19:30:00,58.0,58.0,57.8,57.8,30532.75018575,1768493.86983156
2026-06-07 19:45:00,57.8,57.8,57.5,57.5,8748.36975753,504126.98363498
2026-06-07 20:00:00,57.5,57.5,57.5,57.5,170.95652174,9830.00000005
2026-06-07 20:30:00,57.9,58.2,57.9,58.2,11470.18227825,664727.13175306
2026-06-07 20:45:00,58.2,58.2,58.2,58.2,10377.0709679,603945.53033178
2026-06-07 21:00:00,58.2,58.2,57.2,57.2,109010.85413755,6298455.07769815
2026-06-07 21:15:00,57.1,57.1,56.7,56.8,52534.89729066,2989405.72700805
2026-06-07 21:30:00,57.0,57.0,56.7,56.7,32547.97776881,1847792.49242703
2026-06-07 21:45:00,56.7,57.1,56.7,57.1,109004.96556704,6206956.70541418
2026-06-07 22:00:00,57.2,57.2,56.9,57.2,347.38903517,19818.89414313
2026-06-07 22:30:00,56.9,56.9,56.9,56.9,968.73462214,55120.99999977
2026-06-07 22:45:00,57.1,57.1,57.1,57.1,214.0,12219.4
2026-06-07 23:15:00,57.0,57.2,57.0,57.2,66843.521644,3820902.44295042
2026-06-07 23:30:00,57.5,57.5,57.4,57.4,6780.90493913,389553.77693711
2026-06-07 23:45:00,57.4,57.4,57.4,57.4,6628.34285644,380466.87995966
2026-06-08 00:00:00,57.4,57.4,57.4,57.4,5324.81184668,305644.19999943
2026-06-08 00:15:00,57.2,57.2,57.2,57.2,56472.76990149,3230242.43836523
2026-06-08 00:45:00,57.1,57.1,57.1,57.1,350.26269702,19999.99999984
2026-06-08 01:15:00,57.6,57.6,57.1,57.1,15151.53155682,867292.5569967
2026-06-08 01:30:00,57.8,58.2,57.8,58.0,23063.6940047,1338232.20562042
2026-06-08 01:45:00,58.0,58.0,58.0,58.0,1900.0,110200.0
2026-06-08 02:15:00,57.9,57.9,57.9,57.9,25279.82465186,1463701.84734269
2026-06-08 02:45:00,57.8,57.8,57.6,57.6,17561.05591395,1015002.99999861
2026-06-08 03:15:00,57.5,57.8,57.5,57.8,10200.66779472,587562.57540059
2026-06-08 03:45:00,57.4,57.4,57.3,57.3,174.40292245,10001.99999994
2026-06-08 04:00:00,57.2,57.2,56.8,56.8,41524.1901527,2362731.04737243
2026-06-08 04:15:00,56.6,56.6,56.3,56.3,32294.87154292,1822150.1882243
2026-06-08 04:30:00,56.2,56.4,56.1,56.1,1154.0775094,64903.99322119
2026-06-08 04:45:00,56.1,56.3,56.1,56.3,59558.04916754,3342441.99903739
2026-06-08 05:00:00,56.3,56.6,56.3,56.6,482750.36387681,27221747.07397662
2026-06-08 05:15:00,56.4,56.7,56.4,56.6,16056.70233816,909371.69198181
2026-06-08 05:45:00,56.7,57.0,56.7,57.0,356.19256767,20249.38668968
2026-06-08 06:00:00,57.0,57.0,56.8,56.8,2730.48570745,155161.69348139
2026-06-08 06:30:00,56.6,56.6,56.2,56.2,24078.61749115,1362813.74999909
2026-06-08 06:45:00,56.2,56.4,56.2,56.4,28920.83860136,1625422.05138225
2026-06-08 07:00:00,56.8,58.4,56.8,58.4,102690.90804183,5934862.41229724
2026-06-08 07:15:00,58.5,59.1,58.2,58.3,175743.10450641,10303589.5715035
2026-06-08 07:30:00,57.9,58.0,57.8,58.0,223697.21503535,12949833.84738044
2026-06-08 07:45:00,58.0,58.0,57.6,57.6,24841.41632583,1430987.8144101
2026-06-08 08:00:00,57.5,57.5,57.1,57.3,22450.72323806,1287611.4524818
2026-06-08 08:15:00,57.3,57.5,57.3,57.5,26806.02803369,1536020.25850435
2026-06-08 08:30:00,57.1,57.4,57.1,57.3,1083.65379351,62074.99999879
2026-06-08 08:45:00,57.3,57.4,57.3,57.4,14082.84825134,806965.93302478
2026-06-08 09:00:00,57.5,57.7,57.5,57.6,83159.231977,4790133.95534965
2026-06-08 09:15:00,57.8,58.0,57.5,58.0,137149.18042179,7899835.67965938
2026-06-08 09:30:00,58.0,58.7,58.0,58.4,271823.68974335,15832530.33932915
2026-06-08 09:45:00,58.3,58.5,58.3,58.5,25942.67854781,1516683.0271921
2026-06-08 10:00:00,58.3,58.4,57.8,57.8,131305.09562908,7615599.16500976
2026-06-08 10:15:00,57.8,57.8,57.5,57.5,169993.03654666,9799382.67931478
2026-06-08 10:30:00,57.4,57.8,57.4,57.6,49790.66714073,2865716.97509322
2026-06-08 10:45:00,57.6,58.0,57.6,57.8,52676.42954314,3049377.51728814
2026-06-08 11:00:00,58.1,58.1,57.8,58.1,3557.85547528,206659.49999958
2026-06-08 11:15:00,58.1,58.1,57.8,58.0,1301.57443735,75506.45390028
2026-06-08 11:30:00,57.8,57.8,57.6,57.8,51242.1497,2957700.37235837
2026-06-08 11:45:00,57.6,57.6,57.6,57.6,17274.61730626,995017.95684058
2026-06-08 12:00:00,57.8,57.8,57.8,57.8,38807.46067232,2243071.2268601
2026-06-08 12:15:00,58.0,58.0,58.0,58.0,86.37931034,5009.99999972
2026-06-08 12:30:00,57.6,57.6,57.6,57.6,45642.6904855,2629018.9719648
2026-06-08 13:00:00,57.5,57.5,57.5,57.5,88500.77765463,5088794.71514123
2026-06-08 13:15:00,57.4,57.4,57.0,57.2,153546.54620106,8795484.58795973
2026-06-08 13:30:00,57.2,57.2,56.5,56.9,57553.62449202,3264497.16285559
2026-06-08 13:45:00,56.9,56.9,56.7,56.7,114769.125479,6530292.94098533
2026-06-08 14:00:00,57.0,57.0,56.9,57.0,3310.34967368,188376.47537976
2026-06-08 14:15:00,56.8,56.8,56.5,56.6,122325.19939474,6933499.92021288
2026-06-08 14:30:00,56.5,56.7,56.3,56.3,129075.8798214,7271180.47510366
2026-06-08 14:45:00,56.3,56.3,56.3,56.3,57025.12065765,3210514.2930257
2026-06-08 15:00:00,56.7,56.9,56.7,56.9,3099.96501968,175785.62645768
2026-06-08 15:15:00,56.8,56.9,56.8,56.9,4073.0,231557.3
2026-06-08 15:30:00,56.9,56.9,56.8,56.9,195424.58913661,11119298.03833037
2026-06-08 16:00:00,56.8,56.8,56.3,56.8,7289.8321055,413179.65835711
2026-06-08 16:15:00,56.8,57.1,56.7,57.1,103691.1371546,5894756.90548716
2026-06-08 16:30:00,57.2,57.2,57.2,57.2,87.58741258,5009.99999958
2026-06-08 17:00:00,57.0,57.0,56.7,57.0,18543.91624411,1053257.65959733
2026-06-08 17:15:00,57.0,57.0,57.0,57.0,924.8182926,52714.6426782
2026-06-08 17:30:00,57.1,57.1,57.1,57.1,87.7408056,5009.99999976
2026-06-08 17:45:00,56.8,56.8,56.7,56.7,84482.13557549,4790215.62475759
2026-06-08 18:00:00,56.5,56.7,56.5,56.7,48807.16213958,2766686.44383411
2026-06-08 18:15:00,56.9,57.1,56.8,57.1,419421.15898928,23883302.61554964
2026-06-08 18:30:00,57.2,57.2,57.2,57.2,5788.41840903,331097.53299652
2026-06-08 18:45:00,57.3,57.3,57.3,57.3,11613.0,665424.9
2026-06-08 19:00:00,57.3,57.3,57.1,57.3,110392.08113635,6324347.53991277
2026-06-08 19:15:00,57.3,57.3,57.1,57.2,31612.41942928,1807061.12493636
2026-06-08 19:30:00,57.2,58.0,57.2,58.0,157773.73919273,9048160.90119193
2026-06-08 19:45:00,58.0,58.3,57.8,58.3,326768.45999371,18959142.11741256
2026-06-08 20:00:00,58.3,59.0,58.3,58.5,334885.06783012,19620301.96226315
2026-06-08 20:15:00,58.7,58.9,58.6,58.6,120344.87656889,7070890.12228276
2026-06-08 20:30:00,58.7,58.8,58.5,58.8,251604.27432091,14769399.25514225
2026-06-08 20:45:00,58.5,58.6,58.3,58.5,85806.54048112,5007715.05448026
2026-06-08 21:00:00,58.3,58.5,57.9,58.2,137148.43304924,7953378.87269069
2026-06-08 21:15:00,57.9,58.1,57.9,58.1,75966.37723938,4400274.63051363
2026-06-08 21:30:00,58.1,58.5,58.1,58.5,72446.60809445,4217001.52198755
2026-06-08 21:45:00,58.4,58.5,58.4,58.5,60097.73379228,3509793.36248688
2026-06-08 22:00:00,58.5,58.6,58.3,58.3,35624.37774108,2078915.16271627
2026-06-08 22:15:00,58.3,58.5,58.3,58.5,127680.74792431,7443895.87368532
2026-06-08 22:30:00,58.2,58.2,58.0,58.0,148007.34034139,8611669.65372477
2026-06-08 22:45:00,58.4,58.4,58.2,58.2,373.77598123,21770.91964183
2026-06-08 23:00:00,58.2,58.2,58.2,58.2,6.2e-07,3.608e-05
2026-06-08 23:15:00,58.2,58.2,58.1,58.2,19142.85038952,1113319.11794039
2026-06-08 23:30:00,58.6,58.7,58.2,58.2,26536.3141012,1556378.48213216
2026-06-08 23:45:00,58.4,58.4,58.2,58.2,9576.63355053,557531.30551756
2026-06-09 00:00:00,58.6,58.6,58.5,58.6,9286.31493927,543360.19233932
2026-06-09 00:15:00,58.6,58.7,58.6,58.7,4145.72450079,243277.38949727
2026-06-09 00:30:00,58.7,58.7,58.7,58.7,29943.81855069,1757702.1489255
2026-06-09 00:45:00,58.7,58.7,58.7,58.7,97816.4985789,5741828.46658143
2026-06-09 01:00:00,58.5,58.6,58.5,58.6,12518.45808389,733562.23345954
2026-06-09 01:15:00,59.0,59.1,59.0,59.1,45011.40301335,2656812.1794797
2026-06-09 01:30:00,58.9,58.9,58.9,58.9,88.0,5183.2
2026-06-09 01:45:00,58.4,58.4,58.4,58.4,2621.9345238,153120.97618992
2026-06-09 02:00:00,58.4,58.4,58.3,58.3,176578.2782575,10294552.51282321
2026-06-09 02:15:00,58.4,58.6,58.4,58.6,108075.89917383,6311700.77113734
2026-06-09 02:45:00,58.4,58.4,58.4,58.4,8782.95474406,512924.5570531
2026-06-09 03:00:00,58.5,58.8,58.5,58.8,256.4866334,15030.02927839
2026-06-09 03:15:00,58.6,58.7,58.6,58.7,10000.0,586041.13687108
2026-06-09 03:30:00,58.7,58.7,58.5,58.5,6673.11965811,391673.29999944
2026-06-09 03:45:00,58.3,58.3,58.3,58.3,16317.4032902,951304.61181866
2026-06-09 04:00:00,58.3,58.3,58.3,58.3,106690.15142344,6220035.82798655
2026-06-09 04:30:00,58.2,58.2,58.2,58.2,17463.17869415,1016356.99999953
2026-06-09 04:45:00,58.1,58.1,58.1,58.1,2181.68783149,126756.06300957
2026-06-09 05:00:00,58.0,58.0,57.8,57.8,28089.95231046,1625448.59670098
2026-06-09 05:15:00,57.8,57.8,57.7,57.7,19589.0167343,1132236.49999817
2026-06-09 05:45:00,58.2,58.4,58.2,58.4,9091.49953865,530034.36426038
2026-06-09 06:00:00,58.3,58.6,58.3,58.6,8312.14060176,486220.8044957
2026-06-09 06:15:00,58.6,58.6,58.6,58.6,603.57614243,35369.5619464
2026-06-09 06:30:00,58.7,58.9,58.7,58.9,1478.43951961,86801.41168566
2026-06-09 06:45:00,58.9,58.9,58.6,58.6,52961.79248514,3119233.07333123
2026-06-09 07:00:00,58.5,58.6,58.4,58.4,32132.71331763,1876626.35668915
2026-06-09 07:15:00,58.4,58.5,58.2,58.4,326679.38404047,19013018.17768375
2026-06-09 08:00:00,58.5,58.5,58.2,58.5,1861.43291929,108634.65600103
2026-06-09 08:15:00,58.2,58.2,57.8,58.1,36813.32631083,2141150.49491687
2026-06-09 08:45:00,57.8,57.9,57.6,57.6,16284.97550233,941184.5404497
2026-06-09 09:00:00,57.9,58.1,57.6,57.8,71625.05261172,4142321.33057503
2026-06-09 09:15:00,57.6,57.7,57.0,57.0,584342.02912585,33495643.51672927
2026-06-09 09:30:00,56.9,56.9,56.3,56.8,125708.75067037,7109010.21391563
2026-06-09 09:45:00,56.8,56.8,56.4,56.5,89946.94378638,5079821.19474983
2026-06-09 10:00:00,56.5,56.5,56.5,56.5,49115.70819685,2775037.51312203
2026-06-09 10:15:00,56.7,57.1,56.7,57.0,12810.85248594,728253.42005187
2026-06-09 10:30:00,57.0,57.1,56.6,56.6,88227.71880183,5020434.52631171
2026-06-09 10:45:00,56.8,56.8,56.8,56.8,30018.20422535,1705033.99999988
2026-06-09 11:15:00,56.6,56.6,56.2,56.2,84672.65655456,4763499.17485584
2026-06-09 11:30:00,56.1,56.1,55.6,55.6,365149.91547923,20385588.81142732
2026-06-09 11:45:00,55.7,56.0,55.6,55.9,28358.27322386,1581858.54482212
2026-06-09 12:00:00,55.7,55.9,55.7,55.9,26665.37988743,1487614.40803644
2026-06-09 12:15:00,55.9,56.1,55.7,55.7,63999.50352132,3572432.32815989
2026-06-09 12:30:00,55.7,55.7,55.4,55.6,203762.20332673,11306562.17251912
2026-06-09 12:45:00,56.0,56.0,55.7,55.7,254612.08417021,14182050.5882807
2026-06-09 13:00:00,55.7,56.0,55.7,55.8,16960.95270761,946990.69865941
2026-06-09 13:15:00,55.9,55.9,55.7,55.7,80394.70811985,4482218.78044724
2026-06-09 13:30:00,55.6,56.4,55.5,56.4,112690.50858863,6270044.97773125
2026-06-09 13:45:00,56.1,56.5,56.1,56.4,8717.72948288,490355.75060986
2026-06-09 14:00:00,56.3,56.3,56.3,56.3,4254.44224919,239525.0986294
2026-06-09 14:15:00,56.5,56.5,56.4,56.5,16009.1887607,903230.542798
2026-06-09 14:30:00,56.5,56.8,56.5,56.8,1515.0,85791.0
2026-06-09 14:45:00,56.8,56.8,56.5,56.5,97039.86609406,5490554.58275704
2026-06-09 15:00:00,56.4,56.4,56.3,56.3,73423.49055266,4137742.51811476
2026-06-09 15:15:00,56.3,56.3,56.1,56.1,222116.19101345,12480365.32051068
2026-06-09 15:30:00,56.3,56.3,56.3,56.3,12788.19893428,719975.59999996
2026-06-09 15:45:00,56.1,56.1,56.1,56.1,4206.85171145,236004.38101235
2026-06-09 16:15:00,56.1,56.1,55.9,55.9,48846.06882267,2732658.47369041
2026-06-09 16:30:00,56.0,56.0,56.0,56.0,35176.18868643,1969866.56644008
2026-06-09 16:45:00,56.3,56.3,56.3,56.3,47940.71936056,2699062.49999953
2026-06-09 17:00:00,56.1,56.1,55.6,56.0,135565.66417471,7574201.57974304
2026-06-09 17:15:00,56.0,56.3,56.0,56.3,66370.92593883,3725169.49999899
2026-06-09 17:45:00,56.1,56.3,55.7,55.7,77671.28632042,4361223.3851381
2026-06-09 18:00:00,56.0,56.0,55.9,55.9,3660.89285713,204652.85714214
2026-06-09 18:30:00,55.7,55.9,55.5,55.6,38905.44994971,2166842.39044447
2026-06-09 18:45:00,55.6,55.9,55.6,55.9,9429.23162738,524292.16578107
2026-06-09 19:00:00,55.7,55.7,55.4,55.4,70819.24107648,3934425.3191229
2026-06-09 19:15:00,55.4,55.7,55.4,55.7,5585.94342643,309515.23350824
2026-06-09 19:30:00,55.4,55.4,55.4,55.4,1680.45585345,93097.25428113
2026-06-09 19:45:00,55.7,55.9,55.7,55.9,179.57046918,10019.99999916
2026-06-09 20:00:00,55.5,55.9,55.5,55.5,7016.03212915,389425.63289949
2026-06-09 20:15:00,55.7,55.7,55.4,55.5,26487.09922761,1470033.49380036
2026-06-09 20:30:00,55.5,55.8,55.5,55.8,160191.60277352,8934489.48601455
2026-06-09 20:45:00,55.6,55.9,55.6,55.9,4515.70747324,251776.47234622
2026-06-09 21:00:00,56.0,56.3,56.0,56.3,65208.18660744,3651712.80170403
2026-06-09 21:15:00,56.0,56.0,55.8,55.8,47867.9160536,2672274.28279309
2026-06-09 21:30:00,55.8,56.1,55.8,56.1,361.18923469,20208.36437872
2026-06-09 21:45:00,55.8,56.1,55.8,56.1,363.61765641,20344.94544158
2026-06-09 22:00:00,56.4,56.4,56.4,56.4,1954.0,110205.6
2026-06-09 22:15:00,56.0,56.0,55.9,55.9,67323.32706059,3765159.6969727
2026-06-09 22:30:00,55.9,56.0,55.8,56.0,38695.60828103,2159359.88206455
2026-06-09 22:45:00,56.1,56.1,55.9,55.9,267.55793225,14974.34937534
2026-06-09 23:00:00,55.7,55.7,55.4,55.4,33157.95266169,1841807.32046384
2026-06-09 23:15:00,55.3,55.3,54.8,54.8,264312.95017833,14548225.98330878
2026-06-09 23:30:00,54.7,55.3,54.7,55.3,323132.34011764,17859103.55420634
2026-06-09 23:45:00,54.9,55.3,54.6,55.3,924423.03875016,50975654.92636792
2026-06-10 00:00:00,55.5,55.9,55.5,55.9,270014.29844605,15012830.71045084
2026-06-10 00:15:00,55.7,55.7,55.1,55.1,80635.25852528,4484619.04177889
2026-06-10 00:30:00,55.0,55.5,55.0,55.5,52087.5576133,2867896.97715183
2026-06-10 00:45:00,55.4,55.4,55.4,55.4,3603.6036036,199639.63963944
2026-06-10 01:00:00,55.1,55.1,54.9,55.0,5473.74000867,301217.29954428
2026-06-10 01:15:00,54.8,54.8,54.5,54.5,12163.50824447,664355.35078936
2026-06-10 01:30:00,54.8,55.3,54.4,54.8,44329.3635131,2426608.71042345
2026-06-10 01:45:00,54.9,55.0,54.7,55.0,348786.52755215,19134808.40758342
2026-06-10 02:00:00,55.3,55.5,55.3,55.5,2730.79455794,151040.03642944
2026-06-10 02:15:00,55.7,55.9,55.7,55.9,273.73224281,15264.83087035
2026-06-10 02:30:00,55.5,55.5,55.4,55.4,38148.15893854,2115522.82108897
2026-06-10 02:45:00,55.4,55.4,55.3,55.3,10533.78086055,583398.29999997
2026-06-10 03:15:00,55.4,55.8,55.4,55.5,76967.89706171,4292962.91318852
2026-06-10 03:30:00,55.7,55.7,55.7,55.7,254.53863166,14177.80178346
2026-06-10 04:30:00,55.9,55.9,55.9,55.9,5367.0,300015.3
2026-06-10 04:45:00,55.6,55.6,55.6,55.6,194732.56729002,10827130.74132511
2026-06-10 05:00:00,55.8,55.8,55.8,55.8,89.78494623,5009.99999963
2026-06-10 05:45:00,55.9,56.1,55.6,55.9,88287.33898662,4935608.66913816
2026-06-10 06:15:00,55.6,55.6,55.4,55.5,25987.17681588,1442249.26691398
2026-06-10 06:30:00,55.4,55.4,55.1,55.2,42773.56266169,2367581.33721691
2026-06-10 07:00:00,55.2,55.3,54.9,55.3,81996.93497488,4523705.74115703
2026-06-10 07:15:00,55.5,55.5,55.3,55.3,303715.09374885,16846159.72318836
2026-06-10 07:30:00,55.3,55.5,55.1,55.1,13956.53551212,771695.31962954
2026-06-10 07:45:00,55.3,55.3,55.1,55.2,5524.26891444,304576.58992607
2026-06-10 08:00:00,55.0,55.0,54.8,54.8,99635.12981242,5477373.31334328
2026-06-10 08:15:00,55.0,55.2,55.0,55.2,820.68787686,45155.98540121
2026-06-10 08:30:00,54.9,54.9,54.6,54.8,21554.7483673,1182080.35055043
2026-06-10 08:45:00,54.8,54.8,54.6,54.8,137763.84790117,7530824.14077223
2026-06-10 09:00:00,54.8,54.8,54.6,54.8,84146.34630217,4608528.12982328
2026-06-10 09:15:00,54.5,54.5,54.5,54.5,4572.40560822,249196.10564799
2026-06-10 09:30:00,54.7,54.7,54.2,54.2,334221.40403866,18207352.6560452
2026-06-10 09:45:00,54.6,54.7,54.3,54.7,28913.33327868,1581502.97869545
2026-06-10 10:00:00,54.7,54.7,54.6,54.6,59293.4127004,3242566.67471188
2026-06-10 10:15:00,54.7,55.4,54.7,55.1,898371.74319528,49371995.55257046
2026-06-10 10:30:00,54.6,54.8,54.5,54.5,38491.19583029,2097879.69587758
2026-06-10 10:45:00,54.6,54.8,54.6,54.8,3854.42702067,210470.00000011
2026-06-10 11:00:00,54.8,54.8,54.6,54.6,33070.12991703,1812107.96352386
2026-06-10 11:15:00,54.4,54.4,54.2,54.2,141328.1845135,7676741.76495477
2026-06-10 11:30:00,54.4,54.4,53.9,53.9,81728.36916428,4417844.66117685
2026-06-10 11:45:00,53.9,53.9,53.5,53.8,206301.54380843,11084475.37167996
2026-06-10 12:00:00,53.7,53.9,53.7,53.9,72173.2145386,3887110.1751907
2026-06-10 12:15:00,53.9,54.2,53.7,54.2,259513.07876117,13979725.59718398
2026-06-10 12:30:00,54.4,54.4,54.4,54.4,184.00735293,10009.99999939
2026-06-10 12:45:00,54.4,54.4,54.4,54.4,80833.79266249,4397358.32083946
2026-06-10 13:00:00,54.4,54.4,54.3,54.3,23650.37776747,1286547.17598613
2026-06-10 13:15:00,54.4,55.0,54.4,55.0,341218.87428381,18613300.96735989
2026-06-10 13:30:00,54.7,54.7,54.1,54.1,232291.17954343,12622187.45139887
2026-06-10 13:45:00,54.4,54.4,54.1,54.1,24971.16668973,1350967.74659086
2026-06-10 14:00:00,54.2,54.3,54.1,54.3,28011.30639324,1517613.93715293
2026-06-10 14:15:00,54.1,54.1,54.1,54.1,31221.48740586,1689082.46865703
2026-06-10 14:30:00,54.2,54.5,54.2,54.5,2312.0273804,125855.4922318
2026-06-10 14:45:00,54.3,54.3,54.2,54.2,210.0,11402.93186004
2026-06-10 15:00:00,54.3,54.9,54.3,54.9,53789.22713635,2941185.19061792
2026-06-10 15:15:00,54.7,55.0,54.7,55.0,17059.47552447,933915.93846124
2026-06-10 15:30:00,54.7,55.0,54.7,55.0,62648.38739742,3438247.3532989
2026-06-10 15:45:00,55.0,55.1,54.9,55.1,13506.4118431,742861.35619776
2026-06-10 16:00:00,55.1,55.2,54.9,54.9,47498.15342219,2617120.4972371
2026-06-10 16:15:00,55.2,55.6,55.2,55.2,414953.05061262,22976048.52319236
2026-06-10 16:30:00,55.2,55.7,55.2,55.7,73055.74998199,4038307.75246006
2026-06-10 16:45:00,55.7,55.7,55.3,55.6,27597.92719073,1528952.27644988
2026-06-10 17:00:00,55.4,55.4,55.3,55.3,82098.17983143,4540335.84467808
2026-06-10 17:15:00,55.4,56.0,55.4,55.4,151477.3567055,8428264.67548688
2026-06-10 17:30:00,55.4,55.7,55.3,55.4,99409.53705688,5505358.50314429
2026-06-10 17:45:00,55.5,55.7,55.5,55.5,28557.79845886,1585464.21226693
2026-06-10 18:00:00,55.5,58.6,55.4,57.7,755858.51089615,43234756.34819627
2026-06-10 18:15:00,57.9,58.0,57.2,58.0,1160665.66119134,66757293.68326334
2026-06-10 18:30:00,57.8,58.5,57.6,57.7,1921951.00625209,111471699.71659663
2026-06-10 18:45:00,57.7,57.8,57.4,57.7,380655.41656903,21947011.69224465
2026-06-10 19:00:00,57.7,57.7,56.9,56.9,372374.904441,21277713.1098875
2026-06-10 19:15:00,56.9,57.2,56.7,57.2,171193.13837199,9748085.41626745
2026-06-10 19:30:00,57.0,57.1,56.7,56.7,202340.03349273,11501195.39919607
2026-06-10 19:45:00,56.7,57.0,56.5,57.0,233474.71207355,13233642.42811914
2026-06-10 20:00:00,57.0,57.0,56.0,56.2,826692.2311434,46598290.81065501
2026-06-10 20:15:00,56.2,56.2,55.4,55.6,216041.7831502,12067156.01945125
2026-06-10 20:30:00,55.5,55.7,55.4,55.5,66860.36120678,3709819.59570651
2026-06-10 20:45:00,55.7,56.0,55.7,55.8,66132.04962458,3689306.54556028
2026-06-10 21:00:00,55.6,56.1,55.6,55.8,41215.36073315,2298322.59856154
2026-06-10 21:15:00,56.1,56.1,56.1,56.1,89.30481283,5009.99999976
2026-06-10 21:30:00,56.1,56.9,56.1,56.7,339919.88486809,19184199.33718699
2026-06-10 21:45:00,56.8,56.8,56.6,56.6,56956.10223401,3229652.13450801
2026-06-10 22:00:00,56.6,56.7,56.5,56.6,290177.0639785,16424942.98336824
2026-06-10 22:15:00,56.6,56.6,56.6,56.6,19076.78394597,1079745.9713419
2026-06-10 22:30:00,56.8,57.9,56.8,57.6,80842.24746531,4650635.6497223
2026-06-10 22:45:00,57.8,57.8,57.4,57.4,40919.51290712,2354227.28891034
2026-06-10 23:00:00,57.2,57.6,57.2,57.5,122596.18154869,7045314.21315355
2026-06-10 23:15:00,57.1,57.3,57.1,57.3,1909.42133641,109062.62035407
2026-06-10 23:30:00,57.3,57.4,57.0,57.3,103329.15356872,5910976.3312638
2026-06-10 23:45:00,57.0,57.1,57.0,57.1,39527.37020944,2253935.32107107
2026-06-11 00:00:00,57.1,57.1,56.8,56.9,24505.73094665,1393443.29510084
2026-06-11 00:15:00,56.7,56.9,56.7,56.9,27848.36415453,1582751.8106087
2026-06-11 00:30:00,56.8,56.8,56.5,56.7,64899.869961,3675501.9423721
2026-06-11 00:45:00,56.4,56.9,56.4,56.9,57951.5163995,3276971.70340602
2026-06-11 01:30:00,56.7,56.7,56.6,56.6,23678.40565632,1340656.38276873
2026-06-11 01:45:00,56.6,56.6,55.9,56.4,56673.28916179,3190408.41366237
2026-06-11 02:00:00,56.4,56.6,56.2,56.6,6918.44121778,389196.87932897
2026-06-11 02:15:00,56.2,56.2,55.9,55.9,17988.05606434,1010899.61344842
2026-06-11 02:30:00,55.7,55.8,55.4,55.5,527569.04063735,29336802.7162105
2026-06-11 02:45:00,55.6,55.9,55.6,55.9,14723.42446043,822411.32733804
2026-06-11 03:00:00,56.0,56.0,55.8,55.9,52925.12374366,2962787.22623994
2026-06-11 03:15:00,55.9,55.9,55.9,55.9,17200.0,961480.0
2026-06-11 03:30:00,55.7,55.7,55.6,55.6,1754.75643994,97679.81504321
2026-06-11 03:45:00,55.6,55.6,55.6,55.6,348.43205574,19372.82229914
2026-06-11 04:15:00,55.4,55.4,55.3,55.3,212.28830859,11748.94457503
2026-06-11 05:00:00,55.1,55.1,54.9,55.0,24366.02884524,1340183.56686424
2026-06-11 05:30:00,55.1,55.1,55.1,55.1,42617.42326688,2348220.02200509
2026-06-11 05:45:00,54.9,55.1,54.8,54.8,9473.16324748,520230.44570639
2026-06-11 06:00:00,54.8,54.9,54.4,54.4,24861.23854526,1356067.47769919
2026-06-11 06:15:00,54.3,54.7,54.3,54.7,89109.06062099,4864821.67999614
2026-06-11 06:30:00,54.7,54.9,54.7,54.9,17792.27787546,973275.87756544
2026-06-11 06:45:00,55.1,55.1,54.0,54.0,280866.5761846,15300986.89565775
2026-06-11 07:00:00,54.0,54.3,53.8,54.2,1177.05702578,63596.93411885
2026-06-11 07:15:00,53.9,54.1,53.7,54.0,2641.73552004,142418.30624716
2026-06-11 07:30:00,53.9,54.0,53.9,54.0,472.67026807,25514.03320037
2026-06-11 07:45:00,54.5,54.5,54.4,54.4,192.9789952,10507.24999943
2026-06-11 08:00:00,54.1,54.4,54.1,54.4,184384.32980692,9988714.13727631
2026-06-11 08:15:00,54.1,54.7,54.1,54.5,2969.69939742,161568.88915875
2026-06-11 08:30:00,54.8,54.9,54.8,54.9,29255.37517575,1605013.13969673
2026-06-11 08:45:00,54.9,55.0,54.9,55.0,83780.08927108,4599545.10263218
2026-06-11 09:00:00,54.9,57.0,54.9,56.9,1235289.25331692,68857895.35376374
2026-06-11 09:15:00,56.8,57.0,56.3,57.0,655788.16600353,37107774.20271658
2026-06-11 09:30:00,56.8,58.0,56.6,57.9,1748339.20061869,100373101.03103971
2026-06-11 09:45:00,57.9,58.5,56.4,57.2,5186819.10577569,297913712.639157
2026-06-11 10:00:00,57.2,58.2,56.9,57.3,1068614.35163304,61515231.36791587
2026-06-11 10:15:00,57.3,57.7,57.2,57.6,359395.55266445,20592843.56421399
2026-06-11 10:30:00,57.7,57.9,57.6,57.7,222400.89238854,12834111.47013289
2026-06-11 10:45:00,57.8,57.8,57.1,57.4,514407.32379905,29531665.63722735
2026-06-11 11:00:00,57.2,57.3,57.1,57.3,198714.51209076,11363366.06535046
2026-06-11 11:15:00,57.3,57.3,56.8,56.9,86855.43803292,4944300.42179641
2026-06-11 11:30:00,56.9,56.9,56.5,56.5,129574.94220164,7327930.69722909
2026-06-11 11:45:00,56.5,56.5,56.4,56.5,64644.7429009,3650263.59646521
2026-06-11 12:00:00,56.5,56.7,56.5,56.7,68969.22075649,3907356.57795494
2026-06-11 12:15:00,56.7,57.3,56.6,57.2,54829.05472656,3124635.89774512
2026-06-11 12:30:00,57.1,57.3,57.0,57.0,69698.40737906,3980669.89593271
2026-06-11 12:45:00,57.1,57.8,57.1,57.8,257646.10979626,14876829.72006477
2026-06-11 13:00:00,57.8,57.8,57.8,57.8,8650.51903115,500000.00000047
2026-06-11 13:15:00,57.5,57.5,57.5,57.5,1217.39130433,69999.99999898
2026-06-11 13:30:00,57.5,57.5,57.4,57.4,72112.7697021,4144284.25787075
2026-06-11 13:45:00,57.6,58.0,57.6,57.8,170100.4112683,9825640.24783555
2026-06-11 14:15:00,57.8,57.8,57.6,57.6,91781.33441833,5297057.46436789
2026-06-11 14:30:00,57.6,57.6,57.5,57.5,86845.63918524,4995401.07164239
2026-06-11 14:45:00,57.5,57.5,57.5,57.5,59922.48954955,3445543.14909913
2026-06-11 15:00:00,57.3,57.7,57.3,57.7,48493.54815627,2784480.69300622
2026-06-11 15:15:00,57.5,57.8,57.5,57.8,137635.83056222,7914241.97013042
2026-06-11 15:30:00,57.6,57.9,57.6,57.6,106061.19329222,6110188.75446483
2026-06-11 16:00:00,57.2,57.6,57.2,57.6,29221.29857399,1674234.41756266
2026-06-11 16:15:00,57.6,57.6,57.3,57.3,214457.93180092,12313986.99014943
2026-06-11 16:30:00,57.4,58.4,57.4,58.4,404668.93409274,23478672.15472795
2026-06-11 16:45:00,58.4,58.5,58.2,58.2,264936.42263247,15440197.84219218
2026-06-11 17:00:00,58.2,58.4,58.0,58.0,146151.82083813,8489429.3819712
2026-06-11 17:15:00,58.1,58.4,58.0,58.4,99411.74542344,5784517.07400083
2026-06-11 17:30:00,58.2,58.2,58.2,58.2,19272.74956101,1121674.02445078
2026-06-11 17:45:00,58.1,58.1,57.5,57.6,251316.2448757,14498431.31962303
2026-06-11 18:00:00,57.8,57.8,57.4,57.4,64699.22114177,3728689.66782896
2026-06-11 18:15:00,57.4,57.6,57.3,57.6,67780.30816485,3886479.37515093
2026-06-11 18:30:00,57.7,57.7,57.4,57.6,38756.3578713,2230881.72935706
2026-06-11 18:45:00,57.5,57.6,57.3,57.6,83364.17951311,4789027.60634681
2026-06-11 19:00:00,57.4,57.4,55.1,57.0,969508.21595577,54833266.40047117
2026-06-11 19:15:00,57.1,57.2,56.7,57.2,281947.72433366,16102489.69212175
2026-06-11 19:30:00,57.2,57.2,57.2,57.2,39884.91768101,2281417.29135377
2026-06-11 19:45:00,57.2,57.4,57.1,57.4,123176.28909015,7054089.16036735
2026-06-11 20:00:00,57.4,57.6,57.3,57.3,174859.59848903,10036679.75958584
2026-06-11 20:15:00,57.2,57.3,57.2,57.2,1490.37567647,85259.1040787
2026-06-11 20:30:00,57.2,57.2,57.1,57.1,30000.0,1713352.19145333
2026-06-11 20:45:00,57.1,57.4,57.1,57.4,55065.43926542,3150920.86619182
2026-06-11 21:00:00,57.3,57.4,56.9,57.2,103092.31201024,5881784.08220017
2026-06-11 21:15:00,57.0,57.2,56.3,56.4,158303.02308315,8985408.60627632
2026-06-11 21:30:00,56.4,56.9,56.4,56.9,5956.63701973,338589.93773546
2026-06-11 21:45:00,57.0,57.0,57.0,57.0,15373.80640185,876306.96490545
2026-06-11 22:00:00,57.0,57.2,57.0,57.2,14200.78182572,809479.529101
2026-06-11 22:15:00,57.2,57.6,57.2,57.3,121325.72316028,6963006.06586378
2026-06-11 22:30:00,57.2,57.3,57.2,57.3,76709.83178237,4393269.77411212
2026-06-11 22:45:00,57.5,57.5,57.2,57.2,180399.78503426,10340960.49070464
2026-06-11 23:00:00,57.5,57.5,57.2,57.2,16577.9453244,948284.61168611
2026-06-11 23:15:00,57.2,57.2,57.1,57.1,38929.4535378,2226712.69167673
2026-06-11 23:30:00,57.2,57.6,57.2,57.6,26901.15132164,1542479.99687451
2026-06-11 23:45:00,57.4,57.4,57.4,57.4,260.41666667,14947.91666686
2026-06-12 00:00:00,57.4,57.6,57.2,57.6,57701.13597352,3301997.70996396
2026-06-12 00:15:00,57.6,57.6,57.6,57.6,1512.41258742,87114.96503539
2026-06-12 00:30:00,57.6,57.8,57.6,57.8,41670.77264114,2400253.8397698
2026-06-12 00:45:00,57.6,57.6,57.6,57.6,41584.09444045,2395243.83976992
2026-06-12 01:00:00,57.8,58.0,57.8,57.9,28070.56815308,1626483.13728347
2026-06-12 01:15:00,57.6,57.6,57.6,57.6,317.41319443,18282.99999917
2026-06-12 01:45:00,57.4,57.5,57.4,57.5,20432.47444207,1173314.74845302
2026-06-12 02:00:00,57.5,57.5,57.4,57.4,49237.74657054,2826246.65314906
2026-06-12 02:15:00,57.6,57.9,57.6,57.9,222368.71061064,12830951.75258839
2026-06-12 02:30:00,58.0,58.5,58.0,58.3,331872.42785356,19341847.8602187
2026-06-12 02:45:00,58.5,58.6,58.0,58.0,105713.33205479,6153732.57841737
2026-06-12 03:00:00,58.6,58.6,58.2,58.6,61982.74118245,3627176.93611874
2026-06-12 03:15:00,58.8,59.3,58.4,58.4,48002.21744923,2825590.33781969
2026-06-12 03:30:00,58.3,58.3,58.3,58.3,5219.81308989,304315.10314059
2026-06-12 03:45:00,58.5,58.5,58.1,58.1,133781.28909273,7780482.14396475
2026-06-12 04:00:00,57.9,58.2,57.6,57.9,417321.00465225,24125610.29751637
2026-06-12 04:15:00,57.8,60.2,57.4,59.6,592544.749436,35119831.26958304
2026-06-12 04:30:00,59.8,60.1,59.5,59.8,119050.48196103,7121517.94653728
2026-06-12 04:45:00,59.5,59.7,59.2,59.3,62786.48806739,3730543.07643649
2026-06-12 05:00:00,59.1,59.3,58.9,59.0,147726.47534658,8735070.35321952
2026-06-12 05:15:00,58.9,58.9,58.9,58.9,7008.84955753,412821.23893852
2026-06-12 05:30:00,59.0,59.2,58.8,59.0,27333.46311494,1612824.94786062
2026-06-12 05:45:00,59.2,59.4,58.9,59.4,12838.76324936,760407.59830541
2026-06-12 06:00:00,59.4,59.6,59.4,59.5,85566.48768455,5089863.53038685
2026-06-12 06:15:00,59.7,60.1,59.5,59.5,50938.90307438,3043801.33136422
2026-06-12 06:30:00,59.6,60.2,59.5,60.2,388881.74714717,23295048.00673334
2026-06-12 06:45:00,59.9,59.9,59.3,59.3,341420.81383972,20272049.17514985
2026-06-12 07:00:00,59.3,59.5,59.3,59.5,46654.97734532,2769737.45828644
2026-06-12 07:15:00,59.5,59.5,58.8,59.2,55096.65685282,3250155.64574777
2026-06-12 07:30:00,59.2,59.2,59.1,59.1,88544.17136971,5241111.97072683
2026-06-12 07:45:00,59.1,59.1,58.8,59.0,80972.87587745,4769850.37406607
2026-06-12 08:00:00,58.9,59.0,58.9,59.0,18911.00369092,1114009.23773417
2026-06-12 08:15:00,59.1,59.1,58.8,58.8,13750.20763805,808613.81799629
2026-06-12 08:30:00,58.8,59.4,58.8,59.4,37613.90828185,2226800.40640826
2026-06-12 08:45:00,59.4,59.5,59.4,59.5,87739.63170676,5215155.37518836
2026-06-12 09:00:00,59.2,60.2,59.2,60.1,208208.71375227,12438354.36243724
2026-06-12 09:15:00,60.0,60.2,59.8,59.8,89254.45893765,5345288.28320556
2026-06-12 09:30:00,60.0,60.0,59.5,59.9,361846.44488372,21650677.10821474
2026-06-12 09:45:00,59.8,60.3,59.8,59.9,339808.23632888,20454766.98938733
2026-06-12 10:00:00,59.8,59.8,58.6,58.9,949173.54180394,56042987.50876229
2026-06-12 10:15:00,58.9,58.9,58.5,58.6,87993.84160506,5161786.38669636
2026-06-12 10:30:00,58.6,58.7,58.6,58.7,78908.21197619,4631656.69999894
2026-06-12 10:45:00,58.7,58.7,58.0,58.4,73959.71940723,4307041.14774252
2026-06-12 11:00:00,58.5,58.8,58.5,58.8,78735.38116313,4626655.74397259
2026-06-12 11:15:00,58.9,58.9,58.9,58.9,2440.0,143716.0
2026-06-12 11:30:00,58.9,58.9,58.9,58.9,47542.05432936,2800226.9999993
2026-06-12 11:45:00,59.0,59.0,58.7,58.7,156266.45201595,9196906.72032401
2026-06-12 12:15:00,58.9,59.0,58.9,59.0,384.91525423,22679.99999957
2026-06-12 12:45:00,58.7,59.0,58.7,59.0,11072.28759641,649968.75648554
2026-06-12 13:00:00,59.1,59.4,58.9,59.1,139135.107997,8232956.46968157
2026-06-12 13:15:00,59.3,59.3,59.3,59.3,3871.38344824,229573.03848063
2026-06-12 13:30:00,59.3,59.3,59.1,59.3,54546.15247211,3233696.9201824
2026-06-12 13:45:00,59.4,59.4,59.3,59.3,181.60120276,10777.3856671
2026-06-12 14:00:00,59.1,59.1,59.0,59.0,12973.30550284,766045.77901992
2026-06-12 14:15:00,59.1,59.1,59.1,59.1,5000.0,295500.0
2026-06-12 14:30:00,59.0,59.0,59.0,59.0,12627.43167161,745018.46862499
2026-06-12 14:45:00,59.0,59.0,58.4,58.6,207953.53496945,12185415.79870008
2026-06-12 15:00:00,58.7,58.7,58.6,58.6,13698.64749627,803250.10071295
2026-06-12 15:15:00,58.6,58.7,58.5,58.5,12554.32499659,735542.20324017
2026-06-12 15:30:00,58.4,58.4,58.2,58.4,974.37481693,56843.26042533
2026-06-12 15:45:00,58.3,58.3,58.1,58.1,73115.73224429,4251122.90831741
2026-06-12 16:00:00,58.2,58.8,58.1,58.5,126037.11968421,7356414.06698203
2026-06-12 16:15:00,58.5,58.5,58.5,58.5,441.88034188,25849.99999998
2026-06-12 16:30:00,58.5,58.6,58.5,58.6,10975.12607371,642217.17531204
2026-06-12 16:45:00,58.6,58.6,58.3,58.6,57439.03316976,3359993.83632747
2026-06-12 17:00:00,58.7,59.0,58.7,58.9,29489.7498766,1735996.84213642
2026-06-12 17:15:00,59.1,59.3,59.1,59.3,12505.62423044,740725.76479702
2026-06-12 17:30:00,59.2,59.3,59.2,59.3,5665.50227604,335449.72223854
2026-06-12 17:45:00,59.2,59.6,59.0,59.6,185073.12345795,10988113.99241112
2026-06-12 18:00:00,59.6,60.2,59.6,60.2,228198.57865029,13616969.83792244
2026-06-12 18:15:00,60.2,61.3,60.2,61.3,678960.28673538,41289237.73851726
2026-06-12 18:30:00,60.7,61.3,60.7,61.3,251467.81264753,15324789.16065212
2026-06-12 18:45:00,61.3,61.4,60.9,61.1,133405.02435474,8133737.50222914
2026-06-12 19:00:00,60.9,61.4,60.9,61.3,124984.98951949,7643087.6738401
2026-06-12 19:15:00,61.0,61.3,60.7,61.1,249113.86696543,15165598.92828418
2026-06-12 19:30:00,61.1,61.2,61.0,61.2,79142.89753785,4835468.97079413
2026-06-12 19:45:00,61.0,61.0,60.7,60.9,281625.1178983,17101371.72292056
2026-06-12 20:00:00,60.9,61.4,60.9,61.3,173695.04680168,10613763.04626453
2026-06-12 20:15:00,61.3,61.5,61.3,61.3,16470.51021896,1009967.47967428
2026-06-12 20:30:00,60.9,60.9,60.6,60.6,39751.11158988,2412281.51583389
2026-06-12 20:45:00,60.9,60.9,60.9,60.9,106.73234811,6499.9999999
2026-06-12 21:00:00,60.7,60.7,60.7,60.7,5260.1496204,319291.08195828
2026-06-12 21:15:00,60.8,60.8,60.8,60.8,971.62828947,59074.99999978
2026-06-12 21:30:00,60.6,60.6,60.6,60.6,46808.77815786,2836611.95636632
2026-06-12 21:45:00,60.6,60.7,60.6,60.7,16584.18723255,1005009.99999928
2026-06-12 22:00:00,60.5,60.5,60.5,60.5,16049.93557488,971021.10228024
2026-06-12 22:15:00,60.5,60.5,60.1,60.1,28916.17702625,1742238.07628971
2026-06-12 22:30:00,60.1,60.1,59.7,59.7,131365.16537518,7856841.01836538
2026-06-12 22:45:00,60.0,60.3,60.0,60.3,18598.88673653,1117120.54029829
2026-06-12 23:00:00,60.4,60.5,60.4,60.5,28169.42333787,1702809.98460944
2026-06-12 23:15:00,60.5,60.7,60.5,60.7,10474.14230153,633734.74308348
2026-06-12 23:30:00,60.7,60.9,60.7,60.9,12505.04090177,760928.44406316
2026-06-12 23:45:00,60.6,61.0,60.6,60.6,21369.22562198,1297576.01333017
2026-06-13 00:00:00,61.0,61.3,61.0,61.3,48832.01101284,2983843.23527208
2026-06-13 00:15:00,61.3,61.3,61.0,61.0,1904.86766946,116230.6584281
2026-06-13 00:30:00,60.9,60.9,60.6,60.6,30631.95434661,1859341.43671065
2026-06-13 00:45:00,60.6,60.6,60.4,60.4,4742.05455878,286420.09535039
2026-06-13 01:00:00,60.2,60.7,60.2,60.7,18562.60200272,1120051.38128995
2026-06-13 01:15:00,60.4,60.4,60.4,60.4,20790.72936805,1255760.05383022
2026-06-13 01:30:00,60.7,60.7,60.7,60.7,408.1291,24773.43637
2026-06-13 01:45:00,60.7,60.7,60.7,60.7,65897.85831961,4000000.00000033
2026-06-13 02:00:00,60.8,60.8,60.8,60.8,990.24682289,60207.00683171
2026-06-13 02:15:00,60.7,60.7,60.7,60.7,4274.0,259431.8
2026-06-13 02:30:00,60.8,60.8,60.8,60.8,5285.9423152,321385.29276416
2026-06-13 02:45:00,60.8,60.8,60.7,60.7,60527.89473684,3674108.99999987
2026-06-13 03:00:00,60.7,60.7,60.3,60.6,74573.93881708,4511935.92888051
2026-06-13 03:15:00,60.5,60.5,60.5,60.5,500.0,30250.0
2026-06-13 03:30:00,60.5,60.5,60.5,60.5,788.87234931,47726.77713326
2026-06-13 03:45:00,60.6,60.6,60.5,60.5,14115.53405069,853998.31557675
2026-06-13 04:00:00,60.3,60.3,60.3,60.3,3451.10047194,208101.35845798
2026-06-13 05:00:00,60.3,60.3,60.2,60.2,49998.30537218,3009930.92652524
2026-06-13 06:00:00,60.2,60.2,60.2,60.2,665.57914096,40067.86428579
2026-06-13 06:15:00,60.5,60.5,60.5,60.5,44945.59963737,2719208.77806089
2026-06-13 06:30:00,60.6,60.6,60.6,60.6,1724.55859528,104508.25087397
2026-06-13 06:45:00,60.3,60.3,60.3,60.3,3002.178648,181031.3724744
2026-06-13 07:00:00,60.5,60.5,60.5,60.5,1876.361655,113519.8801275
2026-06-13 07:30:00,60.6,60.6,60.6,60.6,1125.0,68175.0
2026-06-13 08:00:00,60.6,60.6,60.5,60.5,6527.66026228,395411.19539252
2026-06-13 08:15:00,60.8,60.8,60.5,60.5,369.55508757,22382.80319272
2026-06-13 08:30:00,60.8,60.8,60.7,60.7,59698.45788101,3623704.63350889
2026-06-13 08:45:00,60.8,61.0,60.7,60.7,11837.21203622,718561.51356124
2026-06-13 09:00:00,61.0,61.5,61.0,61.5,42093.70547397,2578957.38059817
2026-06-13 09:15:00,61.5,62.0,61.5,61.9,285733.09308213,17636742.21103453
2026-06-13 09:30:00,61.8,62.1,61.7,62.1,228662.45734921,14143251.93926585
2026-06-13 09:45:00,62.1,62.1,61.7,62.1,69710.14724666,4319113.92197127
2026-06-13 10:00:00,61.8,62.1,61.8,61.8,36262.09017811,2241021.37590575
2026-06-13 10:15:00,62.1,62.7,62.1,62.5,278863.66500152,17398014.84917729
2026-06-13 10:30:00,62.5,62.8,62.1,62.1,265709.0620653,16592427.29609908
2026-06-13 10:45:00,62.1,62.2,61.9,62.0,33000.41904351,2046001.3859614
2026-06-13 11:00:00,62.1,62.1,61.3,61.7,124220.05764924,7653088.73083174
2026-06-13 11:15:00,61.4,61.5,61.3,61.3,28232.85863316,1732782.30895292
2026-06-13 11:30:00,61.1,61.3,61.0,61.1,37965.22601303,2319639.62202079
2026-06-13 11:45:00,61.1,61.2,61.0,61.0,28470.34772996,1738019.45743602
2026-06-13 12:00:00,61.0,61.3,61.0,61.0,24153.53612009,1473506.25114727
2026-06-13 12:15:00,61.0,61.1,60.8,60.8,171330.02132888,10440390.6688422
2026-06-13 12:30:00,60.8,60.8,60.8,60.8,24933.65233647,1515966.06205738
2026-06-13 12:45:00,61.1,61.1,60.8,60.8,5513.43691647,335399.44572476
2026-06-13 13:00:00,60.8,60.8,60.5,60.7,46983.48136271,2848618.43469707
2026-06-13 13:15:00,60.5,60.5,60.4,60.5,29954.05073755,1812184.27543449
2026-06-13 13:30:00,60.5,61.0,60.5,61.0,12534.02272034,760750.46951433
2026-06-13 13:45:00,60.9,60.9,60.6,60.6,126292.79178282,7671137.99243611
2026-06-13 14:00:00,60.9,60.9,60.6,60.6,81616.21111354,4956311.29495835
2026-06-13 14:15:00,61.0,61.0,61.0,61.0,1639.34426229,99999.99999969
2026-06-13 14:30:00,60.6,60.6,60.6,60.6,266.82517482,16169.60559409
2026-06-13 14:45:00,60.8,60.8,60.5,60.8,37612.30315448,2280008.84484195
2026-06-13 15:00:00,61.0,61.0,61.0,61.0,165.73770491,10109.99999951
2026-06-13 15:15:00,60.7,60.7,60.4,60.6,1775.04950495,107456.01950299
2026-06-13 15:30:00,60.6,60.6,60.4,60.4,2364.57851239,143132.25785083
2026-06-13 15:45:00,60.4,60.7,60.4,60.7,54166.91181262,3272588.07150531
2026-06-13 16:15:00,60.6,60.6,60.6,60.6,2478.61482548,150204.05842409
2026-06-13 16:45:00,61.1,61.1,61.0,61.1,6136.25204581,374916.71905899
2026-06-13 17:00:00,61.1,61.1,60.6,60.7,129947.53857945,7921687.328201
2026-06-13 17:15:00,61.1,61.1,60.7,60.7,1142.58219555,69394.01913895
2026-06-13 17:30:00,61.0,62.6,61.0,61.7,586024.75005421,36116119.12043044
2026-06-13 17:45:00,61.8,61.8,61.4,61.8,4122.68616389,253411.59995455
2026-06-13 18:00:00,61.6,61.8,61.5,61.5,216334.99061054,13324050.82078303
2026-06-13 18:15:00,61.7,62.2,61.4,62.0,144804.36295831,8940881.42090675
2026-06-13 18:30:00,62.0,62.0,61.7,61.7,78790.98995795,4872846.73048043
2026-06-13 18:45:00,61.7,61.7,61.7,61.7,21271.17964518,1312431.78410761
2026-06-13 19:00:00,61.7,61.8,61.7,61.8,40757.94559144,2515499.45528958
2026-06-13 19:30:00,61.8,61.8,61.8,61.8,20085.88784381,1241307.86874746
2026-06-13 19:45:00,61.8,61.8,61.8,61.8,8150.0,503670.0
2026-06-13 20:00:00,61.8,61.8,61.8,61.8,17086.54311139,1055948.3642839
2026-06-13 20:15:00,62.0,62.0,61.8,61.8,24659.44662224,1526596.39573202
2026-06-13 20:30:00,61.7,62.0,61.7,61.7,15912.61825967,981971.43059943
2026-06-13 20:45:00,61.7,61.7,61.6,61.6,35044.6628095,2158970.30759672
2026-06-13 21:00:00,61.6,61.6,61.4,61.4,103707.63510751,6379122.24423
2026-06-13 21:15:00,61.5,61.6,61.4,61.6,70686.98749704,4351912.01984457
2026-06-13 21:30:00,61.5,61.7,61.5,61.5,4805.76021018,295570.17957367
2026-06-13 22:00:00,61.6,61.6,61.6,61.6,20698.12909079,1275004.75199266
2026-06-13 22:15:00,61.7,61.7,61.7,61.7,3601.28709652,222199.41385528
2026-06-13 22:30:00,61.7,61.8,61.7,61.8,31168.38962193,1925331.38537247
2026-06-13 22:45:00,61.8,61.8,61.8,61.8,5566.08400255,343983.99135759
2026-06-13 23:00:00,61.7,61.7,61.7,61.7,7101.07709231,438136.45659553
2026-06-13 23:15:00,61.7,61.7,61.7,61.7,7708.48571137,475613.56839153
2026-06-13 23:30:00,61.6,61.6,61.6,61.6,17979.75599262,1107552.96914539
2026-06-13 23:45:00,61.7,61.8,61.7,61.8,22361.92207241,1381800.40477672
2026-06-14 00:00:00,62.1,62.1,62.1,62.1,1744.61859979,108340.81504696
2026-06-14 00:15:00,62.3,62.3,62.3,62.3,11786.20168246,734280.36481726
2026-06-14 00:30:00,62.3,62.4,62.3,62.4,240.80210518,15009.99999887
2026-06-14 00:45:00,62.4,62.4,62.1,62.4,34125.44216672,2129352.59120333
2026-06-14 01:00:00,62.3,62.3,62.0,62.2,9612.83724635,596108.43009197
2026-06-14 01:15:00,62.0,62.1,61.9,62.1,30186.78918766,1871481.10196843
2026-06-14 01:30:00,61.9,61.9,61.8,61.8,13484.0751358,833681.23917564
2026-06-14 01:45:00,61.8,61.8,61.8,61.8,2976.0,183916.8
2026-06-14 02:00:00,61.8,61.8,61.8,61.8,29291.75680961,1810230.5708339
2026-06-14 02:15:00,61.6,61.6,61.5,61.5,3289.47368421,202327.22825515
2026-06-14 03:30:00,62.2,62.2,62.2,62.2,104.50160771,6499.99999956
2026-06-14 05:45:00,61.7,61.7,61.7,61.7,1409.74893428,86981.50924508
2026-06-14 06:00:00,61.7,61.7,61.7,61.7,1628.19564243,100459.67113793
2026-06-14 06:30:00,61.7,62.4,61.7,62.4,53944.94854801,3351973.11393091
2026-06-14 07:00:00,61.9,61.9,61.9,61.9,5145.63522761,318514.82058906
2026-06-14 07:15:00,61.9,61.9,61.9,61.9,4876.32471728,301844.49999963
2026-06-14 07:30:00,62.0,62.0,62.0,62.0,7050.68433525,437142.4287855
2026-06-14 07:45:00,61.7,62.0,61.7,62.0,14255.55186949,881851.92647656
2026-06-14 08:15:00,62.1,62.4,62.1,62.4,127791.92624082,7958637.99999932
2026-06-14 08:30:00,61.8,62.3,61.8,62.3,484.24285587,29966.4171605
2026-06-14 08:45:00,62.1,62.5,62.0,62.5,192795.46323694,11997276.12351584
2026-06-14 09:00:00,62.6,62.6,61.9,62.2,85839.60643202,5329482.49788985
2026-06-14 09:15:00,62.2,62.2,61.9,61.9,40626.54116978,2520227.68436054
2026-06-14 09:30:00,61.9,61.9,61.6,61.6,126842.07078063,7841727.94549761
2026-06-14 09:45:00,61.7,62.0,61.6,62.0,38123.9279437,2348506.29648177
2026-06-14 10:00:00,61.9,62.0,61.7,62.0,4030.06699079,249298.65633932
2026-06-14 10:15:00,62.0,62.0,62.0,62.0,11973.22057864,742339.67587568
2026-06-14 11:00:00,61.7,61.7,61.7,61.7,15435.0,952339.5
2026-06-14 11:15:00,61.8,61.9,61.8,61.8,49461.18825773,3057680.83315549
2026-06-14 11:30:00,61.9,61.9,61.9,61.9,14109.81100725,873397.30134878
2026-06-14 11:45:00,62.0,62.0,62.0,62.0,85889.25698441,5325133.93303342
2026-06-14 12:00:00,61.7,62.0,61.6,62.0,49632.04637902,3058791.71378486
2026-06-14 12:15:00,62.0,62.0,62.0,62.0,869.0,53878.0
2026-06-14 12:45:00,62.0,62.2,62.0,62.2,2685.57146227,166996.23066074
2026-06-14 13:00:00,62.1,62.1,61.9,61.9,21982.72141706,1361422.19999943
2026-06-14 13:15:00,61.9,61.9,61.9,61.9,12137.0,751280.3
2026-06-14 13:30:00,61.9,61.9,61.9,61.9,35406.0,2191631.4
2026-06-14 13:45:00,61.7,61.7,61.5,61.7,110022.27515166,6774424.56857057
2026-06-14 14:00:00,61.5,61.8,61.5,61.8,19602.85806598,1206546.64484418
2026-06-14 14:15:00,61.6,61.6,61.4,61.4,11989.53350128,736809.42584025
2026-06-14 14:30:00,61.9,61.9,61.9,61.9,80.93699515,5009.99999979
2026-06-14 15:00:00,61.9,62.1,61.9,62.0,1480.10737609,91644.44455567
2026-06-14 15:30:00,62.0,62.0,62.0,62.0,3533.0,219046.0
2026-06-14 16:15:00,62.0,62.1,61.7,61.7,21463.9463032,1326372.71755915
2026-06-14 16:30:00,61.7,61.7,61.6,61.6,53219.29001012,3278317.26462339
2026-06-14 16:45:00,61.6,61.9,61.6,61.9,82.94624465,5133.76976899
2026-06-14 17:30:00,61.5,61.5,61.5,61.5,32627.83519099,2006611.86424589
2026-06-14 17:45:00,61.5,61.9,61.5,61.9,3626.10021717,224293.93815402
2026-06-14 18:00:00,61.9,61.9,61.9,61.9,1304.0,80717.6
2026-06-14 18:15:00,61.6,61.7,61.6,61.6,745.42163368,45926.09114118
2026-06-14 18:30:00,61.6,61.9,61.6,61.9,12849.55535203,792509.10968505
2026-06-14 18:45:00,62.1,62.3,62.1,62.3,19485.87299035,1213285.93264989
2026-06-14 19:00:00,61.9,61.9,61.9,61.9,92.0,5694.8
2026-06-14 19:15:00,62.1,62.1,62.1,62.1,4914.50245213,305190.60227727
2026-06-14 19:30:00,62.4,62.5,62.1,62.5,249.43031313,15546.02192924
2026-06-14 19:45:00,61.9,62.5,61.9,62.1,307039.41401681,19107064.74007154
2026-06-14 20:00:00,62.1,62.2,62.0,62.2,39830.87847661,2475026.45465225
2026-06-14 20:15:00,62.2,62.2,62.0,62.0,4123.39935664,256287.38990242
2026-06-14 20:30:00,62.0,62.0,62.0,62.0,104838.70967741,6499999.99999942
2026-06-14 20:45:00,61.9,61.9,61.9,61.9,257.51612903,15940.24838696
2026-06-14 21:00:00,62.3,62.3,62.3,62.3,80.41733547,5009.99999978
2026-06-14 21:15:00,62.3,62.5,62.3,62.3,2865.91137669,178562.31076779
2026-06-14 21:30:00,62.0,62.0,62.0,62.0,214.06871852,13272.26054824
2026-06-14 21:45:00,61.9,61.9,61.7,61.7,4386.91020679,271479.6749107
2026-06-14 22:30:00,61.7,61.7,61.5,61.5,18888.66877173,1163240.11385391
2026-06-14 23:00:00,61.6,61.6,61.4,61.5,77695.93382066,4783053.47025455
2026-06-14 23:30:00,61.4,61.4,61.1,61.1,107244.09164186,6570499.96026723
2026-06-14 23:45:00,61.0,61.1,60.9,61.0,72423.22043287,4415005.32936455
2026-06-15 00:00:00,61.1,61.3,61.1,61.3,15320.1789631,936341.93464541
2026-06-15 00:15:00,61.0,61.0,60.9,60.9,31502.28569816,1921613.32928077
2026-06-15 01:00:00,60.8,60.8,60.7,60.7,1075.36969262,65301.70186703
2026-06-15 02:15:00,60.8,60.8,60.8,60.8,38832.59307188,2361021.6587703
2026-06-15 02:45:00,60.6,60.6,60.5,60.5,28310.39038103,1715129.66313486
2026-06-15 03:00:00,60.5,60.6,60.3,60.3,19903.22777666,1203158.78793373
2026-06-15 03:30:00,60.4,60.4,60.4,60.4,11248.38471129,679402.43656192
2026-06-15 03:45:00,60.4,60.4,60.4,60.4,2627.33578947,158691.08168399
2026-06-15 04:15:00,60.7,60.7,60.7,60.7,6761.0,410392.7
2026-06-15 05:30:00,61.5,62.0,61.5,62.0,27792.88671442,1714324.47904447
2026-06-15 05:45:00,61.9,62.2,61.7,61.9,29023.09225835,1794470.39031276
2026-06-15 06:00:00,61.9,62.0,61.9,62.0,5523.80645161,341931.44371246
2026-06-15 06:15:00,62.1,63.0,62.1,63.0,138817.00518614,8682560.07206049
2026-06-15 06:30:00,62.9,63.2,62.7,63.2,104380.27817105,6582786.65854423
2026-06-15 06:45:00,63.2,63.4,63.0,63.3,47774.85380368,3022285.65301531
2026-06-15 07:00:00,63.3,63.5,62.9,62.9,43310.69503959,2734277.48956935
2026-06-15 07:15:00,63.1,63.1,62.9,62.9,30361.11248791,1915093.73225681
2026-06-15 07:30:00,62.9,63.2,62.9,63.2,75901.47828786,4785270.21399347
2026-06-15 08:00:00,63.2,63.4,62.9,63.4,18854.20030702,1191411.86193819
2026-06-15 08:15:00,63.0,63.3,63.0,63.3,40610.29104664,2558634.36740857
2026-06-15 08:30:00,63.3,63.4,63.3,63.3,78668.64355295,4979733.03910994
2026-06-15 08:45:00,63.4,63.4,63.2,63.2,395.47777821,25009.99999927
2026-06-15 09:00:00,63.1,63.3,63.1,63.3,38544.74913918,2432300.47068226
2026-06-15 09:15:00,62.9,63.0,62.8,63.0,77232.78524861,4853416.30805246
2026-06-15 09:30:00,62.7,62.9,62.6,62.6,70572.34683511,4423189.21239184
2026-06-15 09:45:00,62.5,62.6,62.5,62.6,42272.34441844,2645625.6919549
2026-06-15 10:00:00,62.5,62.6,62.2,62.5,55826.02090188,3486011.19642576
2026-06-15 10:15:00,62.4,62.5,62.4,62.5,6874.9590718,429221.44608032
2026-06-15 10:30:00,62.5,62.6,62.3,62.6,15067.95816295,942208.68660494
2026-06-15 10:45:00,62.8,62.9,62.6,62.6,79612.11541653,5002696.1569215
2026-06-15 11:00:00,62.9,63.1,62.6,62.6,76203.2307182,4786939.23754172
2026-06-15 11:30:00,62.8,62.8,62.6,62.6,19234.29708935,1206053.77519828
2026-06-15 11:45:00,62.8,62.8,62.3,62.4,224430.99198521,14011157.58319188
2026-06-15 12:00:00,62.4,62.7,62.2,62.7,404880.28215914,25232592.13920423
2026-06-15 12:30:00,62.7,62.7,62.4,62.4,10000.0,625500.0
2026-06-15 12:45:00,62.7,62.7,62.5,62.5,16694.43168526,1045627.09739414
2026-06-15 13:00:00,62.4,62.6,62.4,62.6,892.48745088,55835.82332469
2026-06-15 13:15:00,62.5,62.6,62.5,62.5,7609.88402395,475855.95149688
2026-06-15 13:30:00,62.4,62.4,62.3,62.3,19914.6464589,1242586.73903536
2026-06-15 13:45:00,62.5,62.5,62.5,62.5,89.16532905,5572.83306563
2026-06-15 14:00:00,62.3,62.5,62.2,62.5,4873.80213611,303699.40791965
2026-06-15 14:15:00,62.5,62.6,62.5,62.6,20791.19955414,1300649.09208916
2026-06-15 14:45:00,62.6,62.8,62.6,62.7,11281.54928251,707534.93173037
2026-06-15 15:00:00,62.7,62.7,62.7,62.7,733.33811802,45980.29999985
2026-06-15 15:15:00,62.6,62.6,62.6,62.6,800.0,50080.0
2026-06-15 15:30:00,62.7,62.7,62.7,62.7,1052.63157895,66000.00000017
2026-06-15 15:45:00,62.7,62.7,62.7,62.7,3734.55671286,234156.70589632
2026-06-15 16:00:00,62.7,62.7,62.7,62.7,22690.0,1422663.0
2026-06-15 16:15:00,62.7,63.1,62.7,63.1,23066.99607809,1448093.82377629
2026-06-15 16:30:00,62.9,62.9,62.9,62.9,1768.0,111207.2
2026-06-15 16:45:00,62.6,62.6,62.5,62.5,13446.15637396,841005.99647616
2026-06-15 17:00:00,62.7,62.7,62.6,62.6,39107.62469675,2448154.38519626
2026-06-15 17:15:00,62.6,62.7,62.4,62.7,38893.24039493,2430764.41891613
2026-06-15 17:30:00,62.6,62.6,62.6,62.6,159.74440894,9999.99999964
2026-06-15 17:45:00,62.5,62.5,62.5,62.5,2397.0,149812.5
2026-06-15 18:00:00,62.5,62.6,62.3,62.3,18304.96498258,1141651.90141079
2026-06-15 18:15:00,62.6,62.6,62.6,62.6,6541.03194888,409468.59999989
2026-06-15 18:30:00,62.4,62.4,62.2,62.2,52859.75329564,3289319.73438132
2026-06-15 18:45:00,62.0,62.2,62.0,62.2,240.29103273,14914.15335402
2026-06-15 19:00:00,62.7,62.7,62.7,62.7,884.90430622,55483.49999999
2026-06-15 19:15:00,62.7,62.7,62.7,62.7,159.48963317,9999.99999976
2026-06-15 19:45:00,62.7,62.9,62.6,62.6,101402.05871894,6365658.67367418
2026-06-15 20:00:00,63.0,63.0,63.0,63.0,20158.22693259,1269968.29675317
2026-06-15 20:15:00,63.3,63.7,63.3,63.7,19513.40515966,1239275.25831904
2026-06-15 20:30:00,63.7,63.9,63.6,63.6,115290.62436154,7354928.05585596
2026-06-15 20:45:00,63.6,63.9,63.6,63.7,56571.7088719,3604819.75024455
2026-06-15 21:00:00,63.7,64.1,63.7,63.8,83221.98041001,5321214.31755868
2026-06-15 21:15:00,63.8,63.9,63.7,63.8,200258.50612066,12783067.9529622
2026-06-15 21:30:00,63.8,64.1,63.5,64.1,55216.73607939,3534950.42472181
2026-06-15 21:45:00,64.1,64.4,63.9,64.2,47317.53157368,3033399.17981518
2026-06-15 22:00:00,64.2,64.3,64.2,64.2,194079.04151669,12460594.65816382
2026-06-15 22:15:00,64.2,64.7,63.9,64.7,345639.57901171,22208281.28602803
2026-06-15 22:30:00,64.5,64.9,64.5,64.9,77987.42970054,5046216.22145415
2026-06-15 22:45:00,64.9,65.0,64.7,64.7,135323.85970323,8792036.7021361
2026-06-15 23:00:00,64.6,64.6,64.1,64.1,19734.39858929,1273713.74963475
2026-06-15 23:15:00,64.4,64.4,64.0,64.4,26039.4675501,1672666.7643113
2026-06-15 23:30:00,64.4,64.5,64.1,64.5,35587.7125516,2294617.24293312
2026-06-15 23:45:00,64.5,64.5,64.1,64.4,92149.20062444,5918917.83483933
2026-06-16 00:00:00,64.3,64.3,64.1,64.1,6204.19362738,398409.73344352
2026-06-16 00:15:00,64.1,64.3,64.0,64.3,85118.11906219,5448262.00220239
2026-06-16 00:30:00,64.2,66.4,64.2,66.4,346983.14605523,22767177.37355192
2026-06-16 00:45:00,66.6,69.0,66.6,67.8,1288943.68185916,87094034.83746763
2026-06-16 01:00:00,68.0,68.6,67.7,68.6,102128.2716456,6946125.71958761
2026-06-16 01:15:00,68.1,68.2,67.7,67.7,91071.23279779,6192557.21892568
2026-06-16 01:30:00,67.7,67.8,67.5,67.5,39257.13146233,2656055.89999974
2026-06-16 01:45:00,67.2,67.5,67.0,67.4,264886.32795552,17776876.70498811
2026-06-16 02:00:00,67.5,68.0,67.5,68.0,89207.75999294,6030264.03043642
2026-06-16 02:15:00,67.8,67.8,67.8,67.8,9542.0,646947.6
2026-06-16 02:30:00,67.8,68.3,67.6,67.8,219128.97780686,14878563.62932618
2026-06-16 02:45:00,67.9,68.0,67.7,67.8,27808.54671693,1885476.22958426
2026-06-16 03:00:00,67.6,67.8,67.5,67.5,51855.16191081,3506490.55052364
2026-06-16 03:15:00,67.5,67.7,67.5,67.7,27420.10931002,1852883.48662896
2026-06-16 03:30:00,67.3,67.5,67.3,67.5,30393.49225015,2047020.6284351
2026-06-16 03:45:00,67.5,67.7,67.4,67.4,18201.84921509,1229849.77509767
2026-06-16 04:00:00,67.4,67.4,67.3,67.3,18111.0,1219613.1
2026-06-16 04:15:00,67.2,67.2,66.4,66.5,40154.33988733,2673731.66335167
2026-06-16 04:30:00,66.8,66.8,66.6,66.8,5656.3619401,377211.50521066
2026-06-16 05:00:00,66.8,67.0,66.8,67.0,14729.87735772,984794.0074957
2026-06-16 05:15:00,66.4,66.6,66.3,66.6,53333.04498105,3540078.9003507
2026-06-16 05:30:00,66.7,68.3,66.7,67.3,661817.08494364,44760578.51572675
2026-06-16 05:45:00,67.3,67.7,67.2,67.4,70992.12341158,4784889.7644969
2026-06-16 06:00:00,67.4,67.4,66.8,67.0,18014.28843938,1212384.47378402
2026-06-16 06:15:00,67.0,67.2,66.8,67.2,4902.74790962,327770.82328754
2026-06-16 06:30:00,66.8,67.2,66.7,67.2,14341.06864654,962410.83776701
2026-06-16 06:45:00,67.1,67.2,67.0,67.0,13211.45881673,886223.97854173
2026-06-16 07:00:00,67.1,67.3,67.0,67.0,5802.0,389294.1
2026-06-16 07:15:00,67.1,67.1,66.7,66.7,14251.16424731,951888.90367558
2026-06-16 07:30:00,66.5,66.9,66.5,66.7,43467.27906453,2892376.09489226
2026-06-16 07:45:00,66.6,66.7,66.2,66.2,49018.56950449,3254570.19882987
2026-06-16 08:00:00,66.2,66.9,66.1,66.9,207511.29862475,13773192.03111505
2026-06-16 08:15:00,66.8,66.9,66.8,66.9,11582.45444535,773898.49999871
2026-06-16 08:30:00,67.0,67.2,66.8,67.1,16244.28238215,1087407.76551274
2026-06-16 08:45:00,67.3,68.0,67.3,68.0,95559.60101464,6468305.80808789
2026-06-16 09:00:00,67.7,68.0,67.3,67.7,121473.96742987,8227600.21347569
2026-06-16 09:15:00,67.7,67.8,67.0,67.0,222581.92759596,14945337.78940747
2026-06-16 09:30:00,67.0,67.3,66.7,66.8,92814.22978927,6218502.47391033
2026-06-16 09:45:00,67.2,67.5,67.2,67.5,211264.25091779,14246782.39999477
2026-06-16 10:00:00,67.8,67.8,67.8,67.8,1135.49262536,76986.39999941
2026-06-16 10:15:00,67.4,67.6,67.4,67.6,55662.8664527,3761740.78754774
2026-06-16 10:30:00,67.4,67.4,67.4,67.4,112571.11066326,7587292.85870372
2026-06-16 10:45:00,67.6,67.6,67.5,67.5,77242.33931713,5213865.31514888
2026-06-16 11:00:00,67.4,68.0,67.4,67.5,110581.25044185,7475175.35489996
2026-06-16 11:15:00,68.0,68.1,67.4,67.4,177866.64251221,12023044.64921491
2026-06-16 11:30:00,67.2,67.4,67.0,67.4,186543.54515705,12520149.22219252
2026-06-16 11:45:00,67.4,67.7,67.4,67.7,1564.9547837,105942.65242138
2026-06-16 12:00:00,67.4,68.6,67.4,68.3,269133.30320167,18194337.47568897
2026-06-16 12:15:00,68.4,70.0,68.4,69.9,654499.94162207,45241191.41740083
2026-06-16 12:30:00,70.2,70.2,68.3,68.5,1475012.62967536,101919838.2694414
2026-06-16 12:45:00,68.2,68.6,67.9,67.9,194441.28904883,13254059.4634879
2026-06-16 13:00:00,68.2,68.2,67.2,67.2,226765.07829991,15322744.66894738
2026-06-16 13:15:00,67.5,67.5,67.2,67.2,37558.22344494,2527027.27074364
2026-06-16 13:30:00,66.9,66.9,66.2,66.2,129388.31696445,8598329.51854377
2026-06-16 13:45:00,66.4,66.7,66.4,66.7,41454.13779254,2752577.28315779
2026-06-16 14:00:00,66.4,67.0,66.4,66.9,49847.21305287,3335239.753237
2026-06-16 14:15:00,67.0,67.0,66.5,66.7,37629.94699973,2514321.83191043
2026-06-16 14:30:00,66.4,66.4,65.1,65.7,171890.15804732,11283287.413024
2026-06-16 14:45:00,65.8,66.0,65.8,66.0,24422.99504586,1609671.67018217
2026-06-16 15:00:00,66.0,66.1,65.7,65.8,52297.66835933,3445283.34043145
2026-06-16 15:15:00,65.8,65.8,65.7,65.7,24332.38796633,1599396.20627807
2026-06-16 15:30:00,65.9,66.3,65.6,65.7,387171.85672955,25493051.63932771
2026-06-16 15:45:00,65.6,65.6,65.3,65.3,111114.93478352,7269520.82909794
2026-06-16 16:00:00,65.5,65.6,65.2,65.6,50277.91764056,3282622.1892459
2026-06-16 16:15:00,65.6,65.6,64.9,64.9,199512.56010532,13017160.79431057
2026-06-16 16:30:00,65.0,65.5,65.0,65.0,114902.76039424,7479762.01594916
2026-06-16 16:45:00,65.0,65.1,65.0,65.0,3348.14126598,217749.8781687
2026-06-16 17:00:00,65.0,65.4,65.0,65.4,629.87925344,41110.91562276
2026-06-16 17:15:00,65.4,65.6,65.2,65.6,17450.60771807,1143494.0253268
2026-06-16 17:30:00,65.6,65.7,65.4,65.4,192110.95748973,12568518.36355629
2026-06-16 17:45:00,65.5,65.8,65.5,65.7,139274.10148012,9147716.88866682
2026-06-16 18:00:00,65.9,66.0,65.9,66.0,2096.6098789,138174.18192858
2026-06-16 18:15:00,65.8,65.8,65.7,65.7,47096.92551645,3095293.87422231
2026-06-16 18:30:00,65.9,65.9,65.5,65.5,229657.78523682,15066067.66025578
2026-06-16 18:45:00,65.5,65.5,64.5,64.5,556985.39750852,36211031.93813421
2026-06-16 19:00:00,64.6,64.6,64.3,64.4,281976.7254579,18160689.65595101
2026-06-16 19:15:00,64.7,64.7,64.5,64.5,35695.10861727,2305752.5750726
2026-06-16 19:30:00,64.6,64.7,64.5,64.7,1726.59826508,111538.19999874
2026-06-16 19:45:00,64.6,64.7,64.6,64.6,25409.84790628,1642457.54847497
2026-06-16 20:00:00,64.6,64.8,64.6,64.8,18614.77744573,1204014.67278131
2026-06-16 20:15:00,64.8,64.8,64.3,64.4,218334.65492086,14065232.07451626
2026-06-16 20:30:00,64.5,64.6,64.4,64.6,8262.79363159,532190.61802031
2026-06-16 20:45:00,64.6,64.7,64.3,64.7,72937.28264066,4690838.28612238
2026-06-16 21:00:00,64.7,64.8,64.5,64.5,88286.65676906,5695605.9252671
2026-06-16 21:15:00,64.7,64.8,64.7,64.8,3527.33251545,228284.36089026
2026-06-16 21:30:00,64.8,65.0,64.8,64.9,7156.30802307,463771.28815928
2026-06-16 21:45:00,64.8,64.9,64.8,64.8,45277.06268764,2934830.46215907
2026-06-16 22:00:00,65.0,65.0,64.2,64.3,174005.55592855,11211131.63348417
2026-06-16 22:15:00,64.3,64.6,63.9,63.9,62116.26607281,3979295.2684034
2026-06-16 22:30:00,64.5,64.6,64.2,64.2,108123.10782968,6942211.89603286
2026-06-16 22:45:00,64.2,64.6,64.1,64.1,208152.18471493,13381795.94262697
2026-06-16 23:00:00,64.4,64.4,64.1,64.1,83835.80562418,5377436.06033669
2026-06-16 23:15:00,64.0,64.0,63.2,63.3,258555.22762692,16415542.68896683
2026-06-16 23:30:00,63.3,63.6,63.1,63.2,37127.82995579,2348514.4883827
2026-06-16 23:45:00,63.3,63.4,63.1,63.2,183085.69274738,11556145.84068612
2026-06-17 00:00:00,63.2,63.6,63.2,63.6,31554.27848101,2006219.19999983
2026-06-17 00:15:00,63.6,63.8,63.5,63.5,10817.60566478,687424.70297621
2026-06-17 00:30:00,64.0,64.0,63.8,63.8,28636.81584207,1827315.01389248
2026-06-17 01:00:00,63.7,63.7,63.5,63.5,46370.64429963,2950417.22404672
2026-06-17 01:15:00,63.6,63.7,63.4,63.4,18242.37995527,1159463.59198986
2026-06-17 01:30:00,63.3,63.3,63.1,63.1,10587.84975302,668327.06084226
2026-06-17 01:45:00,63.0,63.0,62.9,62.9,50447.11223456,3174034.66781604
2026-06-17 02:00:00,63.0,63.0,62.8,62.8,250391.84347268,15729236.07479233
2026-06-17 02:15:00,62.8,63.0,62.7,62.7,264055.4482172,16578048.74057533
2026-06-17 02:30:00,62.6,62.7,62.2,62.5,177704.36108316,11090474.13841721
2026-06-17 02:45:00,62.7,63.1,62.7,62.8,228041.724503,14338469.67203573
2026-06-17 03:00:00,62.8,63.4,62.7,63.4,146269.11361294,9202854.9563966
2026-06-17 03:15:00,63.2,63.2,63.2,63.2,10940.63797512,691448.32002758
2026-06-17 03:30:00,62.9,62.9,62.9,62.9,2863.78273502,180131.93403276
2026-06-17 03:45:00,63.0,63.0,63.0,63.0,8532.9025031,537572.8576953
2026-06-17 04:00:00,62.9,62.9,62.8,62.9,8870.76606008,557124.66381352
2026-06-17 04:15:00,62.8,62.8,62.8,62.8,100.0,6280.0
2026-06-17 04:45:00,62.8,62.8,62.8,62.8,17515.92356687,1099999.99999944
2026-06-17 05:00:00,62.7,62.7,62.7,62.7,605.0,37933.5
2026-06-17 05:15:00,63.5,64.3,63.5,64.3,109367.92985432,6999361.36618802
2026-06-17 05:30:00,64.3,64.3,64.1,64.1,95521.7270345,6124533.36544826
2026-06-17 05:45:00,64.3,64.4,64.3,64.3,4686.75342589,301482.81750085
2026-06-17 06:00:00,64.3,64.3,64.3,64.3,7611.90166969,489445.27736107
2026-06-17 06:30:00,64.0,64.1,64.0,64.1,15908.65083933,1019712.93647824
2026-06-17 06:45:00,64.1,64.1,64.1,64.1,204.437876,13104.4678516
2026-06-17 07:00:00,64.0,64.0,63.0,63.2,144837.19638458,9189445.68060443
2026-06-17 07:30:00,63.9,63.9,63.9,63.9,78.40375586,5009.99999945
2026-06-17 07:45:00,63.8,64.3,63.8,64.3,212561.04913604,13584447.6646307
2026-06-17 08:00:00,64.3,64.5,64.2,64.2,26850.12921245,1724200.76314981
2026-06-17 08:15:00,64.2,64.5,64.0,64.4,280426.79811412,18032078.11735924
2026-06-17 08:30:00,64.0,64.2,64.0,64.2,13817.89971432,886525.17727695
2026-06-17 08:45:00,64.1,64.1,64.1,64.1,5864.90169078,375940.198379
2026-06-17 09:00:00,64.1,64.2,63.9,64.2,105304.82454744,6747160.65722922
2026-06-17 09:15:00,64.1,64.1,63.9,64.0,103045.49477547,6600967.01611831
2026-06-17 09:30:00,63.9,64.0,63.9,64.0,62308.4021547,3985567.01677479
2026-06-17 09:45:00,64.2,64.2,64.0,64.0,3203.03738317,205009.99999951
2026-06-17 10:00:00,64.0,64.3,64.0,64.3,87049.2739259,5586964.41862681
2026-06-17 10:15:00,64.4,64.4,64.0,64.0,87056.14956188,5575541.19528643
2026-06-17 10:30:00,64.0,64.0,64.0,64.0,25693.73631021,1644399.12385344
2026-06-17 10:45:00,64.4,64.6,64.4,64.6,26998.46547763,1743612.01619285
2026-06-17 11:00:00,64.5,64.5,64.5,64.5,671.88275553,43336.43773169
2026-06-17 11:15:00,64.7,65.0,64.5,65.0,13871.77417719,898743.22448082
2026-06-17 11:30:00,65.3,65.3,65.0,65.0,275878.25763809,17954973.09021788
2026-06-17 11:45:00,65.0,65.0,65.0,65.0,196118.98201837,12747733.83119405
2026-06-17 12:00:00,64.9,64.9,64.8,64.8,33073.62638996,2143196.3983899
2026-06-17 12:15:00,64.8,64.8,64.3,64.3,189678.57400003,12249215.24311375
2026-06-17 12:30:00,64.6,64.7,64.4,64.4,2977.80392931,191809.31417714
2026-06-17 12:45:00,64.4,64.5,64.4,64.5,123864.61212078,7976888.78802009
2026-06-17 13:00:00,64.7,64.8,64.7,64.8,34343.49649824,2224471.96034839
2026-06-17 13:15:00,64.8,64.8,64.8,64.8,46232.65527729,2995876.06196839
2026-06-17 13:30:00,64.8,64.8,64.5,64.5,11130.60118173,721194.04386554
2026-06-17 13:45:00,64.7,64.7,64.7,64.7,11942.04948629,772650.60176296
2026-06-17 14:00:00,64.7,64.7,64.5,64.5,23571.71483284,1520733.80393723
2026-06-17 14:15:00,64.4,64.4,64.3,64.3,21737.84159642,1397764.49038248
2026-06-17 14:30:00,64.4,64.4,64.4,64.4,25563.36671307,1646280.81632171
2026-06-17 14:45:00,64.2,64.2,64.0,64.0,65250.79973641,4186119.94002905
2026-06-17 15:00:00,64.1,64.1,63.8,63.8,22658.11554454,1448174.0679974
2026-06-17 15:15:00,64.2,64.3,64.2,64.3,100.0,6420.2348367
2026-06-17 15:30:00,63.7,64.2,63.7,63.7,94171.07459573,6001033.90034613
2026-06-17 15:45:00,64.0,64.2,64.0,64.2,1268.78529279,81217.86621519
2026-06-17 16:00:00,63.9,63.9,63.9,63.9,34811.42127968,2224449.81977155
2026-06-17 16:30:00,63.7,63.7,63.7,63.7,69260.61564808,4411901.2167827
2026-06-17 16:45:00,63.7,63.7,63.5,63.5,50522.68592037,3214724.82754278
2026-06-17 17:00:00,63.7,63.7,63.7,63.7,9362.17489111,596370.54056371
2026-06-17 17:15:00,63.5,63.7,63.4,63.7,2222.66884821,141098.28026792
2026-06-17 17:30:00,63.3,63.3,62.9,62.9,123744.95143796,7814832.8398225
2026-06-17 17:45:00,62.9,62.9,62.9,62.9,233.5744609,14691.83359061
2026-06-17 18:00:00,63.3,63.3,63.2,63.2,18918.91891892,1196538.75144102
2026-06-17 18:15:00,63.4,63.4,63.4,63.4,44751.69102356,2837257.2108937
2026-06-17 18:30:00,63.2,63.2,63.2,63.2,2580.60927355,163094.50608836
2026-06-17 18:45:00,63.2,63.2,63.1,63.1,7161.2704457,452566.19032044
2026-06-17 19:00:00,63.1,63.4,62.9,62.9,19432.40058053,1226784.54137638
2026-06-17 19:30:00,63.4,63.4,63.2,63.2,9204.91183654,581793.56835349
2026-06-17 20:00:00,63.2,63.2,62.9,62.9,5706.61207577,359054.16493317
2026-06-17 20:15:00,62.8,62.8,62.7,62.7,4672.89719626,293090.77780504
2026-06-17 20:30:00,62.7,63.0,61.6,62.0,1106724.26886259,68767775.10744487
2026-06-17 20:45:00,62.4,62.4,62.2,62.2,1195.57092177,74428.61389819
2026-06-17 21:00:00,62.1,62.4,61.9,62.4,3082.46577355,191198.8360669
2026-06-17 21:15:00,62.2,62.2,61.8,62.1,13105.50932522,814729.67663443
2026-06-17 21:30:00,62.1,62.1,62.1,62.1,4736.30726192,294124.68096523
2026-06-17 22:00:00,62.7,62.8,62.7,62.7,32835.97471491,2059888.77223963
2026-06-17 22:15:00,62.9,62.9,62.7,62.8,11117.7155022,698188.16993671
2026-06-17 22:30:00,62.7,63.0,62.7,63.0,14729.68177035,925955.8717387
2026-06-17 22:45:00,63.1,63.1,63.0,63.0,13328.904958,839736.8509616
2026-06-17 23:15:00,63.0,63.0,62.5,62.5,32157.07462935,2023242.78779244
2026-06-17 23:45:00,62.7,62.7,62.3,62.3,48073.45904522,3001895.94657225
2026-06-18 00:00:00,62.7,62.9,62.7,62.9,159.55454469,10019.99999976
2026-06-18 00:15:00,63.0,63.3,62.9,63.3,16946.1091911,1066730.31080342
2026-06-18 00:45:00,63.5,63.5,63.4,63.5,1754.0008874,111369.0263399
2026-06-18 01:00:00,63.7,63.7,63.5,63.5,48616.45817689,3092625.70464789
2026-06-18 01:15:00,63.8,63.9,63.7,63.9,16523.72526719,1055285.9835703
2026-06-18 01:30:00,64.0,64.0,64.0,64.0,7890.78125,505010.0
2026-06-18 01:45:00,63.6,63.6,63.6,63.6,31622.02380952,2011160.71428547
2026-06-18 02:00:00,63.2,63.2,63.2,63.2,6956.45117196,439647.71406787
2026-06-18 02:30:00,63.2,63.2,63.2,63.2,4008.92057254,253363.78018453
2026-06-18 02:45:00,63.2,63.2,63.2,63.2,1580.52942261,99889.45950895
2026-06-18 03:00:00,63.0,63.0,62.3,63.0,155736.30205783,9735008.96062534
2026-06-18 03:15:00,62.6,62.6,62.6,62.6,804.0,50330.4
2026-06-18 03:45:00,63.6,63.6,63.6,63.6,784.11949685,49869.99999966
2026-06-18 04:00:00,63.1,63.1,63.1,63.1,4721.99590644,297957.94169636
2026-06-18 04:15:00,62.7,62.7,62.2,62.2,60997.79592173,3817414.552574
2026-06-18 04:30:00,62.2,62.2,61.5,61.5,119583.03735632,7390676.26569356
2026-06-18 04:45:00,61.5,62.0,61.5,61.7,54835.53576623,3388994.88814626
2026-06-18 05:00:00,61.7,62.3,61.7,62.3,24226.0,1508838.8
2026-06-18 05:15:00,62.3,62.3,62.3,62.3,5371.0,334613.3
2026-06-18 05:30:00,62.5,62.8,62.5,62.8,5162.08763388,322805.0771175
2026-06-18 05:45:00,62.5,62.7,62.5,62.7,8518.56538663,533049.22906837
2026-06-18 06:00:00,62.8,62.8,62.8,62.8,318.47133757,19999.9999994
2026-06-18 06:15:00,62.4,62.8,62.4,62.8,10315.00210731,643688.04232417
2026-06-18 06:30:00,62.3,62.3,62.1,62.1,29165.0,1816026.0445149
2026-06-18 06:45:00,62.1,62.1,61.7,62.1,3193.09500641,197815.99539646
2026-06-18 07:00:00,61.8,62.0,61.4,61.8,6012.60080691,370869.99304057
2026-06-18 07:15:00,61.9,62.2,61.9,62.2,242.15994744,15019.53764644
2026-06-18 08:00:00,62.0,62.1,62.0,62.0,40853.53935483,2534435.18193494
2026-06-18 08:15:00,62.0,62.4,62.0,62.4,38765.35508212,2405059.10649167
2026-06-18 08:30:00,62.4,62.4,62.4,62.4,18957.77763681,1182965.32453694
2026-06-18 08:45:00,62.4,62.4,62.3,62.4,14500.98269267,903546.35700013
2026-06-18 09:00:00,62.4,62.6,62.4,62.5,90624.60238102,5655253.42950566
2026-06-18 09:15:00,62.6,62.8,62.6,62.8,89329.75655796,5609195.79999881
2026-06-18 09:30:00,62.6,62.6,62.5,62.5,42667.88178913,2669937.49999954
2026-06-18 09:45:00,62.5,62.5,62.3,62.3,66591.67078204,4157783.5999993
2026-06-18 10:00:00,62.3,62.5,62.3,62.5,2808.89194222,175010.00000031
2026-06-18 10:15:00,62.5,62.5,62.5,62.5,3200.0,200000.0
2026-06-18 10:30:00,62.5,62.5,62.5,62.5,106285.51324337,6642844.57771063
2026-06-18 11:15:00,62.5,62.6,62.5,62.6,11413.11967636,713441.56443704
2026-06-18 12:00:00,62.4,62.4,62.4,62.4,28192.89327332,1759236.54025517
2026-06-18 12:15:00,62.4,62.4,62.2,62.2,10272.27357863,639265.7957179
2026-06-18 12:30:00,61.9,61.9,61.8,61.8,85.0,5261.3587
2026-06-18 12:45:00,62.1,62.1,61.9,61.9,22875.83109787,1416030.08022385
2026-06-18 13:00:00,61.8,61.8,60.9,60.9,45414.56993854,2782062.64314515
2026-06-18 13:15:00,61.3,61.4,61.3,61.4,1381.72920065,84829.99999985
2026-06-18 13:30:00,61.1,61.2,61.1,61.2,29708.17572144,1815194.3639721
2026-06-18 13:45:00,61.2,61.8,61.0,61.8,181395.37400121,11157672.67584003
2026-06-18 14:00:00,61.2,61.5,61.0,61.0,107085.40796991,6546624.31452606
2026-06-18 14:15:00,61.5,61.5,61.5,61.5,81.46341463,5009.99999975
2026-06-18 14:45:00,61.2,61.5,61.1,61.5,5556.0,339514.0
2026-06-18 15:15:00,61.5,61.5,61.5,61.5,9021.14361405,554800.33226408
2026-06-18 15:30:00,61.7,61.7,61.7,61.7,81.1993517,5009.99999989
2026-06-18 15:45:00,61.7,61.7,61.7,61.7,1490.19773095,91945.19999962
2026-06-18 16:15:00,61.7,62.0,61.7,62.0,579.19607843,35754.20653913
2026-06-18 16:30:00,62.0,62.0,61.7,62.0,122716.23819325,7596224.08687996
2026-06-18 16:45:00,62.3,62.3,62.3,62.3,2963.0,184594.9
2026-06-18 17:00:00,62.3,62.3,62.3,62.3,247.272873,15405.0999879
2026-06-18 17:15:00,62.3,62.3,62.3,62.3,728.01053358,45355.05624203
2026-06-18 17:30:00,62.3,62.3,62.3,62.3,7702.92913315,479892.48499525
2026-06-18 18:00:00,62.1,62.1,62.1,62.1,1000.0,62100.0
2026-06-18 18:15:00,62.2,62.3,62.1,62.2,2194.40468019,136311.75481774
2026-06-18 18:30:00,62.2,62.2,62.1,62.1,8637.53536977,537005.79999969
2026-06-18 18:45:00,62.2,62.3,62.2,62.3,39535.57074035,2461258.09868409
2026-06-18 19:00:00,62.3,62.3,61.9,62.1,182847.64365849,11363071.29161698
2026-06-18 19:15:00,62.1,62.1,62.1,62.1,1000.0,62100.0
2026-06-18 19:30:00,62.1,62.4,62.1,62.4,524.52551142,32590.08013918
2026-06-18 19:45:00,62.1,62.1,62.1,62.1,144711.32916025,8986573.54085153
2026-06-18 20:00:00,61.9,61.9,61.9,61.9,15799.90572241,978014.16421718
2026-06-18 20:15:00,61.8,61.8,61.3,61.3,259992.21608456,16014454.44583572
2026-06-18 20:30:00,61.3,61.3,61.3,61.3,137123.49978546,8405670.5368487
2026-06-18 20:45:00,61.3,61.5,61.3,61.5,1760.55276353,107956.02993325
2026-06-18 21:15:00,61.5,61.5,61.5,61.5,105.6717092,6498.8101158
2026-06-18 21:30:00,61.7,61.9,61.7,61.8,26338.55339259,1628469.17323848
2026-06-18 22:00:00,61.5,61.5,61.5,61.5,3251.1098444,199943.2554306
2026-06-18 22:15:00,61.8,61.9,61.7,61.9,71141.0469266,4389745.19328208
2026-06-18 22:30:00,61.7,61.7,61.2,61.2,37583.94059468,2313576.55029445
2026-06-18 22:45:00,61.3,61.3,61.3,61.3,3096.04199066,189787.37402746
2026-06-18 23:00:00,61.2,61.4,61.1,61.1,66585.28391883,4070473.76247017
2026-06-18 23:15:00,61.3,61.4,61.3,61.4,140896.80196517,8637275.31568356
2026-06-18 23:45:00,61.2,61.2,61.2,61.2,32679.7385621,2000000.00000052
2026-06-19 00:00:00,61.2,61.2,60.9,60.9,80377.51413129,4895933.33758048
2026-06-19 00:15:00,60.8,60.8,60.0,60.3,143842.75341488,8693517.26342619
2026-06-19 00:30:00,60.1,60.1,59.2,59.2,178983.57681826,10641550.43416435
2026-06-19 00:45:00,59.4,59.5,59.0,59.0,113411.43072117,6739561.77080042
2026-06-19 01:00:00,59.2,59.2,59.2,59.2,18897.68657337,1118743.0451435
2026-06-19 01:15:00,59.6,59.6,59.6,59.6,1820.16374363,108481.75912035
2026-06-19 01:30:00,59.2,59.2,59.2,59.2,4895.18789601,289795.12344379
2026-06-19 01:45:00,59.8,59.9,59.8,59.9,100.0,5980.0455654
2026-06-19 02:00:00,59.2,59.2,59.1,59.1,105.0,6215.9681606
2026-06-19 02:15:00,59.2,59.3,59.0,59.0,1831.7408237,108159.76051271
2026-06-19 02:45:00,59.9,59.9,59.9,59.9,103.67103593,6209.89505221
2026-06-19 03:15:00,59.8,59.8,59.8,59.8,14099.81879193,843169.16375741
2026-06-19 03:30:00,59.8,59.8,59.8,59.8,3110.0,185978.0
2026-06-19 03:45:00,59.8,59.8,59.8,59.8,575.0,34385.0
2026-06-19 04:30:00,59.8,59.8,59.8,59.8,1281.0,76603.8
2026-06-19 04:45:00,59.8,59.8,59.7,59.8,26269.53133555,1570803.01485889
2026-06-19 05:00:00,60.4,60.4,60.3,60.3,257.53311257,15545.80297936
2026-06-19 05:15:00,60.3,60.3,60.3,60.3,3378.50997948,203724.15176264
2026-06-19 06:00:00,60.0,60.0,60.0,60.0,328.93384318,19736.0305908
2026-06-19 06:30:00,60.0,60.0,60.0,60.0,7466.26247254,447975.7483524
2026-06-19 06:45:00,59.9,60.1,59.9,60.1,310.1390152,18593.99922346
2026-06-19 07:00:00,60.1,60.1,60.1,60.1,23912.36993815,1437133.43328282
2026-06-19 07:15:00,60.2,60.2,59.9,60.1,5616.44518272,336466.67774061
2026-06-19 07:30:00,59.9,59.9,59.9,59.9,484.9516989,29048.60676411
2026-06-19 07:45:00,60.0,60.0,60.0,60.0,224.1165977,13446.995862
2026-06-19 08:00:00,59.9,59.9,59.9,59.9,24649.48998329,1476504.44999907
2026-06-19 08:15:00,59.8,60.1,59.8,60.1,67753.47779191,4065049.71360902
2026-06-19 08:30:00,60.1,60.3,60.1,60.3,166.30716847,10014.27444632
2026-06-19 09:00:00,60.2,60.3,60.1,60.3,76975.26072901,4633177.85267405
2026-06-19 09:15:00,60.2,60.6,60.1,60.1,13472.43885583,812329.53153783
2026-06-19 09:30:00,60.1,60.5,60.1,60.5,831.67980912,50017.02583504
2026-06-19 09:45:00,60.6,60.6,60.6,60.6,26282.90648404,1592744.13293282
2026-06-19 10:30:00,60.6,60.6,60.3,60.3,59312.27132701,3577572.32788217
2026-06-19 10:45:00,60.3,60.6,60.3,60.6,3910.30551153,235816.22432546
2026-06-19 11:00:00,60.6,60.6,60.6,60.6,99.00990099,5999.99999999
2026-06-19 11:30:00,60.3,60.3,60.3,60.3,9628.26614638,580584.44862671
2026-06-19 11:45:00,60.3,60.3,60.3,60.3,7528.057572,453941.8715916
2026-06-19 12:00:00,60.3,60.3,60.2,60.2,48749.3221724,2937642.77952245
2026-06-19 12:15:00,60.0,60.0,59.2,59.4,195322.38242674,11593662.43056815
2026-06-19 12:30:00,59.4,59.4,59.4,59.4,27484.07772706,1632554.21698736
2026-06-19 12:45:00,59.4,59.4,59.4,59.4,38049.03268108,2260112.54125615
2026-06-19 13:00:00,59.2,59.2,59.2,59.2,1345.0,79624.0
2026-06-19 13:15:00,59.5,59.5,59.2,59.2,65427.82048965,3878788.25623708
2026-06-19 13:30:00,59.2,59.2,58.8,59.0,115624.14999844,6814983.79705703
2026-06-19 13:45:00,58.8,59.2,58.6,58.6,52522.78350914,3085746.9184067
2026-06-19 14:00:00,58.6,59.0,58.6,58.8,234077.00234638,13775093.74312019
2026-06-19 14:30:00,58.9,59.1,58.9,59.1,2319.4153428,136935.11800564
2026-06-19 14:45:00,59.1,59.2,59.1,59.2,3957.40520153,234271.14741042
2026-06-19 15:00:00,59.2,59.2,59.1,59.1,5921.83783783,350014.39999954
2026-06-19 15:15:00,59.0,59.2,59.0,59.2,30147.30791219,1783725.61183064
2026-06-19 15:30:00,59.1,59.1,59.0,59.0,50152.28091306,2962020.86927128
2026-06-19 16:00:00,59.2,59.2,58.9,58.9,57889.5868063,3421306.02468607
2026-06-19 16:15:00,58.9,58.9,58.9,58.9,848.89643464,50000.0000003
2026-06-19 16:30:00,58.9,58.9,58.6,58.6,37741.65042837,2215763.89737832
2026-06-19 16:45:00,58.8,58.8,58.8,58.8,56154.13732734,3301863.27484759
2026-06-19 17:00:00,58.8,59.1,58.8,59.1,3553.29949238,208984.77157326
2026-06-19 17:15:00,58.9,59.0,58.9,59.0,51901.60492448,3057468.9263367
2026-06-19 17:45:00,59.0,59.3,59.0,59.3,1876.1537524,110718.41709143
2026-06-19 18:00:00,59.3,59.9,59.2,59.2,501453.04216331,29841233.21277142
2026-06-19 18:15:00,59.6,59.6,59.6,59.6,123.5591,7364.12236
2026-06-19 18:30:00,60.1,60.1,60.1,60.1,166.38935108,9999.99999991
2026-06-19 18:45:00,59.7,59.9,59.7,59.7,8781.72458739,525140.06573085
2026-06-19 19:00:00,59.9,59.9,59.7,59.9,82457.17090691,4923674.37625289
2026-06-19 19:15:00,59.9,59.9,59.9,59.9,17777.03905893,1064844.63962991
2026-06-19 19:30:00,60.2,60.3,60.2,60.3,8268.01168202,498523.03335982
2026-06-19 19:45:00,60.3,60.9,60.3,60.9,8258.43452187,499921.5345874
2026-06-19 20:00:00,60.8,61.1,60.8,61.1,60349.55642509,3678868.9611078
2026-06-19 20:15:00,60.7,60.7,60.5,60.7,8993.06926516,544567.92967847
2026-06-19 20:30:00,60.7,60.9,60.7,60.9,6028.86082217,365968.30510769
2026-06-19 20:45:00,60.4,60.6,60.4,60.4,37890.38971006,2289556.66789276
2026-06-19 21:00:00,60.4,60.4,60.3,60.3,25735.70732571,1553980.62247288
2026-06-19 21:15:00,60.3,60.6,60.3,60.5,17688.43096137,1067012.13783691
2026-06-19 21:30:00,60.6,60.6,60.3,60.3,28171.27987849,1701252.15542188
2026-06-19 21:45:00,60.3,60.6,60.3,60.6,40836.24410402,2472245.82664364
2026-06-19 22:00:00,60.6,60.6,60.5,60.5,464.39596105,28106.49140673
2026-06-19 22:15:00,60.5,60.5,60.5,60.5,1652.89256199,100000.0000004
2026-06-19 22:30:00,60.5,60.5,60.5,60.5,130273.89970954,7881570.93242717
2026-06-19 22:45:00,60.7,60.9,60.7,60.9,37329.10228899,2267574.97169038
2026-06-19 23:00:00,60.9,61.1,60.9,61.1,13048.36152615,795629.35517754
2026-06-19 23:45:00,60.6,60.6,60.4,60.4,25286.86636086,1531055.45518713
2026-06-20 00:00:00,60.4,60.4,60.4,60.4,30529.18520541,1843962.78640676
2026-06-20 00:15:00,60.8,60.9,60.8,60.9,14148.41019555,861569.5494422
2026-06-20 01:00:00,60.8,60.9,60.4,60.4,515.06736271,31266.11452265
2026-06-20 01:15:00,60.7,60.7,60.7,60.7,3294.89291599,200000.00000059
2026-06-20 01:30:00,60.9,60.9,60.9,60.9,10100.63382593,615128.59999914
2026-06-20 01:45:00,60.5,60.5,60.3,60.3,4220.25337331,254942.67841059
2026-06-20 02:00:00,60.4,60.4,60.3,60.3,8279.0,500051.51456954
2026-06-20 02:15:00,60.6,60.6,60.6,60.6,64362.0643618,3900341.10032508
2026-06-20 02:45:00,60.9,60.9,60.9,60.9,164.20361247,9999.99999942
2026-06-20 03:00:00,60.7,60.7,60.7,60.7,1346.0,81702.2
2026-06-20 03:15:00,60.9,60.9,60.7,60.7,174.60539964,10632.37370232
2026-06-20 04:45:00,60.4,60.4,60.4,60.4,529.8013245,31999.9999998
2026-06-20 05:00:00,60.1,60.1,60.1,60.1,1661.46799116,99854.22626872
2026-06-20 05:15:00,60.0,60.4,60.0,60.4,339.65952217,20447.78325073
2026-06-20 05:30:00,60.5,60.6,60.5,60.6,247.87987889,14997.08994594
2026-06-20 06:30:00,60.1,60.3,60.1,60.3,334.29118868,20107.51735509
2026-06-20 06:45:00,60.3,60.3,60.3,60.3,2155.88723051,129999.99999975
2026-06-20 07:00:00,60.3,60.3,60.1,60.1,1708.14262022,102984.41293459
2026-06-20 07:15:00,60.3,60.3,60.3,60.3,83.08457711,5009.99999973
2026-06-20 07:30:00,60.3,60.4,60.3,60.4,15474.62581187,933848.60819536
2026-06-20 07:45:00,60.4,60.4,58.9,59.4,1846329.98107772,110092402.32341108
2026-06-20 08:00:00,59.6,59.8,59.5,59.5,27209.268213,1620308.96829169
2026-06-20 08:15:00,59.5,59.6,59.5,59.6,14972.02695216,891193.23087559
2026-06-20 08:30:00,59.6,59.8,59.6,59.8,16323.06472699,974173.89158145
2026-06-20 08:45:00,59.8,59.8,59.8,59.8,5441.65406475,325410.91307205
2026-06-20 09:00:00,59.8,59.9,59.7,59.7,22458.97574516,1344057.95026448
2026-06-20 09:15:00,59.7,60.0,59.7,60.0,11878.29486912,710434.20368646
2026-06-20 09:30:00,60.0,60.2,60.0,60.2,12897.32512715,774868.75214727
2026-06-20 09:45:00,60.2,60.2,59.9,59.9,7391.66753559,443467.49999978
2026-06-20 10:00:00,59.7,60.0,59.7,60.0,18204.55769525,1086837.14440643
2026-06-20 10:15:00,59.5,59.9,59.5,59.9,34026.39682977,2029722.73467202
2026-06-20 10:30:00,59.9,59.9,59.9,59.9,320.40066777,19191.99999942
2026-06-20 10:45:00,59.9,59.9,59.9,59.9,5750.09657108,344430.78460769
2026-06-20 11:00:00,59.8,59.9,59.7,59.7,20675.32299435,1234450.30033273
2026-06-20 11:15:00,59.5,59.7,59.5,59.7,64741.37860169,3862444.89052912
2026-06-20 11:30:00,59.8,60.1,59.8,60.0,396410.29974015,23779243.41385753
2026-06-20 11:45:00,59.6,59.6,59.6,59.6,8520.60577796,507828.10436642
2026-06-20 12:00:00,59.6,59.6,59.5,59.5,10001.0,596059.5
2026-06-20 12:15:00,59.7,59.7,59.7,59.7,335.0083752,19999.99999944
2026-06-20 12:30:00,59.7,59.7,59.7,59.7,8668.32305039,517498.88610828
2026-06-20 12:45:00,59.9,59.9,59.9,59.9,83.63939899,5009.9999995
2026-06-20 13:00:00,59.6,59.7,59.5,59.7,3462.0,206626.73020134
2026-06-20 13:15:00,59.7,59.7,59.7,59.7,7018.0,418974.6
2026-06-20 13:30:00,59.7,59.7,59.7,59.7,60901.74371628,3635834.09986192
2026-06-20 14:00:00,59.7,60.2,59.7,60.2,35794.78079843,2147368.95920857
2026-06-20 14:15:00,60.2,60.4,60.2,60.2,17524.80748497,1055009.99999917
2026-06-20 14:30:00,60.0,60.1,60.0,60.1,21151.08149598,1270064.8897588
2026-06-20 14:45:00,60.0,60.2,60.0,60.2,57829.26481049,3469772.53314767
2026-06-20 15:00:00,60.0,60.0,60.0,60.0,2565.0,153900.0
2026-06-20 15:15:00,60.2,60.3,60.2,60.3,15890.42151018,957759.48519476
2026-06-20 15:45:00,60.2,60.4,60.2,60.4,1289.94701986,77671.39999954
2026-06-20 16:00:00,60.4,60.6,60.4,60.6,44515.04317508,2688725.1424283
2026-06-20 16:15:00,60.6,61.4,60.6,61.1,300248.70436055,18265201.01095397
2026-06-20 16:30:00,60.9,61.0,60.9,61.0,48375.90554407,2950047.12278139
2026-06-20 16:45:00,60.8,60.8,60.7,60.7,76152.42157287,4627386.19999953
2026-06-20 17:00:00,60.6,60.6,60.6,60.6,825.08250826,50000.00000056
2026-06-20 17:15:00,60.7,60.7,60.6,60.6,15955.61526707,966943.2341136
2026-06-20 17:30:00,60.6,60.6,60.6,60.6,40888.50006154,2477843.10372932
2026-06-20 17:45:00,60.9,60.9,60.6,60.9,16666.18218472,1010019.99999994
2026-06-20 18:15:00,60.5,60.9,60.5,60.9,16451.62561576,997343.99999978
2026-06-20 18:30:00,60.9,60.9,60.6,60.6,1186.30541871,72209.99999944
2026-06-20 18:45:00,60.9,60.9,60.9,60.9,1724.30213464,105009.99999958
2026-06-20 19:00:00,60.9,60.9,60.9,60.9,4625.03612479,281664.69999971
2026-06-20 19:15:00,60.8,60.9,60.7,60.7,6934.56353051,421374.48925599
2026-06-20 19:30:00,60.8,60.8,60.6,60.6,38945.28400306,2361663.32413619
2026-06-20 19:45:00,60.9,60.9,60.9,60.9,5552.01127124,338117.48641852
2026-06-20 20:00:00,60.9,60.9,60.8,60.8,6953.08320923,423221.55123941
2026-06-20 20:15:00,60.8,61.3,60.8,60.9,144089.24921096,8807542.31849015
2026-06-20 20:45:00,61.0,61.0,61.0,61.0,1938.32143413,118237.60748193
2026-06-20 21:00:00,61.3,61.3,61.3,61.3,1620.74554294,99351.70178222
2026-06-20 21:30:00,60.9,60.9,60.8,60.8,4711.3731668,286500.74962518
2026-06-20 22:15:00,60.9,60.9,60.2,60.2,213572.75764462,12891948.53256182
2026-06-20 22:30:00,60.2,60.4,60.0,60.4,123314.89393965,7413878.33706287
2026-06-20 22:45:00,60.2,60.4,60.1,60.2,121792.48998624,7323810.73610676
2026-06-20 23:00:00,60.0,60.0,59.8,59.8,31679.18719193,1900023.11021077
2026-06-20 23:15:00,60.0,60.0,59.9,59.9,13901.03875702,833091.50314003
2026-06-20 23:30:00,60.2,60.2,59.9,59.9,3024.3592327,181238.39627793
2026-06-20 23:45:00,60.5,61.1,60.5,61.1,1253.52447966,76330.19686723
2026-06-21 00:15:00,60.9,61.0,60.9,61.0,22965.07282573,1400860.94882956
2026-06-21 00:30:00,61.0,61.0,60.7,61.0,17644.18370378,1076269.99999977
2026-06-21 00:45:00,60.9,60.9,60.9,60.9,4276.0,260408.4
2026-06-21 01:00:00,60.9,60.9,60.9,60.9,8648.0,526663.2
2026-06-21 01:15:00,60.9,60.9,60.7,60.7,13752.50524801,834842.7499992
2026-06-21 01:30:00,60.6,60.6,60.2,60.6,4852.70859764,293507.25359976
2026-06-21 01:45:00,60.6,60.7,60.6,60.7,1883.90164556,114188.62627301
2026-06-21 02:15:00,60.6,60.6,60.6,60.6,14985.9506336,908148.60839616
2026-06-21 02:30:00,60.2,60.6,60.2,60.6,12394.34311393,746222.53975688
2026-06-21 03:00:00,60.6,60.6,60.6,60.6,1194.60396039,72392.99999963
2026-06-21 04:00:00,60.6,60.6,60.6,60.6,2035.0,123321.0
2026-06-21 04:30:00,60.6,60.6,60.6,60.6,3404.29542342,206300.30265925
2026-06-21 05:30:00,60.4,60.4,60.2,60.2,1982.74576271,119378.82907514
2026-06-21 06:00:00,60.6,60.6,60.6,60.6,169.96699669,10299.99999941
2026-06-21 06:45:00,60.4,60.5,60.4,60.5,2000.0,120900.0
2026-06-21 07:00:00,60.6,61.1,60.6,60.8,115150.39809005,7001007.95446372
2026-06-21 07:15:00,61.0,61.1,61.0,61.1,5501.79965208,335658.8316635
2026-06-21 08:00:00,60.8,60.8,60.8,60.8,41097.87211657,2498750.62468746
2026-06-21 08:15:00,60.8,60.8,60.8,60.8,3034.366776,184489.4999808
2026-06-21 08:30:00,61.0,61.0,61.0,61.0,327.86885245,19999.99999945
2026-06-21 08:45:00,61.0,61.3,61.0,61.3,21739.30275826,1328731.88198701
2026-06-21 09:00:00,61.3,64.7,61.3,63.6,7319003.90053662,462556988.5443645
2026-06-21 09:15:00,63.6,63.6,62.5,62.5,1260310.79362532,79301819.0233932
2026-06-21 09:30:00,62.5,62.7,62.1,62.1,459517.6205075,28599890.1298556
2026-06-21 09:45:00,62.3,62.3,62.0,62.0,40424.58854419,2508685.85486516
2026-06-21 10:00:00,62.0,62.3,62.0,62.3,314816.67011841,19522856.99734341
2026-06-21 10:15:00,62.1,62.4,62.0,62.4,158743.01630162,9878499.39317878
2026-06-21 10:30:00,62.5,62.7,62.5,62.7,103662.71608747,6496311.30498112
2026-06-21 10:45:00,62.7,62.7,62.3,62.5,167440.11241358,10451183.65757862
2026-06-21 11:00:00,62.4,62.5,62.3,62.5,128281.98603713,7999147.57652084
2026-06-21 11:15:00,62.2,62.4,61.8,62.1,155661.55512617,9658602.78730193
2026-06-21 11:30:00,62.0,62.0,61.8,61.8,2364.14488614,146333.55396345
2026-06-21 11:45:00,62.1,62.1,62.1,62.1,1168.0,72532.8
2026-06-21 12:00:00,62.1,62.3,62.0,62.3,21428.05344654,1331904.26758501
2026-06-21 12:15:00,62.1,62.2,61.9,62.2,22161.06650146,1373152.18042751
2026-06-21 12:30:00,62.2,62.2,62.2,62.2,13569.93528958,844049.97501188
2026-06-21 13:00:00,62.2,62.2,62.0,62.2,20246.20467181,1256599.94352867
2026-06-21 13:15:00,62.2,62.2,62.1,62.1,9261.03059582,576020.00000042
2026-06-21 13:30:00,62.0,62.0,61.9,61.9,11649.09643638,721095.19844418
2026-06-21 13:45:00,62.0,62.0,61.8,62.0,6492.12718041,401377.02103966
2026-06-21 14:00:00,62.0,62.0,61.7,61.8,11557.78107804,714702.22509287
2026-06-21 14:15:00,61.7,61.7,61.7,61.7,14535.42211128,896835.54426598
2026-06-21 14:30:00,61.7,61.7,61.7,61.7,1194.60396039,73707.06435606
2026-06-21 14:45:00,61.7,61.7,61.7,61.7,1243.27308007,76709.94904032
2026-06-21 15:00:00,61.7,61.7,61.7,61.7,30159.54048292,1860843.64779616
2026-06-21 15:15:00,61.9,61.9,61.9,61.9,80.93699515,5009.99999979
2026-06-21 15:45:00,62.0,62.0,62.0,62.0,80.80645161,5009.99999982
2026-06-21 16:00:00,61.9,61.9,61.9,61.9,1606.48033375,99441.13265913
2026-06-21 16:15:00,61.7,61.7,61.7,61.7,100.77544426,6217.84491084
2026-06-21 16:30:00,61.9,62.2,61.9,62.2,16475.65207538,1020057.36346602
2026-06-21 16:45:00,62.0,62.0,61.8,61.8,59362.16482448,3669402.5856132
2026-06-21 17:15:00,61.7,61.7,61.7,61.7,1938.18240727,119585.85452856
2026-06-21 17:30:00,61.6,61.6,61.1,61.3,165976.6045078,10162435.4856952
2026-06-21 17:45:00,61.3,61.4,61.1,61.4,297377.36872837,18204952.48490655
2026-06-21 18:00:00,61.4,61.5,61.4,61.4,31306.68075527,1924130.39999959
2026-06-21 18:15:00,61.4,61.5,61.4,61.5,9294.0,571116.8
2026-06-21 18:30:00,61.5,61.5,61.5,61.5,55062.3529211,3386334.70464765
2026-06-21 18:45:00,61.6,61.6,61.6,61.6,100.0,6160.0
2026-06-21 19:00:00,61.6,61.6,61.6,61.6,7915.0,487564.0
2026-06-21 19:15:00,61.8,61.8,61.7,61.7,17653.06796116,1089202.39999969
2026-06-21 19:30:00,61.6,61.7,61.6,61.7,35927.04485034,2216365.16726598
2026-06-21 19:45:00,61.7,61.7,61.7,61.7,348.57465689,21507.05633011
2026-06-21 20:00:00,61.7,61.7,61.7,61.7,3958.10281474,244214.94366946
2026-06-21 20:15:00,61.5,61.5,61.5,61.5,25648.58303139,1577387.85643049
2026-06-21 20:30:00,61.3,61.3,61.2,61.2,86.0,5271.37292007
2026-06-21 20:45:00,61.4,61.4,61.1,61.3,667.3860964,40904.23661851
2026-06-21 21:00:00,61.2,61.2,61.1,61.1,1804.96186471,110299.99999914
2026-06-21 21:15:00,61.1,61.1,60.8,60.8,127338.41594121,7758352.0477532
2026-06-21 21:30:00,61.0,61.3,60.8,60.8,52979.34985292,3223743.2539235
2026-06-21 21:45:00,60.9,61.1,60.9,61.1,809.6582556,49324.58711137
2026-06-21 22:00:00,61.3,61.3,61.3,61.3,16808.40657157,1030355.32283724
2026-06-21 22:15:00,61.3,61.3,61.0,61.3,5797.169505,355298.70635866
2026-06-21 22:30:00,61.3,61.3,61.1,61.1,38679.80470604,2366551.8625779
2026-06-21 22:45:00,60.9,61.3,60.9,61.3,250.0730641,15262.08804017
2026-06-21 23:00:00,61.1,61.1,61.1,61.1,8647.62501222,528369.88824664
2026-06-21 23:15:00,60.9,60.9,60.4,60.8,266404.34280533,16141972.37647251
2026-06-21 23:30:00,60.8,60.8,60.8,60.8,2571.0,156316.8
2026-06-21 23:45:00,60.6,60.9,60.6,60.9,337.43037444,20499.01960732
2026-06-22 01:00:00,60.8,60.8,60.8,60.8,100.0,6080.0
2026-06-22 01:15:00,60.8,60.8,60.8,60.8,64.20361247,3903.57963818
2026-06-22 01:45:00,60.8,60.8,60.8,60.8,9624.35755518,585160.93935494
2026-06-22 02:00:00,60.8,60.9,60.8,60.9,45168.0,2750716.87799672
2026-06-22 02:30:00,60.8,60.8,60.8,60.8,36999.30802969,2249557.92820515
2026-06-22 03:45:00,60.8,60.8,60.8,60.8,1268.0,77094.4
2026-06-22 04:15:00,60.8,60.8,60.8,60.8,70116.06294355,4263056.62696784
2026-06-22 05:15:00,60.7,60.7,60.6,60.6,2669.33138004,162019.72129843
2026-06-22 05:30:00,60.6,60.6,60.6,60.6,4950.4950495,299999.9999997
2026-06-22 05:45:00,60.4,60.5,60.1,60.1,58873.54480859,3541771.24221699
2026-06-22 06:00:00,60.1,60.1,59.6,59.6,96172.25556547,5764659.18361137
2026-06-22 06:15:00,59.5,59.9,59.5,59.9,2271.08613347,135566.52046118
2026-06-22 06:30:00,59.9,59.9,59.9,59.9,3370.47245409,201891.29999999
2026-06-22 06:45:00,60.0,60.0,60.0,60.0,83.5,5010.0
2026-06-22 07:00:00,59.8,59.8,59.5,59.7,2053.50883201,122356.99624142
2026-06-22 07:15:00,59.9,59.9,59.9,59.9,83.48914858,5000.99999994
2026-06-22 07:30:00,59.9,59.9,59.5,59.5,1761.15358864,105314.9828581
2026-06-22 07:45:00,59.8,59.8,59.6,59.6,50245.61507641,2998228.593081
2026-06-22 08:00:00,59.6,59.6,59.6,59.6,10084.0513,601009.45748
2026-06-22 08:15:00,59.5,59.6,59.4,59.6,12680.65319833,754100.20777873
2026-06-22 08:30:00,59.4,59.5,59.1,59.2,12217.5961882,724546.00233829
2026-06-22 09:00:00,59.2,60.0,59.0,60.0,179252.66853565,10644736.62224994
2026-06-22 09:15:00,59.9,60.0,59.6,59.8,202878.92756436,12123536.5863959
2026-06-22 09:30:00,59.8,60.0,59.6,60.0,128471.91398187,7684289.54738747
2026-06-22 09:45:00,59.9,60.0,59.7,60.0,5248.00599625,314330.23404466
2026-06-22 10:00:00,60.0,60.0,59.8,59.8,53551.45577519,3207736.17594284
2026-06-22 10:15:00,60.1,60.5,59.8,60.5,127295.83087533,7674958.66902356
2026-06-22 10:30:00,60.4,60.4,60.1,60.4,44310.65909999,2669964.85038415
2026-06-22 10:45:00,60.4,60.4,60.4,60.4,165.5629139,9999.99999956
2026-06-22 11:00:00,60.4,60.4,60.4,60.4,1821.19205297,109999.99999939
2026-06-22 11:15:00,60.1,60.4,60.1,60.4,32858.13631637,1977777.47514658
2026-06-22 11:45:00,60.3,60.4,60.3,60.4,67971.38683685,4102061.96901452
2026-06-22 12:00:00,60.0,60.0,59.9,59.9,19616.08246277,1176352.34335134
2026-06-22 12:15:00,60.2,60.2,60.2,60.2,83.0730897,5000.99999994
2026-06-22 12:30:00,60.1,60.1,60.0,60.1,38896.79487179,2335710.1923074
2026-06-22 12:45:00,60.1,60.1,59.9,59.9,46257.0418819,2772833.40872581
2026-06-22 13:00:00,59.9,59.9,59.7,59.8,40167.674003,2402500.96706672
2026-06-22 13:15:00,59.8,59.9,59.7,59.9,74990.49990079,4483553.86946258
2026-06-22 13:30:00,59.9,60.2,59.9,60.1,16702.7205845,1004576.83453563
2026-06-22 13:45:00,59.9,60.2,59.9,60.2,89716.26515649,5374325.40030275
2026-06-22 14:30:00,60.0,60.0,60.0,60.0,1408.90680714,84534.4084284
2026-06-22 14:45:00,59.8,59.8,59.7,59.7,9878.3240111,589744.92858267
2026-06-22 15:00:00,59.7,60.0,59.7,60.0,2638.86493217,158040.23645055
2026-06-22 15:30:00,59.9,59.9,59.9,59.9,8671.0,519392.9
2026-06-22 16:00:00,60.0,60.0,59.8,59.8,1376.02352941,82306.20705872
2026-06-22 16:15:00,60.2,60.2,60.2,60.2,83.22259136,5009.99999987
2026-06-22 16:30:00,59.8,59.8,59.7,59.7,56158.06855937,3352903.15448543
2026-06-22 16:45:00,59.7,59.9,59.6,59.9,4031.11273972,240296.16152577
2026-06-22 17:00:00,60.0,60.0,59.7,60.0,2713.60400871,162253.48281454
2026-06-22 17:15:00,60.0,60.0,59.9,59.9,15868.01811597,950805.3851466
2026-06-22 17:30:00,60.0,60.0,59.8,60.0,7703.03174189,460674.66816502
2026-06-22 17:45:00,60.0,60.0,60.0,60.0,17517.60786272,1051056.4717632
2026-06-22 18:00:00,59.7,59.7,59.7,59.7,97152.42881073,5800000.00000058
2026-06-22 18:15:00,59.9,59.9,59.7,59.8,7983.03186695,476912.22319773
2026-06-22 18:45:00,59.9,59.9,59.9,59.9,396.60739064,23756.78269934
2026-06-22 19:00:00,59.7,59.9,59.7,59.7,1908.05630969,113927.99006913
2026-06-22 19:30:00,59.8,59.9,59.7,59.7,66398.12645108,3964034.94912948
2026-06-22 19:45:00,59.7,59.7,59.7,59.7,27579.80318257,1646514.24999943
2026-06-22 20:00:00,59.7,59.7,59.7,59.7,102.0,6089.4
2026-06-22 20:15:00,59.8,59.9,59.8,59.9,8277.83565332,495833.76063387
2026-06-22 20:30:00,60.0,60.0,60.0,60.0,16666.66666666,999999.9999996
2026-06-22 20:45:00,60.0,60.2,60.0,60.2,74362.3602896,4472154.43894567
2026-06-22 21:00:00,60.1,60.3,60.1,60.3,10252.56028702,616229.38530731
2026-06-22 21:30:00,60.3,60.3,60.1,60.1,41248.35390132,2483574.66741501
2026-06-22 21:45:00,60.3,60.4,60.3,60.3,56425.932805,3404891.81903394
2026-06-22 22:00:00,60.4,60.4,60.1,60.1,4937.76158936,297284.44095294
2026-06-22 22:15:00,60.4,60.4,60.1,60.1,249.4229222,15027.66202256
2026-06-22 22:30:00,60.1,60.5,60.1,60.5,32030.67379468,1927202.69506027
2026-06-22 22:45:00,60.5,60.5,60.5,60.5,960.62706661,58117.93752991
2026-06-22 23:00:00,60.5,60.5,60.4,60.4,25010.91812276,1511992.59961245
2026-06-22 23:15:00,60.4,60.4,60.1,60.4,16066.15633737,966553.11574348
2026-06-22 23:30:00,60.1,60.1,59.9,59.9,48982.86044821,2934184.28593929
2026-06-22 23:45:00,60.0,60.0,60.0,60.0,5740.24842016,344414.9052096
2026-06-23 00:00:00,60.0,60.2,60.0,60.2,1215.64521478,73054.99999964
2026-06-23 00:15:00,60.1,60.1,60.1,60.1,831.9467554,49999.99999954
2026-06-23 00:30:00,60.4,60.4,60.1,60.1,27186.98187462,1634061.96901529
2026-06-23 00:45:00,60.0,60.0,59.8,59.8,83502.88292371,4998974.38509096
2026-06-23 01:00:00,59.8,59.8,58.3,58.8,776374.45004411,45946598.51235581
2026-06-23 01:15:00,58.8,58.8,57.4,57.5,420414.931899,24430438.55336714
2026-06-23 01:30:00,57.4,57.6,53.6,54.0,1769715.27564521,97377912.4276846
2026-06-23 01:45:00,54.0,55.5,53.3,53.9,2086349.90657159,112902825.65868881
2026-06-23 02:00:00,54.0,54.3,53.6,53.8,974361.38649477,52536324.71457263
2026-06-23 02:15:00,53.8,54.2,53.7,53.8,673544.86616316,36272801.53883567
2026-06-23 02:30:00,53.7,54.2,53.7,53.8,119844.23408381,6449546.73744125
2026-06-23 02:45:00,53.8,53.9,52.8,52.9,2131576.43099757,114164527.70431484
2026-06-23 03:00:00,52.9,53.7,52.5,53.5,1153668.14675583,61255408.45850936
2026-06-23 03:15:00,53.7,53.8,53.2,53.2,210332.87786416,11236154.88479214
2026-06-23 03:30:00,53.2,53.3,53.0,53.2,290235.28856127,15419382.08060503
2026-06-23 03:45:00,53.0,53.3,52.9,53.2,111431.10919307,5902944.00855396
2026-06-23 04:00:00,53.2,53.5,53.0,53.5,226850.66716792,12077403.40036079
2026-06-23 04:15:00,53.2,53.4,53.0,53.0,131508.99146501,6986498.54935901
2026-06-23 04:30:00,52.9,53.5,52.9,53.3,434868.46709403,23035546.27530289
2026-06-23 04:45:00,53.3,53.6,53.3,53.5,197698.4467247,10575983.21700313
2026-06-23 05:00:00,53.6,54.2,53.6,53.8,403014.45468189,21714629.73242131
2026-06-23 05:15:00,53.8,54.0,53.7,53.8,86037.74249017,4628696.10918206
2026-06-23 05:30:00,53.8,53.8,53.2,53.4,233562.78154209,12476811.69512267
2026-06-23 05:45:00,53.4,53.6,53.4,53.6,174686.25757921,9336660.78600603
2026-06-23 06:00:00,53.4,53.6,53.2,53.4,318201.03793472,16960010.35943411
2026-06-23 06:15:00,53.3,53.6,53.3,53.6,204987.13996774,10941257.90932101
2026-06-23 06:30:00,53.5,53.5,51.9,52.0,1571907.11678028,82480866.09472884
2026-06-23 06:45:00,52.2,52.8,52.2,52.7,344534.90530628,18128189.62844554
2026-06-23 07:00:00,52.6,53.3,52.6,53.3,563295.04991929,29817278.36904118
2026-06-23 07:15:00,53.1,53.2,52.6,52.6,701455.62291029,37134724.19499288
2026-06-23 07:30:00,52.6,53.0,52.4,52.7,641024.7952001,33719659.36213531
2026-06-23 07:45:00,52.6,53.1,52.6,52.9,298000.8330151,15784796.69016973
2026-06-23 08:00:00,52.9,53.1,52.7,53.1,320225.50287368,16937621.40516078
2026-06-23 08:15:00,53.0,53.4,52.8,53.4,510440.95493546,27067723.17101842
2026-06-23 08:30:00,53.3,53.4,52.9,53.3,441718.31845503,23511143.28791928
2026-06-23 08:45:00,53.4,53.4,53.0,53.3,349627.02195378,18603598.98748068
2026-06-23 09:00:00,53.3,53.3,52.5,52.5,713452.0928124,37731516.26674812
2026-06-23 09:15:00,52.7,52.7,52.4,52.4,551342.10602018,28957183.71962995
2026-06-23 09:30:00,52.5,52.9,52.5,52.7,193620.86233992,10213402.53813618
2026-06-23 09:45:00,52.7,53.0,52.7,52.7,47605.34259634,2509206.01924406
2026-06-23 10:00:00,52.7,53.1,52.6,53.1,368238.82488582,19441166.52840069
2026-06-23 10:15:00,53.1,53.2,53.0,53.1,244825.62121106,12996743.38117556
2026-06-23 10:30:00,53.1,53.2,52.7,52.8,283294.50845707,14980572.75422873
2026-06-23 10:45:00,52.6,52.6,52.4,52.6,238761.23899191,12543117.38887663
2026-06-23 11:00:00,52.6,52.6,52.5,52.6,30626.53260851,1610533.93229644
2026-06-23 11:15:00,52.6,52.8,52.6,52.8,32587.3147055,1719013.86068298
2026-06-23 11:30:00,52.8,52.9,52.8,52.9,113345.92979553,5992843.4518803
2026-06-23 11:45:00,52.7,52.8,52.6,52.7,159542.16726004,8406808.84587338
2026-06-23 12:00:00,52.8,52.9,52.6,52.6,123620.71933529,6519866.54353501
2026-06-23 12:15:00,52.6,52.9,52.6,52.8,403971.9251856,21314673.26634507
2026-06-23 12:30:00,52.7,52.8,52.5,52.5,103481.46621114,5445330.44309267
2026-06-23 12:45:00,52.7,52.8,52.6,52.8,94448.2287737,4977225.20461353
2026-06-23 13:00:00,52.9,52.9,52.8,52.9,88693.96653441,4691899.46603393
2026-06-23 13:15:00,52.9,52.9,52.5,52.5,123906.93854277,6533888.56551912
2026-06-23 13:30:00,52.8,52.8,52.5,52.5,21564.91365306,1133226.57993464
2026-06-23 13:45:00,52.5,52.8,52.1,52.2,433341.31316305,22657846.20859853
2026-06-23 14:00:00,52.1,52.3,51.9,52.3,321505.90372104,16730035.46287803
2026-06-23 14:15:00,52.1,52.2,51.8,52.1,387710.1154841,20118796.95724997
2026-06-23 14:30:00,52.2,52.2,51.6,51.9,327706.23935356,16969678.18778692
2026-06-23 14:45:00,51.9,52.1,51.6,51.8,228246.04412499,11824264.07320203
2026-06-23 15:00:00,51.9,52.0,51.4,51.5,570722.07800954,29447509.60337318
2026-06-23 15:15:00,51.5,51.5,50.2,50.6,1412964.74201349,71594357.81483884
2026-06-23 15:30:00,50.6,50.7,50.0,50.3,1382928.72987571,69800312.55074784
2026-06-23 15:45:00,50.5,50.7,50.5,50.7,120218.4447557,6084956.75666816
2026-06-23 16:00:00,50.6,50.7,50.5,50.7,592194.05210528,29945660.22198132
2026-06-23 16:15:00,50.6,51.1,50.6,51.1,275148.12868547,13974462.23958067
2026-06-23 16:30:00,51.0,51.0,50.5,50.5,41946.45121523,2119320.61735279
2026-06-23 16:45:00,50.8,51.0,50.5,50.5,82291.74069016,4173655.8084777
2026-06-23 17:00:00,50.5,50.9,50.4,50.5,146043.2886537,7379955.36117349
2026-06-23 17:15:00,50.5,50.5,49.3,49.7,638270.43367236,31884699.86866807
2026-06-23 17:30:00,49.6,53.0,49.6,51.8,2303327.42443312,118400375.54672633
2026-06-23 17:45:00,51.3,51.6,51.3,51.5,194942.15279009,10019359.99626479
2026-06-23 18:00:00,51.5,51.5,51.2,51.2,132067.07507053,6770177.80963055
2026-06-23 18:15:00,51.2,51.3,50.9,51.3,259353.02159846,13239046.54064798
2026-06-23 18:30:00,51.0,51.0,50.9,50.9,43860.38228377,2233085.63701693
2026-06-23 18:45:00,50.9,51.1,50.8,50.8,15007.01500112,763834.88570658
2026-06-23 19:00:00,50.9,51.0,50.7,50.7,87500.92544912,4449102.91428261
2026-06-23 19:15:00,50.7,50.7,50.6,50.6,115284.9571111,5834614.53737987
2026-06-23 19:30:00,50.6,50.7,50.5,50.5,22912.22196591,1159739.753796
2026-06-23 19:45:00,50.5,50.5,50.1,50.1,129282.75875271,6507616.39947023
2026-06-23 20:00:00,50.2,50.4,50.1,50.3,210422.36490214,10577984.00888697
2026-06-23 20:15:00,50.3,50.4,50.0,50.3,153509.73857078,7711807.44429527
2026-06-23 20:30:00,50.3,50.5,50.3,50.5,46910.35967525,2366875.88451295
2026-06-23 20:45:00,50.5,50.5,50.4,50.5,25378.3814,1281503.54636
2026-06-23 21:00:00,50.3,50.5,50.2,50.2,58693.95549835,2955756.83835266
2026-06-23 21:15:00,50.4,50.5,50.4,50.5,1824.71035791,92044.60995946
2026-06-23 21:30:00,50.5,50.5,50.2,50.5,174669.68972931,8816161.01333299
2026-06-23 21:45:00,50.5,50.5,50.0,50.1,104883.72281048,5249426.01455549
2026-06-23 22:00:00,50.0,50.4,50.0,50.3,106027.59130434,5326567.88204762
2026-06-23 22:15:00,50.1,50.1,50.1,50.1,15553.71652501,779241.197903
2026-06-23 22:30:00,50.0,50.7,50.0,50.7,230208.84908337,11554299.52384441
2026-06-23 22:45:00,50.7,50.9,50.5,50.9,20312.95435578,1030473.81669228
2026-06-23 23:15:00,50.9,50.9,50.9,50.9,400.0,20360.0
2026-06-23 23:30:00,50.9,50.9,50.6,50.6,20365.80497221,1030710.62508146
2026-06-23 23:45:00,50.6,50.7,50.5,50.5,67651.42689839,3421027.80382013
2026-06-24 00:00:00,50.3,50.3,50.3,50.3,19300.98009283,970839.29866935
2026-06-24 00:15:00,50.3,50.3,50.0,50.3,136007.71580739,6835244.50511172
2026-06-24 00:30:00,50.1,50.4,50.1,50.3,27094.52785536,1359641.47164461
2026-06-24 00:45:00,50.1,50.2,49.9,50.1,73100.14385162,3659629.36712562
2026-06-24 01:00:00,50.3,50.7,50.1,50.7,23403.98492582,1178924.69528754
2026-06-24 01:15:00,50.6,50.6,50.6,50.6,3944.77317554,199605.52268232
2026-06-24 02:45:00,50.2,50.2,49.8,49.8,102864.46109479,5154925.48923944
2026-06-24 03:00:00,50.2,50.2,50.2,50.2,99.60159362,4999.99999972
2026-06-24 03:15:00,49.9,49.9,49.9,49.9,12101.0,603839.9
2026-06-24 03:30:00,49.9,49.9,49.8,49.8,38465.75558634,1917660.22993245
2026-06-24 03:45:00,49.8,49.8,49.7,49.7,154815.28665554,7694683.12537693
2026-06-24 04:00:00,49.7,49.9,49.7,49.9,6509.3145,324443.2905016
2026-06-24 04:30:00,50.0,50.0,50.0,50.0,4190.0,209500.0
2026-06-24 04:45:00,50.0,50.0,50.0,50.0,6904.0,345200.0
2026-06-24 05:15:00,50.1,50.1,50.0,50.0,791.03453427,39593.1653835
2026-06-24 05:45:00,50.0,50.0,50.0,50.0,31138.99829803,1556949.9149015
2026-06-24 06:15:00,50.1,50.2,50.0,50.0,73184.58863809,3662216.2319917
2026-06-24 06:30:00,50.3,50.3,50.3,50.3,99.42345924,5000.99999977
2026-06-24 06:45:00,50.1,50.3,50.1,50.1,7201.72363652,360826.2388815
2026-06-24 07:00:00,50.1,50.3,50.0,50.3,136941.81420232,6850340.15278798
2026-06-24 07:15:00,50.1,50.2,50.0,50.0,11740.95467758,587659.54916581
2026-06-24 07:30:00,50.0,50.1,49.8,50.0,159996.86754484,7994104.23282244
2026-06-24 07:45:00,49.8,50.1,49.8,49.9,210176.4660151,10503426.47544316
2026-06-24 08:00:00,50.1,50.1,49.7,49.8,47889.79592,2385243.43565475
2026-06-24 08:15:00,49.8,49.8,49.6,49.7,51076.71469494,2535914.26492067
2026-06-24 08:30:00,49.7,49.8,49.5,49.6,65360.15661009,3240779.49099144
2026-06-24 08:45:00,49.6,50.3,49.6,50.3,321572.53005965,16051430.59547431
2026-06-24 09:00:00,50.1,50.3,50.0,50.2,144750.74793687,7263615.56888789
2026-06-24 09:15:00,50.3,50.3,50.3,50.3,596.44135188,30000.99999956
2026-06-24 09:30:00,50.2,50.6,50.1,50.4,50543.1606439,2538689.76045471
2026-06-24 09:45:00,50.4,50.7,50.4,50.7,24026.98165872,1217699.0681106
2026-06-24 10:00:00,50.7,50.7,50.4,50.4,56390.08981401,2846838.0848115
2026-06-24 10:15:00,50.2,50.5,50.2,50.4,98692.30953377,4972205.50388762
2026-06-24 10:30:00,50.5,50.8,50.5,50.6,121547.45445256,6161923.96899967
2026-06-24 10:45:00,50.6,50.6,50.5,50.5,13861.42843559,700013.9937048
2026-06-24 11:00:00,50.5,50.6,50.3,50.3,362797.4302719,18285678.00208678
2026-06-24 11:15:00,50.4,50.5,50.3,50.3,182960.0359377,9205870.81555149
2026-06-24 11:30:00,50.3,50.3,50.3,50.3,3160.9872,158997.65616
2026-06-24 11:45:00,50.3,50.3,50.2,50.3,39883.10702924,2005653.29545196
2026-06-24 12:00:00,50.2,50.4,50.2,50.2,12508.29019122,628720.41800632
2026-06-24 12:15:00,50.2,50.2,50.1,50.2,265335.02293033,13307812.12241822
2026-06-24 12:30:00,50.2,50.4,50.2,50.4,44468.45193473,2232561.4658041
2026-06-24 12:45:00,50.3,50.3,50.3,50.3,1987.07803156,99950.02498747
2026-06-24 13:00:00,50.1,50.2,50.1,50.1,33717.39674843,1689261.57709634
2026-06-24 13:15:00,50.3,50.3,50.2,50.2,19992.85138528,1003651.07989891
2026-06-24 13:30:00,50.1,50.3,50.1,50.2,118831.92591773,5973945.75223747
2026-06-24 13:45:00,50.3,50.4,50.3,50.4,102519.55767465,5161398.9716549
2026-06-24 14:00:00,50.4,50.4,50.2,50.3,91930.3701952,4628950.81815971
2026-06-24 14:15:00,50.5,50.5,50.5,50.5,34696.20636216,1752158.42128908
2026-06-24 14:30:00,50.5,51.2,50.5,51.2,59895.36494474,3035159.5616947
2026-06-24 14:45:00,50.9,50.9,50.5,50.6,8681.93607678,439735.27171794
2026-06-24 15:00:00,50.7,50.7,50.4,50.4,226919.5974005,11472909.26641696
2026-06-24 15:15:00,50.3,50.6,50.2,50.6,55753.40578566,2809904.70163296
2026-06-24 15:30:00,50.6,50.6,50.6,50.6,2820.41996047,142713.24999978
2026-06-24 15:45:00,50.6,50.7,50.6,50.7,68288.03432873,3455394.26089962
2026-06-24 16:00:00,50.5,50.6,50.5,50.6,2079.03201189,105000.99999965
2026-06-24 16:30:00,50.7,50.7,50.4,50.4,52854.39866837,2667492.42456442
2026-06-24 16:45:00,50.4,50.4,50.2,50.2,31182.29074059,1571559.69641574
2026-06-24 17:00:00,50.5,50.5,50.5,50.5,99.009901,5000.0000005
2026-06-24 17:15:00,50.5,50.5,50.5,50.5,1753.71287128,88562.49999964
2026-06-24 17:30:00,50.2,50.4,50.2,50.4,2784.27647218,139790.52414153
2026-06-24 17:45:00,50.3,50.5,50.3,50.4,93627.83717504,4719708.20098973
2026-06-24 18:00:00,50.5,50.7,50.5,50.7,448.00538988,22627.62264692
2026-06-24 18:15:00,50.7,50.7,50.2,50.2,263472.58022198,13291654.23198473
2026-06-24 18:30:00,50.2,50.2,50.0,50.2,688571.16903954,34462231.613468
2026-06-24 18:45:00,50.0,50.2,50.0,50.2,5234.70605984,262382.24420397
2026-06-24 19:00:00,50.2,50.2,50.1,50.1,61801.94434307,3098268.44794205
2026-06-24 19:15:00,50.3,50.3,50.0,50.0,48953.5689975,2448942.71829125
2026-06-24 19:30:00,50.0,50.0,50.0,50.0,5016.0,250800.0
2026-06-24 19:45:00,50.0,50.1,50.0,50.0,40669.14735889,2036456.25125442
2026-06-24 20:00:00,50.0,50.1,49.9,49.9,59102.12227068,2952578.57299607
2026-06-24 20:15:00,49.9,50.1,49.9,50.0,11798.15092589,589201.78095247
2026-06-24 20:30:00,50.1,50.1,50.0,50.0,149310.40839779,7465849.63766698
2026-06-24 20:45:00,50.2,50.7,50.2,50.7,8760.05515542,442011.92155905
2026-06-24 21:00:00,50.4,50.7,50.4,50.7,12409.63276298,626249.54129804
2026-06-24 21:15:00,50.7,50.7,50.5,50.7,58445.32446729,2962619.61609483
2026-06-24 21:45:00,50.7,50.8,50.5,50.5,3041.89851504,153662.26270764
2026-06-24 22:00:00,50.5,50.7,50.5,50.6,628373.98796959,31839170.24092091
2026-06-24 22:15:00,50.1,50.2,49.9,50.2,11647.66563636,582461.32248805
2026-06-24 22:30:00,49.9,50.4,49.9,50.1,102880.5930638,5155893.36646778
2026-06-24 22:45:00,50.0,50.1,49.3,49.5,1257944.7830337,62631057.49066313
2026-06-24 23:00:00,49.6,49.9,49.4,49.8,37760.36427634,1875297.25047521
2026-06-24 23:15:00,49.8,50.0,49.6,50.0,25059.84832325,1243829.21295156
2026-06-24 23:30:00,50.0,50.4,50.0,50.4,44590.87697576,2234734.20455234
2026-06-24 23:45:00,50.3,50.3,50.3,50.3,22006.0,1106901.8
2026-06-25 00:00:00,50.3,51.9,50.3,51.0,1610400.54381997,82778110.98948674
2026-06-25 00:15:00,51.0,51.4,50.4,50.8,379820.31024531,19418064.43070815
2026-06-25 00:30:00,50.6,50.8,50.0,50.0,303121.26816583,15243571.07438082
2026-06-25 00:45:00,49.9,50.1,49.7,50.0,68824.88198483,3433342.3790008
2026-06-25 01:00:00,50.0,50.0,49.6,49.8,151888.19785039,7562415.98490043
2026-06-25 01:15:00,49.9,49.9,49.7,49.9,59835.17916811,2981544.4138476
2026-06-25 01:30:00,49.5,49.5,49.3,49.4,137062.36590773,6773642.80172409
2026-06-25 01:45:00,49.3,49.3,47.9,48.5,1410370.88936862,68407966.03972499
2026-06-25 02:00:00,48.5,48.7,48.4,48.4,78461.61228265,3806929.89727475
2026-06-25 02:15:00,48.5,48.7,48.0,48.3,51185.86437821,2477089.17650692
2026-06-25 02:30:00,48.5,48.5,48.1,48.5,84765.44882636,4105874.48760249
2026-06-25 02:45:00,48.4,48.7,48.4,48.7,34934.08093757,1693303.00621565
2026-06-25 03:15:00,48.9,49.5,48.9,49.0,47849.9270265,2350473.92272682
2026-06-25 03:30:00,49.0,49.2,49.0,49.0,148468.40249945,7279322.38971849
2026-06-25 03:45:00,48.9,48.9,48.6,48.9,87663.55898103,4282084.54548825
2026-06-25 04:00:00,48.6,48.9,48.6,48.7,45659.25385699,2231790.90434769
2026-06-25 04:30:00,48.8,49.2,48.8,49.2,896.68220276,43829.33855974
2026-06-25 04:45:00,49.0,49.3,49.0,49.1,17071.2590055,836619.12142969
2026-06-25 05:00:00,49.2,50.2,49.2,50.2,52121.52961288,2590814.42432304
2026-06-25 05:15:00,50.0,50.1,50.0,50.1,11992.01596806,599999.99999981
2026-06-25 05:30:00,49.7,50.0,49.7,49.7,35496.1221954,1764187.21921916
2026-06-25 05:45:00,50.0,50.0,49.9,49.9,333.83044088,16680.49999991
2026-06-25 06:00:00,49.7,49.7,49.7,49.7,31187.13279677,1550000.49999947
2026-06-25 06:15:00,49.6,49.6,49.6,49.6,21639.2502522,1073306.81250912
2026-06-25 06:30:00,49.8,50.1,49.5,50.1,98764.96648195,4910977.64728553
2026-06-25 07:00:00,50.1,50.3,50.1,50.1,274767.65845791,13775472.03748654
2026-06-25 07:15:00,50.3,50.3,49.9,50.1,40560.73913524,2027068.15078124
2026-06-25 07:30:00,49.9,50.1,49.9,50.0,2503.10981245,124965.07984086
2026-06-25 07:45:00,49.9,49.9,49.6,49.9,23710.91209517,1176200.46487033
2026-06-25 08:00:00,49.8,49.9,49.8,49.8,13234.02092369,659074.24599976
2026-06-25 08:15:00,49.9,49.9,49.9,49.9,4166.66666666,207916.66666633
2026-06-25 08:45:00,49.6,49.8,49.6,49.8,110470.10319966,5479337.21910474
2026-06-25 09:00:00,49.7,49.9,49.6,49.9,99135.88958193,4930584.77900314
2026-06-25 09:15:00,49.8,50.0,49.8,50.0,219144.86321884,10936096.68702623
2026-06-25 09:30:00,50.0,50.0,49.7,49.7,345434.14514118,17222740.35625985
2026-06-25 09:45:00,49.9,49.9,49.9,49.9,300.70140281,15005.00000022
2026-06-25 10:00:00,49.8,49.8,49.7,49.8,50237.18965597,2496980.98811046
2026-06-25 10:15:00,49.7,49.8,49.6,49.6,78757.33492353,3910255.39157457
2026-06-25 10:30:00,49.6,49.6,49.6,49.6,3000.0,148800.0
2026-06-25 10:45:00,49.8,50.4,49.8,50.4,173703.00543555,8685356.72927793
2026-06-25 11:00:00,50.4,50.4,50.3,50.4,71654.08625562,3604408.87397515
2026-06-25 11:15:00,50.4,50.5,50.3,50.5,10276.89267041,517893.3468689
2026-06-25 11:30:00,50.5,50.7,50.4,50.6,110880.55254798,5609379.31067871
2026-06-25 11:45:00,50.4,50.6,50.4,50.4,96105.86683933,4846904.00553391
2026-06-25 12:00:00,50.4,50.6,50.4,50.4,116136.23107735,5856052.62732611
2026-06-25 12:15:00,50.4,50.9,50.4,50.9,277723.81212685,14083866.04741381
2026-06-25 12:30:00,51.0,51.4,51.0,51.3,798283.37962248,40909880.90252357
2026-06-25 12:45:00,51.3,51.4,51.0,51.2,165892.46223086,8506825.56876088
2026-06-25 13:00:00,51.3,51.3,50.9,50.9,148300.89615093,7569453.24683714
2026-06-25 13:15:00,50.9,51.0,50.7,51.0,560822.78612864,28495415.6712598
2026-06-25 13:30:00,51.0,52.0,51.0,51.9,1483041.11462425,76429166.73785314
2026-06-25 13:45:00,51.8,52.0,51.5,51.7,561727.35627822,29060403.09052149
2026-06-25 14:00:00,51.9,52.4,51.9,51.9,367975.14083675,19145246.05770537
2026-06-25 14:15:00,52.0,52.1,51.9,52.0,94343.06842834,4906089.71981214
2026-06-25 14:30:00,52.1,52.2,51.8,52.0,440372.53823005,22892592.85529701
2026-06-25 14:45:00,51.7,51.9,51.6,51.6,122128.21355651,6308642.88956768
2026-06-25 15:00:00,51.6,51.8,51.4,51.4,314366.59978041,16187332.55356417
2026-06-25 15:15:00,51.4,51.6,51.0,51.0,315149.35849099,16133152.86826029
2026-06-25 15:30:00,51.1,51.3,51.1,51.2,13573.1898847,694859.03921624
2026-06-25 15:45:00,51.2,51.6,51.2,51.5,170709.17390458,8772891.76502279
2026-06-25 16:00:00,51.5,51.7,51.3,51.6,150465.32333288,7735219.57234424
2026-06-25 16:15:00,51.6,51.8,51.3,51.7,122164.59884636,6303928.7428577
2026-06-25 16:30:00,51.8,51.8,51.7,51.7,13557.82138509,701425.22674749
2026-06-25 16:45:00,51.4,52.3,51.4,52.3,254373.97158532,13208366.52758891
2026-06-25 17:00:00,52.3,52.6,52.2,52.5,593118.01667241,31094861.64115411
2026-06-25 17:15:00,52.3,52.5,52.1,52.5,503190.8305104,26315824.92603814
2026-06-25 17:30:00,52.4,52.6,52.0,52.4,211558.97563704,11076787.60466831
2026-06-25 17:45:00,52.2,52.2,51.8,52.0,401528.0620096,20841977.70986001
2026-06-25 18:00:00,51.8,52.2,51.7,52.0,125602.28627613,6511596.96928127
2026-06-25 18:15:00,52.0,52.2,51.7,52.1,267558.5244488,13884781.51188955
2026-06-25 18:30:00,51.9,52.1,51.8,52.1,117712.19939046,6112003.79409957
2026-06-25 18:45:00,52.1,52.5,51.8,52.4,318982.15931277,16614024.43155245
2026-06-25 19:00:00,52.4,61.0,52.4,57.6,47813186.26346884,2771611240.6000714
2026-06-25 19:15:00,57.7,62.6,56.1,61.6,33081246.95771161,1998345680.9557512
2026-06-25 19:30:00,61.6,63.3,60.3,62.1,25128398.63925608,1554003198.8397155
2026-06-25 19:45:00,62.1,63.9,61.3,62.6,24024926.5917849,1504732457.4275222
2026-06-25 20:00:00,62.4,62.6,57.7,58.2,26674634.26023232,1589627210.5965497
2026-06-25 20:15:00,58.2,60.4,57.8,58.4,13015944.17246935,766922879.0037732
2026-06-25 20:30:00,58.4,58.9,56.7,57.2,13687657.01334594,785303763.2504722
2026-06-25 20:45:00,57.2,57.2,55.8,56.3,11428672.17434609,643932651.5302017
2026-06-25 21:00:00,56.2,56.8,52.2,53.5,18148350.23496791,984486239.9758297
2026-06-25 21:15:00,53.6,54.0,52.9,53.2,6681348.07726009,356662334.1998806
2026-06-25 21:30:00,53.1,54.1,53.1,53.6,4750487.46309977,254146731.213879
2026-06-25 21:45:00,53.6,53.9,51.5,52.5,6112053.65207784,322493700.3591753
2026-06-25 22:00:00,52.5,52.6,50.3,52.4,7307045.82685764,376773843.6281981
2026-06-25 22:15:00,52.4,52.8,51.7,51.7,2115077.26718516,110708036.20922738
2026-06-25 22:30:00,51.9,52.0,50.9,51.1,2218556.75119023,114527589.77431226
2026-06-25 22:45:00,50.9,52.0,49.9,50.1,9239804.57543259,468259186.4256462
2026-06-25 23:00:00,50.1,51.6,50.1,50.9,3437174.52253645,175292691.755767
2026-06-25 23:15:00,50.9,51.8,50.6,51.2,1853256.56378127,94963513.27720281
2026-06-25 23:30:00,51.4,51.9,51.2,51.2,987613.91671851,50909255.90206303
2026-06-25 23:45:00,51.5,51.6,51.2,51.4,576742.40316473,29652673.08340803
2026-06-26 00:00:00,51.4,51.6,51.2,51.3,1063217.86381133,54532298.18685125
2026-06-26 00:15:00,51.3,52.2,51.2,52.2,1020741.16818707,52884680.87172414
2026-06-26 00:30:00,52.3,52.6,51.9,52.0,2270271.98766213,118646770.88843445
2026-06-26 00:45:00,52.0,52.1,51.2,51.2,1670895.0388323,86203786.99574164
2026-06-26 01:00:00,51.1,52.0,51.1,52.0,185617.92755125,9501387.45186411
2026-06-26 01:15:00,52.0,52.4,51.7,52.2,544352.4924831,28389437.26460799
2026-06-26 01:30:00,52.0,52.1,51.7,51.9,157219.50613055,8163111.24657247
2026-06-26 01:45:00,51.7,51.7,51.2,51.2,543672.12109226,28001568.34331559
2026-06-26 02:00:00,51.4,51.9,51.4,51.9,208150.240581,10720119.58172731
2026-06-26 02:15:00,51.9,52.1,51.9,52.0,152476.74471523,7933876.32437062
2026-06-26 02:30:00,52.0,52.0,51.9,51.9,22888.10623739,1188055.41300355
2026-06-26 02:45:00,51.9,52.0,51.7,51.9,83409.17614133,4332086.26506827
2026-06-26 03:00:00,51.9,51.9,51.8,51.8,38370.10038223,1987741.79979951
2026-06-26 03:15:00,51.8,52.1,51.8,52.1,67368.38993369,3498752.48862217
2026-06-26 03:30:00,51.7,51.9,51.7,51.9,2081.76923076,107659.66923029
2026-06-26 03:45:00,51.9,52.0,51.8,51.9,136030.76112569,7051573.60319359
2026-06-26 04:00:00,51.9,52.1,51.9,52.1,50214.73402782,2612893.06920601
2026-06-26 04:15:00,52.0,52.2,52.0,52.0,144341.89859358,7510802.01133874
2026-06-26 04:30:00,51.9,52.2,51.9,52.2,20879.88752922,1083838.40989295
2026-06-26 04:45:00,52.2,52.5,52.0,52.3,102579.46999953,5353747.42748322
2026-06-26 05:00:00,52.4,52.5,51.9,51.9,300073.21754312,15635710.64548368
2026-06-26 05:15:00,52.0,52.1,51.9,52.1,55765.66300749,2900819.02114043
2026-06-26 05:30:00,52.2,52.2,51.8,51.8,360647.45543491,18694970.75823534
2026-06-26 05:45:00,51.7,51.8,51.4,51.4,378229.96131954,19503413.37175046
2026-06-26 06:00:00,51.4,51.9,51.3,51.9,398769.04436129,20588722.38345134
2026-06-26 06:15:00,51.9,52.2,51.9,52.0,298220.26054238,15510990.77435301
2026-06-26 06:30:00,52.0,52.2,52.0,52.2,102120.74314818,5325392.80386896
2026-06-26 06:45:00,52.2,53.2,52.1,53.2,789997.01382807,41524194.26656772
2026-06-26 07:00:00,52.9,53.6,52.8,53.0,872801.45165323,46422445.27587777
2026-06-26 07:15:00,53.1,53.3,53.1,53.3,374262.91484177,19895513.00107694
2026-06-26 07:30:00,53.4,53.4,52.8,52.8,792478.73254966,42095343.55023911
2026-06-26 07:45:00,52.8,52.9,52.4,52.4,950881.98207765,50061514.50547743
2026-06-26 08:00:00,52.4,52.7,52.4,52.5,381158.03397916,20055175.23994301
2026-06-26 08:15:00,52.5,53.3,52.4,53.0,774529.8069799,41061606.10667864
2026-06-26 08:30:00,53.2,53.4,53.1,53.4,1201640.36819673,63967357.11030823
2026-06-26 08:45:00,53.3,53.5,52.8,53.2,1258566.29614402,66923152.31759057
2026-06-26 09:00:00,53.1,57.8,53.0,56.3,56665576.14683102,3162053068.3430014
2026-06-26 09:15:00,56.4,57.3,55.0,55.8,14813310.86787268,832996755.80315
2026-06-26 09:30:00,55.8,56.1,54.4,54.4,8914876.73497032,491074017.59574366
2026-06-26 09:45:00,54.5,54.5,53.1,53.3,6660096.40679634,357280028.2834395
2026-06-26 10:00:00,53.3,54.3,53.2,54.0,2179141.40357874,117243403.94365796
2026-06-26 10:15:00,54.0,54.8,53.8,53.8,1123988.35647469,60794863.10372525
2026-06-26 10:30:00,53.8,54.3,53.6,54.3,1108408.49970155,59696551.04831197
2026-06-26 10:45:00,54.3,54.9,54.2,54.4,1603098.35429234,87400641.321259
2026-06-26 11:00:00,54.4,55.1,53.9,53.9,751611.97993935,40916219.16482228
2026-06-26 11:15:00,54.0,54.4,53.8,54.3,939607.96031087,50878495.98596744
2026-06-26 11:30:00,54.3,54.9,54.1,54.6,2331218.91427937,127022632.15727292
2026-06-26 11:45:00,54.6,54.6,52.8,53.4,3273265.48471848,175008932.73557496
2026-06-26 12:00:00,53.3,54.1,52.4,53.7,3473221.75981195,184854993.8889328
2026-06-26 12:15:00,53.8,53.8,53.3,53.4,1634035.36723408,87436088.96142915
2026-06-26 12:30:00,53.6,55.1,53.0,54.6,2385572.60843123,128017427.86397314
2026-06-26 12:45:00,54.6,54.6,53.4,53.8,1623552.9579921,87742292.99554804
2026-06-26 13:00:00,53.8,56.0,53.8,55.8,4792107.27630617,264097760.37552476
2026-06-26 13:15:00,55.5,55.9,54.9,55.1,2065712.26023983,114413445.61249532
2026-06-26 13:30:00,55.3,60.3,55.2,58.2,21844400.95504574,1279967403.10343
2026-06-26 13:45:00,58.2,58.5,54.7,55.3,11540700.98792788,653433485.4029672
2026-06-26 14:00:00,55.3,56.3,54.9,55.7,2946295.71214949,163185682.11815986
2026-06-26 14:15:00,55.6,56.6,55.6,56.1,1963390.50271492,109953507.40272792
2026-06-26 14:30:00,55.6,56.2,55.4,56.1,797614.40591175,44465075.86845285
2026-06-26 14:45:00,55.9,59.6,55.9,57.0,11601768.40258561,672714642.5224983
2026-06-26 15:00:00,57.0,61.3,56.3,57.2,21149621.08581508,1242005234.430183
2026-06-26 15:15:00,57.2,59.1,57.1,58.6,6481796.19119002,376613814.3868327
2026-06-26 15:30:00,58.6,61.0,58.2,60.1,17775419.95269193,1065881359.3003193
2026-06-26 15:45:00,60.0,61.9,57.8,58.5,13555703.62136106,811628330.0755789
2026-06-26 16:00:00,58.5,64.5,57.7,59.7,35717380.00489337,2202856754.1556425
2026-06-26 16:15:00,59.6,60.8,57.7,58.7,12520368.93372404,740410362.0428388
2026-06-26 16:30:00,58.9,62.3,58.7,61.7,12975236.29669857,790631392.5551857
2026-06-26 16:45:00,61.7,63.7,60.4,62.7,13823009.04880673,859336189.8681142
2026-06-26 17:00:00,62.8,67.6,61.2,64.7,36270581.79800181,2369751914.644544
2026-06-26 17:15:00,65.0,66.2,60.2,61.2,22854186.01325345,1416333233.2789528
2026-06-26 17:30:00,61.3,63.0,60.7,62.4,8594163.7669975,530828530.36604714
2026-06-26 17:45:00,62.4,64.0,61.6,62.8,5756885.48113443,361593317.9757701
2026-06-26 18:00:00,62.9,63.3,58.6,59.0,11309744.23911927,692304023.0736263
2026-06-26 18:15:00,59.0,60.6,59.0,59.6,5355998.42215866,319673580.2916964
2026-06-26 18:30:00,59.6,60.2,58.8,59.8,3193682.35713597,190118716.10704488
2026-06-26 18:45:00,59.8,59.8,57.7,58.5,4016298.19851535,236099941.93615484
2026-06-26 19:00:00,58.5,58.9,58.1,58.9,2024566.93697426,118479405.67989688
2026-06-26 19:15:00,58.9,59.5,58.1,59.2,1564011.82871776,91636991.01458524
2026-06-26 19:30:00,59.2,60.0,58.8,59.6,2485059.52391819,147881722.65678054
2026-06-26 19:45:00,59.8,61.2,58.4,60.4,4202997.96786573,251575608.51231897
2026-06-26 20:00:00,60.4,61.0,59.4,59.9,3394644.61254384,204021388.66636762
2026-06-26 20:15:00,59.9,60.6,59.8,60.2,1107382.40984639,66735285.21926542
2026-06-26 20:30:00,60.2,62.3,60.0,61.9,5071082.8539167,312324290.51108456
2026-06-26 20:45:00,61.9,62.6,60.1,61.0,7403737.10234654,454953670.27292025
2026-06-26 21:00:00,61.0,61.4,59.8,59.9,4180027.47187576,253653374.0658288
2026-06-26 21:15:00,59.9,60.3,58.7,58.9,2983007.30872459,177745397.83601493
2026-06-26 21:30:00,58.9,59.8,58.9,59.4,1205854.6721678,71540628.03973925
2026-06-26 21:45:00,59.4,60.4,59.3,60.2,1510310.49877174,90524157.94197705
2026-06-26 22:00:00,60.2,60.6,59.3,59.3,1734887.89002747,103974248.85105059
2026-06-26 22:15:00,59.3,59.8,59.0,59.6,1038600.38600098,61625403.94721232
2026-06-26 22:30:00,59.6,60.7,59.6,60.7,1220009.78892023,73381545.65356265
2026-06-26 22:45:00,60.7,62.5,60.6,62.5,3254163.10334687,200422481.31425282
2026-06-26 23:00:00,62.5,62.5,61.6,61.9,3878130.43069528,240680990.76265472
2026-06-26 23:15:00,62.0,63.8,61.5,63.7,5712768.68324894,357419154.1034807
2026-06-26 23:30:00,63.5,65.2,62.3,65.2,14101575.68938441,902781910.682203
2026-06-26 23:45:00,65.0,67.0,63.9,66.7,13372577.14525179,878673168.3611608
2026-06-27 00:00:00,66.7,66.8,63.8,66.3,6745764.61873328,439025392.0045121
2026-06-27 00:15:00,66.2,68.3,64.1,65.1,13831450.78141424,910673665.6631886
2026-06-27 00:30:00,65.0,68.5,65.0,67.9,15438939.92784202,1036109565.4319777
2026-06-27 00:45:00,67.9,70.5,62.7,63.2,42867293.05247317,2854727188.6116033
2026-06-27 01:00:00,63.1,64.9,62.9,64.9,8870522.69171042,568735708.202812
2026-06-27 01:15:00,64.9,64.9,63.7,64.5,4099456.32887894,263121086.46213526
2026-06-27 01:30:00,64.6,65.8,64.4,64.6,4970941.76807328,323632754.3163057
2026-06-27 01:45:00,64.7,65.1,62.5,62.8,5507842.67373256,349691165.3135354
2026-06-27 02:00:00,62.8,64.6,62.7,64.1,2441195.30213313,156097913.80749407
2026-06-27 02:15:00,64.5,64.8,63.2,63.3,2032704.82742916,130253026.31999654
2026-06-27 02:30:00,63.4,63.9,62.8,63.8,912508.56808763,57779911.60124649
2026-06-27 02:45:00,63.8,64.1,62.7,64.0,1182311.5971994,74903833.2981259
2026-06-27 03:00:00,63.9,64.2,63.2,63.9,792569.55652045,50395635.26038275
2026-06-27 03:15:00,63.9,64.3,63.2,64.0,785451.47101883,50208460.65399906
2026-06-27 03:30:00,64.2,64.6,64.0,64.6,798127.83594894,51353466.07405729
2026-06-27 03:45:00,64.7,64.8,64.3,64.5,509939.91224698,32946635.78686585
2026-06-27 04:00:00,64.5,64.5,64.0,64.0,398393.82805229,25531262.51014765
2026-06-27 04:15:00,64.0,64.8,63.9,64.7,526620.21238316,33872975.56419361
2026-06-27 04:30:00,64.5,64.6,64.0,64.2,488476.15484225,31405061.68327221
2026-06-27 04:45:00,64.3,64.5,63.6,64.3,229605.37000686,14707885.38822327
2026-06-27 05:00:00,64.1,65.5,64.1,65.0,870763.95653738,56576163.28572514
2026-06-27 05:15:00,65.1,65.3,64.7,65.2,635381.27184164,41275201.93615387
2026-06-27 05:30:00,65.2,65.8,64.7,65.2,1207416.83824542,78667453.38851947
2026-06-27 05:45:00,65.2,66.0,65.1,66.0,1370994.68115484,90063302.05687574
2026-06-27 06:00:00,66.0,67.0,65.5,66.5,2257380.2733712,149603973.11830536
2026-06-27 06:15:00,66.5,68.3,66.4,67.9,3921203.2111448,264639702.9406742
2026-06-27 06:30:00,67.9,68.1,65.7,66.7,3713858.46856266,249075260.91654742
2026-06-27 06:45:00,66.7,67.8,66.7,67.3,1972247.55770318,132794848.13648714
2026-06-27 07:00:00,67.4,67.4,64.9,65.7,3137980.3076047,206031804.2519062
2026-06-27 07:15:00,65.7,67.0,65.7,66.5,1649188.34003986,109448115.59758979
2026-06-27 07:30:00,66.5,66.6,65.6,65.9,1461984.99625757,96510082.61121169
2026-06-27 07:45:00,65.9,66.7,65.9,66.5,838731.51617451,55637078.00042836
2026-06-27 08:00:00,66.5,66.8,65.2,65.3,1173750.40099836,77480155.82686427
2026-06-27 08:15:00,65.3,66.1,64.9,65.5,1683225.2850905,110069400.54943205
2026-06-27 08:30:00,65.5,65.8,64.3,64.6,2039036.6289848,131839578.35475443
2026-06-27 08:45:00,64.3,64.5,63.4,64.1,2061948.51462629,131982758.62077889
2026-06-27 09:00:00,64.2,64.2,60.8,61.9,8495625.92212807,531035631.0789116
2026-06-27 09:15:00,61.9,64.2,61.7,63.7,8361445.43131352,527544233.0302863
2026-06-27 09:30:00,63.7,64.2,62.1,62.3,3932558.24040264,247955349.14433017
2026-06-27 09:45:00,62.3,63.2,61.3,61.7,2169090.5164929,135166386.70306718
2026-06-27 10:00:00,61.7,61.9,60.8,61.7,1987735.6231674,121974264.5341498
2026-06-27 10:15:00,61.6,62.2,61.2,62.2,616110.21377795,37992825.33294226
2026-06-27 10:30:00,62.0,62.1,61.1,61.2,1580604.37166459,97208484.83164768
2026-06-27 10:45:00,61.1,61.8,60.7,61.8,1709373.87209634,104753849.16304708
2026-06-27 11:00:00,61.7,62.1,61.4,62.1,384394.33178279,23781405.06419109
2026-06-27 11:15:00,62.3,63.1,62.0,62.0,1033791.23710638,64696806.57025972
2026-06-27 11:30:00,62.0,62.2,61.5,62.1,755205.93796576,46701243.93997064
2026-06-27 11:45:00,61.8,61.9,60.5,60.5,1520214.76589373,92824429.31666186
2026-06-27 12:00:00,60.6,60.8,59.7,59.8,2411112.71889264,145016971.83070853
2026-06-27 12:15:00,60.1,60.6,59.9,60.6,1124560.41680675,67730668.7958909
2026-06-27 12:30:00,60.6,60.6,59.7,59.9,1053203.80119075,63358359.47238807
2026-06-27 12:45:00,59.9,59.9,59.3,59.3,2434324.96706782,144956414.80499303
2026-06-27 13:00:00,59.5,59.5,58.9,59.1,1303792.49041149,77094401.92791744
2026-06-27 13:15:00,59.1,59.3,58.5,58.7,1601184.8130604,94176974.07645723
2026-06-27 13:30:00,58.7,59.1,58.5,59.0,1069636.79284991,62830383.00405318
2026-06-27 13:45:00,59.0,59.3,58.8,59.3,722736.72168366,42695735.28248555
2026-06-27 14:00:00,59.3,59.3,58.7,58.9,648958.00557004,38249842.50579008
2026-06-27 14:15:00,58.9,59.4,58.3,58.7,1588709.67842276,93212842.58861895
2026-06-27 14:30:00,58.6,58.9,58.4,58.7,176642.89470819,10357523.90395652
2026-06-27 14:45:00,58.7,59.1,58.7,58.8,889484.24478777,52360842.45875455
2026-06-27 15:00:00,58.6,58.6,57.9,57.9,941436.53110726,54699580.96341997
2026-06-27 15:15:00,57.9,58.3,57.8,58.1,485608.6058461,28193605.53111369
2026-06-27 15:30:00,58.0,58.9,58.0,58.5,1073954.70625933,62830355.71279002
2026-06-27 15:45:00,58.5,59.5,58.3,59.2,3241420.56607757,191133583.15605778
2026-06-27 16:00:00,59.2,61.0,59.2,60.3,5044955.67852812,303870717.0934664
2026-06-27 16:15:00,60.3,61.4,59.3,59.8,3370210.53295656,203080254.63419044
2026-06-27 16:30:00,59.8,61.1,59.7,60.3,1548758.14709078,93553356.06183153
2026-06-27 16:45:00,60.4,60.8,58.7,59.2,3192693.46205329,190618100.28057876
2026-06-27 17:00:00,59.2,59.2,58.0,58.8,1553787.10312379,91008572.27715157
2026-06-27 17:15:00,58.4,59.5,58.4,59.5,1618631.61579514,95551157.46194348
2026-06-27 17:30:00,59.5,59.5,58.9,59.2,580108.86660749,34358507.89245389
2026-06-27 17:45:00,59.2,59.3,57.5,58.0,3225191.02698237,188233329.9141589
2026-06-27 18:00:00,58.0,58.3,57.7,58.0,771885.38215462,44753087.05518146
2026-06-27 18:15:00,58.1,58.4,58.0,58.4,744303.13446605,43258376.54282967
2026-06-27 18:30:00,58.3,58.3,57.2,58.2,1508966.96308619,87007681.74762826
2026-06-27 18:45:00,58.1,58.4,58.0,58.3,306583.3447072,17824655.59508009
2026-06-27 19:00:00,58.3,58.3,58.0,58.1,336497.40637476,19557745.91669405
2026-06-27 19:15:00,58.1,58.2,57.6,57.6,723512.45094908,41833594.33812335
2026-06-27 19:30:00,57.6,58.0,57.6,58.0,126045.81621961,7280827.85825279
2026-06-27 19:45:00,58.0,58.0,57.5,57.7,457228.17410818,26370279.1209031
2026-06-27 20:00:00,57.7,58.3,57.6,58.0,1050143.38825378,60964531.54583114
2026-06-27 20:15:00,57.9,58.0,57.5,57.9,1004980.45597363,58008978.09709884
2026-06-27 20:30:00,58.0,58.1,57.7,58.0,406908.44144664,23564833.52953698
2026-06-27 20:45:00,57.8,58.3,57.7,58.2,330598.26767594,19173930.77699917
2026-06-27 21:00:00,58.3,58.3,57.9,57.9,161979.53860875,9409392.81946057
2026-06-27 21:15:00,57.9,58.3,57.9,58.1,897728.25360402,52192723.7901048
2026-06-27 21:30:00,58.2,58.6,58.1,58.3,1073945.2728103,62608779.35565909
2026-06-27 21:45:00,58.2,58.4,57.9,58.3,485038.49477894,28203850.42442244
2026-06-27 22:00:00,58.4,58.5,58.0,58.3,552320.43251266,32183883.64171679
2026-06-27 22:15:00,58.2,58.2,57.9,58.0,629751.40719668,36551831.38882698
2026-06-27 22:30:00,57.9,58.2,57.8,58.2,280244.86153521,16243682.28918518
2026-06-27 22:45:00,58.0,58.3,58.0,58.1,341603.75858376,19857881.87268797
2026-06-27 23:00:00,58.3,58.3,58.0,58.3,271844.95628033,15805927.86226581
2026-06-27 23:15:00,58.4,58.8,58.2,58.8,519705.26892857,30395744.87774128
2026-06-27 23:30:00,58.8,59.4,58.7,59.3,664317.72933558,39281512.64784204
2026-06-27 23:45:00,59.3,60.1,59.1,59.9,1018958.52544811,60794850.85909245
2026-06-28 00:00:00,59.9,60.4,59.5,60.1,665173.2188908,39935279.66834434
2026-06-28 00:15:00,60.0,60.0,59.3,59.7,921503.25222781,55052874.90509934
2026-06-28 00:30:00,59.8,59.8,59.0,59.1,230403.19565547,13681879.36190329
2026-06-28 00:45:00,59.1,59.1,58.7,58.7,417044.69010121,24593084.54481595
2026-06-28 01:00:00,58.7,59.0,58.4,58.8,101405.99493868,5954835.83329959
2026-06-28 01:15:00,58.7,59.0,58.5,59.0,166778.84574512,9793115.67002644
2026-06-28 01:30:00,58.8,58.8,58.6,58.6,18639.75404673,1093566.85631381
2026-06-28 01:45:00,58.6,58.6,58.6,58.6,154499.98855357,9053699.3292392
2026-06-28 02:00:00,58.7,58.7,58.1,58.2,193114.18757936,11270351.05772469
2026-06-28 02:15:00,58.2,58.3,57.9,58.2,731047.23740158,42388998.39076506
2026-06-28 02:30:00,58.2,58.2,58.2,58.2,126494.43251361,7361975.9722921
2026-06-28 02:45:00,58.6,58.6,58.3,58.6,9996.5289287,583613.92831777
2026-06-28 03:00:00,58.5,58.8,58.5,58.7,31735.55460493,1861690.20408674
2026-06-28 03:15:00,58.7,58.8,58.3,58.3,158427.35378668,9281069.69763915
2026-06-28 03:30:00,58.4,58.9,58.4,58.9,192512.34350865,11305737.69573963
2026-06-28 03:45:00,58.5,58.8,58.5,58.8,78059.21305595,4573680.60128621
2026-06-28 04:00:00,58.5,58.9,58.5,58.5,140744.35106267,8250693.061871
2026-06-28 04:15:00,58.9,59.1,58.1,58.1,116119.86607446,6779496.68673048
2026-06-28 04:30:00,58.0,58.3,57.8,58.3,119620.44285914,6937730.72169599
2026-06-28 04:45:00,58.3,58.3,58.0,58.0,73986.59357086,4312771.21189416
2026-06-28 05:00:00,58.2,59.1,58.2,59.1,15303.95294245,895771.38525668
2026-06-28 05:15:00,59.0,59.4,59.0,59.2,81875.72381108,4841790.96691584
2026-06-28 05:30:00,59.2,59.4,58.7,58.7,217805.719757,12861838.8485309
2026-06-28 05:45:00,58.7,58.7,58.2,58.2,72778.97923767,4258814.47146643
2026-06-28 06:00:00,58.5,59.1,58.3,59.0,266546.12306599,15656544.37538374
2026-06-28 06:15:00,58.9,59.1,58.9,58.9,46039.8105682,2712576.68915315
2026-06-28 06:30:00,58.8,59.0,58.1,58.2,661207.47896904,38730392.36227131
2026-06-28 06:45:00,58.4,58.4,57.7,57.7,419218.02256505,24300899.17281429
2026-06-28 07:00:00,57.9,58.1,57.8,58.0,245958.44779914,14249834.23060693
2026-06-28 07:15:00,58.0,58.0,57.6,57.6,544700.88395112,31526303.98879042
2026-06-28 07:30:00,58.2,58.3,58.2,58.3,13291.9691252,774912.79999916
2026-06-28 07:45:00,58.4,58.4,58.2,58.2,81085.41810622,4731515.08556413
2026-06-28 08:00:00,58.2,58.3,57.9,58.0,450838.69885287,26191619.85964629
2026-06-28 08:15:00,58.0,58.0,57.7,57.8,693537.49170192,40131761.86635908
2026-06-28 08:30:00,57.8,57.9,57.5,57.5,1340472.35672186,77162055.17682622
2026-06-28 08:45:00,57.6,57.7,57.5,57.6,619815.71520154,35708028.0109719
2026-06-28 09:00:00,57.5,58.5,55.7,58.3,7709927.4591419,439464933.11008614
2026-06-28 09:15:00,58.3,60.8,55.4,55.7,11357605.10003787,665625906.1920266
2026-06-28 09:30:00,55.7,56.7,55.7,56.3,2614885.53449126,147169249.7555789
2026-06-28 09:45:00,56.3,56.4,55.6,55.9,1366554.0966198,76472385.63470587
2026-06-28 10:00:00,55.9,56.2,55.9,56.1,515430.88556007,28869046.92250092
2026-06-28 10:15:00,56.1,56.4,56.1,56.3,240099.93756269,13479109.72087668
2026-06-28 10:30:00,56.1,56.1,55.6,56.1,391374.86075515,21859420.8924937
2026-06-28 10:45:00,56.1,56.3,55.9,56.3,250170.45957686,14015844.24039963
2026-06-28 11:00:00,56.3,56.4,56.0,56.4,108691.88662251,6115636.32608962
2026-06-28 11:15:00,56.4,56.7,55.8,56.1,783116.57322633,44116639.89795907
2026-06-28 11:30:00,56.1,56.3,56.0,56.3,44862.14313984,2516330.83694395
2026-06-28 11:45:00,56.2,56.2,55.9,56.0,139349.14766507,7810627.68803618
2026-06-28 12:00:00,56.0,56.2,55.7,56.2,236724.46521357,13238388.60893651
2026-06-28 12:15:00,56.0,56.2,56.0,56.2,15152.66991568,848799.26108388
2026-06-28 12:30:00,56.2,56.2,55.5,55.9,858524.84846716,47884541.22229298
2026-06-28 12:45:00,55.8,56.2,55.8,56.2,136749.52046622,7636636.49598726
2026-06-28 13:00:00,56.0,56.1,55.8,55.8,72033.78718216,4026338.90170051
2026-06-28 13:15:00,55.8,56.0,55.8,56.0,40559.1797849,2267257.33596939
2026-06-28 13:30:00,56.0,56.0,55.7,56.0,436126.95941769,24334472.16795196
2026-06-28 13:45:00,56.0,56.0,55.5,56.0,491954.357442,27396845.21448887
2026-06-28 14:00:00,56.0,56.0,54.5,55.2,601346.75175523,33181117.39985766
2026-06-28 14:15:00,55.0,55.1,54.6,54.7,324681.20585854,17769171.12050321
2026-06-28 14:30:00,54.8,55.1,54.7,55.1,18585.72076421,1019199.59750054
2026-06-28 14:45:00,55.1,55.1,54.9,54.9,116923.67216992,6426757.06054794
2026-06-28 15:00:00,54.8,55.0,54.7,54.9,91053.08880369,4998337.09575146
2026-06-28 15:15:00,54.9,55.1,54.8,55.1,150695.61458606,8290092.17665577
2026-06-28 15:30:00,55.0,55.1,54.9,54.9,164897.9055362,9060650.89055718
2026-06-28 15:45:00,54.9,55.1,54.9,55.1,68910.48646603,3786029.04857066
2026-06-28 16:00:00,55.2,55.7,55.2,55.5,181208.1777377,10041636.29954189
2026-06-28 16:15:00,55.5,55.5,55.1,55.4,176999.31303476,9767458.98417356
2026-06-28 16:30:00,55.5,55.5,55.2,55.5,6693.70651949,369870.97825423
2026-06-28 16:45:00,55.4,55.4,55.4,55.4,10823.46425576,599619.9197691
2026-06-28 17:00:00,55.2,55.4,55.2,55.4,12654.88404669,698621.80154335
2026-06-28 17:15:00,55.3,55.4,55.2,55.4,129095.73300001,7145302.38443346
2026-06-28 17:30:00,55.3,55.7,55.3,55.6,178806.5104799,9936846.51051281
2026-06-28 17:45:00,55.9,56.1,55.8,56.1,77016.78312844,4311703.27431591
2026-06-28 18:00:00,56.0,56.2,56.0,56.2,3630.30494444,203428.53073467
2026-06-28 18:15:00,56.2,56.2,55.9,56.0,936378.60364073,52508153.83565333
2026-06-28 18:30:00,56.0,56.5,56.0,56.5,236927.46965103,13302875.42062708
2026-06-28 18:45:00,56.2,56.4,55.8,55.8,168818.9715779,9483612.19602828
2026-06-28 19:00:00,55.7,56.2,55.7,56.0,243931.56969756,13628073.12760959
2026-06-28 19:15:00,55.9,56.0,55.7,55.9,141400.24975454,7878480.95878323
2026-06-28 19:30:00,55.6,55.8,55.5,55.6,126845.29279223,7075990.67581208
2026-06-28 19:45:00,55.9,55.9,55.8,55.8,286.23863637,15990.0049971
2026-06-28 20:00:00,55.7,56.0,55.6,56.0,511314.27384413,28561727.44071922
2026-06-28 20:15:00,56.3,56.9,56.0,56.2,883424.98198295,49838597.41260083
2026-06-28 20:30:00,56.1,56.2,55.5,56.0,691984.09897783,38547912.25712359
2026-06-28 20:45:00,56.0,56.2,55.9,56.0,426006.88667851,23884229.75748472
2026-06-28 21:00:00,56.0,56.1,55.7,55.8,402132.51565336,22450499.7766377
2026-06-28 21:15:00,56.0,56.0,55.5,55.8,214308.06571405,11907797.34029187
2026-06-28 21:30:00,56.1,56.1,55.6,55.7,164643.2597949,9194732.00177256
2026-06-28 21:45:00,55.7,55.8,55.4,55.4,178499.21547889,9943717.39445328
2026-06-28 22:00:00,55.4,55.8,55.0,55.8,619464.0816973,34339742.323452
2026-06-28 22:15:00,55.8,55.8,55.6,55.8,339628.84048713,18925773.05910056
2026-06-28 22:30:00,55.7,55.7,55.6,55.6,108819.07371746,6061063.15739814
