,open,high,low,close,volume,value
2026-05-15 23:45:00,116.0,116.0,115.0,115.0,100804.71927779,11691371.5446311
2026-05-16 00:00:00,116.0,116.0,116.0,116.0,86.95652173,10086.95652068
2026-05-16 00:15:00,116.0,116.0,115.0,116.0,101664.69144337,11723080.09865818
2026-05-16 00:30:00,116.0,116.0,115.0,116.0,114527.85381159,13276086.7606522
2026-05-16 00:45:00,115.0,116.0,115.0,116.0,4465.59652447,514158.84169335
2026-05-16 01:00:00,116.0,116.0,115.0,116.0,51357.49190734,5930786.82389138
2026-05-16 01:15:00,116.0,116.0,115.0,116.0,9067.3023488,1050945.00349528
2026-05-16 01:45:00,116.0,117.0,116.0,117.0,11968.95205388,1400323.39030396
2026-05-16 02:00:00,117.0,117.0,117.0,117.0,29807.96242006,3487531.60314702
2026-05-16 02:15:00,117.0,117.0,117.0,117.0,94317.04003401,11035093.68397917
2026-05-16 02:30:00,117.0,118.0,117.0,118.0,949.64887048,111152.49775112
2026-05-16 02:45:00,118.0,118.0,118.0,118.0,126.05042016,14873.94957888
2026-05-16 03:15:00,117.0,117.0,117.0,117.0,28252.64102564,3305558.99999988
2026-05-16 03:30:00,117.0,117.0,117.0,117.0,2808.7,328617.9
2026-05-16 03:45:00,117.0,117.0,117.0,117.0,109114.01182582,12766339.38362094
2026-05-16 04:00:00,117.0,117.0,117.0,117.0,68016.05042072,7957877.89922424
2026-05-16 04:15:00,117.0,117.0,117.0,117.0,35816.27989424,4190504.74762608
2026-05-16 04:45:00,117.0,117.0,116.0,116.0,57602.53413408,6727399.71949382
2026-05-16 05:15:00,117.0,117.0,117.0,117.0,831.64393465,97302.34035405
2026-05-16 05:30:00,117.0,117.0,117.0,117.0,6412.39316239,750249.99999963
2026-05-16 05:45:00,116.0,117.0,116.0,116.0,26141.02564102,3032508.97435832
2026-05-16 06:15:00,116.0,117.0,116.0,117.0,71557.16971952,8300717.15754979
2026-05-16 06:30:00,116.0,116.0,116.0,116.0,26318.00505997,3052888.58695652
2026-05-16 06:45:00,117.0,117.0,117.0,117.0,51528.55196333,6028840.57970961
2026-05-16 07:00:00,117.0,117.0,117.0,117.0,51.28205128,5999.99999976
2026-05-16 07:15:00,117.0,117.0,116.0,116.0,288.62143678,33684.91100644
2026-05-16 07:30:00,116.0,117.0,116.0,117.0,578.22275126,67167.85624017
2026-05-16 07:45:00,117.0,117.0,117.0,117.0,4273.5042735,499999.9999995
2026-05-16 08:00:00,117.0,117.0,117.0,117.0,14615.38461538,1709999.99999946
2026-05-16 08:30:00,117.0,117.0,117.0,117.0,15169.58449833,1774841.38630461
2026-05-16 08:45:00,117.0,117.0,116.0,116.0,14158.03225184,1648865.9916096
2026-05-16 09:00:00,116.0,116.0,116.0,116.0,2429.55494511,281828.37363276
2026-05-16 09:15:00,116.0,117.0,116.0,117.0,47253.89987971,5528450.75778782
2026-05-16 09:30:00,117.0,118.0,117.0,118.0,196945.38524525,23054899.65264262
2026-05-16 09:45:00,118.0,118.0,117.0,118.0,27191.16237853,3208159.46897638
2026-05-16 10:00:00,118.0,118.0,117.0,118.0,1708.11141462,200029.21472177
2026-05-16 10:15:00,117.0,118.0,117.0,118.0,16897.58781907,1993775.35414452
2026-05-16 10:30:00,118.0,118.0,117.0,117.0,40230.02936367,4746998.12201971
2026-05-16 10:45:00,117.0,118.0,117.0,118.0,5626.96537781,658471.50596564
2026-05-16 11:00:00,118.0,118.0,118.0,118.0,3357.45686478,396179.91004404
2026-05-16 11:15:00,117.0,117.0,117.0,117.0,34318.65344599,4015282.45318083
2026-05-16 11:30:00,117.0,117.0,117.0,117.0,66866.14509233,7823338.97580261
2026-05-16 11:45:00,117.0,117.0,117.0,117.0,3505.01031536,410086.20689712
2026-05-16 12:15:00,117.0,118.0,117.0,118.0,228.09370232,26819.20469686
2026-05-16 12:30:00,117.0,117.0,117.0,117.0,4771.28859813,558240.76598121
2026-05-16 12:45:00,118.0,118.0,117.0,117.0,68747.72206803,8043530.93281035
2026-05-16 13:00:00,117.0,117.0,117.0,117.0,72022.64028143,8426648.91292731
2026-05-16 13:15:00,117.0,118.0,117.0,118.0,184453.5094788,21581403.6090196
2026-05-16 13:30:00,117.0,117.0,116.0,117.0,74332.17883335,8693675.14232417
2026-05-16 14:00:00,116.0,116.0,116.0,116.0,6177.69827071,716612.99940236
2026-05-16 14:30:00,117.0,117.0,117.0,117.0,822.64102564,96248.99999988
2026-05-16 14:45:00,116.0,116.0,116.0,116.0,93747.15265325,10874669.707777
2026-05-16 15:00:00,116.0,117.0,116.0,116.0,123241.51904701,14296316.20945316
2026-05-16 15:15:00,116.0,116.0,115.0,115.0,166636.8567419,19188395.25520604
2026-05-16 15:30:00,115.0,116.0,115.0,116.0,73328.51324787,8433889.02350505
2026-05-16 15:45:00,115.0,115.0,115.0,115.0,66241.45503024,7617767.3284776
2026-05-16 16:00:00,115.0,115.0,114.0,114.0,139425.94632785,15928853.19783568
2026-05-16 16:15:00,114.0,114.0,112.0,113.0,335500.50195113,38002439.68462407
2026-05-16 16:30:00,114.0,114.0,114.0,114.0,77466.56112276,8831187.96799464
2026-05-16 16:45:00,114.0,114.0,113.0,113.0,72111.82059312,8186603.67507425
2026-05-16 17:00:00,114.0,114.0,113.0,114.0,43565.50363368,4939764.72321216
2026-05-16 17:15:00,115.0,115.0,114.0,114.0,23468.81348322,2675620.17568357
2026-05-16 17:30:00,114.0,114.0,114.0,114.0,27609.68215775,3147503.7659835
2026-05-16 17:45:00,115.0,115.0,115.0,115.0,51632.35556134,5937720.8895541
2026-05-16 18:00:00,114.0,115.0,114.0,115.0,241635.00557568,27650537.67531201
2026-05-16 18:15:00,114.0,114.0,112.0,112.0,202251.89892976,22930742.45932741
2026-05-16 18:30:00,112.0,114.0,112.0,113.0,187179.91340051,21157335.29539363
2026-05-16 18:45:00,114.0,114.0,113.0,113.0,51051.42775963,5772786.99813035
2026-05-16 19:00:00,113.0,113.0,112.0,113.0,172651.70478518,19410485.75598926
2026-05-16 19:15:00,112.0,112.0,112.0,112.0,14332.25197389,1605212.22107568
2026-05-16 19:30:00,112.0,114.0,112.0,114.0,162641.14022008,18361141.87064065
2026-05-16 19:45:00,114.0,115.0,114.0,114.0,14784.06899048,1685427.4546583
2026-05-16 20:00:00,114.0,115.0,114.0,115.0,87.57821089,10027.49425235
2026-05-16 20:15:00,115.0,115.0,114.0,114.0,11733.43408906,1337965.43091958
2026-05-16 20:30:00,114.0,114.0,114.0,114.0,5038.98663103,574444.47593742
2026-05-16 20:45:00,114.0,114.0,114.0,114.0,2334.67376306,266152.80898884
2026-05-16 21:00:00,114.0,114.0,113.0,114.0,21887.81719177,2495089.88834453
2026-05-16 21:15:00,114.0,114.0,113.0,113.0,6860.05606577,779021.56609801
2026-05-16 21:30:00,114.0,114.0,114.0,114.0,84937.55222886,9682880.95409004
2026-05-16 21:45:00,114.0,114.0,113.0,114.0,59981.69364399,6827828.97173576
2026-05-16 22:00:00,114.0,115.0,114.0,115.0,62905.0153173,7175617.83617066
2026-05-16 22:15:00,114.0,114.0,114.0,114.0,85572.20899285,9755231.8251849
2026-05-16 22:30:00,114.0,115.0,114.0,115.0,5561.00377744,638717.37758466
2026-05-16 22:45:00,114.0,114.0,114.0,114.0,53.72585601,6124.74758514
2026-05-16 23:00:00,114.0,114.0,114.0,114.0,82479.81718031,9402699.15855534
2026-05-16 23:15:00,114.0,114.0,114.0,114.0,7323.60058602,834890.46680628
2026-05-16 23:30:00,114.0,114.0,114.0,114.0,1315.67607373,149987.07240522
2026-05-16 23:45:00,115.0,116.0,115.0,115.0,161000.64258508,18520141.42386573
2026-05-17 00:00:00,116.0,116.0,116.0,116.0,29221.93213736,3389744.12793376
2026-05-17 00:15:00,116.0,116.0,116.0,116.0,193.11206896,22400.99999936
2026-05-17 00:30:00,116.0,116.0,116.0,116.0,28854.07058466,3347072.18782056
2026-05-17 00:45:00,116.0,117.0,116.0,116.0,13007.50542676,1514874.17474008
2026-05-17 01:30:00,116.0,116.0,116.0,116.0,69644.41463478,8078752.09763448
2026-05-17 02:00:00,117.0,117.0,117.0,117.0,9013.04903104,1054526.73663168
2026-05-17 02:15:00,117.0,117.0,117.0,117.0,854.27371784,99950.02498728
2026-05-17 03:30:00,116.0,116.0,116.0,116.0,862.06896552,100000.00000032
2026-05-17 03:45:00,116.0,116.0,116.0,116.0,7514.60552909,871694.24137444
2026-05-17 04:00:00,117.0,117.0,117.0,117.0,17456.32281971,2042389.76990607
2026-05-17 04:30:00,117.0,117.0,117.0,117.0,1885.36752136,220587.99999912
2026-05-17 05:00:00,117.0,117.0,117.0,117.0,4102.56410256,479999.99999952
2026-05-17 05:15:00,117.0,117.0,116.0,116.0,5408.33536906,630030.86440921
2026-05-17 06:15:00,116.0,116.0,116.0,116.0,258.62068966,30000.00000056
2026-05-17 06:30:00,117.0,118.0,117.0,118.0,297485.60181318,34824531.83359235
2026-05-17 06:45:00,118.0,118.0,118.0,118.0,11993.25292819,1415203.84552642
2026-05-17 07:00:00,117.0,117.0,117.0,117.0,58423.27546954,6835523.22993618
2026-05-17 07:30:00,117.0,117.0,117.0,117.0,11865.33004684,1388243.61548028
2026-05-17 07:45:00,118.0,118.0,117.0,117.0,54410.81638557,6420431.88905281
2026-05-17 08:00:00,118.0,118.0,118.0,118.0,3616.92296421,426796.90977678
2026-05-17 08:15:00,118.0,118.0,118.0,118.0,93709.60215091,11057733.05380738
2026-05-17 08:30:00,118.0,118.0,117.0,117.0,151189.75393687,17840215.52595417
2026-05-17 09:00:00,118.0,119.0,118.0,118.0,230402.67777181,27339507.13652901
2026-05-17 09:15:00,119.0,120.0,119.0,119.0,162614.58771437,19357624.65592731
2026-05-17 09:30:00,119.0,119.0,117.0,118.0,95598.28589364,11280046.61102681
2026-05-17 09:45:00,118.0,118.0,117.0,118.0,32187.35790073,3797680.88185878
2026-05-17 10:00:00,118.0,119.0,118.0,119.0,136090.88874608,16089881.54872008
2026-05-17 10:15:00,119.0,119.0,119.0,119.0,328796.37550968,39126768.68565192
2026-05-17 10:30:00,119.0,119.0,117.0,117.0,522591.90638506,61577569.84016612
2026-05-17 10:45:00,118.0,118.0,117.0,118.0,919.26676492,108300.75347888
2026-05-17 11:00:00,118.0,119.0,117.0,117.0,16870.89412001,1990276.6614658
2026-05-17 11:15:00,117.0,118.0,117.0,118.0,15808.64683401,1865299.05489592
2026-05-17 11:30:00,118.0,119.0,118.0,118.0,608529.26574654,71808860.7286599
2026-05-17 11:45:00,118.0,119.0,118.0,119.0,24704.63373792,2915238.62966664
2026-05-17 12:00:00,118.0,118.0,118.0,118.0,840.33613446,99159.66386628
2026-05-17 12:15:00,119.0,119.0,118.0,118.0,4210.10814502,497719.60144849
2026-05-17 12:30:00,118.0,120.0,118.0,120.0,70817.95213814,8427415.48112381
2026-05-17 12:45:00,120.0,120.0,119.0,120.0,329.08545725,39292.13726214
2026-05-17 13:00:00,120.0,120.0,119.0,119.0,57381.31126145,6847942.84004588
2026-05-17 13:15:00,120.0,120.0,119.0,120.0,10155.69289163,1214432.03564652
2026-05-17 13:30:00,120.0,120.0,120.0,120.0,72055.84516074,8646701.4192888
2026-05-17 13:45:00,120.0,120.0,120.0,120.0,33246.50174911,3989580.2098932
2026-05-17 14:00:00,120.0,120.0,119.0,120.0,11315.00590282,1357490.85819102
2026-05-17 14:15:00,119.0,120.0,119.0,119.0,98133.08698381,11774751.18372039
2026-05-17 14:30:00,119.0,120.0,119.0,120.0,93950.63899672,11180176.04060968
2026-05-17 14:45:00,119.0,119.0,119.0,119.0,8251.41566755,981918.46443845
2026-05-17 15:00:00,119.0,119.0,119.0,119.0,15527.57948335,1847781.95851865
2026-05-17 15:15:00,119.0,120.0,119.0,120.0,4576.87213816,546703.64817583
2026-05-17 15:30:00,120.0,120.0,119.0,120.0,79503.64605538,9477735.8960075
2026-05-17 15:45:00,119.0,119.0,119.0,119.0,28539.49383586,3396199.76646734
2026-05-17 16:00:00,119.0,120.0,119.0,119.0,6928.1698894,824497.2859707
2026-05-17 16:30:00,120.0,120.0,119.0,119.0,98253.45457912,11692329.16214217
2026-05-17 16:45:00,119.0,119.0,119.0,119.0,84.05042016,10001.99999904
2026-05-17 17:00:00,119.0,120.0,119.0,120.0,8673.77683558,1032318.89999826
2026-05-17 17:15:00,120.0,120.0,119.0,119.0,2540.84306166,304859.07496222
2026-05-17 17:45:00,119.0,119.0,119.0,119.0,492.9562366,58661.7921554
2026-05-17 18:00:00,119.0,120.0,119.0,120.0,3706.08862234,444685.5655487
2026-05-17 18:15:00,120.0,120.0,119.0,120.0,138916.43839523,16669685.87064613
2026-05-17 18:45:00,120.0,121.0,119.0,121.0,178486.43866726,21586985.21947085
2026-05-17 19:00:00,121.0,121.0,120.0,121.0,54202.50092989,6557164.46488805
2026-05-17 19:15:00,121.0,121.0,120.0,121.0,577.37126476,69573.03399289
2026-05-17 19:30:00,120.0,121.0,120.0,121.0,17984.93737304,2158235.90107317
2026-05-17 19:45:00,120.0,120.0,119.0,119.0,115316.37084995,13835571.54789805
2026-05-17 20:00:00,119.0,120.0,119.0,120.0,1524.41040453,181992.53329979
2026-05-17 20:15:00,119.0,119.0,118.0,119.0,53411.48666538,6354116.34953845
2026-05-17 20:30:00,119.0,119.0,118.0,119.0,419.02050988,49739.37814902
2026-05-17 20:45:00,118.0,119.0,118.0,119.0,127.25541345,15058.34457496
2026-05-17 21:00:00,118.0,118.0,118.0,118.0,42.44067797,5008.00000046
2026-05-17 21:15:00,118.0,120.0,118.0,119.0,213189.82425108,25361307.48374774
2026-05-17 21:30:00,119.0,121.0,119.0,120.0,288247.36713924,34577769.9831323
2026-05-17 21:45:00,120.0,122.0,120.0,121.0,50254.26571196,6128516.9535057
2026-05-17 22:00:00,121.0,121.0,120.0,121.0,11795.75874447,1426780.8890223
2026-05-17 22:15:00,121.0,122.0,120.0,121.0,322719.44185591,38998199.3085826
2026-05-17 22:30:00,120.0,121.0,120.0,121.0,107048.38056081,12927700.1520858
2026-05-17 22:45:00,122.0,122.0,121.0,122.0,35104.81532141,4269206.58926527
2026-05-17 23:00:00,122.0,122.0,120.0,120.0,367663.05498285,44175778.88225281
2026-05-17 23:15:00,120.0,120.0,119.0,120.0,449051.79597687,53769519.45296734
2026-05-17 23:30:00,120.0,120.0,120.0,120.0,57850.69638757,6942083.5665084
2026-05-17 23:45:00,120.0,121.0,120.0,121.0,58887.59068791,7119443.91085564
2026-05-18 00:00:00,121.0,122.0,120.0,121.0,41083.04048731,4973397.53905393
2026-05-18 00:15:00,121.0,123.0,121.0,122.0,358102.60728993,43420939.93065804
2026-05-18 00:30:00,122.0,123.0,122.0,122.0,161419.45325946,19706237.28444526
2026-05-18 00:45:00,121.0,123.0,121.0,122.0,118130.86500253,14434875.6621545
2026-05-18 01:00:00,123.0,123.0,122.0,122.0,88903.50363188,10866022.49678201
2026-05-18 01:15:00,122.0,122.0,121.0,122.0,28263.3964574,3435892.87292984
2026-05-18 01:30:00,121.0,122.0,121.0,122.0,87201.35725157,10610603.6584791
2026-05-18 01:45:00,123.0,123.0,121.0,121.0,706.50406501,86287.39837023
2026-05-18 02:00:00,122.0,122.0,121.0,121.0,97.59016392,11857.20491628
2026-05-18 02:15:00,122.0,122.0,121.0,122.0,10028.63562891,1220976.19552433
2026-05-18 02:30:00,122.0,122.0,120.0,121.0,38580.19701032,4659827.57579102
2026-05-18 03:15:00,120.0,120.0,120.0,120.0,10184.13618394,1222096.3420728
2026-05-18 03:30:00,121.0,122.0,120.0,122.0,39250.32452368,4769139.56791173
2026-05-18 03:45:00,122.0,122.0,122.0,122.0,65727.26905969,8018726.82528218
2026-05-18 04:00:00,123.0,123.0,122.0,122.0,62720.60755941,7700300.19547093
2026-05-18 04:15:00,122.0,122.0,121.0,121.0,165220.89359312,20085326.88823286
2026-05-18 04:30:00,121.0,121.0,121.0,121.0,29639.50308276,3586379.87301396
2026-05-18 04:45:00,121.0,121.0,121.0,121.0,90862.5702595,10994371.0013995
2026-05-18 05:00:00,122.0,122.0,122.0,122.0,163.93442622,19999.99999884
2026-05-18 05:15:00,122.0,122.0,121.0,121.0,12394.25526396,1500243.84592989
2026-05-18 05:30:00,122.0,122.0,121.0,121.0,5754.77378652,697745.57898858
2026-05-18 05:45:00,122.0,122.0,120.0,121.0,128552.26281404,15543912.28172156
2026-05-18 06:00:00,121.0,121.0,120.0,120.0,25353.44293073,3049430.6516876
2026-05-18 06:15:00,120.0,120.0,120.0,120.0,131563.56006693,15787627.2080316
2026-05-18 06:30:00,120.0,121.0,120.0,121.0,17107.88657012,2052989.98645009
2026-05-18 06:45:00,121.0,121.0,121.0,121.0,25430.26295805,3077061.81792405
2026-05-18 07:00:00,120.0,121.0,120.0,121.0,9930.91552823,1191875.15264379
2026-05-18 07:15:00,121.0,121.0,120.0,121.0,187457.12731732,22654611.44640001
2026-05-18 07:30:00,121.0,121.0,119.0,119.0,201382.67517244,24169343.51425996
2026-05-18 07:45:00,120.0,120.0,120.0,120.0,3664.8075,439776.9
2026-05-18 08:00:00,120.0,120.0,118.0,118.0,297999.14660422,35462006.00522421
2026-05-18 08:15:00,118.0,118.0,118.0,118.0,10488.79608249,1237677.93773382
2026-05-18 08:30:00,118.0,119.0,115.0,117.0,400269.39987385,46745268.20073911
2026-05-18 08:45:00,117.0,117.0,116.0,117.0,156467.1997253,18240965.46501477
2026-05-18 09:00:00,118.0,118.0,115.0,115.0,199633.79574865,23059787.2360113
2026-05-18 09:15:00,116.0,116.0,115.0,116.0,228140.5139303,26389076.47596343
2026-05-18 09:30:00,116.0,116.0,115.0,115.0,119390.6381579,13735760.48083089
2026-05-18 09:45:00,115.0,116.0,115.0,116.0,73936.09072113,8502950.43292995
2026-05-18 10:00:00,116.0,116.0,115.0,116.0,140433.62260969,16290256.73576751
2026-05-18 10:15:00,116.0,116.0,115.0,115.0,6716.53322477,772659.9415382
2026-05-18 10:30:00,115.0,116.0,115.0,115.0,68717.96158924,7902609.16442004
2026-05-18 10:45:00,115.0,116.0,115.0,116.0,132765.53936582,15400715.04469598
2026-05-18 11:00:00,117.0,118.0,116.0,118.0,169312.11149565,19810406.09320844
2026-05-18 11:15:00,118.0,118.0,117.0,118.0,155997.20403472,18406827.07609696
2026-05-18 11:30:00,118.0,119.0,118.0,119.0,57182.39459323,6751803.43338712
2026-05-18 11:45:00,118.0,118.0,117.0,118.0,258376.50235528,30234724.4078533
2026-05-18 12:00:00,117.0,118.0,117.0,118.0,2749.43965308,321805.53869516
2026-05-18 12:30:00,117.0,118.0,117.0,118.0,57788.34965899,6761286.20671199
2026-05-18 12:45:00,117.0,117.0,117.0,117.0,25702.7820825,3007225.5036525
2026-05-18 13:00:00,117.0,117.0,117.0,117.0,4729.47629599,553348.72663083
2026-05-18 13:15:00,117.0,117.0,117.0,117.0,11705.78009561,1369576.27118637
2026-05-18 13:30:00,117.0,117.0,117.0,117.0,10218.38008458,1195550.46989586
2026-05-18 13:45:00,118.0,118.0,118.0,118.0,6560.20146924,774103.77337032
2026-05-18 14:00:00,118.0,119.0,118.0,119.0,128799.63304354,15198400.28238811
2026-05-18 14:15:00,119.0,119.0,119.0,119.0,5199.82025791,618778.61069129
2026-05-18 14:30:00,118.0,118.0,118.0,118.0,171387.15701636,20223684.52793048
2026-05-18 14:45:00,118.0,118.0,117.0,117.0,24644.55389758,2908014.56504264
2026-05-18 15:00:00,117.0,117.0,117.0,117.0,62416.65965671,7302749.17983507
2026-05-18 15:30:00,116.0,117.0,116.0,116.0,17022.97238985,1974708.38226768
2026-05-18 15:45:00,116.0,117.0,116.0,116.0,1541.34126718,179010.10366616
2026-05-18 16:00:00,116.0,117.0,115.0,116.0,14248.91599248,1638950.6855317
2026-05-18 16:15:00,115.0,116.0,115.0,115.0,110979.28758285,12762768.07202775
2026-05-18 16:30:00,116.0,116.0,115.0,115.0,106443.57179303,12268626.29434489
2026-05-18 16:45:00,115.0,116.0,115.0,115.0,2431.98835233,279722.24217539
2026-05-18 17:00:00,115.0,115.0,115.0,115.0,8260.69172848,949979.5487752
2026-05-18 17:15:00,115.0,115.0,115.0,115.0,52235.47701263,6007079.85645245
2026-05-18 17:30:00,115.0,115.0,114.0,115.0,381156.2546459,43832315.2842785
2026-05-18 18:00:00,115.0,116.0,115.0,115.0,55082.08963657,6355038.12998431
2026-05-18 18:15:00,114.0,115.0,114.0,115.0,5348.28911989,610759.132581
2026-05-18 18:30:00,114.0,115.0,114.0,115.0,117008.48005737,13455031.3118607
2026-05-18 18:45:00,115.0,115.0,114.0,114.0,60874.16090896,6958565.33213661
2026-05-18 19:00:00,115.0,115.0,114.0,114.0,57682.82188191,6632735.04273543
2026-05-18 19:15:00,114.0,114.0,114.0,114.0,8378.86383574,955190.47727436
2026-05-18 19:30:00,114.0,114.0,114.0,114.0,1312.48912129,149623.75982706
2026-05-18 19:45:00,114.0,114.0,114.0,114.0,80817.06471787,9213145.37783718
2026-05-18 20:00:00,114.0,114.0,113.0,114.0,29066.94046856,3304683.32056633
2026-05-18 20:15:00,114.0,114.0,114.0,114.0,22346.18590976,2547465.19371264
2026-05-18 20:30:00,115.0,116.0,114.0,116.0,58401.14868064,6721285.21137221
2026-05-18 20:45:00,116.0,116.0,115.0,115.0,9081.77504493,1044547.24223591
2026-05-18 21:00:00,115.0,116.0,115.0,116.0,181910.19749176,21101182.90904416
2026-05-18 21:15:00,116.0,116.0,116.0,116.0,6289.20689654,729547.99999864
2026-05-18 21:30:00,116.0,117.0,116.0,116.0,46942.11243993,5462452.74123405
2026-05-18 21:45:00,116.0,117.0,116.0,116.0,7557.5678037,876721.45027428
2026-05-18 22:00:00,116.0,116.0,116.0,116.0,219444.74482757,25455590.39999812
2026-05-18 22:15:00,116.0,116.0,115.0,116.0,52541.92023985,6063789.89999652
2026-05-18 22:30:00,116.0,116.0,115.0,115.0,38821.74719707,4474022.0507222
2026-05-18 23:00:00,115.0,116.0,115.0,115.0,775.77549157,89667.69615254
2026-05-18 23:15:00,115.0,116.0,115.0,116.0,5543.57404577,638503.38114957
2026-05-18 23:30:00,115.0,115.0,115.0,115.0,60415.32522882,6947762.4013143
2026-05-18 23:45:00,115.0,115.0,115.0,115.0,60743.58434816,6985512.2000384
2026-05-19 00:00:00,115.0,115.0,115.0,115.0,32751.534599,3766426.478885
2026-05-19 00:30:00,116.0,116.0,116.0,116.0,2529.9911414,293478.9724024
2026-05-19 00:45:00,115.0,116.0,115.0,116.0,6474.0431578,746167.463147
2026-05-19 01:00:00,116.0,116.0,115.0,116.0,102118.32751252,11828558.29325015
2026-05-19 01:15:00,115.0,115.0,115.0,115.0,63612.41661777,7315427.91104355
2026-05-19 01:30:00,115.0,115.0,115.0,115.0,57284.38771928,6587704.5877172
2026-05-19 01:45:00,115.0,115.0,115.0,115.0,9997.18401668,1149676.1619182
2026-05-19 02:00:00,116.0,116.0,116.0,116.0,103405.19395474,11995002.49874984
2026-05-19 03:00:00,116.0,116.0,115.0,115.0,19881.34689654,2287225.58275727
2026-05-19 03:15:00,115.0,115.0,115.0,115.0,17283.86521739,1987644.49999985
2026-05-19 03:30:00,115.0,115.0,115.0,115.0,141349.73699653,16255219.75460095
2026-05-19 03:45:00,115.0,116.0,115.0,115.0,124387.71895973,14305037.68036895
2026-05-19 04:00:00,114.0,116.0,114.0,116.0,37508.34044451,4350142.5700157
2026-05-19 04:15:00,116.0,116.0,116.0,116.0,1000.0,116000.0
2026-05-19 04:30:00,116.0,117.0,116.0,117.0,1646.67668424,191164.49537184
2026-05-19 04:45:00,117.0,117.0,117.0,117.0,450.0,52650.0
2026-05-19 05:00:00,117.0,117.0,117.0,117.0,65445.18712779,7657086.89395143
2026-05-19 05:15:00,117.0,117.0,117.0,117.0,6985.01641259,817246.92027303
2026-05-19 05:45:00,117.0,118.0,117.0,117.0,44280.153691,5180927.981847
2026-05-19 06:00:00,117.0,117.0,117.0,117.0,77607.651119,9080095.180923
2026-05-19 06:15:00,117.0,117.0,117.0,117.0,3441.45299146,402650.00000082
2026-05-19 06:30:00,117.0,117.0,117.0,117.0,200000.0,23400000.0
2026-05-19 06:45:00,118.0,118.0,118.0,118.0,3707.36228812,437468.74999816
2026-05-19 07:15:00,118.0,118.0,117.0,117.0,11282.05128206,1330000.00000102
2026-05-19 07:30:00,117.0,118.0,117.0,118.0,47865.32662481,5648064.54172758
2026-05-19 08:00:00,118.0,118.0,118.0,118.0,10169.49152542,1199999.99999956
2026-05-19 08:15:00,118.0,118.0,118.0,118.0,4237.28813559,499999.99999962
2026-05-19 08:30:00,118.0,118.0,118.0,118.0,35775.70536765,4221533.2333827
2026-05-19 09:00:00,117.0,117.0,117.0,117.0,8718.96581917,1020119.00084289
2026-05-19 09:15:00,118.0,118.0,118.0,118.0,3856.2655113,455039.3303334
2026-05-19 09:30:00,118.0,119.0,118.0,118.0,113959.40076383,13497629.45819916
2026-05-19 09:45:00,118.0,119.0,117.0,118.0,29511.84230847,3481932.31171558
2026-05-19 10:00:00,118.0,118.0,118.0,118.0,18529.04873086,2186427.75024148
2026-05-19 10:15:00,118.0,118.0,117.0,117.0,249847.80563811,29468452.04691704
2026-05-19 10:30:00,117.0,117.0,117.0,117.0,175785.61527759,20566916.98747803
2026-05-19 10:45:00,117.0,117.0,117.0,117.0,89020.52214849,10415401.09137333
2026-05-19 11:00:00,117.0,117.0,116.0,117.0,28857.18678397,3375837.75697114
2026-05-19 11:15:00,117.0,117.0,116.0,117.0,205160.90988409,24003783.30126611
2026-05-19 11:30:00,117.0,117.0,117.0,117.0,8334.24742278,975106.94846526
2026-05-19 11:45:00,116.0,117.0,116.0,116.0,25042.0511539,2909267.65352247
2026-05-19 12:00:00,116.0,116.0,116.0,116.0,800.0,92800.0
2026-05-19 12:15:00,117.0,117.0,117.0,117.0,18616.97460764,2178186.02909388
2026-05-19 12:30:00,117.0,117.0,117.0,117.0,6808.84000692,796634.28080964
2026-05-19 13:00:00,117.0,117.0,117.0,117.0,54326.41025219,6356189.99950623
2026-05-19 13:15:00,117.0,117.0,116.0,116.0,69821.55050863,8106970.76365165
2026-05-19 13:30:00,117.0,117.0,116.0,117.0,193.15517242,22556.00000072
2026-05-19 13:45:00,117.0,117.0,116.0,117.0,14789.52093732,1724834.19250833
2026-05-19 14:00:00,116.0,117.0,116.0,116.0,49590.45822228,5752593.15378448
2026-05-19 14:15:00,116.0,116.0,116.0,116.0,2453.76278575,284636.483147
2026-05-19 14:30:00,116.0,116.0,116.0,116.0,81.0,9396.0
2026-05-19 14:45:00,116.0,117.0,116.0,117.0,35545.07609397,4123328.82690052
2026-05-19 15:15:00,117.0,117.0,117.0,117.0,6019.76789383,704312.84357811
2026-05-19 15:30:00,117.0,117.0,116.0,116.0,214.09534336,25006.0000007
2026-05-19 15:45:00,116.0,117.0,116.0,117.0,511.40252918,59422.69338488
2026-05-19 16:00:00,117.0,117.0,116.0,117.0,264564.52632445,30764351.25237443
2026-05-19 16:15:00,116.0,117.0,116.0,117.0,10026.21591177,1172741.69156313
2026-05-19 16:30:00,117.0,117.0,117.0,117.0,1137.69440066,133110.24487722
2026-05-19 16:45:00,117.0,118.0,117.0,118.0,191027.028152,22350245.58545066
2026-05-19 17:00:00,117.0,118.0,116.0,117.0,44835.08065919,5245644.89858568
2026-05-19 17:30:00,116.0,117.0,116.0,117.0,8936.4720598,1036795.30117204
2026-05-19 17:45:00,117.0,117.0,117.0,117.0,6722.15856259,786492.55182303
2026-05-19 18:00:00,116.0,117.0,116.0,117.0,122.33445844,14236.48683421
2026-05-19 18:15:00,116.0,117.0,116.0,116.0,180529.04096782,20941741.35861578
2026-05-19 18:30:00,116.0,116.0,116.0,116.0,88.65546713,10284.03418708
2026-05-19 18:45:00,115.0,117.0,115.0,117.0,43402.95243628,5032349.97727408
2026-05-19 19:00:00,116.0,117.0,116.0,116.0,2542.13075454,295004.63246923
2026-05-19 19:15:00,116.0,116.0,116.0,116.0,2154.09482758,249874.99999928
2026-05-19 19:30:00,116.0,116.0,116.0,116.0,588.97844826,68321.49999816
2026-05-19 19:45:00,115.0,116.0,115.0,115.0,2036.04187811,234292.31888744
2026-05-19 20:00:00,116.0,116.0,116.0,116.0,83.48817044,9684.62777104
2026-05-19 20:30:00,115.0,115.0,114.0,114.0,160337.63877147,18437958.89350165
2026-05-19 20:45:00,114.0,115.0,114.0,114.0,18593.8594368,2120948.92986554
2026-05-19 21:00:00,115.0,115.0,114.0,115.0,8242.65684161,945400.65917766
2026-05-19 21:15:00,115.0,116.0,115.0,116.0,214376.62432449,24656690.88427287
2026-05-19 21:30:00,115.0,116.0,115.0,116.0,1347.45989505,155000.99999971
2026-05-19 21:45:00,115.0,115.0,115.0,115.0,57.01754386,6557.0175439
2026-05-19 22:00:00,116.0,116.0,115.0,116.0,334.55709907,38566.24030609
2026-05-19 22:15:00,115.0,116.0,115.0,115.0,90845.40500703,10447222.6724966
2026-05-19 22:30:00,115.0,116.0,115.0,116.0,65906.83585162,7615537.15604042
2026-05-19 22:45:00,116.0,117.0,115.0,117.0,9085.79514869,1053909.60685383
2026-05-19 23:00:00,116.0,117.0,116.0,116.0,20512.00571493,2379842.66293188
2026-05-19 23:15:00,115.0,115.0,115.0,115.0,219.71653316,25267.4013134
2026-05-19 23:30:00,115.0,115.0,115.0,115.0,10337.0562582,1188761.469693
2026-05-19 23:45:00,115.0,115.0,115.0,115.0,6082.62736493,699502.14696695
2026-05-20 00:00:00,115.0,116.0,114.0,116.0,19620.31218119,2256030.60859567
2026-05-20 00:15:00,115.0,115.0,115.0,115.0,7480.33476026,860238.4974299
2026-05-20 01:00:00,114.0,115.0,114.0,115.0,14906.80507329,1699420.12618114
2026-05-20 01:15:00,115.0,115.0,114.0,114.0,7341.31856493,843083.82313391
2026-05-20 01:30:00,115.0,115.0,115.0,115.0,82668.90887582,9506924.5207193
2026-05-20 01:45:00,116.0,116.0,115.0,115.0,947.03724814,109671.51621286
2026-05-20 02:30:00,116.0,116.0,116.0,116.0,4104.22375019,476089.95502204
2026-05-20 03:00:00,116.0,116.0,116.0,116.0,86200.60659325,9999270.364817
2026-05-20 03:15:00,115.0,116.0,115.0,115.0,28946.23859076,3329679.07608384
2026-05-20 04:45:00,115.0,115.0,115.0,115.0,9054.72103801,1041292.91937115
2026-05-20 05:00:00,115.0,115.0,115.0,115.0,78.72244714,9053.0814211
2026-05-20 05:30:00,116.0,117.0,115.0,115.0,361786.17375636,41985362.60370521
2026-05-20 05:45:00,115.0,115.0,115.0,115.0,5153.40876805,592642.00832575
2026-05-20 06:00:00,116.0,116.0,116.0,116.0,17382.76292887,2016400.49974892
2026-05-20 06:15:00,116.0,116.0,116.0,116.0,1873.75,217355.0
2026-05-20 06:30:00,116.0,116.0,116.0,116.0,1062.4,123238.4
2026-05-20 07:15:00,116.0,116.0,115.0,115.0,34391.36496217,3964008.31480505
2026-05-20 07:30:00,116.0,116.0,116.0,116.0,150.0,17400.0
2026-05-20 07:45:00,116.0,116.0,116.0,116.0,9066.69940891,1051737.13143356
2026-05-20 08:00:00,115.0,115.0,115.0,115.0,6713.78986653,772085.83465095
2026-05-20 08:30:00,115.0,115.0,115.0,115.0,869.5652174,100000.000001
2026-05-20 09:00:00,116.0,116.0,115.0,115.0,47948.5792336,5514690.06013986
2026-05-20 09:15:00,116.0,116.0,115.0,115.0,73374.69759925,8459442.29287926
2026-05-20 09:30:00,115.0,115.0,115.0,115.0,23584.40666718,2712206.7667257
2026-05-20 09:45:00,115.0,115.0,115.0,115.0,36655.10483648,4215337.0561952
2026-05-20 10:00:00,115.0,116.0,115.0,115.0,20530.06052932,2361000.53391286
2026-05-20 10:15:00,115.0,115.0,115.0,115.0,85424.51646236,9823819.3931714
2026-05-20 10:30:00,115.0,116.0,115.0,116.0,42176.10865653,4889461.68546307
2026-05-20 10:45:00,115.0,115.0,115.0,115.0,2826.13043479,325005.00000085
2026-05-20 11:00:00,116.0,116.0,115.0,115.0,22695.80766513,2632670.16741594
2026-05-20 11:15:00,116.0,116.0,115.0,115.0,12666.74321989,1460299.61941967
2026-05-20 11:30:00,115.0,115.0,115.0,115.0,34677.83349704,3987950.8521596
2026-05-20 11:45:00,115.0,115.0,115.0,115.0,13976.46634337,1607293.62948755
2026-05-20 12:00:00,115.0,115.0,115.0,115.0,57050.31729321,6560786.48871915
2026-05-20 12:15:00,115.0,116.0,115.0,116.0,284870.13421387,33025451.8448382
2026-05-20 12:30:00,117.0,117.0,116.0,116.0,26846.40618871,3116747.22045446
2026-05-20 12:45:00,116.0,116.0,116.0,116.0,64729.22447275,7508590.038839
2026-05-20 13:00:00,116.0,116.0,116.0,116.0,23480.88017114,2723782.09985224
2026-05-20 13:15:00,116.0,117.0,116.0,117.0,10138.35603138,1186140.65567146
2026-05-20 13:30:00,116.0,116.0,116.0,116.0,3072.05517242,356358.40000072
2026-05-20 13:45:00,116.0,116.0,116.0,116.0,6981.68036525,809874.922369
2026-05-20 14:00:00,116.0,117.0,116.0,117.0,98822.3504866,11562083.85175978
2026-05-20 14:15:00,117.0,117.0,117.0,117.0,33116.90777385,3874678.20954045
2026-05-20 14:30:00,117.0,117.0,117.0,117.0,8978.47404055,1050481.46274435
2026-05-20 15:00:00,117.0,117.0,116.0,117.0,209220.68965517,24478370.68965489
2026-05-20 15:30:00,117.0,117.0,117.0,117.0,5756.58324683,673520.23987911
2026-05-20 15:45:00,117.0,117.0,117.0,117.0,42190.88701263,4936333.78047771
2026-05-20 16:15:00,117.0,117.0,117.0,117.0,70.94017095,8300.00000115
2026-05-20 16:30:00,117.0,117.0,117.0,117.0,325.33285312,38063.94381504
2026-05-20 17:15:00,117.0,117.0,117.0,117.0,20352.42922768,2381234.21963856
2026-05-20 17:30:00,117.0,117.0,117.0,117.0,77109.32658098,9021791.20997466
2026-05-20 17:45:00,118.0,118.0,118.0,118.0,489.70338982,57784.99999876
2026-05-20 18:00:00,118.0,118.0,117.0,117.0,8164.54106512,958050.75893848
2026-05-20 18:15:00,117.0,117.0,117.0,117.0,131883.84928068,15430410.36583956
2026-05-20 18:30:00,117.0,118.0,117.0,117.0,47729.4266631,5584343.6384376
2026-05-20 18:45:00,117.0,117.0,117.0,117.0,7673.68849606,897821.55403902
2026-05-20 19:00:00,117.0,118.0,116.0,116.0,3235.98323634,376278.27960545
2026-05-20 19:15:00,116.0,117.0,116.0,117.0,87.57650234,10202.45077378
2026-05-20 19:30:00,117.0,117.0,117.0,117.0,8547.008547,999999.999999
2026-05-20 19:45:00,117.0,117.0,117.0,117.0,14520.51751901,1698900.54972417
2026-05-20 20:00:00,116.0,116.0,116.0,116.0,118.40666667,13735.17333372
2026-05-20 20:15:00,117.0,117.0,117.0,117.0,117854.37195931,13788961.51923927
2026-05-20 20:30:00,116.0,117.0,116.0,117.0,46413.26071792,5430308.34882422
2026-05-20 20:45:00,117.0,117.0,116.0,116.0,46104.53211515,5367215.70921162
2026-05-20 21:00:00,117.0,117.0,116.0,116.0,2811.99049513,326238.78536611
2026-05-20 21:15:00,116.0,117.0,116.0,116.0,4536.75144806,526319.25958727
2026-05-20 21:30:00,117.0,117.0,116.0,116.0,355.65103389,41417.29545373
2026-05-20 22:00:00,117.0,117.0,117.0,117.0,8547.008547,999999.999999
2026-05-20 22:15:00,117.0,117.0,116.0,116.0,6362.3591331,738888.3602943
2026-05-20 22:30:00,116.0,116.0,116.0,116.0,3419.8,396696.8
2026-05-20 22:45:00,116.0,116.0,116.0,116.0,7318.003106,848888.360296
2026-05-20 23:15:00,117.0,117.0,117.0,117.0,17226.90693442,2015548.11132714
2026-05-20 23:30:00,117.0,118.0,117.0,117.0,724.68600717,84831.85121419
2026-05-20 23:45:00,118.0,118.0,118.0,118.0,8666.94915253,1022699.99999854
2026-05-21 00:00:00,118.0,118.0,118.0,118.0,847.45762711,99999.99999898
2026-05-21 00:15:00,118.0,119.0,118.0,119.0,31943.53047171,3783313.70174073
2026-05-21 00:30:00,119.0,119.0,119.0,119.0,4538.88181959,540126.93653121
2026-05-21 01:00:00,119.0,120.0,118.0,120.0,29766.53789327,3542531.59583919
2026-05-21 01:15:00,119.0,119.0,118.0,119.0,67975.04337519,8088648.66635206
2026-05-21 01:30:00,120.0,120.0,120.0,120.0,58241.52222546,6988982.6670552
2026-05-21 01:45:00,120.0,120.0,120.0,120.0,14199.42564786,1703931.0777432
2026-05-21 02:00:00,121.0,121.0,120.0,121.0,148655.23617945,17987141.53463328
2026-05-21 02:15:00,121.0,121.0,121.0,121.0,4663.9,564331.9
2026-05-21 02:30:00,120.0,120.0,120.0,120.0,209684.54681003,25162145.6172036
2026-05-21 02:45:00,120.0,120.0,119.0,119.0,3043.60864034,365090.99376062
2026-05-21 03:30:00,119.0,119.0,119.0,119.0,1207.0,143633.0
2026-05-21 03:45:00,119.0,119.0,119.0,119.0,150.0,17850.0
2026-05-21 04:00:00,119.0,120.0,118.0,118.0,1291.12719688,153643.94240809
2026-05-21 04:15:00,119.0,119.0,119.0,119.0,42.37293118,5042.37881042
2026-05-21 04:45:00,119.0,119.0,119.0,119.0,630.25210084,74999.99999996
2026-05-21 05:00:00,120.0,120.0,119.0,119.0,278.6231884,33391.90821187
2026-05-21 05:15:00,119.0,119.0,119.0,119.0,8663.56405131,1030964.12210589
2026-05-21 05:30:00,119.0,119.0,119.0,119.0,86163.8146444,10253493.9426836
2026-05-21 06:15:00,119.0,119.0,119.0,119.0,168.0672269,20000.0000011
2026-05-21 07:15:00,119.0,119.0,119.0,119.0,5879.10598148,699613.61179612
2026-05-21 07:30:00,119.0,119.0,119.0,119.0,42016.8067227,5000000.0000013
2026-05-21 07:45:00,119.0,119.0,119.0,119.0,690.83933724,82209.88113156
2026-05-21 08:15:00,119.0,119.0,118.0,119.0,57963.55198669,6897362.68641611
2026-05-21 08:30:00,119.0,120.0,119.0,120.0,4878.04878048,585329.73118239
2026-05-21 08:45:00,119.0,120.0,119.0,120.0,737.1190429,87894.81894534
2026-05-21 09:00:00,120.0,121.0,120.0,120.0,49396.34042226,5927726.13992738
2026-05-21 09:15:00,119.0,119.0,119.0,119.0,21863.96266303,2601811.55690057
2026-05-21 09:30:00,120.0,122.0,120.0,122.0,86512.35666591,10444947.2699646
2026-05-21 09:45:00,122.0,122.0,121.0,122.0,7921.10929628,966332.87814616
2026-05-21 10:00:00,121.0,121.0,121.0,121.0,11461.54818429,1386847.33029909
2026-05-21 10:15:00,121.0,121.0,121.0,121.0,71957.47835963,8706854.88151523
2026-05-21 10:30:00,121.0,121.0,120.0,121.0,26673.55563589,3227340.46349377
2026-05-21 10:45:00,120.0,121.0,120.0,121.0,822.44734737,99354.83870919
2026-05-21 11:00:00,121.0,121.0,121.0,121.0,18210.15765225,2203429.07592225
2026-05-21 11:15:00,121.0,121.0,121.0,121.0,51639.54077524,6248384.43380404
2026-05-21 11:30:00,121.0,121.0,121.0,121.0,5393.35135355,652595.51377955
2026-05-21 11:45:00,120.0,121.0,120.0,121.0,1934.30864205,232452.25177953
2026-05-21 12:00:00,121.0,121.0,121.0,121.0,8764.46280991,1060499.99999911
2026-05-21 12:15:00,121.0,121.0,120.0,121.0,100334.80920136,12139305.01681284
2026-05-21 12:30:00,121.0,121.0,121.0,121.0,6972.24433732,843641.56481572
2026-05-21 12:45:00,121.0,121.0,121.0,121.0,3673.61675874,444507.62780754
2026-05-21 13:00:00,121.0,121.0,121.0,121.0,32429.19346924,3923932.40977804
2026-05-21 13:15:00,121.0,122.0,121.0,121.0,92772.97839091,11227594.38858944
2026-05-21 13:30:00,120.0,120.0,120.0,120.0,32846.925817,3941631.09804
2026-05-21 13:45:00,120.0,121.0,120.0,121.0,1889.76823234,227010.79584953
2026-05-21 14:00:00,121.0,121.0,120.0,120.0,173.08053745,20875.67760314
2026-05-21 14:15:00,120.0,121.0,120.0,121.0,42182.09597887,5062016.80672059
2026-05-21 14:30:00,121.0,121.0,120.0,120.0,31705.85329897,3804867.49504995
2026-05-21 14:45:00,120.0,120.0,120.0,120.0,68031.9018063,8163828.216756
2026-05-21 15:00:00,120.0,121.0,120.0,121.0,529.68149396,63603.38657072
2026-05-21 15:15:00,120.0,120.0,120.0,120.0,26181.12947659,3141735.5371908
2026-05-21 15:30:00,120.0,121.0,120.0,120.0,45298.76191876,5435893.04580705
2026-05-21 15:45:00,120.0,122.0,120.0,122.0,75090.90662837,9054582.54313354
2026-05-21 16:00:00,121.0,121.0,121.0,121.0,118188.35827254,14300791.35097734
2026-05-21 16:15:00,121.0,121.0,121.0,121.0,16670.11394075,2017083.78683075
2026-05-21 16:30:00,121.0,121.0,121.0,121.0,205412.31724531,24854890.38668251
2026-05-21 16:45:00,121.0,121.0,120.0,120.0,86887.40502754,10513334.33333234
2026-05-21 17:00:00,120.0,122.0,120.0,122.0,282.21589348,34146.66400456
2026-05-21 17:15:00,122.0,122.0,121.0,121.0,825.63480558,99942.99999977
2026-05-21 17:30:00,121.0,122.0,121.0,122.0,87496.62564156,10587296.86656317
2026-05-21 17:45:00,121.0,121.0,121.0,121.0,483.10691824,58455.93710704
2026-05-21 18:00:00,122.0,122.0,121.0,122.0,26909.86001846,3278878.6265484
2026-05-21 18:15:00,122.0,122.0,121.0,121.0,19699.87194689,2383829.84122941
2026-05-21 18:30:00,121.0,122.0,121.0,122.0,83.61853499,10159.46126878
2026-05-21 18:45:00,121.0,122.0,121.0,122.0,344.48555274,41728.28466842
2026-05-21 19:00:00,121.0,121.0,121.0,121.0,10743.8016529,1300000.0000009
2026-05-21 19:15:00,121.0,122.0,120.0,120.0,17154.75276571,2075642.81837285
2026-05-21 19:30:00,120.0,121.0,120.0,121.0,97470.40605086,11702026.80104093
2026-05-21 19:45:00,121.0,121.0,120.0,121.0,121150.51656016,14559268.58206226
2026-05-21 20:00:00,121.0,121.0,120.0,120.0,38906.11886605,4668941.08234323
2026-05-21 20:15:00,120.0,121.0,120.0,121.0,15127.421819,1815432.61828
2026-05-21 20:30:00,121.0,121.0,120.0,121.0,7245.59679382,876513.29761556
2026-05-21 21:00:00,120.0,121.0,119.0,119.0,379021.0248188,45108488.66647541
2026-05-21 21:15:00,119.0,120.0,119.0,120.0,161236.96434502,19187297.75705738
2026-05-21 21:30:00,120.0,121.0,119.0,121.0,116818.21447907,14017682.65331619
2026-05-21 21:45:00,119.0,120.0,119.0,120.0,53021.46097471,6362197.17410806
2026-05-21 22:00:00,120.0,120.0,120.0,120.0,81717.70149336,9806124.1792032
2026-05-21 22:15:00,120.0,120.0,120.0,120.0,22101.29468599,2652155.3623188
2026-05-21 22:30:00,119.0,120.0,119.0,120.0,27083.12653325,3231267.39079008
2026-05-21 22:45:00,120.0,121.0,120.0,121.0,171632.29999998,20595917.9999976
2026-05-21 23:00:00,121.0,121.0,120.0,120.0,232.64462809,27999.99999889
2026-05-21 23:15:00,121.0,121.0,119.0,120.0,35322.68002494,4226139.0479928
2026-05-21 23:30:00,120.0,121.0,120.0,121.0,256675.54335229,31057590.74562709
2026-05-22 00:00:00,120.0,121.0,120.0,121.0,973.04129807,117505.3488687
2026-05-22 00:15:00,121.0,122.0,121.0,122.0,1975.0,239650.0
2026-05-22 00:30:00,121.0,121.0,120.0,121.0,70650.98995368,8542912.49392815
2026-05-22 00:45:00,120.0,121.0,120.0,121.0,5386.23642724,647298.3712688
2026-05-22 01:15:00,121.0,121.0,120.0,120.0,165.28925618,19917.35536969
2026-05-22 01:30:00,120.0,120.0,120.0,120.0,150.0,18000.0
2026-05-22 01:45:00,120.0,120.0,120.0,120.0,300.0,36000.0
2026-05-22 02:15:00,121.0,121.0,120.0,121.0,2304.54566104,278271.51258915
2026-05-22 02:30:00,121.0,121.0,121.0,121.0,1674.38016528,202599.99999888
2026-05-22 02:45:00,120.0,121.0,120.0,121.0,358.45045437,43222.50497877
2026-05-22 03:00:00,121.0,121.0,121.0,121.0,1639.34426229,198360.65573709
2026-05-22 03:30:00,122.0,122.0,122.0,122.0,8051.17964788,982243.91704136
2026-05-22 03:45:00,121.0,121.0,121.0,121.0,24838.84297521,3005500.00000041
2026-05-22 04:00:00,121.0,121.0,120.0,120.0,388.05002869,46829.45014506
2026-05-22 04:15:00,121.0,121.0,120.0,121.0,625.60032378,75574.77945849
2026-05-22 04:30:00,120.0,120.0,120.0,120.0,42.0,5040.0
2026-05-22 05:00:00,121.0,121.0,120.0,121.0,529.72426183,64016.9114196
2026-05-22 05:15:00,121.0,121.0,120.0,121.0,758.52979079,91661.68555632
2026-05-22 05:30:00,121.0,121.0,120.0,120.0,1002.66227214,121026.08047684
2026-05-22 05:45:00,121.0,121.0,120.0,121.0,612.70196718,74020.37234469
2026-05-22 06:00:00,121.0,121.0,120.0,120.0,64153.87967169,7761614.49027017
2026-05-22 06:15:00,121.0,122.0,120.0,122.0,89614.00972321,10843337.05550411
2026-05-22 06:30:00,122.0,122.0,121.0,122.0,6290.13638373,767054.2580617
2026-05-22 06:45:00,122.0,122.0,122.0,122.0,819.67213114,99999.99999908
2026-05-22 07:00:00,121.0,122.0,121.0,122.0,13018.60355824,1575294.62350465
2026-05-22 07:15:00,121.0,121.0,120.0,120.0,80506.29012063,9672672.19230472
2026-05-22 07:30:00,120.0,121.0,120.0,120.0,257985.06047343,30959248.86410712
2026-05-22 07:45:00,121.0,121.0,120.0,120.0,6809.61288865,817194.95159667
2026-05-22 08:00:00,120.0,121.0,120.0,121.0,85.60679577,10315.42228817
2026-05-22 08:15:00,121.0,121.0,121.0,121.0,94934.16101865,11487033.48325665
2026-05-22 08:45:00,121.0,121.0,121.0,121.0,2483.17163732,300463.76811572
2026-05-22 09:00:00,120.0,121.0,120.0,120.0,19500.34377366,2340082.86013472
2026-05-22 09:15:00,120.0,120.0,120.0,120.0,149750.15833333,17970018.9999996
2026-05-22 09:30:00,121.0,121.0,120.0,120.0,25263.69278342,3041234.36718306
2026-05-22 09:45:00,120.0,121.0,120.0,121.0,71455.94131478,8574910.9577736
2026-05-22 10:00:00,120.0,120.0,120.0,120.0,12072.49618914,1448699.5426968
2026-05-22 10:15:00,120.0,120.0,120.0,120.0,10713.06761179,1285568.1134148
2026-05-22 10:30:00,121.0,121.0,121.0,121.0,1033.05785123,124999.99999883
2026-05-22 11:15:00,120.0,121.0,120.0,121.0,1306.97779565,156921.63299866
2026-05-22 11:30:00,121.0,121.0,121.0,121.0,237350.38748475,28719396.88565475
2026-05-22 11:45:00,121.0,121.0,121.0,121.0,826.446281,100000.000001
2026-05-22 12:00:00,122.0,122.0,122.0,122.0,493.44262293,60199.99999746
2026-05-22 12:15:00,122.0,122.0,121.0,121.0,136323.05961979,16495132.01727327
2026-05-22 12:30:00,121.0,122.0,121.0,122.0,991.0,120011.0
2026-05-22 12:45:00,121.0,122.0,121.0,122.0,1539.13934424,186463.52458744
2026-05-22 13:00:00,122.0,123.0,122.0,123.0,400683.65729541,49009674.62035899
2026-05-22 13:15:00,123.0,124.0,123.0,124.0,49680.12791298,6145622.91938557
2026-05-22 13:30:00,123.0,124.0,122.0,122.0,342905.66384625,42158943.56031315
2026-05-22 13:45:00,122.0,123.0,122.0,123.0,16746.47829529,2043296.16503348
2026-05-22 14:00:00,123.0,123.0,123.0,123.0,406.50406504,49999.99999992
2026-05-22 14:15:00,123.0,123.0,123.0,123.0,55203.88887381,6790078.33147863
2026-05-22 14:30:00,123.0,124.0,123.0,124.0,14662.94144455,1809196.07245754
2026-05-22 14:45:00,124.0,124.0,123.0,124.0,28772.29387014,3541123.55731753
2026-05-22 15:00:00,124.0,124.0,122.0,122.0,53918.81789697,6649470.86184771
2026-05-22 15:15:00,123.0,123.0,123.0,123.0,12086.19748229,1486602.29032167
2026-05-22 15:30:00,122.0,122.0,122.0,122.0,312905.34975864,38174452.67055408
2026-05-22 15:45:00,122.0,123.0,122.0,123.0,16721.10760066,2056654.23488118
2026-05-22 16:00:00,122.0,122.0,122.0,122.0,1300.0,158600.0
2026-05-22 16:15:00,122.0,124.0,122.0,123.0,107762.53388568,13254891.28422726
2026-05-22 16:30:00,123.0,123.0,122.0,122.0,6131.99360201,754185.21304723
2026-05-22 16:45:00,122.0,122.0,122.0,122.0,55722.65657878,6798164.10261116
2026-05-22 17:00:00,123.0,123.0,123.0,123.0,63233.81520802,7777759.27058646
2026-05-22 17:15:00,124.0,124.0,124.0,124.0,248.6845287,30836.8815588
2026-05-22 17:30:00,123.0,124.0,122.0,122.0,64222.99710357,7899529.30147476
2026-05-22 17:45:00,123.0,123.0,122.0,122.0,4696.8825018,577569.71463389
2026-05-22 18:00:00,122.0,123.0,122.0,122.0,481.78190514,58918.96210971
2026-05-22 18:15:00,122.0,122.0,122.0,122.0,16239.06067953,1981165.40290266
2026-05-22 18:30:00,122.0,122.0,122.0,122.0,409.83606558,50000.00000076
2026-05-22 18:45:00,122.0,123.0,122.0,122.0,37732.57856311,4603456.93787241
2026-05-22 19:00:00,122.0,123.0,122.0,122.0,16533.52939923,2019381.20459223
2026-05-22 19:15:00,121.0,123.0,121.0,123.0,48240.62079339,5850658.45730905
2026-05-22 19:30:00,122.0,123.0,122.0,122.0,5981.99084352,729844.49624911
2026-05-22 19:45:00,122.0,122.0,121.0,121.0,5072.56184943,614599.65591217
2026-05-22 20:00:00,121.0,122.0,121.0,122.0,15972.09438182,1939080.40214979
2026-05-22 20:30:00,121.0,121.0,121.0,121.0,1990.61788617,240864.76422657
2026-05-22 20:45:00,121.0,122.0,121.0,122.0,4995.18127433,609346.93419393
2026-05-22 21:00:00,121.0,123.0,121.0,123.0,94859.48996621,11572874.8086645
2026-05-22 21:15:00,122.0,122.0,122.0,122.0,10841.90963034,1322712.97490148
2026-05-22 21:30:00,123.0,123.0,122.0,123.0,288.18032787,35356.00000014
2026-05-22 21:45:00,122.0,123.0,122.0,123.0,7762.57865781,954097.17491063
2026-05-22 22:00:00,123.0,123.0,122.0,123.0,107318.39782749,13163379.61944403
2026-05-22 22:15:00,122.0,122.0,122.0,122.0,2895.94905839,353305.78512358
2026-05-22 22:45:00,123.0,123.0,122.0,122.0,30503.32362386,3724160.09674506
2026-05-22 23:00:00,121.0,121.0,121.0,121.0,36541.98707098,4421580.43558858
2026-05-22 23:15:00,121.0,122.0,120.0,120.0,111632.95747075,13464737.77094591
2026-05-22 23:30:00,121.0,121.0,121.0,121.0,1648.65501133,199487.25637093
2026-05-23 00:00:00,120.0,120.0,120.0,120.0,24440.16393442,2932819.6721304
2026-05-23 00:15:00,120.0,120.0,119.0,119.0,254572.37570973,30520950.11038736
2026-05-23 00:30:00,120.0,120.0,119.0,120.0,26919.58339999,3229791.42459881
2026-05-23 00:45:00,121.0,121.0,121.0,121.0,82.64462809,9999.99999889
2026-05-23 01:00:00,121.0,121.0,121.0,121.0,210.42975206,25461.99999926
2026-05-23 01:15:00,121.0,121.0,121.0,121.0,2727.12404128,329982.00899488
2026-05-23 01:30:00,120.0,120.0,120.0,120.0,4047.63730168,485716.4762016
2026-05-23 02:00:00,120.0,120.0,120.0,120.0,174.56887506,20948.2650072
2026-05-23 03:00:00,120.0,120.0,120.0,120.0,86459.46801419,10375136.1617028
2026-05-23 03:30:00,120.0,120.0,120.0,120.0,99151.0644331,11898127.731972
2026-05-23 03:45:00,119.0,119.0,118.0,119.0,125124.09137124,14803890.33257645
2026-05-23 04:00:00,118.0,119.0,117.0,118.0,2080.93337165,245531.79047441
2026-05-23 04:15:00,117.0,117.0,117.0,117.0,617.15358327,72206.96924259
2026-05-23 04:30:00,117.0,117.0,116.0,116.0,447580.60556172,52023214.64499044
2026-05-23 04:45:00,116.0,117.0,116.0,117.0,25675.67339428,2979815.03034763
2026-05-23 05:00:00,117.0,117.0,117.0,117.0,36903.56317744,4317716.89176048
2026-05-23 05:30:00,117.0,118.0,116.0,118.0,57963.85002584,6781792.72888534
2026-05-23 05:45:00,118.0,119.0,118.0,119.0,798540.67654606,94237039.33033317
2026-05-23 06:00:00,119.0,119.0,119.0,119.0,37910.0840756,4511300.0049964
2026-05-23 06:15:00,118.0,119.0,118.0,119.0,1711.9032258,202103.5806444
2026-05-23 06:30:00,119.0,119.0,119.0,119.0,15526.3796148,1847639.1741612
2026-05-23 06:45:00,119.0,119.0,119.0,119.0,7408.98592404,881669.32496076
2026-05-23 07:00:00,118.0,119.0,118.0,119.0,1797.51454306,213036.39409921
2026-05-23 07:30:00,119.0,119.0,118.0,118.0,3370.25588485,397957.17764757
2026-05-23 07:45:00,119.0,119.0,118.0,118.0,97699.10120079,11529547.94169322
2026-05-23 08:00:00,118.0,119.0,118.0,118.0,1690.62659565,199592.9382867
2026-05-23 08:15:00,118.0,119.0,118.0,118.0,13437.28002617,1586242.77072424
2026-05-23 08:30:00,118.0,118.0,118.0,118.0,26857.36990358,3169169.64862244
2026-05-23 08:45:00,117.0,118.0,117.0,117.0,64502.2516105,7546961.4384285
2026-05-23 09:00:00,117.0,118.0,117.0,117.0,75519.63482726,8838437.64767077
2026-05-23 09:15:00,117.0,118.0,117.0,118.0,35743.57987453,4182353.29447255
2026-05-23 09:30:00,117.0,118.0,117.0,117.0,53093.71877648,6212163.09684816
2026-05-23 09:45:00,117.0,118.0,117.0,118.0,22127.28040544,2589488.80743648
2026-05-23 10:00:00,118.0,118.0,117.0,118.0,63246.21651207,7425088.73742012
2026-05-23 10:15:00,118.0,118.0,117.0,118.0,8954.12607171,1056544.08158998
2026-05-23 10:30:00,118.0,119.0,117.0,119.0,127534.39210215,15049750.09566967
2026-05-23 10:45:00,119.0,119.0,119.0,119.0,3091.0,367829.0
2026-05-23 11:00:00,119.0,119.0,118.0,119.0,120802.60128916,14375467.11273207
2026-05-23 11:15:00,119.0,120.0,119.0,120.0,90937.99672885,10862975.81596386
2026-05-23 11:30:00,119.0,120.0,119.0,120.0,332.01149425,39674.71264333
2026-05-23 11:45:00,120.0,120.0,120.0,120.0,35641.56255203,4276987.5062436
2026-05-23 12:00:00,119.0,120.0,119.0,120.0,9917.72207762,1180740.26057011
2026-05-23 12:15:00,120.0,121.0,119.0,121.0,54462.26825329,6535027.1903948
2026-05-23 12:30:00,121.0,121.0,121.0,121.0,94466.91530267,11430496.75162307
2026-05-23 12:45:00,120.0,121.0,120.0,121.0,346.9338843,41731.066116
2026-05-23 13:00:00,120.0,121.0,119.0,119.0,44437.3325489,5332773.01058775
2026-05-23 13:15:00,120.0,120.0,119.0,120.0,8799.41882023,1052492.24123988
2026-05-23 14:15:00,119.0,120.0,119.0,119.0,3927.0,467511.0
2026-05-23 14:30:00,120.0,120.0,119.0,119.0,4350.68067227,517880.00000013
2026-05-23 14:45:00,120.0,120.0,119.0,119.0,20118.64850907,2394218.17257933
2026-05-23 15:00:00,120.0,120.0,119.0,119.0,34312.54066779,4083473.63113367
2026-05-23 15:15:00,119.0,120.0,119.0,119.0,5857.47708805,697222.50681128
2026-05-23 15:30:00,119.0,120.0,119.0,119.0,84864.06864366,10098923.16859554
2026-05-23 15:45:00,119.0,119.0,119.0,119.0,157790.92067536,18777119.56036784
2026-05-23 16:00:00,119.0,119.0,118.0,119.0,1359.1772041,161343.6805389
2026-05-23 16:15:00,119.0,120.0,119.0,120.0,16551.1575506,1971188.4488015
2026-05-23 16:30:00,119.0,119.0,118.0,119.0,23943.4820502,2838910.0524738
2026-05-23 16:45:00,118.0,119.0,116.0,116.0,593267.02850014,69699644.73409802
2026-05-23 17:00:00,116.0,116.0,116.0,116.0,92715.37831166,10754983.88415256
2026-05-23 17:15:00,117.0,117.0,117.0,117.0,22617.52850385,2646250.83495045
2026-05-23 17:30:00,117.0,117.0,116.0,116.0,6861.50596496,796662.27686084
2026-05-23 17:45:00,116.0,117.0,116.0,117.0,229946.84217228,26861751.5630788
2026-05-23 18:00:00,117.0,118.0,117.0,117.0,154010.83341129,18019523.91937734
2026-05-23 18:15:00,117.0,117.0,116.0,117.0,265951.10134772,31109729.19973911
2026-05-23 18:30:00,118.0,118.0,117.0,118.0,114058.47280996,13458854.67879333
2026-05-23 18:45:00,118.0,118.0,118.0,118.0,3852.32807325,454574.7126435
2026-05-23 19:00:00,117.0,118.0,117.0,118.0,2725.81072738,319069.85510346
2026-05-23 19:15:00,118.0,118.0,118.0,118.0,44200.30025065,5215635.4295767
2026-05-23 19:30:00,118.0,119.0,118.0,119.0,1583.33333333,187533.33333294
2026-05-23 19:45:00,119.0,119.0,119.0,119.0,16895.88235205,2010609.99989395
2026-05-23 20:00:00,118.0,118.0,118.0,118.0,6415.4992168,757028.9075824
2026-05-23 20:15:00,119.0,119.0,119.0,119.0,187.42344394,22303.38982886
2026-05-23 20:30:00,119.0,119.0,118.0,118.0,264440.39581774,31245962.51531159
2026-05-23 20:45:00,118.0,118.0,118.0,118.0,273782.4985812,32306334.8325816
2026-05-23 21:00:00,118.0,118.0,117.0,117.0,52737.93858492,6223033.95814876
2026-05-23 21:15:00,117.0,118.0,117.0,118.0,195848.10089895,23038103.61303592
2026-05-23 21:30:00,118.0,118.0,118.0,118.0,450.0,53100.0
2026-05-23 21:45:00,118.0,118.0,117.0,118.0,65248.43751057,7699272.83137546
2026-05-23 22:00:00,119.0,120.0,118.0,120.0,48902.70697154,5823839.02122466
2026-05-23 22:15:00,119.0,119.0,118.0,119.0,470278.3879597,55953644.87966794
2026-05-23 22:30:00,119.0,119.0,119.0,119.0,59741.28957454,7109213.45937026
2026-05-23 22:45:00,119.0,120.0,119.0,120.0,3714.58346245,442572.28860325
2026-05-23 23:00:00,120.0,120.0,118.0,119.0,56145.5368925,6691273.9813057
2026-05-23 23:15:00,120.0,120.0,120.0,120.0,14052.10727967,1686252.8735604
2026-05-23 23:30:00,120.0,120.0,120.0,120.0,103794.90889799,12455389.0677588
2026-05-23 23:45:00,120.0,121.0,120.0,120.0,125094.13691921,15087882.96348486
2026-05-24 00:00:00,121.0,123.0,121.0,122.0,326882.69599651,39811336.1832723
2026-05-24 00:15:00,121.0,123.0,121.0,121.0,258820.78305403,31676908.65850653
2026-05-24 00:30:00,121.0,122.0,121.0,122.0,204121.02546992,24701321.20363085
2026-05-24 00:45:00,121.0,122.0,121.0,122.0,253017.81853999,30859475.31810787
2026-05-24 01:00:00,122.0,123.0,122.0,123.0,46702.63614764,5743556.8814292
2026-05-24 01:15:00,123.0,123.0,122.0,122.0,53701.84726375,6579644.17790984
2026-05-24 01:30:00,122.0,122.0,121.0,121.0,95458.22639882,11582587.38133981
2026-05-24 02:00:00,121.0,121.0,121.0,121.0,30253.43081826,3660665.12900946
2026-05-24 02:15:00,121.0,121.0,121.0,121.0,1784.28671842,215898.69292882
2026-05-24 02:30:00,121.0,123.0,121.0,123.0,4481.32308762,547662.41668964
2026-05-24 02:45:00,122.0,123.0,122.0,123.0,16916.93635789,2073022.43891461
2026-05-24 03:00:00,122.0,122.0,122.0,122.0,267.68076311,32657.05309942
2026-05-24 03:30:00,122.0,123.0,122.0,123.0,13968.25203251,1709004.7967467
2026-05-24 04:00:00,122.0,122.0,122.0,122.0,65370.80137973,7975237.76832706
2026-05-24 04:15:00,123.0,123.0,122.0,122.0,69682.26387359,8501435.81046415
2026-05-24 04:30:00,122.0,122.0,122.0,122.0,133.73993034,16316.27150148
2026-05-24 05:00:00,122.0,122.0,122.0,122.0,22227.01982342,2711696.41845724
2026-05-24 05:15:00,123.0,123.0,122.0,122.0,120.60224012,14754.29028451
2026-05-24 05:30:00,123.0,123.0,123.0,123.0,83440.20406504,10263145.09999992
2026-05-24 05:45:00,123.0,124.0,123.0,124.0,168970.59608627,20786624.21861121
2026-05-24 06:00:00,124.0,124.0,124.0,124.0,12652.69226636,1568933.84102864
2026-05-24 06:15:00,123.0,123.0,123.0,123.0,11464.59298495,1410144.93714885
2026-05-24 06:30:00,123.0,123.0,122.0,123.0,305542.14332185,37581634.23834365
2026-05-24 06:45:00,123.0,123.0,122.0,122.0,1642.74112943,200506.98126482
2026-05-24 07:00:00,123.0,123.0,123.0,123.0,8397.99430894,1032953.29999962
2026-05-24 07:15:00,123.0,123.0,123.0,123.0,207580.31135215,25532378.29631445
2026-05-24 07:30:00,123.0,123.0,123.0,123.0,39373.84688074,4842983.16633102
2026-05-24 07:45:00,123.0,123.0,122.0,123.0,348668.77170093,42886010.9853301
2026-05-24 08:00:00,123.0,123.0,122.0,122.0,19614.6014473,2406025.03551367
2026-05-24 08:30:00,122.0,123.0,122.0,123.0,4671.90450557,574407.33617309
2026-05-24 08:45:00,123.0,123.0,122.0,123.0,134657.29107795,16562539.10235267
2026-05-24 09:00:00,123.0,123.0,122.0,123.0,157705.35395848,19396551.92675503
2026-05-24 09:15:00,123.0,123.0,122.0,123.0,23382.62437612,2871412.26529753
2026-05-24 09:30:00,123.0,123.0,123.0,123.0,102887.94433432,12655217.15312136
2026-05-24 09:45:00,123.0,123.0,123.0,123.0,6960.54911367,856147.54098141
2026-05-24 10:00:00,123.0,124.0,123.0,124.0,9665.01937618,1198217.40264632
2026-05-24 10:15:00,124.0,124.0,123.0,123.0,12241.65889231,1510106.06794767
2026-05-24 10:30:00,124.0,124.0,123.0,123.0,102012.16426382,12649459.62292529
2026-05-24 10:45:00,124.0,124.0,123.0,124.0,40553.70783382,5028568.02560528
2026-05-24 11:00:00,124.0,124.0,124.0,124.0,418.71324283,51920.44211092
2026-05-24 11:15:00,124.0,125.0,123.0,124.0,809871.36245824,100767272.91108833
2026-05-24 11:30:00,124.0,124.0,123.0,123.0,1442.451014,177663.925736
2026-05-24 11:45:00,124.0,124.0,123.0,123.0,127438.08230343,15681150.24428962
2026-05-24 12:00:00,123.0,123.0,123.0,123.0,75992.51742719,9347079.64354437
2026-05-24 12:15:00,122.0,122.0,122.0,122.0,125.30081301,15286.69918722
2026-05-24 12:30:00,122.0,122.0,122.0,122.0,356502.25547882,43493275.16841604
2026-05-24 12:45:00,122.0,122.0,122.0,122.0,173742.17809128,21196545.72713616
2026-05-24 13:00:00,122.0,123.0,122.0,123.0,4971.26440299,608370.4572761
2026-05-24 13:15:00,123.0,123.0,123.0,123.0,982.96747967,120904.99999941
2026-05-24 13:30:00,123.0,123.0,122.0,122.0,1130.74770092,138000.00000004
2026-05-24 13:45:00,122.0,122.0,122.0,122.0,3588.4577376,437791.8439872
2026-05-24 14:00:00,122.0,122.0,122.0,122.0,61647.3366774,7520975.0746428
2026-05-24 14:30:00,122.0,122.0,121.0,121.0,10240.96620174,1239385.84972236
2026-05-24 15:00:00,122.0,122.0,122.0,122.0,3745.22941176,456917.98823472
2026-05-24 15:15:00,122.0,122.0,122.0,122.0,3596.23216706,438740.32438132
2026-05-24 15:30:00,122.0,122.0,121.0,122.0,143448.30043503,17467830.14993473
2026-05-24 15:45:00,121.0,123.0,121.0,123.0,19773.17793082,2419076.23917098
2026-05-24 16:15:00,122.0,122.0,122.0,122.0,26698.71967815,3257243.8007343
2026-05-24 16:30:00,122.0,122.0,121.0,122.0,21207.07563687,2586853.39163256
2026-05-24 16:45:00,121.0,122.0,121.0,121.0,7658.8587759,926776.38303634
2026-05-24 17:00:00,121.0,121.0,121.0,121.0,13524.63936099,1636481.36267979
2026-05-24 17:15:00,122.0,122.0,122.0,122.0,41.39344262,5049.99999964
2026-05-24 18:00:00,122.0,122.0,122.0,122.0,61.64910188,7521.19042936
2026-05-24 18:15:00,122.0,122.0,122.0,122.0,8269.69302234,1008902.54872548
2026-05-24 18:30:00,122.0,122.0,122.0,122.0,286.8852459,34999.9999998
2026-05-24 18:45:00,122.0,122.0,122.0,122.0,154.0,18788.0
2026-05-24 19:00:00,121.0,122.0,121.0,121.0,48841.64886523,5911698.47665347
2026-05-24 19:15:00,121.0,121.0,120.0,121.0,861644.19358449,103415033.35655613
2026-05-24 19:30:00,121.0,121.0,121.0,121.0,8698.07644626,1052467.24999746
2026-05-24 19:45:00,121.0,121.0,121.0,121.0,389.0042582,47069.5152422
2026-05-24 20:15:00,121.0,121.0,121.0,121.0,1368.09529119,165539.53023399
2026-05-24 20:30:00,121.0,121.0,120.0,120.0,16976.58402203,2049999.99999896
2026-05-24 20:45:00,121.0,121.0,120.0,120.0,40935.40668402,4913076.07480967
2026-05-24 21:00:00,120.0,120.0,120.0,120.0,16766.66666668,2012000.0000016
2026-05-24 21:15:00,120.0,120.0,119.0,120.0,160362.02850889,19230808.40806933
2026-05-24 21:30:00,120.0,120.0,119.0,120.0,60895.08151961,7303047.01714229
2026-05-24 21:45:00,120.0,120.0,120.0,120.0,3112.23333333,373467.9999996
2026-05-24 22:00:00,120.0,120.0,120.0,120.0,115083.56600032,13810027.9200384
2026-05-24 22:15:00,120.0,120.0,120.0,120.0,13022.55538896,1562706.6466752
2026-05-24 22:30:00,119.0,120.0,119.0,119.0,22481.3692714,2683883.68459261
2026-05-24 22:45:00,119.0,119.0,119.0,119.0,46414.42673559,5523316.78153521
2026-05-24 23:00:00,119.0,119.0,118.0,118.0,456933.88090024,54334326.9760238
2026-05-24 23:15:00,118.0,119.0,117.0,119.0,409141.06090507,48294719.85436133
2026-05-24 23:30:00,119.0,119.0,118.0,119.0,35151.10558433,4182835.25875015
2026-05-24 23:45:00,119.0,119.0,119.0,119.0,92036.55629499,10952350.19910381
2026-05-25 00:00:00,119.0,119.0,118.0,119.0,4920.8026058,585532.5100902
2026-05-25 00:15:00,120.0,120.0,120.0,120.0,41.70833333,5004.9999996
2026-05-25 00:30:00,120.0,120.0,119.0,119.0,19564.64306812,2336222.49345543
2026-05-25 01:00:00,120.0,120.0,120.0,120.0,5833.33333333,699999.9999996
2026-05-25 01:15:00,120.0,120.0,120.0,120.0,5790.73333332,694887.9999984
2026-05-25 01:30:00,120.0,120.0,120.0,120.0,20770.48749791,2492458.4997492
2026-05-25 02:15:00,120.0,120.0,120.0,120.0,2500.0,300000.0
2026-05-25 03:00:00,119.0,120.0,119.0,120.0,2947.40792016,353238.9504192
2026-05-25 04:30:00,119.0,119.0,119.0,119.0,64772.11375952,7707881.53738288
2026-05-25 05:00:00,119.0,119.0,119.0,119.0,168376.52297983,20036806.23459977
2026-05-25 05:45:00,119.0,119.0,119.0,119.0,516591.46441657,61474384.26557183
2026-05-25 06:00:00,119.0,119.0,119.0,119.0,25184.88654832,2997001.49925008
2026-05-25 06:30:00,118.0,118.0,117.0,117.0,75139.14055188,8846243.70060296
2026-05-25 06:45:00,117.0,117.0,116.0,117.0,258847.69042959,30284296.96026203
2026-05-25 07:00:00,118.0,119.0,118.0,119.0,43387.41289923,5119813.72210914
2026-05-25 07:30:00,118.0,119.0,118.0,119.0,265.0840196,31378.9143128
2026-05-25 07:45:00,118.0,119.0,118.0,119.0,25523.94616271,3011924.64719978
2026-05-25 08:00:00,118.0,118.0,118.0,118.0,4689.22205563,553328.20256434
2026-05-25 08:15:00,118.0,118.0,118.0,118.0,59.04537524,6967.35427832
2026-05-25 08:30:00,119.0,119.0,119.0,119.0,24611.3813847,2928754.3847793
2026-05-25 08:45:00,119.0,119.0,119.0,119.0,32849.88213695,3909135.97429705
2026-05-25 09:00:00,119.0,119.0,119.0,119.0,100041.02003631,11904881.38432089
2026-05-25 09:15:00,119.0,119.0,119.0,119.0,3168.4,377039.6
2026-05-25 09:30:00,119.0,119.0,119.0,119.0,95509.03336904,11365574.97091576
2026-05-25 09:45:00,119.0,119.0,119.0,119.0,67377.36109323,8017905.97009437
2026-05-25 10:00:00,119.0,119.0,118.0,119.0,84282.61344537,9945597.38655366
2026-05-25 10:15:00,118.0,119.0,118.0,119.0,4189.1509449,494573.59301079
2026-05-25 10:30:00,119.0,119.0,118.0,118.0,24719.83594169,2937465.80078328
2026-05-25 10:45:00,118.0,119.0,118.0,118.0,26671.46678948,3148237.27428146
2026-05-25 11:00:00,119.0,119.0,119.0,119.0,18720.84033613,2227779.99999947
2026-05-25 11:15:00,119.0,119.0,118.0,118.0,55624.69530595,6619174.10766487
2026-05-25 11:30:00,119.0,119.0,119.0,119.0,34360.46516732,4088895.35491108
2026-05-25 12:00:00,119.0,119.0,119.0,119.0,8394.96218277,999000.49974963
2026-05-25 12:15:00,118.0,119.0,118.0,118.0,2642.30338936,312043.90078481
2026-05-25 12:30:00,118.0,119.0,118.0,119.0,1062.24690004,125388.72585427
2026-05-25 13:00:00,119.0,119.0,119.0,119.0,20181.63512235,2401614.57955965
2026-05-25 13:15:00,118.0,119.0,118.0,119.0,7020.93948584,829310.77550548
2026-05-25 13:30:00,119.0,120.0,118.0,120.0,299.14166666,35498.9999992
2026-05-25 13:45:00,120.0,120.0,120.0,120.0,8756.19810031,1050743.7720372
2026-05-25 14:00:00,120.0,121.0,120.0,120.0,40911.47590532,4919289.50533261
2026-05-25 14:15:00,121.0,121.0,120.0,120.0,1611.36494782,193693.52126305
2026-05-25 14:30:00,121.0,121.0,121.0,121.0,99.0,11979.0
2026-05-25 14:45:00,120.0,121.0,120.0,120.0,4302.71470888,520455.93138739
2026-05-25 15:00:00,120.0,120.0,120.0,120.0,11424.93866173,1370992.6394076
2026-05-25 15:15:00,121.0,122.0,121.0,122.0,259293.22429238,31502683.76116133
2026-05-25 15:30:00,122.0,123.0,122.0,122.0,273927.87651747,33420394.65057834
2026-05-25 15:45:00,122.0,122.0,121.0,121.0,162567.76326933,19831601.28510847
2026-05-25 16:00:00,121.0,121.0,121.0,121.0,21508.44919916,2602522.35309836
2026-05-25 16:15:00,121.0,121.0,121.0,121.0,3483.01602087,421444.93852527
2026-05-25 16:30:00,121.0,121.0,121.0,121.0,4132.23140496,500000.00000016
2026-05-25 16:45:00,122.0,122.0,121.0,121.0,7900.5655256,956067.4285976
2026-05-25 17:00:00,121.0,122.0,121.0,122.0,4991.7354008,604227.39379411
2026-05-25 17:30:00,120.0,121.0,120.0,121.0,155912.80324714,18864949.19290394
2026-05-25 17:45:00,121.0,121.0,121.0,121.0,12465.56473829,1508333.33333309
2026-05-25 18:00:00,122.0,122.0,122.0,122.0,99.0,12078.0
2026-05-25 18:15:00,121.0,122.0,121.0,122.0,7129.29090442,862692.83085681
2026-05-25 18:30:00,122.0,122.0,120.0,121.0,100742.2495401,12184134.8498068
2026-05-25 18:45:00,121.0,121.0,121.0,121.0,19026.24661841,2302175.84082761
2026-05-25 19:15:00,120.0,120.0,120.0,120.0,31684.89344261,3802187.2131132
2026-05-25 19:30:00,121.0,121.0,121.0,121.0,33591.99128121,4064630.94502641
2026-05-25 20:00:00,120.0,120.0,120.0,120.0,139055.71128127,16686685.3537524
2026-05-25 20:15:00,121.0,121.0,120.0,121.0,966.43808427,116112.56191567
2026-05-25 20:45:00,121.0,121.0,121.0,121.0,21938.66143333,2654578.03343293
2026-05-25 21:00:00,120.0,120.0,120.0,120.0,122584.11679159,14710094.0149908
2026-05-25 21:15:00,120.0,120.0,120.0,120.0,8333.33333334,1000000.0000008
2026-05-25 21:30:00,120.0,120.0,120.0,120.0,43.957,5274.84
2026-05-25 21:45:00,120.0,121.0,120.0,121.0,57161.46446194,6859423.47189514
2026-05-25 22:00:00,121.0,121.0,120.0,120.0,33416.22991207,4009989.73820873
2026-05-25 22:15:00,121.0,121.0,120.0,120.0,30722.76276074,3717032.66076537
2026-05-25 22:45:00,120.0,121.0,120.0,121.0,2138.16967742,256674.50430153
2026-05-25 23:00:00,121.0,121.0,120.0,121.0,21879.81622728,2642467.5521612
2026-05-25 23:15:00,121.0,121.0,120.0,120.0,23466.31801866,2836091.14692452
2026-05-25 23:30:00,120.0,121.0,120.0,121.0,925.74993494,111135.98572495
2026-05-25 23:45:00,121.0,121.0,121.0,121.0,14350.0,1736350.0
2026-05-26 00:00:00,120.0,121.0,120.0,121.0,18106.85949421,2181017.6021052
2026-05-26 00:15:00,120.0,121.0,120.0,121.0,258.22419368,31032.46723646
2026-05-26 00:30:00,121.0,121.0,120.0,121.0,203579.56855912,24630665.08250966
2026-05-26 00:45:00,121.0,123.0,121.0,123.0,475498.74529093,58230250.23267604
2026-05-26 01:00:00,123.0,123.0,123.0,123.0,1626.01626016,199999.99999968
2026-05-26 01:15:00,122.0,123.0,121.0,123.0,629912.78414717,76886153.90429898
2026-05-26 01:30:00,123.0,123.0,123.0,123.0,16260.16260162,1999999.99999926
2026-05-26 01:45:00,123.0,123.0,122.0,122.0,333.40165333,40756.30251926
2026-05-26 02:00:00,122.0,122.0,122.0,122.0,216.86404866,26457.41393652
2026-05-26 02:15:00,122.0,123.0,122.0,123.0,89.87644858,11009.66045745
2026-05-26 02:45:00,123.0,123.0,123.0,123.0,9827.04457545,1208726.48278035
2026-05-26 03:00:00,123.0,124.0,122.0,123.0,197557.08811401,24289345.59688612
2026-05-26 03:15:00,124.0,125.0,123.0,124.0,272335.91954921,33989317.11860045
2026-05-26 03:30:00,124.0,125.0,124.0,124.0,157323.73404711,19589722.4887775
2026-05-26 03:45:00,125.0,126.0,124.0,126.0,74343.25117722,9328663.52498393
2026-05-26 04:00:00,126.0,127.0,124.0,125.0,404131.08535574,50351429.41289863
2026-05-26 04:15:00,125.0,125.0,125.0,125.0,176690.87661766,22086359.5772075
2026-05-26 04:30:00,125.0,125.0,125.0,125.0,61911.85655663,7738982.06957875
2026-05-26 04:45:00,125.0,125.0,125.0,125.0,2714.1025641,339262.8205125
2026-05-26 05:00:00,125.0,125.0,125.0,125.0,47432.3947619,5929049.3452375
2026-05-26 05:15:00,125.0,125.0,125.0,125.0,300.0,37500.0
2026-05-26 05:30:00,126.0,126.0,124.0,124.0,8332.87946501,1041657.81480445
2026-05-26 05:45:00,124.0,125.0,124.0,125.0,110897.61216827,13830375.32859321
2026-05-26 06:00:00,125.0,126.0,124.0,124.0,63800.77837921,7983447.67776662
2026-05-26 06:15:00,124.0,124.0,124.0,124.0,16867.32037866,2091547.72695384
2026-05-26 06:30:00,124.0,124.0,124.0,124.0,3600.0,446400.0
2026-05-26 06:45:00,124.0,124.0,124.0,124.0,81121.74137343,10059095.93030532
2026-05-26 07:00:00,125.0,125.0,124.0,124.0,11577.43391477,1446085.67639922
2026-05-26 07:15:00,124.0,125.0,123.0,124.0,34829.25824145,4318828.0219398
2026-05-26 07:30:00,124.0,124.0,122.0,122.0,87038.81215111,10733876.9034752
2026-05-26 07:45:00,123.0,124.0,122.0,122.0,50768.75246561,6244604.40327003
2026-05-26 08:00:00,122.0,122.0,122.0,122.0,45.0,5490.0
2026-05-26 08:15:00,123.0,124.0,123.0,124.0,225773.49646922,27782517.62914209
2026-05-26 08:30:00,124.0,124.0,123.0,123.0,17247.7777707,2131385.0935325
2026-05-26 08:45:00,124.0,124.0,123.0,123.0,17111.72354087,2104893.67378464
2026-05-26 09:00:00,124.0,124.0,123.0,123.0,49612.27649833,6102389.99148691
2026-05-26 09:15:00,123.0,123.0,123.0,123.0,17944.89121234,2207221.61911782
2026-05-26 09:30:00,123.0,124.0,122.0,122.0,180747.90375649,22165071.63338411
2026-05-26 09:45:00,122.0,122.0,120.0,121.0,399121.82853614,48261256.18054809
2026-05-26 10:00:00,121.0,121.0,120.0,121.0,193644.14125055,23321868.81757274
2026-05-26 10:15:00,121.0,122.0,120.0,121.0,43717.59310835,5289259.07445472
2026-05-26 10:30:00,120.0,120.0,120.0,120.0,474.15836889,56899.0042668
2026-05-26 10:45:00,120.0,121.0,120.0,121.0,2022.69838154,243041.49999967
2026-05-26 11:00:00,121.0,121.0,121.0,121.0,165.28925619,19999.99999899
2026-05-26 11:15:00,120.0,120.0,120.0,120.0,92366.57423815,11083988.908578
2026-05-26 11:30:00,120.0,120.0,120.0,120.0,5417.0,650040.0
2026-05-26 11:45:00,119.0,120.0,119.0,120.0,32506.34271906,3872189.24287067
2026-05-26 12:00:00,119.0,121.0,119.0,120.0,52110.30649937,6252633.26209581
2026-05-26 12:15:00,120.0,120.0,120.0,120.0,200417.41226095,24050089.471314
2026-05-26 12:30:00,120.0,120.0,120.0,120.0,8329.81060606,999577.2727272
2026-05-26 12:45:00,120.0,121.0,120.0,121.0,75939.78761087,9140829.99011704
2026-05-26 13:15:00,121.0,121.0,121.0,121.0,101321.62336001,12259916.42656121
2026-05-26 13:30:00,121.0,124.0,121.0,123.0,101376.81777938,12389284.29903132
2026-05-26 13:45:00,123.0,123.0,122.0,122.0,55631.47847858,6842621.85286534
2026-05-26 14:00:00,123.0,123.0,123.0,123.0,38462.15293828,4730844.81140844
2026-05-26 14:15:00,123.0,123.0,123.0,123.0,3154.81247103,388041.93393669
2026-05-26 14:30:00,123.0,123.0,123.0,123.0,878.42642228,108046.44994044
2026-05-26 14:45:00,123.0,125.0,123.0,124.0,124857.47923209,15558371.75815919
2026-05-26 15:00:00,124.0,125.0,123.0,125.0,61034.9614123,7582844.1135792
2026-05-26 15:15:00,124.0,125.0,124.0,124.0,48153.55679209,6019032.65388704
2026-05-26 15:30:00,124.0,125.0,124.0,124.0,1393.42810852,173239.30634603
2026-05-26 15:45:00,124.0,124.0,124.0,124.0,149510.3040178,18539277.6982072
2026-05-26 16:00:00,124.0,124.0,122.0,123.0,271617.3621425,33456223.61367521
2026-05-26 16:15:00,123.0,123.0,122.0,123.0,48887.01138036,6013053.91183314
2026-05-26 16:30:00,123.0,123.0,122.0,122.0,8659.05304464,1056872.20000092
2026-05-26 16:45:00,122.0,123.0,122.0,123.0,99929.4698603,12274789.76206301
2026-05-26 17:00:00,122.0,124.0,122.0,124.0,4988.93169113,610109.91420072
2026-05-26 17:15:00,123.0,123.0,123.0,123.0,7167.99123691,881662.92213993
2026-05-26 17:30:00,122.0,122.0,122.0,122.0,46967.41089577,5730024.12928394
2026-05-26 17:45:00,122.0,122.0,122.0,122.0,88037.66529231,10740595.16566182
2026-05-26 18:00:00,122.0,122.0,122.0,122.0,52262.19761071,6375988.10850662
2026-05-26 18:15:00,123.0,125.0,123.0,124.0,463154.21486755,57254601.82609625
2026-05-26 18:30:00,124.0,125.0,123.0,123.0,25896.59436235,3189034.68475739
2026-05-26 18:45:00,123.0,124.0,123.0,124.0,31402.64083397,3883694.78225573
2026-05-26 19:00:00,124.0,124.0,124.0,124.0,236783.41055203,29361142.90845172
2026-05-26 19:15:00,125.0,125.0,124.0,125.0,130887.76980994,16320271.5330183
2026-05-26 19:30:00,124.0,126.0,124.0,125.0,33939.69359912,4240147.65622927
2026-05-26 19:45:00,125.0,126.0,125.0,126.0,63993.68101323,8014311.61078073
2026-05-26 20:00:00,126.0,127.0,125.0,126.0,403797.42145215,50879964.61253339
2026-05-26 20:15:00,126.0,127.0,125.0,126.0,195721.90996896,24687596.19836534
2026-05-26 20:30:00,127.0,128.0,126.0,128.0,231257.49683903,29399515.37396662
2026-05-26 20:45:00,127.0,128.0,127.0,127.0,168730.55555975,21474448.40935071
2026-05-26 21:00:00,127.0,128.0,126.0,127.0,364949.85474208,46327421.95043056
2026-05-26 21:15:00,127.0,127.0,126.0,127.0,161689.30574938,20533661.04884193
2026-05-26 21:30:00,127.0,128.0,126.0,127.0,57247.65432534,7273899.9980891
2026-05-26 21:45:00,127.0,128.0,127.0,128.0,217568.52109305,27847665.40955607
2026-05-26 22:00:00,129.0,129.0,127.0,128.0,105163.95008016,13465433.5638153
2026-05-26 22:15:00,128.0,128.0,127.0,128.0,11468.25547861,1467660.58667419
2026-05-26 22:30:00,128.0,129.0,127.0,128.0,349054.20083841,44663730.76489297
2026-05-26 22:45:00,128.0,129.0,128.0,129.0,130580.15591486,16839188.27850543
2026-05-26 23:00:00,129.0,130.0,129.0,129.0,206302.67746468,26649751.41661372
2026-05-26 23:15:00,129.0,129.0,128.0,129.0,319788.39417323,41250384.40713625
2026-05-26 23:30:00,129.0,129.0,127.0,128.0,328743.0392173,42293359.24076618
2026-05-26 23:45:00,127.0,129.0,127.0,129.0,167825.31496189,21416329.2812215
2026-05-27 00:00:00,128.0,128.0,126.0,127.0,84985.293566,10752972.41412784
2026-05-27 00:15:00,127.0,127.0,127.0,127.0,22043.67213114,2799546.36065478
2026-05-27 00:30:00,127.0,128.0,127.0,128.0,31375.4927937,4009748.4501429
2026-05-27 00:45:00,129.0,129.0,125.0,126.0,456105.51973306,57590466.58481324
2026-05-27 01:00:00,127.0,127.0,125.0,125.0,131981.81076155,16618720.37954366
2026-05-27 01:15:00,126.0,127.0,125.0,126.0,37692.68380301,4749322.81617926
2026-05-27 01:30:00,127.0,127.0,127.0,127.0,7754.43165818,984812.82058886
2026-05-27 01:45:00,127.0,127.0,127.0,127.0,648944.83588269,82415994.15710163
2026-05-27 02:00:00,127.0,127.0,127.0,127.0,44169.30729423,5609502.02636721
2026-05-27 02:15:00,127.0,128.0,126.0,128.0,277695.7302113,35284104.7368351
2026-05-27 02:30:00,127.0,127.0,125.0,126.0,519013.57421096,65410433.27082861
2026-05-27 02:45:00,126.0,127.0,126.0,126.0,71378.88229278,9063437.56798953
2026-05-27 03:00:00,126.0,126.0,126.0,126.0,600.0,75600.0
2026-05-27 03:15:00,127.0,128.0,126.0,127.0,285539.23386659,36254582.14436401
2026-05-27 03:30:00,127.0,127.0,127.0,127.0,15898.03149606,2019049.99999962
2026-05-27 03:45:00,127.0,127.0,127.0,127.0,19320.03149606,2453643.99999962
2026-05-27 04:00:00,127.0,127.0,126.0,126.0,25861.46245059,3283694.26877434
2026-05-27 04:15:00,127.0,128.0,126.0,128.0,80358.33410956,10213791.77634994
2026-05-27 04:30:00,128.0,128.0,128.0,128.0,18191.6475498,2328530.8863744
2026-05-27 04:45:00,127.0,127.0,127.0,127.0,94650.66982409,12020635.06765943
2026-05-27 05:00:00,128.0,128.0,128.0,128.0,13388.953125,1713786.0
2026-05-27 05:30:00,127.0,128.0,127.0,127.0,169326.46621139,21505410.25728403
2026-05-27 05:45:00,127.0,127.0,127.0,127.0,78.74015748,9999.99999996
2026-05-27 06:00:00,126.0,126.0,124.0,125.0,42525.38073485,5308638.75346964
2026-05-27 06:15:00,125.0,126.0,124.0,126.0,39107.74051042,4885487.40131682
2026-05-27 06:30:00,125.0,126.0,125.0,125.0,5165.77487831,645760.32901951
2026-05-27 06:45:00,125.0,125.0,124.0,125.0,46834.99427402,5849200.77761158
2026-05-27 07:00:00,125.0,125.0,125.0,125.0,54035.66216891,6754457.77111375
2026-05-27 07:15:00,125.0,125.0,124.0,125.0,114121.1643283,14248299.00459445
2026-05-27 07:30:00,125.0,125.0,124.0,124.0,96074.808393,12006116.10295488
2026-05-27 07:45:00,124.0,124.0,124.0,124.0,180263.35563813,22352656.09912812
2026-05-27 08:00:00,124.0,125.0,124.0,124.0,633.32931513,78692.7551161
2026-05-27 08:15:00,125.0,125.0,124.0,124.0,21660.63331435,2685998.5309794
2026-05-27 08:30:00,124.0,124.0,124.0,124.0,206.25,25575.0
2026-05-27 08:45:00,125.0,125.0,122.0,124.0,603257.99208133,74285628.87821928
2026-05-27 09:00:00,122.0,123.0,122.0,123.0,54903.72940321,6718868.2474906
2026-05-27 09:15:00,123.0,123.0,122.0,123.0,43847.81751567,5392270.12794448
2026-05-27 09:30:00,123.0,124.0,123.0,124.0,22145.27250874,2741785.05233052
2026-05-27 09:45:00,124.0,124.0,123.0,123.0,59094.70906603,7269283.08608943
2026-05-27 10:00:00,123.0,124.0,122.0,122.0,94003.63666737,11562337.64073167
2026-05-27 10:15:00,123.0,123.0,123.0,123.0,23948.9594793,2945722.0159539
2026-05-27 10:30:00,122.0,123.0,121.0,122.0,424094.7766183,51629635.19712003
2026-05-27 10:45:00,122.0,122.0,122.0,122.0,6404.10793785,781301.1684177
2026-05-27 11:00:00,121.0,121.0,121.0,121.0,15066.5851969,1823056.8088249
2026-05-27 11:15:00,121.0,121.0,121.0,121.0,157645.15998159,19075064.35777239
2026-05-27 11:30:00,121.0,121.0,121.0,121.0,213221.38639637,25799787.75396077
2026-05-27 11:45:00,121.0,122.0,120.0,121.0,93514.6360199,11316112.9584079
2026-05-27 12:00:00,121.0,129.0,121.0,127.0,2943422.59688634,369002939.185064
2026-05-27 12:15:00,127.0,128.0,127.0,127.0,895099.90895699,113969700.93272372
2026-05-27 12:30:00,127.0,129.0,127.0,128.0,428117.20825847,54789331.69430073
2026-05-27 12:45:00,129.0,129.0,127.0,128.0,586656.45702642,75135732.66612256
2026-05-27 13:00:00,128.0,129.0,127.0,128.0,391681.35348043,49989544.14678611
2026-05-27 13:15:00,128.0,128.0,126.0,126.0,386552.53380532,49210417.29067251
2026-05-27 13:30:00,126.0,126.0,125.0,125.0,970237.75269379,121455538.39532673
2026-05-27 13:45:00,126.0,128.0,126.0,128.0,648247.77796816,82137706.90990184
2026-05-27 14:00:00,128.0,128.0,127.0,128.0,148050.36486012,18950445.04126508
2026-05-27 14:15:00,127.0,128.0,126.0,127.0,293033.32702369,37210993.83493724
2026-05-27 14:30:00,127.0,127.0,126.0,127.0,330578.22354388,41938940.1078071
2026-05-27 14:45:00,126.0,127.0,126.0,126.0,157147.90730631,19946122.83007662
2026-05-27 15:00:00,127.0,127.0,126.0,126.0,209153.65260576,26466809.52642253
2026-05-27 15:15:00,126.0,126.0,126.0,126.0,117427.89815407,14795915.16741282
2026-05-27 15:30:00,127.0,127.0,126.0,127.0,90134.88831535,11357942.05946762
2026-05-27 15:45:00,126.0,127.0,126.0,126.0,88120.78973077,11141746.29454159
2026-05-27 16:00:00,127.0,128.0,126.0,126.0,50067.76223704,6355427.10078887
2026-05-27 16:15:00,126.0,126.0,126.0,126.0,231304.60428611,29144380.14004986
2026-05-27 16:30:00,126.0,127.0,126.0,127.0,28676.32089585,3629869.25464087
2026-05-27 16:45:00,126.0,128.0,126.0,127.0,168730.75228088,21504729.09699186
2026-05-27 17:00:00,127.0,127.0,126.0,126.0,209188.36129325,26552256.47190639
2026-05-27 17:15:00,126.0,126.0,126.0,126.0,89367.03605932,11260246.54347432
2026-05-27 17:30:00,126.0,127.0,125.0,126.0,126084.24186829,15890037.69328643
2026-05-27 17:45:00,126.0,126.0,125.0,125.0,96899.69248373,12119118.43745038
2026-05-27 18:00:00,125.0,126.0,125.0,126.0,113362.97477422,14184924.22684098
2026-05-27 18:15:00,126.0,126.0,125.0,125.0,60011.25051374,7519334.9992361
2026-05-27 18:30:00,125.0,126.0,125.0,125.0,106172.67846598,13301643.73681892
2026-05-27 18:45:00,125.0,126.0,125.0,125.0,258579.88220006,32434445.40095125
2026-05-27 19:00:00,125.0,126.0,123.0,124.0,594629.45995914,73880407.27370876
2026-05-27 19:15:00,124.0,125.0,123.0,124.0,115910.44385993,14324656.72903259
2026-05-27 19:30:00,124.0,124.0,123.0,123.0,108963.44627785,13490365.21828662
2026-05-27 19:45:00,123.0,124.0,123.0,123.0,28511.00088228,3515568.64405857
2026-05-27 20:00:00,124.0,125.0,124.0,125.0,135448.9653577,16795994.28499996
2026-05-27 20:15:00,125.0,125.0,124.0,124.0,237920.62599814,29512055.83654684
2026-05-27 20:30:00,124.0,124.0,123.0,124.0,17023.9901461,2095638.96160726
2026-05-27 20:45:00,124.0,124.0,123.0,123.0,36151.25730251,4467007.87401518
2026-05-27 21:00:00,123.0,124.0,123.0,123.0,420702.16438164,51747504.62701932
2026-05-27 21:15:00,123.0,125.0,123.0,124.0,118462.85344044,14659957.29495387
2026-05-27 21:30:00,124.0,126.0,124.0,125.0,308646.50768501,38431012.64903205
2026-05-27 21:45:00,125.0,126.0,125.0,125.0,36627.82113295,4578934.58785552
2026-05-27 22:00:00,125.0,126.0,124.0,124.0,138057.30048216,17207697.21368763
2026-05-27 22:15:00,125.0,125.0,124.0,124.0,134695.57831863,16742240.60506333
2026-05-27 22:30:00,124.0,124.0,123.0,123.0,396236.50552921,48782268.51028256
2026-05-27 22:45:00,123.0,125.0,123.0,125.0,367310.31111796,45787087.99801048
2026-05-27 23:00:00,124.0,125.0,124.0,125.0,44283.93236949,5506388.00807124
2026-05-27 23:15:00,125.0,126.0,123.0,124.0,501289.8046194,62641205.97307652
2026-05-27 23:30:00,124.0,125.0,123.0,125.0,41646.14824425,5187982.246287
2026-05-27 23:45:00,125.0,125.0,124.0,125.0,59201.43630997,7396749.8733858
2026-05-28 00:00:00,125.0,126.0,125.0,125.0,122562.77266127,15320425.96361113
2026-05-28 00:15:00,124.0,126.0,124.0,126.0,27924.5261466,3490150.60593225
2026-05-28 00:30:00,126.0,126.0,126.0,126.0,2639.20420742,332539.73013492
2026-05-28 00:45:00,125.0,125.0,125.0,125.0,7874.38740231,984298.42528875
2026-05-28 01:00:00,125.0,125.0,125.0,125.0,190007.64168483,23750955.21060375
2026-05-28 01:30:00,124.0,124.0,124.0,124.0,2878.93431063,356987.85451812
2026-05-28 01:45:00,125.0,125.0,125.0,125.0,5280.0,660000.0
2026-05-28 02:00:00,124.0,124.0,123.0,123.0,403273.51653358,49679517.92424353
2026-05-28 02:15:00,123.0,124.0,122.0,123.0,17899.39838944,2196510.46705735
2026-05-28 02:30:00,124.0,124.0,123.0,123.0,185595.9496925,22828342.29960579
2026-05-28 02:45:00,123.0,123.0,123.0,123.0,2824.1902439,347375.3999997
2026-05-28 03:00:00,122.0,122.0,122.0,122.0,101643.45596588,12400501.62783736
2026-05-28 03:15:00,122.0,122.0,122.0,122.0,29928.93717074,3651330.33483028
2026-05-28 03:30:00,122.0,123.0,121.0,123.0,37058.26151893,4490115.46976009
2026-05-28 03:45:00,123.0,123.0,122.0,122.0,2145.86619962,263888.58112076
2026-05-28 04:00:00,122.0,123.0,121.0,123.0,4000.79631297,486074.82675012
2026-05-28 04:15:00,122.0,122.0,122.0,122.0,1334.15748154,162767.21274788
2026-05-28 04:30:00,122.0,122.0,122.0,122.0,995.8453237,121493.1294914
2026-05-28 05:00:00,122.0,122.0,122.0,122.0,26380.40570484,3218409.49599048
2026-05-28 05:15:00,123.0,123.0,122.0,122.0,124.06504064,15176.66666539
2026-05-28 05:30:00,122.0,122.0,122.0,122.0,126249.80477686,15402476.18277692
2026-05-28 05:45:00,122.0,122.0,122.0,122.0,79.51244795,9700.5186499
2026-05-28 06:00:00,123.0,123.0,122.0,122.0,27861.501983,3417898.69379761
2026-05-28 06:15:00,122.0,123.0,122.0,123.0,8499.22200036,1045322.33883116
2026-05-28 06:30:00,123.0,123.0,120.0,120.0,429208.08463477,51814370.80570634
2026-05-28 06:45:00,120.0,121.0,119.0,120.0,189091.39578733,22543451.1967828
2026-05-28 07:00:00,119.0,120.0,119.0,120.0,243726.51710943,29160591.47386655
2026-05-28 07:15:00,120.0,121.0,119.0,120.0,161087.69852586,19210723.05606867
2026-05-28 07:30:00,119.0,120.0,119.0,119.0,388252.82906966,46203466.72012287
2026-05-28 07:45:00,119.0,119.0,118.0,119.0,242447.70103151,28635560.21064172
2026-05-28 08:00:00,118.0,119.0,117.0,119.0,77900.78902418,9168912.88463444
2026-05-28 08:15:00,118.0,119.0,117.0,117.0,186805.85817239,22037183.50113558
2026-05-28 08:30:00,117.0,118.0,116.0,118.0,318139.22103632,37228845.22353739
2026-05-28 08:45:00,117.0,119.0,117.0,118.0,39176.28022532,4629173.26364261
2026-05-28 09:00:00,118.0,119.0,117.0,118.0,241658.93451376,28547908.75875141
2026-05-28 09:15:00,118.0,118.0,117.0,118.0,232298.79237577,27249612.80018167
2026-05-28 09:30:00,117.0,117.0,117.0,117.0,311233.81946953,36414356.87793501
2026-05-28 09:45:00,117.0,118.0,117.0,118.0,4970.47620922,584207.73401408
2026-05-28 10:00:00,118.0,118.0,117.0,117.0,18773.66753836,2205247.91554743
2026-05-28 10:15:00,117.0,117.0,115.0,117.0,261720.31878715,30309591.2030526
2026-05-28 10:30:00,116.0,117.0,114.0,116.0,522713.07543208,60176695.0421182
2026-05-28 10:45:00,116.0,116.0,115.0,115.0,216777.48663621,25009469.11611767
2026-05-28 11:00:00,116.0,116.0,115.0,116.0,410678.34672108,47228218.80696907
2026-05-28 11:15:00,116.0,116.0,115.0,115.0,93838.30311517,10836640.86093286
2026-05-28 11:30:00,115.0,116.0,115.0,116.0,19315.69429992,2221434.41345631
2026-05-28 11:45:00,116.0,116.0,115.0,115.0,71299.34037462,8250117.85170111
2026-05-28 12:00:00,116.0,116.0,115.0,116.0,140870.76318636,16287287.62262398
2026-05-28 12:15:00,116.0,116.0,114.0,115.0,127967.51898829,14701736.17169437
2026-05-28 12:30:00,114.0,114.0,113.0,114.0,676900.63040198,76971480.40848598
2026-05-28 12:45:00,114.0,114.0,113.0,114.0,217547.30339769,24602155.80416126
2026-05-28 13:00:00,113.0,114.0,111.0,113.0,296793.36611718,33304122.02717649
2026-05-28 13:15:00,112.0,113.0,111.0,112.0,138049.73063949,15413557.07915898
2026-05-28 13:30:00,112.0,113.0,111.0,112.0,119160.11264041,13345238.32821595
2026-05-28 13:45:00,113.0,113.0,112.0,113.0,19623.27961526,2217260.54610422
2026-05-28 14:00:00,113.0,113.0,112.0,112.0,13417.81803736,1509594.26886881
2026-05-28 14:15:00,112.0,112.0,110.0,110.0,322281.27875525,35836651.98498589
2026-05-28 14:30:00,110.0,112.0,110.0,111.0,105342.13313632,11652329.5681537
2026-05-28 14:45:00,111.0,113.0,111.0,113.0,526088.75503806,58921621.36085557
2026-05-28 15:00:00,113.0,113.0,112.0,112.0,191766.26920817,21525384.64002641
2026-05-28 15:15:00,113.0,113.0,112.0,113.0,25083.83870895,2809584.27168558
2026-05-28 15:30:00,113.0,113.0,111.0,113.0,88271.42850402,9886522.0303769
2026-05-28 15:45:00,113.0,113.0,113.0,113.0,61428.37804213,6941406.71876069
2026-05-28 16:00:00,113.0,114.0,112.0,112.0,226359.03121767,25574389.42233355
2026-05-28 16:15:00,113.0,114.0,113.0,114.0,80216.68884118,9064767.6811586
2026-05-28 16:30:00,114.0,114.0,114.0,114.0,99695.67410483,11365306.84795062
2026-05-28 16:45:00,114.0,114.0,114.0,114.0,60962.64148625,6949741.1294325
2026-05-28 17:00:00,114.0,114.0,113.0,114.0,4538.45092014,515520.42766002
2026-05-28 17:15:00,114.0,114.0,113.0,114.0,5600.44948803,633145.24163542
2026-05-28 17:30:00,113.0,114.0,112.0,112.0,234486.95185618,26494749.37483557
2026-05-28 17:45:00,113.0,113.0,112.0,113.0,32215.55655653,3639206.45722563
2026-05-28 18:00:00,113.0,113.0,113.0,113.0,18121.83288885,2047767.11644005
2026-05-28 18:15:00,112.0,113.0,112.0,113.0,4518.22381846,509752.83987308
2026-05-28 18:30:00,113.0,114.0,113.0,114.0,84697.24203103,9571226.72680896
2026-05-28 18:45:00,114.0,114.0,114.0,114.0,3734.15789473,425693.99999922
2026-05-28 19:00:00,114.0,114.0,113.0,113.0,167888.95751655,19104800.996596
2026-05-28 19:15:00,113.0,114.0,112.0,114.0,118048.52198784,13339106.71129554
2026-05-28 19:30:00,113.0,114.0,113.0,114.0,96.99208198,11004.00000058
2026-05-28 19:45:00,113.0,113.0,113.0,113.0,72130.72827081,8150772.29460153
2026-05-28 20:00:00,113.0,113.0,112.0,112.0,43169.49502701,4852673.76600522
2026-05-28 20:15:00,113.0,113.0,112.0,112.0,296527.58196474,33211222.06500662
2026-05-28 20:30:00,112.0,113.0,112.0,113.0,116276.54238447,13033017.02139692
2026-05-28 20:45:00,113.0,113.0,112.0,113.0,43389.59817162,4863217.40755509
2026-05-28 21:00:00,112.0,113.0,112.0,112.0,125267.49710077,14030048.2239588
2026-05-28 21:15:00,113.0,113.0,112.0,113.0,6513.79777935,730058.65217214
2026-05-28 21:30:00,113.0,113.0,113.0,113.0,14602.21592742,1650050.39979846
2026-05-28 21:45:00,113.0,113.0,112.0,113.0,272156.23377212,30694611.8476855
2026-05-28 22:00:00,113.0,114.0,113.0,114.0,350195.22172871,39572852.73039468
2026-05-28 22:15:00,113.0,113.0,112.0,113.0,389059.3799826,43576679.62211171
2026-05-28 22:30:00,113.0,113.0,112.0,113.0,1966.39186304,220712.99485516
2026-05-28 22:45:00,112.0,113.0,112.0,113.0,129283.93845277,14569822.14208676
2026-05-28 23:00:00,112.0,113.0,112.0,113.0,197749.07411947,22149379.18633638
2026-05-28 23:15:00,113.0,114.0,112.0,113.0,35808.20487725,4025072.15662651
2026-05-28 23:30:00,112.0,113.0,112.0,112.0,14095.40862958,1587535.32403508
2026-05-28 23:45:00,113.0,113.0,113.0,113.0,1902.74336283,215009.99999979
2026-05-29 00:15:00,113.0,113.0,112.0,112.0,52760.64201804,5909280.4015957
2026-05-29 00:30:00,112.0,113.0,112.0,113.0,81625.71880134,9207755.07694426
2026-05-29 00:45:00,114.0,114.0,114.0,114.0,43.85964912,4999.99999968
2026-05-29 01:00:00,114.0,114.0,113.0,113.0,4137.4859649,469290.2999986
2026-05-29 01:15:00,114.0,114.0,113.0,114.0,21967.74428027,2503336.14912801
2026-05-29 01:30:00,113.0,114.0,113.0,113.0,143188.96764695,16321142.52131139
2026-05-29 01:45:00,114.0,115.0,114.0,114.0,21628.56979878,2466771.15419963
2026-05-29 02:00:00,114.0,115.0,114.0,114.0,16539.40145981,1885878.72294007
2026-05-29 02:15:00,114.0,115.0,114.0,115.0,14854.73868108,1707417.75534174
2026-05-29 02:30:00,115.0,116.0,115.0,115.0,164143.44392968,18877357.69005964
2026-05-29 02:45:00,115.0,115.0,115.0,115.0,60266.75470977,6930676.79162355
2026-05-29 03:00:00,115.0,116.0,115.0,116.0,41862.58995208,4855972.43444128
2026-05-29 03:30:00,116.0,116.0,116.0,116.0,14598.04580468,1693373.31334288
2026-05-29 04:00:00,117.0,117.0,117.0,117.0,86.20689655,10086.20689635
2026-05-29 04:30:00,116.0,116.0,116.0,116.0,150.0,17400.0
2026-05-29 05:00:00,115.0,115.0,115.0,115.0,12606.49130434,1449746.4999991
2026-05-29 05:15:00,115.0,115.0,115.0,115.0,12107.56448854,1392369.9161821
2026-05-29 05:30:00,116.0,116.0,116.0,116.0,30384.35006633,3524584.60769428
2026-05-29 05:45:00,116.0,116.0,115.0,115.0,16108.9217296,1852698.4126971
2026-05-29 06:00:00,116.0,116.0,116.0,116.0,43.15517241,5005.99999956
2026-05-29 06:15:00,115.0,115.0,115.0,115.0,801.96365031,92225.81978565
2026-05-29 06:30:00,115.0,116.0,115.0,116.0,316884.36269402,36754151.28989762
2026-05-29 06:45:00,116.0,116.0,116.0,116.0,25929.14439332,3007780.74962512
2026-05-29 07:00:00,116.0,116.0,116.0,116.0,21370.56045252,2478985.01249232
2026-05-29 07:15:00,116.0,116.0,116.0,116.0,57472.84116561,6666849.57521076
2026-05-29 07:30:00,115.0,116.0,115.0,116.0,42677.67268087,4908082.35830005
2026-05-29 07:45:00,114.0,115.0,114.0,115.0,80672.33445448,9272818.4622652
2026-05-29 08:00:00,115.0,116.0,115.0,116.0,42504.53660069,4899026.64442417
2026-05-29 08:15:00,115.0,116.0,115.0,116.0,2358.93416927,271363.6363626
2026-05-29 08:45:00,116.0,116.0,116.0,116.0,343.18965517,39809.99999972
2026-05-29 09:00:00,116.0,116.0,115.0,116.0,9281.1902906,1072672.48902136
2026-05-29 09:15:00,115.0,117.0,115.0,117.0,127046.85929744,14736269.12518198
2026-05-29 09:30:00,117.0,118.0,117.0,118.0,11204.26201083,1310941.11289422
2026-05-29 09:45:00,118.0,118.0,116.0,118.0,126057.04460808,14746359.80355718
2026-05-29 10:00:00,117.0,118.0,116.0,116.0,19441.63819434,2274313.57715768
2026-05-29 10:15:00,117.0,118.0,117.0,117.0,37412.54360504,4377521.83907781
2026-05-29 10:30:00,117.0,117.0,117.0,117.0,4273.5042735,499999.9999995
2026-05-29 10:45:00,117.0,117.0,117.0,117.0,1175.64102564,137549.99999988
2026-05-29 11:00:00,117.0,118.0,117.0,118.0,42110.08150311,4960786.07603613
2026-05-29 11:15:00,118.0,118.0,117.0,117.0,48240.56431602,5688874.99099977
2026-05-29 11:30:00,116.0,117.0,116.0,117.0,112598.38583329,13063464.97888386
2026-05-29 11:45:00,117.0,117.0,115.0,116.0,79008.86886012,9143165.9518282
2026-05-29 12:00:00,116.0,116.0,116.0,116.0,68979.72476357,8001648.07257412
2026-05-29 12:15:00,117.0,117.0,116.0,117.0,24814.6468045,2878713.50117581
2026-05-29 12:30:00,116.0,116.0,116.0,116.0,8107.53683554,940474.27292264
2026-05-29 12:45:00,115.0,116.0,115.0,116.0,2647.82729459,304844.79413642
2026-05-29 13:00:00,116.0,116.0,115.0,115.0,30036.47008305,3455228.54230936
2026-05-29 13:15:00,115.0,115.0,114.0,115.0,50450.68812118,5781816.51917601
2026-05-29 13:30:00,115.0,116.0,115.0,116.0,45725.13910682,5259438.51649021
2026-05-29 13:45:00,116.0,116.0,116.0,116.0,150.0,17400.0
2026-05-29 14:00:00,116.0,116.0,115.0,116.0,35903.92910898,4164555.77664168
2026-05-29 14:15:00,116.0,119.0,116.0,119.0,306963.72579901,36150230.97114423
2026-05-29 14:30:00,119.0,120.0,119.0,120.0,148735.83057614,17827626.68619307
2026-05-29 14:45:00,120.0,121.0,119.0,121.0,307610.36781185,36984251.90855949
2026-05-29 15:00:00,121.0,123.0,121.0,121.0,991857.01857276,121381835.68556723
2026-05-29 15:15:00,122.0,123.0,118.0,119.0,464505.92592944,55777136.20910725
2026-05-29 15:30:00,120.0,120.0,119.0,120.0,17819.16329929,2138042.99724774
2026-05-29 15:45:00,119.0,120.0,119.0,119.0,27161.48841201,3240671.53977813
2026-05-29 16:00:00,119.0,120.0,118.0,118.0,123493.92398486,14676961.08118703
2026-05-29 16:15:00,119.0,120.0,119.0,120.0,61838.48695268,7396064.17073341
2026-05-29 16:30:00,119.0,119.0,117.0,117.0,100685.55852511,11906983.93787725
2026-05-29 16:45:00,117.0,119.0,117.0,118.0,73845.18925298,8786370.27528445
2026-05-29 17:00:00,118.0,119.0,118.0,119.0,556948.50780688,65770401.7611266
2026-05-29 17:15:00,119.0,120.0,119.0,120.0,75444.97606704,9046350.22550699
2026-05-29 17:30:00,120.0,120.0,119.0,120.0,840.30174898,100182.1317668
2026-05-29 17:45:00,120.0,120.0,119.0,119.0,105092.43732494,12521313.33333452
2026-05-29 18:00:00,120.0,120.0,120.0,120.0,114848.5149073,13781821.788876
2026-05-29 18:15:00,120.0,120.0,119.0,119.0,176582.16650688,21119431.07991159
2026-05-29 18:30:00,120.0,120.0,119.0,119.0,66569.92094924,7964871.52578272
2026-05-29 18:45:00,119.0,119.0,118.0,118.0,153010.53567281,18068745.04037763
2026-05-29 19:00:00,118.0,119.0,118.0,119.0,157749.59303584,18614812.14629634
2026-05-29 19:15:00,117.0,119.0,117.0,117.0,18199.34709614,2129617.3805565
2026-05-29 19:30:00,117.0,118.0,117.0,117.0,202645.71775646,23909200.97556633
2026-05-29 19:45:00,119.0,119.0,118.0,118.0,4667.59712838,551112.76366983
2026-05-29 20:00:00,119.0,119.0,119.0,119.0,112685.17849054,13409536.24037426
2026-05-29 20:15:00,120.0,120.0,119.0,119.0,34790.63653126,4168773.15772302
2026-05-29 20:30:00,119.0,119.0,118.0,118.0,58723.89032375,6940972.52516648
2026-05-29 20:45:00,119.0,119.0,118.0,119.0,223469.52120444,26459518.15853517
2026-05-29 21:00:00,119.0,120.0,118.0,119.0,51349.47778487,6098636.49879751
2026-05-29 21:15:00,119.0,120.0,119.0,120.0,45087.50694488,5407165.04665736
2026-05-29 21:30:00,119.0,120.0,118.0,119.0,96378.56816727,11448525.60896507
2026-05-29 21:45:00,119.0,120.0,118.0,119.0,66435.12818982,7904889.80119874
2026-05-29 22:00:00,119.0,119.0,118.0,119.0,58313.02256244,6933433.03816228
2026-05-29 22:15:00,119.0,120.0,118.0,118.0,181128.9717451,21397445.72408889
2026-05-29 22:30:00,118.0,118.0,117.0,118.0,105668.36738266,12453977.56211694
2026-05-29 22:45:00,119.0,119.0,118.0,118.0,22620.70328998,2690818.48401594
2026-05-29 23:00:00,119.0,119.0,117.0,117.0,16211.32676411,1906020.73160686
2026-05-29 23:15:00,117.0,118.0,117.0,117.0,187594.00402673,21949136.64061893
2026-05-29 23:30:00,117.0,117.0,115.0,115.0,306944.30747558,35588497.89923685
2026-05-29 23:45:00,117.0,117.0,117.0,117.0,30221.85950413,3535957.56198321
2026-05-30 00:00:00,117.0,119.0,117.0,119.0,111587.85793532,13162346.87378236
2026-05-30 00:15:00,118.0,119.0,118.0,119.0,101582.99418948,12012965.68096536
2026-05-30 00:30:00,120.0,121.0,119.0,120.0,32866.44599407,3943972.04626943
2026-05-30 01:00:00,120.0,120.0,120.0,120.0,105155.96066399,12618715.2796788
2026-05-30 01:15:00,120.0,120.0,119.0,120.0,26869.27541645,3210053.049974
2026-05-30 01:30:00,119.0,121.0,119.0,121.0,12366.60779875,1471709.13796859
2026-05-30 01:45:00,120.0,120.0,120.0,120.0,4275.43315842,513051.9790104
2026-05-30 02:00:00,120.0,120.0,120.0,120.0,11516.90821255,1382028.985506
2026-05-30 02:15:00,121.0,121.0,121.0,121.0,4132.23140495,499999.99999895
2026-05-30 02:45:00,119.0,119.0,119.0,119.0,8183.15842078,973795.85207282
2026-05-30 03:00:00,119.0,120.0,119.0,120.0,9819.2938788,1168645.9715772
2026-05-30 03:30:00,119.0,119.0,119.0,119.0,17114.0474997,2036571.6524643
2026-05-30 03:45:00,119.0,120.0,118.0,119.0,56780.7893574,6754340.02470029
2026-05-30 04:00:00,119.0,120.0,119.0,120.0,5391.07272559,646778.7270708
2026-05-30 04:15:00,119.0,120.0,119.0,120.0,1087.88693333,130291.8783996
2026-05-30 05:00:00,119.0,119.0,118.0,118.0,7610.8060333,904028.97332578
2026-05-30 05:15:00,119.0,119.0,119.0,119.0,284.27549953,33828.78444407
2026-05-30 05:30:00,120.0,120.0,120.0,120.0,83.33333334,10000.0000008
2026-05-30 05:45:00,121.0,124.0,121.0,122.0,440610.49895945,54061893.00091257
2026-05-30 06:00:00,123.0,123.0,121.0,121.0,164502.61215331,20185649.22825039
2026-05-30 06:15:00,121.0,121.0,119.0,119.0,291614.41223751,34868268.22697139
2026-05-30 06:30:00,120.0,120.0,120.0,120.0,84.03361344,10084.0336128
2026-05-30 06:45:00,120.0,121.0,120.0,120.0,57535.04858925,6904372.49737666
2026-05-30 07:00:00,120.0,121.0,120.0,120.0,9284.43807244,1114173.97365147
2026-05-30 07:15:00,121.0,121.0,121.0,121.0,41.40495867,5009.99999907
2026-05-30 07:30:00,121.0,122.0,120.0,120.0,47634.51660511,5760722.99761672
2026-05-30 07:45:00,121.0,121.0,120.0,121.0,130665.45743836,15684259.10851175
2026-05-30 08:00:00,121.0,121.0,120.0,120.0,9558.53855691,1147215.96917455
2026-05-30 08:15:00,121.0,121.0,120.0,120.0,10180.11083259,1221654.70486947
2026-05-30 08:30:00,121.0,121.0,120.0,120.0,97306.64299209,11704457.1590508
2026-05-30 08:45:00,120.0,121.0,120.0,121.0,950.00230816,114141.68193787
2026-05-30 09:00:00,121.0,121.0,120.0,121.0,98333.18427284,11802595.04223047
2026-05-30 09:15:00,121.0,121.0,119.0,120.0,55640.29807161,6679602.56173953
2026-05-30 09:30:00,120.0,121.0,119.0,120.0,46376.0532346,5560593.44950337
2026-05-30 09:45:00,119.0,120.0,119.0,120.0,191661.11345335,22933387.49747918
2026-05-30 10:00:00,121.0,121.0,120.0,121.0,142143.00463543,17176296.33701002
2026-05-30 10:15:00,121.0,121.0,121.0,121.0,206960.24298375,25042189.40103375
2026-05-30 10:45:00,121.0,121.0,120.0,121.0,45929.69162701,5512396.00350564
2026-05-30 11:00:00,121.0,121.0,121.0,121.0,31134.62809917,3767289.99999957
2026-05-30 11:15:00,120.0,121.0,120.0,121.0,17667.70074308,2137520.86602909
2026-05-30 11:30:00,121.0,121.0,120.0,121.0,17946.80244774,2154609.77645022
2026-05-30 11:45:00,121.0,121.0,121.0,121.0,80891.74380165,9787900.99999965
2026-05-30 12:00:00,121.0,121.0,120.0,121.0,11028.12212298,1327687.34070797
2026-05-30 12:15:00,120.0,121.0,120.0,121.0,443246.45432832,53190197.10484119
2026-05-30 12:30:00,121.0,121.0,120.0,121.0,161273.82769803,19353205.38694537
2026-05-30 12:45:00,120.0,121.0,119.0,121.0,54569.02794773,6543010.90752043
2026-05-30 13:00:00,120.0,120.0,119.0,120.0,406126.51779918,48364253.06767927
2026-05-30 13:15:00,119.0,119.0,118.0,118.0,16458.32446171,1947531.6603079
2026-05-30 13:30:00,118.0,119.0,118.0,119.0,209562.1396511,24728744.61737751
2026-05-30 13:45:00,118.0,120.0,118.0,120.0,178913.00779519,21287938.51968197
2026-05-30 14:00:00,119.0,120.0,119.0,120.0,5322.73218523,638488.89684909
2026-05-30 14:15:00,119.0,120.0,119.0,120.0,51502.98341884,6178677.3379919
2026-05-30 14:30:00,119.0,120.0,119.0,119.0,3866.31374662,460174.83584778
2026-05-30 14:45:00,120.0,120.0,119.0,119.0,508.01910956,60537.60737097
2026-05-30 15:00:00,119.0,120.0,119.0,120.0,436.84733023,52026.58229737
2026-05-30 15:15:00,120.0,120.0,120.0,120.0,23738.71397634,2848645.6771608
2026-05-30 15:30:00,119.0,120.0,119.0,120.0,29578.42322836,3548361.60673478
2026-05-30 15:45:00,119.0,120.0,119.0,120.0,332.6507703,39875.99999902
2026-05-30 16:00:00,120.0,120.0,119.0,120.0,69061.79411766,8282247.00000154
2026-05-30 16:15:00,120.0,120.0,119.0,119.0,1796.99630294,215466.893758
2026-05-30 16:30:00,120.0,120.0,119.0,120.0,9820.53711479,1178422.36133782
2026-05-30 16:45:00,119.0,120.0,118.0,118.0,132519.64976863,15769837.631789
2026-05-30 17:00:00,119.0,119.0,118.0,119.0,23865.35633497,2816196.24920712
2026-05-30 17:15:00,118.0,119.0,118.0,119.0,67945.26465895,8083652.95161933
2026-05-30 17:30:00,119.0,119.0,119.0,119.0,117594.30747503,13993722.58952857
2026-05-30 17:45:00,119.0,119.0,118.0,118.0,3194.86446607,380146.43078436
2026-05-30 18:00:00,119.0,119.0,119.0,119.0,42.10084033,5009.99999927
2026-05-30 18:15:00,119.0,119.0,119.0,119.0,186158.58701204,22152871.85443276
2026-05-30 18:30:00,120.0,120.0,120.0,120.0,41.75,5010.0
2026-05-30 18:45:00,119.0,119.0,119.0,119.0,3696.55857491,439890.47041429
2026-05-30 19:00:00,120.0,120.0,119.0,119.0,83.84243698,10019.00000062
2026-05-30 19:15:00,120.0,120.0,120.0,120.0,4674.96436739,560995.7240868
2026-05-30 19:30:00,119.0,120.0,118.0,120.0,188506.95560755,22426349.09220366
2026-05-30 19:45:00,119.0,119.0,119.0,119.0,64576.07889805,7684553.38886795
2026-05-30 20:00:00,119.0,120.0,119.0,119.0,270108.44096615,32143276.52497185
2026-05-30 20:15:00,119.0,119.0,118.0,118.0,33207.88092507,3951563.67787372
2026-05-30 20:30:00,119.0,119.0,119.0,119.0,8411.07177503,1000917.54122857
2026-05-30 20:45:00,119.0,119.0,119.0,119.0,18762.06434597,2232685.65717043
2026-05-30 21:00:00,118.0,119.0,118.0,119.0,1913.18823529,226009.39999951
2026-05-30 21:15:00,119.0,119.0,118.0,118.0,294.5415183,35007.99999973
2026-05-30 21:30:00,118.0,119.0,118.0,119.0,239109.3492444,28418661.25618625
2026-05-30 21:45:00,119.0,119.0,119.0,119.0,7567.42721074,900523.83807806
2026-05-30 22:00:00,119.0,119.0,119.0,119.0,11716.65870036,1394282.38534284
2026-05-30 22:15:00,119.0,120.0,119.0,120.0,4520.27368649,541340.40540401
2026-05-30 22:30:00,119.0,119.0,119.0,119.0,10357.54489106,1232547.84203614
2026-05-30 22:45:00,119.0,119.0,119.0,119.0,26726.96458175,3180508.78522825
2026-05-30 23:00:00,118.0,119.0,118.0,119.0,625.69747897,74160.1176445
2026-05-30 23:15:00,119.0,119.0,119.0,119.0,5545.47936111,659912.04397209
2026-05-30 23:30:00,119.0,119.0,119.0,119.0,4732.10537582,563120.53972258
2026-05-30 23:45:00,119.0,119.0,118.0,119.0,24213.54139835,2857408.05307251
2026-05-31 00:00:00,118.0,119.0,118.0,119.0,134325.223664,15934580.63476857
2026-05-31 00:15:00,119.0,119.0,118.0,118.0,23779.94359349,2815542.95117467
2026-05-31 00:30:00,119.0,119.0,118.0,118.0,99788.3659441,11775170.12258025
2026-05-31 00:45:00,118.0,119.0,118.0,119.0,18961.00174571,2237440.30683411
2026-05-31 01:00:00,119.0,119.0,119.0,119.0,8000.0,952000.0
2026-05-31 01:30:00,118.0,119.0,118.0,119.0,360.43322875,42605.83993554
2026-05-31 01:45:00,119.0,119.0,119.0,119.0,43.0,5117.0
2026-05-31 02:15:00,118.0,118.0,118.0,118.0,91276.54662429,10770632.50166622
2026-05-31 02:30:00,118.0,118.0,118.0,118.0,21805.24029946,2573018.35533628
2026-05-31 03:00:00,118.0,118.0,118.0,118.0,58.35962503,6886.43575354
2026-05-31 03:15:00,118.0,118.0,118.0,118.0,4083.68315842,481874.61269356
2026-05-31 03:30:00,119.0,119.0,118.0,118.0,16223.76139957,1930362.2525002
2026-05-31 04:00:00,118.0,118.0,118.0,118.0,1583.7,186876.6
2026-05-31 04:30:00,118.0,118.0,118.0,118.0,11101.86292578,1310019.82524204
2026-05-31 05:00:00,118.0,118.0,118.0,118.0,8951.54176636,1056281.92843048
2026-05-31 06:00:00,119.0,119.0,119.0,119.0,154.57061383,18393.90304577
2026-05-31 06:30:00,118.0,118.0,118.0,118.0,3028.9,357410.2
2026-05-31 06:45:00,119.0,119.0,118.0,118.0,21460.90956748,2532552.28849966
2026-05-31 07:00:00,118.0,118.0,118.0,118.0,28229.79776689,3331116.13649302
2026-05-31 07:15:00,117.0,118.0,117.0,118.0,65058.52059891,7654371.30837754
2026-05-31 07:30:00,117.0,118.0,117.0,118.0,97299.07319591,11384076.47917569
2026-05-31 07:45:00,117.0,118.0,117.0,118.0,47663.09980502,5577006.5754924
2026-05-31 08:00:00,117.0,118.0,117.0,118.0,63181.3469773,7438033.99329093
2026-05-31 08:15:00,118.0,119.0,118.0,119.0,342997.59303388,40474108.07883817
2026-05-31 08:30:00,118.0,119.0,118.0,118.0,119137.51778366,14058745.58586683
2026-05-31 08:45:00,118.0,119.0,117.0,118.0,38894.13881618,4588439.37003846
2026-05-31 09:00:00,118.0,119.0,117.0,118.0,68862.7595558,8098601.96459227
2026-05-31 09:15:00,117.0,119.0,117.0,119.0,33964.77124646,3997932.83264974
2026-05-31 09:30:00,118.0,118.0,118.0,118.0,38988.36476852,4600627.04268536
2026-05-31 09:45:00,118.0,118.0,118.0,118.0,28100.24999998,3315829.49999764
2026-05-31 10:00:00,117.0,118.0,117.0,117.0,448823.726335,52512590.71000855
2026-05-31 10:15:00,117.0,118.0,117.0,118.0,4053.09812022,474254.93769285
2026-05-31 10:30:00,117.0,117.0,117.0,117.0,10888.46302516,1273950.17394372
2026-05-31 10:45:00,117.0,117.0,116.0,117.0,30900.99096453,3587599.22111624
2026-05-31 11:00:00,117.0,118.0,116.0,117.0,65637.7295843,7673603.14847511
2026-05-31 11:15:00,118.0,118.0,117.0,117.0,18336.60557762,2145764.20851374
2026-05-31 11:30:00,117.0,117.0,116.0,117.0,20604.66720523,2405573.88701191
2026-05-31 11:45:00,116.0,117.0,116.0,117.0,2423.14111835,282384.1816944
2026-05-31 12:00:00,117.0,117.0,116.0,117.0,2901.49069218,339394.68583187
2026-05-31 12:15:00,116.0,116.0,116.0,116.0,76502.91803248,8874338.49176768
2026-05-31 12:30:00,116.0,117.0,116.0,117.0,27267.75048273,3172687.67099549
2026-05-31 12:45:00,117.0,117.0,116.0,116.0,69128.15840896,8020708.4858585
2026-05-31 13:00:00,116.0,117.0,116.0,117.0,68928.84992259,7995961.12093496
2026-05-31 13:15:00,117.0,117.0,117.0,117.0,170.94017094,19999.99999998
2026-05-31 13:30:00,117.0,118.0,117.0,118.0,33690.33822596,3941820.41989494
2026-05-31 13:45:00,118.0,118.0,118.0,118.0,35525.48302119,4192006.99650042
2026-05-31 14:00:00,117.0,118.0,117.0,118.0,3402.65933652,398153.59999995
2026-05-31 14:15:00,117.0,118.0,117.0,117.0,97857.41467975,11449459.97515786
2026-05-31 14:30:00,117.0,118.0,117.0,117.0,42353.22431816,4958364.70073318
2026-05-31 14:45:00,117.0,117.0,117.0,117.0,1709.4017094,199999.9999998
2026-05-31 15:00:00,117.0,117.0,116.0,117.0,24699.75845189,2865749.758197
2026-05-31 15:15:00,117.0,117.0,116.0,117.0,253844.61470955,29699636.33049655
2026-05-31 15:30:00,116.0,117.0,116.0,117.0,186643.41420351,21653428.97798854
2026-05-31 15:45:00,116.0,116.0,116.0,116.0,3000.0,348000.0
2026-05-31 16:00:00,117.0,117.0,116.0,117.0,1148.43221858,134158.12514525
2026-05-31 16:15:00,116.0,117.0,116.0,116.0,178180.57758905,20670654.42266868
2026-05-31 16:30:00,116.0,116.0,116.0,116.0,2251.44839123,261168.01338268
2026-05-31 16:45:00,116.0,116.0,115.0,116.0,30653.72496518,3529959.20732753
2026-05-31 17:00:00,116.0,116.0,115.0,116.0,76075.24025158,8754315.19416486
2026-05-31 17:15:00,115.0,117.0,115.0,117.0,71303.88253613,8289551.67997834
2026-05-31 17:30:00,117.0,117.0,116.0,117.0,26254.06310649,3047123.24670163
2026-05-31 17:45:00,116.0,116.0,115.0,116.0,26381.55626644,3059825.74429834
2026-05-31 18:00:00,116.0,117.0,115.0,116.0,15723.83587735,1824006.60279824
2026-05-31 18:15:00,115.0,116.0,115.0,116.0,5986.65948274,694402.99999784
2026-05-31 18:30:00,116.0,117.0,116.0,117.0,47151.30799505,5469645.80434887
2026-05-31 18:45:00,116.0,116.0,115.0,115.0,64569.76297735,7476922.81324039
2026-05-31 19:00:00,115.0,116.0,115.0,116.0,52430.9265205,6073041.8029637
2026-05-31 19:15:00,116.0,117.0,116.0,116.0,95767.2843507,11109090.45476667
2026-05-31 19:30:00,115.0,117.0,115.0,117.0,473.05055361,54486.40340873
2026-05-31 19:45:00,117.0,117.0,117.0,117.0,4356.83867467,509750.12493639
2026-05-31 20:00:00,117.0,117.0,116.0,117.0,74726.32425076,8678660.02334456
2026-05-31 20:15:00,116.0,117.0,116.0,117.0,1385.07620373,161284.22424806
2026-05-31 20:30:00,117.0,117.0,117.0,117.0,47294.3357381,5533437.2813577
2026-05-31 20:45:00,116.0,117.0,116.0,117.0,70139.36596998,8205920.97269348
2026-05-31 21:00:00,117.0,118.0,117.0,118.0,5041.54785397,589996.69213482
2026-05-31 21:15:00,118.0,118.0,117.0,118.0,70987.91541027,8359957.68437825
2026-05-31 21:30:00,118.0,118.0,118.0,118.0,23771.99152541,2805094.99999838
2026-05-31 21:45:00,117.0,118.0,117.0,118.0,1751.81696364,205005.00000011
2026-05-31 22:00:00,117.0,118.0,117.0,118.0,19516.05457234,2283615.67309935
2026-05-31 22:15:00,117.0,118.0,116.0,118.0,137436.64415622,16072968.25679359
2026-05-31 22:30:00,116.0,118.0,116.0,117.0,47157.37584184,5492356.42338135
2026-05-31 22:45:00,117.0,117.0,117.0,117.0,43769.57247871,5121039.98000907
2026-05-31 23:00:00,117.0,117.0,117.0,117.0,47.47863247,5554.99999899
2026-05-31 23:15:00,116.0,117.0,115.0,116.0,500857.06437733,58092755.67045647
2026-05-31 23:30:00,115.0,116.0,115.0,115.0,53104.42527537,6146879.68252956
2026-05-31 23:45:00,116.0,116.0,115.0,116.0,52245.29985005,6060019.99999711
2026-06-01 00:00:00,115.0,116.0,115.0,116.0,143357.20373108,16523913.75296396
2026-06-01 00:15:00,115.0,116.0,115.0,116.0,2299.07979591,264437.36618482
2026-06-01 00:30:00,115.0,116.0,115.0,115.0,26991.75893541,3104495.46722732
2026-06-01 00:45:00,115.0,115.0,115.0,115.0,18151.73897308,2087449.9819042
2026-06-01 01:00:00,115.0,116.0,115.0,115.0,158059.94109787,18177186.32970332
2026-06-01 01:15:00,116.0,116.0,115.0,115.0,56129.36830593,6455015.28621643
2026-06-01 01:30:00,115.0,115.0,114.0,115.0,3497.53876079,401525.90449497
2026-06-01 02:00:00,114.0,114.0,114.0,114.0,362.06896551,41275.86206814
2026-06-01 02:15:00,115.0,115.0,115.0,115.0,450.0,51750.0
2026-06-01 02:30:00,115.0,115.0,114.0,114.0,708.69565217,81349.99999955
2026-06-01 02:45:00,116.0,116.0,116.0,116.0,43.15517241,5005.99999956
2026-06-01 03:15:00,115.0,115.0,115.0,115.0,23976.19397907,2757262.30759305
2026-06-01 03:45:00,115.0,115.0,115.0,115.0,2310.65023102,265724.7765673
2026-06-01 04:00:00,115.0,116.0,115.0,115.0,66465.19360009,7643548.98814828
2026-06-01 04:15:00,115.0,115.0,115.0,115.0,869.56521739,99999.99999985
2026-06-01 04:45:00,115.0,115.0,115.0,115.0,464.4679,53413.8085
2026-06-01 05:00:00,115.0,115.0,115.0,115.0,8421.00616967,968415.70951205
2026-06-01 05:15:00,115.0,115.0,115.0,115.0,4553.51135437,523653.80575255
2026-06-01 05:30:00,116.0,116.0,116.0,116.0,43.18965517,5009.99999972
2026-06-01 06:45:00,116.0,116.0,116.0,116.0,250.0,29000.0
2026-06-01 07:00:00,116.0,117.0,115.0,116.0,34858.35309712,4041663.2413172
2026-06-01 07:15:00,116.0,116.0,116.0,116.0,13580.75491288,1575367.56989408
2026-06-01 07:30:00,116.0,116.0,116.0,116.0,28432.47083354,3298166.61669064
2026-06-01 07:45:00,116.0,116.0,116.0,116.0,20644.44830994,2394756.00395304
2026-06-01 08:00:00,116.0,117.0,116.0,117.0,22519.72585324,2612331.01948866
2026-06-01 08:30:00,116.0,116.0,115.0,116.0,913.15723548,105826.23931568
2026-06-01 08:45:00,116.0,116.0,116.0,116.0,431.03448275,49999.999999
2026-06-01 09:00:00,116.0,117.0,115.0,116.0,79688.17899428,9222542.56493904
2026-06-01 09:15:00,117.0,117.0,116.0,117.0,12400.88567786,1439142.55877064
2026-06-01 09:30:00,117.0,118.0,116.0,117.0,48766.47734624,5709907.84951008
2026-06-01 09:45:00,117.0,118.0,116.0,118.0,8244.59367718,964772.76948219
2026-06-01 10:00:00,117.0,118.0,117.0,117.0,49977.85501461,5847464.08545618
2026-06-01 10:15:00,117.0,117.0,116.0,116.0,150.80125719,17544.22788532
2026-06-01 10:30:00,117.0,117.0,116.0,117.0,309.07029178,36006.00000032
2026-06-01 10:45:00,117.0,117.0,115.0,116.0,35562.89986284,4098671.31996014
2026-06-01 11:00:00,115.0,116.0,115.0,116.0,6816.20355437,790026.70919712
2026-06-01 11:15:00,116.0,116.0,115.0,116.0,51263.90134933,5931915.47445192
2026-06-01 11:30:00,117.0,118.0,116.0,118.0,76959.76626543,8938363.72839705
2026-06-01 11:45:00,118.0,118.0,117.0,117.0,18368.16993392,2153774.39253679
2026-06-01 12:00:00,117.0,118.0,117.0,118.0,135277.989256,15920527.25915998
2026-06-01 12:45:00,117.0,118.0,117.0,117.0,73721.53932341,8625470.94829659
2026-06-01 13:00:00,116.0,118.0,116.0,117.0,20298.22552962,2372707.09035537
2026-06-01 13:15:00,116.0,116.0,116.0,116.0,187800.0108437,21784801.2578692
2026-06-01 13:30:00,117.0,117.0,117.0,117.0,49.92375607,5841.07946019
2026-06-01 13:45:00,116.0,117.0,116.0,117.0,324688.2303912,37988328.9557704
2026-06-01 14:00:00,117.0,118.0,116.0,117.0,260424.98824318,30465248.66839379
2026-06-01 14:15:00,118.0,119.0,117.0,117.0,375333.82074375,44289340.8477625
2026-06-01 14:30:00,117.0,118.0,117.0,118.0,16135.95297247,1903102.47799465
2026-06-01 14:45:00,118.0,118.0,117.0,117.0,24624.36762996,2884609.1735813
2026-06-01 15:00:00,117.0,118.0,117.0,117.0,319291.08767151,37397771.22261804
2026-06-01 15:15:00,117.0,118.0,117.0,117.0,272800.87506883,32144631.9826262
2026-06-01 15:30:00,118.0,118.0,117.0,117.0,323729.55492268,37929836.06481632
2026-06-01 15:45:00,118.0,118.0,117.0,118.0,164747.01741463,19437663.48232944
2026-06-01 16:00:00,119.0,120.0,118.0,119.0,514470.58373469,61300221.68606084
2026-06-01 16:15:00,120.0,120.0,118.0,119.0,225498.96384173,26847632.31890005
2026-06-01 16:30:00,119.0,119.0,117.0,118.0,242718.93222285,28671543.43226191
2026-06-01 16:45:00,118.0,119.0,117.0,118.0,717878.86596566,85154588.63263892
2026-06-01 17:00:00,118.0,119.0,118.0,119.0,235968.8413278,27898993.86159799
2026-06-01 17:15:00,119.0,119.0,118.0,118.0,146458.40556757,17299485.5254646
2026-06-01 17:30:00,118.0,119.0,117.0,117.0,930502.36535396,109304717.60730214
2026-06-01 17:45:00,117.0,118.0,116.0,118.0,72242.23797837,8451862.81126946
2026-06-01 18:00:00,118.0,118.0,117.0,117.0,60711.73307287,7145772.76952577
2026-06-01 18:15:00,117.0,118.0,117.0,117.0,34442.73111399,4031163.3118409
2026-06-01 18:30:00,118.0,118.0,116.0,117.0,118517.66698526,13829341.47000964
2026-06-01 18:45:00,117.0,117.0,116.0,116.0,302153.69256154,35071195.82753732
2026-06-01 19:00:00,116.0,116.0,115.0,115.0,625018.98936998,72038087.99297108
2026-06-01 19:15:00,115.0,115.0,115.0,115.0,30705.9087364,3531179.504686
2026-06-01 19:30:00,116.0,116.0,115.0,116.0,4005.97787308,460884.04417877
2026-06-01 19:45:00,116.0,117.0,115.0,116.0,71030.57022121,8238368.35415381
2026-06-01 20:00:00,116.0,116.0,115.0,115.0,12942.85536825,1501032.92777278
2026-06-01 20:15:00,116.0,116.0,116.0,116.0,151828.27064639,17612079.39498124
2026-06-01 20:30:00,117.0,117.0,116.0,116.0,11471.14476949,1342032.87245201
2026-06-01 20:45:00,116.0,116.0,115.0,115.0,41260.32891274,4786146.4297399
2026-06-01 21:00:00,116.0,116.0,115.0,115.0,115953.69348356,13343103.34597551
2026-06-01 21:15:00,115.0,115.0,114.0,115.0,147443.85392671,16955893.20157165
2026-06-01 21:30:00,115.0,116.0,115.0,116.0,15224.71908138,1752575.7560734
2026-06-01 21:45:00,115.0,116.0,115.0,115.0,124452.7396553,14312366.91380776
2026-06-01 22:00:00,115.0,115.0,114.0,115.0,95400.1665281,10895490.45139018
2026-06-01 22:15:00,115.0,115.0,114.0,114.0,50741.16819955,5799835.53415593
2026-06-01 22:30:00,115.0,116.0,114.0,116.0,37699.6552983,4315196.5666835
2026-06-01 22:45:00,114.0,116.0,114.0,115.0,111866.29642749,12858908.04486944
2026-06-01 23:00:00,115.0,116.0,114.0,114.0,63022.07841899,7240835.08895112
2026-06-01 23:15:00,114.0,115.0,114.0,115.0,58488.08992997,6719571.42655974
2026-06-01 23:30:00,115.0,115.0,114.0,114.0,8456.74029407,964168.39352398
2026-06-01 23:45:00,114.0,115.0,114.0,115.0,22214.46379566,2537368.87270524
2026-06-02 00:00:00,115.0,116.0,115.0,116.0,36317.19107674,4177426.86138131
2026-06-02 00:15:00,115.0,115.0,115.0,115.0,22536.741299,2591725.249385
2026-06-02 00:30:00,115.0,116.0,114.0,116.0,64365.78373124,7456101.02075856
2026-06-02 00:45:00,117.0,117.0,117.0,117.0,431.03448275,50431.03448175
2026-06-02 01:00:00,117.0,117.0,115.0,115.0,8959.75374381,1031121.68053815
2026-06-02 01:15:00,116.0,116.0,116.0,116.0,5070.45062468,588172.27246288
2026-06-02 02:00:00,117.0,117.0,116.0,116.0,239.31623932,27914.52991496
2026-06-02 02:15:00,117.0,117.0,117.0,117.0,33596.47453498,3930787.52059266
2026-06-02 02:30:00,117.0,118.0,117.0,118.0,1266.66399017,149199.26312077
2026-06-02 03:00:00,118.0,118.0,117.0,117.0,25796.16108936,3035172.4322733
2026-06-02 03:15:00,117.0,117.0,117.0,117.0,4273.5042735,499999.9999995
2026-06-02 03:30:00,117.0,117.0,117.0,117.0,2218.11025641,259518.89999997
2026-06-02 04:00:00,117.0,117.0,116.0,116.0,18483.0,2158024.0
2026-06-02 04:15:00,117.0,117.0,117.0,117.0,38292.54,4480227.18
2026-06-02 05:00:00,117.0,117.0,117.0,117.0,247.36842106,28942.10526402
2026-06-02 05:15:00,117.0,117.0,117.0,117.0,606.90529678,71007.91972326
2026-06-02 06:00:00,117.0,117.0,115.0,115.0,71652.60440846,8330892.91555192
2026-06-02 06:30:00,116.0,116.0,116.0,116.0,503.44827586,58399.99999976
2026-06-02 07:00:00,115.0,115.0,115.0,115.0,1260.51535229,144959.26551335
2026-06-02 07:15:00,115.0,116.0,115.0,116.0,89911.39046514,10426436.59187103
2026-06-02 07:30:00,115.0,115.0,115.0,115.0,1366.20217462,157113.2500813
2026-06-02 07:45:00,116.0,117.0,116.0,116.0,136810.0171042,15870047.45417267
2026-06-02 08:00:00,116.0,117.0,115.0,116.0,47198.35983007,5474368.98815136
2026-06-02 08:15:00,116.0,117.0,115.0,115.0,66380.22492794,7687594.03407828
2026-06-02 08:30:00,115.0,116.0,115.0,116.0,17617.28710644,2026169.99999921
2026-06-02 08:45:00,116.0,116.0,115.0,116.0,11164.55117528,1293445.58528988
2026-06-02 09:00:00,115.0,116.0,115.0,116.0,274152.4748269,31527720.89815386
2026-06-02 09:15:00,115.0,116.0,114.0,115.0,45197.96070957,5189322.47002442
2026-06-02 09:30:00,115.0,115.0,114.0,115.0,81430.21101924,9291039.61699989
2026-06-02 09:45:00,115.0,115.0,114.0,114.0,193.12952217,22156.80854933
2026-06-02 10:00:00,114.0,114.0,113.0,114.0,68458.58118794,7763630.97579816
2026-06-02 10:15:00,114.0,114.0,113.0,113.0,5194.4376749,589166.32428192
2026-06-02 10:30:00,113.0,113.0,113.0,113.0,299867.26025081,33885000.40834153
2026-06-02 10:45:00,113.0,114.0,112.0,112.0,53714.62766888,6069129.50065937
2026-06-02 11:00:00,112.0,113.0,112.0,112.0,458928.40605909,51400722.75516673
2026-06-02 11:15:00,113.0,114.0,112.0,114.0,50909.78281826,5742761.98095375
2026-06-02 11:30:00,114.0,114.0,113.0,113.0,50468.22595947,5720453.39306923
2026-06-02 11:45:00,114.0,114.0,113.0,113.0,12933.76694384,1464408.95485092
2026-06-02 12:00:00,114.0,114.0,114.0,114.0,190563.63805669,21724254.73846266
2026-06-02 12:15:00,114.0,115.0,113.0,115.0,34130.89941096,3890816.09806683
2026-06-02 12:30:00,114.0,115.0,114.0,114.0,7049.18691991,803999.41286121
2026-06-02 12:45:00,115.0,115.0,114.0,115.0,5047.94151711,575865.17550751
2026-06-02 13:00:00,114.0,115.0,114.0,115.0,4389.40362816,500535.57882763
2026-06-02 13:15:00,114.0,115.0,114.0,114.0,221657.59487839,25269232.66101836
2026-06-02 13:30:00,114.0,114.0,113.0,114.0,134.84644519,15325.49475166
2026-06-02 13:45:00,114.0,114.0,114.0,114.0,228.07017542,25999.99999788
2026-06-02 14:00:00,113.0,114.0,113.0,114.0,2382.19991319,269488.59019047
2026-06-02 14:15:00,113.0,114.0,113.0,114.0,19264.97018508,2177204.67491835
2026-06-02 14:30:00,113.0,113.0,113.0,113.0,39318.33735279,4442972.12086527
2026-06-02 14:45:00,113.0,113.0,113.0,113.0,88.49557522,9999.99999986
2026-06-02 15:00:00,112.0,113.0,111.0,111.0,319683.54845071,35721017.67335359
2026-06-02 15:15:00,112.0,113.0,111.0,112.0,353345.23838773,39574321.53233374
2026-06-02 15:30:00,112.0,112.0,111.0,112.0,17803.27627664,1984536.88200385
2026-06-02 15:45:00,111.0,112.0,110.0,112.0,828295.01270807,91921716.69928014
2026-06-02 16:00:00,111.0,112.0,110.0,112.0,226685.23151579,25196834.12359472
2026-06-02 16:15:00,112.0,112.0,111.0,111.0,9277.26105418,1030563.98216316
2026-06-02 16:30:00,112.0,112.0,112.0,112.0,450.0,50400.0
2026-06-02 16:45:00,112.0,112.0,111.0,112.0,1893.41174676,210444.13675427
2026-06-02 17:00:00,112.0,112.0,111.0,112.0,91401.71878344,10236912.60619406
2026-06-02 17:15:00,112.0,112.0,111.0,111.0,16140.1762652,1794421.06325971
2026-06-02 17:30:00,111.0,112.0,111.0,112.0,3496.60742936,389427.04963218
2026-06-02 17:45:00,111.0,112.0,111.0,112.0,12449.82142854,1389739.95535362
2026-06-02 18:00:00,112.0,112.0,111.0,112.0,194670.69948723,21698441.23525961
2026-06-02 18:15:00,112.0,112.0,110.0,110.0,144736.22329424,16017695.83607901
2026-06-02 18:30:00,110.0,111.0,110.0,111.0,8172.9580449,900224.56430015
2026-06-02 18:45:00,110.0,111.0,110.0,110.0,94830.55791101,10441126.85683714
2026-06-02 19:00:00,111.0,111.0,110.0,110.0,15468.79648975,1703521.75846685
2026-06-02 19:15:00,110.0,111.0,110.0,110.0,92178.40564832,10228469.57078008
2026-06-02 19:30:00,111.0,111.0,110.0,110.0,743.83427087,82520.1404302
2026-06-02 19:45:00,111.0,112.0,110.0,110.0,5511.19244108,611682.79431462
2026-06-02 20:00:00,112.0,112.0,110.0,111.0,4210.33147593,463787.85093891
2026-06-02 20:15:00,111.0,111.0,111.0,111.0,647.56653204,71879.88505644
2026-06-02 20:30:00,111.0,111.0,110.0,110.0,2386.6301721,263091.98354463
2026-06-02 20:45:00,111.0,111.0,110.0,110.0,41449.63144963,4600181.81818165
2026-06-02 21:00:00,110.0,111.0,110.0,110.0,38682.51998373,4266701.16100367
2026-06-02 21:15:00,110.0,111.0,110.0,110.0,5915.59622265,653151.1500677
2026-06-02 21:30:00,111.0,112.0,111.0,112.0,75786.53752362,8412350.3258361
2026-06-02 21:45:00,112.0,112.0,110.0,110.0,16958.79114257,1881699.17304209
2026-06-02 22:00:00,111.0,112.0,111.0,112.0,202693.78676011,22507220.51099618
2026-06-02 22:15:00,112.0,112.0,111.0,111.0,1214.25894191,135880.94345153
2026-06-02 22:30:00,111.0,112.0,111.0,112.0,133733.09839318,14844418.58235726
2026-06-02 22:45:00,111.0,112.0,111.0,112.0,108835.21072339,12111152.18180231
2026-06-02 23:00:00,111.0,112.0,110.0,112.0,115460.02478244,12816025.27802712
2026-06-02 23:15:00,111.0,112.0,108.0,109.0,460002.49654607,50318775.56389127
2026-06-02 23:30:00,109.0,110.0,108.0,108.0,249207.20858814,27109812.88833591
2026-06-02 23:45:00,109.0,110.0,108.0,108.0,73459.36682595,8025630.39485632
2026-06-03 00:00:00,110.0,110.0,108.0,108.0,109972.91804911,11974236.98891617
2026-06-03 00:15:00,108.0,109.0,106.0,107.0,669459.54933055,72162433.9805701
2026-06-03 00:30:00,107.0,108.0,106.0,108.0,540333.08610551,57477353.04677074
2026-06-03 00:45:00,108.0,108.0,106.0,107.0,70961.49553617,7589255.65658401
2026-06-03 01:00:00,107.0,109.0,107.0,109.0,93707.41490339,10073117.94059323
2026-06-03 01:15:00,109.0,109.0,108.0,109.0,3073.26568538,332349.98633661
2026-06-03 01:30:00,109.0,109.0,108.0,108.0,1834.86238533,199082.5688083
2026-06-03 01:45:00,108.0,108.0,108.0,108.0,199194.8422959,21513042.9679572
2026-06-03 02:00:00,108.0,109.0,107.0,109.0,73100.69397775,7894555.21350595
2026-06-03 02:15:00,108.0,108.0,108.0,108.0,30798.90140372,3326281.35160176
2026-06-03 02:30:00,108.0,109.0,108.0,109.0,16518.80746781,1795951.85170547
2026-06-03 02:45:00,109.0,109.0,109.0,109.0,137.61467889,14999.99999901
2026-06-03 03:00:00,108.0,109.0,107.0,108.0,45360.06344468,4890750.46794476
2026-06-03 03:15:00,108.0,108.0,106.0,106.0,271878.59955881,29082760.62389045
2026-06-03 03:30:00,107.0,107.0,107.0,107.0,8266.68931889,884535.75712123
2026-06-03 04:00:00,107.0,107.0,106.0,106.0,25910.19355932,2747465.09672717
2026-06-03 04:15:00,107.0,107.0,105.0,106.0,233603.75145514,24723446.52069506
2026-06-03 04:30:00,105.0,106.0,104.0,106.0,572742.57554786,60165256.20559159
2026-06-03 04:45:00,106.0,107.0,105.0,106.0,18114.60293429,1920597.91103474
2026-06-03 05:00:00,106.0,107.0,106.0,107.0,52549.74292099,5570572.74962494
2026-06-03 05:15:00,107.0,107.0,106.0,106.0,30707.81226366,3255178.09994796
2026-06-03 05:45:00,105.0,107.0,105.0,107.0,279831.89825596,29522742.45301036
2026-06-03 06:00:00,107.0,107.0,107.0,107.0,9051.85981307,968548.99999849
2026-06-03 06:15:00,107.0,108.0,107.0,108.0,298196.22352647,31907588.69511005
2026-06-03 06:30:00,108.0,108.0,107.0,107.0,2256.51684941,243648.26418073
2026-06-03 06:45:00,107.0,108.0,107.0,107.0,6594.87943617,705949.03529328
2026-06-03 07:00:00,107.0,107.0,106.0,106.0,187274.7124574,19851269.5204844
2026-06-03 07:15:00,106.0,107.0,105.0,107.0,73411.75996993,7802197.02923991
2026-06-03 07:30:00,107.0,107.0,105.0,105.0,495919.9420104,52082305.38833585
2026-06-03 07:45:00,106.0,106.0,104.0,104.0,589574.35830734,61893688.04885075
2026-06-03 08:00:00,104.0,105.0,103.0,105.0,1070703.03015838,111478351.40883534
2026-06-03 08:15:00,105.0,105.0,103.0,104.0,371051.77310677,38607767.52353215
2026-06-03 08:30:00,104.0,105.0,104.0,104.0,268757.01749114,27950872.67622141
2026-06-03 08:45:00,104.0,105.0,104.0,105.0,1850.50157479,193699.5176243
2026-06-03 09:00:00,105.0,105.0,105.0,105.0,122595.87497153,12872566.87201065
2026-06-03 09:15:00,105.0,106.0,105.0,106.0,216348.97810925,22747926.54075912
2026-06-03 09:30:00,105.0,106.0,105.0,106.0,92775.56822861,9774639.91046571
2026-06-03 09:45:00,106.0,106.0,106.0,106.0,5078.52004185,538323.1244361
2026-06-03 10:00:00,105.0,106.0,105.0,106.0,4725.09908364,498592.89434823
2026-06-03 10:15:00,106.0,106.0,106.0,106.0,1722.0,182532.0
2026-06-03 10:30:00,105.0,106.0,105.0,106.0,27597.99267724,2899574.29714793
2026-06-03 10:45:00,106.0,106.0,105.0,106.0,40259.9096024,4239700.29392518
2026-06-03 11:00:00,106.0,106.0,105.0,105.0,16956.46831723,1786157.81194073
2026-06-03 11:15:00,105.0,106.0,105.0,105.0,220887.45401112,23193287.43888279
2026-06-03 11:30:00,105.0,106.0,105.0,105.0,44911.51082419,4715755.90069089
2026-06-03 11:45:00,105.0,105.0,104.0,105.0,85838.22465377,8985146.09955325
2026-06-03 12:00:00,104.0,105.0,104.0,104.0,190933.21473148,19857149.57016915
2026-06-03 12:15:00,105.0,105.0,104.0,104.0,48575.15061853,5052159.57861281
2026-06-03 12:30:00,104.0,104.0,101.0,101.0,417537.21836099,42643717.18642578
2026-06-03 12:45:00,102.0,103.0,101.0,103.0,191807.0651123,19569893.45698856
2026-06-03 13:00:00,103.0,104.0,102.0,103.0,115002.58949609,11821220.57269905
2026-06-03 13:15:00,103.0,104.0,103.0,104.0,52231.80229131,5401840.24771343
2026-06-03 13:30:00,104.0,104.0,104.0,104.0,1061.53846153,110399.99999912
2026-06-03 13:45:00,103.0,104.0,103.0,104.0,19579.52121761,2032830.24548247
2026-06-03 14:00:00,103.0,106.0,103.0,106.0,119761.60210967,12508024.78166992
2026-06-03 14:15:00,106.0,106.0,106.0,106.0,181746.24361256,19265101.82293136
2026-06-03 14:30:00,105.0,106.0,105.0,106.0,5040.93213983,533903.4989384
2026-06-03 14:45:00,105.0,107.0,105.0,105.0,353388.52040018,37439522.54813119
2026-06-03 15:00:00,106.0,106.0,105.0,105.0,67293.80548153,7132199.98481576
2026-06-03 15:15:00,106.0,106.0,106.0,106.0,134477.31863029,14254595.77481074
2026-06-03 15:30:00,106.0,107.0,106.0,107.0,17923.14534116,1917691.46350412
2026-06-03 15:45:00,107.0,107.0,106.0,106.0,74880.78398651,7980604.48655092
2026-06-03 16:00:00,107.0,107.0,106.0,107.0,8722.18295178,924644.98167372
2026-06-03 16:15:00,106.0,107.0,106.0,106.0,396.3271028,42113.54205567
2026-06-03 16:30:00,107.0,107.0,106.0,106.0,13054.31775699,1396661.99999793
2026-06-03 16:45:00,106.0,107.0,106.0,107.0,49129.23647504,5219092.45377267
2026-06-03 17:00:00,106.0,107.0,106.0,106.0,20132.33836795,2134231.09848418
2026-06-03 17:15:00,107.0,107.0,106.0,106.0,8440.67025407,894861.04693142
2026-06-03 17:30:00,107.0,107.0,107.0,107.0,46.79439252,5006.99999964
2026-06-03 17:45:00,107.0,107.0,106.0,106.0,1478.58676953,156793.69000008
2026-06-03 18:00:00,106.0,106.0,106.0,106.0,1166.91654172,123693.15342232
2026-06-03 18:15:00,106.0,107.0,106.0,106.0,115109.48048444,12201651.71639736
2026-06-03 18:30:00,106.0,106.0,106.0,106.0,89281.93754958,9463885.38025548
2026-06-03 18:45:00,105.0,107.0,105.0,106.0,35680.93118944,3746990.69529854
2026-06-03 19:15:00,106.0,106.0,106.0,106.0,86604.42710146,9180069.27275476
2026-06-03 19:45:00,107.0,107.0,106.0,106.0,93555.3992621,9916919.11617512
2026-06-03 20:00:00,107.0,107.0,107.0,107.0,846.79439252,90606.99999964
2026-06-03 20:15:00,106.0,108.0,106.0,108.0,63747.14481239,6811577.28239545
2026-06-03 20:30:00,107.0,107.0,107.0,107.0,13927.17935856,1490208.19136592
2026-06-03 20:45:00,106.0,107.0,105.0,107.0,353161.67624022,37413574.57206226
2026-06-03 21:00:00,107.0,107.0,106.0,106.0,1939.67035172,206544.72763404
2026-06-03 21:15:00,106.0,107.0,106.0,106.0,2738.43201066,290423.79312996
2026-06-03 21:30:00,106.0,106.0,106.0,106.0,11320.75471699,1200000.00000094
2026-06-03 21:45:00,107.0,107.0,107.0,107.0,46.79439252,5006.99999964
2026-06-03 22:00:00,107.0,107.0,107.0,107.0,46705.61915304,4997501.24937528
2026-06-03 22:15:00,107.0,107.0,106.0,106.0,34128.3465062,3641535.26906039
2026-06-03 22:30:00,107.0,108.0,107.0,108.0,17904.79028207,1915833.17289347
2026-06-03 22:45:00,106.0,108.0,106.0,107.0,12053.20397952,1288162.38520916
2026-06-03 23:00:00,108.0,108.0,106.0,106.0,1379.87997332,146502.81230518
2026-06-03 23:15:00,107.0,107.0,107.0,107.0,346876.88810335,37115827.02705845
2026-06-03 23:30:00,107.0,108.0,106.0,106.0,157678.12157925,16871313.47657234
2026-06-03 23:45:00,106.0,108.0,106.0,107.0,10030.67085612,1082488.34290751
2026-06-04 00:00:00,107.0,108.0,107.0,108.0,157438.41241323,16846936.52856635
2026-06-04 00:15:00,107.0,108.0,107.0,107.0,243819.74862108,26088863.10245556
2026-06-04 00:30:00,107.0,107.0,106.0,106.0,9208.02115005,982190.2419053
2026-06-04 01:00:00,106.0,106.0,105.0,105.0,197768.25165547,20963284.67547982
2026-06-04 01:15:00,106.0,107.0,105.0,105.0,88055.67262213,9333803.94709292
2026-06-04 01:30:00,106.0,106.0,106.0,106.0,2335.73301886,247587.69999916
2026-06-04 01:45:00,105.0,106.0,105.0,106.0,41975.243491,4440789.45306412
2026-06-04 02:00:00,106.0,106.0,105.0,105.0,2438.45524264,258424.89460795
2026-06-04 02:30:00,106.0,106.0,106.0,106.0,12770.12,1353632.72
2026-06-04 03:00:00,107.0,107.0,106.0,106.0,73412.55767443,7855045.67116401
2026-06-04 03:45:00,108.0,108.0,108.0,108.0,14906.01425073,1609849.53907884
2026-06-04 04:00:00,108.0,108.0,108.0,108.0,51696.94763231,5583270.34428948
2026-06-04 04:30:00,107.0,107.0,107.0,107.0,916.3110211,98045.2792577
2026-06-04 04:45:00,107.0,107.0,106.0,107.0,1067.96261682,114223.99999974
2026-06-04 05:00:00,107.0,107.0,106.0,107.0,21131.70461498,2260946.54149537
2026-06-04 05:15:00,107.0,107.0,106.0,106.0,185533.19254739,19666668.41002334
2026-06-04 05:45:00,105.0,105.0,104.0,105.0,126279.70994918,13241586.5446639
2026-06-04 06:00:00,105.0,105.0,105.0,105.0,292515.89092892,30714168.5475366
2026-06-04 06:15:00,105.0,105.0,105.0,105.0,40755.06807997,4279282.14839685
2026-06-04 06:30:00,105.0,107.0,105.0,107.0,59031.6310203,6256323.64286879
2026-06-04 06:45:00,107.0,107.0,107.0,107.0,6313.16963832,675509.15130024
2026-06-04 07:00:00,107.0,107.0,107.0,107.0,57766.97085235,6181065.88120145
2026-06-04 07:15:00,107.0,107.0,107.0,107.0,3500.57009345,374560.99999915
2026-06-04 07:30:00,106.0,106.0,106.0,106.0,80.64516129,8548.38709674
2026-06-04 07:45:00,107.0,107.0,106.0,106.0,17811.00168923,1889214.36781446
2026-06-04 08:00:00,105.0,105.0,105.0,105.0,437.66328013,45954.64441365
2026-06-04 08:15:00,105.0,105.0,105.0,105.0,174259.03667777,18297198.85116585
2026-06-04 08:30:00,105.0,105.0,105.0,105.0,24429.65265295,2565113.52855975
2026-06-04 08:45:00,105.0,105.0,105.0,105.0,28089.6,2949408.0
2026-06-04 09:00:00,105.0,106.0,104.0,105.0,133207.420739,13986776.40401009
2026-06-04 09:15:00,105.0,106.0,104.0,104.0,86949.50047636,9112319.42574069
2026-06-04 09:30:00,104.0,105.0,103.0,104.0,220251.08899405,22815832.34866839
2026-06-04 09:45:00,105.0,105.0,103.0,104.0,1279.32300683,131917.69688217
2026-06-04 10:00:00,103.0,104.0,102.0,103.0,4901.93234023,503919.99330785
2026-06-04 10:15:00,102.0,102.0,101.0,101.0,220552.51163317,22474521.04599387
2026-06-04 10:30:00,102.0,102.0,101.0,101.0,93342.08188408,9519544.40125994
2026-06-04 10:45:00,101.0,101.0,100.0,101.0,125817.72495794,12690409.88053406
2026-06-04 11:00:00,100.0,100.0,95.6,98.7,1594275.7454297,156076375.63317132
2026-06-04 11:15:00,98.4,99.5,98.0,99.0,327352.15775683,32438696.77773678
2026-06-04 11:30:00,98.9,101.0,98.8,100.0,408489.51467093,40732252.92425782
2026-06-04 11:45:00,100.0,101.0,99.9,99.9,61478.02592008,6147112.75985991
2026-06-04 12:00:00,99.9,102.0,99.8,102.0,120089.41056658,12131453.07656778
2026-06-04 12:15:00,102.0,102.0,102.0,102.0,40556.04648656,4136716.74162912
2026-06-04 12:30:00,102.0,103.0,102.0,102.0,4201.05531379,428607.64200658
2026-06-04 12:45:00,102.0,103.0,102.0,103.0,7332.1751989,752187.50901611
2026-06-04 13:00:00,102.0,103.0,102.0,102.0,276656.46481866,28221013.33307194
2026-06-04 13:15:00,102.0,102.0,102.0,102.0,56232.87571898,5735753.32333596
2026-06-04 13:30:00,101.0,101.0,100.0,100.0,33036.50007923,3334069.89708375
2026-06-04 13:45:00,101.0,101.0,99.9,99.9,20286.72543411,2034802.58748748
2026-06-04 14:00:00,99.9,99.9,98.4,98.6,298335.0071658,29580531.20962025
2026-06-04 14:15:00,98.6,98.8,98.2,98.3,142195.76841512,13996272.52559283
2026-06-04 14:30:00,98.3,99.8,98.3,99.8,103782.92430798,10286524.19341577
2026-06-04 14:45:00,99.4,99.5,98.6,98.7,146254.3740056,14485917.51329277
2026-06-04 15:00:00,98.8,99.9,98.8,99.9,66458.72382897,6623382.60432288
2026-06-04 15:15:00,99.9,101.0,99.9,101.0,17158.08767658,1719022.35870614
2026-06-04 15:30:00,100.0,101.0,100.0,101.0,755.52,75707.52
2026-06-04 15:45:00,100.0,101.0,100.0,100.0,8574.47460689,857496.97554048
2026-06-04 16:00:00,100.0,101.0,99.4,99.4,28877.22120656,2885684.16467168
2026-06-04 16:15:00,99.4,99.4,98.6,98.6,48169.5286884,4766748.38679471
2026-06-04 16:30:00,98.7,99.3,98.5,99.1,16610.66841331,1647744.97554528
2026-06-04 16:45:00,98.9,98.9,98.0,98.0,60285.97986797,5943246.99531884
2026-06-04 17:00:00,98.0,98.0,97.0,97.0,84081.90272762,8200688.81100386
2026-06-04 17:15:00,97.1,98.1,96.8,98.1,458881.30051106,44595652.45060921
2026-06-04 17:30:00,98.1,98.1,97.1,97.1,49011.77181486,4763491.19566451
2026-06-04 17:45:00,97.3,98.4,97.2,98.2,201459.69894623,19640511.88673615
2026-06-04 18:00:00,97.5,97.5,96.8,97.0,151412.26893984,14684154.85173624
2026-06-04 18:15:00,96.6,96.6,95.5,95.5,492911.36312918,47320360.06028274
2026-06-04 18:30:00,95.5,96.0,95.2,96.0,307672.68592181,29394972.71535828
2026-06-04 18:45:00,96.2,96.6,96.0,96.6,115770.68793566,11162120.34292727
2026-06-04 19:00:00,96.6,96.6,96.2,96.6,132796.13228366,12799769.02008773
2026-06-04 19:15:00,96.2,96.8,95.9,95.9,40022.01230446,3861564.48940639
2026-06-04 19:30:00,95.8,96.3,95.7,95.9,45792.63468247,4405574.76225513
2026-06-04 19:45:00,95.8,96.1,94.9,95.0,165904.1075419,15845825.6356693
2026-06-04 20:00:00,95.1,95.5,94.8,94.8,62359.51705629,5933829.89438047
2026-06-04 20:15:00,94.7,95.4,94.5,95.3,305900.79853553,29023936.12209352
2026-06-04 20:30:00,95.6,95.6,94.2,94.6,145174.21287493,13757117.78552975
2026-06-04 20:45:00,94.6,96.4,94.6,96.4,17664.02846254,1671693.00389886
2026-06-04 21:00:00,96.3,96.4,95.7,95.7,49212.9969258,4732923.20290702
2026-06-04 21:15:00,96.0,97.4,95.8,97.3,153037.74153646,14738739.67296677
2026-06-04 21:30:00,97.4,98.5,97.4,98.2,60427.08346076,5931806.53480507
2026-06-04 21:45:00,98.5,98.8,98.4,98.4,113671.76955206,11186282.9457085
2026-06-04 22:00:00,98.6,98.6,97.9,97.9,48751.63826031,4786458.59765294
2026-06-04 22:15:00,98.0,98.2,97.3,97.3,70347.50025461,6870366.5438043
2026-06-04 22:30:00,98.1,99.0,98.1,99.0,63255.82508755,6221151.26130686
2026-06-04 22:45:00,98.5,98.9,98.3,98.9,194071.97269923,19193198.08301397
2026-06-04 23:00:00,98.9,99.5,98.9,99.0,157221.12378014,15565892.00142778
2026-06-04 23:15:00,98.6,98.6,98.5,98.5,17981.56470896,1771247.0041571
2026-06-04 23:30:00,98.3,98.4,98.3,98.4,2207.67919702,217029.86506707
2026-06-04 23:45:00,98.3,98.3,98.0,98.0,662.78809577,65019.83739829
2026-06-05 00:00:00,98.1,98.8,97.7,98.8,231168.24921893,22674686.29604988
2026-06-05 00:15:00,98.8,98.8,98.3,98.3,7470.56097582,737226.59929203
2026-06-05 00:30:00,98.3,98.3,98.2,98.2,7103.76398778,698199.99999877
2026-06-05 00:45:00,98.1,98.1,97.9,97.9,3801.05727931,372558.99999919
2026-06-05 01:00:00,97.7,97.7,97.3,97.3,3059.0672306,298363.99999892
2026-06-05 01:15:00,97.3,97.5,97.2,97.4,22446.36427513,2184591.51925886
2026-06-05 01:30:00,97.1,97.8,96.8,97.8,163921.39341355,15907472.50193447
2026-06-05 01:45:00,97.9,98.1,97.9,98.0,102551.17760105,10048969.99999942
2026-06-05 02:00:00,97.8,97.8,97.7,97.7,10509.46077769,1027450.57366787
2026-06-05 02:15:00,97.5,97.5,97.0,97.0,12948.57344619,1258851.48404489
2026-06-05 02:30:00,97.3,97.3,96.3,96.3,4866.82383419,470368.49999934
2026-06-05 02:45:00,97.7,97.7,97.5,97.7,3434.88212837,335077.98222846
2026-06-05 03:00:00,96.8,97.2,96.8,96.9,7891.44878239,765163.60370099
2026-06-05 03:15:00,96.9,97.8,96.9,97.8,3853.17760827,373507.91024136
2026-06-05 03:30:00,98.2,98.4,98.1,98.1,104156.26700152,10222853.81306042
2026-06-05 03:45:00,98.4,98.5,98.4,98.5,8883.12085238,874976.89904928
2026-06-05 04:00:00,98.5,98.5,97.9,97.9,9918.09797996,971444.74477715
2026-06-05 04:15:00,98.9,98.9,98.9,98.9,352.22446916,34834.99999992
2026-06-05 04:30:00,98.7,98.7,98.7,98.7,7764.9523769,766400.79960003
2026-06-05 04:45:00,98.1,98.1,97.8,97.8,105861.17027375,10356750.45277275
2026-06-05 05:00:00,97.7,97.7,97.7,97.7,51.18730808,5000.99999942
2026-06-05 05:30:00,97.8,97.8,97.5,97.5,10595.31924562,1036111.11111053
2026-06-05 05:45:00,97.1,97.2,96.9,97.2,42774.41872827,4148505.7350499
2026-06-05 06:00:00,97.2,97.4,97.2,97.4,12401.32290094,1205468.58597137
2026-06-05 06:15:00,97.1,97.1,95.9,95.9,27219.6631165,2630272.88793182
2026-06-05 06:30:00,95.9,96.1,95.0,95.8,78988.23412016,7560336.204706
2026-06-05 06:45:00,95.8,95.8,95.1,95.1,219167.18383013,20870274.54448824
2026-06-05 07:00:00,95.1,95.3,94.7,94.8,48642.35639793,4615821.25495535
2026-06-05 07:30:00,95.0,95.2,94.7,95.1,61890.70260497,5883528.70560683
2026-06-05 07:45:00,94.9,95.6,94.8,95.6,66704.67472345,6350055.30707588
2026-06-05 08:00:00,95.7,95.7,95.4,95.4,20860.23517472,1993921.43134826
2026-06-05 08:15:00,95.6,95.6,94.8,95.2,97475.6263473,9282855.84622033
2026-06-05 08:30:00,95.6,95.8,95.6,95.8,43361.54346721,4147768.07545893
2026-06-05 08:45:00,95.6,96.3,95.4,96.1,83953.44627444,8050215.62185471
2026-06-05 09:00:00,96.0,96.2,95.6,96.1,37582.42304894,3614058.69401685
2026-06-05 09:15:00,95.9,96.1,95.7,95.9,44180.47523787,4236985.21207202
2026-06-05 09:30:00,96.1,96.5,95.9,95.9,110594.8875073,10634415.78368548
2026-06-05 09:45:00,95.7,95.7,95.2,95.3,167449.42795197,15967828.16905208
2026-06-05 10:00:00,95.1,95.1,94.3,94.9,666794.13657999,63179958.10466194
2026-06-05 10:15:00,95.0,95.8,95.0,95.1,223812.37394793,21342281.32328275
2026-06-05 10:30:00,95.8,95.8,95.3,95.7,72075.7010069,6880265.36748364
2026-06-05 10:45:00,95.7,96.0,95.1,95.3,261330.99099484,24922449.78369468
2026-06-05 11:00:00,95.1,95.1,94.7,94.7,73402.24886146,6977996.79589992
2026-06-05 11:15:00,94.7,94.7,93.7,93.7,148561.65098476,13974924.88949265
2026-06-05 11:30:00,93.7,93.7,92.4,93.0,264406.80992197,24596413.42271144
2026-06-05 11:45:00,93.0,93.0,91.4,91.4,650121.61173522,59944447.15442727
2026-06-05 12:00:00,91.3,91.7,91.1,91.4,219351.55966968,20058469.01933758
2026-06-05 12:15:00,91.2,92.0,91.2,91.3,198671.65491088,18205679.51622453
2026-06-05 12:30:00,91.9,92.2,91.0,91.2,91461.75439878,8378522.09576129
2026-06-05 12:45:00,91.8,92.2,91.4,91.5,86667.30767626,7949244.49222494
2026-06-05 13:00:00,91.6,92.5,91.4,92.2,295797.16113479,27245046.88451778
2026-06-05 13:15:00,91.9,92.5,91.9,92.5,49358.42644015,4553479.36228095
2026-06-05 13:30:00,92.3,92.4,92.0,92.0,226213.6094619,20858036.28665362
2026-06-05 13:45:00,91.8,92.9,91.3,92.8,84755.93794275,7830526.17809413
2026-06-05 14:00:00,92.8,92.8,92.2,92.2,46311.8126844,4287252.90168448
2026-06-05 14:15:00,92.0,92.7,91.8,92.7,90737.66544857,8354106.06677215
2026-06-05 14:30:00,92.2,92.6,91.5,91.5,49020.73008481,4498733.41276369
2026-06-05 14:45:00,91.5,91.6,90.5,90.5,177155.83511638,16109405.31712374
2026-06-05 15:00:00,90.7,91.1,89.4,89.7,493007.94746779,44418853.01049579
2026-06-05 15:15:00,89.7,89.9,87.6,88.7,500174.46972477,44337617.91738367
2026-06-05 15:30:00,88.7,89.8,88.4,89.8,152827.81949156,13566946.80801014
2026-06-05 15:45:00,89.8,89.8,88.3,88.7,87104.74072073,7712446.55857327
2026-06-05 16:00:00,88.7,88.9,87.2,87.7,399589.44097699,35165220.36702703
2026-06-05 16:15:00,87.6,89.3,87.3,89.3,266295.30459146,23496022.71048852
2026-06-05 16:30:00,89.2,89.5,89.0,89.3,35988.08786701,3215780.84268304
2026-06-05 16:45:00,89.4,89.9,89.4,89.9,55783.13809065,4997376.2196098
2026-06-05 17:00:00,89.7,89.7,88.9,88.9,187000.17242403,16708392.4655459
2026-06-05 17:15:00,88.9,89.1,88.8,89.1,54127.67534197,4816808.00307458
2026-06-05 17:30:00,89.2,89.2,88.7,88.7,113438.14424678,10071136.13501429
2026-06-05 17:45:00,88.9,88.9,88.5,88.5,70448.87740163,6254567.06113589
2026-06-05 18:00:00,88.7,90.1,88.7,90.1,141703.79689096,12746959.94525141
2026-06-05 18:15:00,90.3,90.5,89.9,90.2,6314.611,570209.4569
2026-06-05 18:30:00,90.5,90.5,89.5,89.5,338534.98525499,30399439.20283215
2026-06-05 18:45:00,89.7,90.1,89.7,90.1,6217.92126702,557776.43376179
2026-06-05 19:00:00,90.0,90.0,89.5,89.5,1199.80357142,107597.39999923
2026-06-05 19:15:00,89.3,89.4,89.1,89.2,43956.79213662,3922678.29449278
2026-06-05 19:30:00,89.3,89.5,89.0,89.3,24116.22538531,2147790.32744738
2026-06-05 19:45:00,89.3,89.3,88.8,88.8,51074.13728845,4549215.28113171
2026-06-05 20:00:00,88.8,89.2,88.3,89.2,46673.94400193,4140833.62737761
2026-06-05 20:15:00,89.3,89.8,89.1,89.5,24814.28560362,2222182.26585109
2026-06-05 20:30:00,89.3,89.3,88.9,88.9,5472.83642526,487379.63418334
2026-06-05 20:45:00,88.8,89.1,88.8,88.9,111701.94068966,9930076.93780079
2026-06-05 21:00:00,88.6,89.2,88.3,89.0,48720.29161746,4330722.55300154
2026-06-05 21:15:00,89.4,89.8,89.1,89.2,6615.76059192,591786.35165712
2026-06-05 21:30:00,89.4,89.5,88.7,89.1,58579.36123346,5217931.92974343
2026-06-05 21:45:00,89.1,89.1,89.0,89.1,25404.96928406,2262710.4407745
2026-06-05 22:00:00,89.1,89.3,89.1,89.1,30246.19479256,2697422.59982352
2026-06-05 22:15:00,89.6,90.0,89.6,89.9,47477.29884582,4263418.61261993
2026-06-05 22:30:00,89.9,90.4,89.7,89.7,39527.24069199,3554622.80799167
2026-06-05 22:45:00,89.5,89.6,87.6,87.7,248564.53182675,22041847.65894846
2026-06-05 23:00:00,87.9,89.4,87.4,88.6,198682.04770403,17541656.73708263
2026-06-05 23:15:00,88.9,89.3,87.9,88.0,91977.66238985,8141326.03930156
2026-06-05 23:30:00,88.3,89.2,88.1,88.4,92113.51003615,8199529.10789599
2026-06-05 23:45:00,89.2,89.2,88.0,88.3,18479.13411439,1630893.73358498
2026-06-06 00:00:00,88.2,88.2,87.5,87.8,148596.21082629,13066929.18479355
2026-06-06 00:15:00,87.3,88.0,86.9,87.1,99878.18012324,8729010.01750003
2026-06-06 00:30:00,87.1,87.5,86.6,87.1,58460.64259991,5091586.0229654
2026-06-06 00:45:00,87.0,87.3,86.4,87.1,51514.88559244,4475066.03940446
2026-06-06 01:00:00,86.5,87.1,85.5,87.1,143104.38866786,12323759.70493791
2026-06-06 01:15:00,87.5,88.5,87.2,87.2,80656.9698366,7065719.98742921
2026-06-06 01:30:00,87.5,87.5,87.0,87.0,48345.66377857,4223061.03302729
2026-06-06 01:45:00,87.0,89.0,87.0,89.0,52622.20422573,4660082.79858339
2026-06-06 02:00:00,89.0,89.0,88.3,88.3,42399.25113529,3750197.06900906
2026-06-06 02:15:00,88.3,88.3,88.0,88.1,43863.33585755,3871087.55622167
2026-06-06 02:30:00,88.0,88.8,88.0,88.8,1596.7541147,141266.28357906
2026-06-06 02:45:00,88.5,88.5,87.8,87.8,7442.28161684,654438.12607422
2026-06-06 03:00:00,88.3,88.3,88.3,88.3,506.12684031,44690.99999937
2026-06-06 03:15:00,87.8,88.0,87.5,87.5,31103.3202387,2729649.26954208
2026-06-06 03:30:00,87.0,87.2,86.5,87.2,67476.01976095,5856165.52894425
2026-06-06 03:45:00,86.8,86.8,85.6,85.7,54727.6170284,4696886.53210065
2026-06-06 04:00:00,85.5,85.8,85.0,85.2,213939.36193419,18281595.17962566
2026-06-06 04:15:00,85.0,85.7,84.5,85.7,107061.56843997,9074255.57320687
2026-06-06 04:30:00,85.1,85.7,84.9,85.4,4489.84943964,383290.8498814
2026-06-06 04:45:00,85.5,86.7,85.5,86.4,123979.97787859,10693708.45394599
2026-06-06 05:00:00,86.4,87.2,85.6,86.9,187834.53868877,16226060.37526024
2026-06-06 05:15:00,86.6,87.4,86.5,86.8,65324.17456955,5686572.30349149
2026-06-06 05:30:00,86.6,87.1,86.5,87.0,48317.58872972,4182187.55439634
2026-06-06 05:45:00,87.2,87.6,86.8,87.6,37272.5623915,3262688.28203603
2026-06-06 06:00:00,87.6,88.0,87.2,87.4,11233.23808685,987819.91225228
2026-06-06 06:15:00,87.8,87.8,87.7,87.7,300.0,26325.0
2026-06-06 06:30:00,87.7,88.2,87.6,88.2,1300.0,114265.0
2026-06-06 06:45:00,88.3,88.4,88.0,88.0,1487.87456394,131303.71175101
2026-06-06 07:00:00,87.9,87.9,87.0,87.4,80463.66288124,7043940.57260828
2026-06-06 07:15:00,87.3,87.4,87.0,87.0,7333.75671376,639287.70092987
2026-06-06 07:30:00,87.0,87.4,86.9,87.4,30188.02151261,2623842.62967481
2026-06-06 07:45:00,87.0,87.2,87.0,87.2,300.0,26130.0
2026-06-06 08:00:00,87.3,87.3,86.4,86.4,20143.09210613,1749832.81864284
2026-06-06 08:15:00,86.2,86.5,85.8,85.8,63647.26896579,5500872.2216113
2026-06-06 08:30:00,85.8,85.8,85.1,85.5,26771.84866274,2287836.72489422
2026-06-06 08:45:00,85.6,86.9,85.6,86.9,25409.07628417,2193604.5375643
2026-06-06 09:00:00,86.9,87.6,86.9,87.5,23348.65703073,2037129.50715634
2026-06-06 09:15:00,87.5,87.7,87.1,87.1,10763.30086628,938853.42859923
2026-06-06 09:30:00,87.6,87.6,87.5,87.5,8448.47050057,739246.87656243
2026-06-06 09:45:00,87.6,87.7,87.2,87.2,41765.19678411,3654864.13280369
2026-06-06 10:00:00,87.4,87.7,87.2,87.2,32494.74132938,2839802.84223822
2026-06-06 10:15:00,87.2,87.2,86.4,86.6,28537.65335109,2478538.68656421
2026-06-06 10:30:00,86.9,87.4,86.8,86.8,40349.67048905,3519197.64624658
2026-06-06 10:45:00,86.7,86.7,86.3,86.4,25169.51046249,2174272.95775046
2026-06-06 11:00:00,86.1,86.1,85.6,85.8,69304.32053243,5954649.38311945
2026-06-06 11:15:00,85.7,85.9,85.4,85.9,5667.20849498,485321.83653711
2026-06-06 11:30:00,85.9,86.1,85.6,85.6,48551.68186897,4160702.27525297
2026-06-06 11:45:00,85.9,85.9,85.8,85.8,38914.38871044,3339243.65922446
2026-06-06 12:00:00,85.6,85.7,85.2,85.7,12588.46456881,1074763.65863156
2026-06-06 12:15:00,85.7,85.9,85.4,85.4,19962.71089852,1707014.46626201
2026-06-06 12:30:00,85.5,85.5,85.0,85.3,64962.80726171,5531648.76919151
2026-06-06 12:45:00,85.7,85.7,85.2,85.2,7153.7588415,609687.2532958
2026-06-06 13:00:00,85.4,85.4,84.3,84.5,237440.98514909,20146730.15971293
2026-06-06 13:15:00,84.3,84.7,83.3,83.7,285672.80959001,23946811.4801383
2026-06-06 13:30:00,83.5,83.5,82.4,82.8,95627.13634312,7923555.29154939
2026-06-06 13:45:00,82.8,83.7,82.6,82.9,138572.31699709,11493491.45011951
2026-06-06 14:00:00,82.6,83.4,81.7,82.8,195742.90400752,16097185.98344228
2026-06-06 14:15:00,82.7,84.6,82.7,84.1,76755.07205016,6429627.87579647
2026-06-06 14:30:00,84.0,84.4,84.0,84.4,598.8363376,50439.90325968
2026-06-06 14:45:00,84.2,84.5,84.0,84.4,148632.60431536,12526775.70092071
2026-06-06 15:00:00,84.5,84.8,84.5,84.8,26401.95879669,2238247.0670279
2026-06-06 15:15:00,84.9,85.0,84.6,84.6,1749.04656845,148334.23990013
2026-06-06 15:30:00,85.1,85.1,84.5,84.5,3174.40671955,269999.99999939
2026-06-06 15:45:00,84.4,84.5,84.0,84.0,16353.93406453,1378299.39978758
2026-06-06 16:00:00,83.9,84.8,83.8,84.8,27144.61226564,2291827.95681789
2026-06-06 16:15:00,85.2,85.2,84.7,84.7,67661.09402238,5761863.93561823
2026-06-06 16:30:00,85.2,85.2,85.0,85.1,789.68544601,67174.90000005
2026-06-06 16:45:00,85.3,85.3,84.9,84.9,1334.76469042,113519.09364467
2026-06-06 17:15:00,85.0,85.7,85.0,85.7,11743.98946888,1001487.15921719
2026-06-06 17:30:00,85.9,86.1,85.8,86.1,6213.04543048,533850.48356179
2026-06-06 17:45:00,85.8,85.8,85.5,85.7,74904.96384347,6405653.29787157
2026-06-06 18:00:00,85.7,85.9,85.7,85.8,1060.52969121,90991.9945367
2026-06-06 18:15:00,85.8,86.2,85.7,86.2,9029.65950737,774999.17646425
2026-06-06 18:45:00,85.7,85.7,85.5,85.5,11695.90643275,1000013.08115053
2026-06-06 19:00:00,85.0,85.0,84.3,84.3,14238.51874554,1205323.91568205
2026-06-06 19:30:00,84.6,84.6,84.0,84.0,1981.34581489,166848.63618758
2026-06-06 19:45:00,84.1,84.7,84.1,84.7,17557.71410557,1480527.54398464
2026-06-06 20:00:00,84.7,85.3,84.7,84.8,24282.67681918,2068556.35017507
2026-06-06 20:15:00,84.7,84.8,84.5,84.8,2426.74528301,205601.82547095
2026-06-06 20:45:00,85.5,85.5,85.1,85.1,190.0,16197.0
2026-06-06 21:00:00,85.7,86.1,85.7,85.7,12534.16038586,1074287.42878913
2026-06-06 21:15:00,85.6,85.6,85.6,85.6,11484.4678208,983070.44546048
2026-06-06 21:30:00,85.8,86.2,85.8,86.2,533.1002331,45859.99999998
2026-06-06 21:45:00,86.2,86.7,86.2,86.7,4659.59868011,402884.05592611
2026-06-06 22:00:00,86.7,86.7,86.7,86.7,23086.76180777,2001622.24873366
2026-06-06 22:15:00,86.4,86.6,86.4,86.6,36568.23842012,3166797.64718239
2026-06-06 22:30:00,86.3,86.5,86.1,86.5,25420.21083843,2193391.75881846
2026-06-06 22:45:00,86.5,86.6,86.4,86.4,670.94797688,58058.20000012
2026-06-06 23:15:00,86.4,86.5,86.3,86.3,49256.67952321,4252133.18957947
2026-06-06 23:30:00,86.0,86.6,86.0,86.5,62518.86545764,5413968.69110207
2026-06-06 23:45:00,86.7,86.7,86.7,86.7,693.64971493,60139.43028443
2026-06-07 00:00:00,86.0,86.0,85.9,85.9,2252.59924198,193613.61513983
2026-06-07 00:15:00,85.9,86.0,85.5,86.0,25241.52581736,2163116.47371514
2026-06-07 00:30:00,86.0,86.4,86.0,86.4,27550.67005804,2379733.85796669
2026-06-07 00:45:00,86.4,86.4,86.1,86.2,126920.73050847,10931481.28351893
2026-06-07 01:00:00,85.9,86.2,85.9,86.2,412.38579055,35493.54497669
2026-06-07 01:15:00,85.8,85.8,85.5,85.8,24676.12918234,2116863.85600255
2026-06-07 01:30:00,85.5,85.8,85.5,85.8,1895.12820512,162556.9999993
2026-06-07 01:45:00,86.0,86.0,86.0,86.0,150.0,12900.0
2026-06-07 02:00:00,86.0,86.0,86.0,86.0,5813.95348837,499999.99999982
2026-06-07 02:30:00,85.4,85.6,85.4,85.6,41660.0,3563620.0
2026-06-07 02:45:00,85.1,85.1,85.1,85.1,626.067492,53278.3435692
2026-06-07 03:15:00,85.2,85.2,85.2,85.2,1858.00419186,158301.95714647
2026-06-07 04:00:00,85.7,85.7,85.7,85.7,960.0,82272.0
2026-06-07 04:15:00,85.0,85.0,85.0,85.0,61642.21298441,5239588.10367485
2026-06-07 04:45:00,84.8,84.8,84.7,84.7,1080.67727928,91594.15222954
2026-06-07 05:00:00,84.5,84.5,84.5,84.5,118.34319526,9999.99999947
2026-06-07 05:30:00,84.5,84.7,84.5,84.7,22043.28217237,1862909.99999974
2026-06-07 05:45:00,84.6,84.6,84.6,84.6,232.01856148,19628.77030121
2026-06-07 06:00:00,84.9,84.9,84.9,84.9,61618.29016207,5231392.83475974
2026-06-07 06:30:00,85.6,85.6,85.6,85.6,1654.66437863,141639.27081073
2026-06-07 06:45:00,85.6,85.6,85.6,85.6,116.8224299,9999.99999944
2026-06-07 07:00:00,85.6,85.6,85.5,85.5,2898.0,247959.0
2026-06-07 07:15:00,86.0,86.0,85.4,85.8,2696.91271937,231292.01097874
2026-06-07 07:30:00,85.7,85.7,85.6,85.6,1501.87371298,128700.67720239
2026-06-07 07:45:00,85.4,85.4,85.4,85.4,3591.00962135,306672.22166329
2026-06-07 08:00:00,85.7,85.7,85.7,85.7,233.3722287,19999.99999959
2026-06-07 08:15:00,85.6,85.6,85.6,85.6,2392.78901686,204822.73984322
2026-06-07 08:30:00,85.4,85.7,85.4,85.5,87280.18610138,7458172.92384163
2026-06-07 08:45:00,85.8,86.6,85.8,86.6,170552.56666421,14659349.63511948
2026-06-07 09:00:00,86.5,96.4,86.5,94.3,23659638.73456912,2207079953.8145366
2026-06-07 09:15:00,94.3,97.8,93.6,95.9,10198032.20831967,977116516.737033
2026-06-07 09:30:00,95.8,96.0,93.6,95.0,7478113.14150698,708738712.638325
2026-06-07 09:45:00,95.0,95.6,89.8,90.4,11865319.80972178,1088822892.0384436
2026-06-07 10:00:00,90.2,90.8,89.0,90.5,6067278.35902421,546281256.3466593
2026-06-07 10:15:00,90.5,90.9,89.7,89.8,2391074.85945511,215631716.26184794
2026-06-07 10:30:00,89.8,90.3,89.2,89.8,1628191.37368783,145759257.938219
2026-06-07 10:45:00,89.8,90.2,89.5,89.6,753513.60436025,67540561.75039844
2026-06-07 11:00:00,89.6,89.8,89.2,89.3,516565.22616294,46147024.83736848
2026-06-07 11:15:00,89.3,89.3,87.3,87.4,2357949.6117681,207513196.57626364
2026-06-07 11:30:00,87.5,87.9,87.4,87.8,632641.86223583,55434426.36659539
2026-06-07 11:45:00,87.8,88.7,87.8,88.5,198613.04987555,17512443.8196134
2026-06-07 12:00:00,88.3,88.8,88.2,88.5,80048.75694613,7075056.80917413
2026-06-07 12:15:00,88.3,88.8,88.2,88.3,230484.84388506,20383303.51092653
2026-06-07 12:30:00,88.6,88.7,87.7,87.9,503929.27317672,44387154.72376721
2026-06-07 12:45:00,87.8,88.0,87.6,87.8,380889.36826603,33436892.01691263
2026-06-07 13:00:00,87.8,87.8,87.6,87.6,532718.78438531,46741152.53813745
2026-06-07 13:15:00,87.6,87.6,87.2,87.3,437918.46640919,38285886.90699506
2026-06-07 13:30:00,87.3,87.6,87.3,87.5,185487.407369,16239774.66091087
2026-06-07 13:45:00,87.5,87.9,87.5,87.8,190809.25901065,16729848.57056861
2026-06-07 14:00:00,88.0,88.2,87.8,88.2,57293.40944911,5041120.52525577
2026-06-07 14:15:00,88.1,88.6,88.0,88.6,652789.09999393,57589383.7392234
2026-06-07 14:30:00,88.4,88.5,88.0,88.3,122760.45292128,10852209.10364764
2026-06-07 14:45:00,88.2,88.3,88.1,88.1,129144.81263753,11385210.99884941
2026-06-07 15:00:00,88.0,88.3,87.2,88.3,730823.25092552,64163077.82376649
2026-06-07 15:15:00,88.3,88.6,88.0,88.6,124145.64928714,10951965.60924418
2026-06-07 15:30:00,88.6,89.1,88.6,88.7,233442.50218002,20731672.91937866
2026-06-07 15:45:00,88.8,88.9,88.3,88.3,286847.11793773,25420397.89180324
2026-06-07 16:00:00,88.4,89.0,88.4,89.0,35322.1506977,3130437.36856903
2026-06-07 16:15:00,89.0,89.0,88.3,88.6,358408.01319092,31695475.60510341
2026-06-07 16:30:00,88.5,88.6,88.5,88.5,43471.75392122,3848413.1656002
2026-06-07 16:45:00,88.6,88.6,88.2,88.6,234158.75059989,20696724.51069795
2026-06-07 17:00:00,88.6,88.6,88.2,88.3,64741.21408052,5715186.74122683
2026-06-07 17:15:00,88.3,88.4,88.2,88.4,81837.47235342,7222684.08388382
2026-06-07 17:30:00,88.4,89.1,88.4,89.0,252204.23356686,22378477.66807466
2026-06-07 17:45:00,89.0,89.8,89.0,89.8,466389.25438814,41740021.11820485
2026-06-07 18:00:00,89.8,90.1,89.8,90.0,142332.5856436,12807036.49033503
2026-06-07 18:15:00,90.1,90.2,89.3,89.3,377489.56214764,33842738.84031302
2026-06-07 18:30:00,89.3,89.5,88.7,89.0,450248.65443788,40114329.62101365
2026-06-07 18:45:00,89.3,89.4,89.0,89.1,104826.3113727,9350718.94188193
2026-06-07 19:00:00,89.1,89.1,87.7,87.9,769009.67454487,67830071.53159346
2026-06-07 19:15:00,87.9,88.5,87.6,88.4,170815.80254547,15032859.16268586
2026-06-07 19:30:00,88.4,88.7,87.9,88.0,376261.02425412,33120884.66978024
2026-06-07 19:45:00,88.0,88.5,88.0,88.4,216272.5516545,19050052.58194836
2026-06-07 20:00:00,88.0,88.3,88.0,88.0,52387.38140754,4614003.11458172
2026-06-07 20:15:00,88.1,88.5,88.1,88.5,9148.36037391,807477.75165334
2026-06-07 20:30:00,88.6,88.8,88.5,88.7,126555.80633377,11213117.87837934
2026-06-07 20:45:00,88.7,88.9,88.6,88.6,77006.06403622,6836256.68219016
2026-06-07 21:00:00,88.6,88.7,87.3,87.3,437305.2663244,38343778.38147459
2026-06-07 21:15:00,87.3,87.7,86.3,86.7,943267.38724666,81834002.39251512
2026-06-07 21:30:00,86.7,86.7,86.0,86.2,552205.78154294,47614937.95775548
2026-06-07 21:45:00,86.2,86.9,86.2,86.9,188113.91559581,16296030.85517238
2026-06-07 22:00:00,86.8,87.0,86.5,86.6,188564.01203733,16352141.23942376
2026-06-07 22:15:00,86.9,86.9,86.3,86.6,104653.01688946,9055303.18849187
2026-06-07 22:30:00,86.6,87.0,86.6,87.0,45932.24308945,3986241.10945268
2026-06-07 22:45:00,87.2,87.2,86.9,87.1,85432.81129728,7441170.48006461
2026-06-07 23:00:00,87.1,87.3,86.8,87.2,58350.36158051,5081034.04582561
2026-06-07 23:15:00,87.0,87.8,87.0,87.8,172760.46550933,15126183.74599044
2026-06-07 23:30:00,87.8,88.0,87.5,87.5,266690.42624749,23379495.78672736
2026-06-07 23:45:00,87.5,87.6,87.5,87.5,66337.75722624,5807479.68930716
2026-06-08 00:00:00,87.7,87.7,87.6,87.6,32681.045635,2862900.79187887
2026-06-08 00:15:00,87.6,87.8,87.4,87.8,169830.37478221,14860059.49528217
2026-06-08 00:30:00,87.8,88.2,87.8,88.2,241911.40568515,21276232.84962317
2026-06-08 00:45:00,88.2,88.2,87.1,87.1,213511.66357231,18721832.05483037
2026-06-08 01:00:00,87.5,87.5,87.4,87.4,76494.95594664,6691454.53352976
2026-06-08 01:15:00,87.9,87.9,87.5,87.5,43672.93709195,3822935.96166495
2026-06-08 01:30:00,87.6,87.8,87.6,87.8,3650.30019972,320450.6432497
2026-06-08 01:45:00,87.8,87.8,87.2,87.2,26209.97391323,2290543.56023223
2026-06-08 02:00:00,87.2,88.0,87.2,88.0,93111.56064417,8186066.94963286
2026-06-08 02:15:00,88.1,88.1,88.1,88.1,2269.01305306,199900.04997459
2026-06-08 02:30:00,88.2,88.2,88.1,88.1,11529.97894476,1015806.14503336
2026-06-08 02:45:00,87.9,87.9,87.2,87.5,139922.21794765,12255081.61525457
2026-06-08 03:00:00,88.0,88.0,88.0,88.0,21749.4244025,1913949.34742
2026-06-08 03:15:00,87.8,87.8,87.8,87.8,5057.9835367,444090.95452226
2026-06-08 03:30:00,87.8,87.8,87.3,87.3,9559.11064982,834585.35972929
2026-06-08 03:45:00,87.3,87.3,87.3,87.3,47689.60230755,4163302.28144912
2026-06-08 04:00:00,87.2,87.2,86.2,86.2,199988.29569796,17327449.84614576
2026-06-08 04:15:00,86.2,86.2,85.4,85.7,305454.04535493,26180963.78190417
2026-06-08 04:30:00,86.0,86.0,85.4,85.4,52293.02753055,4481230.84730581
2026-06-08 04:45:00,85.4,85.8,85.4,85.8,2835.84199643,242300.40445512
2026-06-08 05:00:00,86.0,86.3,86.0,86.2,30683.45196308,2645764.4404352
2026-06-08 05:15:00,86.6,86.6,86.6,86.6,8989.80071167,778516.74163062
2026-06-08 05:30:00,86.6,86.6,86.3,86.3,46087.42576346,3980111.48175435
2026-06-08 05:45:00,86.3,86.7,86.3,86.7,12660.57981301,1095220.3233058
2026-06-08 06:00:00,86.9,87.2,86.8,87.2,262649.45960992,22798599.59124449
2026-06-08 06:15:00,87.2,87.2,86.9,87.2,82511.98234657,7193030.10681456
2026-06-08 06:30:00,87.1,87.1,86.6,86.6,139499.2824763,12097639.52317928
2026-06-08 06:45:00,86.6,87.1,86.6,87.1,43021.77281119,3734416.35673554
2026-06-08 07:00:00,87.1,89.1,87.1,89.1,125659.10506851,11130539.03817968
2026-06-08 07:15:00,89.3,89.8,88.3,88.4,303438.23256595,26908378.43368037
2026-06-08 07:30:00,88.3,88.5,88.0,88.3,210575.90011859,18610517.19855877
2026-06-08 07:45:00,88.3,88.4,87.6,87.8,341684.35432417,30073840.51189435
2026-06-08 08:00:00,87.8,87.9,87.4,87.6,293853.53365355,25726739.46590802
2026-06-08 08:15:00,87.6,87.7,87.5,87.7,105041.3427771,9198712.08369656
2026-06-08 08:30:00,87.9,87.9,87.6,87.7,132205.56548873,11595257.53738255
2026-06-08 08:45:00,87.7,88.0,87.7,87.9,207920.28639975,18260421.07749265
2026-06-08 09:00:00,87.9,88.3,87.1,87.1,854164.40874488,74883683.30736017
2026-06-08 09:15:00,87.2,87.9,86.8,87.7,625999.6004935,54522060.13741763
2026-06-08 09:30:00,87.7,88.6,87.7,88.6,240416.29713308,21249402.06660433
2026-06-08 09:45:00,88.6,88.8,88.2,88.3,151279.89336666,13384360.25987149
2026-06-08 10:00:00,88.3,88.3,87.3,87.3,140149.20522032,12315022.30772386
2026-06-08 10:15:00,87.2,87.2,86.5,86.6,190437.62389725,16521939.12219252
2026-06-08 10:30:00,86.7,87.0,86.7,87.0,166377.63528433,14451643.49090064
2026-06-08 10:45:00,87.0,87.5,87.0,87.5,172968.67477291,15072311.95129839
2026-06-08 11:00:00,87.5,87.5,87.1,87.4,152463.85327608,13305326.86730981
2026-06-08 11:15:00,87.4,87.4,87.4,87.4,1085.368,94861.1632
2026-06-08 11:30:00,87.2,87.2,86.7,86.7,248484.52643153,21620164.2141483
2026-06-08 11:45:00,86.7,86.7,86.7,86.7,16846.41022447,1460583.76646155
2026-06-08 12:00:00,86.7,87.2,86.7,87.2,55796.04607529,4852839.43076878
2026-06-08 12:15:00,86.9,87.3,86.8,86.8,41064.61864242,3566832.50117709
2026-06-08 12:30:00,86.8,86.8,86.7,86.8,57037.33274333,4947553.45519507
2026-06-08 12:45:00,86.7,87.2,86.7,87.2,36335.44349292,3150311.64923066
2026-06-08 13:00:00,87.4,87.4,86.7,86.7,53453.57935887,4642036.96373392
2026-06-08 13:15:00,86.6,86.6,86.0,86.4,542790.69095653,46724624.00548778
2026-06-08 13:30:00,86.6,86.6,86.1,86.1,86358.409172,7448703.5541078
2026-06-08 13:45:00,86.1,86.8,86.1,86.4,165350.5728183,14299980.15951573
2026-06-08 14:00:00,86.4,86.5,86.3,86.3,124366.07717037,10740039.77209614
2026-06-08 14:15:00,86.3,86.4,86.1,86.4,134323.14454422,11576864.26574683
2026-06-08 14:30:00,86.4,86.4,85.1,85.5,127576.49460436,10931765.71139771
2026-06-08 14:45:00,85.6,86.0,85.6,86.0,45116.4418635,3879474.10415029
2026-06-08 15:00:00,86.2,86.9,86.0,86.6,69523.58589854,6031786.26270103
2026-06-08 15:15:00,86.8,86.8,86.6,86.8,4758.83379908,412516.35420331
2026-06-08 15:30:00,86.6,86.9,86.6,86.7,39180.25579849,3399923.59999561
2026-06-08 15:45:00,86.6,86.6,86.5,86.5,45643.59257839,3948660.44942796
2026-06-08 16:00:00,86.5,86.5,86.3,86.5,16521.84018248,1428530.08987362
2026-06-08 16:30:00,86.8,86.8,86.8,86.8,7501.62678368,651141.20482342
2026-06-08 16:45:00,87.0,87.1,87.0,87.1,16872.94538072,1469255.50524264
2026-06-08 17:00:00,87.1,87.1,86.7,86.7,234650.77297668,20419018.7324809
2026-06-08 17:15:00,86.7,86.7,86.5,86.7,56415.07356057,4887212.81790631
2026-06-08 17:30:00,86.7,87.4,86.7,87.0,305560.63555163,26592631.63082195
2026-06-08 17:45:00,87.0,87.0,86.5,86.5,6112.57250411,529749.04807384
2026-06-08 18:00:00,86.7,86.7,86.5,86.5,20810.16172241,1800108.98898847
2026-06-08 18:15:00,86.9,87.3,86.9,87.1,29748.73633496,2593830.21836467
2026-06-08 18:30:00,87.5,87.5,86.7,87.1,50532.87036509,4411823.1263975
2026-06-08 18:45:00,87.3,87.9,87.3,87.9,74903.51464975,6549282.70118383
2026-06-08 19:00:00,87.6,87.9,87.3,87.6,205286.90280582,17963731.75618752
2026-06-08 19:15:00,87.4,87.4,86.9,87.1,26992.65135559,2351923.31259501
2026-06-08 19:30:00,87.1,87.4,86.9,87.4,35978.81500761,3142951.96028809
2026-06-08 19:45:00,87.4,88.1,87.3,88.1,189958.1456664,16638263.11731007
2026-06-08 20:00:00,88.1,89.0,88.1,88.8,144651.21774382,12813705.29262416
2026-06-08 20:15:00,88.8,89.1,88.8,89.1,211146.00730207,18795194.92745501
2026-06-08 20:30:00,89.0,89.0,88.7,88.8,61628.86364461,5474439.93797351
2026-06-08 20:45:00,88.8,88.8,88.1,88.1,292639.80224348,25855851.26044817
2026-06-08 21:00:00,88.4,88.4,87.3,87.8,254113.80066379,22321718.53721542
2026-06-08 21:15:00,87.8,88.1,87.5,88.0,94303.88535852,8281638.89909932
2026-06-08 21:30:00,88.4,88.5,88.3,88.5,131247.11514302,11589476.49221491
2026-06-08 21:45:00,88.5,88.5,88.3,88.5,82896.52801969,7330736.6813795
2026-06-08 22:00:00,88.5,88.5,88.2,88.2,7274.838782,642563.10499612
2026-06-08 22:15:00,88.4,88.4,88.3,88.3,29287.76506436,2588976.30854183
2026-06-08 22:30:00,88.2,88.2,87.7,87.9,33739.11988565,2966664.49307657
2026-06-08 22:45:00,88.3,88.5,88.3,88.5,4406.30319215,389088.25096289
2026-06-08 23:00:00,88.4,88.4,88.3,88.4,103091.10113667,9111121.24025513
2026-06-08 23:15:00,88.3,88.4,88.0,88.3,71132.08927699,6272472.07239814
2026-06-08 23:30:00,88.4,88.6,88.4,88.6,9564.91645109,846909.62888766
2026-06-08 23:45:00,88.5,88.5,88.3,88.3,33008.5066408,2917119.0381972
2026-06-09 00:00:00,88.6,89.2,88.6,89.2,63202.46391886,5628281.21223129
2026-06-09 00:15:00,89.1,89.3,89.1,89.2,84295.04736907,7518778.69442962
2026-06-09 00:30:00,89.0,89.0,88.2,88.8,328116.91268648,29003071.93443633
2026-06-09 00:45:00,88.7,88.7,88.0,88.0,107636.30874644,9474671.58619612
2026-06-09 01:00:00,88.5,89.0,88.5,89.0,24137.94758822,2143429.74796304
2026-06-09 01:15:00,89.0,90.0,88.8,89.5,177485.86619118,15859434.28511322
2026-06-09 01:30:00,89.5,89.6,89.0,89.3,159531.04115877,14264147.4099405
2026-06-09 01:45:00,89.3,89.6,89.1,89.1,22923.86287576,2046466.36917148
2026-06-09 02:00:00,88.8,88.9,88.4,88.4,102014.37550868,9046422.15243139
2026-06-09 02:15:00,88.4,88.9,88.4,88.9,15180.05928669,1344411.62688231
2026-06-09 02:30:00,88.7,89.1,88.7,89.1,2018.68642214,179745.49687047
2026-06-09 02:45:00,89.3,90.6,89.2,90.4,169622.31448508,15277060.03283666
2026-06-09 03:00:00,90.6,90.8,90.2,90.8,59800.78176226,5409759.64886768
2026-06-09 03:15:00,90.8,91.6,90.8,91.0,96759.55757546,8821727.7058323
2026-06-09 03:30:00,91.3,91.7,89.7,89.7,154023.71704582,13955993.33538247
2026-06-09 03:45:00,89.6,89.6,89.3,89.5,132536.80917218,11850726.90070154
2026-06-09 04:00:00,89.4,89.6,89.4,89.6,35839.88656024,3208401.49146556
2026-06-09 04:15:00,89.6,89.6,89.2,89.2,1565.36887209,139667.5368594
2026-06-09 04:30:00,89.2,89.4,89.0,89.4,24821.76254762,2217547.02735801
2026-06-09 04:45:00,89.1,89.1,89.1,89.1,66.3104,5908.25664
2026-06-09 05:00:00,88.8,88.8,88.2,88.4,80207.67393612,7098092.46691023
2026-06-09 05:15:00,88.4,88.4,88.4,88.4,7857.0458147,694562.85001948
2026-06-09 05:30:00,88.7,88.7,88.7,88.7,215.48285898,19113.32959153
2026-06-09 05:45:00,88.7,89.0,88.7,88.8,137256.43683184,12198907.23768717
2026-06-09 06:00:00,89.1,89.3,89.1,89.3,29458.14977924,2628195.82724153
2026-06-09 06:15:00,89.2,89.5,89.2,89.4,22186.52732454,1985050.8713251
2026-06-09 06:30:00,89.5,89.7,89.5,89.6,9650.69930828,864437.5367123
2026-06-09 06:45:00,89.4,89.5,89.1,89.1,9913.89421659,887093.72120593
2026-06-09 07:00:00,88.9,89.0,88.6,88.7,14542.42951657,1290401.61194047
2026-06-09 07:15:00,88.4,88.4,88.3,88.3,79038.7742898,6979133.66978934
2026-06-09 07:30:00,88.6,88.6,88.3,88.6,19698.0806667,1744024.34680577
2026-06-09 07:45:00,88.5,88.7,88.3,88.3,32776.6397444,2896930.70238009
2026-06-09 08:00:00,88.6,88.6,88.6,88.6,285.32256235,25279.57902421
2026-06-09 08:15:00,88.6,88.6,87.7,87.8,85721.60655991,7580745.39618203
2026-06-09 08:30:00,87.9,88.0,87.8,87.9,74732.60333698,6568121.72230403
2026-06-09 08:45:00,87.9,88.0,87.8,87.8,51751.37150972,4551811.62824769
2026-06-09 09:00:00,87.8,88.2,87.5,87.5,235773.78884196,20730672.83428031
2026-06-09 09:15:00,87.5,87.9,86.9,87.8,116121.97420226,10147125.3110849
2026-06-09 09:30:00,87.3,87.3,86.4,86.8,208463.54005638,18099566.60235672
2026-06-09 09:45:00,86.8,86.8,86.1,86.3,142604.95561571,12296829.74660026
2026-06-09 10:00:00,86.4,86.9,86.4,86.8,317047.15177897,27505543.97965754
2026-06-09 10:15:00,86.9,87.4,86.7,87.0,178169.06112342,15518208.87317315
2026-06-09 10:30:00,87.0,87.0,86.6,86.6,25290.19300694,2194541.72484163
2026-06-09 10:45:00,86.6,86.7,86.5,86.7,27791.85055738,2405673.89584851
2026-06-09 11:00:00,86.6,86.8,86.5,86.5,28833.83363095,2496380.02584695
2026-06-09 11:15:00,86.4,86.4,85.1,85.4,722605.77575043,61872042.32847835
2026-06-09 11:30:00,85.3,85.4,84.4,84.4,808242.69924899,68492673.91341032
2026-06-09 11:45:00,84.7,84.8,83.9,84.8,235323.76492392,19870400.34551334
2026-06-09 12:00:00,84.8,84.8,84.3,84.7,65094.48170379,5496459.63961705
2026-06-09 12:15:00,84.6,84.6,84.5,84.5,156486.32534198,13233720.22929578
2026-06-09 12:30:00,84.2,84.2,83.6,84.1,579083.48801449,48615458.87352938
2026-06-09 12:45:00,84.1,84.3,84.0,84.0,36685.48563119,3085032.32004731
2026-06-09 13:00:00,84.0,84.3,83.9,84.3,54369.90172816,4572849.79048484
2026-06-09 13:15:00,84.2,84.4,83.9,83.9,144173.19901417,12116911.60008123
2026-06-09 13:30:00,83.8,84.8,83.7,84.8,95815.10294923,8064984.70555082
2026-06-09 13:45:00,85.0,85.3,84.7,84.7,116033.42239087,9852870.55252054
2026-06-09 14:00:00,84.7,84.7,84.3,84.7,27229.78591742,2302208.89291507
2026-06-09 14:15:00,84.7,85.2,84.6,84.6,76400.58224871,6495339.97541669
2026-06-09 14:30:00,85.2,85.2,85.1,85.1,44758.75710929,3809914.96000058
2026-06-09 14:45:00,85.0,85.0,84.8,84.9,36377.00260351,3091131.18854528
2026-06-09 15:00:00,84.7,84.7,84.5,84.5,10350.44638037,876619.71914127
2026-06-09 15:15:00,84.6,84.6,84.6,84.6,17944.3634602,1518093.14873292
2026-06-09 15:30:00,84.6,84.6,84.5,84.5,90022.73135908,7608929.48169955
2026-06-09 15:45:00,84.5,84.5,84.2,84.2,13936.10729764,1176012.1354085
2026-06-09 16:00:00,83.9,84.5,83.9,84.5,32277.09184007,2710515.93881465
2026-06-09 16:15:00,84.3,84.5,83.9,83.9,319540.17987383,26907971.51323793
2026-06-09 16:30:00,83.9,84.3,83.9,84.3,78504.53817697,6588258.03704081
2026-06-09 16:45:00,84.4,84.4,84.1,84.1,53234.74004134,4491868.82385964
2026-06-09 17:00:00,84.1,84.1,83.7,83.7,81434.6403367,6830668.58717809
2026-06-09 17:15:00,83.8,83.9,83.7,83.9,193615.286983,16234306.80857563
2026-06-09 17:30:00,83.9,83.9,83.9,83.9,17213.36444039,1444201.27654872
2026-06-09 17:45:00,84.1,84.3,83.8,83.8,103662.99889875,8717532.67142779
2026-06-09 18:00:00,83.8,83.9,83.7,83.8,53169.55610711,4454247.91137672
2026-06-09 18:15:00,83.9,84.0,83.8,84.0,176310.21720738,14808418.56966695
2026-06-09 18:30:00,84.0,84.0,83.3,83.4,447937.47843468,37429388.47091787
2026-06-09 18:45:00,83.4,83.5,83.4,83.4,70233.05528287,5862369.64646324
2026-06-09 19:00:00,83.4,83.6,83.2,83.2,348733.46625448,29053100.69083769
2026-06-09 19:15:00,83.4,83.4,83.3,83.3,61853.1737218,5157255.72514996
2026-06-09 19:30:00,83.4,83.6,83.3,83.4,92968.29908394,7754631.89591393
2026-06-09 19:45:00,83.3,83.8,83.3,83.8,12450.79076149,1043186.24754987
2026-06-09 20:00:00,83.8,84.0,83.7,83.7,96896.52984898,8122824.30605366
2026-06-09 20:15:00,83.6,83.6,83.2,83.3,148678.83011994,12407768.12079947
2026-06-09 20:30:00,83.3,83.6,83.3,83.6,58318.8675581,4869686.40914485
2026-06-09 20:45:00,83.5,83.8,83.5,83.8,196750.76419093,16476820.59548616
2026-06-09 21:00:00,84.2,84.7,84.2,84.2,247587.89012376,20925350.35559017
2026-06-09 21:15:00,84.0,84.0,83.6,83.6,67594.28240647,5658702.75897042
2026-06-09 21:30:00,83.7,83.7,83.6,83.6,95246.12236565,7963739.20133345
2026-06-09 21:45:00,83.5,83.8,83.5,83.5,81682.02909663,6830583.48509931
2026-06-09 22:00:00,83.8,84.2,83.8,84.2,7183.39221838,602676.30077668
2026-06-09 22:15:00,84.1,84.1,83.6,83.7,2091.46143249,175181.99999844
2026-06-09 22:30:00,83.5,83.6,83.2,83.6,96325.73968894,8029808.68979827
2026-06-09 22:45:00,83.6,83.7,83.2,83.2,22964.07422512,1911827.31631063
2026-06-09 23:00:00,83.2,83.2,82.3,82.3,256269.1251831,21245618.11893498
2026-06-09 23:15:00,82.4,82.4,81.4,81.4,828476.80978669,67676675.15585484
2026-06-09 23:30:00,81.3,81.6,81.2,81.2,204977.19477405,16670880.65995385
2026-06-09 23:45:00,81.1,81.3,81.0,81.3,58210.99074121,4725437.87910214
2026-06-10 00:00:00,81.4,81.7,81.2,81.4,159686.30423322,13002664.02041819
2026-06-10 00:15:00,81.5,81.6,80.4,80.7,1023313.62741956,83158259.04735385
2026-06-10 00:30:00,80.8,80.9,80.3,80.5,396917.57936608,32008297.09165649
2026-06-10 00:45:00,80.6,80.9,80.3,80.5,536692.16585885,43235318.69094333
2026-06-10 01:00:00,80.5,80.5,80.1,80.5,235143.39513864,18866857.89973945
2026-06-10 01:15:00,80.4,80.6,80.2,80.6,157698.1738052,12685655.05084412
2026-06-10 01:30:00,80.6,81.3,80.4,80.4,329306.13983294,26627721.24170225
2026-06-10 01:45:00,81.0,81.2,80.3,81.1,199100.35604592,16105850.27735015
2026-06-10 02:00:00,81.2,81.5,81.2,81.4,1032.40088076,83966.24261789
2026-06-10 02:15:00,81.5,82.0,81.5,81.8,38140.72051663,3117174.17030131
2026-06-10 02:30:00,81.6,81.8,81.6,81.6,5592.21629381,456369.8495749
2026-06-10 02:45:00,81.0,81.1,80.7,81.1,132071.0130263,10659131.00202327
2026-06-10 03:00:00,81.1,81.1,80.9,81.0,32706.90970373,2648761.88569798
2026-06-10 03:15:00,81.2,81.4,81.2,81.2,59474.99352528,4834167.0798023
2026-06-10 03:30:00,81.1,81.1,80.5,80.5,47821.67736932,3873320.31847238
2026-06-10 03:45:00,80.5,80.7,80.5,80.5,27430.92696283,2213146.24999976
2026-06-10 04:00:00,80.6,80.6,80.4,80.6,27888.40486086,2244527.4490179
2026-06-10 04:15:00,80.6,80.6,80.3,80.4,122091.17127252,9821514.86972575
2026-06-10 04:30:00,80.4,80.7,80.4,80.4,68688.49663311,5539326.36165358
2026-06-10 04:45:00,80.4,80.8,80.3,80.6,155667.90745071,12566102.3593261
2026-06-10 05:00:00,80.9,80.9,80.9,80.9,1082.51439793,87575.41479254
2026-06-10 05:15:00,81.0,81.1,80.7,80.7,31154.4311,2514241.9791
2026-06-10 05:30:00,80.7,80.8,80.6,80.8,67553.78385046,5449084.88661542
2026-06-10 05:45:00,80.8,80.8,80.6,80.6,88054.95321327,7112159.75218182
2026-06-10 06:00:00,80.8,81.3,80.8,81.0,322604.05448758,26211797.92309303
2026-06-10 06:15:00,81.1,81.1,80.5,80.5,152795.06503369,12335038.09285048
2026-06-10 06:30:00,80.6,80.8,80.5,80.6,64184.27780706,5176872.78836981
2026-06-10 06:45:00,80.6,80.8,80.5,80.6,154877.13059165,12498825.05580388
2026-06-10 07:00:00,80.6,81.0,80.5,81.0,53628.80058743,4322083.67135029
2026-06-10 07:15:00,81.0,81.2,80.9,80.9,61638.94287802,4995191.39252593
2026-06-10 07:30:00,80.9,81.2,80.7,80.8,182219.34832269,14735008.99370258
2026-06-10 07:45:00,81.0,81.0,80.2,80.3,259477.61517617,20865428.33018901
2026-06-10 08:00:00,80.3,80.6,80.1,80.5,68272.02844686,5480400.08689079
2026-06-10 08:15:00,80.5,80.9,80.4,80.4,606966.74207452,49035094.3609888
2026-06-10 08:30:00,80.4,80.5,80.2,80.5,151804.93883128,12195481.4323945
2026-06-10 08:45:00,80.5,80.5,80.1,80.2,234469.10377808,18843094.29838684
2026-06-10 09:00:00,80.2,80.8,80.1,80.3,302759.78674167,24315171.87235842
2026-06-10 09:15:00,80.4,80.4,80.0,80.4,184443.79630252,14799184.34139287
2026-06-10 09:30:00,80.4,80.4,79.0,79.0,646068.40265225,51487295.44894728
2026-06-10 09:45:00,79.2,80.4,79.0,80.0,201065.97610656,16011900.74951978
2026-06-10 10:00:00,80.2,80.4,79.7,79.7,30782.79402236,2462720.66205218
2026-06-10 10:15:00,80.1,80.2,79.6,79.7,88918.36926304,7103593.19894755
2026-06-10 10:30:00,79.6,79.8,79.2,79.4,293292.28690882,23266840.35363792
2026-06-10 10:45:00,79.3,80.2,79.3,80.2,88250.3091781,7041208.11579093
2026-06-10 11:00:00,80.2,80.2,79.5,79.5,148621.1549857,11824826.61108992
2026-06-10 11:15:00,79.4,79.5,79.2,79.4,390848.53945865,30997591.39824569
2026-06-10 11:30:00,79.6,79.6,78.5,78.7,532084.49631428,41940729.74078335
2026-06-10 11:45:00,78.7,79.0,78.3,78.5,172243.1498623,13531129.86208765
2026-06-10 12:00:00,78.5,78.9,78.5,78.5,79341.92490744,6237470.21984026
2026-06-10 12:15:00,78.5,79.1,78.5,79.1,83026.20501924,6544131.36949422
2026-06-10 12:30:00,79.1,79.2,79.0,79.0,74304.92893116,5870895.85273129
2026-06-10 12:45:00,79.1,79.2,78.9,78.9,5968.56640943,471200.8426076
2026-06-10 13:00:00,79.1,79.5,79.0,79.5,148627.62108423,11786985.29862786
2026-06-10 13:15:00,79.8,80.0,79.5,79.7,186182.4928266,14841500.63277903
2026-06-10 13:30:00,79.7,79.8,78.9,79.0,227179.71737216,17990388.73462725
2026-06-10 13:45:00,78.8,79.0,78.7,78.9,120901.04466156,9539154.39695783
2026-06-10 14:00:00,78.9,79.0,78.5,79.0,354651.1849467,27909952.75918564
2026-06-10 14:15:00,78.8,78.8,78.2,78.4,400692.64039441,31409818.49931336
2026-06-10 14:30:00,78.5,79.3,78.3,79.3,281869.24481939,22165846.86536719
2026-06-10 14:45:00,79.5,79.6,79.2,79.2,21130.16572771,1677807.19435311
2026-06-10 15:00:00,79.4,80.5,79.2,80.5,98311.29914976,7802339.51547232
2026-06-10 15:15:00,79.9,80.0,79.9,79.9,64118.70234588,5125748.94274207
2026-06-10 15:30:00,79.8,79.9,79.2,79.8,99844.28873029,7924109.40925027
2026-06-10 15:45:00,79.8,80.4,79.8,80.3,215288.64327362,17268138.90236631
2026-06-10 16:00:00,79.9,80.9,79.9,80.4,124810.5481317,10073394.00451095
2026-06-10 16:15:00,80.1,81.0,80.1,80.3,135365.98247989,10878703.85638467
2026-06-10 16:30:00,80.1,80.5,79.9,80.2,55670.06959274,4463709.20169609
2026-06-10 16:45:00,80.2,80.2,79.7,79.9,71406.9346327,5691220.20587075
2026-06-10 17:00:00,79.9,80.1,79.7,79.7,346170.32425137,27655860.57290792
2026-06-10 17:15:00,80.0,80.5,80.0,80.3,249738.90492853,20030049.6882187
2026-06-10 17:30:00,80.2,80.6,79.6,79.6,95763.12100158,7662059.3268231
2026-06-10 17:45:00,79.9,80.0,79.7,79.7,160758.54898099,12829448.71022322
2026-06-10 18:00:00,79.8,80.4,79.7,80.2,236852.54944486,18933189.21398302
2026-06-10 18:15:00,80.2,81.2,79.8,81.2,68030.22488012,5461638.52688069
2026-06-10 18:30:00,81.2,83.5,81.2,83.3,1216475.05665975,100286001.44764169
2026-06-10 18:45:00,83.3,83.9,82.4,83.7,1382543.03476204,114971793.52582458
2026-06-10 19:00:00,83.2,84.0,83.0,84.0,627375.35441885,52419994.29434005
2026-06-10 19:15:00,83.6,84.0,83.3,84.0,594087.96716271,49717354.3920426
2026-06-10 19:30:00,84.1,84.5,83.4,84.1,239071.08084232,20024881.77055442
2026-06-10 19:45:00,83.5,84.1,83.5,83.6,164103.28671699,13725851.77421707
2026-06-10 20:00:00,83.9,84.1,82.5,83.2,463967.82834213,38532561.30250705
2026-06-10 20:15:00,83.5,83.6,82.2,82.5,276225.57420326,22859638.68299289
2026-06-10 20:30:00,82.8,82.8,82.2,82.7,156594.55068925,12901483.09631308
2026-06-10 20:45:00,82.5,83.0,82.2,82.2,208920.94820723,17224132.20916694
2026-06-10 21:00:00,82.0,82.8,82.0,82.3,135815.69565075,11167222.05071485
2026-06-10 21:15:00,82.5,82.5,81.4,81.9,222370.65075533,18126797.6764778
2026-06-10 21:30:00,82.2,83.2,82.2,82.5,235768.67335118,19489096.79504086
2026-06-10 21:45:00,82.0,82.0,81.9,81.9,15905.49390735,1303065.96779401
2026-06-10 22:00:00,82.2,82.2,81.8,82.0,41626.20294117,3411869.71924662
2026-06-10 22:15:00,82.0,82.1,81.6,81.6,182349.6936744,14906168.10809838
2026-06-10 22:30:00,82.0,82.4,81.7,82.4,36831.15462653,3023066.10720521
2026-06-10 22:45:00,82.7,82.8,81.9,81.9,246334.07005418,20296080.64607151
2026-06-10 23:00:00,81.7,81.9,81.3,81.3,114897.90375677,9380370.57954853
2026-06-10 23:15:00,81.6,81.9,81.2,81.9,128849.95046875,10485883.25658686
2026-06-10 23:30:00,81.4,81.5,81.2,81.2,216842.51491306,17608070.08210612
2026-06-10 23:45:00,81.2,81.3,80.9,81.3,136260.43212991,11053523.96186678
2026-06-11 00:00:00,81.2,81.2,80.5,80.7,17023.06590332,1372827.0921586
2026-06-11 00:15:00,80.5,81.1,80.3,80.8,150352.32351305,12121621.38044032
2026-06-11 00:30:00,80.8,81.0,80.3,80.3,52449.83342824,4217850.42179017
2026-06-11 00:45:00,80.7,80.8,80.0,80.7,154178.41020582,12387631.83908008
2026-06-11 01:00:00,80.5,80.6,80.2,80.4,195456.97026202,15698082.31696122
2026-06-11 01:15:00,80.4,80.4,79.8,80.2,25009.07413547,2006181.44913432
2026-06-11 01:30:00,80.2,80.4,79.8,79.8,6732.18905473,537977.59993135
2026-06-11 01:45:00,79.8,80.0,79.4,79.5,165383.88515631,13161332.28315723
2026-06-11 02:00:00,79.7,79.7,79.2,79.2,76928.33287417,6120530.07455348
2026-06-11 02:15:00,79.2,79.2,78.6,78.6,39590.63058767,3124475.41163511
2026-06-11 02:30:00,78.5,78.7,78.2,78.2,56740.92438531,4445293.27593837
2026-06-11 02:45:00,78.3,78.5,78.0,78.0,442793.43037039,34577654.67198583
2026-06-11 03:00:00,79.0,79.0,78.7,78.7,29955.68870809,2360545.07146331
2026-06-11 03:15:00,78.8,79.4,78.8,79.1,26071.99057662,2059742.86178363
2026-06-11 03:30:00,79.4,79.4,78.8,78.8,39410.91637049,3118514.46417481
2026-06-11 03:45:00,78.8,79.5,78.8,79.3,139978.43829644,11073970.53855892
2026-06-11 04:00:00,78.7,78.7,78.7,78.7,150.0,11805.0
2026-06-11 04:15:00,78.7,78.8,78.2,78.6,60346.45042415,4736492.41020791
2026-06-11 04:30:00,78.5,78.5,78.4,78.4,31954.70190204,2505255.32379994
2026-06-11 04:45:00,78.3,78.3,77.3,77.6,185647.11844173,14432605.58609493
2026-06-11 05:00:00,77.8,78.1,77.4,77.8,125349.54558157,9736549.64800589
2026-06-11 05:15:00,77.7,77.7,77.6,77.6,2908.31358215,225844.19999801
2026-06-11 05:30:00,77.7,78.1,77.7,77.7,109228.58319132,8506132.89051477
2026-06-11 05:45:00,77.6,77.6,77.1,77.1,107132.7598698,8281713.11100238
2026-06-11 06:00:00,77.5,77.6,75.9,76.3,594614.64391088,45598026.32406238
2026-06-11 06:15:00,76.2,76.6,76.1,76.6,122828.27403093,9367295.62092833
2026-06-11 06:30:00,76.5,77.1,76.5,76.8,77346.30366304,5941090.48061922
2026-06-11 06:45:00,76.9,77.1,76.2,76.8,676258.92598882,51830249.27328948
2026-06-11 07:00:00,76.8,76.8,76.2,76.2,224737.75780146,17180633.65871056
2026-06-11 07:15:00,76.2,76.6,76.0,76.6,73807.65324628,5617435.18135489
2026-06-11 07:30:00,76.7,77.6,76.7,77.6,256734.64976079,19756535.54610177
2026-06-11 07:45:00,77.8,77.8,77.1,77.1,82433.03416761,6356464.18368006
2026-06-11 08:00:00,77.0,77.0,76.7,77.0,154965.05177263,11922426.28100581
2026-06-11 08:15:00,76.7,77.5,76.6,77.5,62823.02188192,4867545.71224729
2026-06-11 08:30:00,77.7,77.7,77.7,77.7,2567.03225588,199458.40628188
2026-06-11 08:45:00,77.0,77.5,76.6,77.2,487299.08095899,37470731.45940899
2026-06-11 09:00:00,77.2,78.0,77.2,78.0,25663.70540911,1985401.16878978
2026-06-11 09:15:00,78.0,78.1,77.6,77.6,84971.30690961,6601778.4662917
2026-06-11 09:30:00,77.7,77.9,77.1,77.2,477104.03372513,36821717.01057022
2026-06-11 09:45:00,77.2,77.4,77.1,77.1,85215.89088666,6575305.24436503
2026-06-11 10:00:00,77.4,78.3,77.4,78.1,254499.42424644,19756087.98388455
2026-06-11 10:15:00,78.1,78.5,78.1,78.4,52138.46473536,4086293.43887559
2026-06-11 10:30:00,78.5,78.5,77.9,78.2,89566.18990462,7009229.08099759
2026-06-11 10:45:00,78.3,78.3,78.3,78.3,3277.13920818,256600.00000049
2026-06-11 11:00:00,78.6,78.6,78.3,78.3,350.0,27460.0
2026-06-11 11:15:00,78.3,78.3,77.9,78.1,237672.80186565,18556474.23346238
2026-06-11 11:30:00,78.1,78.1,77.7,77.7,92221.9324781,7190417.1735399
2026-06-11 11:45:00,77.9,78.2,77.8,78.2,39593.02617922,3083898.5389358
2026-06-11 12:00:00,78.2,78.2,77.3,77.7,135930.11303424,10572339.30625355
2026-06-11 12:15:00,77.8,77.8,77.8,77.8,130111.89315239,10122705.28725594
2026-06-11 12:30:00,77.8,78.0,77.7,78.0,30312.9042405,2363518.16986607
2026-06-11 12:45:00,78.1,78.6,77.9,78.5,13030.46342999,1022277.44680544
2026-06-11 13:00:00,78.4,78.6,78.4,78.6,274307.32043923,21516975.00687978
2026-06-11 13:15:00,78.6,79.0,78.6,78.9,80263.33379704,6332311.79474936
2026-06-11 13:30:00,78.5,78.5,78.2,78.4,63261.54266111,4959322.93316621
2026-06-11 13:45:00,78.7,79.5,78.7,79.5,90330.78129629,7136858.78847328
2026-06-11 14:00:00,79.0,79.0,78.7,78.7,22992.40927743,1812937.85881887
2026-06-11 14:15:00,78.7,78.7,78.1,78.5,18085.23577901,1420810.28010166
2026-06-11 14:30:00,78.3,78.5,78.1,78.4,12497.36163765,978563.65040436
2026-06-11 14:45:00,78.2,78.2,78.1,78.1,21692.13828424,1694375.17711894
2026-06-11 15:00:00,78.0,78.3,78.0,78.3,20518.33815225,1605411.21878738
2026-06-11 15:15:00,78.3,78.9,78.2,78.7,235919.05883894,18538411.38879375
2026-06-11 15:30:00,78.8,79.0,78.3,78.3,129767.16271785,10215141.78786332
2026-06-11 15:45:00,78.4,78.4,78.3,78.4,83554.36803195,6549265.42683926
2026-06-11 16:00:00,78.4,78.6,78.3,78.3,147685.89443797,11578361.66766321
2026-06-11 16:15:00,78.4,78.7,78.4,78.7,184401.39575921,14468148.66463202
2026-06-11 16:30:00,78.6,78.7,78.5,78.5,47738.27290974,3747492.25876706
2026-06-11 16:45:00,78.6,79.0,78.5,78.9,161670.4489957,12730884.05621661
2026-06-11 17:00:00,78.6,78.7,78.6,78.7,54310.98780296,4270167.46097843
2026-06-11 17:15:00,78.8,78.9,78.5,78.8,90432.64320304,7115277.26383992
2026-06-11 17:30:00,78.8,79.3,78.5,78.5,120752.06828882,9503707.68231119
2026-06-11 17:45:00,78.9,78.9,78.4,78.8,234120.76018138,18376169.50316222
2026-06-11 18:00:00,78.6,78.7,78.6,78.6,95382.98473766,7498443.92439532
2026-06-11 18:15:00,78.6,78.6,78.5,78.6,175465.40539452,13782361.44517898
2026-06-11 18:30:00,79.1,79.1,78.6,78.6,4591.3303525,362205.62600062
2026-06-11 18:45:00,78.8,78.8,78.6,78.6,7121.08563696,560047.28030363
2026-06-11 19:00:00,78.8,79.0,78.8,79.0,200880.10041435,15869515.24237832
2026-06-11 19:30:00,78.5,78.6,78.4,78.5,211560.7923845,16594221.49964025
2026-06-11 19:45:00,78.4,78.5,78.4,78.5,65231.51167101,5114322.18199702
2026-06-11 20:00:00,78.6,78.9,78.6,78.9,37087.26224214,2924899.61019419
2026-06-11 20:15:00,78.8,79.0,78.6,78.6,8930.96183978,702133.06545591
2026-06-11 20:30:00,78.9,78.9,78.6,78.6,36772.13561471,2894053.56459677
2026-06-11 20:45:00,78.9,79.4,78.9,79.4,79909.03509074,6319904.15479542
2026-06-11 21:00:00,79.0,80.6,78.8,79.0,335576.35113941,26682108.89493969
2026-06-11 21:15:00,79.3,79.5,79.1,79.5,18530.74708424,1470902.48730203
2026-06-11 21:30:00,79.1,79.8,78.7,79.5,67572.4753502,5347935.71653689
2026-06-11 21:45:00,79.3,79.3,79.0,79.0,19081.42750336,1509293.34058998
2026-06-11 22:00:00,79.0,79.0,78.8,78.8,11833.28732404,932842.7879698
2026-06-11 22:15:00,78.8,79.2,78.8,79.2,8555.1192356,674168.64829054
2026-06-11 22:30:00,78.7,78.7,78.6,78.7,11472.1843349,901908.76552998
2026-06-11 22:45:00,79.3,79.3,79.0,79.2,81732.26993939,6463551.76755246
2026-06-11 23:00:00,78.8,78.8,78.6,78.6,38892.07260784,3063241.39476215
2026-06-11 23:15:00,78.7,79.5,78.6,79.5,22114.60626655,1744045.74151308
2026-06-11 23:30:00,79.3,79.3,78.6,79.0,23970.55630657,1890704.78114862
2026-06-11 23:45:00,78.7,78.7,78.7,78.7,1002.44091486,78892.09999948
2026-06-12 00:00:00,78.6,78.8,78.1,78.8,278040.62331116,21798658.34630384
2026-06-12 00:15:00,78.7,78.7,78.2,78.3,15937.07563083,1253953.92957438
2026-06-12 00:30:00,78.5,78.7,78.4,78.4,53443.97821349,4192013.67540166
2026-06-12 00:45:00,78.3,79.0,78.1,79.0,200128.0122514,15717432.18457976
2026-06-12 01:00:00,79.2,79.3,79.0,79.0,15088.68974196,1192564.26844998
2026-06-12 01:15:00,78.9,78.9,78.2,78.2,174008.57160887,13657068.0563135
2026-06-12 01:30:00,78.2,78.2,78.0,78.2,9912.96625016,774319.36494127
2026-06-12 01:45:00,78.2,78.2,77.4,77.7,37566.41781469,2915739.6777412
2026-06-12 02:00:00,77.7,77.8,77.0,77.0,210065.33064522,16261716.10981245
2026-06-12 02:15:00,76.9,77.9,76.9,77.9,85864.50548717,6648746.62561461
2026-06-12 02:30:00,78.2,79.2,78.2,79.2,61406.92206538,4818118.13018051
2026-06-12 02:45:00,79.5,79.8,79.3,79.7,74418.25141746,5915462.11922352
2026-06-12 03:00:00,79.7,80.0,78.8,79.0,26875.12882772,2131144.84209673
2026-06-12 03:15:00,79.1,79.1,78.7,78.7,6605.54056503,522128.7500739
2026-06-12 03:30:00,78.7,78.7,78.7,78.7,5663.92111959,445750.59211173
2026-06-12 03:45:00,78.6,78.8,78.5,78.8,18825.66513636,1479113.81677373
2026-06-12 04:00:00,78.5,79.0,78.4,78.6,45395.72293663,3571805.49932146
2026-06-12 04:15:00,78.8,78.8,78.5,78.5,2601.7253131,204254.54875357
2026-06-12 04:30:00,78.5,79.2,78.5,79.0,12880.00841785,1014951.79884853
2026-06-12 04:45:00,78.5,78.6,78.5,78.5,91608.42470173,7191268.92368581
2026-06-12 05:00:00,78.4,78.6,78.4,78.6,8828.19897891,692280.79994654
2026-06-12 05:15:00,78.6,78.7,78.5,78.5,4061.22709461,319368.89292426
2026-06-12 05:30:00,78.4,78.6,78.4,78.6,5495.51020408,431103.10204069
2026-06-12 05:45:00,78.7,79.0,78.7,79.0,57284.95044188,4525343.49730821
2026-06-12 06:00:00,79.2,79.3,79.2,79.3,7603.72649165,602403.82008761
2026-06-12 06:15:00,79.7,80.1,79.5,79.8,32066.69822467,2555081.8150988
2026-06-12 06:30:00,79.7,79.9,79.7,79.7,23869.71745797,1902708.03691264
2026-06-12 06:45:00,79.7,79.7,79.4,79.4,35396.07291194,2813150.46177778
2026-06-12 07:00:00,79.4,79.5,79.2,79.2,112991.2114508,8957076.99013949
2026-06-12 07:15:00,79.4,79.4,79.1,79.3,201080.2586181,15942352.18598672
2026-06-12 07:30:00,79.6,79.6,79.0,79.0,96117.24763989,7603029.3883153
2026-06-12 07:45:00,79.0,79.1,78.8,78.8,108621.65205788,8570975.64850178
2026-06-12 08:00:00,78.7,78.7,78.5,78.6,100066.34798153,7862807.12404984
2026-06-12 08:15:00,78.7,79.2,78.7,79.1,72104.32295831,5696548.00100695
2026-06-12 08:30:00,79.1,79.7,79.0,79.0,207058.70813364,16400251.1637641
2026-06-12 08:45:00,79.2,79.2,78.7,78.9,103935.42033777,8226463.35480614
2026-06-12 09:00:00,79.2,80.9,79.0,80.5,562796.76990365,45128672.48827463
2026-06-12 09:15:00,80.8,82.2,80.5,81.4,1591284.96747044,129602987.6345203
2026-06-12 09:30:00,81.4,81.5,80.7,80.9,577195.89150335,46766961.59750808
2026-06-12 09:45:00,80.9,81.6,80.7,80.8,615368.53753804,49924565.54152111
2026-06-12 10:00:00,80.8,80.8,80.1,80.6,969189.02032162,78092366.52833745
2026-06-12 10:15:00,80.8,81.3,80.2,80.2,237890.69363572,19214634.60563859
2026-06-12 10:30:00,80.4,80.8,80.2,80.8,171604.12858534,13804034.31454813
2026-06-12 10:45:00,80.8,80.9,79.9,80.1,1263944.03486907,101552088.50952217
2026-06-12 11:00:00,80.1,81.2,79.8,81.1,669377.9268165,54150438.50759702
2026-06-12 11:15:00,81.2,82.5,81.2,81.7,585219.82562068,47746772.46828172
2026-06-12 11:30:00,81.8,82.2,81.5,81.6,277823.41320358,22743739.5737558
2026-06-12 11:45:00,81.8,82.1,81.5,81.6,269717.51806945,22039358.72682319
2026-06-12 12:00:00,81.6,82.1,81.4,82.1,375280.60209404,30746997.36296353
2026-06-12 12:15:00,81.9,82.1,81.2,82.1,24281.81223946,1978821.68851968
2026-06-12 12:30:00,82.2,82.3,81.7,81.9,37783.10410998,3105540.24769124
2026-06-12 12:45:00,81.6,81.6,80.5,80.9,59547.91802294,4829924.46311922
2026-06-12 13:00:00,80.9,81.1,80.4,81.1,366663.38239022,29636561.33502665
2026-06-12 13:15:00,81.1,81.3,80.4,80.4,153990.51236,12427704.75099167
2026-06-12 13:30:00,80.4,80.9,80.1,80.8,222947.52725803,17936285.65187791
2026-06-12 13:45:00,80.5,80.5,80.0,80.0,146312.13887936,11730425.74080202
2026-06-12 14:00:00,80.1,80.4,79.8,79.9,65474.1483415,5234771.20088935
2026-06-12 14:15:00,80.4,80.5,80.1,80.5,43729.4985496,3512076.22239103
2026-06-12 14:30:00,80.4,80.4,79.8,80.0,147401.38573357,11790763.20105984
2026-06-12 14:45:00,79.9,79.9,79.5,79.5,271983.94365959,21719404.37175584
2026-06-12 15:00:00,79.6,80.5,79.4,79.7,316645.76488991,25342924.37421653
2026-06-12 15:15:00,79.5,79.5,79.1,79.4,229874.24274918,18217204.86508547
2026-06-12 15:30:00,79.4,79.4,78.2,79.0,616339.14085632,48477003.41936851
2026-06-12 15:45:00,79.0,79.6,78.8,79.6,467284.86885736,37009827.14687197
2026-06-12 16:00:00,79.8,80.0,79.4,79.4,48953.93404475,3898752.23104312
2026-06-12 16:15:00,79.6,80.2,79.4,80.2,225959.94278887,18005417.33006308
2026-06-12 16:30:00,80.0,80.0,79.4,79.9,284365.55752883,22625810.16718672
2026-06-12 16:45:00,79.6,80.4,79.5,80.4,377026.12730558,30135111.04782991
2026-06-12 17:00:00,80.0,81.6,80.0,81.2,2386835.83979238,193325503.00612393
2026-06-12 17:15:00,81.2,81.3,80.9,80.9,111630.86440226,9046815.43887471
2026-06-12 17:30:00,80.9,81.0,80.4,80.4,348693.52830285,28165629.37202002
2026-06-12 17:45:00,80.5,80.7,80.4,80.5,91372.08263991,7356125.17715039
2026-06-12 18:00:00,80.5,81.0,80.4,80.9,536981.26035991,43242675.55442683
2026-06-12 18:15:00,81.0,81.0,80.6,80.7,111025.92841484,8974941.19535145
2026-06-12 18:30:00,80.6,81.3,80.6,81.3,284501.85200908,23088137.82668908
2026-06-12 18:45:00,81.4,81.8,81.3,81.5,514236.43402854,41988363.08605305
2026-06-12 19:00:00,81.3,81.4,81.0,81.2,322382.86895078,26157266.22661024
2026-06-12 19:15:00,81.5,82.0,81.5,81.8,33718.81790996,2754393.52233588
2026-06-12 19:30:00,81.8,82.0,81.5,81.8,74352.41938499,6085205.26277861
2026-06-12 19:45:00,81.7,82.2,81.7,82.1,112497.37425398,9219708.65714852
2026-06-12 20:00:00,82.2,82.2,81.6,81.6,126943.50613776,10397615.69954274
2026-06-12 20:15:00,81.7,82.0,81.5,81.5,291314.67953589,23769361.87789758
2026-06-12 20:30:00,81.5,81.5,80.2,80.6,246471.06158375,19867460.88115641
2026-06-12 20:45:00,80.6,80.8,80.6,80.8,80662.23873112,6503552.72363682
2026-06-12 21:00:00,80.7,81.0,80.6,80.6,51987.78225323,4195887.24011164
2026-06-12 21:15:00,81.0,81.0,80.3,80.3,111670.88019266,8995827.9379481
2026-06-12 21:30:00,80.3,80.9,80.3,80.5,39174.83928624,3150226.52542704
2026-06-12 21:45:00,80.8,80.8,80.2,80.4,205043.5392534,16458216.41559935
2026-06-12 22:00:00,80.2,80.2,79.9,80.1,60051.47687297,4805660.43116789
2026-06-12 22:15:00,80.1,80.2,79.7,79.7,75959.44363662,6077024.48485527
2026-06-12 22:30:00,79.7,80.7,79.2,79.5,1262034.92222503,100877830.88937354
2026-06-12 22:45:00,79.5,80.4,79.2,80.4,541133.79478219,43049788.0783437
2026-06-12 23:00:00,80.1,80.3,79.7,80.2,174685.19799189,13996346.18302023
2026-06-12 23:15:00,80.2,80.8,80.2,80.7,601400.50583101,48462272.6343738
2026-06-12 23:30:00,80.5,80.9,80.3,80.3,364066.96560844,29328938.24326889
2026-06-12 23:45:00,80.1,80.6,80.1,80.6,33708.24179177,2711531.20774136
2026-06-13 00:00:00,80.8,81.8,80.5,81.8,11903.84626342,969988.81084079
2026-06-13 00:15:00,81.5,82.2,81.3,81.7,169401.73916876,13884967.75759635
2026-06-13 00:30:00,81.9,82.2,80.8,82.0,145559.25266353,11876420.71569102
2026-06-13 00:45:00,82.2,82.2,81.2,81.2,37031.27563195,3036263.23179031
2026-06-13 01:00:00,81.3,81.7,80.6,81.5,145852.70000502,11896693.09442354
2026-06-13 01:15:00,81.4,81.8,80.2,81.4,681158.47106614,55192626.04526538
2026-06-13 01:30:00,81.2,82.1,80.6,80.9,1565723.97023572,127600876.63845833
2026-06-13 01:45:00,80.9,81.2,80.7,80.9,32848.82867156,2666597.37329963
2026-06-13 02:00:00,81.0,81.8,80.6,80.9,746800.67891437,60727363.39243853
2026-06-13 02:15:00,81.0,81.0,80.5,80.5,1308.2263892,105613.11208757
2026-06-13 02:30:00,80.7,80.8,80.7,80.8,940.49505939,75912.95129277
2026-06-13 02:45:00,80.7,80.7,80.4,80.5,157074.01537259,12658709.02936294
2026-06-13 03:00:00,80.4,80.4,80.1,80.1,50292.78740852,4032329.98916067
2026-06-13 03:15:00,80.0,80.3,79.9,80.3,87088.58367642,6965600.75006943
2026-06-13 03:30:00,80.1,80.2,80.1,80.2,7494.92664057,600585.09390966
2026-06-13 03:45:00,80.6,80.6,80.2,80.2,5648.83374689,453631.99999933
2026-06-13 04:00:00,80.2,80.2,80.1,80.1,36331.80956484,2913126.48422361
2026-06-13 04:15:00,80.2,80.3,79.8,79.8,122144.97405197,9767795.27860899
2026-06-13 04:30:00,79.8,79.9,79.8,79.8,61308.73894677,4892460.66561245
2026-06-13 04:45:00,80.0,80.0,79.6,79.6,117714.76175806,9378920.38026821
2026-06-13 05:00:00,79.6,79.6,79.5,79.5,58319.06194207,4636673.16444531
2026-06-13 05:15:00,79.5,79.5,79.4,79.4,16796.66968462,1334728.71992729
2026-06-13 05:30:00,79.5,79.5,79.5,79.5,87724.87229044,6974127.34708998
2026-06-13 05:45:00,79.5,79.5,79.2,79.2,171143.40018233,13579791.85538902
2026-06-13 06:00:00,79.3,79.3,79.1,79.3,147045.49510366,11645661.32440604
2026-06-13 06:15:00,79.5,79.5,79.2,79.2,58516.90388586,4642112.76801133
2026-06-13 06:30:00,79.3,79.3,79.2,79.2,95191.80455976,7539831.01890542
2026-06-13 06:45:00,79.1,79.1,79.0,79.0,98050.14918014,7754240.63101782
2026-06-13 07:00:00,78.9,79.0,78.9,78.9,54533.57410567,4302708.99693736
2026-06-13 07:15:00,78.9,78.9,78.9,78.9,57619.80162139,4546202.34792767
2026-06-13 07:30:00,78.9,78.9,78.4,78.9,337886.93477732,26574280.19641987
2026-06-13 07:45:00,78.6,79.6,78.5,79.1,1054984.66094373,83266856.66154855
2026-06-13 08:00:00,79.1,79.8,78.6,79.1,1150966.02437517,90995237.52152003
2026-06-13 08:15:00,78.7,79.1,78.2,78.7,1518570.35633556,119305690.40418857
2026-06-13 08:30:00,78.7,79.7,78.7,79.7,222370.14444262,17591076.57782226
2026-06-13 08:45:00,79.6,80.6,79.2,80.5,261981.24140844,21000248.20344241
2026-06-13 09:00:00,80.5,81.1,78.5,81.1,1353617.19472607,108052675.28228436
2026-06-13 09:15:00,80.7,81.3,80.3,81.0,573322.41619663,46347413.05307456
2026-06-13 09:30:00,80.9,81.7,80.9,81.4,91077.17551277,7385246.85828686
2026-06-13 09:45:00,81.2,81.2,80.3,80.3,109203.00778385,8815303.8705927
2026-06-13 10:00:00,80.3,82.0,80.1,81.5,679654.39165755,55091025.48843609
2026-06-13 10:15:00,81.9,82.8,81.5,82.1,411238.59845382,33756967.75191532
2026-06-13 10:30:00,82.1,82.2,81.1,81.5,174318.8260093,14203844.85213164
2026-06-13 10:45:00,81.5,82.7,81.0,82.0,1128578.46365364,92557687.25236163
2026-06-13 11:00:00,82.1,82.1,81.4,81.6,161771.51188792,13218330.32508139
2026-06-13 11:15:00,81.4,81.4,80.5,81.0,1102035.70563621,89086488.0326764
2026-06-13 11:30:00,81.2,81.4,80.6,80.6,256660.42443871,20751988.91001591
2026-06-13 11:45:00,81.1,81.6,81.1,81.6,82391.17416839,6691883.89690187
2026-06-13 12:00:00,81.5,81.7,81.3,81.3,3256.07570437,264794.47842092
2026-06-13 12:15:00,81.3,81.3,80.7,81.3,57178.84787324,4637358.23420292
2026-06-13 12:30:00,81.0,81.3,80.4,80.4,92236.62765823,7461085.95030112
2026-06-13 12:45:00,80.4,80.4,79.6,79.6,81771.62633687,6534278.14334007
2026-06-13 13:00:00,79.5,79.5,78.1,78.4,528420.3145769,41491749.91649831
2026-06-13 13:15:00,78.4,79.2,78.3,78.8,138993.74723975,10966483.68313852
2026-06-13 13:30:00,78.8,79.5,78.6,79.5,440376.30546272,34945998.25916905
2026-06-13 13:45:00,79.6,79.6,78.8,78.8,356076.56543071,28279199.68061883
2026-06-13 14:00:00,78.7,79.4,78.5,79.4,73860.64683931,5842537.19997188
2026-06-13 14:15:00,79.3,79.4,78.9,79.3,29461.23282837,2331792.6006541
2026-06-13 14:30:00,79.2,79.4,79.2,79.4,1325.75757576,105252.52525272
2026-06-13 14:45:00,79.3,80.3,79.3,79.9,1726119.19604449,137893285.1738017
2026-06-13 15:00:00,80.0,80.1,78.7,79.2,513766.84449473,40696532.55199121
2026-06-13 15:15:00,79.1,79.1,78.6,79.1,124189.4648167,9798667.94400237
2026-06-13 15:30:00,79.0,79.4,79.0,79.2,30515.76052257,2411355.79404197
2026-06-13 15:45:00,79.3,80.9,79.3,80.2,150248.05062165,11985997.81500422
2026-06-13 16:00:00,80.3,80.4,79.4,79.6,225456.74873014,17980752.83234955
2026-06-13 16:15:00,79.9,80.0,79.5,80.0,14997.43360778,1197632.56139336
2026-06-13 16:30:00,80.0,80.1,79.8,79.8,19599.82285006,1566808.80196982
2026-06-13 16:45:00,79.9,80.2,79.9,80.1,37835.03740648,3023905.76083817
2026-06-13 17:00:00,80.1,80.2,80.1,80.2,18788.93589995,1504999.99999996
2026-06-13 17:15:00,80.2,80.2,79.5,79.5,28032.58728074,2242351.56779677
2026-06-13 17:30:00,79.6,79.9,79.6,79.8,63128.88192477,5030362.74954495
2026-06-13 17:45:00,79.7,79.8,79.3,79.4,168635.45532743,13398151.80771832
2026-06-13 18:00:00,79.5,80.4,79.5,80.4,108491.76852951,8712227.06141841
2026-06-13 18:15:00,80.2,80.8,79.9,80.4,510328.93470536,40996222.65537712
2026-06-13 18:30:00,80.5,80.7,80.1,80.5,182045.11156365,14628969.37129376
2026-06-13 18:45:00,80.2,80.2,80.1,80.1,44272.69644922,3547692.69199802
2026-06-13 19:00:00,80.2,80.4,80.1,80.4,60435.3677007,4848391.58746744
2026-06-13 19:15:00,80.4,82.0,80.1,80.2,422909.44658497,34237308.26182367
2026-06-13 19:30:00,80.2,80.7,80.1,80.4,351614.24867074,28187280.15826399
2026-06-13 19:45:00,80.0,83.2,80.0,81.5,388465.44402757,31625084.13125775
2026-06-13 20:00:00,81.5,83.0,81.0,81.8,164017.52778726,13358402.77074213
2026-06-13 20:15:00,81.7,81.8,81.3,81.3,30768.46669093,2510616.73051747
2026-06-13 20:30:00,81.3,81.3,81.2,81.2,27264.12453362,2214469.93702893
2026-06-13 20:45:00,81.2,81.3,80.6,80.6,140340.96693433,11376761.2247402
2026-06-13 21:00:00,80.9,81.2,80.6,81.0,44810.07522546,3623346.12214832
2026-06-13 21:15:00,81.1,81.4,81.1,81.4,17537.93060258,1426125.68865411
2026-06-13 21:30:00,81.3,81.3,80.8,80.9,23333.36113926,1891388.84238479
2026-06-13 21:45:00,80.9,81.0,80.8,81.0,18211.86572303,1472368.37257558
2026-06-13 22:00:00,80.8,82.4,80.8,81.1,89504.84464201,7296737.98470608
2026-06-13 22:15:00,81.1,83.0,81.1,81.6,291351.52642209,23785465.84447133
2026-06-13 22:30:00,81.6,81.8,81.3,81.3,13293.04460786,1082069.49869993
2026-06-13 22:45:00,81.2,81.7,80.9,81.0,133392.37577642,10817283.98624961
2026-06-13 23:00:00,81.1,81.2,81.1,81.2,7861.48254706,637982.46913447
2026-06-13 23:15:00,81.2,81.6,81.0,81.6,57661.15439871,4688938.36950754
2026-06-13 23:30:00,81.2,81.2,81.0,81.0,85852.79709585,6967752.43288076
2026-06-13 23:45:00,81.0,81.4,80.8,81.4,287601.54138492,23256473.58346473
2026-06-14 00:00:00,81.4,81.7,81.0,81.7,13088.38262703,1063843.65105264
2026-06-14 00:15:00,81.7,81.7,81.3,81.5,15435.4018812,1255119.6240283
2026-06-14 00:30:00,81.5,81.5,81.3,81.3,6473.58940161,526761.53623122
2026-06-14 00:45:00,81.3,81.7,81.3,81.6,141050.22466907,11494449.5636885
2026-06-14 01:00:00,81.3,81.3,81.1,81.2,68749.78066481,5584780.45753555
2026-06-14 01:15:00,81.1,81.2,80.7,80.7,87380.78466811,7071566.77470114
2026-06-14 01:30:00,80.7,80.7,80.6,80.6,11804.43784499,952194.13409069
2026-06-14 01:45:00,80.6,80.6,80.5,80.6,147360.50778154,11867725.78358277
2026-06-14 02:00:00,80.7,80.7,80.5,80.5,132812.52929367,10693862.34723549
2026-06-14 02:15:00,80.6,81.0,80.6,80.9,39368.33447623,3184939.80157234
2026-06-14 02:45:00,80.6,80.6,80.5,80.5,79240.61811294,6381741.10052343
2026-06-14 03:00:00,80.4,80.4,80.1,80.1,62428.92892181,5007440.7958244
2026-06-14 03:30:00,80.5,80.7,80.5,80.7,37595.31297639,3029757.70280161
2026-06-14 03:45:00,80.5,80.5,80.4,80.4,60811.34371746,4889543.13646424
2026-06-14 04:00:00,80.4,80.6,80.4,80.6,62098.04665606,5002280.48981771
2026-06-14 04:15:00,80.6,80.6,80.6,80.6,17476.40495053,1408598.23901272
2026-06-14 04:30:00,80.6,80.6,80.4,80.4,7069.01304085,568930.45109251
2026-06-14 04:45:00,80.9,80.9,80.9,80.9,1235.47620503,99950.02498693
2026-06-14 05:00:00,80.5,80.5,80.4,80.5,104706.76784409,8426742.12008381
2026-06-14 05:15:00,80.5,80.5,80.4,80.4,38718.73153937,3113929.3534337
2026-06-14 05:30:00,80.4,80.4,80.3,80.3,27485.73351602,2207705.46989067
2026-06-14 05:45:00,80.4,80.4,80.4,80.4,65.0,5226.0
2026-06-14 06:00:00,80.3,80.3,79.7,79.7,40303.87019729,3227724.67485298
2026-06-14 06:15:00,79.7,79.7,79.6,79.6,22400.0,1783714.57089084
2026-06-14 06:30:00,79.7,80.4,79.7,80.4,114264.01126573,9136007.28384391
2026-06-14 06:45:00,80.4,80.8,80.4,80.6,19982.91226662,1610028.29983914
2026-06-14 07:00:00,80.5,80.5,80.3,80.4,48896.49557078,3927830.09994899
2026-06-14 07:15:00,80.3,80.3,80.2,80.2,33130.60876559,2659174.72300032
2026-06-14 07:30:00,80.3,80.3,80.2,80.2,68760.32735163,5514588.15360073
2026-06-14 07:45:00,80.2,80.2,80.2,80.2,11801.02400493,946442.12519539
2026-06-14 08:00:00,80.2,80.4,80.2,80.4,140830.7290033,11312606.85120279
2026-06-14 08:15:00,80.4,80.6,80.3,80.4,198980.36119329,16009935.96839286
2026-06-14 08:30:00,80.3,81.0,80.3,81.0,127655.36625349,10265200.61492065
2026-06-14 08:45:00,80.7,81.1,80.7,81.0,46986.49379879,3798661.45263224
2026-06-14 09:00:00,80.7,80.8,80.5,80.8,166156.06660824,13398437.56741165
2026-06-14 09:15:00,80.7,80.9,80.0,80.8,968663.07165601,77709308.5651948
2026-06-14 09:30:00,80.7,81.2,80.5,81.0,139033.03341087,11247188.32412667
2026-06-14 09:45:00,80.9,81.1,80.2,81.1,283753.42100826,22885929.86022567
2026-06-14 10:00:00,81.3,81.6,80.8,81.6,157670.77714025,12821382.94888118
2026-06-14 10:15:00,81.6,82.3,81.5,82.1,557111.2530441,45599562.41192358
2026-06-14 10:30:00,82.1,82.4,81.4,81.9,680901.15420799,55837034.94237864
2026-06-14 10:45:00,82.1,82.8,81.9,82.2,392380.11165915,32215159.32419445
2026-06-14 11:00:00,82.2,82.4,81.8,82.0,289969.05739758,23810744.19123902
2026-06-14 11:15:00,82.2,82.5,81.9,82.1,265368.69101178,21787156.49847147
2026-06-14 11:30:00,82.0,82.4,81.6,82.4,193721.90558954,15874526.32035951
2026-06-14 11:45:00,82.4,82.4,81.8,82.0,287275.88225033,23563977.14129645
2026-06-14 12:00:00,82.0,82.1,81.8,82.0,87945.10889801,7211268.57197017
2026-06-14 12:15:00,82.0,82.6,82.0,82.1,285719.60385479,23497730.86282012
2026-06-14 12:30:00,82.4,82.7,82.0,82.0,328202.1138272,27029268.26822485
2026-06-14 12:45:00,82.3,82.3,82.0,82.0,13096.34530869,1074255.53776701
2026-06-14 13:00:00,81.9,83.6,81.5,83.1,835165.72721978,68874854.29147907
2026-06-14 13:15:00,83.1,83.8,83.0,83.5,511077.45953587,42668443.16700258
2026-06-14 13:30:00,83.4,83.9,82.6,82.8,962564.00198851,80120241.95959277
2026-06-14 13:45:00,82.8,83.0,82.5,82.6,235338.92134737,19454281.38446671
2026-06-14 14:00:00,82.6,83.5,82.5,82.5,265220.63430265,21977593.2869133
2026-06-14 14:15:00,82.5,83.6,82.3,83.0,303922.08106571,25174623.48538015
2026-06-14 14:30:00,82.9,83.1,82.3,82.8,241691.92789709,19966169.1578488
2026-06-14 14:45:00,82.8,83.4,82.8,83.4,219917.26111821,18247478.80483635
2026-06-14 15:00:00,83.1,84.2,83.1,84.1,730531.40876772,61232180.68307075
2026-06-14 15:15:00,83.8,83.9,83.0,83.1,205677.19866721,17103712.14328748
2026-06-14 15:30:00,83.4,83.4,82.9,82.9,53355.09970545,4430856.87053078
2026-06-14 15:45:00,83.2,83.2,82.7,83.1,97732.29147571,8115543.88175352
2026-06-14 16:00:00,82.8,82.8,82.0,82.4,403283.88439307,33193886.19385457
2026-06-14 16:15:00,83.2,83.6,82.9,83.5,187808.05678799,15641072.36460349
2026-06-14 16:30:00,83.5,83.6,82.7,83.1,422790.42341177,35144445.73029453
2026-06-14 16:45:00,83.1,84.0,82.9,83.4,748938.93839062,62423730.34407372
2026-06-14 17:00:00,83.6,84.0,82.9,83.4,403089.78560805,33675270.49094863
2026-06-14 17:15:00,83.5,84.0,83.2,83.6,427084.26543993,35752774.24589761
2026-06-14 17:30:00,83.3,84.8,83.0,84.3,741659.73500411,62336983.9807503
2026-06-14 17:45:00,84.2,85.0,83.9,84.8,1016452.19445124,85854192.23588057
2026-06-14 18:00:00,84.9,85.1,84.3,84.3,337646.0148973,28577669.05818764
2026-06-14 18:15:00,84.3,84.5,83.7,84.5,441497.64427764,37112606.47963652
2026-06-14 18:30:00,84.4,84.4,83.5,83.7,451579.18405207,37895270.77703384
2026-06-14 18:45:00,84.0,84.0,82.7,83.8,560856.75025265,46688145.6255479
2026-06-14 19:00:00,83.6,84.7,83.0,83.5,364233.53924458,30474866.02308632
2026-06-14 19:15:00,83.8,83.8,83.0,83.3,253960.50721156,21140471.38187904
2026-06-14 19:30:00,83.1,83.3,82.7,82.9,112706.331135,9352654.6026658
2026-06-14 19:45:00,82.7,83.4,82.6,83.4,191720.15954756,15877244.43952579
2026-06-14 20:00:00,83.4,86.7,83.4,84.6,5910373.55530391,503019301.2724112
2026-06-14 20:15:00,84.8,88.2,84.4,86.8,8678858.29850212,752853062.3104552
2026-06-14 20:30:00,86.8,87.9,85.5,87.8,5036703.43323668,436821823.8085183
2026-06-14 20:45:00,87.6,90.7,86.0,89.8,16017611.26181191,1426343323.7886345
2026-06-14 21:00:00,89.8,96.0,89.5,93.8,46243207.23904482,4275737877.137997
2026-06-14 21:15:00,93.8,95.4,91.8,95.4,25619917.45074099,2406231900.952417
2026-06-14 21:30:00,95.4,96.6,92.4,94.1,24423537.6314192,2320101025.1779127
2026-06-14 21:45:00,94.1,95.0,91.2,91.9,12984081.73735564,1202773456.4660878
2026-06-14 22:00:00,91.9,95.4,91.8,95.0,10595227.98261958,991790319.0996197
2026-06-14 22:15:00,95.0,95.4,92.8,93.5,11262691.61033497,1061924553.5830818
2026-06-14 22:30:00,93.4,95.1,87.1,87.2,21557581.07498658,1962996832.0241342
2026-06-14 22:45:00,87.2,88.2,86.2,86.4,5412245.08611241,472233493.92724067
2026-06-14 23:00:00,86.4,88.6,86.2,86.9,6491194.85182861,568171063.4388683
2026-06-14 23:15:00,86.9,87.8,86.2,86.8,2831547.64661815,245911739.37483183
2026-06-14 23:30:00,86.6,87.0,85.4,86.1,3613054.20867107,311113728.176796
2026-06-14 23:45:00,86.3,87.5,85.6,86.4,2227109.57619748,192703538.6417748
2026-06-15 00:00:00,86.3,86.3,85.0,85.5,1718048.41523564,146887873.76651847
2026-06-15 00:15:00,85.2,85.4,84.7,85.3,1270412.82817232,107890207.94528629
2026-06-15 00:30:00,85.2,85.2,84.2,84.3,1444053.00036586,121984087.63962819
2026-06-15 00:45:00,84.3,84.7,84.0,84.7,710005.69054383,59847562.53008185
2026-06-15 01:00:00,84.5,85.0,83.8,84.5,661598.24864211,55675900.37883121
2026-06-15 01:15:00,84.4,84.6,84.2,84.4,544959.1226935,46018150.38723648
2026-06-15 01:30:00,84.4,84.8,84.0,84.8,699459.7840997,59104624.67926968
2026-06-15 01:45:00,84.6,84.8,84.2,84.3,437451.2032469,36976196.17488055
2026-06-15 02:00:00,84.6,84.9,84.2,84.2,170906.92398588,14443974.79624574
2026-06-15 02:15:00,84.4,86.2,84.1,85.2,1189941.21571014,101375625.50418954
2026-06-15 02:30:00,85.2,85.6,84.4,84.5,460755.55469955,39062063.1455195
2026-06-15 02:45:00,84.5,84.5,83.9,84.0,407176.71906416,34284292.71604146
2026-06-15 03:00:00,84.2,84.3,83.8,83.8,250161.44586867,20999246.77734587
2026-06-15 03:15:00,84.0,84.0,83.7,83.9,103235.88932712,8653197.93532009
2026-06-15 03:30:00,83.8,83.9,83.6,83.8,334712.20681204,28022174.92614314
2026-06-15 03:45:00,83.8,84.2,83.8,83.8,59095.53397909,4964635.0699289
2026-06-15 04:00:00,83.8,86.6,83.6,84.9,920110.40428833,78441483.54570466
2026-06-15 04:15:00,84.8,84.8,84.1,84.5,200517.44832934,16917286.61065825
2026-06-15 04:30:00,84.3,84.9,84.3,84.6,82083.69390571,6950771.492685
2026-06-15 04:45:00,84.6,84.6,83.8,83.8,266842.90894349,22437427.68125336
2026-06-15 05:00:00,83.8,83.9,83.7,83.8,217464.19098225,18235484.49270239
2026-06-15 05:15:00,83.8,83.9,83.5,83.9,479979.35790822,40146677.28669123
2026-06-15 05:30:00,83.8,84.1,83.7,83.8,220903.79679011,18530401.5143136
2026-06-15 05:45:00,83.8,84.2,83.8,84.2,277701.34940415,23300874.06104347
2026-06-15 06:00:00,84.1,84.1,83.7,83.7,493436.18407937,41388509.62476191
2026-06-15 06:15:00,83.8,84.6,83.8,84.3,339824.45080103,28666612.63895473
2026-06-15 06:30:00,84.3,84.7,84.2,84.4,348778.80362248,29434631.09110644
2026-06-15 06:45:00,84.7,85.6,84.6,85.4,573422.57669716,48878770.83868705
2026-06-15 07:00:00,85.5,85.7,84.9,85.5,404332.21195647,34490078.03279965
2026-06-15 07:15:00,85.1,85.2,84.6,84.7,273980.3442682,23282323.03684775
2026-06-15 07:30:00,84.7,85.1,84.3,84.4,461992.36339195,39072254.13593011
2026-06-15 07:45:00,84.5,84.6,83.5,83.7,1263900.07841774,106193187.84656358
2026-06-15 08:00:00,83.7,84.2,83.3,84.1,882545.63639288,73886103.03493956
2026-06-15 08:15:00,84.1,85.2,83.8,84.5,965784.51953603,81652891.48560742
2026-06-15 08:30:00,84.4,84.5,84.1,84.5,960794.92705144,80971483.44104043
2026-06-15 08:45:00,84.3,85.2,84.2,84.8,1604229.78029887,135949316.97293082
2026-06-15 09:00:00,84.7,84.8,82.7,83.0,3689846.31874099,307942243.0221289
2026-06-15 09:15:00,82.8,83.6,82.4,83.6,2463030.31805149,204075603.82499734
2026-06-15 09:30:00,83.7,86.0,83.3,84.2,3982458.02167962,338457891.41672117
2026-06-15 09:45:00,84.3,85.1,83.8,84.2,710120.33141983,59748122.00517701
2026-06-15 10:00:00,84.0,85.3,84.0,84.2,1267233.10573182,106971387.44550084
2026-06-15 10:15:00,84.1,84.2,82.4,82.5,1969518.08093573,164127212.32304218
2026-06-15 10:30:00,82.5,82.8,82.3,82.7,524270.52705266,43229241.49087121
2026-06-15 10:45:00,82.7,83.1,82.5,82.6,261674.266436,21635350.53922716
2026-06-15 11:00:00,82.7,82.7,81.5,81.8,1710791.84877161,140274224.6593879
2026-06-15 11:15:00,82.0,82.1,81.3,81.8,2372372.99128485,193711287.55408096
2026-06-15 11:30:00,82.0,82.4,81.6,81.6,1368731.26388695,112130056.50654554
2026-06-15 11:45:00,81.7,82.0,81.6,81.9,186493.24034739,15234943.96450539
2026-06-15 12:00:00,81.7,82.0,81.6,81.7,284554.57684785,23263364.50875141
2026-06-15 12:15:00,81.9,82.1,81.7,81.9,365978.31416262,29976800.6768632
2026-06-15 12:30:00,82.0,82.3,81.9,82.3,493912.41300454,40596850.33754035
2026-06-15 12:45:00,82.3,82.6,82.2,82.4,253122.23152923,20843264.23928058
2026-06-15 13:00:00,82.4,83.0,82.4,82.9,418348.87541904,34579517.06968727
2026-06-15 13:15:00,82.8,83.0,82.5,82.8,353959.63111956,29290584.98336092
2026-06-15 13:30:00,82.8,82.8,81.8,82.0,556369.87174035,45760221.05236861
2026-06-15 13:45:00,82.0,82.5,81.8,82.3,293165.65516065,24120418.96533311
2026-06-15 14:00:00,82.3,82.5,82.1,82.5,195337.97597521,16054758.79783951
2026-06-15 14:15:00,82.5,82.9,82.3,82.9,297970.24100787,24633276.39877095
2026-06-15 14:30:00,82.9,84.1,82.7,83.4,560806.21536742,46772886.17890929
2026-06-15 14:45:00,83.7,83.8,83.3,83.6,409865.19044094,34223310.06805198
2026-06-15 15:00:00,83.6,83.8,83.2,83.5,331138.26157736,27646120.48165918
2026-06-15 15:15:00,83.5,83.7,83.3,83.6,67473.94224885,5628176.96286671
2026-06-15 15:30:00,83.5,83.5,82.8,83.2,378926.96006216,31459683.68648317
2026-06-15 15:45:00,83.2,83.4,82.8,83.2,252803.20873794,20998470.93830792
2026-06-15 16:00:00,83.3,83.5,83.3,83.5,204595.76385,17043926.81156312
2026-06-15 16:15:00,83.5,83.5,83.1,83.1,213901.84498396,17813350.42946277
2026-06-15 16:30:00,83.2,83.4,82.6,83.0,250224.16691125,20768769.2580728
2026-06-15 16:45:00,82.9,83.1,82.6,82.9,357516.97777073,29623349.3219074
2026-06-15 17:00:00,83.1,84.2,82.9,83.6,294918.70337452,24637701.13761872
2026-06-15 17:15:00,83.6,83.6,83.1,83.2,219375.71715926,18272224.13960103
2026-06-15 17:30:00,83.2,83.4,82.8,83.2,343696.12177137,28566118.20357999
2026-06-15 17:45:00,83.2,83.3,83.0,83.0,93103.66298684,7731039.6622526
2026-06-15 18:00:00,83.0,83.5,82.7,83.4,305219.72768542,25380536.98833675
2026-06-15 18:15:00,83.4,84.0,83.0,83.2,437757.30527895,36584269.1492572
2026-06-15 18:30:00,83.0,84.2,82.9,84.0,822796.26200176,69016793.60561576
2026-06-15 18:45:00,84.0,84.8,84.0,84.4,800030.91813723,67459503.00154097
2026-06-15 19:00:00,84.5,84.8,84.3,84.7,929343.43785559,78703344.97696012
2026-06-15 19:15:00,84.7,85.2,84.5,84.9,392702.15453647,33387230.59745289
2026-06-15 19:30:00,84.9,86.3,84.2,85.9,1531995.76169179,130596766.13234067
2026-06-15 19:45:00,86.0,86.7,85.8,86.6,1993323.46877553,171962730.77310577
2026-06-15 20:00:00,86.6,86.7,85.9,86.2,838708.98168642,72250347.67161082
2026-06-15 20:15:00,86.4,87.3,86.2,86.6,1326632.54752019,115149996.42071815
2026-06-15 20:30:00,86.6,86.8,85.9,86.2,872258.60521343,75232396.27623698
2026-06-15 20:45:00,86.3,86.4,85.4,85.7,1148873.1022729,98529519.32668689
2026-06-15 21:00:00,85.7,85.8,85.1,85.3,1211601.63206049,103485121.46214955
2026-06-15 21:15:00,85.3,85.7,84.5,84.5,1578956.4502724,134009208.41772842
2026-06-15 21:30:00,84.6,85.3,84.6,85.3,397718.11986856,33784070.65773393
2026-06-15 21:45:00,85.3,86.0,84.6,86.0,1337773.52635138,114221915.3033049
2026-06-15 22:00:00,86.0,86.0,85.3,85.6,467741.93977127,40030426.20686739
2026-06-15 22:15:00,85.5,86.0,85.3,85.8,277353.74137214,23768679.82994696
2026-06-15 22:30:00,85.8,85.8,84.8,85.2,778311.79837226,66398658.52442811
2026-06-15 22:45:00,85.2,85.2,84.6,84.6,356973.2042143,30267087.69695496
2026-06-15 23:00:00,84.8,84.9,84.0,84.4,779904.25962482,65815447.47382002
2026-06-15 23:15:00,84.4,84.6,84.1,84.6,455893.08962674,38448576.95672431
2026-06-15 23:30:00,84.6,84.6,83.5,83.6,891783.81204174,74839771.35849465
2026-06-15 23:45:00,83.9,84.3,83.7,84.1,424014.53584263,35603522.86525579
2026-06-16 00:00:00,84.3,84.3,83.8,83.8,494962.19472882,41613337.17390048
2026-06-16 00:15:00,83.8,83.8,83.4,83.6,226176.39957908,18910600.56154659
2026-06-16 00:30:00,83.8,83.8,83.4,83.7,407818.31466156,34060335.94366214
2026-06-16 00:45:00,83.7,85.1,83.7,84.3,719504.0533882,60684480.82077986
2026-06-16 01:00:00,84.4,84.6,84.2,84.4,123396.69645759,10412814.877778
2026-06-16 01:15:00,84.2,84.3,83.8,84.3,63706.64616275,5348509.88098317
2026-06-16 01:30:00,84.3,84.7,84.2,84.3,204331.22880641,17234960.73426464
2026-06-16 01:45:00,84.3,84.7,84.2,84.4,200968.85013258,16975409.55664245
2026-06-16 02:00:00,84.3,84.3,83.6,83.8,221388.05817419,18609396.44441115
2026-06-16 02:15:00,84.2,84.4,84.2,84.4,13333.98802922,1125210.02498647
2026-06-16 02:30:00,84.5,84.6,84.2,84.6,123196.06254849,10407699.78212389
2026-06-16 02:45:00,84.5,84.6,84.3,84.3,39816.18186603,3357496.2963494
2026-06-16 03:00:00,84.2,84.2,84.0,84.0,118115.6665274,9924636.21364883
2026-06-16 03:30:00,84.1,84.1,84.0,84.0,76180.98294081,6399798.53539344
2026-06-16 03:45:00,83.9,84.5,83.8,84.2,66573.90785909,5602722.36761956
2026-06-16 04:00:00,84.2,84.2,84.2,84.2,104777.21471736,8822241.47920171
2026-06-16 04:15:00,84.2,84.2,83.0,83.3,867830.73919171,72274706.74740852
2026-06-16 04:30:00,83.3,83.8,83.3,83.8,28168.91269777,2348693.12212841
2026-06-16 04:45:00,83.7,83.7,83.3,83.3,131976.32548007,11006492.17291351
2026-06-16 05:00:00,83.4,83.7,83.4,83.4,28950.23507917,2419538.48526079
2026-06-16 05:15:00,83.6,83.7,83.6,83.6,23969.31759174,2004122.36610153
2026-06-16 05:30:00,83.6,83.6,83.3,83.4,439114.18497752,36629118.06077028
2026-06-16 05:45:00,83.4,83.4,83.1,83.2,202732.05888889,16869570.43307575
2026-06-16 06:00:00,83.3,83.3,82.9,83.2,358813.52643622,29784819.71475712
2026-06-16 06:15:00,83.2,83.2,82.9,83.0,114547.06687633,9508219.69065955
2026-06-16 06:30:00,83.0,83.3,83.0,83.0,183136.50531328,15224325.6480277
2026-06-16 06:45:00,83.0,83.3,83.0,83.2,59295.39998388,4934230.18490677
2026-06-16 07:00:00,83.2,83.3,83.1,83.1,112250.61652721,9328046.50571394
2026-06-16 07:15:00,83.2,83.4,82.5,82.5,1009529.16649483,83543384.05653729
2026-06-16 07:30:00,82.5,82.9,82.2,82.4,705536.69335273,58107111.63186718
2026-06-16 07:45:00,82.6,82.6,82.2,82.3,213737.57944315,17603314.59425368
2026-06-16 08:00:00,82.6,82.6,82.2,82.4,92597.13709006,7625012.14945757
2026-06-16 08:15:00,82.5,82.5,82.3,82.5,209741.46228781,17285548.71739941
2026-06-16 08:30:00,82.4,83.1,82.4,83.1,63136.01617282,5223335.86734734
2026-06-16 08:45:00,83.1,83.5,83.0,83.2,314413.71201702,26172209.55297481
2026-06-16 09:00:00,83.2,95.0,83.1,92.3,41810263.91042898,3801663939.9358516
2026-06-16 09:15:00,92.6,92.6,82.1,83.8,39604670.2495458,3395217890.5731707
2026-06-16 09:30:00,83.8,84.0,82.8,83.6,3897960.59647334,325123692.2000327
2026-06-16 09:45:00,83.6,83.7,82.9,83.1,2010162.10900197,167345398.49350947
2026-06-16 10:00:00,83.0,83.5,82.9,83.0,951129.98480858,78971902.19270568
2026-06-16 10:15:00,83.0,83.2,81.9,82.5,4027435.08769885,331688877.1731913
2026-06-16 10:30:00,82.5,82.8,81.9,82.1,2286726.20494462,187994949.94914925
2026-06-16 10:45:00,82.0,82.1,81.7,81.8,759595.25149154,62207255.77434742
2026-06-16 11:00:00,81.9,81.9,79.5,79.8,4127616.12063233,332662138.6483715
2026-06-16 11:15:00,79.9,80.4,79.7,79.7,2494628.30872637,199760488.02966106
2026-06-16 11:30:00,79.7,80.3,79.6,80.3,1033506.13461067,82602826.99067861
2026-06-16 11:45:00,80.2,80.5,80.2,80.4,431306.23739168,34652479.92063236
2026-06-16 12:00:00,80.4,80.7,80.1,80.7,316966.47265395,25444260.54441036
2026-06-16 12:15:00,80.7,81.0,80.2,80.8,485074.71662554,39132842.81540018
2026-06-16 12:30:00,80.7,81.0,80.5,80.9,579794.83025773,46790426.19276608
2026-06-16 12:45:00,80.9,81.3,80.8,80.8,993114.2134982,80510921.66013043
2026-06-16 13:00:00,80.9,81.0,80.5,80.7,953513.03603086,76945668.73796608
2026-06-16 13:15:00,80.7,80.9,80.6,80.9,508647.89699883,41044992.023482
2026-06-16 13:30:00,80.7,80.7,80.1,80.5,816035.43156938,65685634.88730685
2026-06-16 13:45:00,80.5,80.7,80.3,80.7,180157.62895288,14493257.67295784
2026-06-16 14:00:00,80.6,80.9,80.5,80.5,387262.62165144,31276566.36708051
2026-06-16 14:15:00,80.7,80.8,80.0,80.2,845178.4489071,67778496.43812162
2026-06-16 14:30:00,80.3,80.4,80.1,80.3,411550.69658962,33014808.68111363
2026-06-16 14:45:00,80.3,80.7,80.2,80.7,144607.76665482,11613172.5742165
2026-06-16 15:00:00,80.5,80.6,80.2,80.6,511269.2793305,41068378.34566376
2026-06-16 15:15:00,80.4,80.6,80.3,80.6,211239.19904207,16995001.80839971
2026-06-16 15:30:00,80.6,80.8,80.5,80.5,415559.93219666,33508524.2180292
2026-06-16 15:45:00,80.5,80.8,80.5,80.5,308485.58880605,24901369.27870172
2026-06-16 16:00:00,80.7,80.7,80.5,80.6,114192.38509731,9205280.02589192
2026-06-16 16:15:00,80.6,82.5,80.6,81.6,3779410.54868729,308908910.54130214
2026-06-16 16:30:00,81.4,81.6,81.1,81.4,542905.3464838,44153642.91473863
2026-06-16 16:45:00,81.3,81.6,81.1,81.4,444340.22257624,36112284.63930295
2026-06-16 17:00:00,81.4,81.6,81.2,81.6,439522.10726099,35771415.94841109
2026-06-16 17:15:00,81.5,81.8,81.5,81.5,591117.30655774,48276468.15175589
2026-06-16 17:30:00,81.5,81.6,81.3,81.4,317149.37082074,25815185.29823912
2026-06-16 17:45:00,81.4,82.1,81.3,82.0,447573.48989901,36556753.2209377
2026-06-16 18:00:00,82.0,82.1,81.5,81.9,655442.41975839,53625305.17124522
2026-06-16 18:15:00,81.6,81.8,81.4,81.5,150135.29589369,12242195.30103525
2026-06-16 18:30:00,81.4,81.6,81.3,81.4,293403.48331132,23887524.93725754
2026-06-16 18:45:00,81.4,81.6,81.3,81.3,273173.0420892,22240437.20792059
2026-06-16 19:00:00,81.3,81.4,81.1,81.4,202411.03490592,16444033.45094179
2026-06-16 19:15:00,81.4,81.6,81.2,81.4,169138.91393249,13755837.51199096
2026-06-16 19:30:00,81.4,81.5,80.8,81.2,1175018.33853141,95230392.31240863
2026-06-16 19:45:00,81.2,81.3,81.0,81.1,152749.42239205,12400709.36649377
2026-06-16 20:00:00,81.1,81.3,80.8,80.8,405302.92759586,32867062.77399443
2026-06-16 20:15:00,81.0,81.0,80.8,80.9,303215.39919018,24531166.86552748
2026-06-16 20:30:00,80.9,81.0,80.5,81.0,670701.96987609,54144498.82312245
2026-06-16 20:45:00,80.9,81.3,80.9,81.3,332070.35085088,26891680.74596141
2026-06-16 21:00:00,81.0,81.4,81.0,81.3,363921.91132205,29554783.34767673
2026-06-16 21:15:00,81.3,81.6,81.3,81.5,327467.39006529,26686733.57882217
2026-06-16 21:30:00,81.7,81.7,81.1,81.1,185375.79751719,15078702.42634642
2026-06-16 21:45:00,81.2,81.5,81.1,81.5,201232.18960299,16341653.31228034
2026-06-16 22:00:00,81.2,81.5,80.2,80.6,746752.49119243,60349208.10119524
2026-06-16 22:15:00,80.7,80.8,80.5,80.8,261717.75998574,21118346.299501
2026-06-16 22:30:00,80.8,81.0,80.4,80.9,276982.70464257,22337646.53091868
2026-06-16 22:45:00,80.9,80.9,80.6,80.8,104539.69762703,8446546.44600328
2026-06-16 23:00:00,80.9,80.9,80.6,80.8,108150.71991388,8732263.35062759
2026-06-16 23:15:00,80.6,80.6,80.2,80.3,465623.97447923,37421036.79458709
2026-06-16 23:30:00,80.1,80.8,79.8,80.8,699482.0848749,56151568.2953526
2026-06-16 23:45:00,80.8,80.8,80.3,80.3,383653.81304435,30892223.47241422
2026-06-17 00:00:00,80.3,81.1,80.3,81.1,248797.18268253,20101247.09659397
2026-06-17 00:15:00,81.1,81.1,80.6,81.0,139758.7709051,11285453.86639482
2026-06-17 00:30:00,81.1,81.1,80.6,80.9,91450.56048007,7382805.3938631
2026-06-17 00:45:00,80.7,81.0,80.4,81.0,25700.23083415,2071411.68254417
2026-06-17 01:00:00,80.8,81.1,80.7,81.1,14494.98761503,1173860.07795499
2026-06-17 01:15:00,81.0,81.1,80.8,80.8,226530.13069111,18318487.78109515
2026-06-17 01:30:00,80.7,81.0,80.6,81.0,159386.37480771,12874551.35627681
2026-06-17 01:45:00,80.8,81.0,80.5,80.7,43043.06464366,3475796.67932429
2026-06-17 02:00:00,81.1,81.2,81.1,81.2,31226.33238657,2532485.55655083
2026-06-17 02:15:00,81.2,81.3,80.9,81.1,244588.338076,19879880.28467247
2026-06-17 02:30:00,81.1,81.4,81.1,81.1,13922.80507284,1130002.60018134
2026-06-17 02:45:00,81.1,81.7,81.1,81.7,76688.03435494,6250984.79586388
2026-06-17 03:00:00,81.7,82.0,81.7,81.7,382587.51873729,31304642.88485984
2026-06-17 03:15:00,81.8,81.9,81.7,81.7,21528.16845896,1759358.20799208
2026-06-17 03:30:00,81.7,81.7,81.7,81.7,85407.41216855,6977785.57417054
2026-06-17 03:45:00,81.8,82.2,81.6,81.8,84462.7503141,6929284.16423584
2026-06-17 04:00:00,81.7,81.7,81.2,81.2,77545.53024329,6308759.72856532
2026-06-17 04:15:00,81.1,81.5,81.0,81.5,120172.16593654,9770603.08869886
2026-06-17 04:30:00,81.5,81.5,81.3,81.3,86251.76921788,7022056.67315423
2026-06-17 04:45:00,81.5,81.5,81.1,81.2,12903.59729985,1049359.8179209
2026-06-17 05:00:00,81.0,81.0,80.8,80.8,79097.5625689,6399458.33747067
2026-06-17 05:15:00,81.2,81.3,81.0,81.0,8383.01394707,680919.99360313
2026-06-17 05:30:00,81.2,81.6,81.2,81.6,75480.65558992,6142089.38949432
2026-06-17 05:45:00,81.6,81.6,81.5,81.5,17789.08680903,1449830.57493595
2026-06-17 06:00:00,81.5,81.5,81.3,81.3,77339.73991943,6301515.86619473
2026-06-17 06:15:00,81.3,81.4,81.0,81.1,186770.70584998,15176386.52806766
2026-06-17 06:30:00,81.2,81.3,81.2,81.3,66778.95110645,5424736.7371468
2026-06-17 06:45:00,81.3,81.7,81.3,81.4,44618.86610261,3629991.81079305
2026-06-17 07:00:00,81.4,81.7,81.3,81.5,300668.06745044,24530165.40103375
2026-06-17 07:15:00,81.5,81.6,81.2,81.3,270613.43998732,22000828.56954751
2026-06-17 07:30:00,81.3,81.3,81.3,81.3,47132.46721866,3831869.58487706
2026-06-17 07:45:00,81.3,81.6,81.3,81.6,101519.97003599,8277305.17843282
2026-06-17 08:00:00,81.5,81.6,81.2,81.2,260636.74426192,21205018.81835434
2026-06-17 08:15:00,81.4,81.4,81.0,81.1,749658.34671428,60801175.0629281
2026-06-17 08:30:00,81.2,81.6,81.2,81.2,224651.11292829,18273750.88799024
2026-06-17 08:45:00,81.2,81.6,81.1,81.6,416271.83992509,33803190.28341234
2026-06-17 09:00:00,81.2,81.5,80.9,80.9,885981.85238811,71852960.21662109
2026-06-17 09:15:00,80.9,81.2,80.8,81.2,90199.66140751,7304529.90606488
2026-06-17 09:30:00,80.9,81.0,80.7,81.0,399177.84265307,32284873.24755319
2026-06-17 09:45:00,81.0,81.2,81.0,81.0,894652.4203574,72556883.79928245
2026-06-17 10:00:00,81.0,81.2,81.0,81.0,392377.36976535,31789792.71195132
2026-06-17 10:15:00,81.0,81.0,80.2,80.5,506031.36895688,40776746.20569641
2026-06-17 10:30:00,80.5,80.8,80.5,80.8,164276.97221101,13234114.97589929
2026-06-17 10:45:00,80.8,81.2,80.8,81.1,188823.1203589,15304946.56520541
2026-06-17 11:00:00,81.1,81.4,81.1,81.3,78185.72124278,6353516.18461284
2026-06-17 11:15:00,81.3,81.5,81.3,81.5,173465.79432863,14128782.0074865
2026-06-17 11:30:00,81.5,81.6,81.1,81.3,344922.91931657,28079229.06724516
2026-06-17 11:45:00,81.3,81.4,81.1,81.2,144405.71817659,11731015.76693608
2026-06-17 12:00:00,81.2,81.2,80.7,80.8,659950.42355364,53433884.3189589
2026-06-17 12:15:00,80.7,80.9,80.4,80.4,305348.55964347,24633373.69228215
2026-06-17 12:30:00,80.7,80.7,80.4,80.4,162493.57828719,13077408.41745541
2026-06-17 12:45:00,80.3,80.5,80.1,80.5,388523.54176392,31258247.97870518
2026-06-17 13:00:00,80.6,81.0,80.6,80.8,340745.24660768,27492035.24196979
2026-06-17 13:15:00,80.6,80.8,80.5,80.5,277109.93116565,22310596.91977896
2026-06-17 13:30:00,80.5,80.9,80.5,80.9,1559.62328655,125633.07406777
2026-06-17 13:45:00,80.7,80.7,80.5,80.6,54874.37097605,4422612.92401511
2026-06-17 14:00:00,80.6,80.7,80.3,80.3,126935.29145808,10202659.75305589
2026-06-17 14:15:00,80.4,80.5,79.8,80.2,391628.52175732,31370652.64885817
2026-06-17 14:30:00,80.2,80.3,80.1,80.3,29876.7045919,2396302.76356309
2026-06-17 14:45:00,80.1,80.2,80.0,80.0,128644.92954555,10295068.80484523
2026-06-17 15:00:00,80.2,80.2,80.0,80.1,930587.16201833,74546491.54528105
2026-06-17 15:15:00,80.1,80.3,79.7,79.7,464054.77704768,37134689.28326277
2026-06-17 15:30:00,79.7,79.7,79.3,79.5,833341.75358733,66176377.47248652
2026-06-17 15:45:00,79.4,79.8,79.3,79.5,193365.24910305,15366607.73688498
2026-06-17 16:00:00,79.6,79.6,79.3,79.6,683416.99769439,54234740.68838333
2026-06-17 16:15:00,79.6,79.6,79.0,79.0,570357.81658509,45193217.8908211
2026-06-17 16:30:00,79.1,79.5,78.9,79.5,766960.68352775,60630100.72767239
2026-06-17 16:45:00,79.3,79.4,78.9,79.4,277581.60038651,21975683.12496973
2026-06-17 17:00:00,79.4,79.4,79.0,79.0,174494.13616857,13811614.27323243
2026-06-17 17:15:00,79.0,79.1,78.6,79.0,559741.56848232,44138743.89194917
2026-06-17 17:30:00,79.1,79.3,78.6,79.1,167216.5277879,13200718.29228563
2026-06-17 17:45:00,79.1,79.1,78.4,78.7,389641.9163612,30667137.50738439
2026-06-17 18:00:00,78.7,79.0,78.6,78.8,433527.51574036,34139783.66995131
2026-06-17 18:15:00,78.8,79.0,78.6,78.8,168207.79799301,13242946.94741079
2026-06-17 18:30:00,78.8,79.0,78.8,79.0,17744.9820668,1399108.59292345
2026-06-17 18:45:00,78.9,79.2,78.8,79.0,84097.35786562,6641741.94288679
2026-06-17 19:00:00,79.0,79.0,79.0,79.0,54655.44265229,4317779.96953091
2026-06-17 19:15:00,79.0,79.1,78.9,79.0,249035.58704735,19673503.83043172
2026-06-17 19:30:00,79.0,79.1,78.7,78.8,107545.76397236,8478258.05498132
2026-06-17 19:45:00,79.0,79.0,78.7,78.8,131577.09596829,10372430.8285221
2026-06-17 20:00:00,78.8,78.9,78.2,78.6,677195.80551033,53067395.41433228
2026-06-17 20:15:00,78.6,78.6,78.2,78.5,294448.14600523,23060612.0472667
2026-06-17 20:30:00,78.4,78.9,78.2,78.9,274424.95387563,21491169.2044951
2026-06-17 20:45:00,78.7,78.9,78.7,78.7,124205.72088338,9780003.88399196
2026-06-17 21:00:00,78.6,78.9,78.5,78.6,476136.33231043,37428114.02067406
2026-06-17 21:15:00,78.9,79.0,78.5,78.5,220304.33615752,17314057.91880061
2026-06-17 21:30:00,78.5,79.0,78.5,78.7,37785.00146607,2970880.52447355
2026-06-17 21:45:00,79.0,79.2,78.7,79.2,194465.85713101,15381862.64471678
2026-06-17 22:00:00,79.1,79.2,78.8,78.8,247797.98216562,19577350.00428182
2026-06-17 22:15:00,78.9,79.0,78.8,78.8,209170.75268069,16494529.72080862
2026-06-17 22:30:00,78.7,79.3,78.7,79.0,80996.72162508,6390951.50572818
2026-06-17 22:45:00,79.1,79.3,79.0,79.0,292485.21508271,23170980.22675541
2026-06-17 23:00:00,79.0,79.4,79.0,79.1,73413.70722072,5802541.9336764
2026-06-17 23:15:00,79.2,79.6,79.1,79.6,466430.53874546,37082426.90043041
2026-06-17 23:30:00,79.6,79.6,79.3,79.5,71726.53030561,5707506.6276654
2026-06-17 23:45:00,79.3,79.3,78.9,78.9,140550.94162909,11104431.44799793
2026-06-18 00:00:00,78.9,79.2,78.9,79.2,129214.79338106,10204957.59857907
2026-06-18 00:15:00,79.2,79.4,79.1,79.4,82050.13216682,6511256.01636904
2026-06-18 00:30:00,79.4,79.5,79.3,79.4,227567.58422094,18068375.11097046
2026-06-18 00:45:00,79.5,79.9,79.5,79.8,268506.74518256,21431876.51115863
2026-06-18 01:00:00,79.8,80.3,79.8,80.2,357404.03284207,28604682.57453052
2026-06-18 01:15:00,80.1,80.1,79.8,80.0,79290.79185516,6342302.03397442
2026-06-18 01:30:00,80.2,80.4,80.0,80.0,90673.08757065,7268687.74788556
2026-06-18 01:45:00,80.0,80.1,79.7,79.7,202961.61128909,16219044.42467495
2026-06-18 02:00:00,79.6,79.9,79.6,79.7,266692.96133177,21256163.67801102
2026-06-18 02:15:00,79.6,80.1,79.6,79.9,10322.60839907,824761.92660148
2026-06-18 02:30:00,79.9,80.1,79.8,80.0,15847.76435771,1265200.34541812
2026-06-18 02:45:00,79.9,80.5,79.9,80.5,110179.90648193,8852524.38077136
2026-06-18 03:00:00,80.5,80.5,78.7,79.2,342828.39388931,27108826.84529013
2026-06-18 03:15:00,79.5,79.5,79.5,79.5,1365.71072319,108574.00249361
2026-06-18 03:30:00,79.2,80.5,79.1,80.0,14934.77954157,1191007.08870977
2026-06-18 03:45:00,80.0,80.4,79.8,79.8,41283.39158529,3312991.94858008
2026-06-18 04:00:00,79.8,80.6,79.6,80.6,21567.56951642,1722411.72857195
2026-06-18 04:15:00,79.7,79.7,79.1,79.1,92355.48085696,7350060.96951403
2026-06-18 04:30:00,79.0,79.2,78.5,78.5,97168.40420943,7638864.90577746
2026-06-18 04:45:00,78.6,79.4,78.6,78.8,31229.22891127,2461279.57295545
2026-06-18 05:00:00,79.4,79.4,78.9,79.2,1192.31570024,94365.28532299
2026-06-18 05:15:00,78.8,79.1,78.8,79.1,7008.43945068,552689.87265865
2026-06-18 05:30:00,79.2,79.6,79.2,79.4,147454.67677156,11692450.47523176
2026-06-18 05:45:00,79.2,79.6,79.1,79.6,9424.75402841,747695.26914629
2026-06-18 06:00:00,79.7,79.7,79.6,79.6,3852.70502765,306681.60000019
2026-06-18 06:15:00,79.5,79.7,79.5,79.5,91773.01847605,7312774.16669541
2026-06-18 06:30:00,79.7,79.7,79.5,79.5,34334.21564846,2733697.79775395
2026-06-18 06:45:00,79.5,79.5,79.2,79.5,191671.74617975,15206306.73697817
2026-06-18 07:00:00,79.4,79.4,78.5,78.9,220239.12914358,17378779.06324995
2026-06-18 07:15:00,79.0,79.5,79.0,79.5,143503.36297824,11355337.54305858
2026-06-18 07:30:00,79.5,79.5,79.1,79.1,44834.34726414,3560744.58961103
2026-06-18 07:45:00,79.1,79.2,79.1,79.1,204427.0403954,16189333.33139461
2026-06-18 08:00:00,79.1,79.4,79.0,79.0,150680.77068563,11913146.31572474
2026-06-18 08:15:00,79.2,79.2,79.2,79.2,359988.01627485,28511050.88896812
2026-06-18 08:30:00,79.2,79.2,79.1,79.1,12495.00615006,988454.98646975
2026-06-18 08:45:00,79.1,79.4,79.0,79.2,155922.12563634,12347697.98574622
2026-06-18 09:00:00,79.5,79.6,78.9,79.0,460035.64478849,36435139.40071104
2026-06-18 09:15:00,79.1,79.1,78.7,79.1,200440.39169721,15797918.13225915
2026-06-18 09:30:00,79.0,79.0,78.6,78.7,256219.14341047,20174544.99054451
2026-06-18 09:45:00,78.7,78.9,78.3,78.4,326405.44164492,25656608.93095404
2026-06-18 10:00:00,78.4,78.9,78.4,78.9,103392.84527256,8110405.66206232
2026-06-18 10:15:00,78.7,78.8,78.6,78.8,52672.07121781,4143805.59512997
2026-06-18 10:30:00,78.8,78.8,78.5,78.7,10088.54993875,793562.09594784
2026-06-18 10:45:00,78.5,78.5,78.4,78.4,156694.38434198,12289734.38667459
2026-06-18 11:00:00,78.7,78.7,78.5,78.5,92085.68075497,7237749.88073768
2026-06-18 11:15:00,78.4,78.8,78.4,78.6,117035.94881429,9200318.36197736
2026-06-18 11:30:00,78.5,80.9,78.5,80.9,742339.10487711,59407951.3583287
2026-06-18 11:45:00,81.0,81.0,80.2,80.2,445731.51517167,35913290.395949
2026-06-18 12:00:00,80.1,80.1,79.8,79.9,185077.31824229,14797492.6011834
2026-06-18 12:15:00,79.9,80.1,79.5,79.5,278203.73389317,22197732.93381707
2026-06-18 12:30:00,79.5,80.0,79.3,79.5,404195.69330474,32169962.43073895
2026-06-18 12:45:00,79.8,79.9,79.3,79.6,331101.81024604,26362273.8258472
2026-06-18 13:00:00,79.6,80.6,79.4,79.9,1138619.91534202,91287600.99651055
2026-06-18 13:15:00,80.0,80.3,79.4,79.4,586833.62623654,46880912.84947798
2026-06-18 13:30:00,79.4,79.7,78.7,78.9,788924.54798373,62478592.61710496
2026-06-18 13:45:00,78.9,79.0,78.3,79.0,371311.62606337,29167076.68568287
2026-06-18 14:00:00,79.0,79.0,78.2,78.8,551672.21453922,43301927.15804922
2026-06-18 14:15:00,78.8,79.0,78.6,78.9,80803.59827487,6364604.15317513
2026-06-18 14:30:00,78.9,80.1,78.7,80.0,929175.17539336,73682844.4763456
2026-06-18 14:45:00,80.0,80.1,79.6,80.0,219535.41330527,17562764.66960929
2026-06-18 15:00:00,80.0,80.0,79.1,79.7,239609.29999694,19015629.85256681
2026-06-18 15:15:00,79.7,79.8,79.5,79.5,218776.53886424,17413358.14427242
2026-06-18 15:30:00,79.5,79.7,79.3,79.6,170810.11772435,13567491.61259431
2026-06-18 15:45:00,79.3,79.4,79.3,79.4,3963.44353796,314690.41691402
2026-06-18 16:00:00,79.4,79.8,79.2,79.8,198204.7822516,15737688.83314185
2026-06-18 16:15:00,79.8,80.7,79.7,80.7,427542.78675614,34346821.98491184
2026-06-18 16:30:00,80.4,80.6,80.0,80.2,378969.11957561,30416444.89175893
2026-06-18 16:45:00,80.2,80.5,80.2,80.4,81295.50189152,6520032.93329194
2026-06-18 17:00:00,80.0,80.0,79.6,79.8,209710.66414051,16721534.48721042
2026-06-18 17:15:00,79.8,79.8,79.6,79.8,34319.40648627,2736255.13035043
2026-06-18 17:30:00,79.8,81.3,79.7,80.8,478852.2166272,38664294.38959874
2026-06-18 17:45:00,81.0,81.3,80.1,80.6,784828.33649711,63257934.33349082
2026-06-18 18:00:00,80.5,81.0,80.3,81.0,192591.2168962,15532439.65346054
2026-06-18 18:15:00,80.9,81.5,80.8,81.4,797904.67327546,64752127.26236683
2026-06-18 18:30:00,81.4,81.5,80.4,81.0,1002817.32308278,81102691.66318639
2026-06-18 18:45:00,80.6,80.6,80.4,80.4,64799.9884878,5214116.81405291
2026-06-18 19:00:00,80.4,80.4,79.5,79.6,218632.25151048,17441888.827158
2026-06-18 19:15:00,79.6,80.6,79.6,80.2,335370.31338636,26930770.66246272
2026-06-18 19:30:00,80.3,80.6,80.2,80.2,10391.70220188,833546.15005382
2026-06-18 19:45:00,80.1,80.3,79.6,79.6,199751.27290236,15989010.59144191
2026-06-18 20:00:00,79.9,80.3,79.9,80.3,177796.82180159,14249159.96718059
2026-06-18 20:15:00,80.0,80.3,79.6,80.3,504356.16899915,40290479.22252497
2026-06-18 20:30:00,80.1,80.1,79.6,80.0,217853.4882614,17404920.72851644
2026-06-18 20:45:00,80.3,80.7,80.0,80.3,123614.21405411,9921254.63403446
2026-06-18 21:00:00,80.3,80.5,79.9,79.9,197868.26624009,15844226.88170614
2026-06-18 21:15:00,80.0,80.6,80.0,80.5,175205.81914492,14054774.26380111
2026-06-18 21:30:00,80.1,80.1,79.8,80.0,80242.17850837,6420276.18316811
2026-06-18 21:45:00,80.1,80.4,80.0,80.3,78485.89430703,6298355.96439606
2026-06-18 22:00:00,80.3,80.3,80.2,80.2,87826.39092121,7046367.55543469
2026-06-18 22:15:00,80.4,80.4,80.1,80.1,244953.35648385,19626064.23245614
2026-06-18 22:30:00,80.1,80.1,78.7,78.9,908144.90167945,72208862.78423008
2026-06-18 22:45:00,78.9,79.1,77.9,78.5,657903.21345201,51482885.51325582
2026-06-18 23:00:00,78.6,78.6,78.0,78.0,393115.64647879,30841167.29357232
2026-06-18 23:15:00,78.3,79.0,78.3,78.4,370404.36808356,29157902.52265935
2026-06-18 23:30:00,78.3,78.3,78.0,78.0,428627.31249856,33493345.47828684
2026-06-18 23:45:00,78.0,78.0,77.3,77.9,828172.91518333,64368641.18716639
2026-06-19 00:00:00,77.7,77.7,77.3,77.4,235547.43134876,18234745.61334162
2026-06-19 00:15:00,77.3,77.3,76.1,76.5,814845.4457313,62530545.75098567
2026-06-19 00:30:00,76.5,76.5,74.5,74.7,1554539.72467139,117137121.14294206
2026-06-19 00:45:00,74.8,75.0,73.7,74.2,862593.57134707,64122120.3647295
2026-06-19 01:00:00,74.0,75.2,74.0,75.2,661108.33183672,49316990.86820172
2026-06-19 01:15:00,75.2,75.5,74.6,74.7,610577.17040093,45800714.90006896
2026-06-19 01:30:00,74.9,75.2,74.5,75.2,218490.99614369,16314287.01948878
2026-06-19 01:45:00,75.0,75.3,74.7,74.9,92086.11592346,6886545.54384017
2026-06-19 02:00:00,75.0,75.0,74.3,74.3,195202.12946853,14592980.06378472
2026-06-19 02:15:00,74.3,74.8,74.2,74.7,126257.03121751,9400214.38546175
2026-06-19 02:30:00,74.7,75.1,74.7,74.7,95506.73237003,7134568.86004849
2026-06-19 02:45:00,74.6,75.1,74.6,74.7,66888.79866976,5001637.53469423
2026-06-19 03:00:00,74.6,74.8,74.6,74.6,166888.99962164,12470162.49380781
2026-06-19 03:15:00,74.5,74.7,74.5,74.7,5470.55651231,408206.61173802
2026-06-19 03:30:00,74.7,74.7,74.4,74.7,5232.14757631,389525.08525154
2026-06-19 03:45:00,74.7,74.7,74.6,74.6,2826.03815227,211090.04997457
2026-06-19 04:00:00,74.6,74.6,74.4,74.5,262086.00514563,19499731.38323399
2026-06-19 04:15:00,74.4,75.0,74.4,75.0,22680.54588089,1694286.41063966
2026-06-19 04:30:00,74.4,75.2,74.3,74.9,111673.02566514,8339110.50283148
2026-06-19 04:45:00,74.9,77.7,74.9,75.1,404441.01136204,30403515.78766645
2026-06-19 05:00:00,75.2,75.3,74.7,75.0,173287.62571286,12980806.12825118
2026-06-19 05:15:00,75.0,75.6,75.0,75.5,103293.23081212,7799314.37986669
2026-06-19 05:30:00,75.5,75.5,75.4,75.4,81800.30089849,6170643.34999786
2026-06-19 05:45:00,75.2,75.2,74.7,74.9,37121.73767939,2782098.24795267
2026-06-19 06:00:00,74.9,74.9,74.7,74.7,137484.86158128,10273456.79304107
2026-06-19 06:15:00,74.7,74.7,74.4,74.6,171311.9703626,12772461.97321948
2026-06-19 06:30:00,74.5,74.8,74.5,74.6,229446.62527053,17105377.47845843
2026-06-19 06:45:00,74.7,74.8,74.7,74.7,109544.89161225,8190873.95612664
2026-06-19 07:00:00,74.7,74.7,74.6,74.6,273167.54584665,20393928.59283806
2026-06-19 07:15:00,74.6,74.7,74.4,74.4,45019.69007293,3354195.95425365
2026-06-19 07:30:00,74.6,74.6,74.0,74.2,358792.39030301,26641303.13559119
2026-06-19 07:45:00,74.1,74.4,74.1,74.4,261219.45940759,19377241.4790473
2026-06-19 08:00:00,74.2,74.4,74.1,74.1,248145.36001697,18411076.32584669
2026-06-19 08:15:00,74.2,74.3,74.1,74.3,375124.19229724,27831558.26046342
2026-06-19 08:30:00,74.4,74.5,74.2,74.5,114747.33569794,8535876.69325556
2026-06-19 08:45:00,74.3,75.0,74.3,75.0,187036.57184777,13967583.07146178
2026-06-19 09:00:00,75.0,75.0,74.0,74.4,969687.74680597,72082300.01276924
2026-06-19 09:15:00,74.4,74.7,74.1,74.1,349881.37801137,25950389.06999675
2026-06-19 09:30:00,74.2,74.7,74.1,74.7,411727.00238173,30562023.02083523
2026-06-19 09:45:00,74.7,75.0,74.5,75.0,327060.43413485,24442594.59510452
2026-06-19 10:00:00,75.0,75.3,74.3,74.7,225249.66231501,16865354.19093544
2026-06-19 10:15:00,74.6,74.8,74.4,74.4,32627.43187096,2432154.13387035
2026-06-19 10:30:00,74.4,74.8,74.3,74.8,183320.14192233,13636350.38468076
2026-06-19 10:45:00,74.8,75.4,74.8,75.4,350447.82278889,26285893.99919643
2026-06-19 11:00:00,75.4,75.4,75.1,75.2,105965.31198432,7965087.85966802
2026-06-19 11:15:00,75.2,75.2,74.8,75.2,280989.96073717,21063012.82393475
2026-06-19 11:30:00,74.9,75.1,74.8,75.0,133055.23712599,9976520.74803076
2026-06-19 11:45:00,75.1,75.2,75.1,75.2,100872.47903758,7576247.4545403
2026-06-19 12:00:00,75.1,75.1,74.5,74.5,681766.89631762,51017172.50338148
2026-06-19 12:15:00,74.4,74.4,72.8,74.0,1521672.90062072,111947689.66615593
2026-06-19 12:30:00,73.8,73.9,72.7,73.1,1086197.82046248,79223623.32180442
2026-06-19 12:45:00,73.1,73.5,72.9,73.5,737738.87539621,53958396.92565444
2026-06-19 13:00:00,73.5,73.7,72.9,73.5,495825.73983402,36281800.7050043
2026-06-19 13:15:00,73.5,73.9,73.1,73.3,277431.58013859,20359111.48058935
2026-06-19 13:30:00,73.2,73.2,72.4,72.5,724118.79969109,52639791.523844
2026-06-19 13:45:00,72.7,72.8,72.1,72.7,194092.37830995,14051573.61077163
2026-06-19 14:00:00,72.5,72.8,72.4,72.8,142635.11383657,10359224.63263481
2026-06-19 14:15:00,72.8,72.8,72.3,72.5,106768.19652248,7757421.07262927
2026-06-19 14:30:00,72.8,72.9,72.5,72.8,123224.54153276,8963028.08953212
2026-06-19 14:45:00,72.8,73.1,72.8,73.0,15610.61574149,1140218.07651238
2026-06-19 15:00:00,72.9,73.4,72.9,73.4,119383.71774885,8723412.1330605
2026-06-19 15:15:00,73.3,73.4,73.0,73.4,196441.73418936,14391336.83485313
2026-06-19 15:30:00,73.1,73.2,72.9,73.1,180407.81940383,13190338.425918
2026-06-19 15:45:00,73.2,73.4,72.7,73.4,72061.26516539,5248862.31400094
2026-06-19 16:00:00,72.9,72.9,72.6,72.9,236021.75209259,17197100.53581351
2026-06-19 16:15:00,72.8,73.1,72.6,72.8,78180.59668556,5689964.70644878
2026-06-19 16:30:00,72.7,72.9,72.1,72.7,193052.09157269,13962891.31067421
2026-06-19 16:45:00,72.7,72.7,72.2,72.4,190931.90379273,13828406.25692881
2026-06-19 17:00:00,72.6,73.1,72.6,73.1,110168.64642931,8029019.24027849
2026-06-19 17:15:00,73.2,73.2,72.5,72.7,144767.13024528,10538774.44175036
2026-06-19 17:30:00,72.9,73.2,72.7,73.0,58962.92365411,4295029.78541012
2026-06-19 17:45:00,73.0,73.3,72.5,72.8,1511950.79949568,110190778.44064428
2026-06-19 18:00:00,72.4,72.5,71.8,72.0,830928.77417484,59819442.02564563
2026-06-19 18:15:00,72.0,72.0,71.6,72.0,431354.55697495,30999229.61455122
2026-06-19 18:30:00,71.9,72.3,71.9,72.1,270731.27154462,19524663.38222284
2026-06-19 18:45:00,72.0,72.2,71.8,72.1,301882.07306341,21709118.64670249
2026-06-19 19:00:00,72.1,72.3,72.0,72.0,155350.0695679,11194043.18552843
2026-06-19 19:15:00,72.0,72.4,72.0,72.4,177678.12407871,12833152.00261819
2026-06-19 19:30:00,72.2,72.3,71.9,72.0,191230.70120207,13779701.44889436
2026-06-19 19:45:00,72.0,72.4,71.9,72.4,278736.7848513,20060084.83381732
2026-06-19 20:00:00,72.1,72.2,71.9,71.9,170422.20875631,12289244.89425819
2026-06-19 20:15:00,72.1,72.8,72.0,72.8,493476.66444344,35787652.68795571
2026-06-19 20:30:00,73.0,73.2,72.6,72.7,642098.00633137,46761782.46095051
2026-06-19 20:45:00,72.7,73.0,72.3,72.3,946584.08374296,68710383.30355066
2026-06-19 21:00:00,72.3,72.4,72.0,72.1,398281.59902852,28724938.76302829
2026-06-19 21:15:00,72.1,72.2,71.9,72.2,387428.86521779,27871425.33193069
2026-06-19 21:30:00,71.9,72.2,71.9,72.1,297300.37226408,21384356.23802728
2026-06-19 21:45:00,72.0,72.5,71.9,72.5,196787.03567002,14207037.52208603
2026-06-19 22:00:00,72.6,73.2,72.5,73.2,405815.31537079,29600904.27943511
2026-06-19 22:15:00,73.4,73.4,73.1,73.4,183671.30007445,13466926.57022316
2026-06-19 22:30:00,73.4,73.4,73.1,73.4,254193.74449583,18632654.4726827
2026-06-19 22:45:00,73.4,73.7,73.3,73.4,318823.60096871,23436507.58697632
2026-06-19 23:00:00,73.5,73.5,72.9,72.9,412602.83384814,30161357.76527725
2026-06-19 23:15:00,72.9,73.1,72.5,73.1,152851.04946977,11118999.02927158
2026-06-19 23:30:00,73.0,73.1,72.8,73.0,122174.62999178,8900159.09258437
2026-06-19 23:45:00,73.1,73.1,72.5,72.5,348374.92420975,25274834.56954473
2026-06-20 00:00:00,72.8,73.0,72.6,72.9,29006.93670177,2111486.18109819
2026-06-20 00:15:00,72.6,73.0,72.4,72.5,668619.28521689,48526349.1686755
2026-06-20 00:30:00,72.3,72.8,72.3,72.8,57183.97852459,4152236.62421565
2026-06-20 00:45:00,72.8,73.0,72.5,72.7,112462.54306924,8166570.11737505
2026-06-20 01:00:00,72.6,72.7,72.5,72.7,95282.38204819,6908745.29417462
2026-06-20 01:15:00,72.5,73.7,72.5,73.6,43413.63042543,3174222.13642883
2026-06-20 01:30:00,73.6,73.6,72.7,72.8,135577.7550399,9895635.66924774
2026-06-20 01:45:00,72.8,72.9,72.3,72.3,56022.25109218,4072329.76280723
2026-06-20 02:00:00,72.3,72.4,72.1,72.2,276785.16178862,19979391.42385243
2026-06-20 02:15:00,72.2,72.6,72.2,72.3,211729.56152555,15329456.47449225
2026-06-20 02:30:00,72.4,72.6,72.4,72.6,11062.97900552,801893.81999965
2026-06-20 02:45:00,72.6,72.7,72.4,72.7,133717.72168898,9713377.68288147
2026-06-20 03:00:00,72.6,72.7,72.5,72.5,91545.08390871,6640498.17110242
2026-06-20 03:15:00,72.5,72.7,72.4,72.4,33577.69546347,2433146.29531626
2026-06-20 03:30:00,72.4,72.6,72.1,72.3,207035.88036101,14963295.80575331
2026-06-20 03:45:00,72.2,72.2,72.2,72.2,63026.44537634,4550509.35617175
2026-06-20 04:00:00,72.3,72.3,71.9,72.1,147907.36001284,10661808.07281093
2026-06-20 04:15:00,71.9,72.1,71.9,72.0,84258.57765156,6062835.32684588
2026-06-20 04:30:00,71.9,72.2,71.8,72.1,21902.24701985,1573550.3601336
2026-06-20 04:45:00,72.1,72.4,72.1,72.1,2335.30236539,168596.09125424
2026-06-20 05:00:00,72.1,72.2,72.0,72.2,52726.13654275,3797797.3300714
2026-06-20 05:15:00,72.2,72.8,72.2,72.8,565687.7108714,40917001.79289633
2026-06-20 05:30:00,72.6,72.7,72.5,72.5,84751.27359035,6147590.42864091
2026-06-20 05:45:00,72.7,73.0,72.7,73.0,118602.62450708,8630387.29298297
2026-06-20 06:00:00,72.8,72.8,72.7,72.7,53904.41370419,3920259.2600226
2026-06-20 06:15:00,72.7,72.8,72.5,72.5,92540.62304665,6717943.84119532
2026-06-20 06:30:00,72.6,72.6,72.2,72.2,66483.44021705,4813324.16959269
2026-06-20 06:45:00,72.3,72.4,72.2,72.3,153842.13430905,11129985.65419645
2026-06-20 07:00:00,72.3,72.6,72.3,72.5,129109.12217192,9357083.44986751
2026-06-20 07:15:00,72.5,72.8,72.5,72.6,164006.87144362,11917950.62457543
2026-06-20 07:30:00,72.7,72.9,72.6,72.8,26157.03420984,1903723.75615103
2026-06-20 07:45:00,72.8,72.8,72.8,72.8,7032.81600957,511989.0054967
2026-06-20 08:00:00,72.7,73.1,72.7,73.1,171573.48655373,12499680.17659933
2026-06-20 08:15:00,73.1,73.3,73.0,73.2,438327.98099412,32069830.61267653
2026-06-20 08:30:00,73.2,73.3,73.1,73.2,225607.94870606,16496107.46539209
2026-06-20 08:45:00,73.2,73.4,73.0,73.4,93167.92113241,6812990.70859703
2026-06-20 09:00:00,73.4,73.7,73.0,73.0,566052.33217527,41420634.47492936
2026-06-20 09:15:00,73.0,73.4,72.9,73.4,50782.37069001,3709949.78952156
2026-06-20 09:30:00,73.4,74.0,73.2,73.6,411338.11748131,30341553.19011994
2026-06-20 09:45:00,73.4,73.6,72.9,73.2,255832.41915444,18704359.5611036
2026-06-20 10:00:00,73.0,73.1,72.9,73.1,44316.45223653,3232652.16339952
2026-06-20 10:15:00,73.1,73.5,72.8,73.4,197766.94213481,14517650.65226132
2026-06-20 10:30:00,73.4,73.5,73.3,73.5,47140.84427609,3455448.71104432
2026-06-20 10:45:00,73.6,74.0,73.6,74.0,328873.34763952,24249625.42384242
2026-06-20 11:00:00,74.0,74.3,73.5,74.1,548488.40121714,40558844.5715841
2026-06-20 11:15:00,74.1,74.1,73.9,74.0,265777.0873203,19664403.23827388
2026-06-20 11:30:00,74.0,74.0,73.7,74.0,378908.40881152,28004311.38953217
2026-06-20 11:45:00,74.0,74.0,73.5,73.5,314411.07070474,23156523.13440394
2026-06-20 12:00:00,73.4,73.5,73.2,73.3,270533.84194334,19834680.43218048
2026-06-20 12:15:00,73.3,73.3,73.1,73.1,254973.0614539,18642565.0875389
2026-06-20 12:30:00,73.1,73.1,72.1,72.4,858500.57203759,62322626.46377769
2026-06-20 12:45:00,72.4,72.6,72.4,72.6,102710.99213177,7438371.04575423
2026-06-20 13:00:00,72.6,73.0,72.5,72.9,242651.12506357,17664811.85943068
2026-06-20 13:15:00,73.1,73.3,73.1,73.3,929.42078578,67961.14624898
2026-06-20 13:30:00,73.3,73.3,72.9,73.1,269338.10114477,19712237.11071628
2026-06-20 13:45:00,72.8,73.1,72.6,72.6,114479.1431695,8330826.20486832
2026-06-20 14:00:00,72.6,73.5,72.6,73.4,352302.99754573,25699409.34879706
2026-06-20 14:15:00,73.3,73.4,73.1,73.1,48003.86157274,3509389.58619205
2026-06-20 14:30:00,73.1,73.1,72.9,73.0,213872.27827528,15612554.13988419
2026-06-20 14:45:00,73.0,73.1,73.0,73.1,8782.65712174,641875.24929783
2026-06-20 15:00:00,73.0,73.0,73.0,73.0,17371.46323576,1268116.81621048
2026-06-20 15:15:00,73.3,73.6,73.3,73.6,9066.97864128,665855.48440148
2026-06-20 15:30:00,73.8,73.9,73.6,73.8,66060.04959732,4872179.4654744
2026-06-20 15:45:00,73.6,74.1,73.6,74.1,104257.75853591,7694070.57260385
2026-06-20 16:00:00,73.6,73.8,73.3,73.5,328772.5673937,24196239.98502005
2026-06-20 16:15:00,73.6,73.8,73.5,73.8,16336.30399812,1203467.07974781
2026-06-20 16:30:00,73.8,74.0,73.6,73.8,163890.41908236,12098497.6743616
2026-06-20 16:45:00,73.6,73.7,73.6,73.7,236364.14171077,17409302.68065894
2026-06-20 17:00:00,73.5,73.5,73.2,73.3,122111.67431545,8952636.60951644
2026-06-20 17:15:00,73.3,73.6,73.3,73.4,87717.18860104,6436525.19919004
2026-06-20 17:30:00,73.3,73.6,73.1,73.5,45710.61980884,3344888.82250912
2026-06-20 17:45:00,73.5,73.7,73.5,73.7,12955.33837761,954794.63842986
2026-06-20 18:00:00,73.5,73.7,73.5,73.5,32426.18574078,2384658.43403688
2026-06-20 18:15:00,73.7,74.1,73.6,74.1,63293.76022615,4675979.1759418
2026-06-20 18:30:00,74.1,74.3,74.1,74.2,36350.40438053,2696256.92039599
2026-06-20 18:45:00,74.3,74.5,74.2,74.5,236544.86061607,17582840.40232417
2026-06-20 19:00:00,74.3,74.4,74.0,74.2,479728.03592658,35593691.06250309
2026-06-20 19:15:00,74.0,74.2,73.7,73.8,49591.64085861,3663072.03953394
2026-06-20 19:30:00,74.0,74.1,73.6,73.7,182950.97653868,13496394.59864845
2026-06-20 19:45:00,73.8,74.1,73.7,74.1,76981.79914061,5688496.15135343
2026-06-20 20:00:00,73.9,73.9,73.9,73.9,61617.57791329,4553539.00779213
2026-06-20 20:15:00,74.0,74.1,73.8,74.0,83025.46287158,6136664.68434618
2026-06-20 20:30:00,73.8,74.2,73.8,74.0,48639.6370797,3596570.03358552
2026-06-20 20:45:00,73.9,73.9,73.4,73.4,381822.78900693,28087524.08415741
2026-06-20 21:00:00,73.3,73.6,73.2,73.6,238393.79897115,17519377.22310088
2026-06-20 21:15:00,73.6,73.8,73.6,73.8,242924.586982,17900674.9210612
2026-06-20 21:30:00,73.7,74.0,73.5,74.0,147465.17941169,10855819.97293571
2026-06-20 21:45:00,73.8,73.8,73.6,73.6,1070.4607046,78799.99999948
2026-06-20 22:00:00,73.5,73.6,73.3,73.5,419720.28720475,30818545.52962538
2026-06-20 22:15:00,73.4,73.6,73.1,73.1,242366.59882543,17765134.09691277
2026-06-20 22:30:00,73.1,73.6,73.1,73.6,61157.3291127,4487004.37628064
2026-06-20 22:45:00,73.6,73.7,73.4,73.4,71330.59361222,5246242.72946265
2026-06-20 23:00:00,73.2,73.2,72.7,72.7,57448.28097661,4193572.33253944
2026-06-20 23:15:00,72.7,73.3,72.7,73.0,12991.24258906,945106.2141237
2026-06-20 23:30:00,73.2,73.2,73.1,73.2,91227.14780636,6676562.84338201
2026-06-20 23:45:00,73.6,74.3,73.6,73.9,140674.60442333,10390485.62099229
2026-06-21 00:00:00,73.9,73.9,73.8,73.8,9274.53929539,684960.99999978
2026-06-21 00:15:00,74.1,74.5,74.0,74.3,341182.81338935,25401227.06213627
2026-06-21 00:30:00,74.3,74.3,74.3,74.3,110201.51795611,8187972.78413897
2026-06-21 00:45:00,74.3,74.5,74.3,74.5,156723.59057805,11645000.27854293
2026-06-21 01:00:00,74.5,74.6,74.2,74.6,10581.37753272,787334.83583921
2026-06-21 01:15:00,74.5,74.6,74.2,74.4,80928.45625278,6030496.27855932
2026-06-21 01:30:00,74.2,74.4,74.1,74.1,320235.56177004,23729475.55752476
2026-06-21 01:45:00,74.2,74.5,74.2,74.3,25341.27544986,1882733.6174381
2026-06-21 02:00:00,74.3,74.3,74.3,74.3,20346.36096901,1511734.61999744
2026-06-21 02:15:00,74.3,74.5,74.3,74.5,37566.08440068,2797698.93556953
2026-06-21 02:30:00,74.4,74.4,74.0,74.1,48339.08711266,3585644.28318169
2026-06-21 02:45:00,74.1,74.4,74.1,74.4,171344.02522433,12706610.51636422
2026-06-21 03:00:00,74.2,74.5,74.2,74.5,29809.56781388,2220792.10213406
2026-06-21 03:15:00,74.5,74.7,74.4,74.6,335893.81658734,25009453.11190899
2026-06-21 03:30:00,74.4,74.4,74.4,74.4,10849.24025922,807183.47528597
2026-06-21 03:45:00,74.1,74.1,74.0,74.0,3333.34531305,246890.21169701
2026-06-21 04:00:00,74.1,74.3,74.1,74.3,137.75431732,10221.34577688
2026-06-21 04:15:00,74.3,74.8,74.3,74.6,114113.02990832,8498483.94459787
2026-06-21 04:30:00,74.6,74.9,74.5,74.5,101359.259616,7580610.85744379
2026-06-21 04:45:00,74.8,74.8,74.8,74.8,68.40162806,5116.44177889
2026-06-21 05:00:00,74.7,74.7,74.2,74.7,322489.87431722,24024975.90416204
2026-06-21 05:15:00,74.6,74.8,74.4,74.4,196100.64755805,14647142.05631001
2026-06-21 05:30:00,74.4,74.4,74.3,74.3,1235.31640863,91784.0091613
2026-06-21 05:45:00,74.3,74.3,74.3,74.3,719.17900402,53434.99999869
2026-06-21 06:00:00,74.3,74.7,74.3,74.6,310907.06443461,23192088.98340683
2026-06-21 06:15:00,74.8,74.8,74.6,74.6,80.2139046,6000.00006391
2026-06-21 06:30:00,74.7,74.7,74.5,74.5,53899.19587036,4019398.48726751
2026-06-21 06:45:00,74.5,74.7,74.5,74.7,7972.0021419,594077.59999993
2026-06-21 07:00:00,74.8,75.2,74.8,75.1,97040.57990929,7289768.07040462
2026-06-21 07:15:00,75.0,75.2,74.9,75.2,25869.58171763,1941409.15826906
2026-06-21 07:30:00,75.1,75.1,74.9,74.9,38413.33807406,2881355.99999831
2026-06-21 07:45:00,74.8,74.9,74.7,74.8,87868.83561035,6564759.31338427
2026-06-21 08:00:00,74.9,74.9,74.6,74.6,40376.04675567,3012073.13470196
2026-06-21 08:15:00,74.8,74.8,74.7,74.7,18799.34709783,1405775.16291768
2026-06-21 08:30:00,74.7,74.7,74.6,74.7,39154.85610515,2923491.48713187
2026-06-21 08:45:00,74.7,74.7,74.7,74.7,93413.51790007,6977989.78713523
2026-06-21 09:00:00,74.7,74.9,74.2,74.4,593170.11608995,44190877.38114536
2026-06-21 09:15:00,74.5,74.8,74.4,74.8,409553.69276566,30586483.01715957
2026-06-21 09:30:00,74.7,74.9,74.7,74.8,37330.15520573,2792034.47095198
2026-06-21 09:45:00,75.0,75.0,74.7,74.7,216978.5420951,16213593.26041582
2026-06-21 10:00:00,74.7,74.7,74.5,74.7,61256.18678456,4575740.23837956
2026-06-21 10:30:00,74.6,75.0,74.6,75.0,7374.22564109,550851.17441714
2026-06-21 10:45:00,75.0,75.2,74.9,75.2,69589.80953383,5219927.67505415
2026-06-21 11:00:00,75.1,75.2,74.9,74.9,7063.51795098,530261.77857964
2026-06-21 11:15:00,75.1,75.1,74.3,74.8,573735.69163469,42788106.52865887
2026-06-21 11:30:00,74.6,74.6,73.8,74.4,842655.17509632,62579571.920353
2026-06-21 11:45:00,74.4,74.4,74.2,74.4,152568.80551935,11348312.42941777
2026-06-21 12:00:00,74.3,74.3,74.1,74.3,95997.0028787,7116819.81600723
2026-06-21 12:15:00,74.4,74.5,74.3,74.5,32355.13940904,2410426.2773612
2026-06-21 12:30:00,74.3,74.3,74.0,74.0,216927.09493121,16075031.01405156
2026-06-21 12:45:00,74.1,74.5,74.1,74.5,36910.35177234,2738681.50250281
2026-06-21 13:00:00,74.3,74.4,74.3,74.3,6654.27107621,494748.36246778
2026-06-21 13:15:00,74.3,74.4,74.3,74.4,13753.33292304,1021887.63618187
2026-06-21 13:30:00,74.2,74.5,74.1,74.4,64404.09891175,4774757.55482769
2026-06-21 13:45:00,74.3,74.3,73.9,73.9,215662.45974558,15982696.48614082
2026-06-21 14:00:00,73.9,73.9,73.8,73.9,138925.18560279,10255742.85073564
2026-06-21 14:15:00,73.9,74.0,73.9,74.0,81186.15706985,6007188.82940965
2026-06-21 14:30:00,74.0,74.2,74.0,74.1,31027.01396334,2297328.17053105
2026-06-21 14:45:00,74.2,74.3,74.0,74.0,21446.9938923,1589970.76461426
2026-06-21 15:00:00,73.9,74.1,73.9,74.1,14851.88457582,1099021.32764673
2026-06-21 15:15:00,74.2,74.2,74.2,74.2,113928.04993252,8453461.30499298
2026-06-21 15:30:00,74.2,74.6,74.2,74.6,40548.78863917,3011447.58515736
2026-06-21 15:45:00,74.5,74.5,74.0,74.3,6300.44523804,468316.04371985
2026-06-21 16:00:00,74.3,74.3,74.0,74.1,33713.17192287,2496799.54906724
2026-06-21 16:15:00,73.9,74.3,73.9,74.0,18775.0543981,1388365.48259742
2026-06-21 16:30:00,74.2,74.4,74.2,74.4,32988.55073695,2453995.89017701
2026-06-21 16:45:00,74.1,74.1,74.0,74.0,4934.47130773,365350.87677202
2026-06-21 17:00:00,74.0,74.3,74.0,74.3,42188.45955313,3125368.09797446
2026-06-21 17:15:00,74.0,74.0,73.6,73.6,75860.94209656,5609441.89155662
2026-06-21 17:30:00,73.9,73.9,73.6,73.8,66950.42495688,4936993.28625314
2026-06-21 17:45:00,73.9,74.0,73.5,73.8,210992.36736328,15536167.44416835
2026-06-21 18:00:00,74.2,74.2,73.9,73.9,57370.95266532,4239733.96648328
2026-06-21 18:15:00,73.9,73.9,73.8,73.8,120156.66235288,8869315.71359983
2026-06-21 18:30:00,74.0,74.0,74.0,74.0,42245.32805217,3126154.27586058
2026-06-21 18:45:00,74.2,74.2,73.9,73.9,44024.30446021,3258784.19602212
2026-06-21 19:00:00,73.8,74.1,73.8,74.0,99614.84674525,7365577.92251401
2026-06-21 19:15:00,73.9,74.1,73.9,74.1,27398.13263136,2029389.72000001
2026-06-21 19:30:00,74.1,74.1,74.1,74.1,569.77064773,42220.00499679
2026-06-21 19:45:00,74.1,74.8,74.1,74.6,161662.9612755,12008688.22951718
2026-06-21 20:00:00,74.6,74.7,74.2,74.2,64955.62561825,4835581.69011459
2026-06-21 20:15:00,74.3,74.3,74.1,74.1,60005.68105754,4448705.79030437
2026-06-21 20:30:00,74.0,74.1,74.0,74.1,37767.9171429,2794967.5757271
2026-06-21 20:45:00,73.9,74.1,73.7,73.9,50127.62502362,3701084.05797047
2026-06-21 21:00:00,73.8,74.0,73.6,73.6,417540.38062955,30736103.0045519
2026-06-21 21:15:00,73.6,73.6,73.5,73.6,47701.96149859,3509895.76703762
2026-06-21 21:30:00,73.5,73.5,73.4,73.5,6022.74281514,442649.11326157
2026-06-21 21:45:00,73.5,73.7,73.4,73.6,109749.38102056,8073653.29234557
2026-06-21 22:00:00,73.7,73.9,73.7,73.7,40311.42334661,2974929.9650637
2026-06-21 22:15:00,73.8,74.1,73.8,74.1,14680.0909586,1084938.82821651
2026-06-21 22:30:00,73.8,73.8,73.6,73.7,21954.26413169,1618387.44684613
2026-06-21 22:45:00,73.8,73.9,73.8,73.9,39175.44857812,2893695.99438505
2026-06-21 23:00:00,73.8,73.8,73.7,73.7,3035.27815469,223800.00000065
2026-06-21 23:15:00,73.7,73.9,73.6,73.9,43433.45401354,3201235.36617339
2026-06-21 23:30:00,73.8,73.9,73.7,73.9,127213.12023275,9376189.56867967
2026-06-21 23:45:00,73.7,73.7,73.6,73.6,30000.0,2209693.62561562
2026-06-22 00:00:00,73.9,73.9,73.9,73.9,9837.01333694,726955.28559987
2026-06-22 00:15:00,73.9,74.4,73.7,74.3,44062.80382901,3263617.2846994
2026-06-22 00:30:00,74.0,74.2,74.0,74.1,5011.74815749,371230.51097677
2026-06-22 00:45:00,74.1,74.1,74.0,74.0,19288.81861943,1427536.26725733
2026-06-22 01:00:00,74.0,74.1,74.0,74.1,1499.25481683,111087.34814332
2026-06-22 01:15:00,74.1,74.1,74.1,74.1,80.97165991,5999.99999933
2026-06-22 01:30:00,74.0,74.0,73.9,73.9,35337.4435417,2614521.94454859
2026-06-22 01:45:00,73.6,74.0,73.6,74.0,27363.6,2024831.4
2026-06-22 02:00:00,73.8,74.4,73.8,74.4,29061.93794312,2150831.19342483
2026-06-22 02:15:00,74.3,74.3,74.0,74.0,25337.16146738,1880946.81299623
2026-06-22 02:30:00,74.0,74.0,73.9,73.9,67656.75347081,5005468.49838257
2026-06-22 03:00:00,73.9,73.9,73.8,73.8,68527.89514456,5062844.72107455
2026-06-22 03:30:00,73.8,73.8,73.8,73.8,12467.3790704,920092.57539552
2026-06-22 03:45:00,74.2,74.2,73.8,73.8,813.00813008,60189.13098641
2026-06-22 04:00:00,73.9,73.9,73.9,73.9,1445.51540197,106823.58820558
2026-06-22 04:15:00,73.9,73.9,73.9,73.9,9021.18459803,666665.54179442
2026-06-22 05:00:00,73.8,73.8,73.8,73.8,42276.57174122,3120010.99450204
2026-06-22 05:15:00,73.7,73.8,73.7,73.8,10267.31441149,756872.17356796
2026-06-22 05:30:00,73.7,73.7,73.6,73.6,123707.49461624,9105383.2026982
2026-06-22 05:45:00,73.5,73.5,73.4,73.4,84950.84730812,6241316.27714682
2026-06-22 06:00:00,73.4,73.4,72.5,72.8,577122.99210191,42100529.44514747
2026-06-22 06:15:00,72.8,72.9,72.3,72.9,121267.86645805,8785300.11167769
2026-06-22 06:30:00,72.8,73.2,72.8,73.2,33357.64130704,2433365.47486166
2026-06-22 06:45:00,73.3,73.3,73.3,73.3,28178.36647842,2065474.26286819
2026-06-22 07:00:00,73.3,73.3,73.1,73.1,3316.59345156,243024.963028
2026-06-22 07:15:00,73.2,73.3,73.1,73.3,50333.09654951,3688568.45177129
2026-06-22 07:30:00,73.0,73.0,72.9,72.9,120577.08249877,8796877.65931734
2026-06-22 07:45:00,72.9,73.3,72.9,73.1,9621.16871866,703307.37750602
2026-06-22 08:00:00,73.1,73.1,72.8,73.0,125505.55708162,9148780.62408438
2026-06-22 08:15:00,72.8,73.0,72.8,73.0,123169.4360007,8991189.73420627
2026-06-22 08:30:00,73.0,73.0,72.4,72.5,118398.28580287,8612643.59843872
2026-06-22 08:45:00,72.6,72.9,72.6,72.6,4431.15882085,321724.71528135
2026-06-22 09:00:00,72.6,73.1,72.3,73.0,134774.90472072,9797741.32611096
2026-06-22 09:15:00,73.0,73.3,72.9,73.1,248806.77294715,18184911.99951891
2026-06-22 09:30:00,73.3,73.6,73.0,73.5,156183.49750149,11455955.9229834
2026-06-22 09:45:00,73.5,73.7,73.3,73.7,169739.73779202,12456702.48523391
2026-06-22 10:00:00,73.7,73.8,73.5,73.7,35864.54356813,2641433.00273133
2026-06-22 10:15:00,73.5,74.4,73.4,74.3,217871.42123665,16106712.24468366
2026-06-22 10:30:00,74.1,74.3,73.8,74.1,70054.01291855,5191699.74629274
2026-06-22 10:45:00,74.1,74.3,73.9,74.2,141015.79859184,10464264.303495
2026-06-22 11:00:00,74.2,74.4,74.0,74.1,241975.22254589,17962299.26185842
2026-06-22 11:15:00,74.1,74.4,74.0,74.2,81311.87804343,6032564.00013358
2026-06-22 11:30:00,74.2,74.2,73.8,73.8,224699.36175074,16615067.19542596
2026-06-22 11:45:00,73.8,73.8,73.5,73.8,228296.6393957,16822584.62981819
2026-06-22 12:00:00,73.6,73.7,73.5,73.7,343460.32331324,25265591.47507921
2026-06-22 12:15:00,73.7,73.9,73.5,73.5,196464.15995589,14477906.65616974
2026-06-22 12:30:00,73.7,73.7,73.3,73.5,72485.34567202,5328864.57492999
2026-06-22 12:45:00,73.3,73.7,73.1,73.4,81414.8187712,5971727.79145998
2026-06-22 13:00:00,73.2,73.6,73.2,73.6,13321.88183203,977374.08779542
2026-06-22 13:15:00,73.2,73.5,73.2,73.4,20552.30027534,1504500.42599581
2026-06-22 13:30:00,73.2,73.4,73.2,73.4,42845.93986338,3136595.14411519
2026-06-22 13:45:00,73.4,73.4,73.2,73.4,56687.41711036,4155234.64709559
2026-06-22 14:00:00,73.4,73.4,73.0,73.4,311115.01545236,22755980.26453154
2026-06-22 14:15:00,73.4,73.4,73.4,73.4,34025.90258004,2497501.24937494
2026-06-22 14:45:00,73.3,74.1,73.3,73.6,246054.70138204,18144454.78123771
2026-06-22 15:00:00,73.4,73.6,73.3,73.4,123456.75855427,9061652.82915676
2026-06-22 15:15:00,73.4,73.4,73.1,73.4,51090.12149182,3745079.67637937
2026-06-22 15:30:00,73.4,73.4,73.2,73.2,79777.56730321,5847188.35663715
2026-06-22 15:45:00,73.2,73.2,72.9,73.1,31556.31514434,2300559.31155727
2026-06-22 16:00:00,73.1,73.1,73.1,73.1,15227.49616814,1113129.96989103
2026-06-22 16:15:00,73.2,73.4,73.2,73.4,28776.4748198,2106481.72933726
2026-06-22 16:30:00,73.2,73.5,73.2,73.3,84853.14881327,6217251.6669043
2026-06-22 16:45:00,73.2,73.3,72.9,73.1,343509.73877334,25079059.65654166
2026-06-22 17:00:00,72.8,73.3,72.6,73.3,525822.65157295,38311984.94147649
2026-06-22 17:15:00,73.1,73.2,72.8,72.8,110528.55834311,8070464.72491165
2026-06-22 17:30:00,72.8,73.0,72.6,73.0,98032.63548405,7134339.91807662
2026-06-22 17:45:00,72.8,73.8,72.8,73.5,884513.3002978,64830482.86131738
2026-06-22 18:00:00,73.5,73.6,73.3,73.6,8399.87932425,617383.58787671
2026-06-22 18:15:00,73.3,73.6,73.2,73.3,136260.55338716,9981995.66814974
2026-06-22 18:30:00,73.3,73.3,72.9,72.9,153735.14735684,11240928.97415028
2026-06-22 18:45:00,72.9,73.1,72.6,72.6,412803.04462823,30033560.96967681
2026-06-22 19:00:00,72.6,72.8,72.6,72.6,37086.25047336,2692476.88092724
2026-06-22 19:15:00,72.6,72.7,72.4,72.5,204274.68466718,14812897.23736397
2026-06-22 19:30:00,72.5,72.6,72.4,72.6,192504.54283284,13967614.1462745
2026-06-22 19:45:00,72.6,73.2,72.6,72.8,425369.79854438,31020130.33620982
2026-06-22 20:00:00,72.8,73.2,72.7,73.2,134993.50918559,9843499.03955907
2026-06-22 20:15:00,73.2,73.5,73.1,73.3,606341.55485492,44432421.46842612
2026-06-22 20:30:00,73.4,73.7,73.2,73.2,231220.96899751,16959133.24255421
2026-06-22 20:45:00,73.2,73.9,73.2,73.8,270827.02165821,19893654.20390573
2026-06-22 21:00:00,73.9,74.3,73.8,74.2,481122.35802312,35661971.29757388
2026-06-22 21:15:00,74.2,74.2,73.8,73.9,280377.77559598,20746618.9268155
2026-06-22 21:30:00,74.0,74.3,73.9,74.2,162573.33078631,12062643.19211824
2026-06-22 21:45:00,74.2,74.2,74.0,74.0,62045.32845455,4591636.04197606
2026-06-22 22:00:00,74.0,74.2,73.8,73.8,70288.46014425,5200835.76836629
2026-06-22 22:15:00,73.7,73.7,73.7,73.7,117508.90766752,8660406.49509622
2026-06-22 22:30:00,73.8,74.7,73.6,74.7,494725.82279731,36658034.45136715
2026-06-22 22:45:00,74.8,75.2,74.4,74.5,669848.94132898,50164180.87422641
2026-06-22 23:00:00,74.7,74.7,74.5,74.5,284114.84888041,21191369.59279849
2026-06-22 23:15:00,74.5,74.5,74.3,74.3,58585.27215253,4355951.78740219
2026-06-22 23:30:00,74.2,74.2,74.0,74.0,149924.76729932,11110521.45126659
2026-06-22 23:45:00,74.0,74.1,73.9,74.1,116905.32271985,8648523.38090451
2026-06-23 00:00:00,73.9,74.0,73.9,73.9,106640.07277426,7882016.25336567
2026-06-23 00:15:00,73.9,74.3,73.9,74.2,107373.72729741,7935261.42162538
2026-06-23 00:30:00,73.9,74.1,73.9,73.9,12106.22487771,894683.87106332
2026-06-23 00:45:00,73.9,73.9,73.6,73.8,332933.81580158,24597668.81943862
2026-06-23 01:00:00,73.8,73.8,73.8,73.8,42524.03178052,3138273.54540238
2026-06-23 01:15:00,73.9,74.1,73.9,74.1,124461.05664593,9210418.32701738
2026-06-23 01:30:00,74.1,74.3,73.7,74.3,33164.5300126,2448759.09573222
2026-06-23 01:45:00,74.0,74.1,74.0,74.1,26557.50567263,1967848.57034188
2026-06-23 02:00:00,73.9,73.9,73.7,73.7,23191.67736648,1710221.19493795
2026-06-23 02:15:00,73.7,73.9,73.4,73.4,158537.33659765,11659362.80328678
2026-06-23 02:30:00,73.5,73.5,73.3,73.5,69633.59262332,5115557.84504435
2026-06-23 03:00:00,73.6,73.7,73.5,73.7,1326.27911532,97569.11206308
2026-06-23 03:15:00,73.5,73.6,73.5,73.5,77881.20315795,5728619.3762025
2026-06-23 03:30:00,73.5,73.6,73.5,73.6,109104.20139689,8021215.33267142
2026-06-23 03:45:00,73.6,73.7,73.5,73.5,75674.50688986,5571168.14895467
2026-06-23 04:00:00,73.3,73.3,73.1,73.1,168204.31717496,12312993.7041421
2026-06-23 04:15:00,73.1,73.1,73.1,73.1,15500.56529871,1133091.3233357
2026-06-23 04:30:00,73.1,73.1,73.1,73.1,1706.1591987,124720.23742497
2026-06-23 05:00:00,73.3,73.7,73.3,73.7,4366.24740433,320516.10817912
2026-06-23 05:15:00,73.4,73.4,72.3,72.3,1421764.91386673,103766306.99298912
2026-06-23 05:30:00,72.6,72.6,72.3,72.6,198547.90548861,14377876.59645768
2026-06-23 05:45:00,72.7,72.7,72.4,72.4,7361.27483126,533288.64470714
2026-06-23 06:00:00,72.5,72.5,72.3,72.4,114273.59060541,8277306.65811904
2026-06-23 06:15:00,72.4,72.5,72.2,72.2,228972.49785655,16539376.3170149
2026-06-23 06:30:00,72.1,72.3,71.3,71.3,723174.71312609,51779200.55674079
2026-06-23 06:45:00,71.5,72.0,71.5,72.0,317492.13706422,22769833.92078688
2026-06-23 07:00:00,71.9,72.0,71.6,72.0,126591.21439625,9086409.63393111
2026-06-23 07:15:00,71.7,71.7,70.1,70.3,606724.85963492,43042133.75531702
2026-06-23 07:30:00,70.3,70.8,69.6,70.1,504820.36202237,35427069.46512523
2026-06-23 07:45:00,70.1,70.9,70.1,70.7,766101.21591039,53906082.74812329
2026-06-23 08:00:00,70.7,70.9,70.4,70.4,529513.0642079,37431946.69488392
2026-06-23 08:15:00,70.2,71.0,70.2,71.0,190526.28719848,13429569.88594777
2026-06-23 08:30:00,70.7,70.7,70.5,70.5,181879.19664301,12833270.70603303
2026-06-23 08:45:00,70.5,71.1,70.4,70.7,634314.18803293,44857529.2256557
2026-06-23 09:00:00,70.7,71.1,70.7,71.1,328658.16799582,23311148.377549
2026-06-23 09:15:00,71.0,71.1,70.5,70.5,408479.43188651,28954565.87011535
2026-06-23 09:30:00,70.7,71.2,70.7,71.1,390947.74672759,27744785.94493134
2026-06-23 09:45:00,71.1,71.3,71.0,71.3,137480.98205864,9787358.47397717
2026-06-23 10:00:00,71.3,71.3,71.2,71.2,87285.89379984,6220516.41301761
2026-06-23 10:15:00,71.2,71.3,71.2,71.3,145075.12954023,10329964.90997098
2026-06-23 10:30:00,71.3,71.4,70.8,71.0,213610.72851919,15173632.89800235
2026-06-23 10:45:00,70.8,70.8,70.5,70.7,165845.51307739,11707813.76172295
2026-06-23 11:00:00,70.7,70.8,70.2,70.2,282575.39775496,19887639.44233711
2026-06-23 11:15:00,70.6,70.7,70.2,70.2,177144.06154816,12453255.68134193
2026-06-23 11:30:00,70.2,70.2,69.8,70.2,630807.31720144,44212654.72956793
2026-06-23 11:45:00,70.1,70.2,69.9,70.2,280072.65422819,19599088.30113781
2026-06-23 12:00:00,70.0,70.0,69.4,69.5,617971.83987324,43034413.86729525
2026-06-23 12:15:00,69.5,69.7,69.0,69.6,1010536.09628272,69950240.40208459
2026-06-23 12:30:00,69.4,69.8,69.4,69.7,209473.67351399,14579932.63248893
2026-06-23 12:45:00,69.7,70.1,69.7,70.1,134788.54187616,9412656.77397795
2026-06-23 13:00:00,70.1,70.1,69.7,69.9,24374.66164278,1699530.87465825
2026-06-23 13:15:00,69.8,70.2,69.7,70.2,189265.91096314,13226136.95140264
2026-06-23 13:30:00,70.1,70.2,69.3,69.4,1220232.73038144,84836381.30932967
2026-06-23 13:45:00,69.6,69.6,69.0,69.2,651640.31436432,45069174.11720419
2026-06-23 14:00:00,69.2,69.6,69.1,69.5,197145.96144294,13652065.08770836
2026-06-23 14:15:00,69.2,70.0,69.1,69.5,559907.95000276,38833716.6045937
2026-06-23 14:30:00,69.4,69.7,69.3,69.4,217800.5076583,15125144.488104
2026-06-23 14:45:00,69.4,69.6,69.3,69.5,134726.84213767,9366008.9430535
2026-06-23 15:00:00,69.3,69.3,68.6,68.9,462618.11339106,31871797.42020892
2026-06-23 15:15:00,68.8,69.2,67.6,68.5,822899.38783763,56108049.99594058
2026-06-23 15:30:00,68.3,68.4,68.0,68.0,232685.55431306,15879060.58200888
2026-06-23 15:45:00,68.1,68.6,68.0,68.5,259863.73022554,17753347.493225
2026-06-23 16:00:00,68.5,68.5,68.0,68.3,1158114.74238071,78915206.46445882
2026-06-23 16:15:00,68.3,68.4,68.1,68.2,46097.8386674,3145715.39568089
2026-06-23 16:30:00,68.1,68.1,67.7,67.8,199028.12927614,13502641.88517314
2026-06-23 16:45:00,67.8,68.0,67.7,67.7,190074.1830718,12883505.80464151
2026-06-23 17:00:00,67.9,68.3,67.6,67.8,361926.36487175,24571273.26223868
2026-06-23 17:15:00,67.8,67.8,66.0,66.7,1305155.43081602,87385282.0527337
2026-06-23 17:30:00,66.6,67.5,66.6,67.4,232080.7146579,15621175.1652473
2026-06-23 17:45:00,67.3,67.7,67.1,67.7,306833.96652936,20656648.37415777
2026-06-23 18:00:00,67.6,67.6,67.2,67.5,94170.84155905,6341987.7227534
2026-06-23 18:15:00,67.5,67.7,67.3,67.7,141182.72397731,9535907.73216947
2026-06-23 18:30:00,67.7,67.8,67.3,67.6,166933.88968859,11270772.41797208
2026-06-23 18:45:00,67.4,67.6,67.2,67.2,214256.01293842,14411712.98144092
2026-06-23 19:00:00,67.3,67.6,67.2,67.4,447077.17588701,30110782.10503616
2026-06-23 19:15:00,67.2,67.2,67.0,67.1,273421.22505264,18344779.02444317
2026-06-23 19:30:00,67.1,67.2,66.7,66.7,233786.60103822,15666665.69439927
2026-06-23 19:45:00,66.8,67.0,66.7,66.9,101636.43912875,6797508.61213918
2026-06-23 20:00:00,67.0,67.0,66.9,67.0,93082.09872348,6227207.34489932
2026-06-23 20:15:00,67.0,67.3,66.9,67.1,197596.20069907,13263620.09122555
2026-06-23 20:30:00,67.2,67.4,67.1,67.3,204489.84646437,13768789.31353151
2026-06-23 20:45:00,67.4,67.4,67.2,67.3,93684.44807541,6302919.69239631
2026-06-23 21:00:00,67.2,67.4,67.2,67.4,26969.80410101,1813826.52422036
2026-06-23 21:15:00,67.2,67.3,66.6,66.9,824734.11043168,55012676.23971344
2026-06-23 21:30:00,66.6,66.9,66.4,66.4,249955.05093595,16620034.44763497
2026-06-23 21:45:00,66.4,66.6,66.2,66.3,420735.28384123,27930575.0981556
2026-06-23 22:00:00,66.4,66.4,66.1,66.4,365986.21500875,24253924.22079365
2026-06-23 22:15:00,66.2,66.4,66.0,66.2,234500.35284795,15523535.36185422
2026-06-23 22:30:00,66.0,67.1,66.0,67.0,977393.20056899,65132984.30854555
2026-06-23 22:45:00,67.1,67.9,67.1,67.1,189009.89867474,12734017.22304236
2026-06-23 23:00:00,67.3,67.3,67.1,67.2,61323.16685894,4120126.0427289
2026-06-23 23:15:00,67.4,67.6,67.1,67.1,61076.43563742,4110947.40953368
2026-06-23 23:30:00,67.1,67.9,67.1,67.4,271894.71458787,18365626.57149574
2026-06-23 23:45:00,67.4,67.6,67.0,67.0,108003.36888665,7256437.17128831
2026-06-24 00:00:00,66.9,67.0,66.8,67.0,208019.17647781,13897855.19097305
2026-06-24 00:15:00,67.0,67.0,66.7,66.9,86890.63418386,5800316.41499029
2026-06-24 00:30:00,66.8,67.3,66.8,67.0,200988.82304926,13468196.10930106
2026-06-24 00:45:00,66.9,66.9,66.7,66.8,35705.23295423,2387004.86282508
2026-06-24 01:00:00,66.8,68.0,66.8,67.7,473177.51426245,32043585.86931899
2026-06-24 01:15:00,67.7,67.8,67.5,67.5,57707.42554396,3902634.74356367
2026-06-24 01:30:00,67.5,67.8,67.5,67.7,97043.46640343,6569803.97551221
2026-06-24 01:45:00,67.6,67.6,67.5,67.5,53333.1302075,3600001.70289694
2026-06-24 02:00:00,67.4,67.4,67.1,67.3,114049.55535249,7668435.83240647
2026-06-24 02:15:00,67.3,67.6,67.3,67.5,64956.83622833,4371632.57816661
2026-06-24 02:30:00,67.6,67.8,67.5,67.8,33696.5234261,2282592.71566062
2026-06-24 02:45:00,67.1,67.3,67.1,67.2,3338.16384747,224618.22451696
2026-06-24 03:00:00,67.5,67.5,67.3,67.3,29987.3615046,2022416.52826565
2026-06-24 03:15:00,67.8,67.8,67.8,67.8,63.0058997,4271.79999966
2026-06-24 03:30:00,67.7,68.0,67.7,68.0,5958.76632739,404020.73469319
2026-06-24 03:45:00,68.0,68.0,68.0,68.0,10803.52383913,734639.62106084
2026-06-24 04:00:00,68.0,68.2,68.0,68.2,16386.0793845,1115797.57983024
2026-06-24 04:30:00,67.8,67.8,67.7,67.7,18861.24339384,1278630.07302487
2026-06-24 04:45:00,67.8,68.0,67.8,68.0,13265.90005688,901081.99754171
2026-06-24 05:45:00,68.0,68.1,68.0,68.1,33144.57562408,2257121.84817206
2026-06-24 06:00:00,68.2,68.2,68.2,68.2,23826.2399621,1624949.56541522
2026-06-24 06:15:00,68.1,68.1,68.0,68.1,171569.49760874,11676575.3007101
2026-06-24 06:30:00,68.3,68.4,68.3,68.4,13777.15794732,941109.08153619
2026-06-24 06:45:00,68.4,68.4,68.2,68.3,65624.28884865,4480012.86986397
2026-06-24 07:00:00,68.3,68.6,68.3,68.3,108447.82370259,7427426.10297018
2026-06-24 07:15:00,68.6,68.6,68.2,68.5,37092.22097584,2537259.75500867
2026-06-24 07:30:00,68.5,68.5,68.0,68.3,53464.43754302,3641401.61385391
2026-06-24 07:45:00,68.3,68.3,67.6,67.9,357479.58772914,24260773.89195521
2026-06-24 08:00:00,67.9,67.9,67.5,67.5,4829.89282335,326763.18149412
2026-06-24 08:15:00,67.7,67.8,67.7,67.8,23445.09145006,1587256.04028237
2026-06-24 08:30:00,67.8,67.9,67.7,67.7,49270.1837654,3336689.04130754
2026-06-24 08:45:00,67.7,67.9,67.7,67.9,23617.64545341,1600347.62239875
2026-06-24 09:00:00,67.8,68.5,67.8,68.5,36834.66125791,2519284.92945862
2026-06-24 09:15:00,68.5,68.5,68.2,68.4,157665.50347278,10774760.81800706
2026-06-24 09:30:00,68.2,68.7,68.2,68.7,172407.65865394,11783567.56057516
2026-06-24 09:45:00,68.6,69.0,68.6,68.8,265446.08058109,18282806.37405513
2026-06-24 10:00:00,68.8,69.0,68.3,68.4,721644.59668823,49428942.28091855
2026-06-24 10:15:00,68.3,68.3,67.8,68.3,509435.08816834,34658426.1264924
2026-06-24 10:30:00,68.4,68.5,67.9,68.1,176153.28064691,12016142.64039937
2026-06-24 10:45:00,68.0,68.3,68.0,68.3,410637.26786005,27965662.93662117
2026-06-24 11:00:00,68.1,68.2,67.9,68.1,313686.15220005,21345320.0514476
2026-06-24 11:15:00,68.0,68.0,67.8,67.8,223310.19557593,15151460.09119959
2026-06-24 11:30:00,67.9,68.0,67.8,67.9,94255.36045625,6397497.73768938
2026-06-24 11:45:00,68.2,68.8,68.2,68.6,17367.77058632,1192785.11706868
2026-06-24 12:00:00,68.3,68.5,68.1,68.1,15138.20241111,1033931.16016881
2026-06-24 12:15:00,68.3,68.3,68.0,68.3,12907.02272676,879074.6872868
2026-06-24 12:30:00,68.3,68.6,68.3,68.4,51496.0106543,3522585.00215065
2026-06-24 12:45:00,68.5,68.5,68.2,68.2,1097.0279253,74868.39939597
2026-06-24 13:00:00,67.9,68.0,67.5,67.5,148301.7714749,10056684.22884371
2026-06-24 13:15:00,67.7,67.7,66.9,67.1,430281.00391053,28901037.41320345
2026-06-24 13:30:00,67.1,67.4,66.9,67.4,156193.6793685,10480297.40505634
2026-06-24 13:45:00,67.4,67.6,67.4,67.6,38291.99902463,2587630.83520202
2026-06-24 14:00:00,67.8,67.9,67.6,67.9,34954.08278998,2366446.29246064
2026-06-24 14:15:00,67.9,68.1,67.9,68.1,7020.68797197,478085.28000404
2026-06-24 14:30:00,67.9,68.4,67.9,68.1,134344.02494274,9180718.89228516
2026-06-24 14:45:00,67.9,68.1,67.9,68.1,58812.94678473,4004685.47280006
2026-06-24 15:00:00,67.9,68.4,67.8,68.4,145289.07385005,9873226.22216266
2026-06-24 15:15:00,68.1,68.1,68.1,68.1,35281.72331646,2402685.35785093
2026-06-24 15:30:00,67.8,68.1,67.8,68.1,46250.57399181,3142213.10179198
2026-06-24 15:45:00,68.1,68.4,68.1,68.3,559141.21700803,38154256.91001952
2026-06-24 16:00:00,68.0,68.3,67.8,68.1,64469.04116235,4383807.12157539
2026-06-24 16:15:00,68.0,68.1,67.8,68.0,92281.80178193,6275599.91342793
2026-06-24 16:30:00,68.1,68.4,68.0,68.2,77822.6988993,5297753.41091225
2026-06-24 16:45:00,68.0,68.2,67.9,68.1,109724.25404961,7460820.86573577
2026-06-24 17:00:00,67.9,68.2,67.9,68.2,7668.3614795,521206.44044319
2026-06-24 17:15:00,68.0,68.2,68.0,68.2,30456.69310367,2071094.26378203
2026-06-24 17:30:00,68.1,68.2,67.9,68.1,22808.98443633,1554066.13238872
2026-06-24 17:45:00,68.1,68.4,68.0,68.4,20484.04246375,1395191.88216716
2026-06-24 18:00:00,68.4,68.8,68.4,68.6,39202.01470985,2681952.90100361
2026-06-24 18:15:00,68.5,68.5,68.4,68.4,571.84963502,39121.81430544
2026-06-24 18:30:00,68.1,68.4,68.1,68.4,7273.72754888,495365.01820319
2026-06-24 18:45:00,68.4,68.4,68.4,68.4,43169.97257453,2952826.12409785
2026-06-24 19:00:00,68.4,69.1,68.4,69.0,374530.82499425,25803963.74838579
2026-06-24 19:15:00,68.8,68.9,68.8,68.9,12739.60204981,876716.64942492
2026-06-24 19:30:00,68.8,68.8,68.6,68.6,64869.24170238,4461475.56031908
2026-06-24 19:45:00,68.5,68.5,68.2,68.2,231473.79953975,15826190.39253592
2026-06-24 20:00:00,68.2,68.2,67.7,67.7,144445.72915983,9815137.93028127
2026-06-24 20:15:00,67.7,67.9,67.7,67.7,93112.19466624,6304389.90142922
2026-06-24 20:30:00,67.8,68.1,67.8,68.0,28644.77010844,1942855.14108652
2026-06-24 20:45:00,68.0,68.8,68.0,68.7,116653.14067062,8005443.54311356
2026-06-24 21:00:00,68.7,68.8,68.6,68.7,72540.45376558,4981872.31382999
2026-06-24 21:15:00,68.6,68.6,68.4,68.4,75803.53604011,5191662.46490657
2026-06-24 21:30:00,68.6,68.6,68.5,68.6,223.18865315,15303.00000025
2026-06-24 21:45:00,68.3,68.3,67.6,67.6,479880.41036043,32610724.8200367
2026-06-24 22:00:00,67.6,67.6,67.2,67.2,187965.55912644,12664396.06639496
2026-06-24 22:15:00,67.1,67.3,66.2,66.4,475302.83215369,31635893.14031051
2026-06-24 22:30:00,66.4,67.0,66.0,66.2,161949.72116273,10733845.16108577
2026-06-24 22:45:00,66.0,66.3,66.0,66.3,108520.02647608,7176427.02205474
2026-06-24 23:00:00,66.1,66.5,65.9,66.5,683265.20258093,45098663.05595215
2026-06-24 23:15:00,66.3,66.8,66.0,66.8,26643.95971406,1766715.58689487
2026-06-24 23:30:00,66.9,67.0,66.9,67.0,15060.63010246,1008517.57397749
2026-06-24 23:45:00,66.8,67.0,66.7,67.0,91591.09115356,6118311.09545152
2026-06-25 00:00:00,67.0,67.0,66.5,66.7,118093.02520431,7906978.66188244
2026-06-25 00:15:00,66.6,66.9,66.6,66.9,45648.0,3050556.46706543
2026-06-25 00:30:00,66.6,66.6,65.6,65.9,339836.1583171,22489977.38612552
2026-06-25 00:45:00,65.7,66.2,65.6,65.8,242678.20180637,15958846.02700498
2026-06-25 01:00:00,65.8,66.3,65.8,66.3,255585.46573395,16870612.17244028
2026-06-25 01:15:00,66.1,66.4,65.8,66.4,3777.84103012,248776.99743028
2026-06-25 01:30:00,65.9,65.9,65.5,65.6,137438.71687603,9020553.01896274
2026-06-25 01:45:00,65.8,65.8,63.8,64.5,671359.0534242,43540689.89180352
2026-06-25 02:00:00,64.5,64.9,64.3,64.5,83701.72197454,5406473.35812374
2026-06-25 02:15:00,64.3,64.6,63.1,63.8,565321.87517031,35896178.10171112
2026-06-25 02:30:00,63.8,64.0,63.5,63.9,78179.810643,4977387.06394479
2026-06-25 02:45:00,63.6,64.0,63.3,63.9,53758.74868338,3419018.46870702
2026-06-25 03:00:00,64.0,64.4,64.0,64.4,12457.483438,801066.40819329
2026-06-25 03:15:00,64.7,65.2,64.5,65.2,74644.95817935,4848909.22918424
2026-06-25 03:30:00,65.0,65.0,64.9,64.9,120943.66238751,7850969.80205054
2026-06-25 03:45:00,64.9,65.0,64.6,65.0,39221.08096555,2538837.52575521
2026-06-25 04:00:00,64.9,65.0,64.6,64.6,31830.5160424,2061287.37982958
2026-06-25 04:15:00,64.8,64.8,64.5,64.8,342.69983009,22159.92435786
2026-06-25 04:30:00,65.2,65.2,65.2,65.2,76.76380369,5005.00000059
2026-06-25 04:45:00,64.7,65.1,64.7,64.9,84298.01508209,5463160.95528924
2026-06-25 05:00:00,65.6,66.0,65.6,65.9,38741.50404928,2552605.02815576
2026-06-25 05:15:00,65.8,65.9,65.8,65.9,19526.86026077,1284874.99999933
2026-06-25 05:30:00,66.0,66.0,65.9,65.9,7210.79440505,475432.65152238
2026-06-25 05:45:00,65.9,66.2,65.9,66.2,39544.22650944,2608841.40548985
2026-06-25 06:00:00,65.9,66.0,65.7,65.8,210475.03689907,13837169.34194438
2026-06-25 06:15:00,65.8,65.9,65.8,65.9,15273.51679573,1005004.9999997
2026-06-25 06:30:00,65.9,66.3,65.7,66.3,5002.19231093,329299.32014002
2026-06-25 06:45:00,66.3,66.3,66.2,66.3,10329.41176469,684387.51131117
2026-06-25 07:00:00,66.6,66.7,66.6,66.7,45258.82689286,3014245.3748126
2026-06-25 07:15:00,66.2,66.2,66.1,66.1,177504.22892484,11734423.63193192
2026-06-25 07:30:00,66.3,66.3,66.1,66.1,33815.75267674,2238806.32701508
2026-06-25 07:45:00,66.0,66.1,65.8,65.8,113069.98422655,7440282.72139656
2026-06-25 08:00:00,65.8,66.1,65.8,66.0,52389.77632783,3454642.59088593
2026-06-25 08:15:00,66.0,66.1,65.8,66.0,31129.18101886,2054517.29541621
2026-06-25 08:30:00,66.0,66.0,66.0,66.0,150.0,9900.0
2026-06-25 08:45:00,66.0,66.1,66.0,66.1,17988.00017274,1188160.10353936
2026-06-25 09:00:00,66.1,66.4,66.0,66.4,305312.38110395,20201328.87909915
2026-06-25 09:15:00,66.2,66.2,66.0,66.2,134434.69804843,8887112.62128385
2026-06-25 09:30:00,65.9,65.9,65.7,65.7,277654.62600308,18251602.66659409
2026-06-25 09:45:00,65.9,65.9,65.6,65.6,114635.40857594,7529283.96273101
2026-06-25 10:00:00,65.8,65.8,65.6,65.8,149732.14231327,9852223.16801751
2026-06-25 10:15:00,65.8,65.9,65.8,65.9,285912.10373942,18813107.25643879
2026-06-25 10:30:00,65.9,66.1,65.9,66.1,63643.8707037,4200392.11045458
2026-06-25 10:45:00,65.9,66.2,65.9,66.0,55500.34738736,3663618.87775513
2026-06-25 11:00:00,66.0,66.1,65.9,66.1,23330.99851534,1541539.17246944
2026-06-25 11:15:00,66.0,66.1,65.9,66.0,20176.28515864,1330270.47815412
2026-06-25 11:30:00,66.0,66.1,65.6,65.6,295677.26310547,19419210.44396662
2026-06-25 11:45:00,65.6,65.6,65.0,65.2,1373127.5217378,89522294.22060986
2026-06-25 12:00:00,65.2,65.3,65.0,65.0,243604.3158844,15862123.22223693
2026-06-25 12:15:00,65.0,65.6,65.0,65.2,310782.77999848,20227502.01806076
2026-06-25 12:30:00,65.2,65.3,65.1,65.1,37263.33750312,2428952.87347159
2026-06-25 12:45:00,65.1,65.4,65.1,65.4,4026.70686779,262409.28183645
2026-06-25 13:00:00,65.4,65.4,65.3,65.3,18982.07238959,1240338.47096215
2026-06-25 13:15:00,65.3,65.5,65.2,65.5,50659.99711045,3307977.90349108
2026-06-25 13:30:00,65.5,65.8,65.5,65.7,118324.9152009,7756455.24395923
2026-06-25 13:45:00,65.6,66.2,65.6,66.2,206299.07510503,13593038.99248681
2026-06-25 14:00:00,66.1,66.6,66.1,66.3,172107.66603312,11414386.34067627
2026-06-25 14:15:00,66.3,66.5,66.1,66.5,18776.63988331,1244882.67506757
2026-06-25 14:30:00,66.4,66.5,66.2,66.2,50062.57948327,3319172.93415865
2026-06-25 14:45:00,66.2,66.5,66.2,66.5,165.86310132,11004.96723476
2026-06-25 15:00:00,66.2,66.3,66.2,66.2,31638.49569863,2096837.00126243
2026-06-25 15:15:00,66.3,66.3,66.2,66.2,86946.71946037,5758065.67162316
2026-06-25 15:30:00,66.2,66.3,65.8,66.2,204684.31101976,13505277.4152464
2026-06-25 15:45:00,66.0,66.2,66.0,66.2,108173.56651191,7140278.31573018
2026-06-25 16:00:00,66.2,66.2,65.7,66.1,75633.46559695,4991497.08628378
2026-06-25 16:15:00,66.2,66.3,65.9,66.3,199277.49786552,13188850.61004216
2026-06-25 16:30:00,66.2,66.4,66.2,66.2,117079.05282809,7755645.08232431
2026-06-25 16:45:00,66.4,66.4,66.3,66.3,164434.49441346,10917074.75220276
2026-06-25 17:00:00,66.3,67.0,66.3,66.7,545859.77279078,36480301.4838987
2026-06-25 17:15:00,67.0,68.0,66.9,68.0,955075.15298509,64511629.44550409
2026-06-25 17:30:00,67.8,68.3,67.4,68.3,848192.54522507,57536575.67485125
2026-06-25 17:45:00,68.2,68.2,67.3,67.5,384919.55421962,26028468.05519731
2026-06-25 18:00:00,67.3,67.6,67.0,67.5,395933.38359846,26690888.61030433
2026-06-25 18:15:00,67.3,67.5,67.2,67.2,57132.37766718,3844608.72721953
2026-06-25 18:30:00,67.2,67.6,67.2,67.6,120888.21980186,8146446.31081997
2026-06-25 18:45:00,67.5,68.4,67.5,68.3,986683.84996527,67141387.90290663
2026-06-25 19:00:00,68.2,69.5,67.8,69.2,2676812.72732186,184364109.43995506
2026-06-25 19:15:00,69.0,69.9,67.6,68.7,3421442.95021726,235563793.67471918
2026-06-25 19:30:00,68.8,69.8,68.5,69.1,2032983.44871795,140396127.34961313
2026-06-25 19:45:00,69.0,70.0,68.4,69.0,1849077.7689116,127627680.16377155
2026-06-25 20:00:00,68.9,69.7,68.6,68.9,1376556.42680653,95095066.3481421
2026-06-25 20:15:00,69.0,69.0,68.0,68.7,1262480.0754353,86375441.36754511
2026-06-25 20:30:00,68.8,69.2,68.6,69.2,689382.14729362,47530439.56792281
2026-06-25 20:45:00,69.3,69.9,69.0,69.6,1947178.81665087,135438336.28361273
2026-06-25 21:00:00,69.7,69.8,68.4,68.9,2758643.03180467,191150435.65406626
2026-06-25 21:15:00,68.9,68.9,66.8,66.9,1772157.18992286,119862106.94544081
2026-06-25 21:30:00,66.8,67.7,66.6,67.1,1110012.97779375,74389968.76343627
2026-06-25 21:45:00,67.1,67.4,67.0,67.2,307193.802429,20627440.8170978
2026-06-25 22:00:00,67.3,67.4,66.9,67.1,393371.52321903,26422947.66963014
2026-06-25 22:15:00,67.1,67.9,66.9,67.6,362461.11361928,24457777.69234776
2026-06-25 22:30:00,67.7,67.7,65.3,65.6,886679.99603831,58985800.66165651
2026-06-25 22:45:00,65.6,65.9,62.1,62.3,2777407.26008623,177079545.76850486
2026-06-25 23:00:00,62.3,64.1,62.3,63.7,1279084.08849287,81019426.5412314
2026-06-25 23:15:00,63.8,64.3,63.3,63.9,363770.1781363,23222582.5215447
2026-06-25 23:30:00,63.8,65.1,63.6,64.2,640480.71040741,41142692.34650272
2026-06-25 23:45:00,64.2,64.8,64.0,64.3,194037.05386699,12475902.08590265
2026-06-26 00:00:00,64.2,64.2,63.6,63.8,204937.83624688,13117832.35968672
2026-06-26 00:15:00,63.8,64.4,63.4,64.4,279613.02389242,17899050.04656726
2026-06-26 00:30:00,64.3,64.4,64.1,64.2,82977.60936445,5327791.96528716
2026-06-26 00:45:00,64.2,64.6,64.2,64.6,128221.63036848,8256842.7779592
2026-06-26 01:00:00,64.6,65.4,64.6,65.2,142798.41001034,9284490.96960162
2026-06-26 01:15:00,65.0,65.1,64.9,64.9,17952.32840599,1165437.2716894
2026-06-26 01:30:00,64.8,64.8,64.0,64.0,308475.38551274,19842726.54670901
2026-06-26 01:45:00,64.1,64.4,63.9,64.0,93917.12688025,6020610.75772099
2026-06-26 02:00:00,64.1,64.5,63.8,64.4,117776.18919668,7552095.13291147
2026-06-26 02:15:00,64.3,64.8,64.3,64.7,49633.42650862,3209643.39039321
2026-06-26 02:30:00,64.8,65.0,64.5,64.7,3100.26633843,200748.72697825
2026-06-26 02:45:00,64.6,64.9,64.6,64.9,15855.14077218,1027052.34781447
2026-06-26 03:00:00,65.0,65.1,64.4,64.6,344098.78386642,22346205.56235061
2026-06-26 03:15:00,64.4,65.1,64.4,65.0,2724.14186945,176608.14278487
2026-06-26 03:30:00,64.8,64.8,64.0,64.3,6060.76528252,391148.06245273
2026-06-26 04:00:00,64.0,64.0,63.7,63.7,83375.285145,5330536.1777542
2026-06-26 04:15:00,63.7,63.9,63.6,63.7,46394.40270274,2953032.76721866
2026-06-26 04:30:00,63.7,63.9,63.7,63.9,1783.77862322,113883.43727376
2026-06-26 04:45:00,63.9,64.1,63.9,64.1,5901.48458056,377120.86469778
2026-06-26 05:00:00,64.2,64.5,64.0,64.4,59749.82102188,3836400.37646666
2026-06-26 05:15:00,64.3,64.6,64.2,64.5,3089.18214016,198901.87779058
2026-06-26 05:30:00,64.5,64.6,64.2,64.3,102402.33368244,6598200.24027539
2026-06-26 05:45:00,64.2,64.4,64.0,64.2,9099.64774014,584035.04667853
2026-06-26 06:00:00,64.0,64.3,63.8,64.2,153152.20417306,9796305.72837854
2026-06-26 06:15:00,64.2,64.6,64.2,64.5,63527.53124001,4090565.01914479
2026-06-26 06:30:00,64.5,64.9,64.3,64.9,27828.04309175,1800092.99679531
2026-06-26 06:45:00,64.8,64.9,64.7,64.9,63543.88936541,4116066.08883215
2026-06-26 07:00:00,64.8,64.9,64.5,64.6,24633.82967974,1594024.69922125
2026-06-26 07:15:00,64.5,64.7,64.5,64.5,2279.62436043,147231.20159713
2026-06-26 07:30:00,64.6,64.9,64.5,64.9,154098.43642881,9961295.4125995
2026-06-26 07:45:00,64.9,65.0,64.7,64.7,200865.58089169,13033191.29606778
2026-06-26 08:00:00,64.9,64.9,64.6,64.6,6904.00548449,446928.20132517
2026-06-26 08:15:00,64.7,64.9,64.7,64.8,111899.96517069,7254977.66121933
2026-06-26 08:30:00,64.9,65.1,64.9,65.0,383184.0233801,24890324.64640885
2026-06-26 08:45:00,64.9,65.0,64.7,65.0,47102.95655798,3054673.58820545
2026-06-26 09:00:00,65.0,65.2,64.9,65.2,149275.85911156,9717405.53801124
2026-06-26 09:15:00,65.2,65.3,64.8,64.9,416522.42297097,27102178.64962327
2026-06-26 09:30:00,64.7,64.9,64.4,64.6,452526.84624001,29223100.17838008
2026-06-26 09:45:00,64.6,64.7,64.5,64.6,89875.58020359,5798771.28914115
2026-06-26 10:00:00,64.5,64.6,64.1,64.4,384057.4506873,24688838.7034943
2026-06-26 10:15:00,64.4,64.5,64.3,64.3,282585.61742551,18207826.52280337
2026-06-26 10:30:00,64.1,64.3,64.1,64.3,25608.97494058,1643669.04478448
2026-06-26 10:45:00,64.1,64.5,64.1,64.5,165628.16261593,10647453.52815121
2026-06-26 11:00:00,64.5,64.7,62.9,62.9,453603.02880586,29024168.58305374
2026-06-26 11:15:00,62.9,63.5,62.5,63.2,777692.17994175,48947322.15886392
2026-06-26 11:30:00,63.4,63.4,62.6,62.7,454062.59836733,28524163.30586546
2026-06-26 11:45:00,62.9,62.9,62.3,62.7,280026.96849006,17496511.62157716
2026-06-26 12:00:00,62.7,63.4,62.3,63.4,613382.18766724,38455789.60266562
2026-06-26 12:15:00,63.1,64.3,63.1,64.3,860686.51918038,54708688.4750139
2026-06-26 12:30:00,64.1,64.5,63.8,64.5,58917.07967727,3772925.55372189
2026-06-26 12:45:00,64.5,64.9,64.5,64.9,111256.18309726,7196288.59169036
2026-06-26 13:00:00,64.7,64.8,64.5,64.7,192980.18589621,12461034.08111806
2026-06-26 13:15:00,64.7,65.0,64.5,64.7,187312.97584824,12122156.42194045
2026-06-26 13:30:00,64.7,64.7,64.5,64.6,51802.68194436,3346835.47772239
2026-06-26 13:45:00,64.6,64.7,64.5,64.6,298762.60874541,19307397.16377857
2026-06-26 14:00:00,64.5,64.7,64.5,64.7,55417.01216547,3574435.0246109
2026-06-26 14:15:00,64.6,64.8,64.4,64.5,28120.82063824,1814491.82604299
2026-06-26 14:30:00,64.6,64.7,64.5,64.5,116075.75910911,7506930.36857408
2026-06-26 14:45:00,64.5,64.7,64.4,64.6,60758.67628382,3918942.06440577
2026-06-26 15:00:00,64.6,64.6,64.2,64.5,23825.68205512,1536261.05239828
2026-06-26 15:15:00,64.5,64.8,64.5,64.6,28908.26785235,1870002.55332828
2026-06-26 15:30:00,64.8,64.9,64.7,64.8,594822.16490276,38527673.11962399
2026-06-26 15:45:00,64.9,65.3,64.9,65.3,124472.17458165,8087880.5072139
2026-06-26 16:00:00,65.1,65.5,65.0,65.5,324371.76384783,21178734.34762299
2026-06-26 16:15:00,65.5,65.7,65.5,65.5,44244.01338705,2902342.3942618
2026-06-26 16:30:00,65.6,65.9,65.5,65.8,153006.98914978,10056385.69545432
2026-06-26 16:45:00,65.7,65.7,65.2,65.4,133256.21948171,8704634.20171865
2026-06-26 17:00:00,65.5,65.6,65.5,65.5,354324.90527354,23208388.90576695
2026-06-26 17:15:00,65.6,65.6,65.0,65.0,284368.03415694,18582993.3043339
2026-06-26 17:30:00,65.0,65.2,64.9,64.9,138246.94720295,8972889.10300754
2026-06-26 17:45:00,64.9,65.0,64.8,64.9,154830.56798111,10048496.19372143
2026-06-26 18:00:00,65.0,65.0,64.9,65.0,27443.48287422,1781996.10799061
2026-06-26 18:15:00,65.2,65.4,65.2,65.2,77368.16701199,5044427.43666947
2026-06-26 18:30:00,65.2,65.4,65.1,65.1,57134.85005514,3722289.92037069
2026-06-26 18:45:00,65.3,65.3,64.8,64.9,202987.7916673,13215842.29311154
2026-06-26 19:00:00,64.7,64.7,64.5,64.6,216296.61485252,13955010.95382831
2026-06-26 19:15:00,64.4,64.8,64.4,64.6,263229.60381776,16964855.84290569
2026-06-26 19:30:00,64.6,64.6,63.9,64.3,170321.72876066,10916714.24197124
2026-06-26 19:45:00,64.0,64.2,63.6,63.9,561613.10257195,35836978.49738779
2026-06-26 20:00:00,63.9,64.2,63.8,64.0,352611.75679737,22613860.05728157
2026-06-26 20:15:00,64.1,64.3,63.9,64.1,5597.74369366,358078.97076361
2026-06-26 20:30:00,64.1,64.3,63.9,64.3,111334.55633456,7132967.06231848
2026-06-26 20:45:00,64.2,64.4,63.9,64.1,34619.25553602,2221524.88760999
2026-06-26 21:00:00,64.0,64.2,64.0,64.0,19718.60309119,1262021.81930891
2026-06-26 21:15:00,64.0,64.2,64.0,64.2,303985.27258578,19455812.51978141
2026-06-26 21:30:00,64.2,64.6,63.5,63.7,352653.14358479,22665102.6361565
2026-06-26 21:45:00,63.6,64.2,63.6,64.1,15879.50852733,1011569.29922358
2026-06-26 22:00:00,63.8,64.0,63.6,64.0,5392.96322064,344229.90822335
2026-06-26 22:15:00,63.8,63.8,63.3,63.6,91475.06436855,5810977.61757603
2026-06-26 22:30:00,63.6,64.2,63.5,64.2,176515.71042722,11251423.94445664
2026-06-26 22:45:00,64.3,65.2,64.3,65.2,22594.93582365,1458895.01620819
2026-06-26 23:00:00,65.2,65.2,64.8,64.9,116377.31342632,7566852.54622579
2026-06-26 23:15:00,64.8,65.5,64.8,65.4,492712.17133423,32014000.94250427
2026-06-26 23:30:00,65.4,65.4,64.9,65.1,191264.42077519,12461531.98183983
2026-06-26 23:45:00,65.0,65.2,64.5,64.8,239298.81935578,15516681.24247378
2026-06-27 00:00:00,65.0,65.2,65.0,65.1,56176.91029185,3655284.71999944
2026-06-27 00:15:00,65.1,65.6,65.1,65.6,23453.53482487,1532370.72945574
2026-06-27 00:30:00,65.5,65.8,65.5,65.8,61537.30327077,4042403.85448208
2026-06-27 00:45:00,65.7,65.8,65.0,65.4,179628.43859121,11774621.84732425
2026-06-27 01:00:00,65.4,65.8,65.4,65.7,180812.37400993,11856664.06812281
2026-06-27 01:15:00,65.8,65.9,65.1,65.6,132806.00586961,8694047.27041402
2026-06-27 01:30:00,65.8,66.1,65.6,65.7,69147.60380177,4557951.47281314
2026-06-27 01:45:00,65.7,65.9,65.5,65.6,19671.43912971,1292195.80070564
2026-06-27 02:00:00,65.7,65.9,65.5,65.7,272529.00125779,17900868.96910207
2026-06-27 02:15:00,65.7,65.7,65.7,65.7,27032.12694269,1776010.74013473
2026-06-27 02:30:00,65.7,65.9,65.7,65.7,79484.92240045,5222183.1045774
2026-06-27 02:45:00,65.6,65.7,65.6,65.7,2722.12405914,178601.77967989
2026-06-27 03:00:00,65.8,65.9,65.7,65.9,14817.98243902,975698.87952091
2026-06-27 03:15:00,65.7,65.7,65.2,65.2,344402.59581544,22558955.09695462
2026-06-27 03:30:00,65.2,65.2,65.1,65.2,17377.16562729,1132468.48182614
2026-06-27 03:45:00,65.2,65.2,65.1,65.1,6669.12932147,434495.9488277
2026-06-27 04:00:00,65.1,65.5,65.1,65.5,49269.0,3213137.5
2026-06-27 04:15:00,65.4,65.4,65.4,65.4,300.0,19620.0
2026-06-27 04:30:00,65.2,65.2,65.2,65.2,4123.36024443,268843.08793684
2026-06-27 04:45:00,65.2,65.2,64.8,64.8,44710.56064064,2904251.54043651
2026-06-27 05:00:00,64.8,65.3,64.8,65.2,229193.72336486,14934945.79325913
2026-06-27 05:15:00,65.2,65.2,65.2,65.2,3908.16861507,254812.59370256
2026-06-27 05:30:00,65.0,65.0,64.8,64.9,26539.35063098,1723287.08805827
2026-06-27 05:45:00,64.9,64.9,64.8,64.8,16278.45611954,1056452.00215815
2026-06-27 06:00:00,64.8,64.8,64.7,64.7,2075.36265432,134465.49999994
2026-06-27 06:15:00,64.8,64.8,64.7,64.7,11364.82126329,735311.6595003
2026-06-27 06:30:00,64.9,65.6,64.8,65.6,309205.47928297,20140352.95568773
2026-06-27 06:45:00,65.2,65.2,65.0,65.0,138484.10153972,9024756.19835874
2026-06-27 07:00:00,65.2,65.2,65.0,65.0,4719.31110631,306770.57467089
2026-06-27 07:15:00,65.2,65.2,65.1,65.1,62023.34849816,4037765.99950016
2026-06-27 07:30:00,65.0,65.0,65.0,65.0,102314.01301558,6650410.8460127
2026-06-27 07:45:00,65.1,65.1,65.0,65.0,22268.66858109,1448094.05722151
2026-06-27 08:00:00,65.3,65.4,65.2,65.3,60503.48082872,3952509.06274697
2026-06-27 08:15:00,65.3,65.4,65.3,65.3,101671.10920138,6641586.66520618
2026-06-27 08:30:00,65.4,65.6,65.3,65.6,141483.4799693,9252598.13158131
2026-06-27 08:45:00,65.6,65.6,65.6,65.6,3199.69588376,209900.04997466
2026-06-27 09:00:00,65.6,65.9,65.4,65.7,496818.92539965,32552771.76850894
2026-06-27 09:15:00,65.4,66.2,65.3,66.1,251851.03106846,16586474.41235677
2026-06-27 09:30:00,66.2,66.8,66.0,66.8,965668.72419423,64050934.38017158
2026-06-27 09:45:00,66.8,67.7,66.8,67.1,1216446.01058467,81939165.79420549
2026-06-27 10:00:00,67.3,70.2,66.8,69.3,5218849.12433724,359373712.0047483
2026-06-27 10:15:00,69.3,74.0,68.7,69.9,15734385.23547944,1118573082.604586
2026-06-27 10:30:00,69.7,70.4,68.6,69.0,5267857.56148399,365190537.65552086
2026-06-27 10:45:00,69.0,69.6,68.6,69.2,2044726.58862292,141128427.13584387
2026-06-27 11:00:00,69.1,70.7,69.0,69.1,3099284.84219159,216551317.42861256
2026-06-27 11:15:00,69.1,70.8,69.0,70.1,2933796.73318943,205067231.34972042
2026-06-27 11:30:00,70.1,73.0,69.5,70.0,5988882.48990961,425127286.4629169
2026-06-27 11:45:00,70.0,70.2,67.7,68.1,2886763.8594226,198604335.63614777
2026-06-27 12:00:00,68.0,68.4,67.7,68.1,859837.87209375,58468304.73834894
2026-06-27 12:15:00,68.3,68.6,67.9,68.2,535241.70237668,36430864.21850079
2026-06-27 12:30:00,68.2,68.2,67.8,67.8,1039789.02525695,70684514.11574098
2026-06-27 12:45:00,68.0,68.1,67.5,68.0,510382.74864594,34574173.88993861
2026-06-27 13:00:00,68.0,68.4,67.3,67.4,844568.71513494,57290468.33079463
2026-06-27 13:15:00,67.4,68.0,67.2,67.7,810268.0074497,54690580.16541793
2026-06-27 13:30:00,67.7,67.9,67.3,67.4,380396.29642215,25676840.42557775
2026-06-27 13:45:00,67.4,68.2,67.3,67.9,146099.83288379,9866226.1249594
2026-06-27 14:00:00,68.0,68.1,67.7,68.1,22006.73035024,1492455.4267615
2026-06-27 14:15:00,68.0,68.1,67.5,67.6,431153.13634142,29196683.44851275
2026-06-27 14:30:00,67.6,67.9,67.4,67.9,535276.97445759,36184078.11611122
2026-06-27 14:45:00,68.0,68.0,67.7,67.7,803785.40638639,54565915.43489195
2026-06-27 15:00:00,67.7,67.7,67.3,67.6,518316.93439259,34976365.3688274
2026-06-27 15:15:00,67.5,67.7,67.4,67.6,652765.98331038,44082114.34310455
2026-06-27 15:30:00,67.5,67.7,67.4,67.6,309030.44214902,20844186.51876079
2026-06-27 15:45:00,67.6,67.6,67.3,67.5,329200.4360024,22196843.0847511
2026-06-27 16:00:00,67.4,67.6,67.3,67.4,459044.434965,30958300.56511157
2026-06-27 16:15:00,67.3,67.6,67.3,67.5,234307.86039538,15805870.57208098
2026-06-27 16:30:00,67.5,68.1,67.5,67.9,788809.54360106,53420720.04754186
2026-06-27 16:45:00,67.9,68.5,67.1,67.3,1294425.52024122,87714563.3915698
2026-06-27 17:00:00,67.3,67.4,66.6,66.7,893766.1551422,59718307.30486151
2026-06-27 17:15:00,66.6,66.9,66.5,66.6,517785.65368048,34490856.01323021
2026-06-27 17:30:00,66.6,66.8,66.5,66.7,664333.2674225,44261489.8300457
2026-06-27 17:45:00,66.7,67.1,66.5,66.9,325857.56175507,21777614.22969531
2026-06-27 18:00:00,66.8,66.9,66.6,66.8,132246.72016163,8817892.77803919
2026-06-27 18:15:00,66.6,66.8,66.5,66.7,144981.90434564,9649627.28138151
2026-06-27 18:30:00,66.6,66.7,66.5,66.5,190423.38523918,12678360.76102269
2026-06-27 18:45:00,66.5,66.7,66.5,66.6,262266.06033048,17442540.66856103
2026-06-27 19:00:00,66.5,66.6,66.3,66.4,639164.74725944,42451003.30249743
2026-06-27 19:15:00,66.4,66.8,66.4,66.8,687427.13670892,45776006.15185179
2026-06-27 19:30:00,66.7,66.9,66.6,66.8,188279.07719152,12564441.37213617
2026-06-27 19:45:00,66.7,66.8,66.6,66.8,43808.09877647,2920295.01587579
2026-06-27 20:00:00,66.7,66.9,66.6,66.8,36702.19602703,2448456.43037386
2026-06-27 20:15:00,66.6,66.7,66.3,66.6,440888.50902668,29261952.80760256
2026-06-27 20:30:00,66.4,66.5,66.3,66.3,205780.60052466,13648153.88166122
2026-06-27 20:45:00,66.4,66.4,66.0,66.4,294172.32876562,19452475.43269014
2026-06-27 21:00:00,66.5,66.5,66.1,66.1,91638.80867579,6065808.24119194
2026-06-27 21:15:00,66.4,67.0,66.2,66.9,744944.80639253,49697716.60994957
2026-06-27 21:30:00,67.0,67.0,66.7,66.7,59737.24213224,3992838.7189504
2026-06-27 21:45:00,66.7,66.8,66.5,66.6,126422.1830032,8432559.02037911
2026-06-27 22:00:00,66.8,66.8,66.6,66.6,395.73120263,26386.20529665
2026-06-27 22:15:00,66.6,67.1,66.6,66.9,435006.752438,29042734.40745844
2026-06-27 22:30:00,66.8,67.2,66.8,66.9,200618.08387681,13454456.6900114
2026-06-27 22:45:00,67.1,67.4,66.9,67.1,61455.76454599,4123884.32954263
2026-06-27 23:00:00,66.9,67.5,66.9,67.4,330555.91404364,22240240.02196848
2026-06-27 23:15:00,67.4,67.9,67.4,67.9,41176.49392816,2783397.81091525
2026-06-27 23:30:00,67.9,68.2,67.7,68.1,110386.45053906,7497675.18920351
2026-06-27 23:45:00,68.1,68.1,67.8,68.0,248080.23456762,16842942.02383452
2026-06-28 00:00:00,67.8,68.0,67.7,68.0,133901.99450972,9085035.78459053
2026-06-28 00:15:00,68.1,68.1,68.0,68.1,100272.11032294,6824171.15849443
2026-06-28 00:30:00,68.1,68.2,68.0,68.1,116310.28746668,7911710.9391037
2026-06-28 00:45:00,68.1,68.1,68.1,68.1,697.88894099,47526.23688142
2026-06-28 01:00:00,68.0,68.0,67.8,68.0,122264.17656021,8305546.83510636
2026-06-28 01:15:00,67.8,68.0,67.8,68.0,15759.09370118,1068934.35294
2026-06-28 01:30:00,68.0,68.4,68.0,68.3,203900.21531926,13913156.60135689
2026-06-28 01:45:00,68.2,68.2,68.0,68.0,36628.13622275,2492505.85851735
2026-06-28 02:00:00,67.8,67.8,67.6,67.6,4380.34849094,296650.62768573
2026-06-28 02:15:00,67.6,67.6,67.6,67.6,9379.82682678,634076.29349033
2026-06-28 02:30:00,67.6,67.6,67.4,67.4,195144.75719849,13191755.58661792
2026-06-28 02:45:00,67.5,68.0,67.5,68.0,162935.14478108,11076312.46757584
2026-06-28 03:00:00,67.8,67.8,67.7,67.7,163235.14478108,11051049.30167912
2026-06-28 03:15:00,67.6,67.6,67.6,67.6,48020.47246386,3246183.93855694
2026-06-28 03:30:00,67.6,67.8,67.6,67.7,97725.69840114,6610566.65144509
2026-06-28 04:00:00,67.8,67.9,67.8,67.9,107493.45696571,7290706.01474903
2026-06-28 04:15:00,67.5,67.5,66.6,66.8,88865.41900094,5971538.63171533
2026-06-28 04:30:00,66.8,66.8,66.4,66.4,139563.74905835,9282800.83112931
2026-06-28 04:45:00,66.8,66.8,66.8,66.8,46739.88693712,3122224.44739962
2026-06-28 05:00:00,66.9,67.0,66.9,67.0,3980.60860381,266627.42316186
2026-06-28 05:15:00,67.0,67.1,67.0,67.1,29207.01804127,1957873.62066942
2026-06-28 05:30:00,67.2,67.2,66.9,67.0,19571.99376197,1311145.07084118
2026-06-28 05:45:00,67.0,67.1,67.0,67.1,5871.08157197,393435.75716019
2026-06-28 06:00:00,67.3,67.3,67.3,67.3,1938.89335961,130487.52310175
2026-06-28 06:15:00,67.3,67.3,67.2,67.2,1597.03723126,107357.92415109
2026-06-28 06:30:00,67.4,67.4,67.1,67.1,19367.29101087,1300109.99999794
2026-06-28 06:45:00,67.1,67.1,66.9,67.1,165259.645523,11075794.8525496
2026-06-28 07:00:00,67.1,67.6,67.1,67.6,81659.90926907,5483696.25880283
2026-06-28 07:15:00,67.4,67.4,66.9,67.2,46351.04879974,3111317.58789059
2026-06-28 07:30:00,67.2,67.3,67.0,67.0,14764.88775716,990822.02448115
2026-06-28 07:45:00,67.2,67.4,67.1,67.4,189838.32877913,12748112.60327141
2026-06-28 08:00:00,67.2,67.5,67.1,67.3,120912.6185071,8123372.48954244
2026-06-28 08:15:00,67.0,67.1,66.8,67.0,137547.13167163,9223930.22684105
2026-06-28 08:30:00,67.1,67.5,67.1,67.5,34561.8784351,2321432.73349344
2026-06-28 08:45:00,67.5,67.5,67.1,67.1,199963.65386286,13441345.69045455
2026-06-28 09:00:00,67.4,67.5,66.8,66.8,623338.17672951,41760423.72377648
2026-06-28 09:15:00,66.8,67.7,66.8,67.6,231101.71914412,15579226.58589712
2026-06-28 09:30:00,67.6,68.5,67.6,68.4,505505.79001209,34519126.66231487
2026-06-28 09:45:00,68.5,68.7,68.1,68.2,443925.56540981,30362082.61856091
2026-06-28 10:00:00,68.4,68.5,67.8,68.0,679327.66574819,46269212.47948747
2026-06-28 10:15:00,68.1,68.2,67.7,67.7,298962.24879547,20271707.45352728
2026-06-28 10:30:00,67.6,68.3,67.6,68.3,272733.10560308,18440681.4049719
2026-06-28 10:45:00,68.2,68.3,67.8,67.9,144003.59513583,9784318.23945653
2026-06-28 11:00:00,67.9,68.9,67.9,68.5,325308.78466108,22261028.45727851
2026-06-28 11:15:00,68.4,68.5,67.6,67.6,295550.24550164,20057551.55576523
2026-06-28 11:30:00,67.8,68.0,67.7,67.8,216032.83605133,14640062.14449744
2026-06-28 11:45:00,67.8,67.9,67.6,67.7,151217.78741743,10249935.36073118
2026-06-28 12:00:00,67.9,68.1,67.5,68.0,186378.88341775,12626836.77357342
2026-06-28 12:15:00,68.0,68.0,67.5,67.8,130547.25042931,8833839.75832577
2026-06-28 12:30:00,67.8,67.8,67.5,67.8,165355.39364903,11179983.55663248
2026-06-28 12:45:00,67.4,67.8,67.4,67.8,51566.00264397,3488464.13856672
2026-06-28 13:00:00,68.0,68.0,67.6,67.6,192711.16645607,13039162.18008868
2026-06-28 13:15:00,67.8,67.8,67.7,67.7,1028.81442067,69658.11091063
2026-06-28 13:30:00,67.9,67.9,67.7,67.7,132622.74483127,8978567.17948874
2026-06-28 13:45:00,67.7,69.7,67.7,69.6,2172657.74497282,149824779.4099776
2026-06-28 14:00:00,69.4,69.7,68.8,69.1,749299.32443516,51828984.32194225
2026-06-28 14:15:00,68.9,68.9,68.1,68.3,240356.59042873,16442885.0386393
2026-06-28 14:30:00,68.3,68.6,68.2,68.4,209980.78133366,14337250.55172249
2026-06-28 14:45:00,68.3,68.3,68.0,68.1,382278.52806641,26065389.26154551
2026-06-28 15:00:00,68.0,68.2,67.6,67.7,146690.97277267,9960058.55796617
2026-06-28 15:15:00,67.6,67.7,66.7,66.8,1538165.59782232,103415411.59580377
2026-06-28 15:30:00,66.7,66.7,66.5,66.7,374188.88263041,24908683.37744433
2026-06-28 15:45:00,66.6,66.9,66.4,66.8,363783.69090116,24197835.23052752
2026-06-28 16:00:00,67.0,67.0,66.9,67.0,31666.64751793,2121553.48719131
2026-06-28 16:15:00,67.1,67.1,66.9,66.9,51521.50392136,3449873.9975789
2026-06-28 16:30:00,66.9,67.1,66.9,67.1,184908.95607438,12381387.07508915
2026-06-28 16:45:00,67.1,67.2,67.1,67.1,45027.83957113,3023370.46379425
2026-06-28 17:00:00,67.0,67.1,66.8,66.8,24568.62727569,1644991.27117023
2026-06-28 17:15:00,66.8,66.8,66.6,66.6,271736.76946445,18111584.14762483
2026-06-28 17:30:00,66.6,67.0,66.6,67.0,73965.88415933,4928260.21916083
2026-06-28 17:45:00,67.1,67.1,66.8,66.8,256778.73906401,17170506.43072003
2026-06-28 18:00:00,66.8,66.8,66.7,66.7,68843.4205458,4592608.0529497
2026-06-28 18:15:00,66.8,66.8,66.7,66.7,61424.977723,4101974.32556547
2026-06-28 18:30:00,66.7,66.9,66.7,66.8,139473.1385962,9323730.38645645
2026-06-28 18:45:00,66.8,66.8,66.4,66.4,117428.20448241,7815106.35618658
2026-06-28 19:00:00,66.5,66.6,66.1,66.6,86881.89495203,5754893.26755143
2026-06-28 19:15:00,66.5,66.5,65.9,66.2,340800.89900458,22527984.99665948
2026-06-28 19:30:00,66.2,66.2,66.0,66.2,199379.00365527,13165183.00755851
2026-06-28 19:45:00,66.1,66.2,66.1,66.1,125125.99595417,8276400.44681563
2026-06-28 20:00:00,66.1,66.2,65.8,65.9,358016.10441058,23599630.15647996
2026-06-28 20:15:00,65.9,66.2,65.6,66.2,231422.74536092,15224372.75519433
2026-06-28 20:30:00,66.2,66.4,66.0,66.4,135527.69627608,8966654.97145366
2026-06-28 20:45:00,66.3,66.4,66.2,66.4,66712.25279939,4427883.69618411
2026-06-28 21:00:00,66.2,66.2,66.2,66.2,150.0,9930.0
2026-06-28 21:15:00,66.2,66.2,65.6,65.9,577655.64256903,37993265.94198005
2026-06-28 21:30:00,65.6,65.7,65.3,65.5,600675.47591554,39412882.93207157
2026-06-28 21:45:00,65.5,65.7,65.3,65.7,1025612.76855805,67187083.20174947
2026-06-28 22:00:00,65.5,65.5,64.9,65.2,627310.10022464,40852923.55832369
2026-06-28 22:15:00,65.3,65.4,65.1,65.4,222245.60854286,14518397.07668782
2026-06-28 22:30:00,65.5,65.5,65.2,65.5,88602.60945544,5785340.42185253
2026-06-28 22:45:00,65.5,65.5,65.2,65.3,265507.52929261,17340377.46528611
2026-06-28 23:00:00,65.3,65.4,65.3,65.3,68882.40252408,4498219.98873867
2026-06-28 23:15:00,65.3,65.7,65.3,65.6,9612.77124117,630904.21512978
