,open,high,low,close,volume,value
2026-05-16 18:15:00,233.0,234.0,233.0,234.0,40029.30976474,9338426.55938309
2026-05-16 18:30:00,234.0,234.0,229.0,229.0,504757.15941865,116401487.24561466
2026-05-16 18:45:00,229.0,229.0,225.0,225.0,234555.48609329,53193438.57593502
2026-05-16 19:00:00,225.0,225.0,222.0,222.0,165832.26336457,37078960.46033963
2026-05-16 19:15:00,224.0,224.0,222.0,223.0,166874.46544816,37172124.85622822
2026-05-16 19:30:00,223.0,223.0,222.0,222.0,119939.98801603,26639751.4964264
2026-05-16 19:45:00,222.0,223.0,221.0,222.0,233709.17739857,51903056.33100683
2026-05-16 20:00:00,222.0,223.0,222.0,222.0,117230.12146606,26075980.78705449
2026-05-16 20:15:00,222.0,223.0,221.0,221.0,145116.8769184,32209611.7234811
2026-05-16 20:30:00,221.0,223.0,221.0,222.0,50263.16738264,11148752.15138277
2026-05-16 20:45:00,222.0,222.0,221.0,221.0,15612.41247844,3457615.36397446
2026-05-16 21:00:00,221.0,222.0,221.0,221.0,1564.25718837,346241.31613875
2026-05-16 21:15:00,221.0,222.0,216.0,216.0,326574.13771234,71488793.33800097
2026-05-16 21:30:00,216.0,217.0,214.0,215.0,479767.47989057,103168971.98980263
2026-05-16 21:45:00,215.0,219.0,215.0,217.0,167234.32807762,36283400.74933468
2026-05-16 22:00:00,217.0,219.0,217.0,217.0,70457.99260478,15305970.20397153
2026-05-16 22:15:00,217.0,219.0,217.0,218.0,27361.82128111,5970915.47319996
2026-05-16 22:30:00,218.0,222.0,218.0,221.0,159982.32655683,35249551.32971683
2026-05-16 22:45:00,221.0,223.0,220.0,221.0,172663.39468171,38328638.81115163
2026-05-16 23:00:00,220.0,221.0,220.0,220.0,55183.29603574,12140371.56165947
2026-05-16 23:15:00,219.0,220.0,218.0,220.0,170205.95579595,37136463.44845256
2026-05-16 23:30:00,220.0,222.0,220.0,222.0,68683.23778031,15183983.43781923
2026-05-16 23:45:00,222.0,224.0,222.0,222.0,121362.30844709,27006301.01998244
2026-05-17 00:00:00,222.0,223.0,221.0,223.0,185123.57011821,40929201.45031302
2026-05-17 00:15:00,223.0,224.0,223.0,224.0,22932.76968866,5114308.85249587
2026-05-17 00:30:00,224.0,224.0,224.0,224.0,66.96874999,15000.99999776
2026-05-17 00:45:00,224.0,224.0,224.0,224.0,868.391697,194519.740128
2026-05-17 01:00:00,223.0,225.0,223.0,225.0,20786.12116399,4668597.72402156
2026-05-17 01:15:00,224.0,225.0,223.0,224.0,1569.50210809,351472.9166566
2026-05-17 01:30:00,224.0,224.0,223.0,223.0,9432.17061414,2105451.18981036
2026-05-17 01:45:00,224.0,224.0,223.0,223.0,15673.59223627,3496136.25346843
2026-05-17 02:00:00,223.0,223.0,223.0,223.0,2140.0,477220.0
2026-05-17 02:15:00,223.0,223.0,223.0,223.0,44.84304932,9999.99999836
2026-05-17 02:45:00,225.0,225.0,225.0,225.0,506.66666666,113999.9999985
2026-05-17 03:00:00,225.0,225.0,223.0,224.0,13547.92484422,3034520.57857112
2026-05-17 03:15:00,224.0,224.0,224.0,224.0,19458.29880115,4358658.9314576
2026-05-17 03:30:00,224.0,224.0,224.0,224.0,20044.64285715,4490000.0000016
2026-05-17 03:45:00,225.0,225.0,225.0,225.0,26.0,5850.0
2026-05-17 04:00:00,225.0,225.0,225.0,225.0,88.8854,19999.215
2026-05-17 04:15:00,225.0,225.0,225.0,225.0,31.11111111,6999.99999975
2026-05-17 04:30:00,225.0,225.0,225.0,225.0,44.44444444,9999.999999
2026-05-17 05:00:00,225.0,227.0,225.0,225.0,70949.6077114,16072077.42195698
2026-05-17 05:15:00,227.0,228.0,227.0,228.0,4781.82500141,1089015.53131399
2026-05-17 05:45:00,227.0,227.0,227.0,227.0,5913.00198335,1342251.45022045
2026-05-17 06:00:00,228.0,228.0,228.0,228.0,1057.1947044,241040.3926032
2026-05-17 06:15:00,228.0,228.0,228.0,228.0,30.70175438,6999.99999864
2026-05-17 06:30:00,228.0,228.0,227.0,227.0,42907.550689,9779259.83121481
2026-05-17 07:00:00,227.0,228.0,227.0,227.0,19329.45876465,4387835.67204308
2026-05-17 07:15:00,227.0,227.0,226.0,226.0,36386.31819611,8259535.2581632
2026-05-17 07:30:00,226.0,226.0,226.0,226.0,2541.61461869,574404.90382394
2026-05-17 07:45:00,228.0,228.0,228.0,228.0,60.70175438,13839.99999864
2026-05-17 08:00:00,228.0,228.0,228.0,228.0,4685.96491228,1068399.99999984
2026-05-17 08:15:00,228.0,228.0,228.0,228.0,15853.60293422,3614621.46900216
2026-05-17 08:30:00,228.0,230.0,228.0,228.0,58626.33347846,13369864.09601436
2026-05-17 08:45:00,230.0,230.0,229.0,230.0,5637.95454716,1294555.63280333
2026-05-17 09:00:00,229.0,234.0,229.0,234.0,162155.78862985,37603462.41451267
2026-05-17 09:15:00,234.0,234.0,233.0,233.0,19684.70164416,4591022.55579224
2026-05-17 09:30:00,233.0,235.0,233.0,234.0,5541.71057935,1299169.00517407
2026-05-17 09:45:00,233.0,233.0,231.0,231.0,48799.97182547,11328747.43773651
2026-05-17 10:00:00,231.0,231.0,230.0,230.0,72246.32216179,16660539.57174035
2026-05-17 10:15:00,231.0,231.0,229.0,230.0,4470.09214666,1024865.51799184
2026-05-17 10:30:00,229.0,229.0,227.0,227.0,19289.62506579,4394078.18312239
2026-05-17 10:45:00,228.0,228.0,226.0,228.0,41671.08443335,9481967.0757578
2026-05-17 11:00:00,228.0,228.0,228.0,228.0,211.175,48147.9
2026-05-17 11:15:00,227.0,227.0,227.0,227.0,7158.37319435,1624950.71511745
2026-05-17 11:30:00,227.0,227.0,226.0,227.0,40394.26397204,9146196.83979066
2026-05-17 11:45:00,228.0,228.0,228.0,228.0,81372.47604268,18552924.53773104
2026-05-17 12:00:00,228.0,228.0,227.0,227.0,25351.2482435,5768781.56531275
2026-05-17 12:15:00,227.0,227.0,226.0,227.0,90070.452626,20363733.29978618
2026-05-17 12:30:00,228.0,228.0,227.0,228.0,1882.7178342,428386.44585862
2026-05-17 12:45:00,227.0,228.0,226.0,228.0,82423.6476686,18791289.44141274
2026-05-17 13:00:00,229.0,230.0,229.0,230.0,20392.56639449,4687407.80580921
2026-05-17 13:15:00,230.0,230.0,230.0,230.0,111520.58806961,25649735.2560103
2026-05-17 13:30:00,230.0,231.0,230.0,231.0,9305.0,2140495.0
2026-05-17 13:45:00,231.0,231.0,230.0,230.0,61645.8761704,14181160.92511832
2026-05-17 14:00:00,230.0,230.0,229.0,229.0,87612.73866449,20068089.29287252
2026-05-17 14:15:00,229.0,230.0,229.0,229.0,38215.76492175,8751583.32725391
2026-05-17 14:30:00,229.0,229.0,228.0,228.0,61229.10931483,14020194.74240175
2026-05-17 14:45:00,227.0,228.0,227.0,228.0,37267.06675609,8479624.22038852
2026-05-17 15:00:00,228.0,228.0,228.0,228.0,88.21052631,20111.99999868
2026-05-17 15:15:00,228.0,228.0,228.0,228.0,700.0,159600.0
2026-05-17 15:30:00,227.0,230.0,227.0,230.0,101565.14570694,23155583.47408203
2026-05-17 15:45:00,230.0,230.0,230.0,230.0,56828.11215152,13070465.7948496
2026-05-17 16:00:00,230.0,231.0,230.0,231.0,21244.90736074,4899405.81580216
2026-05-17 16:15:00,230.0,231.0,230.0,230.0,12591.60729113,2896099.9799902
2026-05-17 16:30:00,230.0,231.0,230.0,230.0,6293.04514877,1447569.21538592
2026-05-17 16:45:00,229.0,230.0,229.0,229.0,50211.80652172,11506881.95434343
2026-05-17 17:00:00,229.0,229.0,228.0,228.0,150358.04332616,34292260.05780633
2026-05-17 17:15:00,230.0,230.0,228.0,228.0,55563.47603981,12669552.75742978
2026-05-17 17:30:00,229.0,229.0,229.0,229.0,37376.97025547,8559326.18850263
2026-05-17 17:45:00,229.0,229.0,229.0,229.0,11140.68343696,2551216.50706384
2026-05-17 18:00:00,229.0,230.0,229.0,230.0,64707.81770766,14847042.7793981
2026-05-17 18:15:00,230.0,230.0,230.0,230.0,2618.87389208,602340.9951784
2026-05-17 18:30:00,230.0,230.0,230.0,230.0,420.16806722,96638.6554606
2026-05-17 18:45:00,231.0,231.0,231.0,231.0,3960.59208305,914896.77118455
2026-05-17 19:00:00,232.0,232.0,232.0,232.0,18191.38736108,4220401.86777056
2026-05-17 19:15:00,232.0,233.0,232.0,232.0,37230.04005412,8637691.18096785
2026-05-17 19:30:00,233.0,233.0,231.0,231.0,10985.68397738,2537848.09308624
2026-05-17 19:45:00,232.0,232.0,232.0,232.0,2094.06503643,485823.08845176
2026-05-17 20:00:00,231.0,231.0,230.0,230.0,9452.95425754,2183422.28565143
2026-05-17 20:15:00,230.0,230.0,230.0,230.0,9809.82767274,2256260.3647302
2026-05-17 20:45:00,230.0,230.0,230.0,230.0,2384.51007054,548437.3162242
2026-05-17 21:00:00,230.0,230.0,230.0,230.0,11795.24411786,2712906.1471078
2026-05-17 21:30:00,231.0,231.0,230.0,230.0,8438.39699267,1940920.99662578
2026-05-17 21:45:00,231.0,231.0,231.0,231.0,43.26839826,9994.99999806
2026-05-17 22:00:00,229.0,229.0,229.0,229.0,23865.4535525,5465188.8635225
2026-05-17 22:15:00,229.0,229.0,227.0,227.0,9127.59738295,2073592.48934643
2026-05-17 22:30:00,228.0,229.0,227.0,229.0,2334.51583291,532139.81720201
2026-05-17 22:45:00,228.0,228.0,228.0,228.0,2183.40611354,497816.59388712
2026-05-17 23:00:00,229.0,229.0,229.0,229.0,11673.18521008,2673159.41310832
2026-05-17 23:15:00,228.0,229.0,226.0,226.0,42825.94970079,9708400.74816688
2026-05-17 23:30:00,228.0,228.0,228.0,228.0,90.86842105,20717.9999994
2026-05-17 23:45:00,228.0,228.0,227.0,227.0,2320.55000879,526943.36800046
2026-05-18 00:00:00,228.0,229.0,228.0,229.0,2805.78601561,639960.28361147
2026-05-18 00:15:00,229.0,229.0,229.0,229.0,277.26855896,63494.50000184
2026-05-18 00:30:00,230.0,230.0,230.0,230.0,590.07826086,135717.9999978
2026-05-18 00:45:00,230.0,230.0,230.0,230.0,500.0,115000.0
2026-05-18 01:00:00,229.0,229.0,229.0,229.0,543.66812227,124499.99999983
2026-05-18 01:15:00,228.0,229.0,227.0,227.0,5317.29700318,1211184.85941466
2026-05-18 01:30:00,229.0,231.0,229.0,231.0,28952.14442946,6647729.31979846
2026-05-18 01:45:00,229.0,229.0,229.0,229.0,8159.62453555,1868554.01864095
2026-05-18 02:30:00,231.0,231.0,229.0,229.0,164.12202222,37665.24390138
2026-05-18 02:45:00,230.0,230.0,230.0,230.0,6544.566847,1505250.37481
2026-05-18 03:00:00,230.0,230.0,230.0,230.0,1026.08695652,235999.9999996
2026-05-18 03:15:00,229.0,229.0,229.0,229.0,44.0,10076.0
2026-05-18 03:30:00,228.0,230.0,228.0,229.0,2804.30613238,641766.97470436
2026-05-18 03:45:00,229.0,229.0,229.0,229.0,777.3699095,178017.7092755
2026-05-18 04:00:00,230.0,230.0,230.0,230.0,65.66812227,15103.6681221
2026-05-18 04:30:00,230.0,230.0,230.0,230.0,90.07826086,20717.9999978
2026-05-18 04:45:00,229.0,229.0,228.0,228.0,30000.0,6840022.0
2026-05-18 05:15:00,229.0,229.0,229.0,229.0,170.82999528,39120.06891912
2026-05-18 05:30:00,230.0,230.0,230.0,230.0,2891.62096776,665072.8225848
2026-05-18 05:45:00,229.0,230.0,229.0,230.0,2112.80636713,484700.6511619
2026-05-18 06:00:00,230.0,232.0,230.0,232.0,14172.26186883,3269915.0364506
2026-05-18 06:15:00,231.0,232.0,231.0,232.0,10876.91886711,2520444.31716952
2026-05-18 06:30:00,232.0,232.0,232.0,232.0,89.30172413,20717.99999816
2026-05-18 06:45:00,230.0,230.0,230.0,230.0,130.0,29900.0
2026-05-18 07:00:00,230.0,230.0,230.0,230.0,26771.67927612,6157486.2335076
2026-05-18 07:15:00,229.0,230.0,228.0,228.0,21762.83746872,4983628.22075619
2026-05-18 07:30:00,228.0,229.0,228.0,229.0,10995.91330525,2507377.04582407
2026-05-18 07:45:00,228.0,228.0,228.0,228.0,5938.98438,1354088.43864
2026-05-18 08:00:00,227.0,228.0,227.0,227.0,16099.6585093,3654670.72722513
2026-05-18 08:15:00,227.0,227.0,227.0,227.0,17098.6149675,3881385.5976225
2026-05-18 08:30:00,229.0,229.0,226.0,228.0,64288.47695319,14601112.8823455
2026-05-18 08:45:00,227.0,231.0,227.0,230.0,190813.48306505,43545405.38387862
2026-05-18 09:00:00,231.0,231.0,227.0,227.0,39705.71033429,9107889.43883001
2026-05-18 09:15:00,227.0,229.0,227.0,228.0,29307.34245847,6677213.67733257
2026-05-18 09:30:00,228.0,228.0,227.0,228.0,28107.92789556,6408009.34802327
2026-05-18 09:45:00,227.0,227.0,226.0,227.0,28522.70233284,6469355.76261984
2026-05-18 10:00:00,227.0,228.0,227.0,228.0,2757.32193228,626790.10494334
2026-05-18 10:15:00,226.0,227.0,226.0,227.0,92.79634169,21020.7167002
2026-05-18 10:30:00,228.0,228.0,228.0,228.0,438.77867746,100041.53846088
2026-05-18 10:45:00,228.0,228.0,228.0,228.0,4890.26795374,1114981.09345272
2026-05-18 11:00:00,227.0,227.0,227.0,227.0,2085.83406113,473484.33187651
2026-05-18 11:15:00,228.0,228.0,227.0,228.0,40132.07681158,9150060.8814613
2026-05-18 11:30:00,229.0,230.0,228.0,229.0,68410.1088488,15647803.796274
2026-05-18 11:45:00,228.0,228.0,227.0,227.0,9857.65652351,2243602.35290833
2026-05-18 12:00:00,227.0,229.0,227.0,228.0,24224.16834973,5525021.01416618
2026-05-18 12:15:00,229.0,230.0,228.0,229.0,5657.77324327,1295560.23878798
2026-05-18 12:30:00,229.0,232.0,229.0,232.0,4696.80873768,1088835.01065254
2026-05-18 12:45:00,232.0,232.0,231.0,231.0,119367.28052315,27595096.12192676
2026-05-18 13:00:00,230.0,231.0,229.0,231.0,24024.41068277,5538787.11689572
2026-05-18 13:15:00,231.0,232.0,229.0,229.0,128773.56689044,29534915.40394574
2026-05-18 13:30:00,228.0,228.0,227.0,228.0,103508.12119577,23498932.09477996
2026-05-18 13:45:00,228.0,229.0,227.0,229.0,9702.70363816,2215129.26430827
2026-05-18 14:00:00,229.0,229.0,229.0,229.0,1091.15747802,249875.06246658
2026-05-18 14:15:00,228.0,228.0,228.0,228.0,4407.96491228,1005015.99999984
2026-05-18 14:30:00,227.0,227.0,226.0,227.0,59645.66879668,13531520.75797925
2026-05-18 14:45:00,227.0,228.0,227.0,228.0,8853.73563796,2011761.92402744
2026-05-18 15:15:00,226.0,226.0,226.0,226.0,11828.7883764,2673306.1730664
2026-05-18 15:30:00,226.0,226.0,226.0,226.0,24970.26832915,5643280.6423879
2026-05-18 16:00:00,226.0,226.0,226.0,226.0,28367.49147107,6411053.07246182
2026-05-18 16:15:00,225.0,226.0,225.0,226.0,13037.95639847,2933916.79987875
2026-05-18 16:30:00,226.0,228.0,226.0,228.0,45545.66128438,10295891.3548145
2026-05-18 16:45:00,228.0,228.0,228.0,228.0,30.70175438,6999.99999864
2026-05-18 17:15:00,227.0,228.0,227.0,227.0,98.24561402,22325.87718955
2026-05-18 17:30:00,227.0,227.0,227.0,227.0,582.67641231,132267.54559437
2026-05-18 17:45:00,226.0,226.0,226.0,226.0,432.9004329,97835.4978354
2026-05-18 18:00:00,227.0,227.0,226.0,226.0,7418.95189568,1676794.34868799
2026-05-18 18:15:00,227.0,228.0,227.0,228.0,9181.07726248,2084126.49033734
2026-05-18 18:30:00,227.0,228.0,226.0,228.0,151653.15646388,34425226.56455423
2026-05-18 18:45:00,228.0,228.0,228.0,228.0,526.31578947,119999.99999916
2026-05-18 19:00:00,227.0,227.0,227.0,227.0,47872.91621489,10867151.98078003
2026-05-18 19:30:00,228.0,229.0,228.0,228.0,3231.80638515,737187.61127271
2026-05-18 19:45:00,228.0,228.0,228.0,228.0,572.2042478,130462.5684984
2026-05-18 20:00:00,228.0,228.0,228.0,228.0,5096.05641622,1161900.86289816
2026-05-18 20:15:00,228.0,228.0,227.0,227.0,37241.03195039,8456955.28468892
2026-05-18 20:30:00,227.0,228.0,226.0,228.0,35675.99429383,8085564.57312046
2026-05-18 20:45:00,226.0,227.0,226.0,227.0,4877.05286343,1102257.99999861
2026-05-18 21:00:00,227.0,228.0,227.0,228.0,49808.10612407,11356201.68466006
2026-05-18 21:15:00,229.0,229.0,228.0,228.0,186.96489493,42671.66416631
2026-05-18 21:30:00,229.0,229.0,227.0,228.0,42809.20981374,9750562.21169456
2026-05-18 21:45:00,227.0,227.0,227.0,227.0,2196.8467424,498684.2105248
2026-05-18 22:00:00,227.0,227.0,224.0,224.0,58552.28884411,13212756.7519503
2026-05-18 22:15:00,224.0,225.0,224.0,225.0,9097.34148555,2040099.80399646
2026-05-18 22:30:00,225.0,225.0,224.0,225.0,45026.7292981,10086772.49402654
2026-05-18 22:45:00,225.0,225.0,225.0,225.0,18331.67985868,4124627.968203
2026-05-18 23:00:00,224.0,224.0,223.0,223.0,10779.99483209,2414011.97341018
2026-05-18 23:15:00,223.0,224.0,223.0,223.0,10975.66731067,2448689.32172011
2026-05-18 23:30:00,224.0,224.0,222.0,223.0,23378.4921766,5213307.09563588
2026-05-18 23:45:00,223.0,223.0,223.0,223.0,600.0,133800.0
2026-05-19 00:00:00,223.0,224.0,223.0,224.0,80377.88464759,17949977.41844869
2026-05-19 00:15:00,223.0,223.0,223.0,223.0,12900.84067172,2876887.46979356
2026-05-19 00:30:00,223.0,224.0,223.0,224.0,5079.80043237,1133698.31893135
2026-05-19 00:45:00,224.0,224.0,224.0,224.0,168310.12172484,37701467.26636416
2026-05-19 01:00:00,225.0,225.0,224.0,224.0,1537.95566501,344528.7356289
2026-05-19 01:15:00,224.0,224.0,224.0,224.0,44642.85714285,9999999.9999984
2026-05-19 01:30:00,224.0,225.0,224.0,224.0,13668.86571428,3061917.99999872
2026-05-19 01:45:00,224.0,224.0,223.0,223.0,9928.57142857,2222999.99999968
2026-05-19 02:30:00,224.0,225.0,224.0,225.0,1092.08,244718.0
2026-05-19 03:00:00,224.0,224.0,224.0,224.0,3971.16878142,889541.80703808
2026-05-19 03:15:00,223.0,224.0,223.0,224.0,1057.79372197,235945.79372128
2026-05-19 03:30:00,224.0,224.0,224.0,224.0,92.49107142,20717.99999808
2026-05-19 03:45:00,223.0,223.0,223.0,223.0,2000.0,446000.0
2026-05-19 04:00:00,224.0,225.0,224.0,225.0,10252.80609286,2303625.87345496
2026-05-19 04:15:00,225.0,225.0,224.0,224.0,3522.87053407,791687.35053646
2026-05-19 04:30:00,226.0,226.0,226.0,226.0,91.67256637,20717.99999962
2026-05-19 05:00:00,226.0,226.0,226.0,226.0,30.97345132,6999.99999832
2026-05-19 05:15:00,226.0,226.0,226.0,226.0,44.24778761,9999.99999986
2026-05-19 05:30:00,225.0,225.0,225.0,225.0,234.02941418,52656.6181905
2026-05-19 05:45:00,225.0,225.0,224.0,224.0,22920.45151969,5137290.03040999
2026-05-19 06:00:00,224.0,224.0,224.0,224.0,274.52481459,61493.55846816
2026-05-19 06:15:00,224.0,224.0,224.0,224.0,44.29017857,9920.99999968
2026-05-19 06:30:00,224.0,224.0,223.0,224.0,8823.65248399,1967798.24500119
2026-05-19 06:45:00,223.0,224.0,223.0,223.0,54477.24959585,12150283.03248744
2026-05-19 07:00:00,223.0,223.0,223.0,223.0,207.46647303,46265.02348569
2026-05-19 07:15:00,222.0,223.0,222.0,223.0,5091.32420091,1135273.97260202
2026-05-19 07:30:00,223.0,223.0,223.0,223.0,354.08913927,78961.87805721
2026-05-19 07:45:00,223.0,223.0,223.0,223.0,15349.85078311,3423016.72463353
2026-05-19 08:00:00,222.0,222.0,221.0,221.0,12354.32002679,2741614.79815977
2026-05-19 08:15:00,222.0,222.0,222.0,222.0,2172.02692121,482189.97650862
2026-05-19 08:30:00,221.0,223.0,221.0,223.0,2159.02153206,477329.57024444
2026-05-19 08:45:00,222.0,222.0,222.0,222.0,8766.01697183,1946055.76774626
2026-05-19 09:00:00,223.0,223.0,221.0,221.0,42388.60007059,9409032.10226543
2026-05-19 09:15:00,222.0,224.0,222.0,224.0,34717.74267113,7762643.42612854
2026-05-19 09:30:00,224.0,224.0,222.0,223.0,257622.71324405,57237002.99933369
2026-05-19 09:45:00,222.0,222.0,222.0,222.0,264029.15978883,58614473.47312026
2026-05-19 10:00:00,222.0,222.0,222.0,222.0,500.0,111000.0
2026-05-19 10:15:00,222.0,222.0,222.0,222.0,35360.36036038,7850000.00000436
2026-05-19 10:30:00,222.0,223.0,222.0,223.0,32303.65838484,7183395.99999949
2026-05-19 10:45:00,223.0,224.0,223.0,224.0,4188.32799485,934889.9999944
2026-05-19 11:00:00,223.0,223.0,223.0,223.0,57425.99326793,12805996.49874839
2026-05-19 11:15:00,223.0,224.0,223.0,224.0,8475.4628583,1892225.65335337
2026-05-19 11:30:00,224.0,224.0,222.0,222.0,32312.55986319,7188352.13967639
2026-05-19 11:45:00,222.0,222.0,222.0,222.0,50683.43194283,11251721.89130826
2026-05-19 12:00:00,222.0,222.0,222.0,222.0,67802.88423586,15052240.30036092
2026-05-19 12:15:00,223.0,223.0,223.0,223.0,169.50672644,37799.99999612
2026-05-19 12:30:00,223.0,223.0,222.0,223.0,22212.90582959,4932357.99999857
2026-05-19 12:45:00,222.0,223.0,222.0,223.0,9677.32962627,2150477.79810817
2026-05-19 13:00:00,223.0,223.0,223.0,223.0,134.48432733,29990.00499459
2026-05-19 13:15:00,223.0,223.0,223.0,223.0,2049.33593907,457001.91441261
2026-05-19 13:30:00,222.0,223.0,222.0,223.0,13606.41934311,3020718.00000001
2026-05-19 14:00:00,222.0,222.0,222.0,222.0,97208.96402982,21580390.01462004
2026-05-19 14:15:00,222.0,223.0,222.0,223.0,189.51794798,42207.51359954
2026-05-19 14:30:00,223.0,223.0,223.0,223.0,115.32735425,25717.99999775
2026-05-19 14:45:00,223.0,223.0,223.0,223.0,6257.12162638,1395338.12268274
2026-05-19 15:00:00,222.0,223.0,222.0,223.0,45759.63976298,10202899.66714454
2026-05-19 15:15:00,223.0,223.0,223.0,223.0,858.9,191534.7
2026-05-19 15:30:00,223.0,224.0,223.0,224.0,9694.24796155,2161909.78649707
2026-05-19 15:45:00,224.0,224.0,224.0,224.0,34739.16375105,7781572.6802352
2026-05-19 16:00:00,224.0,225.0,224.0,224.0,35197.78614234,7902001.52271761
2026-05-19 16:15:00,225.0,225.0,224.0,225.0,17895.33368249,4026425.6341158
2026-05-19 16:30:00,226.0,227.0,226.0,227.0,2723.62273322,615630.00643018
2026-05-19 16:45:00,227.0,227.0,226.0,226.0,32161.94792306,7268661.06761596
2026-05-19 17:00:00,225.0,226.0,225.0,225.0,42926.85656834,9660573.30309773
2026-05-19 17:15:00,225.0,225.0,223.0,223.0,52190.36435161,11639758.89326617
2026-05-19 17:30:00,223.0,224.0,223.0,224.0,25866.07333266,5768739.16329691
2026-05-19 18:00:00,224.0,224.0,222.0,222.0,27875.62719453,6196147.15091549
2026-05-19 18:15:00,222.0,223.0,222.0,223.0,21823.66157163,4865855.37725658
2026-05-19 18:30:00,223.0,223.0,223.0,223.0,227.43497757,50717.99999811
2026-05-19 18:45:00,223.0,223.0,223.0,223.0,280.13004484,62468.99999932
2026-05-19 19:00:00,224.0,224.0,223.0,223.0,86451.59104743,19298152.36807565
2026-05-19 19:30:00,224.0,225.0,223.0,225.0,56640.9403968,12660823.09577005
2026-05-19 19:45:00,225.0,225.0,224.0,224.0,24662.88260188,5524528.39557875
2026-05-19 20:00:00,223.0,223.0,223.0,223.0,8631.94741914,1924924.27446822
2026-05-19 20:15:00,223.0,223.0,222.0,223.0,3483.44843049,775257.0758459
2026-05-19 20:30:00,223.0,223.0,223.0,223.0,92.90582959,20717.99999857
2026-05-19 20:45:00,223.0,224.0,222.0,222.0,44955.95487219,10025169.10958304
2026-05-19 21:00:00,223.0,223.0,223.0,223.0,4507.30493273,1005128.99999879
2026-05-19 21:15:00,224.0,224.0,224.0,224.0,44.84304932,10044.84304768
2026-05-19 21:30:00,224.0,224.0,223.0,224.0,8448.83466359,1885343.71029308
2026-05-19 21:45:00,222.0,223.0,222.0,223.0,3010.9471881,669179.99638319
2026-05-19 22:00:00,222.0,222.0,222.0,222.0,1451.7106651,322279.7676522
2026-05-19 22:15:00,222.0,222.0,222.0,222.0,669.59132603,148649.27437866
2026-05-19 22:30:00,223.0,223.0,222.0,223.0,3581.98979268,798013.9147579
2026-05-19 22:45:00,224.0,224.0,224.0,224.0,4493.30468694,1006500.24987456
2026-05-19 23:00:00,222.0,224.0,222.0,224.0,13568.48121527,3012354.61550422
2026-05-19 23:15:00,222.0,222.0,222.0,222.0,339.26679408,75317.22828576
2026-05-19 23:30:00,222.0,223.0,222.0,223.0,20275.00507666,4501144.03284811
2026-05-19 23:45:00,223.0,223.0,223.0,223.0,449.02690582,100132.99999786
2026-05-20 00:00:00,222.0,222.0,221.0,221.0,4229.50351112,938895.41817913
2026-05-20 00:15:00,221.0,221.0,220.0,220.0,53911.68255653,11912652.11013797
2026-05-20 00:30:00,220.0,221.0,220.0,221.0,15574.66200832,3426519.38843673
2026-05-20 00:45:00,221.0,221.0,221.0,221.0,5452.35979295,1204971.51424195
2026-05-20 01:00:00,220.0,220.0,220.0,220.0,5053.53559322,1111777.8305084
2026-05-20 01:15:00,220.0,220.0,220.0,220.0,3052.35979295,671519.154449
2026-05-20 01:30:00,221.0,221.0,221.0,221.0,93.74660633,20717.99999893
2026-05-20 01:45:00,221.0,221.0,221.0,221.0,31.67420814,6999.99999894
2026-05-20 02:15:00,221.0,221.0,221.0,221.0,2417.84922092,534344.67782332
2026-05-20 02:30:00,221.0,222.0,221.0,222.0,14598.04702464,3226261.71676976
2026-05-20 03:00:00,222.0,222.0,222.0,222.0,31.53153153,6999.99999966
2026-05-20 03:15:00,222.0,222.0,222.0,222.0,653.37837836,145049.99999592
2026-05-20 03:30:00,222.0,224.0,222.0,224.0,7820.18325083,1743961.68179837
2026-05-20 03:45:00,224.0,224.0,224.0,224.0,11561.0388,2589672.6912
2026-05-20 04:15:00,224.0,224.0,224.0,224.0,31.25,7000.0
2026-05-20 04:30:00,223.0,223.0,223.0,223.0,92.90582959,20717.99999857
2026-05-20 04:45:00,223.0,223.0,223.0,223.0,4962.69506726,1106680.99999898
2026-05-20 05:15:00,223.0,223.0,223.0,223.0,31.39013452,6999.99999796
2026-05-20 05:30:00,223.0,224.0,223.0,224.0,6614.60335891,1477143.12492977
2026-05-20 05:45:00,224.0,224.0,222.0,222.0,114.64285712,25587.85713776
2026-05-20 06:00:00,224.0,224.0,224.0,224.0,44.64285714,9999.99999936
2026-05-20 06:15:00,224.0,224.0,223.0,223.0,81330.05334237,18137046.09177708
2026-05-20 06:30:00,224.0,224.0,224.0,224.0,92.49107142,20717.99999808
2026-05-20 06:45:00,223.0,223.0,223.0,223.0,4464.28571428,995535.71428444
2026-05-20 07:00:00,223.0,223.0,223.0,223.0,2295.1266816,511813.2499968
2026-05-20 07:15:00,222.0,223.0,222.0,223.0,711.71053153,158029.73799966
2026-05-20 07:30:00,223.0,224.0,223.0,224.0,55504.03543879,12377492.39392159
2026-05-20 07:45:00,223.0,223.0,223.0,223.0,84349.40728459,18809917.82446357
2026-05-20 08:15:00,222.0,222.0,221.0,222.0,32387.47576195,7184181.18136639
2026-05-20 08:30:00,222.0,222.0,222.0,222.0,69524.90583085,15434529.0944487
2026-05-20 08:45:00,221.0,221.0,220.0,221.0,24745.75542352,5452573.35944215
2026-05-20 09:00:00,221.0,221.0,220.0,221.0,141429.6015193,31115144.60768496
2026-05-20 09:15:00,220.0,220.0,220.0,220.0,19447.35430727,4278417.9475994
2026-05-20 09:30:00,220.0,221.0,220.0,221.0,20326.05763295,4472326.42585533
2026-05-20 09:45:00,221.0,221.0,221.0,221.0,24956.37954742,5515359.87997982
2026-05-20 10:00:00,221.0,221.0,220.0,220.0,15157.9000127,3336741.39788411
2026-05-20 10:15:00,221.0,221.0,221.0,221.0,6714.30140811,1483860.61119231
2026-05-20 10:30:00,221.0,221.0,221.0,221.0,93.74660633,20717.99999893
2026-05-20 10:45:00,221.0,223.0,221.0,223.0,4834.1500158,1072983.29801332
2026-05-20 11:00:00,222.0,222.0,222.0,222.0,31050.7058404,6893256.6965688
2026-05-20 11:15:00,222.0,222.0,222.0,222.0,6406.01769908,1422135.92919576
2026-05-20 11:30:00,222.0,223.0,221.0,223.0,30033.76420183,6667455.55863585
2026-05-20 11:45:00,222.0,222.0,221.0,221.0,12893.02395832,2851610.54704097
2026-05-20 12:00:00,221.0,221.0,221.0,221.0,45.24886877,9999.99999817
2026-05-20 12:15:00,221.0,221.0,221.0,221.0,27712.24794842,6124406.79660082
2026-05-20 12:30:00,221.0,222.0,221.0,221.0,212912.20385112,47053825.51055697
2026-05-20 12:45:00,221.0,221.0,221.0,221.0,260518.267397,57574537.094737
2026-05-20 13:00:00,221.0,221.0,221.0,221.0,86551.94852302,19127980.62358742
2026-05-20 13:15:00,221.0,221.0,221.0,221.0,664.97525219,146959.53073399
2026-05-20 13:30:00,221.0,221.0,220.0,221.0,1343.45907114,295879.87800373
2026-05-20 13:45:00,220.0,221.0,220.0,221.0,28946.93600765,6379519.27523245
2026-05-20 14:00:00,221.0,221.0,220.0,221.0,19874.09347171,4387433.4226861
2026-05-20 14:15:00,220.0,221.0,220.0,221.0,13695.29413573,3023752.00399633
2026-05-20 14:30:00,221.0,221.0,221.0,221.0,8849.53507859,1955747.25236839
2026-05-20 14:45:00,221.0,221.0,221.0,221.0,4283.42986427,946638.00000367
2026-05-20 15:00:00,223.0,224.0,223.0,224.0,9694.12345682,2170973.85382768
2026-05-20 15:15:00,224.0,224.0,223.0,223.0,5133.38368529,1145511.53101364
2026-05-20 15:30:00,222.0,224.0,222.0,224.0,24128.45413544,5398339.77002912
2026-05-20 15:45:00,224.0,224.0,224.0,224.0,2057.47900007,460875.29601568
2026-05-20 16:00:00,224.0,224.0,224.0,224.0,12385.38320125,2774325.83708
2026-05-20 16:15:00,224.0,224.0,223.0,223.0,26806.91364247,5981321.20655652
2026-05-20 16:30:00,224.0,224.0,224.0,224.0,92.49107142,20717.99999808
2026-05-20 16:45:00,223.0,223.0,223.0,223.0,29543.27595841,6588150.53872543
2026-05-20 17:00:00,223.0,223.0,223.0,223.0,22.42152466,4999.99999918
2026-05-20 17:15:00,223.0,223.0,223.0,223.0,49.32735425,10999.99999775
2026-05-20 17:30:00,223.0,223.0,223.0,223.0,92.90582959,20717.99999857
2026-05-20 17:45:00,223.0,223.0,222.0,222.0,10937.30896435,2428332.5900857
2026-05-20 18:00:00,222.0,222.0,221.0,221.0,29076.33502341,6445016.81438403
2026-05-20 18:15:00,222.0,222.0,222.0,222.0,4325.54726671,960271.49320962
2026-05-20 18:30:00,222.0,223.0,221.0,223.0,32772.28347319,7273596.31087888
2026-05-20 18:45:00,222.0,223.0,221.0,221.0,27373.67013319,6075542.5921244
2026-05-20 19:00:00,221.0,223.0,221.0,222.0,19534.88235955,4330004.57987591
2026-05-20 19:15:00,223.0,223.0,222.0,222.0,5257.65231057,1169902.8701229
2026-05-20 19:30:00,222.0,223.0,222.0,223.0,338.18457613,75366.78885537
2026-05-20 19:45:00,222.0,222.0,222.0,222.0,14004.49448832,3108997.77640704
2026-05-20 20:15:00,222.0,222.0,222.0,222.0,4778.53007797,1060833.67730934
2026-05-20 20:30:00,221.0,223.0,221.0,223.0,7361.36515446,1633602.41397849
2026-05-20 21:00:00,223.0,223.0,222.0,222.0,5331.90568006,1184613.37160275
2026-05-20 21:15:00,223.0,223.0,223.0,223.0,10496.20481238,2340653.67316074
2026-05-20 21:30:00,223.0,224.0,223.0,223.0,26453.73442118,5899305.26699456
2026-05-20 21:45:00,223.0,223.0,223.0,223.0,30.0,6690.0
2026-05-20 22:00:00,223.0,223.0,223.0,223.0,22.44394618,5004.99999814
2026-05-20 22:15:00,223.0,223.0,223.0,223.0,22.42152466,4999.99999918
2026-05-20 22:30:00,223.0,223.0,222.0,223.0,11651.704743,2591255.66370832
2026-05-20 22:45:00,223.0,223.0,223.0,223.0,18052.649351,4025740.805273
2026-05-20 23:00:00,224.0,224.0,224.0,224.0,31.25,7000.0
2026-05-20 23:15:00,224.0,224.0,223.0,224.0,65259.9855741,14573601.78302429
2026-05-20 23:30:00,224.0,224.0,224.0,224.0,86757.78342523,19433743.48725152
2026-05-20 23:45:00,224.0,224.0,223.0,223.0,61.25,13690.0
2026-05-21 00:00:00,223.0,223.0,222.0,223.0,73203.87315279,16259615.51281946
2026-05-21 00:15:00,223.0,224.0,223.0,224.0,12522.19208567,2796954.79381463
2026-05-21 00:30:00,224.0,227.0,224.0,227.0,199517.91693337,45057432.62721249
2026-05-21 00:45:00,227.0,227.0,226.0,226.0,45287.34878203,10236002.49874758
2026-05-21 01:00:00,227.0,227.0,227.0,227.0,158.23762114,35919.93999878
2026-05-21 01:15:00,227.0,227.0,227.0,227.0,1219.66990072,276865.06746344
2026-05-21 01:30:00,226.0,226.0,226.0,226.0,91.67256637,20717.99999962
2026-05-21 01:45:00,226.0,226.0,225.0,226.0,49893.69474553,11274975.01248978
2026-05-21 02:00:00,225.0,226.0,225.0,226.0,4455.75221238,1002575.22123682
2026-05-21 02:15:00,227.0,227.0,226.0,226.0,1030.8370044,232999.9999988
2026-05-21 02:30:00,227.0,227.0,227.0,227.0,17744.80979332,4028071.82308364
2026-05-21 02:45:00,226.0,226.0,226.0,226.0,13812.46192327,3121616.39465902
2026-05-21 03:00:00,226.0,227.0,226.0,227.0,52.48164463,11886.66666435
2026-05-21 03:30:00,227.0,227.0,227.0,227.0,91.26872246,20717.99999842
2026-05-21 03:45:00,226.0,226.0,226.0,226.0,1000.0,226000.0
2026-05-21 04:00:00,226.0,227.0,226.0,227.0,13291.78738738,3013139.84954788
2026-05-21 04:15:00,227.0,230.0,227.0,230.0,58040.86196441,13193332.00605282
2026-05-21 04:30:00,230.0,231.0,230.0,231.0,6997.90220074,1612248.35465502
2026-05-21 04:45:00,231.0,232.0,231.0,232.0,49726.59196423,11511497.25986576
2026-05-21 05:00:00,232.0,233.0,231.0,233.0,4412.70117063,1025963.4655243
2026-05-21 05:15:00,233.0,234.0,231.0,231.0,15837.9795021,3679941.25949958
2026-05-21 05:30:00,232.0,232.0,230.0,232.0,6002.58389592,1387373.8474125
2026-05-21 05:45:00,232.0,233.0,232.0,232.0,25973.74204525,6030199.99999156
2026-05-21 06:00:00,232.0,232.0,231.0,231.0,71895.42646491,16668973.32161643
2026-05-21 06:30:00,232.0,232.0,230.0,232.0,248.78448274,57545.58620258
2026-05-21 06:45:00,231.0,231.0,230.0,230.0,5547.92431797,1276391.13031546
2026-05-21 07:15:00,230.0,230.0,230.0,230.0,4800.73023334,1104167.9536682
2026-05-21 07:30:00,230.0,231.0,229.0,229.0,5157.02418358,1186839.79083508
2026-05-21 07:45:00,229.0,229.0,228.0,229.0,50757.14596316,11619333.92799017
2026-05-21 08:00:00,229.0,231.0,229.0,231.0,65821.11847104,15073225.99999802
2026-05-21 08:15:00,231.0,231.0,230.0,230.0,976.37869376,225499.9999977
2026-05-21 08:30:00,231.0,231.0,231.0,231.0,132.97835497,30717.99999807
2026-05-21 08:45:00,230.0,230.0,229.0,229.0,12018.45950159,2754431.13890757
2026-05-21 09:00:00,229.0,231.0,229.0,231.0,48983.1564269,11281779.33717544
2026-05-21 09:15:00,231.0,231.0,231.0,231.0,45428.51398149,10493986.72972419
2026-05-21 09:30:00,232.0,232.0,230.0,231.0,49302.08618865,11392871.73409826
2026-05-21 09:45:00,231.0,231.0,231.0,231.0,60.6060606,13999.9999986
2026-05-21 10:00:00,232.0,232.0,231.0,231.0,67930.22159615,15692161.36112444
2026-05-21 10:15:00,230.0,230.0,230.0,230.0,14793.14437887,3402423.2071401
2026-05-21 10:30:00,230.0,230.0,229.0,230.0,36734.87611642,8441377.04788199
2026-05-21 10:45:00,230.0,230.0,229.0,230.0,2024.07983856,464999.11364301
2026-05-21 11:00:00,230.0,230.0,229.0,229.0,3141.66215574,720402.83413178
2026-05-21 11:15:00,229.0,230.0,229.0,230.0,304.21524663,69745.29147827
2026-05-21 11:30:00,231.0,231.0,230.0,230.0,18421.65132398,4240375.34224435
2026-05-21 11:45:00,230.0,230.0,230.0,230.0,4649.12655325,1069299.1072475
2026-05-21 12:00:00,229.0,229.0,229.0,229.0,1978.79692438,453144.49568302
2026-05-21 12:30:00,230.0,231.0,230.0,230.0,20903.95682843,4808043.42697285
2026-05-21 12:45:00,231.0,231.0,231.0,231.0,6075.0,1403325.0
2026-05-21 13:00:00,231.0,231.0,229.0,231.0,127238.76738445,29195634.29128212
2026-05-21 13:15:00,231.0,231.0,231.0,231.0,1145.0,264495.0
2026-05-21 13:30:00,231.0,231.0,231.0,231.0,2576.19047618,595099.99999758
2026-05-21 13:45:00,231.0,231.0,231.0,231.0,454.11277044,104900.04997164
2026-05-21 14:00:00,231.0,231.0,231.0,231.0,688.31385173,159000.49974963
2026-05-21 14:15:00,230.0,230.0,228.0,228.0,56996.65987046,13073320.10185195
2026-05-21 14:30:00,228.0,229.0,228.0,229.0,10094.27536643,2301585.25516176
2026-05-21 14:45:00,229.0,229.0,229.0,229.0,22660.7322224,5189307.6789296
2026-05-21 15:15:00,228.0,228.0,228.0,228.0,7052.5240526,1607975.4839928
2026-05-21 15:30:00,228.0,229.0,228.0,229.0,1102.71724946,251510.0044926
2026-05-21 15:45:00,227.0,227.0,226.0,226.0,31354.33167362,7097079.30761087
2026-05-21 16:15:00,228.0,229.0,228.0,228.0,1949.06081815,444458.43612827
2026-05-21 16:30:00,228.0,229.0,228.0,229.0,1917.38582187,437276.93900208
2026-05-21 16:45:00,229.0,229.0,229.0,229.0,40178.07336186,9200778.79986594
2026-05-21 17:00:00,229.0,229.0,228.0,228.0,12146.95282883,2780467.84583546
2026-05-21 17:15:00,229.0,229.0,228.0,229.0,19893.04058727,4536202.71899033
2026-05-21 17:30:00,228.0,230.0,228.0,230.0,43582.05947996,9980339.22798018
2026-05-21 17:45:00,229.0,229.0,229.0,229.0,96.069869,22000.000001
2026-05-21 18:00:00,230.0,230.0,229.0,230.0,35468.427698,8151738.37054
2026-05-21 18:15:00,230.0,230.0,230.0,230.0,436.71453363,100444.3427349
2026-05-21 18:30:00,231.0,232.0,230.0,232.0,16413.18244394,3795830.4191595
2026-05-21 18:45:00,232.0,232.0,232.0,232.0,16813.71383273,3900781.60919336
2026-05-21 19:00:00,232.0,232.0,232.0,232.0,15774.09140257,3659589.20539624
2026-05-21 19:15:00,231.0,231.0,230.0,230.0,23391.68775454,5386635.08758135
2026-05-21 19:30:00,230.0,231.0,230.0,231.0,13059.05045118,3007990.5783274
2026-05-21 19:45:00,230.0,230.0,229.0,229.0,77510.84420405,17749983.67748433
2026-05-21 20:00:00,229.0,230.0,229.0,229.0,2383.41516331,546564.42877438
2026-05-21 20:15:00,230.0,230.0,229.0,229.0,3617.50983354,831338.94786247
2026-05-21 20:30:00,230.0,231.0,230.0,231.0,30941.21979289,7116570.24067638
2026-05-21 20:45:00,231.0,231.0,231.0,231.0,43.29004329,9999.99999999
2026-05-21 21:00:00,230.0,230.0,230.0,230.0,121.68245614,27986.9649122
2026-05-21 21:15:00,230.0,230.0,230.0,230.0,1123.57841341,258423.0350843
2026-05-21 21:30:00,230.0,231.0,229.0,231.0,102218.0067147,23526159.27845764
2026-05-21 21:45:00,231.0,232.0,231.0,232.0,87609.34232719,20238267.99999467
2026-05-21 22:00:00,232.0,233.0,232.0,233.0,104205.2352108,24205185.33559741
2026-05-21 22:15:00,232.0,232.0,230.0,230.0,32775.98581731,7593269.74735536
2026-05-21 22:30:00,230.0,232.0,230.0,231.0,34615.48405347,7965817.1180757
2026-05-21 22:45:00,232.0,233.0,232.0,232.0,79539.57124607,18453210.52908824
2026-05-21 23:00:00,234.0,234.0,233.0,233.0,217551.91801508,50906278.3357224
2026-05-21 23:15:00,234.0,236.0,233.0,235.0,52541.07724562,12320835.3725121
2026-05-21 23:30:00,236.0,237.0,236.0,236.0,55834.19889218,13176958.35627599
2026-05-21 23:45:00,236.0,238.0,236.0,237.0,56829.24845305,13484426.50950885
2026-05-22 00:00:00,237.0,237.0,235.0,235.0,15880.0420558,3749590.78631983
2026-05-22 00:15:00,235.0,236.0,235.0,236.0,7942.13646346,1872310.72201131
2026-05-22 00:30:00,236.0,236.0,235.0,236.0,3582.30815393,845020.03481761
2026-05-22 00:45:00,236.0,236.0,236.0,236.0,3470.30574567,818992.15597812
2026-05-22 01:00:00,236.0,237.0,236.0,236.0,2080.09361326,490931.62859433
2026-05-22 01:15:00,236.0,236.0,236.0,236.0,116.06135371,27390.47947556
2026-05-22 01:30:00,237.0,237.0,236.0,236.0,2164.54068534,512597.14242558
2026-05-22 01:45:00,236.0,236.0,236.0,236.0,2.92615556,690.57271216
2026-05-22 02:00:00,237.0,238.0,237.0,237.0,38743.04033659,9220756.0219567
2026-05-22 02:15:00,238.0,239.0,237.0,237.0,5189.5520875,1239597.68115178
2026-05-22 02:30:00,237.0,239.0,237.0,239.0,4718.3849874,1125694.0119886
2026-05-22 02:45:00,239.0,239.0,238.0,238.0,5965.87469605,1420798.47901549
2026-05-22 03:00:00,239.0,240.0,238.0,238.0,1266.31550108,301499.9999962
2026-05-22 03:15:00,239.0,239.0,238.0,238.0,2407.15481168,573019.99999152
2026-05-22 03:30:00,239.0,239.0,239.0,239.0,86.68619246,20717.99999794
2026-05-22 03:45:00,238.0,238.0,238.0,238.0,4331.89077728,1030990.00499264
2026-05-22 04:00:00,237.0,237.0,236.0,237.0,47767.08183651,11292655.70682401
2026-05-22 04:15:00,237.0,237.0,237.0,237.0,138.60759493,32849.99999841
2026-05-22 04:30:00,238.0,240.0,238.0,240.0,804.91257238,191871.35416856
2026-05-22 04:45:00,240.0,242.0,240.0,241.0,101284.78282103,24339378.7253566
2026-05-22 05:00:00,242.0,244.0,242.0,244.0,327081.81410146,79596340.20384333
2026-05-22 05:15:00,243.0,246.0,243.0,245.0,129026.18177573,31531635.94678126
2026-05-22 05:30:00,245.0,246.0,242.0,243.0,130171.13941146,31857285.11066013
2026-05-22 05:45:00,245.0,246.0,244.0,246.0,33647.1304442,8253039.6489717
2026-05-22 06:00:00,246.0,246.0,243.0,243.0,95152.49301763,23240616.05602469
2026-05-22 06:15:00,243.0,244.0,242.0,244.0,1868.65063776,453053.92486906
2026-05-22 06:30:00,243.0,244.0,242.0,242.0,2287.07276092,554362.82129984
2026-05-22 06:45:00,242.0,243.0,242.0,242.0,7021.33872443,1699694.77789642
2026-05-22 07:00:00,241.0,241.0,237.0,238.0,54888.14414046,13130895.4068556
2026-05-22 07:15:00,237.0,237.0,236.0,237.0,62135.10504531,14692808.39317909
2026-05-22 07:30:00,236.0,237.0,235.0,237.0,14269.99897338,3375209.14252006
2026-05-22 07:45:00,236.0,236.0,235.0,236.0,5175.87998041,1221463.81637676
2026-05-22 08:00:00,235.0,237.0,235.0,236.0,18028.98290702,4236896.09207964
2026-05-22 08:15:00,235.0,236.0,235.0,235.0,14877.43685555,3496240.0339356
2026-05-22 08:30:00,235.0,235.0,235.0,235.0,26827.70665698,6304511.0643903
2026-05-22 08:45:00,234.0,234.0,233.0,233.0,16060.12216696,3754276.22876163
2026-05-22 09:00:00,233.0,234.0,233.0,234.0,8720.97680923,2032030.33159332
2026-05-22 09:15:00,233.0,233.0,233.0,233.0,1485.62336781,346150.24469973
2026-05-22 09:30:00,233.0,234.0,233.0,234.0,318.14321667,74215.90794564
2026-05-22 09:45:00,233.0,233.0,233.0,233.0,16087.84549356,3748467.99999948
2026-05-22 10:00:00,233.0,234.0,233.0,234.0,20209.67213113,4728243.60655329
2026-05-22 10:15:00,235.0,235.0,234.0,234.0,12291.30764793,2887743.5365798
2026-05-22 10:30:00,234.0,234.0,234.0,234.0,159955.82383593,37429662.77760762
2026-05-22 10:45:00,233.0,233.0,233.0,233.0,58874.55375956,13717771.02597748
2026-05-22 11:00:00,233.0,233.0,232.0,233.0,14382.57833003,3346039.14359699
2026-05-22 11:15:00,233.0,233.0,232.0,232.0,8929.26323166,2072447.43884383
2026-05-22 11:30:00,233.0,233.0,233.0,233.0,2017.91845493,470174.99999869
2026-05-22 11:45:00,232.0,233.0,232.0,232.0,36656.99009596,8506536.83101807
2026-05-22 12:00:00,231.0,231.0,230.0,231.0,64330.66120327,14809086.89123493
2026-05-22 12:15:00,231.0,232.0,231.0,231.0,86328.22514084,19993145.04896159
2026-05-22 12:30:00,231.0,232.0,231.0,232.0,297.64854057,68846.1145958
2026-05-22 12:45:00,231.0,231.0,231.0,231.0,9550.46162948,2206156.63640988
2026-05-22 13:00:00,232.0,233.0,232.0,233.0,1398.82556466,324644.35656578
2026-05-22 13:15:00,232.0,232.0,232.0,232.0,482.0,111824.0
2026-05-22 13:30:00,232.0,233.0,232.0,233.0,997.78698203,231984.36681299
2026-05-22 13:45:00,233.0,233.0,233.0,233.0,21877.68776555,5097501.24937315
2026-05-22 14:00:00,233.0,234.0,233.0,234.0,7144.85032162,1669750.12493746
2026-05-22 14:15:00,233.0,235.0,233.0,235.0,368.60631108,86199.66965081
2026-05-22 14:30:00,234.0,234.0,233.0,233.0,733.49794336,171098.55971719
2026-05-22 14:45:00,232.0,232.0,231.0,232.0,55190.56242286,12790416.48210352
2026-05-22 15:00:00,232.0,233.0,232.0,233.0,22293.59545707,5190159.74149731
2026-05-22 15:15:00,234.0,234.0,233.0,233.0,40535.95101103,9444919.32061272
2026-05-22 15:30:00,232.0,233.0,232.0,232.0,24436.28899489,5669436.72063421
2026-05-22 15:45:00,231.0,231.0,231.0,231.0,2307.57910795,533050.77393645
2026-05-22 16:00:00,230.0,230.0,230.0,230.0,1065.0,244950.0
2026-05-22 16:15:00,231.0,231.0,231.0,231.0,9547.05915584,2205370.66499904
2026-05-22 16:30:00,231.0,232.0,230.0,232.0,40671.93628656,9373233.89020122
2026-05-22 16:45:00,231.0,231.0,230.0,230.0,1128.69723851,260657.78498738
2026-05-22 17:00:00,231.0,231.0,230.0,231.0,95430.48367211,21950228.41268775
2026-05-22 17:15:00,232.0,232.0,231.0,231.0,91031.39481124,21028295.30484471
2026-05-22 17:30:00,231.0,232.0,230.0,232.0,5165.26590653,1190727.74404136
2026-05-22 17:45:00,231.0,231.0,231.0,231.0,90219.93129933,20840804.13014523
2026-05-22 18:30:00,232.0,232.0,231.0,231.0,1284.64280553,296838.3249873
2026-05-22 18:45:00,231.0,231.0,231.0,231.0,2000.0,462000.0
2026-05-22 19:00:00,230.0,230.0,229.0,229.0,22131.68510638,5077998.07075677
2026-05-22 19:15:00,230.0,230.0,230.0,230.0,1521.73913043,349999.9999989
2026-05-22 19:30:00,231.0,231.0,231.0,231.0,89.68831168,20717.99999808
2026-05-22 19:45:00,230.0,230.0,229.0,230.0,19805.92720485,4554878.2571155
2026-05-22 20:00:00,230.0,230.0,230.0,230.0,195028.36022642,44856522.8520766
2026-05-22 20:15:00,230.0,230.0,230.0,230.0,34399.75088068,7911942.7025564
2026-05-22 20:30:00,230.0,230.0,230.0,230.0,90.07826086,20717.9999978
2026-05-22 20:45:00,230.0,230.0,230.0,230.0,14347.82608694,3299999.9999962
2026-05-22 21:00:00,229.0,230.0,229.0,229.0,76029.77433554,17410848.32283866
2026-05-22 21:15:00,229.0,230.0,228.0,229.0,6163.3853742,1411766.92229542
2026-05-22 21:30:00,230.0,231.0,230.0,231.0,419.09105107,96536.99999601
2026-05-22 21:45:00,230.0,230.0,229.0,229.0,30124.80980879,6926067.84615419
2026-05-22 22:00:00,229.0,229.0,229.0,229.0,32584.47475469,7461844.71882401
2026-05-22 22:15:00,230.0,230.0,229.0,229.0,206706.36515772,47506395.03936744
2026-05-22 22:30:00,230.0,232.0,230.0,231.0,63562.99041007,14676795.99751876
2026-05-22 22:45:00,231.0,232.0,230.0,230.0,123394.25844112,28513901.74327358
2026-05-22 23:00:00,231.0,231.0,231.0,231.0,25205.652489,5822505.724959
2026-05-22 23:15:00,231.0,232.0,230.0,230.0,206360.54424191,47638167.62924764
2026-05-22 23:30:00,231.0,231.0,230.0,231.0,49636.30407201,11416508.88894324
2026-05-22 23:45:00,230.0,230.0,229.0,229.0,107882.16846934,24810152.02305738
2026-05-23 00:00:00,230.0,230.0,229.0,229.0,31038.96669321,7138623.07264422
2026-05-23 00:30:00,231.0,231.0,230.0,230.0,2578.53965784,595552.58270018
2026-05-23 00:45:00,229.0,229.0,229.0,229.0,12287.46443444,2813829.35548676
2026-05-23 01:00:00,229.0,229.0,229.0,229.0,622.11534924,142464.41497596
2026-05-23 01:15:00,230.0,232.0,229.0,232.0,2655.72324068,613348.47319708
2026-05-23 01:30:00,233.0,234.0,232.0,234.0,64847.12770428,15110282.75787223
2026-05-23 01:45:00,234.0,234.0,233.0,233.0,21781.99343526,5075527.23638302
2026-05-23 02:00:00,234.0,234.0,234.0,234.0,72.62820512,16994.99999808
2026-05-23 02:15:00,232.0,233.0,232.0,232.0,1735.30973711,402641.85900952
2026-05-23 02:30:00,233.0,234.0,233.0,234.0,597.2423242,139246.00000013
2026-05-23 02:45:00,233.0,234.0,233.0,234.0,512.2836533,119861.19032285
2026-05-23 03:00:00,233.0,235.0,233.0,235.0,31787.76332772,7408836.26632964
2026-05-23 03:15:00,235.0,235.0,234.0,234.0,21399.01197162,5028594.36033924
2026-05-23 03:30:00,234.0,235.0,234.0,235.0,1109.64658201,259770.99380735
2026-05-23 03:45:00,234.0,236.0,233.0,236.0,13945.58436472,3260904.86266518
2026-05-23 04:00:00,234.0,235.0,234.0,234.0,8300.06106692,1942749.71861918
2026-05-23 04:15:00,234.0,234.0,233.0,233.0,8247.449135,1921746.67409602
2026-05-23 04:30:00,232.0,232.0,230.0,231.0,28239.14569857,6540439.92071258
2026-05-23 04:45:00,230.0,232.0,230.0,232.0,21632.58200724,4991535.46061533
2026-05-23 05:00:00,232.0,233.0,231.0,231.0,200174.22405226,46319736.41580626
2026-05-23 05:15:00,231.0,233.0,231.0,233.0,6157.73323918,1430281.97808207
2026-05-23 05:30:00,233.0,234.0,233.0,234.0,29070.22339131,6773479.24051933
2026-05-23 05:45:00,234.0,234.0,233.0,233.0,119.49325027,27869.14588506
2026-05-23 06:00:00,234.0,235.0,234.0,235.0,27700.4723677,6509364.79143241
2026-05-23 06:15:00,235.0,235.0,235.0,235.0,3754.57177842,882324.3679287
2026-05-23 06:30:00,235.0,236.0,235.0,236.0,886.30341055,209123.93676753
2026-05-23 06:45:00,235.0,236.0,234.0,235.0,171546.13078885,40253307.57172987
2026-05-23 07:00:00,236.0,236.0,232.0,232.0,63304.25537636,14901375.56001662
2026-05-23 07:15:00,232.0,232.0,232.0,232.0,42011.9896948,9746781.6091936
2026-05-23 07:30:00,233.0,233.0,233.0,233.0,200.97841201,46827.96999833
2026-05-23 07:45:00,233.0,234.0,233.0,234.0,102241.38481439,23924269.32982907
2026-05-23 08:00:00,234.0,235.0,233.0,233.0,18948.49532395,4429322.72746698
2026-05-23 08:15:00,235.0,235.0,234.0,234.0,58846.48526799,13805924.03797765
2026-05-23 08:30:00,234.0,235.0,234.0,234.0,4759.57290284,1113828.22096668
2026-05-23 08:45:00,234.0,236.0,234.0,235.0,37853.81077473,8895143.80091331
2026-05-23 09:00:00,235.0,237.0,235.0,236.0,250472.51061839,59261187.05102118
2026-05-23 09:15:00,237.0,238.0,236.0,237.0,88441.67676348,20931398.21167761
2026-05-23 09:30:00,236.0,237.0,235.0,237.0,43957.21635589,10350086.34211265
2026-05-23 09:45:00,236.0,237.0,236.0,237.0,20181.73584342,4769956.72256177
2026-05-23 10:00:00,237.0,237.0,236.0,236.0,100055.19960603,23667056.82261672
2026-05-23 10:15:00,236.0,237.0,236.0,237.0,28156.80818975,6659860.94375146
2026-05-23 10:30:00,238.0,238.0,237.0,237.0,29665.2102297,7057114.52046902
2026-05-23 10:45:00,237.0,238.0,237.0,237.0,13479.02417153,3195788.60260218
2026-05-23 11:00:00,237.0,238.0,237.0,237.0,11198.06793697,2658042.69349886
2026-05-23 11:15:00,237.0,239.0,237.0,239.0,183558.80985791,43763329.59034598
2026-05-23 11:30:00,239.0,239.0,238.0,238.0,17876.75554882,4255295.43568192
2026-05-23 11:45:00,238.0,238.0,236.0,236.0,63742.15589809,15161476.76114724
2026-05-23 12:00:00,236.0,237.0,236.0,237.0,21119.75255905,5005358.65034931
2026-05-23 12:15:00,237.0,238.0,236.0,237.0,27313.94294947,6473978.91515884
2026-05-23 12:30:00,237.0,238.0,237.0,238.0,35299.20842335,8365999.44675411
2026-05-23 12:45:00,237.0,237.0,236.0,236.0,27807.906562,6578764.7857747
2026-05-23 13:00:00,236.0,236.0,234.0,234.0,63114.75367692,14782042.7192433
2026-05-23 13:15:00,234.0,234.0,234.0,234.0,29.70085471,6950.00000214
2026-05-23 13:30:00,235.0,236.0,235.0,236.0,5192.78475375,1220392.20526684
2026-05-23 13:45:00,235.0,235.0,234.0,234.0,53466.33518941,12522396.55183894
2026-05-23 14:00:00,236.0,236.0,236.0,236.0,42.37288135,9999.9999986
2026-05-23 14:15:00,235.0,235.0,233.0,233.0,3284.67623315,766991.30289862
2026-05-23 14:30:00,235.0,235.0,234.0,234.0,386.42192106,90602.30399612
2026-05-23 14:45:00,233.0,234.0,233.0,234.0,4480.23402811,1048079.62750796
2026-05-23 15:00:00,235.0,236.0,235.0,236.0,32537.99504291,7672581.84561248
2026-05-23 15:15:00,234.0,234.0,234.0,234.0,79.2999877,18556.1971218
2026-05-23 15:30:00,234.0,235.0,233.0,234.0,49298.35585633,11577019.24148335
2026-05-23 15:45:00,233.0,233.0,233.0,233.0,31139.2970945,7255456.2230185
2026-05-23 16:00:00,235.0,235.0,233.0,234.0,133911.73153516,31467862.02260468
2026-05-23 16:15:00,233.0,233.0,233.0,233.0,4079.39578152,950499.21709416
2026-05-23 16:30:00,233.0,233.0,232.0,232.0,11750.14990918,2726579.98266951
2026-05-23 16:45:00,232.0,234.0,232.0,233.0,45805.71847682,10654295.22625258
2026-05-23 17:00:00,233.0,233.0,233.0,233.0,249.0,58017.0
2026-05-23 17:15:00,233.0,234.0,232.0,234.0,66134.48085042,15349019.95412774
2026-05-23 17:30:00,234.0,234.0,233.0,233.0,36348.41154598,8482456.38102768
2026-05-23 17:45:00,233.0,233.0,233.0,233.0,10428.17426978,2429764.60485874
2026-05-23 18:00:00,233.0,233.0,232.0,233.0,4321.88977351,1006950.31722783
2026-05-23 18:15:00,233.0,233.0,232.0,232.0,5064.29666974,1179916.82737968
2026-05-23 18:30:00,233.0,233.0,232.0,233.0,28253.70448296,6554972.66030165
2026-05-23 18:45:00,233.0,233.0,232.0,233.0,13573.06516947,3150309.48841575
2026-05-23 19:00:00,232.0,233.0,232.0,233.0,1691.53088874,393477.67094014
2026-05-23 19:15:00,234.0,235.0,234.0,234.0,11611.108001,2724084.64244676
2026-05-23 19:30:00,234.0,234.0,232.0,232.0,10886.16270356,2532658.91490831
2026-05-23 20:00:00,234.0,234.0,233.0,233.0,10048.54112018,2341958.50038198
2026-05-23 20:15:00,234.0,235.0,234.0,235.0,7369.0635,1728449.9225
2026-05-23 20:30:00,236.0,236.0,235.0,236.0,36259.07828673,8543019.98315222
2026-05-23 20:45:00,236.0,236.0,235.0,235.0,93246.65806636,21998524.41004393
2026-05-23 21:00:00,235.0,236.0,235.0,236.0,7499.65582654,1766370.77506344
2026-05-23 21:15:00,236.0,236.0,233.0,234.0,170517.05791022,40111028.19343036
2026-05-23 21:30:00,234.0,235.0,233.0,234.0,9776.0282681,2288184.64101747
2026-05-23 21:45:00,234.0,234.0,234.0,234.0,12249.82807741,2866459.77011394
2026-05-23 22:00:00,235.0,236.0,234.0,236.0,100542.91383543,23632419.6562949
2026-05-23 22:15:00,235.0,236.0,235.0,235.0,39113.42943521,9222885.79991775
2026-05-23 22:30:00,236.0,237.0,235.0,236.0,26043.66320041,6145333.1438959
2026-05-23 22:45:00,236.0,237.0,236.0,237.0,6033.29481459,1424907.57624324
2026-05-23 23:00:00,237.0,238.0,236.0,237.0,26502.84733211,6286863.28409236
2026-05-23 23:15:00,237.0,237.0,237.0,237.0,151405.54719582,35883114.68540934
2026-05-23 23:30:00,237.0,238.0,237.0,238.0,144243.00186551,34225847.0941556
2026-05-23 23:45:00,238.0,239.0,238.0,239.0,38174.61801697,9094149.72861392
2026-05-24 00:00:00,239.0,239.0,238.0,239.0,28666.42649573,6841465.60267406
2026-05-24 00:15:00,239.0,240.0,238.0,238.0,129629.85436898,31091973.28076788
2026-05-24 00:30:00,238.0,240.0,238.0,238.0,13575.53529199,3256822.93516438
2026-05-24 00:45:00,239.0,240.0,239.0,239.0,31907.20249082,7645841.83405846
2026-05-24 01:00:00,239.0,239.0,237.0,238.0,104452.84998059,24864724.88109867
2026-05-24 01:15:00,238.0,238.0,237.0,237.0,116096.72430836,27517472.82137511
2026-05-24 01:30:00,237.0,238.0,237.0,237.0,137198.62571607,32516203.36193547
2026-05-24 01:45:00,237.0,238.0,236.0,237.0,111413.07875554,26378094.25768179
2026-05-24 02:00:00,236.0,237.0,235.0,236.0,69500.79481845,16391919.82696221
2026-05-24 02:15:00,237.0,237.0,236.0,236.0,11833.39975579,2801515.74212223
2026-05-24 02:30:00,238.0,239.0,238.0,239.0,217.06343204,51777.0717209
2026-05-24 02:45:00,239.0,240.0,239.0,239.0,12978.37988971,3101951.28279765
2026-05-24 03:00:00,239.0,240.0,239.0,240.0,2666.64842263,637387.30634189
2026-05-24 03:15:00,239.0,239.0,238.0,238.0,31839.12821944,7578530.51308603
2026-05-24 03:30:00,239.0,240.0,238.0,240.0,2332.14602565,557608.4041047
2026-05-24 03:45:00,240.0,240.0,239.0,239.0,13704.54791665,3284924.83332934
2026-05-24 04:00:00,239.0,240.0,238.0,238.0,8619.57331514,2056664.62403816
2026-05-24 04:15:00,238.0,239.0,238.0,239.0,27727.9026729,6617898.72453915
2026-05-24 04:30:00,239.0,240.0,239.0,240.0,36793.47338246,8802059.79674127
2026-05-24 04:45:00,240.0,241.0,239.0,240.0,40813.05498845,9794745.57620449
2026-05-24 05:00:00,239.0,240.0,238.0,239.0,45603.30602208,10860693.60537482
2026-05-24 05:15:00,239.0,239.0,239.0,239.0,25185.02480976,6019220.92953264
2026-05-24 05:30:00,238.0,239.0,237.0,239.0,67396.18621722,16017819.5082586
2026-05-24 05:45:00,238.0,239.0,238.0,239.0,29370.64740606,6998274.44665901
2026-05-24 06:00:00,239.0,240.0,239.0,240.0,1314.13662332,314138.65297348
2026-05-24 06:15:00,240.0,241.0,240.0,241.0,8384.93956515,2017730.98056986
2026-05-24 06:30:00,241.0,242.0,240.0,240.0,25638.17989839,6170096.09189163
2026-05-24 06:45:00,240.0,240.0,240.0,240.0,40974.7584541,9833942.028984
2026-05-24 07:00:00,240.0,240.0,237.0,238.0,46077.5677989,11015828.63757134
2026-05-24 07:15:00,238.0,238.0,237.0,237.0,22284.99469096,5283685.62883708
2026-05-24 07:30:00,237.0,239.0,236.0,239.0,58713.51954173,13895751.78164882
2026-05-24 07:45:00,239.0,240.0,238.0,239.0,9980.06438185,2389386.86223673
2026-05-24 08:00:00,240.0,242.0,240.0,242.0,175289.54667192,42243515.93863495
2026-05-24 08:15:00,242.0,242.0,241.0,241.0,127912.08230926,30954043.85189092
2026-05-24 08:30:00,241.0,242.0,241.0,242.0,25411.59211123,6133543.37310552
2026-05-24 08:45:00,242.0,243.0,241.0,242.0,23207.27400311,5620227.67331365
2026-05-24 09:00:00,242.0,244.0,242.0,244.0,196410.39354942,47829528.39986108
2026-05-24 09:15:00,244.0,244.0,243.0,243.0,37646.27601406,9173544.0442965
2026-05-24 09:30:00,243.0,245.0,243.0,244.0,34478.74716924,8416836.19000548
2026-05-24 09:45:00,243.0,245.0,243.0,244.0,16535.51819798,4042251.36865417
2026-05-24 10:00:00,244.0,244.0,242.0,242.0,86892.84492245,21120986.26408232
2026-05-24 10:15:00,242.0,243.0,241.0,243.0,21760.76491634,5265342.64300827
2026-05-24 10:30:00,243.0,243.0,242.0,243.0,1945.3827759,470896.69761141
2026-05-24 10:45:00,243.0,243.0,242.0,242.0,802.50289121,194590.05751692
2026-05-24 11:00:00,242.0,243.0,242.0,242.0,11031.05795078,2670453.15223249
2026-05-24 11:15:00,243.0,243.0,243.0,243.0,1037.45370369,252101.24999667
2026-05-24 11:30:00,244.0,244.0,242.0,243.0,11423.8894962,2776033.66874865
2026-05-24 11:45:00,243.0,244.0,243.0,244.0,19201.50408126,4683565.81199844
2026-05-24 12:00:00,244.0,244.0,243.0,243.0,2288.26378988,557191.66651461
2026-05-24 12:15:00,244.0,244.0,243.0,243.0,34741.9187736,8465835.13099291
2026-05-24 12:30:00,244.0,244.0,243.0,243.0,18534.52657933,4522294.18440617
2026-05-24 12:45:00,243.0,243.0,243.0,243.0,16574.88012196,4027695.86963628
2026-05-24 13:00:00,243.0,246.0,243.0,245.0,105430.23281947,25789763.35592241
2026-05-24 13:15:00,246.0,246.0,246.0,246.0,21075.88148561,5184666.84546006
2026-05-24 13:30:00,246.0,246.0,245.0,246.0,32736.784527,8045173.72191963
2026-05-24 13:45:00,245.0,247.0,245.0,245.0,22765.72136657,5605347.33307838
2026-05-24 14:00:00,245.0,245.0,244.0,244.0,55365.69884235,13564503.50783583
2026-05-24 14:15:00,244.0,245.0,244.0,245.0,5394.04731536,1320847.80466492
2026-05-24 14:30:00,245.0,245.0,243.0,244.0,152308.42278786,37056448.19895845
2026-05-24 14:45:00,243.0,244.0,243.0,244.0,26351.0242286,6429187.65348222
2026-05-24 15:00:00,245.0,245.0,243.0,245.0,2072.4591291,506530.17906415
2026-05-24 15:15:00,245.0,245.0,244.0,244.0,16971.42069647,4142067.46626521
2026-05-24 15:30:00,244.0,246.0,243.0,244.0,50560.29432604,12354987.49438133
2026-05-24 15:45:00,244.0,244.0,244.0,244.0,22473.06628234,5483428.17289096
2026-05-24 16:00:00,244.0,245.0,243.0,245.0,56215.89421039,13769028.19629965
2026-05-24 16:15:00,245.0,247.0,245.0,247.0,28515.52707974,7028390.46909486
2026-05-24 16:30:00,246.0,247.0,245.0,246.0,52019.70286992,12833496.30356397
2026-05-24 16:45:00,246.0,248.0,246.0,247.0,7592.8800771,1869221.09912765
2026-05-24 17:00:00,245.0,246.0,245.0,246.0,346.03362775,84840.70438579
2026-05-24 17:15:00,245.0,246.0,245.0,246.0,65738.27199302,16171094.02959424
2026-05-24 17:30:00,247.0,247.0,247.0,247.0,20461.44432944,5053976.74937168
2026-05-24 17:45:00,247.0,248.0,244.0,246.0,32530.44199384,8000949.87911509
2026-05-24 18:00:00,245.0,245.0,244.0,245.0,53573.38439815,13123829.17754675
2026-05-24 18:15:00,246.0,246.0,246.0,246.0,21055.44620555,5179639.7665653
2026-05-24 18:30:00,245.0,246.0,245.0,246.0,10048.01644237,2463208.09110515
2026-05-24 18:45:00,247.0,248.0,247.0,248.0,14701.47991905,3637310.4190376
2026-05-24 19:00:00,248.0,248.0,247.0,248.0,44476.05560872,11017875.71939407
2026-05-24 19:15:00,247.0,248.0,247.0,247.0,29019.19015578,7177327.43684025
2026-05-24 19:30:00,247.0,248.0,246.0,247.0,47831.57480765,11815678.78278478
2026-05-24 19:45:00,246.0,247.0,246.0,246.0,56619.30500597,13928384.99840705
2026-05-24 20:00:00,247.0,248.0,247.0,248.0,18781.73288108,4640475.88704888
2026-05-24 20:15:00,248.0,249.0,247.0,247.0,100957.34280653,25061661.39190467
2026-05-24 20:30:00,247.0,249.0,247.0,248.0,53237.96693324,13196525.98029091
2026-05-24 20:45:00,248.0,249.0,247.0,248.0,79085.53971483,19625350.70839552
2026-05-24 21:00:00,248.0,248.0,247.0,248.0,21193.06669596,5248434.70033256
2026-05-24 21:15:00,249.0,249.0,247.0,247.0,80757.02990714,20006359.85051865
2026-05-24 21:30:00,247.0,248.0,246.0,248.0,32414.2388157,8006379.39692777
2026-05-24 21:45:00,248.0,248.0,247.0,248.0,30765.04756574,7627231.79630352
2026-05-24 22:00:00,248.0,248.0,247.0,247.0,19652.31915802,4863238.79456567
2026-05-24 22:15:00,248.0,248.0,247.0,248.0,7262.74950934,1801047.91525044
2026-05-24 22:30:00,248.0,248.0,248.0,248.0,28469.3812051,7060406.5388648
2026-05-24 22:45:00,247.0,247.0,243.0,244.0,47996.64311669,11761314.89957018
2026-05-24 23:00:00,244.0,245.0,244.0,245.0,60806.4217869,14893384.34749451
2026-05-24 23:15:00,245.0,247.0,244.0,246.0,101183.96321454,24776366.48428247
2026-05-24 23:30:00,246.0,247.0,246.0,247.0,28385.40586251,6983607.95546084
2026-05-24 23:45:00,248.0,249.0,247.0,248.0,37959.63578637,9413758.0400301
2026-05-25 00:00:00,248.0,248.0,247.0,248.0,15197.32709108,3768744.71704821
2026-05-25 00:15:00,248.0,249.0,248.0,249.0,4095.336412,1019280.80138403
2026-05-25 00:30:00,249.0,250.0,249.0,250.0,11096.81307334,2769532.44263468
2026-05-25 00:45:00,249.0,249.0,248.0,248.0,11700.1109006,2907636.5992268
2026-05-25 01:00:00,250.0,251.0,248.0,251.0,96161.23897987,24040138.84415517
2026-05-25 01:15:00,250.0,250.0,248.0,248.0,16858.99873876,4204701.70694526
2026-05-25 01:30:00,248.0,250.0,248.0,249.0,22081.59227155,5492747.80904619
2026-05-25 01:45:00,249.0,249.0,248.0,249.0,11371.40879358,2823452.6751446
2026-05-25 02:00:00,248.0,248.0,244.0,245.0,9593.6937221,2365194.51785885
2026-05-25 02:15:00,246.0,246.0,245.0,245.0,66.68029145,16377.3014967
2026-05-25 02:30:00,246.0,247.0,246.0,246.0,20415.38720305,5042501.92907327
2026-05-25 02:45:00,246.0,246.0,246.0,246.0,7984.18929728,1964110.56713088
2026-05-25 03:00:00,246.0,247.0,246.0,247.0,49987.85425101,12345999.99999947
2026-05-25 03:15:00,247.0,249.0,247.0,249.0,22530.91275846,5565253.12146512
2026-05-25 03:30:00,249.0,249.0,247.0,248.0,4456.2891127,1102907.64197431
2026-05-25 03:45:00,249.0,250.0,248.0,248.0,23136.3336,5777508.51767865
2026-05-25 04:00:00,248.0,249.0,248.0,249.0,4594.87252084,1141123.25768916
2026-05-25 04:15:00,247.0,247.0,246.0,247.0,27885.6384564,6878903.94714675
2026-05-25 04:30:00,246.0,246.0,245.0,245.0,8384.36759015,2060220.07152729
2026-05-25 04:45:00,246.0,246.0,246.0,246.0,11441.7517667,2814670.9346082
2026-05-25 05:00:00,246.0,247.0,246.0,247.0,1988.61049137,490469.97456312
2026-05-25 05:15:00,247.0,247.0,247.0,247.0,10146.55971609,2506200.24987423
2026-05-25 05:30:00,246.0,248.0,246.0,248.0,5968.28710847,1472424.06896753
2026-05-25 05:45:00,248.0,249.0,248.0,249.0,20206.4616885,5011242.82132864
2026-05-25 06:00:00,249.0,250.0,249.0,250.0,6193.82908474,1542930.50856702
2026-05-25 06:15:00,250.0,250.0,250.0,250.0,18353.19633482,4588299.083705
2026-05-25 06:30:00,249.0,249.0,247.0,248.0,21431.93198959,5313011.93920939
2026-05-25 06:45:00,248.0,248.0,247.0,247.0,76599.69637492,18954496.63014155
2026-05-25 07:00:00,248.0,249.0,248.0,249.0,40057.6219872,9972053.25532751
2026-05-25 07:15:00,249.0,249.0,248.0,249.0,38158.97474154,9491584.71064346
2026-05-25 07:30:00,249.0,249.0,248.0,248.0,1228.22580645,304924.9999996
2026-05-25 07:45:00,248.0,248.0,247.0,247.0,65069.78583374,16072277.42351442
2026-05-25 08:00:00,248.0,248.0,247.0,248.0,16636.11157348,4125705.67022304
2026-05-25 08:15:00,248.0,250.0,248.0,250.0,57328.65768271,14259039.64876193
2026-05-25 08:30:00,249.0,250.0,249.0,250.0,21345.71054802,5331050.42672045
2026-05-25 08:45:00,250.0,250.0,248.0,250.0,6619.17459343,1654677.03569622
2026-05-25 09:00:00,248.0,250.0,248.0,250.0,85332.83377712,21317040.44851707
2026-05-25 09:15:00,250.0,250.0,249.0,249.0,13956.46191963,3475865.63398787
2026-05-25 09:30:00,248.0,249.0,247.0,247.0,38662.39302686,9588578.4527084
2026-05-25 09:45:00,247.0,247.0,246.0,247.0,31909.75739038,7877684.60358647
2026-05-25 10:00:00,247.0,247.0,247.0,247.0,15428.41022886,3810817.32652842
2026-05-25 10:15:00,246.0,247.0,246.0,247.0,24911.59190089,6129909.16919348
2026-05-25 10:30:00,247.0,248.0,247.0,247.0,53557.31140339,13228691.28604939
2026-05-25 10:45:00,248.0,248.0,248.0,248.0,13196.77419354,3272799.99999792
2026-05-25 11:00:00,247.0,247.0,246.0,247.0,57639.03631964,14188537.12965822
2026-05-25 11:30:00,247.0,248.0,247.0,248.0,2218.45701805,549975.0124906
2026-05-25 11:45:00,247.0,247.0,246.0,246.0,1738.40385881,427829.53526726
2026-05-25 12:00:00,248.0,248.0,248.0,248.0,38799.97904273,9622394.80259704
2026-05-25 12:15:00,248.0,248.0,246.0,248.0,7901.9032258,1948756.787147
2026-05-25 12:30:00,247.0,248.0,246.0,248.0,48508.59170412,12020768.98455727
2026-05-25 12:45:00,248.0,248.0,246.0,247.0,4492.16704082,1111661.49347091
2026-05-25 13:00:00,247.0,248.0,247.0,248.0,17822.64227262,4402637.80206616
2026-05-25 13:15:00,248.0,248.0,246.0,247.0,7030.49388635,1737865.8357533
2026-05-25 13:30:00,248.0,248.0,248.0,248.0,100893.38419599,25021559.28060552
2026-05-25 13:45:00,248.0,248.0,248.0,248.0,3003.29963673,744818.30990904
2026-05-25 14:00:00,248.0,249.0,248.0,248.0,16664.40312962,4142844.3229076
2026-05-25 14:15:00,248.0,249.0,248.0,248.0,26307.29939236,6526618.88384342
2026-05-25 14:30:00,248.0,248.0,247.0,247.0,37493.67977399,9298060.20372297
2026-05-25 14:45:00,247.0,248.0,247.0,248.0,8910.54108448,2200925.50270526
2026-05-25 15:00:00,248.0,248.0,248.0,248.0,6927.97174895,1718136.9937396
2026-05-25 15:15:00,247.0,247.0,247.0,247.0,3027.13075378,747701.29618366
2026-05-25 15:30:00,247.0,247.0,247.0,247.0,444.89900798,109890.05497106
2026-05-25 15:45:00,247.0,247.0,246.0,247.0,27779.54118013,6834099.36975905
2026-05-25 16:00:00,247.0,247.0,246.0,246.0,58961.74099885,14544092.94044259
2026-05-25 16:15:00,246.0,246.0,245.0,245.0,42301.47840328,10366101.43175225
2026-05-25 16:30:00,245.0,246.0,245.0,246.0,16750.03092206,4110308.62468518
2026-05-25 16:45:00,246.0,246.0,245.0,246.0,1778.9134388,437499.95129651
2026-05-25 17:00:00,245.0,245.0,245.0,245.0,1053.84371228,258191.7095086
2026-05-25 17:15:00,245.0,246.0,245.0,246.0,848.87694639,208781.35593059
2026-05-25 17:30:00,247.0,247.0,246.0,246.0,4722.09292472,1162101.92436972
2026-05-25 17:45:00,246.0,247.0,246.0,247.0,6927.99727188,1704309.27220231
2026-05-25 18:00:00,247.0,247.0,247.0,247.0,22221.88866393,5488806.49999071
2026-05-25 18:15:00,247.0,249.0,246.0,249.0,57658.11424273,14239699.41816554
2026-05-25 18:30:00,250.0,250.0,249.0,249.0,59644.73854773,14907774.35315738
2026-05-25 18:45:00,249.0,250.0,248.0,248.0,67305.81726945,16727545.6595668
2026-05-25 19:00:00,248.0,248.0,247.0,247.0,11799.74056437,2914719.08205192
2026-05-25 19:15:00,248.0,248.0,246.0,248.0,13219.06273118,3266870.34511549
2026-05-25 19:30:00,249.0,250.0,249.0,250.0,36454.8226378,9088116.85295911
2026-05-25 19:45:00,249.0,250.0,249.0,250.0,1751.52721285,437650.99999965
2026-05-25 20:00:00,249.0,249.0,248.0,249.0,25809.86016664,6403976.79474662
2026-05-25 20:15:00,248.0,249.0,248.0,249.0,13249.8056743,3298201.6129007
2026-05-25 20:30:00,249.0,249.0,249.0,249.0,3666.11071973,912861.56921277
2026-05-25 20:45:00,249.0,249.0,248.0,248.0,7346.76089197,1825067.87630373
2026-05-25 21:00:00,248.0,248.0,246.0,247.0,85397.72688111,21114663.59422934
2026-05-25 21:15:00,248.0,248.0,247.0,247.0,56622.73178346,14040702.38313612
2026-05-25 21:30:00,248.0,249.0,248.0,248.0,23739.97378613,5892638.88570721
2026-05-25 21:45:00,248.0,249.0,248.0,248.0,31776.15550655,7886167.12193259
2026-05-25 22:00:00,249.0,249.0,249.0,249.0,16221.36144477,4039118.99974773
2026-05-25 22:15:00,248.0,248.0,248.0,248.0,122.44897959,30367.34693832
2026-05-25 22:30:00,248.0,249.0,248.0,249.0,68242.31105119,16983848.93185976
2026-05-25 22:45:00,249.0,249.0,249.0,249.0,12890.71586294,3209788.24987206
2026-05-25 23:00:00,249.0,249.0,248.0,249.0,111255.14197518,27650321.51647845
2026-05-25 23:15:00,248.0,249.0,248.0,248.0,31417.18376187,7792143.74189944
2026-05-25 23:30:00,248.0,249.0,247.0,249.0,10850.137942,2681359.46288638
2026-05-25 23:45:00,248.0,249.0,248.0,249.0,11059.58634536,2748801.51003481
2026-05-26 00:00:00,248.0,249.0,248.0,249.0,8528.36751285,2119547.44644263
2026-05-26 00:15:00,249.0,250.0,248.0,249.0,1430.49266855,355851.24442209
2026-05-26 00:30:00,248.0,250.0,248.0,248.0,4535.13492251,1127051.02824374
2026-05-26 00:45:00,248.0,250.0,248.0,249.0,4032.77892996,1004161.95356004
2026-05-26 01:00:00,250.0,250.0,250.0,250.0,211.0,52750.0
2026-05-26 01:15:00,249.0,250.0,249.0,250.0,2423.1624257,605388.9999993
2026-05-26 01:30:00,250.0,250.0,249.0,250.0,27289.50247767,6821975.6194175
2026-05-26 01:45:00,250.0,250.0,250.0,250.0,80.0,20000.0
2026-05-26 02:00:00,249.0,249.0,248.0,248.0,1970.80680917,488998.64289103
2026-05-26 02:15:00,248.0,248.0,247.0,248.0,19737.9895598,4875817.08661378
2026-05-26 02:30:00,247.0,247.0,247.0,247.0,592.15619432,146262.57999704
2026-05-26 03:45:00,247.0,247.0,246.0,246.0,26585.70169451,6550597.21554861
2026-05-26 04:00:00,246.0,246.0,245.0,246.0,9239.79870812,2264796.17397513
2026-05-26 04:15:00,246.0,246.0,246.0,246.0,122.56504063,30150.99999498
2026-05-26 04:30:00,246.0,246.0,246.0,246.0,7040.94715447,1732072.99999962
2026-05-26 04:45:00,246.0,246.0,246.0,246.0,1529.94088,376365.45648
2026-05-26 05:00:00,246.0,247.0,245.0,247.0,13204.9221699,3243960.70680771
2026-05-26 05:15:00,247.0,247.0,246.0,246.0,427.89649959,105667.39719873
2026-05-26 05:30:00,246.0,246.0,246.0,246.0,40.6504065,9999.999999
2026-05-26 05:45:00,246.0,246.0,246.0,246.0,500.0,123000.0
2026-05-26 06:00:00,246.0,247.0,246.0,247.0,69442.98720938,17139487.23634692
2026-05-26 06:15:00,248.0,249.0,248.0,248.0,5428.11865994,1346341.46761724
2026-05-26 06:30:00,249.0,249.0,249.0,249.0,16958.94221563,4222776.61169187
2026-05-26 06:45:00,249.0,249.0,248.0,249.0,26933.74824115,6682626.62045759
2026-05-26 07:00:00,249.0,249.0,249.0,249.0,4294.03200802,1069213.96999698
2026-05-26 07:15:00,249.0,249.0,247.0,247.0,50308.63855419,12491730.50200135
2026-05-26 07:30:00,248.0,248.0,246.0,248.0,19221.3983246,4744781.87258604
2026-05-26 07:45:00,248.0,248.0,248.0,248.0,551.55415008,136785.42921984
2026-05-26 08:00:00,248.0,249.0,247.0,247.0,7301.39899164,1805678.06982914
2026-05-26 08:15:00,248.0,248.0,247.0,248.0,3647.70663074,904142.67580642
2026-05-26 08:30:00,248.0,248.0,247.0,248.0,5374.73742884,1331942.2597209
2026-05-26 08:45:00,248.0,248.0,248.0,248.0,10591.13752093,2626602.10519064
2026-05-26 09:00:00,248.0,248.0,247.0,247.0,70631.13263827,17466306.17077314
2026-05-26 09:15:00,248.0,248.0,247.0,248.0,71761.39977264,17755027.14361472
2026-05-26 09:30:00,248.0,248.0,247.0,247.0,37199.1134366,9222880.1322768
2026-05-26 09:45:00,247.0,248.0,245.0,247.0,93194.43482295,22959268.91866221
2026-05-26 10:00:00,247.0,248.0,247.0,247.0,18905.32388391,4684232.16138988
2026-05-26 10:15:00,247.0,247.0,246.0,246.0,2646.77504669,652421.69589869
2026-05-26 10:30:00,246.0,246.0,246.0,246.0,18120.64115689,4457677.72459494
2026-05-26 10:45:00,247.0,247.0,245.0,247.0,60148.23664901,14822369.98674174
2026-05-26 11:00:00,246.0,246.0,245.0,245.0,101432.68091169,24895886.15904049
2026-05-26 11:15:00,245.0,245.0,245.0,245.0,12760.51081766,3126325.1503267
2026-05-26 11:30:00,246.0,246.0,245.0,245.0,12888.65133344,3158785.08052624
2026-05-26 11:45:00,245.0,245.0,244.0,245.0,55919.01554223,13661804.22087553
2026-05-26 12:00:00,244.0,245.0,243.0,245.0,281127.09260208,68379520.00110729
2026-05-26 12:15:00,245.0,245.0,244.0,244.0,4336.51621237,1061231.4088795
2026-05-26 12:30:00,245.0,245.0,245.0,245.0,11205.50612244,2745348.9999978
2026-05-26 12:45:00,245.0,245.0,245.0,245.0,15828.8516558,3878068.655671
2026-05-26 13:00:00,245.0,245.0,244.0,244.0,91494.15023786,22324742.65803784
2026-05-26 13:15:00,244.0,245.0,243.0,245.0,25704.32511643,6247670.32829249
2026-05-26 13:30:00,245.0,245.0,245.0,245.0,693.87755102,169999.9999999
2026-05-26 13:45:00,245.0,245.0,244.0,244.0,43763.93028806,10678443.80461417
2026-05-26 14:00:00,244.0,244.0,243.0,243.0,10641.13462797,2590009.42427412
2026-05-26 14:15:00,244.0,244.0,244.0,244.0,1534.60419954,374443.42468776
2026-05-26 14:30:00,243.0,244.0,241.0,244.0,154367.49380373,37387103.40861659
2026-05-26 14:45:00,244.0,244.0,242.0,243.0,24658.87140016,5991607.91631197
2026-05-26 15:00:00,243.0,243.0,242.0,242.0,46516.50109424,11274641.95486431
2026-05-26 15:15:00,242.0,242.0,242.0,242.0,974.7075,235879.215
2026-05-26 15:30:00,243.0,243.0,242.0,242.0,15629.61458211,3784949.12968153
2026-05-26 15:45:00,242.0,243.0,242.0,243.0,3536.85777679,856547.16325427
2026-05-26 16:00:00,243.0,243.0,242.0,243.0,50141.09406201,12134285.85706843
2026-05-26 16:15:00,242.0,243.0,242.0,243.0,40480.19554066,9816202.72749371
2026-05-26 16:30:00,242.0,242.0,240.0,241.0,135178.65753891,32605931.90689363
2026-05-26 16:45:00,242.0,242.0,241.0,241.0,15282.29636103,3695315.71936926
2026-05-26 17:00:00,241.0,242.0,241.0,242.0,4335.3376353,1044927.94035523
2026-05-26 17:15:00,242.0,242.0,242.0,242.0,1066.83604478,258174.32283676
2026-05-26 17:30:00,242.0,242.0,241.0,241.0,24566.69390749,5921393.4837712
2026-05-26 17:45:00,242.0,242.0,241.0,241.0,96.38016528,23301.27272503
2026-05-26 18:00:00,241.0,241.0,241.0,241.0,1305.9428619,314732.2297179
2026-05-26 18:30:00,242.0,242.0,241.0,241.0,40509.82505198,9765595.44892809
2026-05-26 18:45:00,240.0,241.0,239.0,240.0,201429.62699795,48317093.40336659
2026-05-26 19:00:00,239.0,239.0,238.0,239.0,84906.49168581,20283067.62660566
2026-05-26 19:15:00,239.0,240.0,238.0,238.0,115215.81515216,27514194.88412773
2026-05-26 19:30:00,238.0,240.0,238.0,238.0,84007.42089347,20044984.32627532
2026-05-26 19:45:00,238.0,240.0,238.0,240.0,184742.92100913,44140786.39337901
2026-05-26 20:00:00,240.0,241.0,239.0,240.0,46128.74014478,11092703.39741478
2026-05-26 20:15:00,240.0,240.0,239.0,239.0,28543.99663151,6823177.8643976
2026-05-26 20:30:00,239.0,241.0,239.0,240.0,60134.22131514,14398733.45419197
2026-05-26 20:45:00,240.0,241.0,240.0,241.0,25524.37675937,6148064.31810167
2026-05-26 21:00:00,241.0,242.0,240.0,242.0,111364.5861302,26881589.2479408
2026-05-26 21:15:00,241.0,242.0,241.0,241.0,56238.4619222,13601098.52415797
2026-05-26 21:30:00,241.0,242.0,241.0,242.0,167555.65579647,40536062.49082234
2026-05-26 21:45:00,242.0,242.0,242.0,242.0,6309.75916996,1526961.71913032
2026-05-26 22:00:00,243.0,243.0,243.0,243.0,436.21399176,105999.99999768
2026-05-26 22:15:00,243.0,243.0,242.0,243.0,275585.69790437,66948644.3965552
2026-05-26 22:30:00,242.0,242.0,240.0,242.0,266234.04985493,64123963.6201075
2026-05-26 22:45:00,241.0,242.0,241.0,242.0,152142.76094674,36798890.78025339
2026-05-26 23:00:00,242.0,242.0,240.0,242.0,2745.71433291,663286.42516422
2026-05-26 23:15:00,242.0,242.0,240.0,242.0,17039.50588023,4098926.64788472
2026-05-26 23:30:00,242.0,242.0,240.0,241.0,7383.70636855,1779363.45111323
2026-05-26 23:45:00,240.0,240.0,240.0,240.0,7350.46458332,1764111.4999968
2026-05-27 00:00:00,239.0,239.0,236.0,237.0,259412.42971961,61706701.51539586
2026-05-27 00:30:00,238.0,240.0,238.0,240.0,557.68522556,133626.38480518
2026-05-27 00:45:00,239.0,239.0,238.0,238.0,22452.8018442,5343787.96862671
2026-05-27 01:00:00,238.0,238.0,238.0,238.0,261.75987636,62298.85057368
2026-05-27 01:15:00,238.0,238.0,238.0,238.0,1755.51307562,417812.11199756
2026-05-27 01:30:00,237.0,237.0,236.0,236.0,50920.73732092,12055868.23898891
2026-05-27 01:45:00,236.0,236.0,235.0,235.0,122366.54757487,28815428.06259416
2026-05-27 02:00:00,235.0,236.0,234.0,236.0,21545.96299583,5047601.48250916
2026-05-27 02:15:00,236.0,236.0,234.0,234.0,71942.50515146,16855957.7787147
2026-05-27 02:30:00,234.0,235.0,233.0,233.0,675.72075542,157662.79228961
2026-05-27 03:00:00,233.0,233.0,233.0,233.0,18622.8447164,4339122.8189212
2026-05-27 03:15:00,233.0,233.0,233.0,233.0,9000.0,2097000.0
2026-05-27 03:30:00,234.0,234.0,232.0,234.0,23599.51110564,5498729.1730842
2026-05-27 03:45:00,235.0,235.0,234.0,235.0,103181.51914893,24247172.99999855
2026-05-27 04:00:00,235.0,235.0,234.0,234.0,2758.88248789,646878.50216625
2026-05-27 04:15:00,235.0,235.0,234.0,234.0,63162.89483152,14780241.53754396
2026-05-27 04:30:00,234.0,234.0,234.0,234.0,30574.08134414,7154335.03452876
2026-05-27 04:45:00,235.0,235.0,234.0,234.0,80257.49736832,18839348.8815552
2026-05-27 05:00:00,234.0,235.0,234.0,235.0,11926.88364498,2792203.54739339
2026-05-27 05:15:00,235.0,235.0,234.0,234.0,5895.12753533,1379579.19210344
2026-05-27 05:30:00,235.0,235.0,235.0,235.0,42553.60637765,10000097.49874775
2026-05-27 05:45:00,235.0,235.0,234.0,234.0,58551.98086965,13702987.84805055
2026-05-27 06:00:00,235.0,235.0,234.0,234.0,19104.67698241,4487570.24585338
2026-05-27 06:15:00,233.0,234.0,233.0,233.0,45221.1365005,10580560.95149298
2026-05-27 06:30:00,234.0,235.0,234.0,235.0,9551.46058265,2236020.49974434
2026-05-27 06:45:00,235.0,235.0,234.0,234.0,11371.35158738,2665394.10974478
2026-05-27 07:00:00,234.0,234.0,233.0,233.0,71669.15068141,16701132.80577685
2026-05-27 07:15:00,234.0,234.0,233.0,234.0,32895.76263752,7687864.36656938
2026-05-27 07:30:00,234.0,234.0,234.0,234.0,3959.90781283,926618.42820222
2026-05-27 07:45:00,234.0,234.0,233.0,233.0,3867.15239221,903711.92319688
2026-05-27 08:00:00,233.0,233.0,233.0,233.0,10765.83405428,2508439.33464724
2026-05-27 08:15:00,234.0,234.0,233.0,234.0,23040.87346087,5386198.81846261
2026-05-27 08:30:00,234.0,234.0,233.0,233.0,33932.03058841,7931336.0281618
2026-05-27 08:45:00,233.0,234.0,232.0,234.0,106871.71243147,24962462.16457859
2026-05-27 09:00:00,234.0,234.0,232.0,232.0,111351.40685448,25945746.14620034
2026-05-27 09:15:00,234.0,235.0,234.0,235.0,126899.06519734,29723497.41280221
2026-05-27 09:30:00,234.0,234.0,233.0,233.0,34146.37985598,7956195.63464846
2026-05-27 09:45:00,233.0,234.0,232.0,232.0,8119.08115717,1887181.93047824
2026-05-27 10:00:00,234.0,234.0,232.0,233.0,46218.33516611,10805714.43671234
2026-05-27 10:15:00,233.0,233.0,233.0,233.0,59843.29842409,13943488.53281297
2026-05-27 10:30:00,233.0,234.0,233.0,234.0,24407.11689271,5687175.0135101
2026-05-27 10:45:00,233.0,233.0,233.0,233.0,20729.87049454,4830059.82522782
2026-05-27 11:00:00,233.0,233.0,233.0,233.0,16218.86481651,3778995.50224683
2026-05-27 11:15:00,232.0,234.0,232.0,232.0,20333.08355176,4717818.11905104
2026-05-27 11:30:00,233.0,233.0,232.0,232.0,31986.32207634,7422994.53286966
2026-05-27 11:45:00,232.0,233.0,232.0,232.0,170579.68824472,39574509.1320025
2026-05-27 12:00:00,232.0,233.0,232.0,233.0,30096.68017544,7011049.78738683
2026-05-27 12:15:00,233.0,233.0,233.0,233.0,43.45922746,10125.99999818
2026-05-27 12:45:00,233.0,233.0,233.0,233.0,4289.70064324,999500.24987492
2026-05-27 13:00:00,233.0,233.0,232.0,233.0,2459.60669289,570784.21197794
2026-05-27 13:15:00,233.0,233.0,232.0,233.0,58393.39503643,13573534.98824751
2026-05-27 13:30:00,232.0,233.0,231.0,231.0,146057.58495258,33784005.96326034
2026-05-27 13:45:00,232.0,233.0,231.0,233.0,43879.28677469,10188956.96025953
2026-05-27 14:00:00,233.0,233.0,233.0,233.0,3783.25489924,881498.39152292
2026-05-27 14:15:00,231.0,233.0,231.0,233.0,60913.76763883,14190033.38942652
2026-05-27 14:30:00,233.0,233.0,232.0,232.0,8963.670161,2085576.18365199
2026-05-27 14:45:00,234.0,234.0,233.0,233.0,92413.2325647,21624574.96264993
2026-05-27 15:00:00,234.0,235.0,234.0,235.0,32778.37400894,7693561.98653963
2026-05-27 15:15:00,235.0,235.0,234.0,234.0,5550.50096176,1299925.59420768
2026-05-27 15:30:00,235.0,235.0,234.0,234.0,53573.91758664,12568329.6791993
2026-05-27 15:45:00,234.0,236.0,234.0,234.0,20173.55464032,4752557.9823976
2026-05-27 16:00:00,236.0,236.0,236.0,236.0,43266.95974044,10211002.49874384
2026-05-27 16:15:00,236.0,236.0,235.0,235.0,15649.42240982,3692006.06611752
2026-05-27 16:30:00,235.0,235.0,235.0,235.0,54958.53376615,12915255.43504525
2026-05-27 16:45:00,235.0,235.0,235.0,235.0,3131.63843608,735935.0324788
2026-05-27 17:00:00,236.0,236.0,235.0,235.0,21960.47721333,5169186.72140373
2026-05-27 17:15:00,236.0,236.0,235.0,235.0,96041.5598948,22573894.52082852
2026-05-27 17:30:00,235.0,235.0,235.0,235.0,1100.0,258500.0
2026-05-27 17:45:00,235.0,235.0,234.0,234.0,42785.49694185,10053268.91811397
2026-05-27 18:00:00,234.0,234.0,234.0,234.0,14316.51958695,3350065.5833463
2026-05-27 18:15:00,234.0,234.0,234.0,234.0,46446.50800951,10868482.87422534
2026-05-27 18:30:00,235.0,235.0,234.0,234.0,170.93589742,40028.99999628
2026-05-27 18:45:00,236.0,236.0,235.0,235.0,9600.13445033,2264591.48617898
2026-05-27 19:15:00,235.0,236.0,235.0,236.0,20717.03040831,4884467.22929641
2026-05-27 19:30:00,236.0,236.0,235.0,236.0,3881.97089622,915932.07191874
2026-05-27 19:45:00,237.0,237.0,236.0,237.0,76280.57115435,18078166.76188603
2026-05-27 20:00:00,237.0,237.0,236.0,236.0,51976.64998338,12317194.30992359
2026-05-27 20:15:00,236.0,237.0,235.0,235.0,61013.38788152,14394127.08102599
2026-05-27 20:30:00,236.0,236.0,235.0,235.0,66024.19482309,15516288.1140405
2026-05-27 20:45:00,235.0,235.0,235.0,235.0,2631.767525,618465.368375
2026-05-27 21:00:00,235.0,235.0,235.0,235.0,5276.30716278,1239932.1832533
2026-05-27 21:15:00,234.0,236.0,234.0,236.0,11514.93595925,2715539.38600277
2026-05-27 21:30:00,235.0,235.0,233.0,233.0,47873.82293491,11225745.58272175
2026-05-27 21:45:00,233.0,233.0,232.0,233.0,53108.84874531,12368102.8743767
2026-05-27 22:00:00,233.0,233.0,232.0,232.0,61995.72904664,14432520.36507428
2026-05-27 22:15:00,232.0,233.0,232.0,232.0,42502.37902942,9867051.2072954
2026-05-27 22:30:00,233.0,233.0,232.0,233.0,24238.25889313,5645481.80177409
2026-05-27 22:45:00,233.0,233.0,232.0,232.0,171236.80851152,39875463.17982278
2026-05-27 23:00:00,233.0,233.0,232.0,232.0,107023.71689228,24885411.45843888
2026-05-27 23:15:00,233.0,235.0,233.0,235.0,49344.16048528,11520612.84717074
2026-05-27 23:30:00,236.0,237.0,236.0,236.0,48049.37092276,11344847.29304561
2026-05-27 23:45:00,236.0,237.0,235.0,236.0,107317.08127106,25275867.03256577
2026-05-28 00:00:00,236.0,236.0,236.0,236.0,16949.15254237,3999999.99999932
2026-05-28 00:15:00,236.0,236.0,235.0,235.0,47244.31206335,11148613.66441257
2026-05-28 00:30:00,236.0,236.0,235.0,235.0,21974.90852036,5179823.84126764
2026-05-28 00:45:00,235.0,235.0,234.0,234.0,46623.89459821,10918298.257044
2026-05-28 01:00:00,235.0,235.0,235.0,235.0,56840.28336672,13357466.5911792
2026-05-28 01:15:00,234.0,235.0,234.0,235.0,7694.40390765,1800524.82290073
2026-05-28 01:30:00,235.0,235.0,235.0,235.0,10605.8162408,2492366.816588
2026-05-28 01:45:00,235.0,235.0,235.0,235.0,1716.91009774,403473.8729689
2026-05-28 02:00:00,236.0,236.0,235.0,235.0,468.69737264,110165.49273989
2026-05-28 02:15:00,235.0,235.0,235.0,235.0,1264.99101512,297272.8885532
2026-05-28 02:30:00,234.0,234.0,233.0,233.0,46211.23126737,10769668.06467564
2026-05-28 02:45:00,234.0,234.0,234.0,234.0,22071.93411841,5164832.58370794
2026-05-28 03:00:00,233.0,233.0,233.0,233.0,20222.50220835,4711843.01454555
2026-05-28 03:15:00,233.0,233.0,233.0,233.0,28996.99786612,6756300.50280596
2026-05-28 03:30:00,233.0,233.0,233.0,233.0,1288.05983272,300117.94102376
2026-05-28 03:45:00,233.0,233.0,232.0,232.0,2045.29144428,475288.73095278
2026-05-28 04:00:00,232.0,232.0,232.0,232.0,2127.53025638,493587.01948016
2026-05-28 04:15:00,232.0,232.0,231.0,232.0,67800.52584387,15722883.12818756
2026-05-28 04:30:00,232.0,232.0,231.0,231.0,6473.54945014,1498716.39221671
2026-05-28 04:45:00,231.0,231.0,231.0,231.0,11554.47973883,2669084.81966973
2026-05-28 05:00:00,230.0,231.0,230.0,231.0,10467.91992004,2413453.49341302
2026-05-28 05:15:00,231.0,231.0,231.0,231.0,29687.43298904,6857797.02046824
2026-05-28 05:30:00,231.0,231.0,231.0,231.0,57279.84040216,13231643.13289896
2026-05-28 05:45:00,231.0,231.0,231.0,231.0,33549.39692755,7749910.69026405
2026-05-28 06:00:00,231.0,232.0,230.0,232.0,22737.36164559,5258453.21583965
2026-05-28 06:15:00,232.0,232.0,232.0,232.0,431.03448275,99999.999998
2026-05-28 06:30:00,231.0,231.0,231.0,231.0,1328.1133184,306794.1765504
2026-05-28 06:45:00,230.0,231.0,229.0,231.0,76678.03876641,17635591.23166795
2026-05-28 07:00:00,231.0,231.0,231.0,231.0,27365.38608291,6321404.18515221
2026-05-28 07:15:00,231.0,232.0,231.0,232.0,52945.08048674,12280124.31657486
2026-05-28 07:30:00,232.0,232.0,231.0,232.0,3490.87287552,807770.92703406
2026-05-28 07:45:00,232.0,232.0,231.0,231.0,7851.5076877,1821117.81608856
2026-05-28 08:00:00,231.0,231.0,231.0,231.0,154.11255411,35599.99999941
2026-05-28 08:15:00,231.0,231.0,229.0,229.0,80961.22405364,18626607.65769069
2026-05-28 08:30:00,231.0,231.0,229.0,230.0,64018.08522145,14678984.57405947
2026-05-28 08:45:00,230.0,230.0,229.0,230.0,2220.08140392,509657.72267427
2026-05-28 09:00:00,229.0,231.0,229.0,230.0,24070.06415061,5538483.92989573
2026-05-28 09:15:00,230.0,231.0,230.0,231.0,47272.07965094,10889107.25478113
2026-05-28 09:30:00,231.0,231.0,230.0,230.0,88571.74422202,20373116.39354749
2026-05-28 09:45:00,231.0,231.0,230.0,231.0,40508.44629296,9343848.79816144
2026-05-28 10:00:00,231.0,231.0,230.0,231.0,51817.31645,11919800.09995
2026-05-28 10:15:00,231.0,231.0,231.0,231.0,16988.26909335,3924290.16056385
2026-05-28 10:30:00,231.0,231.0,230.0,230.0,40753.4292055,9373336.33631261
2026-05-28 10:45:00,229.0,229.0,229.0,229.0,28881.35135398,6613829.46006142
2026-05-28 11:00:00,230.0,231.0,230.0,231.0,10146.33282663,2333696.87270554
2026-05-28 11:15:00,230.0,230.0,230.0,230.0,25539.02709869,5873976.2326987
2026-05-28 11:30:00,230.0,230.0,229.0,230.0,4378.80201529,1006683.76522269
2026-05-28 11:45:00,230.0,230.0,229.0,230.0,17133.40711511,3935602.99131402
2026-05-28 12:00:00,230.0,230.0,229.0,229.0,7104.45069056,1629421.7217264
2026-05-28 12:15:00,229.0,229.0,228.0,228.0,73383.56068879,16775251.5773164
2026-05-28 12:30:00,228.0,229.0,228.0,229.0,81335.0803665,18544638.42181527
2026-05-28 12:45:00,229.0,229.0,227.0,227.0,200181.54063634,45512456.2563978
2026-05-28 13:00:00,228.0,228.0,226.0,227.0,180286.27117492,40830823.04686605
2026-05-28 13:15:00,227.0,227.0,225.0,226.0,76467.1498424,17293176.594545
2026-05-28 13:30:00,225.0,227.0,225.0,226.0,119667.67713948,27017622.46035494
2026-05-28 13:45:00,227.0,227.0,225.0,227.0,41434.05409056,9330788.19198131
2026-05-28 14:00:00,227.0,227.0,226.0,226.0,103.44915506,23427.97159862
2026-05-28 14:15:00,225.0,226.0,225.0,226.0,25288.35582209,5710743.63703127
2026-05-28 14:30:00,226.0,227.0,226.0,227.0,1284.77750867,291327.71695942
2026-05-28 14:45:00,227.0,227.0,227.0,227.0,26649.52853577,6049442.97761979
2026-05-28 15:00:00,227.0,227.0,227.0,227.0,391.5595264,88884.0124928
2026-05-28 15:15:00,226.0,227.0,226.0,226.0,347234.47355232,78498612.61491558
2026-05-28 15:30:00,225.0,227.0,225.0,226.0,226833.6374825,51262416.10772294
2026-05-28 15:45:00,227.0,228.0,227.0,227.0,77397.68159554,17624720.58209094
2026-05-28 16:00:00,228.0,228.0,227.0,228.0,106176.02354532,24208100.75963731
2026-05-28 16:15:00,229.0,229.0,229.0,229.0,4239.93635523,970945.42534767
2026-05-28 16:30:00,229.0,229.0,229.0,229.0,25813.43995632,5911277.74999728
2026-05-28 16:45:00,229.0,229.0,228.0,228.0,41486.75032393,9496120.69264926
2026-05-28 17:00:00,229.0,229.0,229.0,229.0,29379.34970941,6727871.08345489
2026-05-28 17:15:00,228.0,229.0,228.0,229.0,31199.44083035,7114494.34774774
2026-05-28 17:30:00,228.0,229.0,227.0,228.0,310860.19020143,70783704.62356795
2026-05-28 17:45:00,228.0,229.0,228.0,229.0,2483.07369263,566897.86679767
2026-05-28 18:00:00,229.0,229.0,227.0,227.0,5346.19600649,1217483.83119005
2026-05-28 18:15:00,227.0,227.0,227.0,227.0,38903.03109976,8830988.05964552
2026-05-28 18:30:00,228.0,229.0,228.0,229.0,32438.49981996,7427495.40613926
2026-05-28 18:45:00,230.0,230.0,230.0,230.0,101099.42924817,23252868.7270791
2026-05-28 19:00:00,230.0,230.0,229.0,229.0,19158.17836733,4405040.0244859
2026-05-28 19:15:00,229.0,229.0,229.0,229.0,2680.02183406,613724.99999974
2026-05-28 19:30:00,229.0,229.0,229.0,229.0,11288.9697662,2585174.0764598
2026-05-28 19:45:00,229.0,229.0,229.0,229.0,2837.00944287,649675.16241723
2026-05-28 20:00:00,229.0,229.0,229.0,229.0,13224.98179948,3028520.83208092
2026-05-28 20:15:00,229.0,229.0,228.0,228.0,57371.94357831,13085803.13585468
2026-05-28 20:30:00,228.0,228.0,228.0,228.0,21638.74903051,4933634.77895628
2026-05-28 20:45:00,228.0,228.0,228.0,228.0,436.6812227,99563.3187756
2026-05-28 21:00:00,228.0,228.0,228.0,228.0,476.07236404,108544.49900112
2026-05-28 21:15:00,230.0,230.0,228.0,228.0,127151.8073511,29150392.35824511
2026-05-28 21:30:00,229.0,231.0,229.0,231.0,56661.50932413,13074172.20298845
2026-05-28 21:45:00,231.0,231.0,230.0,230.0,98873.55057187,22751892.75736977
2026-05-28 22:00:00,230.0,230.0,229.0,229.0,87912.62560556,20140390.14410691
2026-05-28 22:15:00,228.0,229.0,228.0,229.0,78596.92450375,17993743.45839739
2026-05-28 22:30:00,229.0,229.0,228.0,228.0,23396.61008574,5334646.52025103
2026-05-28 22:45:00,228.0,228.0,226.0,227.0,215139.79197455,48835477.84670656
2026-05-28 23:00:00,227.0,227.0,226.0,226.0,34235.65183076,7739459.95692356
2026-05-28 23:15:00,226.0,228.0,226.0,227.0,107025.13031151,24205019.56283451
2026-05-28 23:30:00,227.0,228.0,227.0,228.0,43042.47945515,9772014.98716587
2026-05-28 23:45:00,228.0,229.0,228.0,228.0,352698.69020876,80558779.86246115
2026-05-29 00:00:00,229.0,229.0,229.0,229.0,20810.16916098,4765528.73786442
2026-05-29 00:15:00,229.0,229.0,227.0,227.0,55894.68754988,12743677.20437965
2026-05-29 00:30:00,227.0,228.0,227.0,228.0,20736.56410954,4725562.04235767
2026-05-29 00:45:00,227.0,228.0,227.0,228.0,14249.01558476,3246480.92370542
2026-05-29 01:00:00,227.0,228.0,227.0,227.0,148278.73727445,33717988.5915633
2026-05-29 01:15:00,227.0,227.0,227.0,227.0,31881.6656989,7237138.1136503
2026-05-29 01:30:00,227.0,228.0,227.0,227.0,15357.43295229,3500942.66695012
2026-05-29 01:45:00,228.0,228.0,227.0,227.0,24668.87608827,5611890.24785815
2026-05-29 02:00:00,227.0,228.0,227.0,228.0,6941.51873175,1578015.11457729
2026-05-29 02:15:00,228.0,228.0,227.0,228.0,24065.96735436,5469052.97089099
2026-05-29 02:30:00,228.0,228.0,228.0,228.0,300.0,68400.0
2026-05-29 02:45:00,228.0,228.0,228.0,228.0,18208.00499366,4151425.13855448
2026-05-29 03:00:00,228.0,228.0,228.0,228.0,14714.16896759,3354830.52461052
2026-05-29 03:15:00,228.0,228.0,227.0,228.0,106105.62643989,24182739.34786123
2026-05-29 03:30:00,230.0,230.0,230.0,230.0,18110.68813419,4165458.2708637
2026-05-29 03:45:00,230.0,230.0,230.0,230.0,11728.92643169,2697653.0792887
2026-05-29 04:00:00,229.0,230.0,229.0,230.0,34998.22678237,8015471.44223427
2026-05-29 04:30:00,228.0,228.0,228.0,228.0,2237.93921288,510250.14053664
2026-05-29 04:45:00,228.0,228.0,228.0,228.0,46062.75040428,10502307.09217584
2026-05-29 05:00:00,228.0,228.0,227.0,227.0,19595.81426223,4458364.26647357
2026-05-29 05:15:00,228.0,228.0,228.0,228.0,877.19298245,199999.9999986
2026-05-29 05:30:00,228.0,228.0,227.0,228.0,8372.67331246,1908092.32225842
2026-05-29 05:45:00,228.0,228.0,227.0,227.0,68522.63760701,15568408.7434546
2026-05-29 06:00:00,227.0,227.0,226.0,226.0,53174.93671624,12018439.52633896
2026-05-29 06:15:00,228.0,228.0,227.0,227.0,22105.64493186,5027118.41424175
2026-05-29 06:30:00,227.0,227.0,227.0,227.0,34413.62579394,7811893.05522438
2026-05-29 06:45:00,227.0,228.0,227.0,228.0,73854.48662978,16814953.67191797
2026-05-29 07:00:00,228.0,228.0,228.0,228.0,64.71764117,14755.62218676
2026-05-29 07:15:00,227.0,227.0,226.0,227.0,111001.7941119,25170262.56359156
2026-05-29 07:30:00,227.0,228.0,226.0,228.0,25496.27509557,5783698.30634351
2026-05-29 07:45:00,227.0,229.0,227.0,229.0,20299.9898483,4646119.6198682
2026-05-29 08:00:00,229.0,229.0,229.0,229.0,102078.76078961,23376036.22082069
2026-05-29 08:15:00,229.0,230.0,229.0,230.0,54621.61739095,12511705.57442917
2026-05-29 08:30:00,230.0,230.0,228.0,229.0,35571.15780347,8145944.48690002
2026-05-29 08:45:00,229.0,229.0,228.0,229.0,24368.13275672,5574183.22560382
2026-05-29 09:00:00,228.0,229.0,228.0,229.0,76441.80933281,17443187.85370516
2026-05-29 09:15:00,229.0,230.0,229.0,229.0,24047.69001697,5511921.01388613
2026-05-29 09:30:00,228.0,229.0,228.0,229.0,12952.79490213,2963053.78790397
2026-05-29 09:45:00,229.0,229.0,228.0,229.0,30022.53604459,6871160.75421111
2026-05-29 10:00:00,228.0,229.0,228.0,229.0,137045.6128812,31321030.65412087
2026-05-29 10:15:00,229.0,229.0,227.0,227.0,27720.10158813,6319914.87388403
2026-05-29 10:30:00,228.0,228.0,227.0,228.0,89581.42513708,20380083.00198324
2026-05-29 10:45:00,228.0,228.0,227.0,227.0,5442.69412453,1239722.31492906
2026-05-29 11:00:00,228.0,228.0,228.0,228.0,22013.59358508,5019099.33739824
2026-05-29 11:15:00,228.0,230.0,228.0,228.0,106792.86462883,24406930.18987132
2026-05-29 11:30:00,228.0,230.0,228.0,228.0,10813.2939275,2473434.09979769
2026-05-29 11:45:00,230.0,230.0,229.0,229.0,4902.93188052,1124555.28686569
2026-05-29 12:00:00,228.0,230.0,228.0,229.0,40690.36268263,9296699.21493513
2026-05-29 12:15:00,229.0,229.0,228.0,228.0,11266.16355109,2573052.10187559
2026-05-29 12:30:00,228.0,228.0,226.0,227.0,150856.41668508,34225646.73245197
2026-05-29 12:45:00,227.0,228.0,227.0,227.0,22902.21929824,5201705.99999872
2026-05-29 13:00:00,228.0,228.0,228.0,228.0,4409.11720352,1005278.72240256
2026-05-29 13:15:00,227.0,228.0,227.0,228.0,5016.54857084,1143261.61870997
2026-05-29 13:30:00,228.0,228.0,228.0,228.0,61601.92464661,14045238.81942708
2026-05-29 13:45:00,228.0,229.0,228.0,229.0,62219.42668163,14248025.49580756
2026-05-29 14:00:00,229.0,231.0,229.0,229.0,52301.51395597,12002829.18396245
2026-05-29 14:15:00,230.0,231.0,230.0,230.0,23800.31675807,5475117.41957349
2026-05-29 14:30:00,230.0,231.0,229.0,229.0,8875.59658288,2039494.35703463
2026-05-29 14:45:00,229.0,230.0,229.0,230.0,5539.93340196,1269730.0759506
2026-05-29 15:00:00,231.0,231.0,231.0,231.0,8193.97569575,1892808.38571825
2026-05-29 15:15:00,231.0,231.0,231.0,231.0,32513.18077431,7510544.75886561
2026-05-29 15:30:00,232.0,233.0,232.0,232.0,17384.60327218,4044729.44815661
2026-05-29 15:45:00,234.0,235.0,233.0,234.0,133701.23398962,31307036.85665018
2026-05-29 16:00:00,233.0,234.0,233.0,234.0,58367.19792267,13601511.2597481
2026-05-29 16:15:00,233.0,235.0,232.0,234.0,43642.69030818,10218603.95120107
2026-05-29 16:30:00,234.0,234.0,232.0,233.0,27679.65498807,6447602.58324771
2026-05-29 16:45:00,233.0,235.0,233.0,235.0,36126.43017017,8447559.79163455
2026-05-29 17:00:00,235.0,235.0,234.0,235.0,41458.62975015,9729423.5947549
2026-05-29 17:15:00,235.0,235.0,232.0,232.0,60678.58502122,14133346.12863155
2026-05-29 17:30:00,234.0,234.0,232.0,234.0,76819.10716806,17930011.60455871
2026-05-29 17:45:00,234.0,234.0,234.0,234.0,26919.75296052,6299222.19276168
2026-05-29 18:00:00,234.0,234.0,234.0,234.0,76094.84034209,17806192.64004906
2026-05-29 18:15:00,234.0,235.0,233.0,234.0,47512.48031196,11120067.39993864
2026-05-29 18:30:00,234.0,235.0,233.0,235.0,38983.02283299,9110264.62018784
2026-05-29 18:45:00,234.0,234.0,232.0,232.0,35150.32952738,8189618.43112741
2026-05-29 19:00:00,232.0,232.0,232.0,232.0,48903.50127757,11345612.29639624
2026-05-29 19:15:00,232.0,233.0,231.0,233.0,14519.73730207,3368921.83958902
2026-05-29 19:30:00,232.0,234.0,232.0,234.0,6855.66631554,1595719.237631
2026-05-29 19:45:00,232.0,233.0,232.0,232.0,131818.96510463,30582622.15754665
2026-05-29 20:00:00,232.0,232.0,232.0,232.0,103119.51783108,23923728.13681056
2026-05-29 20:15:00,231.0,232.0,231.0,231.0,2098.99303224,484895.18844744
2026-05-29 20:30:00,232.0,234.0,232.0,234.0,1246.51069782,289733.52298197
2026-05-29 20:45:00,234.0,234.0,233.0,234.0,13978.24016883,3270639.80603302
2026-05-29 21:00:00,233.0,233.0,232.0,232.0,29473.28710753,6838070.14470697
2026-05-29 21:15:00,232.0,233.0,232.0,232.0,70342.81060815,16377452.31470861
2026-05-29 21:30:00,232.0,232.0,232.0,232.0,5959.13509178,1382519.34129296
2026-05-29 21:45:00,232.0,232.0,231.0,232.0,53418.08598352,12351294.67115558
2026-05-29 22:00:00,233.0,233.0,231.0,231.0,21339.04181183,4942887.44063011
2026-05-29 22:15:00,231.0,232.0,231.0,232.0,28519.31954442,6615720.24147435
2026-05-29 22:30:00,231.0,233.0,231.0,233.0,10331.88357824,2397394.23253154
2026-05-29 22:45:00,233.0,233.0,232.0,232.0,29349.31213293,6820611.72052138
2026-05-29 23:00:00,232.0,233.0,232.0,232.0,58188.39134734,13516299.63350147
2026-05-29 23:15:00,232.0,233.0,227.0,228.0,278111.23291727,63899660.33340822
2026-05-29 23:30:00,228.0,230.0,228.0,230.0,62385.77624991,14294552.6719186
2026-05-29 23:45:00,230.0,230.0,229.0,230.0,139839.17765643,32127221.93591353
2026-05-30 00:00:00,230.0,231.0,230.0,231.0,18269.94578693,4203388.18900253
2026-05-30 00:15:00,231.0,232.0,231.0,232.0,8737.59143154,2018448.27585815
2026-05-30 00:30:00,231.0,234.0,231.0,232.0,128718.51406569,29926555.96787259
2026-05-30 00:45:00,232.0,233.0,231.0,231.0,42455.22716217,9830381.28129147
2026-05-30 01:00:00,231.0,232.0,231.0,231.0,40945.50865401,9469412.49907631
2026-05-30 01:15:00,231.0,231.0,230.0,230.0,33988.89428384,7824081.80877989
2026-05-30 01:30:00,230.0,230.0,230.0,230.0,534.78260869,122999.9999987
2026-05-30 01:45:00,229.0,230.0,229.0,229.0,14587.78112216,3340776.22480072
2026-05-30 02:30:00,229.0,229.0,229.0,229.0,19047.58049871,4361895.93420459
2026-05-30 02:45:00,229.0,229.0,229.0,229.0,25.0116,5727.6564
2026-05-30 03:00:00,228.0,229.0,228.0,229.0,923.10273434,211167.42342952
2026-05-30 03:15:00,229.0,231.0,229.0,229.0,11812.67096028,2705169.60661406
2026-05-30 03:30:00,230.0,230.0,230.0,230.0,2172.82608695,499749.9999985
2026-05-30 03:45:00,229.0,229.0,229.0,229.0,9623.36026777,2203749.50131933
2026-05-30 04:00:00,228.0,228.0,228.0,228.0,2504.899152,571117.006656
2026-05-30 04:15:00,229.0,229.0,229.0,229.0,26068.9010383,5969778.3377707
2026-05-30 04:30:00,228.0,228.0,228.0,228.0,14502.24549212,3306511.97220336
2026-05-30 04:45:00,228.0,229.0,228.0,229.0,21541.72893839,4918584.36725635
2026-05-30 05:00:00,228.0,229.0,228.0,229.0,1405.97662677,321841.41435333
2026-05-30 05:15:00,230.0,230.0,229.0,229.0,28218.86701634,6462521.30761142
2026-05-30 05:30:00,229.0,229.0,228.0,229.0,62526.91283242,14303679.3572328
2026-05-30 05:45:00,229.0,229.0,229.0,229.0,76572.851129,17535182.908541
2026-05-30 06:00:00,229.0,230.0,229.0,229.0,11285.31818508,2587826.20916591
2026-05-30 06:15:00,229.0,229.0,229.0,229.0,23822.06113537,5455251.99999973
2026-05-30 06:30:00,229.0,229.0,229.0,229.0,847.08300871,193982.00899459
2026-05-30 06:45:00,229.0,229.0,228.0,228.0,131378.96302226,29957937.04307408
2026-05-30 07:00:00,229.0,229.0,227.0,228.0,31508.37875387,7178424.21391404
2026-05-30 07:15:00,228.0,228.0,228.0,228.0,965.4111311,220113.7378908
2026-05-30 07:30:00,229.0,229.0,229.0,229.0,799.8,183154.2
2026-05-30 07:45:00,229.0,230.0,229.0,230.0,10937.04382207,2504822.50043448
2026-05-30 08:00:00,229.0,229.0,228.0,229.0,38342.7966813,8770012.33909
2026-05-30 08:15:00,229.0,229.0,228.0,229.0,45644.54552501,10412600.92522729
2026-05-30 08:30:00,228.0,229.0,228.0,229.0,12692.64585854,2899336.11155283
2026-05-30 08:45:00,229.0,230.0,229.0,230.0,84630.5815429,19382546.65158496
2026-05-30 09:00:00,230.0,231.0,229.0,231.0,450477.12613207,103707632.94285665
2026-05-30 09:15:00,231.0,231.0,231.0,231.0,166115.69286457,38372725.05171567
2026-05-30 09:30:00,230.0,232.0,230.0,232.0,200102.22956192,46224634.66429826
2026-05-30 09:45:00,232.0,232.0,231.0,231.0,142219.9527857,32991210.99874424
2026-05-30 10:00:00,233.0,234.0,232.0,233.0,179495.26892307,41820336.47276519
2026-05-30 10:15:00,232.0,234.0,232.0,234.0,196449.516108,45935772.65784833
2026-05-30 10:30:00,235.0,235.0,235.0,235.0,15569.89590309,3658925.53722615
2026-05-30 10:45:00,235.0,235.0,234.0,235.0,89280.06270646,20916661.12710599
2026-05-30 11:00:00,235.0,235.0,233.0,233.0,67045.96832007,15672384.14432726
2026-05-30 11:15:00,235.0,235.0,234.0,234.0,51215.38677254,12006524.86113911
2026-05-30 11:30:00,234.0,235.0,234.0,235.0,106911.78142979,25042701.84165176
2026-05-30 11:45:00,235.0,235.0,234.0,234.0,36061.12119034,8461213.50601913
2026-05-30 12:00:00,234.0,235.0,233.0,235.0,102539.14258297,23929444.04416931
2026-05-30 12:15:00,235.0,236.0,235.0,236.0,9584.28786415,2253180.52943117
2026-05-30 12:30:00,235.0,235.0,233.0,233.0,73936.43840322,17364790.25690524
2026-05-30 12:45:00,234.0,234.0,233.0,233.0,20119.71038209,4696821.80258446
2026-05-30 13:00:00,233.0,234.0,232.0,233.0,91735.49721551,21324088.19600695
2026-05-30 13:15:00,233.0,233.0,231.0,231.0,24755.73772806,5733647.9993104
2026-05-30 13:30:00,231.0,233.0,231.0,233.0,81964.68676074,18970282.43342012
2026-05-30 13:45:00,233.0,233.0,232.0,232.0,12342.3740634,2865019.85567016
2026-05-30 14:00:00,232.0,233.0,232.0,233.0,45429.33213296,10581380.5771673
2026-05-30 14:15:00,233.0,233.0,232.0,232.0,43585.66435136,10155026.89343398
2026-05-30 14:30:00,232.0,233.0,232.0,233.0,36344.67949009,8431991.13097126
2026-05-30 14:45:00,233.0,233.0,232.0,232.0,14958.7925663,3482709.29211979
2026-05-30 15:00:00,233.0,233.0,232.0,232.0,37719.85165694,8757490.63512506
2026-05-30 15:15:00,232.0,232.0,231.0,231.0,1261.07355326,291437.30114788
2026-05-30 15:30:00,231.0,232.0,231.0,231.0,34532.80371152,7981426.79744624
2026-05-30 15:45:00,231.0,231.0,230.0,231.0,4888.26174241,1128111.9533375
2026-05-30 16:00:00,231.0,231.0,230.0,230.0,82245.48256947,18959751.08837528
2026-05-30 16:15:00,229.0,230.0,228.0,228.0,63458.8157476,14511551.97398607
2026-05-30 16:30:00,229.0,231.0,229.0,230.0,88426.37266664,20340366.04471619
2026-05-30 16:45:00,230.0,231.0,230.0,230.0,16101.83566396,3703743.02122318
2026-05-30 17:00:00,230.0,230.0,229.0,229.0,31322.47586331,7189353.01850616
2026-05-30 17:15:00,229.0,231.0,229.0,230.0,48985.62102074,11264744.89945882
2026-05-30 17:30:00,230.0,231.0,230.0,230.0,173505.03185703,39909342.11575288
2026-05-30 17:45:00,229.0,229.0,228.0,228.0,36566.32213133,8371097.07620042
2026-05-30 18:00:00,230.0,230.0,230.0,230.0,5043.47826086,1159999.9999978
2026-05-30 18:15:00,229.0,231.0,229.0,231.0,30823.47561584,7071098.33939425
2026-05-30 18:30:00,230.0,230.0,229.0,230.0,22627.62086249,5195432.75545425
2026-05-30 18:45:00,229.0,231.0,229.0,231.0,23040.1707108,5277064.893639
2026-05-30 19:00:00,230.0,230.0,229.0,229.0,1121.11158813,257128.86330049
2026-05-30 19:15:00,229.0,229.0,229.0,229.0,24182.82256864,5537866.36821856
2026-05-30 19:30:00,230.0,230.0,229.0,230.0,11751.72920681,2692570.33822904
2026-05-30 19:45:00,229.0,229.0,229.0,229.0,550.0,125950.0
2026-05-30 20:00:00,230.0,230.0,229.0,229.0,2833.61610643,649550.2622855
2026-05-30 20:15:00,228.0,230.0,228.0,230.0,5250.64115684,1202249.27837002
2026-05-30 20:30:00,230.0,230.0,229.0,229.0,11256.52173912,2588347.82608455
2026-05-30 20:45:00,229.0,230.0,229.0,229.0,17303.06931032,3969347.71334045
2026-05-30 21:00:00,230.0,230.0,229.0,229.0,2795.26159091,641136.64344882
2026-05-30 21:15:00,229.0,229.0,229.0,229.0,10087.33624454,2309999.99999966
2026-05-30 21:30:00,230.0,230.0,228.0,228.0,5934.63230164,1356848.15690336
2026-05-30 21:45:00,229.0,230.0,229.0,230.0,41661.45808571,9547449.41821711
2026-05-30 22:00:00,230.0,231.0,230.0,230.0,39824.06372468,9159560.40774936
2026-05-30 22:15:00,230.0,230.0,229.0,229.0,31778.84375201,7304985.02463364
2026-05-30 22:30:00,229.0,230.0,229.0,230.0,19770.46455032,4542206.8465736
2026-05-30 22:45:00,229.0,231.0,229.0,231.0,44754.47550803,10290073.59263757
2026-05-30 23:00:00,230.0,231.0,230.0,230.0,22756.78994917,5255749.99999741
2026-05-30 23:15:00,230.0,230.0,229.0,230.0,12229.49286222,2812696.77660147
2026-05-30 23:30:00,229.0,230.0,229.0,230.0,22643.48347557,5194423.34830671
2026-05-30 23:45:00,230.0,230.0,230.0,230.0,434.67391303,99974.9999969
2026-05-31 00:00:00,230.0,231.0,229.0,231.0,17027.15014588,3915525.88763584
2026-05-31 00:15:00,231.0,231.0,229.0,229.0,126833.32671373,29170205.53971346
2026-05-31 00:30:00,229.0,229.0,229.0,229.0,1449.11715,331847.82735
2026-05-31 00:45:00,229.0,229.0,229.0,229.0,8349.05045585,1911932.55438965
2026-05-31 01:15:00,230.0,231.0,230.0,231.0,101884.52178872,23433872.69538828
2026-05-31 01:30:00,229.0,230.0,229.0,230.0,8996.87630078,2060381.5491794
2026-05-31 01:45:00,230.0,230.0,229.0,229.0,26.29999999,6046.43839771
2026-05-31 02:00:00,229.0,230.0,229.0,230.0,3079.73839165,705738.3525574
2026-05-31 02:15:00,230.0,230.0,230.0,230.0,65.42029618,15046.6681214
2026-05-31 02:30:00,230.0,230.0,230.0,230.0,426.07250657,97996.6765111
2026-05-31 02:45:00,229.0,230.0,229.0,230.0,329808.29418868,75526609.15181641
2026-05-31 03:15:00,230.0,230.0,230.0,230.0,2526.05001846,580991.5042458
2026-05-31 04:30:00,229.0,229.0,229.0,229.0,51.4516,11782.4164
2026-05-31 04:45:00,229.0,229.0,229.0,229.0,123.8548,28362.7492
2026-05-31 05:00:00,228.0,229.0,227.0,229.0,83742.45698866,19146069.32827598
2026-05-31 05:15:00,229.0,229.0,228.0,228.0,96319.66174964,21960904.87891792
2026-05-31 05:30:00,227.0,227.0,227.0,227.0,11307.74266519,2566857.58499813
2026-05-31 05:45:00,228.0,229.0,227.0,229.0,780.78023091,178714.40564417
2026-05-31 06:00:00,229.0,229.0,228.0,228.0,10045.86298715,2290893.4422929
2026-05-31 06:15:00,228.0,228.0,228.0,228.0,15983.30815132,3644194.25850096
2026-05-31 06:30:00,228.0,228.0,227.0,228.0,32919.24246193,7475055.96331693
2026-05-31 06:45:00,228.0,228.0,228.0,228.0,31422.53969505,7164339.0504714
2026-05-31 07:00:00,228.0,228.0,227.0,228.0,50764.72693527,11528089.33215606
2026-05-31 07:15:00,228.0,229.0,228.0,229.0,85795.62828252,19561490.5846591
2026-05-31 07:30:00,229.0,229.0,227.0,227.0,34145.66764561,7769596.99060122
2026-05-31 07:45:00,228.0,228.0,228.0,228.0,4715.3098889,1075090.6546692
2026-05-31 08:00:00,228.0,228.0,227.0,227.0,13690.12668234,3108535.94987363
2026-05-31 08:15:00,227.0,227.0,227.0,227.0,23025.93701516,5226887.70244132
2026-05-31 08:30:00,227.0,227.0,227.0,227.0,55535.64270889,12606590.89491803
2026-05-31 08:45:00,228.0,228.0,227.0,228.0,68954.74803392,15721017.27738404
2026-05-31 09:00:00,227.0,228.0,227.0,228.0,6203.78405725,1412297.00574343
2026-05-31 09:15:00,228.0,229.0,228.0,229.0,112326.64184287,25714598.29941752
2026-05-31 09:30:00,229.0,230.0,228.0,228.0,130419.89286959,29762065.39084162
2026-05-31 09:45:00,227.0,229.0,227.0,228.0,224722.13502239,51127549.20957308
2026-05-31 10:00:00,229.0,229.0,229.0,229.0,15699.84741187,3595265.05731823
2026-05-31 10:15:00,229.0,230.0,229.0,229.0,104079.22275717,23834968.09834844
2026-05-31 10:30:00,230.0,230.0,228.0,230.0,84880.03856984,19458989.6424329
2026-05-31 10:45:00,230.0,230.0,228.0,228.0,7547.28634361,1721005.89772734
2026-05-31 11:00:00,230.0,230.0,228.0,230.0,85330.39202007,19580850.62684155
2026-05-31 11:15:00,230.0,230.0,229.0,230.0,7368.68089887,1693094.47908053
2026-05-31 11:30:00,230.0,230.0,229.0,229.0,17715.7717257,4057305.61993497
2026-05-31 11:45:00,229.0,229.0,228.0,228.0,80615.8879612,18439798.88388848
2026-05-31 12:00:00,230.0,230.0,228.0,228.0,3987.67489395,910708.09718731
2026-05-31 12:15:00,229.0,229.0,228.0,228.0,3687.58977385,840803.64311028
2026-05-31 12:30:00,229.0,229.0,228.0,228.0,67345.09164631,15372025.98700499
2026-05-31 12:45:00,229.0,229.0,228.0,228.0,96247.48881506,22030633.98969091
2026-05-31 13:00:00,230.0,230.0,230.0,230.0,84.61291304,19460.9699992
2026-05-31 13:15:00,230.0,230.0,228.0,229.0,25122.60913014,5777639.57845395
2026-05-31 13:30:00,230.0,231.0,230.0,230.0,51986.68351475,11962714.01679564
2026-05-31 13:45:00,230.0,230.0,230.0,230.0,69717.02474497,16034915.6913431
2026-05-31 14:00:00,231.0,231.0,230.0,230.0,3485.65748174,801763.81807292
2026-05-31 14:15:00,230.0,230.0,229.0,230.0,99494.77984566,22863731.21264647
2026-05-31 14:30:00,230.0,230.0,230.0,230.0,24079.13043478,5538199.9999994
2026-05-31 14:45:00,230.0,230.0,230.0,230.0,1146.67260869,263734.6999987
2026-05-31 15:00:00,230.0,230.0,228.0,229.0,193076.93182202,44236678.53606828
2026-05-31 15:15:00,228.0,229.0,228.0,229.0,103300.27360816,23584681.38493008
2026-05-31 15:30:00,229.0,229.0,229.0,229.0,5679.11129914,1300516.48750306
2026-05-31 15:45:00,229.0,229.0,229.0,229.0,8112.27246638,1857710.39480102
2026-05-31 16:00:00,229.0,229.0,228.0,228.0,35830.69213888,8201581.11045472
2026-05-31 16:15:00,229.0,229.0,228.0,228.0,153967.44193404,35107544.20289516
2026-05-31 16:30:00,228.0,229.0,228.0,229.0,28413.824747,6480686.10345137
2026-05-31 16:45:00,229.0,229.0,229.0,229.0,2383.78179905,545886.03198245
2026-05-31 17:00:00,229.0,229.0,228.0,229.0,5898.84064448,1345410.70453181
2026-05-31 17:15:00,228.0,228.0,228.0,228.0,100000.0,22800000.0
2026-05-31 17:30:00,229.0,229.0,228.0,229.0,4759.4953119,1086359.4676182
2026-05-31 17:45:00,229.0,229.0,228.0,228.0,1824.21252113,416547.17534165
2026-05-31 18:00:00,228.0,229.0,228.0,229.0,26278.28857324,6000852.45547531
2026-05-31 18:15:00,229.0,229.0,228.0,228.0,28750.90971909,6563766.83648718
2026-05-31 18:30:00,228.0,228.0,228.0,228.0,43211.55846438,9852235.32987864
2026-05-31 18:45:00,228.0,229.0,228.0,229.0,19041.72479296,4350412.73100337
2026-05-31 19:00:00,229.0,230.0,229.0,229.0,8735.46520929,2002410.03892047
2026-05-31 19:15:00,229.0,229.0,229.0,229.0,2000.0,458000.0
2026-05-31 19:30:00,229.0,229.0,229.0,229.0,8119.366373,1859334.899417
2026-05-31 19:45:00,229.0,229.0,229.0,229.0,16300.52339796,3732819.85813284
2026-05-31 20:00:00,229.0,230.0,229.0,229.0,26529.5400469,6077248.2707401
2026-05-31 20:15:00,229.0,229.0,229.0,229.0,25329.78496979,5800520.75808191
2026-05-31 20:30:00,229.0,231.0,229.0,231.0,331857.80574033,76326843.11189461
2026-05-31 20:45:00,231.0,231.0,230.0,230.0,106086.10697607,24399847.87290518
2026-05-31 21:00:00,230.0,231.0,229.0,229.0,27468.20630718,6319165.91594373
2026-05-31 21:15:00,229.0,230.0,229.0,230.0,15658.95188062,3585930.41544458
2026-05-31 21:30:00,230.0,230.0,229.0,229.0,69893.26608837,16014280.56956687
2026-05-31 21:45:00,229.0,229.0,228.0,228.0,81488.32557563,18645756.47045934
2026-05-31 22:00:00,228.0,230.0,228.0,229.0,189502.27798487,43248108.77287255
2026-05-31 22:15:00,229.0,229.0,229.0,229.0,16854.21672506,3859615.63003874
2026-05-31 22:30:00,230.0,230.0,229.0,230.0,20397.34425214,4689694.27279444
2026-05-31 22:45:00,229.0,229.0,229.0,229.0,749.66768202,171673.89918258
2026-05-31 23:00:00,229.0,230.0,228.0,230.0,21027.79070719,4814487.59064533
2026-05-31 23:15:00,229.0,230.0,228.0,228.0,86435.90744171,19716690.71611369
2026-05-31 23:30:00,228.0,229.0,228.0,229.0,1754.47210891,400892.78504539
2026-05-31 23:45:00,229.0,229.0,228.0,228.0,12738.77764563,2904888.4551735
2026-06-01 00:00:00,228.0,230.0,228.0,230.0,27880.39851981,6361807.13266587
2026-06-01 00:15:00,229.0,229.0,229.0,229.0,55.77261931,12771.92982199
2026-06-01 00:30:00,230.0,230.0,230.0,230.0,41553.05825347,9557203.3982981
2026-06-01 00:45:00,230.0,230.0,229.0,229.0,100434.78260869,22999999.9999987
2026-06-01 01:15:00,228.0,228.0,228.0,228.0,43.47826086,9913.04347608
2026-06-01 01:30:00,228.0,228.0,228.0,228.0,3659.6405591,834398.0474748
2026-06-01 01:45:00,228.0,229.0,226.0,226.0,208733.40197217,47378889.57849689
2026-06-01 02:00:00,227.0,227.0,226.0,227.0,1385.98865608,314580.010083
2026-06-01 02:15:00,227.0,227.0,227.0,227.0,881.05726872,199999.99999944
2026-06-01 02:30:00,227.0,227.0,227.0,227.0,32931.19004358,7475380.13989266
2026-06-01 02:45:00,227.0,228.0,227.0,228.0,11256.15611929,2566184.77679812
2026-06-01 03:00:00,227.0,227.0,227.0,227.0,13484.46481604,3060973.51324108
2026-06-01 03:15:00,226.0,227.0,226.0,226.0,30389.21526949,6867984.67733645
2026-06-01 03:30:00,226.0,226.0,226.0,226.0,20453.42864034,4622474.87271684
2026-06-01 03:45:00,226.0,227.0,225.0,227.0,17003.98299569,3832558.70255738
2026-06-01 04:00:00,227.0,227.0,227.0,227.0,4405.28634361,999999.99999947
2026-06-01 04:15:00,226.0,227.0,225.0,227.0,1363.50819063,307385.70352201
2026-06-01 04:30:00,226.0,226.0,225.0,226.0,41625.85287008,9404393.66182778
2026-06-01 04:45:00,226.0,226.0,226.0,226.0,600.0,135600.0
2026-06-01 05:00:00,227.0,227.0,227.0,227.0,5796.05351508,1315704.14792316
2026-06-01 05:15:00,228.0,229.0,228.0,229.0,46588.02308485,10668166.07590434
2026-06-01 05:30:00,230.0,230.0,230.0,230.0,13769.63829063,3167016.8068449
2026-06-01 06:00:00,231.0,231.0,230.0,231.0,18169.69181425,4191427.2733379
2026-06-01 06:15:00,231.0,231.0,229.0,229.0,1519.15064935,349329.19467924
2026-06-01 06:30:00,229.0,231.0,229.0,231.0,553.22052956,127593.0689659
2026-06-01 06:45:00,231.0,231.0,230.0,230.0,1521.55091285,349999.99999879
2026-06-01 07:15:00,230.0,230.0,230.0,230.0,2027.36023292,466292.8535716
2026-06-01 07:30:00,230.0,230.0,229.0,229.0,935.32912592,214512.54374872
2026-06-01 07:45:00,229.0,229.0,229.0,229.0,12733.93978698,2916072.21121842
2026-06-01 08:00:00,230.0,230.0,230.0,230.0,21605.20174692,4969196.4017916
2026-06-01 08:15:00,229.0,229.0,229.0,229.0,15617.22300275,3576344.06762975
2026-06-01 08:45:00,230.0,230.0,230.0,230.0,5812.89355321,1336965.5172383
2026-06-01 09:00:00,229.0,230.0,229.0,229.0,45312.64971943,10419719.82773872
2026-06-01 09:15:00,230.0,230.0,229.0,230.0,25828.7181193,5938429.20093109
2026-06-01 09:30:00,229.0,230.0,229.0,230.0,21897.51321264,5021555.32464155
2026-06-01 09:45:00,230.0,231.0,229.0,229.0,27852.95065518,6381144.76666107
2026-06-01 10:00:00,229.0,230.0,229.0,230.0,25748.79656721,5902318.96118265
2026-06-01 10:15:00,230.0,230.0,228.0,229.0,54702.83208157,12542600.72059258
2026-06-01 10:30:00,229.0,229.0,229.0,229.0,68252.39675987,15629798.85801023
2026-06-01 10:45:00,229.0,229.0,229.0,229.0,19680.86161158,4506917.30905182
2026-06-01 11:00:00,229.0,229.0,229.0,229.0,32449.1767925,7430861.4854825
2026-06-01 11:15:00,229.0,229.0,228.0,228.0,11761.4275902,2688538.49943616
2026-06-01 11:30:00,229.0,230.0,228.0,230.0,24672.16246171,5670219.12058874
2026-06-01 11:45:00,230.0,230.0,228.0,228.0,10696.19043013,2445664.62160967
2026-06-01 12:00:00,230.0,230.0,230.0,230.0,2468.45779067,567745.2918541
2026-06-01 12:15:00,230.0,230.0,230.0,230.0,58542.88875127,13464864.4127921
2026-06-01 12:30:00,230.0,230.0,230.0,230.0,14212.78810733,3268941.2646859
2026-06-01 12:45:00,230.0,230.0,229.0,229.0,41802.05594174,9575875.53861078
2026-06-01 13:00:00,229.0,230.0,228.0,228.0,42633.08338819,9760938.91717126
2026-06-01 13:15:00,230.0,230.0,228.0,228.0,23716.79739563,5417996.87201569
2026-06-01 13:30:00,228.0,228.0,227.0,228.0,40546.39467069,9216263.92890185
2026-06-01 13:45:00,228.0,228.0,227.0,227.0,10236.7218434,2328027.33113651
2026-06-01 14:00:00,227.0,228.0,227.0,227.0,27563.68090245,6270939.09538473
2026-06-01 14:15:00,228.0,228.0,228.0,228.0,22790.49999997,5196233.99999316
2026-06-01 14:30:00,228.0,228.0,228.0,228.0,17818.92811705,4062715.6106874
2026-06-01 14:45:00,228.0,228.0,228.0,228.0,39755.28571458,9064205.14292424
2026-06-01 15:00:00,227.0,227.0,227.0,227.0,3131.77980033,710914.01467491
2026-06-01 15:15:00,227.0,228.0,227.0,227.0,14635.42063597,3322284.34401431
2026-06-01 15:30:00,227.0,228.0,226.0,227.0,58701.73076219,13331934.12343683
2026-06-01 15:45:00,227.0,228.0,227.0,227.0,17424.15887672,3970907.7921741
2026-06-01 16:00:00,227.0,228.0,226.0,228.0,9209.36045078,2090436.58051753
2026-06-01 16:15:00,227.0,228.0,227.0,228.0,12327.88831768,2799692.0110452
2026-06-01 16:30:00,227.0,228.0,227.0,228.0,8265.78518334,1876679.09437798
2026-06-01 16:45:00,227.0,227.0,227.0,227.0,139.57403049,31683.30492123
2026-06-01 17:00:00,227.0,227.0,227.0,227.0,4120.90827118,935446.17755786
2026-06-01 17:15:00,228.0,228.0,226.0,226.0,52573.27915879,11896531.85738742
2026-06-01 17:30:00,226.0,227.0,226.0,226.0,44403.02629604,10057771.16757464
2026-06-01 17:45:00,226.0,226.0,226.0,226.0,22515.28102125,5088453.5108025
2026-06-01 18:00:00,227.0,228.0,227.0,228.0,27943.2685456,6352501.3903114
2026-06-01 18:15:00,227.0,228.0,226.0,226.0,47321.86509397,10731421.67482704
2026-06-01 18:30:00,226.0,227.0,226.0,227.0,138231.23664723,31247074.78827729
2026-06-01 18:45:00,227.0,227.0,226.0,226.0,11648.09955936,2635681.74941641
2026-06-01 19:00:00,227.0,227.0,225.0,227.0,23759.73533437,5367863.90928656
2026-06-01 19:15:00,226.0,226.0,225.0,226.0,21764.03267932,4897255.71567885
2026-06-01 19:30:00,226.0,227.0,225.0,226.0,171189.32602712,38525670.4799958
2026-06-01 19:45:00,225.0,227.0,225.0,227.0,74679.68760639,16826456.64176022
2026-06-01 20:00:00,227.0,228.0,227.0,228.0,205068.06834242,46747479.11834807
2026-06-01 20:15:00,226.0,228.0,226.0,227.0,19651.10354179,4451166.94430418
2026-06-01 20:30:00,228.0,228.0,226.0,227.0,32349.50301545,7350160.2651621
2026-06-01 20:45:00,226.0,226.0,226.0,226.0,3211.24900105,725742.2742373
2026-06-01 21:00:00,226.0,226.0,226.0,226.0,14701.85270681,3322618.71173906
2026-06-01 21:15:00,225.0,227.0,225.0,227.0,6882.31461619,1561927.51492759
2026-06-01 21:30:00,227.0,227.0,226.0,226.0,2694.05036839,610198.99999622
2026-06-01 21:45:00,225.0,226.0,225.0,226.0,24967.27183417,5640362.40257203
2026-06-01 22:00:00,226.0,227.0,225.0,225.0,138959.17086702,31288094.22045531
2026-06-01 22:15:00,226.0,226.0,225.0,225.0,39577.73096866,8943476.17282613
2026-06-01 22:30:00,226.0,226.0,225.0,225.0,105806.34755461,23857851.00265303
2026-06-01 22:45:00,226.0,227.0,225.0,227.0,191548.13043345,43231477.38415792
2026-06-01 23:00:00,226.0,228.0,226.0,227.0,44780.59778358,10165283.02974226
2026-06-01 23:15:00,227.0,227.0,227.0,227.0,8364.62084703,1898768.93227581
2026-06-01 23:30:00,227.0,227.0,227.0,227.0,27923.2671034,6338581.6324718
2026-06-01 23:45:00,228.0,228.0,227.0,227.0,17365.81934262,3956940.6181836
2026-06-02 00:00:00,227.0,227.0,227.0,227.0,32107.75669433,7288460.76961291
2026-06-02 00:15:00,227.0,227.0,226.0,227.0,42454.70125821,9600642.74867263
2026-06-02 00:30:00,227.0,229.0,227.0,228.0,66129.77082232,15050243.42116617
2026-06-02 00:45:00,228.0,228.0,228.0,228.0,45585.58407079,10393513.16814012
2026-06-02 01:00:00,229.0,229.0,227.0,227.0,455608.44107757,103897929.52701516
2026-06-02 01:15:00,226.0,228.0,226.0,228.0,55003.87850516,12484212.5732734
2026-06-02 01:30:00,228.0,229.0,228.0,229.0,33804.25882225,7710100.08245059
2026-06-02 01:45:00,229.0,230.0,229.0,230.0,5638.12116625,1291173.22533211
2026-06-02 02:00:00,229.0,230.0,229.0,229.0,27945.80410329,6422153.51833363
2026-06-02 02:15:00,229.0,229.0,229.0,229.0,2954.73400812,676634.08785948
2026-06-02 02:30:00,228.0,230.0,228.0,230.0,4184.74423769,955820.82532374
2026-06-02 02:45:00,230.0,230.0,230.0,230.0,82213.03163634,18908997.2763582
2026-06-02 03:00:00,229.0,229.0,229.0,229.0,63.42092105,14523.39092045
2026-06-02 03:15:00,229.0,229.0,228.0,228.0,29473.90560759,6736373.06396268
2026-06-02 03:30:00,228.0,228.0,228.0,228.0,34736.33008056,7919883.25836768
2026-06-02 03:45:00,228.0,228.0,228.0,228.0,19430.59610544,4430175.91204032
2026-06-02 04:00:00,227.0,227.0,227.0,227.0,2955.32559662,670858.91043274
2026-06-02 04:15:00,227.0,227.0,227.0,227.0,382377.30915759,86799649.17877293
2026-06-02 04:30:00,227.0,227.0,226.0,226.0,4287.36338033,971210.19443915
2026-06-02 04:45:00,226.0,226.0,226.0,226.0,50.0,11300.0
2026-06-02 05:15:00,227.0,227.0,227.0,227.0,2643.17180616,599999.99999832
2026-06-02 05:30:00,227.0,227.0,227.0,227.0,645.26604317,146475.39179959
2026-06-02 05:45:00,227.0,227.0,225.0,227.0,57732.52712599,13046418.99142457
2026-06-02 06:00:00,226.0,226.0,225.0,225.0,33385.05642182,7513658.93384755
2026-06-02 06:15:00,224.0,226.0,224.0,226.0,264902.34345078,59452839.89032953
2026-06-02 06:30:00,225.0,226.0,225.0,226.0,5708.05793754,1285296.09388404
2026-06-02 06:45:00,226.0,226.0,225.0,226.0,14058.41006121,3163771.48943596
2026-06-02 07:00:00,225.0,225.0,224.0,225.0,62473.8162138,14035912.91203707
2026-06-02 07:15:00,225.0,225.0,224.0,224.0,71906.13566985,16173926.8454853
2026-06-02 07:30:00,224.0,226.0,224.0,225.0,55308.95587019,12413552.09734142
2026-06-02 07:45:00,225.0,225.0,225.0,225.0,58647.44738739,13195675.66216275
2026-06-02 08:00:00,225.0,225.0,224.0,225.0,10936.26723615,2460354.62159499
2026-06-02 08:15:00,225.0,225.0,224.0,224.0,11655.08466666,2622082.93888738
2026-06-02 08:30:00,224.0,225.0,224.0,225.0,7753.19869917,1738231.89528073
2026-06-02 08:45:00,226.0,226.0,224.0,226.0,37231.77876106,8392032.99999956
2026-06-02 09:00:00,224.0,225.0,224.0,225.0,110385.41033894,24757796.83845911
2026-06-02 09:15:00,225.0,225.0,223.0,225.0,251021.01778597,56243025.2912543
2026-06-02 09:30:00,225.0,225.0,225.0,225.0,10427.46626686,2346179.9100435
2026-06-02 09:45:00,225.0,225.0,223.0,224.0,4262.24125006,956598.71885266
2026-06-02 10:00:00,224.0,224.0,223.0,224.0,39534.42012343,8849972.87056059
2026-06-02 10:15:00,224.0,224.0,223.0,224.0,105335.31070529,23572563.06138623
2026-06-02 10:30:00,223.0,224.0,223.0,224.0,77908.06611898,17418159.78738968
2026-06-02 10:45:00,224.0,224.0,223.0,224.0,84567.18710371,18939972.96064719
2026-06-02 11:00:00,224.0,224.0,222.0,223.0,82838.61796502,18482050.43119946
2026-06-02 11:15:00,223.0,224.0,223.0,224.0,2647.99596328,592800.02712157
2026-06-02 11:30:00,224.0,224.0,224.0,224.0,56894.11941964,12744282.74999936
2026-06-02 11:45:00,224.0,224.0,224.0,224.0,27038.54129462,6056633.24999488
2026-06-02 12:00:00,223.0,225.0,223.0,225.0,54131.67123181,12074893.99098577
2026-06-02 12:15:00,225.0,226.0,225.0,226.0,81122.12458868,18255130.24484238
2026-06-02 12:30:00,226.0,226.0,226.0,226.0,22897.02757468,5174728.23187768
2026-06-02 12:45:00,226.0,226.0,225.0,226.0,11419.88249753,2580557.99999734
2026-06-02 13:00:00,226.0,227.0,226.0,227.0,92330.17141004,20867640.76510075
2026-06-02 13:15:00,227.0,227.0,226.0,226.0,986.09719368,222906.06296536
2026-06-02 13:30:00,226.0,226.0,225.0,226.0,43559.93200706,9806424.57286635
2026-06-02 13:45:00,226.0,227.0,226.0,226.0,6064.36385901,1375292.96701045
2026-06-02 14:00:00,226.0,226.0,226.0,226.0,125.30684656,28319.34732256
2026-06-02 14:15:00,226.0,226.0,226.0,226.0,27477.36682984,6209884.90354384
2026-06-02 14:30:00,225.0,226.0,225.0,225.0,10530.39678705,2369803.96292695
2026-06-02 14:45:00,225.0,227.0,225.0,226.0,48480.74415142,10945119.15039384
2026-06-02 15:00:00,225.0,227.0,225.0,227.0,9013.34215184,2031011.38718437
2026-06-02 15:15:00,227.0,228.0,227.0,227.0,139863.8516579,31766236.00694651
2026-06-02 15:30:00,227.0,227.0,227.0,227.0,176.21145375,40000.00000125
2026-06-02 15:45:00,227.0,228.0,227.0,228.0,33002.48218684,7510592.72431381
2026-06-02 16:00:00,228.0,229.0,228.0,229.0,80925.10890802,18522987.93269608
2026-06-02 16:15:00,229.0,230.0,228.0,228.0,42836.96487794,9775356.43015791
2026-06-02 16:30:00,228.0,228.0,228.0,228.0,187419.29827021,42731600.00560788
2026-06-02 16:45:00,228.0,228.0,227.0,228.0,93700.39996476,21362933.86640189
2026-06-02 17:00:00,228.0,228.0,227.0,228.0,5839.25384606,1331160.15774611
2026-06-02 17:15:00,228.0,228.0,228.0,228.0,1244.87938596,283832.49999888
2026-06-02 17:30:00,228.0,228.0,227.0,227.0,10507.22204099,2391027.47336031
2026-06-02 17:45:00,227.0,227.0,227.0,227.0,94137.73466608,21369265.76920016
2026-06-02 18:00:00,227.0,228.0,227.0,228.0,105154.41329042,23872742.64256515
2026-06-02 18:15:00,227.0,227.0,225.0,225.0,41886.70255724,9443649.75350187
2026-06-02 18:30:00,225.0,227.0,225.0,226.0,27572.01500519,6231253.52578212
2026-06-02 18:45:00,227.0,227.0,226.0,227.0,5285.22692283,1195127.02024237
2026-06-02 19:00:00,226.0,226.0,226.0,226.0,52.09691629,11773.90308154
2026-06-02 19:15:00,226.0,226.0,225.0,226.0,52240.61061945,11776377.9999957
2026-06-02 19:30:00,226.0,226.0,225.0,225.0,167831.02063089,37763615.17374187
2026-06-02 19:45:00,225.0,226.0,225.0,226.0,70576.77384454,15919573.4144868
2026-06-02 20:00:00,226.0,226.0,226.0,226.0,30557.78682007,6906059.82133582
2026-06-02 20:15:00,226.0,226.0,225.0,226.0,53184.24424844,11989449.10402385
2026-06-02 20:30:00,226.0,226.0,225.0,225.0,5972.54108974,1343889.71402367
2026-06-02 20:45:00,226.0,226.0,225.0,225.0,8677.09519221,1954501.52665432
2026-06-02 21:00:00,225.0,225.0,225.0,225.0,4037.0,908325.0
2026-06-02 21:15:00,226.0,226.0,225.0,225.0,38784.16855744,8727004.26170718
2026-06-02 21:30:00,226.0,227.0,226.0,227.0,83324.89101763,18834022.67485616
2026-06-02 21:45:00,227.0,228.0,227.0,227.0,5944.76266162,1350042.7031351
2026-06-02 22:00:00,228.0,228.0,227.0,227.0,8099.87182072,1840368.59080053
2026-06-02 22:15:00,227.0,227.0,227.0,227.0,8132.32756382,1846038.35698714
2026-06-02 22:30:00,227.0,227.0,227.0,227.0,44062.74395841,10002242.87855907
2026-06-02 22:45:00,227.0,227.0,226.0,226.0,151588.37019749,34264786.6426063
2026-06-02 23:00:00,226.0,226.0,225.0,225.0,36789.44409775,8292508.66742486
2026-06-02 23:15:00,225.0,225.0,221.0,223.0,325830.3688939,72651511.34692833
2026-06-02 23:30:00,222.0,226.0,221.0,225.0,507652.48597873,113276913.73123024
2026-06-02 23:45:00,225.0,226.0,222.0,222.0,62464.81713367,14010291.19245967
2026-06-03 00:00:00,222.0,222.0,221.0,221.0,42076.65096138,9299930.85345593
2026-06-03 00:15:00,220.0,221.0,216.0,218.0,1624483.49999598,353365572.59000176
2026-06-03 00:30:00,217.0,220.0,217.0,220.0,267786.71870002,58286341.52668393
2026-06-03 00:45:00,220.0,224.0,220.0,224.0,290362.92439628,64632466.9657826
2026-06-03 01:00:00,223.0,225.0,222.0,225.0,261871.61944195,58444239.01257843
2026-06-03 01:15:00,225.0,225.0,225.0,225.0,7444.65691247,1675047.80530575
2026-06-03 01:30:00,224.0,227.0,224.0,227.0,133669.04809492,30201201.40643268
2026-06-03 01:45:00,226.0,227.0,225.0,226.0,115378.09898738,25990143.42400246
2026-06-03 02:00:00,225.0,225.0,222.0,222.0,127267.7363457,28457099.39760591
2026-06-03 02:15:00,223.0,223.0,222.0,223.0,6025.0939125,1343171.46228317
2026-06-03 02:30:00,224.0,225.0,223.0,224.0,70176.31594539,15722845.53813748
2026-06-03 02:45:00,224.0,224.0,223.0,223.0,43025.44861725,9622564.18450391
2026-06-03 03:00:00,223.0,223.0,222.0,222.0,44742.67153372,9957736.75761587
2026-06-03 03:15:00,222.0,222.0,220.0,220.0,27734.65003548,6151440.91348412
2026-06-03 03:30:00,220.0,221.0,220.0,221.0,37188.77882856,8182293.10167498
2026-06-03 03:45:00,221.0,222.0,220.0,221.0,80130.90433083,17667195.66312076
2026-06-03 04:00:00,220.0,222.0,220.0,222.0,12196.66904663,2683313.1902586
2026-06-03 04:15:00,221.0,221.0,221.0,221.0,2050.0,453050.0
2026-06-03 04:30:00,220.0,221.0,220.0,220.0,19867.02679191,4389459.9622666
2026-06-03 04:45:00,221.0,223.0,221.0,222.0,5708.21524663,1270091.99999849
2026-06-03 05:00:00,223.0,226.0,223.0,225.0,40928.09368169,9185677.61188827
2026-06-03 05:15:00,224.0,224.0,221.0,222.0,16520.22394459,3696492.89339873
2026-06-03 05:30:00,222.0,222.0,222.0,222.0,2862.95549386,635576.11963692
2026-06-03 05:45:00,222.0,223.0,222.0,223.0,21795.78475335,4856959.99999705
2026-06-03 06:00:00,222.0,223.0,222.0,222.0,24329.90496671,5401662.66942575
2026-06-03 06:15:00,223.0,224.0,223.0,223.0,5810.47285714,1295780.08999936
2026-06-03 06:30:00,224.0,224.0,222.0,222.0,22495.85644217,5005149.39951433
2026-06-03 06:45:00,222.0,222.0,221.0,222.0,70536.53263415,15622683.95873303
2026-06-03 07:00:00,222.0,223.0,221.0,223.0,1926.58388742,428144.89654983
2026-06-03 07:15:00,223.0,223.0,223.0,223.0,6400.87369214,1427394.83334722
2026-06-03 07:30:00,223.0,223.0,223.0,223.0,8017.05385875,1787803.01050125
2026-06-03 07:45:00,223.0,223.0,222.0,222.0,106949.67649379,23781576.72621007
2026-06-03 08:00:00,222.0,223.0,221.0,222.0,23050.66903245,5117069.2288521
2026-06-03 08:15:00,222.0,222.0,221.0,222.0,45026.91523194,9986572.84406028
2026-06-03 08:30:00,221.0,222.0,220.0,220.0,80198.84092712,17739191.6322898
2026-06-03 08:45:00,220.0,222.0,220.0,221.0,59657.85188497,13193722.96874518
2026-06-03 09:00:00,222.0,223.0,222.0,222.0,57696.96609821,12808756.47380262
2026-06-03 09:15:00,222.0,223.0,221.0,223.0,20646.75689284,4590288.83377838
2026-06-03 09:30:00,223.0,224.0,222.0,224.0,15370.74582023,3418900.83620703
2026-06-03 09:45:00,224.0,224.0,224.0,224.0,533.92476693,119599.14779232
2026-06-03 10:00:00,224.0,224.0,222.0,222.0,9647.85389735,2148836.06196619
2026-06-03 10:15:00,222.0,223.0,221.0,221.0,21082.57838147,4675638.0560807
2026-06-03 10:30:00,222.0,222.0,221.0,222.0,111274.76933526,24696120.42443683
2026-06-03 10:45:00,222.0,223.0,221.0,223.0,24939.06677683,5535944.33498023
2026-06-03 11:00:00,223.0,223.0,221.0,221.0,798.47080366,176597.48778946
2026-06-03 11:15:00,222.0,222.0,221.0,222.0,26840.2397014,5945750.64337291
2026-06-03 11:30:00,222.0,222.0,221.0,221.0,11247.5049187,2489208.58878857
2026-06-03 11:45:00,222.0,222.0,221.0,222.0,43020.0772183,9509020.9661452
2026-06-03 12:00:00,221.0,222.0,221.0,221.0,11192.63625615,2474671.99999653
2026-06-03 12:15:00,220.0,221.0,220.0,220.0,19477.29310342,4290027.10718677
2026-06-03 12:30:00,221.0,221.0,220.0,221.0,25266.0994712,5569906.78581245
2026-06-03 12:45:00,221.0,221.0,219.0,219.0,230936.62966722,50766248.2511298
2026-06-03 13:00:00,219.0,219.0,216.0,216.0,462879.83438873,100298540.2632078
2026-06-03 13:15:00,217.0,218.0,217.0,218.0,50454.04518271,10998881.84983078
2026-06-03 13:30:00,218.0,219.0,217.0,217.0,38511.33284108,8392106.56453733
2026-06-03 13:45:00,217.0,217.0,217.0,217.0,21599.34468242,4687057.79608514
2026-06-03 14:00:00,218.0,219.0,218.0,219.0,53421.13665274,11692389.31518913
2026-06-03 14:15:00,220.0,220.0,220.0,220.0,34170.4602244,7517501.249368
2026-06-03 14:30:00,219.0,220.0,219.0,220.0,51091.10524615,11218829.53141761
2026-06-03 14:45:00,220.0,221.0,219.0,221.0,19966.80737029,4394499.7549507
2026-06-03 15:00:00,222.0,222.0,221.0,221.0,58109.50708201,12900260.57220622
2026-06-03 15:15:00,222.0,223.0,222.0,223.0,1241.4131556,275618.3617988
2026-06-03 15:30:00,223.0,223.0,222.0,223.0,32399.47640155,7222799.11085675
2026-06-03 15:45:00,223.0,224.0,222.0,224.0,38889.42070481,8668889.8754686
2026-06-03 16:00:00,224.0,224.0,224.0,224.0,49376.43512494,11060321.46798656
2026-06-03 16:15:00,225.0,225.0,225.0,225.0,21059.24166416,4738329.374436
2026-06-03 16:30:00,225.0,225.0,224.0,224.0,27176.55297328,6089767.9293164
2026-06-03 16:45:00,224.0,224.0,223.0,223.0,6173.06637819,1382287.36956432
2026-06-03 17:15:00,223.0,224.0,223.0,224.0,1571.78683294,351400.11565402
2026-06-03 17:30:00,224.0,225.0,224.0,224.0,219013.43796575,49067894.55321688
2026-06-03 17:45:00,224.0,224.0,223.0,224.0,11483.78547169,2561157.79009758
2026-06-03 18:00:00,224.0,224.0,224.0,224.0,1339.28571428,299999.99999872
2026-06-03 18:15:00,225.0,226.0,224.0,224.0,189542.54728994,42469059.1847391
2026-06-03 18:30:00,224.0,224.0,223.0,223.0,31866.31078041,7129731.1989919
2026-06-03 18:45:00,224.0,224.0,223.0,224.0,22437.98944273,5005595.58657308
2026-06-03 19:00:00,224.0,226.0,224.0,226.0,49496.79012588,11160717.778323
2026-06-03 19:15:00,225.0,227.0,225.0,226.0,46268.20351152,10434844.63263223
2026-06-03 19:30:00,226.0,226.0,225.0,226.0,75872.67162468,17131843.44059615
2026-06-03 19:45:00,226.0,226.0,225.0,225.0,107517.24810866,24262312.73234085
2026-06-03 20:00:00,224.0,226.0,224.0,224.0,26135.8055905,5859209.38376505
2026-06-03 20:15:00,225.0,225.0,224.0,225.0,3198.78358578,719680.87809283
2026-06-03 20:30:00,225.0,226.0,225.0,226.0,199080.62907134,44842416.99464078
2026-06-03 20:45:00,226.0,227.0,226.0,227.0,93363.07295351,21171610.42203803
2026-06-03 21:00:00,227.0,227.0,227.0,227.0,64793.77023051,14708185.84232577
2026-06-03 21:15:00,226.0,227.0,225.0,226.0,33804.20147269,7646820.3747271
2026-06-03 21:30:00,226.0,227.0,226.0,227.0,7148.59174053,1622624.68765355
2026-06-03 21:45:00,226.0,227.0,226.0,227.0,77774.97874199,17604657.05209633
2026-06-03 22:00:00,227.0,228.0,227.0,227.0,2473.82190347,562262.61868719
2026-06-03 22:15:00,226.0,227.0,226.0,227.0,36320.22645064,8217223.60075212
2026-06-03 22:30:00,227.0,229.0,227.0,228.0,204277.78335708,46538418.41248186
2026-06-03 22:45:00,228.0,229.0,227.0,228.0,55056.69530125,12542455.61523846
2026-06-03 23:00:00,229.0,231.0,229.0,230.0,158081.90091103,36345512.99162904
2026-06-03 23:15:00,229.0,230.0,229.0,230.0,39740.53596969,9127665.79552976
2026-06-03 23:30:00,230.0,230.0,229.0,229.0,12771.13604766,2924720.58969674
2026-06-03 23:45:00,229.0,230.0,229.0,230.0,33821.87891944,7778982.1514712
2026-06-04 00:00:00,231.0,231.0,230.0,231.0,20326.42894786,4675392.99999913
2026-06-04 00:15:00,230.0,231.0,229.0,230.0,24720.92438852,5686754.88975322
2026-06-04 00:30:00,230.0,230.0,229.0,229.0,132321.60082618,30302124.85006477
2026-06-04 00:45:00,229.0,230.0,229.0,230.0,13156.66750687,3013357.01855679
2026-06-04 01:00:00,230.0,230.0,229.0,229.0,42386.91818085,9708178.34167551
2026-06-04 01:15:00,229.0,229.0,228.0,228.0,96491.22983062,22027083.61972197
2026-06-04 01:30:00,229.0,229.0,228.0,228.0,70624.91150947,16102654.49664824
2026-06-04 01:45:00,228.0,228.0,228.0,228.0,70000.0,15960000.0
2026-06-04 02:00:00,229.0,229.0,228.0,229.0,51724.50021793,11839910.54990597
2026-06-04 02:15:00,230.0,230.0,229.0,229.0,34351.35610986,7896706.58266291
2026-06-04 02:30:00,228.0,230.0,228.0,230.0,73868.48875017,16912213.92317926
2026-06-04 02:45:00,229.0,229.0,229.0,229.0,29153.82574199,6676226.09491571
2026-06-04 03:00:00,230.0,230.0,229.0,230.0,54462.78523299,12522035.31724409
2026-06-04 03:15:00,229.0,229.0,229.0,229.0,200.0,45800.0
2026-06-04 03:30:00,229.0,229.0,228.0,229.0,19611.46967027,4487362.57394924
2026-06-04 03:45:00,230.0,230.0,230.0,230.0,13238.00909555,3044742.0919765
2026-06-04 04:00:00,230.0,230.0,230.0,230.0,51038.21015005,11738788.3345115
2026-06-04 04:30:00,229.0,230.0,229.0,230.0,15092.28470635,3456937.99585336
2026-06-04 04:45:00,229.0,229.0,229.0,229.0,460.59919349,105477.21530921
2026-06-04 05:00:00,229.0,229.0,229.0,229.0,87646.79507173,20071116.07142617
2026-06-04 05:15:00,229.0,231.0,229.0,231.0,16674.46787353,3822135.84207845
2026-06-04 05:30:00,231.0,231.0,231.0,231.0,29529.97614278,6821424.48898218
2026-06-04 05:45:00,229.0,230.0,229.0,230.0,29230.07085526,6722890.20975328
2026-06-04 06:00:00,229.0,230.0,229.0,230.0,24365.0,5581950.0
2026-06-04 06:15:00,230.0,230.0,230.0,230.0,25173.4,5789882.0
2026-06-04 06:30:00,231.0,232.0,230.0,230.0,2133.01465478,492543.18598313
2026-06-04 06:45:00,230.0,232.0,230.0,232.0,499424.70844354,114905575.290671
2026-06-04 07:00:00,232.0,232.0,230.0,230.0,768.77452222,177112.39911175
2026-06-04 07:15:00,229.0,230.0,229.0,230.0,2413.62695274,554268.3982644
2026-06-04 07:30:00,229.0,229.0,229.0,229.0,30591.34959826,7005419.05800154
2026-06-04 07:45:00,229.0,229.0,229.0,229.0,87314.59824236,19995042.99750044
2026-06-04 08:00:00,228.0,229.0,227.0,228.0,41461.51320143,9450385.77972043
2026-06-04 08:15:00,227.0,229.0,227.0,229.0,578414.58965001,132156573.50216329
2026-06-04 08:30:00,230.0,231.0,230.0,231.0,127880.27106906,29458650.17420988
2026-06-04 08:45:00,230.0,230.0,226.0,226.0,123824.13562962,28251815.05537507
2026-06-04 09:00:00,227.0,228.0,227.0,227.0,3142.13350352,715081.12934315
2026-06-04 09:15:00,227.0,229.0,227.0,228.0,52186.93092878,11879160.71231758
2026-06-04 09:30:00,227.0,227.0,225.0,227.0,403899.82142569,91254263.7938515
2026-06-04 09:45:00,226.0,227.0,226.0,226.0,112475.91428311,25420085.02017442
2026-06-04 10:00:00,227.0,227.0,226.0,227.0,43379.07192437,9845460.32683199
2026-06-04 10:15:00,226.0,226.0,224.0,224.0,194643.75160575,43879991.1649421
2026-06-04 10:30:00,224.0,226.0,224.0,225.0,118122.66896031,26597860.68350098
2026-06-04 10:45:00,225.0,226.0,223.0,225.0,180800.38737869,40589701.509325
2026-06-04 11:00:00,224.0,225.0,223.0,225.0,327867.53865409,73313448.6477452
2026-06-04 11:15:00,224.0,226.0,224.0,226.0,12288.29345489,2762060.20133119
2026-06-04 11:30:00,225.0,228.0,225.0,227.0,239052.31213786,54229101.14484478
2026-06-04 11:45:00,228.0,228.0,226.0,227.0,92187.87386618,20877125.28094296
2026-06-04 12:00:00,226.0,229.0,226.0,228.0,59769.21547403,13642501.49640803
2026-06-04 12:15:00,229.0,229.0,228.0,228.0,357309.26046544,81466720.99354367
2026-06-04 12:30:00,227.0,228.0,226.0,228.0,138245.78532258,31380515.5419717
2026-06-04 12:45:00,228.0,229.0,227.0,228.0,22812.12424754,5201987.69088453
2026-06-04 13:00:00,229.0,229.0,229.0,229.0,49781.43639528,11399948.93451912
2026-06-04 13:15:00,229.0,229.0,229.0,229.0,87172.24586711,19962444.30356819
2026-06-04 13:30:00,228.0,228.0,228.0,228.0,112546.65534296,25660637.41819488
2026-06-04 13:45:00,228.0,230.0,228.0,228.0,391290.90567426,89485601.18668482
2026-06-04 14:00:00,229.0,229.0,227.0,228.0,242978.41567212,55408626.28455558
2026-06-04 14:15:00,228.0,228.0,226.0,226.0,65765.48056154,14929575.14026288
2026-06-04 14:30:00,227.0,228.0,227.0,228.0,199613.35274204,45341509.40202825
2026-06-04 14:45:00,228.0,228.0,227.0,228.0,8107.85418693,1847625.84233933
2026-06-04 15:00:00,228.0,231.0,228.0,231.0,124806.7751631,28763468.0312875
2026-06-04 15:15:00,232.0,233.0,231.0,232.0,222408.8567331,51598004.88114093
2026-06-04 15:30:00,231.0,233.0,231.0,232.0,299784.31789487,69527607.24676819
2026-06-04 15:45:00,231.0,232.0,229.0,229.0,110149.34898444,25342131.91028641
2026-06-04 16:00:00,231.0,231.0,228.0,229.0,4894.32907813,1124921.05808228
2026-06-04 16:15:00,229.0,229.0,228.0,228.0,49408.1442817,11271807.9289172
2026-06-04 16:30:00,228.0,230.0,228.0,230.0,58365.97875273,13370676.54543025
2026-06-04 16:45:00,230.0,233.0,230.0,232.0,281581.66996961,65054092.68779815
2026-06-04 17:00:00,232.0,233.0,231.0,231.0,279740.53840016,64964034.29702428
2026-06-04 17:15:00,232.0,233.0,230.0,233.0,531247.2443072,123231394.71255673
2026-06-04 17:30:00,233.0,234.0,231.0,231.0,395692.54344153,91739809.95660366
2026-06-04 17:45:00,232.0,232.0,231.0,231.0,78715.73706484,18206109.04096157
2026-06-04 18:00:00,232.0,232.0,228.0,228.0,276303.30706228,63287143.12879241
2026-06-04 18:15:00,229.0,229.0,226.0,227.0,410531.71466851,93086179.23092733
2026-06-04 18:30:00,228.0,228.0,227.0,228.0,83240.52127829,18922973.28345603
2026-06-04 18:45:00,228.0,229.0,227.0,228.0,42899.99428952,9778677.59035387
2026-06-04 19:00:00,227.0,228.0,227.0,227.0,340140.8398537,77450119.2227234
2026-06-04 19:15:00,227.0,228.0,227.0,227.0,98179.45070689,22324480.83285632
2026-06-04 19:30:00,226.0,226.0,225.0,226.0,271471.12545859,61193861.54398766
2026-06-04 19:45:00,226.0,226.0,224.0,225.0,14103.33972337,3164029.70540969
2026-06-04 20:00:00,225.0,225.0,225.0,225.0,36985.82211975,8321809.97694375
2026-06-04 20:15:00,224.0,225.0,224.0,225.0,57802.24680481,12977240.63990602
2026-06-04 20:30:00,225.0,225.0,224.0,225.0,90108.2300051,20232664.67150777
2026-06-04 20:45:00,224.0,225.0,223.0,224.0,190502.74004749,42757913.56645242
2026-06-04 21:00:00,224.0,225.0,223.0,224.0,63471.65188699,14230440.41000168
2026-06-04 21:15:00,224.0,225.0,223.0,224.0,140072.90161856,31318635.87162139
2026-06-04 21:30:00,224.0,225.0,224.0,225.0,65647.36775006,14718691.87026852
2026-06-04 21:45:00,225.0,225.0,223.0,224.0,86494.47452644,19439933.56290026
2026-06-04 22:00:00,224.0,225.0,224.0,224.0,65904.63737266,14817779.56430186
2026-06-04 22:15:00,224.0,224.0,223.0,224.0,41696.56876576,9339266.15668693
2026-06-04 22:30:00,225.0,227.0,224.0,225.0,231620.42165431,52253014.13156494
2026-06-04 22:45:00,225.0,225.0,224.0,225.0,12882.64042801,2898228.35536319
2026-06-04 23:00:00,226.0,226.0,225.0,225.0,39313.16492451,8846333.23647965
2026-06-04 23:15:00,225.0,226.0,225.0,225.0,238817.01713642,53966753.1558175
2026-06-04 23:30:00,226.0,226.0,224.0,224.0,185654.15068602,41627858.32039292
2026-06-04 23:45:00,224.0,225.0,223.0,225.0,68089.78445714,15208305.50403568
2026-06-05 00:00:00,224.0,225.0,224.0,225.0,32867.5808218,7391990.5275572
2026-06-05 00:15:00,225.0,225.0,225.0,225.0,15345.58679817,3452757.02958825
2026-06-05 00:30:00,226.0,226.0,224.0,224.0,14456.0804488,3243105.1200876
2026-06-05 00:45:00,224.0,224.0,223.0,223.0,51100.82222321,11396106.35577583
2026-06-05 01:00:00,223.0,225.0,223.0,224.0,4598.97841579,1030083.12069251
2026-06-05 01:15:00,225.0,225.0,225.0,225.0,2855.90714285,642579.10714125
2026-06-05 01:30:00,224.0,225.0,224.0,225.0,8643.54680211,1944577.98367264
2026-06-05 01:45:00,224.0,225.0,224.0,225.0,5045.28888888,1130189.999998
2026-06-05 02:00:00,224.0,224.0,224.0,224.0,4329.004329,969696.969696
2026-06-05 02:15:00,224.0,224.0,222.0,222.0,47910.96727143,10691205.9766273
2026-06-05 02:30:00,222.0,222.0,222.0,222.0,156.09605911,34653.32512242
2026-06-05 02:45:00,223.0,224.0,223.0,223.0,24699.62996664,5528141.82813346
2026-06-05 03:00:00,224.0,224.0,224.0,224.0,45.49107142,10189.99999808
2026-06-05 03:15:00,224.0,224.0,224.0,224.0,9221.30026728,2065571.25987072
2026-06-05 03:30:00,224.0,224.0,223.0,223.0,1029.43049328,230144.00000144
2026-06-05 03:45:00,224.0,224.0,224.0,224.0,14069.65661142,3151603.08095808
2026-06-05 04:00:00,223.0,223.0,223.0,223.0,13326.12062827,2971724.90010421
2026-06-05 04:15:00,225.0,225.0,225.0,225.0,1175.05140681,264386.56653225
2026-06-05 04:30:00,225.0,225.0,224.0,224.0,45435.73768671,10222840.97950975
2026-06-05 05:15:00,224.0,224.0,224.0,224.0,23.0,5152.0
2026-06-05 05:30:00,224.0,224.0,223.0,223.0,2000.0,447000.0
2026-06-05 05:45:00,225.0,225.0,224.0,225.0,1171.17909996,263358.36891958
2026-06-05 06:00:00,224.0,225.0,224.0,224.0,1223.74082687,274140.59855221
2026-06-05 06:15:00,225.0,225.0,223.0,223.0,233885.64008417,52185638.83042645
2026-06-05 06:30:00,224.0,224.0,223.0,223.0,6963.61640606,1554850.07495744
2026-06-05 06:45:00,223.0,224.0,223.0,224.0,9567.39948081,2134405.85654205
2026-06-05 07:00:00,224.0,224.0,223.0,223.0,5884.9221286,1313545.50967779
2026-06-05 07:15:00,224.0,224.0,223.0,223.0,33893.98015691,7577441.11317819
2026-06-05 07:30:00,224.0,224.0,223.0,224.0,5152.5256948,1151963.1124634
2026-06-05 07:45:00,224.0,225.0,223.0,223.0,114827.73603262,25701737.76924541
2026-06-05 08:00:00,224.0,225.0,224.0,225.0,125399.02524831,28189517.52673254
2026-06-05 08:15:00,225.0,225.0,225.0,225.0,23708.86634605,5334494.92786125
2026-06-05 08:30:00,225.0,225.0,219.0,220.0,935428.51159023,206419495.35997844
2026-06-05 08:45:00,218.0,221.0,218.0,221.0,68327.54302265,14972176.43497686
2026-06-05 09:00:00,221.0,221.0,216.0,220.0,626298.2610907,135935228.9741769
2026-06-05 09:15:00,219.0,221.0,219.0,221.0,130714.47840162,28740666.2765253
2026-06-05 09:30:00,220.0,221.0,220.0,221.0,179870.26018917,39581461.74837303
2026-06-05 09:45:00,221.0,221.0,220.0,221.0,110884.80284083,24404421.39281231
2026-06-05 10:00:00,221.0,221.0,218.0,218.0,190703.20376626,41731382.78163651
2026-06-05 10:15:00,218.0,220.0,218.0,220.0,40786.58022485,8935361.89642203
2026-06-05 10:30:00,221.0,221.0,220.0,220.0,258.31762179,56875.98539108
2026-06-05 10:45:00,221.0,222.0,221.0,222.0,696.35135135,154389.9999997
2026-06-05 11:00:00,222.0,223.0,221.0,223.0,27392.18342994,6080264.72144668
2026-06-05 11:15:00,222.0,222.0,222.0,222.0,47046.43512927,10444308.59869794
2026-06-05 11:30:00,222.0,222.0,220.0,221.0,115927.98971392,25620742.6427531
2026-06-05 11:45:00,220.0,221.0,219.0,221.0,99517.1992083,21861793.32752784
2026-06-05 12:00:00,219.0,222.0,218.0,222.0,120565.76614154,26417017.36467843
2026-06-05 12:15:00,222.0,224.0,222.0,222.0,101304.68755452,22506237.67946236
2026-06-05 12:30:00,223.0,223.0,221.0,222.0,122798.90666223,27142673.06033327
2026-06-05 12:45:00,221.0,222.0,221.0,222.0,8910.85354675,1970044.17354358
2026-06-05 13:00:00,223.0,223.0,222.0,223.0,55934.81661827,12458360.42978432
2026-06-05 13:15:00,223.0,223.0,221.0,223.0,64045.31129557,14196927.51806198
2026-06-05 13:30:00,223.0,223.0,223.0,223.0,60125.2858252,13407938.7390196
2026-06-05 13:45:00,223.0,223.0,222.0,223.0,16459.25577645,3657030.68371716
2026-06-05 14:00:00,223.0,224.0,222.0,222.0,25914.57894477,5779475.66622566
2026-06-05 14:15:00,222.0,224.0,222.0,223.0,30255.57164828,6746902.92592054
2026-06-05 14:30:00,223.0,223.0,223.0,223.0,13186.03861801,2940486.61181623
2026-06-05 14:45:00,222.0,222.0,222.0,222.0,77430.27315914,17189520.64132908
2026-06-05 15:00:00,221.0,223.0,221.0,221.0,177635.73343066,39333409.34080412
2026-06-05 15:15:00,222.0,222.0,220.0,220.0,87182.39239275,19248855.24944816
2026-06-05 15:30:00,220.0,221.0,219.0,220.0,415681.61233359,91273240.91248482
2026-06-05 15:45:00,221.0,221.0,220.0,221.0,153303.30034246,33848343.97304769
2026-06-05 16:00:00,220.0,220.0,219.0,220.0,69693.11530358,15323781.50856143
2026-06-05 16:15:00,220.0,222.0,220.0,222.0,153679.265035,33960728.83574807
2026-06-05 16:30:00,222.0,222.0,221.0,221.0,34018.20215938,7540545.1997455
2026-06-05 16:45:00,221.0,222.0,220.0,220.0,33129.10922256,7302595.02678855
2026-06-05 17:00:00,222.0,222.0,222.0,222.0,45.04504504,9999.99999888
2026-06-05 17:15:00,221.0,221.0,220.0,220.0,135398.52911534,29792043.2153829
2026-06-05 17:30:00,221.0,221.0,219.0,219.0,20477.93139416,4504158.796218
2026-06-05 17:45:00,219.0,219.0,217.0,218.0,81107.90347643,17699192.27205275
2026-06-05 18:00:00,218.0,218.0,216.0,217.0,135191.36374732,29340060.55906038
2026-06-05 18:15:00,217.0,217.0,216.0,217.0,81112.40018206,17598853.80246998
2026-06-05 18:30:00,217.0,218.0,216.0,218.0,89665.47621637,19416601.3075374
2026-06-05 18:45:00,218.0,219.0,217.0,219.0,9711.40503395,2126212.74488967
2026-06-05 19:00:00,219.0,220.0,218.0,219.0,48563.84320424,10635422.11686617
2026-06-05 19:15:00,220.0,221.0,219.0,220.0,16295.1255386,3584495.90407815
2026-06-05 19:30:00,221.0,221.0,218.0,221.0,78162.75850173,17195067.92023562
2026-06-05 19:45:00,221.0,221.0,221.0,221.0,65.40390519,14454.26304699
2026-06-05 20:00:00,220.0,221.0,218.0,221.0,33280.23409673,7310499.90284218
2026-06-05 20:15:00,220.0,220.0,218.0,219.0,385320.92011736,84394803.32210913
2026-06-05 20:30:00,219.0,219.0,218.0,218.0,23227.82404893,5069009.24266674
2026-06-05 20:45:00,218.0,219.0,218.0,218.0,39464.98996037,8627456.29830342
2026-06-05 21:00:00,218.0,219.0,217.0,218.0,87449.91919459,19048964.52095015
2026-06-05 21:15:00,218.0,219.0,218.0,219.0,31165.30112621,6810276.74818878
2026-06-05 21:30:00,219.0,219.0,217.0,219.0,25630.05239483,5576004.05862978
2026-06-05 21:45:00,219.0,220.0,217.0,220.0,52063.28529212,11380175.15259553
2026-06-05 22:00:00,220.0,220.0,220.0,220.0,100104.07707754,22022896.9570588
2026-06-05 22:15:00,220.0,222.0,220.0,222.0,135649.20600855,29977431.39327319
2026-06-05 22:30:00,221.0,223.0,221.0,223.0,231369.9261397,51264046.66456653
2026-06-05 22:45:00,223.0,223.0,221.0,221.0,138228.97489899,30703761.13117451
2026-06-05 23:00:00,221.0,223.0,220.0,223.0,248978.13218909,55200643.1872154
2026-06-05 23:15:00,222.0,222.0,220.0,220.0,58922.99543483,13008619.74850255
2026-06-05 23:30:00,221.0,221.0,220.0,220.0,161733.02896591,35604793.21892232
2026-06-05 23:45:00,220.0,222.0,220.0,221.0,117553.31424981,25916292.56672405
2026-06-06 00:00:00,221.0,222.0,221.0,222.0,46795.44731984,10381226.21591959
2026-06-06 00:15:00,221.0,222.0,220.0,220.0,31104.26417637,6875000.56055354
2026-06-06 00:30:00,220.0,220.0,215.0,216.0,602589.70484692,130556842.305417
2026-06-06 00:45:00,215.0,217.0,214.0,216.0,475674.56188125,102202012.01622686
2026-06-06 01:00:00,216.0,217.0,215.0,217.0,112782.00308838,24337356.07647428
2026-06-06 01:15:00,217.0,218.0,216.0,218.0,62436.22101827,13516917.55307455
2026-06-06 01:30:00,218.0,218.0,217.0,217.0,18406.3489879,4012123.24986912
2026-06-06 01:45:00,217.0,218.0,213.0,218.0,1023525.15156123,218902707.10682672
2026-06-06 02:00:00,218.0,218.0,216.0,216.0,88205.90214409,19116569.16398914
2026-06-06 02:15:00,216.0,216.0,216.0,216.0,18671.99033767,4033149.91293672
2026-06-06 02:30:00,216.0,217.0,216.0,216.0,2557.82358014,552697.78271116
2026-06-06 02:45:00,216.0,216.0,216.0,216.0,25569.10439647,5522926.54963752
2026-06-06 03:00:00,216.0,217.0,216.0,217.0,14446.81891558,3120651.13922149
2026-06-06 03:15:00,216.0,216.0,215.0,215.0,131131.24747908,28278295.58654931
2026-06-06 03:30:00,215.0,216.0,215.0,216.0,60202.37590287,12948167.92112159
2026-06-06 03:45:00,216.0,216.0,215.0,215.0,139699.29852278,30137816.13055437
2026-06-06 04:00:00,215.0,216.0,214.0,216.0,53524.27422555,11464066.14438136
2026-06-06 04:15:00,217.0,217.0,216.0,217.0,5029.56171028,1086647.07596427
2026-06-06 04:30:00,217.0,218.0,216.0,217.0,151039.52530992,32777339.24396887
2026-06-06 04:45:00,217.0,219.0,217.0,219.0,98011.31998939,21293843.41778369
2026-06-06 05:00:00,218.0,220.0,218.0,220.0,6939.7032944,1513373.49999736
2026-06-06 05:15:00,220.0,221.0,220.0,221.0,24555.68712968,5403925.03747747
2026-06-06 05:45:00,220.0,220.0,220.0,220.0,14401.61863511,3168356.0997242
2026-06-06 06:00:00,221.0,222.0,221.0,221.0,36766.25432753,8125773.5365643
2026-06-06 06:15:00,222.0,224.0,222.0,224.0,221390.17259687,49368067.40013932
2026-06-06 06:30:00,224.0,225.0,224.0,225.0,2775.36482454,623992.07584386
2026-06-06 06:45:00,225.0,226.0,224.0,225.0,35432.85438884,7972922.57364714
2026-06-06 07:00:00,225.0,226.0,224.0,226.0,12869.2220889,2900692.89701911
2026-06-06 07:15:00,227.0,227.0,225.0,225.0,110493.73026754,24979609.90546326
2026-06-06 07:30:00,225.0,226.0,225.0,226.0,15658.38301449,3533365.81936791
2026-06-06 07:45:00,226.0,227.0,226.0,227.0,228243.63615802,51610084.93999444
2026-06-06 08:00:00,226.0,227.0,226.0,226.0,4890.99804644,1105387.61135887
2026-06-06 08:15:00,226.0,226.0,224.0,225.0,60716.87074834,13659824.73253579
2026-06-06 08:30:00,226.0,226.0,225.0,226.0,37022.72216049,8349691.17241418
2026-06-06 08:45:00,226.0,228.0,226.0,227.0,158540.7249533,35999503.72809599
2026-06-06 09:00:00,228.0,228.0,227.0,228.0,382288.14201833,86932004.03260279
2026-06-06 09:15:00,228.0,229.0,228.0,228.0,75297.3479918,17211280.72426076
2026-06-06 09:30:00,228.0,229.0,228.0,229.0,37976.54738324,8681746.56430281
2026-06-06 09:45:00,229.0,230.0,229.0,229.0,48760.85734466,11168409.1585573
2026-06-06 10:00:00,229.0,229.0,228.0,229.0,81420.95356975,18620973.01019767
2026-06-06 10:15:00,228.0,228.0,226.0,228.0,16936.39967103,3843387.14464111
2026-06-06 10:30:00,227.0,228.0,227.0,227.0,86998.56187402,19748762.14189376
2026-06-06 10:45:00,228.0,228.0,228.0,228.0,179881.51976642,41012986.50674376
2026-06-06 11:00:00,227.0,227.0,226.0,226.0,21190.61418796,4801319.46865974
2026-06-06 11:15:00,226.0,227.0,226.0,227.0,33069.42310014,7490375.73465852
2026-06-06 11:30:00,227.0,227.0,227.0,227.0,35352.34071291,8024981.34183057
2026-06-06 11:45:00,228.0,228.0,227.0,227.0,4984.28741971,1131491.24427417
2026-06-06 12:00:00,227.0,227.0,226.0,227.0,29147.41836099,6593360.69931504
2026-06-06 12:15:00,227.0,227.0,226.0,226.0,10499.60685422,2373111.14905372
2026-06-06 12:30:00,227.0,227.0,227.0,227.0,31286.56868173,7102051.09075271
2026-06-06 12:45:00,227.0,228.0,227.0,228.0,62957.9296885,14295192.7592895
2026-06-06 13:00:00,228.0,228.0,226.0,227.0,180305.61507041,41007348.05747415
2026-06-06 13:15:00,226.0,226.0,224.0,224.0,118458.58772312,26553730.97349244
2026-06-06 13:30:00,224.0,225.0,223.0,223.0,85543.8204135,19084699.02650693
2026-06-06 13:45:00,223.0,225.0,223.0,225.0,51043.58444444,11386776.359999
2026-06-06 14:00:00,224.0,225.0,223.0,223.0,15034.02920065,3359340.58686255
2026-06-06 14:15:00,224.0,225.0,223.0,225.0,12846.09171071,2877302.72741835
2026-06-06 14:30:00,225.0,227.0,225.0,227.0,13236.97275605,2998704.08064268
2026-06-06 14:45:00,226.0,227.0,226.0,227.0,18439.62150043,4184794.08059761
2026-06-06 15:00:00,227.0,227.0,227.0,227.0,10472.51233507,2377260.30006089
2026-06-06 15:15:00,228.0,228.0,226.0,226.0,1376.69846841,312329.18675297
2026-06-06 15:30:00,227.0,229.0,227.0,228.0,60799.97217963,13862882.60547341
2026-06-06 15:45:00,228.0,228.0,227.0,227.0,1631.84047966,371454.28902666
2026-06-06 16:00:00,228.0,228.0,227.0,228.0,30680.96214108,6994623.14286726
2026-06-06 16:15:00,229.0,229.0,229.0,229.0,2350.22617433,538201.79392157
2026-06-06 16:30:00,229.0,229.0,229.0,229.0,436.6812227,99999.9999983
2026-06-06 16:45:00,228.0,228.0,228.0,228.0,45778.20965582,10437431.80152696
2026-06-06 17:00:00,228.0,229.0,228.0,229.0,2600.60612392,595100.20588645
2026-06-06 17:15:00,229.0,231.0,229.0,230.0,195222.76860516,44753356.95127779
2026-06-06 17:30:00,230.0,232.0,230.0,232.0,262355.03735754,60653604.13808918
2026-06-06 17:45:00,232.0,232.0,231.0,232.0,61612.36579977,14283116.25692211
2026-06-06 18:00:00,232.0,235.0,232.0,232.0,604393.06818635,140795008.85747924
2026-06-06 18:15:00,233.0,234.0,232.0,234.0,115918.63667555,27099660.69567349
2026-06-06 18:30:00,233.0,234.0,233.0,234.0,77163.55345904,18024399.26554078
2026-06-06 18:45:00,234.0,234.0,231.0,232.0,59634.94467818,13875087.5284448
2026-06-06 19:00:00,232.0,233.0,232.0,233.0,85097.74906676,19756376.49481873
2026-06-06 19:15:00,232.0,234.0,232.0,234.0,286972.3917795,67075155.9748785
2026-06-06 19:30:00,233.0,233.0,232.0,233.0,105074.22905845,24412651.31235774
2026-06-06 19:45:00,234.0,234.0,233.0,234.0,229183.03453037,53624754.67064482
2026-06-06 20:00:00,235.0,236.0,234.0,234.0,350941.11085385,82300894.85830528
2026-06-06 20:15:00,234.0,235.0,234.0,234.0,105525.30632951,24699518.33504241
2026-06-06 20:30:00,235.0,236.0,234.0,235.0,232765.54333315,54718650.70667232
2026-06-06 20:45:00,235.0,236.0,235.0,235.0,97571.08153233,22958518.63072543
2026-06-06 21:00:00,235.0,236.0,234.0,235.0,156751.99083362,36853134.43775111
2026-06-06 21:15:00,234.0,235.0,233.0,233.0,101387.63732916,23669248.97604776
2026-06-06 21:30:00,233.0,233.0,230.0,231.0,286904.60520532,66429831.04160571
2026-06-06 21:45:00,231.0,232.0,230.0,232.0,31218.41159499,7233700.32756065
2026-06-06 22:00:00,231.0,233.0,231.0,232.0,37819.13359385,8767072.55077064
2026-06-06 22:15:00,233.0,233.0,233.0,233.0,42057.04274384,9799290.95931472
2026-06-06 22:30:00,233.0,235.0,233.0,235.0,51312.1598542,11988362.62168021
2026-06-06 22:45:00,235.0,235.0,234.0,235.0,25900.11382011,6084978.54041462
2026-06-06 23:00:00,235.0,236.0,234.0,236.0,16459.45000489,3880509.81603796
2026-06-06 23:15:00,236.0,237.0,235.0,237.0,203794.71037748,48105266.32897765
2026-06-06 23:30:00,237.0,238.0,236.0,238.0,147386.93264885,34927440.37129675
2026-06-06 23:45:00,237.0,239.0,237.0,238.0,134862.17000736,32093457.19163393
2026-06-07 00:00:00,239.0,239.0,234.0,235.0,364248.8042058,86399151.60582295
2026-06-07 00:15:00,235.0,236.0,233.0,236.0,108554.16282946,25455830.8194154
2026-06-07 00:30:00,237.0,238.0,237.0,238.0,9561.60390105,2275355.10210206
2026-06-07 00:45:00,239.0,239.0,237.0,237.0,142493.25124503,33957280.51857265
2026-06-07 01:00:00,237.0,238.0,237.0,238.0,14739.90662805,3504627.98895646
2026-06-07 01:15:00,238.0,240.0,238.0,239.0,107009.61970378,25503977.6457283
2026-06-07 01:30:00,239.0,239.0,238.0,239.0,1278.60173958,304507.21402004
2026-06-07 01:45:00,240.0,241.0,240.0,241.0,56647.36792849,13600119.54765086
2026-06-07 02:00:00,240.0,241.0,240.0,241.0,32621.01323444,7849832.86154012
2026-06-07 02:15:00,242.0,242.0,238.0,238.0,91206.89810635,21928939.73283331
2026-06-07 02:30:00,240.0,240.0,238.0,238.0,13232.95533457,3164813.48948402
2026-06-07 02:45:00,239.0,240.0,237.0,237.0,456583.32751978,109112048.96118017
2026-06-07 03:00:00,237.0,240.0,237.0,240.0,15927.04615782,3788105.85701545
2026-06-07 03:15:00,238.0,240.0,238.0,239.0,18846.41443884,4508637.4232316
2026-06-07 03:30:00,239.0,240.0,239.0,240.0,2335.49415238,558280.31908548
2026-06-07 03:45:00,240.0,241.0,240.0,240.0,32877.84336922,7897416.12474228
2026-06-07 04:00:00,240.0,242.0,240.0,242.0,39982.26753117,9652234.37984253
2026-06-07 04:15:00,242.0,242.0,241.0,242.0,30537.77599863,7387005.46853613
2026-06-07 04:30:00,242.0,243.0,242.0,243.0,128821.56460462,31251656.6682485
2026-06-07 04:45:00,243.0,243.0,242.0,242.0,30339.97466442,7346053.3206275
2026-06-07 05:00:00,242.0,244.0,242.0,243.0,58883.10109057,14303778.66868786
2026-06-07 05:15:00,244.0,246.0,242.0,242.0,272078.41451876,66610698.59831375
2026-06-07 05:30:00,243.0,245.0,243.0,245.0,27881.27702161,6785355.07291709
2026-06-07 05:45:00,245.0,246.0,243.0,246.0,85073.29504473,20903582.21288413
2026-06-07 06:00:00,247.0,251.0,247.0,250.0,323189.49553345,80672434.48293546
2026-06-07 06:15:00,250.0,254.0,249.0,254.0,480714.78601962,121184966.86960313
2026-06-07 06:30:00,254.0,257.0,253.0,254.0,445056.36725168,113470018.37203805
2026-06-07 06:45:00,254.0,254.0,250.0,251.0,283773.27303211,71410875.01101618
2026-06-07 07:00:00,252.0,258.0,252.0,252.0,347707.47466717,88578120.47273839
2026-06-07 07:15:00,253.0,255.0,247.0,248.0,590845.92034474,147068083.27401987
2026-06-07 07:30:00,248.0,249.0,243.0,244.0,257436.91588308,63183200.79152518
2026-06-07 07:45:00,243.0,246.0,242.0,244.0,158946.17792215,38659613.34871032
2026-06-07 08:00:00,245.0,248.0,244.0,248.0,123923.4096658,30426310.17927647
2026-06-07 08:15:00,248.0,248.0,246.0,247.0,33318.15340578,8225526.89803148
2026-06-07 08:30:00,247.0,249.0,247.0,249.0,253314.93010906,62895451.48014174
2026-06-07 08:45:00,250.0,250.0,245.0,245.0,171134.37055811,42414322.16425931
2026-06-07 09:00:00,247.0,249.0,246.0,248.0,164770.77341448,40866203.39647106
2026-06-07 09:15:00,248.0,251.0,248.0,250.0,602984.78747808,150549567.27637896
2026-06-07 09:30:00,250.0,252.0,249.0,250.0,254968.5593323,63769232.14435798
2026-06-07 09:45:00,250.0,252.0,249.0,252.0,242047.11977879,60771437.36904702
2026-06-07 10:00:00,251.0,254.0,251.0,252.0,214777.69467332,54213981.48931671
2026-06-07 10:15:00,253.0,253.0,250.0,251.0,189929.84091883,47694090.13256953
2026-06-07 10:30:00,250.0,251.0,248.0,249.0,187257.3148926,46718160.334856
2026-06-07 10:45:00,249.0,249.0,247.0,249.0,188003.51738667,46640507.85147913
2026-06-07 11:00:00,249.0,250.0,248.0,250.0,94104.21790114,23425200.22764288
2026-06-07 11:15:00,250.0,251.0,250.0,250.0,126493.61308281,31661781.85815775
2026-06-07 11:30:00,251.0,251.0,250.0,251.0,47185.84646403,11805116.72259761
2026-06-07 11:45:00,251.0,252.0,251.0,252.0,18476.6305545,4640656.42130464
2026-06-07 12:00:00,252.0,252.0,250.0,251.0,20569.99544734,5163045.01957412
2026-06-07 12:15:00,251.0,252.0,250.0,252.0,88183.06986542,22079562.06823409
2026-06-07 12:30:00,252.0,254.0,251.0,253.0,215294.56101404,54440018.061875
2026-06-07 12:45:00,254.0,254.0,250.0,250.0,339640.32960728,85722616.55723968
2026-06-07 13:00:00,251.0,253.0,251.0,252.0,139393.86755599,35127865.05502577
2026-06-07 13:15:00,252.0,252.0,251.0,251.0,103054.26177422,25937212.61155807
2026-06-07 13:30:00,251.0,253.0,250.0,253.0,43848.14961585,11038483.73325957
2026-06-07 13:45:00,253.0,253.0,253.0,253.0,2655.42317773,671822.06396569
2026-06-07 14:00:00,253.0,254.0,252.0,254.0,29907.65935906,7583438.92413506
2026-06-07 14:15:00,254.0,254.0,252.0,253.0,63342.39104151,16047580.8289015
2026-06-07 14:30:00,253.0,253.0,250.0,250.0,46312.46290179,11623161.06552816
2026-06-07 14:45:00,251.0,251.0,250.0,251.0,27152.66459065,6797571.20394375
2026-06-07 15:00:00,251.0,252.0,250.0,251.0,36080.94370473,9049448.56550837
2026-06-07 15:15:00,250.0,251.0,250.0,251.0,96081.2701903,24020449.82048336
2026-06-07 15:30:00,251.0,251.0,249.0,250.0,305678.36933776,76397957.63731049
2026-06-07 15:45:00,250.0,251.0,250.0,250.0,37107.55468776,9278083.8910635
2026-06-07 16:00:00,250.0,251.0,250.0,250.0,74549.70996759,18649595.03794903
2026-06-07 16:15:00,250.0,251.0,250.0,250.0,76882.51174129,19228592.08073983
2026-06-07 16:30:00,250.0,250.0,249.0,250.0,45680.09517323,11399202.49695269
2026-06-07 16:45:00,250.0,250.0,249.0,250.0,22551.95076406,5637883.19305478
2026-06-07 17:00:00,250.0,251.0,250.0,251.0,52117.44750007,13030562.14194977
2026-06-07 17:15:00,251.0,252.0,251.0,252.0,82564.8134178,20789408.39140681
2026-06-07 17:30:00,252.0,252.0,251.0,251.0,32122.42002121,8070663.93326021
2026-06-07 17:45:00,251.0,252.0,250.0,251.0,137421.3262585,34481811.32544508
2026-06-07 18:00:00,250.0,253.0,250.0,253.0,25477.02732839,6383396.30257684
2026-06-07 18:15:00,253.0,254.0,252.0,254.0,102745.02653502,26007480.11495638
2026-06-07 18:30:00,254.0,254.0,251.0,252.0,114206.99258186,28842908.74035346
2026-06-07 18:45:00,250.0,252.0,250.0,252.0,156797.35358051,39246050.14261544
2026-06-07 19:00:00,251.0,257.0,251.0,257.0,228535.92487828,58354106.16759945
2026-06-07 19:15:00,257.0,257.0,256.0,257.0,148452.45837521,38111141.35760159
2026-06-07 19:30:00,257.0,257.0,255.0,257.0,63272.94179399,16205526.28013827
2026-06-07 19:45:00,256.0,257.0,256.0,257.0,136640.12229709,35026415.25910283
2026-06-07 20:00:00,258.0,258.0,256.0,258.0,74709.99623437,19228448.37993327
2026-06-07 20:15:00,258.0,258.0,257.0,258.0,133460.96058266,34408209.32732098
2026-06-07 20:30:00,258.0,259.0,258.0,259.0,286512.8401462,74192969.5026029
2026-06-07 20:45:00,259.0,259.0,258.0,259.0,16181.62272004,4182211.26691618
2026-06-07 21:00:00,259.0,259.0,255.0,255.0,337772.00656364,87059234.37805974
2026-06-07 21:15:00,255.0,257.0,255.0,257.0,110359.16891243,28319244.12644824
2026-06-07 21:30:00,256.0,258.0,255.0,255.0,274772.36025511,70435920.82788496
2026-06-07 21:45:00,255.0,257.0,255.0,257.0,177905.28196144,45549585.56587142
2026-06-07 22:00:00,257.0,258.0,257.0,258.0,36435.8552054,9378071.5249068
2026-06-07 22:15:00,258.0,259.0,256.0,257.0,88517.24104705,22835925.83968039
2026-06-07 22:30:00,257.0,259.0,257.0,258.0,52962.68718595,13639494.46641672
2026-06-07 22:45:00,258.0,258.0,256.0,256.0,36573.55493283,9393045.11525153
2026-06-07 23:00:00,255.0,257.0,255.0,256.0,99676.19186309,25517461.13294543
2026-06-07 23:15:00,257.0,258.0,257.0,257.0,14588.82609183,3752655.77472064
2026-06-07 23:30:00,257.0,258.0,256.0,257.0,196230.65330103,50308854.68221818
2026-06-07 23:45:00,257.0,257.0,256.0,256.0,18959.19727713,4854332.713062
2026-06-08 00:00:00,256.0,257.0,255.0,256.0,30612.47986378,7838472.26998266
2026-06-08 00:15:00,256.0,256.0,255.0,255.0,122443.91034068,31274327.33660289
2026-06-08 00:30:00,256.0,257.0,255.0,257.0,60916.67354556,15588464.75363292
2026-06-08 00:45:00,258.0,258.0,256.0,257.0,23678.20979398,6094533.8591891
2026-06-08 01:00:00,256.0,256.0,254.0,254.0,45639.06968906,11637249.57021312
2026-06-08 01:15:00,253.0,254.0,253.0,253.0,128860.88033039,32718149.15765509
2026-06-08 01:30:00,254.0,255.0,253.0,255.0,1547.36808744,392809.48443635
2026-06-08 01:45:00,254.0,254.0,251.0,251.0,158354.48673319,39930680.41614693
2026-06-08 02:00:00,251.0,252.0,251.0,252.0,15189.15759882,3812528.55730382
2026-06-08 02:15:00,251.0,251.0,251.0,251.0,9647.94549053,2421634.31812303
2026-06-08 02:30:00,250.0,250.0,249.0,249.0,62235.1530261,15557219.36286396
2026-06-08 02:45:00,250.0,252.0,250.0,252.0,201.38064638,50627.44096006
2026-06-08 03:00:00,252.0,252.0,252.0,252.0,16328.59000619,4114804.68155988
2026-06-08 03:15:00,252.0,252.0,251.0,251.0,5642.20700988,1421526.59508499
2026-06-08 03:30:00,251.0,251.0,249.0,250.0,46462.09208743,11585806.26507984
2026-06-08 03:45:00,250.0,250.0,244.0,244.0,354707.55363671,87658971.29353508
2026-06-08 04:00:00,244.0,244.0,243.0,244.0,32568.78699017,7946548.131587
2026-06-08 04:15:00,245.0,245.0,242.0,244.0,244876.45105103,59431677.84740255
2026-06-08 04:30:00,243.0,243.0,242.0,242.0,381638.32460149,92431929.9511846
2026-06-08 04:45:00,242.0,243.0,242.0,242.0,30724.01423543,7465051.28681658
2026-06-08 05:00:00,243.0,243.0,242.0,243.0,86458.03404097,20924995.30779127
2026-06-08 05:15:00,243.0,244.0,241.0,243.0,43396.9067831,10548292.70334963
2026-06-08 05:30:00,243.0,245.0,243.0,245.0,80511.66120038,19690437.81440248
2026-06-08 05:45:00,245.0,245.0,245.0,245.0,15303.23109847,3749291.61912515
2026-06-08 06:00:00,246.0,246.0,245.0,246.0,10832.81413485,2664787.21128163
2026-06-08 06:15:00,247.0,247.0,247.0,247.0,38967.35441729,9624936.54107063
2026-06-08 06:30:00,246.0,248.0,245.0,247.0,228086.93167613,56268528.2219967
2026-06-08 06:45:00,247.0,248.0,247.0,247.0,64220.20443341,15862868.72085872
2026-06-08 07:00:00,248.0,249.0,245.0,249.0,89079.79267473,21971153.4138829
2026-06-08 07:15:00,249.0,250.0,248.0,249.0,138312.10908269,34405860.69273415
2026-06-08 07:30:00,249.0,249.0,248.0,248.0,15553.06348621,3857958.25766468
2026-06-08 07:45:00,249.0,249.0,248.0,248.0,68814.56601015,17134526.93652735
2026-06-08 08:00:00,248.0,250.0,248.0,250.0,53013.04966027,13193104.16918142
2026-06-08 08:15:00,250.0,250.0,249.0,249.0,4065.12349137,1012311.35196244
2026-06-08 08:30:00,249.0,250.0,246.0,246.0,366436.86415753,90745525.26534829
2026-06-08 08:45:00,247.0,247.0,246.0,247.0,47981.45437802,11845097.87941698
2026-06-08 09:00:00,247.0,247.0,245.0,245.0,144661.65565728,35557033.10631435
2026-06-08 09:15:00,245.0,246.0,245.0,245.0,170540.30497342,41782417.48271554
2026-06-08 09:30:00,245.0,247.0,245.0,247.0,46337.48156032,11410432.08040298
2026-06-08 09:45:00,247.0,249.0,247.0,249.0,159482.25640991,39616798.94038883
2026-06-08 10:00:00,249.0,250.0,248.0,249.0,106533.23866546,26519328.95362147
2026-06-08 10:15:00,248.0,248.0,245.0,246.0,176391.24517859,43574160.82654795
2026-06-08 10:30:00,245.0,246.0,245.0,246.0,11823.55612853,2905046.66332319
2026-06-08 10:45:00,247.0,248.0,247.0,247.0,24958.63886442,6184808.25905616
2026-06-08 11:00:00,247.0,247.0,245.0,247.0,26372.2620577,6484765.00492621
2026-06-08 11:15:00,247.0,247.0,246.0,247.0,80600.3303179,19905291.24362764
2026-06-08 11:30:00,248.0,248.0,247.0,248.0,40247.16945591,9957509.77147158
2026-06-08 11:45:00,248.0,248.0,248.0,248.0,23140.00750111,5738721.86027528
2026-06-08 12:00:00,248.0,249.0,248.0,249.0,42684.43303491,10621089.59692692
2026-06-08 12:15:00,249.0,249.0,248.0,248.0,24236.03108243,6034721.73952507
2026-06-08 12:30:00,248.0,249.0,248.0,248.0,320975.57974676,79725501.05076852
2026-06-08 12:45:00,248.0,248.0,248.0,248.0,18148.37813589,4500797.77770072
2026-06-08 13:00:00,249.0,250.0,249.0,249.0,25163.02686798,6267723.04544935
2026-06-08 13:15:00,249.0,250.0,248.0,248.0,12327.60553741,3068699.57093303
2026-06-08 13:30:00,249.0,249.0,248.0,248.0,40600.31641295,10107082.81908263
2026-06-08 13:45:00,248.0,249.0,248.0,249.0,16801.5219226,4176721.11580014
2026-06-08 14:00:00,249.0,250.0,248.0,249.0,17779.25709822,4432718.66555535
2026-06-08 14:15:00,249.0,250.0,249.0,250.0,56767.93976083,14147813.52996948
2026-06-08 14:30:00,250.0,252.0,249.0,250.0,630781.43714067,158146368.96435505
2026-06-08 14:45:00,250.0,251.0,247.0,247.0,220436.41043179,54946710.51155214
2026-06-08 15:00:00,247.0,248.0,247.0,247.0,47979.44265976,11852308.94986394
2026-06-08 15:15:00,248.0,248.0,246.0,247.0,98959.95906174,24419488.57061182
2026-06-08 15:30:00,246.0,246.0,245.0,245.0,408201.83175303,100244961.38534757
2026-06-08 15:45:00,246.0,246.0,246.0,246.0,8200.0,2017200.0
2026-06-08 16:00:00,246.0,246.0,246.0,246.0,5345.31707316,1314947.99999736
2026-06-08 16:15:00,245.0,245.0,242.0,243.0,74394.8520025,18131867.4118013
2026-06-08 16:30:00,244.0,244.0,243.0,243.0,107626.09197013,26193396.10898748
2026-06-08 16:45:00,243.0,244.0,243.0,243.0,60131.87368713,14612075.30597259
2026-06-08 17:00:00,244.0,244.0,242.0,242.0,117470.57492985,28496760.05822339
2026-06-08 17:15:00,243.0,243.0,237.0,238.0,312693.86077451,74866076.83278364
2026-06-08 17:30:00,238.0,239.0,237.0,238.0,200176.20123007,47644412.13988839
2026-06-08 17:45:00,237.0,237.0,236.0,236.0,53268.12468469,12611640.11209004
2026-06-08 18:00:00,236.0,236.0,232.0,235.0,356299.06662244,83618992.13658652
2026-06-08 18:15:00,235.0,236.0,234.0,235.0,92892.39436921,21782981.30861657
2026-06-08 18:30:00,234.0,234.0,233.0,234.0,295843.61901877,69205884.59366862
2026-06-08 18:45:00,234.0,234.0,232.0,233.0,494633.99986428,114878662.52004933
2026-06-08 19:00:00,231.0,232.0,230.0,232.0,754910.58877016,174129118.08434266
2026-06-08 19:15:00,231.0,233.0,231.0,233.0,10976.38661538,2544116.5626239
2026-06-08 19:30:00,232.0,234.0,232.0,233.0,167321.32781216,39093151.66096189
2026-06-08 19:45:00,234.0,235.0,233.0,234.0,38995.4199988,9137847.24506559
2026-06-08 20:00:00,233.0,235.0,233.0,235.0,68127.07325561,15933936.15263046
2026-06-08 20:15:00,235.0,236.0,235.0,236.0,69554.05809422,16364137.49588507
2026-06-08 20:30:00,236.0,236.0,234.0,236.0,129045.41565498,30340774.8950777
2026-06-08 20:45:00,236.0,236.0,234.0,235.0,243899.24621173,57168655.37579701
2026-06-08 21:00:00,235.0,235.0,234.0,235.0,124695.09999112,29241156.39727769
2026-06-08 21:15:00,235.0,236.0,235.0,236.0,103839.70637193,24425740.83347343
2026-06-08 21:30:00,236.0,237.0,235.0,237.0,58678.68360141,13900913.87806077
2026-06-08 21:45:00,237.0,238.0,236.0,237.0,135669.27525295,32084996.76310532
2026-06-08 22:00:00,237.0,238.0,236.0,237.0,179927.63667437,42712279.2640093
2026-06-08 22:15:00,237.0,239.0,237.0,239.0,44025.5504619,10449035.08824361
2026-06-08 22:30:00,238.0,240.0,238.0,238.0,70378.76196023,16803735.43354559
2026-06-08 22:45:00,238.0,240.0,238.0,238.0,65036.0679103,15560975.98471695
2026-06-08 23:00:00,238.0,238.0,237.0,237.0,109815.18776118,26110599.1749904
2026-06-08 23:15:00,237.0,238.0,235.0,235.0,39964.67635296,9415522.52227039
2026-06-08 23:30:00,235.0,235.0,233.0,234.0,119386.3839527,27885525.63973015
2026-06-08 23:45:00,234.0,235.0,234.0,234.0,26457.08617634,6191043.27164653
2026-06-09 00:00:00,234.0,235.0,233.0,234.0,210641.7145727,49340701.72780828
2026-06-09 00:15:00,235.0,236.0,234.0,234.0,145491.96690008,34091448.41574798
2026-06-09 00:30:00,234.0,234.0,232.0,232.0,103555.89221769,24113663.88665772
2026-06-09 00:45:00,232.0,233.0,231.0,232.0,99045.97415326,22999870.60496806
2026-06-09 01:00:00,232.0,232.0,230.0,231.0,140695.20312127,32530764.33480646
2026-06-09 01:15:00,231.0,233.0,231.0,232.0,93029.60091756,21572421.05765524
2026-06-09 01:30:00,231.0,232.0,231.0,231.0,29426.70407897,6802870.64224207
2026-06-09 01:45:00,231.0,233.0,231.0,233.0,20481.23942863,4736194.49766871
2026-06-09 02:00:00,232.0,234.0,232.0,234.0,30092.03173237,7008399.27290094
2026-06-09 02:15:00,234.0,235.0,234.0,234.0,42770.96606865,10008456.0600641
2026-06-09 02:30:00,234.0,235.0,234.0,235.0,12680.34256762,2973426.54869297
2026-06-09 02:45:00,234.0,235.0,234.0,235.0,8616.70961527,2016331.46022959
2026-06-09 03:00:00,235.0,236.0,235.0,235.0,42687.39338323,10031917.52980482
2026-06-09 03:15:00,235.0,237.0,235.0,237.0,1926.38786989,453101.14942415
2026-06-09 03:30:00,237.0,239.0,237.0,239.0,20127.30807184,4801191.1093307
2026-06-09 03:45:00,239.0,239.0,237.0,237.0,92600.88878483,21974956.1537659
2026-06-09 04:00:00,238.0,238.0,236.0,237.0,20712.89518302,4913113.05957113
2026-06-09 04:15:00,237.0,237.0,236.0,237.0,12147.52264344,2873191.39895395
2026-06-09 04:30:00,238.0,238.0,238.0,238.0,843.88185654,200843.88185652
2026-06-09 04:45:00,238.0,241.0,238.0,241.0,142544.86733873,33977121.96808018
2026-06-09 05:00:00,241.0,241.0,239.0,240.0,36383.89018001,8727323.96673081
2026-06-09 05:15:00,240.0,241.0,240.0,241.0,214340.41302347,51655689.53865627
2026-06-09 05:30:00,241.0,242.0,241.0,242.0,16363.10784011,3946947.26619591
2026-06-09 06:00:00,242.0,245.0,240.0,245.0,330736.00026379,80076771.82892062
2026-06-09 06:15:00,245.0,248.0,244.0,245.0,421600.81591845,103261151.9663243
2026-06-09 06:30:00,245.0,246.0,244.0,246.0,214064.92325308,52428766.3353423
2026-06-09 06:45:00,245.0,245.0,245.0,245.0,11058.7881087,2709403.0866315
2026-06-09 07:00:00,245.0,246.0,244.0,245.0,50340.02829971,12343541.38786893
2026-06-09 07:15:00,245.0,246.0,245.0,246.0,68223.55432547,16763693.98047184
2026-06-09 07:30:00,245.0,246.0,245.0,246.0,103448.78999524,25440980.70818095
2026-06-09 07:45:00,246.0,247.0,245.0,246.0,15809.19033068,3899009.06595534
2026-06-09 08:00:00,246.0,246.0,244.0,246.0,115538.25412832,28322813.02756007
2026-06-09 08:15:00,246.0,246.0,244.0,244.0,16460.16260161,4048799.99999606
2026-06-09 08:30:00,243.0,243.0,239.0,241.0,137714.56881656,33080494.10484716
2026-06-09 08:45:00,240.0,241.0,240.0,240.0,301910.07088123,72604183.00401759
2026-06-09 09:00:00,240.0,240.0,239.0,239.0,45975.27233963,11033697.99749447
2026-06-09 09:15:00,240.0,240.0,238.0,238.0,298853.33912761,71452540.94706158
2026-06-09 09:30:00,239.0,240.0,238.0,238.0,66028.11942089,15773148.71435694
2026-06-09 09:45:00,239.0,239.0,238.0,239.0,233124.8819774,55655337.7925986
2026-06-09 10:00:00,239.0,240.0,239.0,240.0,163608.81533048,39135844.98584667
2026-06-09 10:15:00,239.0,244.0,239.0,243.0,171892.29940902,41726823.33887876
2026-06-09 10:30:00,244.0,275.0,244.0,267.0,7777036.99826358,1975588894.8920355
2026-06-09 10:45:00,267.0,275.0,249.0,252.0,2742645.6159504,714619451.9485987
2026-06-09 11:00:00,252.0,263.0,252.0,259.0,701375.14094817,180497182.8217033
2026-06-09 11:15:00,259.0,263.0,250.0,255.0,1126202.76272063,287483897.5674487
2026-06-09 11:30:00,255.0,267.0,251.0,267.0,1427517.5422287,366252746.2984578
2026-06-09 11:45:00,267.0,298.0,253.0,254.0,6500560.85390381,1737219871.6302383
2026-06-09 12:00:00,255.0,256.0,250.0,255.0,737527.16277953,186985996.26336998
2026-06-09 12:15:00,254.0,257.0,251.0,256.0,443902.76441535,112925026.67497413
2026-06-09 12:30:00,256.0,257.0,254.0,255.0,318023.41773332,81187662.19512099
2026-06-09 12:45:00,255.0,263.0,255.0,263.0,480261.36365522,123646889.60182002
2026-06-09 13:00:00,262.0,277.0,256.0,267.0,2027277.19131237,538026772.4143052
2026-06-09 13:15:00,267.0,267.0,258.0,261.0,667656.45181122,173896496.858031
2026-06-09 13:30:00,261.0,268.0,257.0,259.0,656575.22344249,171879759.6733098
2026-06-09 13:45:00,260.0,260.0,253.0,257.0,649900.76979398,166392374.4816203
2026-06-09 14:00:00,257.0,261.0,253.0,258.0,654738.13827842,168674143.24016017
2026-06-09 14:15:00,258.0,258.0,252.0,254.0,344887.24851107,87460502.838438
2026-06-09 14:30:00,254.0,255.0,251.0,254.0,308102.3442277,77699767.13698167
2026-06-09 14:45:00,254.0,255.0,253.0,255.0,175336.45406852,44682424.49734167
2026-06-09 15:00:00,255.0,256.0,249.0,249.0,723557.74733657,182066833.17261225
2026-06-09 15:15:00,249.0,251.0,247.0,248.0,473557.54026922,117306461.58468772
2026-06-09 15:30:00,247.0,250.0,246.0,246.0,212951.26167972,52787320.53889493
2026-06-09 15:45:00,246.0,248.0,244.0,246.0,393125.09188909,96556331.76209907
2026-06-09 16:00:00,246.0,248.0,244.0,248.0,235717.8193202,57711589.74139536
2026-06-09 16:15:00,248.0,248.0,246.0,248.0,211154.45615723,52179509.69362463
2026-06-09 16:30:00,248.0,248.0,246.0,246.0,119735.47104902,29606466.26131172
2026-06-09 16:45:00,246.0,246.0,241.0,246.0,361624.03278861,87947315.59348784
2026-06-09 17:00:00,246.0,246.0,244.0,246.0,104065.12836292,25503877.81529761
2026-06-09 17:15:00,246.0,247.0,245.0,246.0,148559.21732719,36526421.72607375
2026-06-09 17:30:00,246.0,247.0,245.0,247.0,60698.12901357,14936431.77642288
2026-06-09 17:45:00,247.0,250.0,247.0,248.0,177864.78695246,44213696.88562444
2026-06-09 18:00:00,248.0,249.0,248.0,248.0,76025.37639101,18860645.98373541
2026-06-09 18:15:00,249.0,251.0,249.0,249.0,188049.06619381,46946276.14980679
2026-06-09 18:30:00,249.0,252.0,249.0,252.0,267431.83456578,67092195.11879775
2026-06-09 18:45:00,252.0,260.0,251.0,254.0,680962.3147332,174339041.28317806
2026-06-09 19:00:00,252.0,255.0,251.0,253.0,232063.06921872,58532448.7107938
2026-06-09 19:15:00,253.0,259.0,251.0,258.0,235711.8057564,60093081.97635454
2026-06-09 19:30:00,258.0,259.0,251.0,252.0,1027199.10167037,261054114.4635346
2026-06-09 19:45:00,252.0,253.0,250.0,253.0,220957.10658707,55507237.38852809
2026-06-09 20:00:00,253.0,254.0,252.0,252.0,266640.78284323,67330275.95396747
2026-06-09 20:15:00,252.0,253.0,251.0,251.0,123939.71977106,31270440.38446445
2026-06-09 20:30:00,252.0,255.0,252.0,255.0,381561.113156,96787633.51764317
2026-06-09 20:45:00,255.0,257.0,253.0,255.0,275912.87146302,70426770.55962116
2026-06-09 21:00:00,255.0,256.0,254.0,255.0,40118.6807453,10243710.06416766
2026-06-09 21:15:00,255.0,257.0,255.0,257.0,291988.87574264,74714894.97595106
2026-06-09 21:30:00,257.0,257.0,255.0,256.0,91687.47031844,23450414.76498205
2026-06-09 21:45:00,256.0,262.0,256.0,261.0,639392.8647569,165787651.28711635
2026-06-09 22:00:00,260.0,261.0,258.0,259.0,428580.14373715,111146756.8902462
2026-06-09 22:15:00,258.0,260.0,258.0,259.0,186709.97136572,48344484.50800188
2026-06-09 22:30:00,259.0,260.0,258.0,260.0,92961.27472739,24109626.49468937
2026-06-09 22:45:00,260.0,260.0,256.0,256.0,353520.33671645,90950215.29443409
2026-06-09 23:00:00,256.0,259.0,254.0,254.0,168944.51193055,43165528.39147014
2026-06-09 23:15:00,254.0,254.0,252.0,253.0,225393.15920094,56907396.60405919
2026-06-09 23:30:00,253.0,254.0,250.0,252.0,517277.58638073,129664515.55113107
2026-06-09 23:45:00,251.0,252.0,250.0,252.0,121370.16188148,30512461.10249727
2026-06-10 00:00:00,253.0,253.0,251.0,251.0,89619.31193711,22513905.70269409
2026-06-10 00:15:00,250.0,252.0,250.0,251.0,51621.89265139,12959455.29840453
2026-06-10 00:30:00,251.0,251.0,250.0,251.0,57273.47839383,14348845.23344935
2026-06-10 00:45:00,251.0,252.0,249.0,250.0,218047.48031827,54727337.06076762
2026-06-10 01:00:00,250.0,250.0,247.0,249.0,198428.43358174,49293193.39789525
2026-06-10 01:15:00,249.0,249.0,246.0,248.0,143991.698249,35646960.0733911
2026-06-10 01:30:00,248.0,248.0,245.0,247.0,214978.90816271,53071887.3612496
2026-06-10 01:45:00,248.0,249.0,248.0,249.0,52091.2624993,12954686.27284914
2026-06-10 02:00:00,249.0,250.0,249.0,249.0,39434.11077597,9841236.75216657
2026-06-10 02:15:00,249.0,251.0,249.0,251.0,40634.07816204,10184185.92436169
2026-06-10 02:30:00,251.0,251.0,249.0,249.0,49261.12942697,12344011.56779257
2026-06-10 02:45:00,250.0,250.0,249.0,250.0,43840.59108314,10932310.48882116
2026-06-10 03:00:00,248.0,250.0,248.0,250.0,25026.11921772,6222569.32623291
2026-06-10 03:15:00,250.0,250.0,249.0,250.0,960.34491777,239663.82301679
2026-06-10 03:30:00,249.0,250.0,249.0,250.0,13930.57909432,3482164.12841871
2026-06-10 04:00:00,249.0,250.0,249.0,250.0,58081.0272688,14501699.84598355
2026-06-10 04:15:00,250.0,250.0,248.0,249.0,33232.85115066,8270851.01357695
2026-06-10 04:30:00,249.0,249.0,248.0,248.0,76454.59080835,18963787.80265701
2026-06-10 04:45:00,248.0,249.0,248.0,249.0,55429.68434494,13757406.33539682
2026-06-10 05:00:00,249.0,249.0,248.0,249.0,90760.06042798,22534784.29219988
2026-06-10 05:15:00,249.0,250.0,249.0,250.0,2867.4698257,714610.4545993
2026-06-10 05:30:00,250.0,250.0,250.0,250.0,6938.87756721,1734719.3918025
2026-06-10 05:45:00,249.0,251.0,249.0,251.0,33411.2469238,8350703.05794841
2026-06-10 06:00:00,251.0,253.0,251.0,252.0,127082.39637885,31936904.83362539
2026-06-10 06:15:00,252.0,253.0,250.0,250.0,71378.62905695,17929262.47345782
2026-06-10 06:30:00,251.0,252.0,250.0,252.0,73470.99280833,18439518.97919046
2026-06-10 06:45:00,251.0,252.0,251.0,252.0,14814.20786317,3724697.90528191
2026-06-10 07:00:00,252.0,252.0,251.0,251.0,37401.07293493,9424966.51520601
2026-06-10 07:15:00,252.0,253.0,252.0,253.0,17515.76740237,4415343.12607038
2026-06-10 07:30:00,253.0,255.0,252.0,253.0,134810.2077718,34159222.3751066
2026-06-10 07:45:00,253.0,254.0,250.0,250.0,226794.80356323,56961290.91972454
2026-06-10 08:00:00,251.0,251.0,248.0,248.0,381408.99675434,94859842.62711023
2026-06-10 08:15:00,249.0,251.0,249.0,251.0,68331.60309069,17086221.07972786
2026-06-10 08:30:00,251.0,251.0,250.0,251.0,22211.56218493,5555077.49244763
2026-06-10 08:45:00,251.0,251.0,249.0,249.0,64392.37454769,16113885.46864031
2026-06-10 09:00:00,250.0,254.0,250.0,254.0,386437.73579583,97683008.11984374
2026-06-10 09:15:00,254.0,260.0,252.0,259.0,779588.35275576,198543796.56631088
2026-06-10 09:30:00,260.0,261.0,253.0,255.0,744811.10023432,190558159.07704175
2026-06-10 09:45:00,255.0,257.0,254.0,257.0,140957.65752998,36037132.14026864
2026-06-10 10:00:00,257.0,259.0,256.0,257.0,246920.08799717,63587910.58843658
2026-06-10 10:15:00,257.0,258.0,255.0,257.0,140624.3130212,36082133.96785599
2026-06-10 10:30:00,257.0,257.0,255.0,256.0,176325.4810337,45130458.37674134
2026-06-10 10:45:00,256.0,258.0,256.0,257.0,90146.22079508,23154612.56092444
2026-06-10 11:00:00,258.0,261.0,258.0,261.0,392843.70936475,101996790.86615673
2026-06-10 11:15:00,261.0,262.0,260.0,262.0,212195.80060894,55416355.70790327
2026-06-10 11:30:00,262.0,265.0,260.0,265.0,590226.14266726,155280327.8368338
2026-06-10 11:45:00,265.0,270.0,257.0,259.0,2658952.47516397,704931544.5239788
2026-06-10 12:00:00,259.0,261.0,254.0,260.0,1163254.08855017,298631618.39719373
2026-06-10 12:15:00,259.0,260.0,257.0,257.0,242444.96337173,62624771.19111887
2026-06-10 12:30:00,257.0,261.0,257.0,260.0,112754.65468647,29220627.29808054
2026-06-10 12:45:00,261.0,264.0,260.0,261.0,761294.36224262,199113075.81495053
2026-06-10 13:00:00,261.0,262.0,260.0,261.0,359371.08461486,93706304.13288747
2026-06-10 13:15:00,261.0,267.0,261.0,265.0,464024.83998644,122442170.91525315
2026-06-10 13:30:00,266.0,267.0,262.0,265.0,408077.9914535,108129933.81938939
2026-06-10 13:45:00,265.0,265.0,260.0,261.0,490255.18925906,128153635.38416998
2026-06-10 14:00:00,259.0,264.0,259.0,264.0,444400.6066703,116401215.63203268
2026-06-10 14:15:00,264.0,264.0,261.0,261.0,429838.93568955,112510688.68666516
2026-06-10 14:30:00,261.0,262.0,261.0,261.0,303989.19866587,79465536.43556991
2026-06-10 14:45:00,261.0,263.0,260.0,263.0,171849.50957845,44920834.83698354
2026-06-10 15:00:00,263.0,264.0,262.0,263.0,222312.66125389,58409402.41458054
2026-06-10 15:15:00,263.0,264.0,262.0,263.0,284506.4651146,74897061.17221937
2026-06-10 15:30:00,263.0,264.0,261.0,261.0,275335.96374111,72144062.08789083
2026-06-10 15:45:00,261.0,262.0,260.0,262.0,82692.99544669,21577324.02883029
2026-06-10 16:00:00,261.0,261.0,259.0,259.0,452264.81616261,117212463.63525407
2026-06-10 16:15:00,261.0,261.0,258.0,259.0,130666.44730844,33864473.41871205
2026-06-10 16:30:00,259.0,261.0,258.0,258.0,135045.22327195,34983850.06689345
2026-06-10 16:45:00,257.0,258.0,255.0,255.0,180195.50568393,46104250.2389606
2026-06-10 17:00:00,255.0,257.0,254.0,255.0,175260.5058625,44772063.15896784
2026-06-10 17:15:00,255.0,257.0,255.0,256.0,36545.25983658,9349732.70118755
2026-06-10 17:30:00,255.0,258.0,254.0,258.0,100595.16742807,25818330.3553496
2026-06-10 17:45:00,257.0,258.0,247.0,249.0,720770.05245382,181434888.848149
2026-06-10 18:00:00,249.0,250.0,249.0,249.0,386837.91060112,96508724.58847646
2026-06-10 18:15:00,249.0,250.0,248.0,249.0,148215.87694509,36842600.71423475
2026-06-10 18:30:00,248.0,251.0,248.0,251.0,56769.1375214,14166381.94463104
2026-06-10 18:45:00,251.0,253.0,250.0,253.0,152362.59817277,38270632.02741401
2026-06-10 19:00:00,253.0,253.0,251.0,251.0,307141.81593897,77648078.10392494
2026-06-10 19:15:00,251.0,251.0,250.0,250.0,94664.34719603,23712403.52503068
2026-06-10 19:30:00,250.0,251.0,250.0,251.0,44656.44434499,11202403.10990006
2026-06-10 19:45:00,251.0,252.0,251.0,252.0,64913.06359879,16338447.30207249
2026-06-10 20:00:00,252.0,252.0,250.0,251.0,71521.65614059,17965090.30743342
2026-06-10 20:15:00,251.0,252.0,250.0,252.0,96206.82174015,24195168.78867178
2026-06-10 20:30:00,252.0,253.0,251.0,253.0,21167.23709036,5337128.62278366
2026-06-10 20:45:00,252.0,258.0,252.0,257.0,385286.49561862,98724255.23159522
2026-06-10 21:00:00,257.0,258.0,256.0,258.0,104234.74339759,26809147.04359917
2026-06-10 21:15:00,258.0,261.0,258.0,261.0,497808.13295367,129152153.57227378
2026-06-10 21:30:00,260.0,266.0,260.0,264.0,868876.67324794,229505334.6377779
2026-06-10 21:45:00,264.0,265.0,260.0,260.0,354894.10195343,93349840.20392023
2026-06-10 22:00:00,259.0,262.0,259.0,262.0,146297.35328114,38072469.95896629
2026-06-10 22:15:00,262.0,265.0,261.0,264.0,220738.49084157,58289417.56543084
2026-06-10 22:30:00,264.0,267.0,263.0,266.0,277743.14133851,73715562.31011832
2026-06-10 22:45:00,266.0,267.0,264.0,264.0,191171.62757242,50806190.24967197
2026-06-10 23:00:00,265.0,265.0,263.0,263.0,95935.00635816,25359166.83000276
2026-06-10 23:15:00,264.0,265.0,263.0,265.0,29645.90156464,7807966.2498928
2026-06-10 23:30:00,265.0,266.0,264.0,266.0,89356.36768113,23737089.31165368
2026-06-10 23:45:00,266.0,266.0,265.0,265.0,46745.50941141,12401491.33396475
2026-06-11 00:00:00,265.0,266.0,263.0,264.0,84246.91252438,22238378.04781034
2026-06-11 00:15:00,266.0,267.0,264.0,267.0,46427.1325912,12319121.74855954
2026-06-11 00:30:00,268.0,268.0,266.0,266.0,112703.90387967,30099764.60946922
2026-06-11 00:45:00,265.0,265.0,260.0,260.0,75252.765873,19714759.51533593
2026-06-11 01:00:00,263.0,263.0,260.0,260.0,30380.29503397,7908595.48235469
2026-06-11 01:15:00,260.0,261.0,258.0,260.0,83918.32818045,21706975.3995567
2026-06-11 01:30:00,260.0,261.0,260.0,261.0,26251.54114332,6847643.92894974
2026-06-11 01:45:00,261.0,261.0,257.0,258.0,95236.55100072,24627120.44308151
2026-06-11 02:00:00,257.0,260.0,257.0,260.0,14335.87933207,3688489.44988035
2026-06-11 02:15:00,260.0,260.0,260.0,260.0,49765.65885479,12939071.3022454
2026-06-11 02:30:00,261.0,269.0,261.0,268.0,101746.00450391,27144621.12351062
2026-06-11 02:45:00,265.0,268.0,261.0,261.0,46582.85763761,12249973.82293502
2026-06-11 03:00:00,260.0,260.0,260.0,260.0,44069.16799789,11457983.6794514
2026-06-11 03:15:00,264.0,264.0,264.0,264.0,9959.14145246,2629213.34344944
2026-06-11 03:30:00,264.0,264.0,261.0,261.0,8833.39563547,2307127.56767583
2026-06-11 04:00:00,264.0,264.0,261.0,261.0,647.84770901,169467.0361425
2026-06-11 04:15:00,261.0,261.0,260.0,260.0,31567.47604978,8211719.34416102
2026-06-11 04:30:00,260.0,260.0,260.0,260.0,1879.69924812,488721.8045112
2026-06-11 04:45:00,261.0,261.0,260.0,260.0,13052.58420654,3393691.05078852
2026-06-11 05:00:00,260.0,260.0,260.0,260.0,32635.65529376,8485270.3763776
2026-06-11 05:15:00,261.0,262.0,261.0,262.0,17576.10658467,4598532.1224422
2026-06-11 05:30:00,262.0,263.0,261.0,263.0,4448.86477873,1163590.54109366
2026-06-11 05:45:00,263.0,263.0,259.0,262.0,61861.04530202,16087557.4587703
2026-06-11 06:00:00,262.0,262.0,257.0,257.0,20966.61699062,5432663.27832342
2026-06-11 06:15:00,258.0,258.0,257.0,258.0,25836.56070186,6647819.02443621
2026-06-11 06:30:00,257.0,262.0,257.0,262.0,29814.04064343,7759928.12452677
2026-06-11 06:45:00,262.0,265.0,262.0,264.0,26907.11647278,7111143.00134471
2026-06-11 07:00:00,264.0,264.0,259.0,263.0,15258.16658015,3986634.36338509
2026-06-11 07:15:00,263.0,263.0,257.0,257.0,126872.84095733,32707412.11337958
2026-06-11 07:30:00,256.0,256.0,254.0,256.0,306828.97915022,78224696.90738371
2026-06-11 07:45:00,256.0,257.0,256.0,256.0,24818.1903569,6363359.07881036
2026-06-11 08:00:00,258.0,264.0,258.0,263.0,41779.8017117,10936439.06416521
2026-06-11 08:15:00,262.0,262.0,258.0,260.0,34719.34650288,9052427.41260709
2026-06-11 08:30:00,259.0,259.0,257.0,259.0,35709.27836424,9238766.40808368
2026-06-11 08:45:00,259.0,261.0,259.0,261.0,105493.242132,27418595.63670658
2026-06-11 09:00:00,260.0,260.0,253.0,254.0,200485.30501016,51151976.95292189
2026-06-11 09:15:00,255.0,255.0,253.0,255.0,159003.17892758,40279888.81205102
2026-06-11 09:30:00,256.0,257.0,256.0,256.0,44518.90802024,11419934.28645825
2026-06-11 09:45:00,257.0,262.0,256.0,262.0,106849.10323658,27879228.30139853
2026-06-11 10:00:00,263.0,264.0,258.0,258.0,116726.26654127,30578271.58780567
2026-06-11 10:15:00,258.0,259.0,258.0,259.0,45098.65412296,11674680.90914634
2026-06-11 10:30:00,259.0,264.0,259.0,264.0,40590.2754781,10643645.6230139
2026-06-11 10:45:00,264.0,264.0,262.0,262.0,36007.93632916,9465024.67174702
2026-06-11 11:00:00,262.0,262.0,256.0,256.0,39586.5638107,10234734.24814105
2026-06-11 11:15:00,257.0,260.0,255.0,257.0,22120.46235352,5676289.9640566
2026-06-11 11:30:00,256.0,257.0,255.0,257.0,104095.98874209,26609257.1826402
2026-06-11 11:45:00,257.0,259.0,255.0,259.0,35000.98755096,8983859.9333481
2026-06-11 12:00:00,260.0,260.0,256.0,256.0,43981.1746599,11303488.3259059
2026-06-11 12:15:00,256.0,258.0,256.0,257.0,44060.44775009,11308232.05566022
2026-06-11 12:30:00,257.0,258.0,257.0,258.0,40034.670078,10290893.40685844
2026-06-11 12:45:00,258.0,258.0,257.0,258.0,16720.04674248,4305832.30611254
2026-06-11 13:00:00,258.0,258.0,255.0,255.0,34764.46834958,8894356.33669628
2026-06-11 13:15:00,256.0,257.0,255.0,257.0,29063.30846014,7437760.89701088
2026-06-11 13:30:00,257.0,257.0,257.0,257.0,6309.635214,1621576.249998
2026-06-11 13:45:00,257.0,257.0,256.0,256.0,38556.4444254,9882129.75781266
2026-06-11 14:00:00,257.0,263.0,256.0,262.0,147144.69923392,38135380.69695494
2026-06-11 14:15:00,262.0,262.0,258.0,258.0,29439.91242138,7679927.28806433
2026-06-11 14:30:00,258.0,260.0,249.0,253.0,1004904.19015676,252609055.22720996
2026-06-11 14:45:00,251.0,254.0,251.0,253.0,387676.53108048,97737791.36321904
2026-06-11 15:00:00,252.0,256.0,252.0,255.0,441034.11369428,111806454.42668216
2026-06-11 15:15:00,255.0,258.0,253.0,255.0,577807.76528205,147261628.0731443
2026-06-11 15:30:00,255.0,257.0,254.0,256.0,464231.56894707,118278587.87777825
2026-06-11 15:45:00,254.0,256.0,254.0,256.0,308008.10596598,78556973.65160653
2026-06-11 16:00:00,256.0,257.0,254.0,254.0,191401.70211625,48804880.29232544
2026-06-11 16:15:00,254.0,256.0,254.0,255.0,179010.07467764,45619330.50305292
2026-06-11 16:30:00,254.0,255.0,252.0,253.0,238580.64493284,60416525.39723555
2026-06-11 16:45:00,255.0,255.0,252.0,254.0,48625.48988495,12309347.25306188
2026-06-11 17:00:00,253.0,254.0,253.0,254.0,41882.21940547,10601007.45249727
2026-06-11 17:15:00,254.0,255.0,253.0,254.0,80646.23027872,20491812.02404978
2026-06-11 17:30:00,254.0,255.0,253.0,254.0,120783.83427892,30683742.35652732
2026-06-11 17:45:00,253.0,254.0,249.0,251.0,548413.21340195,137381678.72700864
2026-06-11 18:00:00,251.0,251.0,247.0,247.0,482024.28934345,119683953.91383556
2026-06-11 18:15:00,248.0,250.0,247.0,250.0,242599.51788395,60292533.28763174
2026-06-11 18:30:00,250.0,251.0,249.0,249.0,206917.57019832,51738112.64710069
2026-06-11 18:45:00,250.0,250.0,247.0,248.0,151204.5083034,37492480.94877659
2026-06-11 19:00:00,249.0,250.0,248.0,249.0,132615.2905725,32999675.59517657
2026-06-11 19:15:00,250.0,251.0,249.0,250.0,53329.26063968,13336004.21333077
2026-06-11 19:30:00,250.0,257.0,249.0,256.0,262999.66672677,66755866.20276672
2026-06-11 19:45:00,256.0,257.0,253.0,253.0,454182.18360966,116405318.79604144
2026-06-11 20:00:00,255.0,255.0,252.0,253.0,85027.32258154,21492553.2419913
2026-06-11 20:15:00,254.0,254.0,252.0,253.0,140328.99270632,35478472.66537938
2026-06-11 20:30:00,253.0,254.0,251.0,252.0,58812.60551765,14803654.35544707
2026-06-11 20:45:00,252.0,254.0,251.0,254.0,69320.02419308,17517469.36638534
2026-06-11 21:00:00,255.0,255.0,254.0,255.0,37664.89578074,9581772.5339383
2026-06-11 21:15:00,254.0,255.0,252.0,253.0,206499.14134121,52300922.69651842
2026-06-11 21:30:00,253.0,253.0,252.0,253.0,70678.96038347,17830249.65004798
2026-06-11 21:45:00,252.0,253.0,252.0,252.0,1370.65582793,345425.82199804
2026-06-11 22:00:00,253.0,254.0,253.0,253.0,5519.07209246,1400873.99749364
2026-06-11 22:15:00,253.0,254.0,253.0,253.0,60221.14784153,15268971.01406851
2026-06-11 22:30:00,252.0,252.0,251.0,251.0,84779.98041302,21315238.28401048
2026-06-11 22:45:00,253.0,257.0,251.0,254.0,1017808.34707917,259199394.6560436
2026-06-11 23:00:00,254.0,256.0,254.0,254.0,168761.10028154,42894105.89671888
2026-06-11 23:15:00,256.0,256.0,253.0,253.0,51823.50026934,13157978.8177501
2026-06-11 23:30:00,253.0,255.0,253.0,253.0,178895.49721289,45270484.68175536
2026-06-11 23:45:00,253.0,253.0,249.0,249.0,293795.76119833,73797999.13622084
2026-06-12 00:00:00,252.0,252.0,249.0,251.0,220045.53303069,55022210.68957313
2026-06-12 00:15:00,251.0,251.0,249.0,249.0,228357.56804155,56923096.57297417
2026-06-12 00:30:00,250.0,250.0,247.0,247.0,222568.24932262,55290242.99159
2026-06-12 00:45:00,247.0,249.0,246.0,248.0,201701.0808255,49824643.60616643
2026-06-12 01:00:00,247.0,248.0,247.0,247.0,118326.87672919,29227281.37078987
2026-06-12 01:15:00,247.0,248.0,247.0,247.0,120510.68092764,29816482.35292915
2026-06-12 01:30:00,248.0,248.0,247.0,247.0,341310.53123432,84420357.13642684
2026-06-12 01:45:00,248.0,248.0,243.0,245.0,622739.46693454,152286138.51009387
2026-06-12 02:00:00,244.0,244.0,242.0,243.0,188623.13250288,45730465.13586123
2026-06-12 02:15:00,243.0,243.0,241.0,242.0,451138.7333844,108773278.60952652
2026-06-12 02:30:00,242.0,244.0,241.0,244.0,262587.2422118,63866008.64058024
2026-06-12 02:45:00,244.0,245.0,243.0,244.0,216503.93543295,52744248.6873109
2026-06-12 03:00:00,244.0,245.0,244.0,245.0,176060.60425484,43016579.45092315
2026-06-12 03:15:00,246.0,246.0,244.0,245.0,108009.38891763,26462569.0911249
2026-06-12 03:30:00,245.0,245.0,245.0,245.0,45387.92806183,11120042.37514835
2026-06-12 03:45:00,245.0,245.0,244.0,245.0,70853.71234298,17358863.0610301
2026-06-12 04:00:00,245.0,246.0,244.0,246.0,119441.52935062,29341652.96188468
2026-06-12 04:15:00,246.0,246.0,245.0,245.0,143388.98604722,35251722.82284255
2026-06-12 04:30:00,245.0,246.0,245.0,246.0,52353.76218372,12867362.79192196
2026-06-12 04:45:00,246.0,246.0,245.0,246.0,132851.0706901,32647544.33152354
2026-06-12 05:00:00,245.0,246.0,244.0,245.0,139322.65298502,34130084.34066689
2026-06-12 05:15:00,245.0,246.0,244.0,244.0,195286.15994247,47789278.4087744
2026-06-12 05:30:00,245.0,245.0,244.0,244.0,67506.04227635,16483865.51542938
2026-06-12 05:45:00,245.0,245.0,243.0,244.0,83866.84073714,20462557.76966259
2026-06-12 06:00:00,244.0,245.0,243.0,244.0,73329.73207389,17859300.18202351
2026-06-12 06:15:00,244.0,245.0,244.0,244.0,21867.7696376,5336020.34667641
2026-06-12 06:30:00,245.0,245.0,243.0,244.0,241236.64149705,58768875.3826934
2026-06-12 06:45:00,244.0,245.0,243.0,245.0,70930.43322704,17309206.71510818
2026-06-12 07:00:00,243.0,245.0,243.0,244.0,54684.0212422,13328892.28445542
2026-06-12 07:15:00,245.0,245.0,243.0,244.0,133429.42877834,32555341.68314589
2026-06-12 07:30:00,244.0,244.0,243.0,243.0,217897.18680356,52979436.84019452
2026-06-12 07:45:00,244.0,245.0,244.0,245.0,191622.28897596,46826904.55959663
2026-06-12 08:00:00,244.0,244.0,243.0,244.0,172908.72401123,42183468.85874275
2026-06-12 08:15:00,244.0,244.0,242.0,243.0,112301.00649152,27299533.57053969
2026-06-12 08:30:00,243.0,245.0,243.0,244.0,97556.71823551,23864824.60931176
2026-06-12 08:45:00,244.0,246.0,244.0,245.0,96264.97197587,23598725.27724827
2026-06-12 09:00:00,245.0,247.0,244.0,246.0,278308.7274751,68403903.03350037
2026-06-12 09:15:00,247.0,248.0,246.0,246.0,206568.3751735,50987110.69343643
2026-06-12 09:30:00,246.0,247.0,246.0,247.0,24133.03449803,5936951.27720362
2026-06-12 09:45:00,247.0,249.0,247.0,247.0,293053.54258572,72629940.3070562
2026-06-12 10:00:00,247.0,248.0,246.0,246.0,57471.67316079,14182420.36562018
2026-06-12 10:15:00,247.0,248.0,246.0,246.0,103675.69555699,25582422.31198692
2026-06-12 10:30:00,246.0,250.0,246.0,249.0,284019.56516253,70420396.23810416
2026-06-12 10:45:00,249.0,250.0,249.0,249.0,21504.82304774,5356133.09888726
2026-06-12 11:00:00,249.0,250.0,248.0,249.0,29341.76277702,7294465.04098513
2026-06-12 11:15:00,248.0,248.0,246.0,248.0,201339.90121347,49764882.23571923
2026-06-12 11:30:00,246.0,248.0,246.0,247.0,13867.55195415,3420045.31130585
2026-06-12 11:45:00,247.0,248.0,246.0,248.0,24306.49411669,5999775.91914106
2026-06-12 12:00:00,248.0,250.0,248.0,249.0,171815.65051244,42757331.12407193
2026-06-12 12:15:00,249.0,252.0,249.0,250.0,290040.58398188,72650945.61481002
2026-06-12 12:30:00,250.0,251.0,249.0,250.0,194326.18376032,48581620.28421707
2026-06-12 12:45:00,249.0,250.0,248.0,248.0,46871.78456229,11666475.88781136
2026-06-12 13:00:00,249.0,250.0,248.0,248.0,130555.97636971,32442097.61322848
2026-06-12 13:15:00,249.0,249.0,249.0,249.0,35040.39197847,8725057.60263903
2026-06-12 13:30:00,249.0,250.0,249.0,250.0,54128.46454357,13492167.16195544
2026-06-12 13:45:00,250.0,250.0,249.0,249.0,18936.59732462,4722596.19768557
2026-06-12 14:00:00,249.0,249.0,248.0,249.0,10536.57632884,2617932.54304696
2026-06-12 14:30:00,249.0,249.0,245.0,247.0,1084871.46151178,268674067.6341612
2026-06-12 14:45:00,248.0,248.0,247.0,247.0,29322.81049991,7253638.68881073
2026-06-12 15:00:00,250.0,250.0,249.0,249.0,11160.1270523,2781553.8790227
2026-06-12 15:15:00,249.0,249.0,247.0,247.0,47386.19708771,11724434.45106492
2026-06-12 15:30:00,247.0,248.0,245.0,245.0,151475.1216107,37206778.07741755
2026-06-12 15:45:00,245.0,246.0,244.0,245.0,1300.47476938,318637.68002445
2026-06-12 16:00:00,244.0,245.0,244.0,244.0,25683.76251316,6272082.95933347
2026-06-12 16:15:00,244.0,246.0,244.0,246.0,73506.01080197,18067969.02733334
2026-06-12 16:30:00,246.0,246.0,245.0,246.0,8764.04268446,2153628.80965491
2026-06-12 16:45:00,246.0,246.0,245.0,245.0,38675.70080982,9483916.98887042
2026-06-12 17:00:00,245.0,246.0,245.0,245.0,105378.54679682,25847743.9652209
2026-06-12 17:15:00,246.0,247.0,245.0,247.0,10346.01316203,2541387.05669348
2026-06-12 17:30:00,247.0,247.0,245.0,245.0,308709.52188118,75634275.28140388
2026-06-12 17:45:00,244.0,245.0,244.0,245.0,15016.13995471,3664144.14894924
2026-06-12 18:00:00,244.0,245.0,244.0,245.0,16932.90129198,4132658.4051043
2026-06-12 18:15:00,245.0,245.0,244.0,244.0,3237.53383986,790121.52223196
2026-06-12 18:30:00,244.0,245.0,243.0,244.0,31884.41494419,7773765.12777209
2026-06-12 18:45:00,243.0,245.0,243.0,244.0,125199.69763638,30593175.86611717
2026-06-12 19:00:00,244.0,244.0,244.0,244.0,14363.68528692,3504739.21000848
2026-06-12 19:15:00,244.0,246.0,244.0,245.0,90443.65451286,22151052.3409925
2026-06-12 19:30:00,245.0,246.0,245.0,246.0,31214.49089047,7650185.77792448
2026-06-12 19:45:00,246.0,246.0,246.0,246.0,5623.7884065,1383451.947999
2026-06-12 20:00:00,246.0,246.0,246.0,246.0,12186.99186991,2997999.99999786
2026-06-12 20:15:00,246.0,247.0,246.0,247.0,6183.50212613,1526966.62424256
2026-06-12 20:30:00,247.0,247.0,246.0,247.0,37893.25029076,9359268.76364038
2026-06-12 20:45:00,247.0,248.0,247.0,247.0,15945.65268592,3944216.53262599
2026-06-12 21:00:00,247.0,250.0,247.0,248.0,79765.77089832,19808291.86631097
2026-06-12 21:15:00,248.0,250.0,248.0,249.0,37296.35832019,9305074.70508647
2026-06-12 21:30:00,250.0,250.0,250.0,250.0,28961.45978998,7240364.947495
2026-06-12 21:45:00,250.0,251.0,250.0,250.0,118691.61128214,29676994.10841946
2026-06-12 22:00:00,251.0,252.0,249.0,249.0,124819.29057951,31294997.82447736
2026-06-12 22:15:00,249.0,249.0,249.0,249.0,38934.24087956,9694625.97901044
2026-06-12 22:30:00,249.0,250.0,248.0,248.0,149740.93563998,37277181.53059397
2026-06-12 22:45:00,249.0,249.0,248.0,249.0,14534.54988447,3617187.48057938
2026-06-12 23:00:00,250.0,250.0,249.0,249.0,23618.56222516,5889394.35028672
2026-06-12 23:15:00,248.0,250.0,248.0,248.0,68121.69130089,16894729.69759451
2026-06-12 23:30:00,248.0,249.0,247.0,247.0,159084.03709225,39334608.07997033
2026-06-12 23:45:00,247.0,247.0,245.0,246.0,147686.5398381,36291130.45834284
2026-06-13 00:00:00,245.0,246.0,244.0,245.0,144600.53025239,35416800.38833857
2026-06-13 00:15:00,245.0,246.0,245.0,245.0,33109.90484405,8114738.55788972
2026-06-13 00:30:00,246.0,246.0,244.0,244.0,746596.01155663,183621959.655192
2026-06-13 00:45:00,245.0,246.0,243.0,243.0,162053.22462621,39542777.48333485
2026-06-13 01:00:00,243.0,244.0,243.0,244.0,33742.41094434,8207511.08859775
2026-06-13 01:15:00,244.0,244.0,243.0,243.0,434766.39240952,105649891.46301696
2026-06-13 01:30:00,244.0,244.0,244.0,244.0,3416.79009519,833696.78322636
2026-06-13 01:45:00,244.0,244.0,242.0,242.0,122128.16394121,29674902.31323554
2026-06-13 02:00:00,243.0,244.0,243.0,243.0,11338.7288694,2755352.09887075
2026-06-13 02:15:00,243.0,243.0,241.0,241.0,81456.32961784,19711981.3661967
2026-06-13 02:30:00,241.0,242.0,240.0,240.0,54754.69460442,13212255.05910693
2026-06-13 02:45:00,240.0,240.0,240.0,240.0,5027.72538188,1206654.0916512
2026-06-13 03:00:00,242.0,242.0,242.0,242.0,4323.97520661,1046401.99999962
2026-06-13 03:15:00,242.0,242.0,241.0,242.0,4154.86941426,1004871.35321681
2026-06-13 03:30:00,242.0,242.0,242.0,242.0,7562.62942908,1830156.32183736
2026-06-13 03:45:00,242.0,242.0,242.0,242.0,8589.86877884,2078748.24447928
2026-06-13 04:00:00,242.0,242.0,242.0,242.0,6529.38284955,1580110.6495911
2026-06-13 04:15:00,243.0,243.0,241.0,241.0,2050.0,498050.0
2026-06-13 04:45:00,241.0,241.0,240.0,240.0,15065.65049102,3628039.5806832
2026-06-13 05:00:00,241.0,241.0,241.0,241.0,25927.85083416,6248612.05103256
2026-06-13 05:15:00,241.0,241.0,241.0,241.0,5000.0,1205000.0
2026-06-13 05:30:00,242.0,242.0,242.0,242.0,638.24855633,154456.15063186
2026-06-13 05:45:00,242.0,243.0,242.0,243.0,26289.4080931,6362221.94371536
2026-06-13 06:00:00,243.0,243.0,243.0,243.0,29622.51460628,7198271.04932604
2026-06-13 06:15:00,243.0,243.0,243.0,243.0,15347.32217723,3729399.28906689
2026-06-13 06:30:00,243.0,243.0,243.0,243.0,19155.56188783,4654801.53874269
2026-06-13 06:45:00,243.0,243.0,243.0,243.0,98201.07728222,23862861.77957946
2026-06-13 07:00:00,243.0,243.0,243.0,243.0,12951.65033363,3147251.03107209
2026-06-13 07:15:00,244.0,245.0,244.0,245.0,225.22820222,54980.9095439
2026-06-13 07:30:00,245.0,245.0,243.0,243.0,12123.3265306,2958604.8367317
2026-06-13 07:45:00,244.0,245.0,244.0,245.0,23789.26855067,5827417.04737847
2026-06-13 08:00:00,245.0,245.0,244.0,244.0,4754.70102536,1164877.07657346
2026-06-13 08:15:00,245.0,245.0,244.0,245.0,100018.4907662,24442209.86218089
2026-06-13 08:30:00,245.0,245.0,245.0,245.0,200000.0,49000000.0
2026-06-13 08:45:00,246.0,246.0,245.0,246.0,2610.18822341,640863.59532643
2026-06-13 09:00:00,245.0,245.0,244.0,244.0,45189.35765291,11066391.13288946
2026-06-13 09:15:00,244.0,246.0,244.0,246.0,131903.81768493,32422959.95994292
2026-06-13 09:30:00,247.0,247.0,246.0,246.0,27271.93516317,6714418.05431991
2026-06-13 09:45:00,246.0,247.0,246.0,247.0,87765.47261328,21590332.57865635
2026-06-13 10:00:00,245.0,247.0,245.0,246.0,44012.0393529,10851762.87784963
2026-06-13 10:15:00,247.0,247.0,247.0,247.0,18085.07893419,4467014.49674493
2026-06-13 10:30:00,247.0,247.0,246.0,246.0,36825.59354644,9059913.41748688
2026-06-13 10:45:00,246.0,246.0,244.0,246.0,54943.44138214,13487890.60635004
2026-06-13 11:00:00,246.0,246.0,244.0,244.0,575.88654839,140556.96821366
2026-06-13 11:15:00,244.0,246.0,244.0,245.0,14758.76949537,3614477.92970473
2026-06-13 11:30:00,246.0,247.0,246.0,247.0,36361.30691056,8944902.49999776
2026-06-13 11:45:00,247.0,247.0,247.0,247.0,5925.93119432,1463705.00499704
2026-06-13 12:00:00,246.0,246.0,246.0,246.0,132250.85139828,32533709.44397688
2026-06-13 12:15:00,246.0,246.0,246.0,246.0,10852.44036659,2669700.33018114
2026-06-13 12:45:00,246.0,246.0,246.0,246.0,8925.01260428,2195553.10065288
2026-06-13 13:00:00,246.0,246.0,246.0,246.0,23699.00710434,5829955.74766764
2026-06-13 13:15:00,246.0,246.0,246.0,246.0,33977.95750821,8358577.54701966
2026-06-13 13:30:00,247.0,247.0,247.0,247.0,21711.79103715,5362812.38617605
2026-06-13 13:45:00,247.0,248.0,247.0,247.0,231925.02650406,57347915.60366778
2026-06-13 14:00:00,248.0,248.0,247.0,247.0,72252.87687621,17846881.77400042
2026-06-13 14:15:00,247.0,248.0,247.0,248.0,2897.81595957,716046.60664275
2026-06-13 14:30:00,247.0,248.0,247.0,248.0,35014.34985875,8670293.21339979
2026-06-13 14:45:00,247.0,248.0,247.0,248.0,2489.23044272,614899.99999699
2026-06-13 15:00:00,248.0,249.0,248.0,248.0,86587.18730458,21477172.91108517
2026-06-13 15:15:00,247.0,247.0,246.0,246.0,5024.29149797,1237451.01214434
2026-06-13 15:30:00,246.0,247.0,245.0,245.0,62041.59546263,15261649.67189034
2026-06-13 15:45:00,245.0,246.0,245.0,246.0,46627.56300277,11466354.39063652
2026-06-13 16:00:00,245.0,246.0,245.0,246.0,130772.84368783,32081990.57264068
2026-06-13 16:15:00,246.0,246.0,246.0,246.0,629.68346223,154902.13170858
2026-06-13 16:30:00,246.0,247.0,245.0,246.0,66662.06797614,16372964.84095773
2026-06-13 16:45:00,246.0,246.0,245.0,246.0,2772.46560166,679978.34523728
2026-06-13 17:00:00,246.0,247.0,245.0,245.0,237991.23789325,58502196.99124884
2026-06-13 17:15:00,245.0,247.0,245.0,247.0,121.96919316,30084.75805744
2026-06-13 17:30:00,247.0,247.0,247.0,247.0,1290.41932474,318733.57321078
2026-06-13 17:45:00,247.0,247.0,247.0,247.0,11534.45139777,2849009.49524919
2026-06-13 18:00:00,247.0,247.0,246.0,246.0,75301.70689645,18530720.54495827
2026-06-13 18:15:00,246.0,247.0,246.0,247.0,1357.26645637,334611.83976409
2026-06-13 18:30:00,247.0,248.0,247.0,247.0,20095.16520525,4980085.71680401
2026-06-13 18:45:00,247.0,248.0,246.0,248.0,31336.68956281,7739202.89400809
2026-06-13 19:00:00,248.0,248.0,246.0,246.0,44195.08830991,10885081.37343138
2026-06-13 19:15:00,246.0,246.0,245.0,245.0,177971.73628635,43659779.05052068
2026-06-13 19:30:00,245.0,245.0,244.0,245.0,71204.27640591,17440607.86169349
2026-06-13 19:45:00,245.0,245.0,245.0,245.0,16470.23236362,4035206.9290869
2026-06-13 20:00:00,245.0,245.0,245.0,245.0,98186.38050806,24055663.2244747
2026-06-13 20:15:00,244.0,246.0,244.0,245.0,232795.4136755,56954451.82368493
2026-06-13 20:30:00,245.0,245.0,244.0,244.0,47.7040649,11666.99999886
2026-06-13 20:45:00,245.0,248.0,245.0,247.0,98947.88202509,24392737.16679498
2026-06-13 21:00:00,247.0,247.0,247.0,247.0,23224.34338012,5736412.81488964
2026-06-13 21:15:00,247.0,247.0,245.0,246.0,166754.86436011,41050220.27260347
2026-06-13 21:30:00,245.0,245.0,245.0,245.0,2233.85017841,547293.29371045
2026-06-13 21:45:00,245.0,247.0,245.0,247.0,50106.78676881,12376223.26209431
2026-06-13 22:00:00,246.0,247.0,245.0,247.0,237057.48284718,58422970.28994299
2026-06-13 22:15:00,247.0,247.0,247.0,247.0,28428.20980197,7021767.82108659
2026-06-13 22:30:00,247.0,247.0,246.0,246.0,78878.97890398,19445119.49863818
2026-06-13 22:45:00,246.0,246.0,245.0,245.0,104728.47653794,25747348.49608168
2026-06-13 23:00:00,245.0,246.0,243.0,243.0,136230.48862859,33283753.8411171
2026-06-13 23:15:00,243.0,243.0,243.0,243.0,282806.41949105,68721959.93632515
2026-06-13 23:30:00,244.0,244.0,243.0,244.0,47280.54753463,11525689.36866918
2026-06-13 23:45:00,243.0,243.0,241.0,242.0,194831.35320338,47102937.06529595
2026-06-14 00:00:00,241.0,243.0,241.0,241.0,25104.90981503,6073804.79368227
2026-06-14 00:15:00,241.0,242.0,241.0,241.0,84821.61821081,20446340.13612824
2026-06-14 00:30:00,241.0,242.0,241.0,241.0,119311.59772636,28755177.69668085
2026-06-14 00:45:00,241.0,241.0,241.0,241.0,107875.79338063,25998066.20473183
2026-06-14 01:00:00,241.0,242.0,241.0,241.0,178352.22423367,43066292.30126924
2026-06-14 01:30:00,242.0,242.0,241.0,242.0,44626.67424015,10795766.27722742
2026-06-14 01:45:00,242.0,242.0,242.0,242.0,2267.63060666,548766.60681172
2026-06-14 02:00:00,242.0,242.0,242.0,242.0,15039.9290524,3639662.8306808
2026-06-14 02:15:00,242.0,242.0,242.0,242.0,2892.56198347,699999.99999974
2026-06-14 02:30:00,241.0,242.0,241.0,242.0,6359.23061766,1534516.19069476
2026-06-14 02:45:00,242.0,242.0,240.0,240.0,11830.93397988,2848384.93998389
2026-06-14 03:00:00,242.0,242.0,241.0,241.0,16608.15587879,4012987.54002951
2026-06-14 03:15:00,242.0,242.0,242.0,242.0,4601.72112083,1113616.51124086
2026-06-14 03:30:00,242.0,242.0,242.0,242.0,4380.15723543,1059998.05097406
2026-06-14 03:45:00,242.0,244.0,242.0,243.0,135745.59318148,33113209.3860462
2026-06-14 04:00:00,244.0,245.0,243.0,245.0,97740.76305095,23850804.69765438
2026-06-14 04:15:00,245.0,245.0,245.0,245.0,6207.02746732,1520721.7294934
2026-06-14 04:30:00,246.0,246.0,245.0,246.0,4631.67899084,1138778.84807318
2026-06-14 05:00:00,246.0,246.0,244.0,246.0,50544.11072206,12413004.15021225
2026-06-14 05:45:00,246.0,246.0,246.0,246.0,40196.03945324,9888225.70549704
2026-06-14 06:00:00,246.0,247.0,246.0,246.0,25295.42507545,6222715.64326625
2026-06-14 06:15:00,247.0,247.0,247.0,247.0,1676.60526314,414121.49999558
2026-06-14 06:30:00,247.0,247.0,246.0,246.0,80348.609902,19768434.95755356
2026-06-14 06:45:00,247.0,247.0,247.0,247.0,404.85829959,99999.99999873
2026-06-14 07:00:00,246.0,247.0,246.0,247.0,1040.48582995,255999.99999765
2026-06-14 07:15:00,247.0,247.0,247.0,247.0,202.3279858,49975.0124926
2026-06-14 07:30:00,246.0,247.0,246.0,247.0,18111.90096656,4457340.64590384
2026-06-14 07:45:00,247.0,247.0,247.0,247.0,429.14979756,105999.99999732
2026-06-14 08:00:00,247.0,247.0,246.0,246.0,29911.41817753,7384921.43178907
2026-06-14 08:15:00,246.0,247.0,246.0,246.0,48393.99294912,11904942.89079839
2026-06-14 08:30:00,246.0,247.0,246.0,247.0,18646.21820375,4596756.99391197
2026-06-14 08:45:00,247.0,247.0,246.0,247.0,44572.48128729,10990417.35677282
2026-06-14 09:00:00,246.0,247.0,245.0,246.0,54582.33363354,13446362.94382426
2026-06-14 09:15:00,245.0,245.0,244.0,245.0,272149.35685881,66468218.65873488
2026-06-14 09:30:00,245.0,246.0,245.0,246.0,48497.00026049,11890703.04198543
2026-06-14 09:45:00,245.0,246.0,245.0,246.0,14926.33936737,3668832.38281052
2026-06-14 10:00:00,247.0,247.0,245.0,246.0,47762.51835658,11761363.21073493
2026-06-14 10:15:00,245.0,245.0,245.0,245.0,23481.87253081,5753058.77004845
2026-06-14 10:30:00,245.0,246.0,245.0,245.0,29544.50988243,7247630.89723171
2026-06-14 10:45:00,245.0,246.0,244.0,245.0,31368.15142095,7684388.93486743
2026-06-14 11:00:00,245.0,245.0,245.0,245.0,8708.93940782,2133690.1549159
2026-06-14 11:15:00,244.0,245.0,244.0,245.0,80586.2342693,19684190.50900492
2026-06-14 11:30:00,245.0,245.0,245.0,245.0,22070.65421755,5407310.28329975
2026-06-14 11:45:00,246.0,246.0,244.0,244.0,11906.4805341,2910104.92842234
2026-06-14 12:00:00,244.0,244.0,244.0,244.0,165916.07487698,40483522.26998312
2026-06-14 12:15:00,245.0,245.0,243.0,243.0,52834.23435432,12880689.01911091
2026-06-14 12:30:00,243.0,244.0,243.0,244.0,30275.10282893,7365586.74200352
2026-06-14 12:45:00,244.0,244.0,244.0,244.0,132672.59403083,32372112.94352252
2026-06-14 13:00:00,244.0,244.0,244.0,244.0,78585.42396024,19174843.44629856
2026-06-14 13:15:00,244.0,244.0,244.0,244.0,57139.71826809,13942091.25741396
2026-06-14 13:30:00,244.0,244.0,243.0,243.0,11756.96106863,2864484.94420432
2026-06-14 13:45:00,243.0,244.0,243.0,243.0,63074.10298324,15327033.66427158
2026-06-14 14:00:00,243.0,244.0,243.0,243.0,222027.06933935,54161955.51858751
2026-06-14 14:15:00,243.0,243.0,243.0,243.0,4081.63265306,991836.73469358
2026-06-14 14:30:00,243.0,244.0,243.0,243.0,56825.77220917,13816886.00748404
2026-06-14 14:45:00,242.0,243.0,242.0,243.0,135557.15682982,32805352.62991585
2026-06-14 15:00:00,243.0,243.0,242.0,243.0,55990.33607342,13569372.8814587
2026-06-14 15:15:00,243.0,243.0,243.0,243.0,9893.21656041,2404051.62417963
2026-06-14 15:30:00,243.0,243.0,243.0,243.0,16460.90534979,3999999.99999897
2026-06-14 15:45:00,243.0,243.0,243.0,243.0,45318.88376798,11012488.75561914
2026-06-14 16:00:00,243.0,243.0,242.0,242.0,47949.08183587,11603718.95654391
2026-06-14 16:15:00,242.0,242.0,241.0,242.0,8715.55352109,2103352.51311321
2026-06-14 16:30:00,241.0,242.0,241.0,241.0,37664.4709011,9078343.58246453
2026-06-14 16:45:00,242.0,242.0,241.0,241.0,41213.82219531,9934954.09899682
2026-06-14 17:00:00,241.0,242.0,241.0,241.0,23585.20620091,5690702.53256714
2026-06-14 17:15:00,242.0,243.0,241.0,241.0,12991.6926324,3147195.4034663
2026-06-14 17:30:00,242.0,242.0,242.0,242.0,200050.24632721,48412159.61118482
2026-06-14 17:45:00,242.0,242.0,241.0,242.0,51036.57970447,12350811.80265179
2026-06-14 18:00:00,242.0,242.0,241.0,242.0,45053.95810274,10900917.04453655
2026-06-14 18:15:00,242.0,242.0,241.0,241.0,65868.92843491,15882676.21562322
2026-06-14 18:30:00,242.0,242.0,241.0,242.0,66034.71275701,15979985.54943708
2026-06-14 18:45:00,242.0,242.0,242.0,242.0,135387.87654871,32763866.12478782
2026-06-14 19:00:00,241.0,241.0,241.0,241.0,152135.1448597,36664569.9111877
2026-06-14 19:15:00,241.0,241.0,241.0,241.0,1000.0,241000.0
2026-06-14 19:30:00,242.0,242.0,241.0,241.0,15374.61121828,3713377.61082376
2026-06-14 19:45:00,241.0,241.0,241.0,241.0,92747.07014399,22352043.90470159
2026-06-14 20:00:00,241.0,242.0,241.0,241.0,21238.97831397,5130661.5620866
2026-06-14 20:15:00,241.0,241.0,240.0,240.0,84661.55510585,20397022.38585221
2026-06-14 20:30:00,240.0,241.0,240.0,241.0,19509.24807104,4682431.57024461
2026-06-14 20:45:00,241.0,242.0,238.0,238.0,178493.45061616,42740641.47851226
2026-06-14 21:00:00,238.0,239.0,236.0,238.0,602984.66954678,143036407.50655672
2026-06-14 21:15:00,237.0,237.0,237.0,237.0,55856.7081983,13238039.8429971
2026-06-14 21:30:00,237.0,237.0,237.0,237.0,181940.71744153,43119950.03364261
2026-06-14 21:45:00,237.0,238.0,237.0,238.0,4723.68067226,1123835.99999788
2026-06-14 22:00:00,238.0,239.0,237.0,239.0,215018.47736669,51131742.27646999
2026-06-14 22:15:00,238.0,239.0,238.0,239.0,81943.84646885,19533981.29081292
2026-06-14 22:30:00,239.0,239.0,238.0,239.0,67845.36066942,16203931.75254316
2026-06-14 22:45:00,239.0,239.0,239.0,239.0,11853.02976717,2832874.11435363
2026-06-14 23:00:00,240.0,243.0,239.0,241.0,90939.24472231,21867995.46028284
2026-06-14 23:15:00,242.0,242.0,241.0,241.0,106994.53602506,25850521.9084355
2026-06-14 23:30:00,241.0,242.0,240.0,241.0,68352.02865914,16453802.64364288
2026-06-14 23:45:00,241.0,241.0,239.0,241.0,63995.03327292,15366679.62769355
2026-06-15 00:00:00,241.0,241.0,240.0,241.0,6723.15415429,1620196.11757045
2026-06-15 00:15:00,241.0,241.0,241.0,241.0,10030.0,2417230.0
2026-06-15 00:30:00,240.0,240.0,239.0,239.0,87028.43328441,20864455.12270569
2026-06-15 00:45:00,239.0,240.0,238.0,240.0,6431.32743767,1532650.24683212
2026-06-15 01:00:00,240.0,241.0,240.0,241.0,3528.77091951,847296.79160191
2026-06-15 01:15:00,241.0,241.0,240.0,241.0,10838.86086559,2610290.16855901
2026-06-15 01:30:00,241.0,242.0,241.0,242.0,35494.6892259,8584065.14889643
2026-06-15 01:45:00,241.0,241.0,241.0,241.0,333.0,80253.0
2026-06-15 02:00:00,241.0,241.0,241.0,241.0,4422.36134453,1065789.08403173
2026-06-15 02:15:00,241.0,242.0,241.0,242.0,8499.86011279,2056933.66979518
2026-06-15 02:45:00,242.0,242.0,241.0,241.0,5923.406639,1432841.999999
2026-06-15 03:15:00,242.0,242.0,242.0,242.0,5503.70945096,1331897.68713232
2026-06-15 03:30:00,242.0,242.0,242.0,242.0,706.99338843,171092.40000006
2026-06-15 04:15:00,242.0,242.0,242.0,242.0,4132.23140495,999999.9999979
2026-06-15 04:30:00,241.0,241.0,241.0,241.0,3833.0,923753.0
2026-06-15 04:45:00,242.0,242.0,242.0,242.0,20.66115702,4999.99999884
2026-06-15 05:00:00,242.0,242.0,242.0,242.0,4132.23140495,999999.9999979
2026-06-15 05:30:00,241.0,241.0,241.0,241.0,16282.68067226,3924126.04201466
2026-06-15 05:45:00,241.0,242.0,241.0,242.0,2915.64462808,702752.99999536
2026-06-15 06:00:00,242.0,242.0,242.0,242.0,413.22314049,99999.99999858
2026-06-15 06:15:00,241.0,242.0,241.0,242.0,47800.77011594,11562586.36805748
2026-06-15 06:30:00,243.0,244.0,243.0,243.0,26081.93983111,6337932.37895973
2026-06-15 06:45:00,244.0,244.0,243.0,243.0,96994.69882097,23614900.45940975
2026-06-15 07:00:00,243.0,244.0,242.0,243.0,62855.78608538,15263685.72898202
2026-06-15 07:15:00,243.0,244.0,242.0,244.0,84393.07947222,20530351.07030876
2026-06-15 07:30:00,243.0,245.0,243.0,244.0,34039.45614214,8307600.62659876
2026-06-15 07:45:00,244.0,245.0,244.0,244.0,108773.1628638,26541059.9020325
2026-06-15 08:00:00,244.0,244.0,243.0,244.0,175394.89600665,42695850.5825999
2026-06-15 08:15:00,244.0,244.0,244.0,244.0,5499.7717948,1341944.3179312
2026-06-15 08:30:00,244.0,244.0,243.0,243.0,128509.69054356,31231355.03331165
2026-06-15 08:45:00,243.0,244.0,243.0,244.0,72738.70481001,17709854.56313132
2026-06-15 09:00:00,244.0,244.0,241.0,243.0,177616.46749983,43059689.76655485
2026-06-15 09:15:00,243.0,244.0,243.0,244.0,108563.995142,26487129.22680703
2026-06-15 09:30:00,244.0,245.0,244.0,244.0,116601.82903898,28464543.32882618
2026-06-15 09:45:00,244.0,244.0,243.0,244.0,116587.02949386,28438006.80661516
2026-06-15 10:00:00,243.0,245.0,243.0,245.0,76502.11990329,18668492.8796613
2026-06-15 10:15:00,245.0,246.0,244.0,245.0,377389.96006624,92666526.59550178
2026-06-15 10:30:00,244.0,246.0,244.0,246.0,75206.97202956,18403993.40449908
2026-06-15 10:45:00,247.0,247.0,245.0,245.0,29290.6606964,7181131.91538422
2026-06-15 11:00:00,245.0,246.0,243.0,245.0,204459.20885006,50039580.59718945
2026-06-15 11:15:00,245.0,245.0,244.0,244.0,21041.19672245,5135981.49675404
2026-06-15 11:30:00,244.0,244.0,243.0,244.0,22358.46548784,5448140.8858517
2026-06-15 11:45:00,244.0,244.0,243.0,243.0,38638.78934882,9423523.82109423
2026-06-15 12:00:00,243.0,245.0,243.0,244.0,34971.87415769,8513923.77624155
2026-06-15 12:15:00,244.0,244.0,244.0,244.0,101076.40248591,24662642.20656204
2026-06-15 12:30:00,244.0,244.0,244.0,244.0,7117.14482469,1736583.33722436
2026-06-15 12:45:00,245.0,245.0,244.0,245.0,19586.52117895,4797937.95439848
2026-06-15 13:00:00,244.0,244.0,244.0,244.0,128428.78595892,31336623.77397648
2026-06-15 13:15:00,244.0,245.0,244.0,245.0,21748.29931972,5307666.66666474
2026-06-15 13:30:00,244.0,245.0,244.0,245.0,9413.89846757,2297014.29788451
2026-06-15 13:45:00,244.0,245.0,244.0,245.0,28524.59445078,6960120.1439495
2026-06-15 14:00:00,245.0,246.0,245.0,245.0,48529.5761505,11889768.1568725
2026-06-15 14:15:00,245.0,245.0,245.0,245.0,23128.67134064,5666524.4784568
2026-06-15 14:30:00,246.0,246.0,245.0,245.0,9378.82781745,2299172.97787682
2026-06-15 14:45:00,246.0,247.0,246.0,246.0,226606.80160461,55839838.08233074
2026-06-15 15:00:00,246.0,248.0,246.0,248.0,414329.65978117,102440317.42283513
2026-06-15 15:15:00,248.0,250.0,248.0,248.0,213774.0247165,53228162.60344819
2026-06-15 15:30:00,248.0,250.0,248.0,250.0,304990.4041504,75942015.9377876
2026-06-15 15:45:00,250.0,250.0,249.0,250.0,109736.86454288,27364497.16950854
2026-06-15 16:00:00,250.0,250.0,248.0,249.0,304509.86303812,75651127.32771537
2026-06-15 16:15:00,248.0,250.0,248.0,249.0,22736.42106509,5662663.79755862
2026-06-15 16:30:00,249.0,249.0,246.0,247.0,172599.4015365,42640172.49838544
2026-06-15 16:45:00,247.0,248.0,246.0,248.0,48105.41780718,11913751.58359175
2026-06-15 17:00:00,248.0,248.0,246.0,246.0,48262.37997184,11921713.83750328
2026-06-15 17:15:00,246.0,248.0,245.0,246.0,196997.97386425,48457141.32279961
2026-06-15 17:30:00,247.0,247.0,246.0,246.0,2147.0762129,528736.8245863
2026-06-15 17:45:00,247.0,247.0,247.0,247.0,202.42914978,49999.99999566
2026-06-15 18:00:00,247.0,247.0,246.0,247.0,114338.39209352,28132702.13507275
2026-06-15 18:15:00,247.0,247.0,246.0,247.0,20136.61869705,4971533.85841626
2026-06-15 18:30:00,247.0,248.0,247.0,248.0,74426.25574902,18387084.92940242
2026-06-15 18:45:00,248.0,248.0,246.0,247.0,2996.15138378,737614.28154725
2026-06-15 19:00:00,247.0,247.0,246.0,246.0,19115.45342614,4704526.15360681
2026-06-15 19:15:00,245.0,246.0,245.0,246.0,6587.75366666,1619248.40199836
2026-06-15 19:30:00,246.0,246.0,245.0,245.0,29750.89525194,7291225.9871318
2026-06-15 19:45:00,245.0,248.0,245.0,248.0,101045.57962961,24865467.20451292
2026-06-15 20:00:00,248.0,248.0,247.0,247.0,4406.27222264,1092150.65291513
2026-06-15 20:15:00,247.0,251.0,246.0,251.0,165764.28997022,41211674.85930261
2026-06-15 20:30:00,251.0,251.0,250.0,250.0,217947.07580538,54524570.1344771
2026-06-15 20:45:00,250.0,250.0,248.0,249.0,442103.47202171,109774315.05170082
2026-06-15 21:00:00,249.0,250.0,248.0,250.0,190496.74814501,47452376.46552684
2026-06-15 21:15:00,250.0,250.0,249.0,250.0,56623.54746951,14105891.68665461
2026-06-15 21:30:00,249.0,250.0,247.0,248.0,1178844.87320404,292351039.15794355
2026-06-15 21:45:00,248.0,249.0,248.0,249.0,12829.26287128,3181857.19207744
2026-06-15 22:00:00,249.0,249.0,247.0,247.0,340817.09020081,84461465.49423309
2026-06-15 22:15:00,246.0,248.0,246.0,246.0,194498.0133148,47888441.13655767
2026-06-15 22:30:00,247.0,248.0,246.0,247.0,148666.41888379,36719538.66546424
2026-06-15 22:45:00,247.0,248.0,246.0,247.0,59823.93633682,14772033.76191071
2026-06-15 23:00:00,247.0,249.0,246.0,248.0,113181.9259744,27988568.31881198
2026-06-15 23:15:00,249.0,250.0,247.0,249.0,121559.08262288,30232835.15403237
2026-06-15 23:30:00,249.0,251.0,248.0,251.0,627132.44078612,156391432.811451
2026-06-15 23:45:00,251.0,252.0,249.0,250.0,87957.35331155,22026506.03178574
2026-06-16 00:00:00,251.0,253.0,251.0,253.0,112177.93666467,28287941.17789156
2026-06-16 00:15:00,254.0,254.0,253.0,253.0,122967.74418943,31176309.23996174
2026-06-16 00:30:00,252.0,254.0,252.0,254.0,65379.49305763,16557790.3841925
2026-06-16 00:45:00,254.0,254.0,252.0,253.0,48270.89691106,12233272.56216741
2026-06-16 01:00:00,254.0,254.0,253.0,254.0,102096.41327323,25855539.4677086
2026-06-16 01:15:00,254.0,254.0,252.0,252.0,161289.63171247,40820802.65700817
2026-06-16 01:30:00,252.0,254.0,252.0,254.0,118403.01604784,30071097.18612882
2026-06-16 01:45:00,254.0,254.0,254.0,254.0,21283.37222673,5405976.54558942
2026-06-16 02:00:00,254.0,255.0,253.0,254.0,156976.69160221,39826105.97288245
2026-06-16 02:15:00,254.0,255.0,254.0,255.0,4479.69182534,1137873.72363636
2026-06-16 02:30:00,254.0,255.0,254.0,254.0,51091.6342142,12977307.0904068
2026-06-16 02:45:00,254.0,255.0,254.0,255.0,37018.55685073,9402894.73828729
2026-06-16 03:00:00,255.0,255.0,254.0,255.0,10685.31817976,2718174.11307015
2026-06-16 03:15:00,255.0,256.0,254.0,254.0,84091.59750428,21443322.26768201
2026-06-16 03:30:00,254.0,254.0,251.0,252.0,365205.4538676,92395127.41141135
2026-06-16 03:45:00,252.0,252.0,251.0,251.0,1830.56568457,461102.55251164
2026-06-16 04:00:00,250.0,251.0,250.0,251.0,1562.13719512,391171.29878
2026-06-16 04:15:00,251.0,251.0,250.0,251.0,94348.51902062,23591133.62561029
2026-06-16 04:30:00,251.0,251.0,251.0,251.0,518.7250996,130199.9999996
2026-06-16 04:45:00,250.0,250.0,249.0,249.0,50588.88888888,12596833.33333112
2026-06-16 05:00:00,249.0,251.0,248.0,251.0,219255.64991068,54604872.87354166
2026-06-16 05:15:00,250.0,251.0,250.0,250.0,5449.67461178,1362458.67684938
2026-06-16 05:30:00,250.0,250.0,250.0,250.0,59106.12392717,14776530.9817925
2026-06-16 05:45:00,250.0,250.0,249.0,249.0,1640.91946011,408589.07553282
2026-06-16 06:00:00,249.0,249.0,249.0,249.0,38198.81440276,9511504.78628724
2026-06-16 06:15:00,248.0,249.0,248.0,249.0,25164.8385411,6257414.9581928
2026-06-16 06:30:00,249.0,249.0,249.0,249.0,8996.77311746,2240196.50624754
2026-06-16 06:45:00,249.0,250.0,249.0,250.0,30624.13932971,7627716.7640623
2026-06-16 07:00:00,250.0,250.0,249.0,250.0,33466.60780722,8363843.45372404
2026-06-16 07:15:00,249.0,249.0,249.0,249.0,83510.75852663,20794178.87313087
2026-06-16 07:30:00,249.0,249.0,247.0,248.0,29537.90986026,7325522.95682876
2026-06-16 07:45:00,247.0,248.0,246.0,247.0,269762.29520669,66624758.87224372
2026-06-16 08:00:00,247.0,248.0,247.0,248.0,28869.30469124,7130758.74456623
2026-06-16 08:15:00,248.0,248.0,247.0,247.0,14699.88950933,3631679.16041741
2026-06-16 08:30:00,247.0,248.0,247.0,248.0,42675.70092883,10564262.98041446
2026-06-16 08:45:00,249.0,249.0,248.0,248.0,39174.43175689,9738816.24276271
2026-06-16 09:00:00,248.0,249.0,247.0,249.0,32318.56160714,8007524.87518465
2026-06-16 09:15:00,249.0,251.0,249.0,250.0,68995.65017736,17223902.35901623
2026-06-16 09:30:00,250.0,251.0,250.0,251.0,95323.08899243,23831966.86992009
2026-06-16 09:45:00,250.0,251.0,250.0,250.0,75910.89831102,18994799.33851536
2026-06-16 10:00:00,250.0,250.0,250.0,250.0,26507.35739323,6626839.3483075
2026-06-16 10:15:00,250.0,250.0,250.0,250.0,72802.21355594,18200553.388985
2026-06-16 10:30:00,250.0,251.0,250.0,250.0,98149.87767723,24537570.43125969
2026-06-16 10:45:00,250.0,250.0,249.0,250.0,17289.26942903,4321894.34790789
2026-06-16 11:00:00,250.0,250.0,248.0,248.0,29440.76329456,7331022.88918838
2026-06-16 11:15:00,248.0,248.0,248.0,248.0,123899.58754576,30727097.71134848
2026-06-16 11:30:00,247.0,247.0,246.0,247.0,166471.44733899,41113315.81572654
2026-06-16 11:45:00,247.0,247.0,247.0,247.0,52577.29703787,12986592.36835389
2026-06-16 12:00:00,247.0,248.0,247.0,247.0,75072.72710943,18543198.59602921
2026-06-16 12:15:00,247.0,248.0,247.0,248.0,15346.36200666,3795410.28661275
2026-06-16 12:30:00,248.0,249.0,248.0,248.0,42115.46731926,10458840.50227009
2026-06-16 12:45:00,249.0,250.0,249.0,249.0,65641.18011605,16409239.73995092
2026-06-16 13:00:00,249.0,250.0,249.0,250.0,36294.22565899,9037450.49708851
2026-06-16 13:15:00,249.0,249.0,247.0,247.0,142441.3147403,35323671.63682136
2026-06-16 13:30:00,248.0,248.0,247.0,247.0,40978.96241771,10135608.33905695
2026-06-16 13:45:00,247.0,248.0,247.0,248.0,15534.08362942,3837802.00511498
2026-06-16 14:00:00,248.0,248.0,247.0,247.0,97094.97549279,23993458.94671913
2026-06-16 14:15:00,247.0,249.0,247.0,248.0,41485.59474278,10281959.75427395
2026-06-16 14:30:00,248.0,248.0,247.0,248.0,25551.98054235,6319208.91263543
2026-06-16 14:45:00,248.0,249.0,248.0,249.0,3772.90647251,938491.04664808
2026-06-16 15:00:00,249.0,249.0,248.0,248.0,11422.2582946,2832799.36629774
2026-06-16 15:15:00,248.0,249.0,248.0,248.0,15148.72285801,3757485.67842503
2026-06-16 15:30:00,248.0,249.0,248.0,249.0,39788.52291876,9876579.77622195
2026-06-16 15:45:00,248.0,249.0,248.0,248.0,54192.7549308,13439843.54541904
2026-06-16 16:00:00,248.0,248.0,247.0,248.0,99169.58757549,24593315.77272152
2026-06-16 16:15:00,247.0,247.0,247.0,247.0,15629.73203965,3860543.81379355
2026-06-16 16:30:00,247.0,248.0,246.0,248.0,29461.77828959,7273742.27200228
2026-06-16 16:45:00,246.0,247.0,246.0,246.0,147722.20476608,36377697.87303533
2026-06-16 17:00:00,247.0,247.0,246.0,247.0,55457.69007843,13654115.08557392
2026-06-16 17:15:00,245.0,247.0,245.0,246.0,145516.41609107,35797612.56251757
2026-06-16 17:30:00,247.0,247.0,246.0,246.0,1503.2128514,370790.3614444
2026-06-16 17:45:00,247.0,248.0,246.0,247.0,76111.34423251,18796455.22443142
2026-06-16 18:00:00,247.0,247.0,246.0,246.0,145354.06489278,35855416.70522887
2026-06-16 18:15:00,246.0,246.0,246.0,246.0,53230.21143312,13094632.01254752
2026-06-16 18:30:00,246.0,247.0,246.0,246.0,68541.89526029,16866800.15305968
2026-06-16 18:45:00,246.0,246.0,246.0,246.0,16966.24366257,4173695.94099222
2026-06-16 19:00:00,246.0,247.0,246.0,247.0,197095.1382359,48588365.05592547
2026-06-16 19:15:00,247.0,247.0,247.0,247.0,5289.72355925,1306561.71913475
2026-06-16 19:30:00,246.0,246.0,246.0,246.0,3893.93241843,957907.37493378
2026-06-16 19:45:00,246.0,246.0,246.0,246.0,2417.95949686,594818.03622756
2026-06-16 20:00:00,246.0,247.0,246.0,247.0,46133.75947713,11359891.06619179
2026-06-16 20:15:00,247.0,247.0,247.0,247.0,42011.94220701,10376949.72513147
2026-06-16 20:30:00,247.0,247.0,246.0,247.0,22799.82578243,5611783.45826725
2026-06-16 20:45:00,247.0,247.0,247.0,247.0,14976.33369549,3699154.42278603
2026-06-16 21:00:00,247.0,247.0,247.0,247.0,11242.62969728,2776929.53522816
2026-06-16 21:15:00,247.0,247.0,246.0,247.0,70626.52652361,17435176.28889969
2026-06-16 21:30:00,246.0,247.0,246.0,247.0,115787.31207951,28485242.2217129
2026-06-16 21:45:00,247.0,247.0,246.0,246.0,51733.46819631,12777760.14042352
2026-06-16 22:00:00,246.0,246.0,245.0,245.0,159507.68959534,39172309.27462908
2026-06-16 22:15:00,246.0,246.0,244.0,244.0,85588.66740757,20962053.96121169
2026-06-16 22:30:00,245.0,246.0,245.0,246.0,19101.24624151,4680081.94901499
2026-06-16 22:45:00,246.0,247.0,246.0,246.0,126050.63301867,31009455.72259282
2026-06-16 23:00:00,246.0,246.0,246.0,246.0,36731.24561551,9035886.42141546
2026-06-16 23:15:00,246.0,246.0,245.0,245.0,45609.62040636,11209161.30755332
2026-06-16 23:30:00,245.0,246.0,244.0,245.0,109816.81492828,26891012.80763473
2026-06-16 23:45:00,246.0,246.0,245.0,246.0,122088.4400602,30011602.81221774
2026-06-17 00:00:00,245.0,246.0,245.0,246.0,18504.0352508,4533616.68522647
2026-06-17 00:15:00,246.0,246.0,246.0,246.0,23021.88046186,5663382.59361756
2026-06-17 00:30:00,246.0,246.0,246.0,246.0,26150.36348796,6432989.41803816
2026-06-17 00:45:00,245.0,246.0,245.0,246.0,6978.61427753,1714756.02462178
2026-06-17 01:00:00,246.0,246.0,245.0,245.0,2357.8795219,578243.08449152
2026-06-17 01:15:00,246.0,246.0,245.0,245.0,8777.61420953,2152618.00733485
2026-06-17 01:30:00,245.0,245.0,245.0,245.0,6516.01416256,1596423.4698272
2026-06-17 01:45:00,245.0,245.0,244.0,244.0,14484.17101307,3538621.89820215
2026-06-17 02:00:00,245.0,245.0,245.0,245.0,9997.29293798,2449336.7698051
2026-06-17 02:15:00,245.0,245.0,245.0,245.0,155.10204081,37999.99999845
2026-06-17 02:30:00,245.0,245.0,245.0,245.0,22224.07413385,5444898.16279325
2026-06-17 03:00:00,245.0,245.0,245.0,245.0,13710.1443193,3358985.3582285
2026-06-17 03:15:00,245.0,245.0,245.0,245.0,11619.36239296,2846743.7862752
2026-06-17 03:30:00,245.0,246.0,245.0,245.0,18772.41188371,4599281.56191545
2026-06-17 04:00:00,245.0,245.0,245.0,245.0,11776.21532209,2885172.75391205
2026-06-17 04:15:00,245.0,245.0,245.0,245.0,2828.66697854,693023.4097423
2026-06-17 04:30:00,246.0,246.0,246.0,246.0,203.25203252,49999.99999992
2026-06-17 04:45:00,246.0,246.0,245.0,245.0,5408.03916518,1325172.84750162
2026-06-17 05:00:00,246.0,246.0,246.0,246.0,3577.23577235,879999.9999981
2026-06-17 05:15:00,245.0,245.0,244.0,244.0,21254.4058025,5186653.11167773
2026-06-17 05:30:00,243.0,243.0,243.0,243.0,26169.14743609,6359102.82696987
2026-06-17 05:45:00,244.0,244.0,244.0,244.0,9446.27397214,2304890.84920216
2026-06-17 06:00:00,245.0,245.0,244.0,244.0,7408.1632653,1809999.9999985
2026-06-17 06:30:00,245.0,245.0,245.0,245.0,8416.20414282,2061970.0149909
2026-06-17 06:45:00,244.0,245.0,244.0,245.0,100.01706397,24424.57177194
2026-06-17 07:00:00,245.0,245.0,244.0,245.0,25447.74509871,6221002.93775309
2026-06-17 07:15:00,245.0,245.0,244.0,244.0,38631.16842598,9446403.06022228
2026-06-17 07:30:00,244.0,244.0,244.0,244.0,140031.98603081,34167804.59151764
2026-06-17 07:45:00,244.0,244.0,244.0,244.0,183260.65941488,44715600.89723072
2026-06-17 08:00:00,244.0,244.0,244.0,244.0,2172.55288134,530102.90304696
2026-06-17 08:15:00,244.0,244.0,243.0,243.0,46195.59866637,11226542.90010823
2026-06-17 08:30:00,244.0,244.0,244.0,244.0,62481.31330029,15245440.44527076
2026-06-17 08:45:00,243.0,244.0,243.0,244.0,96248.35535353,23388379.432875
2026-06-17 09:00:00,242.0,243.0,242.0,243.0,229708.51142911,55632539.2829477
2026-06-17 09:15:00,242.0,244.0,242.0,244.0,79602.88538084,19276016.39233658
2026-06-17 09:30:00,244.0,244.0,243.0,244.0,18868.6355531,4598947.0749564
2026-06-17 09:45:00,244.0,244.0,244.0,244.0,4378.72687886,1068409.35844184
2026-06-17 10:00:00,244.0,244.0,243.0,243.0,37984.86919646,9230364.19834633
2026-06-17 10:15:00,243.0,243.0,243.0,243.0,82409.98451007,20025626.23594701
2026-06-17 10:30:00,243.0,244.0,243.0,244.0,9458.99651723,2298900.49999836
2026-06-17 10:45:00,244.0,244.0,244.0,244.0,33032.52943238,8059937.18150072
2026-06-17 11:00:00,244.0,244.0,242.0,242.0,164261.32985322,39837895.06275159
2026-06-17 11:15:00,242.0,243.0,241.0,243.0,113538.5883247,27481081.45437982
2026-06-17 11:30:00,243.0,243.0,241.0,242.0,119026.19513232,28784868.08136167
2026-06-17 11:45:00,242.0,242.0,241.0,241.0,251534.71817318,60671189.39378596
2026-06-17 12:00:00,241.0,242.0,240.0,242.0,72977.26911361,17561934.22438513
2026-06-17 12:15:00,242.0,242.0,241.0,242.0,9627.00977145,2326667.72357287
2026-06-17 12:30:00,241.0,243.0,241.0,242.0,45586.21691076,11025806.42329069
2026-06-17 12:45:00,241.0,242.0,241.0,242.0,24733.63172355,5966666.13483835
2026-06-17 13:00:00,242.0,242.0,241.0,241.0,13637.666937,3295687.62796048
2026-06-17 13:15:00,241.0,242.0,241.0,242.0,22008.71799277,5309512.24387689
2026-06-17 13:30:00,242.0,243.0,242.0,243.0,6622.06270246,1606307.98150718
2026-06-17 13:45:00,243.0,243.0,243.0,243.0,28280.03414342,6872048.29685106
2026-06-17 14:00:00,243.0,243.0,242.0,243.0,42847.05564111,10370393.53087643
2026-06-17 14:15:00,243.0,243.0,241.0,241.0,39483.97435777,9523751.24845891
2026-06-17 14:30:00,241.0,242.0,241.0,242.0,29145.45392503,7048199.84985726
2026-06-17 14:45:00,243.0,243.0,243.0,243.0,2408.61873589,585294.35282127
2026-06-17 15:00:00,243.0,243.0,242.0,242.0,4150.1773607,1004425.22581614
2026-06-17 15:30:00,242.0,242.0,242.0,242.0,10670.66323748,2582300.50347016
2026-06-17 15:45:00,242.0,243.0,241.0,241.0,35489.43642635,8586602.58697174
2026-06-17 16:00:00,242.0,242.0,241.0,242.0,51763.86112829,12485617.10433415
2026-06-17 16:15:00,242.0,242.0,242.0,242.0,71271.35743801,17247668.49999842
2026-06-17 16:30:00,242.0,242.0,242.0,242.0,4132.23140495,999999.9999979
2026-06-17 16:45:00,241.0,242.0,241.0,242.0,134557.32869323,32432475.30597751
2026-06-17 17:00:00,242.0,242.0,241.0,241.0,629.22088217,151668.01340508
2026-06-17 17:15:00,241.0,241.0,241.0,241.0,23879.96983266,5755072.72967106
2026-06-17 17:30:00,241.0,241.0,240.0,240.0,7988.68834802,1917700.14128413
2026-06-17 17:45:00,240.0,242.0,240.0,240.0,4142.64775893,995217.1365952
2026-06-17 18:00:00,240.0,242.0,240.0,241.0,29554.54116095,7116610.52957505
2026-06-17 18:15:00,241.0,242.0,240.0,240.0,114398.83823703,27590770.84673321
2026-06-17 18:30:00,241.0,241.0,240.0,240.0,9711.14649701,2339095.71993505
2026-06-17 18:45:00,240.0,242.0,240.0,242.0,18124.22369932,4350061.62172108
2026-06-17 19:00:00,242.0,242.0,240.0,242.0,507303.90487917,122507023.61863936
2026-06-17 19:15:00,242.0,242.0,241.0,241.0,17553.72726858,4247001.99899636
2026-06-17 19:30:00,242.0,243.0,242.0,242.0,119417.10428557,28928340.38322888
2026-06-17 19:45:00,242.0,242.0,242.0,242.0,16241.5533955,3930455.921711
2026-06-17 20:00:00,243.0,243.0,242.0,243.0,17598.42499482,4272272.40546394
2026-06-17 20:15:00,242.0,243.0,242.0,242.0,19500.73827356,4719422.93823669
2026-06-17 20:30:00,242.0,242.0,242.0,242.0,88228.27968782,21351243.68445244
2026-06-17 20:45:00,242.0,243.0,241.0,243.0,405243.97100357,97990121.83195587
2026-06-17 21:00:00,241.0,242.0,241.0,242.0,97562.34101447,23583427.18448727
2026-06-17 21:15:00,242.0,243.0,242.0,243.0,37132.67420939,9002162.26093575
2026-06-17 21:30:00,243.0,243.0,242.0,243.0,90205.00529652,21901575.7979644
2026-06-17 21:45:00,243.0,245.0,242.0,244.0,40981.35316169,9965414.44367078
2026-06-17 22:00:00,245.0,246.0,245.0,246.0,55751.77136273,13700056.88593853
2026-06-17 22:15:00,246.0,248.0,246.0,247.0,14855.0102531,3677800.63116266
2026-06-17 22:30:00,247.0,247.0,247.0,247.0,71824.61604317,17740680.16266299
2026-06-17 22:45:00,246.0,246.0,246.0,246.0,42423.53602148,10436189.86128408
2026-06-17 23:00:00,246.0,248.0,245.0,248.0,72976.94514201,18061637.68141122
2026-06-17 23:15:00,247.0,247.0,247.0,247.0,10660.28928854,2633091.45426938
2026-06-17 23:30:00,247.0,247.0,245.0,245.0,67538.89221967,16551136.78153016
2026-06-17 23:45:00,246.0,246.0,246.0,246.0,16252.03658333,3998000.99949918
2026-06-18 00:00:00,247.0,247.0,247.0,247.0,100161.04866906,24739779.02125782
2026-06-18 00:15:00,247.0,249.0,247.0,248.0,17806.37718888,4419324.7006069
2026-06-18 00:30:00,248.0,248.0,247.0,248.0,30090.08851121,7458020.48036775
2026-06-18 00:45:00,248.0,249.0,248.0,248.0,11220.37753139,2782683.62778472
2026-06-18 01:00:00,248.0,248.0,247.0,248.0,10026.93064696,2478163.49828912
2026-06-18 01:15:00,248.0,248.0,247.0,247.0,27785.13774577,6870892.64220214
2026-06-18 01:30:00,247.0,248.0,247.0,248.0,61699.68028515,15291195.29491271
2026-06-18 01:45:00,248.0,248.0,247.0,247.0,10030.0,2477440.0
2026-06-18 02:00:00,247.0,248.0,247.0,247.0,50242.0,12410016.0
2026-06-18 02:15:00,247.0,247.0,246.0,246.0,36682.85177847,9053981.53750362
2026-06-18 02:30:00,247.0,247.0,247.0,247.0,10000.0,2470000.0
2026-06-18 02:45:00,247.0,248.0,247.0,248.0,202.26590047,49999.99999673
2026-06-18 03:00:00,247.0,247.0,247.0,247.0,24461.27680196,6041935.37008412
2026-06-18 03:15:00,247.0,247.0,247.0,247.0,9482.39,2342150.33
2026-06-18 03:30:00,246.0,247.0,246.0,247.0,99977.59776485,24644331.14791795
2026-06-18 03:45:00,248.0,248.0,246.0,246.0,31262.24369856,7722970.01436188
2026-06-18 04:00:00,246.0,246.0,246.0,246.0,7068.69531148,1738899.04662408
2026-06-18 04:15:00,245.0,245.0,244.0,244.0,38477.47805838,9399376.84941677
2026-06-18 04:30:00,245.0,245.0,244.0,244.0,3042.58443877,742557.94999865
2026-06-18 04:45:00,245.0,245.0,244.0,244.0,27412.83048294,6689319.20226023
2026-06-18 05:00:00,245.0,245.0,245.0,245.0,720.45,176510.25
2026-06-18 05:15:00,245.0,245.0,244.0,245.0,31690.67162549,7761865.44069466
2026-06-18 05:30:00,245.0,246.0,245.0,245.0,22602.17072381,5542611.85985377
2026-06-18 05:45:00,244.0,245.0,244.0,245.0,13839.83606557,3390349.99999908
2026-06-18 06:00:00,244.0,244.0,244.0,244.0,862.06896551,210344.82758444
2026-06-18 06:15:00,244.0,244.0,244.0,244.0,11053.52421828,2697059.90926032
2026-06-18 06:30:00,245.0,245.0,244.0,245.0,11979.55398414,2924411.7261143
2026-06-18 06:45:00,245.0,246.0,244.0,245.0,56179.82456128,13713153.49287033
2026-06-18 07:00:00,244.0,245.0,243.0,245.0,18520.4049399,4521238.05354417
2026-06-18 07:15:00,244.0,245.0,244.0,244.0,26937.18390625,6581209.57620203
2026-06-18 07:30:00,244.0,246.0,244.0,246.0,167544.76956831,41080934.70891953
2026-06-18 07:45:00,247.0,247.0,246.0,246.0,45081.02007655,11094159.99029746
2026-06-18 08:00:00,246.0,246.0,246.0,246.0,28368.48369433,6978646.98880518
2026-06-18 08:15:00,246.0,246.0,245.0,246.0,17537.21569232,4312094.12277807
2026-06-18 08:30:00,245.0,245.0,244.0,244.0,33690.1422529,8240900.94156492
2026-06-18 08:45:00,245.0,245.0,244.0,244.0,173998.89160708,42464846.29209526
2026-06-18 09:00:00,245.0,247.0,245.0,247.0,4160.54523942,1024458.10852075
2026-06-18 09:15:00,247.0,248.0,247.0,247.0,214697.63898293,53030373.17454983
2026-06-18 09:30:00,247.0,247.0,246.0,247.0,67817.69163602,16716315.52209291
2026-06-18 09:45:00,246.0,246.0,246.0,246.0,37975.04200645,9341860.3335867
2026-06-18 10:00:00,246.0,247.0,246.0,246.0,8495.71007321,2089985.32841616
2026-06-18 10:15:00,246.0,247.0,246.0,246.0,52391.07604661,12898595.58662345
2026-06-18 10:30:00,246.0,247.0,246.0,247.0,200102.48037573,49404280.88749036
2026-06-18 10:45:00,247.0,248.0,247.0,247.0,107622.27813611,26588920.48187722
2026-06-18 11:00:00,247.0,247.0,247.0,247.0,7944.24102835,1962227.53400245
2026-06-18 11:15:00,248.0,248.0,247.0,247.0,104300.46147383,25764230.11306826
2026-06-18 11:30:00,247.0,248.0,247.0,248.0,38167.98223088,9443302.73549233
2026-06-18 11:45:00,248.0,249.0,248.0,249.0,52234.87253042,12958962.86662878
2026-06-18 12:00:00,249.0,249.0,247.0,247.0,8618.91492806,2141891.81577331
2026-06-18 12:15:00,247.0,247.0,247.0,247.0,116930.62812023,28881865.14569681
2026-06-18 12:30:00,247.0,247.0,246.0,246.0,172301.38710855,42424266.63563544
2026-06-18 12:45:00,246.0,246.0,246.0,246.0,12858.998852,3163313.717592
2026-06-18 13:00:00,246.0,247.0,246.0,247.0,32050.49338354,7886590.94370685
2026-06-18 13:15:00,246.0,247.0,246.0,246.0,95779.44138623,23637808.84747448
2026-06-18 13:30:00,246.0,246.0,246.0,246.0,16891.2370854,4155244.3230084
2026-06-18 13:45:00,246.0,247.0,246.0,247.0,50231.8327909,12382097.92627799
2026-06-18 14:00:00,247.0,247.0,245.0,246.0,96222.1396107,23643903.94520896
2026-06-18 14:15:00,246.0,246.0,246.0,246.0,30962.50687485,7616776.6912131
2026-06-18 14:30:00,246.0,247.0,246.0,246.0,32176.78756482,7916381.36800668
2026-06-18 14:45:00,247.0,247.0,247.0,247.0,28.34008097,6999.99999959
2026-06-18 15:00:00,247.0,248.0,247.0,247.0,101014.95655387,24977158.70594216
2026-06-18 15:15:00,246.0,246.0,246.0,246.0,228156.62554126,56126529.88314996
2026-06-18 15:30:00,246.0,247.0,246.0,247.0,355272.61829889,87630482.25479849
2026-06-18 15:45:00,246.0,247.0,246.0,246.0,21656.3994546,5339695.03694652
2026-06-18 16:00:00,246.0,246.0,246.0,246.0,12633.55182431,3107853.74878026
2026-06-18 16:15:00,247.0,247.0,246.0,246.0,441.29554655,108959.5141679
2026-06-18 16:30:00,247.0,247.0,247.0,247.0,15752.45421822,3890856.19190034
2026-06-18 16:45:00,247.0,248.0,247.0,248.0,3573.88443364,883215.24237673
2026-06-18 17:00:00,248.0,248.0,248.0,248.0,62782.5133038,15570063.2993424
2026-06-18 17:15:00,248.0,249.0,248.0,249.0,36283.52284287,9028058.48897819
2026-06-18 17:30:00,250.0,250.0,249.0,249.0,32548.818202,8133033.07111158
2026-06-18 17:45:00,249.0,250.0,249.0,250.0,108719.61919746,27128735.65692915
2026-06-18 18:00:00,250.0,250.0,248.0,248.0,145848.39361851,36320391.41900899
2026-06-18 18:15:00,249.0,249.0,248.0,248.0,25331.71086772,6287196.56399991
2026-06-18 18:30:00,248.0,250.0,247.0,247.0,292606.16649095,72413484.14729421
2026-06-18 18:45:00,247.0,249.0,247.0,249.0,11625.45354324,2892819.43481882
2026-06-18 19:00:00,249.0,251.0,247.0,251.0,298728.2925493,74828582.97277427
2026-06-18 19:15:00,251.0,251.0,250.0,250.0,43261.83173474,10842285.52653665
2026-06-18 19:30:00,250.0,251.0,250.0,250.0,146664.31983357,36670968.24535639
2026-06-18 19:45:00,249.0,249.0,248.0,249.0,14844.96473265,3695967.31795422
2026-06-18 20:00:00,249.0,250.0,249.0,249.0,18457.37068711,4603648.23389276
2026-06-18 20:15:00,249.0,250.0,249.0,249.0,122029.33037131,30503809.78519479
2026-06-18 20:30:00,249.0,250.0,249.0,249.0,149523.90394469,37251815.46253764
2026-06-18 20:45:00,249.0,249.0,248.0,249.0,28666.38038128,7133472.90586449
2026-06-18 21:00:00,249.0,249.0,248.0,249.0,37400.83797749,9308586.23724022
2026-06-18 21:15:00,248.0,250.0,248.0,250.0,174141.96895964,43478990.20249417
2026-06-18 21:30:00,249.0,251.0,249.0,249.0,177643.06874355,44237233.79841885
2026-06-18 21:45:00,249.0,249.0,245.0,245.0,281660.94309282,69573248.71776119
2026-06-18 22:00:00,246.0,246.0,246.0,246.0,70370.27161638,17311086.81762948
2026-06-18 22:15:00,246.0,248.0,246.0,248.0,45011.01425699,11114892.32503403
2026-06-18 22:30:00,248.0,248.0,245.0,246.0,119194.08304704,29353042.75219522
2026-06-18 22:45:00,246.0,247.0,246.0,246.0,230277.42305618,56715749.09415952
2026-06-18 23:00:00,246.0,247.0,246.0,247.0,54354.25831063,13414151.41104162
2026-06-18 23:15:00,247.0,247.0,247.0,247.0,19917.13536216,4919532.43445352
2026-06-18 23:30:00,247.0,248.0,247.0,248.0,46722.56039493,11579808.17561221
2026-06-18 23:45:00,247.0,247.0,246.0,247.0,25553.42412098,6299672.24835183
2026-06-19 00:00:00,246.0,247.0,245.0,245.0,120110.38612406,29440537.8276871
2026-06-19 00:15:00,245.0,245.0,244.0,244.0,74519.29731589,18187298.34099552
2026-06-19 00:30:00,244.0,244.0,243.0,244.0,48449.75165087,11778171.28381447
2026-06-19 00:45:00,245.0,245.0,242.0,242.0,198449.30631848,48231225.53144083
2026-06-19 01:00:00,242.0,243.0,242.0,243.0,77657.53858792,18865737.17838147
2026-06-19 01:15:00,242.0,242.0,241.0,242.0,37392.94499124,9034908.86036416
2026-06-19 01:30:00,241.0,241.0,240.0,241.0,58137.54243591,13998998.5681204
2026-06-19 01:45:00,241.0,241.0,240.0,240.0,95394.64306419,22969248.36507126
2026-06-19 02:00:00,240.0,241.0,240.0,240.0,54559.84586621,13094938.05031772
2026-06-19 02:15:00,241.0,241.0,241.0,241.0,80896.99682746,19496176.23541786
2026-06-19 02:30:00,241.0,243.0,241.0,243.0,11225.7980968,2711354.33218297
2026-06-19 03:00:00,241.0,242.0,241.0,241.0,74469.57058778,17947862.37942357
2026-06-19 03:15:00,242.0,242.0,241.0,241.0,6501.03677756,1573074.24665487
2026-06-19 03:45:00,242.0,243.0,242.0,242.0,13136.16341152,3179889.84599936
2026-06-19 04:30:00,243.0,243.0,243.0,243.0,23583.60737326,5730816.59170218
2026-06-19 04:45:00,242.0,243.0,242.0,243.0,61347.36581322,14906386.60344404
2026-06-19 05:00:00,242.0,242.0,242.0,242.0,6130.0,1483460.0
2026-06-19 05:15:00,243.0,243.0,243.0,243.0,411.31697525,99950.02498575
2026-06-19 05:30:00,242.0,243.0,242.0,242.0,66329.20303945,16054275.58992836
2026-06-19 05:45:00,242.0,242.0,241.0,241.0,14292.60639847,3458257.13810553
2026-06-19 06:00:00,241.0,242.0,241.0,242.0,17212.55922214,4154226.77253574
2026-06-19 06:15:00,241.0,243.0,241.0,243.0,12295.1219512,2963324.3902392
2026-06-19 06:30:00,242.0,242.0,242.0,242.0,20640.50619318,4995002.49874956
2026-06-19 06:45:00,242.0,242.0,242.0,242.0,63.0,15246.0
2026-06-19 07:00:00,242.0,243.0,242.0,243.0,6136.99173553,1490007.99999826
2026-06-19 07:15:00,243.0,244.0,242.0,243.0,48379.70868591,11800430.17741649
2026-06-19 07:30:00,243.0,243.0,243.0,243.0,36219.91569084,8801439.51287412
2026-06-19 07:45:00,243.0,244.0,243.0,243.0,3665.47486256,891276.95512667
2026-06-19 08:00:00,243.0,243.0,243.0,243.0,29084.21465302,7067464.16068386
2026-06-19 08:15:00,242.0,243.0,242.0,242.0,26525.35639358,6420781.33228948
2026-06-19 08:30:00,242.0,243.0,241.0,242.0,316990.82853067,76760194.42410547
2026-06-19 08:45:00,243.0,243.0,243.0,243.0,20.65222532,5018.49075276
2026-06-19 09:00:00,243.0,243.0,243.0,243.0,230.69135802,56057.99999886
2026-06-19 09:15:00,242.0,243.0,241.0,243.0,130158.55264639,31474374.00864723
2026-06-19 09:30:00,243.0,243.0,241.0,242.0,15120.08177754,3658658.71360911
2026-06-19 09:45:00,242.0,242.0,242.0,242.0,3340.23074743,808335.84087806
2026-06-19 10:00:00,242.0,242.0,241.0,242.0,14371.1972614,3463857.00177424
2026-06-19 10:15:00,242.0,242.0,241.0,242.0,13331.69259384,3221542.32001214
2026-06-19 10:30:00,242.0,243.0,241.0,243.0,37581.3781567,9098041.34598182
2026-06-19 10:45:00,243.0,243.0,242.0,243.0,174.06172838,42246.99999634
2026-06-19 11:00:00,242.0,243.0,242.0,243.0,1128.08359052,273415.66511983
2026-06-19 11:15:00,243.0,243.0,242.0,242.0,6137.88610949,1486108.02697393
2026-06-19 11:30:00,242.0,242.0,241.0,241.0,63344.68274087,15329363.7385441
2026-06-19 11:45:00,241.0,242.0,241.0,242.0,23179.88414319,5596955.69709182
2026-06-19 12:00:00,242.0,242.0,241.0,241.0,237940.47612886,57349230.07795591
2026-06-19 12:15:00,240.0,242.0,240.0,242.0,9866.76921643,2380942.58308841
2026-06-19 12:30:00,242.0,242.0,242.0,242.0,309.64269931,74933.53323302
2026-06-19 12:45:00,241.0,241.0,241.0,241.0,70.06209297,16884.96440577
2026-06-19 13:00:00,241.0,241.0,240.0,240.0,250582.62214636,60146306.62695279
2026-06-19 13:15:00,240.0,242.0,240.0,241.0,54951.44485862,13262603.41566239
2026-06-19 13:30:00,240.0,241.0,236.0,236.0,359318.41642574,85176306.17445396
2026-06-19 13:45:00,238.0,238.0,237.0,237.0,550703.79380821,130806707.8734189
2026-06-19 14:00:00,237.0,239.0,237.0,238.0,55902.88471279,13295948.28672528
2026-06-19 14:15:00,239.0,239.0,238.0,238.0,115271.99118102,27437550.00568527
2026-06-19 14:30:00,238.0,238.0,237.0,238.0,167934.84463861,39901886.8568681
2026-06-19 14:45:00,238.0,239.0,238.0,238.0,26091.67523977,6209986.07108199
2026-06-19 15:00:00,238.0,239.0,237.0,237.0,224911.98386537,53389139.48946566
2026-06-19 15:15:00,237.0,239.0,237.0,239.0,14086.97145967,3364753.65853593
2026-06-19 15:30:00,238.0,239.0,237.0,237.0,39236.53967259,9319488.19204963
2026-06-19 15:45:00,238.0,238.0,236.0,238.0,329365.15116047,78142458.41885835
2026-06-19 16:00:00,238.0,238.0,236.0,236.0,82827.07686859,19588155.45878802
2026-06-19 16:15:00,237.0,237.0,236.0,237.0,56286.20456714,13289830.48241218
2026-06-19 16:30:00,237.0,237.0,236.0,236.0,3590.24431738,848877.58210843
2026-06-19 16:45:00,236.0,236.0,234.0,235.0,350200.2928394,82269913.11916646
2026-06-19 17:00:00,235.0,235.0,234.0,235.0,348415.18620769,81778847.09646922
2026-06-19 17:15:00,235.0,236.0,235.0,236.0,58164.04906702,13669293.05617342
2026-06-19 17:30:00,235.0,236.0,234.0,235.0,605824.87007108,142235726.75282452
2026-06-19 17:45:00,235.0,235.0,234.0,235.0,103467.23544899,24276979.83364654
2026-06-19 18:00:00,235.0,235.0,235.0,235.0,16712.04523646,3927330.6305681
2026-06-19 18:15:00,235.0,236.0,235.0,235.0,8183.68342904,1923580.14855303
2026-06-19 18:30:00,235.0,236.0,234.0,235.0,15251.56279336,3569928.24460882
2026-06-19 18:45:00,235.0,235.0,234.0,234.0,82289.90156476,19319301.88389027
2026-06-19 19:00:00,235.0,235.0,231.0,233.0,329469.93669025,76803951.09888694
2026-06-19 19:15:00,232.0,233.0,232.0,233.0,34223.65767813,7961129.46973817
2026-06-19 19:30:00,233.0,234.0,233.0,234.0,17288.77228834,4040620.86745751
2026-06-19 19:45:00,234.0,234.0,234.0,234.0,6050.70042734,1415863.89999756
2026-06-19 20:00:00,234.0,234.0,234.0,234.0,362.09886509,84731.13443106
2026-06-19 20:15:00,234.0,234.0,234.0,234.0,10301.08022911,2410452.77361174
2026-06-19 20:30:00,234.0,235.0,233.0,233.0,256783.08050668,59985221.63918182
2026-06-19 20:45:00,233.0,234.0,233.0,234.0,155914.53616242,36390507.49624238
2026-06-19 21:00:00,234.0,234.0,233.0,234.0,72337.88056904,16896678.09862114
2026-06-19 21:15:00,234.0,234.0,233.0,233.0,4085.10638297,951914.89361498
2026-06-19 21:30:00,233.0,234.0,233.0,234.0,54941.17576283,12835003.63447971
2026-06-19 21:45:00,235.0,235.0,233.0,233.0,54630.75058884,12779941.28578702
2026-06-19 22:00:00,234.0,235.0,234.0,234.0,251473.77718988,58855076.33443192
2026-06-19 22:15:00,235.0,235.0,234.0,234.0,223017.93104148,52186400.11902546
2026-06-19 22:30:00,234.0,234.0,234.0,234.0,42015.01652442,9831513.86671428
2026-06-19 22:45:00,234.0,235.0,233.0,233.0,78563.9858842,18384345.27809428
2026-06-19 23:00:00,234.0,234.0,232.0,232.0,74906.8653106,17470352.71653361
2026-06-19 23:15:00,232.0,233.0,232.0,233.0,13978.07486331,3255473.98668257
2026-06-19 23:30:00,233.0,233.0,232.0,233.0,95237.46699586,22150110.14644134
2026-06-19 23:45:00,233.0,233.0,232.0,233.0,10499.93744973,2446230.42578709
2026-06-20 00:00:00,232.0,233.0,232.0,233.0,15534.50808379,3619500.38352307
2026-06-20 00:15:00,234.0,234.0,234.0,234.0,286.0,66924.0
2026-06-20 00:30:00,234.0,234.0,234.0,234.0,44.61871628,10440.77960952
2026-06-20 00:45:00,234.0,234.0,232.0,232.0,13229.36707645,3082792.05605
2026-06-20 01:00:00,232.0,233.0,232.0,233.0,41425.42327943,9612922.71700226
2026-06-20 01:15:00,233.0,234.0,233.0,234.0,16275.0813019,3792179.41342817
2026-06-20 01:30:00,234.0,234.0,232.0,232.0,11819.55627761,2763481.92284696
2026-06-20 01:45:00,232.0,233.0,232.0,233.0,136789.8631362,31831284.05158479
2026-06-20 02:00:00,233.0,233.0,232.0,232.0,48041.89698467,11146578.46954214
2026-06-20 02:15:00,233.0,233.0,233.0,233.0,2975.92274678,693389.99999974
2026-06-20 02:45:00,234.0,234.0,234.0,234.0,49448.10917151,11570857.54613334
2026-06-20 03:15:00,234.0,234.0,234.0,234.0,5273.5042735,1233999.999999
2026-06-20 03:30:00,234.0,234.0,233.0,233.0,4358.97435897,1017863.24786223
2026-06-20 03:45:00,233.0,233.0,233.0,233.0,79.05816309,18420.55199997
2026-06-20 05:00:00,233.0,233.0,233.0,233.0,4778.15197833,1113309.41095089
2026-06-20 05:15:00,233.0,233.0,233.0,233.0,10963.20631342,2554427.07102686
2026-06-20 05:30:00,233.0,233.0,233.0,233.0,4383.44299475,1021342.21777675
2026-06-20 05:45:00,234.0,234.0,234.0,234.0,457.68025388,107097.17940792
2026-06-20 06:00:00,234.0,234.0,234.0,234.0,200.0,46800.0
2026-06-20 06:15:00,233.0,233.0,233.0,233.0,1158.79828326,269999.99999958
2026-06-20 06:30:00,233.0,233.0,233.0,233.0,80282.4794684,18705817.7161372
2026-06-20 06:45:00,233.0,233.0,233.0,233.0,25668.4850474,5980757.0160442
2026-06-20 07:00:00,233.0,233.0,233.0,233.0,6159.38208315,1435136.02537395
2026-06-20 07:15:00,234.0,234.0,234.0,234.0,16137.40971394,3776153.87306196
2026-06-20 07:30:00,234.0,234.0,233.0,234.0,2887.17848383,673190.3046811
2026-06-20 07:45:00,234.0,234.0,232.0,232.0,158691.79062548,36948709.26333257
2026-06-20 08:00:00,232.0,233.0,232.0,232.0,70277.33556969,16304819.88877715
2026-06-20 08:15:00,232.0,233.0,232.0,232.0,97073.82820461,22565845.89545401
2026-06-20 08:30:00,233.0,233.0,233.0,233.0,2154.96596121,502107.06896193
2026-06-20 08:45:00,233.0,234.0,232.0,232.0,10213.67521367,2379700.85469964
2026-06-20 09:00:00,233.0,234.0,232.0,233.0,157985.20532255,36789732.64277546
2026-06-20 09:15:00,234.0,234.0,232.0,233.0,69918.1498321,16290907.26823963
2026-06-20 09:30:00,233.0,234.0,232.0,233.0,146624.20207695,34118195.17862696
2026-06-20 09:45:00,233.0,233.0,232.0,233.0,65945.84173117,15333616.91751554
2026-06-20 10:00:00,233.0,233.0,232.0,232.0,132799.55471293,30866324.28544278
2026-06-20 10:15:00,232.0,233.0,232.0,232.0,553216.1236781,128702432.36293504
2026-06-20 10:30:00,232.0,233.0,232.0,233.0,46038.4073329,10680960.5012328
2026-06-20 10:45:00,233.0,233.0,232.0,233.0,48292.39502362,11221860.60724787
2026-06-20 11:00:00,232.0,233.0,232.0,232.0,109876.75970386,25492266.62039423
2026-06-20 11:15:00,232.0,232.0,231.0,232.0,25438.03850526,5899825.06355571
2026-06-20 11:30:00,232.0,232.0,232.0,232.0,44196.65627389,10253624.25554248
2026-06-20 11:45:00,232.0,232.0,232.0,232.0,810.85070467,188117.36348344
2026-06-20 12:00:00,232.0,232.0,232.0,232.0,12578.8489537,2918292.9572584
2026-06-20 12:15:00,232.0,232.0,232.0,232.0,3072.14285712,712737.14285184
2026-06-20 12:30:00,232.0,232.0,232.0,232.0,320.68017715,74397.8010988
2026-06-20 12:45:00,232.0,232.0,230.0,230.0,122603.70762321,28303894.04777181
2026-06-20 13:00:00,230.0,231.0,230.0,231.0,161348.2921145,37137263.68412527
2026-06-20 13:15:00,230.0,232.0,230.0,232.0,595226.56621106,137272527.2672076
2026-06-20 13:30:00,232.0,232.0,232.0,232.0,13132.24598042,3046681.06745744
2026-06-20 13:45:00,231.0,231.0,231.0,231.0,101.68770424,23489.85967944
2026-06-20 14:00:00,231.0,233.0,231.0,233.0,7881.33500862,1823789.16227414
2026-06-20 14:15:00,233.0,233.0,231.0,231.0,63887.49544102,14821535.22119535
2026-06-20 14:30:00,232.0,232.0,232.0,232.0,9484.19755639,2200333.83308248
2026-06-20 14:45:00,231.0,231.0,231.0,231.0,150652.96508271,34800834.93410601
2026-06-20 15:00:00,231.0,233.0,231.0,233.0,10910.24124917,2533591.63043743
2026-06-20 15:15:00,232.0,232.0,231.0,231.0,46958.11281986,10850431.55940241
2026-06-20 15:30:00,231.0,231.0,231.0,231.0,47619.04761903,10999999.99999593
2026-06-20 15:45:00,231.0,232.0,231.0,232.0,27580.60321056,6379229.68646694
2026-06-20 16:00:00,233.0,233.0,232.0,232.0,110724.03367976,25796699.84738408
2026-06-20 16:15:00,232.0,233.0,232.0,233.0,22677.95208655,5261594.8840796
2026-06-20 16:30:00,232.0,233.0,232.0,233.0,293.18181818,68268.18181776
2026-06-20 16:45:00,233.0,233.0,233.0,233.0,107141.14658077,24963887.15331941
2026-06-20 17:00:00,233.0,233.0,233.0,233.0,4396.99678057,1024500.24987281
2026-06-20 17:15:00,232.0,233.0,232.0,232.0,39411.4118658,9143469.5528656
2026-06-20 17:45:00,232.0,233.0,232.0,233.0,81333.11659727,18874258.55613204
2026-06-20 18:00:00,233.0,233.0,232.0,232.0,14599.59575146,3401525.18940054
2026-06-20 18:15:00,232.0,232.0,231.0,232.0,74649.53041378,17315996.69799696
2026-06-20 18:30:00,232.0,232.0,232.0,232.0,2715.51724137,629999.99999784
2026-06-20 18:45:00,232.0,232.0,232.0,232.0,129.87012987,30129.87012984
2026-06-20 19:00:00,232.0,232.0,227.0,227.0,1842684.11585752,422213417.92359775
2026-06-20 19:15:00,228.0,230.0,228.0,230.0,215535.08488792,49212765.12805847
2026-06-20 19:30:00,229.0,231.0,229.0,230.0,297627.59055328,68451215.43787025
2026-06-20 19:45:00,230.0,230.0,229.0,229.0,42709.89202919,9814933.58982552
2026-06-20 20:00:00,229.0,231.0,229.0,231.0,19672.16186966,4513191.37051481
2026-06-20 20:15:00,231.0,232.0,230.0,232.0,268590.49888107,62034816.28635475
2026-06-20 20:30:00,231.0,231.0,230.0,230.0,39924.40013759,9209136.43178329
2026-06-20 20:45:00,231.0,231.0,231.0,231.0,1385.28138528,319999.99999968
2026-06-20 21:00:00,231.0,231.0,231.0,231.0,4483.83116882,1035764.99999742
2026-06-20 21:15:00,230.0,231.0,230.0,231.0,11332.28138528,2606904.6190473
2026-06-20 21:30:00,231.0,231.0,230.0,231.0,15026.26374345,3457483.95103679
2026-06-20 21:45:00,231.0,231.0,230.0,230.0,97805.7500808,22495358.39304287
2026-06-20 22:00:00,229.0,230.0,229.0,230.0,6876.58382055,1577271.62333303
2026-06-20 22:15:00,230.0,230.0,229.0,229.0,147797.14160309,33913297.117784
2026-06-20 22:30:00,229.0,230.0,229.0,230.0,30774.49776033,7047468.626246
2026-06-20 22:45:00,230.0,230.0,229.0,229.0,32761.35754479,7526168.99949603
2026-06-20 23:00:00,229.0,229.0,227.0,228.0,93296.57659903,21271642.33069794
2026-06-20 23:15:00,227.0,228.0,227.0,228.0,98390.71046058,22424427.83012801
2026-06-20 23:30:00,228.0,228.0,227.0,227.0,13848.67592304,3152416.98058161
2026-06-20 23:45:00,228.0,228.0,227.0,228.0,61597.14408887,14039875.34798886
2026-06-21 00:00:00,229.0,229.0,227.0,228.0,38437.89461613,8754583.69552643
2026-06-21 00:15:00,228.0,229.0,228.0,229.0,125745.7371478,28770085.15504906
2026-06-21 00:30:00,228.0,228.0,228.0,228.0,17263.64632066,3936111.36111048
2026-06-21 00:45:00,228.0,228.0,228.0,228.0,2396.33114035,546363.4999998
2026-06-21 01:00:00,228.0,230.0,228.0,230.0,34955.06544139,8003542.39748423
2026-06-21 01:30:00,229.0,229.0,229.0,229.0,32885.12317857,7530693.20789253
2026-06-21 01:45:00,229.0,229.0,229.0,229.0,15288.44323144,3501053.49999976
2026-06-21 02:00:00,229.0,229.0,228.0,228.0,112.30619725,25651.60554941
2026-06-21 02:15:00,229.0,229.0,228.0,228.0,4798.02377835,1094049.73375307
2026-06-21 02:30:00,229.0,229.0,229.0,229.0,676.87772925,155004.99999825
2026-06-21 02:45:00,229.0,229.0,229.0,229.0,200.0,45800.0
2026-06-21 03:00:00,228.0,228.0,228.0,228.0,2169.23277491,494585.07267948
2026-06-21 03:15:00,229.0,229.0,229.0,229.0,1121.6,256846.4
2026-06-21 04:00:00,229.0,229.0,229.0,229.0,5958.83947141,1364574.23895289
2026-06-21 04:15:00,229.0,229.0,229.0,229.0,342.967,78539.443
2026-06-21 04:30:00,229.0,229.0,228.0,229.0,5227.01225683,1192017.97992088
2026-06-21 04:45:00,229.0,229.0,229.0,229.0,584.88197761,133937.97287269
2026-06-21 05:15:00,230.0,230.0,230.0,230.0,4036.06521738,928294.9999974
2026-06-21 05:30:00,230.0,230.0,230.0,230.0,1888.66870912,434393.8030976
2026-06-21 05:45:00,230.0,230.0,230.0,230.0,22.0,5060.0
2026-06-21 06:00:00,230.0,230.0,230.0,230.0,13943.48426086,3207001.3799978
2026-06-21 06:15:00,231.0,231.0,230.0,230.0,284.2838312,65406.92619764
2026-06-21 06:30:00,230.0,230.0,230.0,230.0,5253.82056644,1208378.7302812
2026-06-21 06:45:00,230.0,230.0,229.0,229.0,264.68559076,60835.00028404
2026-06-21 07:00:00,229.0,229.0,229.0,229.0,8433.6603461,1931308.2192569
2026-06-21 07:15:00,229.0,229.0,229.0,229.0,801.3385579,183506.5297591
2026-06-21 07:30:00,229.0,230.0,229.0,230.0,53891.05058365,12391050.58365585
2026-06-21 07:45:00,230.0,231.0,230.0,230.0,129529.13544959,29920546.84025342
2026-06-21 08:00:00,230.0,231.0,230.0,231.0,51744.74852419,11902995.62809616
2026-06-21 08:15:00,230.0,230.0,230.0,230.0,25522.94519088,5870277.3939024
2026-06-21 08:30:00,231.0,231.0,231.0,231.0,5826.122912,1345834.392672
2026-06-21 08:45:00,231.0,231.0,230.0,231.0,77404.93058216,17878365.05143549
2026-06-21 09:00:00,231.0,232.0,230.0,231.0,395256.05256005,91686087.23833285
2026-06-21 09:15:00,232.0,233.0,232.0,233.0,80768.57873735,18760738.33320591
2026-06-21 09:30:00,233.0,233.0,232.0,232.0,13883.05457186,3234185.54915643
2026-06-21 09:45:00,232.0,233.0,232.0,232.0,15674.8772703,3637000.49677392
2026-06-21 10:00:00,233.0,233.0,232.0,233.0,7682.19624092,1784951.72413436
2026-06-21 10:15:00,233.0,233.0,233.0,233.0,88634.91101989,20651934.26763437
2026-06-21 10:30:00,233.0,233.0,233.0,233.0,10234.81233952,2384711.27510816
2026-06-21 11:00:00,233.0,233.0,233.0,233.0,78243.57450095,18230752.85872135
2026-06-21 11:15:00,234.0,234.0,233.0,233.0,1403.59833145,327123.66774488
2026-06-21 11:30:00,234.0,234.0,234.0,234.0,105668.2408665,24726368.362761
2026-06-21 11:45:00,234.0,234.0,233.0,233.0,48340.28852993,11311335.10098587
2026-06-21 12:00:00,233.0,235.0,233.0,235.0,22015.94168895,5130377.5107252
2026-06-21 12:15:00,235.0,236.0,234.0,235.0,187498.64838602,44060820.20667523
2026-06-21 12:30:00,236.0,236.0,235.0,236.0,103983.6980103,24451894.71112986
2026-06-21 12:45:00,236.0,236.0,235.0,236.0,67393.82098723,15897300.0347612
2026-06-21 13:15:00,236.0,236.0,236.0,236.0,12743.82730138,3007543.24312568
2026-06-21 13:30:00,236.0,236.0,235.0,235.0,44737.41977888,10513547.88532493
2026-06-21 13:45:00,235.0,235.0,235.0,235.0,24849.83165501,5839710.43892735
2026-06-21 14:00:00,235.0,235.0,235.0,235.0,1997.84788456,469494.2528716
2026-06-21 14:15:00,235.0,235.0,234.0,235.0,33410.77249637,7850857.68130619
2026-06-21 14:30:00,236.0,238.0,236.0,238.0,5313.91688574,1256963.77310048
2026-06-21 14:45:00,238.0,238.0,237.0,238.0,58956.47363957,13979621.04669572
2026-06-21 15:00:00,237.0,238.0,237.0,237.0,68553.15287672,16268597.43766499
2026-06-21 15:15:00,237.0,237.0,237.0,237.0,253473.30064172,60073172.25208764
2026-06-21 15:30:00,236.0,237.0,236.0,237.0,199140.46065552,47162475.95372033
2026-06-21 15:45:00,236.0,237.0,235.0,236.0,57123.14824829,13479170.18068926
2026-06-21 16:00:00,235.0,236.0,235.0,236.0,11321.18644067,2661799.99999812
2026-06-21 16:15:00,235.0,236.0,235.0,236.0,17206.64406779,4046729.99999844
2026-06-21 16:30:00,236.0,236.0,235.0,236.0,12772.17224627,3001890.33476703
2026-06-21 17:00:00,236.0,236.0,236.0,236.0,6633.97326759,1565617.69115124
2026-06-21 17:15:00,235.0,236.0,235.0,236.0,47310.4095968,11161831.1329299
2026-06-21 17:30:00,235.0,235.0,234.0,234.0,382191.45836984,89614820.04593197
2026-06-21 17:45:00,234.0,234.0,234.0,234.0,18283.3210814,4278297.1330476
2026-06-21 18:00:00,235.0,235.0,235.0,235.0,574.46808509,134999.99999615
2026-06-21 18:15:00,235.0,235.0,235.0,235.0,27089.42114046,6366013.9680081
2026-06-21 18:30:00,234.0,236.0,234.0,236.0,18706.85098736,4379149.28457283
2026-06-21 18:45:00,236.0,236.0,236.0,236.0,42.37288135,9999.9999986
2026-06-21 19:00:00,235.0,235.0,234.0,234.0,51931.21582186,12200835.7181371
2026-06-21 19:15:00,234.0,235.0,234.0,235.0,36882.83595309,8653520.20430188
2026-06-21 19:30:00,234.0,234.0,233.0,234.0,4654.76086696,1084875.6237197
2026-06-21 19:45:00,234.0,234.0,233.0,233.0,8738.38721664,2036086.95651985
2026-06-21 20:00:00,233.0,233.0,233.0,233.0,179088.78096582,41727685.96503606
2026-06-21 20:15:00,232.0,232.0,232.0,232.0,25699.54232743,5962293.81996376
2026-06-21 20:30:00,232.0,233.0,231.0,231.0,9082.10573493,2103344.40147113
2026-06-21 20:45:00,232.0,232.0,232.0,232.0,5268.42555662,1222274.72913584
2026-06-21 21:00:00,231.0,231.0,231.0,231.0,148487.11383565,34300523.29603515
2026-06-21 21:15:00,231.0,231.0,230.0,231.0,130223.00707387,30079490.52279803
2026-06-21 21:30:00,231.0,232.0,231.0,232.0,16161.11249892,3733458.60362983
2026-06-21 21:45:00,232.0,232.0,231.0,232.0,44500.96203709,10292539.34663798
2026-06-21 22:00:00,231.0,231.0,231.0,231.0,5748.0911787,1327809.0622797
2026-06-21 22:15:00,230.0,230.0,229.0,229.0,51474.99674114,11825779.36893183
2026-06-21 22:30:00,229.0,229.0,228.0,229.0,188024.70404742,42882954.28700529
2026-06-21 22:45:00,229.0,229.0,228.0,229.0,390616.61328356,89437009.68715473
2026-06-21 23:00:00,229.0,229.0,229.0,229.0,4853.31113481,1111408.24987149
2026-06-21 23:15:00,229.0,229.0,228.0,228.0,93035.31729596,21227842.66007276
2026-06-21 23:30:00,228.0,228.0,227.0,228.0,20127.55996719,4588997.83560945
2026-06-21 23:45:00,227.0,228.0,227.0,228.0,59060.32792587,13406835.81645108
2026-06-22 00:00:00,228.0,228.0,227.0,227.0,2135.11404943,485886.22730282
2026-06-22 00:15:00,228.0,228.0,227.0,227.0,26597.57509329,6040749.06750321
2026-06-22 00:30:00,228.0,228.0,227.0,228.0,25976.58222312,5922441.50187136
2026-06-22 00:45:00,228.0,229.0,228.0,229.0,34443.00719128,7857139.57950921
2026-06-22 01:00:00,229.0,229.0,229.0,229.0,1877.72925763,429999.99999727
2026-06-22 01:15:00,229.0,229.0,229.0,229.0,218.34061135,49999.99999915
2026-06-22 01:30:00,229.0,229.0,227.0,227.0,5959.35601251,1355849.93527183
2026-06-22 01:45:00,228.0,228.0,228.0,228.0,14138.76638465,3223638.7357002
2026-06-22 02:15:00,228.0,228.0,228.0,228.0,1000.0,228000.0
2026-06-22 02:30:00,227.0,227.0,227.0,227.0,88630.60553346,20119147.45609542
2026-06-22 02:45:00,228.0,228.0,228.0,228.0,4613.47575874,1051872.47299272
2026-06-22 03:00:00,228.0,228.0,228.0,228.0,1631.62716887,372010.99450236
2026-06-22 03:30:00,228.0,228.0,228.0,228.0,34.95762712,7970.33898336
2026-06-22 03:45:00,229.0,230.0,229.0,229.0,691.99424419,158488.42104994
2026-06-22 04:00:00,230.0,230.0,230.0,230.0,1509.87345457,347270.8945511
2026-06-22 04:15:00,230.0,230.0,230.0,230.0,4621.65041392,1062979.5952016
2026-06-22 04:45:00,230.0,230.0,229.0,229.0,1867.85272,428738.27288
2026-06-22 05:00:00,230.0,230.0,229.0,229.0,19611.27607488,4497525.96027795
2026-06-22 05:15:00,229.0,229.0,229.0,229.0,18559.90284,4250217.75036
2026-06-22 05:30:00,229.0,230.0,229.0,230.0,12409.39838628,2841839.14352332
2026-06-22 05:45:00,229.0,230.0,229.0,230.0,154732.37428682,35434148.27700781
2026-06-22 06:00:00,230.0,230.0,229.0,229.0,2026.76204723,465940.23490262
2026-06-22 06:15:00,228.0,228.0,228.0,228.0,78392.5498128,17873501.3573184
2026-06-22 06:30:00,228.0,228.0,228.0,228.0,66533.40120255,15169615.4741814
2026-06-22 06:45:00,229.0,229.0,227.0,227.0,16754.74412161,3803436.25185001
2026-06-22 07:00:00,229.0,229.0,228.0,228.0,5175.48456292,1180599.9999964
2026-06-22 07:15:00,227.0,228.0,227.0,228.0,51428.61763811,11674318.20385097
2026-06-22 07:30:00,228.0,228.0,227.0,227.0,210125.82482696,47698606.09536904
2026-06-22 07:45:00,227.0,227.0,226.0,227.0,11796.21533971,2671859.78086458
2026-06-22 08:00:00,226.0,227.0,226.0,226.0,645219.13734086,145976891.98882836
2026-06-22 08:15:00,226.0,227.0,225.0,226.0,204260.80656685,46038498.64807735
2026-06-22 08:30:00,227.0,227.0,226.0,227.0,5047.0248969,1145410.77757989
2026-06-22 08:45:00,227.0,227.0,227.0,227.0,3878.85462555,880499.99999985
2026-06-22 09:00:00,227.0,227.0,225.0,226.0,382324.55026887,86566110.73514435
2026-06-22 09:15:00,227.0,227.0,226.0,227.0,257339.61988633,58345846.33822183
2026-06-22 09:30:00,227.0,227.0,227.0,227.0,1906.00440528,432662.99999856
2026-06-22 09:45:00,227.0,227.0,227.0,227.0,1135.79573849,257825.63263723
2026-06-22 10:00:00,228.0,228.0,227.0,228.0,282517.32458046,64412715.76124888
2026-06-22 10:15:00,228.0,229.0,228.0,229.0,131448.70076293,30044609.02163675
2026-06-22 10:30:00,229.0,229.0,229.0,229.0,166926.96396168,38226274.74722472
2026-06-22 11:00:00,230.0,235.0,230.0,231.0,313591.08512038,73033817.36966595
2026-06-22 11:15:00,231.0,231.0,229.0,230.0,169634.7310918,38959309.07414089
2026-06-22 11:30:00,230.0,231.0,229.0,231.0,19317.62093021,4442184.96548324
2026-06-22 11:45:00,231.0,231.0,229.0,229.0,56367.66186827,12964591.40559034
2026-06-22 12:00:00,229.0,229.0,228.0,228.0,12656.50991491,2887884.44580033
2026-06-22 12:30:00,228.0,228.0,228.0,228.0,47346.76757966,10795063.00816248
2026-06-22 12:45:00,229.0,229.0,227.0,227.0,43005.46068002,9804390.33418986
2026-06-22 13:00:00,228.0,229.0,228.0,229.0,54181.22141311,12404682.7040083
2026-06-22 13:15:00,228.0,228.0,228.0,228.0,305.06518939,69554.86318092
2026-06-22 13:30:00,229.0,229.0,228.0,228.0,1777.13429027,405224.505035
2026-06-22 13:45:00,229.0,229.0,229.0,229.0,826.315789,189226.315681
2026-06-22 14:00:00,230.0,230.0,229.0,229.0,53151.0068104,12194056.9387833
2026-06-22 14:15:00,229.0,229.0,229.0,229.0,275978.71103039,63199124.82595931
2026-06-22 14:30:00,228.0,229.0,228.0,229.0,3032.80690875,691916.6564177
2026-06-22 14:45:00,229.0,229.0,229.0,229.0,2014.13267164,461236.38180556
2026-06-22 15:00:00,229.0,229.0,229.0,229.0,51215.21378179,11728283.95602991
2026-06-22 15:15:00,229.0,229.0,229.0,229.0,13916.63166799,3186908.65196971
2026-06-22 15:30:00,230.0,230.0,229.0,229.0,1079.77315689,247347.8260847
2026-06-22 15:45:00,229.0,229.0,228.0,228.0,38513.28480931,8781391.15486328
2026-06-22 16:00:00,228.0,228.0,227.0,228.0,14775.61228069,3355681.70526047
2026-06-22 16:15:00,228.0,228.0,226.0,226.0,99429.72922947,22657035.7408908
2026-06-22 16:30:00,226.0,227.0,226.0,227.0,131217.31233448,29655553.11622684
2026-06-22 16:45:00,227.0,227.0,226.0,227.0,17362.72486413,3939005.66560368
2026-06-22 17:00:00,226.0,227.0,226.0,227.0,35126.32599087,7938572.67393662
2026-06-22 17:15:00,227.0,227.0,226.0,227.0,2057.8766296,466611.92776151
2026-06-22 17:30:00,226.0,226.0,226.0,226.0,41526.49297563,9384987.41249238
2026-06-22 17:45:00,227.0,227.0,227.0,227.0,2643.17180616,599999.99999832
2026-06-22 18:00:00,227.0,227.0,226.0,226.0,63900.88105944,14505063.52997862
2026-06-22 18:15:00,227.0,227.0,226.0,226.0,3626.59007428,821063.68605319
2026-06-22 18:30:00,226.0,227.0,226.0,227.0,13287.84398594,3014168.32400001
2026-06-22 18:45:00,227.0,227.0,227.0,227.0,221.06651982,50182.09999914
2026-06-22 19:00:00,226.0,227.0,225.0,227.0,23464.64645703,5304166.39964065
2026-06-22 19:15:00,226.0,226.0,225.0,226.0,84300.29340046,18996555.42419963
2026-06-22 19:30:00,226.0,226.0,226.0,226.0,7231.78021189,1634382.32788714
2026-06-22 19:45:00,226.0,226.0,226.0,226.0,20198.22322579,4564798.44902854
2026-06-22 20:00:00,227.0,227.0,226.0,227.0,16918.16764134,3830183.29399041
2026-06-22 20:15:00,227.0,227.0,226.0,227.0,240955.93849424,54696097.14930359
2026-06-22 20:30:00,227.0,227.0,227.0,227.0,18629.02610015,4228788.92473405
2026-06-22 20:45:00,227.0,227.0,227.0,227.0,6785.75270747,1540365.86459569
2026-06-22 21:00:00,227.0,228.0,227.0,228.0,233407.22730876,52983489.41678493
2026-06-22 21:15:00,228.0,228.0,227.0,228.0,412038.45140616,93939019.77960448
2026-06-22 21:30:00,228.0,228.0,226.0,227.0,148093.21444207,33617974.40201725
2026-06-22 21:45:00,228.0,228.0,227.0,227.0,74272.56994328,16932114.88979911
2026-06-22 22:00:00,227.0,227.0,227.0,227.0,1376.00746951,312353.69557877
2026-06-22 22:15:00,227.0,228.0,227.0,227.0,69509.85039913,15778956.43479138
2026-06-22 22:30:00,227.0,227.0,226.0,227.0,57041.20504542,12943925.64915524
2026-06-22 22:45:00,227.0,228.0,227.0,228.0,140995.05310041,32005942.98392677
2026-06-22 23:00:00,228.0,228.0,228.0,228.0,4769.21626905,1087381.3093434
2026-06-22 23:15:00,227.0,228.0,227.0,228.0,41378.62144829,9395140.05121797
2026-06-22 23:30:00,227.0,227.0,226.0,227.0,214368.15394431,48642929.26165535
2026-06-22 23:45:00,227.0,227.0,226.0,227.0,201248.36431644,45482328.61745376
2026-06-23 00:00:00,227.0,227.0,226.0,226.0,17156.44858613,3882097.82209478
2026-06-23 00:15:00,226.0,226.0,226.0,226.0,9000.0,2034000.0
2026-06-23 00:30:00,226.0,227.0,226.0,227.0,5176.99115044,1170176.99114988
2026-06-23 00:45:00,226.0,226.0,226.0,226.0,42216.59515777,9540950.50565602
2026-06-23 01:00:00,225.0,225.0,225.0,225.0,5216.1698925,1173638.2258125
2026-06-23 01:15:00,225.0,227.0,225.0,225.0,34573.94922784,7792182.4554724
2026-06-23 01:30:00,227.0,227.0,227.0,227.0,70.69603524,16047.99999948
2026-06-23 02:00:00,227.0,227.0,227.0,227.0,20973.57928965,4761002.49875055
2026-06-23 02:15:00,227.0,227.0,227.0,227.0,4400.9140804,999007.4962508
2026-06-23 02:30:00,227.0,227.0,227.0,227.0,88.10572686,19999.99999722
2026-06-23 02:45:00,227.0,227.0,227.0,227.0,4277.53303964,970999.99999828
2026-06-23 03:00:00,226.0,226.0,226.0,226.0,17552.47703659,3966859.81026934
2026-06-23 03:30:00,226.0,227.0,226.0,227.0,4536.86788989,1025362.14311514
2026-06-23 03:45:00,227.0,227.0,227.0,227.0,2202.6431718,499999.9999986
2026-06-23 04:00:00,227.0,227.0,227.0,227.0,44.05286343,9999.99999861
2026-06-23 05:00:00,226.0,226.0,226.0,226.0,188.308,42557.608
2026-06-23 05:15:00,227.0,227.0,227.0,227.0,21172.56003788,4806171.12859876
2026-06-23 05:45:00,228.0,228.0,228.0,228.0,30119.84555053,6867324.78552084
2026-06-23 06:00:00,227.0,227.0,227.0,227.0,26237.21491228,5955847.78508756
2026-06-23 06:15:00,227.0,227.0,227.0,227.0,8000.56269823,1816127.73249821
2026-06-23 06:30:00,228.0,228.0,228.0,228.0,1363.3,310832.4
2026-06-23 06:45:00,228.0,228.0,228.0,228.0,7107.435,1620495.18
2026-06-23 07:00:00,228.0,229.0,228.0,229.0,14029.5329284,3211534.14665701
2026-06-23 07:15:00,229.0,229.0,229.0,229.0,9488.72985891,2172919.13769039
2026-06-23 07:30:00,229.0,229.0,229.0,229.0,14760.68993864,3380197.99594856
2026-06-23 07:45:00,229.0,230.0,228.0,228.0,5929.93389522,1358003.73863188
2026-06-23 08:15:00,229.0,229.0,229.0,229.0,23661.67748871,5418524.14491459
2026-06-23 08:30:00,229.0,230.0,229.0,230.0,28988.68371336,6639276.94052217
2026-06-23 08:45:00,230.0,230.0,230.0,230.0,16770.75778868,3857274.2913964
2026-06-23 09:00:00,231.0,231.0,229.0,229.0,88411.56793775,20246604.49502028
2026-06-23 09:15:00,229.0,229.0,228.0,228.0,39635.98018798,9076565.00523797
2026-06-23 09:30:00,229.0,229.0,228.0,228.0,227282.09873723,51872696.2533488
2026-06-23 09:45:00,229.0,229.0,229.0,229.0,79894.95526226,18295944.75505754
2026-06-23 10:00:00,229.0,230.0,229.0,230.0,22746.07518611,5209068.60892353
2026-06-23 10:15:00,230.0,230.0,230.0,230.0,21089.76077177,4850644.9775071
2026-06-23 10:30:00,229.0,229.0,229.0,229.0,73978.14898019,16940996.11646351
2026-06-23 10:45:00,229.0,229.0,227.0,227.0,41091.92162059,9390615.98086057
2026-06-23 11:00:00,228.0,228.0,227.0,227.0,3150.57095547,715278.88989169
2026-06-23 11:15:00,227.0,235.0,227.0,233.0,3401125.44231008,790188270.5350231
2026-06-23 11:30:00,233.0,235.0,231.0,232.0,2060721.5420007,479790413.87696993
2026-06-23 11:45:00,231.0,235.0,231.0,234.0,1338897.08567243,312352661.8551496
2026-06-23 12:00:00,234.0,234.0,231.0,232.0,674918.1972494,157408968.67662624
2026-06-23 12:15:00,232.0,233.0,230.0,231.0,503949.26576052,116335242.740111
2026-06-23 12:30:00,231.0,233.0,230.0,232.0,540813.8600302,125229531.46708104
2026-06-23 12:45:00,232.0,233.0,231.0,232.0,341573.52816027,79230548.69011316
2026-06-23 13:00:00,231.0,233.0,231.0,233.0,662226.64915023,153453618.9147598
2026-06-23 13:15:00,232.0,234.0,232.0,233.0,340531.49529732,79363838.99673223
2026-06-23 13:30:00,233.0,234.0,233.0,234.0,482381.50873212,112624428.02346136
2026-06-23 13:45:00,234.0,235.0,233.0,234.0,883008.83468923,206653874.504322
2026-06-23 14:00:00,233.0,239.0,231.0,234.0,4960832.28405641,1171496597.6790879
2026-06-23 14:15:00,235.0,235.0,230.0,232.0,1045638.03116852,243135839.1499383
2026-06-23 14:30:00,233.0,233.0,228.0,228.0,884531.6157815,202898208.94437793
2026-06-23 14:45:00,228.0,228.0,226.0,227.0,309765.29918337,70510365.45728137
2026-06-23 15:00:00,227.0,228.0,224.0,225.0,413797.96964475,93264117.74886191
2026-06-23 15:15:00,224.0,225.0,221.0,221.0,1066700.25937276,237724862.0936042
2026-06-23 15:30:00,222.0,227.0,221.0,226.0,169851.20354912,37962093.5722235
2026-06-23 15:45:00,226.0,228.0,220.0,223.0,190475.23945601,42620638.07139007
2026-06-23 16:00:00,223.0,225.0,222.0,225.0,195815.33772664,43980890.92126965
2026-06-23 16:15:00,225.0,228.0,225.0,227.0,89968.24071868,20397650.75816672
2026-06-23 16:30:00,227.0,229.0,226.0,226.0,58942.85844425,13418293.15239189
2026-06-23 16:45:00,225.0,226.0,224.0,224.0,26693.60550265,6000712.43809625
2026-06-23 17:00:00,224.0,227.0,224.0,227.0,39561.53721503,8914141.79747876
2026-06-23 17:15:00,226.0,226.0,224.0,225.0,171436.68641382,38428153.81119695
2026-06-23 17:30:00,226.0,226.0,224.0,226.0,28626.80822852,6441169.68220819
2026-06-23 17:45:00,226.0,226.0,224.0,224.0,9338.36559754,2102444.67278678
2026-06-23 18:00:00,226.0,229.0,226.0,227.0,62038.9788143,14080718.96602781
2026-06-23 18:15:00,228.0,229.0,227.0,227.0,9066.91176227,2059359.53966211
2026-06-23 18:30:00,227.0,228.0,226.0,226.0,12515.79176708,2839031.00457532
2026-06-23 18:45:00,227.0,227.0,226.0,226.0,21044.71296973,4756431.1223484
2026-06-23 19:00:00,226.0,226.0,225.0,225.0,7248.10138034,1637541.51463541
2026-06-23 19:15:00,226.0,227.0,226.0,227.0,14777.27291963,3353663.59941843
2026-06-23 19:30:00,227.0,227.0,226.0,226.0,170535.07847759,38704100.65982581
2026-06-23 19:45:00,226.0,227.0,226.0,226.0,14795.83576015,3344161.91209693
2026-06-23 20:00:00,227.0,227.0,226.0,226.0,78825.41959303,17882035.74761781
2026-06-23 20:15:00,227.0,227.0,226.0,226.0,1639.65286343,370865.59999861
2026-06-23 20:30:00,227.0,227.0,227.0,227.0,17405.8787004,3951134.4649908
2026-06-23 20:45:00,227.0,228.0,226.0,228.0,145176.24744912,33094085.52166771
2026-06-23 21:00:00,229.0,230.0,228.0,228.0,118889.36639133,27156793.4352412
2026-06-23 21:15:00,229.0,230.0,227.0,227.0,168423.68988593,38529057.76168908
2026-06-23 21:30:00,228.0,229.0,228.0,228.0,79266.97257629,18079207.39788567
2026-06-23 21:45:00,228.0,229.0,227.0,227.0,134492.88704111,30657356.79738447
2026-06-23 22:00:00,228.0,228.0,228.0,228.0,135487.92118874,30891246.03103272
2026-06-23 22:15:00,229.0,229.0,228.0,228.0,164817.88162536,37595948.03591172
2026-06-23 22:30:00,228.0,229.0,227.0,228.0,71025.38189017,16189352.90550046
2026-06-23 22:45:00,229.0,230.0,228.0,229.0,110392.76968468,25282725.69257432
2026-06-23 23:00:00,229.0,230.0,228.0,229.0,38804.25216188,8885054.65866169
2026-06-23 23:15:00,229.0,229.0,228.0,228.0,8397.36451793,1922334.77460597
2026-06-23 23:30:00,228.0,229.0,227.0,227.0,70721.7630864,16072112.2328209
2026-06-23 23:45:00,227.0,227.0,227.0,227.0,4505.28634362,1022700.00000174
2026-06-24 00:00:00,227.0,228.0,227.0,227.0,35701.38307712,8105222.73043605
2026-06-24 00:15:00,227.0,228.0,227.0,227.0,10686.78983736,2426421.82667357
2026-06-24 00:30:00,228.0,229.0,227.0,228.0,38437.68891693,8779378.56197697
2026-06-24 00:45:00,228.0,229.0,228.0,229.0,39015.95731055,8934203.7736655
2026-06-24 01:00:00,228.0,229.0,228.0,228.0,1367.46812227,311826.39999983
2026-06-24 01:15:00,230.0,231.0,229.0,229.0,16013.63676592,3681294.79010886
2026-06-24 01:30:00,231.0,231.0,229.0,229.0,1089.4004329,250338.4999999
2026-06-24 01:45:00,230.0,231.0,229.0,229.0,22548.61845847,5186017.55872012
2026-06-24 02:00:00,230.0,230.0,229.0,229.0,3001.89004329,689732.81991341
2026-06-24 02:15:00,229.0,230.0,229.0,230.0,3073.56519977,704746.43074733
2026-06-24 02:30:00,231.0,232.0,230.0,230.0,229482.68811765,53085243.09040071
2026-06-24 02:45:00,230.0,231.0,230.0,230.0,19608.84041263,4512178.6724049
2026-06-24 03:15:00,230.0,230.0,229.0,229.0,8122.85795384,1862088.43620164
2026-06-24 03:30:00,231.0,231.0,229.0,229.0,4280.67,983436.7
2026-06-24 03:45:00,230.0,230.0,230.0,230.0,2771.1627,637367.421
2026-06-24 04:00:00,230.0,231.0,230.0,230.0,36688.11105267,8438308.83215739
2026-06-24 04:15:00,230.0,231.0,230.0,230.0,4678.74502164,1076132.99999884
2026-06-24 04:30:00,230.0,230.0,230.0,230.0,5318.52336529,1223260.3740167
2026-06-24 04:45:00,230.0,230.0,229.0,229.0,30929.25192282,7083254.55244639
2026-06-24 05:15:00,230.0,230.0,229.0,229.0,4881.71897529,1122136.5643167
2026-06-24 05:45:00,229.0,229.0,229.0,229.0,5778.29777777,1323230.19110933
2026-06-24 06:00:00,230.0,230.0,229.0,229.0,35452.69099953,8119100.8042184
2026-06-24 06:30:00,229.0,230.0,229.0,230.0,18628.82333633,4276000.54401957
2026-06-24 06:45:00,229.0,230.0,229.0,230.0,11902.47627634,2737534.67422586
2026-06-24 07:00:00,229.0,230.0,229.0,229.0,65698.77285045,15057018.98275305
2026-06-24 07:15:00,229.0,229.0,228.0,228.0,8617.90552363,1972177.56491127
2026-06-24 07:30:00,228.0,229.0,228.0,228.0,64981.37586489,14815857.43744108
2026-06-24 07:45:00,229.0,229.0,227.0,228.0,82091.10096527,18741544.51652112
2026-06-24 08:00:00,228.0,228.0,226.0,227.0,307021.77820481,69692542.10001929
2026-06-24 08:15:00,227.0,228.0,227.0,228.0,131723.68407057,30023595.89723908
2026-06-24 08:30:00,229.0,229.0,229.0,229.0,57002.38465045,13053546.08495305
2026-06-24 08:45:00,229.0,230.0,228.0,228.0,6315.66657712,1445971.97958336
2026-06-24 09:00:00,229.0,229.0,228.0,228.0,30661.43687908,6992622.03746025
2026-06-24 09:15:00,229.0,230.0,229.0,229.0,22541.39277534,5162719.82381372
2026-06-24 09:30:00,229.0,230.0,229.0,229.0,20924.19157295,4791672.54994411
2026-06-24 09:45:00,230.0,230.0,229.0,229.0,65.74752282,15088.86246434
2026-06-24 10:00:00,230.0,230.0,229.0,229.0,47939.66320882,10978661.13568933
2026-06-24 10:15:00,229.0,230.0,228.0,229.0,47950.83624883,10984175.23877225
2026-06-24 10:30:00,229.0,230.0,229.0,229.0,23538.7737756,5390479.1946124
2026-06-24 10:45:00,229.0,230.0,229.0,229.0,58183.02776895,13327913.35908955
2026-06-24 11:00:00,229.0,230.0,229.0,229.0,16459.0787788,3770426.90880227
2026-06-24 11:15:00,230.0,230.0,229.0,229.0,127838.28483507,29275184.61853537
2026-06-24 11:30:00,230.0,230.0,229.0,229.0,75651.97458116,17399296.7536668
2026-06-24 11:45:00,230.0,231.0,230.0,230.0,86263.88420965,19864816.3682195
2026-06-24 12:00:00,230.0,231.0,230.0,230.0,41134.63954537,9499702.75237177
2026-06-24 12:15:00,230.0,231.0,230.0,230.0,93619.82160035,21532812.03778296
2026-06-24 12:30:00,229.0,231.0,229.0,230.0,130719.6816211,30150169.94575461
2026-06-24 12:45:00,230.0,231.0,230.0,230.0,72874.85466807,16766897.98749921
2026-06-24 13:00:00,230.0,230.0,229.0,229.0,9696.5611976,2225997.53621604
2026-06-24 13:15:00,230.0,230.0,228.0,228.0,171629.64065589,39306403.17423641
2026-06-24 13:30:00,228.0,228.0,228.0,228.0,12006.68361471,2737523.86415388
2026-06-24 13:45:00,228.0,228.0,227.0,227.0,103436.74948223,23580723.97760063
2026-06-24 14:00:00,227.0,227.0,227.0,227.0,28718.7225572,6519150.0204844
2026-06-24 14:15:00,227.0,227.0,227.0,227.0,85437.07095937,19394215.10777699
2026-06-24 14:30:00,227.0,227.0,227.0,227.0,16918.32281351,3840459.27866677
2026-06-24 14:45:00,227.0,227.0,226.0,226.0,38175.83659138,8641736.94700544
2026-06-24 15:00:00,226.0,227.0,226.0,226.0,23009.99586884,5202994.06635784
2026-06-24 15:15:00,227.0,227.0,227.0,227.0,48901.72475013,11100691.51827951
2026-06-24 15:30:00,227.0,228.0,227.0,227.0,35154.53137038,7980122.48072538
2026-06-24 15:45:00,227.0,228.0,227.0,227.0,59125.10866653,13425785.63221459
2026-06-24 16:00:00,227.0,228.0,227.0,228.0,68414.59362789,15545627.56332049
2026-06-24 16:15:00,228.0,228.0,227.0,227.0,51731.21914931,11786904.80275695
2026-06-24 16:30:00,227.0,228.0,227.0,227.0,12192.79592221,2772628.97026388
2026-06-24 16:45:00,227.0,227.0,227.0,227.0,28464.78300215,6461505.74148805
2026-06-24 17:00:00,228.0,228.0,228.0,228.0,110936.61784423,25293548.86848444
2026-06-24 17:15:00,227.0,228.0,227.0,228.0,12311.16528302,2804634.51924554
2026-06-24 17:30:00,228.0,228.0,227.0,228.0,65135.406748,14850522.41807516
2026-06-24 17:45:00,227.0,228.0,227.0,228.0,49954.75677117,11382567.48399243
2026-06-24 18:00:00,228.0,229.0,228.0,229.0,8033.14693405,1832714.87214243
2026-06-24 18:15:00,229.0,229.0,228.0,229.0,4647.28207795,1062654.74380648
2026-06-24 18:30:00,228.0,228.0,228.0,228.0,6610.0,1507080.0
2026-06-24 18:45:00,228.0,229.0,228.0,228.0,197526.45443255,45037336.1376214
2026-06-24 19:00:00,229.0,229.0,229.0,229.0,8210.74478665,1880260.55614285
2026-06-24 19:15:00,229.0,229.0,229.0,229.0,33683.54473327,7713531.74391883
2026-06-24 19:30:00,229.0,229.0,229.0,229.0,2183.40611353,499999.99999837
2026-06-24 19:45:00,228.0,228.0,228.0,228.0,694.00670843,158233.52952204
2026-06-24 20:00:00,228.0,229.0,228.0,228.0,12835.19867928,2926556.30324265
2026-06-24 20:15:00,228.0,228.0,227.0,228.0,360903.6483465,81959710.09398931
2026-06-24 20:45:00,227.0,228.0,226.0,227.0,272900.65801282,61778236.07765704
2026-06-24 21:00:00,227.0,228.0,227.0,228.0,125634.67909106,28547802.65557062
2026-06-24 21:15:00,227.0,227.0,227.0,227.0,2216.14532289,503064.98829603
2026-06-24 21:30:00,228.0,228.0,228.0,228.0,6430.31796183,1466112.49529724
2026-06-24 21:45:00,227.0,228.0,227.0,228.0,11418.56895772,2593722.83640303
2026-06-24 22:00:00,226.0,227.0,226.0,226.0,100612.1645154,22784801.82707019
2026-06-24 22:15:00,226.0,227.0,226.0,227.0,71647.3292272,16195392.49785821
2026-06-24 22:30:00,226.0,228.0,226.0,226.0,105250.63686864,23803046.18521672
2026-06-24 22:45:00,226.0,228.0,226.0,228.0,248327.64843835,56413714.03788494
2026-06-24 23:00:00,227.0,228.0,227.0,227.0,519607.34249079,117987941.53477073
2026-06-24 23:15:00,227.0,227.0,227.0,227.0,25573.81613784,5805256.26328968
2026-06-24 23:30:00,227.0,227.0,226.0,227.0,37126.80975464,8427613.81430328
2026-06-24 23:45:00,227.0,228.0,227.0,227.0,30701.09329379,6976729.85109033
2026-06-25 00:00:00,228.0,228.0,227.0,228.0,83025.35304283,18911938.24257496
2026-06-25 00:15:00,227.0,229.0,227.0,229.0,100427.62594983,22892810.11724382
2026-06-25 00:30:00,228.0,228.0,228.0,228.0,54142.24448212,12344431.74192336
2026-06-25 00:45:00,228.0,229.0,228.0,228.0,56656.54663849,12924241.76021327
2026-06-25 01:00:00,228.0,229.0,227.0,229.0,64109.94823363,14660580.96613009
2026-06-25 01:15:00,229.0,230.0,229.0,230.0,22295.91623978,5106763.09673566
2026-06-25 01:30:00,230.0,230.0,229.0,229.0,12302.5,2817294.5
2026-06-25 01:45:00,228.0,229.0,228.0,228.0,32764.03998068,7477605.28909504
2026-06-25 02:00:00,228.0,230.0,228.0,229.0,393433.49502633,89791578.3513188
2026-06-25 02:15:00,229.0,230.0,227.0,227.0,318569.51225301,72819322.22621514
2026-06-25 02:30:00,227.0,228.0,227.0,228.0,102948.34188932,23371230.34693688
2026-06-25 02:45:00,228.0,228.0,227.0,227.0,108951.3,24739036.4
2026-06-25 03:00:00,228.0,228.0,228.0,228.0,11003.28947368,2508749.99999904
2026-06-25 03:15:00,228.0,228.0,227.0,228.0,78897.12922615,17986545.4635622
2026-06-25 03:30:00,228.0,228.0,228.0,228.0,10000.0,2280000.0
2026-06-25 03:45:00,229.0,229.0,228.0,228.0,12393.69751368,2827943.05541904
2026-06-25 04:00:00,228.0,230.0,228.0,230.0,18324.87487596,4199950.27539122
2026-06-25 04:15:00,230.0,231.0,230.0,231.0,14172.88333157,3261678.13085672
2026-06-25 04:30:00,231.0,231.0,230.0,230.0,10646.2949149,2448718.9386521
2026-06-25 04:45:00,231.0,231.0,231.0,231.0,10718.13963147,2475890.25486957
2026-06-25 05:00:00,230.0,230.0,229.0,230.0,64811.70039144,14897413.25856879
2026-06-25 05:15:00,230.0,230.0,229.0,229.0,19147.97617099,4397509.71538727
2026-06-25 05:30:00,229.0,229.0,229.0,229.0,3607.4364035,826102.9364015
2026-06-25 05:45:00,230.0,231.0,228.0,231.0,105856.38336878,24358799.08724338
2026-06-25 06:00:00,231.0,231.0,230.0,230.0,57518.56452851,13229443.00173046
2026-06-25 06:15:00,230.0,230.0,230.0,230.0,48753.43983125,11213291.1611875
2026-06-25 06:30:00,230.0,230.0,229.0,229.0,59539.59041931,13681348.82558176
2026-06-25 06:45:00,229.0,230.0,228.0,229.0,204195.96926267,46749443.06137501
2026-06-25 07:00:00,229.0,230.0,229.0,230.0,72419.85419631,16621165.28868892
2026-06-25 07:30:00,230.0,230.0,229.0,230.0,16534.30180802,3802811.78135508
2026-06-25 07:45:00,230.0,230.0,230.0,230.0,7264.62855528,1670864.5677144
2026-06-25 08:00:00,230.0,230.0,229.0,229.0,152772.87408039,34995629.69147186
2026-06-25 08:15:00,230.0,230.0,230.0,230.0,204691.30434781,47078999.9999963
2026-06-25 08:30:00,229.0,230.0,229.0,229.0,68752.04658371,15746818.66721365
2026-06-25 08:45:00,229.0,229.0,229.0,229.0,28849.55752212,6606548.67256548
2026-06-25 09:00:00,229.0,230.0,228.0,229.0,2643.33202867,607479.36644315
2026-06-25 09:15:00,230.0,230.0,230.0,230.0,152463.55713996,35066618.1421908
2026-06-25 09:30:00,230.0,231.0,230.0,230.0,158223.62097113,36391519.40344648
2026-06-25 09:45:00,230.0,230.0,230.0,230.0,226303.01926655,52049694.4313065
2026-06-25 10:00:00,230.0,230.0,228.0,230.0,208806.77201737,47814442.64061722
2026-06-25 10:15:00,229.0,230.0,229.0,230.0,78796.89517659,18057000.82213443
2026-06-25 10:30:00,230.0,231.0,230.0,231.0,106076.92539951,24397736.13193059
2026-06-25 10:45:00,231.0,231.0,229.0,230.0,21535.5777943,4932636.59402136
2026-06-25 11:00:00,230.0,230.0,230.0,230.0,48791.70943959,11222093.1711057
2026-06-25 11:15:00,231.0,232.0,231.0,231.0,128935.29749798,29785562.3417409
2026-06-25 11:30:00,231.0,233.0,231.0,232.0,56396.90543461,13082682.63414132
2026-06-25 11:45:00,233.0,233.0,232.0,232.0,47461.71475804,11015245.58404342
2026-06-25 12:00:00,232.0,232.0,232.0,232.0,40986.75226158,9508926.52468656
2026-06-25 12:15:00,232.0,232.0,232.0,232.0,19548.72286812,4535303.70540384
2026-06-25 12:30:00,231.0,231.0,229.0,231.0,57310.25902574,13194389.21396879
2026-06-25 12:45:00,231.0,231.0,229.0,229.0,96629.16978204,22268827.35168534
2026-06-25 13:00:00,229.0,229.0,229.0,229.0,24624.12792954,5638925.29586466
2026-06-25 13:15:00,229.0,231.0,229.0,231.0,16615.84208624,3808037.90309855
2026-06-25 13:30:00,230.0,230.0,230.0,230.0,156626.24990047,36024037.4771081
2026-06-25 13:45:00,230.0,231.0,230.0,231.0,56067.20090647,12951061.58296665
2026-06-25 14:00:00,231.0,232.0,230.0,230.0,62325.86826535,14389695.70129432
2026-06-25 14:15:00,230.0,231.0,230.0,230.0,160107.39193879,36827917.78661433
2026-06-25 14:30:00,230.0,231.0,230.0,231.0,56167.99477618,12964271.79154869
2026-06-25 14:45:00,231.0,231.0,231.0,231.0,190830.21716197,44081780.16441507
2026-06-25 15:00:00,231.0,231.0,230.0,231.0,92682.58210776,21409543.19089256
2026-06-25 15:15:00,231.0,231.0,230.0,231.0,99054.94982388,22875766.11211628
2026-06-25 15:30:00,230.0,230.0,230.0,230.0,177200.82811411,40756190.4662453
2026-06-25 15:45:00,229.0,229.0,229.0,229.0,436.68122271,100000.00000059
2026-06-25 16:00:00,229.0,231.0,229.0,230.0,51945.69502548,11939590.05151994
2026-06-25 16:15:00,230.0,230.0,229.0,229.0,47710.6648681,10925829.21131663
2026-06-25 16:30:00,229.0,229.0,229.0,229.0,9283.62445415,2125950.00000035
2026-06-25 16:45:00,229.0,229.0,229.0,229.0,4437.83663723,1016264.58992567
2026-06-25 17:00:00,230.0,231.0,230.0,231.0,9092.78402597,2094633.10999907
2026-06-25 17:15:00,230.0,231.0,230.0,231.0,60505.55947529,13919580.4583167
2026-06-25 17:30:00,231.0,231.0,230.0,230.0,42972.79496674,9883888.74494759
2026-06-25 18:00:00,230.0,230.0,230.0,230.0,4967.97253545,1142633.6831535
2026-06-25 18:15:00,230.0,231.0,230.0,231.0,68179.48575317,15737571.90714147
2026-06-25 18:30:00,230.0,230.0,229.0,230.0,75565.96013268,17377902.74842862
2026-06-25 18:45:00,230.0,231.0,230.0,230.0,151770.7186317,34913307.285291
2026-06-25 19:00:00,230.0,231.0,230.0,230.0,89008.64348869,20472117.87252857
2026-06-25 19:15:00,230.0,231.0,230.0,230.0,2792.18762957,644691.70922518
2026-06-25 19:30:00,230.0,230.0,229.0,230.0,26864.40160093,6178780.82925287
2026-06-25 19:45:00,230.0,230.0,229.0,229.0,50120.82218004,11498668.27922916
2026-06-25 20:00:00,229.0,230.0,229.0,230.0,21357.35527573,4911143.36946283
2026-06-25 20:15:00,231.0,231.0,230.0,230.0,31159.96867986,7174935.98884081
2026-06-25 20:30:00,230.0,231.0,230.0,231.0,141714.88222792,32726586.60880647
2026-06-25 20:45:00,231.0,232.0,231.0,231.0,33469.16912901,7732820.25423783
2026-06-25 21:00:00,232.0,232.0,231.0,232.0,206234.68020149,47846333.00788585
2026-06-25 21:15:00,231.0,231.0,231.0,231.0,87899.933859,20304884.721429
2026-06-25 21:30:00,232.0,233.0,231.0,232.0,88999.17987228,20646021.48144192
2026-06-25 21:45:00,233.0,233.0,233.0,233.0,25849.78534765,6022999.98600245
2026-06-25 22:00:00,233.0,233.0,232.0,232.0,29430.42051633,6830035.47083303
2026-06-25 22:15:00,232.0,233.0,231.0,231.0,581913.17789897,134608965.1080591
2026-06-25 22:30:00,231.0,231.0,229.0,229.0,108232.40578763,24911867.58751697
2026-06-25 22:45:00,229.0,229.0,225.0,225.0,436235.17061402,98919736.29497431
2026-06-25 23:00:00,225.0,229.0,225.0,227.0,801127.7452546,182346273.23854077
2026-06-25 23:15:00,227.0,228.0,226.0,227.0,303135.91945651,68809158.34939002
2026-06-25 23:30:00,227.0,229.0,226.0,228.0,64770.77581908,14738279.15317579
2026-06-25 23:45:00,227.0,227.0,227.0,227.0,142190.04889865,32277141.09999355
2026-06-26 00:00:00,226.0,226.0,225.0,226.0,309812.26396837,69808913.56114015
2026-06-26 00:15:00,226.0,227.0,226.0,227.0,44419.02510442,10040669.58510334
2026-06-26 00:30:00,227.0,228.0,226.0,228.0,175847.52542,39880977.63777925
2026-06-26 00:45:00,228.0,230.0,228.0,230.0,37585.84811777,8599786.39627025
2026-06-26 01:00:00,229.0,230.0,229.0,230.0,47701.90640221,10923958.50031661
2026-06-26 01:15:00,230.0,230.0,229.0,229.0,102021.58152765,23464937.66440298
2026-06-26 01:30:00,229.0,229.0,229.0,229.0,900.0,206100.0
2026-06-26 01:45:00,229.0,230.0,228.0,230.0,168568.06872562,38591638.91535427
2026-06-26 02:00:00,230.0,230.0,230.0,230.0,72809.52696452,16746191.2018396
2026-06-26 02:15:00,230.0,230.0,230.0,230.0,37496.0368242,8624088.469566
2026-06-26 02:30:00,230.0,230.0,230.0,230.0,24415.43957655,5615551.1026065
2026-06-26 02:45:00,231.0,231.0,230.0,230.0,1197.72702135,276207.14564643
2026-06-26 03:30:00,230.0,230.0,230.0,230.0,634.78260869,145999.9999987
2026-06-26 03:45:00,229.0,229.0,229.0,229.0,6565.8946,1503589.8634
2026-06-26 04:00:00,229.0,229.0,229.0,229.0,879.45607879,201395.44204291
2026-06-26 04:15:00,228.0,228.0,226.0,226.0,142391.72684449,32372894.18734522
2026-06-26 04:30:00,226.0,226.0,225.0,226.0,34876.07389091,7868243.09154566
2026-06-26 04:45:00,225.0,225.0,224.0,225.0,191041.48574968,42924799.06134611
2026-06-26 05:00:00,224.0,224.0,224.0,224.0,65591.31900492,14692455.45710208
2026-06-26 05:15:00,225.0,226.0,225.0,226.0,10261.30475155,2308993.56809875
2026-06-26 05:45:00,226.0,226.0,225.0,225.0,28869.77494106,6497909.53983529
2026-06-26 06:00:00,225.0,225.0,225.0,225.0,7000.0,1575000.0
2026-06-26 06:15:00,225.0,226.0,224.0,225.0,228621.17042793,51456218.50456104
2026-06-26 06:30:00,226.0,227.0,226.0,227.0,15966.98754612,3609570.79142312
2026-06-26 06:45:00,227.0,227.0,227.0,227.0,54508.61370613,12373455.31129151
2026-06-26 07:00:00,228.0,229.0,227.0,228.0,66160.56937376,15039946.59462814
2026-06-26 07:15:00,227.0,228.0,226.0,227.0,10772.33676667,2436704.0800892
2026-06-26 07:30:00,227.0,227.0,227.0,227.0,40247.7044435,9136228.9086745
2026-06-26 08:00:00,227.0,227.0,227.0,227.0,4405.28634362,1000000.00000174
2026-06-26 08:15:00,227.0,228.0,227.0,228.0,322.61809431,73316.94476417
2026-06-26 08:30:00,227.0,227.0,227.0,227.0,34.0,7718.0
2026-06-26 08:45:00,227.0,227.0,227.0,227.0,8810.57268722,1999999.99999894
2026-06-26 09:00:00,227.0,228.0,227.0,228.0,30539.6083032,6962968.0461326
2026-06-26 09:15:00,228.0,228.0,227.0,227.0,44936.84286975,10201740.52518019
2026-06-26 09:30:00,229.0,229.0,228.0,229.0,75323.96504232,17247330.47504063
2026-06-26 09:45:00,229.0,229.0,229.0,229.0,5015.85152838,1148629.99999902
2026-06-26 10:00:00,229.0,229.0,228.0,228.0,45429.05872885,10401515.35742125
2026-06-26 10:15:00,228.0,229.0,227.0,227.0,161504.3065338,36757387.23765052
2026-06-26 10:30:00,227.0,227.0,227.0,227.0,500.0,113500.0
2026-06-26 10:45:00,226.0,227.0,226.0,226.0,54262.37716996,12263319.29327439
2026-06-26 11:00:00,226.0,226.0,225.0,225.0,37375.09459241,8414813.21249578
2026-06-26 11:15:00,224.0,226.0,224.0,225.0,121018.29334316,27154430.29400133
2026-06-26 11:30:00,225.0,226.0,224.0,225.0,81719.05913324,18337938.74491432
2026-06-26 11:45:00,225.0,225.0,225.0,225.0,29160.89510799,6561201.39929775
2026-06-26 12:00:00,224.0,225.0,224.0,225.0,139269.8686512,31223100.37329933
2026-06-26 12:15:00,225.0,225.0,225.0,225.0,9761.43089933,2196321.95234925
2026-06-26 12:30:00,225.0,225.0,225.0,225.0,15097.61956665,3396964.40249625
2026-06-26 12:45:00,226.0,226.0,224.0,225.0,22873.248,5156419.8
2026-06-26 13:00:00,224.0,225.0,223.0,224.0,72315.91881099,16195159.58641009
2026-06-26 13:15:00,223.0,225.0,223.0,224.0,7599.93647295,1699106.0190777
2026-06-26 13:30:00,223.0,224.0,223.0,224.0,9974.96685996,2233956.10531675
2026-06-26 13:45:00,224.0,224.0,223.0,224.0,23460.66363976,5245943.05823509
2026-06-26 14:00:00,224.0,224.0,224.0,224.0,5000.0,1120000.0
2026-06-26 14:15:00,224.0,224.0,224.0,224.0,9407.63655638,2107310.58862912
2026-06-26 14:30:00,224.0,224.0,224.0,224.0,84537.20500286,18936333.92064064
2026-06-26 14:45:00,223.0,224.0,223.0,224.0,35528.65866842,7946812.39886893
2026-06-26 15:00:00,223.0,224.0,223.0,224.0,72186.1827913,16144015.34263407
2026-06-26 15:15:00,223.0,224.0,223.0,224.0,128736.30136053,28760153.61068103
2026-06-26 15:30:00,224.0,225.0,224.0,225.0,141642.89489037,31842876.50723512
2026-06-26 15:45:00,225.0,226.0,225.0,226.0,12700.54310456,2857650.95958794
2026-06-26 16:00:00,226.0,227.0,226.0,226.0,236810.03195535,53519549.43665262
2026-06-26 16:15:00,227.0,227.0,226.0,226.0,83335.99717323,18849560.65863338
2026-06-26 16:30:00,227.0,227.0,227.0,227.0,21341.01315692,4844409.98662084
2026-06-26 16:45:00,227.0,227.0,226.0,227.0,46223.09124858,10489104.39763819
2026-06-26 17:00:00,227.0,228.0,227.0,227.0,31232.86210526,7090104.91491862
2026-06-26 17:15:00,227.0,228.0,227.0,228.0,75027.90480251,17053482.15981888
2026-06-26 17:30:00,228.0,228.0,228.0,228.0,71771.75885741,16363961.01948948
2026-06-26 17:45:00,228.0,228.0,227.0,227.0,16571.50424786,3775222.96851208
2026-06-26 18:00:00,227.0,227.0,227.0,227.0,123364.13047211,28003657.61716897
2026-06-26 18:15:00,227.0,227.0,227.0,227.0,7.34090855,1666.38624085
2026-06-26 18:30:00,227.0,227.0,227.0,227.0,13639.92897991,3096263.87843957
2026-06-26 18:45:00,227.0,227.0,227.0,227.0,903.61696024,205121.04997448
2026-06-26 19:00:00,227.0,227.0,226.0,226.0,11629.091,2629803.657
2026-06-26 19:15:00,226.0,226.0,225.0,226.0,36284.90121096,8198266.06545274
2026-06-26 19:30:00,225.0,226.0,225.0,226.0,47652.17951387,10754800.35005581
2026-06-26 19:45:00,226.0,226.0,225.0,225.0,10537.45212435,2378341.31757875
2026-06-26 20:00:00,225.0,226.0,225.0,225.0,22388.99414792,5037699.89473574
2026-06-26 20:15:00,226.0,226.0,225.0,225.0,30656.41358222,6928322.68386744
2026-06-26 20:30:00,225.0,226.0,225.0,226.0,9400.00820199,2115460.65498903
2026-06-26 20:45:00,226.0,226.0,226.0,226.0,5373.81656283,1214482.54319958
2026-06-26 21:00:00,226.0,226.0,225.0,226.0,52319.67724727,11773958.38063575
2026-06-26 21:15:00,226.0,227.0,226.0,227.0,33022.90426696,7463393.7556373
2026-06-26 21:30:00,226.0,226.0,225.0,226.0,142724.13436815,32127430.58902733
2026-06-26 21:45:00,226.0,226.0,226.0,226.0,42413.16012676,9585374.18864776
2026-06-26 22:00:00,226.0,227.0,225.0,227.0,36995.10056889,8363981.3888282
2026-06-26 22:15:00,227.0,227.0,225.0,226.0,48370.11804797,10910683.96850586
2026-06-26 22:30:00,226.0,226.0,225.0,226.0,59151.3248,13366199.4048
2026-06-26 22:45:00,225.0,227.0,225.0,227.0,44237.94659306,10001570.87662462
2026-06-26 23:00:00,226.0,227.0,226.0,227.0,68879.51130787,15573734.46957862
2026-06-26 23:15:00,227.0,227.0,226.0,227.0,32115.37262657,7281463.175894
2026-06-26 23:30:00,227.0,227.0,227.0,227.0,12281.325,2787860.775
2026-06-26 23:45:00,227.0,227.0,227.0,227.0,141906.81311326,32212846.57671002
2026-06-27 00:00:00,227.0,227.0,226.0,226.0,246383.38954094,55690924.13068539
2026-06-27 00:15:00,226.0,228.0,226.0,228.0,7478.78409391,1697611.8840544
2026-06-27 00:30:00,228.0,228.0,228.0,228.0,200.0,45600.0
2026-06-27 00:45:00,228.0,228.0,228.0,228.0,22621.0986842,5157610.4999976
2026-06-27 01:00:00,228.0,228.0,227.0,227.0,259024.44763901,58868977.73445527
2026-06-27 01:15:00,227.0,227.0,227.0,227.0,87192.148534,19792617.717218
2026-06-27 01:30:00,227.0,228.0,227.0,227.0,41831.71215557,9533130.37065169
2026-06-27 02:00:00,228.0,228.0,228.0,228.0,21513.63260007,4905108.23281596
2026-06-27 02:15:00,228.0,228.0,228.0,228.0,37000.0,8436000.0
2026-06-27 02:30:00,228.0,228.0,227.0,227.0,25559.759,5812065.293
2026-06-27 03:00:00,227.0,227.0,226.0,227.0,298434.9807475,67724740.6296825
2026-06-27 03:15:00,227.0,227.0,227.0,227.0,44135.84801211,10018837.49874897
2026-06-27 03:30:00,227.0,227.0,227.0,227.0,300.0,68100.0
2026-06-27 04:00:00,227.0,227.0,226.0,226.0,7387.16166694,1673192.11756191
2026-06-27 04:30:00,228.0,228.0,228.0,228.0,638.59649123,145600.00000044
2026-06-27 04:45:00,229.0,231.0,229.0,230.0,99645.11427425,22837657.83909807
2026-06-27 05:15:00,231.0,232.0,231.0,231.0,2548.85049156,588827.56699863
2026-06-27 05:30:00,231.0,231.0,231.0,231.0,21.64502164,4999.99999884
2026-06-27 06:00:00,230.0,230.0,230.0,230.0,4347.82608696,1000000.0000008
2026-06-27 06:45:00,231.0,231.0,231.0,231.0,6227.88240163,1438640.83477653
2026-06-27 07:00:00,230.0,230.0,230.0,230.0,46365.27285502,10664012.7566546
2026-06-27 07:15:00,230.0,230.0,230.0,230.0,5081.35280185,1168711.1444255
2026-06-27 07:30:00,230.0,230.0,230.0,230.0,2612.39565217,600850.9999991
2026-06-27 07:45:00,230.0,230.0,230.0,230.0,10512.69869565,2417920.6999995
2026-06-27 08:00:00,230.0,230.0,229.0,230.0,146432.56735493,33546461.12045705
2026-06-27 08:15:00,229.0,229.0,229.0,229.0,98111.67481827,22467573.53338383
2026-06-27 08:30:00,229.0,230.0,229.0,230.0,120508.85970324,27600163.67204196
2026-06-27 08:45:00,230.0,230.0,230.0,230.0,20611.68329377,4740687.1575671
2026-06-27 09:00:00,230.0,232.0,230.0,232.0,136251.87685268,31551676.86564552
2026-06-27 09:15:00,231.0,232.0,231.0,232.0,16244.40366023,3757925.78710439
2026-06-27 09:30:00,232.0,232.0,230.0,231.0,62330.53287315,14365983.46608268
2026-06-27 09:45:00,230.0,230.0,230.0,230.0,6466.73162668,1487348.2741364
2026-06-27 10:00:00,231.0,231.0,231.0,231.0,32660.56971514,7544591.60419734
2026-06-27 10:15:00,231.0,231.0,231.0,231.0,9561.41048144,2208685.82121264
2026-06-27 10:30:00,231.0,232.0,231.0,231.0,11766.86069897,2718360.33870344
2026-06-27 10:45:00,231.0,231.0,230.0,230.0,19747.00772395,4560158.78423245
2026-06-27 11:00:00,231.0,231.0,230.0,230.0,185746.34663484,42731251.6153132
2026-06-27 11:15:00,231.0,231.0,230.0,231.0,48115.7829006,11101889.71982631
2026-06-27 11:30:00,231.0,231.0,231.0,231.0,57882.3290015,13370817.9993465
2026-06-27 11:45:00,231.0,232.0,231.0,231.0,83419.43427008,19283910.80356026
2026-06-27 12:00:00,231.0,232.0,231.0,232.0,26123.75440703,6060598.12655491
2026-06-27 12:15:00,232.0,232.0,229.0,229.0,42967.7506743,9906728.98287503
2026-06-27 12:30:00,230.0,230.0,228.0,228.0,32266.41371246,7364414.32644088
2026-06-27 12:45:00,228.0,228.0,228.0,228.0,1555.25142317,354597.32448276
2026-06-27 13:00:00,229.0,229.0,229.0,229.0,2616.82924805,599253.89780345
2026-06-27 13:15:00,229.0,230.0,229.0,230.0,2575.83913043,591442.9999989
2026-06-27 13:30:00,230.0,230.0,229.0,230.0,4585.8858369,1053984.6566501
2026-06-27 13:45:00,229.0,230.0,229.0,230.0,665.51760122,152936.22085602
2026-06-27 14:00:00,230.0,231.0,230.0,230.0,19137.18466896,4404052.4738608
2026-06-27 14:45:00,230.0,230.0,230.0,230.0,2720.56200434,625729.2609982
2026-06-27 15:15:00,230.0,231.0,230.0,231.0,2752.88823898,633233.54599829
2026-06-27 15:45:00,229.0,230.0,229.0,230.0,210507.07946247,48214880.16890563
2026-06-27 16:00:00,229.0,229.0,229.0,229.0,201748.10746247,46200316.60890563
2026-06-27 16:30:00,229.0,229.0,228.0,229.0,220969.60195113,50401174.85709565
2026-06-27 16:45:00,228.0,228.0,228.0,228.0,2642.45988593,602480.85399204
2026-06-27 17:00:00,229.0,229.0,229.0,229.0,32205.90236115,7375151.64070335
2026-06-27 17:15:00,229.0,229.0,229.0,229.0,407.13417615,93233.72633835
2026-06-27 17:45:00,229.0,230.0,229.0,229.0,49293.59692468,11289820.81523544
2026-06-27 18:00:00,229.0,229.0,229.0,229.0,4366.81222707,999999.99999903
2026-06-27 18:15:00,229.0,230.0,229.0,230.0,18307.83080073,4192536.73162803
2026-06-27 18:30:00,230.0,230.0,230.0,230.0,1146.68260869,263736.9999987
2026-06-27 18:45:00,229.0,229.0,229.0,229.0,181011.53589871,41451641.72080459
2026-06-27 19:00:00,229.0,229.0,229.0,229.0,56250.0,12881250.0
2026-06-27 19:15:00,229.0,229.0,229.0,229.0,36684.49121628,8400748.48852812
2026-06-27 19:30:00,228.0,228.0,228.0,228.0,964.9122807,219999.9999996
2026-06-27 19:45:00,228.0,230.0,228.0,230.0,50871.20140921,11649465.5538134
2026-06-27 20:00:00,230.0,230.0,229.0,229.0,44822.35538818,10284142.56270797
2026-06-27 20:15:00,228.0,228.0,228.0,228.0,6544.5704065,1492162.052682
2026-06-27 20:30:00,228.0,228.0,228.0,228.0,13157.89473685,3000000.0000018
2026-06-27 20:45:00,229.0,230.0,228.0,230.0,490262.77650648,112259999.99999917
2026-06-27 21:00:00,229.0,230.0,229.0,230.0,5717.70975702,1309921.2441146
2026-06-27 21:15:00,230.0,230.0,230.0,230.0,603.09759282,138712.4463486
2026-06-27 21:30:00,230.0,230.0,229.0,230.0,32282.43269667,7422881.88948427
2026-06-27 21:45:00,229.0,229.0,229.0,229.0,20000.0,4580000.0
2026-06-27 22:00:00,230.0,230.0,230.0,230.0,26.08695652,5999.9999996
2026-06-27 22:15:00,230.0,230.0,229.0,229.0,13348.6801825,3064014.24005336
2026-06-27 22:30:00,230.0,230.0,230.0,230.0,2173.91304347,499999.9999981
2026-06-27 22:45:00,230.0,230.0,230.0,230.0,456.15287601,104915.1614823
2026-06-27 23:00:00,229.0,229.0,228.0,229.0,7968.35777463,1824723.24322027
2026-06-27 23:15:00,229.0,229.0,229.0,229.0,347.063,79477.427
2026-06-27 23:30:00,229.0,230.0,229.0,230.0,43.47832044,10000.01364162
2026-06-27 23:45:00,229.0,229.0,229.0,229.0,43.59881462,9984.12854798
2026-06-28 00:00:00,229.0,230.0,229.0,229.0,41304.59874864,9475068.51313856
2026-06-28 00:15:00,230.0,230.0,229.0,229.0,141632.88170912,32526898.71356238
2026-06-28 00:30:00,230.0,230.0,230.0,230.0,139828.76632121,32160616.2538783
2026-06-28 00:45:00,231.0,231.0,231.0,231.0,854.9004329,197481.9999999
2026-06-28 01:00:00,230.0,230.0,230.0,230.0,100.0,23000.0
2026-06-28 01:15:00,230.0,230.0,230.0,230.0,10225.83829045,2351942.8068035
2026-06-28 01:30:00,230.0,230.0,230.0,230.0,8583.19111784,1974133.9571032
2026-06-28 01:45:00,230.0,230.0,230.0,230.0,19116.10659296,4396704.5163808
2026-06-28 02:00:00,230.0,230.0,230.0,230.0,103651.96248963,23839951.3726149
2026-06-28 02:15:00,230.0,230.0,230.0,230.0,1365.0,313950.0
2026-06-28 02:30:00,230.0,230.0,230.0,230.0,24122.80701754,5548245.6140342
2026-06-28 02:45:00,231.0,231.0,230.0,230.0,30038.61895974,6914828.10099994
2026-06-28 03:00:00,230.0,230.0,230.0,230.0,12916.94278064,2970896.8395472
2026-06-28 03:15:00,230.0,230.0,230.0,230.0,35844.04170017,8244129.5910391
2026-06-28 04:00:00,230.0,231.0,230.0,231.0,136671.67789466,31569404.14867855
2026-06-28 04:15:00,231.0,231.0,231.0,231.0,129231.71030397,29852525.08021707
2026-06-28 04:30:00,231.0,231.0,230.0,230.0,11922.05945064,2749597.25904064
2026-06-28 04:45:00,231.0,231.0,231.0,231.0,48375.56351368,11174755.17166008
2026-06-28 05:00:00,230.0,232.0,230.0,232.0,41460.322328,9535925.85957792
2026-06-28 05:15:00,232.0,232.0,232.0,232.0,206.89655168,47999.99998976
2026-06-28 05:30:00,232.0,232.0,231.0,232.0,12877.47742331,2987548.95808584
2026-06-28 05:45:00,232.0,232.0,232.0,232.0,2779.31034478,644799.99998896
2026-06-28 06:00:00,231.0,233.0,231.0,233.0,10748.75338507,2493115.73575816
2026-06-28 06:15:00,233.0,233.0,231.0,233.0,688.46472404,159447.3684206
2026-06-28 06:30:00,233.0,233.0,233.0,233.0,38986.14812763,9083772.51373779
2026-06-28 06:45:00,233.0,233.0,233.0,233.0,5718.08516341,1332313.84307453
2026-06-28 07:00:00,233.0,233.0,232.0,233.0,23149.88798281,5373923.89999473
2026-06-28 07:15:00,233.0,233.0,231.0,233.0,43119.3821865,9998697.78624646
2026-06-28 07:45:00,232.0,232.0,232.0,232.0,147123.0,34132536.0
2026-06-28 08:00:00,233.0,233.0,233.0,233.0,57371.64759967,13367593.89072311
2026-06-28 08:15:00,233.0,233.0,233.0,233.0,2121.21030042,494241.99999786
2026-06-28 08:30:00,232.0,233.0,232.0,233.0,8181.03000633,1899441.96146856
2026-06-28 08:45:00,233.0,233.0,232.0,232.0,13565.3176141,3147961.6864712
2026-06-28 09:00:00,233.0,236.0,233.0,235.0,124623.03672398,29141144.34204255
2026-06-28 09:15:00,235.0,235.0,234.0,235.0,90066.59866104,21165452.52047493
2026-06-28 09:30:00,236.0,236.0,235.0,236.0,6854.41894443,1615382.70102235
2026-06-28 09:45:00,235.0,235.0,235.0,235.0,14488.36663433,3404766.15906755
2026-06-28 10:00:00,235.0,235.0,234.0,234.0,2191.8522197,514799.80154403
2026-06-28 10:15:00,234.0,234.0,232.0,234.0,54501.54405685,12711913.47892126
2026-06-28 10:30:00,232.0,233.0,232.0,233.0,12176.17157596,2824921.80562272
2026-06-28 10:45:00,232.0,233.0,232.0,233.0,46896.47953624,10884989.98416732
2026-06-28 11:00:00,233.0,233.0,232.0,233.0,42979.34540345,9977560.11886418
2026-06-28 11:15:00,233.0,234.0,233.0,233.0,3552.7393352,827838.2651016
2026-06-28 11:30:00,233.0,233.0,232.0,233.0,5337.37057865,1239296.99999787
2026-06-28 11:45:00,232.0,233.0,231.0,232.0,25698.55149517,5941246.75122046
2026-06-28 12:30:00,232.0,232.0,232.0,232.0,10472.0,2429504.0
2026-06-28 12:45:00,232.0,232.0,231.0,232.0,120.19164098,27856.59811736
2026-06-28 13:00:00,232.0,232.0,232.0,232.0,11481.0,2663592.0
2026-06-28 13:15:00,231.0,232.0,231.0,232.0,14997.51369109,3478599.71252831
2026-06-28 13:30:00,232.0,232.0,232.0,232.0,5327.50627122,1235981.45492304
2026-06-28 13:45:00,232.0,232.0,231.0,231.0,7042.29633301,1628558.82167197
2026-06-28 14:00:00,231.0,232.0,231.0,232.0,57537.0,13298579.0
2026-06-28 14:15:00,231.0,231.0,230.0,230.0,155102.93179401,35809427.33541465
2026-06-28 14:30:00,231.0,231.0,231.0,231.0,5872.75400427,1356606.17498637
2026-06-28 14:45:00,232.0,232.0,232.0,232.0,156.0,36192.0
2026-06-28 15:00:00,232.0,232.0,232.0,232.0,2151.5092,499150.1344
2026-06-28 15:15:00,232.0,233.0,232.0,233.0,77710.71463416,18034268.38412512
2026-06-28 15:30:00,233.0,233.0,233.0,233.0,31233.54630945,7277416.29010185
2026-06-28 15:45:00,233.0,233.0,232.0,232.0,15767.77635324,3658341.37711497
2026-06-28 16:00:00,232.0,232.0,232.0,232.0,13988.84914256,3245413.00107392
2026-06-28 16:15:00,233.0,233.0,233.0,233.0,1072.96137339,249999.99999987
2026-06-28 16:30:00,233.0,233.0,233.0,233.0,6560.8218884,1528671.4999972
2026-06-28 16:45:00,233.0,233.0,233.0,233.0,4291.84549356,999999.99999948
2026-06-28 17:00:00,232.0,232.0,232.0,232.0,23255.17241379,5395199.99999928
2026-06-28 17:15:00,233.0,233.0,233.0,233.0,4289.70064324,999500.24987492
2026-06-28 17:30:00,233.0,233.0,232.0,232.0,2112.88785208,490264.04936413
2026-06-28 17:45:00,232.0,232.0,232.0,232.0,4700.0,1090400.0
2026-06-28 18:00:00,233.0,233.0,233.0,233.0,42.91845493,9999.99999869
2026-06-28 18:15:00,232.0,232.0,232.0,232.0,42.91845493,9957.08154376
2026-06-28 18:30:00,232.0,232.0,232.0,232.0,24692.95649805,5728765.9075476
2026-06-28 18:45:00,232.0,233.0,232.0,232.0,2736.51829582,635000.99999504
2026-06-28 19:00:00,231.0,232.0,231.0,232.0,8027.71417025,1861429.687498
2026-06-28 19:15:00,232.0,232.0,232.0,232.0,574.901,133377.032
2026-06-28 19:30:00,232.0,232.0,232.0,232.0,517.24137931,119999.99999992
2026-06-28 19:45:00,231.0,231.0,231.0,231.0,43.66812227,10087.33624437
2026-06-28 20:00:00,231.0,231.0,231.0,231.0,9598.20966709,2217186.43309779
2026-06-28 20:15:00,231.0,232.0,231.0,232.0,31169.87465523,7200284.1488064
2026-06-28 20:45:00,232.0,232.0,232.0,232.0,20058.04425373,4653466.26686536
2026-06-28 21:00:00,231.0,231.0,231.0,231.0,22.030837,5089.123347
2026-06-28 21:15:00,231.0,231.0,230.0,230.0,45163.16447534,10390776.39205981
2026-06-28 21:30:00,231.0,231.0,231.0,231.0,201.29870129,46499.99999799
2026-06-28 21:45:00,231.0,231.0,231.0,231.0,62222.2222222,14373333.3333282
2026-06-28 22:00:00,230.0,230.0,230.0,230.0,19498.81494914,4484727.4383022
2026-06-28 22:15:00,230.0,230.0,230.0,230.0,27636.96274944,6356501.4323712
2026-06-28 22:30:00,230.0,231.0,230.0,230.0,11234.90776207,2584050.86319817
2026-06-28 22:45:00,230.0,230.0,230.0,230.0,117854.2652293,27106481.002739
