,open,high,low,close,volume,value
2026-05-11 18:00:00,123.0,124.0,123.0,124.0,894.06209022,110010.00000028
2026-05-11 18:15:00,124.0,124.0,123.0,124.0,538.41292897,66587.73381169
2026-05-11 18:45:00,123.0,123.0,123.0,123.0,11095.98054193,1364805.60665739
2026-05-11 19:00:00,123.0,124.0,123.0,123.0,4459.19193463,548520.97086271
2026-05-11 19:15:00,124.0,124.0,123.0,123.0,156143.44407433,19359246.82051262
2026-05-11 19:30:00,124.0,124.0,124.0,124.0,4072.62096773,505004.99999852
2026-05-11 19:45:00,123.0,124.0,123.0,123.0,123889.08431603,15238397.73377491
2026-05-11 20:00:00,123.0,124.0,123.0,123.0,103169.96902343,12689986.91568833
2026-05-11 20:15:00,122.0,123.0,122.0,122.0,71175.46612003,8693147.38656724
2026-05-11 20:30:00,123.0,124.0,123.0,124.0,34802.23422337,4282301.87399061
2026-05-11 20:45:00,123.0,124.0,123.0,123.0,12848.86296252,1580450.50729318
2026-05-11 21:00:00,123.0,123.0,122.0,123.0,13398.57704985,1637268.71715486
2026-05-11 21:15:00,123.0,123.0,123.0,123.0,10121.43543699,1244936.55874977
2026-05-11 21:30:00,123.0,123.0,122.0,123.0,29040.68701795,3571959.26482085
2026-05-11 21:45:00,123.0,126.0,123.0,126.0,807631.35988416,100474553.32492933
2026-05-11 22:00:00,126.0,128.0,125.0,127.0,702884.12009276,89257209.88589692
2026-05-11 22:15:00,128.0,128.0,126.0,128.0,154076.52389597,19568085.1392593
2026-05-11 22:30:00,128.0,128.0,126.0,127.0,214558.33754521,27250550.68162945
2026-05-11 22:45:00,127.0,128.0,127.0,128.0,42892.81106026,5461474.12314454
2026-05-11 23:00:00,128.0,129.0,127.0,128.0,310276.37575147,39584164.95663251
2026-05-11 23:15:00,128.0,128.0,128.0,128.0,46990.71875,6014812.0
2026-05-11 23:30:00,127.0,128.0,127.0,128.0,108695.84654175,13824352.46705225
2026-05-11 23:45:00,128.0,128.0,127.0,128.0,103547.83231673,13221175.55908243
2026-05-12 00:00:00,128.0,128.0,128.0,128.0,102541.62098912,13125327.48660736
2026-05-12 00:15:00,128.0,128.0,127.0,128.0,78020.47876914,9986575.33650398
2026-05-12 00:30:00,127.0,127.0,127.0,127.0,8897.13063728,1129935.59093456
2026-05-12 00:45:00,128.0,128.0,128.0,128.0,69814.69109604,8936280.46029312
2026-05-12 01:00:00,128.0,129.0,128.0,129.0,286342.56749508,36830004.98381312
2026-05-12 01:15:00,129.0,129.0,128.0,128.0,10131.72300316,1301399.86389202
2026-05-12 01:30:00,128.0,128.0,127.0,127.0,49837.77180321,6337315.11900767
2026-05-12 01:45:00,127.0,128.0,127.0,127.0,29627.86298193,3762791.65853742
2026-05-12 02:00:00,128.0,128.0,127.0,127.0,158426.02738998,20120144.54102746
2026-05-12 02:15:00,127.0,127.0,126.0,127.0,62641.05487248,7954502.51535382
2026-05-12 02:30:00,126.0,127.0,126.0,126.0,160004.65793313,20160930.1594413
2026-05-12 02:45:00,127.0,127.0,126.0,126.0,3204.299881,405316.5881556
2026-05-12 03:00:00,126.0,126.0,125.0,125.0,8747.03162103,1094251.96850176
2026-05-12 03:15:00,126.0,126.0,126.0,126.0,13312.66473826,1677395.75702076
2026-05-12 03:30:00,126.0,126.0,125.0,125.0,21323.53500066,2686529.18961072
2026-05-12 03:45:00,126.0,126.0,126.0,126.0,121.61017085,15322.8815271
2026-05-12 04:00:00,126.0,126.0,126.0,126.0,44.24692415,5575.1124429
2026-05-12 04:15:00,125.0,126.0,125.0,126.0,77897.01559368,9737166.67143222
2026-05-12 04:45:00,125.0,125.0,125.0,125.0,11940.0,1492500.0
2026-05-12 05:15:00,125.0,125.0,125.0,125.0,41937.36216363,5242170.27045375
2026-05-12 05:30:00,125.0,125.0,125.0,125.0,10037.70216606,1254712.7707575
2026-05-12 05:45:00,126.0,126.0,125.0,125.0,1750.22170184,218817.12217881
2026-05-12 06:00:00,125.0,126.0,125.0,126.0,7334.93286789,916906.33070847
2026-05-12 06:15:00,126.0,126.0,126.0,126.0,119.84126983,15099.99999858
2026-05-12 06:30:00,126.0,126.0,126.0,126.0,79.36507936,9999.99999936
2026-05-12 07:00:00,126.0,126.0,125.0,125.0,20702.94199812,2590022.20428376
2026-05-12 07:15:00,126.0,126.0,126.0,126.0,13367.2142857,1684268.9999982
2026-05-12 07:30:00,125.0,126.0,125.0,126.0,31279.50670985,3909978.06095347
2026-05-12 07:45:00,126.0,126.0,126.0,126.0,1587.3015873,199999.9999998
2026-05-12 08:00:00,126.0,126.0,125.0,125.0,63992.36765124,8008648.65084943
2026-05-12 08:15:00,125.0,125.0,125.0,125.0,37909.1078238,4738638.477975
2026-05-12 08:30:00,126.0,126.0,125.0,125.0,10184.69838142,1273216.74212194
2026-05-12 08:45:00,126.0,126.0,125.0,125.0,8816.80986886,1110838.678397
2026-05-12 09:00:00,126.0,126.0,124.0,124.0,237352.30484119,29623442.49815014
2026-05-12 09:15:00,124.0,125.0,124.0,125.0,22485.35543295,2788831.8528858
2026-05-12 09:30:00,125.0,125.0,124.0,124.0,13576.90417113,1691536.11722012
2026-05-12 09:45:00,125.0,125.0,124.0,125.0,87430.98098317,10928793.51077727
2026-05-12 10:00:00,126.0,126.0,124.0,125.0,78356.53492989,9790203.19956957
2026-05-12 10:15:00,124.0,125.0,124.0,124.0,28456.14913129,3549484.40937141
2026-05-12 10:30:00,125.0,125.0,123.0,124.0,152241.71517,18807072.30804019
2026-05-12 10:45:00,124.0,125.0,124.0,125.0,83293.90243903,10328493.90243972
2026-05-12 11:00:00,124.0,125.0,124.0,125.0,20989.83474403,2602839.50825972
2026-05-12 11:15:00,123.0,125.0,123.0,125.0,3542.3553848,435809.7123304
2026-05-12 11:30:00,124.0,124.0,124.0,124.0,407.49496862,50529.37610888
2026-05-12 11:45:00,125.0,125.0,125.0,125.0,50.0,6250.0
2026-05-12 12:00:00,125.0,125.0,125.0,125.0,5513.7032258,689212.903225
2026-05-12 12:15:00,125.0,125.0,124.0,125.0,1573.69752685,196596.3884369
2026-05-12 12:30:00,125.0,125.0,125.0,125.0,56.0,7000.0
2026-05-12 13:15:00,124.0,125.0,124.0,125.0,4103.04914583,508818.13408292
2026-05-12 13:30:00,124.0,125.0,124.0,125.0,8491.93202481,1053039.61107644
2026-05-12 14:00:00,124.0,125.0,124.0,125.0,7279.84298085,902809.33524259
2026-05-12 14:15:00,125.0,125.0,125.0,125.0,1600.0,200000.0
2026-05-12 14:30:00,125.0,125.0,125.0,125.0,100.0,12500.0
2026-05-12 15:00:00,125.0,125.0,125.0,125.0,960.0,120000.0
2026-05-12 15:15:00,125.0,126.0,125.0,126.0,28018.72222222,3502379.10618052
2026-05-12 15:30:00,125.0,126.0,125.0,125.0,101709.2629955,12714491.24745337
2026-05-12 16:00:00,124.0,125.0,124.0,125.0,42425.2800079,5260986.7209796
2026-05-12 16:15:00,125.0,126.0,124.0,125.0,420069.74174386,52440505.66116731
2026-05-12 16:30:00,126.0,126.0,125.0,125.0,20967.65969015,2621012.46126875
2026-05-12 16:45:00,124.0,125.0,124.0,125.0,35019.0843015,4343606.453386
2026-05-12 17:00:00,125.0,125.0,125.0,125.0,48.0,6000.0
2026-05-12 17:15:00,124.0,125.0,123.0,125.0,37759.07964379,4676184.91582996
2026-05-12 17:30:00,125.0,125.0,124.0,125.0,121116.54962972,15139464.21050706
2026-05-12 17:45:00,124.0,124.0,123.0,124.0,208211.77065128,25818199.59144711
2026-05-12 18:00:00,124.0,124.0,123.0,124.0,269686.83043662,33235457.28651539
2026-05-12 18:15:00,123.0,124.0,123.0,124.0,204611.69631337,25167279.00944773
2026-05-12 18:30:00,122.0,124.0,122.0,124.0,261419.86505308,32266703.48711775
2026-05-12 18:45:00,123.0,124.0,123.0,124.0,16117.65490237,1996074.91665241
2026-05-12 19:00:00,123.0,123.0,123.0,123.0,44809.00494634,5511507.60839982
2026-05-12 19:15:00,123.0,123.0,122.0,123.0,313658.84714365,38270087.7307513
2026-05-12 19:30:00,123.0,123.0,121.0,122.0,132895.15061255,16173439.11780903
2026-05-12 20:00:00,122.0,122.0,120.0,121.0,536065.62996634,64672298.87980021
2026-05-12 20:15:00,120.0,121.0,119.0,120.0,293076.29349836,35184708.13728621
2026-05-12 20:30:00,119.0,121.0,119.0,119.0,254883.9768146,30395692.41145525
2026-05-12 20:45:00,119.0,120.0,119.0,120.0,104578.46163536,12545044.16074293
2026-05-12 21:00:00,121.0,121.0,120.0,121.0,289.72486225,35014.99999891
2026-05-12 21:15:00,121.0,121.0,120.0,121.0,19918.11904545,2391413.1821482
2026-05-12 21:30:00,120.0,121.0,119.0,121.0,56556.11552034,6758820.41553232
2026-05-12 21:45:00,121.0,121.0,120.0,121.0,22949.85291374,2761503.09345044
2026-05-12 22:00:00,121.0,121.0,121.0,121.0,37078.851521,4486541.034041
2026-05-12 22:15:00,122.0,122.0,120.0,120.0,211765.89961172,25503515.66774136
2026-05-12 22:30:00,120.0,120.0,120.0,120.0,51967.67241749,6236120.6900988
2026-05-12 22:45:00,120.0,121.0,120.0,121.0,52431.11625099,6291773.656468
2026-05-12 23:00:00,120.0,120.0,120.0,120.0,42.52515924,5103.0191088
2026-05-12 23:15:00,120.0,120.0,119.0,119.0,25440.99631953,3050252.5583436
2026-05-12 23:30:00,119.0,120.0,118.0,120.0,403697.8080143,48273163.22630161
2026-05-12 23:45:00,120.0,120.0,119.0,119.0,5523.27953223,660011.93100203
2026-05-13 00:00:00,119.0,119.0,119.0,119.0,2790.29423306,332045.01373414
2026-05-13 00:15:00,120.0,120.0,118.0,119.0,12213.84114717,1452347.09651323
2026-05-13 00:30:00,119.0,119.0,119.0,119.0,15911.41195378,1893458.02249982
2026-05-13 00:45:00,119.0,120.0,119.0,119.0,30924.84532733,3680112.59395227
2026-05-13 01:30:00,120.0,121.0,119.0,119.0,166418.24191685,19965689.82958441
2026-05-13 01:45:00,119.0,119.0,119.0,119.0,51649.87828782,6146335.51625058
2026-05-13 02:15:00,120.0,121.0,120.0,120.0,2382.33790921,286211.12761759
2026-05-13 02:30:00,120.0,120.0,120.0,120.0,6448.7335008,773848.020096
2026-05-13 03:30:00,121.0,121.0,121.0,121.0,55.0,6655.0
2026-05-13 04:30:00,120.0,120.0,120.0,120.0,49.0,5880.0
2026-05-13 05:00:00,121.0,121.0,121.0,121.0,88.60465763,10721.16357323
2026-05-13 05:15:00,121.0,121.0,120.0,121.0,5633.0719697,681560.00000036
2026-05-13 05:30:00,120.0,120.0,120.0,120.0,10871.16769972,1304540.1239664
2026-05-13 06:00:00,121.0,121.0,121.0,121.0,41.36363636,5004.99999956
2026-05-13 06:45:00,121.0,121.0,121.0,121.0,814.62809917,98569.99999957
2026-05-13 07:00:00,121.0,121.0,121.0,121.0,1912.0966942,231363.6999982
2026-05-13 07:15:00,121.0,122.0,121.0,122.0,17946.93134548,2188968.96488015
2026-05-13 07:30:00,121.0,122.0,121.0,121.0,567.54773066,68714.30000002
2026-05-13 07:45:00,121.0,121.0,120.0,121.0,21626.78512395,2607387.04958473
2026-05-13 08:00:00,120.0,120.0,120.0,120.0,146447.5171894,17573702.062728
2026-05-13 08:15:00,120.0,121.0,120.0,121.0,47909.80478797,5749217.93819276
2026-05-13 08:30:00,121.0,121.0,119.0,120.0,54726.05830264,6530961.10265152
2026-05-13 08:45:00,119.0,120.0,119.0,120.0,40523.4292871,4822378.0851649
2026-05-13 09:00:00,120.0,120.0,120.0,120.0,23204.85368346,2784582.4420152
2026-05-13 09:15:00,120.0,121.0,120.0,121.0,59697.32078921,7165573.81378119
2026-05-13 09:30:00,121.0,121.0,121.0,121.0,10543.80247892,1275800.09994932
2026-05-13 09:45:00,121.0,121.0,121.0,121.0,6208.21820493,751194.40279653
2026-05-13 10:00:00,120.0,121.0,120.0,121.0,15242.29341414,1834725.2096968
2026-05-13 10:15:00,121.0,121.0,121.0,121.0,11856.79968576,1434672.76197696
2026-05-13 10:30:00,122.0,122.0,122.0,122.0,1680.36885244,205004.99999768
2026-05-13 10:45:00,122.0,122.0,121.0,122.0,13883.17388733,1692934.20612418
2026-05-13 11:00:00,122.0,122.0,121.0,122.0,12127.05075046,1467619.0834286
2026-05-13 11:15:00,121.0,121.0,121.0,121.0,30849.64516129,3732807.06451609
2026-05-13 11:30:00,122.0,122.0,121.0,122.0,11722.04918032,1418449.99999904
2026-05-13 11:45:00,122.0,122.0,121.0,122.0,94368.84234192,11427500.87009156
2026-05-13 12:00:00,120.0,121.0,120.0,121.0,2100.86776858,253204.99999818
2026-05-13 12:15:00,121.0,121.0,121.0,121.0,9898.87177045,1197763.48422445
2026-05-13 12:30:00,120.0,120.0,120.0,120.0,250141.90826897,30017028.9922764
2026-05-13 12:45:00,121.0,121.0,120.0,121.0,837.49279641,100909.91538588
2026-05-13 13:15:00,121.0,121.0,121.0,121.0,82.64462809,9999.99999889
2026-05-13 13:30:00,121.0,121.0,121.0,121.0,12908.90918177,1561978.01099417
2026-05-13 13:45:00,121.0,121.0,121.0,121.0,4522.34504132,547203.74999972
2026-05-13 14:00:00,121.0,121.0,121.0,121.0,826.44628099,99999.99999979
2026-05-13 14:15:00,121.0,121.0,120.0,120.0,11491.19611323,1383117.12862891
2026-05-13 14:30:00,120.0,120.0,120.0,120.0,64698.41552775,7763809.86333
2026-05-13 14:45:00,119.0,120.0,119.0,120.0,5508.95861342,658291.8083303
2026-05-13 15:00:00,120.0,120.0,120.0,120.0,24583.69398634,2950043.2783608
2026-05-13 15:15:00,120.0,120.0,120.0,120.0,137276.75643273,16473210.7719276
2026-05-13 15:30:00,120.0,121.0,120.0,120.0,153552.4130332,18426422.70447986
2026-05-13 15:45:00,120.0,120.0,120.0,120.0,269.335,32320.2
2026-05-13 16:00:00,119.0,120.0,119.0,120.0,87735.47703754,10499492.17068316
2026-05-13 16:15:00,120.0,120.0,120.0,120.0,1666.66666666,199999.9999992
2026-05-13 16:30:00,119.0,120.0,119.0,120.0,10041.70833333,1195004.9999996
2026-05-13 16:45:00,120.0,120.0,120.0,120.0,116.4425,13973.1
2026-05-13 17:00:00,119.0,120.0,119.0,120.0,475.04166666,56571.66666587
2026-05-13 17:15:00,120.0,120.0,120.0,120.0,91588.09706815,10990571.648178
2026-05-13 17:30:00,120.0,120.0,119.0,119.0,20090.67727393,2397704.56237746
2026-05-13 18:00:00,120.0,121.0,119.0,121.0,56874.36307287,6778684.31702792
2026-05-13 18:15:00,121.0,121.0,119.0,119.0,59218.2066505,7052479.21159544
2026-05-13 18:30:00,120.0,121.0,120.0,121.0,43094.65631714,5211954.71714336
2026-05-13 18:45:00,121.0,121.0,121.0,121.0,2712.80991733,328249.99999693
2026-05-13 19:00:00,120.0,121.0,120.0,121.0,3002.47933883,361647.10743645
2026-05-13 19:15:00,120.0,120.0,119.0,119.0,19242.18064265,2308061.677118
2026-05-13 19:30:00,119.0,120.0,119.0,120.0,336151.28127761,40002187.55536891
2026-05-13 19:45:00,119.0,119.0,119.0,119.0,12000.56700902,1428067.47407338
2026-05-13 20:00:00,120.0,120.0,119.0,119.0,17552.07635383,2088752.08610577
2026-05-13 20:15:00,120.0,120.0,119.0,119.0,129.34621848,15476.23361256
2026-05-13 20:30:00,120.0,120.0,120.0,120.0,41.70833333,5004.9999996
2026-05-13 20:45:00,119.0,119.0,118.0,119.0,8777.37540196,1035897.66437805
2026-05-13 21:00:00,119.0,119.0,119.0,119.0,12052.64594592,1434264.86756448
2026-05-13 21:15:00,118.0,119.0,118.0,118.0,128090.64046892,15114779.608946
2026-05-13 21:30:00,118.0,118.0,116.0,117.0,285484.44186799,33250496.5011474
2026-05-13 21:45:00,118.0,118.0,117.0,117.0,165797.2457337,19400813.87796153
2026-05-13 22:00:00,117.0,118.0,116.0,118.0,170857.89331488,19986138.11284914
2026-05-13 22:15:00,117.0,118.0,117.0,117.0,84903.34244588,9933964.1170154
2026-05-13 22:30:00,117.0,117.0,116.0,117.0,99719.94113999,11637552.64387907
2026-05-13 22:45:00,116.0,117.0,115.0,116.0,239638.76543061,27773676.88650838
2026-05-13 23:00:00,115.0,117.0,115.0,116.0,193010.02145546,22371143.74100088
2026-05-13 23:15:00,116.0,117.0,115.0,117.0,69027.7020175,7984958.32846447
2026-05-13 23:30:00,116.0,117.0,116.0,116.0,17550.33832901,2035894.24616516
2026-05-13 23:45:00,116.0,116.0,115.0,116.0,208833.1833292,24060446.34578902
2026-05-14 00:00:00,115.0,116.0,114.0,116.0,48839.36871984,5613233.64811069
2026-05-14 00:15:00,116.0,116.0,113.0,114.0,552558.47486384,62649551.62418982
2026-05-14 00:30:00,113.0,114.0,113.0,114.0,310934.60584873,35348169.99596786
2026-05-14 00:45:00,114.0,114.0,113.0,114.0,1000.22432313,113350.05026807
2026-05-14 01:00:00,114.0,114.0,113.0,114.0,12996.01813759,1472032.9951617
2026-05-14 01:15:00,113.0,114.0,113.0,114.0,48234.82876464,5470009.33461482
2026-05-14 01:30:00,114.0,114.0,114.0,114.0,35119.20355611,4003589.20539654
2026-05-14 02:00:00,114.0,114.0,113.0,114.0,2656.41666872,302631.50023408
2026-05-14 02:15:00,114.0,114.0,114.0,114.0,992.44736841,113138.99999874
2026-05-14 02:30:00,113.0,114.0,113.0,114.0,255.86089116,28999.99999932
2026-05-14 02:45:00,114.0,114.0,114.0,114.0,4298.24561402,489999.99999828
2026-05-14 03:15:00,113.0,114.0,113.0,114.0,31407.1827751,3580001.1272705
2026-05-14 03:30:00,113.0,114.0,113.0,114.0,2806.33390398,317203.45044798
2026-05-14 04:00:00,113.0,114.0,113.0,114.0,9835.01060561,1115829.88264445
2026-05-14 04:15:00,114.0,114.0,112.0,113.0,31942.96440924,3610650.47854026
2026-05-14 04:30:00,114.0,114.0,114.0,114.0,87.71929824,9999.99999936
2026-05-14 05:00:00,113.0,113.0,113.0,113.0,5917.79996415,668711.39594895
2026-05-14 05:15:00,114.0,114.0,114.0,114.0,1010.4985081,115196.8299234
2026-05-14 05:30:00,113.0,114.0,113.0,114.0,9084.39991222,1035563.73875342
2026-05-14 06:00:00,114.0,114.0,113.0,114.0,6483.55533843,733508.77002831
2026-05-14 06:15:00,114.0,114.0,112.0,113.0,2009.38568658,227182.7579871
2026-05-14 06:30:00,113.0,113.0,113.0,113.0,1760.15292655,198897.28070015
2026-05-14 06:45:00,113.0,113.0,113.0,113.0,4653.57586693,525854.07296309
2026-05-14 07:00:00,113.0,113.0,112.0,113.0,33250.6314908,3756653.87817384
2026-05-14 07:15:00,113.0,113.0,112.0,113.0,5605.39889346,633360.07496098
2026-05-14 07:30:00,113.0,114.0,113.0,114.0,3143.61308726,357350.27886038
2026-05-14 08:00:00,114.0,114.0,114.0,114.0,52.63157894,5999.99999916
2026-05-14 08:15:00,113.0,114.0,113.0,113.0,68779.04929674,7772214.28105793
2026-05-14 08:30:00,114.0,114.0,113.0,114.0,11228.49192663,1268907.39472673
2026-05-14 08:45:00,113.0,113.0,113.0,113.0,1000.0,113000.0
2026-05-14 09:00:00,114.0,114.0,113.0,114.0,35469.48266766,4041840.35184434
2026-05-14 09:15:00,114.0,115.0,114.0,115.0,70125.67130446,7997422.189578
2026-05-14 09:30:00,115.0,115.0,114.0,115.0,52742.91329019,6065388.12360995
2026-05-14 09:45:00,115.0,115.0,114.0,115.0,52220.97340893,5958225.14782406
2026-05-14 10:00:00,114.0,115.0,114.0,115.0,120619.10234916,13862205.38710248
2026-05-14 10:15:00,115.0,115.0,115.0,115.0,10808.96069008,1243030.4793592
2026-05-14 10:30:00,115.0,115.0,115.0,115.0,119429.85898353,13734433.78310595
2026-05-14 10:45:00,115.0,116.0,115.0,116.0,107525.90770508,12400950.321429
2026-05-14 11:00:00,116.0,118.0,116.0,117.0,464176.5974398,54244065.40275444
2026-05-14 11:15:00,117.0,119.0,117.0,118.0,627848.63580805,74023324.32782885
2026-05-14 11:30:00,118.0,119.0,118.0,118.0,347658.54568616,41071561.08855606
2026-05-14 11:45:00,118.0,118.0,116.0,118.0,192645.37903973,22631461.01665857
2026-05-14 12:00:00,118.0,118.0,116.0,116.0,158595.09645543,18555624.20209264
2026-05-14 12:15:00,116.0,118.0,116.0,118.0,460131.30693688,53856235.36119024
2026-05-14 12:30:00,118.0,119.0,118.0,118.0,651719.06763016,76982502.57496446
2026-05-14 12:45:00,117.0,119.0,116.0,118.0,669124.97921484,78368330.54373898
2026-05-14 13:00:00,118.0,118.0,116.0,117.0,419129.3302961,49021434.28678571
2026-05-14 13:15:00,117.0,119.0,117.0,118.0,49666.58263136,5882237.40802578
2026-05-14 13:30:00,119.0,120.0,118.0,119.0,765034.53442422,91086418.57426903
2026-05-14 13:45:00,119.0,119.0,118.0,118.0,211674.45326158,24981709.52160855
2026-05-14 14:00:00,118.0,118.0,117.0,118.0,231833.036724,27246946.26047491
2026-05-14 14:15:00,117.0,118.0,117.0,118.0,56567.86472979,6644933.90194335
2026-05-14 14:30:00,118.0,119.0,118.0,119.0,140998.1106668,16646434.41952416
2026-05-14 14:45:00,119.0,119.0,119.0,119.0,24706.05622457,2940020.69072383
2026-05-14 15:00:00,119.0,119.0,118.0,118.0,141144.00391309,16672541.71029218
2026-05-14 15:15:00,118.0,119.0,118.0,118.0,107798.05796496,12724035.14238627
2026-05-14 15:30:00,118.0,118.0,117.0,118.0,107476.03392781,12682043.67014824
2026-05-14 15:45:00,118.0,120.0,118.0,120.0,204815.87441273,24407250.82709919
2026-05-14 16:00:00,120.0,120.0,118.0,119.0,457440.89797182,54629265.79217562
2026-05-14 16:15:00,119.0,119.0,118.0,119.0,224608.19137624,26542309.66074677
2026-05-14 16:30:00,118.0,118.0,117.0,117.0,146097.53815643,17233884.73390234
2026-05-14 16:45:00,117.0,118.0,117.0,117.0,124883.48336445,14613147.25703046
2026-05-14 17:00:00,118.0,118.0,117.0,118.0,10207.36288881,1197701.45455904
2026-05-14 17:15:00,117.0,119.0,117.0,119.0,34595.97172996,4069142.41220316
2026-05-14 17:30:00,118.0,119.0,118.0,118.0,13086.88456176,1544395.30999255
2026-05-14 17:45:00,118.0,119.0,118.0,119.0,17229.51410298,2033301.86369585
2026-05-14 18:00:00,119.0,119.0,119.0,119.0,8529.41176469,1014999.99999811
2026-05-14 18:15:00,118.0,119.0,118.0,119.0,360.73099381,42692.66376437
2026-05-14 18:30:00,119.0,119.0,118.0,118.0,15584.61338871,1839034.80003584
2026-05-14 18:45:00,118.0,120.0,118.0,120.0,339240.23343044,40352188.21748142
2026-05-14 19:00:00,120.0,120.0,118.0,119.0,390676.95286137,46351732.50190154
2026-05-14 19:15:00,119.0,119.0,118.0,118.0,125460.22692943,14910780.65159673
2026-05-14 19:30:00,118.0,119.0,118.0,119.0,35976.63208767,4249594.41726803
2026-05-14 19:45:00,118.0,119.0,118.0,119.0,32783.29725375,3875235.88266517
2026-05-14 20:00:00,118.0,119.0,118.0,119.0,77462.90611636,9145540.09467032
2026-05-14 20:15:00,119.0,119.0,118.0,118.0,86983.83803157,10298000.18853822
2026-05-14 20:30:00,118.0,118.0,117.0,118.0,458056.15637254,53643198.74491702
2026-05-14 20:45:00,117.0,119.0,117.0,118.0,62619.16288223,7389956.83640941
2026-05-14 21:00:00,118.0,119.0,117.0,118.0,38645.56912405,4550207.24083953
2026-05-14 21:15:00,118.0,118.0,118.0,118.0,40161.01694914,4738999.99999852
2026-05-14 21:30:00,118.0,118.0,117.0,118.0,61204.07460694,7185702.64585363
2026-05-14 21:45:00,117.0,118.0,117.0,118.0,104774.55722489,12269713.4797458
2026-05-14 22:00:00,118.0,118.0,118.0,118.0,141304.45455236,16673925.63717848
2026-05-14 22:15:00,118.0,119.0,118.0,118.0,46483.70727915,5485162.20470241
2026-05-14 22:30:00,118.0,119.0,118.0,119.0,68868.09133214,8181138.84954708
2026-05-14 22:45:00,119.0,119.0,119.0,119.0,15562.19192419,1851900.83897861
2026-05-14 23:00:00,119.0,119.0,119.0,119.0,214732.7523956,25553197.5350764
2026-05-14 23:15:00,119.0,120.0,118.0,120.0,38951.49879251,4633362.7342892
2026-05-14 23:30:00,120.0,120.0,119.0,119.0,259726.77621256,31166117.71840756
2026-05-14 23:45:00,120.0,122.0,120.0,122.0,308348.77050188,37131822.14001284
2026-05-15 00:00:00,121.0,121.0,120.0,120.0,180604.8503667,21781001.85163566
2026-05-15 00:15:00,121.0,121.0,121.0,121.0,178375.25351182,21583405.67493022
2026-05-15 00:30:00,121.0,123.0,121.0,122.0,149515.42930684,18218907.39281493
2026-05-15 00:45:00,122.0,123.0,121.0,123.0,142896.74300751,17558896.01559488
2026-05-15 01:00:00,123.0,124.0,122.0,123.0,580276.94823862,71382970.44318871
2026-05-15 01:15:00,123.0,123.0,122.0,123.0,73825.1270914,9080321.8822422
2026-05-15 01:30:00,123.0,124.0,122.0,122.0,91236.40329425,11222082.60519275
2026-05-15 01:45:00,122.0,122.0,121.0,122.0,180967.04131167,22021775.16258565
2026-05-15 02:00:00,122.0,123.0,122.0,122.0,74894.83252007,9170238.16094446
2026-05-15 02:15:00,122.0,122.0,122.0,122.0,3012.82887456,367565.12269632
2026-05-15 02:30:00,122.0,123.0,122.0,123.0,9802.09911415,1203745.895193
2026-05-15 02:45:00,123.0,123.0,122.0,123.0,25991.12428661,3184283.26882385
2026-05-15 03:00:00,122.0,122.0,121.0,121.0,37678.06284093,4579060.89132871
2026-05-15 03:30:00,122.0,122.0,121.0,122.0,147961.80029174,17906295.85169398
2026-05-15 03:45:00,121.0,122.0,121.0,121.0,245896.87120273,29778141.09380593
2026-05-15 04:00:00,121.0,121.0,121.0,121.0,1870.63864,226347.27544
2026-05-15 04:15:00,121.0,121.0,120.0,121.0,12422.52693107,1496008.31738011
2026-05-15 04:30:00,121.0,121.0,120.0,120.0,161654.63330979,19513819.32217308
2026-05-15 05:00:00,120.0,120.0,120.0,120.0,4831.8070269,579816.843228
2026-05-15 05:15:00,121.0,121.0,120.0,121.0,109143.97924991,13102437.27931527
2026-05-15 05:30:00,121.0,121.0,120.0,121.0,19610.09366955,2372364.98948005
2026-05-15 05:45:00,121.0,122.0,121.0,122.0,59903.15644442,7257579.59826682
2026-05-15 06:00:00,122.0,122.0,121.0,122.0,178913.17895719,21790210.66201669
2026-05-15 06:15:00,122.0,122.0,120.0,122.0,132687.40564255,16170521.5374128
2026-05-15 06:30:00,122.0,123.0,121.0,122.0,143406.91390811,17468488.34371323
2026-05-15 06:45:00,122.0,122.0,121.0,122.0,3912.43870977,475333.7941172
2026-05-15 07:00:00,121.0,121.0,120.0,121.0,39152.6153733,4722724.3786803
2026-05-15 07:15:00,121.0,121.0,120.0,121.0,24606.62453124,2976995.064215
2026-05-15 07:30:00,120.0,121.0,120.0,120.0,26916.76992145,3230095.90297069
2026-05-15 07:45:00,120.0,121.0,120.0,121.0,6941.18177009,839419.2752207
2026-05-15 08:00:00,121.0,121.0,121.0,121.0,217.92768593,26369.24999753
2026-05-15 08:15:00,121.0,121.0,120.0,121.0,5435.3672854,657253.18581822
2026-05-15 08:30:00,121.0,121.0,120.0,120.0,51259.42272247,6197801.99514893
2026-05-15 08:45:00,120.0,120.0,119.0,120.0,137086.14557988,16393080.87251227
2026-05-15 09:00:00,120.0,122.0,120.0,120.0,318325.68564867,38361902.24212101
2026-05-15 09:15:00,120.0,121.0,120.0,121.0,60252.94407438,7231229.52859501
2026-05-15 09:30:00,121.0,121.0,119.0,120.0,167541.73702367,20108966.9796641
2026-05-15 09:45:00,119.0,120.0,119.0,120.0,1125.99758952,134035.42148621
2026-05-15 10:00:00,120.0,120.0,120.0,120.0,73378.25917182,8805391.1006184
2026-05-15 10:15:00,120.0,120.0,119.0,119.0,67085.87094995,7983718.72637737
2026-05-15 10:30:00,119.0,120.0,119.0,120.0,113794.03327243,13541698.50108582
2026-05-15 10:45:00,119.0,120.0,119.0,120.0,126105.56045504,15006611.69414976
2026-05-15 11:00:00,119.0,119.0,118.0,119.0,123499.0392452,14670988.64010159
2026-05-15 11:15:00,118.0,119.0,118.0,119.0,674.41752884,79918.11500616
2026-05-15 11:30:00,119.0,119.0,118.0,118.0,47151.69632389,5572581.23085776
2026-05-15 11:45:00,119.0,120.0,119.0,120.0,40986.45115329,4877471.72085495
2026-05-15 12:00:00,120.0,120.0,119.0,119.0,828.54621848,98646.99999912
2026-05-15 12:15:00,119.0,120.0,119.0,120.0,49887.07517308,5967594.78167844
2026-05-15 12:30:00,120.0,120.0,118.0,119.0,32377.51012413,3852252.48984285
2026-05-15 12:45:00,118.0,119.0,118.0,119.0,15078.68337742,1779419.96917532
2026-05-15 13:15:00,118.0,118.0,118.0,118.0,62015.5780801,7317838.2134518
2026-05-15 13:30:00,118.0,118.0,117.0,118.0,203102.36364429,23768034.29299208
2026-05-15 13:45:00,117.0,118.0,117.0,117.0,64097.27049622,7499620.50399521
2026-05-15 14:00:00,117.0,117.0,116.0,117.0,124206.77044226,14504906.28658414
2026-05-15 14:15:00,117.0,118.0,117.0,118.0,31417.24458089,3679757.78577324
2026-05-15 14:30:00,117.0,117.0,115.0,116.0,106700.77615331,12378385.55542308
2026-05-15 14:45:00,116.0,116.0,115.0,115.0,48026.52423523,5561858.49274857
2026-05-15 15:00:00,115.0,116.0,115.0,115.0,25070.57858744,2887180.15289418
2026-05-15 15:15:00,116.0,116.0,116.0,116.0,5052.98448275,586146.199999
2026-05-15 15:30:00,115.0,117.0,115.0,117.0,11413.33655407,1318328.16889292
2026-05-15 15:45:00,116.0,117.0,116.0,116.0,44464.02394129,5157869.55496741
2026-05-15 16:00:00,116.0,116.0,115.0,115.0,31732.83017556,3669959.66936831
2026-05-15 16:15:00,115.0,117.0,115.0,117.0,59998.71274902,6962443.4642244
2026-05-15 16:45:00,117.0,117.0,117.0,117.0,4273.5042735,499999.9999995
2026-05-15 17:00:00,116.0,116.0,115.0,116.0,26491.88208391,3073014.79999442
2026-05-15 17:15:00,115.0,115.0,115.0,115.0,300.0,34500.0
2026-05-15 17:30:00,115.0,117.0,115.0,117.0,106939.24581934,12349988.76340936
2026-05-15 17:45:00,117.0,117.0,116.0,116.0,3868.22377511,448843.61603241
2026-05-15 18:00:00,117.0,117.0,117.0,117.0,96612.58237057,11303672.13735669
2026-05-15 18:15:00,117.0,117.0,117.0,117.0,10256.4102564,1199999.9999988
2026-05-15 18:30:00,117.0,117.0,117.0,117.0,15504.93162392,1814076.99999864
2026-05-15 18:45:00,117.0,117.0,116.0,117.0,34632.97951451,4018068.91428145
2026-05-15 19:00:00,117.0,117.0,117.0,117.0,2564.1025641,299999.9999997
2026-05-15 19:30:00,117.0,117.0,116.0,117.0,10636.58025669,1233936.08755381
2026-05-15 19:45:00,117.0,118.0,116.0,116.0,40177.74096544,4678767.84170519
2026-05-15 20:00:00,117.0,117.0,115.0,116.0,79759.03953347,9250169.9725776
2026-05-15 20:15:00,116.0,116.0,115.0,116.0,40221.40055912,4641471.65150868
2026-05-15 20:30:00,115.0,115.0,115.0,115.0,52861.33148821,6079053.12114415
2026-05-15 20:45:00,115.0,115.0,115.0,115.0,1047.44266522,120455.9065003
2026-05-15 21:00:00,116.0,116.0,116.0,116.0,5284.21481069,612968.91804004
2026-05-15 21:15:00,116.0,116.0,116.0,116.0,1874.13793102,217399.99999832
2026-05-15 21:30:00,116.0,116.0,115.0,115.0,905.02425373,104129.51331688
2026-05-15 21:45:00,115.0,116.0,115.0,116.0,43161.17803168,4998000.99950096
2026-05-15 22:00:00,116.0,116.0,115.0,115.0,18804.13347044,2172871.90082473
2026-05-15 22:15:00,115.0,116.0,115.0,116.0,3286.11878232,380825.47492139
2026-05-15 22:30:00,116.0,116.0,114.0,114.0,88395.08555186,10166514.32062881
2026-05-15 22:45:00,115.0,115.0,113.0,113.0,363328.25803895,41467253.66015665
2026-05-15 23:00:00,113.0,114.0,113.0,113.0,284101.99861331,32105428.35032156
2026-05-15 23:15:00,113.0,113.0,112.0,113.0,131583.53617509,14828418.17092214
2026-05-15 23:30:00,113.0,113.0,111.0,112.0,258704.13514414,28985915.05864384
2026-05-15 23:45:00,112.0,112.0,112.0,112.0,98388.96907438,11019564.53633056
2026-05-16 00:00:00,113.0,113.0,113.0,113.0,9941.31916342,1123369.06546646
2026-05-16 00:15:00,113.0,113.0,113.0,113.0,75021.55678266,8477435.91644058
2026-05-16 00:30:00,112.0,113.0,112.0,113.0,22102.73649458,2497520.22388754
2026-05-16 00:45:00,112.0,113.0,112.0,112.0,77187.75860306,8714433.57981865
2026-05-16 01:00:00,113.0,113.0,113.0,113.0,7064.86077268,798329.26731284
2026-05-16 01:15:00,113.0,114.0,113.0,114.0,73598.44007376,8323440.72500759
2026-05-16 01:30:00,113.0,113.0,113.0,113.0,180254.28297634,20368733.97632642
2026-05-16 02:00:00,113.0,113.0,113.0,113.0,64162.5951542,7250373.2524246
2026-05-16 02:15:00,113.0,113.0,113.0,113.0,22013.73649458,2487552.22388754
2026-05-16 02:30:00,114.0,114.0,113.0,114.0,45017.1117284,5131733.70206358
2026-05-16 02:45:00,114.0,114.0,114.0,114.0,188956.3172918,21541020.1712652
2026-05-16 03:00:00,114.0,115.0,114.0,114.0,147594.70736043,16825851.63908902
2026-05-16 03:15:00,114.0,114.0,114.0,114.0,4025.68291408,458927.85220512
2026-05-16 03:30:00,114.0,114.0,113.0,113.0,69189.20521463,7818426.18925319
2026-05-16 03:45:00,113.0,113.0,113.0,113.0,8503.23618678,960865.68910614
2026-05-16 04:00:00,113.0,113.0,113.0,113.0,10176.16949152,1149907.15254176
2026-05-16 04:15:00,113.0,113.0,113.0,113.0,3775.28779859,426607.52124067
2026-05-16 04:45:00,114.0,114.0,114.0,114.0,3497.78070175,398746.9999995
2026-05-16 05:00:00,113.0,113.0,113.0,113.0,26205.34276397,2961203.73232861
2026-05-16 05:15:00,113.0,113.0,113.0,113.0,3202.0,361826.0
2026-05-16 05:30:00,113.0,113.0,113.0,113.0,327.58356304,37016.94262352
2026-05-16 05:45:00,113.0,113.0,113.0,113.0,4668.93388429,527589.52892477
2026-05-16 06:00:00,113.0,113.0,113.0,113.0,5464.90394736,617534.14605168
2026-05-16 06:15:00,113.0,113.0,113.0,113.0,8487.434854,959080.138502
2026-05-16 06:30:00,114.0,114.0,114.0,114.0,3482.07475208,396956.52173712
2026-05-16 07:15:00,114.0,114.0,114.0,114.0,7951.32326414,906450.85211196
2026-05-16 07:30:00,114.0,114.0,114.0,114.0,4956.48666894,565039.48025916
2026-05-16 08:00:00,114.0,114.0,114.0,114.0,18508.77192981,2109999.99999834
2026-05-16 08:15:00,113.0,114.0,113.0,114.0,20032.39931349,2278895.65751208
2026-05-16 08:30:00,114.0,114.0,113.0,114.0,19087.75762917,2158714.90156989
2026-05-16 09:00:00,113.0,114.0,113.0,114.0,61136.13724511,6911622.54067265
2026-05-16 09:15:00,114.0,114.0,113.0,113.0,217.08771928,24695.36841898
2026-05-16 09:30:00,113.0,114.0,113.0,113.0,23788.85567946,2710735.38476143
2026-05-16 09:45:00,114.0,114.0,113.0,113.0,1340.39473683,152756.75438459
2026-05-16 10:00:00,114.0,114.0,113.0,113.0,1773.17788473,200592.27885922
2026-05-16 10:15:00,114.0,114.0,113.0,113.0,4869.9411582,550628.03508712
2026-05-16 10:30:00,113.0,113.0,113.0,113.0,32472.15629223,3669353.66102199
2026-05-16 10:45:00,114.0,114.0,113.0,113.0,5530.8501009,625249.21929643
2026-05-16 11:15:00,114.0,114.0,114.0,114.0,2631.57894736,299999.99999904
2026-05-16 11:30:00,114.0,114.0,113.0,113.0,6385.96491228,725999.99999992
2026-05-16 11:45:00,114.0,114.0,113.0,114.0,4630.37079956,527773.77557462
2026-05-16 12:00:00,114.0,114.0,114.0,114.0,16478.26482229,1878522.18974106
2026-05-16 12:15:00,113.0,113.0,113.0,113.0,175.94732045,19882.04721085
2026-05-16 12:30:00,114.0,115.0,114.0,115.0,122682.83339977,13987684.35006042
2026-05-16 12:45:00,114.0,115.0,114.0,115.0,1821.71929824,207763.7192976
2026-05-16 13:00:00,114.0,114.0,114.0,114.0,4345.35363896,495370.31484144
2026-05-16 13:15:00,113.0,114.0,113.0,114.0,10292.22452452,1168061.49495495
2026-05-16 13:30:00,113.0,114.0,112.0,113.0,206159.82776874,23295393.8235819
2026-05-16 13:45:00,113.0,113.0,113.0,113.0,1818.61141569,205503.08997297
2026-05-16 14:00:00,112.0,113.0,112.0,113.0,203.08926509,22791.13043344
2026-05-16 14:15:00,113.0,113.0,113.0,113.0,2654.86725663,299999.99999919
2026-05-16 14:45:00,112.0,113.0,112.0,113.0,17569.30170296,1977452.94117399
2026-05-16 15:00:00,112.0,112.0,112.0,112.0,48822.19966448,5468086.36242176
2026-05-16 15:15:00,111.0,112.0,111.0,112.0,275808.31422589,30855548.25127156
2026-05-16 15:30:00,111.0,112.0,110.0,111.0,323378.79324422,35864869.8695023
2026-05-16 15:45:00,111.0,111.0,110.0,110.0,235397.07714483,25897282.0895349
2026-05-16 16:00:00,110.0,111.0,108.0,109.0,293048.1335592,32043652.8290773
2026-05-16 16:15:00,109.0,109.0,108.0,109.0,514839.54722446,55733355.75079761
2026-05-16 16:30:00,108.0,109.0,108.0,109.0,78897.71447593,8557542.98080559
2026-05-16 16:45:00,109.0,109.0,109.0,109.0,22677.64191298,2471862.96851482
2026-05-16 17:00:00,109.0,109.0,109.0,109.0,10088.53371479,1099650.17491211
2026-05-16 17:15:00,109.0,109.0,109.0,109.0,18343.58728644,1999451.01422196
2026-05-16 17:30:00,110.0,110.0,110.0,110.0,8071.56011259,887871.6123849
2026-05-16 17:45:00,110.0,110.0,110.0,110.0,9090.9090909,999999.999999
2026-05-16 18:00:00,110.0,110.0,109.0,109.0,45790.84495792,4991293.00950418
2026-05-16 18:15:00,108.0,108.0,106.0,108.0,66652.51476162,7133848.60306885
2026-05-16 18:30:00,107.0,108.0,107.0,108.0,28279.18702535,3035845.6995135
2026-05-16 18:45:00,108.0,108.0,107.0,107.0,25842.9103105,2790009.313534
2026-05-16 19:00:00,108.0,108.0,107.0,107.0,19700.5214824,2108055.7986168
2026-05-16 19:15:00,107.0,107.0,107.0,107.0,6370.28148829,681620.11924703
2026-05-16 19:30:00,108.0,108.0,107.0,108.0,23947.07543686,2585473.65160223
2026-05-16 19:45:00,107.0,108.0,107.0,108.0,265.45783593,28609.94214821
2026-05-16 20:00:00,108.0,108.0,108.0,108.0,15203.81391109,1642011.90239772
2026-05-16 20:15:00,108.0,108.0,108.0,108.0,84600.39182748,9136842.31736784
2026-05-16 20:30:00,108.0,109.0,107.0,108.0,107586.05422213,11562815.78782402
2026-05-16 21:00:00,108.0,108.0,108.0,108.0,2851.85185185,307999.9999998
2026-05-16 21:15:00,108.0,108.0,108.0,108.0,9867.73383552,1065715.25423616
2026-05-16 21:30:00,107.0,107.0,107.0,107.0,2678.65843107,286616.45212449
2026-05-16 21:45:00,107.0,109.0,107.0,109.0,390.53387849,41899.27453113
2026-05-16 22:00:00,108.0,108.0,108.0,108.0,4683.38982962,505806.10159896
2026-05-16 22:15:00,108.0,108.0,108.0,108.0,462.96296296,49999.99999968
2026-05-16 22:30:00,108.0,108.0,108.0,108.0,10013.40191034,1081447.40631672
2026-05-16 22:45:00,108.0,108.0,108.0,108.0,30632.0430294,3308260.6471752
2026-05-16 23:00:00,108.0,108.0,108.0,108.0,277.77777777,29999.99999916
2026-05-16 23:15:00,108.0,109.0,108.0,109.0,227780.01460604,24645406.7013124
2026-05-16 23:30:00,109.0,109.0,109.0,109.0,9253.81346023,1008665.66716507
2026-05-16 23:45:00,109.0,110.0,109.0,110.0,6411.13408262,698905.35812484
2026-05-17 00:00:00,109.0,110.0,109.0,109.0,187551.72183626,20630270.78578133
2026-05-17 01:00:00,110.0,110.0,110.0,110.0,910.93544137,100202.8985507
2026-05-17 01:15:00,110.0,110.0,110.0,110.0,64066.41402788,7047305.5430668
2026-05-17 01:30:00,110.0,110.0,110.0,110.0,22838.87155963,2512275.8715593
2026-05-17 01:45:00,110.0,111.0,110.0,111.0,2989.97757012,330715.71453138
2026-05-17 02:15:00,110.0,110.0,110.0,110.0,4783.6,526196.0
2026-05-17 02:30:00,111.0,111.0,111.0,111.0,90.9090909,10090.9090899
2026-05-17 02:45:00,111.0,111.0,111.0,111.0,1801.8018018,199999.9999998
2026-05-17 03:00:00,110.0,110.0,110.0,110.0,17264.8,1899128.0
2026-05-17 03:15:00,110.0,110.0,110.0,110.0,5631.13975577,619425.3731347
2026-05-17 03:45:00,111.0,111.0,111.0,111.0,937.58558558,104071.99999938
2026-05-17 04:00:00,111.0,111.0,111.0,111.0,73405.09909909,8147965.99999899
2026-05-17 05:00:00,110.0,110.0,110.0,110.0,4434.43721402,487788.0935422
2026-05-17 05:30:00,110.0,110.0,110.0,110.0,7346.1,808071.0
2026-05-17 06:45:00,110.0,110.0,110.0,110.0,756.42274473,83206.5019203
2026-05-17 08:00:00,110.0,110.0,110.0,110.0,5180.0,569800.0
2026-05-17 08:15:00,110.0,111.0,110.0,110.0,12530.89801304,1378578.96161458
2026-05-17 08:30:00,110.0,110.0,110.0,110.0,2758.56567129,303442.2238419
2026-05-17 08:45:00,110.0,110.0,110.0,110.0,10035.8,1103938.0
2026-05-17 09:00:00,110.0,111.0,110.0,111.0,128892.49377636,14186205.89311286
2026-05-17 09:15:00,110.0,110.0,110.0,110.0,272.72727273,30000.0000003
2026-05-17 09:30:00,110.0,111.0,110.0,111.0,898.67758696,98945.4436565
2026-05-17 09:45:00,110.0,110.0,110.0,110.0,126707.58593214,13937834.4525354
2026-05-17 10:00:00,109.0,109.0,109.0,109.0,9816.52031127,1070000.71392843
2026-05-17 10:30:00,109.0,109.0,109.0,109.0,3367.58887752,367067.18764968
2026-05-17 10:45:00,108.0,109.0,108.0,109.0,41751.04583422,4509159.73908658
2026-05-17 11:00:00,109.0,109.0,109.0,109.0,200.0,21800.0
2026-05-17 11:15:00,109.0,110.0,109.0,110.0,323.40834029,35416.50909161
2026-05-17 11:30:00,110.0,110.0,109.0,109.0,20375.97080532,2221027.1350526
2026-05-17 11:45:00,108.0,109.0,108.0,109.0,1485.00939155,160427.80327822
2026-05-17 12:00:00,109.0,109.0,109.0,109.0,44.95412845,4900.00000105
2026-05-17 12:15:00,110.0,110.0,109.0,109.0,8054.27499999,885912.75908981
2026-05-17 13:00:00,109.0,109.0,109.0,109.0,807.76849607,88046.76607163
2026-05-17 13:15:00,110.0,110.0,110.0,110.0,32126.05224616,3533865.7470776
2026-05-17 13:30:00,110.0,110.0,110.0,110.0,191.81818182,21100.0000002
2026-05-17 14:00:00,111.0,111.0,111.0,111.0,144.14414414,15999.99999954
2026-05-17 14:15:00,111.0,111.0,111.0,111.0,50204.4476,5572693.6836
2026-05-17 14:30:00,110.0,110.0,110.0,110.0,90.09009009,9909.9099099
2026-05-17 15:45:00,111.0,111.0,110.0,110.0,9101.6016016,1010185.185185
2026-05-17 16:30:00,111.0,112.0,111.0,112.0,3493.38107723,387820.29957253
2026-05-17 16:45:00,112.0,112.0,112.0,112.0,455.16079329,50978.00884848
2026-05-17 17:00:00,112.0,112.0,112.0,112.0,14714.48765802,1648022.61769824
2026-05-17 17:15:00,112.0,112.0,111.0,111.0,1628.10400019,180958.75913239
2026-05-17 18:00:00,112.0,112.0,112.0,112.0,7544.16541729,844946.52673648
2026-05-17 18:15:00,112.0,112.0,112.0,112.0,399.28571428,44719.99999936
2026-05-17 18:30:00,112.0,112.0,112.0,112.0,1835.28571428,205551.99999936
2026-05-17 18:45:00,112.0,112.0,112.0,112.0,100.0,11200.0
2026-05-17 19:00:00,112.0,112.0,111.0,112.0,3526.41298989,394692.77272484
2026-05-17 19:15:00,112.0,113.0,112.0,113.0,2334.41169657,263400.67006639
2026-05-17 19:30:00,112.0,112.0,112.0,112.0,20086.82953623,2249724.90805776
2026-05-17 19:45:00,112.0,112.0,111.0,111.0,175.55357142,19574.22321333
2026-05-17 20:00:00,112.0,112.0,112.0,112.0,264.44723294,29618.09008928
2026-05-17 20:15:00,111.0,111.0,110.0,111.0,1372.70648326,152196.06249901
2026-05-17 20:30:00,111.0,111.0,111.0,111.0,900.9009009,99999.9999999
2026-05-17 20:45:00,111.0,111.0,111.0,111.0,1891.89189189,209999.99999979
2026-05-17 21:30:00,111.0,111.0,111.0,111.0,2144.49834011,238039.31575221
2026-05-17 22:00:00,111.0,111.0,110.0,111.0,13668.63971264,1512825.1454163
2026-05-17 22:15:00,111.0,111.0,111.0,111.0,54.02702702,5996.99999922
2026-05-17 22:30:00,111.0,111.0,111.0,111.0,10720.65808919,1189993.04790009
2026-05-17 22:45:00,110.0,111.0,110.0,111.0,4743.1161161,521802.23223046
2026-05-17 23:00:00,111.0,111.0,111.0,111.0,16994.37843799,1886376.00661689
2026-05-17 23:15:00,110.0,110.0,110.0,110.0,52103.32622943,5731365.8852373
2026-05-17 23:30:00,110.0,110.0,110.0,110.0,272.72727272,29999.9999992
2026-05-18 00:00:00,111.0,111.0,111.0,111.0,100.54504504,11160.49999944
2026-05-18 00:45:00,111.0,112.0,111.0,112.0,7031.20697621,780518.97435931
2026-05-18 01:00:00,112.0,113.0,112.0,113.0,18824.2778679,2108530.45683806
2026-05-18 01:15:00,113.0,113.0,113.0,113.0,109496.64990513,12373121.43927969
2026-05-18 01:30:00,113.0,114.0,113.0,113.0,11375.7756631,1285890.94455491
2026-05-18 01:45:00,113.0,113.0,113.0,113.0,53290.52323395,6021829.12543635
2026-05-18 02:00:00,113.0,114.0,113.0,113.0,102361.28106715,11566876.97111426
2026-05-18 02:15:00,113.0,113.0,112.0,112.0,12268.52279245,1386290.86502054
2026-05-18 02:30:00,113.0,113.0,113.0,113.0,61.72839506,6975.30864178
2026-05-18 03:00:00,112.0,112.0,112.0,112.0,80.9759553,9069.3069936
2026-05-18 03:15:00,112.0,112.0,112.0,112.0,116.36917744,13033.34787328
2026-05-18 03:30:00,111.0,111.0,111.0,111.0,6158.32902611,683574.52189821
2026-05-18 03:45:00,111.0,111.0,111.0,111.0,258.29196344,28670.40794184
2026-05-18 04:00:00,111.0,111.0,111.0,111.0,126.96513513,14093.12999943
2026-05-18 05:00:00,111.0,111.0,111.0,111.0,3857.72650225,428207.64174975
2026-05-18 05:45:00,111.0,111.0,111.0,111.0,2702.7027027,299999.9999997
2026-05-18 06:00:00,111.0,111.0,111.0,111.0,18945.61261261,2102962.99999971
2026-05-18 06:15:00,111.0,111.0,111.0,111.0,28373.64864863,3149474.99999793
2026-05-18 06:30:00,112.0,112.0,112.0,112.0,95.49017857,10694.89999984
2026-05-18 07:00:00,111.0,111.0,111.0,111.0,180.18018018,19999.99999998
2026-05-18 07:15:00,111.0,111.0,111.0,111.0,2702.7027027,299999.9999997
2026-05-18 07:30:00,111.0,111.0,111.0,111.0,170.66241653,18943.52823483
2026-05-18 07:45:00,111.0,111.0,111.0,111.0,35023.50839057,3887609.43135327
2026-05-18 08:00:00,111.0,111.0,110.0,110.0,9409.92061117,1036987.42128275
2026-05-18 08:15:00,110.0,110.0,109.0,110.0,124152.99433463,13569072.82020291
2026-05-18 08:30:00,109.0,110.0,105.0,107.0,458712.65934592,49044144.210677
2026-05-18 08:45:00,107.0,108.0,106.0,108.0,138209.49046893,14715305.22251741
2026-05-18 09:00:00,108.0,108.0,106.0,107.0,211924.0085382,22506980.85708757
2026-05-18 09:15:00,107.0,107.0,107.0,107.0,53043.00467288,5675601.49999816
2026-05-18 09:30:00,107.0,108.0,106.0,107.0,219298.59244257,23402414.38985951
2026-05-18 09:45:00,106.0,107.0,106.0,107.0,38273.77754427,4089195.30117711
2026-05-18 10:00:00,108.0,108.0,107.0,108.0,65899.39058502,7062574.48071808
2026-05-18 10:15:00,107.0,108.0,106.0,106.0,93296.15891871,9962323.39517191
2026-05-18 10:30:00,107.0,107.0,107.0,107.0,50.0,5350.0
2026-05-18 10:45:00,107.0,108.0,107.0,108.0,19463.91251431,2084974.63903117
2026-05-18 11:00:00,108.0,108.0,108.0,108.0,97420.48780037,10521412.68243996
2026-05-18 11:15:00,108.0,109.0,108.0,109.0,94284.29380909,10182766.69434468
2026-05-18 11:30:00,109.0,109.0,108.0,108.0,6459.92731616,698589.58133794
2026-05-18 11:45:00,109.0,109.0,108.0,108.0,3990.05113423,430975.52249684
2026-05-18 12:00:00,109.0,109.0,109.0,109.0,80.0,8720.0
2026-05-18 12:15:00,108.0,109.0,108.0,109.0,10050.0,1085450.0
2026-05-18 12:30:00,108.0,108.0,108.0,108.0,6438.30862346,695337.33133368
2026-05-18 12:45:00,108.0,108.0,108.0,108.0,74142.22471171,8007360.26886468
2026-05-18 13:00:00,107.0,107.0,107.0,107.0,29623.36327916,3169699.87087012
2026-05-18 13:15:00,107.0,108.0,107.0,107.0,140548.07858625,15038991.82712875
2026-05-18 13:30:00,108.0,108.0,108.0,108.0,50.0,5400.0
2026-05-18 13:45:00,108.0,108.0,108.0,108.0,15748.1,1700794.8
2026-05-18 14:00:00,108.0,108.0,108.0,108.0,15741.0,1700028.0
2026-05-18 14:15:00,108.0,108.0,108.0,108.0,18345.37943801,1981300.97930508
2026-05-18 14:30:00,107.0,108.0,107.0,108.0,74100.57656357,7928811.69230199
2026-05-18 14:45:00,107.0,108.0,107.0,107.0,4552.01797249,487115.92305643
2026-05-18 15:00:00,107.0,107.0,107.0,107.0,70208.07009344,7512263.49999808
2026-05-18 15:15:00,107.0,107.0,106.0,106.0,61316.91957145,6560726.47546155
2026-05-18 15:30:00,106.0,107.0,106.0,107.0,47748.90951156,5108324.16285161
2026-05-18 15:45:00,108.0,108.0,108.0,108.0,98798.28392052,10670214.66341616
2026-05-18 16:15:00,109.0,110.0,109.0,109.0,122251.75972973,13341235.55318386
2026-05-18 16:30:00,109.0,111.0,109.0,111.0,21212.08894087,2334223.2352318
2026-05-18 16:45:00,111.0,112.0,110.0,111.0,106701.19973233,11915994.63684545
2026-05-18 17:00:00,110.0,112.0,109.0,111.0,158294.81980989,17549914.64239045
2026-05-18 17:15:00,111.0,112.0,109.0,110.0,296510.21862651,32606575.44676032
2026-05-18 17:30:00,109.0,111.0,109.0,111.0,33772.80181126,3716120.3126582
2026-05-18 17:45:00,111.0,111.0,111.0,111.0,65283.18355063,7246433.37411993
2026-05-18 18:00:00,111.0,111.0,108.0,108.0,182956.33609867,19828472.52842791
2026-05-18 18:15:00,108.0,108.0,108.0,108.0,52819.24189363,5704478.12451204
2026-05-18 18:30:00,108.0,108.0,108.0,108.0,3563.44896504,384852.48822432
2026-05-18 18:45:00,108.0,109.0,108.0,108.0,15668.38436732,1695121.51167056
2026-05-18 19:00:00,107.0,107.0,106.0,106.0,37575.37261787,4003192.27870474
2026-05-18 19:15:00,106.0,107.0,106.0,106.0,96024.65056429,10189690.04743915
2026-05-18 19:30:00,106.0,106.0,106.0,106.0,89425.84374786,9479139.43727316
2026-05-18 19:45:00,105.0,106.0,105.0,106.0,22645.71944318,2377848.65474144
2026-05-18 20:00:00,105.0,105.0,105.0,105.0,32860.0,3450300.0
2026-05-18 20:15:00,105.0,105.0,105.0,105.0,135643.16795921,14242532.63571705
2026-05-18 20:30:00,105.0,105.0,105.0,105.0,94611.71484683,9934230.05891715
2026-05-18 20:45:00,105.0,107.0,104.0,107.0,290545.0216442,30726958.63361236
2026-05-18 21:00:00,108.0,108.0,107.0,107.0,33856.85263275,3637180.3948124
2026-05-18 21:15:00,108.0,109.0,107.0,109.0,82726.32873437,8944020.24166149
2026-05-18 21:30:00,109.0,109.0,109.0,109.0,35000.0,3815000.0
2026-05-18 21:45:00,109.0,109.0,109.0,109.0,917.43119266,99999.99999994
2026-05-18 22:00:00,108.0,109.0,108.0,109.0,32186.15187357,3498200.30004689
2026-05-18 22:15:00,108.0,108.0,108.0,108.0,14258.7601078,1539946.0916424
2026-05-18 22:30:00,108.0,108.0,107.0,107.0,37928.49996965,4091515.58240068
2026-05-18 23:00:00,107.0,108.0,107.0,108.0,41123.54503346,4400312.77652414
2026-05-18 23:15:00,108.0,108.0,108.0,108.0,70.07407407,7567.99999956
2026-05-18 23:30:00,107.0,107.0,106.0,107.0,70406.49538254,7532950.36233293
2026-05-18 23:45:00,106.0,107.0,106.0,107.0,5904.60067791,626062.45073343
2026-05-19 00:00:00,107.0,107.0,107.0,107.0,18831.77570092,2014999.99999844
2026-05-19 00:15:00,107.0,107.0,107.0,107.0,26155.17474907,2798603.69815049
2026-05-19 00:30:00,107.0,107.0,107.0,107.0,1888.130701,202029.985007
2026-05-19 00:45:00,107.0,107.0,107.0,107.0,60593.31633246,6483484.84757322
2026-05-19 03:00:00,107.0,107.0,107.0,107.0,107310.52984576,11482226.69349632
2026-05-19 03:15:00,106.0,106.0,106.0,106.0,950.0,100700.0
2026-05-19 03:45:00,106.0,106.0,106.0,106.0,7713.0,817578.0
2026-05-19 04:00:00,106.0,106.0,106.0,106.0,104.65266653,11093.18265218
2026-05-19 04:30:00,108.0,108.0,107.0,107.0,301.89061958,32463.99999876
2026-05-19 04:45:00,108.0,108.0,108.0,108.0,2132.79275566,230341.61761128
2026-05-19 05:30:00,108.0,109.0,108.0,108.0,8559.33943874,924592.14562244
2026-05-19 05:45:00,108.0,108.0,108.0,108.0,31270.2815259,3377190.4047972
2026-05-19 06:00:00,107.0,108.0,107.0,108.0,276.94418244,29726.485465
2026-05-19 06:30:00,108.0,108.0,108.0,108.0,200.0,21600.0
2026-05-19 06:45:00,108.0,108.0,108.0,108.0,12206.38618827,1318289.70833316
2026-05-19 07:00:00,109.0,109.0,109.0,109.0,87.0,9483.0
2026-05-19 07:15:00,109.0,109.0,109.0,109.0,50533.40302325,5508140.92953425
2026-05-19 07:30:00,109.0,109.0,109.0,109.0,6141.78623853,669454.69999977
2026-05-19 07:45:00,109.0,109.0,109.0,109.0,2752.29357798,299999.99999982
2026-05-19 08:00:00,109.0,109.0,109.0,109.0,925.50055247,100879.56021923
2026-05-19 08:15:00,109.0,109.0,109.0,109.0,22926.61008944,2499000.49974896
2026-05-19 08:45:00,108.0,108.0,108.0,108.0,4206.92886235,454348.3171338
2026-05-19 09:00:00,109.0,109.0,109.0,109.0,184.33571185,20092.59259165
2026-05-19 09:15:00,109.0,110.0,109.0,109.0,108318.99914589,11807770.92508382
2026-05-19 09:30:00,109.0,109.0,109.0,109.0,10000.0,1090000.0
2026-05-19 09:45:00,109.0,109.0,109.0,109.0,45333.68715596,4941371.89999964
2026-05-19 10:00:00,109.0,110.0,109.0,110.0,28399.520417,3095602.725453
2026-05-19 10:15:00,109.0,109.0,108.0,109.0,34220.78899082,3729991.99999938
2026-05-19 10:30:00,109.0,109.0,109.0,109.0,65881.39416529,7181071.96401661
2026-05-19 11:00:00,109.0,109.0,109.0,109.0,34097.02488205,3716575.71214345
2026-05-19 11:15:00,109.0,110.0,109.0,109.0,23756.82670162,2603940.0695425
2026-05-19 11:30:00,109.0,109.0,108.0,109.0,5966.89093364,649058.16578724
2026-05-19 11:45:00,109.0,109.0,109.0,109.0,20000.0,2180000.0
2026-05-19 12:00:00,108.0,108.0,108.0,108.0,38701.17031187,4179726.39368196
2026-05-19 12:15:00,108.0,110.0,108.0,108.0,5443.06933939,590721.69037144
2026-05-19 12:30:00,109.0,109.0,109.0,109.0,5171.3944954,563681.9999986
2026-05-19 13:00:00,109.0,109.0,109.0,109.0,9174.3119266,999999.9999994
2026-05-19 13:15:00,109.0,109.0,109.0,109.0,179.30221917,19543.94188953
2026-05-19 13:45:00,109.0,109.0,109.0,109.0,14395.55456216,1569115.44727544
2026-05-19 14:15:00,108.0,108.0,108.0,108.0,42284.46874409,4566722.62436172
2026-05-19 14:30:00,108.0,108.0,108.0,108.0,67652.44954128,7306464.55045824
2026-05-19 14:45:00,108.0,109.0,108.0,108.0,21687.68360748,2363370.74703903
2026-05-19 15:00:00,109.0,109.0,109.0,109.0,34318.25371716,3740689.65517044
2026-05-19 15:15:00,109.0,109.0,109.0,109.0,5513.90359865,601015.49225285
2026-05-19 15:30:00,108.0,109.0,108.0,109.0,53504.82653677,5778660.64755457
2026-05-19 15:45:00,108.0,109.0,108.0,109.0,12643.48446573,1365588.91489143
2026-05-19 16:15:00,109.0,109.0,108.0,109.0,3480.79841697,378022.18132633
2026-05-19 17:15:00,109.0,109.0,109.0,109.0,1100.91743118,119999.99999862
2026-05-19 17:30:00,109.0,109.0,108.0,108.0,8851.08987512,964517.87956077
2026-05-19 17:45:00,109.0,109.0,109.0,109.0,100.0,10900.0
2026-05-19 18:00:00,108.0,108.0,108.0,108.0,9174.31192661,990825.68807388
2026-05-19 18:15:00,108.0,108.0,107.0,108.0,44302.8106729,4782561.62816694
2026-05-19 18:45:00,108.0,108.0,108.0,108.0,50.0,5400.0
2026-05-19 19:00:00,108.0,108.0,108.0,108.0,5941.76603122,641710.73137176
2026-05-19 19:15:00,108.0,109.0,108.0,108.0,27470.91216171,2966951.10605727
2026-05-19 19:30:00,107.0,108.0,107.0,108.0,28124.99999998,3037199.99999784
2026-05-19 19:45:00,108.0,109.0,108.0,109.0,41526.68546619,4495062.09627885
2026-05-19 20:00:00,109.0,109.0,109.0,109.0,91789.0091743,10005001.9999987
2026-05-19 20:15:00,109.0,109.0,109.0,109.0,93.167,10155.203
2026-05-19 20:30:00,108.0,109.0,107.0,107.0,90323.12464483,9752674.98016015
2026-05-19 20:45:00,108.0,108.0,108.0,108.0,66.11111111,7139.99999988
2026-05-19 21:15:00,108.0,109.0,108.0,109.0,57718.00524242,6233600.12173691
2026-05-19 21:30:00,109.0,109.0,109.0,109.0,66317.82231432,7228642.63226088
2026-05-19 21:45:00,109.0,109.0,109.0,109.0,1099.7345364,119871.0644676
2026-05-19 22:00:00,109.0,109.0,109.0,109.0,30000.0,3270000.0
2026-05-19 22:30:00,108.0,108.0,108.0,108.0,29743.46059292,3212293.74403536
2026-05-19 22:45:00,108.0,108.0,108.0,108.0,208880.62284046,22559107.26676968
2026-05-19 23:00:00,109.0,109.0,108.0,108.0,3760.48341781,406224.80171607
2026-05-19 23:15:00,107.0,107.0,107.0,107.0,3141.20334931,336108.75837617
2026-05-19 23:30:00,108.0,108.0,108.0,108.0,19498.92592592,2105883.99999936
2026-05-19 23:45:00,107.0,108.0,107.0,108.0,2286.04387976,244677.55624543
2026-05-20 00:00:00,107.0,108.0,107.0,108.0,10777.53727131,1162796.92132597
2026-05-20 00:15:00,107.0,108.0,107.0,108.0,9549.44333388,1021837.65894738
2026-05-20 00:30:00,108.0,108.0,108.0,108.0,1156.35700667,124886.55672036
2026-05-20 00:45:00,107.0,107.0,107.0,107.0,3100.0,331700.0
2026-05-20 01:00:00,107.0,107.0,107.0,107.0,144940.59531454,15508643.69865578
2026-05-20 01:15:00,107.0,107.0,107.0,107.0,4335.10744627,463856.49675089
2026-05-20 01:45:00,108.0,108.0,108.0,108.0,13328.75229051,1439505.24737508
2026-05-20 02:00:00,108.0,108.0,108.0,108.0,18509.26388657,1999000.49974956
2026-05-20 03:30:00,107.0,107.0,107.0,107.0,8852.42388686,947209.35589402
2026-05-20 04:15:00,107.0,107.0,107.0,107.0,11561.0,1237027.0
2026-05-20 04:30:00,107.0,107.0,107.0,107.0,3083.0,329881.0
2026-05-20 05:00:00,108.0,109.0,108.0,109.0,92708.19291354,10023909.86481853
2026-05-20 05:15:00,109.0,112.0,108.0,111.0,574040.27744867,63407394.39128158
2026-05-20 05:30:00,110.0,110.0,107.0,108.0,224776.29437315,24450429.33402995
2026-05-20 05:45:00,108.0,109.0,108.0,108.0,57451.73866532,6261491.71088385
2026-05-20 06:00:00,109.0,110.0,109.0,109.0,9335.67889907,1017638.99999863
2026-05-20 06:30:00,109.0,110.0,109.0,110.0,6584.99999999,718819.9999989
2026-05-20 06:45:00,109.0,109.0,109.0,109.0,9090.9090909,990909.0909081
2026-05-20 07:00:00,109.0,109.0,109.0,109.0,10081.70474395,1098905.81709055
2026-05-20 07:15:00,109.0,109.0,108.0,108.0,5146.06175174,560522.71418835
2026-05-20 07:30:00,109.0,109.0,108.0,109.0,25457.27893436,2753793.80416758
2026-05-20 07:45:00,109.0,109.0,109.0,109.0,79061.0979854,8617659.6804086
2026-05-20 08:00:00,109.0,109.0,108.0,109.0,11852.62418231,1289437.99713884
2026-05-20 08:15:00,110.0,110.0,110.0,110.0,49546.2885738,5450091.743118
2026-05-20 08:30:00,110.0,110.0,109.0,110.0,269.79516522,29617.7198742
2026-05-20 08:45:00,109.0,110.0,109.0,109.0,151743.90017819,16540135.11942271
2026-05-20 09:00:00,110.0,110.0,109.0,109.0,39188.86796789,4271732.97115455
2026-05-20 09:15:00,108.0,109.0,108.0,108.0,95244.39754013,10286502.93433404
2026-05-20 09:30:00,108.0,109.0,108.0,108.0,30039.35027898,3244299.83012984
2026-05-20 09:45:00,109.0,109.0,108.0,108.0,27683.24780884,2998519.47239469
2026-05-20 10:00:00,108.0,108.0,107.0,107.0,17228.58792044,1845458.90748708
2026-05-20 10:15:00,107.0,107.0,107.0,107.0,11319.00357896,1211133.38294872
2026-05-20 10:30:00,108.0,108.0,108.0,108.0,2564.87342437,277006.32983196
2026-05-20 10:45:00,107.0,107.0,107.0,107.0,20000.0,2140000.0
2026-05-20 11:00:00,108.0,108.0,108.0,108.0,92.59259259,9999.99999972
2026-05-20 11:15:00,107.0,107.0,107.0,107.0,4881.60659571,522331.90574097
2026-05-20 11:45:00,107.0,107.0,107.0,107.0,4056.45917765,434041.13200855
2026-05-20 12:00:00,108.0,108.0,108.0,108.0,5844.86002065,631244.8822302
2026-05-20 12:15:00,108.0,108.0,108.0,108.0,47.22222222,5099.99999976
2026-05-20 12:30:00,107.0,108.0,107.0,108.0,2825.01144118,305054.00198403
2026-05-20 13:30:00,107.0,108.0,107.0,107.0,54108.68378937,5793795.83212925
2026-05-20 14:00:00,108.0,108.0,108.0,108.0,23189.13681618,2504426.77614744
2026-05-20 14:15:00,108.0,108.0,108.0,108.0,83352.73098822,9002094.94672776
2026-05-20 14:45:00,108.0,109.0,107.0,109.0,5141.0458734,550615.03126207
2026-05-20 15:00:00,108.0,109.0,108.0,109.0,477.30247706,51970.63999954
2026-05-20 15:15:00,108.0,108.0,108.0,108.0,868.42924043,93790.35796644
2026-05-20 15:30:00,109.0,109.0,109.0,109.0,183.48623853,19999.99999977
2026-05-20 15:45:00,108.0,109.0,108.0,109.0,11810.50735844,1275580.71214271
2026-05-20 16:00:00,108.0,109.0,108.0,109.0,2543.18588063,274709.99253923
2026-05-20 16:15:00,109.0,109.0,108.0,109.0,1330.33943565,144364.78748362
2026-05-20 17:00:00,108.0,108.0,108.0,108.0,124696.29412973,13467199.76601084
2026-05-20 17:15:00,108.0,108.0,108.0,108.0,104.59813524,11296.59860592
2026-05-20 17:30:00,108.0,109.0,108.0,109.0,23801.61960685,2570961.03012451
2026-05-20 17:45:00,109.0,109.0,109.0,109.0,183.48623853,19999.99999977
2026-05-20 18:00:00,109.0,109.0,108.0,108.0,1123.48623853,121519.99999977
2026-05-20 18:15:00,108.0,108.0,108.0,108.0,2998.38623853,323825.71376124
2026-05-20 18:30:00,109.0,109.0,109.0,109.0,712.06161914,77614.71648626
2026-05-20 19:00:00,109.0,109.0,109.0,109.0,458.71559633,49999.99999997
2026-05-20 19:15:00,109.0,109.0,109.0,109.0,917.43119266,99999.99999994
2026-05-20 19:30:00,108.0,109.0,108.0,109.0,498.53106176,53887.27210127
2026-05-20 20:00:00,109.0,109.0,108.0,109.0,39671.28077738,4322522.94143167
2026-05-20 20:15:00,109.0,109.0,109.0,109.0,22479.29679654,2450243.35082286
2026-05-20 20:30:00,108.0,108.0,108.0,108.0,540.88111364,58415.16027312
2026-05-20 20:45:00,108.0,108.0,107.0,108.0,76795.82930993,8293898.63954652
2026-05-20 21:00:00,108.0,108.0,108.0,108.0,9351.85185184,1009999.99999872
2026-05-20 21:15:00,107.0,108.0,107.0,108.0,33767.7633749,3617095.37891491
2026-05-20 21:30:00,108.0,109.0,108.0,109.0,17856.4355672,1928540.95868879
2026-05-20 21:45:00,109.0,109.0,109.0,109.0,1008.73408249,109952.01499141
2026-05-20 22:00:00,109.0,109.0,109.0,109.0,17557.12042945,1913726.12681005
2026-05-20 22:15:00,109.0,109.0,109.0,109.0,11513.76146788,1254999.99999892
2026-05-20 22:45:00,109.0,109.0,108.0,108.0,152879.9501695,16643897.97981924
2026-05-20 23:00:00,108.0,108.0,108.0,108.0,30291.84516373,3271519.27768284
2026-05-20 23:15:00,110.0,110.0,109.0,109.0,56196.17357622,6126199.87435343
2026-05-20 23:30:00,110.0,110.0,110.0,110.0,16347.21732315,1798193.9055465
2026-05-20 23:45:00,109.0,110.0,109.0,110.0,61247.20045502,6676081.24050626
2026-05-21 00:00:00,109.0,109.0,109.0,109.0,102.8037383,11205.6074747
2026-05-21 00:15:00,110.0,110.0,109.0,109.0,6187.20277265,680501.3959006
2026-05-21 00:30:00,109.0,109.0,109.0,109.0,2708.96921423,295277.64435107
2026-05-21 00:45:00,110.0,110.0,110.0,110.0,37738.78142746,4151265.9570206
2026-05-21 01:00:00,110.0,111.0,110.0,111.0,21634.82956557,2379939.24998055
2026-05-21 01:15:00,111.0,111.0,110.0,110.0,83230.94256069,9238134.62423659
2026-05-21 01:30:00,110.0,112.0,110.0,112.0,62439.95987263,6881339.24766865
2026-05-21 01:45:00,112.0,112.0,112.0,112.0,18360.28297904,2056351.69365248
2026-05-21 02:00:00,112.0,113.0,112.0,113.0,26260.64419689,2941247.15005168
2026-05-21 02:15:00,113.0,113.0,113.0,113.0,3654.86725663,412999.99999919
2026-05-21 02:30:00,112.0,113.0,112.0,113.0,1323.81246982,148414.91697382
2026-05-21 02:45:00,113.0,113.0,113.0,113.0,46.0,5198.0
2026-05-21 03:00:00,113.0,113.0,113.0,113.0,6490.99344132,733482.25886916
2026-05-21 03:30:00,113.0,113.0,113.0,113.0,45.0,5085.0
2026-05-21 03:45:00,113.0,113.0,113.0,113.0,78346.5092781,8853155.5484253
2026-05-21 04:00:00,113.0,113.0,112.0,112.0,51686.08937062,5836824.69709434
2026-05-21 04:15:00,113.0,114.0,113.0,114.0,9001.86014959,1020630.70589382
2026-05-21 04:30:00,114.0,114.0,114.0,114.0,4385.96491228,499999.99999992
2026-05-21 05:00:00,113.0,113.0,113.0,113.0,45.0,5085.0
2026-05-21 05:15:00,113.0,113.0,113.0,113.0,660.92617408,74684.65767104
2026-05-21 05:30:00,113.0,113.0,113.0,113.0,88.49557522,9999.99999986
2026-05-21 05:45:00,113.0,113.0,113.0,113.0,976.10619469,110299.99999997
2026-05-21 06:00:00,112.0,112.0,112.0,112.0,12712.81884047,1423835.71013264
2026-05-21 06:15:00,112.0,112.0,112.0,112.0,15362.1383335,1720559.493352
2026-05-21 06:30:00,112.0,113.0,112.0,112.0,4051.83159099,453982.04088997
2026-05-21 06:45:00,112.0,112.0,112.0,112.0,17306.17671528,1938291.79211136
2026-05-21 07:00:00,112.0,113.0,112.0,113.0,41808.58865817,4691469.36180864
2026-05-21 07:15:00,112.0,112.0,111.0,112.0,197026.70762415,22051816.6996483
2026-05-21 07:30:00,112.0,112.0,112.0,112.0,897.88141643,100562.71864016
2026-05-21 08:00:00,111.0,112.0,111.0,112.0,451.07560049,50426.53451152
2026-05-21 08:15:00,111.0,112.0,111.0,112.0,42219.55779433,4696192.34374205
2026-05-21 08:30:00,112.0,112.0,111.0,112.0,31682.1516748,3523959.90733136
2026-05-21 09:00:00,112.0,112.0,111.0,112.0,46622.21574528,5213312.23201442
2026-05-21 09:15:00,112.0,113.0,111.0,112.0,244562.99699704,27390002.39925338
2026-05-21 09:30:00,112.0,113.0,112.0,113.0,316.68666179,35568.90612048
2026-05-21 09:45:00,113.0,113.0,113.0,113.0,8603.73451327,972221.99999951
2026-05-21 10:00:00,113.0,113.0,113.0,113.0,6772.18492792,765256.89685496
2026-05-21 10:15:00,113.0,113.0,113.0,113.0,46887.50360301,5298287.90714013
2026-05-21 10:30:00,113.0,113.0,112.0,112.0,12629.43434536,1417137.80397777
2026-05-21 10:45:00,112.0,113.0,112.0,112.0,18460.07447393,2078447.06674386
2026-05-21 11:00:00,112.0,113.0,112.0,113.0,5671.41592919,638020.27433476
2026-05-21 11:15:00,113.0,113.0,113.0,113.0,52971.76156762,5985809.05714106
2026-05-21 11:30:00,113.0,113.0,113.0,113.0,5351.33760994,604701.14992322
2026-05-21 12:15:00,112.0,113.0,112.0,113.0,23511.83611918,2656744.88887475
2026-05-21 12:30:00,113.0,113.0,113.0,113.0,100000.0,11300000.0
2026-05-21 12:45:00,114.0,114.0,113.0,113.0,396.84952646,44887.89999875
2026-05-21 13:00:00,113.0,114.0,113.0,113.0,9943.06363147,1125364.47982978
2026-05-21 13:15:00,113.0,114.0,113.0,114.0,6620.02710674,748151.55863684
2026-05-21 13:30:00,113.0,113.0,113.0,113.0,29686.96469276,3354627.01028188
2026-05-21 13:45:00,114.0,114.0,113.0,114.0,21503.71052631,2430050.99999934
2026-05-21 14:00:00,113.0,114.0,113.0,113.0,21820.44257132,2465798.50613438
2026-05-21 14:15:00,114.0,114.0,113.0,113.0,89266.2036248,10136015.38764928
2026-05-21 14:30:00,113.0,114.0,113.0,113.0,147050.14397073,16617410.17220126
2026-05-21 14:45:00,112.0,112.0,112.0,112.0,50190.33317757,5621317.31588784
2026-05-21 15:00:00,113.0,113.0,112.0,113.0,53052.96960766,5949772.31106183
2026-05-21 15:15:00,112.0,113.0,112.0,113.0,19273.58299462,2161256.54089415
2026-05-21 15:30:00,113.0,113.0,113.0,113.0,85.48437629,9659.73452077
2026-05-21 15:45:00,113.0,114.0,113.0,114.0,24632.78376915,2793568.60771321
2026-05-21 16:00:00,114.0,114.0,113.0,113.0,179000.41691915,20249873.37763221
2026-05-21 16:15:00,112.0,113.0,112.0,113.0,3033.921283,342099.32516249
2026-05-21 16:30:00,113.0,114.0,112.0,114.0,119202.2516723,13451024.67407969
2026-05-21 16:45:00,114.0,114.0,114.0,114.0,78.67995826,8969.51524164
2026-05-21 17:00:00,113.0,114.0,113.0,114.0,52326.73191666,5914262.7976223
2026-05-21 17:30:00,114.0,115.0,113.0,115.0,74219.80326613,8516608.24337593
2026-05-21 17:45:00,115.0,115.0,114.0,115.0,54314.58246861,6246084.06353617
2026-05-21 18:00:00,115.0,115.0,115.0,115.0,22071.83260868,2538260.7499982
2026-05-21 18:15:00,115.0,115.0,114.0,115.0,18557.30372629,2125455.74409526
2026-05-21 18:30:00,115.0,115.0,114.0,114.0,138827.06429498,15857025.88180162
2026-05-21 18:45:00,114.0,114.0,113.0,113.0,5385.96491228,612999.99999992
2026-05-21 19:00:00,114.0,114.0,113.0,113.0,1096.53508772,124127.80701762
2026-05-21 19:15:00,114.0,115.0,114.0,115.0,588423.76619202,67612553.32470912
2026-05-21 19:30:00,115.0,115.0,115.0,115.0,258212.73476024,29694464.4974276
2026-05-21 19:45:00,114.0,114.0,114.0,114.0,212122.43195716,24181957.24311624
2026-05-21 20:00:00,114.0,115.0,114.0,114.0,100038.67197069,11404496.3239569
2026-05-21 20:15:00,115.0,115.0,114.0,114.0,12647.72833522,1451531.84135297
2026-05-21 20:30:00,114.0,115.0,114.0,115.0,81526.94171133,9346298.3550916
2026-05-21 20:45:00,115.0,115.0,114.0,114.0,48404.25866194,5562224.09394919
2026-05-21 21:00:00,115.0,115.0,114.0,114.0,107155.50705774,12226411.29009245
2026-05-21 21:15:00,114.0,114.0,114.0,114.0,208612.17972976,23781788.48919264
2026-05-21 21:30:00,113.0,114.0,113.0,113.0,112280.1097855,12694456.68534976
2026-05-21 21:45:00,114.0,115.0,114.0,115.0,31556.53862046,3597603.46360199
2026-05-21 22:00:00,114.0,115.0,114.0,114.0,41760.0687362,4761930.38375288
2026-05-21 22:15:00,114.0,115.0,114.0,115.0,46455.90943278,5296130.64924996
2026-05-21 22:30:00,114.0,115.0,114.0,115.0,362294.1753774,41638084.07030206
2026-05-21 22:45:00,114.0,116.0,114.0,115.0,175135.08402757,20086635.20196265
2026-05-21 23:00:00,115.0,116.0,115.0,115.0,25230.37291678,2901852.19577451
2026-05-21 23:15:00,115.0,115.0,115.0,115.0,12898.47568572,1483324.7038578
2026-05-21 23:30:00,115.0,115.0,114.0,115.0,12167.82643739,1398188.17078102
2026-05-21 23:45:00,114.0,114.0,114.0,114.0,225.32894737,25687.50000018
2026-05-22 00:00:00,114.0,115.0,114.0,114.0,45555.53420441,5193418.61860098
2026-05-22 00:15:00,114.0,115.0,114.0,115.0,52885.22364676,6066896.35504581
2026-05-22 00:30:00,115.0,115.0,115.0,115.0,79785.83270191,9175370.76071965
2026-05-22 00:45:00,115.0,115.0,115.0,115.0,4518.59700401,519638.65546115
2026-05-22 01:00:00,114.0,115.0,114.0,115.0,16376.98451683,1867196.95665775
2026-05-22 01:15:00,114.0,114.0,114.0,114.0,30296.89801709,3453846.37394826
2026-05-22 01:30:00,114.0,114.0,114.0,114.0,58998.59726208,6725840.08787712
2026-05-22 02:00:00,114.0,114.0,114.0,114.0,4432.22807017,505273.99999938
2026-05-22 02:15:00,114.0,114.0,114.0,114.0,5263.15789473,599999.99999922
2026-05-22 02:30:00,114.0,114.0,114.0,114.0,23460.07169385,2674448.1730989
2026-05-22 02:45:00,114.0,114.0,114.0,114.0,442.20419992,50411.27879088
2026-05-22 03:00:00,114.0,115.0,114.0,114.0,152.53452608,17433.2837992
2026-05-22 03:15:00,115.0,115.0,114.0,114.0,706.95028452,80647.33243528
2026-05-22 03:30:00,114.0,115.0,114.0,114.0,82608.7520643,9417450.36690914
2026-05-22 03:45:00,114.0,114.0,113.0,114.0,648.00094891,73809.32515733
2026-05-22 04:00:00,114.0,114.0,114.0,114.0,54035.9868421,6160102.4999994
2026-05-22 04:15:00,114.0,115.0,114.0,115.0,403344.02654537,46340521.99635089
2026-05-22 04:30:00,115.0,116.0,114.0,116.0,95391.30575657,10952833.30545383
2026-05-22 04:45:00,115.0,116.0,115.0,116.0,105729.2141636,12239448.5429776
2026-05-22 05:00:00,116.0,116.0,116.0,116.0,191867.5117697,22256631.3652852
2026-05-22 05:15:00,116.0,116.0,116.0,116.0,53447.27118936,6199883.45796576
2026-05-22 05:30:00,116.0,117.0,116.0,116.0,78987.45232898,9166770.62375141
2026-05-22 05:45:00,117.0,117.0,116.0,117.0,258596.83028143,30252789.14292731
2026-05-22 06:00:00,117.0,118.0,117.0,117.0,4234.38996079,495523.62541243
2026-05-22 06:15:00,117.0,117.0,117.0,117.0,103732.92157103,12136751.82381051
2026-05-22 06:30:00,117.0,118.0,117.0,118.0,20482.53343806,2397413.44615102
2026-05-22 06:45:00,118.0,119.0,117.0,117.0,259852.75521994,30635414.23998653
2026-05-22 07:00:00,117.0,118.0,117.0,117.0,55740.5677731,6534520.84470692
2026-05-22 07:15:00,118.0,118.0,117.0,117.0,12630.98097662,1486553.46468898
2026-05-22 07:30:00,117.0,118.0,117.0,118.0,31406.4827177,3675927.0796658
2026-05-22 07:45:00,118.0,118.0,117.0,117.0,12428.42088717,1462759.09144707
2026-05-22 08:00:00,118.0,118.0,118.0,118.0,3327.46610165,392640.9999947
2026-05-22 08:15:00,117.0,118.0,117.0,117.0,57508.62063684,6728636.49984998
2026-05-22 08:30:00,117.0,117.0,116.0,116.0,1596.6783223,185452.80377013
2026-05-22 08:45:00,117.0,118.0,117.0,117.0,878.88465068,103071.57192617
2026-05-22 09:00:00,117.0,118.0,116.0,117.0,43183.33676258,5052456.95202029
2026-05-22 09:15:00,117.0,117.0,116.0,116.0,71468.47308763,8358792.98533293
2026-05-22 09:30:00,117.0,117.0,116.0,117.0,30956.69147332,3610740.14094862
2026-05-22 09:45:00,117.0,118.0,116.0,118.0,190086.96728256,22227426.51154499
2026-05-22 10:00:00,117.0,117.0,116.0,117.0,118915.54764925,13910510.37931008
2026-05-22 10:15:00,118.0,118.0,118.0,118.0,35262.48290401,4160972.98267318
2026-05-22 10:30:00,118.0,119.0,118.0,118.0,62722.95918967,7401364.18438106
2026-05-22 10:45:00,118.0,119.0,117.0,119.0,38039.10306132,4483684.75936595
2026-05-22 11:00:00,119.0,119.0,118.0,118.0,10205.14458611,1210357.04033735
2026-05-22 11:15:00,117.0,118.0,117.0,118.0,48782.54811499,5709132.79894533
2026-05-22 11:45:00,118.0,118.0,116.0,117.0,13649.9023903,1594666.62266227
2026-05-22 12:00:00,116.0,117.0,116.0,117.0,388216.84315997,45037496.58433429
2026-05-22 12:15:00,116.0,117.0,116.0,117.0,90756.64832492,10527899.53902403
2026-05-22 12:30:00,116.0,117.0,116.0,117.0,2405.73850075,279108.44386477
2026-05-22 12:45:00,117.0,117.0,116.0,116.0,4008.95275693,465520.48824272
2026-05-22 13:00:00,116.0,117.0,116.0,117.0,10629.93210043,1240764.43134218
2026-05-22 13:15:00,116.0,117.0,116.0,117.0,28789.1628472,3345676.92446323
2026-05-22 13:30:00,117.0,117.0,115.0,116.0,6143.97119549,716067.7535482
2026-05-22 13:45:00,115.0,116.0,115.0,116.0,4982.65845525,576988.380809
2026-05-22 14:00:00,116.0,116.0,115.0,116.0,198136.45520035,22786223.46872989
2026-05-22 14:15:00,115.0,116.0,115.0,116.0,10574.26977647,1217838.46611193
2026-05-22 14:30:00,116.0,116.0,115.0,116.0,3004.32113682,348156.42428492
2026-05-22 14:45:00,116.0,116.0,116.0,116.0,208.73275862,24212.99999992
2026-05-22 15:00:00,116.0,116.0,115.0,116.0,10822.63634036,1244732.53258967
2026-05-22 15:30:00,116.0,116.0,115.0,115.0,74738.83921519,8599397.5442296
2026-05-22 15:45:00,116.0,116.0,115.0,115.0,33064.90211233,3819754.3174798
2026-05-22 16:00:00,115.0,116.0,115.0,116.0,1142.88108812,131474.47168552
2026-05-22 16:15:00,116.0,116.0,116.0,116.0,40072.75202523,4648439.23492668
2026-05-22 16:30:00,117.0,117.0,116.0,117.0,48592.0084262,5636851.31077251
2026-05-22 16:45:00,117.0,118.0,116.0,117.0,404750.40757178,47361763.2620367
2026-05-22 17:00:00,118.0,118.0,116.0,118.0,7824.42256075,916553.8048332
2026-05-22 17:15:00,118.0,120.0,118.0,120.0,112777.69669805,13347846.23286104
2026-05-22 17:30:00,119.0,119.0,118.0,118.0,459491.64659873,54257542.97274405
2026-05-22 17:45:00,118.0,118.0,117.0,117.0,16385.68114247,1933440.37481146
2026-05-22 18:00:00,118.0,119.0,118.0,119.0,351.93104846,41572.86371828
2026-05-22 18:15:00,118.0,119.0,118.0,118.0,18238.8544451,2152316.25095677
2026-05-22 18:30:00,118.0,119.0,118.0,118.0,6951.05882352,820266.99999888
2026-05-22 18:45:00,119.0,119.0,118.0,119.0,797.60858564,94302.69417658
2026-05-22 19:00:00,119.0,119.0,117.0,117.0,51164.78253457,6037115.26695749
2026-05-22 19:15:00,117.0,119.0,117.0,119.0,134451.63635348,15833797.32080937
2026-05-22 19:30:00,119.0,119.0,119.0,119.0,200.0,23800.0
2026-05-22 19:45:00,119.0,119.0,118.0,118.0,152963.81038397,18202336.33969243
2026-05-22 20:00:00,119.0,120.0,118.0,118.0,16212.3468732,1927859.85879849
2026-05-22 20:15:00,119.0,119.0,118.0,118.0,90697.23019638,10778175.60273036
2026-05-22 20:30:00,119.0,119.0,118.0,119.0,338.54839149,40124.62046031
2026-05-22 20:45:00,118.0,119.0,118.0,119.0,258.50049817,30587.80454677
2026-05-22 21:00:00,119.0,119.0,118.0,119.0,8687.83542229,1033809.99999827
2026-05-22 21:15:00,119.0,119.0,118.0,118.0,50980.39568572,6057904.75010068
2026-05-22 21:30:00,120.0,120.0,118.0,119.0,8052.19747897,957535.53361088
2026-05-22 21:45:00,119.0,119.0,118.0,119.0,28849.79593293,3426831.20711867
2026-05-22 22:00:00,118.0,119.0,118.0,119.0,19685.14623667,2332137.1320394
2026-05-22 22:15:00,119.0,119.0,119.0,119.0,116038.74633822,13808610.81424818
2026-05-22 22:30:00,118.0,118.0,118.0,118.0,17255.80202958,2036184.63949044
2026-05-22 22:45:00,118.0,119.0,118.0,119.0,34878.82474128,4138586.56393041
2026-05-22 23:00:00,118.0,119.0,118.0,118.0,183006.35990767,21594835.21486777
2026-05-22 23:15:00,119.0,119.0,117.0,117.0,43689.76152012,5146222.06420347
2026-05-22 23:30:00,117.0,117.0,117.0,117.0,38138.07633996,4462154.93177532
2026-05-22 23:45:00,118.0,118.0,117.0,117.0,39061.6250614,4571905.04743803
2026-05-23 00:00:00,117.0,118.0,117.0,117.0,51198.31814903,5990288.69352198
2026-05-23 00:15:00,117.0,117.0,116.0,117.0,44897.26333232,5208563.56697647
2026-05-23 00:30:00,117.0,118.0,117.0,118.0,512.85797779,60258.62068956
2026-05-23 00:45:00,118.0,118.0,118.0,118.0,43.22033898,5099.99999964
2026-05-23 01:00:00,116.0,116.0,116.0,116.0,734.70197828,85225.42948048
2026-05-23 01:15:00,116.0,117.0,116.0,117.0,27436.6837047,3188091.9934499
2026-05-23 01:30:00,117.0,117.0,117.0,117.0,3427.35042735,400999.99999995
2026-05-23 01:45:00,116.0,117.0,116.0,117.0,25505.6820568,2958845.32548535
2026-05-23 03:00:00,116.0,116.0,116.0,116.0,17394.63107815,2017777.2050654
2026-05-23 03:15:00,116.0,116.0,116.0,116.0,877.19298245,101754.3859642
2026-05-23 03:30:00,116.0,116.0,116.0,116.0,24879.50473121,2886022.54882036
2026-05-23 03:45:00,115.0,116.0,114.0,116.0,347255.11996248,39924876.80712046
2026-05-23 04:00:00,115.0,115.0,115.0,115.0,77278.50908992,8887028.5453408
2026-05-23 04:15:00,115.0,115.0,115.0,115.0,1033.37184873,118837.76260395
2026-05-23 04:30:00,115.0,115.0,114.0,114.0,101954.20355466,11631070.11335345
2026-05-23 04:45:00,115.0,115.0,115.0,115.0,43.5,5002.5
2026-05-23 05:15:00,114.0,115.0,114.0,115.0,35599.4103366,4059317.64793761
2026-05-23 05:30:00,115.0,115.0,115.0,115.0,515.93913043,59332.99999945
2026-05-23 05:45:00,115.0,115.0,115.0,115.0,519.7665,59773.1475
2026-05-23 06:00:00,116.0,116.0,116.0,116.0,5113.35494751,593149.17391116
2026-05-23 06:15:00,115.0,115.0,114.0,115.0,14336.25665456,1646915.12930948
2026-05-23 06:30:00,115.0,115.0,115.0,115.0,18824.74552197,2164845.73502655
2026-05-23 06:45:00,115.0,116.0,115.0,116.0,12730.7271442,1467527.57521989
2026-05-23 07:00:00,115.0,115.0,115.0,115.0,8760.82897391,1007495.33199965
2026-05-23 07:30:00,114.0,115.0,114.0,115.0,18706.02661086,2139440.07233608
2026-05-23 07:45:00,114.0,115.0,114.0,115.0,80055.90903857,9176272.20431002
2026-05-23 08:00:00,115.0,115.0,115.0,115.0,1156.52173912,132999.9999988
2026-05-23 08:15:00,114.0,114.0,114.0,114.0,6812.64496745,776641.5262893
2026-05-23 08:30:00,114.0,114.0,114.0,114.0,62170.12521918,7087394.27498652
2026-05-23 08:45:00,114.0,114.0,113.0,114.0,350342.22344273,39920833.82423705
2026-05-23 09:00:00,114.0,114.0,114.0,114.0,1334.64211007,152149.20054798
2026-05-23 09:15:00,115.0,115.0,114.0,114.0,14237.82778105,1623241.31440812
2026-05-23 09:30:00,115.0,115.0,114.0,114.0,51978.89649407,5925681.15684571
2026-05-23 09:45:00,114.0,115.0,114.0,114.0,58296.612024,6689424.59899685
2026-05-23 10:00:00,114.0,116.0,114.0,116.0,171421.29566155,19679980.6447061
2026-05-23 10:15:00,116.0,116.0,115.0,115.0,18102.9369971,2082870.92773513
2026-05-23 10:30:00,115.0,116.0,115.0,115.0,17613.19394283,2025691.21646891
2026-05-23 10:45:00,116.0,116.0,115.0,115.0,1955.69859856,225035.87294233
2026-05-23 11:00:00,115.0,115.0,115.0,115.0,538.98405156,61983.1659294
2026-05-23 11:15:00,115.0,116.0,114.0,116.0,57221.44854203,6579971.17586809
2026-05-23 11:30:00,114.0,115.0,114.0,115.0,13119.95134792,1503693.92322808
2026-05-23 11:45:00,115.0,115.0,115.0,115.0,617.39130434,70999.9999991
2026-05-23 12:00:00,115.0,115.0,115.0,115.0,1783.21678321,205069.93006915
2026-05-23 12:15:00,115.0,116.0,115.0,116.0,44414.45096118,5113064.22869536
2026-05-23 12:30:00,115.0,116.0,115.0,116.0,4684.71017333,543340.17320972
2026-05-23 12:45:00,115.0,116.0,115.0,116.0,1043.14655172,120004.99999952
2026-05-23 13:00:00,115.0,115.0,115.0,115.0,1995.84790046,229522.5085529
2026-05-23 13:15:00,116.0,116.0,116.0,116.0,738.17241377,85627.99999732
2026-05-23 13:30:00,116.0,116.0,115.0,115.0,29743.95401095,3420727.34919028
2026-05-23 13:45:00,115.0,116.0,115.0,115.0,112563.59410144,12976911.6492518
2026-05-23 14:00:00,116.0,116.0,116.0,116.0,130.01724137,15081.99999892
2026-05-23 14:15:00,115.0,115.0,115.0,115.0,672.47674877,77334.82610855
2026-05-23 14:30:00,116.0,116.0,115.0,115.0,11101.97962561,1277055.52579761
2026-05-23 14:45:00,115.0,115.0,115.0,115.0,877.19298246,100877.1929829
2026-05-23 15:00:00,115.0,116.0,115.0,115.0,47895.62183759,5508327.08983525
2026-05-23 15:15:00,115.0,116.0,115.0,116.0,14586.60577966,1677546.62118263
2026-05-23 15:30:00,116.0,116.0,116.0,116.0,1041.27155172,120787.49999952
2026-05-23 15:45:00,115.0,116.0,115.0,116.0,28826.56741307,3315098.39905477
2026-05-23 16:00:00,115.0,115.0,114.0,114.0,24987.11020013,2856659.21148942
2026-05-23 16:15:00,115.0,115.0,115.0,115.0,87.71929824,10087.7192976
2026-05-23 16:30:00,114.0,114.0,114.0,114.0,80763.59031933,9207049.29640362
2026-05-23 16:45:00,114.0,114.0,111.0,111.0,644324.95966907,71672693.3670581
2026-05-23 17:00:00,111.0,111.0,110.0,111.0,38200.59919194,4231169.54827411
2026-05-23 17:15:00,111.0,112.0,111.0,111.0,63646.83143478,7078172.06221784
2026-05-23 17:30:00,111.0,111.0,110.0,110.0,143211.16951035,15882157.09882012
2026-05-23 17:45:00,111.0,111.0,110.0,110.0,51373.37548512,5663649.86993575
2026-05-23 18:00:00,110.0,110.0,110.0,110.0,48092.09429724,5290130.3726964
2026-05-23 18:15:00,110.0,110.0,109.0,110.0,95360.37459123,10427333.61685862
2026-05-23 18:30:00,110.0,111.0,110.0,111.0,19092.80309572,2119124.24092583
2026-05-23 18:45:00,111.0,111.0,110.0,110.0,6407.60196559,711061.99999868
2026-05-23 19:00:00,110.0,110.0,109.0,110.0,43441.63094536,4761046.86395333
2026-05-23 19:15:00,110.0,110.0,110.0,110.0,19899.89558741,2188988.5146151
2026-05-23 19:30:00,110.0,110.0,110.0,110.0,2429.80202834,267278.2231174
2026-05-23 19:45:00,110.0,111.0,110.0,111.0,18487.25505336,2051244.97478851
2026-05-23 20:00:00,110.0,110.0,110.0,110.0,2429.80202834,267278.2231174
2026-05-23 20:15:00,111.0,111.0,111.0,111.0,90.9090909,10090.9090899
2026-05-23 20:45:00,111.0,111.0,110.0,111.0,5122.23546271,565920.58476377
2026-05-23 21:15:00,109.0,110.0,109.0,110.0,4477.08916309,488064.78269391
2026-05-23 21:30:00,110.0,110.0,109.0,109.0,4820.40881143,529970.01499132
2026-05-23 21:45:00,109.0,110.0,109.0,110.0,75645.09711713,8302893.29095841
2026-05-23 22:00:00,110.0,111.0,110.0,111.0,113162.12310557,12512397.10508525
2026-05-23 22:15:00,111.0,111.0,111.0,111.0,140673.19810688,15614724.98986368
2026-05-23 22:30:00,111.0,111.0,111.0,111.0,31467.24106597,3492863.75832267
2026-05-23 22:45:00,112.0,112.0,111.0,111.0,14173.69680721,1587391.97849042
2026-05-23 23:00:00,112.0,112.0,112.0,112.0,50722.79063599,5680952.55123088
2026-05-23 23:15:00,113.0,113.0,113.0,113.0,27695.36391727,3129576.12265151
2026-05-23 23:30:00,113.0,113.0,113.0,113.0,14542.89980087,1643347.67749831
2026-05-23 23:45:00,113.0,114.0,113.0,113.0,34275.09486766,3873185.72004558
2026-05-24 00:00:00,114.0,114.0,114.0,114.0,19377.19736622,2209000.49974908
2026-05-24 00:30:00,114.0,114.0,114.0,114.0,927.19298245,105699.9999993
2026-05-24 00:45:00,114.0,114.0,114.0,114.0,877.19298245,99999.9999993
2026-05-24 01:00:00,114.0,114.0,114.0,114.0,17543.85964912,1999999.99999968
2026-05-24 01:45:00,114.0,114.0,114.0,114.0,7108.25964913,810341.60000082
2026-05-24 02:00:00,115.0,115.0,115.0,115.0,87.71929824,10087.7192976
2026-05-24 02:30:00,115.0,116.0,115.0,116.0,15457.41307999,1777689.46072058
2026-05-24 03:00:00,115.0,116.0,115.0,116.0,64599.74284596,7434197.8410785
2026-05-24 03:15:00,115.0,115.0,115.0,115.0,11161.24143603,1283542.76514345
2026-05-24 03:30:00,116.0,116.0,115.0,115.0,10266.20689655,1183199.9999998
2026-05-24 03:45:00,115.0,115.0,115.0,115.0,3050.86956522,350850.0000003
2026-05-24 04:00:00,115.0,115.0,115.0,115.0,2608.69565217,299999.99999955
2026-05-24 04:15:00,115.0,116.0,114.0,114.0,46173.07659677,5328870.8311874
2026-05-24 04:45:00,115.0,115.0,115.0,115.0,14118.75801229,1623657.17141335
2026-05-24 05:30:00,116.0,117.0,116.0,116.0,10668.69243598,1237999.35705643
2026-05-24 05:45:00,117.0,117.0,117.0,117.0,953.62575122,111574.21289274
2026-05-24 06:00:00,117.0,117.0,116.0,117.0,71692.83593928,8380929.41089576
2026-05-24 06:30:00,116.0,117.0,116.0,117.0,20126.02881867,2347018.78435613
2026-05-24 06:45:00,117.0,117.0,116.0,117.0,6459.77273826,750240.33849286
2026-05-24 07:00:00,117.0,117.0,117.0,117.0,85.47008547,9999.99999999
2026-05-24 07:15:00,117.0,117.0,117.0,117.0,9400.20587996,1099824.08795532
2026-05-24 07:30:00,117.0,117.0,116.0,116.0,33883.32042922,3939059.90696793
2026-05-24 07:45:00,116.0,117.0,116.0,117.0,4706.15517241,546000.20689611
2026-05-24 08:00:00,116.0,117.0,116.0,117.0,85885.89092501,9962849.55419771
2026-05-24 08:15:00,117.0,117.0,116.0,116.0,18779.9042735,2192742.3999995
2026-05-24 08:30:00,117.0,117.0,116.0,116.0,20864.41846677,2424588.82419659
2026-05-24 08:45:00,117.0,117.0,116.0,117.0,85738.86074286,10005562.59830422
2026-05-24 09:00:00,117.0,117.0,117.0,117.0,6790.05128204,794435.99999868
2026-05-24 09:15:00,116.0,117.0,116.0,116.0,2042.14515676,236931.61596193
2026-05-24 09:30:00,117.0,117.0,117.0,117.0,116.24915277,13601.15087409
2026-05-24 09:45:00,117.0,117.0,117.0,117.0,47770.93085934,5589198.91054278
2026-05-24 10:00:00,117.0,117.0,117.0,117.0,200.0,23400.0
2026-05-24 10:15:00,117.0,117.0,117.0,117.0,3150.57001413,368616.69165321
2026-05-24 10:30:00,117.0,117.0,117.0,117.0,166.15254126,19439.84732742
2026-05-24 10:45:00,116.0,117.0,116.0,117.0,62283.83815299,7246632.38702088
2026-05-24 11:00:00,116.0,116.0,116.0,116.0,37444.61538461,4343575.38461476
2026-05-24 11:15:00,116.0,116.0,116.0,116.0,80721.73701682,9363721.49395112
2026-05-24 12:00:00,116.0,116.0,116.0,116.0,11364.54479225,1318287.195901
2026-05-24 12:30:00,116.0,116.0,116.0,116.0,10239.22844827,1187750.49999932
2026-05-24 12:45:00,115.0,115.0,115.0,115.0,29163.72800981,3353828.72112815
2026-05-24 13:00:00,115.0,115.0,115.0,115.0,10816.06206584,1243847.1375716
2026-05-24 13:15:00,115.0,116.0,115.0,116.0,7493.16798864,863229.83593497
2026-05-24 13:45:00,115.0,115.0,115.0,115.0,619.55679545,71249.03147675
2026-05-24 14:00:00,115.0,115.0,115.0,115.0,33345.3181179,3834711.5835585
2026-05-24 14:45:00,115.0,115.0,115.0,115.0,3478.26086956,399999.9999994
2026-05-24 15:15:00,115.0,115.0,114.0,114.0,12581.64401069,1436640.89547952
2026-05-24 15:30:00,114.0,115.0,114.0,115.0,21053.94502955,2406921.04811202
2026-05-24 15:45:00,115.0,116.0,115.0,116.0,12647.95116113,1454566.10766788
2026-05-24 16:00:00,116.0,116.0,116.0,116.0,25853.45258405,2999000.4997498
2026-05-24 16:15:00,116.0,116.0,116.0,116.0,1947.95858452,225963.19580432
2026-05-24 16:45:00,115.0,115.0,115.0,115.0,65460.95858452,7528010.2372198
2026-05-24 17:00:00,115.0,115.0,115.0,115.0,14225.64946086,1635949.6879989
2026-05-24 17:30:00,114.0,114.0,114.0,114.0,1000.0,114000.0
2026-05-24 17:45:00,115.0,116.0,115.0,116.0,87184.68515741,10026379.9999987
2026-05-24 18:00:00,116.0,116.0,115.0,116.0,2632.34482757,304514.27586019
2026-05-24 18:15:00,115.0,115.0,115.0,115.0,28810.72572688,3313233.4585912
2026-05-24 18:45:00,116.0,116.0,116.0,116.0,86.95652173,10086.95652068
2026-05-24 19:00:00,115.0,115.0,115.0,115.0,18991.1741219,2183985.0240185
2026-05-24 19:15:00,115.0,116.0,115.0,115.0,32122.01926068,3694354.79562336
2026-05-24 19:30:00,115.0,116.0,115.0,116.0,10346.95652173,1189986.95652068
2026-05-24 19:45:00,115.0,115.0,115.0,115.0,61384.76992956,7059248.5418994
2026-05-24 20:00:00,115.0,116.0,115.0,116.0,40731.45557133,4684162.39070295
2026-05-24 20:15:00,114.0,116.0,114.0,114.0,1099.27586206,125524.34482656
2026-05-24 20:30:00,114.0,114.0,114.0,114.0,9174.3119266,1045871.5596324
2026-05-24 20:45:00,115.0,115.0,115.0,115.0,43.48695652,5000.9999998
2026-05-24 21:00:00,115.0,115.0,115.0,115.0,2658.13180366,305685.1574209
2026-05-24 21:15:00,114.0,114.0,114.0,114.0,15821.77805281,1803682.69802034
2026-05-24 21:30:00,114.0,114.0,114.0,114.0,24138.30683047,2751766.97867358
2026-05-24 21:45:00,115.0,115.0,115.0,115.0,2705.35167199,311115.44227885
2026-05-24 22:00:00,115.0,115.0,114.0,114.0,37514.66480868,4276721.78818952
2026-05-24 22:15:00,114.0,114.0,114.0,114.0,7854.88788293,895457.21865402
2026-05-24 22:30:00,114.0,114.0,113.0,113.0,52769.03046454,5965132.00215177
2026-05-24 22:45:00,113.0,113.0,113.0,113.0,2326.34659275,262877.16498075
2026-05-24 23:00:00,112.0,113.0,111.0,112.0,560892.32558322,62275340.11716754
2026-05-24 23:15:00,111.0,112.0,111.0,112.0,31316.14156731,3493675.62022141
2026-05-24 23:30:00,111.0,113.0,111.0,113.0,258608.35989866,28954565.25502892
2026-05-24 23:45:00,113.0,113.0,113.0,113.0,4424.77876106,499999.99999978
2026-05-25 00:00:00,112.0,112.0,112.0,112.0,2608.69565217,292173.91304304
2026-05-25 00:15:00,113.0,113.0,112.0,113.0,28738.95842557,3221861.27644839
2026-05-25 00:30:00,112.0,112.0,112.0,112.0,90138.33570412,10095493.59886144
2026-05-25 00:45:00,112.0,113.0,112.0,112.0,2048.18849806,229486.397497
2026-05-25 02:00:00,113.0,113.0,113.0,113.0,48.0,5424.0
2026-05-25 02:30:00,112.0,112.0,112.0,112.0,1769.91150442,198230.08849504
2026-05-25 03:00:00,112.0,112.0,112.0,112.0,482.87050313,54081.49635056
2026-05-25 03:15:00,113.0,113.0,113.0,113.0,87.71929824,9912.28070112
2026-05-25 04:15:00,111.0,111.0,111.0,111.0,450.45045046,50000.00000106
2026-05-25 05:00:00,111.0,111.0,111.0,111.0,854.7008547,94871.7948717
2026-05-25 05:45:00,111.0,111.0,111.0,111.0,78511.24382756,8714748.06485916
2026-05-25 06:00:00,111.0,111.0,111.0,111.0,15823.24001692,1756379.64187812
2026-05-25 06:15:00,111.0,111.0,111.0,111.0,7347.33861351,815554.58609961
2026-05-25 06:30:00,110.0,111.0,110.0,110.0,76720.63357002,8439539.96297247
2026-05-25 06:45:00,110.0,111.0,110.0,111.0,98936.73790131,10890663.84440106
2026-05-25 07:00:00,111.0,111.0,111.0,111.0,27470.54198126,3049230.15991986
2026-05-25 07:15:00,112.0,112.0,112.0,112.0,89.28571428,9999.99999936
2026-05-25 07:30:00,111.0,111.0,111.0,111.0,15492.4121172,1719657.7450092
2026-05-25 07:45:00,111.0,111.0,111.0,111.0,1777.05741723,197253.37331253
2026-05-25 08:00:00,110.0,110.0,110.0,110.0,87.71929824,9649.1228064
2026-05-25 08:15:00,110.0,111.0,110.0,111.0,28711.40267186,3185527.02117732
2026-05-25 08:30:00,111.0,111.0,110.0,111.0,7186.35003699,793411.34983239
2026-05-25 08:45:00,111.0,111.0,111.0,111.0,32981.41169442,3660936.69808062
2026-05-25 09:00:00,111.0,111.0,110.0,111.0,235117.03408521,25916320.66873965
2026-05-25 09:15:00,111.0,111.0,110.0,111.0,202500.04501746,22476504.99693806
2026-05-25 09:30:00,110.0,111.0,110.0,111.0,38829.73366605,4271315.79335559
2026-05-25 09:45:00,110.0,111.0,110.0,111.0,6642.52779824,730768.9668973
2026-05-25 10:00:00,111.0,111.0,109.0,110.0,78294.09683078,8613068.06604816
2026-05-25 10:30:00,109.0,110.0,109.0,110.0,20901.1275855,2296349.18621157
2026-05-25 10:45:00,110.0,110.0,110.0,110.0,16816.71944668,1849839.1391348
2026-05-25 11:00:00,110.0,111.0,110.0,111.0,93130.89890662,10244848.8797282
2026-05-25 11:15:00,110.0,111.0,110.0,111.0,192911.18181818,21231322.9999998
2026-05-25 11:45:00,110.0,111.0,110.0,111.0,21012.80364577,2315020.19464649
2026-05-25 12:15:00,111.0,111.0,110.0,111.0,21841.79582608,2424362.97305851
2026-05-25 12:30:00,110.0,110.0,110.0,110.0,42941.31825047,4723545.0075517
2026-05-25 12:45:00,110.0,110.0,110.0,110.0,33131.84512051,3644502.9632561
2026-05-25 13:00:00,110.0,110.0,110.0,110.0,13658.77738877,1502465.5127647
2026-05-25 13:15:00,110.0,110.0,110.0,110.0,52531.53287865,5778468.6166515
2026-05-25 13:30:00,110.0,110.0,110.0,110.0,58471.55963302,6431871.5596322
2026-05-25 13:45:00,111.0,111.0,111.0,111.0,66718.60304075,7405764.93752325
2026-05-25 14:00:00,112.0,112.0,111.0,112.0,71675.17682354,8025334.02874818
2026-05-25 14:15:00,112.0,112.0,111.0,111.0,2375.06120259,263721.07920177
2026-05-25 14:30:00,112.0,112.0,112.0,112.0,90.09009009,10090.09009008
2026-05-25 14:45:00,111.0,112.0,111.0,111.0,189.24064616,21072.97629775
2026-05-25 15:15:00,112.0,113.0,112.0,113.0,75144.07647337,8472980.59989894
2026-05-25 15:30:00,114.0,114.0,113.0,113.0,8214.19139213,935398.16232077
2026-05-25 15:45:00,114.0,114.0,114.0,114.0,24736.12138192,2819917.83753888
2026-05-25 16:00:00,114.0,114.0,114.0,114.0,16172.50657894,1843665.74999916
2026-05-25 16:30:00,113.0,113.0,112.0,113.0,188345.65771182,21282609.32143566
2026-05-25 16:45:00,114.0,114.0,114.0,114.0,16192.65785592,1845962.99557488
2026-05-25 17:00:00,114.0,114.0,113.0,113.0,83671.25964747,9465208.73214355
2026-05-25 17:15:00,114.0,114.0,113.0,114.0,1621.32378923,183499.31550228
2026-05-25 17:30:00,114.0,114.0,114.0,114.0,65272.26737508,7441038.48075912
2026-05-25 17:45:00,114.0,115.0,114.0,115.0,62593.68933951,7135768.30400238
2026-05-25 18:00:00,115.0,115.0,115.0,115.0,64883.38534753,7461589.31496595
2026-05-25 18:15:00,114.0,115.0,114.0,114.0,53909.10045632,6153580.35268197
2026-05-25 18:30:00,114.0,114.0,114.0,114.0,158.70636334,18092.52542076
2026-05-25 18:45:00,114.0,114.0,113.0,114.0,34441.78590915,3925363.5936431
2026-05-25 19:00:00,114.0,114.0,113.0,114.0,12159.13557354,1384065.77392605
2026-05-25 19:15:00,114.0,114.0,114.0,114.0,438.59649122,49999.99999908
2026-05-25 19:30:00,114.0,114.0,114.0,114.0,6126.80581857,698455.86331698
2026-05-25 19:45:00,114.0,114.0,114.0,114.0,526.31578947,59999.99999958
2026-05-25 20:00:00,114.0,114.0,114.0,114.0,13181.12873386,1502648.67566004
2026-05-25 20:30:00,113.0,114.0,113.0,113.0,166417.06796144,18805260.30244973
2026-05-25 20:45:00,114.0,114.0,112.0,113.0,38664.68545397,4367865.34942002
2026-05-25 21:00:00,113.0,113.0,113.0,113.0,23815.5332944,2691155.2622672
2026-05-25 21:15:00,113.0,113.0,113.0,113.0,13541.98122176,1530243.87805888
2026-05-25 21:30:00,113.0,113.0,113.0,113.0,1743.56637168,197022.99999984
2026-05-25 21:45:00,113.0,113.0,113.0,113.0,18405.1453887,2079781.4289231
2026-05-25 22:00:00,113.0,113.0,113.0,113.0,1149.91176977,129940.02998401
2026-05-25 22:15:00,113.0,113.0,112.0,112.0,3458.19066571,390516.92453558
2026-05-25 22:30:00,113.0,113.0,113.0,113.0,42.74358974,4830.02564062
2026-05-25 22:45:00,112.0,113.0,112.0,113.0,1815.86581676,203419.35283305
2026-05-25 23:00:00,113.0,114.0,113.0,114.0,66295.38225168,7497974.40690917
2026-05-25 23:15:00,114.0,114.0,114.0,114.0,27631.57894735,3149999.9999979
2026-05-25 23:30:00,114.0,114.0,113.0,113.0,1271.47130006,144847.59229171
2026-05-25 23:45:00,114.0,114.0,113.0,114.0,21613.07908579,2459491.01578006
2026-05-26 00:00:00,114.0,114.0,114.0,114.0,8771.9296,999999.9744
2026-05-26 00:15:00,114.0,114.0,114.0,114.0,2770.22015307,315805.09744998
2026-05-26 00:30:00,113.0,114.0,113.0,114.0,20425.23567309,2308136.03762518
2026-05-26 00:45:00,113.0,113.0,113.0,113.0,5205.08073923,588174.12353299
2026-05-26 01:00:00,114.0,114.0,114.0,114.0,128627.39704763,14663523.26342982
2026-05-26 01:15:00,114.0,114.0,114.0,114.0,8684.96491224,990085.99999536
2026-05-26 01:30:00,115.0,115.0,115.0,115.0,4292.88833843,493682.15891945
2026-05-26 01:45:00,115.0,115.0,115.0,115.0,22054.31632008,2536246.3768092
2026-05-26 02:00:00,115.0,115.0,115.0,115.0,85500.99471989,9832614.39278735
2026-05-26 02:45:00,115.0,115.0,115.0,115.0,17382.6130413,1999000.4997495
2026-05-26 03:00:00,115.0,115.0,115.0,115.0,4782.60869565,549999.99999975
2026-05-26 03:15:00,115.0,115.0,115.0,115.0,17386.71533798,1999472.2638677
2026-05-26 03:30:00,114.0,114.0,114.0,114.0,43590.44522618,4969310.75578452
2026-05-26 04:00:00,115.0,115.0,114.0,114.0,11741.6521739,1344419.17391155
2026-05-26 04:15:00,115.0,115.0,115.0,115.0,55.0,6325.0
2026-05-26 04:30:00,114.0,114.0,114.0,114.0,67118.26086956,7651481.73912984
2026-05-26 04:45:00,115.0,115.0,115.0,115.0,55.0,6325.0
2026-05-26 05:30:00,115.0,115.0,114.0,114.0,37109.87210235,4234351.4196679
2026-05-26 05:45:00,114.0,114.0,114.0,114.0,37427.16711487,4266697.05109518
2026-05-26 06:30:00,114.0,114.0,113.0,113.0,10162.87092821,1148579.85348422
2026-05-26 07:00:00,113.0,113.0,113.0,113.0,48549.1446214,5486053.3422182
2026-05-26 07:15:00,114.0,114.0,112.0,112.0,92463.51558358,10436876.03356368
2026-05-26 07:30:00,112.0,112.0,112.0,112.0,100000.0,11200000.0
2026-05-26 07:45:00,112.0,113.0,112.0,113.0,27513.40095918,3081545.19946355
2026-05-26 08:00:00,113.0,113.0,112.0,113.0,9690.57778456,1085438.96850788
2026-05-26 08:15:00,113.0,113.0,112.0,112.0,261112.48329125,29244693.29676159
2026-05-26 08:30:00,113.0,113.0,112.0,113.0,114139.93657419,12783757.65902114
2026-05-26 08:45:00,112.0,112.0,111.0,112.0,5663.19721869,632508.17698886
2026-05-26 09:00:00,111.0,113.0,111.0,113.0,193984.72433727,21707728.22509518
2026-05-26 09:15:00,112.0,113.0,112.0,113.0,12686.53297052,1425063.86693136
2026-05-26 09:30:00,113.0,113.0,111.0,111.0,162875.20304878,18169643.70117128
2026-05-26 09:45:00,112.0,112.0,110.0,110.0,62669.67042926,6918970.0754039
2026-05-26 10:00:00,110.0,111.0,109.0,110.0,306976.87246281,33511095.97600896
2026-05-26 10:15:00,110.0,110.0,109.0,109.0,50529.33119657,5507938.00951703
2026-05-26 10:30:00,109.0,109.0,109.0,109.0,83881.37510191,9143069.88610819
2026-05-26 10:45:00,110.0,110.0,109.0,109.0,56028.51237497,6154291.22629206
2026-05-26 11:00:00,109.0,110.0,109.0,110.0,5563.38008405,606664.57000798
2026-05-26 11:15:00,110.0,110.0,110.0,110.0,3752.35681817,412759.2499987
2026-05-26 11:30:00,109.0,109.0,109.0,109.0,50668.18249853,5522831.89233977
2026-05-26 11:45:00,108.0,110.0,108.0,110.0,1460.28107302,159537.78707882
2026-05-26 12:00:00,110.0,110.0,109.0,110.0,21765.94311402,2393095.72982661
2026-05-26 12:15:00,110.0,110.0,108.0,110.0,23041.95175138,2494614.6926518
2026-05-26 12:30:00,108.0,110.0,108.0,110.0,6118.95681851,661029.15458088
2026-05-26 12:45:00,109.0,110.0,109.0,110.0,6812.47323687,743018.58281883
2026-05-26 13:00:00,110.0,110.0,109.0,110.0,593986.90091145,65278305.86834536
2026-05-26 13:15:00,109.0,111.0,109.0,111.0,16608.04373156,1834777.60541634
2026-05-26 13:30:00,110.0,111.0,110.0,110.0,21167.2709842,2328490.7173529
2026-05-26 13:45:00,111.0,111.0,110.0,110.0,3641.73699391,400681.15942019
2026-05-26 14:15:00,110.0,110.0,110.0,110.0,39457.90304847,4340369.3353317
2026-05-26 14:30:00,111.0,112.0,111.0,112.0,10651.46035984,1184276.09994224
2026-05-26 14:45:00,111.0,112.0,111.0,111.0,12099.14799482,1343060.42742502
2026-05-26 15:00:00,110.0,110.0,110.0,110.0,45749.71631977,5032468.7951747
2026-05-26 15:15:00,110.0,111.0,110.0,111.0,9288.51824493,1021782.09703239
2026-05-26 15:30:00,111.0,111.0,111.0,111.0,90353.15647581,10029200.36881491
2026-05-26 15:45:00,111.0,112.0,111.0,112.0,152096.32280405,16882736.51874955
2026-05-26 16:00:00,111.0,112.0,111.0,111.0,31293.78422875,3475538.29939125
2026-05-26 16:15:00,111.0,112.0,111.0,111.0,460709.11005546,51138761.21615606
2026-05-26 16:30:00,111.0,112.0,110.0,112.0,13326.20181869,1479299.91666666
2026-05-26 16:45:00,112.0,113.0,111.0,112.0,82683.98404207,9260625.30362093
2026-05-26 17:00:00,113.0,113.0,112.0,113.0,34087.76346396,3817977.37142748
2026-05-26 17:15:00,112.0,112.0,112.0,112.0,338.80556285,37946.2230392
2026-05-26 17:30:00,112.0,113.0,112.0,113.0,196283.03529019,22167601.55922004
2026-05-26 17:45:00,113.0,114.0,112.0,112.0,371676.78892972,41674329.33187199
2026-05-26 18:00:00,111.0,113.0,111.0,112.0,11662.38919724,1306196.07142935
2026-05-26 18:15:00,112.0,112.0,112.0,112.0,55.0,6160.0
2026-05-26 18:45:00,111.0,112.0,111.0,112.0,14780.40847292,1640670.02799412
2026-05-26 19:00:00,111.0,112.0,111.0,112.0,52549.88557283,5850667.74054841
2026-05-26 19:15:00,111.0,112.0,111.0,112.0,97676.49101786,10922639.93150032
2026-05-26 19:30:00,112.0,114.0,112.0,114.0,113648.68231779,12787388.43687667
2026-05-26 19:45:00,114.0,114.0,113.0,114.0,67761.14044536,7657277.21021119
2026-05-26 20:00:00,114.0,114.0,113.0,113.0,1342.09053592,151795.9626181
2026-05-26 20:15:00,114.0,114.0,113.0,114.0,89636.78693344,10137905.06817674
2026-05-26 20:45:00,113.0,114.0,113.0,114.0,21223.75410346,2419306.51031674
2026-05-26 21:00:00,114.0,114.0,113.0,114.0,31097.78761061,3515103.49557414
2026-05-26 21:15:00,114.0,114.0,113.0,113.0,27225.00296369,3097616.23944468
2026-05-26 21:30:00,113.0,114.0,113.0,113.0,104302.97258386,11787628.51387198
2026-05-26 21:45:00,114.0,114.0,114.0,114.0,175.43859649,19999.99999986
2026-05-26 22:00:00,113.0,114.0,113.0,114.0,14590.69151827,1648792.04507328
2026-05-26 22:15:00,114.0,114.0,113.0,113.0,16204.19538945,1844313.12725345
2026-05-26 22:30:00,113.0,113.0,112.0,112.0,60870.06811246,6825548.84898899
2026-05-26 22:45:00,114.0,114.0,113.0,114.0,1123.06927575,127175.1965808
2026-05-26 23:00:00,113.0,115.0,113.0,115.0,56946.95908545,6502745.45614771
2026-05-26 23:15:00,114.0,115.0,114.0,114.0,68974.94582419,7863216.83018958
2026-05-26 23:30:00,114.0,114.0,113.0,113.0,43879.30574981,4992089.43766612
2026-05-26 23:45:00,113.0,113.0,113.0,113.0,92649.75771271,10469422.62153623
2026-05-27 00:00:00,113.0,113.0,112.0,112.0,69756.27504797,7816311.72363167
2026-05-27 00:30:00,112.0,112.0,111.0,111.0,100524.42340224,11220935.10479149
2026-05-27 00:45:00,111.0,112.0,111.0,111.0,5303.02876105,589038.87104797
2026-05-27 01:00:00,112.0,112.0,112.0,112.0,9121.03840936,1021556.30184832
2026-05-27 01:15:00,112.0,112.0,112.0,112.0,49.5109588,5545.2273856
2026-05-27 01:30:00,112.0,112.0,112.0,112.0,12224.77065038,1369174.31284256
2026-05-27 02:15:00,111.0,111.0,110.0,110.0,140144.24102351,15532363.35554903
2026-05-27 02:30:00,110.0,110.0,109.0,110.0,57406.99776624,6309889.7542864
2026-05-27 02:45:00,111.0,111.0,111.0,111.0,54.54545454,6054.54545394
2026-05-27 03:15:00,110.0,110.0,110.0,110.0,40394.16759636,4443358.4355996
2026-05-27 03:45:00,110.0,110.0,110.0,110.0,48315.73245718,5314730.5702898
2026-05-27 04:15:00,110.0,110.0,110.0,110.0,17543.85964912,1929824.5614032
2026-05-27 05:00:00,110.0,110.0,110.0,110.0,10521.03335431,1157313.6689741
2026-05-27 05:30:00,110.0,110.0,110.0,110.0,13127.39285714,1444013.2142854
2026-05-27 06:00:00,110.0,110.0,110.0,110.0,14655.7484387,1612132.328257
2026-05-27 06:15:00,111.0,111.0,111.0,111.0,90.09009009,9999.99999999
2026-05-27 06:30:00,111.0,111.0,111.0,111.0,1779.58682413,197534.13747843
2026-05-27 06:45:00,111.0,111.0,111.0,111.0,50.0,5550.0
2026-05-27 07:15:00,111.0,111.0,111.0,111.0,900.9009009,99999.9999999
2026-05-27 07:30:00,111.0,111.0,111.0,111.0,312.17724471,34651.67416281
2026-05-27 07:45:00,111.0,111.0,111.0,111.0,1801.8018018,199999.9999998
2026-05-27 08:00:00,110.0,110.0,110.0,110.0,50475.70779756,5552327.8577316
2026-05-27 08:15:00,110.0,110.0,110.0,110.0,312.17724471,34339.4969181
2026-05-27 08:30:00,111.0,111.0,110.0,111.0,35760.76950688,3933866.4639386
2026-05-27 08:45:00,110.0,110.0,110.0,110.0,9359.9,1029589.0
2026-05-27 09:00:00,110.0,110.0,110.0,110.0,1822.16285954,200437.9145494
2026-05-27 09:15:00,110.0,111.0,110.0,110.0,9934.56349339,1092847.07436299
2026-05-27 09:30:00,110.0,110.0,110.0,110.0,30344.5202953,3337897.232483
2026-05-27 09:45:00,110.0,111.0,110.0,111.0,11820.98482222,1301217.42135329
2026-05-27 10:00:00,111.0,111.0,110.0,110.0,127899.75317294,14071210.0634234
2026-05-27 10:15:00,111.0,111.0,110.0,110.0,4155.72495078,457670.01499113
2026-05-27 10:30:00,109.0,109.0,109.0,109.0,16376.19120402,1785004.84123818
2026-05-27 10:45:00,109.0,110.0,109.0,109.0,90465.03618231,9862728.73932632
2026-05-27 11:00:00,109.0,110.0,108.0,109.0,18882.78152862,2052368.23160132
2026-05-27 11:15:00,108.0,109.0,108.0,109.0,37210.02782665,4019314.04197542
2026-05-27 11:30:00,109.0,109.0,109.0,109.0,55.07338074,6002.99850066
2026-05-27 12:00:00,109.0,109.0,107.0,109.0,245725.89306152,26501933.37289976
2026-05-27 12:15:00,108.0,109.0,107.0,109.0,9117.13214464,976509.21830759
2026-05-27 12:30:00,109.0,109.0,109.0,109.0,917.43119266,99999.99999994
2026-05-27 12:45:00,108.0,109.0,108.0,109.0,3075.35092731,332183.81758067
2026-05-27 13:00:00,109.0,109.0,108.0,109.0,57296.49995544,6229072.07565186
2026-05-27 13:15:00,108.0,108.0,108.0,108.0,206896.80631544,22344855.08206752
2026-05-27 13:30:00,108.0,108.0,107.0,108.0,363715.2426498,39107545.71410209
2026-05-27 13:45:00,108.0,109.0,107.0,109.0,35662.51930146,3846850.88364521
2026-05-27 14:00:00,108.0,109.0,108.0,109.0,10545.99072092,1140073.98860009
2026-05-27 14:15:00,109.0,109.0,108.0,108.0,4666.66666666,504499.99999928
2026-05-27 14:30:00,108.0,109.0,108.0,109.0,38586.60994329,4169096.87387532
2026-05-27 14:45:00,108.0,108.0,108.0,108.0,21668.0,2340144.0
2026-05-27 15:00:00,108.0,109.0,108.0,109.0,92965.60185184,10040377.59259131
2026-05-27 15:15:00,108.0,108.0,108.0,108.0,8098.2575651,874611.8170308
2026-05-27 15:45:00,108.0,109.0,108.0,108.0,3243.12882371,350313.46851623
2026-05-27 16:00:00,108.0,109.0,108.0,108.0,2070.97515279,223750.98622609
2026-05-27 16:15:00,109.0,109.0,108.0,108.0,29727.34162875,3219769.52612199
2026-05-27 16:45:00,108.0,108.0,108.0,108.0,6481.48148149,700000.00000092
2026-05-27 17:00:00,108.0,108.0,108.0,108.0,222.498656,24029.854848
2026-05-27 17:15:00,109.0,109.0,109.0,109.0,92.59259259,10092.59259231
2026-05-27 17:30:00,109.0,109.0,108.0,108.0,64107.97689393,6923815.33940682
2026-05-27 17:45:00,109.0,109.0,108.0,108.0,36737.85625023,3970813.79309974
2026-05-27 18:15:00,107.0,108.0,107.0,108.0,31686.30730154,3390527.47385737
2026-05-27 18:30:00,108.0,108.0,108.0,108.0,89389.59324734,9654076.07071272
2026-05-27 18:45:00,107.0,108.0,107.0,108.0,17776.1778498,1902143.62252119
2026-05-27 19:00:00,107.0,108.0,107.0,108.0,61338.39395595,6564226.67180516
2026-05-27 19:15:00,107.0,108.0,107.0,108.0,15415.95766161,1655047.87551533
2026-05-27 19:30:00,108.0,108.0,107.0,107.0,141629.53382841,15157957.08506687
2026-05-27 19:45:00,107.0,107.0,107.0,107.0,935.18691588,100064.99999916
2026-05-27 20:00:00,107.0,108.0,107.0,108.0,119.81308412,12875.00000084
2026-05-27 20:15:00,108.0,108.0,108.0,108.0,225872.71639263,24394253.37040404
2026-05-27 20:30:00,108.0,108.0,108.0,108.0,2697.5,291330.0
2026-05-27 20:45:00,109.0,109.0,108.0,108.0,23529.91717485,2550400.99066361
2026-05-27 21:00:00,107.0,107.0,107.0,107.0,17055.20281943,1824906.70167901
2026-05-27 21:15:00,107.0,109.0,107.0,109.0,5546.06270843,601345.48536304
2026-05-27 21:30:00,109.0,109.0,109.0,109.0,60491.11224204,6593531.23438236
2026-05-27 21:45:00,108.0,108.0,108.0,108.0,84156.82870335,9088937.4999618
2026-05-27 22:00:00,109.0,109.0,108.0,108.0,25788.21544415,2785227.2679682
2026-05-27 22:15:00,109.0,109.0,107.0,107.0,11673.180805,1258188.7275764
2026-05-27 22:30:00,108.0,108.0,107.0,107.0,3973.88920872,425299.60327696
2026-05-27 22:45:00,107.0,107.0,107.0,107.0,5789.95915787,619525.62989209
2026-05-27 23:00:00,107.0,107.0,107.0,107.0,9292.68993821,994317.82338847
2026-05-27 23:30:00,108.0,108.0,107.0,107.0,10307.85792991,1112992.23368555
2026-05-27 23:45:00,107.0,108.0,107.0,108.0,4403.78442017,471259.93295819
2026-05-28 00:00:00,108.0,108.0,108.0,108.0,53889.96344254,5820116.05179432
2026-05-28 00:15:00,108.0,109.0,108.0,109.0,115200.84092576,12544205.28117832
2026-05-28 00:30:00,109.0,110.0,109.0,110.0,1300.0764526,141800.07645266
2026-05-28 00:45:00,110.0,110.0,110.0,110.0,909.09090909,99999.9999999
2026-05-28 01:00:00,109.0,109.0,109.0,109.0,2372.29085451,258579.70314159
2026-05-28 01:15:00,109.0,109.0,109.0,109.0,5118.13403852,557876.61019868
2026-05-28 01:30:00,109.0,109.0,109.0,109.0,91.74311926,9999.99999934
2026-05-28 01:45:00,109.0,109.0,109.0,109.0,53.09734513,5787.61061917
2026-05-28 02:00:00,108.0,108.0,108.0,108.0,5619.27369648,606881.55921984
2026-05-28 02:15:00,108.0,108.0,108.0,108.0,926.51822237,100063.96801596
2026-05-28 02:30:00,108.0,108.0,108.0,108.0,2777.77777777,299999.99999916
2026-05-28 02:45:00,108.0,108.0,108.0,108.0,20940.91842967,2261619.19040436
2026-05-28 03:00:00,107.0,107.0,107.0,107.0,13542.25033555,1449020.78590385
2026-05-28 03:15:00,107.0,107.0,107.0,107.0,31610.72739627,3382347.83140089
2026-05-28 03:30:00,107.0,107.0,107.0,107.0,6498.36068887,695324.59370909
2026-05-28 04:00:00,108.0,108.0,108.0,108.0,55.0,5940.0
2026-05-28 05:00:00,108.0,108.0,108.0,108.0,2777.77777777,299999.99999916
2026-05-28 05:45:00,108.0,108.0,108.0,108.0,15741.0,1700028.0
2026-05-28 06:00:00,108.0,108.0,108.0,108.0,111.11111111,11999.99999988
2026-05-28 06:15:00,108.0,108.0,108.0,108.0,7809.59714584,843436.49175072
2026-05-28 06:30:00,108.0,108.0,106.0,107.0,145732.65444567,15591302.86725662
2026-05-28 06:45:00,106.0,107.0,105.0,106.0,197233.67195836,20880853.30657827
2026-05-28 07:00:00,105.0,106.0,105.0,106.0,12059.13249572,1277375.18740347
2026-05-28 07:15:00,105.0,106.0,105.0,106.0,235.32933291,24803.91957819
2026-05-28 07:30:00,106.0,106.0,106.0,106.0,13368.62304087,1417074.04233222
2026-05-28 07:45:00,105.0,106.0,105.0,106.0,71656.99618118,7544839.91664808
2026-05-28 08:15:00,106.0,106.0,104.0,105.0,121011.68935502,12706767.69490157
2026-05-28 08:30:00,104.0,105.0,104.0,105.0,114044.32431287,11870756.44282417
2026-05-28 08:45:00,104.0,106.0,104.0,106.0,90145.36836576,9433289.8781638
2026-05-28 09:00:00,106.0,106.0,106.0,106.0,3509.43396224,371999.99999744
2026-05-28 09:15:00,105.0,106.0,104.0,106.0,13182.90111334,1384284.10121725
2026-05-28 09:30:00,105.0,105.0,104.0,105.0,61967.7540667,6506553.81354434
2026-05-28 09:45:00,104.0,105.0,104.0,105.0,36456.94287012,3812942.42359892
2026-05-28 10:00:00,105.0,105.0,104.0,104.0,26123.07132411,2722256.56056458
2026-05-28 10:15:00,105.0,105.0,102.0,104.0,541028.9743948,55726127.82447863
2026-05-28 10:30:00,103.0,103.0,103.0,103.0,91035.21451622,9376627.09517066
2026-05-28 10:45:00,103.0,104.0,102.0,104.0,68932.76938335,7081163.55744472
2026-05-28 11:00:00,104.0,104.0,103.0,104.0,7471.69889936,771221.71900587
2026-05-28 11:15:00,104.0,104.0,104.0,104.0,81796.66899722,8506853.57571088
2026-05-28 11:30:00,103.0,103.0,103.0,103.0,34419.870898,3545246.702494
2026-05-28 12:00:00,104.0,104.0,104.0,104.0,30096.15384615,3129999.9999996
2026-05-28 12:15:00,103.0,103.0,102.0,103.0,48789.85226352,5022371.37634917
2026-05-28 12:30:00,102.0,103.0,102.0,103.0,73789.94814837,7527378.86775909
2026-05-28 12:45:00,103.0,103.0,102.0,102.0,178349.25464349,18193759.89596606
2026-05-28 13:00:00,101.0,102.0,101.0,101.0,176819.86714936,17872483.12910111
2026-05-28 13:15:00,101.0,102.0,100.0,100.0,475985.70862411,47617305.6505864
2026-05-28 13:30:00,100.0,101.0,100.0,101.0,43638.12994066,4405532.09617919
2026-05-28 13:45:00,101.0,102.0,101.0,102.0,198313.44295581,20068018.2163665
2026-05-28 14:00:00,101.0,102.0,101.0,102.0,124979.06421159,12623035.51478235
2026-05-28 14:15:00,101.0,101.0,100.0,101.0,57192.31361718,5776273.64607937
2026-05-28 14:30:00,101.0,101.0,101.0,101.0,12277.02980191,1239980.00999291
2026-05-28 14:45:00,101.0,102.0,101.0,102.0,111587.05873232,11280091.95402191
2026-05-28 15:00:00,102.0,102.0,102.0,102.0,1784.31372544,181999.99999488
2026-05-28 15:15:00,102.0,102.0,101.0,101.0,88040.17754817,8892744.20687493
2026-05-28 15:30:00,101.0,101.0,101.0,101.0,108856.46285768,10994502.74862568
2026-05-28 15:45:00,101.0,101.0,101.0,101.0,4759.5249994,480712.0249394
2026-05-28 16:00:00,102.0,102.0,102.0,102.0,9857.845587,1005500.249874
2026-05-28 16:15:00,102.0,102.0,102.0,102.0,24607.84313724,2509999.99999848
2026-05-28 16:30:00,102.0,102.0,102.0,102.0,3555.90900496,362702.71850592
2026-05-28 17:00:00,102.0,102.0,102.0,102.0,46888.32834914,4782609.49161228
2026-05-28 17:15:00,102.0,102.0,102.0,102.0,29386.22974786,2997395.43428172
2026-05-28 17:45:00,102.0,103.0,102.0,102.0,27067.34271021,2775389.99999929
2026-05-28 18:00:00,101.0,101.0,101.0,101.0,909.09090908,91818.18181708
2026-05-28 18:15:00,102.0,102.0,101.0,101.0,1157.4965197,117006.15839069
2026-05-28 18:30:00,101.0,101.0,101.0,101.0,222747.60767764,22497508.37544164
2026-05-28 18:45:00,101.0,102.0,101.0,102.0,27065.34271021,2733699.61373121
2026-05-28 19:00:00,102.0,102.0,102.0,102.0,10465.21935109,1067452.37381118
2026-05-28 19:45:00,101.0,101.0,101.0,101.0,12158.70238871,1228028.94125971
2026-05-28 20:00:00,100.0,100.0,100.0,100.0,52297.38054724,5229738.054724
2026-05-28 20:15:00,100.0,101.0,100.0,100.0,73533.19111652,7354300.75944196
2026-05-28 20:30:00,100.0,100.0,99.6,99.9,251814.46794685,25138255.35041409
2026-05-28 20:45:00,99.9,100.0,99.6,99.9,65309.5247728,6529923.48984532
2026-05-28 21:00:00,100.0,100.0,100.0,100.0,145918.62415283,14591862.415283
2026-05-28 21:15:00,100.0,101.0,99.7,101.0,201503.74165438,20140335.91682651
2026-05-28 21:30:00,101.0,101.0,101.0,101.0,50.0,5050.0
2026-05-28 21:45:00,101.0,101.0,99.9,99.9,257937.13832173,25813599.84578483
2026-05-28 22:00:00,100.0,100.0,99.8,99.8,136049.45840891,13603782.01121278
2026-05-28 22:15:00,99.7,99.7,98.6,99.0,166114.77521855,16470063.54814807
2026-05-28 22:30:00,99.2,99.3,98.8,98.8,57179.9407967,5660209.28197946
2026-05-28 22:45:00,99.2,99.5,98.9,99.2,46475.39545154,4601891.52289796
2026-05-28 23:00:00,99.2,99.2,98.0,99.2,213248.26824014,21016269.88251752
2026-05-28 23:15:00,99.2,101.0,98.6,98.7,577176.06851205,57317831.49547237
2026-05-28 23:30:00,99.2,99.2,98.7,99.0,16953.79264215,1678741.12402019
2026-05-28 23:45:00,99.1,99.1,99.1,99.1,5251.88194,520461.500254
2026-05-29 00:00:00,99.5,99.5,99.0,99.0,589.17736205,58597.64562398
2026-05-29 00:15:00,98.8,99.0,98.8,99.0,2726.0,269665.39311378
2026-05-29 00:30:00,99.3,99.4,99.3,99.4,4100.60362173,407199.99999996
2026-05-29 00:45:00,99.6,99.7,99.4,99.4,2031.74703363,202287.19646668
2026-05-29 01:00:00,99.4,100.0,99.4,100.0,41113.87788445,4100646.63097155
2026-05-29 01:45:00,101.0,101.0,101.0,101.0,10871.33174951,1098004.50670051
2026-05-29 02:00:00,101.0,101.0,101.0,101.0,30049.60396039,3035009.99999939
2026-05-29 03:00:00,102.0,102.0,101.0,102.0,157375.12680191,16052161.71921992
2026-05-29 03:15:00,102.0,102.0,102.0,102.0,1411.56872543,143980.00999386
2026-05-29 03:30:00,102.0,102.0,102.0,102.0,42901.96078431,4375999.99999962
2026-05-29 04:00:00,102.0,102.0,102.0,102.0,98.03921568,9999.99999936
2026-05-29 05:00:00,102.0,102.0,102.0,102.0,11764.70588232,1199999.99999664
2026-05-29 05:15:00,102.0,102.0,102.0,102.0,17812.88453338,1816914.22240476
2026-05-29 05:45:00,102.0,102.0,101.0,102.0,35190.07054861,3589239.54595822
2026-05-29 06:15:00,102.0,102.0,102.0,102.0,391.9608823,39980.0099946
2026-05-29 06:45:00,102.0,102.0,102.0,102.0,50.0,5100.0
2026-05-29 07:00:00,102.0,102.0,102.0,102.0,254.0,25908.0
2026-05-29 07:15:00,102.0,102.0,101.0,101.0,31501.69365742,3183631.84371314
2026-05-29 07:30:00,101.0,101.0,101.0,101.0,12053.61681903,1217415.29872203
2026-05-29 07:45:00,101.0,102.0,101.0,102.0,2669.77202761,269696.578749
2026-05-29 08:00:00,101.0,101.0,101.0,101.0,62728.91477382,6335620.39215582
2026-05-29 08:15:00,101.0,101.0,100.0,101.0,44006.06604234,4403002.83185776
2026-05-29 08:30:00,101.0,101.0,101.0,101.0,1039.70297029,105009.99999929
2026-05-29 09:00:00,101.0,102.0,101.0,102.0,22426.63737287,2265189.38456086
2026-05-29 09:15:00,101.0,101.0,101.0,101.0,1274.77105284,128751.87633684
2026-05-29 09:30:00,102.0,102.0,101.0,102.0,259.09702876,26266.89794397
2026-05-29 09:45:00,101.0,101.0,101.0,101.0,347.30865103,35078.17375403
2026-05-29 10:00:00,102.0,102.0,102.0,102.0,15990.0990099,1630990.0990098
2026-05-29 10:15:00,102.0,102.0,101.0,101.0,75484.23840395,7625182.58860287
2026-05-29 10:30:00,101.0,101.0,101.0,101.0,60141.75654846,6074317.41139446
2026-05-29 10:45:00,101.0,101.0,101.0,101.0,4324.25371472,436749.62518672
2026-05-29 11:15:00,101.0,101.0,100.0,100.0,18786.64356435,1882450.99999935
2026-05-29 11:30:00,100.0,100.0,100.0,100.0,18036.16208561,1803616.208561
2026-05-29 11:45:00,100.0,101.0,99.8,99.8,128088.42703963,12797934.78486809
2026-05-29 12:00:00,100.0,101.0,100.0,101.0,42157.51281662,4234308.44862307
2026-05-29 12:30:00,100.0,100.0,99.8,100.0,71837.04444746,7176781.72693659
2026-05-29 12:45:00,99.8,101.0,99.7,101.0,10926.31285254,1091063.64432226
2026-05-29 13:00:00,99.9,99.9,99.5,99.9,109283.49566822,10906717.15573286
2026-05-29 13:15:00,99.5,99.7,99.1,99.6,153808.56663742,15285068.17031482
2026-05-29 13:30:00,99.6,100.0,99.6,100.0,641.72001321,63955.75477786
2026-05-29 13:45:00,100.0,101.0,100.0,101.0,2578.65277546,258423.33695194
2026-05-29 14:00:00,101.0,101.0,100.0,100.0,2831.62668142,285104.09388457
2026-05-29 14:15:00,101.0,101.0,101.0,101.0,99.00990099,9999.99999999
2026-05-29 14:30:00,101.0,101.0,100.0,100.0,2239.4,223995.0
2026-05-29 15:00:00,100.0,100.0,99.6,100.0,17514.40690494,1747166.41774318
2026-05-29 15:15:00,101.0,101.0,100.0,100.0,2056.42240375,206632.3393849
2026-05-29 15:30:00,101.0,101.0,101.0,101.0,100.0,10100.0
2026-05-29 16:00:00,101.0,101.0,101.0,101.0,9896.04207797,999500.24987497
2026-05-29 16:15:00,101.0,101.0,101.0,101.0,323.93188118,32717.11999918
2026-05-29 16:45:00,100.0,100.0,100.0,100.0,3778.59347396,377859.347396
2026-05-29 17:00:00,100.0,101.0,100.0,101.0,2558.15859283,255915.859283
2026-05-29 17:15:00,100.0,101.0,100.0,101.0,19470.84391209,1963444.9765455
2026-05-29 17:30:00,101.0,101.0,100.0,100.0,4854.4120467,490193.67991752
2026-05-29 17:45:00,101.0,101.0,101.0,101.0,49.55445544,5004.99999944
2026-05-29 18:00:00,100.0,101.0,100.0,100.0,57297.78379288,5731373.58720879
2026-05-29 18:15:00,101.0,101.0,100.0,101.0,128040.11310514,12931328.23170015
2026-05-29 18:30:00,101.0,102.0,101.0,102.0,179159.38168315,18095264.55009521
2026-05-29 18:45:00,101.0,102.0,101.0,102.0,54561.08279445,5516552.70488185
2026-05-29 19:00:00,101.0,101.0,101.0,101.0,3500.6980198,353570.4999998
2026-05-29 19:15:00,100.0,101.0,100.0,101.0,81104.77953992,8190519.74333585
2026-05-29 19:30:00,101.0,101.0,100.0,100.0,21071.87478033,2128058.95201172
2026-05-29 19:45:00,101.0,102.0,101.0,102.0,2206.18544395,223014.87689777
2026-05-29 20:00:00,101.0,101.0,101.0,101.0,14960.89108911,1511050.00000011
2026-05-29 20:15:00,101.0,101.0,101.0,101.0,6081.67249077,614248.92156777
2026-05-29 20:30:00,101.0,102.0,101.0,102.0,1608.23360515,162728.62382312
2026-05-29 20:45:00,101.0,101.0,101.0,101.0,157399.39636446,15897339.03281046
2026-05-29 21:00:00,100.0,101.0,100.0,101.0,23330.16428636,2338085.73556668
2026-05-29 21:15:00,101.0,101.0,101.0,101.0,599.00990099,60499.99999999
2026-05-29 21:30:00,101.0,101.0,100.0,100.0,6140.5940594,614259.40594
2026-05-29 21:45:00,100.0,100.0,99.8,99.8,15057.18618748,1505698.89641862
2026-05-29 22:00:00,100.0,100.0,99.9,100.0,173734.39876074,17372592.97444432
2026-05-29 22:15:00,100.0,101.0,100.0,101.0,59707.08677919,5970758.677919
2026-05-29 22:30:00,100.0,101.0,100.0,101.0,33940.976,3394197.6
2026-05-29 22:45:00,101.0,101.0,101.0,101.0,100.0,10100.0
2026-05-29 23:00:00,100.0,101.0,99.8,101.0,6302.28824747,630018.21791805
2026-05-29 23:15:00,99.8,101.0,98.9,99.4,56115.55966323,5566466.52463017
2026-05-29 23:30:00,99.9,100.0,99.3,99.3,84642.99568639,8449992.37814659
2026-05-29 23:45:00,99.8,101.0,99.8,101.0,17054.39426803,1703083.78816025
2026-05-30 00:00:00,101.0,102.0,101.0,102.0,222042.27618279,22451625.18740353
2026-05-30 00:15:00,102.0,102.0,102.0,102.0,9797.78010391,999373.57059882
2026-05-30 00:30:00,103.0,104.0,103.0,104.0,219637.11659755,22627218.2523361
2026-05-30 00:45:00,102.0,102.0,102.0,102.0,713.67399517,72794.74750734
2026-05-30 01:00:00,103.0,103.0,103.0,103.0,55409.14732961,5707142.17494983
2026-05-30 01:15:00,103.0,103.0,103.0,103.0,19529.55626754,2011544.29555662
2026-05-30 01:30:00,103.0,103.0,103.0,103.0,21094.06661792,2172688.86164576
2026-05-30 01:45:00,103.0,103.0,103.0,103.0,99.19877766,10217.47409898
2026-05-30 02:15:00,103.0,103.0,103.0,103.0,18665.5574,1922552.4122
2026-05-30 02:30:00,104.0,104.0,104.0,104.0,2300.9,239293.6
2026-05-30 02:45:00,104.0,104.0,104.0,104.0,189890.12394912,19748572.89070848
2026-05-30 03:00:00,104.0,105.0,104.0,105.0,137155.4968647,14400998.0329899
2026-05-30 03:15:00,105.0,105.0,105.0,105.0,4072.38699377,427600.63434585
2026-05-30 03:30:00,105.0,106.0,105.0,106.0,69788.43900981,7391862.73582666
2026-05-30 03:45:00,106.0,106.0,106.0,106.0,62274.3045447,6601076.2817382
2026-05-30 04:00:00,107.0,108.0,107.0,107.0,103995.82596025,11127645.97033934
2026-05-30 04:15:00,107.0,109.0,107.0,109.0,199249.78299733,21646624.81695222
2026-05-30 04:30:00,109.0,109.0,107.0,109.0,256553.28866126,27552748.46468873
2026-05-30 04:45:00,109.0,110.0,108.0,109.0,185851.85733206,20155772.6567063
2026-05-30 05:00:00,109.0,112.0,109.0,111.0,471067.40478718,52183556.05498809
2026-05-30 05:15:00,111.0,115.0,111.0,114.0,914282.76819196,104023012.72563045
2026-05-30 05:30:00,113.0,129.0,112.0,121.0,8590169.7508421,1052220062.4174021
2026-05-30 05:45:00,121.0,123.0,115.0,116.0,2404165.35816664,285131372.348366
2026-05-30 06:00:00,116.0,117.0,111.0,111.0,3139353.26111854,354848787.67305773
2026-05-30 06:15:00,112.0,112.0,109.0,110.0,1194961.91527021,131376918.63680255
2026-05-30 06:30:00,110.0,110.0,108.0,110.0,410565.01894633,44809515.29504731
2026-05-30 06:45:00,110.0,110.0,108.0,109.0,656037.25381113,71648772.49248467
2026-05-30 07:00:00,109.0,109.0,108.0,109.0,427453.55010544,46351523.42295303
2026-05-30 07:15:00,109.0,110.0,108.0,109.0,332742.51078644,36298852.53730557
2026-05-30 07:30:00,109.0,110.0,108.0,109.0,294173.57606833,32209547.16013178
2026-05-30 07:45:00,109.0,109.0,108.0,109.0,255265.28180789,27750578.69231921
2026-05-30 08:00:00,108.0,109.0,107.0,107.0,310478.07263583,33432877.57655018
2026-05-30 08:15:00,108.0,109.0,108.0,108.0,238765.12291076,25859822.7997937
2026-05-30 08:30:00,110.0,110.0,108.0,109.0,134175.99127833,14615000.16009331
2026-05-30 08:45:00,110.0,110.0,107.0,107.0,239288.86313239,25844613.90177904
2026-05-30 09:00:00,107.0,111.0,107.0,110.0,2375762.06575878,259533832.65066403
2026-05-30 09:15:00,109.0,112.0,107.0,108.0,3467160.37281111,380388348.49013114
2026-05-30 09:30:00,108.0,109.0,106.0,108.0,928349.93111479,99423939.59689774
2026-05-30 09:45:00,107.0,108.0,106.0,108.0,178841.10142091,19154010.71732237
2026-05-30 10:00:00,108.0,108.0,107.0,108.0,177437.76104338,19149108.38576199
2026-05-30 10:15:00,107.0,108.0,107.0,107.0,469776.59512776,50270012.20644809
2026-05-30 10:30:00,107.0,107.0,106.0,107.0,224675.87240306,23949348.91139075
2026-05-30 10:45:00,106.0,107.0,105.0,106.0,154500.20940502,16391674.47812107
2026-05-30 11:00:00,105.0,106.0,104.0,104.0,442105.19534349,46298886.98630123
2026-05-30 11:15:00,105.0,106.0,104.0,104.0,116191.23258625,12155182.86263305
2026-05-30 11:30:00,105.0,105.0,104.0,105.0,44151.82533431,4593593.34889358
2026-05-30 11:45:00,104.0,105.0,104.0,105.0,69867.98635281,7319043.9973553
2026-05-30 12:00:00,105.0,105.0,104.0,105.0,552641.84795817,57568283.55761777
2026-05-30 12:15:00,105.0,105.0,103.0,104.0,518436.76842744,53940647.84456642
2026-05-30 12:30:00,104.0,105.0,104.0,104.0,284321.84889109,29569519.95134002
2026-05-30 12:45:00,104.0,104.0,104.0,104.0,209856.71815324,21825098.68793696
2026-05-30 13:00:00,104.0,105.0,103.0,103.0,146777.27619753,15222273.39947151
2026-05-30 13:15:00,103.0,105.0,103.0,104.0,489057.09211932,50773424.45558386
2026-05-30 13:30:00,104.0,105.0,103.0,105.0,487160.03294676,50644895.03439654
2026-05-30 13:45:00,104.0,107.0,104.0,107.0,575983.68922171,60821510.30570699
2026-05-30 14:00:00,107.0,107.0,105.0,107.0,249352.01148555,26568430.77809226
2026-05-30 14:15:00,107.0,107.0,106.0,107.0,63861.86392604,6779428.59668263
2026-05-30 14:30:00,107.0,107.0,105.0,106.0,168923.26473405,17850423.53042822
2026-05-30 14:45:00,105.0,106.0,105.0,106.0,255268.01096465,27005466.71992141
2026-05-30 15:00:00,106.0,107.0,106.0,107.0,24533.09952014,2600648.73605072
2026-05-30 15:15:00,106.0,107.0,106.0,107.0,291121.54675143,30975347.43546613
2026-05-30 15:30:00,107.0,107.0,107.0,107.0,37701.65151067,4034076.71164169
2026-05-30 16:00:00,106.0,106.0,105.0,105.0,89933.36684659,9509859.72308091
2026-05-30 16:15:00,105.0,106.0,105.0,105.0,246408.20213364,25872935.50705106
2026-05-30 16:30:00,105.0,106.0,105.0,106.0,2189.48328838,231334.99999685
2026-05-30 16:45:00,105.0,105.0,105.0,105.0,56417.56318809,5923844.13474945
2026-05-30 17:00:00,105.0,105.0,104.0,105.0,109614.45446767,11403549.77863767
2026-05-30 17:15:00,104.0,104.0,104.0,104.0,9455.94331768,983418.10503872
2026-05-30 17:30:00,104.0,105.0,104.0,105.0,31442.17562741,3289271.4319149
2026-05-30 17:45:00,105.0,105.0,105.0,105.0,28480.78838675,2990482.78060875
2026-05-30 18:00:00,105.0,105.0,104.0,105.0,2956.76759809,310020.74639182
2026-05-30 18:15:00,105.0,105.0,105.0,105.0,50968.52314318,5351694.9300339
2026-05-30 18:30:00,105.0,105.0,105.0,105.0,49733.37140951,5222003.99799855
2026-05-30 18:45:00,105.0,105.0,105.0,105.0,237.05877894,24891.1717887
2026-05-30 19:00:00,104.0,105.0,104.0,105.0,72234.51959276,7513064.97098034
2026-05-30 19:15:00,105.0,105.0,103.0,105.0,231125.41968022,24035728.08044763
2026-05-30 19:30:00,105.0,105.0,104.0,104.0,53469.6991127,5561848.7077208
2026-05-30 19:45:00,104.0,105.0,103.0,103.0,38539.30634142,4009163.59887723
2026-05-30 20:00:00,105.0,105.0,103.0,104.0,6777.70555217,704874.72056853
2026-05-30 20:15:00,104.0,104.0,103.0,103.0,28695.09999762,2956912.29975486
2026-05-30 20:30:00,103.0,104.0,103.0,103.0,60261.93310089,6207167.8305455
2026-05-30 20:45:00,103.0,104.0,103.0,103.0,23560.13096106,2426759.60437379
2026-05-30 21:00:00,103.0,104.0,103.0,104.0,87082.71441101,8974297.71414168
2026-05-30 21:15:00,104.0,104.0,103.0,104.0,21207.63295071,2192352.8351746
2026-05-30 21:30:00,103.0,103.0,102.0,102.0,675180.70208454,68909058.30870149
2026-05-30 21:45:00,102.0,102.0,102.0,102.0,71490.65134635,7292046.4373277
2026-05-30 22:00:00,102.0,103.0,102.0,103.0,167682.05623432,17186546.62587797
2026-05-30 22:15:00,103.0,104.0,102.0,103.0,580695.10499555,59814943.80240794
2026-05-30 22:30:00,102.0,103.0,102.0,103.0,97846.42267004,10008196.56671396
2026-05-30 22:45:00,102.0,102.0,102.0,102.0,136849.41566302,13958640.39762804
2026-05-30 23:00:00,103.0,103.0,102.0,102.0,300007.75833526,30608062.81621593
2026-05-30 23:15:00,102.0,103.0,102.0,103.0,32372.44983457,3302038.47535914
2026-05-30 23:30:00,103.0,103.0,102.0,103.0,131439.84165166,13407965.52711009
2026-05-30 23:45:00,103.0,103.0,102.0,102.0,45324.85535311,4633804.8115512
2026-05-31 00:00:00,102.0,102.0,102.0,102.0,4143.78217713,422665.78206726
2026-05-31 00:15:00,102.0,102.0,102.0,102.0,91812.83934386,9364909.61307372
2026-05-31 00:30:00,102.0,103.0,102.0,103.0,18947.7300505,1933368.465151
2026-05-31 00:45:00,103.0,103.0,102.0,103.0,33696.50549576,3454383.58407788
2026-05-31 01:00:00,103.0,103.0,103.0,103.0,49495.90253415,5098077.96101745
2026-05-31 01:15:00,102.0,103.0,102.0,102.0,77941.14301914,7961654.90005836
2026-05-31 01:30:00,102.0,103.0,102.0,103.0,102268.15623838,10433677.05416701
2026-05-31 01:45:00,102.0,102.0,102.0,102.0,22525.1656994,2297566.9013388
2026-05-31 02:00:00,102.0,103.0,102.0,102.0,388457.84004958,39622753.08311541
2026-05-31 02:30:00,101.0,102.0,101.0,102.0,312952.95512652,31608361.21287655
2026-05-31 02:45:00,102.0,102.0,101.0,101.0,329560.72869827,33556811.89722354
2026-05-31 03:00:00,102.0,102.0,101.0,102.0,32460.73044799,3281654.53897694
2026-05-31 03:15:00,102.0,102.0,101.0,101.0,236479.80487818,24109431.84328851
2026-05-31 03:30:00,102.0,102.0,102.0,102.0,133833.69838737,13651037.23551174
2026-05-31 03:45:00,102.0,102.0,102.0,102.0,9398.03921568,958599.99999936
2026-05-31 04:00:00,102.0,102.0,102.0,102.0,33293.83761058,3395971.43627916
2026-05-31 04:15:00,102.0,103.0,102.0,102.0,122610.07507487,12511184.06292923
2026-05-31 04:30:00,102.0,102.0,102.0,102.0,3054.91371961,311601.19940022
2026-05-31 04:45:00,102.0,102.0,102.0,102.0,50917.23463935,5193557.9332137
2026-05-31 05:00:00,102.0,103.0,101.0,102.0,24387.47327103,2488120.36842443
2026-05-31 05:15:00,102.0,102.0,102.0,102.0,7856.18521987,801330.89242674
2026-05-31 05:30:00,102.0,102.0,101.0,102.0,178202.05032183,18054079.79406468
2026-05-31 05:45:00,102.0,102.0,101.0,101.0,607.84313724,61696.07842986
2026-05-31 06:00:00,102.0,102.0,101.0,101.0,6687.20791395,678804.03891291
2026-05-31 06:15:00,102.0,102.0,102.0,102.0,490.19607843,49999.99999986
2026-05-31 06:30:00,102.0,102.0,101.0,101.0,368614.40137694,37510110.98143798
2026-05-31 06:45:00,102.0,102.0,101.0,102.0,39613.2793796,4019083.13657604
2026-05-31 07:00:00,102.0,102.0,101.0,101.0,301523.67843025,30459535.60328442
2026-05-31 07:15:00,102.0,102.0,101.0,101.0,423920.98767399,42872399.1965082
2026-05-31 07:30:00,101.0,101.0,100.0,101.0,86752.39130113,8761842.26768279
2026-05-31 07:45:00,101.0,101.0,100.0,100.0,22356.94451815,2246868.83492047
2026-05-31 08:00:00,100.0,101.0,100.0,101.0,347462.08750542,34753407.8139113
2026-05-31 08:15:00,100.0,101.0,100.0,101.0,71130.61418229,7123080.52575373
2026-05-31 08:30:00,100.0,101.0,100.0,101.0,192562.8647771,19256455.84404662
2026-05-31 08:45:00,101.0,101.0,100.0,101.0,206906.71690252,20880072.65932928
2026-05-31 09:00:00,101.0,101.0,100.0,101.0,95364.90913719,9584597.90621777
2026-05-31 09:15:00,101.0,101.0,100.0,101.0,12943.55643365,1307249.19979865
2026-05-31 09:30:00,100.0,101.0,100.0,100.0,152876.24708299,15288792.708299
2026-05-31 09:45:00,100.0,101.0,99.9,101.0,479609.53548159,47948190.06535197
2026-05-31 10:00:00,100.0,101.0,99.7,99.8,94186.79265547,9408047.99599933
2026-05-31 10:15:00,99.8,102.0,99.8,102.0,769299.44049898,77686785.63686676
2026-05-31 10:30:00,101.0,102.0,100.0,101.0,319056.36785758,32224602.02101326
2026-05-31 10:45:00,101.0,102.0,101.0,102.0,3483.05739493,355026.70127274
2026-05-31 11:00:00,102.0,102.0,102.0,102.0,467757.42468805,47711257.3181811
2026-05-31 11:15:00,102.0,103.0,101.0,101.0,196755.35653729,20090286.93207993
2026-05-31 11:30:00,101.0,103.0,101.0,103.0,264026.40506385,26930731.2396217
2026-05-31 11:45:00,103.0,104.0,103.0,104.0,545051.36211871,56151498.59422093
2026-05-31 12:00:00,103.0,104.0,103.0,103.0,139372.4372834,14362718.42880356
2026-05-31 12:15:00,103.0,104.0,103.0,103.0,76124.55703125,7840973.71553847
2026-05-31 12:30:00,102.0,103.0,102.0,103.0,6909.3319997,711461.1959691
2026-05-31 12:45:00,103.0,103.0,102.0,103.0,49020.52485929,5049014.06050687
2026-05-31 13:00:00,104.0,104.0,103.0,103.0,112923.33055862,11631209.42496504
2026-05-31 13:15:00,103.0,103.0,103.0,103.0,21991.66436199,2265141.42928497
2026-05-31 13:30:00,104.0,104.0,102.0,103.0,1405.03697294,143458.61347288
2026-05-31 13:45:00,102.0,103.0,102.0,103.0,14585.38748706,1489318.98108733
2026-05-31 14:00:00,103.0,103.0,102.0,102.0,2013.83972007,205950.04950539
2026-05-31 14:15:00,102.0,103.0,102.0,103.0,74625.82013802,7621388.20262172
2026-05-31 14:30:00,103.0,103.0,102.0,102.0,129803.3783978,13258290.91856023
2026-05-31 14:45:00,102.0,103.0,102.0,103.0,167954.34875305,17131680.70521577
2026-05-31 15:00:00,102.0,102.0,102.0,102.0,47079.97823342,4802157.77980884
2026-05-31 15:15:00,102.0,102.0,101.0,101.0,7533.16751203,761633.74740944
2026-05-31 15:30:00,102.0,103.0,102.0,103.0,171400.67609508,17487283.59611152
2026-05-31 15:45:00,103.0,103.0,103.0,103.0,15203.63117855,1565974.01139065
2026-05-31 16:00:00,102.0,102.0,102.0,102.0,559208.65313174,57039282.61943748
2026-05-31 16:15:00,102.0,102.0,101.0,102.0,100126.40944417,10210988.57027079
2026-05-31 16:30:00,102.0,102.0,101.0,101.0,186883.33378406,18878073.45728809
2026-05-31 16:45:00,101.0,101.0,101.0,101.0,262161.66587419,26478328.25329319
2026-05-31 17:00:00,101.0,101.0,101.0,101.0,23566.25081247,2380191.33205947
2026-05-31 17:15:00,102.0,102.0,101.0,101.0,11714.59135431,1185142.59541276
2026-05-31 17:45:00,101.0,101.0,101.0,101.0,8340.92936776,842433.86614376
2026-05-31 18:00:00,101.0,101.0,101.0,101.0,119527.61026462,12072288.63672662
2026-05-31 18:15:00,101.0,102.0,101.0,102.0,6692.22715524,676307.09954198
2026-05-31 18:30:00,101.0,101.0,101.0,101.0,2297.307,232028.007
2026-05-31 19:00:00,101.0,101.0,101.0,101.0,50806.33792756,5131440.13068356
2026-05-31 19:15:00,100.0,100.0,100.0,100.0,4013.19687951,401319.687951
2026-05-31 19:30:00,100.0,100.0,100.0,100.0,1884.10991636,188410.991636
2026-05-31 19:45:00,101.0,101.0,101.0,101.0,40165.20271645,4056685.47436145
2026-05-31 20:00:00,101.0,101.0,100.0,101.0,16111.0070345,1613402.56603712
2026-05-31 20:15:00,101.0,101.0,100.0,101.0,7983.84948268,801684.49775068
2026-05-31 20:45:00,101.0,101.0,100.0,101.0,18764.60284089,1887289.33491011
2026-05-31 21:00:00,100.0,101.0,100.0,100.0,33948.6379802,3394918.25346554
2026-05-31 21:15:00,101.0,101.0,100.0,100.0,59557.30186461,5955779.70131248
2026-05-31 21:30:00,100.0,100.0,100.0,100.0,53980.14113749,5398014.113749
2026-05-31 21:45:00,100.0,100.0,100.0,100.0,17476.19167976,1747619.167976
2026-05-31 22:00:00,101.0,101.0,100.0,100.0,24437.207139,2448157.921039
2026-05-31 22:15:00,100.0,100.0,100.0,100.0,9886.13308184,988613.308184
2026-05-31 22:30:00,100.0,100.0,100.0,100.0,17626.72296641,1762672.296641
2026-05-31 22:45:00,100.0,100.0,100.0,100.0,26348.96375341,2634896.375341
2026-05-31 23:00:00,100.0,100.0,100.0,100.0,248635.81951435,24863581.951435
2026-05-31 23:15:00,99.9,101.0,99.0,99.4,300283.26295105,29882441.0780705
2026-05-31 23:30:00,99.1,99.4,98.6,98.6,167538.74486427,16566080.20811824
2026-05-31 23:45:00,99.0,99.4,99.0,99.3,68474.95557828,6799255.95584171
2026-06-01 00:00:00,99.3,99.5,99.0,99.0,19558.10144722,1942123.25614907
2026-06-01 00:15:00,99.6,99.6,99.6,99.6,55.22088353,5499.99999959
2026-06-01 00:30:00,99.6,101.0,99.6,101.0,98031.95324293,9813986.80920199
2026-06-01 01:00:00,100.0,100.0,100.0,100.0,5000.0,500000.0
2026-06-01 01:15:00,100.0,101.0,99.7,99.7,99063.87913148,9950227.72382545
2026-06-01 01:30:00,99.6,99.6,99.2,99.4,12115.02414041,1203239.51882272
2026-06-01 01:45:00,99.3,99.3,99.2,99.2,19141.09518319,1899239.34987638
2026-06-01 02:00:00,99.2,99.2,99.0,99.0,50169.87551852,4968869.27621199
2026-06-01 02:15:00,99.0,99.1,98.9,99.1,22657.82555439,2242560.1171142
2026-06-01 02:30:00,99.1,99.3,99.1,99.3,5140.0,510139.7
2026-06-01 02:45:00,99.3,99.4,99.1,99.1,36733.57241438,3643457.43957466
2026-06-01 03:00:00,99.2,99.5,99.0,99.0,36281.84335699,3592367.77668398
2026-06-01 03:15:00,98.9,99.2,98.9,99.2,59307.814425,5873539.6319725
2026-06-01 03:30:00,99.2,99.3,99.2,99.3,16094.1000273,1597504.88731089
2026-06-01 03:45:00,99.3,99.3,99.3,99.3,38117.33609528,3785051.4742613
2026-06-01 04:00:00,99.3,99.5,99.0,99.1,23615.56244614,2341118.72040944
2026-06-01 04:15:00,99.2,99.3,99.2,99.3,92420.55709305,9176189.25665043
2026-06-01 04:30:00,99.1,99.3,99.1,99.3,8016.35583,795911.262753
2026-06-01 04:45:00,99.2,99.2,99.0,99.2,98956.0225876,9801961.82528748
2026-06-01 05:00:00,99.5,99.5,99.5,99.5,2211.0,219994.5
2026-06-01 05:15:00,99.5,99.5,99.5,99.5,5501.70635987,547419.78280707
2026-06-01 06:00:00,99.6,99.6,99.3,99.6,15756.1724668,1568765.57386579
2026-06-01 06:15:00,99.8,100.0,99.8,100.0,101178.19149849,10117799.930169
2026-06-01 06:30:00,100.0,100.0,100.0,100.0,7112.20575383,711220.575383
2026-06-01 06:45:00,101.0,101.0,101.0,101.0,55338.21802494,5589160.02051894
2026-06-01 07:00:00,100.0,101.0,100.0,101.0,16879.45041635,1703364.70466308
2026-06-01 07:15:00,100.0,100.0,100.0,100.0,10506.94502042,1050694.502042
2026-06-01 07:45:00,100.0,101.0,100.0,100.0,8030.0,809930.0
2026-06-01 08:00:00,101.0,101.0,101.0,101.0,153960.0,15549960.0
2026-06-01 08:15:00,101.0,101.0,100.0,100.0,36815.37056305,3718277.31188354
2026-06-01 08:30:00,100.0,100.0,100.0,100.0,79611.05793319,7961105.793319
2026-06-01 08:45:00,100.0,101.0,100.0,101.0,29578.67786897,2977500.96721772
2026-06-01 09:00:00,100.0,100.0,100.0,100.0,66082.63689937,6608263.689937
2026-06-01 09:15:00,100.0,101.0,100.0,101.0,21053.56141954,2107876.83210397
2026-06-01 09:30:00,100.0,100.0,100.0,100.0,25657.35575446,2565735.575446
2026-06-01 09:45:00,100.0,100.0,100.0,100.0,17228.32929965,1722832.929965
2026-06-01 10:00:00,100.0,101.0,100.0,101.0,1099.60445544,110009.99999944
2026-06-01 10:15:00,100.0,100.0,100.0,100.0,16970.32120559,1697032.120559
2026-06-01 10:30:00,101.0,101.0,101.0,101.0,1063.07920792,107370.99999992
2026-06-01 10:45:00,101.0,101.0,99.7,99.7,91893.94139201,9174443.56756443
2026-06-01 11:00:00,99.7,100.0,99.7,100.0,30218.72567463,3019632.34995967
2026-06-01 11:15:00,100.0,100.0,100.0,100.0,70000.0,7000000.0
2026-06-01 11:30:00,101.0,101.0,101.0,101.0,1108.58432664,111967.01699064
2026-06-01 11:45:00,101.0,101.0,101.0,101.0,5940.0990099,599949.9999999
2026-06-01 12:00:00,101.0,102.0,101.0,102.0,166090.49947382,16788057.36842444
2026-06-01 12:15:00,102.0,102.0,101.0,101.0,147433.63412009,14900600.96769771
2026-06-01 12:30:00,101.0,101.0,101.0,101.0,32737.12719271,3306449.84646371
2026-06-01 12:45:00,101.0,101.0,101.0,101.0,5459.67592936,551427.26886536
2026-06-01 13:00:00,100.0,101.0,100.0,101.0,180480.24449492,18048217.90493754
2026-06-01 13:15:00,100.0,101.0,100.0,100.0,4625.0,465625.0
2026-06-01 13:30:00,100.0,100.0,100.0,100.0,60074.51337235,6007451.337235
2026-06-01 13:45:00,100.0,100.0,100.0,100.0,33671.62788001,3367162.788001
2026-06-01 14:00:00,101.0,101.0,99.8,100.0,55480.09364803,5547507.92550844
2026-06-01 14:15:00,99.9,100.0,99.7,100.0,36276.58875609,3621447.83515335
2026-06-01 14:30:00,100.0,100.0,99.6,99.7,80687.81288572,8048044.4782295
2026-06-01 14:45:00,99.8,99.8,99.8,99.8,56.99207577,5687.80916185
2026-06-01 15:00:00,99.7,99.7,99.0,99.0,132309.1601908,13160115.01018932
2026-06-01 15:15:00,99.1,99.3,98.5,98.7,166224.32835254,16418295.75568144
2026-06-01 15:30:00,98.6,98.6,98.0,98.0,268170.42162215,26339707.01718932
2026-06-01 15:45:00,98.0,98.3,97.6,98.0,90040.154029,8822766.83758996
2026-06-01 16:00:00,98.3,98.3,98.1,98.1,80540.74195419,7913448.03850907
2026-06-01 16:15:00,98.1,98.1,97.8,97.8,174951.28587868,17146441.8213073
2026-06-01 16:30:00,97.6,98.1,97.5,97.9,18825.89400136,1837984.4192282
2026-06-01 16:45:00,97.9,97.9,97.4,97.4,65069.89634926,6347626.83359399
2026-06-01 17:00:00,97.4,97.4,97.3,97.4,66789.23205155,6502340.51021375
2026-06-01 17:15:00,97.5,97.5,96.7,96.9,85155.26560774,8249738.97842346
2026-06-01 17:30:00,96.6,97.3,96.5,96.5,132526.53392124,12843414.8383254
2026-06-01 17:45:00,96.7,97.2,96.5,96.7,43386.18552267,4199942.89754626
2026-06-01 18:00:00,96.8,97.1,96.8,97.0,71182.44431087,6904549.75066359
2026-06-01 18:15:00,97.4,98.1,97.0,97.9,47512.03178437,4626944.76094514
2026-06-01 18:30:00,97.6,97.7,96.3,96.6,452946.92187953,43745925.19799598
2026-06-01 18:45:00,96.6,96.9,96.5,96.7,25901.13188504,2504954.82140818
2026-06-01 19:00:00,96.5,96.8,96.4,96.8,46291.43940392,4471505.48068784
2026-06-01 19:15:00,96.8,96.8,96.4,96.6,37881.52072578,3653372.78094004
2026-06-01 19:30:00,96.6,96.8,96.2,96.5,124491.91534641,11987793.37363079
2026-06-01 19:45:00,96.5,97.1,96.5,96.6,178880.77655456,17289955.21910258
2026-06-01 20:00:00,97.0,97.0,96.7,97.0,30085.67499455,2917085.96967959
2026-06-01 20:15:00,96.8,97.0,96.8,97.0,8632.11141229,837280.90315568
2026-06-01 20:45:00,97.2,97.2,96.6,96.6,120164.23920536,11643186.49749201
2026-06-01 21:00:00,96.5,96.7,95.8,95.9,66949.27130861,6425471.91726562
2026-06-01 21:15:00,95.9,97.1,95.9,96.8,29646.14071937,2859091.04369955
2026-06-01 21:30:00,97.0,97.2,96.8,97.2,46866.0716169,4544287.10237387
2026-06-01 21:45:00,96.8,96.8,96.6,96.6,17833.40919192,1726127.10479897
2026-06-01 22:00:00,96.6,96.6,96.0,96.0,70319.27233188,6762070.43216698
2026-06-01 22:15:00,96.3,96.5,96.3,96.5,440.64265107,42500.02077006
2026-06-01 22:30:00,96.6,96.9,96.3,96.3,69083.47968103,6681271.6810036
2026-06-01 22:45:00,96.2,96.6,95.7,96.6,59455.75329095,5707988.19554972
2026-06-01 23:00:00,96.5,96.5,95.8,95.8,158666.02184995,15222984.30458619
2026-06-01 23:15:00,96.1,96.3,96.1,96.3,169037.38530819,16249443.95226563
2026-06-01 23:30:00,96.0,96.3,95.6,96.1,72851.45809642,6988241.39571568
2026-06-01 23:45:00,96.2,96.4,96.1,96.2,22647.02797074,2178450.51676115
2026-06-02 00:00:00,96.2,96.6,96.2,96.6,29078.44698756,2804840.58193816
2026-06-02 00:15:00,96.5,96.5,95.5,95.5,141484.16799441,13555966.24896551
2026-06-02 00:30:00,95.5,96.8,95.5,96.8,51351.33439799,4952994.90177023
2026-06-02 00:45:00,96.4,96.6,96.3,96.3,26070.58579179,2511463.41493535
2026-06-02 01:00:00,96.4,96.4,96.4,96.4,3053.82974247,294389.18717411
2026-06-02 01:15:00,96.8,96.8,96.8,96.8,614.672189,59500.2678952
2026-06-02 01:30:00,96.8,97.3,96.8,97.3,6222.0413318,604840.11109286
2026-06-02 01:45:00,97.4,97.4,97.4,97.4,633.59992994,61712.63317616
2026-06-02 02:00:00,97.4,98.0,97.1,98.0,252396.19004002,24677996.16377619
2026-06-02 02:15:00,97.9,98.1,97.9,98.1,3362.8674605,329446.28005759
2026-06-02 02:30:00,98.0,98.7,98.0,98.7,182664.17700689,17974966.37097513
2026-06-02 02:45:00,98.4,98.5,98.4,98.5,1070.32143169,105325.34389887
2026-06-02 03:00:00,98.3,98.3,98.3,98.3,33807.23069105,3323250.77693022
2026-06-02 03:15:00,98.0,98.1,98.0,98.1,64800.87511386,6352994.15435037
2026-06-02 03:30:00,98.1,98.1,98.1,98.1,5940.31348746,582744.75311983
2026-06-02 03:45:00,97.9,97.9,97.8,97.8,33710.53234815,3299750.1249361
2026-06-02 04:15:00,97.7,97.7,97.3,97.3,29467.25355621,2868351.07910521
2026-06-02 04:45:00,98.1,98.1,98.1,98.1,61.66495375,6049.33196288
2026-06-02 05:00:00,98.0,98.0,97.5,97.5,155414.72102199,15204063.5344084
2026-06-02 05:15:00,97.5,97.5,97.5,97.5,307.6923077,30000.00000075
2026-06-02 05:30:00,97.6,97.6,97.6,97.6,150.69053708,14707.39641901
2026-06-02 05:45:00,97.6,97.8,97.6,97.7,18305.31532011,1787194.7589489
2026-06-02 06:00:00,97.9,97.9,97.2,97.2,26045.68275418,2539027.41839437
2026-06-02 06:15:00,97.4,97.4,97.0,97.2,79591.19501924,7743358.25712027
2026-06-02 06:30:00,97.2,97.4,97.0,97.1,136886.01103086,13292578.34191967
2026-06-02 06:45:00,97.1,97.1,96.7,96.7,58509.97046652,5665275.00600647
2026-06-02 07:00:00,96.7,96.7,96.3,96.6,54055.40562456,5218397.55990367
2026-06-02 07:15:00,96.6,96.6,96.6,96.6,4012.75552699,387632.18390723
2026-06-02 07:30:00,96.7,96.7,96.6,96.6,39997.4505704,3864594.05297186
2026-06-02 07:45:00,97.3,97.4,97.3,97.4,10942.21090347,1064728.94995665
2026-06-02 08:00:00,97.4,97.4,97.1,97.4,12619.23678654,1226954.04631167
2026-06-02 08:15:00,97.4,97.5,97.0,97.0,32263.65672282,3142986.10785187
2026-06-02 08:30:00,97.0,97.3,96.9,97.2,25539.86276319,2479555.96275669
2026-06-02 08:45:00,97.2,97.2,97.2,97.2,14599.15289927,1419037.66180904
2026-06-02 09:00:00,97.2,97.5,97.1,97.4,15615.49230409,1518103.48935026
2026-06-02 09:15:00,97.2,97.3,96.7,97.0,36317.11722809,3525298.89027694
2026-06-02 09:30:00,96.9,97.2,96.8,96.9,26087.89522713,2527452.65273989
2026-06-02 09:45:00,96.8,96.9,96.8,96.8,58985.46352335,5709802.57132188
2026-06-02 10:00:00,97.2,97.2,96.7,97.0,6179.20108068,597735.67191939
2026-06-02 10:15:00,96.9,97.2,96.8,96.8,1438.11501379,139344.57206503
2026-06-02 10:30:00,96.7,96.7,95.8,96.6,227027.46549063,21834804.80891047
2026-06-02 10:45:00,96.5,96.5,95.8,95.8,145737.30403075,13965811.15601639
2026-06-02 11:00:00,95.7,95.7,94.6,95.0,355480.53468698,33786485.1903578
2026-06-02 11:15:00,95.2,96.2,95.2,96.2,361795.25208025,34465807.68735577
2026-06-02 11:30:00,96.6,96.8,96.3,96.3,31561.32359316,3048180.2832782
2026-06-02 11:45:00,96.5,96.7,96.5,96.7,35813.37872453,3463127.99188485
2026-06-02 12:00:00,96.9,97.0,96.8,96.8,69994.43535682,6785371.45318624
2026-06-02 12:15:00,97.0,97.0,96.7,96.8,12955.41377284,1253856.59178493
2026-06-02 12:30:00,96.9,97.3,96.9,97.3,36345.82831691,3529254.69438348
2026-06-02 12:45:00,97.5,97.8,97.5,97.8,221013.26873348,21570922.30271096
2026-06-02 13:00:00,97.6,98.1,97.3,98.0,197989.86868091,19362560.65183175
2026-06-02 13:15:00,97.7,97.7,97.3,97.4,45148.4507844,4401380.67820577
2026-06-02 13:30:00,97.5,97.5,97.5,97.5,9595.11422286,935523.63672885
2026-06-02 13:45:00,97.6,97.6,97.3,97.3,52402.21741894,5106851.04938788
2026-06-02 14:00:00,97.5,97.5,96.7,97.2,76504.94297282,7434530.32641581
2026-06-02 14:15:00,97.5,97.6,97.0,97.0,48274.42047987,4695055.45112654
2026-06-02 14:30:00,96.9,97.1,96.7,96.7,1597.85098782,154875.41375423
2026-06-02 14:45:00,96.8,97.1,96.6,96.6,19184.18631234,1854359.46686698
2026-06-02 15:00:00,96.6,96.6,96.6,96.6,4140.78674949,400000.00000073
2026-06-02 15:15:00,96.5,96.6,96.4,96.6,23582.07079891,2275883.40913415
2026-06-02 15:30:00,96.6,96.7,96.4,96.7,5296.33516677,512097.81738534
2026-06-02 15:45:00,96.7,97.0,96.7,96.9,35419.88245441,3435645.84058035
2026-06-02 16:00:00,96.8,96.8,96.1,96.4,37494.12883278,3610324.45134024
2026-06-02 16:15:00,96.9,96.9,96.2,96.2,91753.89070161,8864580.23940988
2026-06-02 16:30:00,96.2,96.8,96.2,96.8,90398.90975487,8700420.6193305
2026-06-02 16:45:00,96.8,96.9,96.8,96.9,29611.57997013,2866627.69110858
2026-06-02 17:00:00,96.5,96.5,96.5,96.5,2208.826943,213151.7999995
2026-06-02 17:15:00,96.5,96.5,96.3,96.3,24961.21488821,2405015.99703965
2026-06-02 17:30:00,96.5,96.8,96.4,96.4,27688.54194266,2675268.13693081
2026-06-02 17:45:00,96.4,96.5,95.9,96.3,108830.62362237,10457869.11608748
2026-06-02 18:00:00,95.9,96.0,95.6,95.7,83553.08829706,7996269.34022169
2026-06-02 18:15:00,95.6,95.6,95.1,95.1,99972.11183201,9533848.30377932
2026-06-02 18:30:00,95.5,95.5,95.3,95.5,11336.0737754,1081688.4655507
2026-06-02 18:45:00,95.3,95.5,95.1,95.4,167126.59542727,15894282.11760439
2026-06-02 19:00:00,95.2,95.2,95.0,95.0,327.93716788,31190.82776742
2026-06-02 19:15:00,95.5,95.5,95.2,95.2,157784.84331473,15037779.29679597
2026-06-02 19:30:00,95.1,95.1,95.0,95.0,28738.59083975,2730486.47701588
2026-06-02 19:45:00,95.0,96.5,95.0,96.5,836023.6330875,80186615.21212398
2026-06-02 20:00:00,96.7,97.3,96.4,97.1,300268.51543812,29112942.56348272
2026-06-02 20:15:00,97.0,97.3,97.0,97.0,40536.57204964,3932344.05491379
2026-06-02 20:30:00,97.0,97.0,96.6,96.9,28465.94199525,2758125.70491564
2026-06-02 20:45:00,97.0,97.0,96.9,96.9,36581.85183025,3548325.72896414
2026-06-02 21:00:00,97.0,97.0,96.7,96.9,47080.52469348,4563645.0159074
2026-06-02 21:15:00,96.6,96.6,96.6,96.6,187.54679903,18117.0207863
2026-06-02 21:30:00,96.9,97.3,96.9,97.3,22713.10964134,2206675.09034031
2026-06-02 21:45:00,97.4,97.4,97.0,97.2,182512.7532121,17715106.85512285
2026-06-02 22:00:00,97.2,97.2,96.9,96.9,32878.29402026,3193724.16145738
2026-06-02 22:15:00,96.9,97.1,96.8,97.1,23025.56299443,2229114.24386485
2026-06-02 22:30:00,97.0,97.1,96.4,97.1,39036.78582197,3781593.81695084
2026-06-02 22:45:00,97.1,97.6,97.1,97.4,291102.587214,28298192.56771471
2026-06-02 23:00:00,97.2,97.4,97.1,97.1,27703.74704736,2692798.42601005
2026-06-02 23:15:00,97.0,97.0,94.3,94.6,225518.06732176,21447590.05062824
2026-06-02 23:30:00,94.8,95.5,94.0,94.3,273054.76227368,25711078.02215375
2026-06-02 23:45:00,94.4,95.6,94.4,95.1,93680.16775153,8914749.15395834
2026-06-03 00:00:00,95.1,95.1,94.2,94.2,386519.39820976,36433261.09193422
2026-06-03 00:15:00,94.0,94.2,93.3,93.3,62990.36948633,5907993.02698203
2026-06-03 00:30:00,93.3,93.7,92.4,93.7,156583.35733249,14538265.93339176
2026-06-03 00:45:00,93.7,94.5,93.2,94.5,21732.50447556,2045075.52725514
2026-06-03 01:00:00,94.2,95.2,94.2,95.2,13871.74851165,1310639.53852093
2026-06-03 01:15:00,95.2,95.7,95.2,95.2,18889.56409875,1798577.89052916
2026-06-03 01:30:00,95.4,95.7,95.4,95.7,28848.96719732,2759658.22318917
2026-06-03 01:45:00,95.5,95.5,95.2,95.2,20130.7986852,1919065.43485714
2026-06-03 02:15:00,95.7,95.9,95.7,95.7,586.53622307,56153.42524271
2026-06-03 02:30:00,95.9,96.2,95.9,96.2,1062.56517205,101918.76955121
2026-06-03 02:45:00,95.5,95.5,95.5,95.5,73.29842931,6999.99999911
2026-06-03 03:00:00,95.7,95.7,95.7,95.7,621.8595577,59511.95967189
2026-06-03 03:15:00,95.5,95.5,95.0,95.0,81104.05329431,7704998.4137448
2026-06-03 03:30:00,95.0,95.0,95.0,95.0,3085.81484283,293152.41006885
2026-06-03 03:45:00,94.8,94.8,94.3,94.3,392279.8661386,37090504.92562758
2026-06-03 04:00:00,94.1,94.6,94.0,94.6,11316.45922476,1064700.27712677
2026-06-03 04:15:00,94.1,94.2,93.5,93.9,71840.21201978,6739512.19775048
2026-06-03 04:30:00,93.4,93.4,92.5,92.9,114078.4265127,10593210.91218477
2026-06-03 04:45:00,93.4,94.5,93.4,94.5,203288.63755464,19104825.75188782
2026-06-03 05:00:00,94.5,95.1,94.5,94.8,19012.34551311,1800668.47076521
2026-06-03 05:15:00,94.2,94.2,93.5,93.6,52712.23141691,4945769.37496127
2026-06-03 05:30:00,94.1,94.4,94.1,94.2,21062.29674576,1984402.44618752
2026-06-03 05:45:00,94.4,94.8,94.4,94.8,208412.46908364,19750280.48943337
2026-06-03 06:30:00,95.0,95.4,95.0,95.4,1789.88048178,170436.91068811
2026-06-03 06:45:00,95.0,95.0,94.9,94.9,36778.35633426,3492196.6517547
2026-06-03 07:00:00,94.5,94.9,94.5,94.9,3683.17145501,349113.44327821
2026-06-03 07:15:00,94.1,94.8,93.8,94.8,144823.53741202,13685267.54155914
2026-06-03 07:30:00,94.5,94.6,94.5,94.6,10695.46622038,1011791.10444795
2026-06-03 07:45:00,94.5,94.5,92.7,93.0,140704.39770729,13150487.06989024
2026-06-03 08:00:00,92.6,93.5,92.6,93.4,94755.43699415,8793925.86050036
2026-06-03 08:15:00,93.3,93.3,91.7,91.7,253136.11461354,23414154.61231037
2026-06-03 08:30:00,91.9,92.7,91.9,92.7,3647.21387611,336442.49638048
2026-06-03 08:45:00,93.0,93.5,93.0,93.0,50132.49498411,4662676.01674938
2026-06-03 09:00:00,93.5,93.9,93.2,93.9,33027.67740958,3087451.51255908
2026-06-03 09:15:00,93.9,94.7,93.9,94.6,18891.44135018,1779331.69514934
2026-06-03 09:30:00,94.5,94.6,94.1,94.4,1509.42865379,142201.06510908
2026-06-03 09:45:00,94.2,94.6,94.2,94.4,12797.34244608,1207846.57106444
2026-06-03 10:00:00,94.2,94.3,94.2,94.3,5596.46728417,527197.82262269
2026-06-03 10:15:00,94.1,94.4,94.1,94.4,7930.26482104,747400.97423888
2026-06-03 10:30:00,94.4,94.5,93.8,93.8,31509.88377371,2957290.97739176
2026-06-03 10:45:00,93.8,94.5,93.8,94.5,10646.1409739,998645.06779626
2026-06-03 11:00:00,94.1,94.1,94.1,94.1,6878.36297083,647253.9555551
2026-06-03 11:15:00,93.7,94.1,93.7,93.9,75026.00601055,7030268.35251808
2026-06-03 11:30:00,93.6,93.7,93.6,93.7,69696.05100181,6525159.72416789
2026-06-03 11:45:00,94.1,94.1,94.0,94.0,122.52775948,11523.47918835
2026-06-03 12:00:00,93.9,93.9,93.4,93.4,4060.38423329,380465.2944792
2026-06-03 12:15:00,93.2,93.2,93.2,93.2,5462.482105,509103.332186
2026-06-03 12:30:00,93.2,93.2,92.2,92.2,126700.69960394,11702580.48899858
2026-06-03 12:45:00,92.2,92.5,91.7,92.3,11631.29768547,1072692.82242066
2026-06-03 13:00:00,92.2,93.0,92.2,92.7,28799.60684662,2674214.92675367
2026-06-03 13:15:00,92.6,93.0,92.6,93.0,6966.98719099,647866.2831556
2026-06-03 13:30:00,93.0,93.3,93.0,93.3,91789.5793656,8543629.81318222
2026-06-03 13:45:00,93.4,93.6,93.3,93.6,171077.93182621,15979254.71190668
2026-06-03 14:00:00,94.0,95.0,94.0,95.0,125187.10094369,11883174.32805395
2026-06-03 14:15:00,95.2,95.2,95.2,95.2,210.52631579,20042.10526321
2026-06-03 14:30:00,95.6,95.7,95.5,95.7,23350.07776865,2231205.84418767
2026-06-03 14:45:00,95.8,95.9,95.7,95.7,2963.55855529,284013.11605666
2026-06-03 15:00:00,96.0,96.2,95.7,95.7,21165.97788324,2034002.65580015
2026-06-03 15:15:00,95.6,96.0,95.6,96.0,9564.47101894,916276.32361445
2026-06-03 15:30:00,96.2,96.7,96.2,96.7,16124.39465231,1557586.43466607
2026-06-03 15:45:00,96.6,96.6,96.0,96.0,2818.35273345,271578.31112156
2026-06-03 16:00:00,96.3,96.3,95.9,96.2,8784.77834796,844627.79320359
2026-06-03 16:15:00,96.6,96.8,96.4,96.8,1421.69900031,137220.36458833
2026-06-03 16:30:00,96.5,96.5,96.5,96.5,257.56701385,24855.21683653
2026-06-03 16:45:00,96.7,96.7,96.4,96.4,8252.13408685,797896.35506974
2026-06-03 17:00:00,96.3,96.5,95.9,95.9,149606.76167555,14348744.90060107
2026-06-03 17:15:00,95.8,95.9,95.6,95.9,20551.36526595,1967084.25284938
2026-06-03 17:30:00,96.2,96.2,95.8,96.0,15743.19830239,1513413.41174704
2026-06-03 17:45:00,96.2,96.2,96.2,96.2,284.76826568,27394.70715842
2026-06-03 18:00:00,95.9,96.2,95.8,96.2,45865.16231223,4402576.28440541
2026-06-03 18:15:00,95.9,95.9,95.8,95.8,13736.92043871,1317068.13228674
2026-06-03 18:30:00,95.9,95.9,95.5,95.6,8933.15601881,853364.49407164
2026-06-03 18:45:00,95.6,96.0,95.4,96.0,3203.62275763,306339.08359964
2026-06-03 19:00:00,96.0,96.1,96.0,96.1,17665.49245439,1695902.65268684
2026-06-03 19:15:00,96.2,96.4,96.1,96.4,2184.32658611,210156.58149303
2026-06-03 19:30:00,96.4,96.4,96.2,96.2,4301.03999355,414589.50816779
2026-06-03 19:45:00,96.3,96.3,96.3,96.3,1561.22657574,150346.11924376
2026-06-03 20:00:00,96.5,97.0,96.5,96.7,126531.39463955,12236951.44788254
2026-06-03 20:15:00,97.1,97.2,96.8,96.8,15824.00124944,1534429.85890252
2026-06-03 20:30:00,97.0,97.4,97.0,97.4,138394.82598087,13424322.86241243
2026-06-03 20:45:00,96.8,96.8,96.7,96.7,10601.99597992,1025225.68744932
2026-06-03 21:00:00,97.0,97.0,97.0,97.0,9384.98478594,910343.52423618
2026-06-03 21:15:00,96.7,96.7,96.4,96.4,1033.39810158,99789.95341423
2026-06-03 21:30:00,96.7,96.8,96.7,96.8,2899.561995,280625.74015442
2026-06-03 21:45:00,96.7,97.4,96.6,97.3,142384.53129135,13814568.72997723
2026-06-03 22:00:00,97.5,97.5,97.4,97.4,8098.45971717,789167.22645236
2026-06-03 22:15:00,97.4,97.5,97.4,97.4,21632.36232925,2108055.21670148
2026-06-03 22:30:00,97.3,97.3,97.3,97.3,14809.4272423,1440957.27067579
2026-06-03 22:45:00,97.2,97.5,97.2,97.5,612.8499496,59640.00000112
2026-06-03 23:00:00,97.6,97.7,97.0,97.0,18626.38103849,1808470.49319639
2026-06-03 23:15:00,96.8,96.8,96.3,96.3,99596.90492411,9591491.4381628
2026-06-03 23:30:00,96.6,96.7,96.6,96.7,4130.35048221,399252.33207286
2026-06-03 23:45:00,96.6,96.7,96.6,96.7,10582.34832093,1022254.84780189
2026-06-04 00:00:00,96.7,96.7,95.8,96.3,348146.38796391,33476696.33974693
2026-06-04 00:15:00,96.1,96.1,95.7,96.1,103607.14854872,9948867.42117411
2026-06-04 00:30:00,96.1,96.1,95.4,95.5,106309.70917489,10165858.63339743
2026-06-04 00:45:00,95.8,95.8,95.8,95.8,3177.88100208,304440.99999926
2026-06-04 01:00:00,95.2,95.2,94.7,95.1,51350.7457666,4882451.65109339
2026-06-04 01:15:00,94.9,94.9,94.0,94.3,69203.03027093,6531392.21278522
2026-06-04 01:30:00,94.3,95.0,94.3,95.0,62571.37392263,5909071.6149086
2026-06-04 02:00:00,95.8,95.8,95.2,95.3,3655.09445506,348419.88458913
2026-06-04 02:15:00,94.9,95.2,94.9,95.2,7332.98540282,697137.51885022
2026-06-04 02:30:00,95.8,96.1,95.8,95.9,49444.27061801,4736803.78658416
2026-06-04 02:45:00,95.9,95.9,95.8,95.8,261.9472811,25104.99999862
2026-06-04 04:00:00,96.3,96.3,96.3,96.3,252.21426192,24288.2334229
2026-06-04 04:15:00,95.4,95.4,95.4,95.4,4547.67204899,433847.91347365
2026-06-04 04:45:00,95.8,95.8,94.8,94.8,3343.45489916,319668.33336675
2026-06-04 05:00:00,95.5,95.6,95.5,95.6,16345.21920669,1561218.95615956
2026-06-04 05:15:00,95.4,95.6,95.1,95.6,2869.47429169,273657.54742723
2026-06-04 05:45:00,94.3,94.5,93.3,93.6,67812.75537449,6373361.69072955
2026-06-04 06:00:00,93.7,95.0,93.7,94.8,50347.76456335,4771684.12608854
2026-06-04 06:15:00,94.8,94.8,94.8,94.8,105.48523206,9999.99999929
2026-06-04 06:45:00,95.6,96.0,95.6,96.0,7965.42180174,761704.85056213
2026-06-04 07:00:00,96.3,96.3,95.7,95.7,35933.21004352,3457577.28698012
2026-06-04 07:15:00,95.7,95.7,95.3,95.3,1515.15151515,144602.92580968
2026-06-04 07:45:00,95.0,95.0,94.8,94.8,1469.71201541,139433.96221876
2026-06-04 08:00:00,94.6,94.7,94.5,94.5,106211.94266782,10047617.6064357
2026-06-04 08:15:00,94.5,94.6,94.2,94.4,18180.66265532,1716064.18393904
2026-06-04 08:30:00,94.6,95.0,94.6,94.6,6115.1817893,578517.27304568
2026-06-04 08:45:00,94.5,94.5,94.5,94.5,4049.75477869,382701.82658621
2026-06-04 09:00:00,94.6,94.6,94.6,94.6,3134.93763214,296565.10000044
2026-06-04 09:15:00,95.0,95.0,93.8,93.8,145083.80760233,13713637.35520461
2026-06-04 09:30:00,93.8,94.4,93.4,93.4,323678.26595429,30344948.19255657
2026-06-04 09:45:00,93.4,93.7,92.8,93.1,73403.58230434,6829814.67728903
2026-06-04 10:00:00,93.2,93.4,92.8,92.8,39131.30788801,3639627.16156574
2026-06-04 10:15:00,92.8,92.8,91.3,91.4,254350.44802113,23488782.44587097
2026-06-04 10:30:00,91.7,92.6,91.7,92.1,27950.77306391,2577808.99629703
2026-06-04 10:45:00,92.0,92.0,90.5,91.0,109691.13632482,10012643.09347826
2026-06-04 11:00:00,90.5,90.5,88.0,90.1,699836.74023512,62409816.22997169
2026-06-04 11:15:00,89.7,91.0,89.0,90.9,101462.33768763,9082414.53641287
2026-06-04 11:30:00,90.3,91.2,90.3,91.2,22827.94093375,2076981.87873984
2026-06-04 11:45:00,91.0,91.0,90.9,90.9,1277.89344811,116178.80608155
2026-06-04 12:00:00,90.9,92.0,90.9,92.0,22024.49218721,2024067.93835264
2026-06-04 12:15:00,92.2,92.5,92.1,92.5,55038.1250813,5090916.74824295
2026-06-04 12:30:00,92.4,93.1,92.4,92.9,13618.91783796,1264710.02646037
2026-06-04 12:45:00,92.7,92.7,92.7,92.7,2198.372227,203789.1054429
2026-06-04 13:00:00,92.8,93.3,92.5,93.3,340294.0417193,31621796.42675271
2026-06-04 13:15:00,93.1,93.1,92.6,92.6,22872.43665509,2126814.53580311
2026-06-04 13:30:00,92.0,92.1,92.0,92.1,55998.98193454,5157423.24812766
2026-06-04 13:45:00,92.0,92.0,92.0,92.0,43982.31447741,4046372.93192172
2026-06-04 14:00:00,91.5,91.5,90.5,90.5,5370.12315198,486736.77814352
2026-06-04 14:15:00,90.5,90.5,90.5,90.5,21789.50958185,1971950.61715743
2026-06-04 14:30:00,90.5,91.8,90.4,91.8,31120.38522053,2823038.14960855
2026-06-04 14:45:00,91.8,91.8,91.1,91.1,6079.48189133,553896.43762409
2026-06-04 15:00:00,91.5,91.9,91.5,91.8,2998.54957138,275223.69667417
2026-06-04 15:15:00,92.0,92.5,92.0,92.5,11570.56863847,1064626.48119323
2026-06-04 15:30:00,92.5,92.5,92.5,92.5,101041.810785,9346367.4976125
2026-06-04 15:45:00,92.3,92.3,92.3,92.3,108.34236186,9999.99999968
2026-06-04 16:00:00,92.1,92.1,91.8,91.8,2507.45791304,230528.00639968
2026-06-04 16:15:00,91.5,91.5,91.5,91.5,6508.56494829,595533.69276854
2026-06-04 16:30:00,91.5,91.7,91.4,91.4,4738.78893942,433303.90568003
2026-06-04 16:45:00,91.0,91.0,90.8,90.8,3057.72422143,277679.97680534
2026-06-04 17:00:00,90.4,90.4,90.3,90.3,31342.47787609,2832862.99999854
2026-06-04 17:15:00,90.3,90.4,90.1,90.4,153556.74323513,13866448.30557472
2026-06-04 17:30:00,90.9,91.0,90.9,91.0,156010.09725694,14181694.04944705
2026-06-04 17:45:00,91.0,91.6,91.0,91.2,44444.86052148,4047635.73012957
2026-06-04 18:00:00,90.6,90.6,90.0,90.2,113359.36728771,10222452.09685864
2026-06-04 18:15:00,90.0,90.1,89.2,89.2,170803.06978692,15331873.49062832
2026-06-04 18:30:00,89.1,89.6,89.0,89.5,142244.28540527,12696411.49153716
2026-06-04 18:45:00,89.5,89.9,89.2,89.9,706.49737487,63195.1855502
2026-06-04 19:00:00,89.9,89.9,89.3,89.5,10116.298428,905492.04756504
2026-06-04 19:15:00,89.5,89.9,89.4,89.5,165728.26780736,14847065.32507269
2026-06-04 19:30:00,89.5,90.1,89.5,89.5,10833.82164529,970122.5222091
2026-06-04 19:45:00,89.4,89.6,88.7,89.0,65541.4200507,5841869.4625405
2026-06-04 20:00:00,88.8,89.6,88.5,88.5,7503.79524732,665738.88524806
2026-06-04 20:15:00,88.5,89.4,88.5,89.4,47585.01648241,4233147.58484617
2026-06-04 20:30:00,89.4,89.4,88.5,88.7,1765.64215355,157015.49724846
2026-06-04 20:45:00,88.7,89.7,88.7,89.7,2229.85623427,199175.38506923
2026-06-04 21:00:00,90.0,90.0,89.3,89.3,3445.21239267,310013.19999876
2026-06-04 21:15:00,89.7,91.0,89.7,91.0,2743.85197888,249337.99023938
2026-06-04 21:30:00,90.9,91.9,90.9,91.9,31242.43686777,2853101.07372538
2026-06-04 21:45:00,91.8,92.0,91.8,92.0,20306.91054901,1868165.0372175
2026-06-04 22:00:00,92.3,92.4,92.0,92.0,33386.84590517,3071665.61602749
2026-06-04 22:15:00,91.6,91.6,91.2,91.2,34311.43130573,3139361.1405155
2026-06-04 22:30:00,92.0,92.9,92.0,92.8,2588.24629804,239307.97660126
2026-06-04 22:45:00,92.7,93.0,92.7,93.0,243.46431074,22624.83126882
2026-06-04 23:00:00,92.9,93.3,92.7,93.3,17144.74058268,1593334.93068564
2026-06-04 23:15:00,93.3,93.3,93.2,93.2,5944.7422161,554638.01099389
2026-06-04 23:30:00,92.6,93.0,92.5,92.5,193.54838708,17935.51848107
2026-06-04 23:45:00,92.7,92.8,92.7,92.8,108.1081081,10025.97389645
2026-06-05 00:00:00,92.9,93.7,92.5,93.7,2179.34785576,203256.94295238
2026-06-05 00:15:00,93.4,93.9,93.4,93.9,4507.21126009,421586.60940804
2026-06-05 00:30:00,93.7,94.0,93.7,94.0,11052.13737131,1038567.20503797
2026-06-05 00:45:00,93.3,93.4,93.2,93.3,121338.24253505,11315711.64594069
2026-06-05 01:00:00,93.5,93.5,92.5,92.5,55855.64928334,5166724.98658105
2026-06-05 01:15:00,92.5,92.5,92.5,92.5,20337.94713928,1881260.1103834
2026-06-05 01:45:00,92.6,92.6,92.6,92.6,9458.76953531,875882.05896971
2026-06-05 02:00:00,92.6,92.6,92.4,92.4,43545.61436303,4026044.89871698
2026-06-05 02:15:00,92.5,92.5,92.3,92.3,19994.87099101,1849320.44592182
2026-06-05 02:30:00,92.1,92.1,92.1,92.1,1338.600739,123285.1280619
2026-06-05 02:45:00,92.5,92.7,92.5,92.6,2469.79918259,228479.08626594
2026-06-05 03:00:00,92.0,92.0,92.0,92.0,1100.94952523,101287.35632116
2026-06-05 03:15:00,92.9,92.9,92.9,92.9,3740.0,347446.0
2026-06-05 03:30:00,92.8,92.8,92.8,92.8,1087.54272911,100923.96526141
2026-06-05 04:30:00,93.5,93.5,93.3,93.3,56842.26850936,5303396.58295777
2026-06-05 05:15:00,92.4,92.7,92.3,92.3,678.96699115,62773.14399817
2026-06-05 05:30:00,92.7,92.7,92.0,92.4,2510.40221913,231954.6925557
2026-06-05 06:00:00,92.1,92.1,92.0,92.0,1301.5258498,119790.3781816
2026-06-05 06:15:00,92.1,92.1,91.0,91.3,39940.77656592,3660055.28314407
2026-06-05 06:30:00,91.5,91.5,90.5,91.0,8874.67536994,808635.76418886
2026-06-05 07:00:00,91.0,91.0,90.5,90.5,52570.44724554,4765129.28894437
2026-06-05 07:15:00,91.0,91.2,91.0,91.0,13010.7639063,1185389.99999965
2026-06-05 07:30:00,90.9,90.9,90.8,90.8,4156.84400209,377447.15127977
2026-06-05 07:45:00,90.9,91.4,90.7,91.4,2503.40625946,227737.87752676
2026-06-05 08:00:00,91.4,91.6,91.1,91.6,4312.55362787,394049.74912532
2026-06-05 08:15:00,91.6,91.6,90.7,91.1,8334.11292278,758336.94996964
2026-06-05 08:30:00,91.0,91.0,91.0,91.0,2000.0,182000.0
2026-06-05 08:45:00,91.0,91.4,91.0,91.1,273.17678889,24897.32939542
2026-06-05 09:00:00,91.6,91.6,91.0,91.0,1466.29894147,133549.12233745
2026-06-05 09:15:00,91.0,91.0,91.0,91.0,16793.57894805,1528215.68427255
2026-06-05 09:30:00,91.1,91.4,91.1,91.4,7105.26315789,647921.05263115
2026-06-05 09:45:00,91.0,91.0,91.0,91.0,2908.34604725,264659.49029975
2026-06-05 10:00:00,90.3,90.4,90.0,90.0,56281.4080552,5070854.90754376
2026-06-05 10:15:00,90.8,90.9,90.5,90.5,69579.48791765,6322473.27769241
2026-06-05 10:30:00,91.0,91.0,91.0,91.0,42000.47615392,3822043.33000672
2026-06-05 11:00:00,90.4,90.4,90.4,90.4,1157.663498,104652.7802192
2026-06-05 11:15:00,90.4,90.4,89.9,89.9,23394.84407589,2108812.32596667
2026-06-05 11:30:00,89.9,89.9,89.2,89.5,31846.09991841,2856794.11587538
2026-06-05 11:45:00,89.3,89.3,88.4,88.4,74474.3352197,6623582.88079429
2026-06-05 12:00:00,88.4,88.7,88.1,88.2,72838.40097543,6428152.99580588
2026-06-05 12:15:00,88.3,89.1,88.2,88.2,142415.48600216,12580832.09728358
2026-06-05 12:30:00,88.5,88.7,87.9,88.2,111579.1205547,9855563.96023016
2026-06-05 12:45:00,88.3,88.3,87.8,87.9,10049.54519731,882984.17579363
2026-06-05 13:00:00,87.8,88.6,87.4,88.6,76963.34894935,6739325.47187308
2026-06-05 13:15:00,88.3,88.8,88.3,88.8,1450.65999285,128790.23816916
2026-06-05 13:30:00,88.9,88.9,87.8,87.8,57672.95745072,5083038.65204747
2026-06-05 13:45:00,87.8,89.3,87.8,88.7,66482.93888373,5881141.95624799
2026-06-05 14:00:00,88.7,89.1,88.7,88.7,32875.89973883,2917207.95175187
2026-06-05 14:15:00,88.7,89.3,88.7,89.3,337.44385779,30015.49725207
2026-06-05 14:30:00,89.3,89.8,88.0,88.3,11133.06646206,988915.18947418
2026-06-05 14:45:00,88.0,88.0,87.3,87.3,3738.31171598,326806.0263224
2026-06-05 15:00:00,87.2,87.7,86.3,86.4,382949.02054674,33294234.93097316
2026-06-05 15:15:00,86.4,86.4,84.0,85.0,292295.07309922,24865725.13285797
2026-06-05 15:30:00,85.0,86.4,84.5,86.3,136774.31631585,11695464.34426506
2026-06-05 15:45:00,86.3,86.3,85.6,86.0,114323.32993062,9809204.31811139
2026-06-05 16:00:00,85.6,85.6,84.9,84.9,148061.17358825,12642328.95534786
2026-06-05 16:15:00,85.4,86.7,85.4,86.7,30127.02576261,2583396.43574408
2026-06-05 16:30:00,86.8,87.0,86.8,87.0,12929.39246454,1122379.47516785
2026-06-05 16:45:00,87.2,87.5,87.2,87.4,1130.81877272,98744.59217295
2026-06-05 17:00:00,86.9,86.9,86.7,86.7,273.072497,23709.9999893
2026-06-05 17:30:00,86.5,86.5,86.5,86.5,2378.09418989,205705.14742549
2026-06-05 17:45:00,86.1,86.2,86.1,86.2,1657.99950322,142875.70844676
2026-06-05 18:00:00,86.5,87.0,86.5,86.6,34917.46059183,3023580.77364571
2026-06-05 18:15:00,87.5,87.6,87.5,87.6,149262.89545822,13060514.76810425
2026-06-05 18:30:00,87.4,87.8,87.4,87.5,2105.33454648,184196.48277659
2026-06-05 18:45:00,87.7,88.4,87.7,88.4,7443.5462551,654457.32285649
2026-06-05 19:00:00,88.5,88.5,88.1,88.1,91736.17597213,8082733.40252851
2026-06-05 19:15:00,88.1,88.1,88.1,88.1,7760.0,683656.0
2026-06-05 19:30:00,87.9,87.9,86.8,86.8,214630.63915814,18700393.80748131
2026-06-05 19:45:00,86.8,87.2,86.7,86.7,78875.12128471,6838530.4977481
2026-06-05 20:00:00,86.7,86.7,86.4,86.7,22810.48717682,1972227.47616029
2026-06-05 20:15:00,86.8,87.3,86.5,86.5,114614.18244529,9944543.88488435
2026-06-05 20:30:00,86.7,87.0,86.0,86.0,135082.17459742,11690742.18927001
2026-06-05 20:45:00,86.4,86.6,86.3,86.6,6447.9397567,557755.12243852
2026-06-05 21:00:00,86.4,86.7,85.7,85.8,173848.41487273,14969782.83713952
2026-06-05 21:15:00,86.5,87.0,86.4,86.4,14719.90683839,1279520.36744666
2026-06-05 21:30:00,86.4,86.7,85.8,85.8,44770.94284839,3872604.3347819
2026-06-05 21:45:00,86.0,86.0,85.9,85.9,1160.4483,99792.50897
2026-06-05 22:00:00,86.3,86.7,86.3,86.7,115.78683474,10015.49725099
2026-06-05 22:15:00,86.7,87.2,86.7,87.2,1616.68223782,140223.68946854
2026-06-05 22:30:00,87.0,87.0,87.0,87.0,114.94252873,9999.99999951
2026-06-05 22:45:00,86.9,86.9,85.1,85.1,134184.41552391,11472004.20849811
2026-06-05 23:00:00,85.0,86.6,84.9,86.6,103457.47130912,8827160.81927221
2026-06-05 23:15:00,86.6,86.8,85.5,85.5,5503.54757146,475575.53549985
2026-06-05 23:30:00,85.9,86.6,85.8,86.1,170762.94450775,14687207.92313448
2026-06-05 23:45:00,86.7,86.8,85.5,85.5,65120.87712245,5635603.87241011
2026-06-06 00:00:00,85.5,85.6,85.0,85.3,35190.22112394,3006641.94526248
2026-06-06 00:15:00,85.6,85.6,84.7,85.3,139541.48820472,11892108.93834233
2026-06-06 00:30:00,85.5,85.9,84.5,85.1,62438.5713539,5286597.1705973
2026-06-06 00:45:00,84.5,85.2,84.5,84.9,1350.11793802,114248.2051993
2026-06-06 01:00:00,84.9,85.9,83.5,85.9,334731.36760686,28424311.71062934
2026-06-06 01:15:00,85.4,86.3,85.4,86.3,1856.20179768,159269.80072716
2026-06-06 01:30:00,85.6,85.6,84.8,84.8,160186.7147826,13601064.62793501
2026-06-06 01:45:00,84.9,86.5,84.9,86.5,1271.15940722,108907.14129007
2026-06-06 02:00:00,86.1,86.1,86.1,86.1,116.14401858,9999.99999974
2026-06-06 02:15:00,85.4,85.8,85.2,85.2,41564.05181413,3557540.3005804
2026-06-06 02:30:00,85.5,86.1,85.5,86.1,233.41585476,20050.12960084
2026-06-06 02:45:00,85.8,86.1,85.8,85.8,1676.60202696,143869.89467014
2026-06-06 03:00:00,85.7,86.2,85.2,85.3,367511.36641902,31408110.07548577
2026-06-06 03:15:00,85.1,85.1,84.7,84.7,70477.66175715,5981751.44327685
2026-06-06 03:30:00,84.2,84.2,83.5,83.5,192990.35211009,16192786.28784359
2026-06-06 03:45:00,83.6,83.7,82.7,83.2,44623.21566668,3717797.47917717
2026-06-06 04:00:00,82.8,83.2,82.0,82.2,82514.40987103,6807412.49312867
2026-06-06 04:15:00,82.2,83.1,81.6,83.1,39671.43225592,3257493.9274775
2026-06-06 04:30:00,82.4,82.4,82.4,82.4,684.90321987,56436.02531729
2026-06-06 04:45:00,83.1,83.6,83.1,83.5,167629.62176615,13989756.05174639
2026-06-06 05:00:00,83.8,84.2,83.8,84.2,919.42904315,77334.77611357
2026-06-06 05:15:00,84.8,84.8,84.8,84.8,117.22092132,9940.33412794
2026-06-06 05:30:00,84.6,84.7,84.6,84.7,690.6133601,58437.71059543
2026-06-06 05:45:00,84.9,84.9,84.7,84.7,13479.86267825,1141804.36884778
2026-06-06 06:00:00,85.8,85.8,85.2,85.4,4114.27879637,351467.41387744
2026-06-06 06:15:00,85.1,85.1,85.1,85.1,169.85622005,14454.76432626
2026-06-06 06:30:00,85.4,85.6,85.4,85.6,142020.24903337,12156921.22631647
2026-06-06 06:45:00,85.6,85.6,85.3,85.3,66462.67347598,5686762.28713875
2026-06-06 07:00:00,84.3,84.3,84.2,84.3,33932.74364267,2860062.97670822
2026-06-06 07:15:00,84.8,84.8,84.3,84.3,58347.35903156,4925335.10453143
2026-06-06 07:45:00,84.4,84.8,84.4,84.8,13200.51728075,1114847.2165276
2026-06-06 08:00:00,84.8,84.8,84.3,84.3,807.86800302,68447.7761104
2026-06-06 08:15:00,83.5,83.5,83.1,83.1,34641.33662475,2883269.77411074
2026-06-06 08:30:00,82.9,83.4,82.8,83.4,79850.59963274,6613621.56148692
2026-06-06 08:45:00,83.2,83.9,83.2,83.9,2651.97769824,221829.10219564
2026-06-06 09:00:00,84.2,84.7,84.2,84.2,336.12750884,28360.96812154
2026-06-06 09:15:00,84.2,84.2,84.2,84.2,226.2351544,19049.00000048
2026-06-06 09:30:00,84.5,84.8,84.5,84.8,1301.35648097,110000.00000046
2026-06-06 10:00:00,84.8,85.0,84.4,85.0,7444.216104,630474.82629368
2026-06-06 10:15:00,84.2,84.2,84.2,84.2,5712.00712588,480950.9999991
2026-06-06 10:30:00,84.2,84.2,84.2,84.2,482.35977023,40614.69265337
2026-06-06 10:45:00,83.7,83.7,83.6,83.6,2511.81880981,209999.99993142
2026-06-06 11:00:00,83.6,83.6,82.9,82.9,96895.41884902,8033342.86521627
2026-06-06 11:15:00,82.8,82.8,82.7,82.7,12899.87619422,1067902.26005426
2026-06-06 11:30:00,82.6,82.6,82.5,82.6,4089.12612296,337501.67254453
2026-06-06 11:45:00,82.5,83.0,82.3,82.3,23435.52138139,1935181.53984994
2026-06-06 12:00:00,82.3,82.3,82.1,82.1,79436.01287467,6524480.58892469
2026-06-06 12:15:00,82.3,82.3,81.8,81.8,19327.39361731,1582732.57941866
2026-06-06 12:30:00,81.8,81.8,81.6,81.6,39508.55712938,3230907.52548438
2026-06-06 12:45:00,81.8,81.8,81.5,81.5,987.43443724,80607.98990846
2026-06-06 13:00:00,81.6,81.6,80.3,80.4,52343.36778176,4230048.83931478
2026-06-06 13:15:00,80.2,80.4,80.0,80.0,158918.33195577,12749018.23078147
2026-06-06 13:30:00,79.9,80.1,78.4,78.9,71009.16300101,5631202.70615312
2026-06-06 13:45:00,78.9,79.3,77.7,78.1,139365.23896483,10868678.55591252
2026-06-06 14:00:00,77.9,78.3,77.3,78.2,145559.22142444,11318211.18317089
2026-06-06 14:15:00,78.3,80.4,78.3,80.2,453049.37007508,36166106.9616932
2026-06-06 14:30:00,80.0,80.0,79.8,79.8,12423.06207886,992340.01452834
2026-06-06 14:45:00,79.7,80.1,79.7,80.0,258739.9727106,20623441.42449421
2026-06-06 15:00:00,80.4,80.4,80.1,80.1,46170.34405081,3698319.18533555
2026-06-06 15:15:00,80.1,80.2,80.0,80.2,68572.29806909,5498886.56981018
2026-06-06 15:30:00,80.5,80.6,80.4,80.4,25492.36220804,2052019.30543376
2026-06-06 15:45:00,80.1,80.1,79.5,79.5,2559.51336771,204586.52088588
2026-06-06 16:00:00,79.1,79.7,79.1,79.7,9064.61441213,717049.76864676
2026-06-06 16:15:00,80.2,80.2,80.1,80.1,3796.79628793,304490.06229199
2026-06-06 16:30:00,79.9,79.9,79.5,79.5,3553.21670727,283361.23384678
2026-06-06 16:45:00,79.8,79.8,79.4,79.4,5338.45945125,424104.27661147
2026-06-06 17:00:00,79.2,79.6,78.8,79.6,39563.71577904,3126534.27847404
2026-06-06 17:15:00,79.3,79.9,79.0,79.9,91290.77722912,7262632.25361391
2026-06-06 17:30:00,79.9,80.2,79.7,79.8,10363.99749934,827866.60091295
2026-06-06 17:45:00,79.6,79.6,79.3,79.4,8886.99723414,707316.81726814
2026-06-06 18:00:00,79.7,79.8,79.5,79.5,5041.50899636,401875.08740166
2026-06-06 18:15:00,79.5,79.8,79.1,79.8,177851.7282513,14154688.53726445
2026-06-06 18:30:00,79.7,79.9,79.1,79.1,17367.18296164,1376539.7766088
2026-06-06 18:45:00,79.1,79.1,78.4,78.4,303123.58286402,23849436.76504121
2026-06-06 19:00:00,78.4,78.4,77.6,77.7,181526.92934967,14117360.79505496
2026-06-06 19:15:00,77.6,77.6,77.0,77.2,107988.95157415,8352326.82370517
2026-06-06 19:30:00,77.3,77.3,76.1,76.1,233954.46994678,17905348.72568649
2026-06-06 19:45:00,76.3,76.8,75.8,76.8,164115.5544076,12547316.80137487
2026-06-06 20:00:00,76.8,77.6,76.6,76.6,328693.39046438,25417384.37514238
2026-06-06 20:15:00,76.6,78.2,76.6,77.7,95461.43483884,7427925.58589338
2026-06-06 20:30:00,78.2,79.4,78.2,78.9,91035.87262343,7174052.09146052
2026-06-06 20:45:00,79.3,80.0,79.3,79.8,147658.2047912,11780844.96329013
2026-06-06 21:00:00,80.0,80.1,79.9,79.9,486.8908222,38962.53310652
2026-06-06 21:15:00,79.4,79.4,78.6,78.6,377.51691047,29811.32067874
2026-06-06 21:30:00,78.5,79.0,78.5,79.0,67470.77320003,5329999.99999983
2026-06-06 21:45:00,79.5,79.7,79.4,79.7,668.2112914,53188.90000015
2026-06-06 22:00:00,80.2,80.2,79.7,79.7,11341.45721046,907575.59470182
2026-06-06 22:15:00,79.8,79.8,79.5,79.5,2648.69310272,210608.6956512
2026-06-06 22:30:00,79.4,79.5,79.1,79.5,753.14465408,59771.91143987
2026-06-06 22:45:00,79.5,79.5,79.5,79.5,150.0,11925.0
2026-06-06 23:00:00,80.0,80.2,79.4,79.5,47440.13558117,3775288.39032
2026-06-06 23:15:00,79.4,79.4,79.2,79.2,10633.51255389,843796.16471676
2026-06-06 23:30:00,79.2,79.7,79.2,79.3,46807.22814273,3710101.06200619
2026-06-06 23:45:00,79.2,79.2,79.0,79.0,62607.78481786,4953091.53233215
2026-06-07 00:00:00,78.8,78.8,78.2,78.2,189953.34361739,14887405.72473207
2026-06-07 00:15:00,78.2,78.3,77.7,78.3,28358.89298798,2213468.84443397
2026-06-07 00:30:00,78.0,78.6,78.0,78.6,371.46698144,29074.22781811
2026-06-07 00:45:00,78.2,78.3,77.9,77.9,31141.71242137,2432507.68638033
2026-06-07 01:00:00,77.8,78.6,77.8,78.5,12925.77545913,1010158.40435231
2026-06-07 01:15:00,78.2,78.5,78.0,78.0,101497.54695535,7946260.04016372
2026-06-07 01:30:00,78.5,79.0,78.5,79.0,250429.11990347,19658718.19090341
2026-06-07 01:45:00,79.2,79.3,79.2,79.3,7048.9419224,558968.46818369
2026-06-07 02:00:00,79.3,79.3,78.7,78.7,202489.28048692,15987796.26098969
2026-06-07 02:15:00,78.8,78.8,78.1,78.4,99899.1857391,7841290.45934622
2026-06-07 02:30:00,78.9,79.1,78.8,79.1,20144.77634854,1591084.24404814
2026-06-07 02:45:00,78.9,78.9,78.9,78.9,14145.60445383,1116088.19140719
2026-06-07 03:15:00,79.1,79.7,78.9,79.7,7218.36422704,570437.60934509
2026-06-07 03:30:00,79.8,80.0,79.8,80.0,133298.17181878,10663828.68284576
2026-06-07 03:45:00,80.2,80.2,79.8,79.8,133368.94581488,10656882.04138538
2026-06-07 04:00:00,80.3,80.4,80.2,80.4,16379.6061537,1314509.04052872
2026-06-07 04:15:00,80.2,80.2,79.9,80.0,33304.82512959,2668325.81528603
2026-06-07 04:30:00,79.6,79.6,79.6,79.6,10878.4337,865923.32252
2026-06-07 04:45:00,79.6,79.6,79.6,79.6,1776.3,141393.48
2026-06-07 05:30:00,79.5,80.2,79.5,79.9,52919.32783588,4229904.77357505
2026-06-07 05:45:00,79.7,79.7,79.7,79.7,75.09386733,5984.9812262
2026-06-07 06:00:00,80.5,80.5,80.5,80.5,124.22360249,10000.00000045
2026-06-07 06:15:00,80.6,80.6,80.6,80.6,37830.54840627,3049142.20154536
2026-06-07 06:45:00,80.6,80.8,80.6,80.6,6908.69094212,557330.65832769
2026-06-07 07:00:00,81.0,81.0,80.6,80.6,246.91358026,19950.61728501
2026-06-07 07:15:00,81.0,81.2,81.0,81.2,1272.34841574,103075.00000006
2026-06-07 07:30:00,80.9,81.6,80.9,81.2,13443.08440725,1094043.85280134
2026-06-07 08:00:00,81.0,81.0,80.9,80.9,46617.59626554,3772788.15871567
2026-06-07 08:15:00,80.6,80.6,80.5,80.5,12104.80582932,975587.18924093
2026-06-07 08:30:00,81.0,81.0,81.0,81.0,1849.052496,149773.252176
2026-06-07 08:45:00,80.8,80.8,80.8,80.8,500.0,40400.0
2026-06-07 09:00:00,81.2,81.8,81.1,81.8,95694.6533511,7792021.38075867
2026-06-07 09:15:00,81.8,82.5,81.8,82.5,84944.52897756,6964784.73048549
2026-06-07 09:30:00,82.4,82.5,81.8,81.8,63278.66146237,5187157.28860809
2026-06-07 09:45:00,82.1,82.1,81.8,81.8,3256.91651126,267352.9227831
2026-06-07 10:00:00,81.8,82.6,81.3,82.6,15786.98964472,1289134.30375896
2026-06-07 10:15:00,82.6,83.3,82.6,83.3,11332.00264031,940529.9717745
2026-06-07 10:30:00,83.3,83.6,83.1,83.1,130597.90934572,10867339.92807207
2026-06-07 10:45:00,83.7,84.0,83.6,84.0,37917.99831526,3177659.06273231
2026-06-07 11:00:00,83.9,84.0,83.9,84.0,2209.89233647,185619.79903107
2026-06-07 11:15:00,83.8,83.8,82.6,82.6,30254.57096025,2513901.4374012
2026-06-07 11:30:00,82.6,82.6,82.4,82.4,54222.34857946,4475090.36031564
2026-06-07 11:45:00,82.9,82.9,82.9,82.9,6919.54384689,573630.18490718
2026-06-07 12:00:00,82.8,83.0,82.4,82.5,7313.40938134,602760.96830671
2026-06-07 12:15:00,83.0,83.0,82.9,83.0,13374.69939727,1109979.68846742
2026-06-07 12:30:00,83.0,83.0,82.1,82.4,40186.7643962,3317311.40226211
2026-06-07 13:00:00,82.1,82.5,82.1,82.1,40635.64387394,3343356.24135325
2026-06-07 13:15:00,82.1,82.1,82.1,82.1,21033.03070014,1726811.82048149
2026-06-07 13:30:00,82.1,82.9,82.1,82.9,1438.73909862,118232.08749677
2026-06-07 14:00:00,82.3,83.2,82.3,83.2,15900.70849605,1316502.39881203
2026-06-07 14:15:00,83.3,83.3,82.8,82.8,22471.40928022,1860663.30064711
2026-06-07 14:45:00,83.3,83.3,83.3,83.3,26727.57198831,2226406.74662622
2026-06-07 15:00:00,83.1,83.1,82.6,82.7,3003.68805594,248495.47577925
2026-06-07 15:15:00,83.1,83.6,83.1,83.6,32587.94383402,2715941.88812897
2026-06-07 15:30:00,83.5,83.5,83.2,83.2,907.30738645,75723.34800523
2026-06-07 16:00:00,83.2,83.2,83.2,83.2,24038.46153846,1999999.99999987
2026-06-07 16:15:00,83.3,83.3,83.0,83.0,12157.76919907,1011516.70048097
2026-06-07 16:45:00,83.4,83.4,83.4,83.4,361.0,30107.4
2026-06-07 17:15:00,83.1,83.7,83.1,83.7,21322.5059619,1772016.24543389
2026-06-07 17:30:00,83.7,84.1,83.7,84.1,1697.26034117,142219.68185638
2026-06-07 17:45:00,84.2,84.7,84.1,84.3,9634.853872,812990.23407787
2026-06-07 18:00:00,84.6,85.4,84.6,84.9,100002.96413672,8501922.68997648
2026-06-07 18:15:00,84.9,84.9,84.6,84.6,154300.18923693,13081498.696677
2026-06-07 18:30:00,84.6,84.6,83.9,84.3,87656.14510902,7402855.93286078
2026-06-07 18:45:00,84.3,84.3,84.3,84.3,6490.97902219,547189.53157062
2026-06-07 19:00:00,84.0,84.0,82.8,82.8,75895.61651697,6297282.82288412
2026-06-07 19:15:00,83.2,84.7,83.2,83.3,251150.6653128,21089002.65556892
2026-06-07 19:30:00,83.8,83.8,83.2,83.2,10151.13949665,845510.05791984
2026-06-07 19:45:00,83.2,83.2,83.0,83.0,24528.62024361,2039806.58160079
2026-06-07 20:00:00,83.0,83.1,82.8,83.0,148447.23116456,12307608.65436055
2026-06-07 20:15:00,83.0,83.0,83.0,83.0,252.35223161,20945.23522363
2026-06-07 20:30:00,83.6,83.6,83.6,83.6,17647.53426744,1475333.86475798
2026-06-07 21:00:00,83.0,83.0,82.5,82.5,62631.1089354,5176894.88201349
2026-06-07 21:30:00,82.3,82.3,82.2,82.2,45718.39263572,3759190.57072542
2026-06-07 22:00:00,82.7,82.7,82.7,82.7,110.27134558,9119.44027947
2026-06-07 23:00:00,82.5,82.6,82.5,82.6,5089.21017731,419990.07737379
2026-06-07 23:15:00,82.8,83.6,82.8,83.6,34176.71418015,2835415.62836286
2026-06-07 23:30:00,83.8,83.8,83.3,83.3,169360.63374225,14172599.90651759
2026-06-08 00:00:00,83.4,83.6,83.4,83.6,1911.32261654,159739.80815282
2026-06-08 00:15:00,83.5,83.5,83.1,83.3,6175.52061635,514642.74747506
2026-06-08 00:45:00,83.3,83.3,83.0,83.0,1617.65404633,134283.29664971
2026-06-08 01:30:00,83.3,83.3,83.3,83.3,72.02881152,5999.99999962
2026-06-08 01:45:00,82.9,83.9,82.9,83.7,467077.53207956,39064691.16027722
2026-06-08 02:45:00,83.2,83.2,83.2,83.2,76.49038461,6363.99999955
2026-06-08 03:30:00,82.7,83.2,82.3,82.3,43799.67841907,3618978.34048386
2026-06-08 04:00:00,82.1,82.1,81.5,82.0,12561.68563923,1026743.87317157
2026-06-08 04:15:00,81.1,81.1,81.0,81.1,6773.07829206,549164.68658217
2026-06-08 04:30:00,80.9,80.9,80.6,80.6,18830.0,1521478.0
2026-06-08 05:15:00,82.0,82.0,81.5,81.5,243.90243902,19939.02438989
2026-06-08 05:45:00,81.6,81.6,81.6,81.6,768.66495034,62723.05994774
2026-06-08 06:00:00,81.6,81.6,81.4,81.4,2181.67067767,178003.54947186
2026-06-08 06:45:00,81.4,81.4,81.4,81.4,245.7002457,19999.99999998
2026-06-08 07:00:00,81.5,84.0,81.5,84.0,5323.68300105,435530.1013242
2026-06-08 07:15:00,84.4,85.1,83.5,83.5,197729.23224319,16624215.29698629
2026-06-08 07:30:00,83.2,83.4,83.2,83.4,1375.30781461,114497.93151847
2026-06-08 07:45:00,83.4,83.5,83.0,83.0,97107.92824652,8087737.86274526
2026-06-08 08:15:00,83.0,83.0,83.0,83.0,91.76246678,7616.28474274
2026-06-08 08:30:00,83.2,83.2,83.2,83.2,607.92067306,50578.99999859
2026-06-08 08:45:00,83.2,83.3,82.8,82.8,8967.43655363,742674.36347207
2026-06-08 09:00:00,83.2,83.5,82.8,82.8,303079.70753236,25188242.24146368
2026-06-08 09:15:00,83.0,83.2,82.8,83.2,5533.70995292,459233.58596535
2026-06-08 09:30:00,83.2,83.6,83.1,83.6,116673.74362264,9709415.52307035
2026-06-08 10:00:00,83.0,83.0,82.5,82.8,69964.99768732,5804827.16110372
2026-06-08 10:30:00,82.1,82.3,82.0,82.0,12991.60010601,1065440.48953992
2026-06-08 10:45:00,82.3,82.3,82.2,82.2,46340.20637005,3812303.67759748
2026-06-08 11:15:00,82.3,82.3,82.2,82.2,898.28783065,73845.76911943
2026-06-08 11:30:00,81.9,82.0,81.8,81.8,58679.38110622,4803003.99799892
2026-06-08 11:45:00,81.8,81.8,81.8,81.8,644.67419866,52734.34945039
2026-06-08 12:00:00,81.7,81.7,81.5,81.5,33309.60548555,2717527.52288352
2026-06-08 12:30:00,81.5,81.5,81.4,81.4,184.4636865,15027.61401975
2026-06-08 13:00:00,81.9,81.9,81.9,81.9,1000.0,81900.0
2026-06-08 13:30:00,81.5,81.5,81.1,81.1,4199.95593526,341469.7651161
2026-06-08 13:45:00,81.3,81.7,81.1,81.7,148328.42356133,12070027.92500012
2026-06-08 14:00:00,81.2,81.2,80.7,80.7,24004.31494478,1938448.39194887
2026-06-08 14:15:00,81.0,81.0,81.0,81.0,188.47619341,15266.57166621
2026-06-08 14:30:00,80.8,80.8,80.4,80.4,12413.71364962,1002283.05868389
2026-06-08 14:45:00,80.4,80.7,80.4,80.6,5144.42758514,413674.66693339
2026-06-08 15:15:00,81.3,81.4,80.9,81.4,7130.94144419,579568.62697981
2026-06-08 15:30:00,81.3,81.3,81.3,81.3,73.800738,5999.9999994
2026-06-08 15:45:00,81.2,81.2,81.0,81.0,246.45802013,19987.69987653
2026-06-08 16:00:00,80.9,80.9,80.9,80.9,123.60939431,9999.99999968
2026-06-08 16:15:00,80.9,80.9,80.9,80.9,123.60939431,9999.99999968
2026-06-08 16:30:00,81.2,81.2,81.2,81.2,2463.05418719,199999.99999983
2026-06-08 17:00:00,81.1,81.2,80.8,81.2,42213.78849207,3427190.41022582
2026-06-08 17:15:00,81.2,81.2,80.9,81.1,71704.30923871,5810727.73878201
2026-06-08 17:30:00,81.1,81.3,80.9,81.2,45322.07376136,3680820.98772472
2026-06-08 17:45:00,81.0,81.0,80.4,80.4,6914.99738052,557893.25315967
2026-06-08 18:00:00,80.9,80.9,80.9,80.9,124.30809968,10056.52526411
2026-06-08 18:15:00,81.1,81.1,81.1,81.1,123.30456227,10000.0000001
2026-06-08 18:30:00,81.7,81.7,81.7,81.7,49577.48193572,4050480.27414832
2026-06-08 18:45:00,82.2,82.3,82.2,82.3,17112.198,1407163.4505996
2026-06-08 19:00:00,82.3,82.3,82.3,82.3,121.50668287,10000.0000002
2026-06-08 19:30:00,82.1,82.5,82.1,82.5,731.05120828,60140.66360197
2026-06-08 19:45:00,82.5,82.8,82.3,82.8,63949.146375,5274674.85859137
2026-06-08 20:00:00,82.5,83.3,82.5,83.3,29547.51581605,2449346.41669818
2026-06-08 20:15:00,83.2,83.4,83.2,83.4,195.74747674,16310.17088012
2026-06-08 20:30:00,83.5,83.5,83.5,83.5,1796.0,149966.0
2026-06-08 20:45:00,83.1,83.1,82.6,82.6,3230.39106145,267165.4972065
2026-06-08 21:00:00,82.6,82.6,81.9,82.0,11094.1921083,912111.06574226
2026-06-08 21:30:00,82.4,82.4,82.4,82.4,2464.29743372,203058.10853853
2026-06-08 21:45:00,82.6,82.6,82.6,82.6,9900.990099,817821.7821774
2026-06-08 22:00:00,83.0,83.1,82.8,82.8,8069.97850038,670054.90552793
2026-06-08 22:15:00,82.9,83.1,82.9,83.1,38254.04452466,3178476.89999925
2026-06-08 22:45:00,82.4,82.4,82.4,82.4,7302.25427826,601705.75252862
2026-06-08 23:00:00,82.5,82.5,82.5,82.5,5212.0,429990.0
2026-06-08 23:15:00,82.3,82.3,82.1,82.1,61074.20511542,5014543.50000028
2026-06-08 23:45:00,82.8,82.8,82.8,82.8,603.86473429,49999.99999921
2026-06-09 00:00:00,83.0,83.1,82.8,83.1,9964.70124126,828018.48037762
2026-06-09 00:15:00,83.1,83.1,83.0,83.1,64549.94050217,5363357.42824889
2026-06-09 00:45:00,83.2,83.2,83.2,83.2,358.93111137,29863.06846598
2026-06-09 01:00:00,82.8,83.5,82.8,83.5,19682.10581202,1630364.70778391
2026-06-09 01:15:00,83.6,85.0,83.6,84.5,29576.16859888,2500854.30718672
2026-06-09 01:30:00,84.4,84.8,83.8,84.3,64123.54224124,5411720.72249668
2026-06-09 01:45:00,84.1,84.1,84.1,84.1,2372.4792408,199525.50415128
2026-06-09 02:00:00,83.7,83.7,82.6,82.6,12759.53593315,1061587.23442373
2026-06-09 02:30:00,83.3,83.3,83.0,83.0,489.15127337,40621.34745726
2026-06-09 02:45:00,83.5,84.1,83.5,84.0,505248.12386873,42368893.38883354
2026-06-09 03:00:00,83.7,83.7,83.6,83.6,24039.54508297,2012085.99999961
2026-06-09 03:15:00,83.3,83.4,83.3,83.4,40379.70469858,3363905.20139171
2026-06-09 04:00:00,82.5,82.5,82.5,82.5,2424.24242424,199999.9999998
2026-06-09 04:45:00,82.2,82.2,82.2,82.2,2792.70340497,229560.21988853
2026-06-09 05:00:00,82.0,82.0,81.6,81.6,13334.2609994,1089955.97987034
2026-06-09 05:30:00,82.1,82.1,82.1,82.1,3897.60535932,319993.40000017
2026-06-09 05:45:00,82.1,82.2,82.1,82.2,11084.34780226,911023.1498817
2026-06-09 06:00:00,82.5,82.7,82.5,82.7,42105.82636866,3473993.27541445
2026-06-09 06:15:00,82.6,82.7,82.3,82.7,12961.95635744,1070515.00335699
2026-06-09 06:30:00,82.7,82.8,82.7,82.8,9761.8124591,807469.53099053
2026-06-09 07:00:00,81.9,82.0,81.9,82.0,243.60535932,19966.43444424
2026-06-09 07:15:00,81.9,81.9,81.8,81.8,71090.74514363,5815231.30792453
2026-06-09 07:30:00,81.8,81.8,81.8,81.8,657.18215158,53757.49999924
2026-06-09 07:45:00,81.7,81.7,81.5,81.6,37084.17433563,3023821.12282735
2026-06-09 08:00:00,81.4,81.4,81.4,81.4,238.73880367,19433.33861874
2026-06-09 08:15:00,81.3,81.4,81.0,81.2,121496.39178052,9870341.98599636
2026-06-09 08:30:00,81.0,81.0,81.0,81.0,191.00096225,15471.07794225
2026-06-09 08:45:00,81.1,81.1,81.1,81.1,123.30456226,9999.99999929
2026-06-09 09:00:00,81.0,81.0,80.8,80.8,28947.15997152,2341108.06684217
2026-06-09 09:15:00,81.0,81.0,80.5,80.7,84207.05914673,6800758.91179969
2026-06-09 09:30:00,80.4,80.4,79.0,79.4,863307.46629194,69074226.63109183
2026-06-09 09:45:00,79.2,79.6,79.0,79.6,93988.18025345,7452586.92081734
2026-06-09 10:00:00,79.4,79.6,79.4,79.6,53132.65449612,4228073.77825372
2026-06-09 10:15:00,79.8,80.1,79.8,79.9,50259.41720242,4016763.60322745
2026-06-09 10:30:00,79.9,79.9,79.1,79.1,713644.32405492,56647165.02921336
2026-06-09 10:45:00,79.1,79.6,79.1,79.6,256230.49509976,20276731.52647118
2026-06-09 11:00:00,79.3,79.9,79.3,79.8,3326.11863427,265239.75206039
2026-06-09 11:15:00,79.7,79.7,77.6,78.1,1031434.8213645,80711253.52672032
2026-06-09 11:30:00,78.1,78.1,77.3,77.5,110837.373617,8577806.15163075
2026-06-09 11:45:00,77.5,78.1,77.5,77.6,148248.15553196,11502535.70925442
2026-06-09 12:00:00,77.6,77.8,77.4,77.8,20144.40406079,1559350.62082522
2026-06-09 12:15:00,77.9,77.9,77.6,77.6,113171.77277645,8805695.0132805
2026-06-09 12:30:00,77.6,78.4,77.5,78.2,119701.78476538,9333662.12855028
2026-06-09 12:45:00,78.3,78.3,78.3,78.3,6673.76401199,522555.72213882
2026-06-09 13:00:00,78.1,78.3,77.9,78.3,24498.94602546,1915566.94573934
2026-06-09 13:15:00,78.2,78.6,78.2,78.6,3309.68714563,258848.22532535
2026-06-09 13:30:00,78.2,79.2,78.2,79.1,5747.73410641,451667.32857426
2026-06-09 13:45:00,79.2,79.6,79.2,79.2,49067.04602576,3891395.74679937
2026-06-09 14:00:00,79.1,79.1,79.1,79.1,84.776,6705.7816
2026-06-09 14:15:00,79.2,79.2,79.2,79.2,165.822144,13133.1138048
2026-06-09 14:30:00,79.4,79.7,79.2,79.2,59917.71064469,4763768.42440052
2026-06-09 14:45:00,79.2,79.2,79.0,79.0,29221.70823157,2308849.93474409
2026-06-09 15:00:00,79.0,79.0,78.8,79.0,762.28150208,60168.95221035
2026-06-09 15:15:00,79.2,79.2,79.2,79.2,75.94936708,6015.18987274
2026-06-09 15:30:00,79.0,79.0,78.9,79.0,27818.66593318,2197662.00872122
2026-06-09 16:00:00,79.2,79.2,79.0,79.0,1866.35871536,147784.62413151
2026-06-09 16:15:00,78.9,78.9,78.4,78.9,62917.25600969,4950161.56382976
2026-06-09 16:30:00,78.7,78.7,78.4,78.5,997448.59747324,78287713.58617777
2026-06-09 16:45:00,78.5,78.7,78.3,78.6,45452.40233135,3570775.10116505
2026-06-09 17:00:00,78.3,78.3,77.9,77.9,20765.34459937,1623818.5019866
2026-06-09 17:15:00,78.0,78.2,78.0,78.1,104233.79598456,8141460.53313978
2026-06-09 17:30:00,78.1,78.2,78.1,78.2,48593.62864824,3798111.38946436
2026-06-09 17:45:00,78.2,78.2,78.0,78.0,23409.40762244,1829179.55178929
2026-06-09 18:00:00,77.9,77.9,77.9,77.9,21291.15897532,1658581.28417743
2026-06-09 18:15:00,77.8,78.0,77.8,77.8,5171.31276277,402348.13294351
2026-06-09 18:30:00,77.8,77.8,77.1,77.3,79538.37471367,6154980.9696619
2026-06-09 18:45:00,77.4,77.5,77.4,77.5,1500.0,116220.0
2026-06-09 19:00:00,77.5,77.7,77.4,77.6,9950.65463262,771107.25003782
2026-06-09 19:15:00,77.6,77.6,76.9,77.2,475304.98027586,36607787.20397944
2026-06-09 19:30:00,77.2,77.2,77.0,77.2,80578.27425934,6217737.07412812
2026-06-09 19:45:00,77.3,77.8,77.3,77.8,89600.26273238,6932728.18516142
2026-06-09 20:00:00,77.8,77.8,77.5,77.6,73593.26796081,5716569.11116456
2026-06-09 20:15:00,77.5,77.6,77.5,77.6,44077.02537919,3416614.62817755
2026-06-09 20:30:00,77.5,77.7,77.5,77.7,71247.49418142,5521714.28209689
2026-06-09 20:45:00,77.8,78.1,77.8,78.1,6009.09904841,468361.51612882
2026-06-09 21:00:00,78.2,78.6,78.2,78.6,2511.72119606,197074.89030928
2026-06-09 21:15:00,78.0,78.0,77.9,77.9,67398.22077692,5252885.50108617
2026-06-09 21:30:00,77.9,77.9,77.8,77.9,22910.15614474,1782423.43175782
2026-06-09 21:45:00,77.8,77.8,77.8,77.8,59610.22307545,4637675.35527001
2026-06-09 22:00:00,78.0,78.0,78.0,78.0,84.784,6613.152
2026-06-09 22:15:00,78.1,78.1,77.4,77.4,83032.50200332,6443363.13467782
2026-06-09 22:30:00,77.5,77.5,77.3,77.3,11932.88213765,923346.74093531
2026-06-09 22:45:00,77.9,77.9,77.4,77.4,48240.1944322,3753817.55052499
2026-06-09 23:00:00,77.2,77.7,77.1,77.1,63231.71041022,4878410.79818695
2026-06-09 23:15:00,77.0,77.0,76.0,76.1,255399.86469499,19519434.69208309
2026-06-09 23:30:00,76.2,76.6,76.1,76.1,180488.39609389,13757913.37084236
2026-06-09 23:45:00,76.2,76.6,75.9,76.6,77805.21900203,5916460.51221085
2026-06-10 00:00:00,76.7,76.9,76.7,76.9,63328.60028049,4858587.57932827
2026-06-10 00:15:00,76.9,76.9,76.3,76.4,153956.22929421,11810887.76605677
2026-06-10 00:30:00,76.2,76.3,76.0,76.3,18967.31669075,1444611.98069648
2026-06-10 00:45:00,76.4,76.4,76.2,76.4,14140.44502617,1080026.99999939
2026-06-10 01:00:00,76.2,76.2,75.8,75.8,81854.40272594,6216463.41001239
2026-06-10 01:15:00,76.0,76.0,75.5,76.0,39938.12591466,3028176.16608282
2026-06-10 01:30:00,76.1,76.5,75.5,75.5,22479.38203134,1708799.84904588
2026-06-10 01:45:00,76.3,76.3,75.8,75.8,32973.01367259,2513571.30338936
2026-06-10 02:00:00,76.6,76.8,76.6,76.8,391.1347327,30000.00000114
2026-06-10 02:15:00,76.7,77.6,76.7,77.1,17857.32072925,1378819.42141307
2026-06-10 02:30:00,77.4,77.8,77.4,77.8,15252.0208024,1181428.38116289
2026-06-10 02:45:00,77.4,77.4,77.4,77.4,65.0,5031.0
2026-06-10 03:00:00,77.0,77.3,76.9,76.9,16521.14769359,1272693.62096776
2026-06-10 03:15:00,77.6,77.7,77.6,77.7,10560.0,820157.49095949
2026-06-10 04:00:00,77.7,77.7,77.7,77.7,128.7001287,9999.99999999
2026-06-10 04:45:00,78.1,78.1,77.9,77.9,7444.2159383,580344.26478123
2026-06-10 05:15:00,77.9,77.9,77.9,77.9,58518.30234211,4558575.75245037
2026-06-10 05:30:00,78.1,78.1,78.1,78.1,14764.82811225,1153133.07556673
2026-06-10 05:45:00,78.1,78.1,78.1,78.1,3764.53320537,294010.0433394
2026-06-10 06:00:00,78.0,78.1,78.0,78.1,21086.95839858,1645422.9599548
2026-06-10 06:15:00,77.5,77.5,77.4,77.4,54462.5977153,4215792.15993841
2026-06-10 06:30:00,77.5,77.5,77.5,77.5,77.41935483,5999.99999933
2026-06-10 06:45:00,77.1,77.1,77.1,77.1,77.41935483,5969.03225739
2026-06-10 07:15:00,77.1,77.2,77.1,77.2,20404.7307,1573434.3069
2026-06-10 07:30:00,77.2,77.4,77.2,77.2,20434.64227286,1578177.56175936
2026-06-10 07:45:00,77.1,77.1,77.1,77.1,843.88185654,65063.29113923
2026-06-10 08:00:00,77.0,77.0,77.0,77.0,1000.0,77000.0
2026-06-10 08:15:00,77.0,77.0,76.7,76.7,204762.44727573,15733803.25867228
2026-06-10 08:30:00,76.9,76.9,76.6,76.6,32092.82990732,2460729.70046287
2026-06-10 08:45:00,76.7,76.9,76.6,76.9,35965.64024504,2759849.96263008
2026-06-10 09:00:00,76.9,77.1,76.6,76.6,540275.29180206,41403092.16778653
2026-06-10 09:15:00,76.5,76.8,76.0,76.5,187619.339591,14327043.60356597
2026-06-10 09:30:00,76.5,76.5,75.7,75.7,169317.61654895,12831887.1929647
2026-06-10 09:45:00,75.8,76.5,75.7,76.5,105890.2718193,8085641.39759695
2026-06-10 10:00:00,76.9,76.9,76.4,76.4,601591.38302239,46060585.21446516
2026-06-10 10:15:00,76.5,76.5,75.5,75.5,661962.06120456,50197805.68976764
2026-06-10 10:30:00,75.6,75.6,75.2,75.2,100178.16274208,7542723.29480364
2026-06-10 10:45:00,75.4,76.1,75.4,76.1,280651.60072638,21180468.43644877
2026-06-10 11:00:00,76.1,76.1,75.0,75.2,514759.08431547,38796263.14767644
2026-06-10 11:15:00,75.2,75.3,74.8,74.8,169128.7459865,12684914.14826761
2026-06-10 11:30:00,75.1,75.1,74.5,74.6,258498.69753418,19300485.87775666
2026-06-10 11:45:00,74.6,74.8,74.5,74.8,86105.72363972,6436242.35611061
2026-06-10 12:00:00,74.6,75.5,74.6,75.4,150625.7754179,11319876.18958295
2026-06-10 12:15:00,75.5,76.2,75.5,76.2,165677.24434796,12563156.02750868
2026-06-10 12:30:00,76.0,76.2,76.0,76.2,30243.79513808,2300663.25383074
2026-06-10 12:45:00,75.9,75.9,75.9,75.9,1863.71542948,141456.00109753
2026-06-10 13:00:00,76.0,76.2,76.0,76.2,3755.1109763,285900.00000012
2026-06-10 13:15:00,76.2,76.5,76.2,76.5,36562.44704164,2796223.89556776
2026-06-10 13:30:00,76.5,76.5,75.6,75.6,34311.91036403,2618179.22689593
2026-06-10 13:45:00,75.5,75.9,75.4,75.9,2895.36004248,218482.06297009
2026-06-10 14:00:00,75.5,75.5,75.2,75.4,10577.73853266,796304.0549718
2026-06-10 14:15:00,75.5,75.5,75.5,75.5,132.45033112,9999.99999956
2026-06-10 14:30:00,75.0,75.7,74.9,75.7,34805.67620211,2610774.20030023
2026-06-10 14:45:00,75.6,75.6,75.5,75.5,25787.18865909,1948374.71879711
2026-06-10 15:00:00,75.8,76.6,75.8,76.6,2652.51725366,202441.39086883
2026-06-10 15:15:00,76.5,77.3,76.5,77.3,17195.53422375,1325476.51175443
2026-06-10 15:30:00,77.4,77.8,76.4,77.8,179109.62514525,13833460.99958051
2026-06-10 15:45:00,77.9,77.9,76.9,76.9,196575.40727001,15211994.39594742
2026-06-10 16:00:00,77.0,77.1,77.0,77.0,158099.67633785,12173830.7200378
2026-06-10 16:15:00,77.0,77.2,77.0,77.2,4157.0,320389.0
2026-06-10 16:30:00,77.0,77.0,76.9,76.9,72196.73736105,5557853.44001329
2026-06-10 17:00:00,76.5,76.5,76.3,76.3,41802.45268893,3190049.49336784
2026-06-10 17:15:00,76.6,76.6,76.6,76.6,50484.37383072,3867103.03543315
2026-06-10 17:30:00,76.4,76.5,76.4,76.5,4413.23832803,337223.69584319
2026-06-10 17:45:00,76.4,76.4,76.4,76.4,9674.537488,739134.6640832
2026-06-10 18:00:00,76.4,76.4,76.3,76.4,101510.69825757,7745753.65710504
2026-06-10 18:15:00,76.2,76.3,75.9,76.3,163175.89837907,12426487.26155932
2026-06-10 18:30:00,76.7,77.5,76.7,77.5,75417.52033387,5828025.93092121
2026-06-10 18:45:00,77.5,77.5,77.3,77.5,89302.2157926,6909752.44843353
2026-06-10 19:00:00,77.3,77.3,77.3,77.3,54484.6076315,4211660.16991495
2026-06-10 19:15:00,77.2,77.2,76.8,76.8,242443.43899963,18648486.58209409
2026-06-10 19:30:00,77.6,78.6,77.6,77.6,39644.07126013,3098306.56873773
2026-06-10 19:45:00,77.4,77.4,77.4,77.4,6992.79226366,541242.12120728
2026-06-10 20:00:00,77.2,77.2,76.0,76.0,71346.64074314,5457243.47033678
2026-06-10 20:15:00,77.0,77.0,76.0,76.0,31762.44762806,2435746.93479669
2026-06-10 20:30:00,76.6,76.8,76.6,76.8,78439.04494268,6018638.37516666
2026-06-10 20:45:00,76.7,76.7,76.6,76.6,6627.4151436,507669.99999976
2026-06-10 21:00:00,76.7,76.8,76.5,76.8,184161.24898199,14107036.98968389
2026-06-10 21:15:00,76.5,76.7,76.4,76.7,31257.77459275,2393255.81479811
2026-06-10 21:30:00,77.1,78.1,77.1,78.1,62217.80732632,4849959.91436646
2026-06-10 21:45:00,77.6,77.8,77.6,77.8,17751.72847314,1379237.28695729
2026-06-10 22:00:00,77.4,77.8,77.2,77.8,73171.5791991,5669752.83611667
2026-06-10 22:15:00,77.8,77.8,77.5,77.5,42059.16894393,3271891.81463775
2026-06-10 22:30:00,78.0,78.6,78.0,78.6,17781.01738764,1390789.21475928
2026-06-10 22:45:00,78.6,78.6,78.3,78.3,33857.19283195,2654399.04344784
2026-06-10 23:00:00,78.3,78.6,78.2,78.2,18020.47791731,1412577.08156469
2026-06-10 23:15:00,77.7,77.8,77.7,77.7,12332.03515888,958981.13184498
2026-06-10 23:30:00,77.0,77.0,76.6,76.6,27660.3698017,2122135.72895946
2026-06-10 23:45:00,76.6,77.3,76.0,77.2,45644.43026195,3494684.80632427
2026-06-11 00:00:00,76.9,78.1,76.7,77.3,7507.01280217,580571.90393846
2026-06-11 00:15:00,76.8,77.1,76.8,77.1,210.5218656,16206.95089286
2026-06-11 00:30:00,77.1,77.1,77.1,77.1,64.9156939,5004.99999969
2026-06-11 00:45:00,77.6,77.9,76.9,77.9,167980.79180035,12975054.16232848
2026-06-11 01:00:00,77.7,77.7,77.7,77.7,45696.68983268,3550632.79999924
2026-06-11 01:15:00,77.7,77.7,77.7,77.7,18186.35521235,1413079.7999996
2026-06-11 01:30:00,77.3,77.5,77.3,77.5,31844.68612774,2467809.92799688
2026-06-11 01:45:00,77.3,77.3,76.5,77.0,140310.14563687,10753770.24092317
2026-06-11 02:00:00,77.0,77.0,77.0,77.0,3121.333543,240342.682811
2026-06-11 02:15:00,76.8,76.8,76.2,76.2,6872.43022609,524874.99924273
2026-06-11 02:30:00,76.3,76.4,75.9,75.9,68002.45377459,5186940.78310527
2026-06-11 02:45:00,76.3,76.4,76.3,76.3,32567.2804,2487027.57964402
2026-06-11 03:00:00,76.6,76.6,76.6,76.6,6409.6,490975.36
2026-06-11 03:30:00,76.4,76.4,76.3,76.4,28853.36105071,2203368.38427424
2026-06-11 03:45:00,76.6,76.6,76.6,76.6,6874.08235081,526554.70807205
2026-06-11 04:00:00,76.3,76.3,76.3,76.3,8154.0,622150.2
2026-06-11 04:15:00,76.1,76.1,76.1,76.1,7489.0,569912.9
2026-06-11 04:30:00,76.6,76.6,76.2,76.2,14444.4023,1101399.31618
2026-06-11 04:45:00,76.1,76.1,76.1,76.1,15059.23653088,1146007.89999997
2026-06-11 05:00:00,75.9,76.0,75.5,75.5,17492.281868,1324119.51175985
2026-06-11 05:30:00,75.9,75.9,75.9,75.9,16760.498939,1272121.8694701
2026-06-11 05:45:00,75.9,76.2,75.6,75.6,120651.91545417,9174132.27005027
2026-06-11 06:00:00,75.5,75.6,74.2,74.6,173521.68182782,12986274.06629955
2026-06-11 06:15:00,74.7,74.9,74.5,74.7,71160.19076885,5315796.29469406
2026-06-11 06:30:00,74.7,75.1,74.7,75.1,16307.10224961,1224601.68990015
2026-06-11 06:45:00,74.8,74.8,74.0,74.0,93276.82119134,6946292.92354797
2026-06-11 07:00:00,74.0,74.4,74.0,74.0,24590.70970631,1822098.74435637
2026-06-11 07:15:00,73.9,74.4,73.9,74.4,68423.82673477,5057088.00000058
2026-06-11 07:30:00,74.4,74.4,74.4,74.4,3221.47651006,239677.85234846
2026-06-11 07:45:00,74.6,74.8,74.6,74.8,66962.52577185,5007501.34470718
2026-06-11 08:00:00,74.5,74.6,74.1,74.3,295168.95559342,21946281.09155259
2026-06-11 08:15:00,74.3,75.2,74.3,75.1,120241.05088982,9032859.12926585
2026-06-11 08:30:00,75.5,75.7,75.5,75.7,20536.82886305,1554538.03061289
2026-06-11 08:45:00,75.8,75.8,75.7,75.7,3989.14895012,302221.84839575
2026-06-11 09:00:00,76.0,76.3,76.0,76.3,27518.1303258,2091781.75359614
2026-06-11 09:15:00,76.5,76.9,76.5,76.9,23233.36878809,1778755.37808863
2026-06-11 09:30:00,76.1,76.1,76.1,76.1,53289.41813261,4055324.71989162
2026-06-11 09:45:00,76.0,76.2,75.8,76.0,2384.7814997,181243.37188778
2026-06-11 10:00:00,76.5,76.5,76.5,76.5,130.71895425,10000.00000013
2026-06-11 10:15:00,76.4,76.4,76.4,76.4,84.88,6484.832
2026-06-11 10:30:00,76.8,77.0,76.8,77.0,32655.85090373,2513225.33252824
2026-06-11 11:00:00,76.7,76.8,76.5,76.5,112322.08502039,8615808.96326303
2026-06-11 11:15:00,76.3,76.3,76.3,76.3,22078.74015749,1684607.87401649
2026-06-11 11:30:00,76.3,76.3,76.3,76.3,13106.15989515,999999.99999995
2026-06-11 11:45:00,75.9,75.9,75.9,75.9,39018.71749913,2961520.65818397
2026-06-11 12:00:00,76.0,76.0,76.0,76.0,40131.57894736,3049999.99999936
2026-06-11 12:30:00,76.5,76.6,76.5,76.6,84507.13962864,6472684.89555378
2026-06-11 12:45:00,76.4,77.5,76.4,77.5,56275.93104091,4341488.32207439
2026-06-11 13:15:00,77.3,77.3,77.3,77.3,2883.4002574,222886.83989702
2026-06-11 13:30:00,77.3,77.3,77.3,77.3,10053.21035062,777113.16010293
2026-06-11 13:45:00,77.5,77.7,77.5,77.7,331.29185738,25716.09427843
2026-06-11 14:00:00,77.9,77.9,77.7,77.7,27071.94843565,2108889.85463513
2026-06-11 14:15:00,77.7,77.7,77.2,77.2,36343.32659712,2815127.27056547
2026-06-11 14:30:00,77.4,77.4,77.4,77.4,7689.37070023,595157.2921978
2026-06-11 14:45:00,77.4,77.4,77.4,77.4,144.95167346,11219.2595258
2026-06-11 15:00:00,77.4,77.6,77.4,77.6,62944.61499766,4879169.10851498
2026-06-11 15:15:00,77.8,77.8,77.8,77.8,99.0,7702.2
2026-06-11 15:30:00,77.8,77.8,77.8,77.8,1285.3470437,99999.99999986
2026-06-11 15:45:00,77.3,77.3,77.3,77.3,1966.5587646,152014.99250358
2026-06-11 16:00:00,77.3,77.3,77.2,77.3,1144.09963837,88424.35709128
2026-06-11 16:15:00,77.3,77.5,77.1,77.1,8366.8740524,645547.88828202
2026-06-11 16:30:00,77.2,77.2,77.0,77.0,15847.43300425,1222839.66344885
2026-06-11 17:15:00,77.6,77.7,77.6,77.7,19471.20004991,1512883.16163838
2026-06-11 17:30:00,77.3,77.3,77.3,77.3,38948.33893969,3010706.60003804
2026-06-11 17:45:00,77.2,77.2,77.2,77.2,86.61417322,6686.61417258
2026-06-11 19:30:00,77.1,77.1,77.0,77.0,63361.29500274,4881542.08943243
2026-06-11 19:45:00,77.3,77.3,77.3,77.3,2620.0,202526.0
2026-06-11 20:00:00,77.3,77.3,77.1,77.1,34351.02661265,2648724.76667667
2026-06-11 20:15:00,77.0,77.0,76.4,76.6,368055.07887986,28246816.31120749
2026-06-11 20:30:00,76.7,76.7,76.7,76.7,5906.68839634,453042.99999928
2026-06-11 20:45:00,76.6,76.8,76.6,76.7,23401.85876927,1794382.87044028
2026-06-11 21:00:00,76.8,76.8,76.6,76.6,52274.5023675,4014655.67216343
2026-06-11 21:15:00,76.6,76.6,75.9,75.9,37383.20261347,2840771.30885964
2026-06-11 21:30:00,76.1,76.6,76.1,76.6,9346.7908,714266.13804
2026-06-11 21:45:00,76.9,76.9,76.8,76.8,372.83788511,28654.25636496
2026-06-11 22:00:00,76.7,76.7,76.7,76.7,148.7712,11410.75104
2026-06-11 22:15:00,77.0,77.0,77.0,77.0,3645.90432056,280734.63268312
2026-06-11 22:30:00,76.6,76.7,76.5,76.5,82685.30778222,6332631.5742142
2026-06-11 22:45:00,76.8,76.9,76.8,76.9,5791.57327734,444863.98502745
2026-06-11 23:00:00,77.1,78.5,77.0,77.1,228681.05574425,17727452.04859611
2026-06-11 23:15:00,77.1,77.1,76.8,76.8,55962.99050434,4303761.58489636
2026-06-11 23:30:00,77.1,77.1,76.7,76.8,85547.65932688,6573822.43953984
2026-06-11 23:45:00,77.1,77.1,77.0,77.1,43943.05592104,3387955.24917218
2026-06-12 00:00:00,76.7,77.2,76.3,77.2,62718.72573965,4813986.56290452
2026-06-12 00:15:00,77.3,77.3,77.3,77.3,129.36610609,10000.00000076
2026-06-12 00:30:00,77.6,77.6,77.6,77.6,37932.58010168,2943568.21589037
2026-06-12 00:45:00,77.1,77.4,77.1,77.4,1037.61348898,80155.64202371
2026-06-12 01:00:00,77.8,78.1,77.8,77.8,34408.60011001,2677745.10501643
2026-06-12 01:15:00,77.8,77.8,77.8,77.8,3029.72205181,235712.37563082
2026-06-12 01:45:00,77.2,77.2,77.2,77.2,24354.94157481,1880201.48957533
2026-06-12 02:00:00,77.2,77.2,77.2,77.2,107922.67609304,8331630.59438269
2026-06-12 02:15:00,77.9,78.0,77.4,77.8,35267.38574476,2738102.05229515
2026-06-12 02:30:00,78.0,78.8,78.0,78.8,1724.5496229,134957.83641327
2026-06-12 02:45:00,78.7,79.0,78.7,78.7,17500.69055928,1379472.31453077
2026-06-12 03:00:00,79.1,79.1,78.1,78.3,64954.85029442,5119828.67030558
2026-06-12 03:15:00,79.2,79.2,78.5,78.5,11802.72119525,931294.77017166
2026-06-12 03:45:00,78.3,78.3,77.9,77.9,119394.08848282,9326501.96522735
2026-06-12 04:00:00,77.9,78.3,77.9,78.3,34805.19142804,2712798.05227695
2026-06-12 04:30:00,78.3,78.3,78.3,78.3,1874.20975037,146750.62345397
2026-06-12 06:30:00,78.9,78.9,78.9,78.9,323.0855495,25491.44985555
2026-06-12 06:45:00,78.9,78.9,78.9,78.9,5840.892056,460846.3832184
2026-06-12 07:00:00,78.9,79.1,78.9,79.1,34255.15346987,2703623.82848281
2026-06-12 07:45:00,78.4,78.4,78.3,78.3,3675.69007343,287846.53274957
2026-06-12 08:00:00,78.4,78.8,78.4,78.4,5207.33854983,409833.10085872
2026-06-12 08:15:00,78.4,78.4,78.3,78.3,2495.8850464,195445.73995098
2026-06-12 08:30:00,78.4,78.7,78.4,78.7,184.86917677,14514.74345877
2026-06-12 09:00:00,78.6,79.0,78.4,79.0,43258.01169219,3402975.66803462
2026-06-12 09:15:00,79.1,79.3,79.0,79.1,57508.98687103,4550290.71569343
2026-06-12 09:30:00,79.1,79.1,79.1,79.1,23435.56404004,1853753.11556716
2026-06-12 09:45:00,79.1,79.1,79.1,79.1,983.27433628,77776.99999975
2026-06-12 10:00:00,78.6,78.9,78.4,78.4,14463.47740616,1135999.99999909
2026-06-12 10:15:00,78.0,78.4,78.0,78.4,190.74271229,14903.53155862
2026-06-12 10:45:00,78.0,78.0,78.0,78.0,5329.36812299,415690.71359322
2026-06-12 11:15:00,78.7,79.4,78.7,79.4,204676.43166352,16145744.07790602
2026-06-12 11:30:00,79.1,79.1,79.1,79.1,253.48705336,20050.82592078
2026-06-12 11:45:00,79.1,79.2,78.8,78.8,104586.96536384,8256756.6331952
2026-06-12 12:15:00,78.8,78.8,78.8,78.8,6651.22588831,524116.59999883
2026-06-12 13:00:00,78.4,78.4,78.1,78.3,40210.01615264,3148169.49171909
2026-06-12 13:15:00,78.3,78.3,78.3,78.3,6029.39718246,472101.79938662
2026-06-12 14:00:00,78.3,78.3,77.9,78.1,101805.84419926,7950681.83565322
2026-06-12 14:30:00,78.0,78.0,78.0,78.0,6338.8324873,494428.9340094
2026-06-12 14:45:00,78.0,78.0,78.0,78.0,996.88600952,77757.10874256
2026-06-12 15:00:00,78.5,79.1,78.0,78.4,57527.5357489,4512003.09526988
2026-06-12 15:15:00,77.9,77.9,77.8,77.8,59104.4151531,4598765.40196974
2026-06-12 15:30:00,77.8,77.9,77.8,77.8,15953.44818237,1241184.95931839
2026-06-12 15:45:00,78.0,78.0,78.0,78.0,128.2051282,9999.9999996
2026-06-12 16:00:00,78.0,78.0,78.0,78.0,14272.76244949,1113275.47106022
2026-06-12 16:30:00,78.2,78.2,78.0,78.2,227.37455358,17760.7957419
2026-06-12 16:45:00,78.2,78.2,78.2,78.2,13641.22442455,1066743.74999981
2026-06-12 17:00:00,78.7,78.7,78.7,78.7,1500.0,118050.0
2026-06-12 17:15:00,79.1,79.3,79.1,79.3,52207.03466545,4137417.35765968
2026-06-12 17:30:00,79.3,79.3,78.9,78.9,102172.25537072,8074253.29622834
2026-06-12 17:45:00,78.9,78.9,78.9,78.9,1473.09038763,116226.83158401
2026-06-12 18:00:00,79.0,79.1,78.8,78.8,6306.11611107,498158.14916843
2026-06-12 18:15:00,79.1,79.1,79.1,79.1,800.17034471,63293.47426656
2026-06-12 18:30:00,79.1,79.1,78.8,78.8,8037.92017294,634027.47916065
2026-06-12 18:45:00,79.1,79.4,79.1,79.4,1463.22045078,115915.72852156
2026-06-12 19:00:00,79.4,79.4,79.4,79.4,27301.7301173,2167757.37131362
2026-06-12 19:30:00,79.4,79.4,79.2,79.2,1471.46338419,116814.29835663
2026-06-12 20:30:00,79.3,79.3,79.3,79.3,650.0,51545.0
2026-06-12 20:45:00,79.2,79.2,79.2,79.2,126.26262626,9999.99999979
2026-06-12 21:15:00,79.5,79.5,79.5,79.5,62.90566037,5000.99999942
2026-06-12 22:00:00,79.0,79.0,79.0,79.0,6086.98119877,480871.51470283
2026-06-12 22:15:00,79.1,79.1,79.1,79.1,2722.3772164,215340.03781724
2026-06-12 22:30:00,78.8,78.9,78.6,78.6,66704.01356518,5249939.05607951
2026-06-12 23:30:00,79.4,79.6,79.4,79.6,12480.04575612,992169.45761994
2026-06-12 23:45:00,79.6,79.8,79.1,79.8,52817.96777413,4184600.4396493
2026-06-13 00:00:00,80.0,80.6,80.0,80.6,170658.61914394,13746676.88417738
2026-06-13 00:15:00,80.6,80.7,80.6,80.6,2669.64901546,215192.53658981
2026-06-13 00:30:00,80.8,80.8,80.8,80.8,263.76237624,21312.00000019
2026-06-13 00:45:00,79.9,79.9,79.9,79.9,12249.18489257,978709.87291634
2026-06-13 01:00:00,79.8,80.1,79.8,80.1,27467.27199702,2192084.1475781
2026-06-13 01:15:00,80.0,80.0,80.0,80.0,828.6739,66293.912
2026-06-13 01:30:00,80.2,80.2,80.2,80.2,1145.66084788,91881.99999998
2026-06-13 01:45:00,80.3,80.3,80.3,80.3,8030.05720054,644813.59320336
2026-06-13 02:00:00,80.0,80.1,80.0,80.0,13909.001195,1112735.9957195
2026-06-13 02:15:00,79.9,79.9,79.9,79.9,12500.0,998750.0
2026-06-13 02:30:00,80.1,80.1,79.7,79.7,58433.22965172,4658455.89454732
2026-06-13 02:45:00,79.7,79.7,79.6,79.6,92482.1116956,7370811.73932525
2026-06-13 03:30:00,78.8,79.3,78.8,79.3,1520.0,119932.0
2026-06-13 04:30:00,79.3,79.4,79.3,79.4,9823.43198991,779964.59987935
2026-06-13 05:00:00,79.3,79.3,79.3,79.3,12610.34047919,999999.99999977
2026-06-13 05:30:00,79.1,79.1,79.1,79.1,5267.93205918,416693.42588114
2026-06-13 05:45:00,79.1,79.1,78.8,78.8,53096.30013827,4194768.27393129
2026-06-13 06:00:00,78.8,78.8,78.8,78.8,73049.72195415,5756318.08998702
2026-06-13 06:15:00,78.7,78.7,78.7,78.7,2541.296061,200000.0000007
2026-06-13 06:30:00,79.1,79.1,79.1,79.1,148.429564,11740.7785124
2026-06-13 06:45:00,79.1,79.1,78.4,78.4,49707.46898459,3906892.05567233
2026-06-13 07:15:00,79.0,79.1,79.0,79.1,27922.25884529,2208634.92969434
2026-06-13 07:30:00,79.1,79.1,78.8,78.8,133530.81644045,10522827.42638809
2026-06-13 08:00:00,78.7,78.7,78.5,78.5,17385.77966799,1367324.99999821
2026-06-13 08:15:00,78.6,78.6,78.6,78.6,1831.85159012,143983.53498343
2026-06-13 08:45:00,78.4,78.4,78.4,78.4,30039.05564074,2355061.96223402
2026-06-13 09:00:00,78.7,79.0,78.4,79.0,30593.38330104,2408464.57628573
2026-06-13 09:15:00,79.0,79.0,78.9,78.9,24065.27971781,1899978.41783647
2026-06-13 09:30:00,79.0,79.0,79.0,79.0,126.58227848,9999.99999992
2026-06-13 09:45:00,78.8,79.1,78.8,79.1,51701.37586206,4083094.42535553
2026-06-13 10:15:00,79.4,79.6,79.4,79.4,49076.81537015,3898067.21111905
2026-06-13 10:30:00,79.4,79.4,79.4,79.4,3666.70556082,291136.42152911
2026-06-13 11:00:00,79.3,79.3,79.3,79.3,11715.61760103,929048.47576168
2026-06-13 11:15:00,79.1,79.2,79.1,79.2,28022.10131621,2216572.51537775
2026-06-13 11:30:00,79.1,79.1,79.0,79.0,36032.54534518,2850111.12567858
2026-06-13 11:45:00,79.0,79.2,79.0,79.0,12114.50043489,957063.21112399
2026-06-13 12:00:00,78.8,78.8,78.8,78.8,18305.15686674,1442446.36109911
2026-06-13 12:15:00,78.9,78.9,78.8,78.9,176131.21955988,13892235.3890245
2026-06-13 13:00:00,78.5,78.5,78.2,78.3,72564.78725961,5684793.30128502
2026-06-13 13:15:00,78.2,78.7,78.2,78.6,11678.42814091,913928.40463441
2026-06-13 13:45:00,78.6,78.6,78.4,78.4,200.0,15700.0
2026-06-13 14:00:00,78.3,78.3,78.3,78.3,251.637199,19703.1926817
2026-06-13 14:15:00,78.2,78.2,78.1,78.1,13271.48827705,1037466.06784038
2026-06-13 14:45:00,78.1,78.1,78.1,78.1,35779.69510601,2794394.18777938
2026-06-13 15:00:00,78.5,79.2,78.5,78.5,29896.07251012,2349848.34694357
2026-06-13 15:15:00,78.4,78.4,78.3,78.3,75865.40804303,5940652.26665972
2026-06-13 15:45:00,78.7,79.2,78.7,79.2,1397.71283354,110635.32401484
2026-06-13 16:15:00,78.9,79.2,78.9,79.2,27762.43779996,2193319.72513439
2026-06-13 16:30:00,79.1,79.1,79.1,79.1,1141.00487262,90253.48542424
2026-06-13 16:45:00,79.1,79.2,79.1,79.2,26412.9805647,2090893.90901934
2026-06-13 17:00:00,79.2,79.2,79.2,79.2,189.3939394,15000.00000048
2026-06-13 17:15:00,79.3,79.3,79.2,79.2,10454.8525578,828044.56189914
2026-06-13 17:30:00,79.4,79.5,79.4,79.4,20260.74140642,1609180.82112887
2026-06-13 17:45:00,79.4,79.4,79.2,79.2,19804.2592101,1570790.65920257
2026-06-13 18:00:00,79.2,79.3,79.2,79.3,2415.05142367,191285.07275466
2026-06-13 18:15:00,79.2,79.3,79.2,79.2,30039.5181958,2379329.84110736
2026-06-13 18:30:00,79.4,79.4,79.4,79.4,754.71698114,59924.52830252
2026-06-13 18:45:00,79.4,79.4,79.4,79.4,507.909281,40327.9969114
2026-06-13 19:00:00,79.4,79.4,79.4,79.4,4.8e-07,3.811e-05
2026-06-13 19:15:00,79.3,79.3,79.2,79.2,2330.91472338,184828.91130141
2026-06-13 20:00:00,79.4,79.4,79.4,79.4,125.94458439,10000.00000057
2026-06-13 20:15:00,79.5,79.5,79.5,79.5,1072.19400819,85239.42365111
2026-06-13 20:30:00,79.3,79.3,79.3,79.3,1257.86163522,99748.42767295
2026-06-13 20:45:00,79.3,79.3,79.3,79.3,8238.65594604,653325.41652097
2026-06-13 21:00:00,79.6,79.6,79.6,79.6,19673.21615573,1565988.00599611
2026-06-13 21:15:00,79.5,79.8,79.5,79.7,5580.49346857,444900.48388415
2026-06-13 21:30:00,79.6,79.6,79.4,79.4,7221.09220449,574633.77549041
2026-06-13 21:45:00,79.4,79.5,79.4,79.5,13277.1089267,1055197.1750509
2026-06-13 22:00:00,79.5,79.6,79.5,79.6,20962.60451992,1666936.53173312
2026-06-13 22:15:00,79.6,79.9,79.6,79.9,30000.0,2391222.33299321
2026-06-13 22:30:00,79.8,79.8,79.8,79.8,6000.0,478800.0
2026-06-13 22:45:00,79.4,79.4,79.4,79.4,537.41935483,42671.0967735
2026-06-13 23:15:00,79.7,79.7,79.7,79.7,1974.30770185,157352.32383745
2026-06-13 23:30:00,79.7,79.7,79.4,79.4,26941.45593469,2145914.19106124
2026-06-13 23:45:00,79.4,79.4,79.4,79.4,344.91999863,27386.64789122
2026-06-14 00:00:00,79.7,79.8,79.4,79.4,813.49353224,64837.52985459
2026-06-14 00:15:00,79.5,79.5,79.5,79.5,125.94458439,10012.59445901
2026-06-14 00:30:00,79.7,80.8,79.7,79.8,84350.14461738,6766207.37594364
2026-06-14 00:45:00,79.9,79.9,79.9,79.9,2351.4393911,187880.00734889
2026-06-14 01:00:00,80.2,80.4,79.7,79.7,11920.64306719,952211.55040504
2026-06-14 01:15:00,79.6,79.6,79.6,79.6,12515.64455569,996245.30663292
2026-06-14 01:30:00,79.4,79.4,79.4,79.4,1311.0,104093.4
2026-06-14 01:45:00,79.6,79.6,79.6,79.6,12594.45843828,1002518.89168709
2026-06-14 02:00:00,79.4,79.4,79.4,79.4,1726.47745136,137082.30963798
2026-06-14 02:45:00,79.4,79.4,79.4,79.4,17344.640366,1377164.4450604
2026-06-14 03:45:00,79.3,79.3,79.3,79.3,2379.6,188702.28
2026-06-14 04:00:00,79.3,79.4,79.2,79.4,129649.02759132,10292887.1966165
2026-06-14 04:30:00,79.6,79.6,79.6,79.6,2015.7640475,160454.818181
2026-06-14 05:00:00,79.8,80.0,79.8,80.0,18830.94318822,1504477.0027971
2026-06-14 05:15:00,80.0,80.0,80.0,80.0,12500.0,1000000.0
2026-06-14 05:30:00,79.9,79.9,79.9,79.9,10558.28327654,843606.83379555
2026-06-14 05:45:00,80.1,80.1,80.1,80.1,9257.93033568,741560.21988797
2026-06-14 06:00:00,79.9,79.9,79.6,79.6,19946.40606335,1593115.29486119
2026-06-14 06:15:00,79.8,80.1,79.8,80.1,59830.92015662,4777782.48001078
2026-06-14 06:30:00,79.6,79.6,79.6,79.6,860.335,68482.666
2026-06-14 06:45:00,80.1,80.6,80.1,80.6,177.0,14227.7
2026-06-14 07:00:00,80.6,80.6,80.2,80.3,85699.46975365,6896552.30714766
2026-06-14 07:30:00,80.2,80.2,80.0,80.0,586.10874696,46930.95271718
2026-06-14 07:45:00,79.9,79.9,79.9,79.9,11205.18617561,895294.37543124
2026-06-14 08:00:00,79.9,80.1,79.9,80.1,83726.36568077,6691622.70592728
2026-06-14 08:15:00,80.0,80.0,80.0,80.0,4868.25885369,389460.7082952
2026-06-14 08:45:00,80.0,80.0,80.0,80.0,1249.375,99950.0
2026-06-14 09:00:00,80.2,80.5,80.2,80.5,49733.22661294,4000393.01197243
2026-06-14 09:15:00,80.5,80.7,80.5,80.7,85277.55815857,6876914.80128459
2026-06-14 09:30:00,80.5,80.8,80.5,80.7,8602.77768644,694290.88166788
2026-06-14 09:45:00,80.6,80.7,80.6,80.7,29063.63279522,2345187.02761644
2026-06-14 10:00:00,80.7,82.8,80.7,82.6,693885.25511988,57051801.0510499
2026-06-14 10:15:00,82.7,82.7,81.4,81.4,255634.83670542,20926226.25498705
2026-06-14 10:30:00,81.5,82.4,81.3,82.1,305922.55075093,25027700.52389904
2026-06-14 10:45:00,81.8,82.2,81.6,81.9,347454.17970138,28395976.4006231
2026-06-14 11:00:00,81.9,82.0,81.6,82.0,141395.94519675,11585384.99586463
2026-06-14 11:15:00,81.7,81.7,81.3,81.3,86084.30312124,7030803.2599734
2026-06-14 11:30:00,81.5,81.5,80.8,80.8,122198.32744764,9902735.86002583
2026-06-14 11:45:00,80.8,80.8,80.1,80.1,580203.57758616,46642440.49684042
2026-06-14 12:00:00,80.2,80.2,79.9,80.2,90092.74793454,7205612.73322172
2026-06-14 12:15:00,79.9,80.1,79.9,80.1,30045.10442294,2405813.57054411
2026-06-14 12:30:00,80.1,80.5,80.0,80.5,14825.97141718,1189026.75789252
2026-06-14 12:45:00,80.2,80.2,80.2,80.2,9877.11677042,792144.76498768
2026-06-14 13:00:00,79.9,80.2,79.9,80.2,23673.55627443,1896942.60394372
2026-06-14 13:15:00,80.4,80.5,80.2,80.2,12883.57730166,1033413.47938171
2026-06-14 13:30:00,80.1,80.1,80.0,80.0,2935.47068216,235085.79353062
2026-06-14 13:45:00,79.9,79.9,79.5,79.5,84596.87950107,6744217.79887668
2026-06-14 14:00:00,79.5,79.5,79.5,79.5,24818.83333333,1973097.24999974
2026-06-14 14:15:00,79.5,79.5,78.9,78.9,55098.58742784,4352900.90286798
2026-06-14 14:30:00,79.0,79.2,79.0,79.2,9719.28723901,767930.94443896
2026-06-14 14:45:00,79.8,79.8,79.8,79.8,62.66917293,5000.99999981
2026-06-14 15:00:00,80.2,80.2,79.8,79.8,498.7531172,39900.249376
2026-06-14 15:15:00,80.1,80.1,80.1,80.1,1057.23667504,84684.6576707
2026-06-14 15:30:00,80.0,80.0,79.9,79.9,944.64979649,75558.22088848
2026-06-14 16:00:00,79.6,79.6,79.1,79.1,7875.6462892,623070.42983535
2026-06-14 16:15:00,79.1,79.1,79.1,79.1,66666.32534994,5273306.33518025
2026-06-14 16:30:00,79.1,79.1,78.9,78.9,10180.67819375,804109.91685063
2026-06-14 16:45:00,79.0,79.2,79.0,79.0,15428.94345694,1218899.41188614
2026-06-14 17:00:00,79.0,79.1,78.7,79.1,143954.73721162,11359377.68182778
2026-06-14 17:30:00,79.1,79.1,79.1,79.1,22552.82747221,1783928.65305181
2026-06-14 17:45:00,79.1,79.1,79.1,79.1,36520.04965012,2888735.92732449
2026-06-14 18:00:00,79.1,79.4,79.1,79.3,4437.55039996,351997.74671678
2026-06-14 18:15:00,79.2,79.2,78.7,78.7,25566.83578912,2018711.77016435
2026-06-14 18:30:00,78.9,79.3,78.9,79.3,31928.07752707,2519150.54261092
2026-06-14 18:45:00,79.3,79.3,79.3,79.3,252.20680958,19999.99999969
2026-06-14 19:00:00,79.3,79.3,79.3,79.3,648.99369482,51465.19999923
2026-06-14 19:30:00,79.4,79.5,79.1,79.1,8910.50007062,707909.99999963
2026-06-14 19:45:00,79.2,79.2,79.0,79.0,34040.27127589,2691618.94709771
2026-06-14 20:00:00,78.9,79.7,78.8,79.2,48772.73469889,3859322.62714263
2026-06-14 20:15:00,79.3,80.6,79.3,80.2,21742.3231296,1738533.00260242
2026-06-14 20:30:00,79.9,80.5,79.9,80.4,6034.72321912,485154.42950198
2026-06-14 20:45:00,80.3,81.8,80.1,81.5,998953.54234844,80908737.09025732
2026-06-14 21:00:00,81.5,86.9,81.4,84.5,6469447.87073857,540785917.2446826
2026-06-14 21:15:00,84.4,87.8,83.2,84.8,8988815.90241967,762155971.6057066
2026-06-14 21:30:00,84.9,87.5,83.9,86.3,10485481.56982369,896962700.1317433
2026-06-14 21:45:00,86.3,87.1,82.7,83.1,6987242.20916249,591924225.6779066
2026-06-14 22:00:00,83.0,83.7,82.2,83.1,1929077.94766326,159860616.681653
2026-06-14 22:15:00,83.1,83.4,82.2,82.4,1148884.82904282,95023506.06557915
2026-06-14 22:30:00,82.4,82.7,79.8,80.3,3905061.89177428,316783995.2521619
2026-06-14 22:45:00,80.4,80.7,80.2,80.3,377743.36288288,30362651.67449699
2026-06-14 23:00:00,80.3,80.8,80.1,80.6,415148.32712353,33459088.05315029
2026-06-14 23:15:00,80.6,80.6,80.0,80.2,491156.09823607,39410553.11216903
2026-06-14 23:30:00,80.0,80.1,78.5,78.8,657192.05971274,51952298.64219521
2026-06-14 23:45:00,78.6,79.6,78.6,79.6,98975.35480236,7815857.06194119
2026-06-15 00:00:00,79.4,80.1,79.4,80.1,118641.61927455,9459550.13536233
2026-06-15 00:15:00,79.5,80.4,79.5,80.4,90992.32427982,7288045.6844435
2026-06-15 00:30:00,80.4,80.4,79.8,80.0,63894.60760642,5111911.07583377
2026-06-15 00:45:00,79.8,79.9,79.8,79.9,44203.23523361,3528507.82770514
2026-06-15 01:00:00,79.6,79.9,79.5,79.9,114407.37218747,9117217.12290196
2026-06-15 01:15:00,79.9,80.2,79.4,80.0,111394.53145341,8888632.15879142
2026-06-15 01:30:00,79.9,79.9,79.9,79.9,25041.2,2000791.88
2026-06-15 02:00:00,79.9,79.9,79.8,79.9,33991.44555693,2715041.37179441
2026-06-15 02:15:00,79.7,79.7,79.7,79.7,20720.31776282,1651409.32569675
2026-06-15 02:30:00,79.7,79.8,79.7,79.8,18927.34899899,1509771.5384861
2026-06-15 02:45:00,79.4,79.4,79.0,79.2,75521.18420894,5981206.74629538
2026-06-15 03:00:00,79.2,79.2,79.2,79.2,43179.7701028,3419837.79214176
2026-06-15 03:15:00,78.9,78.9,78.7,78.7,13319.6722,1049597.89658
2026-06-15 03:30:00,78.9,78.9,78.9,78.9,20000.0,1578000.0
2026-06-15 04:00:00,78.9,80.5,78.9,80.1,298764.8637933,23898292.33646671
2026-06-15 04:15:00,80.1,80.1,79.5,79.8,146957.02881473,11705008.37098769
2026-06-15 04:30:00,79.7,79.7,79.1,79.5,130372.16347005,10346483.26383711
2026-06-15 04:45:00,79.2,79.2,79.0,79.0,59863.58027896,4739745.40257124
2026-06-15 05:00:00,79.0,79.0,78.8,79.0,64633.23874143,5106018.35181533
2026-06-15 05:15:00,79.1,79.4,79.1,79.4,9840.49729466,779235.095196
2026-06-15 05:30:00,79.6,79.8,79.4,79.8,76547.38369423,6089875.3956677
2026-06-15 05:45:00,80.0,80.0,79.4,79.4,19144.50029832,1522527.86374627
2026-06-15 06:00:00,79.7,80.0,79.7,80.0,84995.4098372,6787869.49030842
2026-06-15 06:15:00,80.2,81.2,80.2,81.1,146149.52325459,11802284.76415139
2026-06-15 06:30:00,80.9,81.8,80.9,81.4,33983.50519583,2760634.13405221
2026-06-15 06:45:00,81.5,82.7,81.4,82.4,86101.3177246,7055317.7948394
2026-06-15 07:00:00,82.4,82.4,81.4,82.0,159919.13374124,13073696.05535452
2026-06-15 07:15:00,81.8,81.8,81.3,81.7,47261.76436358,3856303.28849727
2026-06-15 07:30:00,81.7,82.1,81.7,82.1,317050.29267981,25951437.03853811
2026-06-15 07:45:00,82.1,82.1,82.0,82.1,44210.15629255,3629053.85351069
2026-06-15 08:00:00,82.0,82.2,81.9,82.2,134645.12494717,11047030.20477709
2026-06-15 08:15:00,81.9,82.0,81.9,82.0,151334.1388859,12405304.56796284
2026-06-15 08:30:00,82.0,82.1,81.9,82.1,48041.82789683,3942163.52269435
2026-06-15 08:45:00,82.0,82.2,82.0,82.2,111355.92104615,9145070.29352075
2026-06-15 09:00:00,82.0,82.2,81.4,81.4,368379.97979633,30135868.79689813
2026-06-15 09:15:00,81.6,81.6,80.8,81.1,824237.59085865,66783450.54707213
2026-06-15 09:30:00,81.1,81.1,80.3,80.7,510674.91514361,41269228.35675257
2026-06-15 09:45:00,80.8,80.9,80.4,80.9,361341.2669513,29081612.5164474
2026-06-15 10:00:00,80.8,80.8,80.4,80.8,281417.22013725,22682378.74680958
2026-06-15 10:15:00,80.7,80.7,80.4,80.6,121254.3796392,9761846.55485977
2026-06-15 10:30:00,80.8,81.2,80.8,81.1,60951.3437642,4935762.43623576
2026-06-15 10:45:00,81.1,81.1,81.1,81.1,5004.28706863,405847.68126589
2026-06-15 11:00:00,81.2,81.2,81.0,81.0,923.25327138,74918.72187833
2026-06-15 11:15:00,81.6,81.6,81.1,81.1,96490.94191228,7834966.66207168
2026-06-15 11:30:00,81.1,81.1,81.0,81.0,47217.60323699,3826611.31833769
2026-06-15 11:45:00,81.3,81.3,80.6,80.8,187544.81959809,15144149.766804
2026-06-15 12:00:00,80.8,80.8,80.6,80.6,43123.21011427,3476965.87521016
2026-06-15 12:15:00,81.1,81.3,81.1,81.3,21963.20040519,1781227.86528403
2026-06-15 12:30:00,81.2,81.4,81.2,81.4,10239.40225668,831451.76053971
2026-06-15 12:45:00,81.2,81.4,81.1,81.2,73049.03259661,5934216.91040098
2026-06-15 13:00:00,81.2,81.7,81.1,81.4,373875.2044345,30433645.87373391
2026-06-15 13:15:00,81.5,81.5,81.3,81.3,35066.27202267,2854661.31841466
2026-06-15 13:30:00,81.3,81.4,80.8,80.8,99333.28810677,8052528.70859369
2026-06-15 13:45:00,80.8,80.8,80.8,80.8,9342.0459173,754837.31011784
2026-06-15 14:00:00,80.8,80.8,79.7,80.6,403741.26164985,32444845.73318794
2026-06-15 14:15:00,80.6,80.8,80.5,80.8,181685.4140332,14657134.93442888
2026-06-15 14:30:00,81.0,81.0,79.7,80.2,621964.85870175,49860524.20371258
2026-06-15 14:45:00,80.5,81.4,80.4,81.3,704623.01493703,57090982.558254
2026-06-15 15:00:00,81.3,81.3,81.1,81.3,97975.13143361,7954384.76144915
2026-06-15 15:15:00,81.1,82.7,81.0,81.6,168543.95931573,13835415.68978656
2026-06-15 15:30:00,81.3,81.4,81.1,81.1,11405.46946655,926685.02705416
2026-06-15 15:45:00,81.2,81.4,81.2,81.4,24792.0283584,2013144.99999938
2026-06-15 16:00:00,81.0,81.0,81.0,81.0,16236.31591438,1315141.58906478
2026-06-15 16:15:00,81.4,81.4,81.4,81.4,61.48648648,5004.99999947
2026-06-15 16:30:00,81.3,81.3,80.8,81.2,510272.19246762,41277236.42994705
2026-06-15 16:45:00,80.9,80.9,80.9,80.9,3553.85746096,287507.06859166
2026-06-15 17:00:00,80.7,81.0,80.6,81.0,16662.25877146,1348219.51316272
2026-06-15 17:15:00,81.0,81.0,80.8,80.8,28840.74194227,2336050.71460782
2026-06-15 17:30:00,81.2,81.2,80.8,80.8,71912.29098487,5810609.20886136
2026-06-15 17:45:00,80.8,81.4,80.8,81.3,109150.66417815,8830861.05682335
2026-06-15 18:00:00,81.4,81.4,81.1,81.1,15738.87144321,1277251.01382401
2026-06-15 18:15:00,81.1,81.4,81.1,81.4,209.4519612,17004.99999926
2026-06-15 18:30:00,81.4,81.4,81.1,81.1,62018.7436591,5034936.30120847
2026-06-15 18:45:00,81.1,81.3,80.7,81.3,189967.56406602,15369329.77990907
2026-06-15 19:00:00,81.3,81.4,81.0,81.3,40986.40357525,3326679.64890284
2026-06-15 19:15:00,81.2,81.2,81.0,81.0,2622.71390781,212453.79455229
2026-06-15 19:30:00,81.2,81.2,81.2,81.2,123.15270936,10000.00000003
2026-06-15 19:45:00,81.4,81.6,81.3,81.6,68958.744574,5611097.21202079
2026-06-15 20:00:00,81.4,81.7,81.4,81.7,62434.67650389,5087767.32788697
2026-06-15 20:15:00,81.7,82.3,81.5,82.3,124329.35932295,10185153.0632374
2026-06-15 20:30:00,82.2,82.4,82.2,82.3,184793.85513096,15209704.68356892
2026-06-15 20:45:00,82.1,82.3,81.9,82.3,57509.55108756,4715514.29245549
2026-06-15 21:00:00,82.3,82.4,82.3,82.4,57524.50866462,4739648.28310199
2026-06-15 21:15:00,82.4,82.4,82.0,82.1,56298.58747983,4623939.42655956
2026-06-15 21:30:00,82.3,82.5,82.2,82.5,68735.71293632,5663516.65097162
2026-06-15 21:45:00,82.6,82.6,82.4,82.4,18245.25076084,1505830.95486266
2026-06-15 22:00:00,82.5,82.8,82.5,82.8,64576.40217309,5339596.38955603
2026-06-15 22:15:00,82.8,83.4,82.8,83.3,159326.39419784,13234014.42816986
2026-06-15 22:30:00,83.1,83.2,82.7,82.7,125885.01540781,10454287.02220397
2026-06-15 22:45:00,83.0,83.0,82.7,82.7,40521.66016534,3352701.631749
2026-06-15 23:00:00,82.7,82.7,82.6,82.7,31608.88274714,2611174.93823737
2026-06-15 23:15:00,82.6,83.9,82.6,83.7,42691.78489125,3557549.22797031
2026-06-15 23:30:00,83.8,83.8,82.8,82.8,164876.61495201,13715291.23442744
2026-06-16 00:00:00,82.9,83.1,82.8,82.8,178368.92426275,14803505.21546081
2026-06-16 00:15:00,82.8,82.8,82.6,82.6,49305.9031173,4080434.95203867
2026-06-16 00:30:00,82.6,82.6,81.9,81.9,1046407.3185127,86032838.9419585
2026-06-16 00:45:00,82.2,82.8,82.2,82.5,136930.72740529,11265385.94302676
2026-06-16 01:00:00,82.6,82.9,82.5,82.9,8391.7210054,693311.05442055
2026-06-16 01:15:00,83.0,83.0,82.8,82.8,19945.80120478,1651659.58071963
2026-06-16 01:30:00,83.0,83.0,83.0,83.0,263.79518076,21895.00000308
2026-06-16 02:00:00,82.4,82.4,82.2,82.4,26336.00972124,2166875.00872448
2026-06-16 02:30:00,82.3,82.4,82.3,82.4,27158.3,2237521.92
2026-06-16 02:45:00,82.6,82.6,82.4,82.4,3640.776699,300364.0776675
2026-06-16 03:00:00,82.2,82.2,82.2,82.2,6577.6687855,540684.3741681
2026-06-16 03:30:00,82.0,82.0,81.9,81.9,2300.0,188490.0
2026-06-16 03:45:00,81.9,81.9,81.9,81.9,5806.16997693,475525.32111057
2026-06-16 04:00:00,81.9,82.1,81.9,82.1,20453.15149758,1676774.85264085
2026-06-16 04:15:00,82.1,82.1,80.9,81.1,322524.20207478,26219129.49349772
2026-06-16 04:30:00,81.3,82.1,81.2,82.1,70489.19381852,5756926.75177439
2026-06-16 04:45:00,82.1,82.1,81.1,81.3,48327.6988743,3932402.73163142
2026-06-16 05:00:00,81.5,81.7,81.5,81.7,11479.18700051,936039.85945913
2026-06-16 05:15:00,81.7,81.7,81.7,81.7,394.30941067,32215.07885174
2026-06-16 05:30:00,81.7,81.7,81.7,81.7,49047.263394,4007161.4192898
2026-06-16 05:45:00,81.6,81.6,81.4,81.4,269.85655743,21979.7876671
2026-06-16 06:00:00,81.3,81.4,81.3,81.4,2868.65384586,233228.32273607
2026-06-16 06:30:00,81.4,81.4,81.1,81.1,25680.74692718,2083008.5757943
2026-06-16 06:45:00,81.1,81.6,81.0,81.6,9233.75066572,750064.95227169
2026-06-16 07:00:00,81.5,81.5,81.5,81.5,22279.79473039,1815803.27052679
2026-06-16 07:15:00,81.5,81.5,80.7,80.7,29402.63422288,2384443.65453488
2026-06-16 07:30:00,80.7,80.7,80.5,80.6,178502.846635,14395786.36890498
2026-06-16 07:45:00,80.5,80.5,80.2,80.3,61566.42358243,4944900.21218151
2026-06-16 08:00:00,80.3,80.3,80.3,80.3,300.0,24090.0
2026-06-16 08:15:00,80.4,80.5,80.2,80.5,37352.15656807,3000526.04679062
2026-06-16 08:30:00,80.6,80.6,80.6,80.6,9814.58382765,791055.45650859
2026-06-16 08:45:00,81.3,81.3,81.3,81.3,5579.40959409,453605.99999952
2026-06-16 09:00:00,81.3,81.9,81.3,81.9,44080.27761247,3596429.71083433
2026-06-16 09:15:00,82.0,82.0,81.3,81.6,70929.28744654,5786109.64942135
2026-06-16 09:30:00,81.2,81.6,81.2,81.6,19104.53199356,1552823.87699142
2026-06-16 09:45:00,81.6,81.6,80.7,81.1,102336.91349986,8293324.99390201
2026-06-16 10:00:00,80.9,81.3,80.9,81.2,8357.31394057,676242.57109324
2026-06-16 10:30:00,81.0,81.0,81.0,81.0,5898.78887609,477801.89896329
2026-06-16 10:45:00,81.0,81.0,80.7,81.0,36483.64553858,2953646.30586366
2026-06-16 11:00:00,80.8,81.1,80.7,80.9,20357.80258352,1644400.9877202
2026-06-16 11:15:00,80.6,80.8,80.0,80.3,289142.75751829,23232924.83148242
2026-06-16 11:30:00,80.0,80.6,79.3,79.7,638193.61466526,50891991.62844141
2026-06-16 11:45:00,79.7,79.8,79.4,79.4,155592.40440175,12386958.70585639
2026-06-16 12:00:00,79.6,79.9,79.6,79.9,102437.02574269,8183530.1360937
2026-06-16 12:15:00,80.0,80.7,80.0,80.7,24422.37813847,1961765.069604
2026-06-16 12:30:00,80.5,80.8,80.3,80.8,36545.51926072,2939917.90114161
2026-06-16 12:45:00,81.0,81.0,81.0,81.0,12407.46913579,1005004.99999899
2026-06-16 13:00:00,80.7,80.7,80.7,80.7,1256.345178,101387.0558646
2026-06-16 13:15:00,80.6,81.0,80.6,81.0,5120.23590013,413814.28659546
2026-06-16 13:30:00,80.5,80.8,80.5,80.8,2607.19333028,209910.04997363
2026-06-16 14:00:00,81.0,81.0,81.0,81.0,61.79012345,5004.99999945
2026-06-16 14:15:00,80.8,81.0,80.8,81.0,14059.42214305,1136013.66718313
2026-06-16 14:30:00,80.9,81.2,80.9,81.2,138621.67230182,11228320.69520685
2026-06-16 14:45:00,80.9,81.2,80.9,81.2,7131.48562117,576955.67813196
2026-06-16 15:00:00,81.2,81.2,81.2,81.2,19049.1761317,1546793.10189404
2026-06-16 15:15:00,80.9,81.3,80.9,81.3,93548.44538318,7592051.205722
2026-06-16 15:30:00,81.3,81.3,81.2,81.2,2706.33001994,220000.00007925
2026-06-16 15:45:00,81.5,81.6,81.4,81.4,24942.58496861,2032449.8974054
2026-06-16 16:00:00,81.3,82.6,81.2,81.4,146255.93771802,11971771.57476465
2026-06-16 16:15:00,81.0,81.2,81.0,81.1,14716.45374805,1192875.10118188
2026-06-16 16:30:00,81.4,81.6,81.3,81.3,9106.40010098,740669.57537335
2026-06-16 16:45:00,81.3,81.6,81.3,81.6,22512.5167003,1830286.00846968
2026-06-16 17:00:00,81.6,81.6,81.6,81.6,2387.16960651,194793.03989122
2026-06-16 17:15:00,81.7,81.9,81.7,81.8,25256.88380368,2066270.01635005
2026-06-16 17:30:00,81.8,81.9,81.6,81.6,34022.20964509,2777837.5861463
2026-06-16 17:45:00,81.9,82.5,81.9,82.4,35512.67233237,2919508.90899373
2026-06-16 18:00:00,82.1,82.4,82.1,82.4,8204.47346269,673605.49337423
2026-06-16 18:15:00,81.7,81.9,81.6,81.9,33160.71491465,2707168.28605141
2026-06-16 18:45:00,81.6,81.6,81.6,81.6,61.33578431,5004.9999997
2026-06-16 19:00:00,81.4,81.4,81.3,81.3,10085.32650893,820551.29701876
2026-06-16 19:15:00,81.3,81.3,81.1,81.1,174920.21413212,14206338.09091702
2026-06-16 19:30:00,81.1,81.4,80.9,80.9,77539.92094265,6299264.24255536
2026-06-16 19:45:00,81.4,81.4,81.2,81.2,127.76148648,10386.52999947
2026-06-16 20:00:00,81.4,81.4,81.1,81.1,5135.37811209,416504.999999
2026-06-16 20:15:00,81.1,81.4,80.8,80.8,1936.9194185,156974.27190508
2026-06-16 20:30:00,80.8,81.0,80.7,80.8,57778.96707116,4668697.71635853
2026-06-16 20:45:00,81.0,81.0,81.0,81.0,61.72839506,4999.99999986
2026-06-16 21:00:00,81.0,81.3,81.0,81.3,4348.9650191,352284.63518179
2026-06-16 21:15:00,81.3,81.3,81.2,81.2,24969.17978548,2027546.24236941
2026-06-16 21:30:00,81.4,81.6,81.3,81.3,34177.01445676,2778671.04857289
2026-06-16 21:45:00,81.3,81.3,81.3,81.3,16934.31118093,1376759.49900961
2026-06-16 22:00:00,81.3,81.3,80.7,80.7,2378.81188118,192148.99999934
2026-06-16 22:15:00,80.6,80.6,80.3,80.3,14254.50589688,1148781.51635615
2026-06-16 22:30:00,80.3,80.5,80.2,80.5,26905.1028956,2165290.16347764
2026-06-16 23:00:00,80.5,80.7,80.5,80.7,17521.75842373,1413020.98484421
2026-06-16 23:15:00,80.3,80.3,79.5,79.6,16635.58106402,1326690.70154603
2026-06-16 23:30:00,79.5,79.5,79.3,79.3,87026.69446066,6903169.43500045
2026-06-16 23:45:00,79.8,79.8,79.5,79.5,8200.23266039,652711.14297561
2026-06-17 00:00:00,79.7,79.7,79.7,79.7,628.93081761,50125.78616352
2026-06-17 00:15:00,79.7,79.7,79.7,79.7,5117.25316764,407845.07746091
2026-06-17 00:30:00,79.7,80.1,79.6,80.1,8248.00423882,660350.67412068
2026-06-17 01:30:00,80.0,80.0,80.0,80.0,52166.87196259,4173349.7570072
2026-06-17 01:45:00,80.0,80.0,80.0,80.0,27167.75928741,2173420.7429928
2026-06-17 02:15:00,80.1,80.1,80.1,80.1,12353.37387486,989505.24737629
2026-06-17 02:45:00,80.5,80.8,80.5,80.8,31742.51874062,2555686.75861991
2026-06-17 03:15:00,80.9,80.9,80.9,80.9,13481.82521841,1090679.66016937
2026-06-17 04:45:00,80.1,80.1,80.0,80.0,3970.31522708,317898.6402948
2026-06-17 05:45:00,81.1,81.1,81.1,81.1,61.71393341,5004.99999955
2026-06-17 06:45:00,80.5,80.5,80.5,80.5,621.11801242,49999.99999981
2026-06-17 07:30:00,80.5,80.5,80.5,80.5,18409.9513504,1482001.0837072
2026-06-17 07:45:00,80.1,80.1,79.9,80.0,36273.46502656,2901894.87828299
2026-06-17 08:00:00,80.3,80.4,80.3,80.3,32804.52660841,2637463.93931616
2026-06-17 08:15:00,80.2,80.4,80.2,80.4,10068.08758908,808045.48848746
2026-06-17 08:30:00,80.4,80.5,80.1,80.1,52237.26090044,4200774.37097285
2026-06-17 08:45:00,80.4,84.0,80.1,81.6,961671.19203079,79066391.38367242
2026-06-17 09:00:00,81.6,81.7,80.5,81.1,591363.52320426,47821902.90744151
2026-06-17 09:15:00,81.1,81.8,80.7,81.8,322686.47679832,26138277.32421511
2026-06-17 09:30:00,81.5,81.5,81.5,81.5,73.6196319,5999.99999985
2026-06-17 10:00:00,81.5,82.5,81.5,81.8,20308.06235376,1666859.49790272
2026-06-17 10:15:00,81.9,81.9,81.7,81.8,10994.32280859,899315.60574266
2026-06-17 10:30:00,81.6,81.6,81.1,81.1,143412.55559032,11662658.4281755
2026-06-17 10:45:00,81.8,82.5,81.8,82.3,963.46116359,79152.16125946
2026-06-17 11:00:00,82.3,82.5,82.2,82.5,3730.91768298,307600.40553512
2026-06-17 11:15:00,82.7,83.3,82.7,83.2,8519.97365371,706218.84018657
2026-06-17 11:30:00,83.2,83.2,82.5,82.5,71710.87997176,5931189.92261272
2026-06-17 11:45:00,82.7,82.9,82.7,82.9,21619.06328348,1791569.93969643
2026-06-17 12:00:00,82.9,82.9,82.5,82.6,9571.19949204,791520.48263187
2026-06-17 12:15:00,82.5,82.5,82.1,82.1,30207.11833523,2483473.13003399
2026-06-17 12:30:00,82.1,82.5,82.0,82.0,18625.8967852,1530655.16507973
2026-06-17 12:45:00,81.9,81.9,81.5,81.5,18501.23297397,1509378.84923492
2026-06-17 13:00:00,81.6,82.0,81.6,82.0,1347.86256576,110010.00000016
2026-06-17 13:15:00,81.6,81.7,81.6,81.7,2125.47169215,173444.61615043
2026-06-17 13:45:00,81.8,81.8,81.8,81.8,2010.88077317,164490.04724531
2026-06-17 14:00:00,81.6,81.9,81.6,81.9,6886.43015873,563168.31999999
2026-06-17 14:15:00,81.6,81.6,81.4,81.4,262.4314,21374.40224
2026-06-17 14:30:00,81.4,81.4,81.4,81.4,1228.50122851,100000.00000071
2026-06-17 14:45:00,81.8,81.8,81.8,81.8,61.18581907,5004.99999993
2026-06-17 15:00:00,81.8,81.8,81.8,81.8,31095.00339141,2543571.27741734
2026-06-17 15:30:00,81.5,81.6,81.0,81.5,118068.74753816,9573883.12076758
2026-06-17 15:45:00,81.0,81.0,81.0,81.0,3737.40290348,302729.63518188
2026-06-17 16:00:00,81.3,81.3,81.3,81.3,61.56211562,5004.99999991
2026-06-17 16:15:00,81.8,81.8,81.3,81.3,8122.24601435,664365.07382383
2026-06-17 16:30:00,81.0,81.0,81.0,81.0,26095.15210189,2113707.32025309
2026-06-17 16:45:00,81.3,81.3,80.8,81.3,7240.54752032,586446.32309873
2026-06-17 17:00:00,81.5,81.5,80.8,80.8,6739.72208316,548291.67407346
2026-06-17 17:15:00,80.8,81.2,80.8,81.0,7809.69144348,632382.18263315
2026-06-17 17:30:00,81.0,81.0,80.7,80.7,10536.00876512,852433.14532842
2026-06-17 17:45:00,80.7,81.0,80.5,81.0,78579.84172882,6344814.56407216
2026-06-17 18:00:00,80.5,80.5,80.5,80.5,27667.33981422,2227220.85504471
2026-06-17 18:15:00,80.4,80.9,80.4,80.9,24259.26671515,1954662.16890198
2026-06-17 18:30:00,80.5,80.5,80.4,80.4,40544.54239243,3259822.4597982
2026-06-17 18:45:00,80.5,81.2,80.4,80.4,57386.14608413,4637905.25264423
2026-06-17 19:30:00,81.1,81.1,81.1,81.1,1803.32922318,146249.9999999
2026-06-17 19:45:00,80.6,80.9,80.6,80.9,10309.02348578,830999.9999996
2026-06-17 20:00:00,80.4,80.4,80.0,80.2,96053.30830994,7691849.23574147
2026-06-17 20:15:00,80.0,80.1,80.0,80.1,5763.97567222,461217.74237855
2026-06-17 20:45:00,80.8,80.8,80.8,80.8,309.40594059,24999.99999967
2026-06-17 21:00:00,80.2,80.5,80.2,80.5,44192.91260453,3551386.55189098
2026-06-17 21:15:00,80.6,80.6,80.6,80.6,124.0694789,9999.99999934
2026-06-17 21:30:00,80.2,80.3,80.1,80.1,56688.31558001,4550604.88747188
2026-06-17 21:45:00,80.4,80.4,80.4,80.4,8466.9198791,680740.35827964
2026-06-17 22:00:00,80.4,80.7,80.3,80.5,105112.59001888,8459407.62823626
2026-06-17 22:15:00,80.5,80.5,80.4,80.4,47556.69438445,3823608.22850978
2026-06-17 22:30:00,81.2,81.2,81.2,81.2,3162.42125241,256788.60569569
2026-06-17 22:45:00,81.2,81.2,81.2,81.2,6414.52672678,520859.57021454
2026-06-17 23:00:00,81.3,81.3,81.3,81.3,1209.59003002,98339.66944063
2026-06-17 23:15:00,81.4,81.4,81.2,81.2,207.84212286,16901.3504008
2026-06-17 23:45:00,81.2,81.2,80.4,80.7,87346.65490657,7045871.67427845
2026-06-18 00:00:00,80.8,80.9,80.6,80.6,23996.90241661,1936376.80475619
2026-06-18 00:15:00,81.6,81.6,81.3,81.3,9501.70322678,772528.47233721
2026-06-18 00:30:00,81.6,81.7,81.6,81.7,681.00367197,55630.99999995
2026-06-18 00:45:00,81.8,81.9,81.8,81.9,319.03011087,26108.87308138
2026-06-18 01:00:00,81.7,81.7,81.7,81.7,100.0,8170.0
2026-06-18 01:15:00,82.0,82.0,82.0,82.0,410.70654479,33677.93667278
2026-06-18 01:45:00,82.0,82.1,81.8,81.9,64863.56331894,5320703.28283945
2026-06-18 02:00:00,81.8,81.8,81.5,81.5,88780.13381364,7261494.42352761
2026-06-18 02:15:00,81.8,81.8,81.7,81.7,6717.48337498,549074.20070214
2026-06-18 02:30:00,81.7,81.7,81.6,81.6,4985.42333163,407239.70798221
2026-06-18 02:45:00,81.5,81.6,81.4,81.6,9823.50578752,800916.32769479
2026-06-18 03:00:00,81.7,81.7,80.3,80.9,26414.40291838,2135890.50838428
2026-06-18 03:15:00,80.9,80.9,80.9,80.9,12360.93943139,999999.99999945
2026-06-18 03:30:00,81.3,81.5,81.0,81.5,11211.28322086,910946.46165839
2026-06-18 03:45:00,81.5,81.5,81.5,81.5,1196.3190184,97499.9999996
2026-06-18 04:15:00,80.9,81.0,80.1,80.1,110313.12465269,8895297.58997317
2026-06-18 04:30:00,80.4,80.5,79.8,80.1,328976.62227102,26274456.12273018
2026-06-18 04:45:00,80.4,80.5,80.4,80.5,6422.74575791,516981.03351176
2026-06-18 05:15:00,80.6,80.6,80.6,80.6,62.65409429,5049.91999977
2026-06-18 05:30:00,80.4,80.4,80.4,80.4,1220.01359452,98089.09299941
2026-06-18 05:45:00,80.8,80.8,80.8,80.8,61.9430693,5004.99999944
2026-06-18 06:30:00,80.5,80.8,79.9,80.0,65963.39030676,5296313.48677622
2026-06-18 06:45:00,79.9,79.9,79.7,79.8,59127.15325859,4718327.07213035
2026-06-18 07:00:00,79.8,79.9,79.5,79.9,75103.19679945,5986047.48101432
2026-06-18 07:15:00,80.1,80.4,80.0,80.4,13787.95858387,1103594.85321986
2026-06-18 07:45:00,80.4,80.5,79.9,79.9,22562.57137992,1809849.17007038
2026-06-18 08:00:00,80.2,80.4,80.2,80.4,633.68391211,50833.89999998
2026-06-18 08:15:00,80.6,80.7,80.3,80.3,12958.84569941,1045386.04326627
2026-06-18 08:30:00,80.8,80.8,80.8,80.8,70.0,5656.0
2026-06-18 09:00:00,80.8,80.8,80.5,80.5,186.0125482,14992.59305089
2026-06-18 09:15:00,80.8,80.8,80.6,80.6,1339.91453331,108009.49999865
2026-06-18 09:30:00,80.9,81.7,80.9,81.3,227661.89384845,18525574.91321238
2026-06-18 09:45:00,80.9,81.0,80.9,81.0,14845.14760147,1202336.76485598
2026-06-18 10:30:00,80.5,80.6,80.5,80.6,1371.74835495,110438.16493372
2026-06-18 10:45:00,80.4,80.4,80.2,80.2,11081.94722518,888802.16745944
2026-06-18 11:00:00,80.3,80.3,80.1,80.1,13411.31087348,1074276.00096575
2026-06-18 11:45:00,80.7,81.0,80.6,81.0,13235.19777113,1068092.78748981
2026-06-18 12:15:00,80.3,80.3,80.1,80.1,10693.57507557,856593.16655316
2026-06-18 12:30:00,80.1,80.2,79.3,79.3,474676.42857859,37859971.32997171
2026-06-18 13:00:00,79.6,79.9,79.4,79.4,101802.11811917,8119917.50857313
2026-06-18 13:15:00,79.4,79.8,79.2,79.8,43535.77192507,3453844.41995867
2026-06-18 13:30:00,79.2,79.5,78.9,78.9,110080.06016264,8703843.96394331
2026-06-18 13:45:00,78.9,79.1,78.7,79.1,30503.01510479,2403766.39264838
2026-06-18 14:00:00,78.7,78.7,78.0,78.3,171083.8718259,13356144.36458673
2026-06-18 14:15:00,78.5,78.5,78.5,78.5,63694.26751592,4999999.99999972
2026-06-18 14:45:00,78.6,78.6,78.6,78.6,87765.55599481,6898372.70119207
2026-06-18 15:15:00,78.6,78.6,78.5,78.5,300.0,23570.0
2026-06-18 15:30:00,78.9,78.9,78.9,78.9,13489.83576091,1064348.0415358
2026-06-18 15:45:00,78.9,79.1,78.9,79.1,126.70906379,10010.00000029
2026-06-18 16:00:00,78.9,78.9,78.9,78.9,2309.0,182180.1
2026-06-18 16:15:00,79.3,79.7,79.1,79.7,56363.63602904,4474895.72180271
2026-06-18 16:30:00,79.7,79.7,79.7,79.7,400.0,31880.0
2026-06-18 16:45:00,79.6,79.6,79.4,79.4,16804.74039709,1335996.86156866
2026-06-18 17:00:00,79.4,79.6,79.2,79.6,326.07132887,25880.00000027
2026-06-18 17:15:00,79.1,79.4,79.1,79.4,16331.04999786,1291804.96541007
2026-06-18 18:15:00,79.4,79.4,79.4,79.4,4423.61816572,351235.28235817
2026-06-18 18:45:00,79.4,79.7,79.2,79.2,10505.60014547,832869.0909479
2026-06-18 19:00:00,79.2,79.2,79.0,79.0,40963.9214902,3241232.33391748
2026-06-18 19:15:00,78.9,79.2,78.9,79.2,10978.38311937,866232.30690617
2026-06-18 19:30:00,79.0,79.0,78.9,78.9,37952.82563311,2995328.87409795
2026-06-18 20:15:00,78.9,79.1,78.9,79.1,85011.27188535,6707476.64180425
2026-06-18 20:30:00,78.8,78.8,78.6,78.6,22729.43261699,1786571.49088638
2026-06-18 20:45:00,78.6,78.6,78.6,78.6,55441.97279668,4357739.06181905
2026-06-18 21:00:00,78.6,78.6,78.3,78.3,38054.57702964,2980827.03197399
2026-06-18 21:15:00,78.6,79.2,78.6,79.2,68301.44586127,5378135.31369582
2026-06-18 21:30:00,78.8,78.8,78.7,78.7,35736.4279789,2815120.52473732
2026-06-18 21:45:00,78.9,78.9,78.9,78.9,3060.0,241434.0
2026-06-18 22:15:00,79.0,79.1,78.7,79.1,69385.92264265,5469211.74137269
2026-06-18 22:30:00,78.7,78.7,78.0,78.0,19784.61436817,1547539.81409134
2026-06-18 22:45:00,77.9,78.1,77.9,78.0,27419.18294571,2139854.49639504
2026-06-18 23:00:00,78.1,78.1,77.9,77.9,9777.80317495,762945.70371132
2026-06-18 23:15:00,78.0,78.8,78.0,78.4,116776.31569828,9175677.05193594
2026-06-18 23:30:00,78.8,78.8,78.8,78.8,63.51522842,5004.9999995
2026-06-18 23:45:00,77.9,78.3,77.9,78.3,9199.67770913,717887.24270683
2026-06-19 00:00:00,78.3,78.3,78.3,78.3,6385.69604086,499999.99999934
2026-06-19 00:15:00,77.8,77.8,77.0,77.5,124890.96808738,9669355.48028374
2026-06-19 00:30:00,77.4,77.4,76.4,76.4,136730.74369948,10455886.12688839
2026-06-19 00:45:00,76.3,76.4,75.5,75.5,245769.75665492,18720053.74205126
2026-06-19 01:00:00,75.5,75.7,75.5,75.7,168725.39505598,12743018.00298227
2026-06-19 01:15:00,76.2,76.2,76.1,76.1,422.3612,32148.68732
2026-06-19 01:30:00,75.7,76.2,75.7,76.1,257.37003627,19542.92197041
2026-06-19 01:45:00,76.1,76.1,76.1,76.1,1314.06044679,100000.00000072
2026-06-19 02:00:00,76.1,76.1,75.8,75.8,20752.68789152,1573143.74217722
2026-06-19 02:15:00,75.7,75.7,75.5,75.7,34900.22168839,2641305.16884278
2026-06-19 02:30:00,76.0,76.3,75.9,75.9,3565.07511997,271210.33702298
2026-06-19 03:15:00,75.9,75.9,75.9,75.9,447.0308,33929.63772
2026-06-19 04:30:00,76.1,76.1,76.1,76.1,2140.96955314,162927.78299395
2026-06-19 05:00:00,77.0,77.0,77.0,77.0,202.86618768,15620.69645136
2026-06-19 06:15:00,76.4,76.5,76.4,76.5,5569.0,425628.5
2026-06-19 06:30:00,77.0,77.0,76.7,76.8,448.25223608,34418.76653614
2026-06-19 07:00:00,76.7,76.7,76.6,76.6,35477.65188111,2719436.66484721
2026-06-19 07:15:00,76.4,76.4,76.1,76.2,15205.00283468,1159718.74491778
2026-06-19 07:30:00,76.2,76.2,76.2,76.2,87765.55599481,6687735.36680452
2026-06-19 07:45:00,76.5,76.6,76.3,76.6,38012.18890788,2900708.46739124
2026-06-19 08:00:00,76.2,76.2,76.2,76.2,786.22703412,59910.49999994
2026-06-19 08:15:00,76.1,76.2,76.1,76.2,20085.14253308,1529246.24580346
2026-06-19 08:30:00,76.3,76.3,76.2,76.2,216644.9242911,16514893.03602687
2026-06-19 08:45:00,76.3,76.7,76.3,76.7,8437.44324143,645969.99940036
2026-06-19 09:00:00,76.6,76.6,76.6,76.6,15000.0,1149000.0
2026-06-19 09:15:00,76.6,76.6,76.6,76.6,3225.11287895,247043.64652757
2026-06-19 09:30:00,76.9,76.9,76.9,76.9,715.13654096,54993.99999982
2026-06-19 09:45:00,76.9,76.9,76.9,76.9,975.87776331,75044.99999854
2026-06-19 10:00:00,77.0,77.1,76.9,76.9,606.1421369,46645.3173406
2026-06-19 10:15:00,76.9,77.1,76.7,77.1,39077.83282111,3012753.88639939
2026-06-19 10:30:00,77.1,77.1,77.1,77.1,90.79118028,6999.99999959
2026-06-19 10:45:00,77.1,77.1,77.1,77.1,5561.1285,428763.00735
2026-06-19 11:00:00,77.2,77.4,77.2,77.4,2384.82193722,184550.23208705
2026-06-19 11:15:00,76.8,76.8,76.8,76.8,38259.151674,2938302.8485632
2026-06-19 12:00:00,76.8,76.8,76.7,76.7,7953.69822057,610201.92396044
2026-06-19 12:15:00,76.6,76.6,75.6,76.4,251654.75226752,19128494.32207601
2026-06-19 12:30:00,76.0,76.0,75.9,75.9,35658.95076597,2706588.53418975
2026-06-19 12:45:00,76.0,76.0,76.0,76.0,4910.18519687,373174.07496212
2026-06-19 13:00:00,76.0,76.0,76.0,76.0,2799.95263157,212796.39999932
2026-06-19 13:15:00,76.5,76.5,76.5,76.5,1046.0,80019.0
2026-06-19 13:30:00,76.0,76.0,75.4,75.6,24683.53729583,1865037.9058959
2026-06-19 13:45:00,75.6,75.6,75.1,75.5,20867.93218444,1568547.04952859
2026-06-19 14:00:00,75.4,75.6,75.1,75.6,137957.1340506,10387176.12940157
2026-06-19 14:15:00,75.6,75.6,75.1,75.6,114806.64558703,8640742.20253775
2026-06-19 14:30:00,75.6,75.6,75.2,75.3,18158.26042233,1369617.32666744
2026-06-19 14:45:00,75.6,75.7,75.5,75.7,31791.08065636,2403944.43876171
2026-06-19 15:00:00,75.7,76.1,75.7,76.0,205380.86326325,15601382.43744308
2026-06-19 15:15:00,76.0,76.9,76.0,76.9,201457.31131859,15414306.0237389
2026-06-19 15:30:00,76.8,76.8,76.6,76.6,65490.62691514,5016600.25086639
2026-06-19 15:45:00,76.6,76.9,76.6,76.9,76504.8495875,5864389.93254793
2026-06-19 16:00:00,76.7,76.7,76.6,76.6,62254.25469941,4774525.24088757
2026-06-19 16:15:00,76.7,76.7,76.6,76.6,54737.95759873,4194487.55206272
2026-06-19 16:30:00,76.7,76.7,76.6,76.6,700956.44400501,53695041.33630217
2026-06-19 16:45:00,76.7,77.5,76.6,77.5,804964.57454456,62167967.06136901
2026-06-19 17:00:00,77.4,77.6,77.2,77.6,235836.7492018,18247774.55721735
2026-06-19 17:15:00,77.7,78.1,77.7,77.9,71366.75674077,5562391.95636908
2026-06-19 17:30:00,77.9,78.2,77.9,77.9,39444.34036821,3073484.33291205
2026-06-19 17:45:00,78.1,78.2,77.9,78.1,57478.01142226,4494635.96615901
2026-06-19 18:00:00,77.8,77.8,77.5,77.5,177781.85749428,13810581.69005709
2026-06-19 18:15:00,77.4,77.4,77.4,77.4,3720.0,287928.0
2026-06-19 18:30:00,77.8,78.2,77.8,78.1,77364.1147478,6039062.93512894
2026-06-19 18:45:00,78.0,78.2,78.0,78.2,66778.33314248,5208809.98511344
2026-06-19 19:00:00,78.4,78.4,78.2,78.2,1110.94437774,87072.46376725
2026-06-19 19:15:00,78.2,78.5,78.2,78.5,29070.48093893,2275315.77060144
2026-06-19 19:30:00,78.8,79.3,78.5,78.8,88657.42357192,6997507.68255862
2026-06-19 19:45:00,78.9,79.2,78.7,79.0,74780.18185765,5909638.08094302
2026-06-19 20:00:00,79.0,79.0,78.4,78.4,730.39040681,57462.23106418
2026-06-19 20:15:00,78.3,79.5,78.2,79.5,256751.20732683,20210292.32382294
2026-06-19 20:30:00,79.6,80.0,79.2,79.2,352752.64917764,28071044.65481238
2026-06-19 20:45:00,79.2,79.2,78.2,78.2,185413.51423432,14532038.78876965
2026-06-19 21:00:00,78.5,78.5,77.6,77.7,62478.68960113,4867312.77042756
2026-06-19 21:15:00,77.6,77.6,77.6,77.6,16278.9921998,1263249.79470448
2026-06-19 21:30:00,77.7,77.9,77.7,77.9,18276.98837047,1420134.83335599
2026-06-19 21:45:00,77.5,77.9,77.4,77.9,9465.88476466,735394.82185924
2026-06-19 22:00:00,78.7,78.7,78.7,78.7,6000.0,472200.0
2026-06-19 22:15:00,78.6,78.7,78.6,78.7,101127.2264631,7953736.07839837
2026-06-19 22:30:00,79.0,79.0,78.3,78.3,111119.41350052,8720776.84756682
2026-06-19 22:45:00,78.7,78.8,78.7,78.8,3574.74006953,281357.93179689
2026-06-19 23:15:00,78.7,79.0,78.7,79.0,37281.37543801,2936703.20741333
2026-06-19 23:30:00,78.8,78.8,78.8,78.8,6329.11392405,498734.17721514
2026-06-19 23:45:00,78.5,78.5,78.3,78.3,62467.34110675,4897888.06055273
2026-06-20 00:00:00,78.6,78.7,78.6,78.7,222023.5328305,17471828.67379797
2026-06-20 00:30:00,78.9,79.0,78.9,79.0,23024.93980975,1816680.72338962
2026-06-20 00:45:00,79.0,79.0,79.0,79.0,139.24050632,10999.99999928
2026-06-20 01:00:00,78.6,78.8,78.4,78.8,108844.18234801,8547749.48004757
2026-06-20 01:15:00,79.0,79.5,79.0,79.5,12442.56564236,987031.25101037
2026-06-20 01:30:00,79.5,79.5,78.8,78.8,49590.12759686,3907790.10494703
2026-06-20 01:45:00,78.4,78.4,78.1,78.1,26925.1016665,2110471.35043162
2026-06-20 02:15:00,79.1,79.1,78.1,78.1,80931.37686939,6343869.25425948
2026-06-20 02:30:00,78.4,78.5,78.4,78.5,2010.26389245,157754.49916808
2026-06-20 02:45:00,78.4,78.5,78.4,78.5,9864.18234801,773453.89608398
2026-06-20 03:30:00,77.8,78.2,77.8,78.0,52678.07868264,4108758.5458572
2026-06-20 03:45:00,77.9,77.9,77.9,77.9,12205.89296,950839.061584
2026-06-20 04:15:00,77.9,77.9,77.8,77.8,54196.64277535,4217076.05799668
2026-06-20 06:30:00,77.8,77.8,77.8,77.8,2056.55526992,159999.99999978
2026-06-20 07:45:00,77.8,77.8,77.8,77.8,5360.86624203,417075.39362993
2026-06-20 08:00:00,77.8,77.8,77.8,77.8,246.74306983,19196.61083277
2026-06-20 08:30:00,77.9,77.9,77.9,77.9,20445.16102958,1592678.04420428
2026-06-20 08:45:00,77.9,77.9,77.9,77.9,9694.85160332,755228.93989863
2026-06-20 09:00:00,78.3,78.5,77.9,78.5,146368.13200867,11458719.8732592
2026-06-20 09:15:00,78.5,80.8,78.5,80.8,690875.28772084,55048215.27061311
2026-06-20 09:30:00,80.8,81.4,79.6,79.8,1023746.18736044,82031626.39464945
2026-06-20 09:45:00,79.9,87.9,79.2,79.3,9798714.87793448,810853610.2343408
2026-06-20 10:00:00,79.3,80.6,79.1,80.2,2145616.36933199,170885636.04349104
2026-06-20 10:15:00,80.2,80.4,79.9,80.1,288183.33273534,23077688.45673481
2026-06-20 10:30:00,80.2,82.2,80.1,82.0,1247450.33292944,101589582.43672676
2026-06-20 10:45:00,82.0,83.0,81.2,82.3,851476.50583938,69747880.09088226
2026-06-20 11:00:00,82.5,84.0,81.9,82.6,3883534.41087245,322071455.60977376
2026-06-20 11:15:00,82.6,83.3,81.2,82.7,1452301.06537919,119357928.95289928
2026-06-20 11:30:00,82.6,82.8,80.9,80.9,1017318.33368517,83035396.0442059
2026-06-20 11:45:00,81.0,81.7,80.7,80.7,447616.53301534,36351872.13032355
2026-06-20 12:00:00,80.7,81.4,80.5,81.4,361965.63052346,29319305.01552555
2026-06-20 12:15:00,81.5,83.2,81.1,83.0,1540174.20794062,126820312.44092274
2026-06-20 12:30:00,82.6,82.8,81.3,81.3,877435.53946893,71851658.97104403
2026-06-20 12:45:00,81.3,81.5,80.9,81.1,413876.97146852,33549383.92665995
2026-06-20 13:00:00,81.0,82.2,80.7,81.5,551027.66189804,44846196.26871982
2026-06-20 13:15:00,81.5,82.6,81.5,82.2,415698.15735858,34137689.9770913
2026-06-20 13:30:00,82.2,82.9,81.9,81.9,1236921.94151734,101962254.16397806
2026-06-20 13:45:00,82.0,82.3,81.9,82.2,227251.37625101,18657610.5618785
2026-06-20 14:00:00,82.2,83.3,82.0,82.9,303632.90877958,25131669.3030862
2026-06-20 14:15:00,83.0,83.2,82.2,82.6,374411.99122275,30900220.62345197
2026-06-20 14:30:00,82.2,82.4,82.1,82.1,141705.56894941,11638728.55512421
2026-06-20 14:45:00,82.0,82.3,81.6,82.0,240015.9392069,19632122.35239876
2026-06-20 15:00:00,82.0,82.2,81.3,81.6,549780.91021672,44908672.80330158
2026-06-20 15:15:00,81.6,81.9,81.2,81.6,458293.23463763,37361936.72424697
2026-06-20 15:30:00,81.6,81.9,81.6,81.9,3557.6068376,290667.01831446
2026-06-20 15:45:00,82.2,82.2,81.9,81.9,29057.57587726,2384845.68302099
2026-06-20 16:00:00,81.9,82.1,81.3,81.6,130552.85147706,10659508.47472582
2026-06-20 16:15:00,81.5,81.7,81.5,81.7,47914.38251463,3908636.88803616
2026-06-20 16:30:00,81.6,81.7,81.3,81.5,199388.25702892,16219044.86649502
2026-06-20 16:45:00,81.5,81.5,80.4,80.7,884173.9620994,71449504.62965432
2026-06-20 17:00:00,80.6,80.9,80.4,80.8,92402.2810036,7455820.97126186
2026-06-20 17:15:00,80.8,80.8,79.8,79.8,671581.61943256,53814282.65816567
2026-06-20 17:30:00,79.9,80.5,79.9,80.2,162029.42161747,12952384.68390756
2026-06-20 17:45:00,80.2,80.3,80.2,80.3,108659.04567869,8720344.10204211
2026-06-20 18:00:00,80.5,80.8,80.5,80.8,107312.53004802,8642665.23599432
2026-06-20 18:15:00,80.9,80.9,80.6,80.9,15527.59552646,1254636.3598434
2026-06-20 18:30:00,80.7,80.8,80.6,80.8,106711.74226433,8610204.20747585
2026-06-20 18:45:00,81.0,81.0,80.7,80.8,7162.06154555,578934.39451397
2026-06-20 19:00:00,80.7,81.0,80.6,81.0,24901.0356513,2014395.85525928
2026-06-20 19:15:00,81.0,81.0,80.6,80.6,43251.90367993,3494838.19959273
2026-06-20 19:30:00,80.6,80.6,80.1,80.3,238861.94369978,19148585.77657544
2026-06-20 19:45:00,80.2,80.3,80.2,80.3,60991.68588311,4892675.63782542
2026-06-20 20:00:00,80.3,80.5,80.3,80.3,41776.55435879,3354781.91501084
2026-06-20 20:15:00,80.3,80.3,80.1,80.1,101595.16424699,8141816.42859749
2026-06-20 20:30:00,80.1,80.3,79.8,80.3,93402.52835077,7469740.41460372
2026-06-20 20:45:00,80.1,80.3,80.1,80.1,35736.20704234,2863090.05890437
2026-06-20 21:00:00,80.3,80.3,80.3,80.3,457.96528883,36774.61269305
2026-06-20 21:30:00,80.1,80.1,80.0,80.1,140351.68694508,11235195.79409929
2026-06-20 21:45:00,80.1,80.2,80.0,80.2,77307.14683189,6187208.0421016
2026-06-20 22:00:00,80.2,80.2,79.9,80.2,62443.58825397,4993248.29284553
2026-06-20 22:15:00,80.1,80.4,79.1,79.1,1421209.08082343,112769612.96223363
2026-06-20 22:30:00,79.4,79.4,79.0,79.0,141994.33326525,11227039.81039847
2026-06-20 22:45:00,79.0,79.3,79.0,79.2,39186.84657047,3101817.67044815
2026-06-20 23:00:00,79.1,79.1,78.3,78.3,262498.7246899,20594710.61329911
2026-06-20 23:15:00,78.4,78.8,78.3,78.7,250013.1820881,19592941.07568753
2026-06-20 23:30:00,78.7,78.8,78.6,78.8,55292.20887637,4353806.69570453
2026-06-20 23:45:00,78.8,79.7,78.7,79.4,133538.22459208,10571859.03421217
2026-06-21 00:00:00,79.5,79.5,79.5,79.5,14884.0,1183278.0
2026-06-21 00:15:00,79.7,80.3,79.7,80.2,87355.14931471,6994864.83047767
2026-06-21 00:30:00,80.0,80.0,80.0,80.0,3911.23323373,312898.6586984
2026-06-21 00:45:00,79.9,79.9,79.9,79.9,3631.12561365,290126.93653064
2026-06-21 01:00:00,79.6,79.8,79.6,79.8,16681.09391001,1328090.7378928
2026-06-21 01:15:00,79.8,79.8,79.2,79.2,155007.69640626,12303124.0854131
2026-06-21 01:30:00,79.2,79.2,79.2,79.2,28193.46600958,2232922.50795874
2026-06-21 01:45:00,79.5,79.9,79.5,79.9,14491.26004892,1152205.36162381
2026-06-21 02:15:00,79.9,79.9,79.5,79.8,9473.88396608,756040.63044654
2026-06-21 02:30:00,79.4,79.4,79.0,79.0,39201.96289604,3099411.48796601
2026-06-21 02:45:00,79.6,79.7,79.6,79.6,19534.68200752,1556202.68779859
2026-06-21 03:00:00,79.7,79.9,79.5,79.6,31541.06968235,2513916.38398112
2026-06-21 03:15:00,79.6,79.9,79.6,79.9,9972.60918638,794820.81601682
2026-06-21 03:30:00,79.7,79.7,79.7,79.7,15929.71894604,1269598.59999939
2026-06-21 03:45:00,79.6,79.7,79.6,79.7,39257.7262468,3125040.47975971
2026-06-21 04:00:00,79.7,79.7,79.5,79.5,10577.78918106,841185.18092313
2026-06-21 04:15:00,79.5,79.5,79.5,79.5,16198.21069182,1287757.74999969
2026-06-21 04:45:00,79.7,79.7,79.5,79.5,19014.14337868,1514166.11444099
2026-06-21 05:00:00,79.7,79.7,79.7,79.7,2533.50062735,201919.9999998
2026-06-21 05:30:00,79.1,79.1,78.9,78.9,15469.35886735,1223119.58628197
2026-06-21 06:00:00,79.0,79.0,78.6,79.0,265064.37125632,20880852.48263071
2026-06-21 06:30:00,79.1,79.1,79.1,79.1,4939.76190476,390735.16666652
2026-06-21 06:45:00,79.1,79.1,79.1,79.1,252.84450064,20000.00000062
2026-06-21 07:00:00,79.5,79.5,79.5,79.5,25360.73666564,2016178.56491838
2026-06-21 07:30:00,79.7,79.7,79.5,79.5,11749.89304384,935046.48343459
2026-06-21 07:45:00,79.5,79.5,79.5,79.5,2746.94968553,218382.49999964
2026-06-21 08:00:00,79.5,79.7,79.5,79.7,60740.39642662,4828874.06296773
2026-06-21 08:15:00,79.7,79.7,79.6,79.6,27559.43408327,2196346.71239139
2026-06-21 08:30:00,79.7,79.7,79.7,79.7,18033.51774551,1437271.36431715
2026-06-21 08:45:00,79.7,79.9,79.7,79.9,107418.73409898,8572164.55119569
2026-06-21 09:00:00,79.9,79.9,79.0,79.2,485902.45073795,38557854.86867799
2026-06-21 09:15:00,79.0,79.2,78.5,78.9,502116.69547313,39569708.35152919
2026-06-21 09:30:00,78.9,78.9,78.6,78.9,127400.45553758,10025235.30295039
2026-06-21 09:45:00,78.6,78.9,78.6,78.7,152868.55871591,12041496.57964612
2026-06-21 10:00:00,78.9,78.9,78.8,78.8,20981.09031489,1654855.96568908
2026-06-21 10:15:00,78.9,79.0,78.6,79.0,75544.72161738,5957593.57485438
2026-06-21 10:30:00,79.4,79.5,79.4,79.4,90662.97258595,7199664.32898481
2026-06-21 10:45:00,79.5,79.5,79.4,79.4,8225.39699069,653436.1437023
2026-06-21 11:00:00,79.4,79.5,79.4,79.4,14157.45122809,1124227.57209473
2026-06-21 11:15:00,79.4,79.5,79.2,79.2,79108.51856316,6276621.48290018
2026-06-21 11:30:00,79.3,79.3,79.2,79.2,65868.26866977,5217145.18886016
2026-06-21 12:00:00,79.2,79.2,79.2,79.2,3787.87878786,299999.99999851
2026-06-21 12:15:00,79.0,79.0,79.0,79.0,39725.05707637,3138279.50903323
2026-06-21 12:30:00,79.0,79.1,78.8,79.1,169553.71414633,13384948.3921566
2026-06-21 12:45:00,78.9,79.0,78.8,78.9,10693.11335251,843825.00306338
2026-06-21 13:00:00,78.9,78.9,78.8,78.8,21203.04506433,1671306.92191838
2026-06-21 13:15:00,78.8,79.0,78.6,79.0,14965.25518019,1177068.52330056
2026-06-21 13:30:00,79.0,79.0,79.0,79.0,5344.88906132,422246.23584428
2026-06-21 13:45:00,79.0,79.0,79.0,79.0,9515.63634055,751735.27090345
2026-06-21 14:00:00,79.0,79.2,78.6,79.2,70919.20215708,5577200.5530612
2026-06-21 14:15:00,79.1,80.2,79.0,79.8,147963.74751296,11777552.29561296
2026-06-21 14:30:00,79.8,79.8,79.3,79.5,54605.27863212,4346797.21566842
2026-06-21 14:45:00,79.2,79.2,78.9,79.0,45695.38067391,3610350.26770213
2026-06-21 15:00:00,79.0,79.0,78.7,78.7,37298.19740994,2945030.61629448
2026-06-21 15:15:00,79.1,79.1,79.1,79.1,12122.6,958897.66
2026-06-21 15:30:00,79.1,79.1,79.1,79.1,28651.39643691,2266325.45815958
2026-06-21 16:00:00,79.1,79.1,79.1,79.1,18793.52377021,1486567.73022361
2026-06-21 16:15:00,79.0,79.0,79.0,79.0,9860.75949366,778999.99999914
2026-06-21 16:30:00,79.4,79.4,79.4,79.4,2518.89168765,199999.99999941
2026-06-21 16:45:00,79.5,79.5,79.5,79.5,1257.86163522,99999.99999999
2026-06-21 17:00:00,79.3,79.7,79.3,79.7,6176.4594,489818.82640494
2026-06-21 17:15:00,79.4,79.4,79.2,79.2,3857.87878787,305557.9999993
2026-06-21 17:30:00,78.9,78.9,78.9,78.9,17479.42114378,1379126.32824424
2026-06-21 17:45:00,79.1,79.2,79.1,79.2,17311.59602672,1369524.04571355
2026-06-21 18:00:00,79.5,79.5,79.1,79.1,5819.60413381,461211.66539161
2026-06-21 18:15:00,79.0,79.0,79.0,79.0,12179.06576825,962146.19569175
2026-06-21 18:45:00,79.6,80.1,79.3,79.4,74446.39688058,5934957.92091475
2026-06-21 19:00:00,79.4,79.8,79.4,79.7,208.11980805,16573.25287382
2026-06-21 19:15:00,79.7,79.7,79.7,79.7,1254.70514429,99999.99999991
2026-06-21 19:30:00,79.8,79.8,79.8,79.8,1253.13283208,99999.99999998
2026-06-21 19:45:00,79.5,79.5,79.4,79.4,17056.99191985,1354395.8021117
2026-06-21 20:15:00,79.4,79.4,79.3,79.3,25346.32271221,2012481.02394947
2026-06-21 20:30:00,79.0,79.1,79.0,79.1,10016.17884442,791530.97320981
2026-06-21 20:45:00,79.0,79.0,78.8,78.8,4387.1279485,346274.57204961
2026-06-21 21:00:00,79.1,79.1,79.1,79.1,28335.94500632,2241373.24999991
2026-06-21 21:15:00,78.9,78.9,78.8,78.8,34999.20016273,2758203.18089402
2026-06-21 21:30:00,78.9,79.0,78.9,79.0,12778.22379042,1009460.45706414
2026-06-21 21:45:00,79.0,79.1,79.0,79.1,69901.11047918,5528019.15322063
2026-06-21 22:00:00,79.4,79.4,79.4,79.4,1435.76826196,113999.99999962
2026-06-21 22:15:00,79.5,79.5,79.1,79.5,1637.50140872,130105.16812671
2026-06-21 22:45:00,79.5,79.5,79.5,79.5,3941.30675621,313333.8871187
2026-06-21 23:15:00,79.4,79.5,79.4,79.5,24809.99740775,1971233.80719933
2026-06-21 23:30:00,79.2,79.5,79.2,79.4,11184.04444767,887524.82530597
2026-06-21 23:45:00,79.4,79.4,79.4,79.4,169.984,13496.7296
2026-06-22 00:00:00,79.5,79.9,79.5,79.6,38931.59706473,3095930.71632762
2026-06-22 00:15:00,79.6,79.6,79.6,79.6,2.4e-07,1.91e-05
2026-06-22 00:30:00,79.6,79.6,79.6,79.6,100.0,7960.0
2026-06-22 01:00:00,79.6,80.4,79.6,79.7,147420.94953597,11809499.80597641
2026-06-22 01:15:00,79.4,79.6,79.4,79.6,14907.712045,1184695.70700825
2026-06-22 01:30:00,79.4,79.4,79.4,79.4,251.2562814,19949.74874316
2026-06-22 01:45:00,79.7,79.7,79.7,79.7,502.0,40009.4
2026-06-22 02:00:00,80.0,80.0,80.0,80.0,25718.47216354,2057477.7730832
2026-06-22 02:15:00,79.7,79.7,79.7,79.7,12960.04727713,1032915.76798726
2026-06-22 03:15:00,79.5,79.5,79.5,79.5,85.54728877,6801.00945722
2026-06-22 03:30:00,79.7,79.7,79.7,79.7,132.7615374,10581.09453078
2026-06-22 04:15:00,79.7,79.7,79.7,79.7,376.41154328,29999.99999942
2026-06-22 04:45:00,79.4,79.4,79.4,79.4,378.0,30013.2
2026-06-22 05:15:00,79.0,79.0,78.9,78.9,1480.2397796,116903.57683829
2026-06-22 05:30:00,78.9,78.9,78.9,78.9,253.48542459,20000.00000015
2026-06-22 05:45:00,78.9,78.9,78.7,78.7,827.90208769,65278.98491813
2026-06-22 06:00:00,78.6,78.6,77.4,77.9,683577.18147082,53145318.98176297
2026-06-22 06:15:00,77.7,78.0,77.5,77.9,40970.06967829,3186357.3743243
2026-06-22 06:30:00,78.0,78.1,78.0,78.1,5419.3933282,422741.7984196
2026-06-22 06:45:00,78.1,78.1,78.1,78.1,3945.32567262,308129.93503162
2026-06-22 07:00:00,77.8,77.8,77.7,77.7,31648.80940715,2461842.8427849
2026-06-22 07:15:00,77.7,77.7,77.6,77.6,41149.01239648,3195705.45823778
2026-06-22 07:30:00,77.6,77.7,76.6,77.0,962648.36428786,73857541.35774325
2026-06-22 07:45:00,77.0,77.3,76.9,77.3,245973.74066323,18949320.76081108
2026-06-22 08:00:00,77.0,77.0,76.7,76.7,110023.04973461,8454467.16808144
2026-06-22 08:15:00,76.7,76.7,76.4,76.6,83344.99755868,6380505.43147261
2026-06-22 08:30:00,76.3,76.7,76.1,76.3,119984.55293677,9146695.9420692
2026-06-22 08:45:00,76.3,76.4,76.0,76.0,76657.73727906,5848196.92199883
2026-06-22 09:00:00,76.0,76.5,75.8,76.5,194473.29951147,14829275.46257078
2026-06-22 09:15:00,76.7,76.9,76.6,76.8,55418.12724958,4256302.16049032
2026-06-22 09:30:00,76.9,77.3,76.9,77.1,231034.49515437,17799268.89329434
2026-06-22 09:45:00,77.4,77.5,77.3,77.5,33968.4761854,2625901.93547968
2026-06-22 10:00:00,77.5,77.5,77.1,77.1,45622.64464477,3533723.75060697
2026-06-22 10:15:00,77.4,78.1,77.4,78.1,39883.41103187,3109689.7444915
2026-06-22 10:30:00,77.8,77.8,77.7,77.8,2377.26021747,184739.47855251
2026-06-22 10:45:00,78.0,78.1,78.0,78.1,1841.80695579,143760.94255162
2026-06-22 11:00:00,78.0,78.0,77.7,77.7,25206.58613374,1963500.01826168
2026-06-22 11:15:00,77.8,77.8,77.8,77.8,244.89040822,19052.47375952
2026-06-22 11:30:00,77.8,77.8,77.6,77.6,6318.81478641,490340.02742547
2026-06-22 11:45:00,77.8,77.8,77.3,77.3,78824.17969541,6093773.35780738
2026-06-22 12:00:00,77.2,77.3,77.1,77.3,73622.84983153,5685668.16265603
2026-06-22 12:15:00,77.3,77.4,77.3,77.4,136043.24238827,10516191.24661327
2026-06-22 12:30:00,77.4,77.4,77.4,77.4,428.0,33127.2
2026-06-22 12:45:00,77.2,77.2,76.7,76.9,57166.0186767,4389782.5758687
2026-06-22 13:00:00,76.9,76.9,76.9,76.9,489.49135841,37641.88546173
2026-06-22 13:15:00,77.1,77.1,77.0,77.0,260.0780234,20039.01170297
2026-06-22 13:30:00,77.0,77.0,77.0,77.0,5353.7672722,412240.0799594
2026-06-22 13:45:00,77.0,77.0,76.9,76.9,42918.01524698,3300425.37249276
2026-06-22 14:00:00,77.1,77.1,77.1,77.1,8832.2592734,680967.18997914
2026-06-22 14:15:00,76.9,77.6,76.9,77.5,83884.2663838,6470922.56152248
2026-06-22 14:30:00,77.2,77.2,77.1,77.1,12355.93360985,953675.44501203
2026-06-22 14:45:00,77.1,77.1,77.0,77.0,30723.02870068,2365802.91163848
2026-06-22 15:00:00,76.9,76.9,76.8,76.9,62915.67671118,4834133.00483604
2026-06-22 15:15:00,76.9,76.9,76.8,76.8,13071.8954,1004584.44074463
2026-06-22 15:30:00,76.9,77.1,76.6,77.1,5683.90507134,437063.19583893
2026-06-22 15:45:00,77.0,77.0,77.0,77.0,129.87012988,10000.00000076
2026-06-22 16:00:00,76.8,77.2,76.8,77.2,13793.05217449,1060451.07621937
2026-06-22 16:15:00,77.2,77.3,77.2,77.2,26590.77734406,2052814.60863284
2026-06-22 16:30:00,77.3,77.3,77.2,77.3,16250.59142629,1256144.18885582
2026-06-22 16:45:00,77.3,77.4,77.3,77.3,26190.88177275,2024562.91297156
2026-06-22 17:00:00,77.2,77.2,77.1,77.1,26094.0731614,2014307.24806008
2026-06-22 17:15:00,77.4,77.4,77.2,77.2,3296.47333044,255131.53190009
2026-06-22 17:30:00,77.2,77.2,77.2,77.2,48478.01487857,3742502.7486256
2026-06-22 17:45:00,77.4,77.4,77.0,77.0,2315.12761024,178471.81210461
2026-06-22 18:00:00,77.0,77.2,77.0,77.2,13116.3790931,1009987.06338992
2026-06-22 18:15:00,77.2,77.3,77.2,77.3,1371.28072444,105949.89973678
2026-06-22 19:00:00,77.3,77.3,77.1,77.1,1393.8553196,107574.65329122
2026-06-22 19:15:00,77.0,77.0,76.9,77.0,43020.82980381,3312155.37796242
2026-06-22 19:30:00,77.0,77.0,76.9,76.9,99810.17263388,7683655.106683
2026-06-22 19:45:00,76.9,77.4,76.9,77.1,19907.10671087,1534788.95807313
2026-06-22 20:00:00,77.4,77.8,77.4,77.8,34395.96644316,2675234.35465252
2026-06-22 20:15:00,77.8,77.9,77.6,77.6,140529.26409773,10933893.00203885
2026-06-22 20:30:00,78.0,78.1,77.9,77.9,1790.27544885,139603.58959277
2026-06-22 21:00:00,77.9,78.2,77.9,78.1,53193.35382386,4145071.04858601
2026-06-22 21:15:00,78.2,78.3,77.8,78.3,10091.48502386,787874.93194634
2026-06-22 21:30:00,77.9,77.9,77.9,77.9,56623.41902313,4410964.34190183
2026-06-22 21:45:00,77.9,77.9,77.9,77.9,128.36970475,10000.00000003
2026-06-22 22:00:00,77.8,77.8,77.8,77.8,76.62835249,5961.68582372
2026-06-22 22:15:00,78.3,78.3,77.8,78.2,269.04005374,21010.05284234
2026-06-22 22:30:00,78.1,78.6,78.1,78.6,3092.10407518,241539.38030915
2026-06-22 22:45:00,78.6,78.7,78.6,78.6,2843.53217706,223638.43911692
2026-06-22 23:00:00,78.7,78.7,78.7,78.7,24135.6200298,1899473.29634526
2026-06-22 23:30:00,78.1,78.1,78.1,78.1,1376.0,107465.6
2026-06-22 23:45:00,78.2,78.3,78.2,78.3,69633.06040868,5452095.46717563
2026-06-23 00:00:00,78.3,78.4,78.3,78.4,1994.05931121,156325.41014886
2026-06-23 00:15:00,78.3,78.3,78.3,78.3,255.10204081,19974.48979542
2026-06-23 00:30:00,78.5,78.5,78.5,78.5,127.38853504,10000.00000064
2026-06-23 00:45:00,78.0,78.3,77.9,78.3,73077.96345831,5697720.48038314
2026-06-23 01:45:00,77.9,78.1,77.9,78.1,22230.0,1735717.0
2026-06-23 02:00:00,77.8,77.8,77.8,77.8,3115.3,242370.34
2026-06-23 02:15:00,77.8,77.8,77.8,77.8,35717.68749364,2778836.08700519
2026-06-23 02:30:00,77.8,77.8,77.7,77.7,59219.65849827,4604894.27299295
2026-06-23 03:45:00,77.7,77.7,77.7,77.7,70.785,5499.9945
2026-06-23 04:00:00,77.7,77.7,77.6,77.6,5195.8655,403206.24935
2026-06-23 04:15:00,77.8,77.8,77.5,77.5,35505.1258,2752221.97040206
2026-06-23 04:30:00,77.5,77.6,77.5,77.6,31079.2058926,2408690.1566765
2026-06-23 04:45:00,77.6,77.9,77.6,77.9,16292.69811951,1265924.52356983
2026-06-23 06:30:00,77.6,77.6,77.6,77.6,12600.0,977760.0
2026-06-23 07:00:00,77.6,77.6,77.6,77.6,12804.09731113,993597.95134369
2026-06-23 07:15:00,77.5,77.5,77.5,77.5,92033.90623386,7132627.73312415
2026-06-23 07:30:00,77.4,77.6,77.1,77.1,70797.99345186,5476171.9513163
2026-06-23 07:45:00,77.1,77.1,77.1,77.1,1297.01686122,100000.00000006
2026-06-23 08:00:00,77.2,77.6,77.2,77.6,129.3290289,10010.00000015
2026-06-23 08:15:00,77.4,77.4,77.4,77.4,3096.77419356,239690.32258154
2026-06-23 08:30:00,77.3,77.7,77.3,77.7,129.16215051,10010.00000019
2026-06-23 08:45:00,77.3,77.7,77.3,77.7,249.63136558,19322.2703251
2026-06-23 09:00:00,77.6,77.6,77.2,77.2,24934.97850738,1928885.57020306
2026-06-23 09:15:00,77.2,77.4,77.2,77.2,102956.74287966,7948314.81387564
2026-06-23 09:30:00,77.4,77.4,77.1,77.4,20252.38396478,1567394.44105296
2026-06-23 09:45:00,77.4,77.7,77.4,77.7,7905.50430112,612429.76854912
2026-06-23 10:15:00,77.6,77.9,77.6,77.9,658.9597032,51156.74848378
2026-06-23 10:30:00,77.9,77.9,77.1,77.1,46671.21128346,3606544.72656644
2026-06-23 10:45:00,77.1,77.3,77.1,77.3,17758.34247051,1370324.23490808
2026-06-23 11:00:00,77.4,77.4,77.1,77.1,59511.89003054,4593972.68560268
2026-06-23 11:15:00,77.2,77.2,77.2,77.2,34137.71036269,2635431.23999967
2026-06-23 12:00:00,77.2,77.2,77.1,77.1,11301.01607532,871703.3874832
2026-06-23 12:15:00,77.1,77.5,77.1,77.5,23552.15996857,1823176.74196802
2026-06-23 12:30:00,78.0,78.0,77.8,77.8,53575.63254954,4176233.80282246
2026-06-23 12:45:00,78.0,78.8,78.0,78.8,124658.89824308,9820858.77658451
2026-06-23 13:00:00,78.8,78.9,78.7,78.9,36890.77988495,2907161.50717738
2026-06-23 13:15:00,78.9,79.5,78.8,79.4,299856.03509075,23766250.31305842
2026-06-23 13:30:00,79.2,79.4,78.9,78.9,91684.50273724,7273454.46619772
2026-06-23 13:45:00,78.9,78.9,78.7,78.7,89152.86122239,7026532.42034898
2026-06-23 14:00:00,78.4,78.4,78.1,78.1,69876.85603924,5471915.95739199
2026-06-23 14:15:00,78.0,78.0,78.0,78.0,13126.85183484,1023894.44311752
2026-06-23 14:30:00,77.9,78.0,77.7,78.0,24690.68767525,1920635.60249747
2026-06-23 14:45:00,78.3,78.3,77.4,77.4,148227.5869487,11497746.64529037
2026-06-23 15:00:00,77.2,77.3,76.7,76.7,120348.22447565,9249300.90996706
2026-06-23 15:15:00,76.8,76.8,75.5,75.7,179682.56304468,13623626.1737186
2026-06-23 15:45:00,76.0,76.2,76.0,76.0,4167.37321485,317245.29871183
2026-06-23 16:00:00,76.2,76.2,76.2,76.2,3277.94102948,249779.10644638
2026-06-23 16:15:00,76.3,76.8,76.3,76.8,570.785,43586.288
2026-06-23 16:30:00,76.7,76.7,76.4,76.4,1130.89005235,86699.99999954
2026-06-23 16:45:00,76.1,76.1,76.0,76.0,1807.81519867,137423.53442339
2026-06-23 17:00:00,76.0,76.0,76.0,76.0,8568.68857231,651220.33149556
2026-06-23 17:15:00,75.7,75.7,73.9,74.0,580782.45114508,43205510.16689892
2026-06-23 17:30:00,74.3,75.1,74.3,74.6,89922.39708146,6712465.73957744
2026-06-23 17:45:00,74.9,74.9,74.8,74.8,26326.57454401,1969261.30463795
2026-06-23 18:00:00,74.7,74.7,74.7,74.7,1360.0,101592.0
2026-06-23 18:15:00,74.7,75.0,74.7,75.0,3394.90466131,253913.06819986
2026-06-23 18:30:00,74.8,74.8,74.7,74.7,15306.34538152,1144383.99999954
2026-06-23 18:45:00,74.7,75.0,74.6,74.7,730.4456446,54558.24000015
2026-06-23 19:00:00,74.7,75.1,74.7,75.1,18965.83438368,1424240.61469094
2026-06-23 19:15:00,74.8,74.9,74.6,74.6,61901.13562676,4622030.48206248
2026-06-23 19:30:00,74.3,74.3,74.3,74.3,46494.24035493,3454522.0583713
2026-06-23 19:45:00,74.1,74.1,74.0,74.0,20138.6991366,1491811.27355768
2026-06-23 20:00:00,74.4,74.4,74.4,74.4,11154.48819065,829893.92138436
2026-06-23 20:15:00,74.9,75.3,74.9,75.3,7771.38432473,582717.37999987
2026-06-23 20:30:00,75.0,75.0,75.0,75.0,2666.66666666,199999.9999995
2026-06-23 20:45:00,74.9,74.9,74.9,74.9,1329.58887712,99586.20689629
2026-06-23 21:00:00,74.7,74.7,74.7,74.7,13386.88085676,999999.99999997
2026-06-23 21:15:00,74.7,74.8,74.7,74.7,167208.78484357,12503202.83173196
2026-06-23 21:30:00,75.2,75.4,75.2,75.4,2039.23910418,153439.68313716
2026-06-23 21:45:00,74.7,74.7,74.6,74.6,178.90826443,13356.03545606
2026-06-23 22:00:00,74.6,74.9,74.4,74.4,47708.8627125,3555818.16032523
2026-06-23 22:15:00,74.3,74.3,74.3,74.3,68625.40654806,5098867.70652086
2026-06-23 22:30:00,74.4,75.5,74.4,75.3,1894.82846871,142013.77922292
2026-06-23 22:45:00,75.5,75.5,75.5,75.5,11705.66161043,883777.45158747
2026-06-23 23:00:00,75.6,75.6,75.3,75.4,7439.16221538,561012.70502131
2026-06-23 23:15:00,75.7,76.2,75.7,76.2,4193.44546728,319116.272662
2026-06-23 23:30:00,75.8,75.8,75.8,75.8,69.9779,5304.32482
2026-06-23 23:45:00,75.3,75.3,75.1,75.1,3388.16690824,254489.82038754
2026-06-24 00:00:00,74.9,74.9,74.7,74.7,9332.16857619,697207.67888139
2026-06-24 00:30:00,75.2,75.3,75.1,75.1,26759.34255329,2010014.73394358
2026-06-24 00:45:00,75.1,75.1,74.9,75.0,6445.56638786,482928.52437982
2026-06-24 01:00:00,75.2,76.0,75.2,76.0,5152.47518842,391522.02623992
2026-06-24 02:30:00,75.6,75.6,75.6,75.6,9878.60142609,746822.2678124
2026-06-24 03:00:00,75.6,75.6,75.6,75.6,1679.59259259,126977.1999998
2026-06-24 03:30:00,75.6,75.6,75.6,75.6,661.37566138,50000.00000033
2026-06-24 06:30:00,75.8,75.8,75.8,75.8,1587.0,120294.6
2026-06-24 06:45:00,75.6,75.9,75.6,75.6,76711.21109645,5799999.99999834
2026-06-24 07:30:00,75.7,75.7,75.7,75.7,1261.94090823,95528.92675301
2026-06-24 08:00:00,75.6,75.6,75.6,75.6,97.30346141,7356.1416826
2026-06-24 08:45:00,75.4,75.5,75.4,75.5,3588.4128809,270676.89483986
2026-06-24 09:00:00,75.9,75.9,75.8,75.8,20302.9733,1540981.00239
2026-06-24 09:15:00,76.1,76.1,75.9,75.9,12741.6261498,968637.74999978
2026-06-24 09:30:00,76.1,76.2,75.9,75.9,8076.61172767,614244.83659904
2026-06-24 09:45:00,76.2,76.2,76.1,76.1,2884.9145427,219633.63776004
2026-06-24 10:00:00,76.2,76.5,76.2,76.4,324569.19237958,24827924.81422835
2026-06-24 10:15:00,76.3,76.3,76.2,76.2,118452.81031111,9035364.17663509
2026-06-24 10:30:00,76.4,76.5,76.4,76.5,8651.07933784,661800.81097476
2026-06-24 10:45:00,76.5,76.7,76.5,76.7,2053.615937,157495.3199679
2026-06-24 11:00:00,76.8,76.8,76.5,76.5,22413.58181204,1719402.29885095
2026-06-24 11:15:00,76.5,76.5,76.5,76.5,64815.71390578,4958402.11379217
2026-06-24 11:30:00,76.6,77.0,76.6,77.0,20008.32991491,1536000.00000199
2026-06-24 11:45:00,76.5,76.5,76.4,76.4,14559.02653624,1112316.81690874
2026-06-24 12:00:00,76.5,76.5,76.4,76.4,25726.53076773,1967648.37013555
2026-06-24 12:15:00,76.5,76.6,76.5,76.6,10935.39885131,836623.37160234
2026-06-24 12:30:00,76.5,76.9,76.5,76.6,14256.32971576,1093460.73344106
2026-06-24 12:45:00,76.4,76.4,75.8,75.8,308579.29546628,23566323.43914183
2026-06-24 13:00:00,75.9,75.9,75.9,75.9,130.38208168,9895.99999951
2026-06-24 13:15:00,75.5,75.5,75.4,75.4,376737.7447315,28407099.72902226
2026-06-24 13:30:00,76.2,77.0,76.2,77.0,87064.29193952,6701808.23235662
2026-06-24 13:45:00,77.1,78.1,77.1,77.5,127340.70289713,9906990.87503932
2026-06-24 14:00:00,77.7,77.9,77.5,77.5,158838.0620646,12352188.83554168
2026-06-24 14:15:00,77.6,77.9,77.6,77.8,139661.5567008,10863332.02401682
2026-06-24 14:30:00,77.8,78.4,77.8,78.4,284531.14557194,22175038.1912211
2026-06-24 14:45:00,78.6,79.2,78.6,79.2,130445.166303,10278873.33751787
2026-06-24 15:00:00,79.3,80.6,79.0,79.5,1516716.00140746,121181480.33532226
2026-06-24 15:15:00,79.5,79.8,78.6,79.1,231780.96315533,18364534.08647368
2026-06-24 15:30:00,79.5,79.5,78.6,78.7,91162.12316138,7213535.62622189
2026-06-24 15:45:00,79.3,80.0,79.3,79.4,120434.73844786,9579266.15193245
2026-06-24 16:00:00,79.6,79.7,78.8,79.1,70623.24666273,5607929.17310634
2026-06-24 16:15:00,79.2,79.2,78.9,79.2,117909.29723928,9322833.2720169
2026-06-24 16:30:00,79.6,80.3,79.5,79.5,80269.00790327,6401616.58338563
2026-06-24 16:45:00,79.5,79.6,78.8,79.5,88048.69219311,6989809.49730779
2026-06-24 17:00:00,79.8,80.2,79.5,79.9,197746.00085215,15828204.25758104
2026-06-24 17:15:00,80.0,80.3,79.7,80.3,230903.95290152,18472485.46383679
2026-06-24 17:30:00,80.3,80.6,80.1,80.3,335890.34526753,27018130.68343195
2026-06-24 17:45:00,80.3,80.5,79.9,80.2,463735.76764457,37182288.37479183
2026-06-24 18:00:00,80.3,80.5,79.9,80.1,62601.18453277,5024764.51177328
2026-06-24 18:15:00,80.1,80.3,79.3,79.7,401807.79703616,32001268.02106599
2026-06-24 18:30:00,80.0,80.5,79.9,80.3,58359.40898591,4690779.00186107
2026-06-24 18:45:00,80.2,81.1,80.1,80.7,247434.0709844,19972740.16249928
2026-06-24 19:00:00,80.7,80.8,80.5,80.8,135507.34014564,10945528.81461377
2026-06-24 19:15:00,80.8,80.8,80.0,80.1,226519.86313148,18194248.81204851
2026-06-24 19:30:00,80.1,80.2,79.7,80.0,218257.15513754,17419663.02941068
2026-06-24 19:45:00,80.0,80.0,79.3,79.9,125933.4259134,10019730.57095347
2026-06-24 20:00:00,79.9,80.6,79.9,80.4,255125.91465401,20455191.09451615
2026-06-24 20:15:00,80.4,80.4,79.3,79.7,155006.70969832,12334934.74111482
2026-06-24 20:30:00,79.9,81.3,79.9,80.9,136900.53915277,11036630.67965131
2026-06-24 20:45:00,81.2,82.1,80.9,82.0,638089.73628764,52163357.6159787
2026-06-24 21:00:00,82.1,82.1,80.5,80.5,831985.03881381,67741597.84718935
2026-06-24 21:15:00,80.5,80.5,79.9,80.0,156614.28183582,12556733.32227438
2026-06-24 21:30:00,80.0,80.4,80.0,80.4,44094.97343736,3538305.70976466
2026-06-24 21:45:00,80.3,80.3,79.9,79.9,28467.68252736,2276363.76049386
2026-06-24 22:00:00,79.9,79.9,78.9,78.9,193019.22697997,15281494.56939588
2026-06-24 22:15:00,79.1,79.1,78.1,78.2,399528.55696978,31286513.24577289
2026-06-24 22:30:00,78.1,78.9,77.8,77.8,324066.37236878,25397096.63835541
2026-06-24 22:45:00,77.8,78.2,77.7,77.9,84921.24846733,6607188.93916309
2026-06-24 23:00:00,77.8,78.7,77.6,78.7,102826.57300016,8052933.3132712
2026-06-24 23:15:00,78.1,78.6,77.7,78.2,150350.7683344,11738319.6641842
2026-06-24 23:30:00,78.2,78.2,78.0,78.1,89836.51456924,7015878.98951019
2026-06-24 23:45:00,78.1,78.4,78.1,78.4,1515.08434645,118349.42548591
2026-06-25 00:00:00,78.4,78.4,77.9,77.9,20955.81606902,1640732.43144374
2026-06-25 00:15:00,78.2,78.7,78.2,78.7,11510.65430039,904263.4035819
2026-06-25 00:30:00,78.4,78.4,77.6,77.6,175483.70415644,13685425.49777253
2026-06-25 00:45:00,77.8,77.8,75.1,75.7,2681281.21469292,204551271.04798365
2026-06-25 01:00:00,75.7,76.0,75.5,75.8,412150.60846725,31141115.06826884
2026-06-25 01:15:00,76.0,76.3,75.6,76.3,94348.79459813,7161971.7366103
2026-06-25 01:30:00,76.0,76.0,75.2,75.2,177696.72740939,13457490.15709177
2026-06-25 01:45:00,75.2,75.3,73.3,73.9,556387.66923703,41424970.64783632
2026-06-25 02:00:00,74.2,74.3,73.9,74.0,99039.9608059,7339506.06662738
2026-06-25 02:15:00,73.9,74.0,72.7,73.6,322685.57678306,23625835.03195461
2026-06-25 02:30:00,73.4,73.5,72.9,72.9,28787.08465416,2105961.15253617
2026-06-25 02:45:00,72.8,72.8,72.6,72.7,4364.49405865,317461.23459278
2026-06-25 03:00:00,72.9,73.3,72.6,73.3,38876.99237293,2828782.20288052
2026-06-25 03:15:00,73.8,73.9,73.7,73.7,10924.72562773,806070.06689467
2026-06-25 03:30:00,74.0,74.0,73.9,73.9,6869.3814128,507740.02559511
2026-06-25 03:45:00,73.9,74.1,73.4,73.4,19696.81195702,1447082.61979549
2026-06-25 04:00:00,73.8,73.8,73.8,73.8,750.4015,55379.6307
2026-06-25 04:15:00,73.6,73.6,73.6,73.6,3690.14945652,271594.99999987
2026-06-25 04:30:00,73.8,74.0,73.8,74.0,249.6462,18458.4188
2026-06-25 05:00:00,74.3,75.5,74.3,75.3,91580.13062095,6881801.21664662
2026-06-25 05:15:00,75.6,75.8,75.6,75.7,2828.64992189,214056.45410707
2026-06-25 05:30:00,76.0,76.0,75.8,75.8,3319.56546256,252187.59627257
2026-06-25 05:45:00,75.8,76.1,75.8,76.0,31325.6439695,2381861.07964557
2026-06-25 06:00:00,75.9,75.9,75.7,75.8,63970.69905093,4854910.85423111
2026-06-25 06:15:00,75.9,75.9,75.9,75.9,28979.72591041,2199561.19660012
2026-06-25 06:30:00,75.8,76.0,75.8,76.0,1687.77693047,127969.63099877
2026-06-25 06:45:00,76.0,76.0,76.0,76.0,7216.63420171,548464.19932996
2026-06-25 07:00:00,76.4,76.6,76.4,76.4,90573.95429522,6925723.3626151
2026-06-25 07:15:00,76.2,76.2,76.2,76.2,10117.99370892,770991.1206197
2026-06-25 07:30:00,76.0,76.0,75.9,75.9,1078.63695937,81968.54521618
2026-06-25 07:45:00,75.7,75.7,75.7,75.7,6226.65006226,471357.40971308
2026-06-25 08:15:00,75.8,75.8,75.8,75.8,7634.37024166,578685.26431783
2026-06-25 08:30:00,75.8,75.8,75.8,75.8,8205.19819245,621954.02298771
2026-06-25 08:45:00,75.9,75.9,75.7,75.7,20712.2003963,1572029.58999991
2026-06-25 09:00:00,75.7,75.8,75.1,75.5,51545.66564255,3882724.86335323
2026-06-25 09:15:00,75.0,75.0,73.6,73.7,659357.87228539,48820158.11641125
2026-06-25 09:30:00,73.7,73.7,72.9,72.9,230356.51213338,16832393.686681
2026-06-25 09:45:00,72.7,72.7,72.4,72.4,438130.04029947,31788962.52773449
2026-06-25 10:00:00,72.8,73.2,72.5,72.8,517954.63029209,37721336.40816087
2026-06-25 10:15:00,72.8,73.0,72.6,73.0,46328.08362795,3372005.16381095
2026-06-25 10:30:00,73.1,73.4,73.1,73.4,11317.64870818,830494.98378321
2026-06-25 10:45:00,73.1,73.1,72.1,72.5,925517.20330635,66963764.46797442
2026-06-25 11:00:00,72.4,72.7,72.4,72.6,238182.25303597,17282862.47354873
2026-06-25 11:15:00,72.5,72.6,72.3,72.6,355903.53783294,25770359.18103289
2026-06-25 11:30:00,72.4,72.5,72.1,72.1,51577.19101383,3726197.49511605
2026-06-25 11:45:00,72.1,72.1,72.0,72.1,62978.73757933,4539794.505025
2026-06-25 12:00:00,72.1,72.1,71.0,71.0,657280.79427722,47080753.82343697
2026-06-25 12:15:00,71.0,72.1,70.9,71.9,361817.30274705,25798639.50450452
2026-06-25 12:30:00,71.7,71.8,71.2,71.4,119369.19648371,8518461.26084048
2026-06-25 12:45:00,71.4,72.1,71.4,72.1,32256.97849247,2307681.75660553
2026-06-25 13:00:00,71.9,71.9,71.7,71.7,66533.09608884,4779889.01280919
2026-06-25 13:15:00,71.7,72.1,71.5,71.5,254725.63177004,18251011.10038399
2026-06-25 13:30:00,71.5,71.7,71.3,71.7,89108.38725489,6362204.04999915
2026-06-25 13:45:00,71.6,72.0,71.6,72.0,88168.04804585,6313229.1659639
2026-06-25 14:00:00,71.9,72.3,71.9,72.3,46068.70616421,3320241.13988291
2026-06-25 14:15:00,72.3,72.6,72.3,72.6,7376.69149971,534211.91138058
2026-06-25 14:30:00,73.1,73.8,73.1,73.4,68079.68872804,5007277.38271925
2026-06-25 14:45:00,73.5,73.5,73.4,73.4,8057.58929338,591457.05413409
2026-06-25 15:00:00,73.3,73.3,72.0,72.8,202237.0461556,14710220.97364761
2026-06-25 15:15:00,72.7,72.9,72.6,72.6,28012.40206359,2035686.97510372
2026-06-25 15:30:00,72.9,73.0,72.9,73.0,51258.24590111,3740963.25190074
2026-06-25 15:45:00,73.0,73.2,73.0,73.2,75598.57770996,5518723.57008735
2026-06-25 16:00:00,72.9,73.0,72.5,73.0,153136.57493553,11146465.65114318
2026-06-25 16:15:00,73.0,73.6,72.8,73.6,19733.95802249,1445705.37087272
2026-06-25 16:30:00,72.9,73.4,72.9,73.4,9360.08099801,682383.99876037
2026-06-25 16:45:00,73.3,73.4,73.0,73.4,82038.27945192,6007560.234472
2026-06-25 17:00:00,73.3,73.5,72.9,73.5,247316.94676801,18157474.79462458
2026-06-25 17:15:00,73.2,73.8,73.1,73.8,24257.37699156,1783535.7124645
2026-06-25 17:30:00,73.8,73.9,73.8,73.8,83170.56073518,6138487.38225628
2026-06-25 17:45:00,73.4,73.4,73.2,73.2,68212.82401091,5003422.06186653
2026-06-25 18:00:00,73.4,73.4,73.1,73.1,72150.97889653,5274259.03690037
2026-06-25 18:15:00,73.2,73.4,72.9,72.9,84004.56342206,6145280.24072661
2026-06-25 18:30:00,73.1,73.1,73.0,73.0,19006.87035997,1388114.01972514
2026-06-25 18:45:00,73.4,73.6,73.4,73.6,84209.05036612,6197725.68380643
2026-06-25 19:00:00,73.9,74.0,73.5,73.7,33657.96179713,2486964.80026811
2026-06-25 19:15:00,73.4,73.4,73.2,73.2,32446.06895083,2381417.49404877
2026-06-25 19:30:00,73.2,73.2,73.2,73.2,4143.64640883,303314.91712636
2026-06-25 19:45:00,73.6,73.6,73.3,73.3,161.12288593,11834.8977026
2026-06-25 20:00:00,73.3,73.4,73.1,73.1,109637.07863665,8025977.2587924
2026-06-25 20:15:00,73.2,73.2,73.2,73.2,273.22404371,19999.99999957
2026-06-25 20:30:00,73.1,73.1,73.1,73.1,182.63337893,13350.49999978
2026-06-25 20:45:00,73.0,73.1,72.9,73.1,13199.57305681,962704.13630202
2026-06-25 21:15:00,73.0,73.0,72.9,72.9,83730.01287635,6109187.02134322
2026-06-25 21:30:00,73.0,74.0,73.0,73.1,41238.34257426,3024096.51674422
2026-06-25 21:45:00,73.3,73.4,73.0,73.0,3937.00699041,287819.30282421
2026-06-25 22:00:00,73.3,73.3,73.1,73.1,35000.0,2558517.0464
2026-06-25 22:15:00,73.5,73.5,73.5,73.5,22083.76050932,1623156.39743502
2026-06-25 22:30:00,73.8,73.8,72.5,72.5,239518.50703485,17470229.07070629
2026-06-25 22:45:00,72.4,72.4,69.5,69.5,648790.75368034,45710104.34724357
2026-06-25 23:00:00,69.8,71.9,69.8,71.3,415551.04328742,29493288.36173354
2026-06-25 23:15:00,71.3,71.4,70.7,71.4,202765.4886023,14457396.67304143
2026-06-25 23:30:00,70.9,72.4,70.7,71.1,96719.0413792,6917256.86021011
2026-06-25 23:45:00,71.4,72.2,71.4,72.2,4982.68498184,358338.79893823
2026-06-26 00:00:00,71.6,71.9,71.4,71.7,127355.50126527,9094085.53137692
2026-06-26 00:15:00,71.0,71.6,70.9,71.6,3594.53706405,256961.57085817
2026-06-26 00:30:00,71.2,71.5,71.0,71.0,23107.83326514,1641983.0034985
2026-06-26 00:45:00,71.6,71.8,71.6,71.8,103092.21455192,7383867.27500939
2026-06-26 01:00:00,71.8,72.2,71.8,72.2,4492.5159,324224.6915
2026-06-26 01:15:00,72.2,72.2,72.0,72.0,302.61961474,21832.42309231
2026-06-26 01:45:00,71.6,71.6,71.1,71.1,356.55737704,25392.89617421
2026-06-26 02:00:00,71.1,71.9,71.1,71.9,541.39935883,38561.00496133
2026-06-26 02:15:00,72.4,72.4,72.0,72.0,13364.0310168,962243.61290362
2026-06-26 02:30:00,72.4,72.4,72.4,72.4,83.33333333,6033.33333309
2026-06-26 02:45:00,71.8,72.1,71.8,72.1,4382.83113134,314783.58606021
2026-06-26 03:15:00,72.1,72.1,72.1,72.1,36823.97358879,2655008.49575176
2026-06-26 03:30:00,71.8,71.9,71.8,71.9,6673.45700416,479237.99792967
2026-06-26 04:00:00,70.7,70.8,70.4,70.7,192203.0947674,13566906.36744595
2026-06-26 04:15:00,70.3,70.3,70.3,70.3,2121.06394562,149110.79537709
2026-06-26 04:30:00,70.3,70.3,70.3,70.3,160.57569296,11288.47121509
2026-06-26 05:15:00,71.3,71.3,71.1,71.1,1912.0,136043.2
2026-06-26 05:45:00,70.7,70.7,70.3,70.3,49332.24723643,3473920.00593195
2026-06-26 06:00:00,70.3,70.7,70.3,70.7,10664.43221582,749978.38603511
2026-06-26 06:15:00,70.5,71.0,70.5,71.0,38177.28190266,2710479.42794742
2026-06-26 06:30:00,70.9,71.3,70.9,71.3,131164.97074775,9345437.82188527
2026-06-26 06:45:00,71.3,71.6,71.3,71.6,37315.98833077,2667529.9679839
2026-06-26 07:00:00,71.7,71.9,71.5,71.5,59889.80012147,4290495.1726135
2026-06-26 07:15:00,71.5,71.9,71.5,71.6,26959.70576908,1929215.45827967
2026-06-26 07:30:00,71.7,71.7,71.3,71.3,8873.17203894,636074.39636933
2026-06-26 07:45:00,71.3,71.3,71.2,71.2,170.92834092,12175.60362895
2026-06-26 08:00:00,71.2,71.2,71.0,71.0,4714.97533884,334901.53961217
2026-06-26 08:15:00,71.5,71.5,71.1,71.1,7928.08975337,564309.99999901
2026-06-26 08:30:00,71.3,72.0,71.3,71.9,134948.78031948,9697911.36524482
2026-06-26 08:45:00,71.8,71.8,71.8,71.8,14882.55872063,1068567.71614123
2026-06-26 09:00:00,71.8,71.8,71.6,71.6,232.1003963,16638.38837508
2026-06-26 09:15:00,71.8,72.3,71.8,71.9,417311.17112209,30050892.28450221
2026-06-26 09:30:00,71.6,71.6,71.0,71.0,69443.06574267,4957567.86980006
2026-06-26 09:45:00,71.3,71.3,70.9,70.9,11954.73681541,847683.01572217
2026-06-26 10:00:00,70.9,71.0,70.6,71.0,120165.24151612,8503907.21936875
2026-06-26 10:15:00,70.8,70.8,70.4,70.5,117653.16613423,8298836.93672508
2026-06-26 10:30:00,70.5,70.5,70.2,70.3,50816.60941612,3571107.12783453
2026-06-26 10:45:00,70.3,70.6,70.3,70.6,40263.0829186,2837636.31747758
2026-06-26 11:00:00,70.5,70.5,68.7,68.7,349572.8544285,24336869.22078804
2026-06-26 11:15:00,69.0,69.6,68.8,69.1,106751.84034399,7359728.86844236
2026-06-26 11:30:00,69.2,69.4,68.9,68.9,53925.52025001,3727720.36834996
2026-06-26 11:45:00,68.9,69.0,68.4,68.6,95566.65895618,6566411.90461498
2026-06-26 12:00:00,68.9,69.5,68.2,69.5,107353.90498414,7379333.53787785
2026-06-26 12:15:00,69.2,70.0,69.2,70.0,8581.09731762,595108.70085655
2026-06-26 12:30:00,69.8,69.8,69.7,69.7,55509.70710249,3869040.91169112
2026-06-26 12:45:00,69.9,70.6,69.8,70.4,89558.84343865,6279010.4041436
2026-06-26 13:00:00,70.4,70.6,70.4,70.5,8397.62722853,591510.39326055
2026-06-26 13:15:00,70.6,70.8,70.4,70.4,15001.8861932,1056726.17746752
2026-06-26 13:30:00,70.3,70.3,70.0,70.0,257688.93999066,18039092.61597481
2026-06-26 13:45:00,70.0,70.0,69.9,69.9,8502.9968155,594473.76311774
2026-06-26 14:00:00,69.3,69.3,69.3,69.3,108340.74031709,7508013.30397434
2026-06-26 14:15:00,69.8,69.8,69.3,69.7,21011.08589574,1463494.25287313
2026-06-26 14:30:00,69.9,70.5,69.9,70.2,89407.49101061,6252395.82164164
2026-06-26 14:45:00,70.2,70.2,69.7,69.8,120818.18645962,8430926.11393425
2026-06-26 15:00:00,70.1,70.2,69.9,70.1,86273.55594326,6040412.37530652
2026-06-26 15:15:00,70.1,70.5,70.0,70.5,36263.52302253,2555177.05491332
2026-06-26 15:30:00,70.6,71.0,70.6,71.0,24284.57540312,1716705.74832385
2026-06-26 15:45:00,70.7,71.0,70.7,71.0,1070.42253521,75699.99999991
2026-06-26 16:00:00,71.1,71.6,71.1,71.6,19500.87551438,1395063.81372329
2026-06-26 16:15:00,71.5,71.8,71.5,71.8,38556.26117469,2761696.97601606
2026-06-26 16:30:00,71.8,72.0,71.8,71.9,6807.11492462,488872.33025741
2026-06-26 17:00:00,71.4,71.6,71.4,71.5,952.76505052,68180.42848157
2026-06-26 17:15:00,71.3,71.3,70.9,71.1,26212.68066224,1858761.239411
2026-06-26 17:30:00,70.9,71.0,70.8,70.8,11167.98034698,790767.08223849
2026-06-26 17:45:00,70.9,70.9,70.9,70.9,72667.00230068,5152090.46311821
2026-06-26 18:00:00,71.2,71.2,71.2,71.2,121.55196629,8654.49999985
2026-06-26 18:15:00,71.2,71.2,71.2,71.2,22615.46062712,1610220.79665094
2026-06-26 18:30:00,71.1,71.1,71.1,71.1,26468.11348314,1881882.86865125
2026-06-26 18:45:00,71.1,71.1,70.8,70.8,33686.10095131,2395044.01071385
2026-06-26 19:00:00,70.5,70.7,70.4,70.7,60299.24082693,4247749.87147351
2026-06-26 19:15:00,71.1,71.1,71.1,71.1,121.23066104,8619.49999994
2026-06-26 19:30:00,70.6,70.6,70.6,70.6,79.7583,5630.93598
2026-06-26 19:45:00,70.3,70.3,70.3,70.3,642.24751066,45149.9999994
2026-06-26 20:00:00,70.3,70.3,70.2,70.2,345.02454315,24243.9088797
2026-06-26 20:15:00,70.2,70.2,70.1,70.1,6836.58170914,479438.89696616
2026-06-26 20:45:00,70.5,70.5,70.3,70.3,213.16949647,14999.999999
2026-06-26 21:00:00,70.6,70.6,69.9,70.0,5687.59668804,398175.43687408
2026-06-26 21:15:00,70.1,70.4,70.1,70.4,2740.615164,192546.3075456
2026-06-26 21:30:00,69.8,69.8,69.6,69.6,6806.46002412,475063.60537228
2026-06-26 21:45:00,70.1,70.4,70.1,70.4,5678.69873399,399106.8964113
2026-06-26 22:00:00,70.1,70.1,70.1,70.1,13252.00452555,928965.51724106
2026-06-26 22:15:00,70.0,70.0,69.6,70.0,38831.4449112,2715066.13846177
2026-06-26 22:30:00,70.0,70.5,70.0,70.5,4098.14018347,288090.06627427
2026-06-26 22:45:00,71.7,71.7,71.7,71.7,767.31754092,55016.66768396
2026-06-26 23:00:00,71.8,71.8,71.2,71.2,2420.51911473,172779.66348274
2026-06-26 23:15:00,71.6,71.6,71.6,71.6,948.13474202,67886.44752863
2026-06-26 23:30:00,71.7,71.7,71.4,71.4,52580.62377257,3761030.72449327
2026-06-27 00:00:00,71.9,72.1,71.9,72.1,416.66720252,30000.00000112
2026-06-27 00:15:00,72.1,72.5,72.1,72.5,16293.94311712,1177226.08626866
2026-06-27 00:30:00,72.3,72.7,72.3,72.7,29500.91251782,2140010.38481834
2026-06-27 00:45:00,72.5,72.5,71.7,72.3,152510.16926371,11038980.09744773
2026-06-27 01:00:00,72.5,72.5,72.5,72.5,2655.47325332,192521.8108657
2026-06-27 01:15:00,72.7,72.9,72.3,72.3,40246.70429001,2919792.75009986
2026-06-27 01:30:00,72.8,73.1,72.8,73.1,5337.35507232,389743.15024767
2026-06-27 01:45:00,72.8,72.8,72.8,72.8,34335.81286279,2499647.17641111
2026-06-27 02:00:00,72.6,72.6,72.6,72.6,18393.06296716,1335336.37141582
2026-06-27 02:15:00,73.0,73.0,73.0,73.0,169.792679,12394.865567
2026-06-27 02:30:00,72.7,72.7,72.5,72.5,70169.97494845,5101302.00633852
2026-06-27 03:45:00,72.5,72.5,72.5,72.5,2758.62068965,199999.99999963
2026-06-27 04:45:00,72.2,72.2,72.1,72.1,3892.722604,280997.7097207
2026-06-27 05:00:00,72.1,72.6,72.0,72.0,15366.99186982,1113450.51965057
2026-06-27 05:15:00,72.1,72.1,72.0,72.0,288.10493248,20757.44402745
2026-06-27 05:30:00,72.0,72.0,72.0,72.0,2542.65673678,183071.28504816
2026-06-27 06:00:00,71.6,71.6,71.5,71.5,11268.95450917,806428.571428
2026-06-27 06:30:00,72.0,72.1,71.9,71.9,4111.85215109,296053.35487848
2026-06-27 06:45:00,72.0,72.1,71.7,71.7,2230.75982009,160569.66704648
2026-06-27 07:00:00,71.8,71.8,71.8,71.8,302.0,21683.6
2026-06-27 07:15:00,71.8,72.4,71.8,72.4,605351.58770017,43737912.39831633
2026-06-27 07:30:00,72.4,72.4,72.0,72.1,565996.07836919,40936469.34603294
2026-06-27 07:45:00,72.3,72.9,72.3,72.6,69910.24089449,5076148.18819371
2026-06-27 08:00:00,72.6,72.6,72.6,72.6,424.75089938,30836.91529499
2026-06-27 08:15:00,72.6,72.6,72.6,72.6,14390.47969604,1044748.8259325
2026-06-27 08:30:00,72.7,72.7,72.7,72.7,9449.27232225,686962.09782758
2026-06-27 08:45:00,72.6,72.6,72.6,72.6,76.45629749,5550.72719777
2026-06-27 09:00:00,72.9,73.7,72.9,73.2,111104.22472311,8152059.27523722
2026-06-27 09:15:00,73.2,73.8,73.2,73.8,73685.62864569,5410302.27580977
2026-06-27 09:30:00,73.9,73.9,73.1,73.2,280971.49632437,20645266.67242852
2026-06-27 09:45:00,73.1,73.6,73.1,73.3,13476.03411889,987802.34393812
2026-06-27 10:00:00,73.4,73.7,73.3,73.7,180497.74357191,13287157.78186039
2026-06-27 10:15:00,73.5,76.7,73.5,74.1,4722250.13059426,354813656.0395679
2026-06-27 10:30:00,74.1,74.1,72.8,72.8,1003414.74783851,73391725.49872877
2026-06-27 10:45:00,72.8,73.1,72.1,72.6,853340.71710548,61797850.75538781
2026-06-27 11:00:00,72.5,72.5,72.2,72.4,83621.36351625,6049814.16477431
2026-06-27 11:15:00,72.4,72.7,72.3,72.7,182983.0892232,13250081.53138695
2026-06-27 11:30:00,72.5,72.7,72.5,72.7,71489.26304331,5185206.56245852
2026-06-27 11:45:00,72.5,72.7,72.4,72.4,70724.82222417,5127362.18239992
2026-06-27 12:00:00,72.3,72.4,71.8,72.2,429201.66927555,30925408.65915315
2026-06-27 12:15:00,72.1,72.6,72.1,72.4,30024.6765794,2173769.25434856
2026-06-27 12:30:00,72.2,72.4,72.2,72.3,15110.29048372,1091992.40214598
2026-06-27 12:45:00,72.3,72.3,72.0,72.0,97421.98022233,7028102.2614536
2026-06-27 13:00:00,72.0,72.4,72.0,72.4,89948.7079523,6478886.68175089
2026-06-27 13:15:00,72.4,72.4,72.4,72.4,2748.88798694,199019.49025446
2026-06-27 13:30:00,72.4,72.4,72.1,72.1,31475.60373506,2272572.98346349
2026-06-27 14:15:00,72.1,72.1,72.0,72.0,2810.91275919,202403.28546774
2026-06-27 14:30:00,72.0,72.1,71.7,72.1,168671.79101852,12099955.43568053
2026-06-27 14:45:00,72.1,72.1,72.1,72.1,8431.54012452,607914.04297789
2026-06-27 15:00:00,72.0,72.0,71.7,71.8,52221.34494176,3747267.15730125
2026-06-27 15:15:00,71.8,71.8,71.8,71.8,48015.806869,3447534.9331942
2026-06-27 15:30:00,71.8,72.1,71.8,72.1,22430.34621154,1617129.67566688
2026-06-27 15:45:00,72.2,72.3,72.2,72.2,1414.93775932,102172.33748155
2026-06-27 16:00:00,72.1,72.3,72.1,72.3,5062.4355827,365969.79361779
2026-06-27 16:15:00,72.3,72.3,72.0,72.0,28478.04567196,2050742.14132177
2026-06-27 16:30:00,72.3,72.8,72.3,72.8,272533.84802368,19748411.72712887
2026-06-27 16:45:00,72.8,73.2,72.5,72.5,178822.5356902,13019883.07232483
2026-06-27 17:00:00,72.6,72.9,72.6,72.6,38339.3295261,2786468.29080417
2026-06-27 17:15:00,72.6,72.6,72.5,72.5,34767.08073592,2523245.80004848
2026-06-27 17:30:00,72.4,72.4,72.3,72.3,99316.64275525,7183407.31583972
2026-06-27 18:00:00,72.3,72.3,72.1,72.1,59369.1350802,4287506.14397286
2026-06-27 18:15:00,72.1,72.3,72.1,72.1,84341.14971472,6082035.99470793
2026-06-27 18:30:00,72.3,72.3,72.0,72.1,78523.40890845,5654474.84870407
2026-06-27 18:45:00,72.3,72.3,72.3,72.3,36706.19106715,2653857.61415495
2026-06-27 19:00:00,72.3,72.3,72.1,72.1,7759.39596499,560425.92826878
2026-06-27 19:15:00,72.2,72.2,72.1,72.1,31383.4458906,2264683.94510497
2026-06-27 19:30:00,72.3,72.3,72.3,72.3,3761.83421384,271980.61366063
2026-06-27 19:45:00,72.1,72.3,72.0,72.3,40609.53058956,2923935.99497944
2026-06-27 20:00:00,72.1,72.1,72.1,72.1,49751.57083427,3587088.25715087
2026-06-27 20:15:00,72.0,72.0,71.6,71.6,48129.98042781,3451763.23658297
2026-06-27 20:45:00,72.1,72.1,72.1,72.1,3000.0,216300.0
2026-06-27 21:00:00,71.8,71.8,71.8,71.8,8011.49473403,575225.32190335
2026-06-27 21:15:00,72.0,72.0,72.0,72.0,3507.8521511,252565.3548792
2026-06-27 21:30:00,72.1,72.1,72.0,72.0,7357.70641469,530420.60388265
2026-06-27 21:45:00,72.1,72.1,72.1,72.1,20676.55339805,1490779.49999941
2026-06-27 22:00:00,71.9,72.0,71.8,72.0,50553.28666181,3631121.80784658
2026-06-27 22:15:00,72.0,72.0,72.0,72.0,2916.66666665,209999.9999988
2026-06-27 23:00:00,71.9,72.0,71.7,72.0,23964.96133427,1718881.51714725
2026-06-27 23:15:00,72.0,72.0,72.0,72.0,2021.434079,145543.253688
2026-06-27 23:30:00,72.0,72.1,71.7,72.0,348.39278785,25049.34146097
2026-06-27 23:45:00,72.1,72.2,72.1,72.1,6308.93203124,455471.06162228
2026-06-28 00:00:00,72.4,72.4,71.9,72.3,49102.25501292,3547051.32167364
2026-06-28 00:15:00,72.3,72.4,72.3,72.3,50736.00746144,3668220.33946211
2026-06-28 00:30:00,72.4,72.4,72.4,72.4,1729.01744697,125180.86316063
2026-06-28 01:00:00,72.5,72.5,72.5,72.5,138.12154696,10013.8121546
2026-06-28 01:15:00,72.4,72.4,72.4,72.4,17043.07799245,1233918.84665338
2026-06-28 01:30:00,72.6,72.6,72.6,72.6,1301.1868,94466.16168
2026-06-28 01:45:00,72.6,72.6,72.6,72.6,7942.1,576596.46
2026-06-28 02:00:00,72.4,72.4,71.9,72.2,153134.70592347,11057762.20714275
2026-06-28 02:30:00,71.9,71.9,71.8,71.8,646.82013377,46447.45428628
2026-06-28 02:45:00,71.7,72.1,71.7,72.1,196.77702559,14141.97058604
2026-06-28 03:15:00,71.7,71.7,71.7,71.7,87.14788499,6248.50335378
2026-06-28 03:30:00,72.0,72.0,71.9,71.9,68880.39778659,4955858.79377192
2026-06-28 04:00:00,72.4,72.4,72.4,72.4,678.70327208,49138.11689859
2026-06-28 04:15:00,71.9,71.9,71.9,71.9,53113.72130345,3818876.56171806
2026-06-28 04:30:00,71.8,71.8,71.5,71.5,32066.33663803,2297937.74716903
2026-06-28 06:30:00,72.3,72.6,72.3,72.3,3275.2021175,236838.60069855
2026-06-28 06:45:00,71.9,71.9,71.9,71.9,3491.01529902,251003.99999954
2026-06-28 07:00:00,71.6,71.6,71.6,71.6,16571.98042942,1186553.79874647
2026-06-28 07:15:00,71.6,71.6,71.1,71.4,129803.57378879,9268054.08327484
2026-06-28 08:00:00,71.8,71.8,71.8,71.8,349.58217271,25100.00000058
2026-06-28 08:15:00,71.6,71.6,71.6,71.6,6993.006993,500699.3006988
2026-06-28 08:45:00,71.6,71.8,71.6,71.8,42293.12634313,3035151.63446894
2026-06-28 09:00:00,71.5,71.6,71.5,71.6,34539.27025562,2471270.80322718
2026-06-28 09:15:00,71.9,71.9,71.9,71.9,139.08205841,9999.99999968
2026-06-28 09:30:00,71.8,71.8,71.7,71.7,44539.27025562,3195548.49785969
2026-06-28 09:45:00,71.7,71.7,71.1,71.1,199693.82169518,14247337.46439958
2026-06-28 10:00:00,71.4,71.6,71.0,71.5,113553.39446089,8104866.98877365
2026-06-28 10:15:00,71.3,71.5,71.3,71.5,849.93006993,60614.0
2026-06-28 10:30:00,71.5,71.5,71.5,71.5,1398.6013986,99999.9999999
2026-06-28 10:45:00,71.5,72.1,71.5,72.1,6009.04055944,431781.27999996
2026-06-28 11:00:00,72.3,72.6,72.3,72.5,77115.68154072,5579343.29968421
2026-06-28 11:15:00,72.3,72.3,72.2,72.2,261893.56555998,18913053.47326265
2026-06-28 11:30:00,72.4,72.4,72.4,72.4,137.93103448,9986.20689635
2026-06-28 11:45:00,72.1,72.1,72.1,72.1,89013.42671244,6417868.06596692
2026-06-28 12:15:00,72.1,72.1,72.1,72.1,3275.8,236185.18
2026-06-28 12:30:00,72.2,72.2,72.2,72.2,2789.03324099,201368.19999948
2026-06-28 12:45:00,71.8,72.2,71.8,72.2,14934.48709667,1075141.64168495
2026-06-28 13:15:00,72.2,72.7,72.2,72.7,43837.70614695,3179089.46006718
2026-06-28 13:30:00,72.3,72.3,72.3,72.3,276.62517289,19999.99999995
2026-06-28 13:45:00,72.5,72.9,72.4,72.4,51865.99994335,3759628.56725349
2026-06-28 14:00:00,72.8,72.8,72.6,72.8,72643.22089509,5282921.17992579
2026-06-28 14:15:00,72.8,72.8,72.4,72.4,31083.751196,2251886.48459527
2026-06-28 14:30:00,71.8,71.9,71.8,71.9,100890.82739983,7244639.15170779
2026-06-28 14:45:00,71.9,71.9,71.9,71.9,19002.87463534,1366306.68628095
2026-06-28 15:00:00,71.8,71.8,71.7,71.7,144639.91658231,10377635.01060986
2026-06-28 15:15:00,71.6,71.6,71.5,71.5,182357.2449873,13043178.19761242
2026-06-28 15:30:00,71.6,71.6,71.5,71.5,63100.70515197,4513747.30398569
2026-06-28 15:45:00,71.5,71.9,71.4,71.9,21399.22213285,1531450.67943215
2026-06-28 16:00:00,72.0,72.0,72.0,72.0,138.88888889,10000.00000008
2026-06-28 16:15:00,72.1,72.1,72.1,72.1,255.692,18435.3932
2026-06-28 16:30:00,72.2,72.3,72.2,72.3,691.18138247,49958.56353707
2026-06-28 17:00:00,72.3,72.3,72.1,72.1,3462.15602412,249898.07451194
2026-06-28 17:15:00,72.1,72.1,72.1,72.1,7204.479,519442.9359
2026-06-28 17:30:00,72.1,72.4,71.9,72.4,104250.62217241,7511738.20401567
2026-06-28 17:45:00,72.5,72.5,72.5,72.5,272.19925686,19734.44612235
2026-06-28 18:00:00,72.5,72.5,72.5,72.5,27.80074314,2015.55387765
2026-06-28 18:15:00,72.3,72.3,72.3,72.3,77.6187225,5611.83363675
2026-06-28 18:30:00,72.5,72.5,72.5,72.5,40176.96514833,2912829.97325393
2026-06-28 18:45:00,72.3,72.5,72.1,72.1,12775.01088186,921562.60636247
2026-06-28 19:00:00,72.1,72.1,72.1,72.1,40883.12261883,2947673.14081764
2026-06-28 19:15:00,72.2,72.2,71.9,71.9,323.41527954,23286.84570017
2026-06-28 19:30:00,72.1,72.1,71.7,72.0,24963.32118594,1792205.80027581
2026-06-28 19:45:00,71.8,72.1,71.8,72.0,1741.28593787,125357.49355877
2026-06-28 20:00:00,72.3,72.3,72.0,72.0,459.9811844,33164.50004858
2026-06-28 20:15:00,72.0,72.1,71.9,72.1,272.23007052,19594.16030317
2026-06-28 20:30:00,72.4,72.4,72.2,72.2,46358.99832089,3349322.4710688
2026-06-28 20:45:00,72.4,72.9,72.4,72.9,410011.28299247,29821311.07231212
2026-06-28 21:00:00,72.9,73.0,72.9,73.0,130868.17820386,9547273.06948519
2026-06-28 21:15:00,72.6,73.0,72.3,72.9,447684.40164812,32612824.99363918
2026-06-28 21:30:00,73.1,73.3,72.8,72.8,97948.80801049,7166933.51220751
2026-06-28 21:45:00,73.1,73.1,72.6,72.6,36463.70015679,2648150.70153426
2026-06-28 22:00:00,72.2,72.3,72.2,72.3,3809.38434988,275404.17432377
2026-06-28 22:15:00,72.2,72.3,72.2,72.3,35372.49229233,2555731.72441407
2026-06-28 22:30:00,72.4,72.4,72.4,72.4,712.32958471,51572.661933
