,open,high,low,close,volume,value
2026-05-18 00:30:00,356.0,358.0,356.0,358.0,33270.12681412,11862350.93803949
2026-05-18 00:45:00,358.0,358.0,356.0,356.0,19459.01533068,6947357.31472343
2026-05-18 01:00:00,356.0,356.0,354.0,354.0,16010.37526678,5682230.80649012
2026-05-18 01:15:00,355.0,355.0,354.0,355.0,4700.43162534,1666871.2995957
2026-05-18 01:30:00,355.0,356.0,355.0,356.0,953.82253461,339345.32936341
2026-05-18 01:45:00,355.0,355.0,354.0,354.0,6185.65640091,2195634.84624165
2026-05-18 02:00:00,354.0,355.0,354.0,355.0,31963.30454984,11315611.26979828
2026-05-18 02:15:00,355.0,356.0,354.0,356.0,23630.77366529,8378435.24724442
2026-05-18 02:30:00,354.0,354.0,354.0,354.0,7001.9362,2478685.4148
2026-05-18 02:45:00,354.0,354.0,354.0,354.0,1873.2,663112.8
2026-05-18 03:00:00,355.0,356.0,355.0,356.0,15979.61533653,5684960.9945695
2026-05-18 03:15:00,354.0,355.0,354.0,355.0,1995.70842652,706565.52875079
2026-05-18 03:30:00,355.0,355.0,354.0,354.0,24491.48568539,8686022.84771345
2026-05-18 03:45:00,354.0,356.0,354.0,355.0,8745.58792688,3096633.6063415
2026-05-18 04:00:00,355.0,356.0,355.0,356.0,7485.54410118,2657384.1559189
2026-05-18 04:15:00,356.0,357.0,356.0,357.0,1636.48235292,583536.90691043
2026-05-18 04:30:00,356.0,356.0,356.0,356.0,587.32134629,209086.39927924
2026-05-18 04:45:00,357.0,357.0,357.0,357.0,56509.90399028,20174035.72452996
2026-05-18 05:00:00,357.0,357.0,357.0,357.0,3326.4737339,1187551.1230023
2026-05-18 05:15:00,356.0,356.0,356.0,356.0,2810.0,1000360.0
2026-05-18 05:30:00,356.0,357.0,355.0,357.0,15685.5051847,5587513.2089988
2026-05-18 05:45:00,357.0,357.0,357.0,357.0,30083.28706269,10739733.48138033
2026-05-18 06:00:00,357.0,357.0,356.0,357.0,1473.46160747,525468.69080273
2026-05-18 06:15:00,356.0,359.0,356.0,359.0,2408.61434307,860404.99489506
2026-05-18 06:30:00,358.0,358.0,357.0,357.0,1662.61605545,595188.53664662
2026-05-18 06:45:00,358.0,358.0,357.0,357.0,5076.71711812,1813225.99999565
2026-05-18 07:00:00,357.0,357.0,355.0,356.0,41848.50990468,14873450.71970837
2026-05-18 07:15:00,355.0,356.0,354.0,355.0,21714.89632023,7693790.32424215
2026-05-18 07:30:00,355.0,356.0,355.0,355.0,3785.54358243,1344148.7329986
2026-05-18 07:45:00,354.0,354.0,353.0,353.0,30672.18297891,10853621.17138689
2026-05-18 08:00:00,353.0,353.0,351.0,351.0,203273.99761247,71530074.16129465
2026-05-18 08:15:00,351.0,352.0,350.0,351.0,195405.71861591,68755899.32197963
2026-05-18 08:30:00,350.0,351.0,341.0,347.0,956147.28448342,330639633.6163513
2026-05-18 08:45:00,347.0,351.0,347.0,350.0,110014.43866365,38403172.51290223
2026-05-18 09:00:00,349.0,349.0,345.0,346.0,280526.05151382,97314089.12914161
2026-05-18 09:15:00,346.0,347.0,345.0,347.0,194566.93527314,67380009.41131324
2026-05-18 09:30:00,346.0,347.0,345.0,347.0,298133.09453791,103159528.7049098
2026-05-18 09:45:00,347.0,348.0,346.0,348.0,149530.631218,51851526.25169048
2026-05-18 10:00:00,348.0,349.0,347.0,348.0,107352.91094469,37317607.82183421
2026-05-18 10:15:00,348.0,348.0,346.0,347.0,32801.14080516,11379505.29594708
2026-05-18 10:30:00,347.0,347.0,346.0,346.0,53000.77400125,18354255.46172195
2026-05-18 10:45:00,346.0,348.0,345.0,348.0,43291.4277469,14976652.30351448
2026-05-18 11:00:00,348.0,350.0,348.0,350.0,29195.47719338,10174287.22550563
2026-05-18 11:15:00,350.0,350.0,348.0,349.0,99248.36941188,34655341.18082491
2026-05-18 11:30:00,349.0,350.0,347.0,347.0,71812.13192007,24998519.7070452
2026-05-18 11:45:00,348.0,349.0,347.0,348.0,110058.28910966,38296925.43744513
2026-05-18 12:00:00,349.0,351.0,349.0,350.0,36304.31189344,12691473.52695921
2026-05-18 12:15:00,350.0,350.0,349.0,349.0,386.25060261,134972.88888231
2026-05-18 12:30:00,350.0,350.0,348.0,350.0,186690.52518992,65119884.71959697
2026-05-18 12:45:00,350.0,351.0,349.0,350.0,111699.73301792,39078266.00006045
2026-05-18 13:00:00,350.0,353.0,350.0,353.0,125307.30696422,44092837.111991
2026-05-18 13:15:00,352.0,352.0,350.0,350.0,62717.54143946,22012874.12015718
2026-05-18 13:30:00,350.0,352.0,350.0,351.0,120099.77036369,42077152.17498906
2026-05-18 13:45:00,351.0,352.0,350.0,352.0,175992.69533592,61774470.79308761
2026-05-18 14:00:00,352.0,353.0,352.0,352.0,28028.13247089,9868081.67518523
2026-05-18 14:15:00,351.0,352.0,350.0,351.0,28673.910576,10062863.64248125
2026-05-18 14:30:00,351.0,352.0,350.0,351.0,11467.22127502,4028115.41377531
2026-05-18 14:45:00,351.0,351.0,349.0,350.0,34139.46810325,11940532.6525291
2026-05-18 15:00:00,349.0,350.0,348.0,349.0,51531.52216094,17975431.21010569
2026-05-18 15:15:00,349.0,349.0,347.0,349.0,40246.91552152,14004989.14141959
2026-05-18 15:30:00,348.0,349.0,348.0,348.0,66488.27935081,23140515.63924631
2026-05-18 15:45:00,349.0,350.0,348.0,348.0,27322.30653305,9512207.92990912
2026-05-18 16:00:00,349.0,350.0,348.0,348.0,121143.05343539,42188705.07306662
2026-05-18 16:15:00,348.0,348.0,346.0,348.0,119919.48542468,41565602.855069
2026-05-18 16:30:00,348.0,348.0,347.0,348.0,32731.28469968,11371643.58054836
2026-05-18 16:45:00,347.0,348.0,347.0,347.0,89460.45116084,31045375.85971794
2026-05-18 17:00:00,348.0,349.0,347.0,347.0,84603.5439344,29428059.66533493
2026-05-18 17:15:00,348.0,348.0,347.0,347.0,2546.522964,885377.31135669
2026-05-18 17:30:00,347.0,347.0,346.0,346.0,55177.0887752,19134327.82953335
2026-05-18 17:45:00,346.0,347.0,346.0,347.0,55317.35207051,19153298.30953284
2026-05-18 18:00:00,348.0,348.0,346.0,347.0,1654.62438704,572742.38297166
2026-05-18 18:15:00,347.0,347.0,347.0,347.0,26714.8567216,9270055.2823952
2026-05-18 18:30:00,346.0,347.0,346.0,347.0,22642.84863745,7854571.76255553
2026-05-18 18:45:00,347.0,348.0,346.0,346.0,10194.1301251,3538228.29219768
2026-05-18 19:00:00,347.0,347.0,345.0,346.0,39184.96292367,13557442.92847305
2026-05-18 19:15:00,345.0,347.0,345.0,346.0,24773.73420267,8565851.87695041
2026-05-18 19:30:00,346.0,347.0,344.0,345.0,163837.21944598,56513852.37317576
2026-05-18 19:45:00,345.0,346.0,345.0,345.0,35789.90225525,12347553.7981342
2026-05-18 20:00:00,345.0,345.0,343.0,343.0,192650.39835375,66129750.41963956
2026-05-18 20:15:00,343.0,345.0,343.0,344.0,94534.92879548,32496926.19897835
2026-05-18 20:30:00,344.0,348.0,344.0,348.0,94115.34936712,32546718.49594843
2026-05-18 20:45:00,348.0,348.0,345.0,346.0,109980.67123823,38211923.17969296
2026-05-18 21:00:00,347.0,349.0,347.0,349.0,39686.71988681,13837411.23818506
2026-05-18 21:15:00,348.0,351.0,348.0,351.0,130195.71149601,45497978.11979731
2026-05-18 21:30:00,350.0,352.0,350.0,352.0,196608.72563123,68967995.45262337
2026-05-18 21:45:00,351.0,352.0,350.0,351.0,115515.96067182,40490620.57751086
2026-05-18 22:00:00,350.0,351.0,347.0,349.0,104712.68894973,36367815.42047636
2026-05-18 22:15:00,348.0,349.0,347.0,347.0,70865.81908806,24590985.62617687
2026-05-18 22:30:00,346.0,347.0,344.0,346.0,150607.96176292,52032128.21735182
2026-05-18 22:45:00,345.0,348.0,345.0,347.0,117018.20468345,40487411.55073804
2026-05-18 23:00:00,346.0,347.0,345.0,346.0,50578.4389079,17500162.33169509
2026-05-18 23:15:00,347.0,347.0,344.0,344.0,171641.78054391,59108069.58390874
2026-05-18 23:30:00,344.0,346.0,343.0,345.0,106092.79576401,36539023.53287872
2026-05-18 23:45:00,345.0,345.0,343.0,344.0,66930.34776881,23042935.84765192
2026-05-19 00:00:00,344.0,346.0,343.0,345.0,100114.29504702,34476714.08942664
2026-05-19 00:15:00,344.0,345.0,343.0,344.0,84656.80194981,29115819.23433576
2026-05-19 00:30:00,343.0,345.0,342.0,345.0,15449.65200431,5301652.11335721
2026-05-19 00:45:00,345.0,346.0,344.0,346.0,67042.24699975,23074574.85468044
2026-05-19 01:00:00,345.0,346.0,343.0,346.0,40074.64366182,13816874.38836896
2026-05-19 01:15:00,346.0,346.0,343.0,343.0,80040.98572504,27459114.70389474
2026-05-19 01:30:00,344.0,345.0,344.0,345.0,203.56391134,70054.9999937
2026-05-19 01:45:00,344.0,345.0,343.0,345.0,2540.99072692,873531.0391092
2026-05-19 02:15:00,344.0,345.0,344.0,345.0,14911.4264477,5144151.42678208
2026-05-19 02:30:00,345.0,345.0,345.0,345.0,12551.14471748,4330144.9275306
2026-05-19 02:45:00,344.0,345.0,344.0,345.0,305.20492637,105005.00191765
2026-05-19 03:00:00,344.0,345.0,342.0,343.0,33081.58554889,11327075.70118736
2026-05-19 03:15:00,344.0,344.0,341.0,342.0,115957.46927547,39596167.02039951
2026-05-19 03:30:00,343.0,343.0,342.0,343.0,13514.48454186,4630525.75092266
2026-05-19 03:45:00,343.0,344.0,342.0,342.0,33534.70333887,11470338.07433127
2026-05-19 04:00:00,343.0,347.0,343.0,346.0,12964.90103513,4471304.28075085
2026-05-19 04:15:00,346.0,347.0,345.0,347.0,2415.94079306,835056.06515416
2026-05-19 04:30:00,347.0,350.0,347.0,350.0,653.78713067,227581.22844065
2026-05-19 04:45:00,350.0,351.0,349.0,350.0,3916.82414105,1367481.22118825
2026-05-19 05:00:00,350.0,351.0,349.0,350.0,77942.13923335,27243242.27953335
2026-05-19 05:15:00,350.0,350.0,350.0,350.0,2425.72334,849003.169
2026-05-19 05:30:00,351.0,352.0,350.0,350.0,31728.19262216,11110559.13986612
2026-05-19 05:45:00,350.0,350.0,349.0,349.0,71.59230453,24999.99999525
2026-05-19 06:00:00,348.0,352.0,348.0,352.0,56289.4175758,19695147.21655514
2026-05-19 06:15:00,352.0,352.0,351.0,351.0,1889.80198297,663367.7678411
2026-05-19 06:30:00,352.0,353.0,351.0,353.0,48446.97530932,17040436.42886435
2026-05-19 06:45:00,353.0,355.0,352.0,354.0,48120.80350472,17024639.21175012
2026-05-19 07:00:00,354.0,355.0,354.0,355.0,66577.21736747,23578099.94590414
2026-05-19 07:15:00,355.0,357.0,355.0,357.0,61872.04223488,22039078.58232613
2026-05-19 07:30:00,356.0,356.0,355.0,355.0,20136.82963161,7162950.66969966
2026-05-19 07:45:00,354.0,354.0,353.0,353.0,12762.45019186,4510177.89249849
2026-05-19 08:00:00,354.0,355.0,354.0,355.0,38989.91432357,13805663.49468488
2026-05-19 08:15:00,355.0,355.0,354.0,354.0,8504.37639784,3014264.44421095
2026-05-19 08:30:00,354.0,354.0,353.0,354.0,72376.42926782,25621190.88502523
2026-05-19 08:45:00,354.0,354.0,353.0,353.0,113320.75499822,40038581.93270767
2026-05-19 09:00:00,354.0,354.0,353.0,354.0,76362.29538702,27003228.4069605
2026-05-19 09:15:00,355.0,357.0,354.0,355.0,75563.32641372,26836186.29376881
2026-05-19 09:30:00,355.0,355.0,353.0,353.0,116113.61892954,41091573.30079222
2026-05-19 09:45:00,353.0,355.0,353.0,354.0,26913.13208336,9520656.02132159
2026-05-19 10:00:00,354.0,355.0,353.0,355.0,78498.18221533,27739733.36365351
2026-05-19 10:15:00,354.0,354.0,351.0,351.0,26890.18628478,9475424.52190086
2026-05-19 10:30:00,352.0,353.0,352.0,352.0,42624.63634113,15003886.1563837
2026-05-19 10:45:00,354.0,354.0,351.0,351.0,6503.04191045,2291882.9972721
2026-05-19 11:00:00,351.0,352.0,350.0,351.0,44677.89727017,15681036.66127741
2026-05-19 11:15:00,351.0,353.0,351.0,353.0,83753.8332068,29485636.10438823
2026-05-19 11:30:00,353.0,353.0,351.0,352.0,20147.841243,7085263.55410765
2026-05-19 11:45:00,352.0,353.0,351.0,352.0,97546.68387937,34362195.47869979
2026-05-19 12:00:00,352.0,355.0,352.0,355.0,38029.6604167,13492554.55634842
2026-05-19 12:15:00,356.0,356.0,355.0,356.0,54229.46566311,19304705.77248267
2026-05-19 12:30:00,356.0,357.0,355.0,355.0,53260.659536,18948236.00845954
2026-05-19 12:45:00,355.0,357.0,355.0,355.0,94230.13929204,33497906.95042448
2026-05-19 13:00:00,355.0,358.0,355.0,357.0,168822.54981292,60236464.79964057
2026-05-19 13:15:00,357.0,358.0,357.0,358.0,66171.36248004,23628479.93939915
2026-05-19 13:30:00,357.0,359.0,357.0,359.0,64628.33374146,23101306.00758741
2026-05-19 13:45:00,359.0,360.0,358.0,359.0,70129.53218552,25177497.47807594
2026-05-19 14:00:00,360.0,361.0,358.0,358.0,199397.68113903,71641856.65566167
2026-05-19 14:15:00,358.0,360.0,356.0,359.0,219662.05904409,78601663.97259246
2026-05-19 14:30:00,358.0,362.0,358.0,359.0,83545.52071247,29989161.30857291
2026-05-19 14:45:00,359.0,360.0,358.0,359.0,103652.45901762,37213897.37007058
2026-05-19 15:00:00,359.0,359.0,358.0,359.0,42122.77643097,15118041.93031761
2026-05-19 15:15:00,359.0,360.0,358.0,359.0,90468.78657426,32398307.33799182
2026-05-19 15:30:00,359.0,359.0,357.0,357.0,27964.40523518,9995843.23421623
2026-05-19 15:45:00,357.0,358.0,357.0,357.0,1239.66574339,442839.99999916
2026-05-19 16:00:00,357.0,358.0,356.0,357.0,60438.46691996,21531146.78181075
2026-05-19 16:15:00,357.0,358.0,357.0,358.0,28822.02814582,10307719.87929295
2026-05-19 16:30:00,357.0,358.0,357.0,357.0,109391.94313547,39080408.32775808
2026-05-19 16:45:00,358.0,358.0,357.0,358.0,5134.61278484,1838137.82372339
2026-05-19 17:00:00,358.0,358.0,355.0,355.0,60413.80674635,21553233.94141917
2026-05-19 17:15:00,356.0,356.0,356.0,356.0,14075.12553722,5010744.69125032
2026-05-19 17:30:00,356.0,357.0,356.0,356.0,24572.63367196,8753155.4758393
2026-05-19 17:45:00,357.0,357.0,355.0,356.0,87673.50922855,31209828.62389713
2026-05-19 18:00:00,355.0,355.0,355.0,355.0,69042.93623217,24510242.36242035
2026-05-19 18:15:00,355.0,356.0,352.0,353.0,226243.57062361,80216565.27836508
2026-05-19 18:30:00,353.0,354.0,353.0,353.0,11803.40160713,4167249.06731689
2026-05-19 18:45:00,353.0,354.0,353.0,353.0,17194.8169916,6069826.89520994
2026-05-19 19:00:00,354.0,354.0,353.0,353.0,19119.52288742,6749205.84479598
2026-05-19 19:15:00,353.0,353.0,353.0,353.0,16023.57436992,5656321.75258176
2026-05-19 19:30:00,353.0,354.0,352.0,352.0,48504.19084565,17113221.24974806
2026-05-19 19:45:00,352.0,353.0,351.0,352.0,30833.19471656,10854083.2918492
2026-05-19 20:00:00,352.0,352.0,352.0,352.0,42030.42256487,14794708.74283424
2026-05-19 20:15:00,351.0,352.0,350.0,350.0,67092.10039784,23520474.98322477
2026-05-19 20:30:00,350.0,350.0,350.0,350.0,40442.64671182,14154926.349137
2026-05-19 20:45:00,349.0,351.0,349.0,350.0,13273.24744033,4645919.49413195
2026-05-19 21:00:00,350.0,350.0,349.0,349.0,106653.50701552,37260091.04990357
2026-05-19 21:15:00,349.0,351.0,349.0,351.0,7586.75099028,2651228.98595299
2026-05-19 21:30:00,351.0,351.0,351.0,351.0,27009.52547093,9480343.44029643
2026-05-19 21:45:00,351.0,352.0,351.0,352.0,5840.40457155,2055535.53569438
2026-05-19 22:00:00,352.0,352.0,351.0,352.0,37468.99317541,13185662.40478982
2026-05-19 22:15:00,352.0,358.0,352.0,354.0,174020.10715855,61801186.91980939
2026-05-19 22:30:00,355.0,355.0,352.0,354.0,83062.25677798,29303125.23456997
2026-05-19 22:45:00,353.0,354.0,351.0,354.0,154812.74490531,54607114.93416339
2026-05-19 23:00:00,352.0,353.0,351.0,352.0,31698.40022672,11157791.59926157
2026-05-19 23:15:00,352.0,353.0,347.0,349.0,334518.67427965,116756699.02265948
2026-05-19 23:30:00,348.0,348.0,346.0,348.0,63412.32182726,22034136.6951396
2026-05-19 23:45:00,347.0,347.0,344.0,347.0,221008.49541724,76409774.85668182
2026-05-20 00:00:00,346.0,348.0,346.0,348.0,54007.72734012,18765256.45552345
2026-05-20 00:15:00,347.0,347.0,346.0,346.0,46182.75331339,15992106.17467054
2026-05-20 00:45:00,347.0,347.0,347.0,347.0,11587.99249363,4021033.39528961
2026-05-20 01:00:00,347.0,347.0,346.0,346.0,25247.11436503,8735781.03518061
2026-05-20 01:15:00,346.0,347.0,346.0,347.0,40946.63133287,14198113.16810726
2026-05-20 01:30:00,347.0,348.0,347.0,348.0,12711.66397113,4422474.77550372
2026-05-20 01:45:00,348.0,349.0,348.0,349.0,29498.25190043,10278974.46769611
2026-05-20 02:00:00,349.0,349.0,349.0,349.0,17279.60008841,6030580.43085509
2026-05-20 02:15:00,349.0,349.0,348.0,348.0,15055.54018559,5242647.10582699
2026-05-20 02:30:00,347.0,347.0,346.0,347.0,26873.50939046,9304445.78600766
2026-05-20 02:45:00,346.0,346.0,345.0,346.0,9469.04018818,3266999.5497481
2026-05-20 03:00:00,346.0,348.0,346.0,348.0,9094.06221271,3156373.1990253
2026-05-20 03:15:00,347.0,347.0,347.0,347.0,20428.75749427,7088778.85051169
2026-05-20 03:30:00,345.0,346.0,345.0,346.0,1011.99052443,349466.47934893
2026-05-20 03:45:00,347.0,347.0,347.0,347.0,4190.18350866,1453993.67750502
2026-05-20 04:00:00,346.0,348.0,346.0,348.0,5980.22594003,2080510.59244836
2026-05-20 04:15:00,348.0,348.0,346.0,346.0,21422.45683157,7436430.62245575
2026-05-20 04:30:00,347.0,347.0,347.0,347.0,9079.97406339,3150750.99999633
2026-05-20 04:45:00,347.0,347.0,346.0,347.0,13746.15769008,4766262.41307314
2026-05-20 05:00:00,347.0,348.0,346.0,348.0,14733.1654024,5109605.73371877
2026-05-20 05:30:00,348.0,348.0,348.0,348.0,4696.26221227,1634299.24986996
2026-05-20 05:45:00,349.0,349.0,349.0,349.0,10994.25616704,3836995.40229696
2026-05-20 06:00:00,348.0,350.0,348.0,350.0,56517.34164469,19668092.03520926
2026-05-20 06:15:00,350.0,350.0,349.0,349.0,130.05907308,45419.18793349
2026-05-20 06:30:00,350.0,350.0,350.0,350.0,26590.5390162,9306688.65567
2026-05-20 06:45:00,350.0,350.0,349.0,349.0,64901.63113176,22714590.0077307
2026-05-20 07:00:00,349.0,349.0,347.0,347.0,36267.70464268,12616302.0477959
2026-05-20 07:15:00,348.0,348.0,348.0,348.0,2829.38878261,984627.29634828
2026-05-20 07:30:00,347.0,349.0,346.0,349.0,26551.32681223,9208522.6424896
2026-05-20 07:45:00,349.0,349.0,348.0,349.0,43162.59903343,15061747.06266707
2026-05-20 08:00:00,348.0,349.0,348.0,349.0,5713.84880008,1991355.83032252
2026-05-20 08:15:00,350.0,351.0,349.0,350.0,26877.4096447,9390357.57222629
2026-05-20 08:30:00,349.0,350.0,349.0,349.0,4198.45803752,1465290.42652305
2026-05-20 08:45:00,348.0,348.0,348.0,348.0,9580.77413523,3334109.39906004
2026-05-20 09:00:00,348.0,349.0,348.0,348.0,24907.66229051,8668219.48845132
2026-05-20 09:15:00,348.0,348.0,347.0,348.0,164895.02774902,57234490.97412637
2026-05-20 09:30:00,348.0,349.0,347.0,349.0,41698.68408893,14503530.7868446
2026-05-20 09:45:00,349.0,349.0,348.0,348.0,11157.50364947,3893213.01918933
2026-05-20 10:00:00,349.0,350.0,348.0,350.0,20676.96473376,7217074.30022388
2026-05-20 10:15:00,351.0,351.0,348.0,348.0,88261.00025331,30875159.89019818
2026-05-20 10:30:00,349.0,350.0,349.0,350.0,41512.56461731,14489274.3367985
2026-05-20 10:45:00,350.0,352.0,350.0,352.0,28515.99272029,9996386.40128915
2026-05-20 11:00:00,352.0,352.0,351.0,351.0,115441.82460674,40627575.324207
2026-05-20 11:15:00,351.0,353.0,351.0,353.0,37790.3519726,13302401.36444823
2026-05-20 11:30:00,352.0,353.0,350.0,351.0,32887.29966485,11540728.87328208
2026-05-20 11:45:00,351.0,351.0,349.0,350.0,43113.73830601,15093808.4071035
2026-05-20 12:00:00,349.0,350.0,349.0,350.0,7264.15695467,2539937.28390088
2026-05-20 12:15:00,350.0,350.0,349.0,350.0,23822.51820632,8332390.95175213
2026-05-20 12:30:00,350.0,351.0,350.0,351.0,23054.23986882,8075347.36497413
2026-05-20 12:45:00,350.0,350.0,349.0,349.0,21190.14778323,7408266.37252059
2026-05-20 13:00:00,350.0,350.0,349.0,349.0,47116.18566075,16484788.49533696
2026-05-20 13:15:00,349.0,350.0,349.0,350.0,17777.25947518,6221749.2711235
2026-05-20 13:30:00,350.0,350.0,349.0,350.0,30947.91974097,10808899.51890486
2026-05-20 13:45:00,350.0,351.0,350.0,351.0,35451.48720666,12414036.80075195
2026-05-20 14:00:00,351.0,354.0,351.0,353.0,46337.70367715,16366547.10258215
2026-05-20 14:15:00,353.0,354.0,353.0,353.0,46543.851097,16453027.16718138
2026-05-20 14:30:00,353.0,355.0,353.0,355.0,48756.0367049,17295656.43273465
2026-05-20 14:45:00,355.0,355.0,353.0,353.0,101726.73293168,36007781.75762984
2026-05-20 15:00:00,353.0,355.0,353.0,354.0,27947.92176712,9914981.27355264
2026-05-20 15:15:00,354.0,355.0,353.0,353.0,64788.76838167,22938602.81170241
2026-05-20 15:30:00,352.0,354.0,352.0,353.0,85873.66506478,30313312.59275402
2026-05-20 15:45:00,353.0,355.0,353.0,354.0,31140.99799188,10998913.99258337
2026-05-20 16:00:00,354.0,355.0,354.0,355.0,84919.20337519,30073485.11054095
2026-05-20 16:15:00,355.0,356.0,355.0,356.0,13583.6093333,4822658.80068104
2026-05-20 16:30:00,356.0,356.0,355.0,355.0,18546.52689362,6602280.91699914
2026-05-20 16:45:00,356.0,357.0,355.0,355.0,81798.45389105,29104783.61736694
2026-05-20 17:00:00,356.0,357.0,355.0,355.0,69167.81950921,24624645.28449371
2026-05-20 17:15:00,355.0,356.0,354.0,356.0,42066.61930282,14924411.49755226
2026-05-20 17:30:00,356.0,356.0,356.0,356.0,48636.01957513,17314422.96874628
2026-05-20 17:45:00,357.0,357.0,355.0,356.0,34572.97851214,12290317.90688107
2026-05-20 18:00:00,356.0,356.0,355.0,356.0,63677.768828,22663386.43073128
2026-05-20 18:15:00,355.0,355.0,355.0,355.0,49493.8131136,17570303.655328
2026-05-20 18:30:00,355.0,356.0,354.0,356.0,19236.14703722,6822023.20590319
2026-05-20 18:45:00,355.0,355.0,355.0,355.0,5299.42287937,1881295.12217635
2026-05-20 19:00:00,355.0,356.0,354.0,354.0,30776.72807391,10927009.29183421
2026-05-20 19:15:00,355.0,355.0,354.0,355.0,17674.81690578,6272536.88016462
2026-05-20 19:30:00,355.0,356.0,354.0,355.0,33977.32072647,12063944.60302285
2026-05-20 19:45:00,355.0,355.0,354.0,354.0,13308.52008403,4721049.10401451
2026-05-20 20:00:00,355.0,355.0,354.0,354.0,45774.85436894,16207123.30536182
2026-05-20 20:15:00,354.0,354.0,353.0,354.0,13205.80289687,4674429.2963135
2026-05-20 20:30:00,354.0,354.0,354.0,354.0,17048.04419805,6035007.6461097
2026-05-20 20:45:00,354.0,354.0,353.0,354.0,22488.68109868,7954659.65638918
2026-05-20 21:00:00,354.0,354.0,354.0,354.0,52013.09956792,18412637.24704368
2026-05-20 21:15:00,354.0,354.0,354.0,354.0,43644.63691107,15450201.46651878
2026-05-20 21:30:00,354.0,356.0,354.0,356.0,52569.6018524,18702557.05217103
2026-05-20 21:45:00,356.0,358.0,356.0,358.0,37642.90808147,13441181.5603967
2026-05-20 22:00:00,358.0,358.0,357.0,357.0,20186.55085803,7211740.51554071
2026-05-20 22:15:00,357.0,358.0,356.0,356.0,105042.07204358,37465727.38301709
2026-05-20 22:30:00,356.0,357.0,354.0,355.0,208035.33412683,73782224.30506381
2026-05-20 22:45:00,356.0,357.0,355.0,355.0,17343.6581501,6164136.8010561
2026-05-20 23:00:00,356.0,357.0,355.0,357.0,44244.90437688,15775367.5115482
2026-05-20 23:15:00,358.0,360.0,358.0,359.0,84070.05204476,30237263.99003962
2026-05-20 23:30:00,361.0,362.0,358.0,361.0,112660.92496362,40511606.05239241
2026-05-20 23:45:00,361.0,363.0,360.0,362.0,139011.49186541,50248063.33777768
2026-05-21 00:00:00,362.0,362.0,359.0,360.0,43436.20967032,15677710.23758172
2026-05-21 00:15:00,360.0,363.0,360.0,361.0,67719.18900869,24480239.02641127
2026-05-21 00:30:00,361.0,362.0,360.0,361.0,7573.28278391,2732758.85825554
2026-05-21 00:45:00,362.0,363.0,361.0,363.0,41789.93116241,15137591.17840517
2026-05-21 01:00:00,363.0,365.0,363.0,365.0,136912.72549437,49840149.79836512
2026-05-21 01:15:00,364.0,364.0,362.0,363.0,58340.59711667,21174931.8044243
2026-05-21 01:30:00,363.0,365.0,363.0,365.0,16069.28594114,5833592.03749618
2026-05-21 01:45:00,364.0,364.0,363.0,364.0,28323.3859398,10309436.99999354
2026-05-21 02:00:00,364.0,364.0,361.0,363.0,229374.4170304,83112292.2098972
2026-05-21 02:15:00,363.0,363.0,361.0,361.0,93299.8709023,33771522.50947569
2026-05-21 02:30:00,362.0,362.0,362.0,362.0,15815.62779429,5725257.26153298
2026-05-21 02:45:00,363.0,363.0,361.0,361.0,11450.707982,4135468.63022623
2026-05-21 03:00:00,361.0,361.0,360.0,360.0,27938.84989495,10068749.00854881
2026-05-21 03:15:00,360.0,361.0,359.0,359.0,23589.34577855,8492321.90806476
2026-05-21 03:30:00,361.0,361.0,359.0,359.0,175131.49610057,62932100.95894134
2026-05-21 03:45:00,359.0,360.0,359.0,360.0,14450.26872789,5197646.47331251
2026-05-21 04:00:00,360.0,360.0,358.0,360.0,53403.45169865,19170223.45371494
2026-05-21 04:15:00,359.0,361.0,359.0,361.0,17383.31642836,6259281.01300877
2026-05-21 04:30:00,361.0,362.0,361.0,362.0,663.01326885,239899.9999996
2026-05-21 04:45:00,362.0,362.0,361.0,361.0,1551.24381518,560026.64158937
2026-05-21 05:00:00,361.0,362.0,361.0,361.0,18546.84919105,6695550.67951601
2026-05-21 05:15:00,361.0,361.0,358.0,359.0,35026.7770354,12634485.67799799
2026-05-21 05:30:00,359.0,359.0,359.0,359.0,8422.75491467,3023769.01436653
2026-05-21 05:45:00,359.0,360.0,359.0,360.0,28189.78349374,10121134.22425265
2026-05-21 06:00:00,360.0,361.0,360.0,360.0,5641.2599971,2031152.71697213
2026-05-21 06:15:00,360.0,360.0,359.0,359.0,12062.61082945,4333286.74890019
2026-05-21 06:30:00,359.0,359.0,358.0,359.0,49252.35267569,17638168.07632234
2026-05-21 06:45:00,360.0,360.0,358.0,358.0,11773.4235969,4229385.14550649
2026-05-21 07:00:00,358.0,359.0,357.0,358.0,50879.39388734,18186816.77893983
2026-05-21 07:15:00,358.0,359.0,356.0,358.0,36826.45545091,13168710.10257808
2026-05-21 07:30:00,358.0,359.0,357.0,358.0,8399.12814147,3004364.23446184
2026-05-21 07:45:00,358.0,360.0,358.0,359.0,184242.65623497,66134821.54368646
2026-05-21 08:00:00,360.0,360.0,358.0,359.0,19458.11857804,6992579.5372029
2026-05-21 08:15:00,359.0,359.0,358.0,359.0,13457.13813714,4830137.97353447
2026-05-21 08:30:00,359.0,361.0,359.0,360.0,33756.04362777,12133426.54510096
2026-05-21 08:45:00,359.0,360.0,358.0,360.0,102904.87336571,36941713.49331808
2026-05-21 09:00:00,360.0,360.0,358.0,359.0,60415.99386624,21690912.98281148
2026-05-21 09:15:00,360.0,361.0,359.0,361.0,20862.72925374,7509610.4705423
2026-05-21 09:30:00,361.0,362.0,360.0,361.0,10269.41076272,3706639.30751515
2026-05-21 09:45:00,361.0,363.0,360.0,363.0,51484.2317838,18630281.4512903
2026-05-21 10:00:00,363.0,363.0,362.0,362.0,6634.36546231,2403037.70782453
2026-05-21 10:15:00,362.0,362.0,361.0,362.0,201309.11181653,72827104.73464912
2026-05-21 10:30:00,361.0,362.0,361.0,361.0,73196.00563426,26424807.27433385
2026-05-21 10:45:00,361.0,363.0,361.0,362.0,43898.60901136,15903961.28660195
2026-05-21 11:00:00,361.0,363.0,361.0,363.0,48690.78587031,17625874.04609681
2026-05-21 11:15:00,363.0,364.0,363.0,364.0,37752.07369919,13710424.96412978
2026-05-21 11:30:00,364.0,364.0,362.0,363.0,7558.13594129,2744754.39567352
2026-05-21 11:45:00,363.0,363.0,362.0,362.0,27069.08001146,9821552.31737621
2026-05-21 12:00:00,362.0,363.0,362.0,363.0,36464.31156794,13213873.80527274
2026-05-21 12:15:00,362.0,364.0,362.0,364.0,15479.46213548,5612157.29676577
2026-05-21 12:30:00,364.0,364.0,364.0,364.0,6660.84486461,2424547.53071804
2026-05-21 12:45:00,364.0,364.0,362.0,363.0,126026.27242054,45746200.98562128
2026-05-21 13:00:00,363.0,364.0,363.0,363.0,12900.37527227,4689282.40332831
2026-05-21 13:15:00,363.0,364.0,362.0,363.0,42016.15144169,15238903.62438009
2026-05-21 13:30:00,364.0,364.0,362.0,362.0,54794.95881752,19873735.62980665
2026-05-21 13:45:00,362.0,363.0,362.0,362.0,76020.74809119,27534703.64647631
2026-05-21 14:00:00,362.0,363.0,362.0,362.0,60390.72705391,21864250.94089509
2026-05-21 14:15:00,362.0,362.0,360.0,360.0,39149.10484978,14137120.82866606
2026-05-21 14:30:00,361.0,361.0,360.0,361.0,117114.24823104,42193010.58375519
2026-05-21 14:45:00,360.0,361.0,360.0,360.0,58991.40309688,21236921.35161384
2026-05-21 15:00:00,360.0,361.0,360.0,360.0,82802.40171378,29811663.78593586
2026-05-21 15:15:00,361.0,362.0,361.0,361.0,25137.13205526,9074532.37277988
2026-05-21 15:30:00,361.0,361.0,359.0,359.0,33422.19276122,12033366.45450899
2026-05-21 15:45:00,360.0,361.0,360.0,360.0,55580.75649888,20013481.03765774
2026-05-21 16:00:00,361.0,361.0,360.0,360.0,18196.04990452,6551566.40056485
2026-05-21 16:15:00,361.0,361.0,360.0,360.0,8749.47435476,3150088.54549137
2026-05-21 16:30:00,360.0,363.0,360.0,363.0,117124.69243768,42340734.52103152
2026-05-21 16:45:00,363.0,363.0,362.0,363.0,22910.08389186,8293632.69642231
2026-05-21 17:00:00,363.0,364.0,362.0,364.0,8562.17618107,3107972.41494159
2026-05-21 17:15:00,364.0,365.0,364.0,365.0,8065.71555371,2936195.04851999
2026-05-21 17:30:00,365.0,365.0,363.0,363.0,27002.97715088,9804961.99389248
2026-05-21 17:45:00,363.0,363.0,363.0,363.0,7470.94531039,2711953.14767157
2026-05-21 18:00:00,363.0,365.0,363.0,365.0,123700.69595678,45021603.8604397
2026-05-21 18:15:00,365.0,365.0,363.0,364.0,76278.32176022,27789334.70120094
2026-05-21 18:30:00,363.0,364.0,361.0,361.0,61012.25531099,22073391.93973328
2026-05-21 18:45:00,362.0,363.0,361.0,361.0,29883.17810176,10803375.56653316
2026-05-21 19:00:00,361.0,362.0,360.0,362.0,43811.07899785,15830056.73949732
2026-05-21 19:15:00,362.0,362.0,358.0,358.0,184549.14804231,66241944.49353076
2026-05-21 19:30:00,358.0,360.0,358.0,359.0,24881.93198699,8927518.20864958
2026-05-21 19:45:00,359.0,360.0,358.0,358.0,35916.67802489,12909472.58732998
2026-05-21 20:00:00,358.0,360.0,358.0,360.0,50731.91643238,18211656.87357886
2026-05-21 20:15:00,359.0,360.0,359.0,360.0,18089.77953319,6495608.95672054
2026-05-21 20:30:00,359.0,359.0,358.0,358.0,85025.99403879,30489308.65206101
2026-05-21 20:45:00,358.0,358.0,358.0,358.0,74427.98123493,26645217.28210494
2026-05-21 21:00:00,359.0,359.0,358.0,358.0,15336.90787529,5492113.01935382
2026-05-21 21:15:00,358.0,359.0,357.0,358.0,61332.63496423,21945442.84175258
2026-05-21 21:30:00,358.0,360.0,358.0,360.0,22447.40249105,8044502.110237
2026-05-21 21:45:00,360.0,361.0,359.0,360.0,42823.76978561,15412193.2859972
2026-05-21 22:00:00,360.0,361.0,360.0,360.0,9078.36259112,3268358.10904653
2026-05-21 22:15:00,360.0,361.0,360.0,360.0,31784.65472776,11448115.86819858
2026-05-21 22:30:00,360.0,360.0,357.0,357.0,104497.35312998,37442963.50080963
2026-05-21 22:45:00,358.0,360.0,357.0,360.0,110405.07735328,39646071.77849153
2026-05-21 23:00:00,361.0,361.0,359.0,359.0,41381.58752573,14897990.0052666
2026-05-21 23:15:00,359.0,360.0,358.0,359.0,9371.36152766,3368981.75801291
2026-05-21 23:30:00,359.0,361.0,359.0,359.0,44936.42340672,16206470.70660624
2026-05-21 23:45:00,359.0,359.0,359.0,359.0,296.05802567,106284.83121553
2026-05-22 00:00:00,360.0,361.0,359.0,361.0,147016.60868894,52859333.29227226
2026-05-22 00:15:00,361.0,362.0,361.0,362.0,15709.05808389,5684441.66061491
2026-05-22 00:30:00,361.0,361.0,361.0,361.0,60557.27655311,21861176.83567271
2026-05-22 00:45:00,362.0,362.0,361.0,362.0,8389.39640291,3036927.16844543
2026-05-22 01:00:00,362.0,362.0,362.0,362.0,15838.98922651,5733714.09999662
2026-05-22 01:15:00,361.0,361.0,361.0,361.0,16.64816428,6009.98730508
2026-05-22 01:30:00,362.0,363.0,362.0,362.0,1003.90831325,363443.72124223
2026-05-22 01:45:00,362.0,362.0,361.0,362.0,9277.74464938,3349391.56910726
2026-05-22 02:00:00,362.0,365.0,362.0,363.0,4568.4955621,1658783.39122718
2026-05-22 02:15:00,364.0,366.0,364.0,366.0,64017.18820834,23332463.59889566
2026-05-22 02:30:00,366.0,367.0,366.0,367.0,49672.9876727,18192710.13592411
2026-05-22 02:45:00,366.0,368.0,366.0,367.0,7028.98549792,2575398.80703552
2026-05-22 03:00:00,366.0,367.0,365.0,367.0,14684.32664408,5373391.64564513
2026-05-22 03:15:00,367.0,371.0,367.0,371.0,317442.26135344,117307472.84584656
2026-05-22 03:30:00,371.0,371.0,369.0,371.0,54662.77566141,20217003.11056138
2026-05-22 03:45:00,370.0,370.0,366.0,368.0,14587.56410226,5357766.26719362
2026-05-22 04:00:00,369.0,369.0,369.0,369.0,6312.00012149,2329128.04482981
2026-05-22 04:15:00,369.0,370.0,369.0,369.0,43302.9748015,15978830.7017535
2026-05-22 04:30:00,369.0,370.0,369.0,370.0,37764.9203101,13972755.514737
2026-05-22 04:45:00,370.0,371.0,370.0,370.0,115922.30301097,42997423.31857849
2026-05-22 05:00:00,370.0,371.0,370.0,370.0,17010.64247148,6309855.60643378
2026-05-22 05:15:00,370.0,370.0,370.0,370.0,13232.43243243,4895999.9999991
2026-05-22 05:30:00,370.0,373.0,370.0,373.0,140612.14541382,52170371.05766965
2026-05-22 05:45:00,374.0,375.0,373.0,373.0,94691.65379067,35394179.94857109
2026-05-22 06:00:00,374.0,376.0,373.0,375.0,80214.818967,30063609.65649494
2026-05-22 06:15:00,374.0,375.0,374.0,375.0,93413.69178334,35012306.86081091
2026-05-22 06:30:00,375.0,375.0,373.0,375.0,14735.36725402,5525511.08406937
2026-05-22 06:45:00,375.0,375.0,374.0,374.0,39732.34810849,14866547.31816843
2026-05-22 07:00:00,373.0,373.0,371.0,372.0,309463.80031753,115086409.81634656
2026-05-22 07:15:00,372.0,372.0,371.0,372.0,33837.66456094,12564436.84437136
2026-05-22 07:30:00,371.0,372.0,371.0,371.0,65742.25765543,24432003.98324764
2026-05-22 07:45:00,371.0,371.0,371.0,371.0,36515.84440682,13547378.27493022
2026-05-22 08:00:00,371.0,371.0,370.0,370.0,39859.60442028,14765107.10468413
2026-05-22 08:15:00,369.0,370.0,368.0,369.0,60574.43198091,22365096.52787029
2026-05-22 08:30:00,370.0,373.0,370.0,372.0,77399.81774657,28685548.48887807
2026-05-22 08:45:00,372.0,373.0,371.0,373.0,37123.06859652,13810969.39223957
2026-05-22 09:00:00,372.0,374.0,372.0,373.0,113822.87834293,42445236.75605993
2026-05-22 09:15:00,373.0,374.0,371.0,371.0,38492.89557692,14305562.65193537
2026-05-22 09:30:00,372.0,372.0,370.0,370.0,28802.56969975,10680356.20525547
2026-05-22 09:45:00,371.0,371.0,370.0,370.0,68201.26977709,25244535.65183657
2026-05-22 10:00:00,370.0,371.0,370.0,371.0,22368.27645679,8276343.15154595
2026-05-22 10:15:00,371.0,372.0,369.0,371.0,73163.24755457,27115357.04961453
2026-05-22 10:30:00,370.0,371.0,369.0,369.0,34750.86108314,12833536.94626449
2026-05-22 10:45:00,369.0,371.0,369.0,371.0,66140.53623669,24411523.25481786
2026-05-22 11:00:00,371.0,372.0,370.0,370.0,42217.24045456,15680062.92374338
2026-05-22 11:15:00,370.0,372.0,370.0,372.0,21683.79547333,8050694.86690602
2026-05-22 11:30:00,371.0,372.0,370.0,372.0,22513.68131346,8363932.74042423
2026-05-22 11:45:00,372.0,372.0,370.0,370.0,52192.84697544,19413666.11316038
2026-05-22 12:00:00,372.0,372.0,372.0,372.0,9995.82124121,3718445.50173012
2026-05-22 12:15:00,372.0,372.0,371.0,371.0,19575.48415725,7268208.79521439
2026-05-22 12:30:00,371.0,372.0,371.0,372.0,27875.71409418,10343035.3933103
2026-05-22 12:45:00,373.0,374.0,372.0,374.0,13632.69933228,5084881.70442568
2026-05-22 13:00:00,374.0,375.0,372.0,374.0,32889.13713343,12299909.0051145
2026-05-22 13:15:00,375.0,375.0,373.0,375.0,22482.70943604,8420290.55408545
2026-05-22 13:30:00,375.0,375.0,374.0,375.0,14929.48508596,5595857.90481565
2026-05-22 13:45:00,374.0,375.0,372.0,372.0,101421.91483686,37809755.33558799
2026-05-22 14:00:00,372.0,373.0,371.0,373.0,10756.32347907,4000532.42537208
2026-05-22 14:15:00,373.0,373.0,372.0,373.0,48368.82521874,18031571.80659002
2026-05-22 14:30:00,372.0,373.0,372.0,372.0,107699.2102016,40071606.62634546
2026-05-22 14:45:00,372.0,374.0,372.0,373.0,37378.17103777,13923786.88423596
2026-05-22 15:00:00,373.0,373.0,372.0,373.0,3788.25128915,1412424.43106606
2026-05-22 15:15:00,374.0,374.0,370.0,371.0,82019.5588045,30457365.23960181
2026-05-22 15:30:00,372.0,373.0,371.0,373.0,5858.48574768,2179457.28256324
2026-05-22 15:45:00,373.0,373.0,372.0,372.0,11625.22688453,4334584.40104516
2026-05-22 16:00:00,372.0,372.0,371.0,372.0,112199.11802092,41720594.16916649
2026-05-22 16:15:00,372.0,374.0,372.0,374.0,38025.86649664,14205953.20501064
2026-05-22 16:30:00,374.0,378.0,374.0,378.0,252728.62275511,95014755.50132464
2026-05-22 16:45:00,377.0,378.0,374.0,374.0,88291.97590183,33278021.59020075
2026-05-22 17:00:00,374.0,376.0,374.0,376.0,116268.05694351,43556351.89360732
2026-05-22 17:15:00,377.0,379.0,377.0,379.0,23375.33287445,8839564.47332694
2026-05-22 17:30:00,379.0,379.0,375.0,377.0,208952.18268136,78782806.78997909
2026-05-22 17:45:00,377.0,380.0,377.0,378.0,34203.76604095,12926825.65587658
2026-05-22 18:00:00,378.0,379.0,377.0,378.0,52854.11806145,19980011.24727771
2026-05-22 18:15:00,379.0,380.0,378.0,379.0,135386.72842583,51260429.02315052
2026-05-22 18:30:00,379.0,379.0,377.0,379.0,38688.76638655,14642934.59519276
2026-05-22 18:45:00,379.0,382.0,379.0,381.0,79927.78445361,30440651.72953089
2026-05-22 19:00:00,380.0,381.0,378.0,379.0,32744.50112463,12419846.768809
2026-05-22 19:15:00,379.0,379.0,377.0,378.0,19057.40167647,7203820.05137974
2026-05-22 19:30:00,378.0,381.0,378.0,381.0,155129.79427469,58899753.02504688
2026-05-22 19:45:00,381.0,381.0,377.0,377.0,141415.48460409,53439834.03120367
2026-05-22 20:00:00,379.0,380.0,379.0,380.0,68956.58751097,26135252.63082732
2026-05-22 20:15:00,380.0,381.0,379.0,381.0,40451.27231616,15387231.61399906
2026-05-22 20:30:00,381.0,381.0,379.0,381.0,77829.90402637,29610032.56204535
2026-05-22 20:45:00,380.0,382.0,380.0,380.0,26934.82014137,10261071.33156323
2026-05-22 21:00:00,380.0,382.0,380.0,381.0,66838.79157282,25462916.86144447
2026-05-22 21:15:00,381.0,381.0,379.0,379.0,42482.84818857,16130167.85799809
2026-05-22 21:30:00,379.0,380.0,378.0,380.0,23454.31971483,8878693.75989007
2026-05-22 21:45:00,380.0,382.0,379.0,382.0,71043.46186474,27014546.18804218
2026-05-22 22:00:00,381.0,383.0,381.0,383.0,175904.84244649,67070265.41781079
2026-05-22 22:15:00,382.0,383.0,380.0,380.0,156673.80944727,59832251.25976347
2026-05-22 22:30:00,380.0,381.0,378.0,380.0,247677.34834075,93898806.9488383
2026-05-22 22:45:00,380.0,380.0,378.0,378.0,30314.93223821,11459940.51750155
2026-05-22 23:00:00,378.0,378.0,375.0,377.0,234819.57870672,88459482.93984374
2026-05-22 23:15:00,376.0,376.0,373.0,376.0,113987.69397899,42723461.19577536
2026-05-22 23:30:00,376.0,377.0,376.0,376.0,5404.19272769,2034094.31998807
2026-05-22 23:45:00,376.0,376.0,372.0,373.0,238415.84954478,88711215.00684696
2026-05-23 00:00:00,374.0,374.0,373.0,374.0,5173.26867911,1933571.01606696
2026-05-23 00:15:00,373.0,375.0,373.0,375.0,121307.75948822,45256098.79246805
2026-05-23 00:30:00,375.0,376.0,374.0,374.0,63028.67160247,23637061.67922408
2026-05-23 00:45:00,375.0,375.0,374.0,375.0,156574.23499357,58714050.7429096
2026-05-23 01:00:00,375.0,377.0,375.0,375.0,3378.1597908,1268666.66666351
2026-05-23 01:15:00,375.0,376.0,374.0,376.0,1412.87428538,529494.92752418
2026-05-23 01:30:00,376.0,377.0,376.0,377.0,10893.33986484,4103709.03491814
2026-05-23 01:45:00,377.0,378.0,377.0,378.0,10603.99628483,4006587.81128608
2026-05-23 02:00:00,378.0,378.0,378.0,378.0,28116.69401126,10628110.33625628
2026-05-23 02:15:00,377.0,379.0,376.0,378.0,60237.01089629,22738767.86042685
2026-05-23 02:30:00,380.0,380.0,379.0,379.0,915.0,346800.0
2026-05-23 02:45:00,379.0,379.0,377.0,377.0,1505.55686564,569226.61398825
2026-05-23 03:00:00,377.0,377.0,375.0,375.0,4862.84629252,1829903.02983867
2026-05-23 03:15:00,377.0,378.0,376.0,376.0,3465.52752581,1307385.54509585
2026-05-23 03:30:00,375.0,375.0,373.0,374.0,28884.1222431,10816359.42927722
2026-05-23 03:45:00,372.0,373.0,369.0,372.0,329944.16225806,122239996.09525773
2026-05-23 04:00:00,372.0,372.0,368.0,369.0,172528.77781342,63735723.36395559
2026-05-23 04:15:00,369.0,370.0,368.0,368.0,132490.20616493,48824856.35720543
2026-05-23 04:30:00,368.0,368.0,365.0,366.0,211006.48104097,77214193.37352876
2026-05-23 04:45:00,367.0,368.0,366.0,367.0,73515.93227775,27006767.55852453
2026-05-23 05:00:00,368.0,369.0,368.0,369.0,38909.20663412,14330044.38018335
2026-05-23 05:15:00,368.0,368.0,367.0,368.0,2167.27019064,797058.90833333
2026-05-23 05:30:00,367.0,369.0,367.0,369.0,37814.82932654,13889235.22107425
2026-05-23 05:45:00,368.0,369.0,368.0,368.0,11701.50148524,4313038.21488589
2026-05-23 06:00:00,369.0,370.0,369.0,370.0,16917.72389017,6259541.5792003
2026-05-23 06:15:00,369.0,371.0,369.0,371.0,35353.45888066,13045775.12613465
2026-05-23 06:30:00,370.0,370.0,370.0,370.0,7504.5518548,2776684.186276
2026-05-23 06:45:00,370.0,371.0,370.0,371.0,3646.41326129,1349754.54010853
2026-05-23 07:00:00,371.0,371.0,368.0,370.0,45272.87535159,16761628.54672863
2026-05-23 07:15:00,370.0,370.0,368.0,369.0,667.79198028,246143.98356947
2026-05-23 07:30:00,368.0,369.0,366.0,367.0,220093.25118396,80917615.3873492
2026-05-23 07:45:00,367.0,367.0,366.0,366.0,21853.9077186,8017290.56414678
2026-05-23 08:00:00,368.0,368.0,367.0,367.0,12028.8877213,4414628.24874355
2026-05-23 08:15:00,367.0,367.0,365.0,365.0,231347.38273342,84666277.45424241
2026-05-23 08:30:00,364.0,366.0,364.0,366.0,62944.67324201,22974209.80122374
2026-05-23 08:45:00,365.0,365.0,360.0,362.0,405283.22528244,146458516.02081752
2026-05-23 09:00:00,361.0,362.0,360.0,361.0,53423.92140935,19257717.33277038
2026-05-23 09:15:00,362.0,362.0,360.0,360.0,94194.92519615,33988127.63227398
2026-05-23 09:30:00,360.0,362.0,359.0,359.0,112649.58953852,40498825.71155845
2026-05-23 09:45:00,360.0,363.0,360.0,362.0,70411.43928378,25455333.61086454
2026-05-23 10:00:00,363.0,363.0,361.0,361.0,63178.08565849,22811871.0392788
2026-05-23 10:15:00,361.0,364.0,361.0,363.0,262973.30635279,95357659.48004137
2026-05-23 10:30:00,363.0,363.0,362.0,362.0,8317.3773857,3019183.24795167
2026-05-23 10:45:00,362.0,364.0,362.0,363.0,14604.14203326,5292551.24161183
2026-05-23 11:00:00,364.0,364.0,363.0,364.0,58038.3486723,21113114.95025379
2026-05-23 11:15:00,363.0,364.0,363.0,363.0,50680.82776551,18397156.96239661
2026-05-23 11:30:00,363.0,363.0,361.0,361.0,67754.68124461,24520893.12960515
2026-05-23 11:45:00,362.0,363.0,361.0,363.0,26350.96337474,9538513.5487013
2026-05-23 12:00:00,363.0,363.0,363.0,363.0,2564.03326435,930744.07495905
2026-05-23 12:15:00,363.0,363.0,363.0,363.0,7731.69734965,2806606.13792295
2026-05-23 12:30:00,363.0,364.0,363.0,364.0,197701.6523938,71768470.42540441
2026-05-23 12:45:00,364.0,364.0,363.0,363.0,28407.65294143,10315551.90357547
2026-05-23 13:00:00,363.0,363.0,362.0,362.0,6032.99590992,2188949.40919819
2026-05-23 13:15:00,362.0,363.0,362.0,362.0,6594.00728557,2387044.41148102
2026-05-23 13:30:00,362.0,363.0,361.0,362.0,11234.9685873,4067073.55209093
2026-05-23 13:45:00,362.0,362.0,360.0,360.0,27559.65260317,9946719.75842375
2026-05-23 14:00:00,361.0,361.0,360.0,361.0,27481.84207423,9920911.74779981
2026-05-23 14:15:00,360.0,361.0,360.0,360.0,111887.9333678,40288323.98236332
2026-05-23 14:30:00,360.0,361.0,359.0,361.0,5777.4122707,2080389.6743354
2026-05-23 14:45:00,361.0,361.0,361.0,361.0,28597.92679836,10323851.57420796
2026-05-23 15:00:00,361.0,362.0,361.0,361.0,4560.31729177,1646550.78542289
2026-05-23 15:15:00,362.0,362.0,361.0,361.0,4416.35114385,1594385.74630004
2026-05-23 15:30:00,361.0,362.0,360.0,361.0,41300.40337346,14906841.09343519
2026-05-23 15:45:00,361.0,361.0,360.0,360.0,61749.97040473,22287782.12790898
2026-05-23 16:00:00,360.0,361.0,359.0,361.0,89692.49459593,32284820.95654946
2026-05-23 16:15:00,360.0,360.0,358.0,358.0,241427.83690388,86654649.81994446
2026-05-23 16:30:00,358.0,358.0,357.0,357.0,62260.25846146,22228750.9403821
2026-05-23 16:45:00,357.0,357.0,349.0,352.0,397668.52075237,140247156.65614206
2026-05-23 17:00:00,353.0,353.0,350.0,352.0,158253.87456508,55597960.61773033
2026-05-23 17:15:00,353.0,354.0,352.0,352.0,49044.69332658,17293092.03122
2026-05-23 17:30:00,352.0,353.0,350.0,351.0,87398.12917506,30674128.29554341
2026-05-23 17:45:00,351.0,353.0,350.0,352.0,108955.93416772,38180226.71031067
2026-05-23 18:00:00,352.0,352.0,351.0,351.0,33814.8395386,11882823.5175872
2026-05-23 18:15:00,351.0,351.0,351.0,351.0,31169.09660544,10940352.90850944
2026-05-23 18:30:00,351.0,352.0,351.0,351.0,32759.86087829,11511337.55906166
2026-05-23 18:45:00,351.0,352.0,351.0,352.0,15562.18281523,5473684.02046956
2026-05-23 19:00:00,351.0,352.0,350.0,352.0,10658.83000567,3741489.41443698
2026-05-23 19:15:00,352.0,352.0,351.0,352.0,31900.40627907,11228920.28295991
2026-05-23 19:30:00,352.0,353.0,351.0,351.0,7940.23576343,2793950.03903423
2026-05-23 19:45:00,351.0,352.0,351.0,352.0,15337.72018765,5387082.74620316
2026-05-23 20:00:00,351.0,352.0,351.0,352.0,180553.58493909,63374456.52668877
2026-05-23 20:15:00,352.0,352.0,351.0,351.0,63928.90822428,22439547.28956318
2026-05-23 20:30:00,351.0,352.0,350.0,350.0,57777.25802226,20284733.09891843
2026-05-23 20:45:00,350.0,350.0,349.0,350.0,47118.19229589,16490922.06546626
2026-05-23 21:00:00,349.0,350.0,348.0,349.0,52018.63044931,18154364.15039436
2026-05-23 21:15:00,349.0,349.0,347.0,349.0,121520.39876673,42246749.9561809
2026-05-23 21:30:00,349.0,349.0,348.0,349.0,13949.3532995,4867616.5730034
2026-05-23 21:45:00,349.0,350.0,348.0,350.0,31699.50214375,11067967.64613532
2026-05-23 22:00:00,351.0,354.0,350.0,354.0,22991.50953279,8107110.21597203
2026-05-23 22:15:00,354.0,355.0,353.0,353.0,42460.79936234,15001858.26903382
2026-05-23 22:30:00,353.0,354.0,352.0,353.0,44575.11670045,15742159.1607422
2026-05-23 22:45:00,353.0,354.0,353.0,354.0,88189.27766633,31190094.95251751
2026-05-23 23:00:00,354.0,354.0,353.0,354.0,100324.64257087,35457638.86420506
2026-05-23 23:15:00,354.0,354.0,353.0,354.0,182236.11411837,64440278.10263557
2026-05-23 23:30:00,355.0,357.0,355.0,357.0,82782.16931818,29535349.30712712
2026-05-23 23:45:00,357.0,359.0,356.0,358.0,85096.99407672,30419896.32259013
2026-05-24 00:00:00,358.0,361.0,358.0,360.0,48459.63594908,17442720.3908583
2026-05-24 00:15:00,360.0,360.0,358.0,358.0,68636.78320531,24662283.7980729
2026-05-24 00:30:00,359.0,359.0,359.0,359.0,106344.69118567,38177744.13565553
2026-05-24 00:45:00,359.0,359.0,358.0,358.0,5461.55692522,1960660.20931231
2026-05-24 01:00:00,359.0,360.0,359.0,359.0,49368.5332112,17735216.10088345
2026-05-24 01:15:00,359.0,359.0,358.0,359.0,13939.2031708,4994087.72553239
2026-05-24 01:30:00,358.0,359.0,358.0,359.0,10360.71099216,3717736.24618544
2026-05-24 01:45:00,359.0,359.0,359.0,359.0,4426.26138293,1589027.83647187
2026-05-24 02:00:00,359.0,359.0,359.0,359.0,30366.24241674,10901481.02760966
2026-05-24 02:15:00,360.0,361.0,360.0,360.0,5245.26779707,1889229.74027852
2026-05-24 02:30:00,360.0,360.0,359.0,359.0,817.20867842,293986.1142312
2026-05-24 02:45:00,359.0,359.0,359.0,359.0,1268.31590527,455325.40999193
2026-05-24 03:00:00,359.0,363.0,359.0,363.0,62239.59468871,22476635.07182211
2026-05-24 03:15:00,363.0,366.0,363.0,365.0,35338.37904786,12892938.73163949
2026-05-24 03:30:00,366.0,368.0,366.0,368.0,29496.54703121,10826092.78194332
2026-05-24 03:45:00,368.0,368.0,366.0,366.0,4195.24053533,1539680.66265878
2026-05-24 04:00:00,366.0,366.0,365.0,366.0,991.13087329,362044.18678362
2026-05-24 04:15:00,367.0,368.0,366.0,366.0,87572.34172536,32141069.77405458
2026-05-24 04:30:00,366.0,368.0,366.0,368.0,8662.80102366,3185777.73771621
2026-05-24 04:45:00,367.0,368.0,367.0,368.0,7035.72973934,2588156.23787059
2026-05-24 05:00:00,369.0,369.0,369.0,369.0,3359.46994406,1239644.40935814
2026-05-24 05:15:00,368.0,370.0,367.0,369.0,60998.82733606,22451099.5553208
2026-05-24 05:30:00,369.0,379.0,369.0,378.0,437438.27840272,164635015.92241624
2026-05-24 05:45:00,378.0,382.0,378.0,381.0,110222.75311228,41792395.61146543
2026-05-24 06:00:00,382.0,382.0,375.0,375.0,237025.08899522,89216053.23087206
2026-05-24 06:15:00,374.0,376.0,374.0,375.0,81590.72016479,30592729.50914465
2026-05-24 06:30:00,374.0,377.0,371.0,377.0,301993.17322421,113346315.64046606
2026-05-24 06:45:00,377.0,378.0,376.0,378.0,56754.07137646,21349919.41356583
2026-05-24 07:00:00,378.0,379.0,375.0,377.0,73864.42139715,27787236.34425831
2026-05-24 07:15:00,375.0,376.0,374.0,375.0,36023.70031747,13509755.17109515
2026-05-24 07:30:00,374.0,374.0,370.0,371.0,332363.07172512,123294779.54468709
2026-05-24 07:45:00,371.0,372.0,371.0,372.0,33878.24692052,12581072.30869915
2026-05-24 08:00:00,372.0,372.0,370.0,372.0,11222.32065427,4159750.8871642
2026-05-24 08:15:00,372.0,372.0,370.0,371.0,20254.91962927,7497219.18729389
2026-05-24 08:30:00,370.0,372.0,370.0,371.0,47521.04637815,17641973.83326682
2026-05-24 08:45:00,371.0,372.0,370.0,372.0,13438.02828763,4988209.51339778
2026-05-24 09:00:00,372.0,372.0,370.0,370.0,29958.41534578,11109753.48791531
2026-05-24 09:15:00,370.0,371.0,369.0,370.0,80677.54694008,29849493.12651136
2026-05-24 09:30:00,370.0,371.0,370.0,370.0,31427.55869232,11651946.07082942
2026-05-24 09:45:00,370.0,371.0,370.0,371.0,55854.56215657,20713987.44213197
2026-05-24 10:00:00,371.0,371.0,370.0,371.0,33490.40879828,12413004.1395436
2026-05-24 10:15:00,371.0,371.0,370.0,371.0,52111.36987604,19281867.37900644
2026-05-24 10:30:00,371.0,371.0,370.0,370.0,52993.34016418,19609287.81495816
2026-05-24 10:45:00,370.0,370.0,370.0,370.0,37717.74226224,13955564.6370288
2026-05-24 11:00:00,369.0,371.0,369.0,371.0,98098.98888165,36378501.02953766
2026-05-24 11:15:00,371.0,372.0,369.0,369.0,31726.23517515,11749200.90547718
2026-05-24 11:30:00,370.0,370.0,369.0,369.0,44203.02646669,16354428.22533047
2026-05-24 11:45:00,370.0,370.0,370.0,370.0,13056.59240615,4830939.1902755
2026-05-24 12:00:00,370.0,371.0,370.0,370.0,40143.77483557,14868177.88302311
2026-05-24 12:15:00,370.0,371.0,370.0,370.0,22422.63056253,8299924.04355005
2026-05-24 12:30:00,369.0,369.0,368.0,368.0,37844.41107074,13952742.5630996
2026-05-24 12:45:00,368.0,369.0,368.0,368.0,28558.17057865,10509470.46189477
2026-05-24 13:00:00,368.0,368.0,367.0,368.0,35365.72980759,13014524.88024155
2026-05-24 13:15:00,368.0,369.0,367.0,367.0,29385.74327983,10788609.90539081
2026-05-24 13:30:00,368.0,369.0,367.0,368.0,9367.55469303,3446168.03061062
2026-05-24 13:45:00,367.0,368.0,367.0,367.0,15123.00594362,5551090.5765073
2026-05-24 14:00:00,367.0,368.0,367.0,368.0,8395.81824492,3081365.29588564
2026-05-24 14:15:00,367.0,367.0,367.0,367.0,156968.89259995,57607583.58418165
2026-05-24 14:30:00,367.0,368.0,366.0,366.0,92409.19846883,33886881.07768745
2026-05-24 14:45:00,367.0,368.0,366.0,368.0,55162.18306095,20288329.08596982
2026-05-24 15:00:00,368.0,370.0,368.0,369.0,20737.33573245,7654429.44259326
2026-05-24 15:15:00,369.0,369.0,369.0,369.0,8205.27642344,3027747.00024936
2026-05-24 15:30:00,368.0,369.0,368.0,369.0,11015.3688783,4054555.92229785
2026-05-24 15:45:00,369.0,371.0,368.0,371.0,22188.84190301,8206702.50956402
2026-05-24 16:00:00,370.0,371.0,369.0,371.0,40796.0127675,15108502.85111736
2026-05-24 16:15:00,370.0,370.0,369.0,369.0,5190.22242635,1916150.85065244
2026-05-24 16:30:00,369.0,370.0,369.0,370.0,52560.63890409,19407985.41419741
2026-05-24 16:45:00,369.0,370.0,368.0,368.0,38164.40620111,14077408.76350182
2026-05-24 17:00:00,369.0,370.0,368.0,369.0,25879.78541758,9530688.4415975
2026-05-24 17:15:00,369.0,369.0,368.0,369.0,17946.61616112,6620916.05909055
2026-05-24 17:30:00,370.0,370.0,370.0,370.0,2614.58770391,967397.4504467
2026-05-24 17:45:00,370.0,370.0,369.0,369.0,24742.4392599,9133159.71149768
2026-05-24 18:00:00,370.0,371.0,370.0,370.0,20462.75841785,7572500.5110444
2026-05-24 18:15:00,370.0,371.0,370.0,371.0,25338.30219835,9376782.86729785
2026-05-24 18:30:00,370.0,371.0,370.0,371.0,11215.33329294,4159918.9651268
2026-05-24 18:45:00,371.0,371.0,370.0,371.0,5030.09870765,1862269.92144568
2026-05-24 19:00:00,370.0,370.0,369.0,369.0,58157.54791021,21512265.65498087
2026-05-24 19:15:00,369.0,370.0,368.0,369.0,74499.50332105,27525243.91973412
2026-05-24 19:30:00,369.0,369.0,369.0,369.0,4467.81028953,1648621.99683657
2026-05-24 19:45:00,369.0,370.0,369.0,369.0,31296.82397532,11551717.33873363
2026-05-24 20:00:00,371.0,371.0,369.0,369.0,58070.18074197,21485892.97967043
2026-05-24 20:15:00,369.0,369.0,368.0,368.0,6885.12658671,2534170.87116903
2026-05-24 20:30:00,369.0,369.0,368.0,369.0,57432.42132333,21191940.36661599
2026-05-24 20:45:00,369.0,370.0,369.0,370.0,22274.46572584,8219548.12310523
2026-05-24 21:00:00,369.0,369.0,368.0,368.0,60312.4346364,22206699.11360013
2026-05-24 21:15:00,368.0,369.0,365.0,367.0,69675.18740449,25534049.8229556
2026-05-24 21:30:00,365.0,367.0,365.0,366.0,3634.07885383,1327476.1293646
2026-05-24 21:45:00,367.0,367.0,366.0,367.0,8968.34067278,3291131.36900439
2026-05-24 22:00:00,367.0,367.0,366.0,366.0,13013.2915154,4763884.69515181
2026-05-24 22:15:00,365.0,366.0,365.0,366.0,4234.37847985,1546027.09130513
2026-05-24 22:30:00,365.0,366.0,365.0,365.0,39613.7855797,14459392.51502094
2026-05-24 22:45:00,366.0,366.0,362.0,363.0,145344.41045231,52804948.57273778
2026-05-24 23:00:00,363.0,364.0,362.0,362.0,159910.45345565,57912255.89045261
2026-05-24 23:15:00,362.0,363.0,358.0,361.0,142066.30921208,51234621.72606068
2026-05-24 23:30:00,361.0,362.0,361.0,361.0,5933.5995383,2145310.86424376
2026-05-24 23:45:00,362.0,362.0,361.0,361.0,8539.66397848,3085078.47385558
2026-05-25 00:00:00,362.0,363.0,361.0,361.0,31166.37447006,11262819.72205508
2026-05-25 00:15:00,361.0,361.0,360.0,361.0,30612.80181887,11050777.01216762
2026-05-25 00:30:00,361.0,362.0,361.0,361.0,149344.21178233,54059072.06869081
2026-05-25 00:45:00,361.0,362.0,361.0,361.0,15677.39438205,5669060.48863818
2026-05-25 01:00:00,361.0,363.0,361.0,363.0,17833.68981786,6458220.24914637
2026-05-25 01:15:00,363.0,364.0,363.0,363.0,20580.80045061,7471598.94726556
2026-05-25 01:30:00,362.0,362.0,362.0,362.0,8914.40733498,3227015.45526276
2026-05-25 01:45:00,362.0,362.0,362.0,362.0,455.57331831,164917.54122822
2026-05-25 02:00:00,363.0,363.0,363.0,363.0,32761.69772386,11892496.27376118
2026-05-25 02:15:00,363.0,363.0,362.0,362.0,16414.03443456,5956794.49974528
2026-05-25 02:30:00,363.0,364.0,363.0,364.0,11245.24969434,4082108.11157289
2026-05-25 02:45:00,364.0,364.0,363.0,363.0,3191.53246842,1158566.28603646
2026-05-25 03:00:00,363.0,364.0,363.0,364.0,24611.64088747,8934079.90522853
2026-05-25 03:15:00,364.0,364.0,362.0,362.0,19839.02040198,7200956.1547475
2026-05-25 03:30:00,362.0,363.0,362.0,363.0,11939.1801763,4322120.8959969
2026-05-25 03:45:00,362.0,362.0,361.0,362.0,4171.46443256,1507207.41417465
2026-05-25 04:00:00,362.0,363.0,362.0,362.0,3845.82630136,1392203.34739368
2026-05-25 04:15:00,362.0,362.0,362.0,362.0,16899.1430939,6117489.7999918
2026-05-25 04:45:00,361.0,362.0,361.0,362.0,217.226,78535.812
2026-05-25 05:00:00,362.0,362.0,361.0,362.0,5081.1563468,1834456.38926246
2026-05-25 05:15:00,361.0,361.0,361.0,361.0,96.64588761,34889.16542721
2026-05-25 05:30:00,361.0,361.0,361.0,361.0,124.19828866,44835.58220626
2026-05-25 05:45:00,361.0,361.0,359.0,360.0,25513.51543384,9181748.40993268
2026-05-25 06:00:00,360.0,361.0,359.0,361.0,12763.58704165,4594963.9813585
2026-05-25 06:15:00,361.0,361.0,359.0,359.0,15572.56023943,5602759.66334031
2026-05-25 06:30:00,359.0,359.0,356.0,357.0,66659.53735878,23810442.81850105
2026-05-25 06:45:00,356.0,357.0,356.0,357.0,57526.81413538,20481392.76679659
2026-05-25 07:00:00,357.0,361.0,357.0,361.0,35590.78384417,12755512.69944746
2026-05-25 07:15:00,362.0,362.0,360.0,361.0,19399.22280512,7001626.54688264
2026-05-25 07:30:00,362.0,363.0,361.0,362.0,211892.47410401,76761598.80272546
2026-05-25 07:45:00,362.0,362.0,362.0,362.0,51283.78133711,18564728.84403382
2026-05-25 08:00:00,362.0,364.0,362.0,363.0,37392.01462342,13571684.75551024
2026-05-25 08:15:00,362.0,364.0,362.0,364.0,13200.02536147,4798168.80256352
2026-05-25 08:30:00,364.0,365.0,364.0,365.0,35154.04750582,12823847.32363595
2026-05-25 08:45:00,365.0,365.0,365.0,365.0,2512.44926521,917043.98180165
2026-05-25 09:00:00,366.0,368.0,365.0,368.0,39528.67708315,14510945.00528864
2026-05-25 09:15:00,368.0,368.0,366.0,367.0,45936.63842688,16858811.10411505
2026-05-25 09:30:00,367.0,368.0,366.0,368.0,12762.68626169,4678319.85976331
2026-05-25 09:45:00,367.0,367.0,367.0,367.0,18755.1582978,6883143.0952926
2026-05-25 10:00:00,367.0,370.0,367.0,369.0,168502.74642198,62105915.46770476
2026-05-25 10:15:00,370.0,371.0,369.0,370.0,60901.14653939,22568492.105818
2026-05-25 10:30:00,371.0,373.0,369.0,369.0,122108.18618689,45274391.11524483
2026-05-25 10:45:00,369.0,371.0,367.0,368.0,81159.02872754,29894867.46564782
2026-05-25 11:00:00,367.0,371.0,367.0,371.0,30479.16014336,11265588.39190623
2026-05-25 11:15:00,371.0,371.0,370.0,371.0,8780.71774231,3252777.09565199
2026-05-25 11:30:00,371.0,371.0,369.0,369.0,44103.10519083,16286481.57074313
2026-05-25 11:45:00,370.0,370.0,369.0,369.0,11504.10271815,4246518.0057155
2026-05-25 12:00:00,371.0,373.0,371.0,373.0,104596.86730287,38887267.87912622
2026-05-25 12:15:00,373.0,375.0,371.0,372.0,113091.36385378,42232554.78112659
2026-05-25 12:30:00,372.0,372.0,371.0,371.0,85185.80878372,31636645.77985341
2026-05-25 12:45:00,371.0,371.0,369.0,371.0,13352.62435016,4952106.62456312
2026-05-25 13:00:00,371.0,371.0,369.0,371.0,111092.52560157,41116568.19643492
2026-05-25 13:15:00,371.0,372.0,371.0,371.0,55344.69400306,20533033.52587983
2026-05-25 13:30:00,372.0,374.0,372.0,374.0,132616.18120122,49434735.63435844
2026-05-25 13:45:00,374.0,378.0,374.0,378.0,107712.16267562,40500081.32801604
2026-05-25 14:00:00,378.0,378.0,375.0,377.0,237475.51128163,89346587.81548879
2026-05-25 14:15:00,377.0,379.0,375.0,376.0,263197.1012579,99386844.63420533
2026-05-25 14:30:00,376.0,376.0,371.0,373.0,433001.64228336,161912126.6083127
2026-05-25 14:45:00,372.0,373.0,372.0,372.0,67021.03780699,24941759.09220014
2026-05-25 15:00:00,373.0,375.0,372.0,373.0,377350.50486635,140903841.4002678
2026-05-25 15:15:00,373.0,373.0,370.0,372.0,274412.5267084,101869613.48272412
2026-05-25 15:30:00,372.0,373.0,370.0,372.0,163433.45969753,60749029.00320543
2026-05-25 15:45:00,373.0,373.0,371.0,373.0,18183.68732832,6765239.26105928
2026-05-25 16:00:00,373.0,374.0,371.0,371.0,171493.25525532,63801626.11677956
2026-05-25 16:15:00,371.0,371.0,369.0,369.0,141537.74019699,52281447.09064346
2026-05-25 16:30:00,370.0,371.0,369.0,371.0,61258.62261781,22664604.92752238
2026-05-25 16:45:00,369.0,371.0,369.0,370.0,72862.21677574,26924195.82583421
2026-05-25 17:00:00,370.0,370.0,369.0,370.0,38873.21176526,14364159.62361089
2026-05-25 17:15:00,370.0,370.0,369.0,370.0,46485.63485333,17158319.63039226
2026-05-25 17:30:00,370.0,371.0,370.0,371.0,25484.0999925,9429268.36475374
2026-05-25 17:45:00,369.0,371.0,369.0,371.0,127446.02600403,47260646.32875852
2026-05-25 18:00:00,372.0,373.0,371.0,372.0,59126.39151934,22006471.81403636
2026-05-25 18:15:00,373.0,373.0,372.0,372.0,26368.63464517,9826200.53036247
2026-05-25 18:30:00,372.0,374.0,372.0,373.0,76073.56429947,28395153.76802678
2026-05-25 18:45:00,373.0,373.0,372.0,372.0,6257.28297134,2329544.99065477
2026-05-25 19:00:00,372.0,373.0,372.0,372.0,8535.33304545,3175915.53731392
2026-05-25 19:15:00,373.0,373.0,372.0,372.0,32681.51092947,12171858.83303602
2026-05-25 19:30:00,372.0,372.0,372.0,372.0,2717.50958803,1010913.56674716
2026-05-25 19:45:00,372.0,372.0,372.0,372.0,27612.39512355,10271810.9859606
2026-05-25 20:00:00,373.0,373.0,372.0,372.0,16655.65034825,6196705.41520563
2026-05-25 20:15:00,372.0,372.0,371.0,372.0,11516.69073011,4277166.74162991
2026-05-25 20:30:00,371.0,371.0,371.0,371.0,9415.66383129,3493211.28140859
2026-05-25 20:45:00,370.0,371.0,369.0,370.0,107026.85092047,39545535.0819103
2026-05-25 21:00:00,369.0,369.0,369.0,369.0,5995.78803333,2212445.78429877
2026-05-25 21:15:00,370.0,372.0,370.0,372.0,55090.56118229,20403415.27063764
2026-05-25 21:30:00,372.0,372.0,370.0,371.0,37240.69393306,13818481.50133417
2026-05-25 21:45:00,370.0,371.0,370.0,371.0,12414.12097938,4599990.3499272
2026-05-25 22:00:00,371.0,371.0,370.0,370.0,26289.93722051,9727546.31336767
2026-05-25 22:15:00,369.0,369.0,369.0,369.0,108309.91771156,39966359.63556564
2026-05-25 22:30:00,369.0,370.0,368.0,369.0,26257.47900434,9689019.48233118
2026-05-25 22:45:00,369.0,370.0,369.0,370.0,29292.74180346,10812890.51984036
2026-05-25 23:00:00,369.0,373.0,369.0,373.0,173213.03755617,64222253.23824143
2026-05-25 23:15:00,373.0,375.0,372.0,375.0,204655.35990108,76323748.61060381
2026-05-25 23:30:00,374.0,374.0,373.0,374.0,26914.67002083,10044906.44787356
2026-05-25 23:45:00,374.0,375.0,373.0,375.0,45993.51909634,17201946.39636006
2026-05-26 00:00:00,375.0,375.0,374.0,375.0,29843.77490729,11169594.48465978
2026-05-26 00:15:00,374.0,375.0,372.0,373.0,41591.88059202,15513946.2887664
2026-05-26 00:30:00,373.0,373.0,372.0,373.0,11291.56318897,4207949.15624433
2026-05-26 00:45:00,372.0,373.0,372.0,373.0,22440.74717394,8358450.32718131
2026-05-26 01:00:00,372.0,374.0,372.0,373.0,31426.68576566,11724396.53665833
2026-05-26 01:15:00,373.0,373.0,372.0,373.0,9081.41562662,3378686.83489885
2026-05-26 01:30:00,373.0,373.0,372.0,373.0,40985.38118718,15287253.31907897
2026-05-26 01:45:00,373.0,375.0,373.0,374.0,42027.43230975,15697298.22440784
2026-05-26 02:00:00,374.0,376.0,374.0,375.0,31299.6141307,11757061.33708876
2026-05-26 02:15:00,375.0,375.0,375.0,375.0,314.53339996,117950.024985
2026-05-26 02:30:00,373.0,375.0,373.0,375.0,2205.24145134,826425.00371196
2026-05-26 02:45:00,374.0,375.0,373.0,373.0,44924.31079734,16774001.99909403
2026-05-26 03:00:00,374.0,375.0,374.0,375.0,11653.46226043,4367367.38251379
2026-05-26 03:15:00,375.0,375.0,373.0,373.0,4628.49286566,1726787.63232778
2026-05-26 03:30:00,374.0,374.0,373.0,373.0,7182.03879989,2684265.04565529
2026-05-26 03:45:00,373.0,374.0,373.0,374.0,138402.41535954,51719494.70972478
2026-05-26 04:00:00,374.0,374.0,372.0,373.0,6865.11705381,2556805.44113524
2026-05-26 04:15:00,373.0,373.0,373.0,373.0,4891.80527176,1824643.36636648
2026-05-26 04:30:00,372.0,373.0,372.0,372.0,22515.78527603,8376006.17094053
2026-05-26 04:45:00,372.0,372.0,371.0,371.0,4630.94167328,1718107.69657846
2026-05-26 05:00:00,371.0,372.0,371.0,372.0,66793.03411937,24809318.54638701
2026-05-26 05:15:00,372.0,372.0,371.0,372.0,163.0275232,60617.90283882
2026-05-26 05:30:00,371.0,371.0,368.0,368.0,143165.9691389,52924597.72198244
2026-05-26 05:45:00,370.0,370.0,369.0,370.0,1151.8473388,425994.18148023
2026-05-26 06:00:00,370.0,371.0,369.0,371.0,8052.98761962,2983404.49741189
2026-05-26 06:15:00,370.0,370.0,369.0,369.0,6942.5433923,2562238.85645661
2026-05-26 06:30:00,370.0,370.0,370.0,370.0,12767.15729536,4723848.1992832
2026-05-26 06:45:00,371.0,371.0,370.0,370.0,23209.69931945,8610425.72483492
2026-05-26 07:00:00,370.0,371.0,369.0,371.0,6020.26837457,2227484.09701437
2026-05-26 07:15:00,370.0,370.0,369.0,369.0,157054.22126583,57970275.593581
2026-05-26 07:30:00,368.0,368.0,366.0,366.0,90127.33123405,33062233.25827559
2026-05-26 07:45:00,367.0,367.0,366.0,366.0,54606.05672023,20037423.64276292
2026-05-26 08:00:00,366.0,368.0,366.0,367.0,88124.07894197,32303147.95182943
2026-05-26 08:15:00,367.0,368.0,366.0,368.0,51403.33344538,18858974.02707422
2026-05-26 08:30:00,366.0,368.0,366.0,367.0,23555.63234301,8643581.49617454
2026-05-26 08:45:00,367.0,368.0,366.0,368.0,105193.44313176,38653146.71685609
2026-05-26 09:00:00,369.0,369.0,367.0,368.0,54412.13758493,20001811.3256444
2026-05-26 09:15:00,367.0,368.0,365.0,366.0,89344.6830277,32770851.86432773
2026-05-26 09:30:00,365.0,365.0,363.0,363.0,124282.06851944,45260909.91769908
2026-05-26 09:45:00,363.0,364.0,361.0,363.0,373498.34329434,135453963.1301305
2026-05-26 10:00:00,362.0,362.0,361.0,362.0,192685.6822733,69740208.9837307
2026-05-26 10:15:00,363.0,363.0,361.0,362.0,185635.71182304,67069732.78423777
2026-05-26 10:30:00,361.0,362.0,359.0,360.0,153649.46433795,55208370.57999759
2026-05-26 10:45:00,359.0,361.0,359.0,361.0,29090.36849782,10475269.73402046
2026-05-26 11:00:00,361.0,361.0,359.0,359.0,61403.36303892,22089904.67631121
2026-05-26 11:15:00,359.0,361.0,359.0,359.0,58476.09595317,21036074.86268906
2026-05-26 11:30:00,359.0,361.0,359.0,361.0,240378.48846011,86769259.98956862
2026-05-26 11:45:00,360.0,362.0,360.0,361.0,6533.24421562,2357530.26831668
2026-05-26 12:00:00,361.0,361.0,360.0,360.0,31694.57457245,11438910.65564116
2026-05-26 12:15:00,360.0,361.0,360.0,360.0,16022.25157015,5768453.76470687
2026-05-26 12:30:00,360.0,363.0,360.0,363.0,40057.18254737,14498018.17244947
2026-05-26 12:45:00,362.0,363.0,361.0,363.0,52153.68296358,18878152.05003004
2026-05-26 13:00:00,362.0,362.0,361.0,361.0,30512.61760902,11016430.99060243
2026-05-26 13:15:00,361.0,363.0,360.0,363.0,46523.58728448,16853520.62756598
2026-05-26 13:30:00,364.0,364.0,363.0,363.0,23328.49471356,8479484.92804014
2026-05-26 13:45:00,364.0,364.0,363.0,364.0,62576.87975979,22766464.34408579
2026-05-26 14:00:00,364.0,364.0,363.0,364.0,16948.49179493,6153417.31787022
2026-05-26 14:15:00,363.0,364.0,363.0,364.0,151388.1155957,55098430.11882495
2026-05-26 14:30:00,365.0,366.0,364.0,365.0,80522.83332545,29416535.57095182
2026-05-26 14:45:00,365.0,366.0,365.0,366.0,28901.66459697,10564655.25694895
2026-05-26 15:00:00,366.0,366.0,366.0,366.0,24024.67023976,8793029.30775216
2026-05-26 15:15:00,366.0,366.0,365.0,365.0,217602.05561615,79451845.28791986
2026-05-26 15:30:00,365.0,367.0,365.0,366.0,21451.83393776,7862995.40483687
2026-05-26 15:45:00,367.0,368.0,367.0,367.0,19285.88908026,7077963.46636846
2026-05-26 16:00:00,367.0,367.0,364.0,364.0,45977.99627027,16826089.92420455
2026-05-26 16:15:00,364.0,364.0,363.0,364.0,44700.16213463,16270297.96607151
2026-05-26 16:30:00,364.0,364.0,363.0,364.0,25451.37509673,9254939.54694744
2026-05-26 16:45:00,365.0,365.0,364.0,365.0,11745.32250994,4286767.7161281
2026-05-26 17:00:00,365.0,366.0,365.0,366.0,41911.61710744,15299170.2442156
2026-05-26 17:15:00,365.0,366.0,365.0,365.0,38487.69319203,14050208.44316515
2026-05-26 17:30:00,365.0,366.0,364.0,365.0,46355.82716012,16932929.41478598
2026-05-26 17:45:00,366.0,367.0,365.0,365.0,75486.13541979,27602786.99928952
2026-05-26 18:00:00,366.0,367.0,366.0,366.0,16271.42927785,5956964.08722368
2026-05-26 18:15:00,366.0,367.0,366.0,367.0,112976.63739881,41365086.56862534
2026-05-26 18:30:00,367.0,367.0,366.0,366.0,42992.31770781,15739886.4063876
2026-05-26 18:45:00,366.0,366.0,365.0,366.0,23056.04181373,8431623.8777028
2026-05-26 19:00:00,366.0,367.0,365.0,367.0,8476.09163961,3099412.02583831
2026-05-26 19:15:00,367.0,370.0,367.0,370.0,66342.46495331,24460067.2295821
2026-05-26 19:30:00,370.0,372.0,370.0,370.0,96995.82586938,35980973.46956449
2026-05-26 19:45:00,370.0,373.0,370.0,372.0,51412.99927289,19117583.46984297
2026-05-26 20:00:00,373.0,373.0,371.0,371.0,55202.40535633,20507845.08004251
2026-05-26 20:15:00,370.0,371.0,369.0,370.0,93359.54646003,34532907.12783636
2026-05-26 20:30:00,370.0,371.0,370.0,370.0,25956.02399636,9606733.78509859
2026-05-26 20:45:00,370.0,371.0,370.0,370.0,13932.05432473,5161871.74770643
2026-05-26 21:00:00,370.0,371.0,369.0,370.0,104193.62608003,38536765.5944016
2026-05-26 21:15:00,370.0,371.0,369.0,370.0,34097.19462764,12620640.14914216
2026-05-26 21:30:00,371.0,371.0,370.0,370.0,125270.3104694,46424805.34182116
2026-05-26 21:45:00,371.0,372.0,369.0,371.0,106151.67469182,39278825.36061672
2026-05-26 22:00:00,371.0,372.0,370.0,371.0,12587.04505735,4669897.30198604
2026-05-26 22:15:00,370.0,370.0,369.0,369.0,36382.72499458,13433060.46149022
2026-05-26 22:30:00,369.0,370.0,367.0,370.0,104837.10741295,38575532.44552752
2026-05-26 22:45:00,370.0,372.0,370.0,372.0,176248.32447836,65353810.25581257
2026-05-26 23:00:00,372.0,372.0,371.0,372.0,59088.93826704,21979901.53642122
2026-05-26 23:15:00,372.0,376.0,372.0,376.0,171232.90069285,64119739.65737461
2026-05-26 23:30:00,376.0,376.0,369.0,370.0,187256.79015483,69736002.250197
2026-05-26 23:45:00,370.0,372.0,370.0,370.0,107015.40561318,39670576.88257547
2026-05-27 00:00:00,371.0,371.0,368.0,370.0,44994.31919382,16636346.41937281
2026-05-27 00:15:00,370.0,370.0,367.0,367.0,118115.25047072,43381158.83563494
2026-05-27 00:30:00,367.0,367.0,365.0,366.0,193915.75536301,70853259.1366007
2026-05-27 00:45:00,366.0,367.0,364.0,364.0,16307.44532504,5953504.541283
2026-05-27 01:00:00,366.0,367.0,363.0,365.0,61378.53042152,22419120.33403914
2026-05-27 01:15:00,365.0,365.0,364.0,364.0,5721.78433257,2086295.80157445
2026-05-27 01:30:00,365.0,366.0,364.0,365.0,40747.40402328,14845601.40356582
2026-05-27 01:45:00,365.0,365.0,365.0,365.0,4011.5947769,1464232.0935685
2026-05-27 02:00:00,365.0,366.0,365.0,365.0,27761.75226737,10133055.57759005
2026-05-27 02:15:00,365.0,365.0,361.0,362.0,138594.70469464,50369860.65076349
2026-05-27 02:30:00,361.0,362.0,360.0,361.0,70383.09915324,25407065.62745686
2026-05-27 02:45:00,361.0,363.0,361.0,361.0,75252.81308895,27193923.88832097
2026-05-27 03:00:00,361.0,361.0,360.0,361.0,30284.55401661,10932534.99999621
2026-05-27 03:15:00,361.0,364.0,361.0,363.0,45874.01205591,16645059.01035916
2026-05-27 03:30:00,361.0,362.0,359.0,359.0,91146.30018382,32831362.48342238
2026-05-27 03:45:00,359.0,359.0,359.0,359.0,1817.12427675,652347.61535325
2026-05-27 04:00:00,359.0,361.0,359.0,361.0,3742.09059765,1343585.53221427
2026-05-27 04:15:00,360.0,360.0,360.0,360.0,23626.56038937,8505561.7401732
2026-05-27 04:30:00,360.0,362.0,360.0,362.0,40090.60195642,14481376.57014404
2026-05-27 04:45:00,362.0,362.0,361.0,362.0,31311.44038007,11315857.60151466
2026-05-27 05:00:00,362.0,363.0,361.0,362.0,94109.6549453,34067328.02353193
2026-05-27 05:15:00,363.0,363.0,362.0,362.0,148784.32311295,53952068.44788667
2026-05-27 05:30:00,363.0,363.0,362.0,363.0,71177.64040816,25835353.82740727
2026-05-27 05:45:00,363.0,363.0,363.0,363.0,3148.92630819,1143060.24987297
2026-05-27 06:00:00,363.0,363.0,361.0,361.0,145643.65264915,52613347.96735117
2026-05-27 06:15:00,361.0,363.0,361.0,363.0,20257.02298177,7332903.25864568
2026-05-27 06:30:00,362.0,363.0,362.0,363.0,5342.87096912,1938370.66823188
2026-05-27 06:45:00,362.0,363.0,361.0,361.0,159606.00006631,57781268.9854123
2026-05-27 07:00:00,360.0,361.0,360.0,360.0,33451.54560295,12042579.95999828
2026-05-27 07:15:00,360.0,361.0,360.0,360.0,53067.00241117,19114397.87633144
2026-05-27 07:30:00,360.0,361.0,360.0,361.0,32455.35213811,11714925.74575835
2026-05-27 07:45:00,360.0,360.0,359.0,360.0,59965.44041656,21586084.56152229
2026-05-27 08:00:00,359.0,361.0,359.0,360.0,70704.45262526,25438821.00203126
2026-05-27 08:15:00,360.0,361.0,359.0,360.0,96878.48051843,34888418.94614219
2026-05-27 08:30:00,360.0,361.0,359.0,361.0,173144.6726373,62226485.54325266
2026-05-27 08:45:00,361.0,361.0,359.0,360.0,165063.21978696,59346097.41829474
2026-05-27 09:00:00,359.0,360.0,359.0,359.0,149832.54987081,53857265.06545141
2026-05-27 09:15:00,360.0,360.0,357.0,358.0,464837.34097066,166073763.5843997
2026-05-27 09:30:00,359.0,361.0,359.0,360.0,345166.4200494,124229789.2227872
2026-05-27 09:45:00,361.0,362.0,361.0,361.0,64892.31142643,23435425.52991359
2026-05-27 10:00:00,361.0,362.0,361.0,362.0,3479.26523927,1257439.99999525
2026-05-27 10:15:00,362.0,362.0,360.0,361.0,45079.82816421,16240237.76056427
2026-05-27 10:30:00,360.0,360.0,359.0,359.0,38895.79753471,13978441.93249277
2026-05-27 10:45:00,359.0,360.0,359.0,360.0,24827.89534895,8935583.63395116
2026-05-27 11:00:00,359.0,359.0,356.0,357.0,211482.10604218,75529882.04724076
2026-05-27 11:15:00,357.0,357.0,355.0,355.0,119258.12425262,42416038.12408968
2026-05-27 11:30:00,356.0,356.0,355.0,356.0,169087.89015505,60048173.66817203
2026-05-27 11:45:00,355.0,356.0,354.0,355.0,35538.28141939,12616388.28270411
2026-05-27 12:00:00,355.0,356.0,355.0,356.0,86521.44748529,30758674.20747516
2026-05-27 12:15:00,356.0,356.0,355.0,356.0,2651.02572981,941289.20149827
2026-05-27 12:30:00,355.0,355.0,354.0,354.0,49047.4719202,17406968.12719846
2026-05-27 12:45:00,355.0,355.0,353.0,354.0,95485.37329647,33761469.45174397
2026-05-27 13:00:00,353.0,354.0,353.0,353.0,52923.52385661,18720265.97364321
2026-05-27 13:15:00,353.0,354.0,352.0,353.0,54480.97669957,19225349.52463266
2026-05-27 13:30:00,352.0,353.0,351.0,352.0,130762.25666862,45948820.90813125
2026-05-27 13:45:00,352.0,355.0,352.0,355.0,90084.14446857,31809209.68878571
2026-05-27 14:00:00,354.0,354.0,352.0,353.0,97410.89157806,34312285.79494938
2026-05-27 14:15:00,352.0,353.0,351.0,353.0,78303.373808,27573353.45274727
2026-05-27 14:30:00,353.0,353.0,352.0,352.0,38096.80677836,13411552.6290422
2026-05-27 14:45:00,352.0,353.0,351.0,353.0,113293.28666267,39888304.87138394
2026-05-27 15:00:00,353.0,353.0,352.0,352.0,23121.57325379,8157399.76138285
2026-05-27 15:15:00,353.0,353.0,352.0,353.0,7591.46091339,2678853.03779792
2026-05-27 15:30:00,353.0,355.0,353.0,355.0,33228.17844634,11769561.14290767
2026-05-27 15:45:00,354.0,355.0,354.0,355.0,49877.15097482,17698339.94846948
2026-05-27 16:00:00,355.0,356.0,355.0,356.0,38645.1593519,13719229.5193627
2026-05-27 16:15:00,355.0,355.0,354.0,355.0,24913.19238446,8843511.26933054
2026-05-27 16:30:00,356.0,356.0,355.0,355.0,39865.06821839,14186300.35853098
2026-05-27 16:45:00,355.0,356.0,355.0,355.0,28010.8165267,9955075.82203467
2026-05-27 17:00:00,355.0,357.0,355.0,356.0,20235.07891499,7210792.17799146
2026-05-27 17:15:00,356.0,357.0,356.0,357.0,18439.33629151,6568593.94509419
2026-05-27 17:30:00,356.0,358.0,356.0,357.0,55550.78602194,19844975.19981935
2026-05-27 17:45:00,356.0,357.0,354.0,354.0,45988.1127655,16359562.86978704
2026-05-27 18:00:00,354.0,355.0,354.0,354.0,29818.6058295,10563728.00730497
2026-05-27 18:15:00,354.0,354.0,353.0,353.0,10107.32890497,3573476.79374354
2026-05-27 18:30:00,353.0,355.0,353.0,355.0,19664.80824967,6960017.42636557
2026-05-27 18:45:00,355.0,355.0,353.0,354.0,108326.45037879,38382631.40903976
2026-05-27 19:00:00,354.0,355.0,354.0,354.0,39281.37975664,13906214.38933
2026-05-27 19:15:00,355.0,356.0,354.0,356.0,18861.70328026,6706188.2641334
2026-05-27 19:30:00,356.0,357.0,354.0,354.0,19194.49343552,6823188.64060063
2026-05-27 19:45:00,354.0,355.0,354.0,354.0,19202.90746213,6798392.34032633
2026-05-27 20:00:00,354.0,355.0,354.0,355.0,10390.73789879,3686394.12387281
2026-05-27 20:15:00,355.0,355.0,354.0,355.0,11725.01904201,4156691.78648311
2026-05-27 20:30:00,355.0,355.0,354.0,354.0,21423.50483044,7590136.2029335
2026-05-27 20:45:00,354.0,354.0,353.0,353.0,43169.08568456,15245914.90372512
2026-05-27 21:00:00,354.0,354.0,352.0,352.0,24718.12737316,8713467.06011941
2026-05-27 21:15:00,353.0,357.0,353.0,356.0,25101.45515575,8918257.43283231
2026-05-27 21:30:00,356.0,356.0,355.0,356.0,23854.77575116,8489484.84853338
2026-05-27 21:45:00,356.0,356.0,355.0,355.0,26225.90760279,9314376.23116732
2026-05-27 22:00:00,355.0,355.0,352.0,353.0,112572.60349471,39850709.59717292
2026-05-27 22:15:00,353.0,353.0,353.0,353.0,63398.92305465,22379819.83829145
2026-05-27 22:30:00,352.0,353.0,350.0,351.0,95982.27741585,33691267.78820392
2026-05-27 22:45:00,351.0,354.0,351.0,353.0,35398.07753028,12470234.18912645
2026-05-27 23:00:00,353.0,354.0,353.0,353.0,43058.93480012,15213550.41292301
2026-05-27 23:15:00,353.0,354.0,352.0,352.0,33698.63352082,11885094.44750053
2026-05-27 23:30:00,352.0,354.0,352.0,353.0,47889.77015779,16901296.15425109
2026-05-27 23:45:00,354.0,355.0,354.0,355.0,18418.98744746,6538125.03618425
2026-05-28 00:00:00,355.0,357.0,355.0,357.0,24354.61605819,8680427.17151699
2026-05-28 00:15:00,357.0,359.0,357.0,359.0,21898.59057592,7839001.17153548
2026-05-28 00:30:00,359.0,359.0,358.0,358.0,20566.34682114,7377455.80997108
2026-05-28 00:45:00,358.0,358.0,357.0,357.0,27044.8643567,9670368.8139893
2026-05-28 01:00:00,358.0,359.0,358.0,358.0,8316.93757945,2978054.41653396
2026-05-28 01:15:00,359.0,359.0,357.0,357.0,10710.93855087,3824645.67230405
2026-05-28 01:30:00,357.0,357.0,356.0,357.0,9862.34526514,3512243.99620637
2026-05-28 01:45:00,357.0,357.0,357.0,357.0,14099.82678683,5033638.16289831
2026-05-28 02:00:00,357.0,357.0,355.0,355.0,14812.0805094,5258881.08946303
2026-05-28 02:15:00,355.0,355.0,354.0,354.0,36177.4378134,12807936.55777458
2026-05-28 02:30:00,355.0,355.0,353.0,353.0,15807.27567656,5581541.32766489
2026-05-28 02:45:00,354.0,354.0,353.0,353.0,1432.48143389,505779.39037347
2026-05-28 03:00:00,353.0,353.0,352.0,352.0,628.54078943,221847.57770779
2026-05-28 03:15:00,352.0,352.0,352.0,352.0,897.33259173,315861.07228896
2026-05-28 03:30:00,352.0,352.0,351.0,352.0,3233.49419147,1135341.68847869
2026-05-28 03:45:00,353.0,353.0,352.0,352.0,10708.28042069,3775775.82030297
2026-05-28 04:00:00,353.0,353.0,353.0,353.0,178.63882788,63059.50624164
2026-05-28 04:15:00,354.0,355.0,354.0,355.0,316.90140845,112199.99999975
2026-05-28 04:30:00,353.0,353.0,353.0,353.0,19862.80453257,7011569.99999721
2026-05-28 04:45:00,353.0,353.0,353.0,353.0,36399.37840253,12848980.57609309
2026-05-28 05:00:00,354.0,354.0,353.0,353.0,8218.09968504,2903828.17186996
2026-05-28 05:15:00,353.0,354.0,353.0,353.0,35156.3353275,12410341.43275439
2026-05-28 05:30:00,352.0,352.0,351.0,351.0,142883.00675105,50164065.19556298
2026-05-28 05:45:00,351.0,352.0,350.0,351.0,42137.39398544,14797920.66482778
2026-05-28 06:00:00,351.0,352.0,351.0,351.0,75645.73101136,26565345.03655699
2026-05-28 06:15:00,351.0,352.0,350.0,350.0,49912.86282743,17509163.71549573
2026-05-28 06:30:00,350.0,350.0,345.0,346.0,368693.66792325,128261973.95675161
2026-05-28 06:45:00,346.0,346.0,343.0,345.0,277244.54699051,95527944.3625965
2026-05-28 07:00:00,345.0,347.0,343.0,344.0,148499.97315252,51329946.3453678
2026-05-28 07:15:00,343.0,346.0,343.0,346.0,319716.11664488,110102083.61715458
2026-05-28 07:30:00,346.0,346.0,345.0,345.0,98823.83631395,34096320.27184847
2026-05-28 07:45:00,345.0,346.0,344.0,344.0,156362.40387744,53883419.75158376
2026-05-28 08:00:00,343.0,345.0,343.0,343.0,81520.54133591,28019504.35770785
2026-05-28 08:15:00,343.0,344.0,342.0,343.0,167080.12307842,57259336.70767905
2026-05-28 08:30:00,343.0,345.0,343.0,344.0,60340.94980127,20731592.99433611
2026-05-28 08:45:00,344.0,344.0,342.0,343.0,474008.53388984,162853832.33890167
2026-05-28 09:00:00,342.0,344.0,342.0,344.0,142699.30729764,48953229.05423931
2026-05-28 09:15:00,344.0,345.0,344.0,345.0,96405.48777643,33218469.07373769
2026-05-28 09:30:00,344.0,347.0,344.0,347.0,197149.90265899,68212277.36144838
2026-05-28 09:45:00,347.0,347.0,346.0,346.0,43691.87986901,15120572.27905786
2026-05-28 10:00:00,346.0,346.0,345.0,345.0,64679.47711988,22352854.30339
2026-05-28 10:15:00,344.0,345.0,341.0,342.0,432642.64051937,147906950.93843707
2026-05-28 10:30:00,342.0,344.0,341.0,344.0,72834.15858387,24924287.69736339
2026-05-28 10:45:00,343.0,344.0,343.0,344.0,30230.03557125,10376374.60457627
2026-05-28 11:00:00,344.0,345.0,344.0,345.0,23876.06918626,8216434.87292784
2026-05-28 11:15:00,345.0,345.0,343.0,344.0,29581.04878818,10180181.79733959
2026-05-28 11:30:00,344.0,344.0,342.0,344.0,65669.01437375,22558058.14710283
2026-05-28 11:45:00,344.0,344.0,343.0,343.0,21693.33550254,7452012.35032775
2026-05-28 12:00:00,343.0,343.0,342.0,342.0,47186.73938289,16183579.9064409
2026-05-28 12:15:00,342.0,342.0,337.0,338.0,1185712.54373307,401521603.1827604
2026-05-28 12:30:00,338.0,339.0,336.0,337.0,994271.58370563,335506582.39220345
2026-05-28 12:45:00,337.0,337.0,332.0,333.0,1265268.75573175,423526290.56004596
2026-05-28 13:00:00,333.0,334.0,330.0,331.0,1220738.7030341,404389244.8204607
2026-05-28 13:15:00,331.0,332.0,328.0,329.0,982946.37384334,323065581.87139994
2026-05-28 13:30:00,328.0,332.0,328.0,332.0,160164.0483593,53073817.37834685
2026-05-28 13:45:00,332.0,333.0,332.0,332.0,8605.03260879,2857771.72701918
2026-05-28 14:00:00,332.0,333.0,329.0,330.0,321173.41287534,106344990.14643629
2026-05-28 14:15:00,330.0,330.0,329.0,330.0,124091.76714868,40870277.77406249
2026-05-28 14:30:00,329.0,332.0,329.0,332.0,79872.58800012,26399481.52290338
2026-05-28 14:45:00,332.0,332.0,330.0,331.0,43904.94561263,14528659.27280421
2026-05-28 15:00:00,331.0,332.0,331.0,332.0,6344.64390482,2100677.1324954
2026-05-28 15:15:00,332.0,332.0,332.0,332.0,29579.91413561,9820531.49302252
2026-05-28 15:30:00,332.0,332.0,330.0,331.0,85102.9796212,28186455.86464359
2026-05-28 15:45:00,331.0,334.0,331.0,333.0,42257.51221707,14072651.96828431
2026-05-28 16:00:00,333.0,335.0,332.0,335.0,47183.10383743,15743858.58347299
2026-05-28 16:15:00,335.0,336.0,334.0,334.0,14025.50797222,4690162.45151614
2026-05-28 16:30:00,335.0,336.0,334.0,335.0,171558.46957793,57607663.88970882
2026-05-28 16:45:00,335.0,336.0,334.0,336.0,63862.4111301,21400717.5927835
2026-05-28 17:00:00,336.0,337.0,336.0,337.0,8949.87196163,3007172.45529815
2026-05-28 17:15:00,337.0,337.0,335.0,335.0,22954.17356959,7704472.37103474
2026-05-28 17:30:00,335.0,336.0,334.0,335.0,95479.33185623,32050374.79082106
2026-05-28 17:45:00,335.0,336.0,334.0,335.0,29443.73730421,9868662.1958994
2026-05-28 18:00:00,336.0,337.0,335.0,336.0,86028.50954433,28853714.28062858
2026-05-28 18:15:00,335.0,337.0,335.0,337.0,36435.8700825,12253027.44736339
2026-05-28 18:30:00,337.0,338.0,336.0,337.0,25904.63641703,8721901.12760613
2026-05-28 18:45:00,337.0,338.0,336.0,338.0,24948.74959882,8410840.01781078
2026-05-28 19:00:00,337.0,338.0,336.0,336.0,57032.56285402,19182439.9995946
2026-05-28 19:15:00,336.0,336.0,335.0,335.0,62787.74714557,21053917.70283795
2026-05-28 19:30:00,335.0,336.0,334.0,335.0,6854.78228768,2297584.10230093
2026-05-28 19:45:00,334.0,335.0,333.0,333.0,149606.99816277,49964897.38636518
2026-05-28 20:00:00,333.0,334.0,332.0,332.0,185355.81996217,61579194.31577618
2026-05-28 20:15:00,333.0,333.0,331.0,332.0,52895.88136508,17550450.1665223
2026-05-28 20:30:00,332.0,333.0,331.0,332.0,33370.14080401,11088861.17322891
2026-05-28 20:45:00,333.0,334.0,332.0,334.0,22562.53666137,7499838.70682865
2026-05-28 21:00:00,333.0,333.0,332.0,332.0,43737.3934979,14526122.81239241
2026-05-28 21:15:00,333.0,333.0,331.0,333.0,182156.83594532,60473695.1155335
2026-05-28 21:30:00,333.0,335.0,333.0,335.0,33425.05574033,11139637.7381452
2026-05-28 21:45:00,335.0,336.0,335.0,336.0,39168.33605506,13141676.47848656
2026-05-28 22:00:00,336.0,337.0,334.0,335.0,33684.64017611,11300021.69285023
2026-05-28 22:15:00,334.0,336.0,334.0,335.0,28688.46037708,9590351.62197652
2026-05-28 22:30:00,335.0,335.0,333.0,335.0,12443.59023356,4157532.39866869
2026-05-28 22:45:00,334.0,336.0,333.0,335.0,245984.54081772,82053949.92430773
2026-05-28 23:00:00,335.0,335.0,330.0,334.0,187587.46114878,62214230.39774204
2026-05-28 23:15:00,334.0,336.0,333.0,333.0,89323.65918558,29821362.15175452
2026-05-28 23:30:00,334.0,334.0,332.0,332.0,53250.85360618,17747879.57160538
2026-05-28 23:45:00,332.0,333.0,332.0,333.0,22342.07680068,7424854.91247261
2026-05-29 00:00:00,333.0,334.0,332.0,332.0,27442.04267919,9133180.34536375
2026-05-29 00:15:00,332.0,333.0,331.0,333.0,11013.53121147,3647706.90193129
2026-05-29 00:30:00,333.0,334.0,332.0,333.0,132783.37763325,44217192.73525615
2026-05-29 00:45:00,333.0,334.0,333.0,334.0,41106.88953573,13697549.39516618
2026-05-29 01:00:00,333.0,334.0,332.0,333.0,20599.35609517,6879518.34936764
2026-05-29 01:15:00,335.0,336.0,335.0,336.0,2052.80910306,689315.36328224
2026-05-29 01:30:00,336.0,337.0,335.0,336.0,2870.24854887,964358.2162175
2026-05-29 01:45:00,337.0,338.0,337.0,337.0,14190.75774843,4785252.72027135
2026-05-29 02:00:00,337.0,339.0,337.0,339.0,10250.9625705,3461973.06371713
2026-05-29 02:15:00,339.0,339.0,337.0,337.0,10082.98478081,3415254.02774438
2026-05-29 02:30:00,339.0,340.0,339.0,340.0,124136.33335472,42089493.4778383
2026-05-29 02:45:00,340.0,341.0,339.0,341.0,36005.93999863,12259558.88123047
2026-05-29 03:00:00,341.0,343.0,341.0,343.0,20042.24810495,6853802.56269954
2026-05-29 03:15:00,343.0,343.0,341.0,341.0,59577.38795251,20315958.49297209
2026-05-29 03:30:00,341.0,342.0,341.0,341.0,63136.15727932,21538238.11397215
2026-05-29 03:45:00,341.0,343.0,341.0,341.0,5733.67919948,1961784.87253096
2026-05-29 04:00:00,342.0,342.0,340.0,340.0,13650.90443329,4641547.97652677
2026-05-29 04:15:00,340.0,340.0,339.0,340.0,15186.58669618,5163086.82220809
2026-05-29 04:30:00,342.0,342.0,341.0,341.0,3140.28993712,1070854.39762768
2026-05-29 04:45:00,341.0,341.0,339.0,341.0,30700.4465044,10438838.92248558
2026-05-29 05:00:00,340.0,340.0,338.0,339.0,155103.13102971,52538789.08053873
2026-05-29 05:15:00,340.0,341.0,340.0,341.0,10538.57614914,3591913.54466654
2026-05-29 05:30:00,341.0,341.0,341.0,341.0,3743.68791187,1276597.57794767
2026-05-29 05:45:00,342.0,343.0,342.0,343.0,173282.97399402,59401512.29837466
2026-05-29 06:00:00,343.0,345.0,342.0,345.0,10649.27380232,3656415.11838845
2026-05-29 06:15:00,345.0,345.0,344.0,345.0,11893.3851463,4100071.90991027
2026-05-29 06:30:00,344.0,345.0,344.0,344.0,19121.92803983,6580590.48954481
2026-05-29 06:45:00,344.0,345.0,343.0,343.0,13166.19344562,4526888.55305365
2026-05-29 07:00:00,343.0,344.0,342.0,342.0,48126.38047309,16494271.05644932
2026-05-29 07:15:00,342.0,343.0,342.0,342.0,107859.70609359,36914297.95564402
2026-05-29 07:30:00,343.0,343.0,341.0,341.0,66084.59970982,22571890.13129164
2026-05-29 07:45:00,341.0,343.0,341.0,343.0,6389.41163914,2184248.71766749
2026-05-29 08:00:00,343.0,344.0,342.0,344.0,56585.72859735,19463296.67871819
2026-05-29 08:15:00,344.0,345.0,343.0,344.0,44808.2384841,15407689.0385304
2026-05-29 08:30:00,344.0,345.0,343.0,345.0,27949.67228619,9619112.95394234
2026-05-29 08:45:00,344.0,347.0,344.0,345.0,183292.66569459,63386099.44096
2026-05-29 09:00:00,346.0,348.0,345.0,346.0,105660.7747544,36607769.08151504
2026-05-29 09:15:00,346.0,348.0,345.0,346.0,117846.01586174,40778677.63309162
2026-05-29 09:30:00,347.0,348.0,346.0,348.0,15815.05668774,5487954.79321868
2026-05-29 09:45:00,347.0,351.0,347.0,351.0,48977.96340895,17102049.17141537
2026-05-29 10:00:00,352.0,352.0,349.0,349.0,137609.44072988,48266486.39670505
2026-05-29 10:15:00,350.0,351.0,349.0,350.0,117295.18918987,41038682.81916662
2026-05-29 10:30:00,351.0,351.0,349.0,350.0,288160.15426363,100863547.82206208
2026-05-29 10:45:00,349.0,351.0,348.0,349.0,80797.93971349,28211135.65522885
2026-05-29 11:00:00,349.0,350.0,348.0,348.0,45341.27744917,15824371.75583995
2026-05-29 11:15:00,348.0,348.0,345.0,346.0,163722.0214171,56741137.96248318
2026-05-29 11:30:00,345.0,346.0,344.0,344.0,130727.65047624,45059094.67911923
2026-05-29 11:45:00,344.0,345.0,342.0,343.0,56355.27316603,19334679.45187998
2026-05-29 12:00:00,343.0,345.0,342.0,344.0,25862.19457947,8887524.8206593
2026-05-29 12:15:00,343.0,344.0,343.0,344.0,1429.99599129,491876.75771593
2026-05-29 12:30:00,344.0,344.0,342.0,343.0,30359.50347059,10413344.20617481
2026-05-29 12:45:00,343.0,344.0,342.0,342.0,68255.75023776,23461513.7546677
2026-05-29 13:00:00,343.0,343.0,340.0,341.0,88523.41303485,30204997.92924424
2026-05-29 13:15:00,341.0,342.0,341.0,342.0,20795.07874819,7092952.51773176
2026-05-29 13:30:00,342.0,343.0,340.0,342.0,15103.85166927,5155990.68050305
2026-05-29 13:45:00,341.0,343.0,341.0,343.0,109123.88324892,37323524.56670277
2026-05-29 14:00:00,344.0,344.0,343.0,344.0,3659.16602149,1258724.70230166
2026-05-29 14:15:00,344.0,345.0,344.0,345.0,100171.06001893,34461672.76373039
2026-05-29 14:30:00,345.0,345.0,344.0,344.0,36834.80739678,12671444.22275318
2026-05-29 14:45:00,344.0,345.0,344.0,344.0,68795.45413708,23668533.32532907
2026-05-29 15:00:00,345.0,346.0,345.0,345.0,55272.04591924,19077214.09553348
2026-05-29 15:15:00,346.0,347.0,346.0,346.0,46808.40580406,16231287.40896651
2026-05-29 15:30:00,346.0,346.0,345.0,346.0,70861.17054448,24512117.63135397
2026-05-29 15:45:00,346.0,347.0,345.0,346.0,33015.80123575,11417918.06308003
2026-05-29 16:00:00,346.0,346.0,345.0,346.0,3187.46891676,1102600.17007662
2026-05-29 16:15:00,346.0,348.0,346.0,348.0,31718.15070779,11012724.43389635
2026-05-29 16:30:00,346.0,346.0,343.0,344.0,101096.82318283,34811436.3639818
2026-05-29 16:45:00,344.0,345.0,343.0,344.0,49920.37184119,17176924.49686223
2026-05-29 17:00:00,345.0,346.0,345.0,346.0,26021.58708237,8993610.81033908
2026-05-29 17:15:00,345.0,347.0,344.0,347.0,212072.95496235,73265747.90818202
2026-05-29 17:30:00,346.0,346.0,344.0,345.0,55895.3545805,19293787.57645421
2026-05-29 17:45:00,345.0,346.0,345.0,345.0,113341.25581101,39202762.24030569
2026-05-29 18:00:00,346.0,347.0,345.0,346.0,142189.66355947,49088123.78108459
2026-05-29 18:15:00,346.0,347.0,346.0,347.0,8275.93622504,2864949.06575034
2026-05-29 18:30:00,347.0,349.0,347.0,349.0,35698.00052205,12396448.05574373
2026-05-29 18:45:00,349.0,351.0,349.0,349.0,71279.63809647,24912891.66341569
2026-05-29 19:00:00,349.0,350.0,349.0,350.0,12004.8907658,4193067.6045594
2026-05-29 19:15:00,350.0,350.0,349.0,349.0,67041.81058767,23461205.08800635
2026-05-29 19:30:00,350.0,354.0,350.0,352.0,147100.67344654,51810065.09077641
2026-05-29 19:45:00,352.0,354.0,352.0,353.0,161901.67577783,57013961.07883274
2026-05-29 20:00:00,354.0,354.0,352.0,353.0,114612.59232358,40521100.44537766
2026-05-29 20:15:00,353.0,355.0,352.0,355.0,64533.44921571,22822264.36076351
2026-05-29 20:30:00,355.0,357.0,354.0,355.0,207413.52574384,73678055.09251627
2026-05-29 20:45:00,355.0,356.0,353.0,355.0,207548.81129249,73616665.70723335
2026-05-29 21:00:00,355.0,355.0,352.0,352.0,171525.08230063,60506477.82570244
2026-05-29 21:15:00,352.0,354.0,351.0,352.0,110198.74721966,38785507.98458627
2026-05-29 21:30:00,352.0,353.0,349.0,349.0,88706.72565045,31049731.83403761
2026-05-29 21:45:00,349.0,350.0,348.0,349.0,101841.79250879,35545499.03823166
2026-05-29 22:00:00,349.0,349.0,345.0,346.0,225526.52660241,78106762.37513623
2026-05-29 22:15:00,346.0,348.0,346.0,347.0,102638.02792786,35611472.37323669
2026-05-29 22:30:00,346.0,347.0,345.0,347.0,93386.12245912,32325964.29386425
2026-05-29 22:45:00,348.0,348.0,345.0,346.0,108328.26920026,37530986.10478155
2026-05-29 23:00:00,347.0,347.0,345.0,346.0,64703.48910589,22386485.67167836
2026-05-29 23:15:00,346.0,346.0,341.0,344.0,133227.97070269,45676978.89733969
2026-05-29 23:30:00,343.0,345.0,340.0,340.0,44386.09210702,15169778.87842277
2026-05-29 23:45:00,341.0,346.0,340.0,345.0,80799.99307976,27877475.07514274
2026-05-30 00:00:00,345.0,349.0,345.0,349.0,63438.46197842,22039244.43952152
2026-05-30 00:15:00,348.0,352.0,348.0,352.0,103778.23177692,36253449.98678757
2026-05-30 00:30:00,352.0,355.0,352.0,353.0,70978.68277448,25023022.07953031
2026-05-30 00:45:00,351.0,352.0,351.0,352.0,82199.4103402,28920548.67527107
2026-05-30 01:00:00,352.0,352.0,351.0,352.0,86518.93129684,30442956.38977379
2026-05-30 01:15:00,352.0,352.0,349.0,349.0,6834.58921994,2392050.69361846
2026-05-30 01:30:00,350.0,353.0,349.0,353.0,23248.40277852,8166808.94127037
2026-05-30 01:45:00,352.0,353.0,351.0,352.0,20960.14909328,7374438.874519
2026-05-30 02:00:00,351.0,352.0,351.0,352.0,13348.30647322,4690511.04361411
2026-05-30 02:15:00,351.0,353.0,351.0,353.0,1925.79034097,675990.40968047
2026-05-30 02:30:00,353.0,353.0,353.0,353.0,5701.1430825,2012503.5081225
2026-05-30 02:45:00,353.0,353.0,350.0,351.0,22618.41378902,7938908.07956187
2026-05-30 03:00:00,351.0,352.0,351.0,351.0,10394.21537308,3651554.65414107
2026-05-30 03:15:00,353.0,353.0,351.0,351.0,20643.33596548,7265878.33415561
2026-05-30 03:30:00,350.0,351.0,350.0,351.0,166.37031713,58284.12210435
2026-05-30 03:45:00,350.0,350.0,347.0,348.0,20016.07715053,6957839.28346658
2026-05-30 04:00:00,348.0,349.0,348.0,348.0,10437.8180383,3636432.13415013
2026-05-30 04:15:00,347.0,347.0,347.0,347.0,244.30063,84772.31861
2026-05-30 04:30:00,347.0,350.0,347.0,350.0,805.16299576,280131.73183324
2026-05-30 04:45:00,348.0,349.0,348.0,348.0,86854.81603721,30286876.29291908
2026-05-30 05:00:00,348.0,348.0,348.0,348.0,785.22988505,273259.9999974
2026-05-30 05:15:00,349.0,349.0,349.0,349.0,1028.65329512,358999.99999688
2026-05-30 05:30:00,348.0,348.0,348.0,348.0,862.06896552,300000.00000096
2026-05-30 05:45:00,349.0,349.0,348.0,348.0,82844.18506597,28899462.54265312
2026-05-30 06:00:00,348.0,350.0,348.0,350.0,17945.01662305,6259923.66618075
2026-05-30 06:15:00,349.0,349.0,348.0,348.0,80858.47155714,28140420.94312147
2026-05-30 06:30:00,348.0,348.0,347.0,348.0,94232.18130743,32707613.07952577
2026-05-30 06:45:00,348.0,348.0,346.0,346.0,2043.10551637,709593.4757057
2026-05-30 07:00:00,346.0,346.0,346.0,346.0,265.19075143,91755.99999478
2026-05-30 07:15:00,346.0,347.0,346.0,346.0,1824.29988577,631686.59924265
2026-05-30 07:30:00,347.0,347.0,346.0,346.0,31651.55005753,10973983.70895763
2026-05-30 07:45:00,346.0,348.0,346.0,346.0,46987.97331506,16291624.03436488
2026-05-30 08:00:00,347.0,349.0,347.0,347.0,46746.96435216,16225764.63258062
2026-05-30 08:15:00,347.0,348.0,347.0,348.0,16212.73092645,5636122.75220499
2026-05-30 08:30:00,348.0,348.0,347.0,347.0,39862.88277587,13861075.18106948
2026-05-30 08:45:00,348.0,348.0,347.0,348.0,45949.13753496,15986856.10415493
2026-05-30 09:00:00,349.0,349.0,347.0,348.0,33711.14258411,11703658.13242603
2026-05-30 09:15:00,349.0,349.0,348.0,349.0,21792.72596843,7590492.42621637
2026-05-30 09:30:00,348.0,351.0,348.0,351.0,45710.29211201,15929080.33654226
2026-05-30 09:45:00,350.0,351.0,350.0,351.0,79313.84161167,27788339.5064252
2026-05-30 10:00:00,350.0,352.0,350.0,352.0,26330.43610166,9236835.94105246
2026-05-30 10:15:00,352.0,353.0,351.0,352.0,66429.66771282,23396084.63757272
2026-05-30 10:30:00,352.0,355.0,352.0,355.0,76569.45214605,27127697.40237082
2026-05-30 10:45:00,355.0,357.0,355.0,357.0,112447.25445173,39952505.35247839
2026-05-30 11:00:00,357.0,358.0,356.0,358.0,70130.8623416,25046090.68792665
2026-05-30 11:15:00,358.0,358.0,356.0,356.0,54885.19845859,19610321.39014352
2026-05-30 11:30:00,356.0,358.0,355.0,358.0,73864.39572144,26331366.92664368
2026-05-30 11:45:00,357.0,357.0,356.0,357.0,6398.01114688,2283490.48443794
2026-05-30 12:00:00,357.0,357.0,355.0,356.0,69557.54921625,24738047.52033474
2026-05-30 12:15:00,356.0,356.0,355.0,355.0,70505.67383103,25032230.01524241
2026-05-30 12:30:00,355.0,355.0,353.0,353.0,191313.98634161,67707755.97216387
2026-05-30 12:45:00,355.0,355.0,354.0,354.0,33311.09096087,11796830.57197896
2026-05-30 13:00:00,355.0,355.0,352.0,353.0,59234.22375193,20901009.09227621
2026-05-30 13:15:00,354.0,356.0,352.0,353.0,80645.43035288,28528447.47730368
2026-05-30 13:30:00,352.0,353.0,350.0,352.0,115568.09316244,40569390.11588894
2026-05-30 13:45:00,353.0,354.0,353.0,354.0,33955.04560039,12011331.48524349
2026-05-30 14:00:00,354.0,356.0,353.0,355.0,103376.83333929,36639651.58922876
2026-05-30 14:15:00,355.0,356.0,354.0,355.0,38454.73493119,13651422.410305
2026-05-30 14:30:00,354.0,354.0,353.0,354.0,51059.15470748,18054121.20564912
2026-05-30 14:45:00,355.0,356.0,355.0,355.0,38577.40600908,13724771.0339717
2026-05-30 15:00:00,355.0,355.0,353.0,354.0,18703.44165484,6612900.40129115
2026-05-30 15:15:00,354.0,355.0,354.0,355.0,20078.81995479,7114160.25079287
2026-05-30 15:30:00,355.0,356.0,355.0,356.0,191690.35860613,68228727.07405107
2026-05-30 15:45:00,355.0,356.0,355.0,356.0,3038.91199528,1080807.23681857
2026-05-30 16:00:00,356.0,356.0,354.0,354.0,13809.42428188,4907152.43774155
2026-05-30 16:15:00,354.0,355.0,353.0,355.0,8381.22540047,2970746.77146123
2026-05-30 16:30:00,354.0,354.0,353.0,353.0,73975.53216929,26186710.92238358
2026-05-30 16:45:00,353.0,353.0,353.0,353.0,16746.8314772,5911631.5114516
2026-05-30 17:00:00,353.0,354.0,353.0,354.0,56200.6952975,19868220.44391727
2026-05-30 17:15:00,354.0,356.0,354.0,355.0,80714.15762313,28654378.59375129
2026-05-30 17:30:00,355.0,356.0,354.0,354.0,176301.98882014,62460575.13781895
2026-05-30 17:45:00,354.0,354.0,353.0,353.0,25691.67393865,9075725.47308355
2026-05-30 18:00:00,353.0,354.0,353.0,354.0,33035.37382445,11678024.5342228
2026-05-30 18:15:00,353.0,354.0,353.0,353.0,3408.30938181,1203165.16093147
2026-05-30 18:30:00,353.0,354.0,353.0,353.0,10439.87366062,3685713.11427502
2026-05-30 18:45:00,353.0,353.0,352.0,353.0,24431.62281066,8624345.9982304
2026-05-30 19:00:00,353.0,353.0,353.0,353.0,9137.8232832,3225651.6189696
2026-05-30 19:15:00,354.0,354.0,352.0,352.0,18038.07328212,6357263.28294949
2026-05-30 19:30:00,353.0,353.0,352.0,352.0,20036.42866949,7060419.00295326
2026-05-30 19:45:00,352.0,353.0,351.0,353.0,4652.42432819,1636965.68088166
2026-05-30 20:00:00,352.0,352.0,351.0,351.0,3264.3045832,1145802.18710774
2026-05-30 20:15:00,351.0,352.0,351.0,352.0,41132.14737299,14475555.17458252
2026-05-30 20:30:00,352.0,353.0,352.0,353.0,47298.58911541,16692733.77290629
2026-05-30 20:45:00,354.0,355.0,353.0,353.0,6973.65463637,2462882.0302122
2026-05-30 21:00:00,354.0,355.0,354.0,355.0,56123.70679945,19916206.58573142
2026-05-30 21:15:00,355.0,355.0,354.0,355.0,32341.5862491,11480832.08394775
2026-05-30 21:30:00,355.0,356.0,354.0,355.0,113147.8082818,40129057.95986983
2026-05-30 21:45:00,354.0,356.0,354.0,355.0,5462.25610604,1938935.41462339
2026-05-30 22:00:00,355.0,356.0,355.0,355.0,7035.47196549,2497608.54774895
2026-05-30 22:15:00,356.0,356.0,355.0,355.0,42197.28668774,14986740.29268546
2026-05-30 22:30:00,354.0,354.0,352.0,354.0,41261.31698006,14579356.71111189
2026-05-30 22:45:00,354.0,355.0,354.0,355.0,138556.59639468,49063169.99999877
2026-05-30 23:00:00,355.0,355.0,354.0,355.0,64273.7958266,22762613.31867271
2026-05-30 23:15:00,355.0,355.0,355.0,355.0,3454.59242209,1226380.30984195
2026-05-30 23:30:00,355.0,355.0,353.0,354.0,33404.75369655,11830251.40938872
2026-05-30 23:45:00,354.0,355.0,353.0,355.0,372254.25060774,131970601.08047499
2026-05-31 00:00:00,355.0,355.0,353.0,354.0,156136.85215558,55397610.61423997
2026-05-31 00:15:00,354.0,354.0,354.0,354.0,62591.20157293,22157285.35681722
2026-05-31 00:30:00,353.0,353.0,351.0,351.0,280371.30059087,98673268.50080475
2026-05-31 00:45:00,352.0,352.0,352.0,352.0,7358.50937786,2590195.30100672
2026-05-31 01:00:00,352.0,352.0,351.0,352.0,12898.13782835,4534590.55490505
2026-05-31 01:15:00,352.0,352.0,352.0,352.0,2664.30497187,937835.35009824
2026-05-31 01:45:00,353.0,353.0,352.0,353.0,33636.28275827,11873575.14321476
2026-05-31 02:00:00,353.0,354.0,353.0,354.0,7518.73265996,2657961.03121052
2026-05-31 02:30:00,352.0,352.0,352.0,352.0,14515.27291056,5109376.06451712
2026-05-31 02:45:00,351.0,352.0,351.0,352.0,27503.78169564,9681043.40757754
2026-05-31 03:00:00,352.0,353.0,352.0,353.0,1591.98448754,560406.86822597
2026-05-31 03:15:00,353.0,353.0,353.0,353.0,190.36827195,67199.99999835
2026-05-31 03:30:00,352.0,352.0,352.0,352.0,8839.46734317,3111492.50479584
2026-05-31 03:45:00,352.0,352.0,352.0,352.0,6700.0,2358400.0
2026-05-31 04:00:00,353.0,353.0,353.0,353.0,504.40084985,178053.49999705
2026-05-31 04:15:00,353.0,353.0,352.0,352.0,12940.0,4559880.0
2026-05-31 04:30:00,352.0,352.0,352.0,352.0,38050.1141938,13393640.1962176
2026-05-31 05:15:00,352.0,352.0,352.0,352.0,20116.10045946,7080867.36172992
2026-05-31 05:30:00,352.0,352.0,352.0,352.0,4385.446869,1543677.297888
2026-05-31 05:45:00,353.0,353.0,351.0,352.0,25317.47847136,8902076.68800926
2026-05-31 06:00:00,352.0,352.0,352.0,352.0,19038.59334641,6701584.85793632
2026-05-31 06:15:00,352.0,352.0,352.0,352.0,6863.78401714,2416051.97403328
2026-05-31 06:30:00,352.0,353.0,351.0,351.0,28253.85356249,9944219.28556998
2026-05-31 06:45:00,352.0,352.0,352.0,352.0,298.29545454,104999.99999808
2026-05-31 07:00:00,351.0,351.0,349.0,350.0,100018.44729799,35009721.31782599
2026-05-31 07:15:00,351.0,351.0,350.0,350.0,72741.73446876,25471185.41449188
2026-05-31 07:30:00,350.0,351.0,350.0,350.0,55662.20005614,19505254.99510998
2026-05-31 07:45:00,349.0,350.0,349.0,349.0,161626.79205405,56407767.56972059
2026-05-31 08:00:00,349.0,351.0,349.0,350.0,13914.48492717,4863495.69614899
2026-05-31 08:15:00,350.0,350.0,348.0,349.0,9404.64765498,3273597.91788977
2026-05-31 08:30:00,349.0,350.0,348.0,348.0,46997.71519256,16355491.04337595
2026-05-31 08:45:00,348.0,350.0,348.0,350.0,61418.61522788,21473747.90061181
2026-05-31 09:00:00,350.0,350.0,349.0,350.0,54070.31440819,18893623.8535386
2026-05-31 09:15:00,350.0,351.0,350.0,351.0,37686.60558675,13196827.66633322
2026-05-31 09:30:00,350.0,350.0,349.0,350.0,70937.93731206,24770921.9314865
2026-05-31 09:45:00,349.0,350.0,349.0,349.0,42416.03180988,14807482.37944682
2026-05-31 10:00:00,350.0,350.0,350.0,350.0,35675.39956548,12486389.847918
2026-05-31 10:15:00,351.0,351.0,350.0,350.0,3196.16840915,1118919.59307129
2026-05-31 10:30:00,350.0,350.0,349.0,349.0,80000.48329236,27929580.7061323
2026-05-31 10:45:00,349.0,349.0,348.0,349.0,172326.62767604,60012966.91141962
2026-05-31 11:00:00,349.0,350.0,347.0,349.0,191896.9661955,66784539.78524764
2026-05-31 11:15:00,350.0,350.0,349.0,349.0,12153.3576353,4252653.59719366
2026-05-31 11:30:00,349.0,349.0,348.0,349.0,28516.60955669,9924313.68686726
2026-05-31 11:45:00,348.0,348.0,347.0,348.0,59972.35639835,20821300.82356952
2026-05-31 12:00:00,349.0,349.0,348.0,348.0,30053.62837743,10461689.10514503
2026-05-31 12:15:00,348.0,349.0,348.0,349.0,8209.12820666,2862974.24987146
2026-05-31 12:30:00,349.0,349.0,347.0,348.0,21325.57907438,7416674.08518224
2026-05-31 12:45:00,347.0,349.0,347.0,349.0,38497.28075697,13372032.61353577
2026-05-31 13:00:00,349.0,349.0,348.0,348.0,10873.35778507,3785432.04860227
2026-05-31 13:15:00,348.0,349.0,347.0,348.0,16360.02675404,5693450.78134128
2026-05-31 13:30:00,348.0,349.0,348.0,349.0,29826.32145047,10396816.3332485
2026-05-31 13:45:00,349.0,349.0,348.0,349.0,2801.29250667,976988.61753604
2026-05-31 14:00:00,349.0,349.0,349.0,349.0,1632.64213161,569792.10393189
2026-05-31 14:15:00,348.0,348.0,348.0,348.0,12600.64140291,4385023.20821268
2026-05-31 14:30:00,348.0,349.0,347.0,347.0,1056.86389795,368484.03559121
2026-05-31 14:45:00,348.0,348.0,347.0,347.0,35895.06909617,12462508.51660086
2026-05-31 15:00:00,346.0,347.0,346.0,347.0,63389.1772551,21955045.52334944
2026-05-31 15:15:00,347.0,348.0,346.0,348.0,22958.49191952,7952822.17143343
2026-05-31 15:30:00,347.0,348.0,347.0,348.0,35075.56115015,12171535.66744963
2026-05-31 15:45:00,348.0,348.0,347.0,347.0,10432.53303959,3630188.31333927
2026-05-31 16:00:00,347.0,347.0,346.0,347.0,31665.55022213,10973885.12350882
2026-05-31 16:15:00,347.0,347.0,345.0,345.0,78957.27550085,27309753.43797031
2026-05-31 16:30:00,344.0,344.0,343.0,344.0,151495.40640347,51977675.84838426
2026-05-31 16:45:00,344.0,344.0,343.0,343.0,51892.0623935,17802365.71169882
2026-05-31 17:00:00,344.0,346.0,343.0,345.0,211656.688409,73016397.3671817
2026-05-31 17:15:00,346.0,347.0,346.0,346.0,2219.31948182,769342.0072963
2026-05-31 17:30:00,347.0,348.0,346.0,346.0,128146.86850721,44458634.59792629
2026-05-31 17:45:00,346.0,346.0,345.0,346.0,10160.59843149,3513023.75190971
2026-05-31 18:00:00,345.0,346.0,345.0,346.0,5507.6652142,1901011.1173961
2026-05-31 18:15:00,346.0,347.0,346.0,347.0,95365.27476699,33059925.22351708
2026-05-31 18:30:00,347.0,348.0,347.0,348.0,27457.72966422,9554549.10307458
2026-05-31 18:45:00,348.0,348.0,346.0,346.0,63489.27548793,22051426.52422691
2026-05-31 19:00:00,346.0,346.0,346.0,346.0,500.0,173000.0
2026-05-31 19:15:00,345.0,345.0,345.0,345.0,20055.06185367,6918996.33951615
2026-05-31 19:30:00,345.0,346.0,345.0,345.0,29733.53325305,10275537.62655575
2026-05-31 19:45:00,346.0,346.0,345.0,346.0,1334.039963,460734.71697401
2026-05-31 20:00:00,346.0,347.0,346.0,347.0,2996.82506894,1037088.53450158
2026-05-31 20:15:00,346.0,347.0,346.0,346.0,19730.64153907,6838190.79096202
2026-05-31 20:30:00,347.0,348.0,346.0,347.0,7485.00962095,2601436.49576533
2026-05-31 20:45:00,347.0,348.0,347.0,348.0,293637.18893274,102175412.7996033
2026-05-31 21:00:00,348.0,349.0,347.0,348.0,145034.99885736,50461519.88915226
2026-05-31 21:15:00,349.0,350.0,348.0,348.0,239316.22259104,83522554.81525634
2026-05-31 21:30:00,348.0,349.0,348.0,348.0,5940.72435854,2068952.07677192
2026-05-31 21:45:00,349.0,350.0,349.0,350.0,39056.24643364,13653903.19733419
2026-05-31 22:00:00,350.0,354.0,349.0,353.0,50336.61916867,17771174.88044963
2026-05-31 22:15:00,353.0,353.0,352.0,353.0,9502.94964058,3352475.88221564
2026-05-31 22:30:00,353.0,354.0,352.0,352.0,40435.66503038,14244416.95358681
2026-05-31 22:45:00,351.0,351.0,349.0,349.0,25998.58316642,9099555.04068492
2026-05-31 23:00:00,349.0,349.0,348.0,348.0,82348.82034255,28735549.39579354
2026-05-31 23:15:00,348.0,348.0,345.0,345.0,104064.48949118,35935249.43465828
2026-05-31 23:30:00,346.0,346.0,345.0,345.0,120332.53146,41517039.75658052
2026-05-31 23:45:00,345.0,346.0,344.0,344.0,66244.88654989,22852320.55644783
2026-06-01 00:00:00,344.0,344.0,344.0,344.0,62835.50173523,21615412.59691912
2026-06-01 00:15:00,344.0,347.0,344.0,346.0,32703.50009791,11309180.59775763
2026-06-01 00:30:00,346.0,347.0,345.0,345.0,9973.34067892,3449226.27322495
2026-06-01 00:45:00,345.0,346.0,345.0,345.0,32200.44232719,11132562.71863191
2026-06-01 01:00:00,344.0,346.0,344.0,344.0,39029.79328455,13430538.34166143
2026-06-01 01:15:00,343.0,344.0,342.0,343.0,34527.93976807,11844016.85415046
2026-06-01 01:30:00,343.0,343.0,342.0,342.0,577.17291259,197434.59408878
2026-06-01 01:45:00,343.0,345.0,343.0,344.0,23944.76805507,8234076.70401955
2026-06-01 02:00:00,344.0,345.0,344.0,344.0,38318.5515652,13214207.32923665
2026-06-01 02:15:00,346.0,346.0,346.0,346.0,2203.01761983,762244.09646118
2026-06-01 02:30:00,347.0,348.0,347.0,347.0,10050.60838314,3488598.00499471
2026-06-01 02:45:00,347.0,348.0,347.0,348.0,29604.57223283,10302096.90961959
2026-06-01 03:15:00,346.0,346.0,346.0,346.0,15295.61231884,5292281.86231864
2026-06-01 03:30:00,347.0,347.0,347.0,347.0,1009.37621868,350253.54788196
2026-06-01 03:45:00,347.0,347.0,347.0,347.0,9812.67241118,3404997.32667946
2026-06-01 04:00:00,346.0,347.0,345.0,345.0,40895.05359391,14147316.50514617
2026-06-01 04:15:00,345.0,345.0,345.0,345.0,888.95652174,306690.0000003
2026-06-01 04:30:00,345.0,345.0,345.0,345.0,18.21206,6283.1607
2026-06-01 04:45:00,346.0,347.0,345.0,345.0,1445.61063367,500779.99999609
2026-06-01 05:00:00,346.0,347.0,346.0,347.0,4831.47395319,1675514.96217077
2026-06-01 05:15:00,347.0,348.0,347.0,348.0,1624.26442244,565042.28990249
2026-06-01 05:30:00,349.0,349.0,348.0,349.0,14602.34886948,5095965.18544852
2026-06-01 05:45:00,349.0,350.0,349.0,349.0,11206.47659445,3911077.4743202
2026-06-01 06:00:00,349.0,351.0,349.0,350.0,92051.13732845,32245165.94263958
2026-06-01 06:15:00,351.0,352.0,351.0,352.0,41373.40100761,14531243.75367111
2026-06-01 06:30:00,352.0,352.0,351.0,352.0,78458.76834261,27552185.94133097
2026-06-01 06:45:00,352.0,353.0,352.0,352.0,40227.37923242,14168480.09746056
2026-06-01 07:00:00,353.0,354.0,351.0,354.0,37850.51648591,13391976.02184997
2026-06-01 07:15:00,354.0,355.0,353.0,354.0,54437.66320499,19269593.44671927
2026-06-01 07:30:00,353.0,354.0,352.0,352.0,21185.23855741,7475821.71063737
2026-06-01 07:45:00,353.0,354.0,352.0,353.0,74314.44560201,26235959.04454979
2026-06-01 08:00:00,353.0,356.0,353.0,355.0,20579.2963477,7287659.14335096
2026-06-01 08:15:00,355.0,355.0,353.0,353.0,17916.11152565,6343083.8651245
2026-06-01 08:30:00,352.0,353.0,351.0,352.0,38907.00380378,13678067.35559433
2026-06-01 08:45:00,352.0,354.0,352.0,353.0,28403.77546612,10004223.39138912
2026-06-01 09:00:00,353.0,354.0,353.0,354.0,137139.95099654,48453276.37707773
2026-06-01 09:15:00,354.0,356.0,353.0,356.0,87825.89512356,31136355.78348508
2026-06-01 09:30:00,356.0,356.0,354.0,354.0,68947.47693907,24475821.33817003
2026-06-01 09:45:00,354.0,356.0,352.0,352.0,25945.03266409,9177307.17091316
2026-06-01 10:00:00,352.0,353.0,351.0,351.0,110175.75196303,38762981.09073335
2026-06-01 10:15:00,351.0,351.0,349.0,351.0,76233.04430638,26688362.66770699
2026-06-01 10:30:00,350.0,350.0,348.0,348.0,61506.74711366,21446550.66247234
2026-06-01 10:45:00,349.0,350.0,347.0,347.0,106364.74336374,37022204.77928342
2026-06-01 11:00:00,347.0,350.0,347.0,349.0,49623.26945338,17251032.27081921
2026-06-01 11:15:00,349.0,350.0,349.0,350.0,95377.97876245,33312672.51949854
2026-06-01 11:30:00,349.0,352.0,349.0,352.0,126955.27127476,44354096.71318074
2026-06-01 11:45:00,351.0,353.0,350.0,351.0,46528.66027195,16345304.09336643
2026-06-01 12:00:00,352.0,354.0,351.0,352.0,76022.5809058,26789591.25420885
2026-06-01 12:15:00,352.0,354.0,352.0,354.0,52654.10100194,18559318.79102447
2026-06-01 12:30:00,353.0,354.0,352.0,352.0,20331.74529386,7175977.04151164
2026-06-01 12:45:00,351.0,352.0,351.0,351.0,11593.96905539,4070393.94330309
2026-06-01 13:00:00,351.0,352.0,350.0,350.0,32410.09741738,11385657.61069188
2026-06-01 13:15:00,351.0,351.0,348.0,349.0,99356.14664079,34704358.89674461
2026-06-01 13:30:00,348.0,351.0,348.0,350.0,25531.73119418,8928261.76797937
2026-06-01 13:45:00,349.0,349.0,347.0,349.0,85592.48100517,29816234.34985561
2026-06-01 14:00:00,349.0,349.0,347.0,348.0,39860.83110436,13868003.82176133
2026-06-01 14:15:00,348.0,348.0,347.0,347.0,21039.3866351,7311364.22741393
2026-06-01 14:30:00,347.0,347.0,346.0,347.0,27080.89777491,9382789.7342081
2026-06-01 14:45:00,346.0,348.0,346.0,347.0,17976.69552915,6248444.46316173
2026-06-01 15:00:00,347.0,347.0,344.0,345.0,79260.34264953,27410049.91732899
2026-06-01 15:15:00,344.0,345.0,343.0,344.0,93630.88446812,32210116.99393515
2026-06-01 15:30:00,343.0,344.0,341.0,342.0,287237.6250522,98315066.76567312
2026-06-01 15:45:00,342.0,344.0,342.0,343.0,119814.62611369,41041263.46836302
2026-06-01 16:00:00,344.0,344.0,342.0,343.0,28396.02491491,9740736.96571004
2026-06-01 16:15:00,343.0,344.0,343.0,343.0,26250.51023326,9014120.46839397
2026-06-01 16:30:00,342.0,343.0,340.0,342.0,160560.58411663,54788930.20162038
2026-06-01 16:45:00,342.0,342.0,341.0,341.0,124837.66749501,42569732.42084376
2026-06-01 17:00:00,341.0,342.0,340.0,342.0,38953.60656774,13284446.82177367
2026-06-01 17:15:00,342.0,342.0,340.0,340.0,128482.02191484,43798984.19870715
2026-06-01 17:30:00,340.0,342.0,340.0,341.0,66726.48131362,22715241.87398851
2026-06-01 17:45:00,341.0,342.0,340.0,342.0,78332.97912236,26770004.87918871
2026-06-01 18:00:00,342.0,343.0,342.0,342.0,16582.02345987,5682422.19048202
2026-06-01 18:15:00,343.0,344.0,342.0,342.0,24476.16121199,8395150.81225565
2026-06-01 18:30:00,342.0,343.0,342.0,342.0,174498.01559316,59678508.2308199
2026-06-01 18:45:00,342.0,343.0,342.0,343.0,87260.89938734,29865448.05202627
2026-06-01 19:00:00,341.0,343.0,341.0,343.0,22143.45907189,7573068.77778137
2026-06-01 19:15:00,342.0,342.0,341.0,341.0,8532.0592382,2914043.53505585
2026-06-01 19:30:00,342.0,344.0,340.0,343.0,72737.5439785,24899696.13412019
2026-06-01 19:45:00,343.0,345.0,343.0,343.0,283551.32984473,97267646.8975773
2026-06-01 20:00:00,343.0,343.0,342.0,342.0,17109.39076642,5868505.4961589
2026-06-01 20:15:00,343.0,343.0,342.0,343.0,16266.53238565,5577343.27086776
2026-06-01 20:30:00,343.0,344.0,343.0,343.0,190161.00484592,65250146.47090395
2026-06-01 20:45:00,342.0,343.0,341.0,341.0,98837.22746254,33782873.54557427
2026-06-01 21:00:00,342.0,342.0,338.0,339.0,295498.48460872,100199164.1284513
2026-06-01 21:15:00,339.0,341.0,338.0,341.0,55314.40024829,18808387.17835658
2026-06-01 21:30:00,341.0,342.0,340.0,340.0,21951.5881922,7482886.29255167
2026-06-01 21:45:00,340.0,342.0,340.0,340.0,50490.81376152,17166922.04771513
2026-06-01 22:00:00,340.0,340.0,337.0,337.0,268474.49198935,90705000.37437984
2026-06-01 22:15:00,337.0,340.0,337.0,338.0,93746.32505598,31693676.0062037
2026-06-01 22:30:00,337.0,340.0,337.0,339.0,52313.28089169,17743994.85031687
2026-06-01 22:45:00,338.0,340.0,335.0,338.0,275484.02526448,93071913.95487028
2026-06-01 23:00:00,338.0,339.0,336.0,337.0,93352.8466351,31452899.14489697
2026-06-01 23:15:00,337.0,338.0,337.0,337.0,29650.47915355,10002591.00299531
2026-06-01 23:30:00,336.0,337.0,336.0,337.0,12832.50594859,4316015.95006154
2026-06-01 23:45:00,336.0,337.0,335.0,336.0,91380.15990225,30692210.27036235
2026-06-02 00:00:00,336.0,337.0,336.0,337.0,62800.37013239,21120931.19854602
2026-06-02 00:15:00,337.0,338.0,335.0,335.0,62131.9514054,20819974.94243647
2026-06-02 00:30:00,334.0,339.0,334.0,338.0,41277.39466808,13907176.34210395
2026-06-02 00:45:00,338.0,338.0,338.0,338.0,51479.28994082,17399999.99999716
2026-06-02 01:00:00,337.0,337.0,336.0,336.0,28591.20796785,9616279.90928358
2026-06-02 01:15:00,337.0,339.0,337.0,339.0,8243.27547924,2790828.79010144
2026-06-02 01:30:00,340.0,340.0,340.0,340.0,1685.81622509,573177.5165306
2026-06-02 01:45:00,340.0,343.0,340.0,342.0,7822.0282519,2670998.55169229
2026-06-02 02:00:00,343.0,344.0,342.0,343.0,14987.43092201,5145957.79267008
2026-06-02 02:15:00,342.0,344.0,341.0,344.0,17385.53576253,5942725.97394851
2026-06-02 02:30:00,344.0,346.0,343.0,346.0,28975.37568427,9975166.55507626
2026-06-02 02:45:00,346.0,347.0,345.0,347.0,5214.90781749,1801805.68959039
2026-06-02 03:00:00,346.0,346.0,344.0,344.0,37982.22143664,13114460.09242802
2026-06-02 03:15:00,344.0,345.0,344.0,345.0,1133.92341744,390269.65559936
2026-06-02 03:30:00,346.0,347.0,345.0,347.0,9666.56475252,3347404.5956843
2026-06-02 03:45:00,345.0,345.0,345.0,345.0,12677.27424186,4373659.6134417
2026-06-02 04:00:00,344.0,344.0,343.0,344.0,12535.92448153,4312039.61643398
2026-06-02 04:30:00,344.0,344.0,343.0,344.0,2000.2920433,687633.74935655
2026-06-02 04:45:00,344.0,345.0,344.0,345.0,8012.81030065,2756491.72991586
2026-06-02 05:00:00,345.0,345.0,344.0,344.0,15182.29590705,5233975.81988082
2026-06-02 05:15:00,343.0,344.0,343.0,343.0,23196.43513296,7975871.94172245
2026-06-02 05:30:00,343.0,344.0,343.0,344.0,8880.89654279,3046744.52910234
2026-06-02 05:45:00,344.0,345.0,343.0,343.0,55106.2508006,18959586.65918638
2026-06-02 06:00:00,343.0,343.0,340.0,341.0,44869.18578164,15322138.48788138
2026-06-02 06:15:00,341.0,341.0,340.0,341.0,17969.04799711,6127151.24936746
2026-06-02 06:30:00,340.0,342.0,340.0,341.0,92200.41537673,31349696.05822314
2026-06-02 06:45:00,340.0,341.0,340.0,340.0,30050.67448455,10219056.64030895
2026-06-02 07:00:00,339.0,340.0,338.0,339.0,53215.8072381,17998169.67089833
2026-06-02 07:15:00,340.0,340.0,339.0,340.0,139082.62261631,47171317.06401486
2026-06-02 07:30:00,340.0,341.0,339.0,339.0,73612.39639547,25060016.25484866
2026-06-02 07:45:00,340.0,342.0,340.0,342.0,48782.87258606,16594122.41493314
2026-06-02 08:00:00,342.0,342.0,340.0,340.0,58976.56455254,20108306.07060848
2026-06-02 08:15:00,340.0,341.0,338.0,339.0,105671.50247762,35946682.47220346
2026-06-02 08:30:00,339.0,341.0,338.0,340.0,150889.06346634,51193615.09956609
2026-06-02 08:45:00,340.0,342.0,339.0,342.0,47520.16020568,16167352.17839019
2026-06-02 09:00:00,342.0,343.0,339.0,340.0,75577.1262913,25774469.93982324
2026-06-02 09:15:00,340.0,340.0,338.0,338.0,24362.50111405,8235653.65850513
2026-06-02 09:30:00,338.0,338.0,336.0,337.0,178242.81358114,59947617.47117822
2026-06-02 09:45:00,337.0,338.0,335.0,338.0,103258.46619231,34687078.95120527
2026-06-02 10:00:00,337.0,338.0,335.0,336.0,228769.63995199,77008951.65301171
2026-06-02 10:15:00,336.0,338.0,335.0,336.0,377184.65277281,126819978.61818899
2026-06-02 10:30:00,336.0,336.0,334.0,336.0,66012.76934615,22088446.59495639
2026-06-02 10:45:00,336.0,336.0,332.0,332.0,114239.15641866,38075305.3780331
2026-06-02 11:00:00,332.0,332.0,327.0,329.0,655496.03261713,215529943.97018015
2026-06-02 11:15:00,328.0,333.0,328.0,332.0,126096.81613637,41603306.77021368
2026-06-02 11:30:00,331.0,332.0,331.0,331.0,87810.08958804,29127733.2010578
2026-06-02 11:45:00,330.0,333.0,330.0,333.0,70560.71075598,23408575.65566737
2026-06-02 12:00:00,334.0,335.0,333.0,335.0,331776.33071034,110827738.85805304
2026-06-02 12:15:00,334.0,336.0,334.0,336.0,30040.93398761,10053093.54712341
2026-06-02 12:30:00,336.0,337.0,335.0,336.0,26410.37843207,8880387.28936537
2026-06-02 12:45:00,336.0,337.0,336.0,336.0,24875.34243827,8361392.65488226
2026-06-02 13:00:00,336.0,337.0,335.0,336.0,73096.03501375,24574610.72241167
2026-06-02 13:15:00,336.0,337.0,335.0,337.0,50315.07422606,16929333.8577058
2026-06-02 13:30:00,337.0,337.0,337.0,337.0,5686.01025895,1916185.45726615
2026-06-02 13:45:00,336.0,336.0,334.0,334.0,25126.6711728,8425502.9602157
2026-06-02 14:00:00,334.0,336.0,333.0,336.0,46666.71321038,15595062.97293131
2026-06-02 14:15:00,336.0,336.0,332.0,334.0,20899.35434113,6955823.17031589
2026-06-02 14:30:00,333.0,334.0,332.0,332.0,93354.17075915,31038247.17917922
2026-06-02 14:45:00,332.0,333.0,331.0,331.0,273066.8363409,90396456.63005394
2026-06-02 15:00:00,332.0,332.0,331.0,331.0,44622.40896301,14801772.92267059
2026-06-02 15:15:00,331.0,332.0,330.0,331.0,43890.36305221,14515683.04720963
2026-06-02 15:30:00,331.0,332.0,331.0,331.0,9339.24986763,3097424.62140505
2026-06-02 15:45:00,331.0,332.0,330.0,331.0,86429.25300102,28577612.50125826
2026-06-02 16:00:00,331.0,331.0,329.0,331.0,160810.5665012,53068911.43141253
2026-06-02 16:15:00,331.0,332.0,330.0,330.0,48383.43464229,16038685.88204403
2026-06-02 16:30:00,331.0,333.0,331.0,333.0,6134.10840933,2033986.98660102
2026-06-02 16:45:00,332.0,332.0,330.0,331.0,18757.67506446,6225573.04872803
2026-06-02 17:00:00,331.0,332.0,331.0,331.0,50305.39134018,16653680.16612969
2026-06-02 17:15:00,332.0,332.0,331.0,331.0,37923.03889013,12572209.48158722
2026-06-02 17:30:00,332.0,333.0,331.0,332.0,14062.40636915,4666256.45216379
2026-06-02 17:45:00,332.0,332.0,330.0,331.0,76744.5410228,25389590.80429002
2026-06-02 18:00:00,331.0,332.0,330.0,330.0,49161.0198634,16251794.85203072
2026-06-02 18:15:00,330.0,331.0,330.0,330.0,217106.75869433,71663900.43597157
2026-06-02 18:30:00,330.0,332.0,330.0,331.0,50522.58935576,16698187.85470104
2026-06-02 18:45:00,330.0,330.0,330.0,330.0,9148.23428551,3018917.3142183
2026-06-02 19:00:00,330.0,332.0,329.0,331.0,104537.70551482,34497588.69167722
2026-06-02 19:15:00,332.0,333.0,331.0,332.0,68423.78427681,22712068.42024893
2026-06-02 19:30:00,333.0,333.0,331.0,331.0,6685.76520287,2219176.69913837
2026-06-02 19:45:00,331.0,333.0,331.0,332.0,36075.69598795,12003370.89796046
2026-06-02 20:00:00,332.0,333.0,331.0,333.0,139809.43112205,46414964.33667057
2026-06-02 20:15:00,332.0,332.0,331.0,332.0,16983.38949652,5632293.56140243
2026-06-02 20:30:00,331.0,332.0,330.0,331.0,6983.27643501,2311323.49998831
2026-06-02 20:45:00,330.0,333.0,330.0,332.0,17672.12253964,5848465.6074378
2026-06-02 21:00:00,331.0,331.0,330.0,331.0,30366.41057422,10050924.54171616
2026-06-02 21:15:00,331.0,331.0,330.0,331.0,97974.64905907,32334732.29041994
2026-06-02 21:30:00,331.0,332.0,330.0,332.0,106466.69519097,35210473.94509458
2026-06-02 21:45:00,331.0,332.0,331.0,332.0,66571.4605803,22043106.19796687
2026-06-02 22:00:00,331.0,332.0,330.0,330.0,160275.13523953,53024481.67392136
2026-06-02 22:15:00,330.0,331.0,329.0,331.0,96179.21600486,31669940.31844955
2026-06-02 22:30:00,331.0,331.0,330.0,331.0,196770.54598112,65088504.9330667
2026-06-02 22:45:00,331.0,332.0,329.0,330.0,43458.19819744,14368957.44153271
2026-06-02 23:00:00,330.0,330.0,328.0,330.0,207850.22086043,68418584.8269408
2026-06-02 23:15:00,330.0,330.0,323.0,325.0,1317772.42078297,428326739.2292548
2026-06-02 23:30:00,324.0,328.0,323.0,324.0,258149.94299168,83826758.04511607
2026-06-02 23:45:00,325.0,328.0,325.0,325.0,77351.04331252,25204921.13301525
2026-06-03 00:00:00,325.0,326.0,323.0,323.0,452242.03012416,146369909.41112763
2026-06-03 00:15:00,323.0,323.0,319.0,320.0,1790019.33547811,574427463.7064003
2026-06-03 00:30:00,319.0,320.0,313.0,319.0,1766875.16843641,559498782.6780266
2026-06-03 00:45:00,319.0,321.0,318.0,321.0,145804.45243922,46490398.30990095
2026-06-03 01:00:00,321.0,324.0,320.0,323.0,81537.67916841,26230003.37475909
2026-06-03 01:15:00,324.0,325.0,323.0,324.0,428187.97028809,138897773.44688854
2026-06-03 01:30:00,324.0,324.0,323.0,323.0,77635.44340715,25077706.99553672
2026-06-03 01:45:00,323.0,324.0,320.0,320.0,84759.61933648,27344029.92104648
2026-06-03 02:00:00,321.0,323.0,321.0,323.0,30317.54700519,9769664.75069931
2026-06-03 02:15:00,323.0,325.0,322.0,324.0,47023.73034823,15200206.90060693
2026-06-03 02:30:00,324.0,326.0,323.0,324.0,93235.71952794,30192616.21587915
2026-06-03 02:45:00,324.0,325.0,323.0,325.0,3054.84424213,990271.45034059
2026-06-03 03:00:00,325.0,325.0,324.0,324.0,24554.91523706,7956536.07095611
2026-06-03 03:15:00,324.0,324.0,321.0,321.0,56998.95491109,18395157.68973974
2026-06-03 03:30:00,321.0,322.0,320.0,321.0,27658.99378048,8870897.99732289
2026-06-03 03:45:00,321.0,321.0,319.0,320.0,52406.48231103,16779508.1149344
2026-06-03 04:00:00,320.0,320.0,320.0,320.0,20132.75176012,6442480.5632384
2026-06-03 04:15:00,320.0,320.0,317.0,318.0,290511.89553545,92363453.45090546
2026-06-03 04:30:00,317.0,317.0,314.0,317.0,182634.95855408,57555438.94312137
2026-06-03 04:45:00,318.0,321.0,317.0,321.0,180675.55110139,57909651.04284556
2026-06-03 05:00:00,321.0,322.0,319.0,320.0,47457.55755725,15235973.43508652
2026-06-03 05:15:00,320.0,320.0,317.0,319.0,44886.93676923,14321587.8014893
2026-06-03 05:30:00,319.0,320.0,319.0,319.0,13274.71676688,4239815.85566597
2026-06-03 05:45:00,319.0,322.0,319.0,321.0,12763.37283909,4092673.41779067
2026-06-03 06:00:00,321.0,322.0,319.0,319.0,29925.30382213,9600952.42703682
2026-06-03 06:15:00,320.0,324.0,320.0,324.0,79990.57724872,25778490.75812163
2026-06-03 06:30:00,324.0,324.0,321.0,323.0,20168.10018038,6513203.17370776
2026-06-03 06:45:00,323.0,323.0,320.0,322.0,60535.10104406,19433505.45442191
2026-06-03 07:00:00,322.0,322.0,318.0,318.0,38091.91912358,12140833.22442453
2026-06-03 07:15:00,318.0,320.0,316.0,319.0,40926.58856578,13023056.14607352
2026-06-03 07:30:00,319.0,319.0,316.0,316.0,116385.38441374,36827505.81737642
2026-06-03 07:45:00,316.0,316.0,311.0,313.0,1193105.39445653,374251190.22207844
2026-06-03 08:00:00,312.0,315.0,311.0,314.0,416053.35205543,130179301.08837944
2026-06-03 08:15:00,314.0,316.0,310.0,311.0,872154.73239969,271433919.6809164
2026-06-03 08:30:00,311.0,316.0,310.0,316.0,174662.26651491,54567154.9586949
2026-06-03 08:45:00,315.0,317.0,314.0,315.0,112642.5389173,35503995.48064644
2026-06-03 09:00:00,315.0,317.0,315.0,316.0,75309.37259005,23772563.51069566
2026-06-03 09:15:00,317.0,319.0,317.0,319.0,208472.51555945,66302359.98087702
2026-06-03 09:30:00,317.0,319.0,317.0,318.0,118133.78608449,37554163.56807537
2026-06-03 09:45:00,318.0,319.0,317.0,317.0,42159.99319114,13399092.99539218
2026-06-03 10:00:00,317.0,318.0,316.0,317.0,116105.68249541,36804918.75585968
2026-06-03 10:15:00,317.0,319.0,317.0,319.0,37659.75444563,11986398.88856441
2026-06-03 10:30:00,319.0,320.0,315.0,315.0,245628.0359071,78076803.24512704
2026-06-03 10:45:00,317.0,320.0,315.0,320.0,82535.97243399,26190527.75179935
2026-06-03 11:00:00,319.0,321.0,318.0,321.0,120539.15845768,38547080.20710859
2026-06-03 11:15:00,319.0,319.0,318.0,318.0,127043.04506362,40518044.27021333
2026-06-03 11:30:00,318.0,319.0,318.0,319.0,21499.40164483,6853729.07729809
2026-06-03 11:45:00,318.0,319.0,317.0,318.0,35412.51755827,11271118.46423126
2026-06-03 12:00:00,318.0,319.0,317.0,317.0,172678.74678817,54909009.59487264
2026-06-03 12:15:00,318.0,318.0,316.0,316.0,171499.41877522,54255737.94000676
2026-06-03 12:30:00,316.0,316.0,312.0,312.0,209803.45519326,65826961.56328386
2026-06-03 12:45:00,312.0,314.0,310.0,312.0,208717.67459723,65193953.94279202
2026-06-03 13:00:00,312.0,316.0,311.0,315.0,39500.27265548,12430960.09384918
2026-06-03 13:15:00,314.0,316.0,314.0,316.0,50220.35576328,15840570.60080225
2026-06-03 13:30:00,317.0,317.0,316.0,317.0,31681.78518538,10022023.000599
2026-06-03 13:45:00,317.0,318.0,316.0,318.0,124089.96723478,39339175.54921664
2026-06-03 14:00:00,318.0,323.0,318.0,323.0,171493.07187312,55133531.1624401
2026-06-03 14:15:00,323.0,325.0,322.0,323.0,303729.22410955,98316715.45267949
2026-06-03 14:30:00,322.0,324.0,322.0,324.0,18523.58744718,5975386.05920541
2026-06-03 14:45:00,324.0,325.0,324.0,325.0,52731.58117638,17123983.0033949
2026-06-03 15:00:00,325.0,325.0,323.0,323.0,20096.32969489,6521115.4863333
2026-06-03 15:15:00,323.0,325.0,323.0,325.0,57938.90658071,18782064.96534295
2026-06-03 15:30:00,325.0,326.0,325.0,326.0,85360.57083849,27818221.30919594
2026-06-03 15:45:00,327.0,327.0,325.0,325.0,91879.68925755,29936994.27969681
2026-06-03 16:00:00,325.0,326.0,325.0,326.0,50397.41476919,16420338.96086259
2026-06-03 16:15:00,325.0,327.0,325.0,327.0,26534.25339646,8673267.30105091
2026-06-03 16:30:00,327.0,328.0,326.0,326.0,4235.20011328,1384938.68895463
2026-06-03 16:45:00,327.0,328.0,327.0,327.0,12113.32744472,3961088.56222831
2026-06-03 17:00:00,328.0,328.0,326.0,327.0,35649.24899582,11661875.46481007
2026-06-03 17:15:00,326.0,326.0,325.0,326.0,94682.11749944,30819920.33847551
2026-06-03 17:30:00,326.0,327.0,325.0,325.0,85234.75993308,27787712.4526613
2026-06-03 17:45:00,325.0,326.0,325.0,326.0,7200.21122844,2346580.76137995
2026-06-03 18:00:00,326.0,326.0,324.0,325.0,10702.71285463,3482862.6793772
2026-06-03 18:15:00,324.0,324.0,324.0,324.0,14724.62022593,4770776.95320132
2026-06-03 18:30:00,324.0,325.0,324.0,324.0,25440.94726414,8244430.14589469
2026-06-03 18:45:00,323.0,325.0,323.0,324.0,62196.06334151,20109791.18000431
2026-06-03 19:00:00,324.0,327.0,324.0,327.0,30993.71461302,10091081.57377927
2026-06-03 19:15:00,327.0,327.0,325.0,326.0,43438.44762861,14144194.40441935
2026-06-03 19:30:00,326.0,327.0,325.0,325.0,264860.60756099,86181451.46979433
2026-06-03 19:45:00,324.0,326.0,324.0,326.0,25436.4613958,8252610.91960706
2026-06-03 20:00:00,327.0,328.0,327.0,328.0,30055.60491224,9838711.99714054
2026-06-03 20:15:00,328.0,328.0,327.0,328.0,250209.00161612,81864760.91502452
2026-06-03 20:30:00,327.0,327.0,326.0,326.0,29617.33007951,9670755.15342657
2026-06-03 20:45:00,326.0,328.0,325.0,328.0,597357.21094373,195145026.60561648
2026-06-03 21:00:00,328.0,328.0,326.0,326.0,5318.23177808,1736534.0535565
2026-06-03 21:15:00,326.0,327.0,325.0,326.0,78578.47071666,25601381.85428105
2026-06-03 21:30:00,326.0,328.0,326.0,328.0,154915.94722189,50802596.14268609
2026-06-03 21:45:00,328.0,329.0,328.0,329.0,49273.5345397,16203381.61539187
2026-06-03 22:00:00,329.0,331.0,328.0,330.0,167325.77322519,55078557.85616209
2026-06-03 22:15:00,330.0,331.0,328.0,330.0,161324.80471161,52970525.03163717
2026-06-03 22:30:00,329.0,330.0,327.0,327.0,50469.59857263,16592817.72222734
2026-06-03 22:45:00,327.0,330.0,327.0,330.0,77874.93418286,25608453.08813157
2026-06-03 23:00:00,329.0,331.0,328.0,330.0,42174.63572868,13881351.36992009
2026-06-03 23:15:00,330.0,330.0,327.0,327.0,59979.0070573,19651726.70943886
2026-06-03 23:30:00,327.0,329.0,326.0,328.0,218613.0447126,71582209.99881978
2026-06-03 23:45:00,328.0,329.0,328.0,329.0,88265.75645351,28953643.83577862
2026-06-04 00:00:00,329.0,329.0,326.0,328.0,122862.82470186,40288395.1417768
2026-06-04 00:15:00,328.0,329.0,326.0,329.0,20033.37215595,6557119.3985511
2026-06-04 00:30:00,328.0,328.0,324.0,325.0,112424.73521996,36471605.22014798
2026-06-04 00:45:00,325.0,325.0,324.0,324.0,32580.77786738,10563122.43420069
2026-06-04 01:00:00,324.0,324.0,321.0,322.0,48738.15969433,15690972.08107771
2026-06-04 01:15:00,321.0,323.0,318.0,319.0,50036.43509504,15986421.93259813
2026-06-04 01:30:00,320.0,320.0,319.0,320.0,9735.54092986,3106072.50767184
2026-06-04 01:45:00,320.0,321.0,320.0,321.0,2021.92134661,647322.9356545
2026-06-04 02:00:00,321.0,321.0,318.0,319.0,23303.08487079,7448826.85484352
2026-06-04 02:15:00,319.0,321.0,319.0,321.0,77440.26779372,24858013.89305358
2026-06-04 02:30:00,322.0,324.0,322.0,324.0,12752.05070643,4123047.36154502
2026-06-04 02:45:00,323.0,324.0,322.0,323.0,83730.78976675,26968786.78715772
2026-06-04 03:00:00,324.0,325.0,324.0,325.0,10335.22874079,3348737.80432365
2026-06-04 03:15:00,324.0,325.0,323.0,325.0,50698.03722628,16470518.74826884
2026-06-04 03:30:00,324.0,324.0,323.0,324.0,26377.31964804,8543609.82782681
2026-06-04 03:45:00,324.0,325.0,324.0,325.0,9407.46384152,3053313.09878386
2026-06-04 04:00:00,325.0,325.0,323.0,323.0,4968.33321132,1611562.74999375
2026-06-04 04:15:00,322.0,322.0,321.0,321.0,22526.65179579,7231999.99999125
2026-06-04 04:30:00,320.0,321.0,320.0,321.0,8873.0167643,2846459.30097564
2026-06-04 04:45:00,322.0,322.0,316.0,316.0,125328.18337627,39893626.78801494
2026-06-04 05:00:00,317.0,318.0,315.0,318.0,171511.36842362,54215917.61164879
2026-06-04 05:15:00,317.0,317.0,315.0,316.0,49773.77562348,15725887.50605207
2026-06-04 05:30:00,317.0,317.0,315.0,315.0,136271.06199762,43055907.18807422
2026-06-04 05:45:00,314.0,315.0,312.0,313.0,89696.34411917,28055649.62522432
2026-06-04 06:00:00,313.0,318.0,313.0,316.0,185495.58953222,58398893.40355534
2026-06-04 06:15:00,316.0,317.0,316.0,317.0,113880.75017029,36045938.90080025
2026-06-04 06:30:00,317.0,319.0,317.0,319.0,48257.42779378,15346361.54851386
2026-06-04 06:45:00,319.0,322.0,319.0,322.0,87969.6158692,28255421.0427291
2026-06-04 07:00:00,321.0,321.0,318.0,319.0,42222.90332065,13458894.11548091
2026-06-04 07:15:00,319.0,319.0,317.0,317.0,32484.56225296,10341891.88749446
2026-06-04 07:30:00,317.0,318.0,316.0,316.0,119875.49515411,37984845.47749915
2026-06-04 07:45:00,316.0,316.0,314.0,315.0,462990.22870184,145781540.5322407
2026-06-04 08:00:00,315.0,315.0,313.0,314.0,256601.24877874,80482012.14821115
2026-06-04 08:15:00,313.0,314.0,312.0,314.0,425503.79797954,133129718.21746594
2026-06-04 08:30:00,314.0,314.0,312.0,312.0,323543.3594192,101172270.92270623
2026-06-04 08:45:00,312.0,313.0,312.0,312.0,39755.90140136,12414929.9644581
2026-06-04 09:00:00,312.0,315.0,312.0,313.0,133699.79722542,41863656.23498935
2026-06-04 09:15:00,313.0,315.0,308.0,308.0,647842.91929215,200798880.34496823
2026-06-04 09:30:00,308.0,312.0,306.0,310.0,830426.53694617,255976816.69514805
2026-06-04 09:45:00,311.0,311.0,307.0,309.0,309514.41380512,95430337.09492312
2026-06-04 10:00:00,309.0,309.0,305.0,306.0,625794.77393884,191580083.25323838
2026-06-04 10:15:00,305.0,306.0,300.0,300.0,2686421.75227128,811975769.0843093
2026-06-04 10:30:00,301.0,305.0,300.0,303.0,254066.39295526,76931554.66132087
2026-06-04 10:45:00,304.0,304.0,297.0,298.0,1163627.46193591,348164887.0019
2026-06-04 11:00:00,298.0,299.0,290.0,298.0,2245662.64285708,659314939.1026561
2026-06-04 11:15:00,298.0,304.0,296.0,302.0,557955.63017731,167452674.18471527
2026-06-04 11:30:00,302.0,306.0,300.0,305.0,497975.1884422,151347312.6454151
2026-06-04 11:45:00,305.0,306.0,301.0,302.0,145853.93044872,44317709.93939426
2026-06-04 12:00:00,301.0,306.0,301.0,304.0,223379.56040098,67660599.50821248
2026-06-04 12:15:00,304.0,306.0,304.0,306.0,133411.36995323,40693434.7971425
2026-06-04 12:30:00,306.0,308.0,306.0,308.0,59715.1126093,18331512.69754857
2026-06-04 12:45:00,308.0,309.0,306.0,306.0,18447.2128782,5672132.22969152
2026-06-04 13:00:00,307.0,308.0,306.0,308.0,110510.13184082,33955586.12787399
2026-06-04 13:15:00,308.0,308.0,306.0,307.0,23879.4961709,7333703.24134467
2026-06-04 13:30:00,307.0,308.0,304.0,304.0,140303.9452305,42705577.80829277
2026-06-04 13:45:00,305.0,305.0,302.0,302.0,208328.37826105,62993693.53768565
2026-06-04 14:00:00,302.0,302.0,298.0,300.0,603844.60150724,180794026.06949377
2026-06-04 14:15:00,300.0,301.0,298.0,299.0,172185.83248939,51482393.19600409
2026-06-04 14:30:00,298.0,302.0,298.0,302.0,195512.2846124,58855147.40434273
2026-06-04 14:45:00,302.0,302.0,299.0,300.0,103273.74801777,31058964.27093147
2026-06-04 15:00:00,300.0,303.0,299.0,303.0,83178.28074444,25018102.90108681
2026-06-04 15:15:00,303.0,304.0,302.0,303.0,129022.26343208,39188496.70573433
2026-06-04 15:30:00,303.0,304.0,301.0,303.0,63628.59634367,19268781.90055537
2026-06-04 15:45:00,303.0,303.0,300.0,300.0,49456.63621307,14915071.09447011
2026-06-04 16:00:00,300.0,300.0,297.0,297.0,202713.90209376,60549746.83330182
2026-06-04 16:15:00,298.0,298.0,295.0,297.0,415583.46398161,123217720.26515202
2026-06-04 16:30:00,297.0,298.0,296.0,297.0,130382.26984748,38777730.04252307
2026-06-04 16:45:00,297.0,298.0,296.0,296.0,163638.94913709,48606172.03378684
2026-06-04 17:00:00,295.0,297.0,294.0,294.0,239460.20208984,70643225.73897867
2026-06-04 17:15:00,294.0,296.0,293.0,295.0,128658.5460895,37901017.53923012
2026-06-04 17:30:00,296.0,298.0,295.0,296.0,68032.81110669,20133892.12365381
2026-06-04 17:45:00,295.0,297.0,295.0,297.0,204132.09830992,60427950.74670719
2026-06-04 18:00:00,296.0,296.0,293.0,293.0,186856.09831845,55052407.86468393
2026-06-04 18:15:00,293.0,293.0,288.0,288.0,1109389.43958541,321781243.33582646
2026-06-04 18:30:00,288.0,290.0,287.0,289.0,694092.109822,200340357.48008412
2026-06-04 18:45:00,290.0,292.0,289.0,291.0,203379.2011852,59095553.48282213
2026-06-04 19:00:00,291.0,292.0,289.0,290.0,266804.10488306,77162774.22126168
2026-06-04 19:15:00,289.0,290.0,289.0,290.0,133706.85197017,38750119.40725659
2026-06-04 19:30:00,289.0,290.0,288.0,290.0,203522.3301438,58863186.14281174
2026-06-04 19:45:00,289.0,289.0,287.0,288.0,545134.047433,156797385.02992243
2026-06-04 20:00:00,288.0,289.0,286.0,287.0,93801.92176004,26970012.31888641
2026-06-04 20:15:00,286.0,289.0,285.0,288.0,596502.81560612,171017364.43020764
2026-06-04 20:30:00,288.0,289.0,284.0,286.0,1029720.38257633,294500623.0257604
2026-06-04 20:45:00,285.0,290.0,285.0,290.0,117336.01252882,33887860.57403164
2026-06-04 21:00:00,290.0,290.0,287.0,288.0,137555.11228353,39673696.56006971
2026-06-04 21:15:00,288.0,292.0,288.0,291.0,179994.98385904,52346413.13281182
2026-06-04 21:30:00,292.0,295.0,292.0,293.0,347561.14868274,102032094.68111484
2026-06-04 21:45:00,293.0,296.0,293.0,294.0,91254.34332243,26843344.05273579
2026-06-04 22:00:00,294.0,295.0,292.0,293.0,175564.00424326,51649454.76495426
2026-06-04 22:15:00,292.0,293.0,289.0,290.0,257732.66943377,74878596.15794633
2026-06-04 22:30:00,290.0,294.0,290.0,291.0,141878.7366674,41453154.85212924
2026-06-04 22:45:00,291.0,294.0,290.0,293.0,260015.86692,75704880.37081555
2026-06-04 23:00:00,293.0,294.0,291.0,293.0,219539.02142222,64331404.60915834
2026-06-04 23:15:00,293.0,293.0,291.0,292.0,106570.62519837,31131949.45574588
2026-06-04 23:30:00,291.0,292.0,290.0,291.0,258016.34965619,75081912.57558148
2026-06-04 23:45:00,291.0,292.0,290.0,291.0,129608.10285672,37709187.9165824
2026-06-05 00:00:00,291.0,294.0,290.0,293.0,87416.83422407,25597927.8581983
2026-06-05 00:15:00,293.0,293.0,291.0,292.0,135570.58309249,39527712.78043462
2026-06-05 00:30:00,293.0,293.0,291.0,291.0,80067.99374401,23418456.48110499
2026-06-05 00:45:00,292.0,295.0,292.0,295.0,16588.26065486,4860755.40309725
2026-06-05 01:00:00,295.0,295.0,293.0,294.0,95368.79728455,28059499.30404693
2026-06-05 01:15:00,294.0,295.0,294.0,294.0,57634.28215768,16977565.03829327
2026-06-05 01:30:00,294.0,298.0,294.0,298.0,366281.68028446,108769433.24716818
2026-06-05 01:45:00,296.0,298.0,296.0,297.0,228675.43890123,67839908.42978896
2026-06-05 02:00:00,297.0,300.0,296.0,299.0,279531.60640181,83254854.54867746
2026-06-05 02:15:00,298.0,298.0,294.0,294.0,94263.78037735,27933812.01962734
2026-06-05 02:30:00,294.0,294.0,292.0,292.0,56605.68202361,16550997.08912134
2026-06-05 02:45:00,292.0,295.0,292.0,295.0,180119.70418138,52889442.19639503
2026-06-05 03:00:00,295.0,296.0,293.0,293.0,90655.72842305,26743173.93775975
2026-06-05 03:15:00,293.0,296.0,293.0,296.0,128241.53875,37832763.87
2026-06-05 03:30:00,297.0,300.0,297.0,299.0,57888.17413416,17283490.46566352
2026-06-05 03:45:00,299.0,299.0,298.0,299.0,3943.92096258,1179181.34740326
2026-06-05 04:00:00,298.0,298.0,297.0,298.0,22284.25135396,6622266.68888734
2026-06-05 04:15:00,298.0,299.0,298.0,299.0,22659.61680398,6774860.8960962
2026-06-05 04:30:00,297.0,299.0,297.0,297.0,2752.64856214,817617.14545042
2026-06-05 04:45:00,297.0,297.0,295.0,296.0,7583.89256093,2244852.40005548
2026-06-05 05:00:00,296.0,296.0,293.0,295.0,38107.93394616,11208315.81401853
2026-06-05 05:15:00,294.0,294.0,293.0,293.0,7589.69269145,2230440.37253327
2026-06-05 05:30:00,294.0,295.0,294.0,294.0,8330.96565446,2449604.53291971
2026-06-05 05:45:00,294.0,294.0,292.0,293.0,5148.9640462,1508990.17916062
2026-06-05 06:00:00,293.0,295.0,293.0,294.0,22221.02908208,6534509.34902906
2026-06-05 06:15:00,293.0,293.0,290.0,290.0,74041.08401123,21587214.0468197
2026-06-05 06:30:00,290.0,290.0,285.0,287.0,226989.94067428,65083757.21982786
2026-06-05 06:45:00,287.0,288.0,284.0,285.0,147445.05683064,42095480.86113686
2026-06-05 07:00:00,284.0,287.0,284.0,284.0,97478.59160483,27785369.39979808
2026-06-05 07:15:00,286.0,287.0,285.0,285.0,42952.50099431,12288793.44074451
2026-06-05 07:30:00,286.0,288.0,286.0,286.0,194192.26071768,55595238.42993223
2026-06-05 07:45:00,286.0,289.0,284.0,288.0,40469.09992994,11587438.78423221
2026-06-05 08:00:00,288.0,289.0,287.0,287.0,28643.57071049,8255504.72534455
2026-06-05 08:15:00,287.0,287.0,284.0,286.0,402111.22203287,114728292.70048974
2026-06-05 08:30:00,287.0,287.0,286.0,287.0,227650.07800682,65143568.73708528
2026-06-05 08:45:00,287.0,289.0,286.0,287.0,42333.78579137,12156222.96200362
2026-06-05 09:00:00,287.0,287.0,282.0,283.0,421764.11866356,119793381.9305431
2026-06-05 09:15:00,282.0,286.0,282.0,286.0,570336.78841301,161637536.28586304
2026-06-05 09:30:00,286.0,286.0,285.0,286.0,102180.42610543,29191891.24340239
2026-06-05 09:45:00,286.0,286.0,283.0,283.0,86554.44128594,24586647.43965524
2026-06-05 10:00:00,282.0,283.0,281.0,282.0,864778.61585703,243597653.52506733
2026-06-05 10:15:00,282.0,284.0,282.0,284.0,194861.25851913,55179581.46487817
2026-06-05 10:30:00,284.0,286.0,284.0,285.0,320653.69851031,91269336.46447536
2026-06-05 10:45:00,286.0,287.0,285.0,287.0,10898.29373533,3116542.70085086
2026-06-05 11:00:00,286.0,286.0,283.0,284.0,168186.90880271,47799191.7261052
2026-06-05 11:15:00,283.0,284.0,280.0,281.0,372554.76075776,104747170.91976608
2026-06-05 11:30:00,281.0,281.0,277.0,279.0,1036416.06911129,289321869.75865364
2026-06-05 11:45:00,278.0,280.0,276.0,277.0,534010.56069797,148245601.28726354
2026-06-05 12:00:00,278.0,278.0,275.0,276.0,820708.40452687,226490688.76616085
2026-06-05 12:15:00,276.0,279.0,276.0,277.0,249797.10874878,69321490.61922593
2026-06-05 12:30:00,278.0,280.0,276.0,277.0,184663.39094821,51452298.10850805
2026-06-05 12:45:00,278.0,278.0,276.0,276.0,119501.57838692,33180478.43131042
2026-06-05 13:00:00,277.0,281.0,276.0,279.0,156855.48961126,43667435.75357396
2026-06-05 13:15:00,279.0,282.0,278.0,280.0,116932.49383786,32751107.52480379
2026-06-05 13:30:00,281.0,281.0,275.0,276.0,1277278.19370441,353165946.6768023
2026-06-05 13:45:00,275.0,280.0,275.0,280.0,376539.45243825,103931403.64843635
2026-06-05 14:00:00,280.0,281.0,278.0,280.0,65642.5332467,18313751.57972859
2026-06-05 14:15:00,278.0,280.0,278.0,280.0,300312.66482136,83799401.11357187
2026-06-05 14:30:00,279.0,279.0,275.0,276.0,144671.26454661,40043420.39862495
2026-06-05 14:45:00,275.0,277.0,272.0,272.0,1307976.13728646,358098846.60591626
2026-06-05 15:00:00,273.0,274.0,269.0,270.0,2236695.58228085,606411393.9390054
2026-06-05 15:15:00,270.0,270.0,263.0,267.0,2546362.64483254,680519947.2820039
2026-06-05 15:30:00,267.0,271.0,266.0,270.0,228400.08569429,61179354.85058626
2026-06-05 15:45:00,270.0,270.0,265.0,267.0,519236.40389892,138597373.66347218
2026-06-05 16:00:00,267.0,268.0,263.0,263.0,1132556.16957717,299256329.8823025
2026-06-05 16:15:00,263.0,270.0,262.0,269.0,444413.32368723,118105054.9917268
2026-06-05 16:30:00,269.0,271.0,268.0,271.0,238589.16681615,64217855.81275559
2026-06-05 16:45:00,271.0,272.0,270.0,271.0,179402.70478218,48573264.1010029
2026-06-05 17:00:00,271.0,271.0,268.0,269.0,93346.65013286,25208211.47325872
2026-06-05 17:15:00,268.0,269.0,267.0,268.0,162144.02395986,43331401.05961018
2026-06-05 17:30:00,268.0,268.0,266.0,266.0,48638.62967645,12964871.2156555
2026-06-05 17:45:00,265.0,266.0,264.0,264.0,220620.02161803,58286115.98448168
2026-06-05 18:00:00,265.0,268.0,265.0,267.0,534150.25397526,142185662.12339267
2026-06-05 18:15:00,267.0,267.0,264.0,267.0,329926.00418113,87606228.55385637
2026-06-05 18:30:00,267.0,267.0,264.0,265.0,84857.71539658,22547500.50179582
2026-06-05 18:45:00,266.0,269.0,265.0,268.0,195017.43272403,52225387.54796142
2026-06-05 19:00:00,268.0,270.0,265.0,266.0,242540.56032687,64705466.80006041
2026-06-05 19:15:00,265.0,266.0,265.0,266.0,41612.5292256,11039104.28364232
2026-06-05 19:30:00,265.0,266.0,264.0,265.0,223983.11005268,59240403.63349968
2026-06-05 19:45:00,265.0,265.0,262.0,265.0,367244.1537129,96668260.96894498
2026-06-05 20:00:00,264.0,265.0,262.0,264.0,418172.94070093,109964518.10189115
2026-06-05 20:15:00,264.0,266.0,263.0,264.0,208445.13986892,55302013.39654922
2026-06-05 20:30:00,265.0,266.0,262.0,262.0,221080.59390273,58335891.97911622
2026-06-05 20:45:00,262.0,264.0,262.0,264.0,356684.48744027,93759922.4712055
2026-06-05 21:00:00,263.0,264.0,261.0,264.0,101561.20367127,26677774.09476928
2026-06-05 21:15:00,263.0,265.0,263.0,263.0,137621.39720967,36284028.85015558
2026-06-05 21:30:00,263.0,263.0,261.0,263.0,321609.69010708,84189344.21515784
2026-06-05 21:45:00,263.0,263.0,262.0,263.0,159655.76940418,41908428.73759963
2026-06-05 22:00:00,263.0,265.0,263.0,264.0,61454.51177476,16263076.38839025
2026-06-05 22:15:00,264.0,267.0,263.0,265.0,416006.50034977,110368338.27296522
2026-06-05 22:30:00,265.0,266.0,263.0,263.0,407340.47577945,107627239.91573872
2026-06-05 22:45:00,264.0,264.0,258.0,258.0,1679837.70016568,437451196.98146355
2026-06-05 23:00:00,257.5,263.0,257.0,261.0,1534872.41848693,396724782.86109394
2026-06-05 23:15:00,262.0,264.0,259.0,261.0,268961.89795533,70483340.12162566
2026-06-05 23:30:00,262.0,264.0,261.0,261.0,142700.67306098,37301145.79299378
2026-06-05 23:45:00,261.0,262.0,259.0,260.0,147784.84970339,38561216.95530034
2026-06-06 00:00:00,260.0,261.0,257.0,258.0,604282.58886313,155885146.3842044
2026-06-06 00:15:00,257.0,259.0,254.0,257.0,694672.47216666,178035986.0638517
2026-06-06 00:30:00,259.0,259.0,254.0,257.0,496829.99361056,127426356.56968
2026-06-06 00:45:00,257.0,258.0,254.0,257.0,113566.43083199,29140526.22206611
2026-06-06 01:00:00,257.0,259.0,254.0,259.0,729812.98828533,186484234.24105784
2026-06-06 01:15:00,259.0,262.0,258.0,259.0,157184.49327958,40856869.20503999
2026-06-06 01:30:00,259.0,260.0,258.0,260.0,42038.55463315,10904725.80638879
2026-06-06 01:45:00,260.0,269.0,260.0,268.0,190339.3761075,50596372.46754307
2026-06-06 02:00:00,269.0,271.0,268.0,270.0,176597.42070273,47686580.52979127
2026-06-06 02:15:00,270.0,272.0,268.0,272.0,37273.705538,10096968.75153794
2026-06-06 02:30:00,271.0,276.0,270.0,271.0,1293387.29208973,353125904.66624904
2026-06-06 02:45:00,271.0,272.0,269.0,272.0,123347.08411784,33309618.69923728
2026-06-06 03:00:00,272.0,274.0,271.0,272.0,199517.86297967,54274949.25571715
2026-06-06 03:15:00,271.0,271.0,267.0,268.0,118171.99346541,31752429.61753905
2026-06-06 03:30:00,268.0,269.0,263.0,265.0,257643.88402319,68463002.10193782
2026-06-06 03:45:00,265.0,265.0,260.0,261.0,148801.69281676,38989917.47062364
2026-06-06 04:00:00,261.0,261.0,258.0,259.0,170950.74293238,44295632.06152234
2026-06-06 04:15:00,260.0,261.0,258.0,261.0,154518.2467452,40281030.23794817
2026-06-06 04:30:00,261.0,264.0,258.0,263.0,239143.39652424,62156570.30412386
2026-06-06 04:45:00,264.0,267.0,264.0,266.0,169143.49403602,44968019.16938263
2026-06-06 05:00:00,267.0,267.0,261.0,265.0,141646.29644865,37147744.87354999
2026-06-06 05:15:00,265.0,268.0,265.0,268.0,26719.65323468,7126166.5651991
2026-06-06 05:30:00,267.0,270.0,267.0,269.0,45001.77853951,12114478.71322895
2026-06-06 05:45:00,270.0,271.0,269.0,269.0,75297.46934839,20287482.18679334
2026-06-06 06:00:00,268.0,270.0,268.0,270.0,79527.97359741,21432027.38168382
2026-06-06 06:15:00,270.0,270.0,269.0,270.0,50185.16692125,13501237.5722655
2026-06-06 06:30:00,269.0,271.0,268.0,270.0,25798.66175564,6952186.24093155
2026-06-06 06:45:00,270.0,271.0,269.0,270.0,20387.53289229,5505083.22780087
2026-06-06 07:00:00,270.0,270.0,267.0,269.0,13372.58425543,3587314.53528227
2026-06-06 07:15:00,268.0,272.0,268.0,270.0,38882.41782731,10493477.91711466
2026-06-06 07:30:00,269.0,272.0,269.0,272.0,291350.07002752,78620936.65732536
2026-06-06 07:45:00,271.0,274.0,271.0,271.0,43726.612614,11881615.54159014
2026-06-06 08:00:00,271.0,273.0,269.0,269.0,117010.55060937,31505627.84170002
2026-06-06 08:15:00,268.0,268.0,265.0,266.0,119185.32553826,31750563.03902695
2026-06-06 08:30:00,266.0,266.0,264.0,265.0,119223.36812916,31584845.1130402
2026-06-06 08:45:00,265.0,268.0,264.0,268.0,52578.29487985,13975462.64695641
2026-06-06 09:00:00,268.0,271.0,268.0,270.0,88168.14864045,23749839.50108949
2026-06-06 09:15:00,270.0,270.0,268.0,270.0,142205.19630935,38179699.38655456
2026-06-06 09:30:00,269.0,271.0,269.0,271.0,205958.9679017,55608669.20288327
2026-06-06 09:45:00,271.0,273.0,271.0,272.0,121448.0571653,33041403.12539331
2026-06-06 10:00:00,272.0,273.0,271.0,272.0,52626.46537661,14309578.84334838
2026-06-06 10:15:00,271.0,271.0,269.0,271.0,80255.81817494,21678223.10519467
2026-06-06 10:30:00,271.0,272.0,270.0,271.0,103081.45159139,27975921.95167826
2026-06-06 10:45:00,271.0,271.0,269.0,270.0,28367.1332585,7659191.69602343
2026-06-06 11:00:00,269.0,270.0,268.0,269.0,25522.41550794,6865298.96523108
2026-06-06 11:15:00,268.0,270.0,267.0,269.0,63192.68413597,16952700.65135666
2026-06-06 11:30:00,269.0,269.0,267.0,268.0,164094.66587959,44035317.58287821
2026-06-06 11:45:00,267.0,270.0,267.0,269.0,78619.68039381,21183440.91949622
2026-06-06 12:00:00,268.0,269.0,266.0,268.0,84284.29906084,22503176.98965427
2026-06-06 12:15:00,268.0,268.0,266.0,266.0,34981.32743817,9355924.29269739
2026-06-06 12:30:00,266.0,268.0,266.0,267.0,16827.69784347,4488641.93448089
2026-06-06 12:45:00,267.0,270.0,267.0,268.0,18780.60685151,5038269.5611404
2026-06-06 13:00:00,268.0,269.0,260.0,261.0,342929.45269673,90137352.92806952
2026-06-06 13:15:00,260.0,263.0,258.0,259.0,133265.72230102,34672613.63161598
2026-06-06 13:30:00,260.0,260.0,255.0,256.0,327774.36041324,84198885.91231339
2026-06-06 13:45:00,257.0,260.0,257.0,257.0,278366.09482461,71831475.31134029
2026-06-06 14:00:00,258.0,260.0,256.0,258.0,116142.58257287,30050124.6356684
2026-06-06 14:15:00,257.0,264.0,257.0,262.0,179462.32676955,47223525.63042537
2026-06-06 14:30:00,263.0,264.0,262.0,264.0,63603.62258733,16705158.54317981
2026-06-06 14:45:00,263.0,266.0,263.0,266.0,11658.42190359,3082725.98309374
2026-06-06 15:00:00,266.0,268.0,266.0,268.0,56569.18365305,15131879.95942145
2026-06-06 15:15:00,268.0,269.0,267.0,267.0,176969.19859209,47447669.1819251
2026-06-06 15:30:00,267.0,269.0,267.0,268.0,11875.70740511,3176466.08364952
2026-06-06 15:45:00,268.0,268.0,265.0,265.0,106323.70303135,28268662.43839053
2026-06-06 16:00:00,265.0,270.0,265.0,270.0,101224.59204472,27170677.41899686
2026-06-06 16:15:00,271.0,272.0,269.0,270.0,270935.32117871,73337336.116361
2026-06-06 16:30:00,270.0,271.0,269.0,270.0,66031.04821985,17841483.90124544
2026-06-06 16:45:00,271.0,272.0,271.0,271.0,271178.74122515,73530812.96156548
2026-06-06 17:00:00,271.0,272.0,270.0,271.0,103423.64131947,27977025.91082816
2026-06-06 17:15:00,271.0,275.0,271.0,274.0,177175.65087364,48262907.80478254
2026-06-06 17:30:00,274.0,276.0,273.0,275.0,277633.35081241,76395382.46278132
2026-06-06 17:45:00,276.0,276.0,272.0,273.0,566765.51243989,154747913.36844352
2026-06-06 18:00:00,273.0,275.0,272.0,274.0,35273.78793429,9646764.61980909
2026-06-06 18:15:00,274.0,278.0,273.0,278.0,300384.39879068,82586846.69220018
2026-06-06 18:30:00,278.0,278.0,275.0,275.0,167039.56631408,46216349.64598035
2026-06-06 18:45:00,275.0,275.0,272.0,273.0,283602.26810282,77403400.54062314
2026-06-06 19:00:00,273.0,273.0,270.0,271.0,200282.69570852,54315606.71004545
2026-06-06 19:15:00,271.0,272.0,270.0,272.0,39881.26742358,10796640.76298274
2026-06-06 19:30:00,271.0,271.0,267.0,269.0,392831.39880696,105747750.71443649
2026-06-06 19:45:00,270.0,270.0,269.0,269.0,37496.13757669,10095583.54695073
2026-06-06 20:00:00,270.0,271.0,269.0,269.0,115325.59635127,31051657.80221248
2026-06-06 20:15:00,269.0,270.0,269.0,270.0,139316.60970551,37483236.3263634
2026-06-06 20:30:00,270.0,271.0,270.0,271.0,90787.14178647,24598857.08951809
2026-06-06 20:45:00,271.0,272.0,270.0,270.0,52904.7731548,14321886.90629052
2026-06-06 21:00:00,271.0,272.0,270.0,270.0,85383.61977538,23080723.11301409
2026-06-06 21:15:00,270.0,271.0,269.0,271.0,6924.32155441,1870761.46175712
2026-06-06 21:30:00,271.0,273.0,271.0,273.0,208904.60813756,56785632.9850183
2026-06-06 21:45:00,273.0,275.0,273.0,274.0,123997.03534769,33970093.03873867
2026-06-06 22:00:00,273.0,275.0,272.0,275.0,53069.60031386,14544932.02294764
2026-06-06 22:15:00,275.0,275.0,273.0,275.0,63551.34229448,17421223.04665795
2026-06-06 22:30:00,274.0,275.0,273.0,273.0,89981.1863035,24631315.68642471
2026-06-06 22:45:00,274.0,274.0,272.0,273.0,85108.12533136,23228349.9349217
2026-06-06 23:00:00,272.0,275.0,272.0,275.0,129691.1426376,35584428.37650122
2026-06-06 23:15:00,275.0,275.0,272.0,273.0,54315.31613254,14881412.46345465
2026-06-06 23:30:00,273.0,275.0,273.0,275.0,26548.36780943,7277589.14342018
2026-06-06 23:45:00,275.0,275.0,274.0,274.0,33544.0078733,9191967.73885704
2026-06-07 00:00:00,274.0,274.0,269.0,271.0,70989.11300206,19200400.99696758
2026-06-07 00:15:00,270.0,271.0,269.0,269.0,119134.59262315,32113715.6271409
2026-06-07 00:30:00,271.0,273.0,271.0,273.0,9835.14835915,2679266.84815454
2026-06-07 00:45:00,272.0,272.0,271.0,272.0,6276.11520375,1702697.4714375
2026-06-07 01:00:00,273.0,274.0,273.0,274.0,1977.93467419,541754.10072806
2026-06-07 01:15:00,273.0,273.0,271.0,271.0,55244.09223948,15001879.53262276
2026-06-07 01:30:00,271.0,271.0,269.0,270.0,108074.74635423,29258475.87590069
2026-06-07 01:45:00,272.0,273.0,272.0,272.0,971.74100408,264349.9999962
2026-06-07 02:00:00,271.0,271.0,270.0,270.0,83658.51045065,22588197.8216755
2026-06-07 02:15:00,270.0,270.0,269.0,270.0,20664.78073582,5561032.37739179
2026-06-07 02:30:00,270.0,271.0,268.0,270.0,4308.82195879,1160534.00135273
2026-06-07 02:45:00,269.0,270.0,269.0,270.0,4374.88684013,1177390.97471615
2026-06-07 03:00:00,268.0,269.0,268.0,269.0,20281.10806795,5435394.31985917
2026-06-07 03:15:00,269.0,272.0,267.0,272.0,26696.44548297,7223285.69550133
2026-06-07 03:30:00,271.0,272.0,270.0,271.0,10761.03387831,2915456.99373988
2026-06-07 03:45:00,270.0,271.0,269.0,270.0,9304.83463764,2503441.21349584
2026-06-07 04:00:00,270.0,272.0,269.0,272.0,1788.69277894,483810.11097344
2026-06-07 04:15:00,273.0,273.0,272.0,272.0,9716.8185606,2652466.37880851
2026-06-07 04:30:00,271.0,271.0,269.0,269.0,5680.23488951,1536230.19209424
2026-06-07 04:45:00,270.0,270.0,270.0,270.0,18.62453531,5028.6245337
2026-06-07 05:00:00,269.0,270.0,269.0,270.0,24212.61466942,6513393.34607398
2026-06-07 05:15:00,271.0,272.0,270.0,272.0,1681.99856739,454816.69999798
2026-06-07 05:30:00,270.0,271.0,270.0,271.0,900.58405264,243357.6942128
2026-06-07 05:45:00,271.0,272.0,270.0,271.0,144098.97513182,39039257.71823946
2026-06-07 06:00:00,272.0,272.0,272.0,272.0,200.0,54400.0
2026-06-07 06:15:00,272.0,273.0,272.0,273.0,29346.08295753,7991150.03697562
2026-06-07 06:30:00,273.0,273.0,273.0,273.0,19603.18272891,5351668.88499243
2026-06-07 06:45:00,273.0,274.0,273.0,273.0,40256.4485204,11026269.46696644
2026-06-07 07:00:00,272.0,274.0,272.0,274.0,8709.10176435,2374083.14967508
2026-06-07 07:15:00,272.0,273.0,272.0,272.0,31200.42060826,8486738.66918298
2026-06-07 07:30:00,272.0,273.0,272.0,273.0,15070.72654496,4112718.39632457
2026-06-07 07:45:00,273.0,274.0,273.0,274.0,3329.12313896,911603.35547755
2026-06-07 08:00:00,273.0,275.0,272.0,275.0,36731.55389755,10062810.22768795
2026-06-07 08:15:00,275.0,275.0,273.0,273.0,30154.53615027,8255705.44470774
2026-06-07 08:30:00,274.0,275.0,273.0,275.0,27177.86223708,7455574.26868932
2026-06-07 08:45:00,275.0,275.0,273.0,275.0,117554.14056317,32208935.62078648
2026-06-07 09:00:00,275.0,275.0,273.0,273.0,117595.15290919,32205718.0536058
2026-06-07 09:15:00,273.0,276.0,273.0,276.0,108992.23640701,29986020.76160069
2026-06-07 09:30:00,277.0,277.0,276.0,276.0,59604.28215458,16462385.77644239
2026-06-07 09:45:00,276.0,276.0,275.0,276.0,8415.59278034,2318095.30412475
2026-06-07 10:00:00,276.0,282.0,276.0,282.0,67744.28244315,18897145.15181045
2026-06-07 10:15:00,282.0,284.0,282.0,284.0,191135.47475799,54075075.09985251
2026-06-07 10:30:00,284.0,285.0,282.0,282.0,174568.76932836,49451121.1431701
2026-06-07 10:45:00,282.0,283.0,281.0,282.0,95988.55969654,27133658.59362373
2026-06-07 11:00:00,282.0,283.0,282.0,282.0,74939.0319336,21170489.06530523
2026-06-07 11:15:00,283.0,283.0,280.0,280.0,123898.1277886,34767706.73826433
2026-06-07 11:30:00,280.0,280.0,279.0,279.0,373.29956101,104505.08009032
2026-06-07 11:45:00,281.0,281.0,280.0,281.0,41376.12136176,11621164.36369254
2026-06-07 12:00:00,281.0,281.0,280.0,280.0,12537.52847513,3510618.68991995
2026-06-07 12:15:00,280.0,283.0,280.0,283.0,52987.36415249,14953978.52034783
2026-06-07 12:30:00,283.0,283.0,281.0,281.0,35333.50928606,9973264.19217488
2026-06-07 12:45:00,282.0,283.0,281.0,282.0,22106.75007767,6230614.91667969
2026-06-07 13:00:00,282.0,283.0,282.0,282.0,17732.70468188,5006217.49503057
2026-06-07 13:15:00,281.0,282.0,280.0,280.0,16649.90086738,4678900.23346148
2026-06-07 13:30:00,280.0,282.0,280.0,282.0,11538.39363084,3241358.29388227
2026-06-07 13:45:00,282.0,284.0,282.0,284.0,41465.80935884,11734713.10754172
2026-06-07 14:00:00,284.0,284.0,283.0,284.0,44313.41469517,12567348.90216584
2026-06-07 14:15:00,283.0,284.0,282.0,283.0,47620.30703135,13456377.91895022
2026-06-07 14:30:00,283.0,284.0,283.0,284.0,1711.74249648,485439.40267828
2026-06-07 14:45:00,284.0,284.0,282.0,282.0,92810.19761343,26286272.73381922
2026-06-07 15:00:00,282.0,282.0,282.0,282.0,33211.77537028,9365720.65441896
2026-06-07 15:15:00,283.0,285.0,283.0,284.0,83340.31940144,23658402.89456118
2026-06-07 15:30:00,285.0,287.0,284.0,286.0,149944.83966756,42797525.18292149
2026-06-07 15:45:00,286.0,286.0,285.0,285.0,56631.64546566,16179044.69205208
2026-06-07 16:00:00,285.0,286.0,284.0,285.0,53765.8751274,15300319.51184874
2026-06-07 16:15:00,285.0,286.0,285.0,286.0,38087.79804834,10855044.4437769
2026-06-07 16:30:00,286.0,286.0,284.0,284.0,38524.8551157,10942616.48056233
2026-06-07 16:45:00,284.0,285.0,283.0,285.0,76101.65253734,21647736.9312326
2026-06-07 17:00:00,285.0,285.0,284.0,284.0,3330.28581005,945836.25777349
2026-06-07 17:15:00,284.0,285.0,284.0,285.0,25309.13999732,7201137.89330258
2026-06-07 17:30:00,285.0,286.0,285.0,286.0,62841.15944305,17948753.40195767
2026-06-07 17:45:00,287.0,288.0,287.0,288.0,126028.739701,36287834.40947393
2026-06-07 18:00:00,288.0,290.0,288.0,289.0,126595.8878545,36591089.63506173
2026-06-07 18:15:00,289.0,290.0,287.0,288.0,93346.9912049,26939525.01743655
2026-06-07 18:30:00,288.0,288.0,286.0,286.0,88267.02899939,25274157.10379286
2026-06-07 18:45:00,286.0,286.0,286.0,286.0,6202.42727938,1773894.20190268
2026-06-07 19:00:00,285.0,285.0,283.0,283.0,129362.43157809,36654698.00802657
2026-06-07 19:15:00,283.0,285.0,283.0,285.0,78263.12159899,22239913.09275988
2026-06-07 19:30:00,285.0,286.0,284.0,284.0,33737.59022862,9606653.50233715
2026-06-07 19:45:00,284.0,284.0,282.0,282.0,17417.06347329,4914806.32229911
2026-06-07 20:00:00,282.0,283.0,281.0,282.0,39046.45793665,11001007.03157428
2026-06-07 20:15:00,282.0,284.0,282.0,284.0,16563.90515089,4683967.46661714
2026-06-07 20:30:00,284.0,286.0,284.0,285.0,19184.09422904,5464365.85842541
2026-06-07 20:45:00,284.0,285.0,284.0,285.0,33376.39948824,9509455.10625435
2026-06-07 21:00:00,285.0,285.0,281.0,281.0,85760.46092019,24200756.25538106
2026-06-07 21:15:00,281.0,281.0,279.0,280.0,92198.3728923,25822765.84321579
2026-06-07 21:30:00,280.0,280.0,278.0,278.0,60684.25969275,16908767.88573512
2026-06-07 21:45:00,279.0,281.0,279.0,280.0,72866.79429872,20424942.02143418
2026-06-07 22:00:00,280.0,280.0,280.0,280.0,18497.76279726,5179373.5832328
2026-06-07 22:15:00,280.0,281.0,280.0,281.0,200961.42959098,56377787.41009285
2026-06-07 22:30:00,281.0,281.0,281.0,281.0,15874.83485778,4460828.59503618
2026-06-07 22:45:00,282.0,282.0,281.0,281.0,22356.84569205,6302562.33344188
2026-06-07 23:00:00,281.0,282.0,281.0,282.0,28255.36737588,7953013.59999816
2026-06-07 23:15:00,282.0,285.0,282.0,284.0,20863.64823834,5914659.93880394
2026-06-07 23:30:00,284.0,286.0,282.0,282.0,27155.78310703,7728178.08336151
2026-06-07 23:45:00,282.0,284.0,282.0,283.0,44812.1857,12644304.7064335
2026-06-08 00:00:00,284.0,284.0,282.0,282.0,4143.41031372,1170995.35292194
2026-06-08 00:15:00,283.0,284.0,281.0,283.0,18372.77206319,5180550.06809592
2026-06-08 00:30:00,283.0,284.0,282.0,284.0,2545.54958467,720626.02615165
2026-06-08 00:45:00,283.0,283.0,282.0,283.0,4164.84471597,1178073.74965498
2026-06-08 01:00:00,282.0,282.0,281.0,281.0,4101.21241134,1153521.89999788
2026-06-08 01:15:00,282.0,283.0,282.0,282.0,47325.15164943,13352972.71036805
2026-06-08 01:30:00,282.0,282.0,281.0,281.0,11836.15212803,3337366.32867588
2026-06-08 01:45:00,283.0,283.0,283.0,283.0,934.29225352,264404.70774616
2026-06-08 02:00:00,282.0,283.0,282.0,283.0,7054.00137739,1996082.38980137
2026-06-08 02:15:00,283.0,284.0,283.0,283.0,131154.01550029,37117526.18939895
2026-06-08 02:30:00,282.0,283.0,282.0,282.0,13164.61535555,3712456.7415327
2026-06-08 02:45:00,281.0,281.0,281.0,281.0,999.39201179,280829.15531299
2026-06-08 03:00:00,283.0,283.0,282.0,282.0,3987.39125408,1124466.33365056
2026-06-08 03:15:00,282.0,282.0,282.0,282.0,217.10638297,61223.99999754
2026-06-08 03:30:00,281.0,282.0,281.0,282.0,235.4609929,66199.9999978
2026-06-08 03:45:00,282.0,282.0,280.0,280.0,5172.81059846,1456386.9675688
2026-06-08 04:00:00,279.0,279.0,277.0,277.0,27407.23769903,7606249.39488438
2026-06-08 04:15:00,276.0,277.0,275.0,275.0,119656.1928045,32992444.65554716
2026-06-08 04:30:00,276.0,276.0,275.0,275.0,12577.34622921,3470899.08840662
2026-06-08 04:45:00,276.0,276.0,276.0,276.0,9109.42964149,2514202.58105124
2026-06-08 05:00:00,277.0,279.0,277.0,278.0,47201.56598247,13118985.35903067
2026-06-08 05:15:00,278.0,280.0,278.0,279.0,10773.4920112,3001470.70326372
2026-06-08 05:30:00,279.0,279.0,279.0,279.0,2087.35573476,582372.24999804
2026-06-08 05:45:00,279.0,279.0,278.0,279.0,11163.39897419,3111420.8771793
2026-06-08 06:00:00,279.0,279.0,278.0,279.0,25623.36727855,7124488.79716334
2026-06-08 06:15:00,279.0,280.0,279.0,280.0,1944.77337665,543368.14351391
2026-06-08 06:30:00,280.0,280.0,278.0,278.0,14643.69192955,4079289.3752751
2026-06-08 06:45:00,278.0,279.0,277.0,279.0,29550.24378713,8202826.08443722
2026-06-08 07:00:00,279.0,288.0,279.0,288.0,146590.32454884,41498429.98766674
2026-06-08 07:15:00,288.0,290.0,285.0,286.0,444883.70630732,127857756.41574779
2026-06-08 07:30:00,285.0,287.0,284.0,285.0,75107.80988011,21426455.78023001
2026-06-08 07:45:00,285.0,286.0,283.0,283.0,37427.86595335,10625722.85509868
2026-06-08 08:00:00,285.0,285.0,283.0,284.0,39550.17687993,11226134.28137639
2026-06-08 08:15:00,284.0,284.0,282.0,284.0,74441.79131033,21101796.59256719
2026-06-08 08:30:00,284.0,284.0,282.0,283.0,94068.47820428,26567810.07313572
2026-06-08 08:45:00,283.0,284.0,282.0,283.0,34897.93844661,9853173.08334968
2026-06-08 09:00:00,283.0,283.0,280.0,282.0,82012.96454442,23069271.80006545
2026-06-08 09:15:00,282.0,282.0,281.0,282.0,22504.86100153,6330562.32375641
2026-06-08 09:30:00,283.0,286.0,282.0,285.0,118363.39736416,33804167.45669222
2026-06-08 09:45:00,285.0,286.0,284.0,284.0,445109.82439946,126606042.88771898
2026-06-08 10:00:00,284.0,284.0,281.0,281.0,35033.3120878,9899957.32975198
2026-06-08 10:15:00,280.0,280.0,279.0,280.0,92268.99016312,25833765.06389449
2026-06-08 10:30:00,280.0,281.0,279.0,281.0,47066.16157642,13181338.84779347
2026-06-08 10:45:00,281.0,282.0,280.0,282.0,60523.00602432,17015678.37152518
2026-06-08 11:00:00,282.0,282.0,281.0,282.0,12003.88560472,3375441.4839605
2026-06-08 11:15:00,282.0,283.0,281.0,283.0,16247.24457713,4582023.96447943
2026-06-08 11:30:00,282.0,282.0,280.0,281.0,34066.98940567,9552270.02216048
2026-06-08 11:45:00,281.0,281.0,281.0,281.0,22842.84405839,6418839.18040759
2026-06-08 12:00:00,281.0,283.0,280.0,282.0,78629.13141313,22217607.19718517
2026-06-08 12:15:00,282.0,282.0,282.0,282.0,256.94514831,72458.53182342
2026-06-08 12:30:00,281.0,282.0,281.0,281.0,10178.6296378,2863739.25534901
2026-06-08 12:45:00,282.0,282.0,281.0,282.0,14370.09135408,4048001.5518937
2026-06-08 13:00:00,282.0,282.0,281.0,282.0,12096.93093725,3402275.37305895
2026-06-08 13:15:00,281.0,281.0,280.0,280.0,12076.14197719,3382189.00770988
2026-06-08 13:30:00,280.0,280.0,279.0,279.0,25573.54264382,7144519.97674975
2026-06-08 13:45:00,280.0,280.0,280.0,280.0,12493.75312343,3498250.8745604
2026-06-08 14:00:00,280.0,281.0,279.0,279.0,17803.72788348,4988319.58198741
2026-06-08 14:15:00,279.0,279.0,278.0,279.0,173179.59512647,48316019.74883694
2026-06-08 14:30:00,279.0,279.0,277.0,277.0,113183.0377893,31460279.11286268
2026-06-08 14:45:00,277.0,278.0,277.0,278.0,128107.74194282,35578001.81503416
2026-06-08 15:00:00,278.0,281.0,278.0,281.0,25894.67051352,7234708.88728444
2026-06-08 15:15:00,281.0,281.0,281.0,281.0,57956.3438921,16285732.6336801
2026-06-08 15:30:00,281.0,281.0,280.0,281.0,30110.17624773,8455748.99310389
2026-06-08 15:45:00,281.0,281.0,280.0,280.0,23435.30339727,6561920.53842421
2026-06-08 16:00:00,280.0,281.0,278.0,279.0,57814.52316816,16077636.4595864
2026-06-08 16:15:00,279.0,281.0,279.0,281.0,203961.81473236,57251944.60150551
2026-06-08 16:30:00,281.0,281.0,280.0,281.0,72130.35329103,20268040.07477943
2026-06-08 16:45:00,281.0,282.0,281.0,282.0,94227.89637109,26547422.66001761
2026-06-08 17:00:00,282.0,282.0,281.0,282.0,86667.00523109,24369652.20185199
2026-06-08 17:15:00,282.0,282.0,280.0,280.0,31171.84905524,8757506.93637869
2026-06-08 17:30:00,280.0,281.0,280.0,281.0,6900.30372831,1933906.20479796
2026-06-08 17:45:00,280.0,281.0,279.0,279.0,40288.35443539,11263071.86628893
2026-06-08 18:00:00,280.0,281.0,280.0,280.0,102145.71252804,28600825.53454159
2026-06-08 18:15:00,280.0,281.0,280.0,280.0,53049.64303752,14885514.46836144
2026-06-08 18:30:00,280.0,281.0,279.0,280.0,12524.38427664,3515418.02755578
2026-06-08 18:45:00,281.0,282.0,281.0,281.0,78412.97933256,22034488.99244936
2026-06-08 19:00:00,282.0,282.0,281.0,282.0,18144.59067749,5116623.9917855
2026-06-08 19:15:00,282.0,282.0,280.0,280.0,34543.73104622,9707718.45193513
2026-06-08 19:30:00,279.0,281.0,279.0,281.0,29395.86250038,8258946.90095532
2026-06-08 19:45:00,281.0,281.0,280.0,281.0,35849.27189922,10048384.27853516
2026-06-08 20:00:00,281.0,282.0,280.0,282.0,92503.24342675,26002348.67051023
2026-06-08 20:15:00,282.0,284.0,282.0,284.0,141478.09623512,40155145.05351986
2026-06-08 20:30:00,285.0,286.0,284.0,285.0,81030.37987485,23039211.41916538
2026-06-08 20:45:00,284.0,284.0,283.0,284.0,2446.12128655,693593.56085395
2026-06-08 21:00:00,284.0,284.0,281.0,282.0,95658.17104999,27024253.21738879
2026-06-08 21:15:00,282.0,283.0,282.0,283.0,11755.23675472,3315047.43620914
2026-06-08 21:30:00,284.0,285.0,282.0,285.0,60252.15569695,17103655.75192969
2026-06-08 21:45:00,285.0,285.0,283.0,284.0,27304.23019971,7763603.62544959
2026-06-08 22:00:00,284.0,284.0,283.0,283.0,83927.67521053,23828998.08056312
2026-06-08 22:15:00,284.0,284.0,283.0,283.0,54260.01509979,15355889.9070434
2026-06-08 22:30:00,283.0,283.0,282.0,282.0,91936.64142771,25926182.88261422
2026-06-08 22:45:00,282.0,283.0,281.0,281.0,35019.00159188,9875059.86861118
2026-06-08 23:00:00,282.0,284.0,281.0,284.0,20238.78639305,5716230.07346469
2026-06-08 23:15:00,282.0,283.0,282.0,283.0,49246.90408579,13929463.26018717
2026-06-08 23:30:00,284.0,284.0,283.0,284.0,14950.53600093,4234079.03406403
2026-06-08 23:45:00,283.0,284.0,282.0,284.0,7129.35355792,2017160.3885539
2026-06-09 00:00:00,284.0,286.0,284.0,286.0,8158.94117868,2325622.17027701
2026-06-09 00:15:00,286.0,286.0,285.0,286.0,10015.36963661,2857605.11376561
2026-06-09 00:30:00,285.0,285.0,284.0,284.0,43781.26907957,12439020.76947506
2026-06-09 00:45:00,284.0,284.0,283.0,283.0,39717.83291394,11242118.52978306
2026-06-09 01:00:00,283.0,283.0,283.0,283.0,8718.37455831,2467300.00000173
2026-06-09 01:15:00,284.0,285.0,283.0,285.0,491.15309367,139511.41956591
2026-06-09 01:30:00,283.0,283.0,282.0,282.0,102471.89543603,28905203.29238699
2026-06-09 01:45:00,282.0,283.0,282.0,282.0,54163.13174705,15315162.50232189
2026-06-09 02:00:00,282.0,282.0,282.0,282.0,243320.73540932,68616447.38542823
2026-06-09 02:15:00,283.0,284.0,283.0,284.0,8250.0,2342800.0
2026-06-09 02:30:00,283.0,283.0,282.0,282.0,109066.69877546,30774512.23489172
2026-06-09 02:45:00,283.0,284.0,283.0,284.0,28457.24590032,8081622.50000183
2026-06-09 03:00:00,284.0,284.0,284.0,284.0,692.0,196528.0
2026-06-09 03:15:00,284.0,284.0,284.0,284.0,10101.2436229,2868753.1889036
2026-06-09 03:30:00,285.0,285.0,283.0,283.0,60966.64409934,17254497.37018822
2026-06-09 03:45:00,283.0,283.0,282.0,282.0,56642.83143212,16003017.70723235
2026-06-09 04:00:00,282.0,283.0,282.0,283.0,381.72568478,107999.99999841
2026-06-09 04:15:00,282.0,283.0,282.0,283.0,5824.41747855,1642578.40032919
2026-06-09 04:30:00,282.0,282.0,281.0,281.0,16763.20863769,4711770.47311949
2026-06-09 04:45:00,281.0,281.0,281.0,281.0,20410.08538148,5735233.99219588
2026-06-09 05:00:00,280.0,281.0,278.0,278.0,91893.96773797,25710758.26540015
2026-06-09 05:15:00,280.0,280.0,279.0,279.0,895.03512395,249786.74202809
2026-06-09 05:30:00,279.0,280.0,279.0,280.0,42333.16190557,11821647.10661512
2026-06-09 05:45:00,280.0,281.0,280.0,280.0,6265.16021348,1759510.01998788
2026-06-09 06:00:00,281.0,282.0,281.0,282.0,88629.51671896,24963422.64656942
2026-06-09 06:15:00,282.0,282.0,280.0,282.0,5845.96254857,1641077.31918246
2026-06-09 06:30:00,282.0,282.0,282.0,282.0,1961.2632602,553076.2393764
2026-06-09 06:45:00,282.0,282.0,280.0,280.0,74742.84252946,21036844.45778083
2026-06-09 07:00:00,280.0,280.0,279.0,279.0,17093.69246578,4769768.01938118
2026-06-09 07:15:00,278.0,279.0,277.0,278.0,202255.83229777,56226805.040491
2026-06-09 07:30:00,278.0,278.0,278.0,278.0,142856.7854516,39714186.3555448
2026-06-09 07:45:00,279.0,279.0,277.0,278.0,46403.53301615,12895466.92849602
2026-06-09 08:00:00,279.0,280.0,278.0,279.0,51181.29893041,14256342.95359677
2026-06-09 08:15:00,279.0,279.0,277.0,277.0,61292.20580903,17006846.9750467
2026-06-09 08:30:00,278.0,278.0,275.0,278.0,136378.23391376,37753328.88039081
2026-06-09 08:45:00,278.0,279.0,276.0,279.0,218562.03028792,60739232.87235624
2026-06-09 09:00:00,279.0,279.0,278.0,279.0,49278.36364655,13702751.94329697
2026-06-09 09:15:00,278.0,278.0,275.0,275.0,92206.00181609,25581140.06981515
2026-06-09 09:30:00,275.0,276.0,273.0,274.0,292284.68544896,80185617.18931144
2026-06-09 09:45:00,274.0,275.0,272.0,272.0,242183.72215955,66101081.41554068
2026-06-09 10:00:00,272.0,274.0,272.0,273.0,247301.56586486,67516795.71856135
2026-06-09 10:15:00,273.0,275.0,272.0,275.0,69599.94263575,19032548.19954875
2026-06-09 10:30:00,273.0,275.0,273.0,274.0,44220.35952987,12124525.07190988
2026-06-09 10:45:00,274.0,276.0,274.0,274.0,161357.79503165,44345865.13921611
2026-06-09 11:00:00,274.0,275.0,274.0,274.0,80631.91394855,22128793.39418341
2026-06-09 11:15:00,273.0,273.0,270.0,270.0,207582.72607544,56309164.83530945
2026-06-09 11:30:00,271.0,272.0,270.0,271.0,143053.09339243,38772575.22506336
2026-06-09 11:45:00,272.0,273.0,270.0,272.0,94808.98646126,25697413.44474753
2026-06-09 12:00:00,272.0,273.0,271.0,272.0,271756.438046,74102879.4851596
2026-06-09 12:15:00,272.0,272.0,270.0,271.0,88016.44840357,23896727.64313336
2026-06-09 12:30:00,271.0,271.0,269.0,271.0,53274.76321293,14409481.54494335
2026-06-09 12:45:00,272.0,272.0,271.0,272.0,39516.50707019,10714412.37447559
2026-06-09 13:00:00,271.0,272.0,271.0,271.0,31747.30839595,8633270.83234313
2026-06-09 13:15:00,271.0,271.0,271.0,271.0,7039.03979572,1907579.78464012
2026-06-09 13:30:00,271.0,275.0,271.0,275.0,101309.43808632,27775850.63210309
2026-06-09 13:45:00,274.0,275.0,274.0,274.0,31044.86172876,8515708.92931786
2026-06-09 14:00:00,274.0,275.0,274.0,275.0,63563.77041745,17450061.28654945
2026-06-09 14:15:00,275.0,276.0,274.0,276.0,55119.60123274,15142252.96707103
2026-06-09 14:30:00,275.0,276.0,275.0,275.0,20794.74927928,5727694.37297551
2026-06-09 14:45:00,275.0,276.0,275.0,275.0,16083.88656246,4424539.99480607
2026-06-09 15:00:00,275.0,275.0,274.0,275.0,24417.51013818,6714460.44928983
2026-06-09 15:15:00,275.0,276.0,275.0,276.0,15095.93917137,4156592.95351793
2026-06-09 15:30:00,275.0,276.0,274.0,275.0,7547.88379233,2079657.12404879
2026-06-09 15:45:00,275.0,275.0,274.0,274.0,8531.98002827,2345551.51233629
2026-06-09 16:00:00,274.0,276.0,274.0,275.0,20995.8468786,5758787.54672884
2026-06-09 16:15:00,275.0,275.0,273.0,273.0,45668.11070328,12557444.7281124
2026-06-09 16:30:00,273.0,275.0,273.0,275.0,30560.75877527,8391247.73770139
2026-06-09 16:45:00,274.0,274.0,274.0,274.0,17649.06051887,4835842.58217038
2026-06-09 17:00:00,274.0,274.0,273.0,274.0,104353.02162608,28581516.29212937
2026-06-09 17:15:00,273.0,273.0,273.0,273.0,5991.01109,1635546.02757
2026-06-09 17:30:00,273.0,275.0,273.0,275.0,6292.82572633,1720164.87677873
2026-06-09 17:45:00,275.0,275.0,273.0,274.0,70769.89538954,19391076.73673396
2026-06-09 18:00:00,274.0,274.0,272.0,273.0,63234.17550206,17262902.93750388
2026-06-09 18:15:00,273.0,274.0,273.0,273.0,101780.48035045,27810559.04135504
2026-06-09 18:30:00,272.0,272.0,271.0,271.0,145140.05218777,39365183.42967974
2026-06-09 18:45:00,271.0,271.0,271.0,271.0,25002.03297211,6775550.93544181
2026-06-09 19:00:00,271.0,271.0,271.0,271.0,28819.12049191,7809981.65330761
2026-06-09 19:15:00,271.0,271.0,270.0,271.0,29936.49045451,8104817.8234351
2026-06-09 19:30:00,271.0,271.0,270.0,270.0,50811.84051557,13728089.49108294
2026-06-09 19:45:00,271.0,272.0,271.0,271.0,3075.95793202,835422.09994487
2026-06-09 20:00:00,272.0,272.0,270.0,270.0,33513.76913236,9080898.3725023
2026-06-09 20:15:00,271.0,271.0,270.0,271.0,16622.57775673,4488503.8946861
2026-06-09 20:30:00,271.0,272.0,271.0,272.0,854.01179363,231552.42919246
2026-06-09 20:45:00,271.0,272.0,271.0,272.0,2668.38612273,725598.70928031
2026-06-09 21:00:00,273.0,274.0,273.0,273.0,7934.60366342,2169100.05341401
2026-06-09 21:15:00,273.0,274.0,272.0,272.0,125303.99879557,34113439.79491035
2026-06-09 21:30:00,273.0,273.0,272.0,272.0,14797.36868979,4025084.28362288
2026-06-09 21:45:00,272.0,272.0,271.0,272.0,56463.95407037,15352490.63242402
2026-06-09 22:00:00,273.0,274.0,272.0,273.0,34796.37815861,9498980.28205029
2026-06-09 22:15:00,273.0,273.0,271.0,271.0,22034.63534692,5992960.50513325
2026-06-09 22:30:00,272.0,272.0,271.0,272.0,46308.56361644,12550340.3477358
2026-06-09 22:45:00,272.0,273.0,272.0,273.0,69088.56991283,18793108.86818798
2026-06-09 23:00:00,272.0,273.0,271.0,271.0,13250.46402627,3600970.07538986
2026-06-09 23:15:00,270.0,270.0,267.0,267.0,154999.01620534,41600090.01012319
2026-06-09 23:30:00,267.0,269.0,267.0,268.0,110870.48309373,29687438.96513452
2026-06-09 23:45:00,267.0,269.0,267.0,269.0,363360.86015853,97045436.75974955
2026-06-10 00:00:00,270.0,272.0,270.0,272.0,45566.67875467,12322480.3357348
2026-06-10 00:15:00,271.0,271.0,268.0,268.0,73400.96960399,19766225.61149496
2026-06-10 00:30:00,269.0,270.0,267.0,269.0,49430.85027329,13266131.67633818
2026-06-10 00:45:00,269.0,269.0,268.0,269.0,30447.35871027,8174036.73094683
2026-06-10 01:00:00,268.0,268.0,266.0,268.0,99833.5813827,26719593.93255022
2026-06-10 01:15:00,266.0,267.0,265.0,266.0,92886.05988428,24662904.27381185
2026-06-10 01:30:00,266.0,268.0,265.0,265.0,21260.14051697,5663210.33347712
2026-06-10 01:45:00,268.0,268.0,266.0,267.0,10195.73973492,2712710.18534664
2026-06-10 02:00:00,268.0,269.0,268.0,269.0,1666.22606,448064.81014
2026-06-10 02:15:00,270.0,272.0,270.0,271.0,16059.83017401,4352525.69966924
2026-06-10 02:30:00,271.0,271.0,271.0,271.0,22614.63991435,6128567.41678885
2026-06-10 02:45:00,270.0,270.0,270.0,270.0,14631.44842578,3950491.0749606
2026-06-10 03:00:00,270.0,270.0,269.0,269.0,784.77160843,211209.0142761
2026-06-10 03:15:00,270.0,272.0,270.0,270.0,11128.0003946,3004804.106542
2026-06-10 03:30:00,270.0,272.0,270.0,271.0,3530.8647495,955908.73605503
2026-06-10 03:45:00,271.0,271.0,271.0,271.0,1573.092544,426308.079424
2026-06-10 04:00:00,271.0,271.0,271.0,271.0,2408.99779214,652838.40166994
2026-06-10 04:15:00,271.0,271.0,271.0,271.0,405.90405903,109999.99999713
2026-06-10 04:30:00,272.0,272.0,272.0,272.0,73.52941176,19999.99999872
2026-06-10 04:45:00,272.0,272.0,272.0,272.0,36.76470588,9999.99999936
2026-06-10 05:00:00,272.0,272.0,272.0,272.0,76203.05882354,20727232.00000288
2026-06-10 05:15:00,273.0,274.0,272.0,272.0,18909.48660315,5162863.66930193
2026-06-10 05:30:00,272.0,274.0,272.0,274.0,3176.69838275,868590.03598326
2026-06-10 05:45:00,274.0,274.0,274.0,274.0,7504.15771883,2056139.21495942
2026-06-10 06:00:00,275.0,277.0,275.0,276.0,50077.60441698,13838226.52410184
2026-06-10 06:15:00,277.0,277.0,275.0,275.0,11747.78636204,3240527.56605749
2026-06-10 06:30:00,276.0,276.0,275.0,275.0,6291.48555174,1732023.47537004
2026-06-10 06:45:00,274.0,274.0,273.0,273.0,14080.69671703,3845170.20374919
2026-06-10 07:00:00,273.0,274.0,272.0,274.0,9142.53307859,2495611.02629591
2026-06-10 07:15:00,275.0,275.0,274.0,274.0,3253.10358467,891372.38219958
2026-06-10 07:30:00,274.0,274.0,273.0,274.0,38309.05778507,10482006.78162638
2026-06-10 07:45:00,274.0,274.0,272.0,273.0,2882.41907366,786346.14255022
2026-06-10 08:00:00,272.0,273.0,272.0,273.0,4271.10418213,1162567.4216906
2026-06-10 08:15:00,273.0,274.0,273.0,274.0,6440.91509247,1758388.82024431
2026-06-10 08:30:00,273.0,273.0,273.0,273.0,41.56569343,11347.43430639
2026-06-10 08:45:00,273.0,274.0,272.0,273.0,57230.74075287,15568141.13073658
2026-06-10 09:00:00,273.0,274.0,272.0,273.0,16028.01890332,4376380.53717533
2026-06-10 09:15:00,273.0,273.0,272.0,272.0,7537.6436647,2054100.24987486
2026-06-10 09:30:00,272.0,272.0,270.0,271.0,136451.9235055,36874739.49696648
2026-06-10 09:45:00,270.0,272.0,270.0,272.0,61150.16710193,16606726.61589568
2026-06-10 10:00:00,272.0,273.0,272.0,273.0,43244.99853481,11802208.12941489
2026-06-10 10:15:00,273.0,274.0,273.0,273.0,98647.92507534,26956219.17893725
2026-06-10 10:30:00,273.0,273.0,271.0,271.0,80027.45677277,21756290.69418595
2026-06-10 10:45:00,271.0,273.0,271.0,272.0,98425.03041724,26772497.58228226
2026-06-10 11:00:00,272.0,272.0,271.0,271.0,45029.75671371,12241554.61305572
2026-06-10 11:15:00,270.0,270.0,270.0,270.0,100760.76747798,27205407.2190546
2026-06-10 11:30:00,270.0,270.0,268.0,268.0,56653.13294011,15187127.26164147
2026-06-10 11:45:00,268.0,269.0,267.0,268.0,16302.95463553,4368981.35373732
2026-06-10 12:00:00,268.0,270.0,268.0,269.0,148196.11088905,39864526.13268776
2026-06-10 12:15:00,269.0,270.0,269.0,270.0,56710.43603337,15302085.40602341
2026-06-10 12:30:00,269.0,270.0,269.0,269.0,21965.87887307,5911061.06554997
2026-06-10 12:45:00,269.0,270.0,269.0,269.0,8894.24661556,2392570.85810415
2026-06-10 13:00:00,269.0,269.0,269.0,269.0,28518.51311962,7671480.02917778
2026-06-10 13:15:00,270.0,270.0,270.0,270.0,59819.68176139,16151314.0755753
2026-06-10 13:30:00,270.0,270.0,269.0,269.0,25390.03478632,6839359.083446
2026-06-10 13:45:00,268.0,270.0,268.0,268.0,33309.19246956,8961657.00089778
2026-06-10 14:00:00,269.0,269.0,268.0,268.0,48357.17413082,12962714.89754303
2026-06-10 14:15:00,268.0,268.0,267.0,267.0,31182.17503413,8351563.57126128
2026-06-10 14:30:00,268.0,268.0,267.0,267.0,52369.89470347,13991110.70819451
2026-06-10 14:45:00,268.0,268.0,267.0,268.0,3224.02494269,863577.82469785
2026-06-10 15:00:00,268.0,269.0,268.0,268.0,9531.70865416,2555241.22795795
2026-06-10 15:15:00,269.0,269.0,269.0,269.0,705.76208177,189849.99999613
2026-06-10 15:30:00,268.0,269.0,268.0,269.0,19020.45537899,5107748.33982296
2026-06-10 15:45:00,270.0,270.0,269.0,269.0,138967.46617203,37394492.98459863
2026-06-10 16:00:00,270.0,271.0,269.0,271.0,81503.26019512,22086445.25037474
2026-06-10 16:15:00,271.0,273.0,271.0,272.0,5245.26888676,1424619.92331881
2026-06-10 16:30:00,271.0,271.0,271.0,271.0,2214.02214022,599999.99999962
2026-06-10 16:45:00,271.0,271.0,270.0,270.0,75442.50929925,20370877.50640393
2026-06-10 17:00:00,270.0,270.0,268.0,268.0,39646.01506809,10627772.11362964
2026-06-10 17:15:00,268.0,268.0,267.0,268.0,11883.06055163,3182513.01098041
2026-06-10 17:30:00,268.0,268.0,266.0,266.0,11968.52145901,3198127.25561021
2026-06-10 17:45:00,266.0,268.0,266.0,267.0,64289.768555,17164878.78394027
2026-06-10 18:00:00,267.0,267.0,266.0,267.0,16111.567549,4293068.79879283
2026-06-10 18:15:00,267.0,267.0,266.0,267.0,104288.20801761,27778391.29653863
2026-06-10 18:30:00,268.0,268.0,267.0,268.0,41204.5480108,11025054.45384247
2026-06-10 18:45:00,269.0,269.0,267.0,269.0,98419.50779164,26374963.08266957
2026-06-10 19:00:00,268.0,269.0,267.0,267.0,20410.67071052,5470753.63524966
2026-06-10 19:15:00,267.0,268.0,267.0,267.0,77423.31907905,20679526.19410634
2026-06-10 19:30:00,268.0,269.0,268.0,268.0,37209.28146484,9978108.58556938
2026-06-10 19:45:00,269.0,270.0,269.0,270.0,16998.82825439,4578002.91343057
2026-06-10 20:00:00,270.0,270.0,266.0,267.0,132169.67159109,35381007.23916598
2026-06-10 20:15:00,267.0,268.0,265.0,265.0,15929.13582456,4226349.02292914
2026-06-10 20:30:00,266.0,267.0,266.0,267.0,6531.88043336,1737667.19527376
2026-06-10 20:45:00,267.0,267.0,266.0,266.0,21200.23225041,5659146.28049865
2026-06-10 21:00:00,267.0,267.0,266.0,267.0,79338.81257857,21108659.9811056
2026-06-10 21:15:00,267.0,268.0,267.0,268.0,42438.73070876,11338625.09923892
2026-06-10 21:30:00,267.0,272.0,266.0,270.0,272593.78233554,73740777.05324581
2026-06-10 21:45:00,270.0,270.0,268.0,268.0,55790.10389637,14977841.61374443
2026-06-10 22:00:00,268.0,269.0,267.0,268.0,45301.13677177,12140064.64282492
2026-06-10 22:15:00,269.0,271.0,269.0,271.0,80620.85831133,21700820.00471822
2026-06-10 22:30:00,271.0,274.0,271.0,274.0,265345.06207243,72661886.35487872
2026-06-10 22:45:00,274.0,274.0,272.0,272.0,70278.01106578,19199644.30810631
2026-06-10 23:00:00,271.0,271.0,270.0,270.0,12762.78260301,3458105.89690814
2026-06-10 23:15:00,270.0,271.0,269.0,271.0,144308.13817239,38979641.13020014
2026-06-10 23:30:00,271.0,271.0,270.0,270.0,2170.11304347,587775.54018708
2026-06-10 23:45:00,270.0,272.0,270.0,272.0,19329.82462494,5220755.56200507
2026-06-11 00:00:00,272.0,276.0,272.0,273.0,52542.30251485,14403071.55899982
2026-06-11 00:15:00,273.0,274.0,273.0,274.0,78110.10362971,21347089.66738143
2026-06-11 00:30:00,274.0,274.0,273.0,273.0,18368.84713973,5018344.90418277
2026-06-11 00:45:00,273.0,274.0,270.0,273.0,46004.33600307,12537238.4340031
2026-06-11 01:00:00,273.0,274.0,272.0,273.0,18702.21466838,5102046.08522727
2026-06-11 01:15:00,273.0,273.0,271.0,271.0,4024.25827554,1098099.99999734
2026-06-11 01:30:00,272.0,272.0,271.0,271.0,9607.59931884,2608015.43223118
2026-06-11 01:45:00,270.0,270.0,269.0,269.0,17222.56646517,4637958.31181621
2026-06-11 02:00:00,270.0,270.0,269.0,270.0,6020.25516694,1625268.8950738
2026-06-11 02:15:00,270.0,270.0,269.0,269.0,5425.98897879,1464794.3695533
2026-06-11 02:30:00,268.0,269.0,267.0,269.0,16349.63161476,4380934.38661407
2026-06-11 02:45:00,268.0,268.0,268.0,268.0,37.46634145,10040.9795086
2026-06-11 03:00:00,269.0,269.0,269.0,269.0,122313.20149589,32902251.20239441
2026-06-11 03:15:00,268.0,268.0,268.0,268.0,224.72344,60225.88192
2026-06-11 03:30:00,268.0,268.0,267.0,267.0,1268.98914506,339089.79822605
2026-06-11 03:45:00,267.0,268.0,267.0,268.0,4518.26404674,1206576.50047958
2026-06-11 04:00:00,268.0,269.0,267.0,267.0,3157.43022671,844978.78268852
2026-06-11 04:15:00,267.0,267.0,267.0,267.0,224.81188,60024.77196
2026-06-11 04:30:00,267.0,267.0,267.0,267.0,3556.2742973,949525.2373791
2026-06-11 04:45:00,266.0,267.0,265.0,266.0,28099.25844251,7473534.57008902
2026-06-11 05:00:00,265.0,265.0,265.0,265.0,92009.98369746,24382645.6798269
2026-06-11 05:15:00,265.0,265.0,265.0,265.0,11427.02434456,3028161.4513084
2026-06-11 05:30:00,267.0,268.0,266.0,267.0,8085.35975127,2157309.57715512
2026-06-11 05:45:00,266.0,266.0,263.0,264.0,94570.07922003,24988745.24924893
2026-06-11 06:00:00,264.0,265.0,262.0,262.0,104623.86532472,27439441.14997497
2026-06-11 06:15:00,262.0,264.0,262.0,263.0,17040.13479272,4473273.33570878
2026-06-11 06:30:00,264.0,264.0,263.0,263.0,4847.01013773,1277069.72720764
2026-06-11 06:45:00,264.0,264.0,261.0,262.0,110389.10291427,29022736.54801886
2026-06-11 07:00:00,261.0,262.0,260.0,261.0,61037.80458919,15927463.40881093
2026-06-11 07:15:00,261.0,262.0,260.0,262.0,65251.56355847,17017128.75128361
2026-06-11 07:30:00,262.0,263.0,261.0,263.0,3024.9501299,792799.57369738
2026-06-11 07:45:00,263.0,263.0,262.0,263.0,14530.63430261,3821156.82158643
2026-06-11 08:00:00,262.0,262.0,261.0,262.0,59859.60041837,15682808.13792291
2026-06-11 08:15:00,261.0,264.0,261.0,264.0,90082.52679202,23742153.45949404
2026-06-11 08:30:00,264.0,264.0,264.0,264.0,3551.71704544,937653.29999616
2026-06-11 08:45:00,264.0,265.0,264.0,265.0,12927.78249789,3412977.57944296
2026-06-11 09:00:00,263.0,267.0,263.0,266.0,82955.03378995,22025504.62815878
2026-06-11 09:15:00,267.0,268.0,266.0,266.0,141269.93362945,37701938.96398534
2026-06-11 09:30:00,267.0,268.0,266.0,266.0,111196.1317788,29632719.00411375
2026-06-11 09:45:00,267.0,267.0,266.0,267.0,77987.5658631,20822207.39700841
2026-06-11 10:00:00,268.0,269.0,268.0,269.0,61772.58887421,16600872.44952309
2026-06-11 10:15:00,269.0,270.0,268.0,270.0,36876.07408645,9915748.76232833
2026-06-11 10:30:00,269.0,270.0,269.0,270.0,92118.46996639,24794328.14600356
2026-06-11 10:45:00,270.0,270.0,270.0,270.0,23764.00229777,6416280.6203979
2026-06-11 11:00:00,270.0,272.0,270.0,270.0,147409.12828572,39942833.78602519
2026-06-11 11:15:00,270.0,270.0,269.0,270.0,24230.73180065,6539576.27644204
2026-06-11 11:30:00,269.0,270.0,269.0,270.0,73741.71569166,19836542.28024771
2026-06-11 11:45:00,268.0,268.0,266.0,267.0,49833.7082313,13313506.36972218
2026-06-11 12:00:00,267.0,268.0,267.0,267.0,14437.99898486,3862436.36566173
2026-06-11 12:15:00,268.0,272.0,268.0,271.0,123742.57250092,33471268.66524241
2026-06-11 12:30:00,272.0,274.0,272.0,273.0,92881.18765044,25327755.61699724
2026-06-11 12:45:00,273.0,277.0,272.0,275.0,431934.04548623,119054478.44744463
2026-06-11 13:00:00,275.0,276.0,274.0,275.0,61297.81860856,16855864.03661064
2026-06-11 13:15:00,275.0,276.0,274.0,274.0,27977.70991807,7686876.07941991
2026-06-11 13:30:00,274.0,275.0,273.0,273.0,106526.99841187,29170318.38653649
2026-06-11 13:45:00,275.0,277.0,275.0,276.0,150640.75882269,41582830.57775029
2026-06-11 14:00:00,275.0,275.0,274.0,275.0,50308.11613409,13784748.41346793
2026-06-11 14:15:00,275.0,275.0,274.0,274.0,28605.03239728,7847806.25884701
2026-06-11 14:30:00,273.0,274.0,273.0,274.0,961.73772769,262682.13688565
2026-06-11 14:45:00,274.0,274.0,274.0,274.0,20039.4620208,5490812.5936992
2026-06-11 15:00:00,273.0,274.0,272.0,274.0,155967.36231533,42546849.76847279
2026-06-11 15:15:00,274.0,275.0,273.0,275.0,42658.27579789,11715490.80327495
2026-06-11 15:30:00,275.0,275.0,274.0,274.0,32109.42395796,8830034.79392532
2026-06-11 15:45:00,274.0,274.0,274.0,274.0,38619.12135899,10581639.25236326
2026-06-11 16:00:00,273.0,273.0,272.0,272.0,87818.00344952,23913302.57860884
2026-06-11 16:15:00,272.0,274.0,272.0,274.0,18688.47900429,5118858.79252824
2026-06-11 16:30:00,274.0,274.0,273.0,273.0,6641.46459907,1816796.0426118
2026-06-11 16:45:00,274.0,274.0,274.0,274.0,1795.18978101,491881.99999674
2026-06-11 17:00:00,274.0,275.0,274.0,275.0,17203.1815299,4717827.95592764
2026-06-11 17:15:00,275.0,277.0,274.0,276.0,79996.01126166,22039761.39176438
2026-06-11 17:30:00,276.0,277.0,276.0,276.0,19912.85691898,5506123.47297756
2026-06-11 17:45:00,276.0,276.0,275.0,276.0,11184.74446643,3079777.69830493
2026-06-11 18:00:00,275.0,277.0,275.0,275.0,235771.22031842,65041753.30553369
2026-06-11 18:15:00,274.0,275.0,274.0,275.0,40602.48721197,11145717.77843799
2026-06-11 18:30:00,276.0,277.0,276.0,277.0,25064.96872579,6931717.31416641
2026-06-11 18:45:00,277.0,277.0,276.0,277.0,8777.13358464,2425874.25013595
2026-06-11 19:00:00,276.0,276.0,275.0,276.0,1605.69870322,442263.86187891
2026-06-11 19:15:00,276.0,276.0,276.0,276.0,6575.47941128,1814832.31751328
2026-06-11 19:30:00,276.0,276.0,275.0,275.0,11644.32199814,3204158.45946103
2026-06-11 19:45:00,275.0,275.0,274.0,275.0,35891.44887856,9869407.31021714
2026-06-11 20:00:00,275.0,277.0,275.0,277.0,147143.03488793,40622649.89682493
2026-06-11 20:15:00,276.0,276.0,274.0,274.0,189317.7047882,52069382.84182709
2026-06-11 20:30:00,274.0,274.0,274.0,274.0,15236.28429687,4174741.89734238
2026-06-11 20:45:00,275.0,276.0,275.0,276.0,23083.65777756,6354973.91167973
2026-06-11 21:00:00,275.0,275.0,275.0,275.0,13596.64657415,3739077.80789125
2026-06-11 21:15:00,275.0,276.0,271.0,271.0,48558.58372294,13285892.93319416
2026-06-11 21:30:00,274.0,274.0,272.0,274.0,44405.95718795,12122721.2683985
2026-06-11 21:45:00,274.0,275.0,273.0,275.0,65266.99708647,17828889.56582659
2026-06-11 22:00:00,274.0,274.0,273.0,273.0,15675.68116727,4280993.80537999
2026-06-11 22:15:00,275.0,275.0,275.0,275.0,5360.72832937,1474200.29057675
2026-06-11 22:30:00,274.0,275.0,273.0,273.0,75780.35515488,20755538.61275822
2026-06-11 22:45:00,276.0,277.0,274.0,274.0,43813.81481408,12057667.90096861
2026-06-11 23:00:00,276.0,276.0,275.0,275.0,17723.10003643,4874140.4629168
2026-06-11 23:15:00,275.0,277.0,274.0,276.0,28963.32410806,7963936.04082312
2026-06-11 23:30:00,276.0,278.0,276.0,277.0,108468.82317758,30060540.54685588
2026-06-11 23:45:00,278.0,278.0,277.0,277.0,20090.08490399,5566743.66013184
2026-06-12 00:00:00,276.0,276.0,275.0,276.0,15326.13876486,4222409.17457679
2026-06-12 00:15:00,277.0,278.0,277.0,277.0,3039.55611211,842028.98550051
2026-06-12 00:30:00,276.0,277.0,276.0,277.0,1395.39057182,385199.99998838
2026-06-12 00:45:00,276.0,276.0,275.0,275.0,5993.00503094,1652967.68785633
2026-06-12 01:00:00,276.0,277.0,275.0,276.0,50202.4087365,13855656.2545487
2026-06-12 01:15:00,276.0,276.0,274.0,275.0,94527.01832307,26058380.29461467
2026-06-12 01:30:00,276.0,277.0,275.0,275.0,10867.24060571,2999046.74530237
2026-06-12 01:45:00,275.0,275.0,274.0,275.0,7760.58216216,2130581.47097728
2026-06-12 02:00:00,274.0,274.0,274.0,274.0,4323.60253886,1184667.09564764
2026-06-12 02:15:00,274.0,276.0,273.0,276.0,87108.13918539,23878208.39411392
2026-06-12 02:30:00,277.0,280.0,277.0,280.0,31482.77346714,8755602.22407904
2026-06-12 02:45:00,281.0,282.0,280.0,281.0,72858.35112269,20510090.65195731
2026-06-12 03:00:00,281.0,282.0,279.0,280.0,20465.28642131,5743019.20202817
2026-06-12 03:15:00,279.0,279.0,278.0,278.0,2482.59870307,692538.15373918
2026-06-12 03:30:00,280.0,280.0,279.0,280.0,48472.79068201,13547133.51670468
2026-06-12 03:45:00,280.0,280.0,280.0,280.0,80733.44970371,22605365.9170388
2026-06-12 04:00:00,279.0,279.0,277.0,279.0,5371.52152265,1496413.7513903
2026-06-12 04:15:00,279.0,280.0,279.0,279.0,40789.07802026,11395977.17330684
2026-06-12 04:30:00,280.0,280.0,280.0,280.0,736.1525,206122.7
2026-06-12 04:45:00,280.0,280.0,279.0,279.0,14917.76142812,4162767.18221772
2026-06-12 05:00:00,279.0,279.0,279.0,279.0,19351.90073962,5399180.30635398
2026-06-12 05:15:00,279.0,279.0,278.0,278.0,21740.68864485,6044629.91997079
2026-06-12 05:30:00,277.0,278.0,277.0,277.0,1137.93033221,315333.06892864
2026-06-12 05:45:00,278.0,279.0,278.0,279.0,11309.25550559,3154635.03055402
2026-06-12 06:00:00,279.0,281.0,279.0,281.0,55632.56149946,15530057.33033493
2026-06-12 06:15:00,280.0,280.0,280.0,280.0,22007.97142855,6162231.999994
2026-06-12 06:30:00,280.0,280.0,279.0,279.0,50738.70805674,14201666.17597627
2026-06-12 06:45:00,280.0,281.0,279.0,279.0,141875.60383427,39584531.27869646
2026-06-12 07:00:00,279.0,280.0,278.0,278.0,29169.05154894,8138152.50713488
2026-06-12 07:15:00,279.0,279.0,279.0,279.0,701.79211469,195799.99999851
2026-06-12 07:30:00,278.0,280.0,278.0,278.0,142202.56253824,39561888.36454461
2026-06-12 07:45:00,278.0,278.0,277.0,277.0,314.53723864,87306.67121838
2026-06-12 08:00:00,277.0,277.0,276.0,277.0,58376.65531631,16169122.11269837
2026-06-12 08:15:00,276.0,277.0,276.0,277.0,5771.0158908,1593544.13689863
2026-06-12 08:30:00,277.0,278.0,276.0,277.0,49435.73758096,13655953.883916
2026-06-12 08:45:00,276.0,277.0,275.0,276.0,81709.47058781,22550545.97119731
2026-06-12 09:00:00,277.0,278.0,276.0,278.0,63938.26660442,17737886.05604554
2026-06-12 09:15:00,278.0,279.0,278.0,278.0,140100.67047328,39025563.10386693
2026-06-12 09:30:00,277.0,278.0,277.0,278.0,103765.51265348,28743318.94746
2026-06-12 09:45:00,276.0,277.0,274.0,275.0,44562.52326192,12282774.21732401
2026-06-12 10:00:00,275.0,276.0,274.0,275.0,55462.18145637,15241049.94095201
2026-06-12 10:15:00,274.0,276.0,274.0,274.0,5436.31773362,1491275.15650854
2026-06-12 10:30:00,275.0,275.0,274.0,275.0,21534.31322628,5911587.87415016
2026-06-12 10:45:00,274.0,275.0,274.0,274.0,8480.59023916,2323863.45284799
2026-06-12 11:00:00,274.0,277.0,274.0,277.0,47867.4482269,13140456.75882408
2026-06-12 11:15:00,276.0,277.0,275.0,276.0,42437.65776301,11712307.10313227
2026-06-12 11:30:00,276.0,278.0,276.0,276.0,25246.14989099,6994264.35307542
2026-06-12 11:45:00,277.0,278.0,277.0,277.0,38817.82134138,10777094.40528624
2026-06-12 12:00:00,277.0,278.0,276.0,277.0,68224.59987749,18897735.74879854
2026-06-12 12:15:00,277.0,277.0,277.0,277.0,37728.61673853,10450826.83657281
2026-06-12 12:30:00,276.0,278.0,276.0,277.0,11987.3757309,3318960.78788853
2026-06-12 12:45:00,277.0,277.0,277.0,277.0,13061.2599837,3617969.0154849
2026-06-12 13:00:00,277.0,277.0,277.0,277.0,5000.77694004,1385215.21239108
2026-06-12 13:15:00,278.0,278.0,278.0,278.0,2102.44629495,584480.0699961
2026-06-12 13:30:00,278.0,279.0,277.0,277.0,33092.34967331,9198341.96008301
2026-06-12 13:45:00,279.0,279.0,278.0,278.0,2491.14540141,693215.60987955
2026-06-12 14:00:00,278.0,278.0,276.0,276.0,4817.81952599,1331769.70983427
2026-06-12 14:15:00,277.0,277.0,277.0,277.0,12467.72696108,3453560.36821916
2026-06-12 14:30:00,278.0,278.0,276.0,276.0,12120.53757242,3360526.73562367
2026-06-12 14:45:00,276.0,276.0,275.0,275.0,23375.64466382,6429084.44197074
2026-06-12 15:00:00,275.0,275.0,274.0,274.0,41751.99969119,11472587.42920557
2026-06-12 15:15:00,273.0,274.0,273.0,273.0,182557.48134459,49838337.86327744
2026-06-12 15:30:00,273.0,273.0,270.0,272.0,174312.25939545,47148787.28261987
2026-06-12 15:45:00,272.0,272.0,271.0,271.0,18458.38213969,5018075.24000304
2026-06-12 16:00:00,272.0,273.0,271.0,271.0,226571.43492266,61603448.06610338
2026-06-12 16:15:00,271.0,272.0,271.0,272.0,35080.68098545,9538235.19114203
2026-06-12 16:30:00,272.0,272.0,271.0,272.0,25719.40100304,6995619.8645889
2026-06-12 16:45:00,272.0,274.0,271.0,274.0,81966.6835092,22254587.21301421
2026-06-12 17:00:00,274.0,274.0,274.0,274.0,4038.13968927,1106450.27485998
2026-06-12 17:15:00,274.0,276.0,273.0,275.0,126878.70233911,34919244.72700064
2026-06-12 17:30:00,275.0,275.0,275.0,275.0,14656.46546576,4030528.003084
2026-06-12 17:45:00,275.0,276.0,274.0,276.0,30963.79618547,8514366.31378038
2026-06-12 18:00:00,276.0,276.0,274.0,274.0,10917.84548435,3001969.20819625
2026-06-12 18:15:00,276.0,277.0,276.0,277.0,5407.68145559,1496176.19789775
2026-06-12 18:30:00,277.0,278.0,277.0,278.0,120892.60607127,33518906.255586
2026-06-12 18:45:00,278.0,278.0,277.0,277.0,12522.52357975,3470063.82150671
2026-06-12 19:00:00,276.0,278.0,276.0,278.0,11216.47724132,3108221.88534622
2026-06-12 19:15:00,278.0,278.0,276.0,277.0,98859.11723316,27379404.50212015
2026-06-12 19:30:00,276.0,278.0,276.0,277.0,15363.53838071,4251183.14462032
2026-06-12 19:45:00,277.0,278.0,277.0,277.0,65480.7962979,18161596.02147106
2026-06-12 20:00:00,277.0,278.0,276.0,277.0,13909.0626148,3849725.11426916
2026-06-12 20:15:00,278.0,278.0,276.0,278.0,10943.15738625,3034057.59891976
2026-06-12 20:30:00,277.0,277.0,276.0,277.0,44782.41745555,12404439.78011488
2026-06-12 20:45:00,276.0,276.0,276.0,276.0,672.46376812,185600.00000112
2026-06-12 21:00:00,277.0,277.0,276.0,276.0,15809.86543468,4364644.39230747
2026-06-12 21:15:00,278.0,278.0,276.0,276.0,29485.49382252,8169648.167641
2026-06-12 21:30:00,277.0,278.0,277.0,278.0,10545.16504011,2921046.68733349
2026-06-12 21:45:00,277.0,277.0,276.0,276.0,36118.94707578,9974030.50222163
2026-06-12 22:00:00,276.0,277.0,275.0,277.0,3790.67415748,1045762.1685475
2026-06-12 22:15:00,277.0,277.0,275.0,276.0,21480.92998178,5929541.72912289
2026-06-12 22:30:00,275.0,276.0,274.0,275.0,60078.7194803,16498758.30159766
2026-06-12 22:45:00,274.0,275.0,273.0,274.0,1907.12592213,522130.6454873
2026-06-12 23:00:00,275.0,276.0,275.0,275.0,8476.53617698,2331119.91243761
2026-06-12 23:15:00,275.0,276.0,274.0,276.0,12561.08198737,3451374.3425772
2026-06-12 23:30:00,276.0,278.0,275.0,276.0,90201.38099044,24956111.95112117
2026-06-12 23:45:00,277.0,279.0,277.0,279.0,100078.48800152,27865300.62333932
2026-06-13 00:00:00,279.0,280.0,279.0,280.0,129566.98507417,36273028.20777629
2026-06-13 00:15:00,281.0,281.0,277.0,278.0,315834.18096261,87936356.7798935
2026-06-13 00:30:00,278.0,278.0,275.0,275.0,19367.54361528,5352709.48518968
2026-06-13 00:45:00,275.0,275.0,273.0,273.0,74312.93539405,20367188.55879096
2026-06-13 01:00:00,273.0,275.0,273.0,275.0,84031.32667015,22940916.68960571
2026-06-13 01:15:00,275.0,275.0,272.0,273.0,51618.2196047,14067266.25511937
2026-06-13 01:30:00,273.0,273.0,273.0,273.0,51122.74070197,13956508.21163781
2026-06-13 01:45:00,273.0,274.0,273.0,274.0,2434.34306569,665669.99999906
2026-06-13 02:00:00,274.0,274.0,273.0,273.0,28586.77862807,7810430.56546311
2026-06-13 02:15:00,273.0,273.0,272.0,273.0,36571.78793385,9952474.37780512
2026-06-13 02:30:00,272.0,272.0,272.0,272.0,2340.0,636480.0
2026-06-13 02:45:00,273.0,273.0,272.0,272.0,668.68168015,182357.36950074
2026-06-13 03:00:00,271.0,272.0,270.0,272.0,78723.16794349,21279374.52297862
2026-06-13 03:15:00,271.0,272.0,270.0,272.0,59557.27457605,16086858.68919412
2026-06-13 03:30:00,272.0,272.0,270.0,272.0,6226.90085751,1687552.73914661
2026-06-13 03:45:00,271.0,271.0,271.0,271.0,12724.69114997,3448391.30164187
2026-06-13 04:00:00,271.0,271.0,271.0,271.0,369.00369003,99999.99999813
2026-06-13 04:15:00,271.0,271.0,270.0,271.0,24492.09169186,6616691.6986818
2026-06-13 04:30:00,270.0,272.0,269.0,272.0,26154.45479765,7072949.31424434
2026-06-13 04:45:00,270.0,271.0,269.0,271.0,84350.36900282,22774821.79273657
2026-06-13 05:00:00,270.0,270.0,270.0,270.0,103736.46638267,28008845.9233209
2026-06-13 05:15:00,270.0,271.0,270.0,271.0,119131.29675651,32271201.99101421
2026-06-13 05:30:00,271.0,271.0,270.0,270.0,24354.2256767,6595172.54859378
2026-06-13 05:45:00,270.0,270.0,269.0,269.0,44663.0724432,12051368.16384544
2026-06-13 06:00:00,270.0,270.0,270.0,270.0,14890.4378769,4020418.226763
2026-06-13 06:15:00,270.0,271.0,270.0,271.0,31234.18027778,8433457.90378288
2026-06-13 06:30:00,270.0,270.0,270.0,270.0,8591.18694646,2319620.4755442
2026-06-13 06:45:00,271.0,271.0,269.0,269.0,210677.51132393,56902680.28768132
2026-06-13 07:00:00,270.0,270.0,269.0,270.0,56163.1853959,15160125.74168225
2026-06-13 07:15:00,269.0,271.0,269.0,271.0,13497.1707746,3640047.80617609
2026-06-13 07:30:00,270.0,270.0,270.0,270.0,28101.27301772,7587343.7147844
2026-06-13 07:45:00,270.0,270.0,270.0,270.0,204001.41225681,55080381.3093387
2026-06-13 08:00:00,270.0,270.0,269.0,269.0,13174.53197534,3546203.40217197
2026-06-13 08:15:00,269.0,270.0,269.0,270.0,196594.46105871,53037485.47344687
2026-06-13 08:30:00,269.0,270.0,269.0,270.0,41547.27765083,11216764.9657241
2026-06-13 08:45:00,269.0,271.0,269.0,271.0,55973.4843869,15127506.23515296
2026-06-13 09:00:00,271.0,272.0,270.0,271.0,140036.09161636,37953755.21084191
2026-06-13 09:15:00,271.0,272.0,271.0,272.0,14193.29606286,3847307.38763054
2026-06-13 09:30:00,272.0,273.0,271.0,273.0,25399.171392,6920134.32924671
2026-06-13 09:45:00,273.0,273.0,272.0,273.0,99511.18741635,27124013.61752077
2026-06-13 10:00:00,273.0,274.0,273.0,274.0,33264.83335991,9110115.25636626
2026-06-13 10:15:00,273.0,274.0,273.0,274.0,9994.27549669,2728612.9002857
2026-06-13 10:30:00,274.0,274.0,272.0,274.0,20835.5460808,5703922.97503066
2026-06-13 10:45:00,273.0,274.0,273.0,273.0,47816.02048471,13061474.32225282
2026-06-13 11:00:00,273.0,274.0,273.0,273.0,72351.77203072,19768030.1877442
2026-06-13 11:15:00,273.0,273.0,272.0,273.0,22133.76723578,6031058.73543171
2026-06-13 11:30:00,272.0,273.0,272.0,273.0,24722.52358655,6742841.43385661
2026-06-13 11:45:00,273.0,273.0,272.0,273.0,106734.09841707,29113979.77078848
2026-06-13 12:00:00,274.0,274.0,273.0,273.0,11364.40598056,3102969.22362392
2026-06-13 12:15:00,274.0,274.0,271.0,272.0,56400.37123764,15390986.07445961
2026-06-13 12:30:00,271.0,272.0,271.0,272.0,53419.47948708,14476797.33070456
2026-06-13 12:45:00,272.0,272.0,270.0,270.0,7235.46904339,1960661.81827201
2026-06-13 13:00:00,270.0,270.0,269.0,270.0,25779.86871435,6960523.1488745
2026-06-13 13:15:00,270.0,271.0,270.0,271.0,115709.68844182,31254136.57143976
2026-06-13 13:30:00,271.0,272.0,271.0,272.0,77217.81527292,20995642.04867961
2026-06-13 13:45:00,272.0,272.0,272.0,272.0,19678.101907,5352443.718704
2026-06-13 14:00:00,271.0,273.0,271.0,273.0,43791.721351,11903566.4715587
2026-06-13 14:15:00,272.0,272.0,271.0,272.0,65121.94723567,17669408.80610435
2026-06-13 14:30:00,271.0,271.0,271.0,271.0,3658.9600728,991578.1797288
2026-06-13 14:45:00,271.0,271.0,271.0,271.0,7104.52708978,1925326.84133038
2026-06-13 15:00:00,271.0,271.0,271.0,271.0,4511.47693678,1222610.24986738
2026-06-13 15:15:00,271.0,272.0,271.0,272.0,1248.63753524,338569.99999121
2026-06-13 15:30:00,272.0,273.0,272.0,273.0,5031.2314034,1372705.56817164
2026-06-13 15:45:00,273.0,275.0,273.0,275.0,33295.19416823,9131857.10699216
2026-06-13 16:00:00,275.0,276.0,275.0,276.0,49941.30175392,13734012.33015407
2026-06-13 16:15:00,275.0,277.0,275.0,277.0,26319.03395636,7268180.02780422
2026-06-13 16:30:00,277.0,278.0,277.0,278.0,23703.9849456,6567003.8299312
2026-06-13 16:45:00,278.0,278.0,277.0,278.0,21878.5644399,6082222.74882457
2026-06-13 17:00:00,278.0,279.0,277.0,277.0,83954.00348963,23274723.08432159
2026-06-13 17:15:00,277.0,278.0,276.0,277.0,109351.25014335,30259096.74635311
2026-06-13 17:30:00,277.0,278.0,277.0,277.0,57301.39347541,15878576.29872066
2026-06-13 17:45:00,277.0,277.0,275.0,275.0,3909.65677935,1077734.51198468
2026-06-13 18:00:00,276.0,276.0,275.0,276.0,21672.7010418,5967475.58479003
2026-06-13 18:15:00,276.0,278.0,275.0,278.0,51838.1542195,14364965.12250299
2026-06-13 18:30:00,278.0,279.0,277.0,277.0,58709.60407022,16320934.2654622
2026-06-13 18:45:00,278.0,279.0,277.0,278.0,96328.95069016,26775542.72641195
2026-06-13 19:00:00,278.0,279.0,278.0,279.0,23590.87354451,6569126.34771228
2026-06-13 19:15:00,279.0,279.0,278.0,278.0,3947.2396501,1099264.97720287
2026-06-13 19:30:00,278.0,279.0,277.0,277.0,34468.15626178,9583979.73225838
2026-06-13 19:45:00,277.0,278.0,277.0,277.0,25120.97307052,6971065.88990429
2026-06-13 20:00:00,277.0,278.0,276.0,278.0,34610.81970064,9606278.85898082
2026-06-13 20:15:00,278.0,278.0,277.0,278.0,154760.46857052,43022408.52440426
2026-06-13 20:30:00,279.0,279.0,278.0,278.0,28389.94837666,7892429.54118459
2026-06-13 20:45:00,279.0,279.0,278.0,279.0,26316.37467519,7327169.65700863
2026-06-13 21:00:00,279.0,281.0,279.0,281.0,2820.02927843,789459.93246728
2026-06-13 21:15:00,280.0,281.0,278.0,280.0,67188.34698785,18777793.686308
2026-06-13 21:30:00,280.0,280.0,279.0,280.0,51444.83906009,14389023.02729137
2026-06-13 21:45:00,280.0,282.0,280.0,282.0,93396.80130566,26239555.79441454
2026-06-13 22:00:00,282.0,282.0,280.0,282.0,14731.55260687,4137442.10809183
2026-06-13 22:15:00,281.0,282.0,281.0,282.0,9325.26830321,2622203.25490413
2026-06-13 22:30:00,282.0,282.0,280.0,281.0,18154.54196787,5101094.26511812
2026-06-13 22:45:00,280.0,281.0,280.0,281.0,26920.20908719,7538014.23836337
2026-06-13 23:00:00,280.0,281.0,279.0,281.0,122008.85173352,34058900.44431836
2026-06-13 23:15:00,281.0,282.0,280.0,280.0,50957.54095096,14326579.05744371
2026-06-13 23:30:00,280.0,281.0,280.0,280.0,7470.23996924,2091764.31720151
2026-06-13 23:45:00,280.0,281.0,280.0,280.0,38763.41809326,10854242.47527593
2026-06-14 00:00:00,281.0,281.0,280.0,281.0,1705.07875979,478522.6135562
2026-06-14 00:15:00,281.0,282.0,281.0,282.0,39736.66433626,11205539.34282532
2026-06-14 00:30:00,282.0,282.0,281.0,282.0,87438.3485051,24624219.45726333
2026-06-14 00:45:00,281.0,281.0,281.0,281.0,16163.0735895,4541823.6786495
2026-06-14 01:00:00,281.0,281.0,278.0,279.0,123753.41969567,34515508.01034581
2026-06-14 01:15:00,279.0,279.0,279.0,279.0,1350.86935842,376892.55099918
2026-06-14 01:30:00,279.0,279.0,277.0,279.0,11925.57334896,3323669.22841379
2026-06-14 01:45:00,280.0,280.0,279.0,279.0,55177.86762203,15397765.06654637
2026-06-14 02:00:00,280.0,280.0,280.0,280.0,104.02142857,29125.9999996
2026-06-14 02:15:00,279.0,279.0,279.0,279.0,6950.52205081,1939195.65217599
2026-06-14 02:30:00,280.0,280.0,279.0,279.0,600.22710232,167567.38297585
2026-06-14 02:45:00,280.0,281.0,279.0,279.0,2369.83487544,665298.59999864
2026-06-14 03:00:00,279.0,279.0,279.0,279.0,6709.40304233,1871923.44881007
2026-06-14 03:15:00,279.0,279.0,278.0,278.0,1329.61655374,370855.49161173
2026-06-14 03:30:00,280.0,280.0,278.0,278.0,14708.41626567,4118318.34431526
2026-06-14 03:45:00,280.0,280.0,278.0,278.0,17668.57866741,4916727.70594592
2026-06-14 04:00:00,279.0,279.0,279.0,279.0,104.39426523,29125.99999917
2026-06-14 04:15:00,279.0,279.0,278.0,279.0,887.45519712,247199.99999648
2026-06-14 04:30:00,279.0,280.0,278.0,280.0,37003.1533369,10293315.4104624
2026-06-14 05:00:00,279.0,279.0,279.0,279.0,1051.27109561,293304.63567519
2026-06-14 05:30:00,279.0,279.0,279.0,279.0,2341.17909861,653188.96851219
2026-06-14 05:45:00,278.0,280.0,278.0,280.0,39336.93368242,11008907.35656988
2026-06-14 06:00:00,280.0,281.0,280.0,280.0,14199.85822197,3979267.48649322
2026-06-14 06:15:00,279.0,279.0,279.0,279.0,1200.0,334800.0
2026-06-14 06:30:00,280.0,282.0,278.0,282.0,67863.62219786,19070710.65822802
2026-06-14 06:45:00,282.0,283.0,282.0,282.0,1691.3747815,477061.37499543
2026-06-14 07:00:00,282.0,282.0,280.0,282.0,2434.90282341,685068.79582213
2026-06-14 07:15:00,281.0,281.0,281.0,281.0,33646.61375189,9454698.46428109
2026-06-14 07:30:00,282.0,282.0,281.0,281.0,5685.55245123,1599055.32861341
2026-06-14 07:45:00,281.0,281.0,280.0,280.0,27043.34287353,7572236.0045884
2026-06-14 08:00:00,280.0,280.0,280.0,280.0,2835.60812912,793970.2761536
2026-06-14 08:15:00,280.0,280.0,280.0,280.0,68324.8244914,19130950.857592
2026-06-14 08:30:00,280.0,281.0,279.0,279.0,54569.45641699,15226387.58554102
2026-06-14 08:45:00,279.0,280.0,279.0,280.0,1111.1210347,310046.27405764
2026-06-14 09:00:00,280.0,280.0,279.0,280.0,43479.91251727,12133748.71888974
2026-06-14 09:15:00,280.0,280.0,279.0,280.0,11561.33620368,3227643.40695222
2026-06-14 09:30:00,280.0,281.0,279.0,281.0,28815.06068688,8059957.0553385
2026-06-14 09:45:00,280.0,280.0,280.0,280.0,3411.72271006,955282.3588168
2026-06-14 10:00:00,280.0,281.0,279.0,281.0,14610.19868563,4093675.72983353
2026-06-14 10:15:00,281.0,282.0,281.0,281.0,2074.66318374,584999.91673165
2026-06-14 10:30:00,282.0,282.0,281.0,282.0,33183.61890277,9349562.96347673
2026-06-14 10:45:00,281.0,283.0,281.0,282.0,227640.81603167,64245736.12588267
2026-06-14 11:00:00,282.0,284.0,281.0,284.0,112735.75227867,31886297.62347634
2026-06-14 11:15:00,284.0,284.0,283.0,283.0,35622.43890434,10085198.19356975
2026-06-14 11:30:00,283.0,283.0,282.0,282.0,9236.72943383,2613440.17386404
2026-06-14 11:45:00,282.0,282.0,281.0,282.0,5674.3948916,1598400.00000059
2026-06-14 12:00:00,282.0,283.0,282.0,283.0,77427.08906157,21871395.1860252
2026-06-14 12:15:00,282.0,283.0,282.0,283.0,21662.47881487,6108911.69717143
2026-06-14 12:30:00,283.0,283.0,281.0,283.0,30889.86188167,8719319.48585696
2026-06-14 12:45:00,282.0,282.0,281.0,282.0,108045.8069559,30468846.38718657
2026-06-14 13:00:00,283.0,283.0,282.0,282.0,6000.42436448,1693078.02398484
2026-06-14 13:15:00,281.0,282.0,281.0,281.0,1129.78370415,317611.06483779
2026-06-14 13:30:00,282.0,282.0,280.0,280.0,118450.24159008,33184152.86165162
2026-06-14 13:45:00,279.0,279.0,279.0,279.0,102895.29357583,28707786.90765657
2026-06-14 14:00:00,279.0,280.0,279.0,279.0,81956.38888379,22903915.15393454
2026-06-14 14:15:00,278.0,280.0,278.0,278.0,84291.88721567,23490174.6115162
2026-06-14 14:30:00,278.0,279.0,277.0,279.0,41756.46835511,11611144.25031061
2026-06-14 14:45:00,278.0,279.0,278.0,279.0,37173.03159651,10365799.87413091
2026-06-14 15:00:00,280.0,280.0,278.0,279.0,27428.13367001,7663615.13445181
2026-06-14 15:15:00,279.0,280.0,278.0,278.0,40771.45683379,11374919.79911794
2026-06-14 15:30:00,280.0,280.0,279.0,279.0,8104.50861544,2261645.28585061
2026-06-14 15:45:00,278.0,279.0,278.0,279.0,16511.73645842,4590316.47379201
2026-06-14 16:00:00,279.0,279.0,277.0,277.0,25331.37680775,7022161.45773119
2026-06-14 16:15:00,277.0,279.0,277.0,279.0,46258.19719322,12905699.14789584
2026-06-14 16:30:00,280.0,280.0,278.0,279.0,7518.35867916,2097506.66845378
2026-06-14 16:45:00,278.0,280.0,278.0,280.0,16143.07387352,4516988.99999778
2026-06-14 17:00:00,279.0,279.0,279.0,279.0,21698.2352477,6053807.6341083
2026-06-14 17:15:00,280.0,280.0,279.0,279.0,35048.67547304,9779734.115863
2026-06-14 17:30:00,280.0,281.0,279.0,279.0,29391.55005706,8228945.90932817
2026-06-14 17:45:00,279.0,281.0,279.0,281.0,3668.63420697,1027848.93617291
2026-06-14 18:00:00,280.0,282.0,280.0,282.0,79173.49386988,22285364.98636738
2026-06-14 18:15:00,281.0,282.0,281.0,281.0,29962.95416681,8419661.04285943
2026-06-14 18:30:00,282.0,285.0,282.0,285.0,124984.25761204,35450671.11976569
2026-06-14 18:45:00,284.0,291.0,284.0,290.0,477394.08843284,137713719.73906463
2026-06-14 19:00:00,291.0,292.0,290.0,291.0,474434.00170561,138340831.52097288
2026-06-14 19:15:00,290.0,292.0,288.0,289.0,446147.64482913,129505163.98779397
2026-06-14 19:30:00,290.0,290.0,287.0,288.0,172652.5146247,49705900.81316304
2026-06-14 19:45:00,288.0,288.0,284.0,285.0,125476.85571378,35892709.1535809
2026-06-14 20:00:00,285.0,285.0,282.0,283.0,200569.22363586,56852482.16844837
2026-06-14 20:15:00,283.0,284.0,283.0,283.0,40910.5755121,11581575.16129753
2026-06-14 20:30:00,284.0,284.0,282.0,282.0,139671.87540012,39416536.58319183
2026-06-14 20:45:00,283.0,283.0,281.0,282.0,99134.9577784,27961045.62336086
2026-06-14 21:00:00,282.0,283.0,281.0,282.0,245876.51960037,69335743.90664323
2026-06-14 21:15:00,282.0,284.0,282.0,283.0,34174.43359344,9680827.65776725
2026-06-14 21:30:00,283.0,283.0,280.0,281.0,53240.77044679,14982632.33675625
2026-06-14 21:45:00,281.0,281.0,280.0,281.0,33749.86301951,9465945.67278287
2026-06-14 22:00:00,281.0,281.0,280.0,280.0,41390.49775916,11622037.58430627
2026-06-14 22:15:00,281.0,281.0,279.0,279.0,59223.10657794,16525994.0277602
2026-06-14 22:30:00,279.0,280.0,278.0,280.0,101429.80726771,28264569.64749772
2026-06-14 22:45:00,279.0,280.0,279.0,279.0,15107.47365689,4215433.03338432
2026-06-14 23:00:00,280.0,280.0,280.0,280.0,19270.47160228,5395732.0486384
2026-06-14 23:15:00,280.0,280.0,280.0,280.0,22693.68659008,6354232.2452224
2026-06-14 23:30:00,280.0,281.0,277.0,278.0,220612.49332352,61351091.87867162
2026-06-14 23:45:00,278.0,280.0,278.0,280.0,22694.72656217,6321221.01376976
2026-06-15 00:00:00,280.0,280.0,279.0,279.0,30738.30826018,8593521.9075066
2026-06-15 00:15:00,280.0,280.0,278.0,278.0,19155.4136208,5347061.14270447
2026-06-15 00:30:00,278.0,280.0,278.0,279.0,16481.23246645,4587399.98750103
2026-06-15 00:45:00,279.0,280.0,278.0,280.0,18387.1866399,5119800.39587682
2026-06-15 01:00:00,280.0,280.0,280.0,280.0,104.02142857,29125.9999996
2026-06-15 01:15:00,280.0,280.0,280.0,280.0,19336.8310775,5414312.7017
2026-06-15 01:30:00,281.0,281.0,280.0,281.0,5345.05599188,1501464.48555557
2026-06-15 01:45:00,280.0,280.0,280.0,280.0,7241.32286089,2027570.4010492
2026-06-15 02:00:00,280.0,281.0,279.0,281.0,10980.93253711,3069987.69757942
2026-06-15 02:15:00,279.0,280.0,279.0,280.0,538.71223022,150479.71223138
2026-06-15 02:30:00,280.0,280.0,279.0,279.0,1183.03218125,330205.99999732
2026-06-15 02:45:00,278.0,278.0,278.0,278.0,17924.80246173,4983095.08436094
2026-06-15 03:00:00,279.0,279.0,278.0,279.0,14938.97814754,4159694.80817211
2026-06-15 03:15:00,278.0,278.0,278.0,278.0,1340.6090396,372689.3130088
2026-06-15 03:30:00,278.0,278.0,278.0,278.0,140.7410072,39126.0000016
2026-06-15 03:45:00,279.0,279.0,279.0,279.0,7739.33676002,2159274.95604558
2026-06-15 04:00:00,280.0,280.0,279.0,279.0,25774.64418903,7191629.57168573
2026-06-15 04:15:00,280.0,281.0,280.0,281.0,1199.93594306,336181.99999986
2026-06-15 04:30:00,281.0,282.0,280.0,280.0,67780.93299268,19011084.26027149
2026-06-15 04:45:00,281.0,282.0,281.0,282.0,3353.83810337,944409.59065961
2026-06-15 05:00:00,283.0,284.0,283.0,284.0,15110.66379068,4284795.03883441
2026-06-15 05:15:00,284.0,287.0,284.0,287.0,21658.4902909,6163660.71734671
2026-06-15 05:30:00,287.0,290.0,287.0,289.0,89377.50810805,25797151.99906009
2026-06-15 05:45:00,288.0,288.0,287.0,287.0,150365.4155974,43206698.76147123
2026-06-15 06:00:00,287.0,291.0,287.0,291.0,126070.27642045,36567460.30405168
2026-06-15 06:15:00,291.0,296.0,291.0,294.0,449833.67405262,132283758.8646206
2026-06-15 06:30:00,294.0,295.0,291.0,293.0,266614.39620597,78059458.50825398
2026-06-15 06:45:00,293.0,295.0,292.0,293.0,305612.6880651,89620811.61763792
2026-06-15 07:00:00,294.0,294.0,291.0,293.0,146375.1382367,42871527.69434955
2026-06-15 07:15:00,292.0,293.0,291.0,292.0,71423.14637855,20828239.27488111
2026-06-15 07:30:00,292.0,293.0,291.0,292.0,41010.78107469,11973892.34609378
2026-06-15 07:45:00,292.0,293.0,290.0,290.0,250490.1033124,72876601.96678062
2026-06-15 08:00:00,291.0,292.0,290.0,292.0,23687.43954488,6892105.37483199
2026-06-15 08:15:00,292.0,294.0,291.0,293.0,87033.77077762,25424777.4816558
2026-06-15 08:30:00,293.0,294.0,291.0,293.0,33362.07235009,9766093.4750065
2026-06-15 08:45:00,292.0,295.0,292.0,294.0,84511.75046975,24844244.46591014
2026-06-15 09:00:00,294.0,294.0,292.0,294.0,193817.38246781,56647661.22044837
2026-06-15 09:15:00,293.0,293.0,292.0,292.0,81827.31348929,23923172.58050793
2026-06-15 09:30:00,293.0,293.0,288.0,288.0,48365.44291723,14008384.32255506
2026-06-15 09:45:00,288.0,290.0,288.0,290.0,51557.00423214,14909653.40542476
2026-06-15 10:00:00,291.0,291.0,288.0,290.0,234651.82831781,67663141.21652111
2026-06-15 10:15:00,290.0,292.0,290.0,290.0,82179.18098685,23850001.19280645
2026-06-15 10:30:00,291.0,292.0,290.0,292.0,71224.22505578,20774870.49113733
2026-06-15 10:45:00,292.0,293.0,291.0,292.0,21184.06199983,6181880.62464199
2026-06-15 11:00:00,292.0,293.0,291.0,292.0,50237.79930164,14667087.22823098
2026-06-15 11:15:00,293.0,294.0,292.0,292.0,23593.62253528,6914763.80346022
2026-06-15 11:30:00,293.0,293.0,291.0,291.0,14905.1572003,4361401.44282215
2026-06-15 11:45:00,293.0,293.0,292.0,292.0,25841.57458752,7546894.37170596
2026-06-15 12:00:00,293.0,293.0,292.0,293.0,83405.35107201,24391516.83022918
2026-06-15 12:15:00,293.0,294.0,293.0,293.0,89242.73086583,26179021.42023168
2026-06-15 12:30:00,294.0,295.0,294.0,295.0,7851.65711635,2308490.40915604
2026-06-15 12:45:00,295.0,295.0,292.0,294.0,31517.02954186,9246097.10980522
2026-06-15 13:00:00,294.0,294.0,292.0,293.0,44504.42168053,13006138.29833742
2026-06-15 13:15:00,293.0,295.0,293.0,293.0,119810.14462468,35176565.19517419
2026-06-15 13:30:00,294.0,294.0,292.0,293.0,116547.51471096,34236487.27462191
2026-06-15 13:45:00,293.0,295.0,293.0,294.0,18928.24580433,5564914.6709584
2026-06-15 14:00:00,295.0,295.0,293.0,294.0,99981.47973797,29388781.14731488
2026-06-15 14:15:00,294.0,296.0,293.0,296.0,73892.17841481,21768251.81706372
2026-06-15 14:30:00,296.0,297.0,296.0,297.0,47183.31178247,13975550.52330135
2026-06-15 14:45:00,296.0,297.0,295.0,296.0,77104.55917821,22823508.6270958
2026-06-15 15:00:00,297.0,297.0,295.0,295.0,65242.12629176,19301013.41468011
2026-06-15 15:15:00,295.0,296.0,295.0,295.0,26779.84791485,7915399.36473569
2026-06-15 15:30:00,296.0,296.0,294.0,295.0,17791.70216804,5232830.29129475
2026-06-15 15:45:00,295.0,295.0,294.0,294.0,35370.12187213,10399828.91854181
2026-06-15 16:00:00,294.0,294.0,293.0,293.0,240927.19660947,70592677.85147266
2026-06-15 16:15:00,293.0,295.0,293.0,294.0,12208.29373718,3584452.41686139
2026-06-15 16:30:00,294.0,294.0,292.0,293.0,33129.2100579,9680134.65292299
2026-06-15 16:45:00,293.0,293.0,291.0,292.0,53735.50842327,15690672.8058309
2026-06-15 17:00:00,293.0,293.0,293.0,293.0,18083.49827553,5298464.99473029
2026-06-15 17:15:00,292.0,293.0,292.0,292.0,35656.28250058,10424988.50416252
2026-06-15 17:30:00,293.0,293.0,292.0,292.0,47407.29449431,13880799.80099391
2026-06-15 17:45:00,293.0,293.0,292.0,292.0,21322.21179222,6226358.1027139
2026-06-15 18:00:00,291.0,292.0,290.0,291.0,43511.83487041,12673324.28782562
2026-06-15 18:15:00,291.0,291.0,291.0,291.0,8184.28956706,2381628.26401446
2026-06-15 18:30:00,292.0,292.0,291.0,291.0,20018.54898689,5825497.50176033
2026-06-15 18:45:00,291.0,291.0,290.0,290.0,13828.11394642,4012987.19222811
2026-06-15 19:00:00,291.0,292.0,291.0,291.0,16696.36585462,4858749.87799105
2026-06-15 19:15:00,292.0,293.0,291.0,291.0,37677.42440296,10983518.44552213
2026-06-15 19:30:00,292.0,292.0,290.0,290.0,3868.80556749,1123516.28696125
2026-06-15 19:45:00,290.0,293.0,290.0,292.0,20376.34737935,5918546.4134926
2026-06-15 20:00:00,293.0,294.0,293.0,294.0,36262.73421615,10630827.63788785
2026-06-15 20:15:00,294.0,296.0,294.0,296.0,92451.17257957,27292387.01107603
2026-06-15 20:30:00,297.0,297.0,296.0,297.0,158122.59244334,46884881.00092371
2026-06-15 20:45:00,296.0,298.0,296.0,297.0,75432.68447377,22363612.83112933
2026-06-15 21:00:00,297.0,298.0,296.0,298.0,16125.35361805,4777479.3715699
2026-06-15 21:15:00,297.0,298.0,296.0,298.0,66572.61966252,19773869.90980385
2026-06-15 21:30:00,298.0,299.0,297.0,299.0,145847.0163042,43496450.41565907
2026-06-15 21:45:00,299.0,300.0,298.0,298.0,204781.42700483,61152075.02058506
2026-06-15 22:00:00,299.0,300.0,298.0,298.0,112298.63347644,33584412.30031109
2026-06-15 22:15:00,299.0,302.0,299.0,301.0,223712.26128536,67180328.67577562
2026-06-15 22:30:00,301.0,301.0,299.0,300.0,120517.12597928,36118391.9069467
2026-06-15 22:45:00,299.0,300.0,298.0,299.0,69025.52438254,20643004.24952166
2026-06-15 23:00:00,299.0,299.0,297.0,297.0,165715.14530595,49469085.59042595
2026-06-15 23:15:00,298.0,299.0,298.0,299.0,94166.22976072,28064213.15765778
2026-06-15 23:30:00,300.0,301.0,298.0,298.0,204487.45989192,61230940.34206113
2026-06-15 23:45:00,298.0,299.0,298.0,299.0,17835.52935654,5315925.59975392
2026-06-16 00:00:00,299.0,299.0,297.0,298.0,42829.21582342,12768880.52438342
2026-06-16 00:15:00,297.0,298.0,296.0,296.0,223888.14505144,66447524.89967736
2026-06-16 00:30:00,296.0,297.0,295.0,297.0,153302.76557261,45446885.16589474
2026-06-16 00:45:00,297.0,299.0,297.0,299.0,75952.80633501,22657116.95312996
2026-06-16 01:00:00,300.0,301.0,299.0,299.0,121962.27414816,36586819.27950394
2026-06-16 01:15:00,300.0,301.0,299.0,301.0,54769.19615239,16384428.48949947
2026-06-16 01:30:00,300.0,300.0,299.0,300.0,11671.02750539,3499513.45447679
2026-06-16 01:45:00,299.0,299.0,298.0,299.0,91657.30643944,27350700.31411105
2026-06-16 02:00:00,298.0,298.0,296.0,296.0,161369.35216684,47970153.36443194
2026-06-16 02:15:00,296.0,297.0,296.0,296.0,25718.15937128,7630721.0958398
2026-06-16 02:30:00,296.0,297.0,296.0,297.0,18480.0315334,5487336.79433125
2026-06-16 02:45:00,298.0,298.0,296.0,296.0,13584.66481858,4047971.01526572
2026-06-16 03:00:00,298.0,298.0,296.0,297.0,3733.90206376,1109797.04674229
2026-06-16 03:15:00,298.0,298.0,296.0,296.0,15256.51275401,4525239.71129144
2026-06-16 03:45:00,297.0,297.0,296.0,296.0,57249.79694195,16979715.14734244
2026-06-16 04:00:00,295.0,296.0,295.0,296.0,5583.45002806,1652292.37452198
2026-06-16 04:15:00,296.0,297.0,292.0,294.0,166528.91504444,49130240.73704329
2026-06-16 04:30:00,293.0,294.0,293.0,294.0,610.91886677,179306.39256416
2026-06-16 04:45:00,294.0,295.0,294.0,294.0,78233.24092319,23034474.53480345
2026-06-16 05:00:00,294.0,296.0,294.0,295.0,15265.68779862,4502169.32386317
2026-06-16 05:15:00,295.0,296.0,294.0,295.0,38322.53920011,11303877.93166121
2026-06-16 05:30:00,295.0,295.0,294.0,294.0,91107.50480974,26802095.53105668
2026-06-16 05:45:00,294.0,294.0,293.0,293.0,49714.8611709,14589304.84479638
2026-06-16 06:00:00,293.0,294.0,293.0,293.0,118192.91898651,34630887.39910185
2026-06-16 06:15:00,294.0,294.0,292.0,294.0,88117.98906747,25767607.39904566
2026-06-16 06:30:00,292.0,293.0,291.0,291.0,150432.21183846,43852682.35993576
2026-06-16 06:45:00,292.0,293.0,292.0,292.0,12414.13720267,3625034.71846974
2026-06-16 07:00:00,293.0,293.0,291.0,291.0,63035.62196298,18404618.64931485
2026-06-16 07:15:00,291.0,292.0,288.0,288.0,227143.51717195,66014314.38454597
2026-06-16 07:30:00,288.0,290.0,288.0,289.0,66851.41521072,19301551.7858425
2026-06-16 07:45:00,288.0,289.0,287.0,289.0,208638.3321527,60103031.47528784
2026-06-16 08:00:00,289.0,289.0,288.0,289.0,46824.33958723,13523911.79391684
2026-06-16 08:15:00,289.0,290.0,288.0,289.0,18743.69212798,5415325.18067769
2026-06-16 08:30:00,289.0,290.0,288.0,290.0,5396.37861564,1560718.83559406
2026-06-16 08:45:00,290.0,292.0,289.0,292.0,113683.57546203,33076426.04103607
2026-06-16 09:00:00,290.0,292.0,290.0,292.0,55384.6177306,16127363.30403597
2026-06-16 09:15:00,292.0,293.0,290.0,291.0,201436.21886991,58683260.01135335
2026-06-16 09:30:00,290.0,292.0,290.0,291.0,29053.36560332,8448949.52103825
2026-06-16 09:45:00,292.0,292.0,290.0,290.0,31175.98058443,9071863.75154007
2026-06-16 10:00:00,289.0,291.0,289.0,290.0,123902.95975123,35934658.67675481
2026-06-16 10:15:00,289.0,291.0,289.0,289.0,27600.0513735,7984289.74903309
2026-06-16 10:30:00,289.0,290.0,289.0,290.0,11468.34004967,3317544.82488861
2026-06-16 10:45:00,290.0,290.0,289.0,289.0,34797.72062654,10068155.57285379
2026-06-16 11:00:00,289.0,290.0,286.0,287.0,68050.35553149,19594002.42858153
2026-06-16 11:15:00,286.0,288.0,284.0,285.0,168201.62142713,48123893.11213125
2026-06-16 11:30:00,285.0,287.0,284.0,285.0,49307.85596454,14052138.81999058
2026-06-16 11:45:00,285.0,287.0,285.0,286.0,6189.75150197,1773101.32648771
2026-06-16 12:00:00,286.0,288.0,286.0,287.0,49499.97706061,14193673.74680349
2026-06-16 12:15:00,287.0,289.0,287.0,289.0,145490.23307987,41826590.18059246
2026-06-16 12:30:00,289.0,291.0,289.0,291.0,115602.07577194,33481447.69554143
2026-06-16 12:45:00,290.0,291.0,290.0,291.0,10954.59501782,3187750.49217055
2026-06-16 13:00:00,291.0,292.0,291.0,291.0,54634.08615531,15898712.30407192
2026-06-16 13:15:00,291.0,291.0,289.0,289.0,39682.96266102,11482629.8410536
2026-06-16 13:30:00,288.0,289.0,288.0,288.0,16557.62974155,4772661.2527492
2026-06-16 13:45:00,288.0,289.0,288.0,288.0,118651.72184323,34206406.09846268
2026-06-16 14:00:00,288.0,290.0,288.0,289.0,21174.86250115,6132284.41009392
2026-06-16 14:15:00,290.0,291.0,290.0,290.0,48307.01831214,14009342.32883274
2026-06-16 14:30:00,291.0,291.0,290.0,290.0,19286.79512211,5594170.5854119
2026-06-16 14:45:00,290.0,291.0,290.0,291.0,8328.24701906,2415701.21450078
2026-06-16 15:00:00,291.0,291.0,290.0,291.0,17126.47073,4981669.42405191
2026-06-16 15:15:00,291.0,292.0,291.0,291.0,5428.83837329,1583101.04196985
2026-06-16 15:30:00,292.0,292.0,292.0,292.0,33881.91958332,9893520.51832944
2026-06-16 15:45:00,292.0,293.0,292.0,293.0,15200.10928455,4448486.4966115
2026-06-16 16:00:00,293.0,293.0,292.0,292.0,65048.25522127,19044444.28445904
2026-06-16 16:15:00,292.0,293.0,291.0,292.0,16306.17673237,4758954.50798465
2026-06-16 16:30:00,291.0,292.0,291.0,292.0,16236.99858087,4726884.64555673
2026-06-16 16:45:00,292.0,292.0,291.0,291.0,16569.48150965,4836397.19322765
2026-06-16 17:00:00,291.0,293.0,291.0,293.0,7148.89890896,2082007.38361466
2026-06-16 17:15:00,293.0,294.0,293.0,294.0,188399.4272053,55291153.77234208
2026-06-16 17:30:00,294.0,295.0,293.0,295.0,81354.35322157,23873794.41451526
2026-06-16 17:45:00,295.0,297.0,294.0,295.0,43439.84684946,12858003.32748503
2026-06-16 18:00:00,296.0,296.0,295.0,295.0,105333.11437717,31078111.27447631
2026-06-16 18:15:00,295.0,295.0,294.0,294.0,37314.65028939,10970650.99774021
2026-06-16 18:30:00,294.0,295.0,294.0,294.0,53051.92625454,15598143.22912791
2026-06-16 18:45:00,294.0,294.0,293.0,294.0,17683.71345516,5183275.55936867
2026-06-16 19:00:00,292.0,293.0,292.0,293.0,1852.6280927,542371.27067384
2026-06-16 19:15:00,292.0,293.0,292.0,293.0,83163.41705675,24311768.97912993
2026-06-16 19:30:00,293.0,294.0,293.0,294.0,13103.2886497,3851681.93150495
2026-06-16 19:45:00,294.0,294.0,291.0,292.0,150102.58326595,43930686.04158067
2026-06-16 20:00:00,292.0,292.0,291.0,291.0,21688.46110107,6312346.70104488
2026-06-16 20:15:00,291.0,292.0,289.0,291.0,47799.01842007,13852677.34814665
2026-06-16 20:30:00,291.0,291.0,288.0,291.0,67171.55540566,19444176.76270597
2026-06-16 20:45:00,290.0,291.0,289.0,290.0,3477.09465347,1006969.83782245
2026-06-16 21:00:00,290.0,292.0,290.0,292.0,15516.78464026,4521723.4469165
2026-06-16 21:15:00,292.0,293.0,291.0,291.0,120459.7063045,35160877.301658
2026-06-16 21:30:00,292.0,293.0,291.0,291.0,27145.66410243,7912891.74164839
2026-06-16 21:45:00,291.0,292.0,291.0,291.0,21127.93341196,6148335.6434283
2026-06-16 22:00:00,291.0,291.0,288.0,289.0,80917.31296781,23371906.17244131
2026-06-16 22:15:00,289.0,289.0,288.0,288.0,49365.80633302,14240126.74657208
2026-06-16 22:30:00,288.0,289.0,287.0,287.0,12014.25932016,3451912.86210931
2026-06-16 22:45:00,288.0,289.0,287.0,288.0,64457.73832072,18562241.95132061
2026-06-16 23:00:00,288.0,290.0,287.0,287.0,126714.05908181,36517022.53977041
2026-06-16 23:15:00,287.0,287.0,285.0,286.0,92602.75189504,26437309.58352602
2026-06-16 23:30:00,285.0,286.0,283.0,286.0,281319.93565662,80088797.67970562
2026-06-16 23:45:00,286.0,287.0,285.0,285.0,154390.33915668,44102535.8877268
2026-06-17 00:00:00,285.0,287.0,285.0,287.0,61664.55878877,17672083.46413956
2026-06-17 00:15:00,288.0,288.0,287.0,288.0,21374.42695705,6139643.37987892
2026-06-17 00:30:00,288.0,288.0,288.0,288.0,4640.88735419,1336575.55800672
2026-06-17 00:45:00,287.0,288.0,287.0,288.0,25435.36965671,7322844.51197994
2026-06-17 01:00:00,288.0,288.0,288.0,288.0,9962.05398085,2869071.5464848
2026-06-17 01:15:00,288.0,288.0,288.0,288.0,126.356055,36390.54384
2026-06-17 01:30:00,288.0,288.0,287.0,288.0,20774.75110929,5973112.55417607
2026-06-17 01:45:00,288.0,288.0,288.0,288.0,35953.01291128,10354467.71844864
2026-06-17 02:15:00,289.0,289.0,289.0,289.0,23200.76584318,6705021.32867902
2026-06-17 02:30:00,290.0,290.0,290.0,290.0,69.75862068,20229.9999972
2026-06-17 02:45:00,290.0,291.0,290.0,291.0,55349.64081173,16055768.10859756
2026-06-17 03:00:00,292.0,294.0,292.0,293.0,54437.54720612,15931942.34187635
2026-06-17 03:15:00,292.0,292.0,289.0,290.0,18629.32624438,5408032.61221978
2026-06-17 03:30:00,291.0,291.0,290.0,290.0,60218.12309121,17494314.85005107
2026-06-17 03:45:00,290.0,291.0,290.0,290.0,11903.96431144,3452190.887431
2026-06-17 04:00:00,289.0,289.0,289.0,289.0,33428.84615214,9660936.53796846
2026-06-17 04:15:00,288.0,289.0,287.0,289.0,33303.21627772,9570447.81574311
2026-06-17 04:30:00,289.0,289.0,289.0,289.0,42503.99123537,12283653.46702193
2026-06-17 04:45:00,289.0,289.0,288.0,288.0,1361.00495015,392069.4256432
2026-06-17 05:00:00,289.0,289.0,288.0,289.0,6719.18425605,1938325.0657424
2026-06-17 05:15:00,289.0,290.0,289.0,289.0,14089.18023424,4082644.72010914
2026-06-17 05:30:00,289.0,290.0,289.0,290.0,3184.26524533,920442.15590037
2026-06-17 05:45:00,289.0,289.0,289.0,289.0,176.47058823,50999.99999847
2026-06-17 06:00:00,290.0,291.0,290.0,290.0,69396.85595352,20131088.2265208
2026-06-17 06:15:00,290.0,290.0,289.0,290.0,27866.17998543,8072940.40735867
2026-06-17 06:30:00,290.0,290.0,290.0,290.0,2439.33522031,707407.2138899
2026-06-17 06:45:00,290.0,290.0,290.0,290.0,442.49,128322.1
2026-06-17 07:00:00,290.0,291.0,290.0,291.0,5175.46935532,1501678.14987244
2026-06-17 07:15:00,290.0,290.0,290.0,290.0,3003.99110789,871157.4212881
2026-06-17 07:30:00,290.0,291.0,290.0,291.0,115005.66365395,33465885.88124999
2026-06-17 07:45:00,291.0,291.0,291.0,291.0,7302.04304546,2124894.52622886
2026-06-17 08:00:00,291.0,292.0,291.0,291.0,14379.04788631,4189993.5550982
2026-06-17 08:15:00,291.0,291.0,290.0,291.0,10080.04896219,2926279.11999729
2026-06-17 08:30:00,291.0,291.0,290.0,291.0,25211.55204297,7334557.53296956
2026-06-17 08:45:00,291.0,292.0,291.0,292.0,31355.46274512,9124608.1189028
2026-06-17 09:00:00,292.0,293.0,292.0,293.0,183404.64269798,53672502.00095345
2026-06-17 09:15:00,292.0,295.0,292.0,294.0,99728.80696868,29272567.65586995
2026-06-17 09:30:00,294.0,299.0,293.0,298.0,511239.36086848,151807657.25026795
2026-06-17 09:45:00,299.0,300.0,296.0,298.0,142939.08191543,42608246.17363294
2026-06-17 10:00:00,298.0,300.0,297.0,299.0,182380.87520261,54504302.34644249
2026-06-17 10:15:00,299.0,299.0,296.0,298.0,109157.36827931,32398329.27839881
2026-06-17 10:30:00,296.0,298.0,296.0,297.0,40439.92984961,11990999.95323928
2026-06-17 10:45:00,298.0,299.0,298.0,299.0,119333.50664617,35675107.43763038
2026-06-17 11:00:00,300.0,300.0,296.0,297.0,89534.00577117,26653946.52914873
2026-06-17 11:15:00,297.0,298.0,296.0,298.0,71737.86340977,21311570.51170318
2026-06-17 11:30:00,298.0,298.0,295.0,296.0,141328.13490316,41760953.91658291
2026-06-17 11:45:00,296.0,296.0,295.0,295.0,17772.17826163,5251234.31226425
2026-06-17 12:00:00,295.0,296.0,294.0,294.0,115460.34427319,34060798.94297914
2026-06-17 12:15:00,294.0,294.0,293.0,293.0,42903.91536503,12611938.09864089
2026-06-17 12:30:00,294.0,294.0,292.0,294.0,63118.7598175,18471349.68921326
2026-06-17 12:45:00,292.0,293.0,292.0,293.0,16324.15435701,4782922.70008604
2026-06-17 13:00:00,293.0,294.0,293.0,293.0,11924.36017499,3493859.53127207
2026-06-17 13:15:00,293.0,293.0,292.0,293.0,9402.60810213,2751539.51638985
2026-06-17 13:30:00,293.0,295.0,293.0,295.0,83029.5231447,24410342.36748975
2026-06-17 13:45:00,295.0,295.0,294.0,294.0,90079.75614907,26528828.05003706
2026-06-17 14:00:00,294.0,294.0,293.0,293.0,27164.35806273,7972797.73271819
2026-06-17 14:15:00,293.0,293.0,292.0,292.0,79122.97153364,23104590.28167953
2026-06-17 14:30:00,292.0,293.0,291.0,293.0,76608.60145631,22431268.19184813
2026-06-17 14:45:00,293.0,293.0,292.0,292.0,62391.36021973,18235542.03057751
2026-06-17 15:00:00,292.0,292.0,291.0,291.0,38285.66300511,11148179.89206242
2026-06-17 15:15:00,292.0,293.0,291.0,292.0,32925.33716425,9614315.56823572
2026-06-17 15:30:00,291.0,292.0,290.0,290.0,76866.5837359,22360572.50009927
2026-06-17 15:45:00,290.0,292.0,290.0,291.0,13427.55086592,3907506.50502392
2026-06-17 16:00:00,291.0,292.0,291.0,292.0,34550.52233675,10054401.99999425
2026-06-17 16:15:00,292.0,293.0,290.0,290.0,27240.88204828,7932744.12371109
2026-06-17 16:30:00,290.0,291.0,290.0,291.0,29149.03394449,8458294.14633851
2026-06-17 16:45:00,291.0,291.0,290.0,290.0,38944.66245287,11297123.84677042
2026-06-17 17:00:00,290.0,290.0,289.0,289.0,73981.01568481,21386612.8794618
2026-06-17 17:15:00,289.0,289.0,287.0,289.0,60340.63925497,17374634.29783095
2026-06-17 17:30:00,288.0,288.0,285.0,286.0,105368.04758773,30198121.98170846
2026-06-17 17:45:00,286.0,287.0,285.0,286.0,219988.83655957,62928622.29852011
2026-06-17 18:00:00,286.0,287.0,286.0,287.0,26055.6440226,7462869.44123542
2026-06-17 18:15:00,287.0,287.0,287.0,287.0,76510.92720536,21958636.10793832
2026-06-17 18:30:00,288.0,288.0,286.0,287.0,4786.73315047,1374000.43526102
2026-06-17 18:45:00,287.0,287.0,286.0,286.0,83273.83098895,23850901.55696461
2026-06-17 19:00:00,286.0,287.0,285.0,285.0,7424.21453338,2123286.26247002
2026-06-17 19:15:00,287.0,288.0,287.0,287.0,14407.21415955,4135737.65129085
2026-06-17 19:30:00,286.0,287.0,286.0,287.0,5743.90492918,1644842.5612339
2026-06-17 19:45:00,286.0,287.0,286.0,286.0,68065.92415732,19467203.893783
2026-06-17 20:00:00,286.0,286.0,284.0,285.0,216036.85432425,61487244.44814486
2026-06-17 20:15:00,285.0,286.0,285.0,286.0,23815.37661198,6803560.12092319
2026-06-17 20:30:00,286.0,286.0,285.0,286.0,26987.14846241,7713884.4178027
2026-06-17 20:45:00,287.0,287.0,286.0,286.0,79205.71717098,22682627.12552014
2026-06-17 21:00:00,286.0,287.0,285.0,287.0,19375.86632399,5554338.50147219
2026-06-17 21:15:00,287.0,287.0,284.0,285.0,78590.76366336,22436643.26763748
2026-06-17 21:30:00,285.0,287.0,285.0,286.0,60333.06996977,17195695.16486256
2026-06-17 21:45:00,287.0,288.0,287.0,288.0,9387.53531786,2695187.96088823
2026-06-17 22:00:00,288.0,288.0,287.0,287.0,15514.16692503,4463731.34671007
2026-06-17 22:15:00,287.0,287.0,286.0,286.0,6961.94992413,1993254.47418894
2026-06-17 22:30:00,286.0,288.0,286.0,287.0,107927.98545356,30962931.66078654
2026-06-17 22:45:00,288.0,289.0,287.0,287.0,110505.79290692,31858980.39721603
2026-06-17 23:00:00,287.0,287.0,287.0,287.0,167544.76578795,48085347.78114165
2026-06-17 23:15:00,288.0,288.0,287.0,288.0,86023.05993288,24773335.38066944
2026-06-17 23:30:00,288.0,289.0,288.0,289.0,13079.82315156,3767851.38598838
2026-06-17 23:45:00,288.0,288.0,286.0,287.0,65850.21607069,18867318.7243214
2026-06-18 00:00:00,287.0,288.0,287.0,288.0,5092.63534377,1463605.80827405
2026-06-18 00:15:00,289.0,290.0,289.0,290.0,18685.1325313,5400692.95671811
2026-06-18 00:30:00,290.0,291.0,290.0,291.0,185445.74459341,53947098.21159879
2026-06-18 00:45:00,291.0,292.0,291.0,292.0,18844.17948653,5489451.24958501
2026-06-18 01:00:00,293.0,293.0,292.0,292.0,8288.50783622,2427793.18931962
2026-06-18 01:15:00,292.0,294.0,291.0,294.0,60781.89954287,17762121.98434717
2026-06-18 01:30:00,293.0,293.0,292.0,292.0,12453.81366407,3637117.27591526
2026-06-18 01:45:00,291.0,291.0,291.0,291.0,2811.96483023,818281.76559693
2026-06-18 02:00:00,291.0,291.0,290.0,290.0,85200.17423562,24792788.3529842
2026-06-18 02:15:00,292.0,292.0,291.0,291.0,2165.13627465,630830.83632609
2026-06-18 02:45:00,291.0,292.0,290.0,292.0,57244.0929327,16638842.19841532
2026-06-18 03:00:00,291.0,291.0,286.0,290.0,294000.18728378,84942366.6316169
2026-06-18 03:15:00,289.0,289.0,289.0,289.0,107.14363406,30964.51024334
2026-06-18 03:30:00,289.0,293.0,288.0,292.0,27977.23922708,8183097.49702021
2026-06-18 03:45:00,293.0,293.0,292.0,292.0,131385.51854712,38495045.51724161
2026-06-18 04:00:00,292.0,292.0,291.0,292.0,9743.79420067,2843352.45161636
2026-06-18 04:15:00,291.0,291.0,287.0,287.0,115166.40220113,33401057.8099392
2026-06-18 04:30:00,288.0,288.0,285.0,286.0,52696.70924381,15098746.11075749
2026-06-18 04:45:00,285.0,287.0,285.0,287.0,22257.55403035,6358454.34684289
2026-06-18 05:00:00,286.0,287.0,286.0,286.0,5935.98155252,1697774.34771408
2026-06-18 05:15:00,287.0,287.0,286.0,287.0,18299.75061328,5248611.08823589
2026-06-18 05:30:00,288.0,288.0,288.0,288.0,10495.64493153,3022745.74028064
2026-06-18 05:45:00,287.0,290.0,287.0,290.0,49090.31817681,14188861.09718595
2026-06-18 06:00:00,290.0,290.0,289.0,289.0,24014.35885291,6958058.33184913
2026-06-18 06:15:00,289.0,289.0,288.0,288.0,6445.25897731,1856476.79999815
2026-06-18 06:30:00,287.0,288.0,287.0,288.0,71724.22444461,20656472.47338101
2026-06-18 06:45:00,287.0,287.0,286.0,287.0,145422.97149714,41612673.56479061
2026-06-18 07:00:00,286.0,287.0,284.0,286.0,113268.7134061,32243032.76050324
2026-06-18 07:15:00,286.0,286.0,286.0,286.0,44666.74885154,12774690.17154044
2026-06-18 07:30:00,287.0,288.0,286.0,286.0,63551.9389112,18220156.9231509
2026-06-18 07:45:00,286.0,288.0,286.0,288.0,11704.14627221,3360040.77374716
2026-06-18 08:00:00,287.0,287.0,286.0,286.0,39663.97887212,11380228.5757517
2026-06-18 08:15:00,287.0,288.0,287.0,287.0,1072.0,307686.0
2026-06-18 08:30:00,287.0,288.0,286.0,287.0,14805.31890151,4247743.96135316
2026-06-18 08:45:00,287.0,287.0,287.0,287.0,9507.19411112,2728564.70989144
2026-06-18 09:00:00,287.0,288.0,287.0,288.0,215588.73185569,61900413.93704231
2026-06-18 09:15:00,287.0,288.0,286.0,286.0,44148.61414867,12668671.61306679
2026-06-18 09:30:00,287.0,287.0,285.0,285.0,110504.56086874,31622385.21569725
2026-06-18 09:45:00,286.0,287.0,285.0,285.0,17191.73720552,4916812.17946045
2026-06-18 10:00:00,285.0,287.0,285.0,286.0,117174.82736031,33513172.24440341
2026-06-18 10:15:00,286.0,287.0,286.0,286.0,13712.18669007,3926911.87419625
2026-06-18 10:30:00,286.0,288.0,286.0,286.0,13725.69833673,3928577.57347541
2026-06-18 10:45:00,285.0,286.0,284.0,286.0,55971.3263813,15958354.49684133
2026-06-18 11:00:00,286.0,286.0,285.0,285.0,123791.39687802,35352426.62992075
2026-06-18 11:15:00,287.0,287.0,286.0,287.0,8345.68908945,2386906.50118548
2026-06-18 11:30:00,286.0,286.0,285.0,286.0,11228.19134206,3210110.08318224
2026-06-18 11:45:00,286.0,286.0,285.0,285.0,30346.25730261,8653614.95479221
2026-06-18 12:00:00,284.0,285.0,284.0,284.0,68083.72382862,19336452.05815283
2026-06-18 12:15:00,284.0,284.0,281.0,283.0,138938.4536602,39284070.5622187
2026-06-18 12:30:00,282.0,283.0,281.0,282.0,39492.22992921,11124999.21709704
2026-06-18 12:45:00,282.0,283.0,282.0,282.0,33772.43493685,9524572.65961201
2026-06-18 13:00:00,282.0,282.0,275.0,276.0,676339.8514107,187542317.19048104
2026-06-18 13:15:00,277.0,278.0,276.0,277.0,152356.39279732,42136339.93003691
2026-06-18 13:30:00,277.0,278.0,277.0,277.0,23299.2359319,6461763.94306435
2026-06-18 13:45:00,277.0,278.0,276.0,277.0,35136.50867892,9733100.2861087
2026-06-18 14:00:00,277.0,277.0,275.0,277.0,130913.61976155,36127731.7616316
2026-06-18 14:15:00,277.0,278.0,275.0,278.0,80352.3911389,22230813.04448282
2026-06-18 14:30:00,277.0,277.0,277.0,277.0,143886.11183421,39856452.97807617
2026-06-18 14:45:00,277.0,278.0,276.0,278.0,10276.462108,2843880.10596209
2026-06-18 15:00:00,276.0,278.0,276.0,276.0,22190.34166854,6139826.66215118
2026-06-18 15:15:00,277.0,278.0,277.0,278.0,42227.85346649,11697786.78072132
2026-06-18 15:30:00,277.0,279.0,277.0,279.0,35641.57585084,9897761.95543647
2026-06-18 15:45:00,279.0,279.0,278.0,279.0,14172.80743388,3946309.3530822
2026-06-18 16:00:00,279.0,279.0,277.0,279.0,4401.51467999,1223995.99999231
2026-06-18 16:15:00,278.0,280.0,278.0,280.0,27392.86615511,7663437.51216812
2026-06-18 16:30:00,281.0,281.0,279.0,281.0,6240.50436522,1750042.33063706
2026-06-18 16:45:00,281.0,281.0,280.0,281.0,32845.06319591,9197121.84432099
2026-06-18 17:00:00,281.0,281.0,280.0,281.0,57855.79741834,16246373.8189817
2026-06-18 17:15:00,281.0,282.0,280.0,282.0,7936.52124055,2226769.75668103
2026-06-18 17:30:00,282.0,283.0,281.0,282.0,78532.34598078,22151717.2609915
2026-06-18 17:45:00,282.0,282.0,281.0,281.0,24471.57758667,6893108.34494898
2026-06-18 18:00:00,281.0,283.0,280.0,282.0,46324.19206589,13036839.94831178
2026-06-18 18:15:00,283.0,283.0,281.0,282.0,16201.64828588,4575712.33973257
2026-06-18 18:30:00,282.0,282.0,281.0,281.0,354.98851617,99999.99999411
2026-06-18 18:45:00,282.0,282.0,281.0,281.0,2862.3277895,805928.15905893
2026-06-18 19:00:00,280.0,281.0,279.0,280.0,69888.31660544,19521406.86968902
2026-06-18 19:15:00,280.0,282.0,280.0,282.0,55993.38150281,15700159.13003353
2026-06-18 19:45:00,280.0,283.0,280.0,283.0,6729.50587352,1897604.37728218
2026-06-18 20:00:00,283.0,283.0,282.0,282.0,20020.85288594,5649412.31683817
2026-06-18 20:15:00,281.0,282.0,281.0,281.0,58040.69138479,16311497.09523564
2026-06-18 20:30:00,281.0,281.0,280.0,280.0,66138.50870095,18561560.55404537
2026-06-18 20:45:00,279.0,281.0,279.0,281.0,43927.12981086,12255965.77239008
2026-06-18 21:00:00,280.0,281.0,280.0,281.0,1068.53093535,299900.0499762
2026-06-18 21:15:00,281.0,283.0,281.0,283.0,28270.92072041,7969698.28553025
2026-06-18 21:30:00,282.0,282.0,281.0,281.0,13551.86504501,3821260.24509524
2026-06-18 21:45:00,282.0,283.0,282.0,283.0,8654.94925378,2446194.89696931
2026-06-18 22:00:00,282.0,283.0,282.0,283.0,55909.98231099,15766649.71169918
2026-06-18 22:15:00,283.0,283.0,282.0,283.0,1045.35346286,295658.35154416
2026-06-18 22:30:00,282.0,282.0,280.0,280.0,56930.45918106,16051823.75105452
2026-06-18 22:45:00,280.0,281.0,279.0,280.0,28763.14169392,8046495.91721375
2026-06-18 23:00:00,281.0,281.0,280.0,280.0,8700.15720353,2442624.04310488
2026-06-18 23:15:00,280.0,283.0,280.0,282.0,3720.51220454,1046661.05614868
2026-06-18 23:30:00,282.0,283.0,281.0,281.0,24749.19074441,6979296.40053022
2026-06-18 23:45:00,282.0,282.0,281.0,282.0,32574.57780094,9166782.34674844
2026-06-19 00:00:00,281.0,281.0,280.0,281.0,38939.30021284,10936643.83987778
2026-06-19 00:15:00,280.0,280.0,277.0,277.0,32548.16686049,9047380.52549028
2026-06-19 00:30:00,277.0,278.0,273.0,274.0,205926.26024712,56462729.3493376
2026-06-19 00:45:00,274.0,274.0,271.0,271.0,235551.04642997,64151817.40272717
2026-06-19 01:00:00,271.0,275.0,271.0,273.0,61531.30502807,16805010.60731961
2026-06-19 01:15:00,273.0,275.0,273.0,275.0,35714.06036336,9761004.81163587
2026-06-19 01:30:00,273.0,274.0,272.0,274.0,5645.61033882,1538201.86048647
2026-06-19 01:45:00,274.0,275.0,274.0,275.0,560.14982029,153632.56348673
2026-06-19 02:00:00,274.0,274.0,272.0,272.0,7149.33285579,1951552.29845716
2026-06-19 02:15:00,272.0,273.0,271.0,272.0,12993.94751869,3527632.13435115
2026-06-19 02:30:00,273.0,273.0,273.0,273.0,394.2,107616.6
2026-06-19 02:45:00,273.0,274.0,273.0,274.0,8852.06569343,2424665.99999982
2026-06-19 03:00:00,275.0,277.0,274.0,276.0,61873.43037757,17069619.22891067
2026-06-19 03:15:00,276.0,278.0,276.0,277.0,56727.88522566,15703718.22770718
2026-06-19 03:30:00,276.0,276.0,276.0,276.0,1369.87608694,378085.79999544
2026-06-19 03:45:00,277.0,277.0,276.0,276.0,3444.1155002,952575.8780552
2026-06-19 04:00:00,276.0,276.0,276.0,276.0,1159.50384951,320023.06246476
2026-06-19 04:15:00,276.0,277.0,276.0,277.0,10357.68975012,2858872.78980568
2026-06-19 04:30:00,277.0,277.0,277.0,277.0,4236.40824787,1173485.08465999
2026-06-19 04:45:00,278.0,278.0,277.0,277.0,1560.32449894,432395.73512724
2026-06-19 05:00:00,277.0,279.0,277.0,278.0,24073.36082074,6683286.89172534
2026-06-19 05:15:00,278.0,279.0,277.0,279.0,26282.59067843,7301823.0098301
2026-06-19 05:30:00,278.0,280.0,278.0,280.0,12034.5323741,3346319.42446022
2026-06-19 05:45:00,279.0,279.0,279.0,279.0,149.34050179,41665.99999941
2026-06-19 06:00:00,279.0,280.0,278.0,279.0,41414.3513913,11543184.58004289
2026-06-19 06:15:00,278.0,278.0,278.0,278.0,594.55496301,165286.27971678
2026-06-19 06:30:00,278.0,279.0,277.0,277.0,112735.71436299,31338964.23348062
2026-06-19 06:45:00,278.0,279.0,278.0,279.0,4488.15107913,1247885.99999814
2026-06-19 07:00:00,278.0,278.0,277.0,277.0,1804.82365889,500572.11308356
2026-06-19 07:15:00,278.0,278.0,276.0,277.0,17940.0039315,4971137.58288195
2026-06-19 07:30:00,277.0,277.0,276.0,277.0,46737.78898964,12935274.96435421
2026-06-19 07:45:00,277.0,279.0,277.0,279.0,45245.84178288,12576558.03817936
2026-06-19 08:00:00,278.0,278.0,277.0,277.0,16984.53004483,4718501.0112857
2026-06-19 08:15:00,277.0,278.0,277.0,278.0,17788.45399521,4931979.645254
2026-06-19 08:30:00,278.0,280.0,278.0,279.0,12523.5713003,3492851.19896979
2026-06-19 08:45:00,279.0,279.0,278.0,278.0,380580.14253395,105808819.32188553
2026-06-19 09:00:00,279.0,279.0,277.0,278.0,58959.01831885,16390229.0926403
2026-06-19 09:15:00,277.0,279.0,277.0,279.0,99734.14292562,27743865.10531793
2026-06-19 09:30:00,279.0,280.0,279.0,280.0,52822.7262554,14738182.99668517
2026-06-19 09:45:00,279.0,279.0,278.0,278.0,18322.14432195,5095616.21970997
2026-06-19 10:00:00,279.0,280.0,279.0,279.0,85238.70259511,23806585.53028256
2026-06-19 10:15:00,279.0,280.0,278.0,278.0,70034.29124024,19493028.07281793
2026-06-19 10:30:00,278.0,278.0,277.0,278.0,60391.61387288,16788612.57471442
2026-06-19 10:45:00,279.0,280.0,278.0,280.0,71399.25322086,19945182.30747901
2026-06-19 11:00:00,280.0,280.0,279.0,279.0,121203.86629525,33862433.89734568
2026-06-19 11:15:00,279.0,279.0,278.0,278.0,32027.24225322,8929820.58864838
2026-06-19 11:30:00,278.0,279.0,278.0,279.0,39170.16856815,10889629.14166604
2026-06-19 11:45:00,278.0,279.0,278.0,279.0,1872.24347221,520633.02577617
2026-06-19 12:00:00,279.0,279.0,277.0,277.0,14199.33777694,3945620.7828611
2026-06-19 12:15:00,276.0,277.0,273.0,277.0,158603.71278767,43682937.74021475
2026-06-19 12:30:00,276.0,276.0,275.0,276.0,72099.4609331,19887111.30273332
2026-06-19 12:45:00,276.0,277.0,275.0,277.0,108620.94963754,29978931.95556726
2026-06-19 13:00:00,277.0,278.0,275.0,278.0,62338.85977002,17206521.56440084
2026-06-19 13:15:00,278.0,279.0,276.0,277.0,48532.81287873,13496817.24559473
2026-06-19 13:30:00,276.0,276.0,274.0,276.0,91657.02901477,25188537.76793675
2026-06-19 13:45:00,275.0,275.0,271.0,271.0,281007.54549554,76433235.62912469
2026-06-19 14:00:00,272.0,274.0,272.0,272.0,398416.64025245,108587136.45443824
2026-06-19 14:15:00,272.0,273.0,272.0,273.0,14804.91863857,4029653.24018457
2026-06-19 14:30:00,272.0,273.0,271.0,271.0,85724.40777778,23307657.88190539
2026-06-19 14:45:00,273.0,274.0,273.0,274.0,125227.3459936,34197217.52194623
2026-06-19 15:00:00,274.0,274.0,273.0,273.0,75361.04847842,20641714.62581595
2026-06-19 15:15:00,274.0,275.0,274.0,274.0,54136.83361232,14839228.47540273
2026-06-19 15:30:00,274.0,274.0,272.0,273.0,43328.08843646,11795066.02664913
2026-06-19 15:45:00,272.0,273.0,272.0,273.0,15706.81596392,4272443.19493349
2026-06-19 16:00:00,273.0,273.0,272.0,272.0,18427.08223276,5018381.377886
2026-06-19 16:15:00,272.0,273.0,272.0,273.0,65939.55643795,17965441.44136196
2026-06-19 16:30:00,273.0,273.0,271.0,271.0,90597.43633902,24622141.57194327
2026-06-19 16:45:00,271.0,272.0,270.0,272.0,130921.4170424,35447543.48331338
2026-06-19 17:00:00,272.0,273.0,272.0,273.0,32624.45550491,8879709.95731651
2026-06-19 17:15:00,273.0,273.0,272.0,272.0,73438.401537,19978804.43418121
2026-06-19 17:30:00,273.0,274.0,273.0,274.0,15388.44233177,4201118.48650021
2026-06-19 17:45:00,274.0,274.0,273.0,273.0,35943.84507809,9837346.52731226
2026-06-19 18:00:00,273.0,273.0,271.0,271.0,48385.74644654,13198848.30695504
2026-06-19 18:15:00,273.0,273.0,272.0,272.0,37469.76748296,10192054.34734293
2026-06-19 18:30:00,273.0,273.0,272.0,272.0,5677.03065264,1548182.9882399
2026-06-19 18:45:00,272.0,272.0,271.0,272.0,27596.32725371,7500810.76916073
2026-06-19 19:00:00,272.0,273.0,272.0,272.0,81676.94986564,22223437.96973518
2026-06-19 19:15:00,272.0,274.0,272.0,274.0,142750.69066925,38949457.15186926
2026-06-19 19:30:00,274.0,274.0,272.0,272.0,42216.11733981,11499128.88953946
2026-06-19 19:45:00,272.0,274.0,272.0,272.0,9844.95634233,2684271.67390496
2026-06-19 20:00:00,272.0,272.0,272.0,272.0,193274.77867687,52570739.80010864
2026-06-19 20:15:00,272.0,273.0,271.0,273.0,41348.17432561,11276884.06085819
2026-06-19 20:30:00,273.0,273.0,272.0,272.0,31888.8070778,8700410.48339676
2026-06-19 20:45:00,274.0,274.0,274.0,274.0,7892.21632203,2162467.27223622
2026-06-19 21:00:00,274.0,274.0,273.0,273.0,26609.54845851,7282654.90435571
2026-06-19 21:15:00,272.0,273.0,272.0,272.0,70098.88573451,19084882.63693913
2026-06-19 21:30:00,272.0,274.0,271.0,273.0,127663.30624111,34843591.49374701
2026-06-19 21:45:00,272.0,275.0,271.0,275.0,12621.16039922,3452031.11517897
2026-06-19 22:00:00,275.0,276.0,275.0,276.0,94346.95784257,25945510.30934165
2026-06-19 22:15:00,275.0,276.0,274.0,276.0,42326.94735654,11641586.6258943
2026-06-19 22:30:00,276.0,278.0,276.0,278.0,37836.19035092,10444834.18884209
2026-06-19 22:45:00,277.0,278.0,277.0,278.0,21903.5956712,6089032.79656927
2026-06-19 23:00:00,278.0,278.0,276.0,277.0,21033.60231969,5833635.22573209
2026-06-19 23:15:00,276.0,277.0,275.0,277.0,35841.36110745,9899385.06547374
2026-06-19 23:30:00,275.0,276.0,275.0,276.0,4748.15758905,1309660.98916264
2026-06-19 23:45:00,275.0,275.0,275.0,275.0,12989.00420407,3571976.15611925
2026-06-20 00:00:00,275.0,277.0,275.0,277.0,17871.06878087,4936758.2135431
2026-06-20 00:15:00,277.0,277.0,276.0,277.0,8142.65672577,2253341.99999481
2026-06-20 00:30:00,276.0,277.0,275.0,276.0,22134.47349971,6111762.90992661
2026-06-20 00:45:00,276.0,276.0,276.0,276.0,250.96376811,69265.99999836
2026-06-20 01:00:00,275.0,276.0,275.0,276.0,6094.09599523,1679499.58709404
2026-06-20 01:15:00,276.0,276.0,275.0,276.0,24122.1136839,6656794.2858473
2026-06-20 01:30:00,275.0,275.0,275.0,275.0,581.81818182,160000.0000005
2026-06-20 01:45:00,275.0,275.0,274.0,275.0,23344.15913135,6419344.26192125
2026-06-20 02:00:00,275.0,275.0,274.0,274.0,12127.12631126,3322905.33655796
2026-06-20 02:15:00,275.0,276.0,275.0,275.0,1729.28625871,475995.52114525
2026-06-20 02:30:00,275.0,275.0,275.0,275.0,200.0,55000.0
2026-06-20 02:45:00,276.0,277.0,276.0,277.0,911.42960288,252065.99999776
2026-06-20 03:00:00,276.0,276.0,276.0,276.0,200.0,55200.0
2026-06-20 03:15:00,276.0,276.0,276.0,276.0,150.96376811,41665.99999836
2026-06-20 03:30:00,275.0,275.0,274.0,274.0,659.90259636,181249.675039
2026-06-20 03:45:00,275.0,275.0,275.0,275.0,151.51272727,41665.99999925
2026-06-20 04:00:00,274.0,274.0,272.0,274.0,35355.99244908,9660422.66476592
2026-06-20 04:15:00,273.0,273.0,272.0,272.0,18293.79056071,4976063.65522374
2026-06-20 04:30:00,272.0,272.0,272.0,272.0,5832.34757382,1586398.54007904
2026-06-20 04:45:00,273.0,273.0,273.0,273.0,1135.77289377,310065.99999921
2026-06-20 05:00:00,273.0,273.0,273.0,273.0,46288.88788604,12636866.39288892
2026-06-20 05:15:00,273.0,273.0,273.0,273.0,152.62271062,41665.99999926
2026-06-20 05:45:00,273.0,275.0,273.0,275.0,22295.70519494,6088855.41228629
2026-06-20 06:00:00,273.0,273.0,273.0,273.0,1482.94118938,404842.94470074
2026-06-20 06:15:00,273.0,274.0,273.0,274.0,20496.93699322,5595841.41228774
2026-06-20 06:30:00,274.0,274.0,272.0,272.0,16585.32122007,4519331.6926346
2026-06-20 06:45:00,272.0,273.0,272.0,273.0,7190.36073334,1959756.31291021
2026-06-20 07:00:00,272.0,272.0,272.0,272.0,13238.57923397,3600893.55163984
2026-06-20 07:15:00,272.0,274.0,272.0,274.0,14894.61840313,4065978.47798322
2026-06-20 07:30:00,273.0,273.0,273.0,273.0,32378.87472853,8839432.80088869
2026-06-20 07:45:00,274.0,274.0,273.0,274.0,7840.99067633,2143890.04222932
2026-06-20 08:00:00,273.0,274.0,272.0,272.0,51936.80463783,14178917.99624163
2026-06-20 08:15:00,272.0,274.0,272.0,273.0,20563.01983158,5606534.97618727
2026-06-20 08:30:00,273.0,274.0,273.0,273.0,11993.37774085,3278228.34709249
2026-06-20 08:45:00,274.0,275.0,273.0,275.0,33107.63022918,9051649.23860461
2026-06-20 09:00:00,275.0,276.0,274.0,275.0,250769.98181954,68956215.66903982
2026-06-20 09:15:00,276.0,277.0,275.0,277.0,41980.66369349,11594358.96769205
2026-06-20 09:30:00,277.0,278.0,276.0,276.0,149467.11888138,41508910.99573719
2026-06-20 09:45:00,276.0,276.0,275.0,275.0,23603.48538473,6502472.82374678
2026-06-20 10:00:00,275.0,276.0,274.0,274.0,78697.59810638,21641321.42852561
2026-06-20 10:15:00,275.0,275.0,274.0,275.0,20751.42964751,5705644.76415585
2026-06-20 10:30:00,275.0,277.0,274.0,276.0,5410.8553068,1489521.96935539
2026-06-20 10:45:00,276.0,276.0,274.0,275.0,14875.23654697,4092938.27945582
2026-06-20 11:00:00,275.0,275.0,275.0,275.0,16932.98995388,4656572.237317
2026-06-20 11:15:00,274.0,274.0,273.0,274.0,23544.74980845,6450973.70343062
2026-06-20 11:30:00,274.0,274.0,273.0,273.0,121630.58733285,33277091.40820438
2026-06-20 11:45:00,273.0,274.0,273.0,274.0,60369.40036813,16480998.36619292
2026-06-20 12:00:00,273.0,274.0,272.0,273.0,3818.48877481,1042546.61695573
2026-06-20 12:15:00,274.0,274.0,273.0,274.0,16912.37380735,4617412.5968518
2026-06-20 12:30:00,274.0,275.0,274.0,274.0,51556.66999618,14131062.15875373
2026-06-20 12:45:00,274.0,275.0,273.0,273.0,20970.06015629,5741826.17838662
2026-06-20 13:00:00,273.0,274.0,273.0,274.0,15272.10521471,4169756.23720456
2026-06-20 13:15:00,275.0,275.0,274.0,275.0,2870.00737248,788787.151432
2026-06-20 13:30:00,275.0,275.0,275.0,275.0,25355.2579838,6972695.945545
2026-06-20 13:45:00,275.0,276.0,275.0,275.0,5360.46339519,1474640.71628593
2026-06-20 14:00:00,275.0,278.0,275.0,277.0,129814.74584383,36023074.34994335
2026-06-20 14:15:00,277.0,278.0,276.0,277.0,38525.24103218,10658108.36857688
2026-06-20 14:30:00,276.0,277.0,276.0,277.0,56042.29458621,15493921.34591288
2026-06-20 14:45:00,276.0,277.0,276.0,277.0,3275.83246856,905002.20175576
2026-06-20 15:00:00,277.0,277.0,275.0,275.0,20514.74240244,5666433.9978722
2026-06-20 15:15:00,276.0,276.0,276.0,276.0,150.96376811,41665.99999836
2026-06-20 15:30:00,275.0,276.0,275.0,275.0,2354.82542818,649387.68115529
2026-06-20 15:45:00,275.0,276.0,275.0,275.0,214635.71938434,59025043.9558095
2026-06-20 16:00:00,275.0,275.0,274.0,274.0,47792.73794398,13102689.53043815
2026-06-20 16:15:00,273.0,275.0,273.0,275.0,22833.83972267,6264923.14306213
2026-06-20 16:30:00,274.0,275.0,274.0,275.0,1083.63172758,297812.59369764
2026-06-20 16:45:00,275.0,275.0,275.0,275.0,70229.11392666,19313006.3298315
2026-06-20 17:00:00,274.0,274.0,273.0,274.0,40622.92983395,11130225.47228816
2026-06-20 17:15:00,275.0,275.0,274.0,274.0,25093.81046129,6875740.43002982
2026-06-20 17:30:00,273.0,274.0,273.0,274.0,13005.13634984,3558026.28240075
2026-06-20 17:45:00,274.0,274.0,273.0,274.0,83085.50696387,22695891.97460004
2026-06-20 18:00:00,274.0,274.0,274.0,274.0,364.96350365,100000.0000001
2026-06-20 18:15:00,275.0,275.0,275.0,275.0,151.51272727,41665.99999925
2026-06-20 18:30:00,275.0,275.0,274.0,275.0,11569.5124597,3180210.3793278
2026-06-20 18:45:00,276.0,276.0,276.0,276.0,3951.07031699,1090495.40748924
2026-06-20 19:00:00,275.0,275.0,275.0,275.0,13652.94684804,3754560.383211
2026-06-20 19:15:00,275.0,275.0,274.0,274.0,3785.70800202,1040886.55037235
2026-06-20 19:30:00,274.0,275.0,274.0,274.0,50427.12779401,13824737.62507216
2026-06-20 19:45:00,274.0,275.0,273.0,274.0,29386.08349199,8051434.59653253
2026-06-20 20:00:00,274.0,274.0,273.0,273.0,67780.52009009,18568185.15455133
2026-06-20 20:15:00,273.0,274.0,273.0,274.0,13944.70900351,3807422.5871553
2026-06-20 20:30:00,274.0,275.0,274.0,274.0,45800.5897742,12549387.66873186
2026-06-20 20:45:00,274.0,275.0,274.0,274.0,99659.75287608,27310592.89168227
2026-06-20 21:00:00,274.0,274.0,273.0,274.0,60726.53754234,16629135.48083975
2026-06-20 21:15:00,274.0,275.0,274.0,274.0,44966.12432624,12329305.94175337
2026-06-20 21:30:00,274.0,274.0,273.0,274.0,65791.57796008,18002199.12556081
2026-06-20 21:45:00,273.0,274.0,273.0,274.0,26200.85328544,7174936.90657028
2026-06-20 22:00:00,273.0,274.0,272.0,273.0,21733.185273,5932467.17613191
2026-06-20 22:15:00,273.0,273.0,271.0,272.0,72614.65034694,19771123.07629501
2026-06-20 22:30:00,272.0,273.0,271.0,272.0,106546.68397755,28933566.44417426
2026-06-20 22:45:00,273.0,273.0,272.0,273.0,44326.25945916,12064522.16966088
2026-06-20 23:00:00,272.0,272.0,270.0,270.0,138624.01868081,37468792.21393672
2026-06-20 23:15:00,270.0,272.0,270.0,272.0,70831.84871795,19178866.03689306
2026-06-20 23:30:00,271.0,271.0,271.0,271.0,91394.23428539,24767837.49134069
2026-06-20 23:45:00,272.0,276.0,272.0,274.0,122105.60377555,33596199.25770303
2026-06-21 00:00:00,274.0,274.0,273.0,273.0,38512.76032965,10541679.33035224
2026-06-21 00:15:00,274.0,276.0,274.0,276.0,58369.32024807,16020619.72852287
2026-06-21 00:30:00,276.0,276.0,274.0,274.0,122955.62459339,33858494.93416156
2026-06-21 00:45:00,275.0,276.0,274.0,276.0,43905.33546904,12073284.32320865
2026-06-21 01:00:00,275.0,275.0,274.0,274.0,16620.98040249,4565871.99237316
2026-06-21 01:15:00,275.0,275.0,274.0,274.0,30416.37845647,8343919.17406154
2026-06-21 01:30:00,273.0,273.0,273.0,273.0,21909.62945721,5981328.84181833
2026-06-21 01:45:00,273.0,274.0,273.0,274.0,9924.093403,2709429.56471243
2026-06-21 02:00:00,273.0,273.0,273.0,273.0,12947.83072374,3534757.78758102
2026-06-21 02:15:00,273.0,273.0,272.0,272.0,13447.36573406,3670630.84539838
2026-06-21 02:30:00,272.0,273.0,271.0,272.0,16369.16235779,4447193.14920919
2026-06-21 02:45:00,272.0,273.0,272.0,273.0,10854.35279254,2955304.82280134
2026-06-21 03:00:00,273.0,273.0,273.0,273.0,800.0,218400.0
2026-06-21 03:15:00,273.0,274.0,273.0,274.0,3576.97411834,976666.00000025
2026-06-21 03:30:00,274.0,274.0,273.0,273.0,1880.89801474,513906.69999482
2026-06-21 03:45:00,273.0,273.0,273.0,273.0,189.25274725,51665.99999925
2026-06-21 04:00:00,273.0,273.0,273.0,273.0,1829.67124496,499500.24987408
2026-06-21 04:15:00,273.0,273.0,273.0,273.0,152.62271062,41665.99999926
2026-06-21 04:30:00,273.0,273.0,273.0,273.0,42245.54023354,11533032.48375642
2026-06-21 04:45:00,273.0,274.0,273.0,274.0,1718.36605973,469265.99999972
2026-06-21 05:15:00,273.0,274.0,273.0,273.0,50475.90076797,13780072.97534924
2026-06-21 05:30:00,273.0,273.0,272.0,272.0,6669.28321319,1814049.76862956
2026-06-21 05:45:00,272.0,274.0,272.0,274.0,3714.95663373,1017028.99999496
2026-06-21 06:00:00,274.0,274.0,274.0,274.0,7094.3002698,1943838.2739252
2026-06-21 06:15:00,274.0,274.0,274.0,274.0,36404.09858056,9974723.01107344
2026-06-21 06:30:00,275.0,275.0,275.0,275.0,127181.86361364,34975012.493751
2026-06-21 06:45:00,276.0,276.0,275.0,276.0,15465.59258644,4253218.779677
2026-06-21 07:00:00,276.0,276.0,275.0,276.0,51164.31379917,14088204.97601196
2026-06-21 07:15:00,276.0,277.0,275.0,277.0,19035.18580924,5262869.48914747
2026-06-21 07:30:00,278.0,278.0,276.0,277.0,11619.14491438,3223165.4903383
2026-06-21 07:45:00,277.0,277.0,277.0,277.0,1150.41877256,318665.99999912
2026-06-21 08:00:00,276.0,277.0,276.0,276.0,13011.30964896,3591846.73585564
2026-06-21 08:15:00,276.0,277.0,276.0,277.0,49145.74200047,13594640.51252221
2026-06-21 08:30:00,278.0,279.0,277.0,278.0,42416.20389661,11789581.93359308
2026-06-21 08:45:00,278.0,279.0,278.0,279.0,399.34050179,111165.99999941
2026-06-21 09:00:00,279.0,279.0,277.0,277.0,5318.0429455,1474000.45512451
2026-06-21 09:15:00,278.0,279.0,278.0,279.0,52878.64850179,14715762.96247532
2026-06-21 09:30:00,279.0,280.0,279.0,280.0,43387.8529231,12137434.78597395
2026-06-21 09:45:00,280.0,280.0,279.0,279.0,90724.17816715,25333693.20571843
2026-06-21 10:00:00,279.0,279.0,278.0,278.0,73349.98123514,20453741.12551452
2026-06-21 10:15:00,279.0,279.0,278.0,279.0,40394.93532973,11269862.55183595
2026-06-21 10:30:00,278.0,279.0,278.0,279.0,86009.60574217,23922798.84508362
2026-06-21 10:45:00,279.0,280.0,279.0,280.0,59487.10123416,16597050.05147349
2026-06-21 11:00:00,279.0,279.0,278.0,278.0,27234.83602999,7580518.86797877
2026-06-21 11:15:00,278.0,278.0,277.0,277.0,34724.64832919,9621053.10907755
2026-06-21 11:30:00,277.0,277.0,276.0,277.0,14731.6119579,4076764.72098717
2026-06-21 11:45:00,277.0,278.0,277.0,278.0,22383.88230725,6200736.85964776
2026-06-21 12:00:00,278.0,278.0,277.0,277.0,19287.76787509,5342805.64384597
2026-06-21 12:15:00,277.0,279.0,277.0,277.0,43536.2974865,12075266.15687146
2026-06-21 12:30:00,277.0,278.0,277.0,277.0,15483.57184549,4289163.0749394
2026-06-21 12:45:00,278.0,278.0,277.0,278.0,18569.17433149,5148402.28601167
2026-06-21 13:00:00,278.0,278.0,278.0,278.0,102722.66897701,28556901.97560878
2026-06-21 13:15:00,279.0,279.0,278.0,279.0,21105.1121285,5869864.33759525
2026-06-21 13:30:00,278.0,279.0,278.0,278.0,7242.05539248,2019073.84963614
2026-06-21 13:45:00,278.0,278.0,277.0,277.0,50682.55770142,14039679.12416645
2026-06-21 14:00:00,277.0,277.0,277.0,277.0,1280.29422671,354641.50079867
2026-06-21 14:15:00,276.0,277.0,276.0,277.0,30428.11197507,8422304.62492815
2026-06-21 14:30:00,277.0,277.0,277.0,277.0,7370.29109623,2041570.63365571
2026-06-21 14:45:00,277.0,277.0,276.0,276.0,10812.46170102,2987113.28136423
2026-06-21 15:00:00,277.0,277.0,277.0,277.0,41334.82799912,11449747.35575624
2026-06-21 15:15:00,277.0,278.0,276.0,276.0,24130.68708477,6679681.09338958
2026-06-21 15:30:00,278.0,278.0,278.0,278.0,15874.7963174,4413193.3762372
2026-06-21 15:45:00,278.0,278.0,277.0,277.0,265991.88716644,73680353.9195643
2026-06-21 16:00:00,277.0,277.0,276.0,277.0,4860.11585427,1344423.7450534
2026-06-21 16:15:00,276.0,277.0,276.0,277.0,8843.82418759,2448199.41660515
2026-06-21 16:30:00,276.0,278.0,276.0,278.0,5337.27132657,1478083.83861932
2026-06-21 16:45:00,277.0,277.0,277.0,277.0,2894.35091118,801735.20239686
2026-06-21 17:00:00,278.0,278.0,276.0,276.0,3540.02767343,980905.47037045
2026-06-21 17:15:00,276.0,276.0,275.0,276.0,34122.67458648,9413769.26275791
2026-06-21 17:30:00,276.0,276.0,275.0,276.0,63849.69645397,17560266.2866078
2026-06-21 17:45:00,276.0,276.0,275.0,276.0,15978.21387198,4407864.55793355
2026-06-21 18:00:00,276.0,276.0,275.0,275.0,15390.2137113,4233704.13309639
2026-06-21 18:15:00,275.0,276.0,275.0,276.0,883.66610361,243272.17849275
2026-06-21 18:30:00,277.0,277.0,276.0,277.0,5706.29942028,1580463.77999728
2026-06-21 18:45:00,277.0,277.0,277.0,277.0,3483.04151624,964802.49999848
2026-06-21 19:00:00,276.0,278.0,276.0,278.0,37205.09691063,10319804.66114355
2026-06-21 19:15:00,278.0,278.0,278.0,278.0,3669.08633093,1020005.99999854
2026-06-21 19:30:00,277.0,278.0,277.0,277.0,6629.55765654,1836409.47086158
2026-06-21 19:45:00,277.0,278.0,277.0,278.0,36896.3985561,10257138.7985958
2026-06-21 20:00:00,278.0,278.0,276.0,277.0,45508.28327394,12631492.34409384
2026-06-21 20:15:00,277.0,277.0,276.0,277.0,23800.90259019,6569686.31732659
2026-06-21 20:30:00,277.0,277.0,275.0,276.0,20734.98807076,5722330.83419647
2026-06-21 20:45:00,275.0,276.0,275.0,275.0,94075.84220968,25883138.11183744
2026-06-21 21:00:00,275.0,276.0,275.0,276.0,25512.75064278,7016368.74560507
2026-06-21 21:15:00,276.0,276.0,274.0,275.0,23319.66144106,6409623.51112516
2026-06-21 21:30:00,275.0,275.0,275.0,275.0,23260.70943941,6396695.09583775
2026-06-21 21:45:00,276.0,277.0,276.0,277.0,23707.93263294,6543785.60733524
2026-06-21 22:00:00,276.0,277.0,276.0,277.0,49491.33200066,13659969.95102273
2026-06-21 22:15:00,276.0,277.0,276.0,276.0,2366.28995971,655045.84837454
2026-06-21 22:30:00,276.0,277.0,275.0,277.0,32251.85379435,8897162.58680577
2026-06-21 22:45:00,276.0,276.0,276.0,276.0,1276.38858695,352283.2499982
2026-06-21 23:00:00,276.0,276.0,276.0,276.0,2794.16908585,771190.6676946
2026-06-21 23:15:00,275.0,276.0,275.0,275.0,22898.17308535,6297033.8303553
2026-06-21 23:30:00,276.0,276.0,275.0,275.0,9619.59156783,2645771.81817563
2026-06-21 23:45:00,275.0,276.0,275.0,276.0,16958.09905134,4668988.54482433
2026-06-22 00:00:00,276.0,276.0,276.0,276.0,16145.40952184,4456133.02802784
2026-06-22 00:15:00,276.0,277.0,275.0,276.0,29977.25601628,8262849.40906515
2026-06-22 00:45:00,277.0,277.0,276.0,276.0,6424.10744083,1777236.74714037
2026-06-22 01:00:00,276.0,276.0,276.0,276.0,30415.91831559,8394793.45510284
2026-06-22 01:15:00,275.0,275.0,275.0,275.0,2350.86583319,646488.10412725
2026-06-22 01:30:00,275.0,275.0,275.0,275.0,59500.14503657,16362539.88505675
2026-06-22 02:00:00,275.0,276.0,275.0,276.0,17610.20612735,4845719.29371691
2026-06-22 02:15:00,276.0,276.0,276.0,276.0,37075.88797587,10232945.08134012
2026-06-22 02:30:00,276.0,276.0,276.0,276.0,2589.92426293,714819.09656868
2026-06-22 02:45:00,276.0,277.0,276.0,276.0,33715.60680424,9305581.04239607
2026-06-22 03:00:00,275.0,276.0,275.0,276.0,28675.72381897,7889750.62827998
2026-06-22 03:30:00,276.0,276.0,276.0,276.0,3169.8223823,874870.9775148
2026-06-22 03:45:00,276.0,276.0,276.0,276.0,13933.7366383,3845711.3121708
2026-06-22 04:00:00,276.0,276.0,276.0,276.0,35833.0,9889908.0
2026-06-22 04:15:00,276.0,276.0,276.0,276.0,13108.80672554,3618030.65624904
2026-06-22 04:45:00,276.0,276.0,276.0,276.0,27312.78563616,7538328.83558016
2026-06-22 05:00:00,275.0,275.0,275.0,275.0,2549.09090909,700999.99999975
2026-06-22 05:15:00,275.0,275.0,275.0,275.0,3699.67990856,1017411.974854
2026-06-22 05:30:00,275.0,275.0,275.0,275.0,125990.69351549,34647440.71675975
2026-06-22 05:45:00,274.0,274.0,273.0,273.0,193147.83940258,52749758.31251183
2026-06-22 06:00:00,274.0,274.0,271.0,272.0,166035.32598355,45093992.01569461
2026-06-22 06:15:00,272.0,273.0,271.0,273.0,51335.54871207,13941552.43777779
2026-06-22 06:30:00,272.0,273.0,272.0,272.0,109302.22164837,29816687.02358903
2026-06-22 06:45:00,272.0,273.0,272.0,272.0,62511.27088612,17003109.63706859
2026-06-22 07:00:00,272.0,273.0,272.0,272.0,81159.8660131,22079511.02900596
2026-06-22 07:15:00,272.0,272.0,272.0,272.0,18980.51697082,5162700.61606304
2026-06-22 07:30:00,272.0,272.0,271.0,271.0,119911.51082554,32544222.28139169
2026-06-22 07:45:00,271.0,272.0,270.0,272.0,41011.93964603,11114596.43610282
2026-06-22 08:00:00,271.0,271.0,270.0,270.0,75042.38648811,20320431.4542292
2026-06-22 08:15:00,270.0,271.0,269.0,270.0,52562.19679343,14192507.14947002
2026-06-22 08:30:00,270.0,270.0,267.0,268.0,314102.03397611,84402240.96840914
2026-06-22 08:45:00,268.0,269.0,267.0,268.0,5779.62154111,1549382.04885389
2026-06-22 09:00:00,268.0,268.0,266.0,267.0,349143.94044128,93330292.58155783
2026-06-22 09:15:00,267.0,269.0,267.0,268.0,47623.27945426,12740881.59542916
2026-06-22 09:30:00,268.0,270.0,268.0,270.0,72428.42974327,19503902.69923456
2026-06-22 09:45:00,270.0,271.0,269.0,271.0,72997.96634176,19651370.87383172
2026-06-22 10:00:00,271.0,271.0,270.0,271.0,12429.66290105,3367678.72297569
2026-06-22 10:15:00,271.0,275.0,271.0,274.0,87871.27803795,23979735.21589845
2026-06-22 10:30:00,273.0,274.0,273.0,273.0,56512.17659675,15428176.21091275
2026-06-22 10:45:00,273.0,274.0,272.0,273.0,44239.30057098,12077334.63413236
2026-06-22 11:00:00,273.0,273.0,272.0,272.0,26914.32146334,7345609.75949182
2026-06-22 11:15:00,272.0,273.0,272.0,273.0,99114.51179279,26963394.16840757
2026-06-22 11:30:00,273.0,273.0,272.0,272.0,9227.78820134,2509995.00249524
2026-06-22 11:45:00,273.0,273.0,271.0,271.0,39470.16892432,10714870.67692384
2026-06-22 12:00:00,271.0,271.0,271.0,271.0,3321.88688923,900231.34698133
2026-06-22 12:15:00,271.0,272.0,271.0,271.0,47475.64131161,12894076.97268121
2026-06-22 12:30:00,272.0,272.0,271.0,271.0,108910.85631879,29539044.43218872
2026-06-22 12:45:00,270.0,271.0,269.0,271.0,64241.34050441,17344526.50701457
2026-06-22 13:00:00,269.0,270.0,269.0,270.0,36491.24979042,9841727.80005327
2026-06-22 13:15:00,271.0,271.0,270.0,270.0,30915.18848978,8350936.7678657
2026-06-22 13:30:00,271.0,271.0,269.0,269.0,11246.66516389,3036398.337368
2026-06-22 13:45:00,269.0,271.0,269.0,271.0,4269.43195467,1148561.19580623
2026-06-22 14:00:00,271.0,271.0,270.0,271.0,26410.77352704,7134978.6550378
2026-06-22 14:15:00,270.0,271.0,270.0,271.0,49866.33168427,13508546.28640549
2026-06-22 14:30:00,271.0,271.0,270.0,271.0,5531.74789737,1499058.07524792
2026-06-22 14:45:00,271.0,271.0,270.0,270.0,100857.31161555,27231898.29681191
2026-06-22 15:00:00,270.0,270.0,270.0,270.0,29817.39024977,8050695.3674379
2026-06-22 15:15:00,269.0,271.0,269.0,270.0,71896.85274732,19409614.24540203
2026-06-22 15:30:00,270.0,270.0,269.0,270.0,57398.21900442,15445189.86188263
2026-06-22 15:45:00,269.0,269.0,268.0,268.0,86883.72042687,23307350.53129427
2026-06-22 16:00:00,268.0,270.0,268.0,270.0,84565.88407633,22818840.48249415
2026-06-22 16:15:00,270.0,271.0,270.0,271.0,69046.42825875,18668984.4766568
2026-06-22 16:30:00,271.0,272.0,270.0,271.0,104277.61454934,28256582.6676595
2026-06-22 16:45:00,271.0,271.0,270.0,271.0,69073.94447991,18716983.86537836
2026-06-22 17:00:00,271.0,271.0,270.0,270.0,14975.06281032,4053285.59347274
2026-06-22 17:15:00,271.0,271.0,270.0,270.0,37097.29053782,10026388.95515936
2026-06-22 17:30:00,271.0,271.0,269.0,270.0,24865.33519592,6707465.30980988
2026-06-22 17:45:00,270.0,271.0,270.0,271.0,1606.31873826,433779.8600682
2026-06-22 18:00:00,270.0,271.0,270.0,270.0,55919.72084511,15098346.6281797
2026-06-22 18:15:00,270.0,270.0,269.0,269.0,64085.04377862,17250861.080593
2026-06-22 18:30:00,270.0,270.0,269.0,269.0,32200.65751291,8684258.22288942
2026-06-22 18:45:00,270.0,270.0,269.0,270.0,34081.81720371,9200480.40022729
2026-06-22 19:00:00,270.0,270.0,270.0,270.0,4352.65598825,1175217.1168275
2026-06-22 19:15:00,270.0,270.0,270.0,270.0,4247.66211576,1146868.7712552
2026-06-22 19:30:00,270.0,270.0,270.0,270.0,16771.06204006,4528186.7508162
2026-06-22 19:45:00,270.0,270.0,270.0,270.0,10414.66206253,2811958.7568831
2026-06-22 20:00:00,270.0,272.0,270.0,272.0,93838.92099076,25371326.40696599
2026-06-22 20:15:00,272.0,273.0,272.0,273.0,85610.20275644,23316786.30067145
2026-06-22 20:30:00,272.0,274.0,272.0,273.0,72930.13679201,19902433.2804249
2026-06-22 20:45:00,274.0,276.0,274.0,275.0,161232.51560516,44243548.2526364
2026-06-22 21:00:00,275.0,276.0,275.0,275.0,60172.84694406,16560560.05652289
2026-06-22 21:15:00,276.0,277.0,275.0,276.0,61372.75069314,16976027.06688408
2026-06-22 21:30:00,277.0,277.0,276.0,277.0,72190.79689828,19989724.76801312
2026-06-22 21:45:00,276.0,278.0,276.0,278.0,39894.20912279,11043865.83004038
2026-06-22 22:00:00,277.0,277.0,276.0,277.0,25852.98343086,7143619.55684127
2026-06-22 22:15:00,277.0,277.0,276.0,277.0,41705.16655674,11520972.42579678
2026-06-22 22:30:00,277.0,280.0,277.0,280.0,228401.30570972,63498593.03654473
2026-06-22 22:45:00,280.0,282.0,279.0,281.0,132477.13194925,37150485.59562401
2026-06-22 23:00:00,281.0,287.0,281.0,281.0,809431.41954441,229396730.29641962
2026-06-22 23:15:00,281.0,282.0,279.0,281.0,108033.45084982,30298818.24925151
2026-06-22 23:30:00,280.0,280.0,276.0,278.0,134894.06690304,37440053.91440986
2026-06-22 23:45:00,277.0,280.0,277.0,278.0,215642.75912409,60069460.37041478
2026-06-23 00:00:00,278.0,280.0,278.0,278.0,43258.26778531,12029190.84199007
2026-06-23 00:15:00,279.0,279.0,278.0,279.0,58086.05715257,16180317.6513896
2026-06-23 00:30:00,280.0,280.0,278.0,278.0,17367.58163824,4845625.16341202
2026-06-23 00:45:00,277.0,277.0,276.0,276.0,85778.97154951,23706014.1467958
2026-06-23 01:00:00,276.0,276.0,275.0,276.0,30053.1858544,8293709.71543983
2026-06-23 01:15:00,275.0,275.0,275.0,275.0,861.65257153,236954.45717075
2026-06-23 01:30:00,275.0,275.0,275.0,275.0,93015.77405043,25579337.86386825
2026-06-23 01:45:00,276.0,277.0,275.0,277.0,53751.81428245,14845288.48614317
2026-06-23 02:00:00,276.0,276.0,276.0,276.0,24573.63973463,6782324.56675788
2026-06-23 02:15:00,276.0,276.0,276.0,276.0,2549.09406047,703549.96068972
2026-06-23 02:30:00,275.0,275.0,275.0,275.0,1611.77692362,443238.6539955
2026-06-23 02:45:00,276.0,276.0,276.0,276.0,999.75543478,275932.49999928
2026-06-23 03:00:00,277.0,277.0,276.0,276.0,4591.29288227,1271641.26510939
2026-06-23 03:15:00,277.0,277.0,276.0,276.0,1683.03877,465804.43563078
2026-06-23 03:45:00,276.0,276.0,275.0,275.0,13433.71122436,3694651.39397172
2026-06-23 04:00:00,274.0,275.0,274.0,275.0,39467.62662767,10814899.91934315
2026-06-23 04:15:00,275.0,275.0,275.0,275.0,11783.42101676,3240440.779609
2026-06-23 04:45:00,274.0,275.0,274.0,275.0,34574.23861126,9473377.7431216
2026-06-23 05:00:00,275.0,275.0,274.0,274.0,10405.9871912,2857304.47758
2026-06-23 05:15:00,274.0,274.0,274.0,274.0,7383.92827013,2023196.34601562
2026-06-23 05:30:00,274.0,274.0,274.0,274.0,18.17966585,4981.2284429
2026-06-23 05:45:00,274.0,275.0,274.0,274.0,5660.64765467,1551744.36665221
2026-06-23 06:00:00,274.0,274.0,274.0,274.0,7143.30906321,1957266.68331954
2026-06-23 06:15:00,274.0,274.0,273.0,273.0,43684.00587321,11933636.23601161
2026-06-23 06:30:00,273.0,274.0,272.0,272.0,163211.91129069,44518299.45454253
2026-06-23 06:45:00,273.0,273.0,272.0,272.0,353424.92522645,96168710.57075189
2026-06-23 07:00:00,272.0,273.0,271.0,271.0,389580.75080599,105814494.8347616
2026-06-23 07:15:00,271.0,272.0,269.0,269.0,559256.34613032,151138811.59277785
2026-06-23 07:30:00,269.0,271.0,268.0,268.0,282723.87485496,76037346.12095848
2026-06-23 07:45:00,268.0,271.0,268.0,270.0,38164.6984489,10302665.35384685
2026-06-23 08:00:00,269.0,270.0,269.0,270.0,59798.81557006,16111820.25409842
2026-06-23 08:15:00,270.0,271.0,268.0,271.0,18291.93027962,4939934.98438258
2026-06-23 08:30:00,271.0,271.0,271.0,271.0,48529.15755295,13151401.69684945
2026-06-23 08:45:00,271.0,272.0,271.0,272.0,94113.14285098,25504705.71261558
2026-06-23 09:00:00,272.0,272.0,271.0,271.0,46995.00709373,12735683.68710671
2026-06-23 09:15:00,272.0,272.0,270.0,271.0,115471.20316171,31308015.28511979
2026-06-23 09:30:00,270.0,272.0,270.0,272.0,34983.05583141,9485563.56669079
2026-06-23 09:45:00,273.0,273.0,273.0,273.0,11148.78559689,3043618.46795097
2026-06-23 10:00:00,274.0,275.0,274.0,275.0,85574.76759721,23496895.56428692
2026-06-23 10:15:00,274.0,276.0,274.0,276.0,46705.47101167,12825079.78091098
2026-06-23 10:30:00,276.0,277.0,274.0,276.0,62046.83523039,17110148.3876813
2026-06-23 10:45:00,276.0,277.0,274.0,277.0,144290.12965724,39712012.65725872
2026-06-23 11:00:00,278.0,279.0,276.0,278.0,271174.21576275,75313079.18416445
2026-06-23 11:15:00,279.0,280.0,278.0,279.0,72801.5346998,20272603.70293359
2026-06-23 11:30:00,279.0,281.0,278.0,280.0,133193.89818682,37225175.47640876
2026-06-23 11:45:00,280.0,281.0,279.0,279.0,194335.56441687,54411307.35603066
2026-06-23 12:00:00,279.0,279.0,277.0,278.0,299396.83427814,83029612.53668119
2026-06-23 12:15:00,278.0,280.0,277.0,280.0,77113.40660913,21467237.57084778
2026-06-23 12:30:00,279.0,279.0,275.0,279.0,270841.6684552,74943790.25906461
2026-06-23 12:45:00,278.0,280.0,278.0,279.0,43109.86725624,12008435.33865807
2026-06-23 13:00:00,279.0,280.0,277.0,277.0,33562.08325362,9313295.8061772
2026-06-23 13:15:00,277.0,277.0,275.0,276.0,79698.82550741,21944868.28492238
2026-06-23 13:30:00,276.0,276.0,275.0,275.0,24702.36707358,6809187.02636014
2026-06-23 13:45:00,275.0,276.0,273.0,275.0,126590.87808291,34630186.88168111
2026-06-23 14:00:00,274.0,275.0,273.0,275.0,37208.07155463,10179243.70741414
2026-06-23 14:15:00,274.0,275.0,273.0,273.0,57441.28610794,15691763.11353679
2026-06-23 14:30:00,273.0,273.0,273.0,273.0,64131.08721545,17507786.80981785
2026-06-23 14:45:00,273.0,274.0,273.0,274.0,168377.36757201,46007233.92447056
2026-06-23 15:00:00,274.0,274.0,270.0,270.0,378798.70815598,102748859.1580321
2026-06-23 15:15:00,271.0,271.0,263.0,266.0,808446.7362407,214298838.83129546
2026-06-23 15:30:00,266.0,267.0,265.0,267.0,236199.28947387,62805222.24507732
2026-06-23 15:45:00,266.0,268.0,266.0,268.0,138102.24640086,36853582.97952392
2026-06-23 16:00:00,268.0,269.0,267.0,269.0,126339.00447106,33971298.63010199
2026-06-23 16:15:00,269.0,269.0,268.0,268.0,44446.31304852,11941438.69364219
2026-06-23 16:30:00,268.0,269.0,267.0,267.0,25525.40144973,6840556.93870842
2026-06-23 16:45:00,267.0,268.0,266.0,268.0,133262.9369183,35583835.0303618
2026-06-23 17:00:00,266.0,267.0,266.0,266.0,193835.61954874,51631409.44142638
2026-06-23 17:15:00,265.0,265.0,260.0,262.0,759346.2765918,198898471.93522698
2026-06-23 17:30:00,262.0,265.0,261.0,264.0,66322.02863587,17460174.63508357
2026-06-23 17:45:00,264.0,266.0,264.0,265.0,283767.27783133,75199775.00939895
2026-06-23 18:00:00,265.0,266.0,264.0,266.0,61066.60593521,16183420.53797922
2026-06-23 18:15:00,265.0,266.0,265.0,265.0,75805.47169938,20098455.75609632
2026-06-23 18:30:00,266.0,266.0,264.0,265.0,16185.27287733,4288475.28379092
2026-06-23 18:45:00,265.0,266.0,265.0,266.0,35722.39632197,9501223.49319335
2026-06-23 19:00:00,266.0,267.0,266.0,267.0,40179.48588444,10718611.68885851
2026-06-23 19:15:00,266.0,266.0,265.0,266.0,35398.65019918,9406697.20298188
2026-06-23 19:30:00,265.0,266.0,264.0,265.0,15846.02655485,4195052.66360837
2026-06-23 19:45:00,265.0,266.0,264.0,265.0,20413.13780364,5409907.94376373
2026-06-23 20:00:00,266.0,267.0,265.0,265.0,30982.50022978,8241174.85986172
2026-06-23 20:15:00,266.0,267.0,265.0,267.0,50653.91419225,13480642.75500354
2026-06-23 20:30:00,267.0,268.0,266.0,267.0,67491.81888,18040717.0697969
2026-06-23 20:45:00,267.0,267.0,266.0,267.0,5691.60452697,1514304.22277183
2026-06-23 21:00:00,267.0,267.0,265.0,265.0,124537.64641181,33012576.96061339
2026-06-23 21:15:00,265.0,266.0,265.0,265.0,2338.9571585,619845.6470025
2026-06-23 21:30:00,265.0,266.0,265.0,265.0,30459.61365116,8072860.86385153
2026-06-23 21:45:00,265.0,265.0,264.0,265.0,43560.67872354,11541938.35390753
2026-06-23 22:00:00,265.0,265.0,264.0,265.0,87211.61657674,23024832.07814615
2026-06-23 22:15:00,264.0,264.0,264.0,264.0,28320.00317155,7476480.8372892
2026-06-23 22:30:00,264.0,267.0,263.0,267.0,109329.23944398,29018418.42710133
2026-06-23 22:45:00,267.0,268.0,266.0,268.0,28581.6416617,7650477.05874852
2026-06-23 23:00:00,268.0,269.0,268.0,269.0,23513.7513615,6301834.80726118
2026-06-23 23:15:00,269.0,269.0,267.0,268.0,19043.46077123,5103376.80604483
2026-06-23 23:30:00,268.0,269.0,268.0,269.0,17620.80006084,4726291.88842407
2026-06-23 23:45:00,268.0,269.0,267.0,267.0,39316.9472073,10534742.31833381
2026-06-24 00:00:00,266.0,267.0,265.0,267.0,55870.20757009,14860902.94117178
2026-06-24 00:15:00,265.0,268.0,265.0,268.0,961.90636704,255836.1872656
2026-06-24 00:30:00,267.0,268.0,267.0,268.0,13382.72202532,3581071.73853956
2026-06-24 00:45:00,268.0,268.0,267.0,268.0,40019.36262652,10719209.18390736
2026-06-24 01:00:00,268.0,271.0,268.0,271.0,278971.1220486,75122064.30398545
2026-06-24 01:15:00,271.0,271.0,270.0,270.0,1779.10150333,480386.09962603
2026-06-24 01:30:00,269.0,270.0,269.0,270.0,11461.97399707,3094409.65315344
2026-06-24 01:45:00,270.0,270.0,269.0,269.0,7022.57574916,1892195.4522732
2026-06-24 02:00:00,268.0,268.0,268.0,268.0,833.81702039,223462.96146452
2026-06-24 02:15:00,268.0,269.0,268.0,269.0,925.21028665,248738.7924448
2026-06-24 02:30:00,269.0,269.0,269.0,269.0,6748.366171,1815310.499999
2026-06-24 02:45:00,269.0,269.0,267.0,267.0,445.85185184,119280.44444128
2026-06-24 03:00:00,267.0,267.0,266.0,267.0,14807.84599581,3953524.88088127
2026-06-24 03:15:00,267.0,268.0,267.0,268.0,78485.77741669,21030595.70039503
2026-06-24 03:30:00,268.0,268.0,268.0,268.0,14922.39968644,3999203.11596592
2026-06-24 03:45:00,269.0,269.0,269.0,269.0,20088.82556862,5403894.07795878
2026-06-24 04:00:00,269.0,270.0,269.0,270.0,4355.20892259,1171573.20017671
2026-06-24 04:15:00,268.0,268.0,268.0,268.0,6150.72120263,1648393.28230484
2026-06-24 04:30:00,269.0,269.0,267.0,267.0,71756.24612397,19296836.4573975
2026-06-24 04:45:00,269.0,269.0,267.0,268.0,9831.56155549,2634707.80046171
2026-06-24 05:00:00,269.0,269.0,269.0,269.0,460.22304833,123800.00000077
2026-06-24 05:15:00,269.0,270.0,269.0,270.0,44883.36897016,12118360.1245932
2026-06-24 05:30:00,270.0,270.0,269.0,269.0,39233.40008835,10563211.5695525
2026-06-24 05:45:00,269.0,269.0,269.0,269.0,1886.98884756,507599.99999364
2026-06-24 06:00:00,268.0,270.0,268.0,269.0,115630.92098347,31204340.87888179
2026-06-24 06:15:00,269.0,272.0,269.0,270.0,107465.38144784,29058196.69621477
2026-06-24 06:30:00,271.0,271.0,270.0,270.0,4037.55563796,1093250.71782392
2026-06-24 06:45:00,271.0,271.0,270.0,270.0,25955.80908422,7018050.65372766
2026-06-24 07:00:00,270.0,272.0,270.0,272.0,78050.40017444,21220887.53803642
2026-06-24 07:15:00,272.0,272.0,271.0,271.0,115785.93489073,31392711.42935909
2026-06-24 07:30:00,271.0,271.0,269.0,269.0,126621.03358981,34172374.59379356
2026-06-24 07:45:00,268.0,270.0,268.0,268.0,6803.56243523,1829215.59195732
2026-06-24 08:00:00,268.0,269.0,268.0,269.0,21239.53924355,5703008.9734968
2026-06-24 08:15:00,268.0,268.0,268.0,268.0,32845.27196978,8802532.88790104
2026-06-24 08:30:00,268.0,268.0,267.0,268.0,30480.21971377,8164627.98653877
2026-06-24 08:45:00,268.0,269.0,268.0,269.0,40220.26746996,10780398.79719091
2026-06-24 09:00:00,269.0,270.0,268.0,270.0,120919.5630181,32455204.22056253
2026-06-24 09:15:00,270.0,270.0,269.0,269.0,51741.51566517,13944735.5449925
2026-06-24 09:30:00,269.0,271.0,269.0,270.0,17831.39542756,4811190.16202663
2026-06-24 09:45:00,270.0,271.0,269.0,270.0,35786.21450908,9644893.93534503
2026-06-24 10:00:00,270.0,270.0,270.0,270.0,1367.61318737,369255.5605899
2026-06-24 10:15:00,269.0,270.0,268.0,268.0,256759.786808,68832784.07327516
2026-06-24 10:30:00,269.0,270.0,269.0,269.0,214501.3117993,57797955.48696816
2026-06-24 10:45:00,268.0,270.0,268.0,269.0,30235.3679474,8108688.95717124
2026-06-24 11:00:00,269.0,269.0,267.0,268.0,76109.27211291,20393326.73333907
2026-06-24 11:15:00,267.0,267.0,266.0,267.0,308618.40551971,82119588.07081477
2026-06-24 11:30:00,266.0,267.0,265.0,267.0,50130.74193181,13313352.9533827
2026-06-24 11:45:00,267.0,267.0,266.0,266.0,14422.52300519,3837553.81600974
2026-06-24 12:00:00,266.0,267.0,265.0,265.0,125465.01538271,33351942.19807113
2026-06-24 12:15:00,265.0,266.0,265.0,265.0,7638.93261801,2024376.71897001
2026-06-24 12:30:00,266.0,267.0,266.0,267.0,49718.46968399,13262315.60161072
2026-06-24 12:45:00,267.0,267.0,266.0,266.0,39685.80396096,10595955.52223797
2026-06-24 13:00:00,266.0,267.0,265.0,266.0,57592.63706219,15319422.55068374
2026-06-24 13:15:00,266.0,266.0,263.0,265.0,40096.40318128,10597259.07937782
2026-06-24 13:30:00,264.0,266.0,264.0,265.0,30003.34479255,7973570.99136575
2026-06-24 13:45:00,266.0,266.0,265.0,266.0,57310.00336353,15190209.72704973
2026-06-24 14:00:00,266.0,266.0,266.0,266.0,19181.61356726,5102309.20889116
2026-06-24 14:15:00,266.0,267.0,266.0,266.0,3224.86599065,857836.3535129
2026-06-24 14:30:00,266.0,267.0,266.0,267.0,98530.10370881,26305657.99100415
2026-06-24 14:45:00,268.0,268.0,267.0,267.0,10136.55833691,2707210.13962538
2026-06-24 15:00:00,266.0,267.0,265.0,266.0,68008.04835901,18089729.31169121
2026-06-24 15:15:00,266.0,266.0,265.0,265.0,10139.81991636,2693895.69715088
2026-06-24 15:30:00,265.0,266.0,264.0,266.0,38902.98733677,10306726.63280268
2026-06-24 15:45:00,266.0,267.0,266.0,266.0,98468.64881121,26192664.21787793
2026-06-24 16:00:00,266.0,266.0,266.0,266.0,4379.98120407,1165075.00028262
2026-06-24 16:15:00,266.0,267.0,265.0,266.0,26638.00551187,7084660.37354019
2026-06-24 16:30:00,266.0,266.0,265.0,266.0,21933.02761147,5825876.52248933
2026-06-24 16:45:00,266.0,266.0,265.0,265.0,20284.65377792,5376543.69851722
2026-06-24 17:00:00,265.0,266.0,265.0,265.0,72600.41574063,19280010.70971952
2026-06-24 17:15:00,266.0,266.0,265.0,265.0,5365.61000241,1425559.09261315
2026-06-24 17:30:00,265.0,266.0,265.0,266.0,22988.37996472,6105118.6367905
2026-06-24 17:45:00,266.0,266.0,265.0,266.0,16869.35423464,4478351.99999914
2026-06-24 18:00:00,266.0,266.0,265.0,266.0,7264.06390976,1930440.99999616
2026-06-24 18:15:00,265.0,266.0,265.0,265.0,24530.56112534,6500702.03752288
2026-06-24 18:30:00,266.0,266.0,264.0,264.0,43446.49003325,11520905.08156674
2026-06-24 18:45:00,264.0,266.0,264.0,266.0,11115.15114721,2944483.78160786
2026-06-24 19:00:00,265.0,265.0,264.0,264.0,59506.3299155,15767342.4276075
2026-06-24 19:15:00,264.0,265.0,264.0,264.0,17373.10610524,4589127.8349906
2026-06-24 19:30:00,264.0,265.0,264.0,265.0,31010.54605808,8188197.8986427
2026-06-24 19:45:00,265.0,265.0,263.0,264.0,214783.54072116,56854073.04462256
2026-06-24 20:00:00,264.0,265.0,263.0,263.0,28618.29806016,7557898.06431611
2026-06-24 20:15:00,263.0,265.0,263.0,264.0,99497.52138303,26254220.5423313
2026-06-24 20:30:00,264.0,265.0,264.0,265.0,15060.17914161,3989075.97263032
2026-06-24 20:45:00,265.0,267.0,264.0,266.0,156199.61304296,41520084.70478652
2026-06-24 21:00:00,266.0,266.0,265.0,265.0,141373.10216136,37487256.94828037
2026-06-24 21:15:00,265.0,265.0,265.0,265.0,2292.09774687,607405.90292055
2026-06-24 21:30:00,265.0,266.0,265.0,265.0,67316.76708038,17839179.55449618
2026-06-24 21:45:00,265.0,265.0,264.0,264.0,2255.78818182,596251.50503027
2026-06-24 22:00:00,264.0,264.0,261.0,262.0,423929.05899243,111565275.72116706
2026-06-24 22:15:00,262.0,263.0,259.0,260.0,494308.16578224,128711392.3036763
2026-06-24 22:30:00,259.0,262.0,257.0,260.0,405278.46481169,105125068.046008
2026-06-24 22:45:00,260.0,261.0,258.0,260.0,24264.4965525,6297793.08144973
2026-06-24 23:00:00,260.0,260.0,254.0,258.0,1002550.66796817,257164735.20622897
2026-06-24 23:15:00,258.0,260.0,257.0,260.0,122389.24141455,31610354.97376604
2026-06-24 23:30:00,260.0,261.0,259.0,260.0,82902.88621862,21530350.15585185
2026-06-24 23:45:00,260.0,261.0,259.0,260.0,156574.83830686,40688098.85330928
2026-06-25 00:00:00,259.0,259.0,255.0,257.0,233926.37428644,60087912.26752271
2026-06-25 00:15:00,257.0,258.0,257.0,257.0,70460.04541563,18129012.72011539
2026-06-25 00:30:00,256.0,257.0,254.0,255.0,93731.18509746,23951224.39734374
2026-06-25 00:45:00,255.0,255.0,253.0,255.0,283518.33545599,72040811.76315732
2026-06-25 01:00:00,254.0,255.0,254.0,255.0,70220.80606724,17841800.02440293
2026-06-25 01:15:00,256.0,257.0,255.0,257.0,58060.29550362,14810258.10266916
2026-06-25 01:30:00,256.0,257.0,255.0,256.0,166115.74866143,42523201.41121287
2026-06-25 01:45:00,256.0,256.0,249.0,251.0,987731.35146658,248511452.3959551
2026-06-25 02:00:00,251.0,253.0,251.0,251.0,236291.40663324,59518152.57035562
2026-06-25 02:15:00,251.0,251.0,248.0,250.0,654771.63025301,163357494.70591375
2026-06-25 02:30:00,251.0,252.0,249.0,250.0,223338.39235033,55927843.39727457
2026-06-25 02:45:00,250.0,252.0,249.0,252.0,222507.36861722,55729739.22638886
2026-06-25 03:00:00,252.0,254.0,252.0,254.0,155904.94099951,39345061.52134765
2026-06-25 03:15:00,254.0,259.0,254.0,257.0,113926.86719795,29377221.79278747
2026-06-25 03:30:00,257.0,257.0,256.0,256.0,23879.76714634,6135981.55141629
2026-06-25 03:45:00,256.0,256.0,256.0,256.0,116933.19874573,29934898.87890688
2026-06-25 04:00:00,256.0,257.0,256.0,257.0,19885.50285704,5096785.3318802
2026-06-25 04:15:00,256.0,257.0,255.0,257.0,26454.08970033,6775331.41489655
2026-06-25 04:30:00,258.0,258.0,258.0,258.0,15920.11350327,4107389.28384366
2026-06-25 04:45:00,258.0,258.0,257.0,258.0,114977.0926682,29660211.1068083
2026-06-25 05:00:00,259.0,262.0,259.0,262.0,77187.34336116,20036546.9855605
2026-06-25 05:15:00,261.0,261.0,260.0,261.0,25426.85880924,6635208.02826719
2026-06-25 05:30:00,261.0,261.0,260.0,260.0,8154.34231992,2124133.66685337
2026-06-25 05:45:00,261.0,261.0,260.0,261.0,94622.98425246,24696329.65912282
2026-06-25 06:00:00,261.0,261.0,259.0,260.0,96267.55461026,25028664.17580169
2026-06-25 06:15:00,260.0,260.0,260.0,260.0,14469.70745395,3762123.938027
2026-06-25 06:30:00,260.0,261.0,260.0,261.0,33869.47801052,8807213.70802255
2026-06-25 06:45:00,260.0,262.0,260.0,261.0,32732.29536054,8539981.62920137
2026-06-25 07:00:00,262.0,263.0,262.0,262.0,38568.37469344,10113369.9870382
2026-06-25 07:15:00,262.0,262.0,261.0,261.0,124283.24389781,32557118.91459803
2026-06-25 07:30:00,261.0,262.0,261.0,262.0,66961.60694547,17485874.414588
2026-06-25 07:45:00,261.0,261.0,261.0,261.0,4294.10390588,1120761.11943468
2026-06-25 08:00:00,261.0,261.0,260.0,261.0,12597.15599268,3286790.49915754
2026-06-25 08:15:00,261.0,262.0,261.0,261.0,21133.57519196,5516817.32357484
2026-06-25 08:30:00,261.0,261.0,260.0,261.0,11672.0749614,3044156.25121049
2026-06-25 08:45:00,261.0,261.0,260.0,261.0,14155.87018281,3694604.59833356
2026-06-25 09:00:00,261.0,262.0,260.0,262.0,61438.84404764,16032398.13094916
2026-06-25 09:15:00,262.0,262.0,260.0,261.0,266203.61365771,69288872.12206654
2026-06-25 09:30:00,261.0,261.0,260.0,260.0,205674.81973785,53475578.498841
2026-06-25 09:45:00,261.0,261.0,260.0,261.0,105049.99402961,27377764.4308338
2026-06-25 10:00:00,261.0,261.0,260.0,260.0,47173.08252679,12299500.49926889
2026-06-25 10:15:00,260.0,261.0,259.0,260.0,48119.2719126,12541483.95165494
2026-06-25 10:30:00,261.0,262.0,261.0,262.0,108037.51157696,28265315.36523985
2026-06-25 10:45:00,261.0,262.0,261.0,262.0,139207.5494352,36452757.66790166
2026-06-25 11:00:00,262.0,263.0,261.0,261.0,130107.43662248,34081654.17047107
2026-06-25 11:15:00,261.0,263.0,261.0,263.0,39038.59542381,10259354.98663842
2026-06-25 11:30:00,263.0,263.0,262.0,262.0,14132.65431647,3713526.8702905
2026-06-25 11:45:00,262.0,262.0,261.0,262.0,40573.78992062,10611840.86934297
2026-06-25 12:00:00,262.0,263.0,261.0,261.0,102079.43630984,26711762.75373676
2026-06-25 12:15:00,261.0,262.0,261.0,262.0,111502.26180478,29146943.31547901
2026-06-25 12:30:00,262.0,262.0,261.0,261.0,14996.02234507,3919000.0000022
2026-06-25 12:45:00,261.0,261.0,260.0,260.0,270332.4718334,70524189.77631734
2026-06-25 13:00:00,260.0,261.0,260.0,260.0,21253.10416125,5526573.3654499
2026-06-25 13:15:00,260.0,261.0,260.0,260.0,34142.0229746,8877270.8009822
2026-06-25 13:30:00,260.0,262.0,260.0,262.0,71331.61752427,18644376.6714263
2026-06-25 13:45:00,261.0,267.0,261.0,265.0,492803.68786146,130571559.82299833
2026-06-25 14:00:00,265.0,267.0,264.0,267.0,276257.74249028,73297271.8857042
2026-06-25 14:15:00,265.0,267.0,265.0,266.0,160440.55138226,42670232.96247872
2026-06-25 14:30:00,265.0,266.0,265.0,265.0,76948.69177845,20407841.8785768
2026-06-25 14:45:00,265.0,265.0,264.0,264.0,149594.48621625,39556877.51599089
2026-06-25 15:00:00,265.0,266.0,264.0,265.0,63696.3739116,16878013.95849477
2026-06-25 15:15:00,265.0,266.0,264.0,264.0,9354.60202503,2477435.62433195
2026-06-25 15:30:00,264.0,265.0,264.0,265.0,5904.11784269,1559312.26248639
2026-06-25 15:45:00,265.0,265.0,264.0,265.0,24812.61985575,6567064.51485476
2026-06-25 16:00:00,265.0,265.0,264.0,264.0,37115.2925927,9828250.31722413
2026-06-25 16:15:00,265.0,265.0,264.0,264.0,71736.72328451,18968039.82159991
2026-06-25 16:30:00,264.0,265.0,264.0,264.0,14509.25467295,3840635.5916588
2026-06-25 16:45:00,264.0,264.0,264.0,264.0,99973.79962997,26393083.10231208
2026-06-25 17:00:00,264.0,264.0,263.0,263.0,29641.95220466,7817321.72206401
2026-06-25 17:15:00,263.0,264.0,263.0,264.0,6342.1927128,1672444.87286033
2026-06-25 17:30:00,264.0,264.0,263.0,263.0,25829.1342463,6800672.15526173
2026-06-25 17:45:00,263.0,263.0,263.0,263.0,15633.297356,4111557.204628
2026-06-25 18:00:00,262.0,263.0,262.0,263.0,15435.23178881,4044142.0934819
2026-06-25 18:15:00,262.0,262.0,262.0,262.0,10614.53594073,2781008.41647126
2026-06-25 18:30:00,262.0,263.0,262.0,263.0,29331.19439332,7708760.95604873
2026-06-25 18:45:00,263.0,263.0,263.0,263.0,73463.1049494,19320796.6016922
2026-06-25 19:00:00,263.0,263.0,262.0,262.0,37685.59907534,9881228.21794547
2026-06-25 19:15:00,263.0,263.0,262.0,262.0,38707.13490964,10167119.78992516
2026-06-25 19:30:00,261.0,261.0,260.0,260.0,103381.23542874,26915327.32902048
2026-06-25 19:45:00,261.0,261.0,260.0,260.0,99245.45531042,25811670.87208802
2026-06-25 20:00:00,260.0,260.0,259.0,260.0,153866.13342066,39982116.44613347
2026-06-25 20:15:00,260.0,260.0,258.0,259.0,111749.13485555,28955434.18344676
2026-06-25 20:30:00,258.0,259.0,258.0,259.0,17501.71236775,4532893.50324725
2026-06-25 20:45:00,259.0,260.0,258.0,260.0,85341.88163808,22066465.6688059
2026-06-25 21:00:00,260.0,260.0,259.0,259.0,19956.73514048,5188403.64617729
2026-06-25 21:15:00,259.0,259.0,258.0,258.0,214055.2753328,55312127.18172959
2026-06-25 21:30:00,259.0,262.0,259.0,260.0,91361.11300473,23804712.80369356
2026-06-25 21:45:00,260.0,261.0,259.0,259.0,85296.34325734,22180221.41882472
2026-06-25 22:00:00,260.0,261.0,259.0,260.0,22111.24866104,5740836.54203756
2026-06-25 22:15:00,260.0,261.0,260.0,261.0,18680.08860447,4858947.45213418
2026-06-25 22:30:00,261.0,262.0,254.0,254.0,475575.5283034,122025419.09026699
2026-06-25 22:45:00,255.0,256.0,244.0,245.0,3296933.78850425,816790674.6489986
2026-06-25 23:00:00,246.0,252.0,246.0,250.0,452429.001101,112751751.15602231
2026-06-25 23:15:00,251.0,252.0,248.0,250.0,144028.05923123,36067772.14365072
2026-06-25 23:30:00,250.0,255.0,249.0,251.0,122627.39837155,30873618.6816395
2026-06-25 23:45:00,251.0,252.0,251.0,251.0,82658.16056618,20769043.64803208
2026-06-26 00:00:00,250.0,251.0,249.0,249.0,115247.09903004,28756475.06506979
2026-06-26 00:15:00,249.0,251.0,248.0,250.0,63184.38211777,15769863.99717624
2026-06-26 00:30:00,250.0,251.0,250.0,251.0,35633.35317466,8935559.52789849
2026-06-26 00:45:00,251.0,253.0,251.0,253.0,67688.40081663,17082161.26396399
2026-06-26 01:00:00,252.0,255.0,252.0,255.0,23330.00261891,5908395.50263971
2026-06-26 01:15:00,254.0,254.0,253.0,253.0,71568.78086653,18126843.69796664
2026-06-26 01:30:00,253.0,253.0,251.0,251.0,140497.39756691,35267408.47942397
2026-06-26 01:45:00,250.0,250.0,249.0,249.0,35291.90106914,8822587.02536823
2026-06-26 02:00:00,249.0,252.0,249.0,252.0,55147.11030145,13831423.76375025
2026-06-26 02:15:00,252.0,253.0,252.0,253.0,14292.71154103,3603950.04746998
2026-06-26 02:30:00,253.0,253.0,252.0,252.0,3972.77470355,1004911.99999815
2026-06-26 02:45:00,252.0,252.0,252.0,252.0,99.36507936,25039.99999872
2026-06-26 03:00:00,252.0,252.0,252.0,252.0,67927.77798597,17117800.05246444
2026-06-26 03:15:00,252.0,254.0,252.0,252.0,64360.07155485,16239395.15545553
2026-06-26 03:30:00,252.0,252.0,250.0,250.0,24135.81136649,6043657.70734781
2026-06-26 03:45:00,250.0,250.0,250.0,250.0,92735.74615082,23183936.537705
2026-06-26 04:00:00,249.0,249.0,249.0,249.0,160615.87427995,39993352.69570755
2026-06-26 04:15:00,249.0,249.0,248.0,249.0,48165.15759867,11951269.13426453
2026-06-26 04:30:00,250.0,250.0,249.0,249.0,1344.81927711,335000.00000039
2026-06-26 04:45:00,248.0,248.0,248.0,248.0,36846.90706405,9138032.9518844
2026-06-26 05:00:00,250.0,252.0,250.0,251.0,23603.39763032,5926852.80521032
2026-06-26 05:15:00,251.0,251.0,251.0,251.0,33487.2823053,8405307.8586303
2026-06-26 05:30:00,251.0,252.0,251.0,251.0,94317.72059223,23673946.28134814
2026-06-26 05:45:00,250.0,250.0,249.0,249.0,61815.41309835,15428308.83362566
2026-06-26 06:00:00,248.0,250.0,248.0,250.0,25814.75924535,6444294.72480617
2026-06-26 06:15:00,249.0,250.0,249.0,249.0,49727.89251329,12382959.82251585
2026-06-26 06:30:00,249.0,251.0,249.0,251.0,97149.42259927,24256072.9647158
2026-06-26 06:45:00,251.0,251.0,250.0,251.0,33889.2568903,8474958.56360891
2026-06-26 07:00:00,252.0,252.0,251.0,251.0,60402.50812987,15219797.38717356
2026-06-26 07:15:00,251.0,251.0,251.0,251.0,4636.29938017,1163711.14442267
2026-06-26 07:30:00,250.0,251.0,249.0,250.0,77082.39116154,19271709.04785485
2026-06-26 07:45:00,250.0,251.0,249.0,250.0,164470.64511761,41090734.72298168
2026-06-26 08:00:00,250.0,250.0,248.0,249.0,122116.30474463,30433084.00662736
2026-06-26 08:15:00,250.0,251.0,250.0,251.0,47843.55590324,11961147.58673607
2026-06-26 08:30:00,250.0,251.0,250.0,251.0,33195.590402,8332073.186902
2026-06-26 08:45:00,251.0,251.0,250.0,250.0,50101.50609156,12529791.13142306
2026-06-26 09:00:00,250.0,252.0,250.0,251.0,82832.25255482,20768211.9636999
2026-06-26 09:15:00,251.0,252.0,250.0,250.0,69919.05276876,17549251.98530985
2026-06-26 09:30:00,250.0,251.0,250.0,250.0,88330.27726884,22107308.93473987
2026-06-26 09:45:00,250.0,250.0,250.0,250.0,39088.53648347,9772134.1208675
2026-06-26 10:00:00,250.0,250.0,249.0,249.0,30972.23407461,7713126.44522046
2026-06-26 10:15:00,249.0,250.0,249.0,249.0,14579.29332767,3630490.25171476
2026-06-26 10:30:00,248.0,249.0,247.0,247.0,145011.2880608,35888183.17034569
2026-06-26 10:45:00,247.0,248.0,247.0,247.0,112549.49674064,27807683.88432218
2026-06-26 11:00:00,248.0,249.0,242.0,244.0,427897.57737012,104591999.57598545
2026-06-26 11:15:00,243.0,246.0,242.0,246.0,889550.79424929,216550689.99982688
2026-06-26 11:30:00,246.0,247.0,244.0,245.0,414901.51221804,101874368.43544
2026-06-26 11:45:00,245.0,245.0,242.0,243.0,525756.31053297,127881945.42690495
2026-06-26 12:00:00,243.0,246.0,241.0,246.0,288031.21710746,70254135.4755829
2026-06-26 12:15:00,245.0,246.0,244.0,245.0,58116.99524066,14244051.02132976
2026-06-26 12:30:00,245.0,247.0,245.0,247.0,57432.56576278,14111590.7062864
2026-06-26 12:45:00,246.0,249.0,246.0,249.0,131815.70238682,32699898.47403201
2026-06-26 13:00:00,248.0,249.0,248.0,249.0,65345.44443964,16238230.34529113
2026-06-26 13:15:00,249.0,249.0,247.0,247.0,60670.81985595,15064884.6412447
2026-06-26 13:30:00,248.0,248.0,247.0,248.0,48003.37430577,11857261.81642841
2026-06-26 13:45:00,248.0,248.0,246.0,246.0,13100.02579539,3231653.16018205
2026-06-26 14:00:00,246.0,248.0,246.0,247.0,126209.23527113,31254834.87057278
2026-06-26 14:15:00,247.0,248.0,247.0,248.0,54452.20060075,13457999.99999814
2026-06-26 14:30:00,248.0,249.0,248.0,248.0,82280.49383202,20405584.47034096
2026-06-26 14:45:00,248.0,249.0,247.0,248.0,47912.35312067,11884147.1360644
2026-06-26 15:00:00,248.0,248.0,247.0,247.0,38107.39201127,9423460.94024704
2026-06-26 15:15:00,248.0,250.0,248.0,249.0,30008.9953879,7463469.63730453
2026-06-26 15:30:00,249.0,251.0,248.0,251.0,211332.27901875,52625957.11476961
2026-06-26 15:45:00,251.0,251.0,250.0,250.0,114257.18628489,28609820.52399843
2026-06-26 16:00:00,251.0,251.0,250.0,251.0,32975.49202027,8274931.66506105
2026-06-26 16:15:00,251.0,252.0,251.0,251.0,170886.95763732,43009293.81749933
2026-06-26 16:30:00,252.0,252.0,251.0,251.0,48496.3522904,12218670.02891377
2026-06-26 16:45:00,251.0,252.0,251.0,251.0,9002.41947088,2262046.9998742
2026-06-26 17:00:00,251.0,251.0,250.0,250.0,88003.46774198,22088498.95240463
2026-06-26 17:15:00,250.0,250.0,249.0,250.0,12024.76921089,3005039.54906083
2026-06-26 17:30:00,249.0,250.0,249.0,250.0,39910.08565082,9940784.38486327
2026-06-26 17:45:00,249.0,250.0,249.0,250.0,235640.4326744,58907699.3385666
2026-06-26 18:00:00,251.0,251.0,250.0,250.0,78169.02615104,19545847.975119
2026-06-26 18:15:00,251.0,251.0,250.0,250.0,138.79419254,34800.2294099
2026-06-26 18:30:00,250.0,251.0,250.0,250.0,44483.87834543,11139071.81880978
2026-06-26 18:45:00,250.0,251.0,248.0,249.0,483098.46739927,120687480.31246457
2026-06-26 19:00:00,249.0,251.0,249.0,250.0,196684.09270739,49105762.47042934
2026-06-26 19:15:00,250.0,252.0,250.0,252.0,177583.42653417,44546436.27268976
2026-06-26 19:30:00,252.0,252.0,251.0,251.0,138962.11584,34913264.39264092
2026-06-26 19:45:00,251.0,251.0,250.0,250.0,43033.82679594,10780329.45076981
2026-06-26 20:00:00,250.0,251.0,250.0,250.0,69561.62949795,17457323.76959453
2026-06-26 20:15:00,250.0,250.0,250.0,250.0,10818.3327105,2704583.177625
2026-06-26 20:30:00,250.0,251.0,250.0,250.0,14357.27764083,3594098.29466964
2026-06-26 20:45:00,250.0,251.0,250.0,250.0,186499.58010115,46626687.87256753
2026-06-26 21:00:00,250.0,251.0,249.0,250.0,69059.7526311,17223624.84370516
2026-06-26 21:15:00,250.0,251.0,250.0,251.0,87442.7904824,21862964.433349
2026-06-26 21:30:00,251.0,252.0,247.0,248.0,116327.96990808,28859633.79258155
2026-06-26 21:45:00,249.0,250.0,247.0,248.0,143854.6072599,35691949.03434485
2026-06-26 22:00:00,248.0,248.0,247.0,248.0,49694.23774804,12306393.04508213
2026-06-26 22:15:00,248.0,248.0,245.0,247.0,81801.71629512,20122157.94954877
2026-06-26 22:30:00,248.0,249.0,247.0,249.0,70411.8999332,17516366.46875038
2026-06-26 22:45:00,250.0,253.0,250.0,253.0,33164.29424247,8327235.73779659
2026-06-26 23:00:00,253.0,258.0,253.0,254.0,440232.15311494,112060445.06735465
2026-06-26 23:15:00,254.0,254.0,253.0,253.0,427561.63370425,108299347.67033018
2026-06-26 23:30:00,253.0,253.0,251.0,251.0,31394.40490011,7924388.55812997
2026-06-26 23:45:00,252.0,253.0,252.0,253.0,16100.25089801,4062388.74881199
2026-06-27 00:00:00,253.0,254.0,253.0,254.0,4323.84184271,1094172.93741202
2026-06-27 00:15:00,254.0,255.0,254.0,255.0,109622.99703886,27952876.84333449
2026-06-27 00:30:00,256.0,257.0,256.0,257.0,64056.85931616,16398633.80594862
2026-06-27 00:45:00,257.0,257.0,254.0,255.0,97421.83626492,24840962.60211187
2026-06-27 01:00:00,256.0,257.0,256.0,256.0,9737.2726935,2497053.12558888
2026-06-27 01:15:00,256.0,256.0,255.0,255.0,41693.86757015,10633139.01509589
2026-06-27 01:30:00,256.0,257.0,256.0,256.0,14398.75607934,3700052.19994059
2026-06-27 01:45:00,257.0,257.0,256.0,256.0,16923.94113153,4332548.46092168
2026-06-27 02:00:00,255.0,256.0,255.0,256.0,8987.8839211,2300598.2838016
2026-06-27 02:15:00,256.0,257.0,256.0,257.0,19321.30583853,4965422.21781231
2026-06-27 02:30:00,257.0,257.0,257.0,257.0,19010.54045174,4885708.89609718
2026-06-27 02:45:00,257.0,257.0,256.0,257.0,32758.40181076,8401083.01839148
2026-06-27 03:00:00,257.0,258.0,257.0,257.0,14676.93206143,3771993.53978751
2026-06-27 03:15:00,257.0,257.0,257.0,257.0,19439.65133695,4995990.39359615
2026-06-27 03:30:00,257.0,257.0,256.0,256.0,27642.75092485,7077188.52940127
2026-06-27 03:45:00,256.0,256.0,254.0,254.0,6815.24645661,1737823.6921358
2026-06-27 04:00:00,254.0,257.0,254.0,257.0,26505.89995176,6747251.83482873
2026-06-27 04:15:00,256.0,256.0,256.0,256.0,2333.447,597362.432
2026-06-27 04:30:00,256.0,257.0,256.0,257.0,1780.285,455774.96
2026-06-27 04:45:00,256.0,256.0,255.0,255.0,2146.26836544,549224.22651264
2026-06-27 05:00:00,257.0,257.0,256.0,256.0,20358.01731011,5226765.44869827
2026-06-27 05:15:00,256.0,256.0,256.0,256.0,18200.55846307,4659342.96654592
2026-06-27 05:30:00,255.0,255.0,254.0,254.0,64654.674867,16455251.41122881
2026-06-27 05:45:00,255.0,255.0,255.0,255.0,1950.0,497250.0
2026-06-27 06:00:00,254.0,254.0,254.0,254.0,3227.32334618,819740.12992972
2026-06-27 06:15:00,254.0,255.0,254.0,255.0,59071.16503952,15004429.92003808
2026-06-27 06:30:00,255.0,255.0,255.0,255.0,49005.40845182,12496379.1552141
2026-06-27 06:45:00,256.0,256.0,255.0,256.0,6122.87097893,1567172.37948652
2026-06-27 07:00:00,255.0,256.0,255.0,256.0,23861.92942769,6104140.20799845
2026-06-27 07:15:00,256.0,256.0,255.0,255.0,27932.4442166,7146811.8354205
2026-06-27 07:30:00,255.0,255.0,255.0,255.0,215.72128852,55008.9285726
2026-06-27 07:45:00,256.0,256.0,256.0,256.0,25044.60937499,6411419.99999744
2026-06-27 08:00:00,257.0,257.0,257.0,257.0,53711.45447937,13803843.80119809
2026-06-27 08:15:00,257.0,257.0,257.0,257.0,79145.99370163,20340520.38131891
2026-06-27 08:30:00,257.0,258.0,257.0,258.0,32725.76346898,8413285.74501457
2026-06-27 08:45:00,258.0,258.0,257.0,258.0,14072.62450352,3618174.4180302
2026-06-27 09:00:00,258.0,259.0,257.0,258.0,77035.88022088,19872700.13457258
2026-06-27 09:15:00,258.0,258.0,257.0,257.0,38950.00522981,10010267.56502045
2026-06-27 09:30:00,257.0,257.0,256.0,257.0,51305.24817984,13153676.15616375
2026-06-27 09:45:00,256.0,258.0,256.0,258.0,122311.84442766,31517802.8414879
2026-06-27 10:00:00,258.0,258.0,256.0,257.0,129364.63346003,33247207.55023732
2026-06-27 10:15:00,256.0,256.0,256.0,256.0,115527.46788734,29575031.77915904
2026-06-27 10:30:00,256.0,257.0,256.0,256.0,590.62694551,151259.95330347
2026-06-27 10:45:00,257.0,257.0,257.0,257.0,19903.93750513,5115311.93881841
2026-06-27 11:00:00,257.0,257.0,256.0,257.0,6365.11823857,1631486.07458173
2026-06-27 11:15:00,257.0,260.0,257.0,259.0,39808.16465754,10305017.244897
2026-06-27 11:30:00,259.0,261.0,259.0,261.0,98313.74113565,25577505.74624608
2026-06-27 11:45:00,261.0,261.0,260.0,261.0,108648.47874195,28278393.97814862
2026-06-27 12:00:00,261.0,261.0,259.0,259.0,171711.98583048,44684240.5110829
2026-06-27 12:15:00,258.0,260.0,258.0,259.0,19989.6865862,5176758.50496507
2026-06-27 12:30:00,259.0,259.0,258.0,258.0,16613.06037288,4288099.11336496
2026-06-27 12:45:00,258.0,258.0,258.0,258.0,3877.93700049,1000507.74612642
2026-06-27 13:00:00,258.0,258.0,258.0,258.0,963.50641276,248584.65449208
2026-06-27 13:15:00,259.0,259.0,259.0,259.0,15562.24089635,4030620.39215465
2026-06-27 13:30:00,259.0,260.0,258.0,258.0,148142.47860873,38312199.55156093
2026-06-27 13:45:00,259.0,259.0,258.0,258.0,14502.81265436,3741747.66482488
2026-06-27 14:00:00,257.0,258.0,257.0,257.0,42908.46730599,11032757.16456719
2026-06-27 14:15:00,257.0,258.0,257.0,257.0,35267.01731269,9069437.40284969
2026-06-27 14:30:00,257.0,257.0,257.0,257.0,73510.22662536,18892128.24271752
2026-06-27 14:45:00,257.0,258.0,257.0,258.0,42915.92009993,11071937.73597649
2026-06-27 15:00:00,258.0,259.0,257.0,257.0,42926.48824814,11080970.44379767
2026-06-27 15:15:00,258.0,259.0,257.0,259.0,3486.53433185,898657.58429415
2026-06-27 15:30:00,259.0,259.0,258.0,258.0,76118.09550538,19638854.54772394
2026-06-27 15:45:00,259.0,260.0,258.0,258.0,19608.74910874,5082184.11570239
2026-06-27 16:00:00,258.0,258.0,258.0,258.0,11511.2573049,2969904.3846642
2026-06-27 16:15:00,258.0,260.0,258.0,259.0,68695.03140264,17797201.83501451
2026-06-27 16:30:00,259.0,261.0,259.0,260.0,11013.74681973,2863352.55656111
2026-06-27 16:45:00,261.0,261.0,259.0,261.0,47872.9793708,12443552.55119551
2026-06-27 17:00:00,260.0,261.0,260.0,260.0,47763.03741342,12418879.73188287
2026-06-27 17:15:00,260.0,260.0,259.0,260.0,67180.14928922,17462021.9251972
2026-06-27 17:30:00,259.0,260.0,259.0,259.0,11623.27040069,3014884.13177008
2026-06-27 17:45:00,259.0,259.0,259.0,259.0,17172.93825623,4447791.00836357
2026-06-27 18:00:00,259.0,260.0,259.0,259.0,140726.62524487,36448389.27688286
2026-06-27 18:15:00,259.0,259.0,258.0,258.0,127112.6939729,32883925.55822059
2026-06-27 18:30:00,259.0,259.0,258.0,258.0,44775.17007141,11564232.28818818
2026-06-27 18:45:00,258.0,260.0,258.0,259.0,18320.00337956,4746111.04776786
2026-06-27 19:00:00,259.0,259.0,258.0,259.0,25040.92858744,6484978.26814696
2026-06-27 19:15:00,258.0,258.0,258.0,258.0,15449.02088696,3985847.38883568
2026-06-27 19:30:00,258.0,259.0,258.0,258.0,19081.04456452,4924747.26987973
2026-06-27 19:45:00,258.0,258.0,258.0,258.0,13275.19893511,3425001.32525838
2026-06-27 20:00:00,258.0,259.0,258.0,259.0,64257.57973778,16578477.45397602
2026-06-27 20:15:00,258.0,259.0,257.0,258.0,119276.49713493,30773613.36398859
2026-06-27 20:30:00,257.0,258.0,257.0,257.0,60221.01158455,15496904.49861206
2026-06-27 20:45:00,258.0,258.0,258.0,258.0,31598.99443995,8152540.5655071
2026-06-27 21:00:00,258.0,259.0,258.0,258.0,7747.48524889,1999623.39498582
2026-06-27 21:15:00,259.0,259.0,258.0,258.0,5726.34478249,1477650.76376539
2026-06-27 21:30:00,258.0,258.0,258.0,258.0,13731.32690538,3542682.34158804
2026-06-27 21:45:00,258.0,258.0,257.0,258.0,13024.86670152,3359242.10703126
2026-06-27 22:00:00,258.0,260.0,258.0,259.0,26356.33073546,6826154.49075362
2026-06-27 22:15:00,260.0,260.0,259.0,260.0,1559.80063561,405509.55521999
2026-06-27 22:30:00,260.0,260.0,259.0,259.0,119646.96361122,31096635.34600331
2026-06-27 22:45:00,259.0,260.0,259.0,259.0,2009.0497887,520382.35681176
2026-06-27 23:00:00,259.0,260.0,258.0,259.0,45447.10491836,11768721.07125133
2026-06-27 23:15:00,260.0,260.0,259.0,260.0,5558.79696703,1444820.57203581
2026-06-27 23:30:00,259.0,259.0,259.0,259.0,4776.69913007,1237165.07468813
2026-06-27 23:45:00,259.0,259.0,258.0,259.0,653.66238834,168722.17010758
2026-06-28 00:00:00,259.0,260.0,259.0,260.0,22677.3838862,5873827.04191041
2026-06-28 00:15:00,259.0,259.0,258.0,258.0,11195.63317091,2899625.3110758
2026-06-28 00:30:00,259.0,260.0,258.0,259.0,55788.91599209,14449312.93041284
2026-06-28 00:45:00,259.0,260.0,259.0,260.0,848.98867131,220006.77190088
2026-06-28 01:00:00,259.0,260.0,259.0,260.0,16823.12577357,4372465.30655754
2026-06-28 01:15:00,259.0,259.0,258.0,258.0,20204.71986172,5227787.05971805
2026-06-28 01:30:00,259.0,260.0,258.0,258.0,18399.13285627,4782271.67936903
2026-06-28 01:45:00,260.0,260.0,259.0,259.0,2215.66612554,573890.31693783
2026-06-28 02:00:00,259.0,259.0,257.0,257.0,189211.42917656,48798839.75716899
2026-06-28 02:15:00,257.0,257.0,257.0,257.0,194.55252919,50000.00000183
2026-06-28 02:30:00,257.0,258.0,257.0,258.0,3010.14918897,773808.34156529
2026-06-28 03:00:00,259.0,259.0,257.0,257.0,93185.17873249,23967239.76774523
2026-06-28 03:15:00,257.0,257.0,257.0,257.0,23958.85237712,6157425.06091984
2026-06-28 03:30:00,257.0,257.0,257.0,257.0,16000.0,4112000.0
2026-06-28 04:00:00,258.0,258.0,258.0,258.0,11060.66109577,2853650.56270866
2026-06-28 04:15:00,258.0,258.0,256.0,256.0,7299.5532697,1870231.33070748
2026-06-28 04:30:00,256.0,256.0,255.0,256.0,65881.63021978,16799862.5810439
2026-06-28 04:45:00,256.0,256.0,256.0,256.0,20280.61750374,5191838.08095744
2026-06-28 05:00:00,255.0,256.0,255.0,256.0,8778.125,2247121.875
2026-06-28 05:15:00,256.0,256.0,255.0,256.0,4191.24959636,1069053.64666816
2026-06-28 05:30:00,255.0,255.0,255.0,255.0,11520.46178714,2937717.7557207
2026-06-28 05:45:00,255.0,256.0,255.0,256.0,12865.54194,3289625.1712625
2026-06-28 06:00:00,256.0,256.0,256.0,256.0,11008.34216259,2818135.59362304
2026-06-28 06:15:00,256.0,256.0,256.0,256.0,94.75882213,24258.25846528
2026-06-28 06:30:00,257.0,257.0,257.0,257.0,98751.02915467,25379014.49275019
2026-06-28 06:45:00,256.0,257.0,255.0,255.0,3170.14811742,810381.44747128
2026-06-28 07:15:00,255.0,255.0,254.0,255.0,16868.85189068,4299221.05629657
2026-06-28 07:30:00,256.0,256.0,256.0,256.0,550.39901924,140902.14892544
2026-06-28 07:45:00,256.0,256.0,256.0,256.0,277.30275487,70989.50524672
2026-06-28 08:00:00,256.0,257.0,255.0,255.0,114070.56703694,29201758.78118403
2026-06-28 08:15:00,255.0,256.0,255.0,255.0,22404.61144912,5714026.7007756
2026-06-28 08:30:00,255.0,255.0,255.0,255.0,110099.17377808,28075289.3134104
2026-06-28 08:45:00,255.0,256.0,254.0,255.0,3393.28075012,864268.03928374
2026-06-28 09:00:00,255.0,255.0,255.0,255.0,30658.36071481,7817881.98227655
2026-06-28 09:15:00,255.0,255.0,255.0,255.0,17159.80338385,4375749.86288175
2026-06-28 09:30:00,256.0,257.0,256.0,257.0,171061.55870007,43791778.92994165
2026-06-28 09:45:00,256.0,256.0,255.0,255.0,4157.43380528,1064173.65492286
2026-06-28 10:00:00,256.0,256.0,255.0,255.0,70578.15992099,17998626.09235245
2026-06-28 10:15:00,255.0,256.0,255.0,256.0,11210.882,2859985.792
2026-06-28 10:30:00,256.0,256.0,255.0,256.0,3032.59760362,775952.82966398
2026-06-28 10:45:00,256.0,257.0,256.0,256.0,131106.8249146,33567084.11511658
2026-06-28 11:00:00,256.0,257.0,256.0,256.0,25985.89206381,6667946.98603604
2026-06-28 11:15:00,256.0,257.0,255.0,256.0,38223.84550719,9775550.56865896
2026-06-28 11:30:00,256.0,256.0,255.0,255.0,34678.90074504,8843275.8149852
2026-06-28 11:45:00,255.0,255.0,255.0,255.0,12893.83202847,3287927.16725985
2026-06-28 12:00:00,255.0,255.0,255.0,255.0,64050.54095749,16332887.94415995
2026-06-28 12:15:00,255.0,256.0,255.0,256.0,7585.88850502,1941468.2243566
2026-06-28 12:30:00,255.0,256.0,255.0,256.0,15274.01254967,3895250.77549787
2026-06-28 12:45:00,256.0,256.0,256.0,256.0,10933.64213478,2799012.38650368
2026-06-28 13:00:00,256.0,256.0,256.0,256.0,23511.18568613,6018863.53564928
2026-06-28 13:15:00,255.0,256.0,255.0,256.0,24658.72392723,6312433.32537088
2026-06-28 13:30:00,256.0,256.0,256.0,256.0,22519.94329717,5765105.48407552
2026-06-28 13:45:00,256.0,257.0,256.0,257.0,12675.57758863,3257573.44027791
2026-06-28 14:00:00,256.0,257.0,256.0,256.0,25791.51699682,6607070.58532175
2026-06-28 14:15:00,256.0,256.0,255.0,255.0,22635.79400993,5773229.56296935
2026-06-28 14:30:00,255.0,255.0,255.0,255.0,5183.12321935,1321696.42093425
2026-06-28 14:45:00,255.0,255.0,255.0,255.0,13244.64524965,3377384.53866075
2026-06-28 15:00:00,255.0,255.0,254.0,254.0,47852.0488022,12158486.64875005
2026-06-28 15:15:00,253.0,255.0,253.0,254.0,16100.16929249,4083075.87064605
2026-06-28 15:30:00,254.0,254.0,253.0,254.0,26153.86245437,6643016.46551933
2026-06-28 15:45:00,254.0,254.0,253.0,254.0,179097.31926467,45316290.82644541
2026-06-28 16:00:00,253.0,255.0,253.0,254.0,120300.30283982,30555986.33044853
2026-06-28 16:15:00,255.0,255.0,253.0,254.0,29757.13696282,7556679.47767249
2026-06-28 16:30:00,254.0,255.0,253.0,254.0,46051.0974075,11691524.32310902
2026-06-28 16:45:00,255.0,255.0,254.0,254.0,20689.06482456,5272805.65350105
2026-06-28 17:00:00,255.0,255.0,255.0,255.0,3461.33330355,882639.99240525
2026-06-28 17:15:00,255.0,255.0,255.0,255.0,16086.8506923,4102146.9265365
2026-06-28 17:30:00,255.0,257.0,255.0,255.0,23643.93825378,6030589.81484792
2026-06-28 17:45:00,256.0,256.0,255.0,255.0,48575.93311767,12388156.4673823
2026-06-28 18:00:00,255.0,255.0,254.0,255.0,167098.66065731,42540306.63540494
2026-06-28 18:15:00,255.0,256.0,254.0,255.0,21538.36966,5492664.7633
2026-06-28 18:30:00,255.0,255.0,254.0,254.0,11393.2352192,2904493.980896
2026-06-28 18:45:00,254.0,255.0,253.0,253.0,254540.93957342,64667446.07732417
2026-06-28 19:00:00,254.0,255.0,253.0,255.0,4629.44396699,1172944.90985165
2026-06-28 19:15:00,253.0,254.0,253.0,253.0,5522.96465086,1397349.42674632
2026-06-28 19:30:00,253.0,253.0,253.0,253.0,45320.95318809,11466201.15658677
2026-06-28 20:00:00,253.0,254.0,253.0,253.0,9061.51336124,2296521.88826773
2026-06-28 20:15:00,253.0,254.0,253.0,254.0,112394.93320408,28436469.90418643
2026-06-28 20:30:00,254.0,254.0,253.0,253.0,40183.36495276,10166509.4432845
2026-06-28 20:45:00,254.0,254.0,253.0,253.0,232.27315748,58843.84899992
2026-06-28 21:00:00,254.0,254.0,253.0,253.0,129963.65157482,32880843.37412115
2026-06-28 21:15:00,253.0,253.0,252.0,253.0,198561.65400394,50114790.48771525
2026-06-28 21:30:00,254.0,254.0,253.0,253.0,169846.22332311,43061359.18930062
2026-06-28 21:45:00,253.0,253.0,252.0,252.0,11730.53769414,2967802.3212024
2026-06-28 22:00:00,252.0,252.0,251.0,252.0,49350.14553132,12426316.67389264
2026-06-28 22:15:00,253.0,253.0,251.0,253.0,294621.8841513,74398900.58581577
2026-06-28 22:30:00,253.0,253.0,253.0,253.0,56683.43286522,14340908.51490066
2026-06-28 22:45:00,253.0,253.0,252.0,252.0,15492.2525551,3915687.757791
2026-06-28 23:00:00,252.0,253.0,252.0,253.0,89319.04887698,22565498.7954277
2026-06-28 23:15:00,253.0,255.0,253.0,255.0,1302.48486656,330782.62336518
