,open,high,low,close,volume,value
2026-03-10 04:15:00,1467.0,1468.0,1465.0,1465.0,1440.49093533,2113060.34179431
2026-03-10 05:30:00,1465.0,1466.0,1465.0,1466.0,23.99745792,35169.9184176
2026-03-10 06:15:00,1466.0,1466.0,1464.0,1464.0,136.35746928,199763.6924952
2026-03-10 06:30:00,1464.0,1465.0,1464.0,1465.0,627.92774773,919292.43844872
2026-03-10 06:45:00,1469.0,1469.0,1469.0,1469.0,50.0,73450.0
2026-03-10 08:15:00,1466.0,1466.0,1466.0,1466.0,139.10508056,203928.04810096
2026-03-10 08:45:00,1464.0,1464.0,1462.0,1462.0,338.06626098,494766.17430004
2026-03-10 09:00:00,1462.0,1462.0,1462.0,1462.0,13.6425648,19945.4297376
2026-03-10 09:45:00,1463.0,1463.0,1462.0,1462.0,50.0,73122.35839161
2026-03-10 10:30:00,1463.0,1463.0,1463.0,1463.0,55.29651714,80898.80457582
2026-03-10 11:15:00,1462.0,1462.0,1461.0,1461.0,40.62329174,59370.49489821
2026-03-10 12:45:00,1461.0,1461.0,1460.0,1460.0,1252.56755282,1828786.99930465
2026-03-10 13:00:00,1467.0,1467.0,1460.0,1460.0,68.16632582,99761.41783757
2026-03-10 13:30:00,1460.0,1460.0,1460.0,1460.0,61.3079019,89509.536774
2026-03-10 14:15:00,1460.0,1460.0,1460.0,1460.0,63.71367273,93021.9621858
2026-03-10 14:30:00,1467.0,1467.0,1467.0,1467.0,27.26653033,39999.99999411
2026-03-10 16:00:00,1466.0,1466.0,1466.0,1466.0,14.56188294,21347.72039004
2026-03-10 16:15:00,1463.0,1463.0,1461.0,1461.0,16.94304865,24765.45673833
2026-03-10 17:15:00,1461.0,1461.0,1461.0,1461.0,81.62510464,119254.27787904
2026-03-10 17:30:00,1461.0,1461.0,1461.0,1461.0,285.98105552,417818.32211472
2026-03-10 19:30:00,1463.0,1463.0,1463.0,1463.0,3.41763499,4999.99999037
2026-03-10 21:30:00,1461.0,1461.0,1460.0,1460.0,367.60616016,536724.5662836
2026-03-10 22:15:00,1460.0,1460.0,1460.0,1460.0,35.34876397,51609.1953962
2026-03-10 22:30:00,1466.0,1466.0,1461.0,1461.0,87.4812656,128219.40598565
2026-03-10 22:45:00,1466.0,1466.0,1465.0,1465.0,14.48870912,21230.00388126
2026-03-10 23:45:00,1460.0,1460.0,1459.0,1459.0,5653.03922111,8252847.98857494
2026-03-11 00:00:00,1458.0,1458.0,1457.0,1457.0,310.62656185,452589.75932601
2026-03-11 00:15:00,1457.0,1457.0,1457.0,1457.0,64.90267411,94563.19617827
2026-03-11 00:30:00,1457.0,1457.0,1457.0,1457.0,68.63417982,99999.99999774
2026-03-11 00:45:00,1456.0,1456.0,1455.0,1455.0,395.14217725,575313.38607252
2026-03-11 01:00:00,1455.0,1457.0,1455.0,1456.0,28.39585693,41337.82482708
2026-03-11 01:15:00,1455.0,1455.0,1454.0,1455.0,1043.37568702,1518099.2281241
2026-03-11 01:30:00,1455.0,1459.0,1455.0,1459.0,13.63417744,19864.77347604
2026-03-11 01:45:00,1456.0,1459.0,1456.0,1459.0,91.35916797,133155.83998308
2026-03-11 02:00:00,1456.0,1459.0,1456.0,1459.0,45.64926662,66563.27999858
2026-03-11 03:00:00,1454.0,1454.0,1454.0,1454.0,137.00843459,199210.26389386
2026-03-11 03:15:00,1459.0,1459.0,1459.0,1459.0,370.87912087,541112.63734933
2026-03-11 06:00:00,1464.0,1465.0,1464.0,1465.0,102.3925946,149999.99998849
2026-03-11 08:00:00,1465.0,1465.0,1465.0,1465.0,10.29351535,15079.99998775
2026-03-11 09:00:00,1459.0,1459.0,1459.0,1459.0,13.11188554,19130.24100286
2026-03-11 09:30:00,1465.0,1465.0,1465.0,1465.0,109.21501706,159999.9999929
2026-03-11 10:30:00,1459.0,1459.0,1459.0,1459.0,20.0,29180.0
2026-03-11 10:45:00,1463.0,1465.0,1463.0,1465.0,68.27351526,99999.99999562
2026-03-11 13:45:00,1460.0,1460.0,1460.0,1460.0,22.90679776,33443.9247296
2026-03-11 14:00:00,1463.0,1463.0,1463.0,1463.0,102.52904989,149999.99998907
2026-03-11 15:00:00,1463.0,1463.0,1460.0,1460.0,1226.98974708,1793245.51535742
2026-03-11 15:30:00,1460.0,1460.0,1460.0,1460.0,11.26724445,16450.176897
2026-03-11 16:00:00,1459.0,1463.0,1459.0,1463.0,27.93970566,40791.3716379
2026-03-11 16:15:00,1463.0,1463.0,1462.0,1462.0,200.01862692,292488.74998697
2026-03-11 16:45:00,1460.0,1460.0,1460.0,1460.0,17.65692496,25779.1104416
2026-03-11 17:00:00,1460.0,1462.0,1460.0,1462.0,779.54806055,1139014.33301724
2026-03-11 17:15:00,1461.0,1462.0,1461.0,1462.0,452.20835528,661088.20711638
2026-03-11 17:45:00,1462.0,1462.0,1462.0,1462.0,40.40830298,59076.93895676
2026-03-11 18:30:00,1464.0,1465.0,1464.0,1465.0,530.50760477,777155.15951052
2026-03-11 19:00:00,1460.0,1460.0,1460.0,1460.0,3.4371,5018.166
2026-03-11 19:15:00,1466.0,1466.0,1466.0,1466.0,217.46521145,318803.9999857
2026-03-11 19:30:00,1460.0,1460.0,1460.0,1460.0,210.64392905,307540.136413
2026-03-11 19:45:00,1465.0,1466.0,1465.0,1466.0,68.24038765,99999.99999192
2026-03-11 20:45:00,1466.0,1466.0,1466.0,1466.0,203.85747778,298855.06242548
2026-03-12 00:00:00,1461.0,1461.0,1461.0,1461.0,19.5819,28609.1559
2026-03-12 00:15:00,1465.0,1465.0,1465.0,1465.0,10.23890784,14999.9999856
2026-03-12 00:45:00,1465.0,1466.0,1465.0,1465.0,24.550818,35975.00247653
2026-03-12 01:30:00,1466.0,1466.0,1466.0,1466.0,335.1346155,491307.346323
2026-03-12 03:45:00,1461.0,1461.0,1460.0,1460.0,129.96972601,189765.23282376
2026-03-12 05:30:00,1466.0,1466.0,1466.0,1466.0,109.14051841,159999.99998906
2026-03-12 06:30:00,1460.0,1460.0,1457.0,1457.0,100.0,145798.86527722
2026-03-12 08:30:00,1465.0,1465.0,1465.0,1465.0,68.25938566,99999.9999919
2026-03-12 08:45:00,1465.0,1465.0,1465.0,1465.0,2729.96471047,3999398.30083855
2026-03-12 10:00:00,1465.0,1465.0,1465.0,1465.0,13.4996587,19776.9999955
2026-03-12 11:00:00,1460.0,1460.0,1460.0,1460.0,13.4996587,19709.501702
2026-03-12 13:15:00,1465.0,1465.0,1465.0,1465.0,169.415551,248193.782215
2026-03-12 13:30:00,1466.0,1468.0,1466.0,1468.0,430.9266431,632314.2978804
2026-03-12 14:45:00,1462.0,1462.0,1462.0,1462.0,205.19835842,300000.00001004
2026-03-12 15:00:00,1469.0,1469.0,1469.0,1469.0,6.83994528,10047.87961632
2026-03-12 16:15:00,1465.0,1465.0,1463.0,1463.0,335.1346155,490326.13762925
2026-03-12 17:00:00,1462.0,1462.0,1461.0,1461.0,154.5364063,225794.90092424
2026-03-12 17:30:00,1465.0,1465.0,1465.0,1465.0,4.0,5860.0
2026-03-12 19:30:00,1465.0,1465.0,1465.0,1465.0,3.41365187,5000.99998955
2026-03-12 19:45:00,1465.0,1465.0,1465.0,1465.0,3.41296928,4999.9999952
2026-03-12 20:45:00,1464.0,1464.0,1464.0,1464.0,64.25456213,94068.67895832
2026-03-12 23:30:00,1464.0,1464.0,1464.0,1464.0,68.30601093,100000.00000152
2026-03-13 00:00:00,1463.0,1463.0,1463.0,1463.0,6.83994528,10006.83994464
2026-03-13 00:30:00,1463.0,1463.0,1463.0,1463.0,4.03984763,5910.29708269
2026-03-13 05:15:00,1463.0,1463.0,1463.0,1463.0,6.98778833,10223.13432679
2026-03-13 07:00:00,1463.0,1463.0,1463.0,1463.0,31.40526877,45945.90821051
2026-03-13 08:30:00,1464.0,1469.0,1464.0,1469.0,735.94896738,1077592.5335154
2026-03-13 09:00:00,1463.0,1463.0,1463.0,1463.0,5317.64002199,7779707.35217137
2026-03-13 09:15:00,1461.0,1461.0,1461.0,1461.0,134.34075354,196271.84092194
2026-03-13 09:30:00,1460.0,1460.0,1460.0,1460.0,27.3972,39999.912
2026-03-13 10:00:00,1460.0,1460.0,1458.0,1458.0,64.25456213,93710.56774441
2026-03-13 10:15:00,1468.0,1468.0,1468.0,1468.0,3.40599455,4999.9999994
2026-03-13 11:00:00,1468.0,1468.0,1458.0,1458.0,10.19952297,14904.96443576
2026-03-13 12:45:00,1459.0,1459.0,1459.0,1459.0,61.71810699,90046.71809841
2026-03-13 14:00:00,1467.0,1467.0,1467.0,1467.0,68.16632583,99999.99999261
2026-03-13 15:00:00,1459.0,1459.0,1457.0,1457.0,2033.31164088,2964693.95230513
2026-03-13 15:15:00,1462.0,1462.0,1462.0,1462.0,198.46345641,290153.57327142
2026-03-13 15:45:00,1462.0,1463.0,1462.0,1463.0,267.48971193,391330.29201
2026-03-13 16:30:00,1466.0,1466.0,1458.0,1458.0,10.19282656,14888.42625408
2026-03-13 17:30:00,1461.0,1461.0,1461.0,1461.0,423.34001476,618499.76156436
2026-03-13 18:00:00,1465.0,1466.0,1465.0,1466.0,436.94348252,640129.0231742
2026-03-13 18:45:00,1467.0,1467.0,1467.0,1467.0,3.47648261,5099.99998887
2026-03-13 20:00:00,1467.0,1467.0,1467.0,1467.0,34.08316291,49999.99998897
2026-03-13 21:00:00,1466.0,1468.0,1466.0,1468.0,4001.32755885,5866752.56004179
2026-03-13 21:15:00,1468.0,1468.0,1468.0,1468.0,13.6239782,19999.9999976
2026-03-13 21:45:00,1467.0,1467.0,1461.0,1461.0,1929.6309582,2824979.7228048
2026-03-13 22:00:00,1461.0,1461.0,1459.0,1459.0,5536.84991786,8083884.49106731
2026-03-13 22:15:00,1459.0,1459.0,1459.0,1459.0,277.4364823,404779.8276757
2026-03-13 23:45:00,1464.0,1464.0,1464.0,1464.0,270.22190485,395604.8687004
2026-03-14 00:00:00,1465.0,1465.0,1465.0,1465.0,575.77824653,843515.13116645
2026-03-14 00:15:00,1465.0,1469.0,1465.0,1469.0,1036.88636137,1521448.73487345
2026-03-14 01:15:00,1461.0,1468.0,1459.0,1468.0,784.81245258,1147170.26704916
2026-03-14 02:00:00,1468.0,1468.0,1468.0,1468.0,10.0,14680.0
2026-03-14 02:15:00,1468.0,1468.0,1468.0,1468.0,167.26131088,245539.60437184
2026-03-14 02:30:00,1469.0,1469.0,1469.0,1469.0,137.31034978,201708.90382682
2026-03-14 03:00:00,1469.0,1469.0,1469.0,1469.0,216.23001156,317641.88698164
2026-03-14 03:15:00,1470.0,1470.0,1470.0,1470.0,241.19506267,354556.7421249
2026-03-14 03:45:00,1470.0,1470.0,1470.0,1470.0,278.11228264,408825.0554808
2026-03-14 05:15:00,1470.0,1470.0,1470.0,1470.0,68.02721088,99999.9999936
2026-03-14 06:15:00,1470.0,1472.0,1470.0,1472.0,4156.25122902,6113814.14737297
2026-03-14 06:45:00,1472.0,1472.0,1472.0,1472.0,6.79347826,9999.99999872
2026-03-14 07:15:00,1467.0,1473.0,1467.0,1473.0,592.97342548,872843.10867281
2026-03-14 08:00:00,1473.0,1473.0,1473.0,1473.0,4.73674424,6977.22426552
2026-03-14 08:15:00,1473.0,1473.0,1473.0,1473.0,5.2632,7752.6936
2026-03-14 09:00:00,1474.0,1474.0,1474.0,1474.0,19.75622515,29120.6758711
2026-03-14 09:30:00,1474.0,1474.0,1471.0,1471.0,1189.68421723,1751993.91363286
2026-03-14 10:15:00,1471.0,1471.0,1471.0,1471.0,222.73316675,327640.48828925
2026-03-14 10:45:00,1474.0,1475.0,1474.0,1475.0,15.24075785,22474.04490399
2026-03-14 11:00:00,1475.0,1475.0,1475.0,1475.0,8.81355932,12999.999997
2026-03-14 11:15:00,1474.0,1475.0,1474.0,1475.0,277.99579873,410022.69869108
2026-03-14 13:15:00,1475.0,1477.0,1475.0,1477.0,67.73191653,99999.99999437
2026-03-14 13:30:00,1476.0,1476.0,1476.0,1476.0,6.7704807,9993.2295132
2026-03-14 14:15:00,1471.0,1471.0,1471.0,1471.0,74.56251762,109681.46341902
2026-03-14 15:00:00,1476.0,1476.0,1476.0,1476.0,3.45392953,5097.99998628
2026-03-14 15:15:00,1471.0,1471.0,1471.0,1471.0,80.4861807,118395.1718097
2026-03-14 15:30:00,1471.0,1471.0,1471.0,1471.0,4.0002,5884.2942
2026-03-14 15:45:00,1471.0,1471.0,1471.0,1471.0,6.0,8826.0
2026-03-14 16:45:00,1471.0,1471.0,1471.0,1471.0,73.06728301,107481.97330771
2026-03-14 17:30:00,1471.0,1477.0,1471.0,1477.0,28.11193053,41498.89219281
2026-03-14 18:00:00,1477.0,1477.0,1477.0,1477.0,16.31513694,24097.45726038
2026-03-14 18:15:00,1477.0,1477.0,1471.0,1471.0,80.3243127,118563.29282394
2026-03-14 19:15:00,1471.0,1471.0,1471.0,1471.0,67.70480704,99593.77115584
2026-03-14 20:00:00,1471.0,1471.0,1471.0,1471.0,34.49796057,50746.49999847
2026-03-14 21:00:00,1471.0,1471.0,1471.0,1471.0,16.31513693,23999.56642403
2026-03-14 21:15:00,1471.0,1471.0,1471.0,1471.0,3.54,5207.34
2026-03-14 21:30:00,1477.0,1478.0,1477.0,1478.0,13.88896167,20523.99999577
2026-03-14 21:45:00,1478.0,1479.0,1471.0,1471.0,561.07702115,829225.8442369
2026-03-14 22:00:00,1473.0,1473.0,1473.0,1473.0,11.1112,16366.7976
2026-03-15 03:15:00,1479.0,1479.0,1479.0,1479.0,33.80662609,49999.99998711
2026-03-15 03:30:00,1479.0,1479.0,1479.0,1479.0,64.09785456,94800.72689424
2026-03-15 04:30:00,1473.0,1473.0,1473.0,1473.0,64.09785456,94416.13976688
2026-03-15 05:00:00,1479.0,1480.0,1479.0,1480.0,709.04967105,1048945.99999307
2026-03-15 05:15:00,1479.0,1479.0,1479.0,1479.0,63.58366513,94040.24072727
2026-03-15 05:45:00,1473.0,1473.0,1471.0,1471.0,709.04967105,1043278.1744335
2026-03-15 06:15:00,1471.0,1471.0,1471.0,1471.0,63.58366513,93531.57140623
2026-03-15 10:15:00,1478.0,1478.0,1478.0,1478.0,719.08159586,1062802.59868108
2026-03-15 10:30:00,1475.0,1475.0,1475.0,1475.0,548.4238302,808925.149545
2026-03-15 11:00:00,1472.0,1472.0,1472.0,1472.0,102.99876702,151614.18505344
2026-03-15 12:00:00,1471.0,1471.0,1471.0,1471.0,24.550818,36114.253278
2026-03-15 12:15:00,1471.0,1471.0,1471.0,1471.0,135.96193066,200000.00000086
2026-03-15 12:30:00,1471.0,1471.0,1471.0,1471.0,34.00921978,50027.56229638
2026-03-15 13:00:00,1474.0,1476.0,1474.0,1476.0,442.07736344,652266.55351551
2026-03-15 13:30:00,1476.0,1476.0,1476.0,1476.0,958.20721075,1414313.843067
2026-03-15 14:15:00,1476.0,1476.0,1476.0,1476.0,6.77506775,9999.999999
2026-03-15 14:45:00,1476.0,1476.0,1476.0,1476.0,6.75673197,9972.93638772
2026-03-15 15:00:00,1476.0,1476.0,1471.0,1471.0,138.6253754,204016.16146226
2026-03-15 16:00:00,1471.0,1471.0,1471.0,1471.0,958.20721075,1409522.80701325
2026-03-15 17:15:00,1470.0,1470.0,1470.0,1470.0,3.48122866,5117.4061302
2026-03-15 20:30:00,1471.0,1471.0,1471.0,1471.0,53.97363048,79395.21043608
2026-03-15 22:00:00,1475.0,1475.0,1475.0,1475.0,6.98305084,10299.999989
2026-03-15 23:15:00,1471.0,1471.0,1471.0,1471.0,10.26733094,15103.24381274
2026-03-16 00:30:00,1471.0,1471.0,1471.0,1471.0,6.77506775,9966.12466025
2026-03-16 02:00:00,1475.0,1475.0,1475.0,1475.0,20.33898305,29999.99999875
2026-03-16 03:30:00,1475.0,1475.0,1475.0,1475.0,1362.1629863,2009190.4047925
2026-03-16 07:30:00,1471.0,1471.0,1470.0,1470.0,85.31042774,125469.27009408
2026-03-16 07:45:00,1469.0,1469.0,1468.0,1468.0,85.23509477,125199.9999937
2026-03-16 08:45:00,1468.0,1468.0,1468.0,1468.0,123.14687342,180779.61018056
2026-03-16 09:00:00,1467.0,1467.0,1467.0,1467.0,81.47511019,119523.98664873
2026-03-16 09:45:00,1467.0,1467.0,1465.0,1465.0,433.26977537,634803.13350939
2026-03-16 10:00:00,1465.0,1465.0,1465.0,1465.0,1352.50372107,1981417.95136755
2026-03-16 12:30:00,1465.0,1465.0,1464.0,1464.0,116.8920734,171201.66849513
2026-03-16 13:00:00,1468.0,1478.0,1468.0,1469.0,1009.44731497,1488609.94986288
2026-03-16 13:15:00,1465.0,1465.0,1465.0,1465.0,31.733938,46490.21917
2026-03-16 14:00:00,1465.0,1474.0,1465.0,1474.0,13.45997286,19749.99999564
2026-03-16 14:30:00,1468.0,1468.0,1467.0,1467.0,1000.0,1467500.0
2026-03-16 15:45:00,1465.0,1469.0,1464.0,1469.0,85.19427226,125000.26108682
2026-03-16 16:15:00,1467.0,1467.0,1467.0,1467.0,771.74328037,1132147.39230279
2026-03-16 17:00:00,1466.0,1466.0,1466.0,1466.0,3297.76816589,4834528.13119474
2026-03-16 17:15:00,1466.0,1466.0,1466.0,1466.0,288.32896289,422690.25959674
2026-03-16 17:30:00,1469.0,1469.0,1469.0,1469.0,20.42205582,29999.99999958
2026-03-16 18:45:00,1465.0,1465.0,1464.0,1464.0,3572.47774475,5230114.24425256
2026-03-16 19:15:00,1464.0,1473.0,1463.0,1473.0,9157.15577601,13402282.97169562
2026-03-16 19:30:00,1464.0,1464.0,1462.0,1462.0,417.63529399,610893.91077478
2026-03-16 20:00:00,1470.0,1470.0,1465.0,1465.0,717.29143808,1054384.46964635
2026-03-16 20:15:00,1465.0,1465.0,1464.0,1464.0,219.19686415,320981.2286182
2026-03-16 20:30:00,1464.0,1464.0,1464.0,1464.0,219.19686415,320904.2091156
2026-03-16 20:45:00,1464.0,1464.0,1464.0,1464.0,20.32520325,29756.097558
2026-03-16 21:00:00,1470.0,1470.0,1464.0,1464.0,13.61154807,19968.12270096
2026-03-16 21:15:00,1464.0,1464.0,1464.0,1464.0,33.94433129,49694.50100856
2026-03-16 21:30:00,1464.0,1464.0,1464.0,1464.0,638.84676714,935271.66709296
2026-03-16 22:00:00,1465.0,1469.0,1462.0,1469.0,33302.73149411,48725819.91953167
2026-03-16 22:15:00,1463.0,1463.0,1463.0,1463.0,423.16758571,619094.17789373
2026-03-16 22:30:00,1469.0,1470.0,1469.0,1469.0,1259.1287977,1849924.86536807
2026-03-16 22:45:00,1469.0,1469.0,1468.0,1468.0,5006.35556966,7349336.33183054
2026-03-16 23:00:00,1469.0,1471.0,1465.0,1471.0,565.78817422,831337.70854442
2026-03-16 23:15:00,1465.0,1465.0,1464.0,1464.0,841.60980689,1232926.3504954
2026-03-16 23:30:00,1470.0,1471.0,1465.0,1471.0,367.24849901,540071.23899218
2026-03-17 01:45:00,1471.0,1471.0,1471.0,1471.0,68.92135169,101383.30833599
2026-03-17 03:15:00,1466.0,1466.0,1466.0,1466.0,572.8902984,839857.1774544
2026-03-17 04:00:00,1464.0,1464.0,1463.0,1463.0,1021.62223973,1494704.26185841
2026-03-17 04:45:00,1463.0,1463.0,1463.0,1463.0,10.92070577,15976.99254151
2026-03-17 06:15:00,1467.0,1467.0,1467.0,1467.0,6.83526999,10027.34107533
2026-03-17 06:45:00,1463.0,1463.0,1463.0,1463.0,13.76462491,20137.64624333
2026-03-17 07:00:00,1463.0,1463.0,1463.0,1463.0,68.92135169,100831.93752247
2026-03-17 07:15:00,1467.0,1467.0,1467.0,1467.0,6.81663258,9999.99999486
2026-03-17 07:30:00,1467.0,1467.0,1467.0,1467.0,176.33291081,258680.38015827
2026-03-17 07:45:00,1467.0,1467.0,1467.0,1467.0,403.86972697,592476.88946499
2026-03-17 08:15:00,1463.0,1463.0,1463.0,1463.0,34.08316291,49863.66733733
2026-03-17 08:30:00,1467.0,1470.0,1467.0,1470.0,1729.68756445,2542585.44897134
2026-03-17 08:45:00,1470.0,1470.0,1465.0,1465.0,1781.33226445,2612572.41172018
2026-03-17 09:00:00,1465.0,1472.0,1463.0,1472.0,616.76144524,903921.31281249
2026-03-17 09:15:00,1473.0,1474.0,1473.0,1474.0,2236.42501169,3295264.30797438
2026-03-17 09:30:00,1475.0,1476.0,1465.0,1475.0,1940.24063255,2853310.51853399
2026-03-17 10:00:00,1466.0,1477.0,1466.0,1470.0,1551.13996291,2287758.73614868
2026-03-17 10:15:00,1476.0,1477.0,1476.0,1477.0,2908.35705233,4295510.40494904
2026-03-17 10:30:00,1478.0,1479.0,1478.0,1479.0,4182.56229128,6183894.08512076
2026-03-17 10:45:00,1479.0,1480.0,1479.0,1480.0,286.46744318,423956.9334064
2026-03-17 11:00:00,1480.0,1480.0,1478.0,1478.0,603.17525801,892651.29873979
2026-03-17 11:15:00,1478.0,1478.0,1478.0,1478.0,302.7500941,447464.6390798
2026-03-17 11:30:00,1478.0,1478.0,1478.0,1478.0,3.38294993,4999.99999654
2026-03-17 12:00:00,1478.0,1478.0,1478.0,1478.0,1400.54039183,2069998.69912474
2026-03-17 12:45:00,1477.0,1478.0,1474.0,1474.0,3438.68298322,5068698.80404146
2026-03-17 13:00:00,1474.0,1474.0,1474.0,1474.0,6.2006445,9139.749993
2026-03-17 13:15:00,1473.0,1473.0,1473.0,1473.0,6.78886625,9999.99998625
2026-03-17 13:45:00,1473.0,1477.0,1473.0,1477.0,64.11669529,94651.41971372
2026-03-17 14:15:00,1472.0,1472.0,1472.0,1472.0,6.79347826,9999.99999872
2026-03-17 15:15:00,1472.0,1472.0,1472.0,1472.0,0.09357408,137.74104576
2026-03-17 16:00:00,1472.0,1472.0,1470.0,1470.0,402.05302754,591069.57874337
2026-03-17 17:15:00,1476.0,1476.0,1476.0,1476.0,115.21460221,170056.75286196
2026-03-17 17:30:00,1470.0,1470.0,1470.0,1470.0,3.41365187,5018.0682489
2026-03-17 17:45:00,1470.0,1477.0,1470.0,1477.0,341.70214739,504550.8569577
2026-03-17 18:00:00,1470.0,1477.0,1470.0,1477.0,327.78668214,481892.22922638
2026-03-17 18:15:00,1470.0,1470.0,1470.0,1470.0,7.88276599,11587.6660053
2026-03-17 19:00:00,1470.0,1470.0,1470.0,1470.0,6.83526999,10047.8468853
2026-03-17 19:15:00,1477.0,1477.0,1477.0,1477.0,338.5240352,499999.9999904
2026-03-17 19:30:00,1477.0,1478.0,1470.0,1470.0,343.6533164,507607.99998226
2026-03-17 19:45:00,1478.0,1478.0,1470.0,1470.0,541.27198916,798274.08866312
2026-03-17 20:15:00,1471.0,1480.0,1471.0,1480.0,302.96361019,446863.00740618
2026-03-17 21:00:00,1471.0,1471.0,1471.0,1471.0,151.48180509,222829.73528739
2026-03-17 22:00:00,1472.0,1472.0,1472.0,1472.0,287.53622686,423253.32593792
2026-03-17 23:15:00,1472.0,1472.0,1472.0,1472.0,210.24653893,309482.90530496
2026-03-17 23:30:00,1476.0,1476.0,1472.0,1472.0,22.76278183,33552.24471332
2026-03-17 23:45:00,1476.0,1476.0,1475.0,1475.0,318.08805636,469368.21421166
2026-03-18 00:00:00,1476.0,1476.0,1476.0,1476.0,353.42876095,521660.8511622
2026-03-18 00:15:00,1477.0,1477.0,1477.0,1477.0,4.99870311,7383.08449347
2026-03-18 01:15:00,1479.0,1479.0,1479.0,1479.0,290.04429495,428975.51223105
2026-03-18 02:15:00,1472.0,1472.0,1472.0,1472.0,6.80735194,10020.42205568
2026-03-18 04:45:00,1472.0,1472.0,1472.0,1472.0,64.11669529,94379.77546688
2026-03-18 07:30:00,1472.0,1472.0,1472.0,1472.0,20.0,29440.0
2026-03-18 08:45:00,1476.0,1476.0,1476.0,1476.0,13.5501355,19999.999998
2026-03-18 09:00:00,1476.0,1476.0,1470.0,1470.0,333.40300819,490565.45781912
2026-03-18 09:15:00,1476.0,1476.0,1471.0,1471.0,532.85188209,786466.12847604
2026-03-18 09:45:00,1471.0,1471.0,1471.0,1471.0,169.03313049,248647.73495079
2026-03-18 11:15:00,1472.0,1472.0,1472.0,1472.0,12.09573748,17804.92557056
2026-03-18 11:30:00,1472.0,1472.0,1472.0,1472.0,6.90607734,10165.74584448
2026-03-18 13:15:00,1472.0,1472.0,1472.0,1472.0,63.80836885,93925.9189472
2026-03-18 14:00:00,1475.0,1475.0,1472.0,1472.0,33.89830508,49949.15253538
2026-03-18 14:30:00,1472.0,1472.0,1472.0,1472.0,233.07062066,343079.95361152
2026-03-18 15:00:00,1472.0,1472.0,1472.0,1472.0,17.82385489,26236.71439808
2026-03-18 15:15:00,1474.0,1476.0,1474.0,1476.0,184.84613,272771.66029836
2026-03-18 15:45:00,1476.0,1476.0,1472.0,1472.0,139.04850487,204693.22030684
2026-03-18 16:45:00,1472.0,1472.0,1472.0,1472.0,67.6132522,99526.7072384
2026-03-18 18:45:00,1472.0,1472.0,1472.0,1472.0,6.82593,10047.76896
2026-03-18 19:15:00,1476.0,1476.0,1476.0,1476.0,170.82365065,252135.7083594
2026-03-18 19:45:00,1476.0,1476.0,1476.0,1476.0,685.6104468,1011961.0194768
2026-03-18 20:00:00,1473.0,1473.0,1473.0,1473.0,5.5313,8147.6049
2026-03-18 20:30:00,1476.0,1476.0,1473.0,1473.0,64.48619046,95020.15313904
2026-03-18 22:15:00,1479.0,1481.0,1475.0,1475.0,2580.58906613,3819664.77553789
2026-03-18 22:30:00,1481.0,1481.0,1481.0,1481.0,302.60641679,448160.10326599
2026-03-18 23:00:00,1481.0,1481.0,1481.0,1481.0,600.22155863,888928.12833103
2026-03-18 23:15:00,1481.0,1482.0,1481.0,1481.0,1079.7437343,1599127.4610516
2026-03-18 23:30:00,1476.0,1476.0,1476.0,1476.0,13.49527665,19919.0283354
2026-03-18 23:45:00,1481.0,1483.0,1481.0,1483.0,1220.42932229,1808679.10762617
2026-03-19 00:00:00,1483.0,1483.0,1477.0,1478.0,2616.86438258,3874806.54113325
2026-03-19 00:15:00,1483.0,1484.0,1477.0,1477.0,5822.94142317,8634402.14782405
2026-03-19 00:30:00,1484.0,1484.0,1478.0,1478.0,145.94844081,216506.56910208
2026-03-19 00:45:00,1484.0,1484.0,1484.0,1484.0,1721.94682468,2555369.08782512
2026-03-19 01:15:00,1485.0,1485.0,1485.0,1485.0,152.81077551,226924.00163235
2026-03-19 01:45:00,1480.0,1480.0,1480.0,1480.0,13.46801346,19932.6599208
2026-03-19 02:15:00,1484.0,1485.0,1479.0,1479.0,845.43695584,1254068.05712742
2026-03-19 02:45:00,1479.0,1479.0,1479.0,1479.0,13.46801346,19919.19190734
2026-03-19 03:30:00,1483.0,1485.0,1483.0,1485.0,1812.52386835,2691521.32991679
2026-03-19 04:00:00,1485.0,1486.0,1485.0,1486.0,2725.87469623,4050645.09065556
2026-03-19 04:15:00,1482.0,1482.0,1482.0,1482.0,13.4589502,19946.1641964
2026-03-19 04:30:00,1486.0,1486.0,1486.0,1486.0,366.19343039,544163.43755954
2026-03-19 04:45:00,1483.0,1483.0,1483.0,1483.0,13.4589502,19959.6231466
2026-03-19 05:00:00,1483.0,1487.0,1483.0,1487.0,4814.49751352,7154011.99047703
2026-03-19 05:15:00,1487.0,1487.0,1483.0,1487.0,2352.76495149,3498520.52723427
2026-03-19 05:30:00,1483.0,1483.0,1483.0,1483.0,13.44989912,19946.20039496
2026-03-19 05:45:00,1488.0,1488.0,1488.0,1488.0,915.97434177,1362969.82055376
2026-03-19 06:00:00,1483.0,1483.0,1483.0,1483.0,2481.25156007,3679696.06358381
2026-03-19 06:30:00,1482.0,1487.0,1482.0,1487.0,279.58700239,415711.55546403
2026-03-19 06:45:00,1483.0,1487.0,1483.0,1487.0,3709.50942234,5508398.61389174
2026-03-19 07:00:00,1487.0,1487.0,1485.0,1485.0,899.91437273,1336387.19409607
2026-03-19 08:00:00,1485.0,1485.0,1485.0,1485.0,1799.97505003,2672962.94929455
2026-03-19 08:15:00,1487.0,1487.0,1487.0,1487.0,187.8405043,279318.8298941
2026-03-19 08:30:00,1487.0,1487.0,1484.0,1484.0,1260.03382707,1871905.66776411
2026-03-19 08:45:00,1487.0,1488.0,1487.0,1488.0,431.69259159,641957.69679264
2026-03-19 09:00:00,1484.0,1484.0,1484.0,1484.0,205.50208766,304965.09808744
2026-03-19 09:15:00,1485.0,1485.0,1485.0,1485.0,133.13289074,197702.3427489
2026-03-19 09:45:00,1485.0,1485.0,1484.0,1484.0,67.23781288,99793.70930099
2026-03-19 10:00:00,1484.0,1484.0,1484.0,1484.0,636.64580319,944782.37193396
2026-03-19 10:15:00,1484.0,1485.0,1484.0,1485.0,312.53535575,463828.33571637
2026-03-19 10:30:00,1483.0,1483.0,1483.0,1483.0,1946.41490261,2886533.30057063
2026-03-19 10:45:00,1483.0,1483.0,1483.0,1483.0,254.54995701,377497.58624583
2026-03-19 11:00:00,1482.0,1482.0,1482.0,1482.0,3.47510168,5150.10068976
2026-03-19 11:15:00,1482.0,1482.0,1482.0,1482.0,13.49527665,19999.9999953
2026-03-19 11:45:00,1482.0,1482.0,1482.0,1482.0,90.41674839,133997.62111398
2026-03-19 12:00:00,1482.0,1482.0,1482.0,1482.0,1420.07860537,2104556.49315834
2026-03-19 12:15:00,1482.0,1484.0,1482.0,1484.0,314.82282739,467015.67919034
2026-03-19 12:30:00,1485.0,1487.0,1485.0,1487.0,261.08697131,388026.07979905
2026-03-19 12:45:00,1487.0,1487.0,1487.0,1487.0,2048.47625945,3046084.19780215
2026-03-19 13:30:00,1487.0,1487.0,1487.0,1487.0,3.39609952,5049.99998624
2026-03-19 14:15:00,1487.0,1487.0,1487.0,1487.0,6.05985205,9010.99999835
2026-03-19 15:30:00,1481.0,1481.0,1481.0,1481.0,25.86778337,38310.18717097
2026-03-19 16:00:00,1481.0,1481.0,1481.0,1481.0,222.56998654,329626.15006574
2026-03-19 17:30:00,1487.0,1488.0,1487.0,1488.0,126.79914349,188669.24893708
2026-03-19 18:30:00,1488.0,1488.0,1488.0,1488.0,265.90120967,395660.99998896
2026-03-19 19:00:00,1486.0,1488.0,1486.0,1488.0,328.02012971,487827.69769528
2026-03-19 21:30:00,1488.0,1488.0,1488.0,1488.0,4.03225806,5999.99999328
2026-03-19 21:45:00,1488.0,1488.0,1488.0,1488.0,4991.94973648,7428021.20788224
2026-03-19 22:00:00,1489.0,1489.0,1484.0,1489.0,136.27541081,202896.78683179
2026-03-19 22:15:00,1489.0,1489.0,1489.0,1489.0,166.17560792,247435.48019288
2026-03-19 22:45:00,1489.0,1489.0,1488.0,1488.0,237.58629684,353759.27470799
2026-03-19 23:15:00,1485.0,1485.0,1485.0,1485.0,6.05985205,8998.88029425
2026-03-19 23:30:00,1485.0,1488.0,1485.0,1488.0,1277.91305519,1897984.73649124
2026-03-19 23:45:00,1488.0,1488.0,1488.0,1488.0,6.6257253,9859.0792464
2026-03-20 00:30:00,1488.0,1488.0,1488.0,1488.0,122.18963316,181818.17414208
2026-03-20 01:30:00,1489.0,1489.0,1489.0,1489.0,8.01425445,11933.22487605
2026-03-20 02:15:00,1488.0,1488.0,1488.0,1488.0,361.51789816,537938.63246208
2026-03-20 02:30:00,1488.0,1488.0,1484.0,1484.0,21.45511466,31893.15359628
2026-03-20 04:00:00,1484.0,1484.0,1483.0,1483.0,706.54309688,1047922.94059798
2026-03-20 04:15:00,1482.0,1482.0,1482.0,1482.0,6792.83502647,10066981.50922854
2026-03-20 06:30:00,1481.0,1481.0,1479.0,1479.0,2538.85710206,3756517.8814579
2026-03-20 07:15:00,1484.0,1484.0,1477.0,1477.0,6772.96309074,10050234.37583156
2026-03-20 07:30:00,1484.0,1485.0,1484.0,1485.0,383.29875138,569005.45386116
2026-03-20 08:00:00,1480.0,1480.0,1480.0,1480.0,6.78886625,10047.52205
2026-03-20 08:30:00,1486.0,1489.0,1486.0,1489.0,335.84742656,499999.9999915
2026-03-20 09:30:00,1488.0,1489.0,1488.0,1489.0,672.65896937,1001448.83148326
2026-03-20 10:00:00,1487.0,1487.0,1487.0,1487.0,8.74243443,12999.99999741
2026-03-20 10:30:00,1487.0,1487.0,1484.0,1484.0,200.0,297236.53999924
2026-03-20 11:30:00,1489.0,1489.0,1489.0,1489.0,1414.02261956,2105479.68052484
2026-03-20 11:45:00,1489.0,1489.0,1489.0,1489.0,3.42511752,5099.99998728
2026-03-20 12:00:00,1485.0,1485.0,1485.0,1485.0,15.66131429,23257.05172065
2026-03-20 12:15:00,1485.0,1485.0,1485.0,1485.0,4.04040405,6000.00001425
2026-03-20 12:45:00,1485.0,1485.0,1485.0,1485.0,265.90120967,394863.29635995
2026-03-20 13:00:00,1485.0,1485.0,1485.0,1485.0,203.11442112,301624.9153632
2026-03-20 13:30:00,1490.0,1490.0,1490.0,1490.0,5208.15445722,7760150.1412578
2026-03-20 14:45:00,1490.0,1490.0,1490.0,1490.0,476.09207522,709377.1920778
2026-03-20 15:00:00,1490.0,1492.0,1490.0,1492.0,112.35421694,167527.56157764
2026-03-20 15:15:00,1490.0,1492.0,1490.0,1492.0,614.14923113,916303.81290068
2026-03-20 15:30:00,1492.0,1492.0,1492.0,1492.0,6.70241286,9999.99998712
2026-03-20 15:45:00,1488.0,1492.0,1488.0,1492.0,10.72947511,15981.45896368
2026-03-20 16:00:00,1492.0,1492.0,1492.0,1492.0,176.71239966,263654.90029272
2026-03-20 16:15:00,1489.0,1489.0,1488.0,1488.0,120.59060828,179461.38670754
2026-03-20 20:00:00,1489.0,1489.0,1489.0,1489.0,40.0,59560.0
2026-03-20 20:30:00,1489.0,1489.0,1489.0,1489.0,6.72158708,10008.44316212
2026-03-20 21:00:00,1492.0,1493.0,1492.0,1493.0,1434.61762804,2141875.28419683
2026-03-20 21:30:00,1489.0,1493.0,1489.0,1493.0,919.95264573,1372932.88992808
2026-03-20 21:45:00,1493.0,1493.0,1493.0,1493.0,3458.37844904,5163359.02441672
2026-03-20 22:00:00,1494.0,1494.0,1494.0,1494.0,682.41715821,1019531.23436574
2026-03-20 22:15:00,1494.0,1494.0,1494.0,1494.0,1566.84177162,2340861.60680028
2026-03-20 23:15:00,1494.0,1494.0,1494.0,1494.0,153.24880132,228953.70917208
2026-03-21 00:00:00,1494.0,1495.0,1494.0,1495.0,124.36234332,185917.9566694
2026-03-21 00:15:00,1496.0,1498.0,1496.0,1498.0,33.35208453,49922.39056724
2026-03-21 00:45:00,1497.0,1497.0,1497.0,1497.0,119.99582777,179633.75417169
2026-03-21 01:00:00,1495.0,1495.0,1495.0,1495.0,125.48929967,187606.50300665
2026-03-21 02:30:00,1490.0,1490.0,1490.0,1490.0,12.63938636,18832.6856764
2026-03-21 03:15:00,1494.0,1494.0,1494.0,1494.0,38.82599441,58006.03564854
2026-03-21 03:30:00,1494.0,1494.0,1494.0,1494.0,20.91390716,31245.37729704
2026-03-21 03:45:00,1494.0,1494.0,1494.0,1494.0,29.34674408,43844.03565552
2026-03-21 05:30:00,1498.0,1498.0,1498.0,1498.0,952.14658078,1426315.57800844
2026-03-21 05:45:00,1498.0,1498.0,1498.0,1498.0,365.90444992,548124.86598016
2026-03-21 06:00:00,1498.0,1498.0,1498.0,1498.0,50.0764304,75014.4927392
2026-03-21 06:15:00,1495.0,1495.0,1495.0,1495.0,1193.0230307,1783569.4308965
2026-03-21 07:45:00,1493.0,1493.0,1493.0,1493.0,6.93962526,10360.86051318
2026-03-21 08:45:00,1493.0,1493.0,1493.0,1493.0,4.03770701,6028.29656593
2026-03-21 09:00:00,1495.0,1496.0,1495.0,1496.0,721.72054341,1078976.22309313
2026-03-21 10:00:00,1493.0,1493.0,1493.0,1493.0,7.06464949,10547.52168857
2026-03-21 10:15:00,1493.0,1493.0,1493.0,1493.0,104.75849649,156404.43525957
2026-03-21 11:30:00,1493.0,1493.0,1493.0,1493.0,161.87008536,241672.03744248
2026-03-21 12:00:00,1495.0,1497.0,1495.0,1497.0,1045.08333006,1564447.50080591
2026-03-21 12:15:00,1495.0,1495.0,1495.0,1495.0,1041.73663668,1557396.2718366
2026-03-21 12:30:00,1498.0,1498.0,1498.0,1498.0,10.01335113,14999.99999274
2026-03-21 13:00:00,1495.0,1495.0,1495.0,1495.0,2156.40921777,3223831.78056615
2026-03-21 13:15:00,1495.0,1496.0,1495.0,1496.0,3439.02532431,5141978.29438553
2026-03-21 14:00:00,1499.0,1499.0,1499.0,1499.0,5.81910243,8722.83454257
2026-03-21 14:15:00,1496.0,1496.0,1496.0,1496.0,95.35025335,142643.9790116
2026-03-21 14:30:00,1499.0,1499.0,1499.0,1499.0,333.5557038,499999.9999962
2026-03-21 14:45:00,1498.0,1498.0,1498.0,1498.0,66.75567423,99999.99999654
2026-03-21 15:00:00,1496.0,1496.0,1496.0,1496.0,55.89553283,83619.71711368
2026-03-21 15:15:00,1498.0,1498.0,1498.0,1498.0,13.35113484,19999.99999032
2026-03-21 16:00:00,1498.0,1498.0,1498.0,1498.0,0.3558095,533.002631
2026-03-21 16:15:00,1499.0,1500.0,1499.0,1500.0,116.66993916,174996.99999072
2026-03-21 16:30:00,1500.0,1500.0,1500.0,1500.0,303.48958853,455234.382795
2026-03-21 17:00:00,1499.0,1499.0,1499.0,1499.0,6.67111407,9999.99999093
2026-03-21 17:15:00,1500.0,1500.0,1500.0,1500.0,6.65733333,9985.999995
2026-03-21 17:45:00,1500.0,1500.0,1497.0,1500.0,19.93496832,29892.19957503
2026-03-21 18:30:00,1500.0,1500.0,1500.0,1500.0,6.66333499,9995.002485
2026-03-21 18:45:00,1497.0,1497.0,1497.0,1497.0,913.184,1367036.448
2026-03-21 19:45:00,1498.0,1498.0,1498.0,1498.0,5.50926139,8252.87356222
2026-03-21 20:45:00,1498.0,1498.0,1498.0,1498.0,18.61684414,27888.03252172
2026-03-21 21:00:00,1500.0,1500.0,1498.0,1498.0,526.10585458,788239.90349416
2026-03-21 23:15:00,1500.0,1501.0,1500.0,1501.0,3218.52098599,4829988.00796567
2026-03-21 23:30:00,1501.0,1518.0,1500.0,1500.0,1275.0110696,1916066.21793407
2026-03-21 23:45:00,1500.0,1500.0,1498.0,1498.0,433.11124806,649427.20078348
2026-03-22 00:30:00,1509.0,1509.0,1499.0,1499.0,7.28959574,10963.55199296
2026-03-22 00:45:00,1499.0,1499.0,1499.0,1499.0,4.0,5996.0
2026-03-22 01:15:00,1501.0,1501.0,1501.0,1501.0,266.48900732,399999.99998732
2026-03-22 01:30:00,1501.0,1501.0,1501.0,1501.0,185.42960365,278329.83507865
2026-03-22 02:30:00,1499.0,1500.0,1498.0,1500.0,1482.96020525,2222884.13024593
2026-03-22 02:45:00,1498.0,1498.0,1498.0,1498.0,529.23305912,792791.12256176
2026-03-22 03:30:00,1509.0,1509.0,1504.0,1504.0,179.25690537,269999.99999058
2026-03-22 03:45:00,1502.0,1502.0,1498.0,1498.0,33.24468085,49825.7628133
2026-03-22 04:00:00,1498.0,1498.0,1498.0,1498.0,112.85619615,169058.5818327
2026-03-22 04:15:00,1498.0,1498.0,1498.0,1498.0,33.8334,50682.4332
2026-03-22 04:30:00,1503.0,1503.0,1503.0,1503.0,3.99201596,5999.99998788
2026-03-22 07:00:00,1503.0,1509.0,1501.0,1501.0,356.77801209,536282.84187269
2026-03-22 07:30:00,1500.0,1500.0,1500.0,1500.0,666.66666666,999999.99999
2026-03-22 07:45:00,1498.0,1498.0,1498.0,1498.0,331.7681,496988.6138
2026-03-22 08:45:00,1502.0,1507.0,1501.0,1507.0,2059.63570006,3091684.68578003
2026-03-22 09:00:00,1507.0,1507.0,1501.0,1501.0,2753.74181469,4148703.41261529
2026-03-22 10:45:00,1501.0,1501.0,1501.0,1501.0,333.5557038,500667.1114038
2026-03-22 11:00:00,1505.0,1505.0,1505.0,1505.0,124.51495016,187394.9999908
2026-03-22 11:15:00,1501.0,1501.0,1501.0,1501.0,919.35737008,1379955.41249008
2026-03-22 11:30:00,1502.0,1502.0,1501.0,1501.0,185.42960365,278336.49286826
2026-03-22 13:00:00,1502.0,1502.0,1500.0,1500.0,411.22780094,617420.59151648
2026-03-22 13:15:00,1500.0,1500.0,1500.0,1500.0,421.18139948,631772.09922
2026-03-22 16:30:00,1500.0,1502.0,1498.0,1502.0,7047.0458807,10584459.55350213
2026-03-22 17:00:00,1502.0,1503.0,1502.0,1503.0,468.05950445,703489.98676696
2026-03-22 17:15:00,1504.0,1504.0,1499.0,1499.0,149.80112136,225154.31761864
2026-03-22 17:45:00,1499.0,1499.0,1499.0,1499.0,15.448789,23157.734711
2026-03-22 19:00:00,1499.0,1499.0,1499.0,1499.0,1096.03565288,1642957.44366712
2026-03-22 19:30:00,1499.0,1499.0,1499.0,1499.0,18.49174463,27719.12520037
2026-03-22 19:45:00,1501.0,1501.0,1501.0,1501.0,30.85133669,46307.85637169
2026-03-22 20:15:00,1500.0,1500.0,1500.0,1500.0,151.51060305,227265.904575
2026-03-22 20:45:00,1500.0,1500.0,1500.0,1500.0,26.57894736,39868.42104
2026-03-22 21:00:00,1500.0,1500.0,1499.0,1499.0,19.93619998,29890.96663668
2026-03-22 21:15:00,1499.0,1500.0,1499.0,1500.0,26.94918022,40402.72399902
2026-03-22 21:45:00,1500.0,1500.0,1500.0,1500.0,280.90055412,421350.83118
2026-03-22 22:00:00,1500.0,1500.0,1500.0,1500.0,765.00639552,1147509.59328
2026-03-22 22:15:00,1500.0,1500.0,1500.0,1500.0,824.34257869,1236513.868035
2026-03-22 22:30:00,1500.0,1500.0,1500.0,1500.0,120.41138613,180617.079195
2026-03-22 23:45:00,1501.0,1501.0,1501.0,1501.0,6.66222518,9999.99999518
2026-03-23 00:15:00,1502.0,1502.0,1502.0,1502.0,6.65778961,9999.99999422
2026-03-23 02:15:00,1498.0,1498.0,1498.0,1498.0,3.34672021,5013.38687458
2026-03-23 02:30:00,1498.0,1498.0,1498.0,1498.0,6.65778961,9973.36883578
2026-03-23 03:30:00,1502.0,1502.0,1499.0,1499.0,1062.62094488,1596014.5900477
2026-03-23 05:00:00,1503.0,1503.0,1503.0,1503.0,6.65335994,9999.99998982
2026-03-23 06:00:00,1504.0,1506.0,1504.0,1505.0,94.26492272,141856.85023251
2026-03-23 06:15:00,1507.0,1508.0,1507.0,1508.0,2983.23818287,4498315.5885299
2026-03-23 06:30:00,1507.0,1507.0,1507.0,1507.0,1000.0,1507000.0
2026-03-23 07:00:00,1507.0,1507.0,1507.0,1507.0,4.48755806,6762.74999642
2026-03-23 07:30:00,1506.0,1506.0,1500.0,1505.0,283.15412449,426203.85058548
2026-03-23 08:00:00,1505.0,1505.0,1504.0,1504.0,805.83502075,1212769.29252875
2026-03-23 08:30:00,1504.0,1504.0,1504.0,1504.0,41.30807531,62127.34526624
2026-03-23 09:00:00,1501.0,1501.0,1501.0,1501.0,7.93556001,11911.27557501
2026-03-23 09:15:00,1499.0,1499.0,1499.0,1499.0,196.37553065,294366.92044435
2026-03-23 09:30:00,1501.0,1501.0,1501.0,1501.0,333.33333333,500333.33332833
2026-03-23 10:15:00,1501.0,1501.0,1497.0,1501.0,4106.91652105,6155924.936082
2026-03-23 10:45:00,1501.0,1501.0,1497.0,1501.0,2180.55387773,3272878.56834793
2026-03-23 11:30:00,1497.0,1502.0,1497.0,1502.0,361.74540519,543244.73820793
2026-03-23 12:00:00,1498.0,1498.0,1498.0,1498.0,3.3902,5078.5196
2026-03-23 12:30:00,1498.0,1498.0,1498.0,1498.0,450.49039733,674834.61520034
2026-03-23 14:15:00,1498.0,1498.0,1498.0,1498.0,671.82279741,1006390.55052018
2026-03-23 14:30:00,1498.0,1498.0,1498.0,1498.0,339.71395455,508891.5039159
2026-03-23 14:45:00,1498.0,1498.0,1498.0,1498.0,70.8528883,106137.6266734
2026-03-23 15:00:00,1500.0,1504.0,1500.0,1504.0,1123.36585817,1685976.33719858
2026-03-23 15:15:00,1504.0,1504.0,1504.0,1504.0,1136.7377733,1709653.6110432
2026-03-23 15:30:00,1504.0,1506.0,1504.0,1506.0,1289.09354043,1940842.07129572
2026-03-23 16:00:00,1500.0,1500.0,1500.0,1500.0,52.57260869,78858.913035
2026-03-23 16:15:00,1506.0,1507.0,1506.0,1507.0,289.03155297,435451.57665468
2026-03-23 16:45:00,1501.0,1505.0,1500.0,1505.0,421.03377206,632328.85887856
2026-03-23 17:15:00,1500.0,1500.0,1500.0,1500.0,6.2021,9303.15
2026-03-23 18:00:00,1500.0,1500.0,1500.0,1500.0,27.37850787,41067.761805
2026-03-23 18:15:00,1500.0,1500.0,1499.0,1499.0,36.34726904,54505.79999462
2026-03-23 19:00:00,1499.0,1499.0,1499.0,1499.0,652.7673294,978498.2267706
2026-03-23 19:30:00,1505.0,1505.0,1505.0,1505.0,3.32225913,4999.99999065
2026-03-23 20:00:00,1499.0,1504.0,1493.0,1493.0,8628.31344845,12921632.76106541
2026-03-23 20:15:00,1493.0,1495.0,1492.0,1495.0,46.02275131,68714.2570758
2026-03-23 20:30:00,1491.0,1495.0,1490.0,1495.0,5318.09724676,7923989.99922931
2026-03-23 21:30:00,1490.0,1492.0,1490.0,1492.0,51.88125809,77344.62951388
2026-03-23 21:45:00,1490.0,1490.0,1490.0,1490.0,103.12440971,153655.3704679
2026-03-23 22:00:00,1489.0,1489.0,1488.0,1488.0,5931.42433196,8831879.19153044
2026-03-23 22:15:00,1488.0,1488.0,1487.0,1487.0,20.66782062,30736.96540093
2026-03-23 22:30:00,1489.0,1489.0,1487.0,1488.0,3329.52287602,4957519.12640098
2026-03-23 22:45:00,1488.0,1488.0,1487.0,1488.0,2753.85502796,4097703.30126232
2026-03-23 23:00:00,1487.0,1487.0,1486.0,1486.0,190.64562472,283303.43330365
2026-03-23 23:15:00,1485.0,1485.0,1484.0,1484.0,60.94480132,90456.89997369
2026-03-23 23:30:00,1483.0,1483.0,1478.0,1482.0,4128.97432221,6106201.3881376
2026-03-23 23:45:00,1482.0,1482.0,1482.0,1482.0,524.55402701,777389.06802882
2026-03-24 00:00:00,1483.0,1483.0,1477.0,1477.0,188.04302519,278143.55423867
2026-03-24 00:30:00,1483.0,1483.0,1483.0,1483.0,160.37267167,237832.67208661
2026-03-24 00:45:00,1485.0,1486.0,1485.0,1486.0,128.61117478,191061.25719034
2026-03-24 01:45:00,1486.0,1486.0,1486.0,1486.0,160.81764706,238975.02353116
2026-03-24 02:15:00,1486.0,1486.0,1486.0,1486.0,227.75510204,338444.08163144
2026-03-24 03:00:00,1484.0,1484.0,1478.0,1478.0,1053.76806886,1563748.1532488
2026-03-24 04:00:00,1478.0,1478.0,1478.0,1478.0,3.70619946,5477.76280188
2026-03-24 04:15:00,1478.0,1478.0,1478.0,1478.0,6.32846715,9353.4744477
2026-03-24 05:15:00,1483.0,1484.0,1478.0,1478.0,80.91312502,119794.79936593
2026-03-24 06:45:00,1478.0,1478.0,1478.0,1478.0,558.96704385,826153.2908103
2026-03-24 07:00:00,1483.0,1484.0,1483.0,1484.0,263.88145935,391579.85641173
2026-03-24 07:30:00,1478.0,1478.0,1478.0,1478.0,167.69011315,247845.9872357
2026-03-24 07:45:00,1478.0,1478.0,1478.0,1478.0,754.60550921,1115306.94261238
2026-03-24 08:00:00,1482.0,1483.0,1482.0,1483.0,2011.10365413,2982400.2775037
2026-03-24 08:45:00,1483.0,1483.0,1483.0,1483.0,3.44842139,5114.00892137
2026-03-24 09:00:00,1483.0,1483.0,1482.0,1482.0,788.95127298,1169328.89111535
2026-03-24 09:15:00,1482.0,1482.0,1482.0,1482.0,230.86501007,342141.94492374
2026-03-24 09:30:00,1486.0,1489.0,1486.0,1489.0,3863.55205688,5752481.84852131
2026-03-24 09:45:00,1480.0,1490.0,1480.0,1490.0,1631.25369028,2429817.14527494
2026-03-24 10:15:00,1491.0,1491.0,1489.0,1489.0,2041.053628,3043124.282948
2026-03-24 11:15:00,1491.0,1495.0,1491.0,1495.0,124.20003291,185413.99999831
2026-03-24 11:45:00,1493.0,1504.0,1493.0,1495.0,680.06534062,1016694.58632287
2026-03-24 12:00:00,1495.0,1495.0,1489.0,1492.0,3243.509917,4834798.02902222
2026-03-24 12:45:00,1493.0,1493.0,1493.0,1493.0,3.34896182,4999.99999726
2026-03-24 13:00:00,1493.0,1493.0,1493.0,1493.0,6.69792364,9999.99999452
2026-03-24 13:45:00,1493.0,1493.0,1493.0,1493.0,142.23296924,212353.82307532
2026-03-24 14:00:00,1493.0,1493.0,1493.0,1493.0,114.31352057,170670.08621101
2026-03-24 14:30:00,1493.0,1493.0,1493.0,1493.0,1466.7482066,2189855.0724538
2026-03-24 14:45:00,1491.0,1491.0,1491.0,1491.0,125.02494942,186412.19958522
2026-03-24 15:00:00,1491.0,1491.0,1490.0,1490.0,205.54193585,306382.50936592
2026-03-24 15:30:00,1490.0,1490.0,1490.0,1490.0,158.78726289,236593.0217061
2026-03-24 16:00:00,1488.0,1488.0,1488.0,1488.0,192.75788179,286823.72810352
2026-03-24 17:30:00,1488.0,1498.0,1488.0,1498.0,62.40048674,93012.13788722
2026-03-24 19:00:00,1498.0,1498.0,1498.0,1498.0,88.9575239,133258.3708022
2026-03-24 19:15:00,1489.0,1493.0,1487.0,1487.0,247.31696739,368199.93893761
2026-03-24 19:30:00,1491.0,1491.0,1491.0,1491.0,53.65526492,79999.99999572
2026-03-24 20:15:00,1489.0,1490.0,1489.0,1490.0,1345.22512082,2003170.51644528
2026-03-24 21:00:00,1490.0,1490.0,1490.0,1490.0,439.69073606,655139.1967294
2026-03-24 21:30:00,1490.0,1490.0,1490.0,1490.0,1191.38596897,1775165.0937653
2026-03-24 21:45:00,1491.0,1491.0,1491.0,1491.0,18.10865191,26999.99999781
2026-03-24 22:45:00,1491.0,1491.0,1491.0,1491.0,318.36510313,474682.36876683
2026-03-24 23:15:00,1492.0,1494.0,1492.0,1494.0,516.0493454,769959.01021764
2026-03-25 00:30:00,1494.0,1495.0,1494.0,1495.0,123.30551755,184275.99998685
2026-03-25 01:30:00,1490.0,1490.0,1490.0,1490.0,1980.0,2950200.0
2026-03-25 02:00:00,1494.0,1494.0,1494.0,1494.0,133.3177288,199176.6868272
2026-03-25 08:00:00,1493.0,1493.0,1493.0,1493.0,15.0,22395.0
2026-03-25 08:45:00,1491.0,1491.0,1490.0,1490.0,20.12074243,29986.60414434
2026-03-25 09:00:00,1490.0,1490.0,1489.0,1489.0,3143.73478569,4681027.13616086
2026-03-25 09:15:00,1488.0,1488.0,1488.0,1488.0,1458.39847084,2170096.92460992
2026-03-25 10:15:00,1488.0,1490.0,1488.0,1490.0,419.33318901,624000.00001198
2026-03-25 11:30:00,1490.0,1490.0,1490.0,1490.0,9.69917725,14451.7741025
2026-03-25 12:00:00,1489.0,1489.0,1489.0,1489.0,163.49198055,243439.55903895
2026-03-25 12:30:00,1492.0,1500.0,1489.0,1489.0,218.71721114,326258.87171089
2026-03-25 13:00:00,1489.0,1489.0,1489.0,1489.0,6.04026845,8993.95972205
2026-03-25 13:15:00,1490.0,1490.0,1490.0,1490.0,25.70135304,38295.0160296
2026-03-25 13:30:00,1500.0,1504.0,1495.0,1495.0,139.63758693,209237.75240214
2026-03-25 13:45:00,1495.0,1500.0,1491.0,1500.0,87.07712357,129982.74385753
2026-03-25 14:00:00,1495.0,1499.0,1489.0,1489.0,546.92848003,815344.16133851
2026-03-25 14:30:00,1489.0,1489.0,1489.0,1489.0,123.30551755,183601.91563195
2026-03-25 17:15:00,1490.0,1499.0,1490.0,1499.0,1164.63347116,1735615.23846265
2026-03-25 17:30:00,1499.0,1499.0,1499.0,1499.0,7.33822548,10999.99999452
2026-03-25 18:30:00,1499.0,1499.0,1499.0,1499.0,220.1467645,329999.9999855
2026-03-25 18:45:00,1489.0,1489.0,1488.0,1488.0,284.95837873,424109.80126996
2026-03-25 19:00:00,1488.0,1488.0,1487.0,1487.0,1040.64389113,1548393.39180823
2026-03-25 19:15:00,1487.0,1487.0,1487.0,1487.0,14.21721571,21140.99976077
2026-03-25 19:30:00,1487.0,1487.0,1487.0,1487.0,67.72861313,100712.44772431
2026-03-25 22:30:00,1492.0,1492.0,1492.0,1492.0,33.5120643,49999.9999356
2026-03-25 22:45:00,1492.0,1492.0,1492.0,1492.0,33.5120643,49999.9999356
2026-03-25 23:00:00,1492.0,1492.0,1488.0,1488.0,23.66911274,35299.63975712
2026-03-25 23:15:00,1488.0,1491.0,1488.0,1491.0,6.88437198,10254.09966171
2026-03-26 00:00:00,1488.0,1488.0,1488.0,1488.0,6.6257253,9859.0792464
2026-03-26 00:15:00,1488.0,1492.0,1488.0,1492.0,1032.79461523,1537312.63319493
2026-03-26 01:15:00,1492.0,1492.0,1492.0,1492.0,84.35831704,125862.60902368
2026-03-26 01:45:00,1493.0,1493.0,1493.0,1493.0,33.48961821,49999.99998753
2026-03-26 03:15:00,1493.0,1493.0,1486.0,1486.0,133.89149362,199560.98501103
2026-03-26 07:15:00,1493.0,1504.0,1491.0,1499.0,511.42522162,767034.08029059
2026-03-26 07:30:00,1493.0,1493.0,1493.0,1493.0,13.88896167,20736.21977331
2026-03-26 07:45:00,1493.0,1493.0,1492.0,1492.0,106.09228666,158304.68954533
2026-03-26 08:15:00,1492.0,1492.0,1491.0,1491.0,5.532423,8253.59002967
2026-03-26 08:30:00,1493.0,1500.0,1493.0,1500.0,258.64089778,386899.0555224
2026-03-26 08:45:00,1494.0,1494.0,1494.0,1494.0,3.47635135,5193.6689169
2026-03-26 09:00:00,1494.0,1504.0,1494.0,1503.0,132.66979809,199351.64761897
2026-03-26 10:15:00,1494.0,1494.0,1494.0,1494.0,40.61360171,60676.72095474
2026-03-26 10:30:00,1494.0,1494.0,1494.0,1494.0,19.79235287,29569.77518778
2026-03-26 11:00:00,1494.0,1494.0,1494.0,1494.0,8.58441594,12825.11741436
2026-03-26 14:45:00,1497.0,1497.0,1497.0,1497.0,145.69997404,218112.86113788
2026-03-26 16:00:00,1500.0,1500.0,1500.0,1500.0,93.33333333,139999.999995
2026-03-26 16:45:00,1495.0,1495.0,1495.0,1495.0,67.98096532,101631.5431534
2026-03-26 17:30:00,1501.0,1501.0,1501.0,1501.0,83.27781475,124999.99993975
2026-03-26 18:00:00,1501.0,1501.0,1501.0,1501.0,122.86461699,184419.79010199
2026-03-26 19:00:00,1502.0,1503.0,1502.0,1503.0,320.14993979,481181.99476682
2026-03-26 19:15:00,1503.0,1504.0,1503.0,1504.0,557.78393049,838645.24646848
2026-03-26 19:30:00,1504.0,1518.0,1480.0,1500.0,76495.95292002,114937497.82297844
2026-03-26 19:45:00,1495.0,1501.0,1494.0,1501.0,6713.45637897,10045381.11983703
2026-03-26 20:15:00,1501.0,1509.0,1500.0,1502.0,2693.82844657,4051733.10741191
2026-03-26 20:30:00,1510.0,1511.0,1502.0,1502.0,185.93041367,280812.86133046
2026-03-26 20:45:00,1510.0,1510.0,1505.0,1510.0,133.51268846,201587.35849935
2026-03-26 21:00:00,1506.0,1506.0,1502.0,1502.0,84.67212923,127360.59519155
2026-03-26 21:15:00,1505.0,1505.0,1505.0,1505.0,46.57351962,70093.1470281
2026-03-26 21:45:00,1505.0,1505.0,1505.0,1505.0,6.58262654,9906.8529427
2026-03-26 22:00:00,1505.0,1516.0,1505.0,1505.0,1224.53630522,1846683.03180668
2026-03-26 22:15:00,1515.0,1518.0,1500.0,1501.0,6484.24611758,9792323.01791126
2026-03-26 22:30:00,1505.0,1505.0,1504.0,1505.0,1275.49804465,1918598.74647688
2026-03-26 22:45:00,1502.0,1502.0,1502.0,1502.0,5.90284924,8866.07955848
2026-03-26 23:00:00,1502.0,1502.0,1502.0,1502.0,6.69344042,10053.54751084
2026-03-27 00:00:00,1503.0,1507.0,1503.0,1507.0,378.5371557,570375.4936399
2026-03-27 00:15:00,1508.0,1508.0,1508.0,1508.0,494.61606686,745881.02882488
2026-03-27 01:00:00,1508.0,1508.0,1508.0,1508.0,722.35036032,1089304.34336256
2026-03-27 01:30:00,1508.0,1508.0,1506.0,1506.0,770.17567865,1159993.95747246
2026-03-27 01:45:00,1506.0,1506.0,1506.0,1506.0,732.04890992,1102465.65833952
2026-03-27 03:00:00,1504.0,1504.0,1504.0,1504.0,275.37814837,414168.73514848
2026-03-27 03:15:00,1512.0,1513.0,1512.0,1513.0,327.20461599,494860.35968894
2026-03-27 04:15:00,1504.0,1504.0,1504.0,1504.0,3.66911274,5518.34556096
2026-03-27 06:15:00,1506.0,1506.0,1506.0,1506.0,146.42061582,220509.44742492
2026-03-27 06:45:00,1506.0,1517.0,1505.0,1517.0,1425.0946269,2148624.73767698
2026-03-27 07:15:00,1517.0,1517.0,1517.0,1517.0,1688.44516436,2561371.31433412
2026-03-27 07:30:00,1518.0,1518.0,1508.0,1517.0,372.55677285,562591.9084819
2026-03-27 07:45:00,1510.0,1510.0,1510.0,1510.0,90.40545952,136512.2438752
2026-03-27 08:45:00,1508.0,1510.0,1504.0,1510.0,2033.2870167,3066018.98399914
2026-03-27 09:00:00,1511.0,1511.0,1504.0,1504.0,987.4192492,1486495.29769489
2026-03-27 09:15:00,1504.0,1505.0,1504.0,1505.0,105.07177377,158113.04615501
2026-03-27 09:30:00,1511.0,1511.0,1505.0,1505.0,1898.12929071,2864527.69309179
2026-03-27 09:45:00,1512.0,1512.0,1512.0,1512.0,21.26256613,32148.99998856
2026-03-27 10:00:00,1512.0,1512.0,1512.0,1512.0,5.37037037,8119.99999944
2026-03-27 10:15:00,1505.0,1508.0,1501.0,1501.0,1781.98740793,2680535.64513908
2026-03-27 10:30:00,1508.0,1508.0,1508.0,1508.0,559.18988111,843258.34071388
2026-03-27 10:45:00,1508.0,1508.0,1508.0,1508.0,501.05172056,755585.99460448
2026-03-27 12:45:00,1501.0,1501.0,1501.0,1501.0,272.80373418,409478.40500418
2026-03-27 13:00:00,1507.0,1508.0,1507.0,1508.0,1457.25050943,2197289.76289619
2026-03-27 14:15:00,1505.0,1505.0,1505.0,1505.0,8.35487028,12574.0797714
2026-03-27 14:45:00,1505.0,1505.0,1505.0,1505.0,870.28580899,1309780.14252995
2026-03-27 15:30:00,1505.0,1505.0,1505.0,1505.0,12.53230543,18861.11967215
2026-03-27 16:30:00,1505.0,1505.0,1505.0,1505.0,73.10093994,110016.9146097
2026-03-27 17:30:00,1510.0,1512.0,1510.0,1512.0,1274.53978676,1925674.41022732
2026-03-27 18:00:00,1506.0,1512.0,1506.0,1512.0,137.88220289,208437.32281842
2026-03-27 18:15:00,1512.0,1512.0,1510.0,1510.0,39.71330133,60033.22257442
2026-03-27 18:30:00,1510.0,1510.0,1510.0,1510.0,37.5716,56733.116
2026-03-27 19:30:00,1511.0,1520.0,1511.0,1512.0,3034.50754062,4596645.97340215
2026-03-27 19:45:00,1518.0,1518.0,1512.0,1512.0,20.70860133,31335.12062592
2026-03-27 20:00:00,1512.0,1512.0,1512.0,1512.0,10.7114,16195.6368
2026-03-27 20:15:00,1517.0,1517.0,1510.0,1510.0,466.07785789,705565.33620769
2026-03-27 20:30:00,1516.0,1516.0,1516.0,1516.0,19.7889182,29999.9999912
2026-03-27 20:45:00,1516.0,1531.0,1510.0,1511.0,2694.63238472,4082802.56439086
2026-03-27 21:00:00,1515.0,1516.0,1515.0,1516.0,279.36524796,423266.80758536
2026-03-27 21:30:00,1516.0,1516.0,1516.0,1516.0,3.29881266,5000.99999256
2026-03-27 21:45:00,1516.0,1516.0,1512.0,1512.0,39.09879213,59137.98986272
2026-03-27 22:00:00,1512.0,1512.0,1512.0,1512.0,178.15404054,269368.90929648
2026-03-27 22:15:00,1513.0,1536.0,1513.0,1520.0,3997.58082335,6077710.70340755
2026-03-27 22:30:00,1521.0,1521.0,1513.0,1513.0,266.32726471,404054.19746739
2026-03-27 22:45:00,1519.0,1519.0,1517.0,1517.0,207.41991287,314732.03721897
2026-03-27 23:15:00,1516.0,1517.0,1516.0,1517.0,1148.91765105,1742453.13559971
2026-03-28 00:00:00,1517.0,1517.0,1515.0,1515.0,26.36783124,39973.63215984
2026-03-28 00:15:00,1518.0,1518.0,1518.0,1518.0,6.58761528,9999.99999504
2026-03-28 00:30:00,1518.0,1530.0,1516.0,1516.0,167.16762357,255030.17879645
2026-03-28 00:45:00,1519.0,1519.0,1514.0,1514.0,171.04762487,259203.65748131
2026-03-28 01:00:00,1517.0,1517.0,1514.0,1514.0,26.36783124,39960.44824422
2026-03-28 01:15:00,1517.0,1535.0,1515.0,1515.0,3044.18382802,4639346.43966018
2026-03-28 01:30:00,1519.0,1519.0,1519.0,1519.0,5.872628,8920.521932
2026-03-28 02:00:00,1515.0,1515.0,1513.0,1513.0,588.96025133,891724.23079387
2026-03-28 02:15:00,1513.0,1513.0,1513.0,1513.0,1076.64014376,1628956.53750888
2026-03-28 02:30:00,1513.0,1519.0,1513.0,1519.0,301.52954061,458001.35693121
2026-03-28 02:45:00,1521.0,1522.0,1516.0,1522.0,1470.77727784,2236985.18001336
2026-03-28 05:15:00,1522.0,1522.0,1522.0,1522.0,196.31192509,298786.74998698
2026-03-28 05:45:00,1522.0,1522.0,1518.0,1518.0,679.32456019,1033842.80326198
2026-03-28 06:00:00,1530.0,1531.0,1514.0,1515.0,1136.71760526,1723041.0170958
2026-03-28 07:00:00,1519.0,1529.0,1516.0,1516.0,26.29344554,39930.43170415
2026-03-28 07:30:00,1520.0,1520.0,1520.0,1520.0,194.74592462,296013.8054224
2026-03-28 07:45:00,1515.0,1521.0,1515.0,1521.0,6.64965869,10093.97650509
2026-03-28 08:15:00,1521.0,1521.0,1521.0,1521.0,245.39378876,373243.95270396
2026-03-28 08:30:00,1517.0,1517.0,1515.0,1515.0,1656.48664468,2509668.66525436
2026-03-28 08:45:00,1524.0,1529.0,1517.0,1518.0,897.91787262,1367157.45591449
2026-03-28 09:15:00,1521.0,1525.0,1521.0,1525.0,1703.16032036,2590633.13796508
2026-03-28 09:30:00,1525.0,1525.0,1525.0,1525.0,6.55737704,9999.999986
2026-03-28 09:45:00,1525.0,1525.0,1525.0,1525.0,6.55737704,9999.999986
2026-03-28 10:00:00,1525.0,1525.0,1525.0,1525.0,15.73770491,23999.99998775
2026-03-28 10:30:00,1521.0,1521.0,1521.0,1521.0,268.31693973,408110.06532933
2026-03-28 11:00:00,1525.0,1525.0,1521.0,1521.0,63.88416204,97220.2694792
2026-03-28 11:30:00,1520.0,1520.0,1520.0,1520.0,6.053826,9201.81552
2026-03-28 11:45:00,1520.0,1520.0,1515.0,1515.0,93.946174,142487.11255031
2026-03-28 12:15:00,1514.0,1514.0,1514.0,1514.0,23.08218258,34946.42442612
2026-03-28 13:45:00,1519.0,1521.0,1515.0,1515.0,3350.58524494,5095742.27891335
2026-03-28 14:30:00,1524.0,1524.0,1524.0,1524.0,13.11475409,19986.88523316
2026-03-28 14:45:00,1524.0,1524.0,1524.0,1524.0,8.38827392,12783.72945408
2026-03-28 15:00:00,1524.0,1524.0,1517.0,1517.0,689.39374526,1050055.54174687
2026-03-28 15:15:00,1516.0,1516.0,1516.0,1516.0,35.60625474,53979.08218584
2026-03-28 15:30:00,1515.0,1515.0,1515.0,1515.0,14.94134822,22636.1425533
2026-03-28 17:00:00,1515.0,1515.0,1515.0,1515.0,11.36806118,17222.6126877
2026-03-28 18:30:00,1516.0,1516.0,1515.0,1515.0,65.60750961,99423.9567418
2026-03-28 19:30:00,1515.0,1515.0,1515.0,1515.0,69.5728331,105402.8421465
2026-03-28 19:45:00,1515.0,1515.0,1515.0,1515.0,116.90995118,177118.5760377
2026-03-28 20:15:00,1515.0,1515.0,1512.0,1512.0,476.0567005,720496.32358162
2026-03-28 23:15:00,1517.0,1517.0,1517.0,1517.0,4.77227243,7239.53727631
2026-03-28 23:45:00,1512.0,1512.0,1512.0,1512.0,66.23501285,100147.3394292
2026-03-29 00:00:00,1512.0,1512.0,1512.0,1512.0,4.77227243,7215.67591416
2026-03-29 00:45:00,1514.0,1514.0,1514.0,1514.0,133.20014797,201665.02402658
2026-03-29 01:00:00,1516.0,1516.0,1516.0,1516.0,7.27675978,11031.56782648
2026-03-29 01:45:00,1512.0,1515.0,1512.0,1515.0,6.6115883,10006.62249969
2026-03-29 04:45:00,1512.0,1512.0,1512.0,1512.0,7.27675978,11002.46078736
2026-03-29 05:15:00,1512.0,1512.0,1512.0,1512.0,90.38945123,136668.85025976
2026-03-29 06:15:00,1512.0,1512.0,1512.0,1512.0,108.94609687,164726.49846744
2026-03-29 08:15:00,1513.0,1513.0,1513.0,1513.0,72.25735575,109325.37924975
2026-03-29 08:45:00,1517.0,1518.0,1517.0,1518.0,250.5669865,380230.59965875
2026-03-29 09:30:00,1515.0,1519.0,1513.0,1519.0,76.65774286,116263.34420064
2026-03-29 09:45:00,1519.0,1519.0,1518.0,1518.0,540.97133,821725.28134656
2026-03-29 13:30:00,1514.0,1514.0,1514.0,1514.0,61.43230849,93008.51505386
2026-03-29 14:45:00,1516.0,1516.0,1516.0,1516.0,693.48607325,1051324.887047
2026-03-29 15:15:00,1515.0,1523.0,1515.0,1523.0,334.70844162,508630.15766727
2026-03-29 16:00:00,1522.0,1522.0,1522.0,1522.0,5.0,7610.0
2026-03-29 16:15:00,1516.0,1516.0,1516.0,1516.0,5000.0,7580000.0
2026-03-29 16:45:00,1517.0,1523.0,1517.0,1523.0,12.0,18215.09827764
2026-03-29 17:00:00,1523.0,1523.0,1523.0,1523.0,361.36823249,550363.81808227
2026-03-29 17:30:00,1523.0,1523.0,1516.0,1516.0,71.20928852,107990.00499113
2026-03-29 17:45:00,1520.0,1520.0,1519.0,1519.0,11.784762,17906.853407
2026-03-29 18:15:00,1516.0,1516.0,1516.0,1516.0,3.30033003,5003.30032548
2026-03-29 19:45:00,1516.0,1516.0,1516.0,1516.0,3.46260387,5249.30746692
2026-03-29 20:00:00,1519.0,1519.0,1519.0,1519.0,40.352234,61295.043446
2026-03-29 20:15:00,1519.0,1519.0,1516.0,1516.0,97.72869588,148413.88904172
2026-03-29 20:30:00,1516.0,1516.0,1516.0,1516.0,11.32395072,17167.10929152
2026-03-29 20:45:00,1516.0,1516.0,1516.0,1516.0,13.11475408,19881.96718528
2026-03-29 22:15:00,1516.0,1516.0,1516.0,1516.0,5.66655133,8590.49181628
2026-03-30 00:30:00,1521.0,1521.0,1517.0,1517.0,235.24736494,357274.92257669
2026-03-30 00:45:00,1517.0,1517.0,1517.0,1517.0,607.58036672,921699.41631424
2026-03-30 01:00:00,1517.0,1517.0,1517.0,1517.0,723.95294647,1098236.61979499
2026-03-30 02:30:00,1517.0,1517.0,1517.0,1517.0,632.42003874,959381.19876858
2026-03-30 04:30:00,1517.0,1517.0,1517.0,1517.0,2016.32365354,3058762.98242018
2026-03-30 05:00:00,1517.0,1517.0,1517.0,1517.0,361.36823249,548195.60868733
2026-03-30 07:00:00,1516.0,1516.0,1516.0,1516.0,34.22313483,51882.27240228
2026-03-30 07:15:00,1517.0,1519.0,1517.0,1519.0,71.01350952,107855.95243986
2026-03-30 07:30:00,1519.0,1520.0,1519.0,1520.0,30.66263878,46599.72076791
2026-03-30 07:45:00,1524.0,1527.0,1521.0,1525.0,402.10908552,613093.05501048
2026-03-30 08:00:00,1527.0,1534.0,1520.0,1520.0,606.69608529,926980.45245918
2026-03-30 08:15:00,1521.0,1521.0,1520.0,1520.0,333.65036476,507161.70367911
2026-03-30 08:30:00,1520.0,1520.0,1518.0,1518.0,970.73885944,1475179.71270185
2026-03-30 09:00:00,1518.0,1521.0,1517.0,1517.0,320.38427359,487138.67770865
2026-03-30 09:30:00,1517.0,1519.0,1517.0,1519.0,17.135585,26005.837559
2026-03-30 10:00:00,1517.0,1517.0,1515.0,1515.0,531.9966711,806333.9359809
2026-03-30 11:15:00,1515.0,1515.0,1515.0,1515.0,329.04189029,498498.46378935
2026-03-30 11:30:00,1515.0,1515.0,1515.0,1515.0,496.18983451,751727.59928265
2026-03-30 11:45:00,1515.0,1515.0,1515.0,1515.0,4214.29838642,6384662.0554263
2026-03-30 12:30:00,1515.0,1515.0,1515.0,1515.0,132.01320132,199999.9999998
2026-03-30 12:45:00,1514.0,1514.0,1514.0,1514.0,61.4323085,93008.515069
2026-03-30 13:15:00,1514.0,1514.0,1511.0,1511.0,2970.22988873,4490188.94365823
2026-03-30 13:30:00,1510.0,1513.0,1509.0,1513.0,670.7150133,1012177.70779427
2026-03-30 13:45:00,1513.0,1513.0,1513.0,1513.0,3.30469266,4999.99999458
2026-03-30 17:15:00,1513.0,1513.0,1513.0,1513.0,160.30649763,242543.73091419
2026-03-30 17:30:00,1513.0,1513.0,1513.0,1513.0,181.10964586,274018.89418618
2026-03-30 17:45:00,1513.0,1513.0,1513.0,1513.0,221.81613554,335607.81307202
2026-03-30 18:30:00,1513.0,1513.0,1513.0,1513.0,100.35114892,151831.28831596
2026-03-30 19:00:00,1514.0,1514.0,1514.0,1514.0,121.26829583,183600.19988662
2026-03-30 19:15:00,1514.0,1514.0,1514.0,1514.0,3.34319294,5061.59411116
2026-03-30 19:30:00,1516.0,1516.0,1516.0,1516.0,56.74339611,86022.98850276
2026-03-30 20:15:00,1516.0,1517.0,1513.0,1517.0,8650.51129599,13089804.91944912
2026-03-30 21:00:00,1511.0,1517.0,1511.0,1517.0,11.61265214,17575.27729564
2026-03-30 21:30:00,1517.0,1518.0,1517.0,1518.0,33.40134164,50691.97977269
2026-03-30 21:45:00,1516.0,1517.0,1516.0,1517.0,293.35431163,444938.49074271
2026-03-30 22:15:00,1517.0,1517.0,1517.0,1517.0,3.89962613,5915.73283921
2026-03-31 00:15:00,1517.0,1517.0,1517.0,1517.0,50.0,75850.0
2026-03-31 01:15:00,1517.0,1517.0,1511.0,1517.0,44.68030206,67755.22113318
2026-03-31 03:00:00,1517.0,1517.0,1517.0,1517.0,138.92501203,210749.24324951
2026-03-31 03:30:00,1518.0,1518.0,1517.0,1517.0,421.94629034,640402.00800218
2026-03-31 03:45:00,1518.0,1518.0,1518.0,1518.0,4617.36302178,7009157.06706204
2026-03-31 06:00:00,1518.0,1518.0,1518.0,1518.0,14.88801054,22599.99999972
2026-03-31 06:45:00,1514.0,1514.0,1514.0,1514.0,4.0,6056.0
2026-03-31 07:00:00,1514.0,1514.0,1514.0,1514.0,293.35431163,444138.42780782
2026-03-31 08:00:00,1517.0,1517.0,1517.0,1517.0,36.11890647,54792.38111499
2026-03-31 08:15:00,1515.0,1515.0,1515.0,1515.0,6.60066007,10000.00000605
2026-03-31 08:45:00,1515.0,1519.0,1515.0,1519.0,597.25396721,905885.38648575
2026-03-31 09:00:00,1515.0,1519.0,1515.0,1519.0,139.32056687,211095.86754164
2026-03-31 09:15:00,1519.0,1519.0,1519.0,1519.0,216.31694444,328585.43860436
2026-03-31 10:00:00,1520.0,1520.0,1520.0,1520.0,8.61772393,13098.9403736
2026-03-31 11:30:00,1521.0,1522.0,1517.0,1517.0,388.78216006,590975.13918423
2026-03-31 12:15:00,1517.0,1517.0,1517.0,1517.0,36.73605374,55728.59352358
2026-03-31 12:30:00,1522.0,1524.0,1522.0,1524.0,72.32347913,110079.99612005
2026-03-31 12:45:00,1520.0,1520.0,1520.0,1520.0,30.63308373,46562.2872696
2026-03-31 13:00:00,1520.0,1520.0,1520.0,1520.0,36.73605374,55838.8016848
2026-03-31 13:15:00,1521.0,1521.0,1521.0,1521.0,19.60784314,29823.52941594
2026-03-31 13:30:00,1521.0,1521.0,1521.0,1521.0,18.40894149,28000.00000629
2026-03-31 14:00:00,1524.0,1525.0,1524.0,1525.0,913.7218271,1393422.68852541
2026-03-31 14:45:00,1525.0,1525.0,1525.0,1525.0,1172.82658252,1788560.538343
2026-03-31 15:00:00,1520.0,1520.0,1520.0,1520.0,14.88801054,22629.7760208
2026-03-31 16:15:00,1525.0,1530.0,1525.0,1528.0,477.11066331,728901.99998419
2026-03-31 16:30:00,1530.0,1530.0,1530.0,1530.0,1200.0,1836000.0
2026-03-31 16:45:00,1530.0,1530.0,1530.0,1530.0,6.53594771,9999.9999963
2026-03-31 17:30:00,1530.0,1546.0,1526.0,1533.0,37872.04888276,58224296.57682617
2026-03-31 17:45:00,1531.0,1550.0,1519.0,1519.0,53735.43742603,82104359.19796535
2026-03-31 18:00:00,1520.0,1526.0,1520.0,1526.0,6459.74359584,9856785.82794558
2026-03-31 18:15:00,1527.0,1527.0,1525.0,1525.0,1496.73213024,2284330.22487664
2026-03-31 18:30:00,1526.0,1547.0,1526.0,1528.0,6004.17620651,9180209.04020023
2026-03-31 19:00:00,1528.0,1531.0,1528.0,1531.0,1056.38824904,1617299.77992302
2026-03-31 19:45:00,1528.0,1532.0,1528.0,1531.0,32016.83887545,49019207.41073241
2026-03-31 20:15:00,1531.0,1535.0,1531.0,1531.0,3842.72838473,5883269.27428547
2026-03-31 20:30:00,1528.0,1531.0,1527.0,1527.0,1892.19518253,2890704.00760415
2026-03-31 20:45:00,1527.0,1527.0,1527.0,1527.0,15.73770491,24031.47539757
2026-03-31 21:00:00,1530.0,1531.0,1530.0,1531.0,2133.44228586,3264305.0997172
2026-03-31 21:15:00,1531.0,1531.0,1531.0,1531.0,2867.19726354,4389679.01047974
2026-03-31 21:45:00,1531.0,1531.0,1530.0,1531.0,12.71965352,19470.15792579
2026-03-31 22:00:00,1530.0,1530.0,1530.0,1530.0,788.36977159,1206205.7505327
2026-03-31 22:15:00,1527.0,1527.0,1527.0,1527.0,1048.45291266,1600987.59763182
2026-03-31 22:30:00,1527.0,1531.0,1527.0,1531.0,35.99476026,54987.28116978
2026-03-31 22:45:00,1531.0,1531.0,1531.0,1531.0,888.28229915,1359960.19999865
2026-03-31 23:00:00,1531.0,1531.0,1524.0,1524.0,996.90973416,1521981.32324779
2026-03-31 23:15:00,1525.0,1525.0,1525.0,1525.0,700.16776213,1067755.83724825
2026-03-31 23:30:00,1524.0,1524.0,1523.0,1523.0,6.56,9997.43905683
2026-03-31 23:45:00,1526.0,1526.0,1526.0,1526.0,140.23591086,213999.99997236
2026-04-01 00:00:00,1523.0,1526.0,1523.0,1523.0,567.9115504,866209.83909668
2026-04-01 00:15:00,1522.0,1526.0,1518.0,1526.0,789.12540222,1199345.79902563
2026-04-01 00:30:00,1520.0,1520.0,1520.0,1520.0,1200.0,1824000.0
2026-04-01 00:45:00,1521.0,1524.0,1521.0,1524.0,10.5052281,15999.99999012
2026-04-01 01:15:00,1524.0,1524.0,1518.0,1518.0,22.71167978,34590.69998472
2026-04-01 01:30:00,1524.0,1524.0,1517.0,1517.0,30756.13943451,46660424.45629081
2026-04-01 01:45:00,1521.0,1521.0,1520.0,1520.0,56.5573203,85999.99996578
2026-04-01 02:00:00,1520.0,1520.0,1517.0,1517.0,566.68662414,859945.00265996
2026-04-01 02:15:00,1517.0,1517.0,1516.0,1516.0,5253.84160778,7970071.1226962
2026-04-01 02:45:00,1515.0,1515.0,1515.0,1515.0,58.82735198,89123.4382497
2026-04-01 03:00:00,1516.0,1538.0,1516.0,1522.0,42368.25632981,64609964.50438481
2026-04-01 03:15:00,1531.0,1531.0,1507.0,1513.0,48860.91402191,73741596.27495652
2026-04-01 03:30:00,1507.0,1513.0,1507.0,1513.0,429.26851789,648242.48792083
2026-04-01 03:45:00,1513.0,1513.0,1513.0,1513.0,22.4719101,33999.9999813
2026-04-01 04:00:00,1512.0,1512.0,1512.0,1512.0,11.9047619,17999.9999928
2026-04-01 04:15:00,1512.0,1512.0,1512.0,1512.0,33.06878306,49999.99998672
2026-04-01 04:30:00,1511.0,1511.0,1511.0,1511.0,45.00330904,67999.99995944
2026-04-01 05:00:00,1517.0,1517.0,1517.0,1517.0,10.54713249,15999.99998733
2026-04-01 05:30:00,1510.0,1518.0,1510.0,1512.0,9661.423268,14600588.93370931
2026-04-01 06:00:00,1512.0,1512.0,1512.0,1512.0,22.48677248,33999.99998976
2026-04-01 06:30:00,1511.0,1511.0,1511.0,1511.0,22.50165452,33999.99997972
2026-04-01 06:45:00,1511.0,1511.0,1511.0,1511.0,352.25584617,532258.58356287
2026-04-01 07:00:00,1511.0,1512.0,1509.0,1509.0,3267.30847778,4935067.69925439
2026-04-01 07:15:00,1512.0,1512.0,1512.0,1512.0,340.25793798,514470.00222576
2026-04-01 07:30:00,1508.0,1508.0,1508.0,1508.0,67.56152125,101882.774045
2026-04-01 07:45:00,1514.0,1515.0,1514.0,1515.0,882.69544188,1337265.02892888
2026-04-01 08:15:00,1513.0,1513.0,1512.0,1512.0,522.4719101,789999.9999813
2026-04-01 08:45:00,1511.0,1511.0,1509.0,1511.0,2918.09463195,4405191.99193476
2026-04-01 09:00:00,1511.0,1515.0,1508.0,1515.0,10328.54721907,15616730.94757248
2026-04-01 09:45:00,1508.0,1508.0,1508.0,1508.0,5.50947997,8308.29579476
2026-04-01 10:15:00,1508.0,1508.0,1508.0,1508.0,185.67639258,280000.00001064
2026-04-01 10:30:00,1512.0,1513.0,1512.0,1513.0,33.06861897,49999.99998406
2026-04-01 10:45:00,1509.0,1513.0,1507.0,1508.0,10008.40731808,15085658.26994057
2026-04-01 11:15:00,1508.0,1513.0,1508.0,1513.0,36.17054023,54657.53421734
2026-04-01 11:30:00,1513.0,1513.0,1513.0,1513.0,33.04692662,49999.99997606
2026-04-01 11:45:00,1513.0,1513.0,1513.0,1513.0,540.66621678,818027.98598814
2026-04-01 12:00:00,1508.0,1514.0,1508.0,1514.0,529.86043301,799067.30751484
2026-04-01 12:15:00,1512.0,1512.0,1512.0,1512.0,34.39153438,51999.99998256
2026-04-01 12:45:00,1511.0,1511.0,1511.0,1511.0,22.50165452,33999.99997972
2026-04-01 13:00:00,1511.0,1513.0,1510.0,1513.0,769.51678826,1162753.34208797
2026-04-01 13:45:00,1511.0,1511.0,1510.0,1510.0,485.80940175,733817.19995154
2026-04-01 14:00:00,1511.0,1512.0,1511.0,1511.0,195.58882174,295579.99995115
2026-04-01 14:15:00,1507.0,1507.0,1507.0,1507.0,713.0,1074491.0
2026-04-01 14:30:00,1509.0,1511.0,1509.0,1509.0,46.38386099,69999.99997437
2026-04-01 14:45:00,1508.0,1508.0,1507.0,1507.0,197.62583031,297939.57109306
2026-04-01 15:15:00,1508.0,1508.0,1507.0,1507.0,4012.42208934,6046751.91887409
2026-04-01 15:30:00,1507.0,1507.0,1507.0,1507.0,5759.90020335,8680169.60644845
2026-04-01 15:45:00,1506.0,1506.0,1505.0,1505.0,3354.8086888,5049006.99696272
2026-04-01 16:00:00,1511.0,1511.0,1504.0,1504.0,112.346423,169154.93451472
2026-04-01 16:15:00,1511.0,1513.0,1511.0,1513.0,670.01264235,1013548.99999393
2026-04-01 17:15:00,1513.0,1513.0,1503.0,1503.0,25.30042251,38059.91242843
2026-04-01 17:30:00,1503.0,1512.0,1503.0,1512.0,361.91678748,544020.47649261
2026-04-01 17:45:00,1512.0,1512.0,1512.0,1512.0,54.10588356,81808.09594272
2026-04-01 18:00:00,1512.0,1513.0,1503.0,1503.0,28.96698171,43740.76471724
2026-04-01 19:00:00,1509.0,1509.0,1509.0,1509.0,123.26043732,185999.99991588
2026-04-01 19:15:00,1509.0,1509.0,1509.0,1509.0,100.72895953,151999.99993077
2026-04-01 21:30:00,1509.0,1509.0,1505.0,1509.0,262.65894202,396324.90190818
2026-04-01 21:45:00,1506.0,1509.0,1506.0,1506.0,3238.53475789,4886544.51414813
2026-04-01 22:00:00,1512.0,1512.0,1512.0,1512.0,4.43359893,6703.60158216
2026-04-01 23:15:00,1512.0,1512.0,1512.0,1512.0,198.3247794,299867.0664528
2026-04-02 00:00:00,1512.0,1512.0,1512.0,1512.0,1871.55165803,2829786.10694136
2026-04-02 02:00:00,1507.0,1507.0,1507.0,1507.0,508.16303652,765801.69603564
2026-04-02 02:15:00,1512.0,1512.0,1506.0,1506.0,15.61787866,23540.56494444
2026-04-02 06:00:00,1512.0,1512.0,1512.0,1512.0,6.61375661,9999.99999432
2026-04-02 06:15:00,1512.0,1512.0,1512.0,1512.0,40.0,60480.0
2026-04-02 07:00:00,1511.0,1511.0,1505.0,1505.0,1890.84921902,2845957.17842633
2026-04-02 07:45:00,1511.0,1511.0,1511.0,1511.0,11.66005292,17618.33996212
2026-04-02 08:30:00,1513.0,1513.0,1513.0,1513.0,130.83488913,197953.18725369
2026-04-02 09:00:00,1513.0,1513.0,1513.0,1513.0,19.82815598,29999.99999774
2026-04-02 09:30:00,1513.0,1513.0,1513.0,1513.0,170.1433159,257426.8369567
2026-04-02 10:00:00,1513.0,1513.0,1513.0,1513.0,181.30232586,274310.41902618
2026-04-02 10:15:00,1513.0,1513.0,1506.0,1506.0,244.46153603,369562.96459564
2026-04-02 10:30:00,1507.0,1518.0,1507.0,1511.0,301.00154799,455347.14157141
2026-04-02 10:45:00,1511.0,1518.0,1511.0,1511.0,322.28993582,487136.74405361
2026-04-02 11:00:00,1511.0,1518.0,1511.0,1511.0,334.59572035,505961.99506601
2026-04-02 11:15:00,1511.0,1513.0,1511.0,1513.0,307.40666163,464791.39103584
2026-04-02 11:30:00,1514.0,1518.0,1512.0,1512.0,383.09261743,580394.51228056
2026-04-02 11:45:00,1511.0,1518.0,1511.0,1511.0,450.3826112,681563.78711205
2026-04-02 12:00:00,1511.0,1520.0,1511.0,1512.0,4497.57931469,6822553.70857469
2026-04-02 12:15:00,1512.0,1521.0,1512.0,1521.0,1634.33550264,2473188.58254955
2026-04-02 12:30:00,1521.0,1522.0,1521.0,1522.0,567.92603076,863962.56496791
2026-04-02 12:45:00,1523.0,1523.0,1523.0,1523.0,1136.224229,1730469.500767
2026-04-02 13:00:00,1521.0,1523.0,1521.0,1521.0,509.69064565,775246.80536697
2026-04-02 13:15:00,1521.0,1523.0,1521.0,1523.0,2864.02856458,4356736.83339264
2026-04-02 13:30:00,1522.0,1523.0,1521.0,1523.0,759.42826171,1155771.30060873
2026-04-02 13:45:00,1523.0,1523.0,1523.0,1523.0,2981.56663389,4540925.98341447
2026-04-02 14:00:00,1523.0,1524.0,1523.0,1524.0,7520.4176059,11453600.05909101
2026-04-02 14:15:00,1523.0,1524.0,1520.0,1524.0,3228.88911113,4920004.8192288
2026-04-02 14:30:00,1523.0,1524.0,1521.0,1521.0,2730.41117505,4157100.91662273
2026-04-02 14:45:00,1520.0,1520.0,1517.0,1517.0,925.54866671,1405069.18776922
2026-04-02 15:00:00,1523.0,1523.0,1523.0,1523.0,120.81313292,183998.40143716
2026-04-02 15:15:00,1523.0,1523.0,1523.0,1523.0,0.00049872,0.75955056
2026-04-02 16:15:00,1520.0,1520.0,1517.0,1517.0,837.03213261,1270297.67046411
2026-04-02 16:45:00,1522.0,1522.0,1520.0,1520.0,52.90649422,80499.99999232
2026-04-02 17:00:00,1522.0,1524.0,1517.0,1523.0,1231.51674324,1876440.54633036
2026-04-02 17:30:00,1520.0,1520.0,1520.0,1520.0,18.71891127,28452.7451304
2026-04-02 17:45:00,1520.0,1520.0,1517.0,1517.0,32.67285596,49619.87148239
2026-04-02 18:00:00,1520.0,1520.0,1520.0,1520.0,2300.67670154,3497028.5863408
2026-04-02 18:15:00,1517.0,1520.0,1517.0,1520.0,69.76367085,105841.87649109
2026-04-02 18:30:00,1520.0,1523.0,1520.0,1520.0,64.07225311,97429.22065628
2026-04-02 18:45:00,1523.0,1523.0,1520.0,1520.0,9.36403902,14247.38536893
2026-04-02 19:30:00,1520.0,1520.0,1517.0,1517.0,41.06438896,62314.82749661
2026-04-02 20:15:00,1520.0,1520.0,1520.0,1520.0,5.577557,8477.88664
2026-04-02 22:00:00,1523.0,1524.0,1521.0,1521.0,393.82279447,600071.98706396
2026-04-02 22:15:00,1520.0,1525.0,1517.0,1517.0,124.49849802,189193.45987654
2026-04-02 22:30:00,1525.0,1526.0,1525.0,1526.0,13413.57930159,20455731.45146108
2026-04-02 23:00:00,1526.0,1526.0,1526.0,1526.0,134.14197226,204700.64966876
2026-04-02 23:15:00,1522.0,1522.0,1522.0,1522.0,383.37749158,583500.54218476
2026-04-02 23:30:00,1526.0,1526.0,1520.0,1522.0,59.99951598,91331.56910095
2026-04-02 23:45:00,1521.0,1526.0,1514.0,1515.0,120.71880755,183401.43692032
2026-04-03 00:00:00,1521.0,1526.0,1515.0,1524.0,569.03063661,866858.16994082
2026-04-03 00:15:00,1524.0,1524.0,1515.0,1523.0,558.21349,845999.06420741
2026-04-03 00:45:00,1523.0,1523.0,1515.0,1515.0,19.75079156,29953.00340572
2026-04-03 01:00:00,1523.0,1523.0,1523.0,1523.0,3.68118811,5606.44949153
2026-04-03 01:15:00,1520.0,1520.0,1520.0,1520.0,4.24425476,6451.2672352
2026-04-03 01:30:00,1523.0,1523.0,1523.0,1523.0,3.66907894,5588.00722562
2026-04-03 02:00:00,1515.0,1515.0,1515.0,1515.0,7.80778883,11828.80007745
2026-04-03 04:45:00,1515.0,1515.0,1515.0,1515.0,6.56167979,9940.94488185
2026-04-03 06:00:00,1515.0,1523.0,1515.0,1523.0,5834.72307227,8886124.61381937
2026-04-03 06:30:00,1519.0,1519.0,1515.0,1515.0,5791.25735884,8774056.34233252
2026-04-03 07:45:00,1515.0,1523.0,1514.0,1523.0,1034.16598356,1567710.16848482
2026-04-03 08:00:00,1515.0,1515.0,1515.0,1515.0,10.49868766,15905.5118049
2026-04-03 09:00:00,1515.0,1515.0,1514.0,1514.0,12.67647728,19196.93768356
2026-04-03 10:30:00,1515.0,1515.0,1515.0,1515.0,271.02666657,410605.39985355
2026-04-03 11:00:00,1514.0,1514.0,1514.0,1514.0,2497.42692585,3781104.3657369
2026-04-03 11:45:00,1515.0,1516.0,1515.0,1516.0,1273.46393204,1930497.8570406
2026-04-03 12:00:00,1519.0,1523.0,1519.0,1523.0,530.38504157,807462.99999406
2026-04-03 12:15:00,1515.0,1515.0,1515.0,1515.0,6.60286666,10003.3429899
2026-04-03 12:30:00,1515.0,1522.0,1515.0,1515.0,143.00502887,216675.84475639
2026-04-03 13:30:00,1515.0,1515.0,1515.0,1515.0,48.0797102,72840.760953
2026-04-03 13:45:00,1515.0,1515.0,1515.0,1515.0,530.38504157,803533.33797855
2026-04-03 14:00:00,1515.0,1515.0,1515.0,1515.0,75.21082229,113944.39576935
2026-04-03 15:15:00,1515.0,1515.0,1515.0,1515.0,30.0,45450.0
2026-04-03 15:30:00,1515.0,1515.0,1515.0,1515.0,217.5937033,329654.4604995
2026-04-03 15:45:00,1515.0,1515.0,1515.0,1515.0,92.40924086,139999.9999029
2026-04-03 16:00:00,1514.0,1523.0,1514.0,1514.0,230.4964105,349062.96040769
2026-04-03 16:15:00,1514.0,1523.0,1514.0,1523.0,47.27511488,71680.8929368
2026-04-03 19:30:00,1522.0,1522.0,1522.0,1522.0,10.03538333,15273.85342826
2026-04-03 20:15:00,1516.0,1516.0,1516.0,1516.0,1092.58311877,1656356.00805532
2026-04-03 20:30:00,1520.0,1522.0,1519.0,1522.0,22.37436948,33999.99998805
2026-04-03 20:45:00,1516.0,1520.0,1516.0,1520.0,1285.52288185,1949379.00467404
2026-04-03 21:30:00,1520.0,1520.0,1515.0,1515.0,145.06334783,220477.1649186
2026-04-04 02:00:00,1515.0,1515.0,1514.0,1514.0,3253.83045525,4926768.12167646
2026-04-04 02:15:00,1514.0,1514.0,1514.0,1514.0,1725.71593204,2612733.92110856
2026-04-04 09:00:00,1521.0,1521.0,1521.0,1521.0,12.61495017,19187.33920857
2026-04-04 10:30:00,1515.0,1515.0,1515.0,1515.0,188.222965,285157.791975
2026-04-04 10:45:00,1521.0,1521.0,1521.0,1521.0,22.35371465,33999.99998265
2026-04-04 13:15:00,1514.0,1515.0,1513.0,1515.0,138.28910133,209314.49032928
2026-04-04 14:15:00,1518.0,1521.0,1518.0,1521.0,81.61979004,123999.9999972
2026-04-04 14:30:00,1521.0,1522.0,1521.0,1522.0,355.56886237,540842.57869236
2026-04-04 15:15:00,1515.0,1522.0,1515.0,1522.0,18.03241986,27392.70347289
2026-04-04 15:45:00,1515.0,1518.0,1513.0,1518.0,135.9327075,205758.2283882
2026-04-04 18:15:00,1518.0,1518.0,1515.0,1515.0,81.61979004,123667.80898914
2026-04-04 22:15:00,1515.0,1515.0,1515.0,1515.0,108.08442991,163747.91131365
2026-04-04 22:30:00,1515.0,1515.0,1515.0,1515.0,23.49451745,35594.19393675
2026-04-04 23:15:00,1515.0,1517.0,1515.0,1517.0,17.8881952,27121.70999298
2026-04-05 01:30:00,1517.0,1517.0,1515.0,1515.0,8.41265653,12753.58729949
2026-04-05 02:30:00,1518.0,1522.0,1518.0,1522.0,2174.43652205,3306823.5340372
2026-04-05 04:30:00,1516.0,1516.0,1516.0,1516.0,2265.70989057,3434816.19410412
2026-04-05 08:45:00,1515.0,1515.0,1515.0,1515.0,90.41201575,136974.20386125
2026-04-05 09:00:00,1522.0,1522.0,1522.0,1522.0,76.21550589,115999.99996458
2026-04-05 09:15:00,1522.0,1522.0,1522.0,1522.0,24.96714848,37999.99998656
2026-04-05 11:00:00,1522.0,1522.0,1520.0,1520.0,40.0,60820.0
2026-04-05 11:15:00,1515.0,1515.0,1515.0,1515.0,40.0,60600.0
2026-04-05 11:30:00,1515.0,1515.0,1515.0,1515.0,3.94218134,5972.4047301
2026-04-05 12:30:00,1518.0,1518.0,1518.0,1518.0,39.14520753,59422.42503054
2026-04-05 13:00:00,1518.0,1518.0,1516.0,1516.0,300.35672499,455346.82614538
2026-04-05 13:15:00,1516.0,1516.0,1516.0,1516.0,172.97264133,262226.52425628
2026-04-05 13:30:00,1516.0,1516.0,1516.0,1516.0,203.19318113,308040.86259308
2026-04-05 14:45:00,1521.0,1521.0,1521.0,1521.0,3.28731097,4999.99998537
2026-04-05 15:00:00,1521.0,1521.0,1521.0,1521.0,3.94477317,5999.99999157
2026-04-05 16:15:00,1521.0,1521.0,1521.0,1521.0,9.86193293,14999.99998653
2026-04-05 16:45:00,1521.0,1521.0,1521.0,1521.0,427.14474452,649687.15641492
2026-04-05 17:15:00,1521.0,1521.0,1521.0,1521.0,65.74621959,99999.99999639
2026-04-05 17:30:00,1521.0,1521.0,1518.0,1518.0,106.0,161067.0
2026-04-05 17:45:00,1518.0,1518.0,1518.0,1518.0,432.14474452,655995.72218136
2026-04-05 18:00:00,1521.0,1521.0,1518.0,1518.0,36.31250322,55176.84864279
2026-04-05 18:15:00,1521.0,1521.0,1518.0,1518.0,38.20380678,58050.68440221
2026-04-05 20:00:00,1520.0,1520.0,1520.0,1520.0,136.52036156,207510.9495712
2026-04-05 21:30:00,1519.0,1521.0,1516.0,1521.0,3123.04465649,4748235.1322076
2026-04-05 21:45:00,1522.0,1522.0,1522.0,1522.0,7483.69999498,11390191.39235956
2026-04-05 22:00:00,1523.0,1523.0,1523.0,1523.0,3.30531845,5033.99999935
2026-04-05 23:30:00,1522.0,1522.0,1522.0,1522.0,37.27839789,56737.72158858
2026-04-05 23:45:00,1522.0,1523.0,1522.0,1523.0,42.7542503,65104.24998089
2026-04-06 00:00:00,1521.0,1521.0,1521.0,1521.0,47.49717218,72243.19888578
2026-04-06 00:15:00,1517.0,1517.0,1517.0,1517.0,2084.88941559,3162777.24345003
2026-04-06 01:30:00,1522.0,1522.0,1522.0,1522.0,29.92056845,45539.1051809
2026-04-06 01:45:00,1517.0,1517.0,1517.0,1517.0,29.92056845,45389.50233865
2026-04-06 03:00:00,1517.0,1517.0,1517.0,1517.0,22.46537748,34079.97763716
2026-04-06 07:45:00,1517.0,1517.0,1517.0,1517.0,4315.52222022,6546647.20807374
2026-04-06 08:00:00,1517.0,1517.0,1516.0,1516.0,5664.1543505,8590868.20029799
2026-04-06 08:15:00,1515.0,1515.0,1513.0,1513.0,185.25382457,280447.52521288
2026-04-06 08:30:00,1513.0,1513.0,1513.0,1513.0,39.33739243,59517.47474659
2026-04-06 08:45:00,1512.0,1512.0,1511.0,1511.0,22.04763006,33320.58277727
2026-04-06 09:00:00,1511.0,1512.0,1511.0,1512.0,4606.47829576,6962390.67689336
2026-04-06 10:00:00,1510.0,1510.0,1509.0,1509.0,24.25225978,36614.28536257
2026-04-06 10:45:00,1512.0,1512.0,1512.0,1512.0,19.84126984,29999.99999808
2026-04-06 11:00:00,1508.0,1508.0,1506.0,1506.0,2535.54173113,3818593.38167451
2026-04-06 11:15:00,1506.0,1506.0,1505.0,1505.0,252.80086778,380511.21265038
2026-04-06 11:30:00,1505.0,1505.0,1505.0,1505.0,3.67892976,5536.7892888
2026-04-06 12:45:00,1505.0,1505.0,1505.0,1505.0,474.65639109,714357.86859045
2026-04-06 13:45:00,1508.0,1508.0,1508.0,1508.0,112.73209549,169999.99999892
2026-04-06 14:00:00,1505.0,1506.0,1502.0,1506.0,4304.49212674,6467951.17066504
2026-04-06 16:00:00,1506.0,1506.0,1506.0,1506.0,10.62416998,15999.99998988
2026-04-06 16:45:00,1501.0,1501.0,1501.0,1501.0,28.60211339,42931.77219839
2026-04-06 17:30:00,1501.0,1501.0,1501.0,1501.0,661.41468739,992783.44577239
2026-04-06 17:45:00,1506.0,1506.0,1506.0,1506.0,3.32005312,4999.99999872
2026-04-06 19:30:00,1505.0,1505.0,1500.0,1500.0,79.88406241,120158.09892705
2026-04-06 19:45:00,1500.0,1500.0,1498.0,1498.0,223.64063534,335128.98360167
2026-04-07 00:15:00,1504.0,1504.0,1504.0,1504.0,143.33098403,215569.79998112
2026-04-07 01:15:00,1504.0,1504.0,1504.0,1504.0,32.87310979,49441.15712416
2026-04-07 02:00:00,1505.0,1505.0,1505.0,1505.0,3.32225913,4999.99999065
2026-04-07 02:30:00,1505.0,1506.0,1505.0,1506.0,3.32005532,4999.99998965
2026-04-07 05:15:00,1504.0,1504.0,1503.0,1503.0,32.28102429,48545.34270127
2026-04-07 05:45:00,1506.0,1506.0,1506.0,1506.0,392.7124349,591424.9269594
2026-04-07 06:45:00,1507.0,1507.0,1507.0,1507.0,26.56042496,40026.56041472
2026-04-07 07:45:00,1508.0,1508.0,1508.0,1508.0,891.35342865,1344160.9704042
2026-04-07 08:30:00,1508.0,1509.0,1508.0,1509.0,3.41347934,5147.62135854
2026-04-07 08:45:00,1509.0,1509.0,1504.0,1504.0,123.47749214,186310.46824256
2026-04-07 09:30:00,1510.0,1510.0,1510.0,1510.0,159.85404633,241379.6099583
2026-04-07 10:15:00,1510.0,1510.0,1510.0,1510.0,6.62251655,9999.9999905
2026-04-07 10:30:00,1510.0,1510.0,1510.0,1510.0,187.63408291,283327.4651941
2026-04-07 11:00:00,1505.0,1505.0,1505.0,1505.0,19.84126984,29861.1111092
2026-04-07 12:15:00,1506.0,1506.0,1506.0,1506.0,19.85391767,29900.00001102
2026-04-07 13:00:00,1506.0,1506.0,1506.0,1506.0,19.84126984,29880.95237904
2026-04-07 13:45:00,1506.0,1506.0,1506.0,1506.0,6.70650729,10099.99997874
2026-04-07 16:30:00,1506.0,1508.0,1506.0,1508.0,931.91965384,1403480.94563264
2026-04-07 16:45:00,1508.0,1508.0,1508.0,1508.0,3.31564986,4999.99998888
2026-04-07 17:00:00,1508.0,1508.0,1508.0,1508.0,3.32294429,5010.99998932
2026-04-07 17:45:00,1507.0,1507.0,1507.0,1507.0,383.23439474,577534.23287318
2026-04-07 18:00:00,1505.0,1505.0,1504.0,1504.0,4512.66475916,6788079.36541856
2026-04-07 18:45:00,1506.0,1506.0,1506.0,1506.0,9.67330677,14567.99999562
2026-04-07 19:30:00,1506.0,1506.0,1503.0,1503.0,3346.15990783,5039287.80127167
2026-04-07 19:45:00,1507.0,1507.0,1507.0,1507.0,172.56343131,260053.09098417
2026-04-07 20:00:00,1507.0,1507.0,1507.0,1507.0,510.14175491,768783.62464937
2026-04-07 20:30:00,1507.0,1507.0,1507.0,1507.0,6.63570006,9999.99999042
2026-04-07 21:00:00,1507.0,1507.0,1507.0,1507.0,705.30825413,1062899.53897391
2026-04-07 22:30:00,1504.0,1504.0,1504.0,1504.0,6.64228723,9989.99999392
2026-04-07 23:00:00,1508.0,1508.0,1508.0,1508.0,158.86126931,239562.79411948
2026-04-07 23:15:00,1509.0,1511.0,1509.0,1511.0,21.38659853,32289.15037883
2026-04-07 23:30:00,1511.0,1511.0,1511.0,1511.0,806.23487065,1218220.88955215
2026-04-07 23:45:00,1505.0,1505.0,1505.0,1505.0,6.18223989,9304.27103445
2026-04-08 00:15:00,1505.0,1505.0,1505.0,1505.0,806.23487065,1213383.48032825
2026-04-08 04:15:00,1511.0,1513.0,1506.0,1506.0,113.41237865,171464.22387694
2026-04-08 04:45:00,1507.0,1507.0,1507.0,1507.0,4883.82484272,7359924.03797904
2026-04-08 05:30:00,1505.0,1505.0,1505.0,1505.0,111.17340377,167315.97267385
2026-04-08 06:00:00,1505.0,1505.0,1503.0,1503.0,145.2993099,218405.8950877
2026-04-08 06:30:00,1505.0,1505.0,1505.0,1505.0,3.32225913,4999.99999065
2026-04-08 07:00:00,1502.0,1502.0,1502.0,1502.0,6.65778961,9999.99999422
2026-04-08 07:30:00,1501.0,1505.0,1499.0,1505.0,822.48482421,1233620.73859861
2026-04-08 07:45:00,1498.0,1498.0,1496.0,1496.0,136.5514848,204301.05242236
2026-04-08 08:00:00,1495.0,1503.0,1493.0,1493.0,736.94364504,1101946.85384532
2026-04-08 08:15:00,1494.0,1505.0,1489.0,1489.0,2029.43227265,3041805.27716989
2026-04-08 08:30:00,1490.0,1490.0,1490.0,1490.0,533.0583452,794256.934348
2026-04-08 08:45:00,1491.0,1495.0,1491.0,1495.0,1598.67179488,2383718.14313772
2026-04-08 09:00:00,1490.0,1490.0,1483.0,1483.0,816.24401265,1214413.02410984
2026-04-08 09:15:00,1494.0,1499.0,1490.0,1490.0,345.17822446,516136.79833924
2026-04-08 09:30:00,1486.0,1495.0,1486.0,1495.0,446.90249452,667152.30523568
2026-04-08 09:45:00,1486.0,1486.0,1485.0,1485.0,1281.26334836,1903600.78122163
2026-04-08 10:00:00,1494.0,1494.0,1483.0,1493.0,440.27559478,656418.07588916
2026-04-08 10:15:00,1493.0,1493.0,1493.0,1493.0,17.94424689,26790.76060677
2026-04-08 11:00:00,1491.0,1492.0,1483.0,1492.0,683.2591206,1016953.68994563
2026-04-08 11:15:00,1483.0,1492.0,1482.0,1483.0,475.51107994,707065.03946135
2026-04-08 11:30:00,1491.0,1491.0,1491.0,1491.0,11.40174379,16999.99999089
2026-04-08 11:45:00,1482.0,1482.0,1482.0,1482.0,209.00950333,309752.08393506
2026-04-08 12:00:00,1482.0,1482.0,1482.0,1482.0,73.1934707,108472.7235774
2026-04-08 13:00:00,1482.0,1482.0,1481.0,1481.0,453.66689177,672314.43503599
2026-04-08 13:15:00,1481.0,1481.0,1481.0,1481.0,185.10989284,274147.75129604
2026-04-08 14:15:00,1481.0,1481.0,1480.0,1480.0,449.70750078,665639.62309903
2026-04-08 14:30:00,1480.0,1480.0,1479.0,1479.0,485.56149202,718165.71696785
2026-04-08 14:45:00,1479.0,1479.0,1479.0,1479.0,37.69200412,55746.47409348
2026-04-08 15:15:00,1479.0,1481.0,1477.0,1481.0,161.36579793,238605.45547251
2026-04-08 15:30:00,1481.0,1481.0,1481.0,1481.0,113.43686704,168000.00008624
2026-04-08 16:45:00,1480.0,1480.0,1480.0,1480.0,20.25658338,29979.7434024
2026-04-08 17:00:00,1480.0,1480.0,1480.0,1480.0,471.3229523,697557.969404
2026-04-08 17:15:00,1481.0,1481.0,1481.0,1481.0,797.40944818,1180963.39275458
2026-04-08 17:45:00,1479.0,1484.0,1479.0,1484.0,116.08827169,171983.02247571
2026-04-08 18:30:00,1484.0,1484.0,1484.0,1484.0,67.32749326,99913.99999784
2026-04-08 19:15:00,1479.0,1479.0,1479.0,1479.0,6.71564986,9932.44614294
2026-04-08 20:15:00,1482.0,1482.0,1482.0,1482.0,133.20014797,197402.61929154
2026-04-08 20:30:00,1484.0,1484.0,1484.0,1484.0,6.73854447,9999.99999348
2026-04-08 21:00:00,1479.0,1479.0,1478.0,1478.0,67.32749326,99551.4434576
2026-04-08 21:30:00,1484.0,1484.0,1484.0,1484.0,26.95417789,39999.99998876
2026-04-08 22:30:00,1484.0,1484.0,1484.0,1484.0,327.27452394,485675.39352696
2026-04-08 23:00:00,1485.0,1492.0,1485.0,1492.0,67.23940954,99999.99999548
2026-04-08 23:45:00,1480.0,1480.0,1480.0,1480.0,26.77275792,39623.6817216
2026-04-09 02:30:00,1491.0,1491.0,1491.0,1491.0,20.12072434,29999.99999094
2026-04-09 05:15:00,1491.0,1492.0,1491.0,1492.0,107.3013979,159999.99999843
2026-04-09 06:00:00,1492.0,1492.0,1492.0,1492.0,73.72654154,109999.99997768
2026-04-09 08:45:00,1492.0,1492.0,1492.0,1492.0,2009.77460331,2998583.70813852
2026-04-09 09:00:00,1485.0,1486.0,1485.0,1486.0,110.92652868,164816.82161848
2026-04-09 10:00:00,1490.0,1490.0,1490.0,1490.0,120.61098327,179710.3650723
2026-04-09 10:15:00,1493.0,1493.0,1493.0,1493.0,10.71667782,15999.99998526
2026-04-09 10:45:00,1493.0,1493.0,1493.0,1493.0,13.37373737,19966.98989341
2026-04-09 11:00:00,1491.0,1493.0,1487.0,1487.0,254.59361278,379428.83326902
2026-04-09 11:30:00,1487.0,1487.0,1487.0,1487.0,3.36314727,5000.99999049
2026-04-09 12:00:00,1487.0,1487.0,1487.0,1487.0,50.31100835,74812.46941645
2026-04-09 12:15:00,1487.0,1487.0,1485.0,1485.0,4546.80896327,6757718.35861103
2026-04-09 13:30:00,1485.0,1485.0,1485.0,1485.0,6.75511273,10031.34240405
2026-04-09 14:00:00,1485.0,1485.0,1485.0,1485.0,144.24000324,214196.4048114
2026-04-09 16:30:00,1485.0,1485.0,1485.0,1485.0,1701.31692019,2526455.62648215
2026-04-09 16:45:00,1490.0,1490.0,1490.0,1490.0,241.33451637,359588.4293913
2026-04-09 17:00:00,1491.0,1491.0,1491.0,1491.0,29.07576214,43351.96135074
2026-04-09 17:15:00,1490.0,1494.0,1490.0,1494.0,269.41217037,402026.45454553
2026-04-09 17:30:00,1486.0,1486.0,1486.0,1486.0,193.94766163,288206.22518218
2026-04-09 17:45:00,1494.0,1494.0,1494.0,1494.0,101.53692221,151696.16178174
2026-04-09 20:15:00,1494.0,1494.0,1494.0,1494.0,43.07150307,64348.82558658
2026-04-09 21:00:00,1495.0,1499.0,1495.0,1499.0,341.4007994,510814.09085392
2026-04-09 21:15:00,1490.0,1490.0,1489.0,1489.0,387.18481072,576875.54670446
2026-04-09 22:45:00,1490.0,1490.0,1490.0,1490.0,3.47456554,5177.1026546
2026-04-10 00:00:00,1490.0,1490.0,1490.0,1490.0,29.15008364,43433.6246236
2026-04-10 00:15:00,1489.0,1489.0,1489.0,1489.0,37.65786127,56072.55543103
2026-04-10 00:30:00,1489.0,1489.0,1485.0,1485.0,2401.6690872,3569602.32219779
2026-04-10 00:45:00,1485.0,1485.0,1485.0,1485.0,866.62378782,1286936.3249127
2026-04-10 01:00:00,1485.0,1485.0,1485.0,1485.0,14.31927118,21264.1177023
2026-04-10 01:15:00,1490.0,1494.0,1485.0,1485.0,43.48513678,64817.96059932
2026-04-10 02:45:00,1481.0,1481.0,1481.0,1481.0,225.02792537,333266.35747297
2026-04-10 05:15:00,1481.0,1489.0,1481.0,1489.0,524.28602894,776575.06352766
2026-04-10 06:30:00,1481.0,1481.0,1480.0,1480.0,201.342,298175.14107458
2026-04-10 07:15:00,1480.0,1480.0,1480.0,1480.0,1499.83101848,2219749.9073504
2026-04-10 07:45:00,1484.0,1484.0,1484.0,1484.0,80.59100067,119597.04499428
2026-04-10 08:00:00,1483.0,1484.0,1483.0,1484.0,409.52566157,607682.48947464
2026-04-10 08:15:00,1480.0,1480.0,1480.0,1480.0,7.0,10360.0
2026-04-10 08:30:00,1485.0,1485.0,1485.0,1485.0,1426.88650349,2118926.45768265
2026-04-10 08:45:00,1480.0,1480.0,1480.0,1480.0,100.63806243,148944.3323964
2026-04-10 09:00:00,1480.0,1480.0,1480.0,1480.0,519.04702791,768189.6013068
2026-04-10 10:00:00,1482.0,1482.0,1480.0,1480.0,2009.77460331,2976018.93151634
2026-04-10 10:15:00,1485.0,1486.0,1485.0,1486.0,1528.41990184,2271164.7347247
2026-04-10 12:45:00,1486.0,1486.0,1486.0,1486.0,3.5108,5217.0488
2026-04-10 13:00:00,1486.0,1486.0,1486.0,1486.0,3.3768,5017.9248
2026-04-10 13:15:00,1486.0,1489.0,1486.0,1489.0,26.74911242,39817.98159338
2026-04-10 15:30:00,1487.0,1487.0,1487.0,1487.0,13.44086628,19986.56815836
2026-04-10 17:15:00,1487.0,1489.0,1487.0,1489.0,581.48954977,865658.04794848
2026-04-10 17:45:00,1486.0,1495.0,1486.0,1486.0,1644.45747945,2447006.95942846
2026-04-10 18:00:00,1486.0,1486.0,1486.0,1486.0,1580.89892723,2349215.80586378
2026-04-10 18:15:00,1494.0,1495.0,1489.0,1489.0,273.25804666,408385.49966386
2026-04-10 18:30:00,1490.0,1490.0,1490.0,1490.0,5.9115,8808.135
2026-04-10 19:30:00,1489.0,1490.0,1489.0,1490.0,11.0374,16441.3996
2026-04-10 20:00:00,1489.0,1489.0,1489.0,1489.0,3.4693,5165.7877
2026-04-10 20:30:00,1489.0,1489.0,1489.0,1489.0,2340.14294828,3484472.84998892
2026-04-10 20:45:00,1489.0,1489.0,1489.0,1489.0,200.0,297800.0
2026-04-10 21:30:00,1489.0,1489.0,1489.0,1489.0,26.55070516,39533.99998324
2026-04-10 21:45:00,1489.0,1489.0,1489.0,1489.0,36.93303463,54993.28856407
2026-04-10 23:00:00,1486.0,1486.0,1486.0,1486.0,6.402955,9514.79113
2026-04-10 23:15:00,1486.0,1486.0,1486.0,1486.0,499.27021376,741915.53764736
2026-04-10 23:30:00,1486.0,1486.0,1486.0,1486.0,6.7294751,9999.9999986
2026-04-11 04:00:00,1485.0,1485.0,1485.0,1485.0,13.45455218,19980.0099873
2026-04-11 04:15:00,1484.0,1484.0,1482.0,1482.0,139.19336694,206475.24230234
2026-04-11 04:45:00,1480.0,1480.0,1480.0,1480.0,6.71140939,9932.8858972
2026-04-11 05:30:00,1480.0,1480.0,1480.0,1480.0,271.70637345,402125.432706
2026-04-11 06:00:00,1480.0,1480.0,1480.0,1480.0,535.15949319,792036.0499212
2026-04-11 06:30:00,1480.0,1480.0,1480.0,1480.0,19.45373593,28791.5291764
2026-04-11 06:45:00,1480.0,1480.0,1479.0,1479.0,1351.78734162,1999317.13872005
2026-04-11 07:15:00,1479.0,1499.0,1479.0,1486.0,730.42878715,1090347.21023762
2026-04-11 08:30:00,1481.0,1481.0,1481.0,1481.0,5.24622783,7769.66341623
2026-04-11 08:45:00,1481.0,1481.0,1480.0,1480.0,19.68503937,29142.09618223
2026-04-11 09:15:00,1485.0,1505.0,1485.0,1488.0,18831.80923486,28095941.11199728
2026-04-11 09:30:00,1487.0,1488.0,1481.0,1483.0,15972.90226717,23708416.77534403
2026-04-11 09:45:00,1485.0,1485.0,1484.0,1484.0,6795.75286828,10085031.9366622
2026-04-11 10:00:00,1490.0,1490.0,1485.0,1485.0,11.773049,17513.04934
2026-04-11 10:15:00,1485.0,1485.0,1485.0,1485.0,6469.53770167,9607263.48697995
2026-04-11 10:30:00,1487.0,1487.0,1487.0,1487.0,4.03496973,5999.99998851
2026-04-11 10:45:00,1487.0,1487.0,1487.0,1487.0,6.72494956,9999.99999572
2026-04-11 12:45:00,1485.0,1485.0,1485.0,1485.0,11.773049,17482.977765
2026-04-11 13:00:00,1487.0,1487.0,1487.0,1487.0,386.81399044,575192.40378428
2026-04-11 14:15:00,1487.0,1487.0,1487.0,1487.0,201.47750167,299597.04498329
2026-04-11 14:45:00,1488.0,1488.0,1488.0,1488.0,13.44086021,19999.99999248
2026-04-11 15:00:00,1488.0,1488.0,1488.0,1488.0,13.04200268,19406.49998784
2026-04-11 15:30:00,1488.0,1488.0,1488.0,1488.0,675.05360223,1004479.76011824
2026-04-11 16:45:00,1487.0,1487.0,1485.0,1485.0,6.72494956,9993.2987821
2026-04-11 17:00:00,1488.0,1488.0,1481.0,1482.0,236.32775654,350307.91993908
2026-04-11 17:45:00,1482.0,1482.0,1482.0,1482.0,7.58766437,11244.91859634
2026-04-11 19:15:00,1487.0,1487.0,1487.0,1487.0,141.79246919,210845.40168553
2026-04-11 20:30:00,1488.0,1488.0,1488.0,1488.0,25.64798539,38164.20226032
2026-04-11 21:00:00,1483.0,1483.0,1483.0,1483.0,10.07387508,14939.55674364
2026-04-11 21:15:00,1483.0,1483.0,1483.0,1483.0,4.03496973,5983.86010959
2026-04-11 21:30:00,1487.0,1488.0,1483.0,1488.0,457.45128769,680210.25322132
2026-04-11 21:45:00,1483.0,1483.0,1483.0,1483.0,10.50293702,15575.85560066
2026-04-11 22:00:00,1488.0,1488.0,1488.0,1488.0,30.24193548,44999.99999424
2026-04-11 22:15:00,1488.0,1488.0,1483.0,1483.0,52.89366822,78599.19249865
2026-04-11 22:45:00,1488.0,1488.0,1484.0,1484.0,13.44100918,19973.33934352
2026-04-11 23:30:00,1485.0,1485.0,1485.0,1485.0,675.05360223,1002454.59931155
2026-04-12 00:15:00,1485.0,1485.0,1485.0,1485.0,25.64798539,38087.25830415
2026-04-12 01:30:00,1485.0,1485.0,1485.0,1485.0,556.98010364,827115.4539054
2026-04-12 03:30:00,1485.0,1485.0,1484.0,1484.0,3852.97814852,5720975.79299103
2026-04-12 03:45:00,1484.0,1484.0,1484.0,1484.0,617.746513,916735.825292
2026-04-12 04:30:00,1484.0,1484.0,1483.0,1483.0,1462.69068014,2169247.79352354
2026-04-12 07:15:00,1488.0,1489.0,1488.0,1489.0,4.91352816,7314.58817329
2026-04-12 07:30:00,1483.0,1483.0,1483.0,1483.0,4.91352816,7286.76226128
2026-04-12 08:15:00,1483.0,1483.0,1483.0,1483.0,204.85184442,303795.28527486
2026-04-12 09:45:00,1487.0,1487.0,1487.0,1487.0,12.61099406,18752.54816722
2026-04-12 10:15:00,1483.0,1483.0,1482.0,1482.0,12.61099406,18696.23628525
2026-04-12 10:30:00,1487.0,1487.0,1487.0,1487.0,1398.25327895,2079202.62579865
2026-04-12 10:45:00,1489.0,1499.0,1489.0,1490.0,508.49818119,758240.03613035
2026-04-12 11:45:00,1490.0,1501.0,1490.0,1501.0,1801.06664937,2683969.08623341
2026-04-12 12:00:00,1490.0,1490.0,1490.0,1490.0,11.886127,17710.32923
2026-04-12 12:15:00,1488.0,1488.0,1488.0,1488.0,28.22640722,42000.89394336
2026-04-12 12:30:00,1488.0,1488.0,1487.0,1487.0,969.96573358,1442339.97522567
2026-04-12 13:45:00,1486.0,1486.0,1486.0,1486.0,8.0,11888.0
2026-04-12 15:45:00,1487.0,1487.0,1487.0,1487.0,85.98871159,127865.21413433
2026-04-12 16:00:00,1486.0,1486.0,1486.0,1486.0,13.57773251,20176.51050986
2026-04-12 16:45:00,1493.0,1493.0,1493.0,1493.0,6.69792364,9999.99999452
2026-04-12 17:15:00,1493.0,1493.0,1493.0,1493.0,6.69792364,9999.99999452
2026-04-12 17:30:00,1489.0,1489.0,1489.0,1489.0,161.69922478,240770.14569742
2026-04-12 17:45:00,1487.0,1487.0,1487.0,1487.0,13.45904771,20013.60394477
2026-04-12 18:00:00,1487.0,1487.0,1487.0,1487.0,16.41979467,24416.23467429
2026-04-12 18:15:00,1487.0,1487.0,1487.0,1487.0,6.77747964,10078.11222468
2026-04-12 18:45:00,1486.0,1486.0,1486.0,1486.0,382.14536587,567868.01368282
2026-04-12 19:15:00,1492.0,1492.0,1492.0,1492.0,80.42895442,119999.99999464
2026-04-12 19:30:00,1491.0,1494.0,1485.0,1485.0,734.0531742,1093253.48183736
2026-04-12 19:45:00,1491.0,1494.0,1491.0,1494.0,302.59374976,451822.0075966
2026-04-12 20:00:00,1494.0,1494.0,1494.0,1494.0,405.81178218,606282.80257692
2026-04-12 20:15:00,1489.0,1489.0,1487.0,1487.0,103.95586872,154602.52905018
2026-04-12 21:00:00,1486.0,1486.0,1486.0,1486.0,397.81042811,591146.29617146
2026-04-12 21:15:00,1491.0,1491.0,1491.0,1491.0,18.6344735,27783.9999885
2026-04-12 23:00:00,1491.0,1491.0,1491.0,1491.0,6.70690811,9999.99999201
2026-04-12 23:45:00,1491.0,1491.0,1491.0,1491.0,13.96914822,20827.99999602
2026-04-13 01:00:00,1491.0,1491.0,1491.0,1491.0,6.70690811,9999.99999201
2026-04-13 01:15:00,1491.0,1501.0,1488.0,1488.0,598.15212628,896063.92528346
2026-04-13 01:30:00,1488.0,1488.0,1488.0,1488.0,72.69876031,108175.75534128
2026-04-13 07:30:00,1488.0,1488.0,1487.0,1487.0,489.84103373,728672.6102851
2026-04-13 07:45:00,1490.0,1499.0,1486.0,1486.0,96.55643285,144184.05878692
2026-04-13 08:00:00,1493.0,1501.0,1490.0,1490.0,1617.38521817,2419987.75015877
2026-04-13 08:15:00,1490.0,1490.0,1488.0,1488.0,1144.07335118,1704654.10927384
2026-04-13 09:00:00,1500.0,1500.0,1491.0,1491.0,86.65103499,129316.69316997
2026-04-13 09:15:00,1497.0,1497.0,1497.0,1497.0,751.35153887,1124773.25368839
2026-04-13 10:15:00,1487.0,1487.0,1487.0,1487.0,198.63788104,295374.52910648
2026-04-13 11:00:00,1492.0,1492.0,1492.0,1492.0,471.5883035,703609.748822
2026-04-13 11:30:00,1497.0,1497.0,1497.0,1497.0,6.65799364,9967.01647908
2026-04-13 12:30:00,1497.0,1497.0,1497.0,1497.0,3.34001336,4999.99999992
2026-04-13 12:45:00,1489.0,1489.0,1489.0,1489.0,25.91907394,38593.50109666
2026-04-13 14:15:00,1489.0,1489.0,1489.0,1489.0,4.60902618,6862.83998202
2026-04-13 16:30:00,1487.0,1487.0,1487.0,1487.0,18.48942865,27493.78040255
2026-04-13 18:15:00,1490.0,1490.0,1490.0,1490.0,209.07826938,311526.6213762
2026-04-13 19:30:00,1487.0,1487.0,1487.0,1487.0,80.42895442,119597.85522254
2026-04-13 20:00:00,1487.0,1487.0,1487.0,1487.0,6.58761528,9795.78392136
2026-04-13 20:15:00,1487.0,1487.0,1487.0,1487.0,668.00267201,993319.97327887
2026-04-13 20:30:00,1491.0,1493.0,1491.0,1493.0,203.43210887,303643.34409013
2026-04-13 20:45:00,1495.0,1501.0,1495.0,1499.0,340.70769548,510941.32323489
2026-04-13 21:00:00,1501.0,1501.0,1487.0,1487.0,7.3284477,10948.7008638
2026-04-13 21:30:00,1489.0,1489.0,1489.0,1489.0,3.5981,5357.5709
2026-04-13 22:45:00,1490.0,1490.0,1490.0,1490.0,3.5981,5361.169
2026-04-13 23:00:00,1490.0,1490.0,1490.0,1490.0,3.66422385,5459.6935365
2026-04-13 23:15:00,1490.0,1490.0,1490.0,1490.0,19.013,28329.37
2026-04-13 23:45:00,1488.0,1490.0,1488.0,1490.0,213.09950559,317103.75495992
2026-04-14 04:30:00,1486.0,1486.0,1485.0,1485.0,179.47677148,266529.7351229
2026-04-14 04:45:00,1484.0,1484.0,1482.0,1482.0,46.17801966,68479.83934629
2026-04-14 05:15:00,1482.0,1482.0,1482.0,1482.0,264.03708576,391302.96109632
2026-04-14 06:00:00,1482.0,1482.0,1481.0,1481.0,679.46991833,1006593.13302364
2026-04-14 07:00:00,1481.0,1483.0,1480.0,1483.0,6991.0161188,10353737.28659801
2026-04-14 07:15:00,1483.0,1490.0,1477.0,1477.0,1690.12038345,2499008.7472219
2026-04-14 07:30:00,1478.0,1478.0,1478.0,1478.0,87.33116526,129075.46225428
2026-04-14 07:45:00,1478.0,1478.0,1474.0,1477.0,1245.63820766,1838658.7412783
2026-04-14 08:00:00,1474.0,1474.0,1474.0,1474.0,67.71341845,99809.5787953
2026-04-14 08:15:00,1474.0,1474.0,1474.0,1474.0,665.26657154,980602.92644996
2026-04-14 08:30:00,1478.0,1478.0,1474.0,1474.0,74.37617877,109901.12350154
2026-04-14 08:45:00,1474.0,1477.0,1470.0,1477.0,897.10838271,1320738.10101249
2026-04-14 09:00:00,1474.0,1474.0,1470.0,1470.0,13.33333332,19632.56443088
2026-04-14 09:15:00,1477.0,1477.0,1477.0,1477.0,101.55721056,149999.99999712
2026-04-14 09:45:00,1477.0,1477.0,1477.0,1477.0,13.5409614,19999.9999878
2026-04-14 10:15:00,1477.0,1477.0,1477.0,1477.0,677.04807041,999999.99999557
2026-04-14 11:15:00,1478.0,1478.0,1478.0,1478.0,197.17710687,291427.76395386
2026-04-14 11:30:00,1478.0,1478.0,1478.0,1478.0,229.21162792,338774.78606576
2026-04-14 11:45:00,1482.0,1489.0,1482.0,1489.0,130.74480483,194357.75479454
2026-04-14 12:00:00,1483.0,1483.0,1478.0,1478.0,2219.66169182,3283072.54028241
2026-04-14 12:15:00,1488.0,1488.0,1488.0,1488.0,3.36088709,5000.99998992
2026-04-14 13:45:00,1478.0,1478.0,1478.0,1478.0,92.96533558,137402.76598724
2026-04-14 14:00:00,1477.0,1477.0,1475.0,1475.0,204.49504202,301785.91262273
2026-04-14 14:30:00,1474.0,1474.0,1474.0,1474.0,13.48391298,19875.28773252
2026-04-14 14:45:00,1475.0,1475.0,1474.0,1474.0,142.73579714,210399.34464537
2026-04-14 15:15:00,1473.0,1473.0,1473.0,1473.0,13.00501035,19156.38024555
2026-04-14 15:30:00,1472.0,1472.0,1472.0,1472.0,85.72869588,126192.64033536
2026-04-14 17:15:00,1478.0,1478.0,1478.0,1478.0,20.29769959,29999.99999402
2026-04-14 17:30:00,1478.0,1478.0,1478.0,1478.0,67.62653855,99952.0239769
2026-04-14 18:30:00,1478.0,1478.0,1475.0,1475.0,33.33419417,49180.08254416
2026-04-14 18:45:00,1475.0,1475.0,1475.0,1475.0,486.42989096,717484.089166
2026-04-14 19:00:00,1478.0,1478.0,1470.0,1470.0,14048.22812516,20725426.9737432
2026-04-14 19:15:00,1478.0,1478.0,1478.0,1478.0,3.38362652,5000.99999656
2026-04-14 20:00:00,1471.0,1478.0,1470.0,1478.0,1214.03544155,1784979.31408343
2026-04-14 20:45:00,1470.0,1470.0,1470.0,1470.0,4.0399188,5938.680636
2026-04-14 21:00:00,1478.0,1478.0,1477.0,1477.0,174.19505692,257456.25485898
2026-04-14 21:15:00,1475.0,1475.0,1475.0,1475.0,12.15593219,17929.99998025
2026-04-14 21:30:00,1470.0,1470.0,1470.0,1470.0,66.40106241,97609.5617427
2026-04-14 22:00:00,1470.0,1470.0,1470.0,1470.0,250.93948413,368881.0416711
2026-04-14 22:45:00,1470.0,1470.0,1470.0,1470.0,12.12740436,17827.2844092
2026-04-14 23:00:00,1475.0,1475.0,1470.0,1470.0,10.84475497,15961.99997535
2026-04-14 23:30:00,1475.0,1475.0,1475.0,1475.0,670.85395803,989509.58809425
2026-04-14 23:45:00,1475.0,1475.0,1475.0,1475.0,149.41109953,220381.37180675
2026-04-15 00:00:00,1475.0,1475.0,1475.0,1475.0,3058.00874269,4510562.89546775
2026-04-15 00:15:00,1475.0,1475.0,1475.0,1475.0,262.81779248,387656.243908
2026-04-15 01:15:00,1475.0,1476.0,1475.0,1476.0,88.2177422,130127.95158782
2026-04-15 01:45:00,1475.0,1475.0,1473.0,1473.0,88.2177422,130062.02110336
2026-04-15 02:00:00,1475.0,1479.0,1475.0,1479.0,2086.90628958,3079311.64085469
2026-04-15 02:30:00,1479.0,1479.0,1472.0,1472.0,37.21230571,54800.17864332
2026-04-15 04:15:00,1478.0,1480.0,1478.0,1480.0,298.84558546,442242.59621754
2026-04-15 07:30:00,1474.0,1482.0,1474.0,1482.0,218.5971479,323327.491172
2026-04-15 08:45:00,1482.0,1482.0,1482.0,1482.0,311.1299578,461094.5974596
2026-04-15 09:00:00,1476.0,1481.0,1474.0,1481.0,177.97433792,262661.63766439
2026-04-15 09:15:00,1475.0,1475.0,1475.0,1475.0,82.86317914,122223.1892315
2026-04-15 09:30:00,1481.0,1481.0,1475.0,1481.0,289.63587727,428622.62640761
2026-04-15 09:45:00,1475.0,1481.0,1475.0,1481.0,383.6495339,566178.03979274
2026-04-15 10:00:00,1481.0,1481.0,1481.0,1481.0,67.52194463,99999.99999703
2026-04-15 14:45:00,1481.0,1481.0,1481.0,1481.0,13.50438892,19999.99999052
2026-04-15 16:30:00,1481.0,1482.0,1481.0,1482.0,322.87706662,478477.00626479
2026-04-15 17:15:00,1482.0,1482.0,1482.0,1482.0,26.80646605,39727.1826861
2026-04-15 17:30:00,1483.0,1483.0,1476.0,1476.0,16.56355108,24482.80139408
2026-04-15 17:45:00,1476.0,1476.0,1476.0,1476.0,33.8813644,50008.8938544
2026-04-15 19:45:00,1476.0,1476.0,1476.0,1476.0,10.99583541,16229.85306516
2026-04-15 22:30:00,1482.0,1484.0,1482.0,1484.0,104.46600302,154999.99999183
2026-04-15 23:15:00,1483.0,1483.0,1483.0,1483.0,4.045853,5999.999999
2026-04-15 23:30:00,1483.0,1483.0,1483.0,1483.0,33.02462052,48975.51223116
2026-04-16 00:15:00,1482.0,1482.0,1482.0,1482.0,5.57745148,8265.78309336
2026-04-16 02:30:00,1480.0,1480.0,1478.0,1478.0,291.76039889,431355.32100376
2026-04-16 03:00:00,1479.0,1479.0,1479.0,1479.0,67.61325219,99999.99998901
2026-04-16 03:15:00,1478.0,1478.0,1477.0,1477.0,1015.57210561,1500063.36345746
2026-04-16 03:45:00,1478.0,1478.0,1478.0,1478.0,139.04584368,205509.75695904
2026-04-16 04:00:00,1477.0,1482.0,1477.0,1482.0,499.0955897,737838.82550936
2026-04-16 04:15:00,1474.0,1474.0,1474.0,1474.0,8.96521907,13214.73290918
2026-04-16 06:45:00,1474.0,1474.0,1474.0,1474.0,21.04335675,31017.9078495
2026-04-16 07:45:00,1474.0,1474.0,1474.0,1474.0,22.93351242,33803.99730708
2026-04-16 08:45:00,1474.0,1474.0,1474.0,1474.0,9.99884733,14738.30096442
2026-04-16 09:00:00,1474.0,1474.0,1474.0,1474.0,13.50438892,19905.46926808
2026-04-16 09:15:00,1473.0,1473.0,1473.0,1473.0,113.18117408,166715.86941984
2026-04-16 09:45:00,1473.0,1473.0,1471.0,1471.0,315.25611622,464206.04296472
2026-04-16 12:15:00,1473.0,1473.0,1473.0,1473.0,236.07525636,347738.85261828
2026-04-16 13:00:00,1474.0,1474.0,1474.0,1474.0,203.52781546,299999.99998804
2026-04-16 13:30:00,1474.0,1474.0,1474.0,1474.0,4.0705563,5999.9999862
2026-04-16 14:00:00,1474.0,1474.0,1474.0,1474.0,467.18451845,688629.9801953
2026-04-16 14:45:00,1471.0,1471.0,1471.0,1471.0,101.09218386,148706.60245806
2026-04-16 15:15:00,1471.0,1471.0,1471.0,1471.0,203.52781546,299389.41654166
2026-04-16 15:45:00,1471.0,1471.0,1471.0,1471.0,34.0367597,50068.0735187
2026-04-16 16:30:00,1474.0,1474.0,1474.0,1474.0,4.74898236,6999.99999864
2026-04-16 16:45:00,1474.0,1474.0,1474.0,1474.0,14.24694708,20999.99999592
2026-04-16 17:00:00,1474.0,1474.0,1474.0,1474.0,13.56852102,19999.99998348
2026-04-16 17:30:00,1474.0,1475.0,1474.0,1475.0,114.27968867,168537.5671796
2026-04-16 17:45:00,1477.0,1477.0,1477.0,1477.0,10.15572105,14999.99999085
2026-04-16 18:15:00,1471.0,1471.0,1471.0,1471.0,10.13513513,14908.78377623
2026-04-16 18:30:00,1471.0,1471.0,1471.0,1471.0,4.30663164,6335.05514244
2026-04-16 18:45:00,1471.0,1471.0,1471.0,1471.0,10.15572105,14939.06566455
2026-04-16 19:15:00,1471.0,1471.0,1471.0,1471.0,1217.20775221,1790512.60350091
2026-04-16 19:45:00,1477.0,1477.0,1472.0,1472.0,12.20928814,18005.23132538
2026-04-16 20:45:00,1472.0,1472.0,1472.0,1472.0,37.43344253,55102.02740416
2026-04-16 21:30:00,1473.0,1473.0,1473.0,1473.0,20.36659878,30000.00000294
2026-04-16 22:15:00,1477.0,1477.0,1477.0,1477.0,47.90385917,70753.99999409
2026-04-16 22:45:00,1477.0,1479.0,1477.0,1479.0,4365.79991177,6455862.19484507
2026-04-16 23:00:00,1479.0,1479.0,1479.0,1479.0,14.75761075,21826.50629925
2026-04-16 23:45:00,1479.0,1480.0,1479.0,1480.0,91.84939178,135899.88215459
2026-04-17 00:00:00,1480.0,1480.0,1480.0,1480.0,33.59874116,49726.1369168
2026-04-17 01:15:00,1478.0,1478.0,1478.0,1478.0,10.9128552,16129.1999856
2026-04-17 01:30:00,1478.0,1478.0,1478.0,1478.0,321.0208157,474468.7656046
2026-04-17 02:00:00,1478.0,1478.0,1478.0,1478.0,141.19965986,208693.09727308
2026-04-17 04:00:00,1477.0,1477.0,1477.0,1477.0,1979.93642862,2924366.10507174
2026-04-17 04:15:00,1477.0,1477.0,1477.0,1477.0,35.06357138,51788.89492826
2026-04-17 04:30:00,1476.0,1476.0,1474.0,1474.0,3523.47294942,5193696.91820571
2026-04-17 04:45:00,1473.0,1473.0,1473.0,1473.0,13.50438892,19891.96487916
2026-04-17 05:30:00,1476.0,1476.0,1476.0,1476.0,6.78886625,10020.366585
2026-04-17 06:00:00,1473.0,1473.0,1473.0,1473.0,14.75761075,21737.96063475
2026-04-17 06:30:00,1475.0,1475.0,1475.0,1475.0,45.90489657,67709.72244075
2026-04-17 06:45:00,1475.0,1475.0,1472.0,1472.0,2751.44194005,4050934.26096628
2026-04-17 07:45:00,1472.0,1472.0,1472.0,1472.0,33.59874116,49457.34698752
2026-04-17 08:00:00,1476.0,1476.0,1476.0,1476.0,40.35385476,59562.28962576
2026-04-17 08:15:00,1476.0,1477.0,1476.0,1477.0,14.75228613,21781.14480858
2026-04-17 08:30:00,1476.0,1476.0,1476.0,1476.0,15.96361086,23562.28962936
2026-04-17 08:45:00,1476.0,1476.0,1472.0,1472.0,23.98180543,35385.48392336
2026-04-17 09:00:00,1477.0,1477.0,1477.0,1477.0,14.21800947,20999.99998719
2026-04-17 09:15:00,1477.0,1480.0,1477.0,1480.0,88.31295258,130657.8301605
2026-04-17 09:30:00,1480.0,1480.0,1480.0,1480.0,4.72972972,6999.9999856
2026-04-17 10:00:00,1480.0,1481.0,1480.0,1481.0,348.36268476,515581.49998092
2026-04-17 10:15:00,1481.0,1482.0,1472.0,1482.0,39.41829696,58359.99996545
2026-04-17 10:30:00,1482.0,1482.0,1482.0,1482.0,27.85425101,41279.99999682
2026-04-17 11:00:00,1482.0,1482.0,1482.0,1482.0,67.47638326,99999.99999132
2026-04-17 11:15:00,1482.0,1482.0,1482.0,1482.0,9.78407557,14499.99999474
2026-04-17 12:00:00,1478.0,1478.0,1478.0,1478.0,674.76383265,997300.9446567
2026-04-17 12:45:00,1477.0,1481.0,1477.0,1481.0,537.56005687,794003.21199699
2026-04-17 13:00:00,1481.0,1481.0,1481.0,1481.0,4.72653612,6999.99999372
2026-04-17 14:15:00,1481.0,1485.0,1474.0,1485.0,4328.16949329,6386372.44218565
2026-04-17 14:30:00,1485.0,1485.0,1485.0,1485.0,23.56902355,34999.99997175
2026-04-17 14:45:00,1475.0,1475.0,1473.0,1474.0,418.50304369,616855.84458696
2026-04-17 15:00:00,1474.0,1474.0,1474.0,1474.0,43.157731,63614.495494
2026-04-17 15:15:00,1474.0,1474.0,1474.0,1474.0,156.04284285,230007.1503609
2026-04-17 15:30:00,1474.0,1474.0,1473.0,1473.0,231.23702155,340657.86779507
2026-04-17 15:45:00,1473.0,1473.0,1473.0,1473.0,79.32173067,116840.90927691
2026-04-17 16:00:00,1479.0,1479.0,1479.0,1479.0,27.04530087,39999.99998673
2026-04-17 16:30:00,1478.0,1478.0,1478.0,1478.0,6.76589986,9999.99999308
2026-04-17 16:45:00,1472.0,1472.0,1472.0,1472.0,6.76589986,9959.40459392
2026-04-17 17:15:00,1472.0,1472.0,1472.0,1472.0,10.90655601,16054.45044672
2026-04-17 17:30:00,1472.0,1472.0,1472.0,1472.0,9.26747945,13641.7297504
2026-04-17 17:45:00,1472.0,1478.0,1472.0,1478.0,52.15818117,76886.45025996
2026-04-17 18:15:00,1478.0,1478.0,1478.0,1478.0,3.38362652,5000.99999656
2026-04-17 18:30:00,1479.0,1479.0,1479.0,1479.0,3.3806626,4999.9999854
2026-04-17 19:15:00,1479.0,1479.0,1479.0,1479.0,166.23924996,245867.85069084
2026-04-17 19:30:00,1479.0,1479.0,1479.0,1479.0,273.2231322,404097.0125238
2026-04-17 20:15:00,1480.0,1480.0,1480.0,1480.0,4.05405405,5999.999994
2026-04-17 20:30:00,1480.0,1480.0,1480.0,1480.0,104.06468609,154015.7354132
2026-04-17 20:45:00,1480.0,1480.0,1480.0,1480.0,230.20270837,340700.0083876
2026-04-17 21:00:00,1480.0,1480.0,1480.0,1480.0,136.01712657,201305.3473236
2026-04-17 21:15:00,1480.0,1480.0,1479.0,1479.0,154.35921837,228349.97519118
2026-04-17 21:30:00,1479.0,1479.0,1479.0,1479.0,72.80580039,107679.77877681
2026-04-17 21:45:00,1478.0,1478.0,1478.0,1478.0,5306.26732062,7842663.09987636
2026-04-17 22:00:00,1478.0,1481.0,1471.0,1471.0,2213.66621946,3258618.07282271
2026-04-17 22:15:00,1470.0,1480.0,1470.0,1480.0,460.62470582,677658.8580959
2026-04-17 22:45:00,1471.0,1471.0,1471.0,1471.0,33.78378378,49695.94594038
2026-04-17 23:00:00,1470.0,1470.0,1470.0,1470.0,50.1938993,73785.031971
2026-04-17 23:15:00,1470.0,1471.0,1468.0,1468.0,1413.88766166,2077884.09477202
2026-04-17 23:30:00,1468.0,1471.0,1466.0,1471.0,1263.39301044,1852580.97079914
2026-04-18 00:00:00,1476.0,1477.0,1469.0,1469.0,448.31738132,661769.70328423
2026-04-18 00:30:00,1469.0,1469.0,1466.0,1466.0,441.69486477,647794.0275062
2026-04-18 01:45:00,1467.0,1467.0,1466.0,1466.0,708.50246546,1038766.86385311
2026-04-18 02:30:00,1477.0,1477.0,1466.0,1466.0,13.67829336,20127.60867924
2026-04-18 04:15:00,1466.0,1466.0,1466.0,1466.0,85.85723676,125866.70909016
2026-04-18 05:30:00,1477.0,1477.0,1477.0,1477.0,16.24915368,23999.99998536
2026-04-18 06:15:00,1476.0,1476.0,1474.0,1474.0,27.11865653,39999.99999622
2026-04-18 06:45:00,1473.0,1473.0,1473.0,1473.0,47.33547541,69725.15527893
2026-04-18 07:00:00,1473.0,1473.0,1473.0,1473.0,300.0,441900.0
2026-04-18 07:45:00,1472.0,1472.0,1472.0,1472.0,11.28484024,16611.28483328
2026-04-18 08:00:00,1473.0,1473.0,1472.0,1473.0,599.72894172,883066.4637591
2026-04-18 08:30:00,1474.0,1474.0,1473.0,1473.0,2079.16998545,3064684.08487734
2026-04-18 09:00:00,1477.0,1477.0,1477.0,1477.0,67.70480704,99999.99999808
2026-04-18 09:15:00,1476.0,1476.0,1476.0,1476.0,294.68758978,434958.88251528
2026-04-18 09:30:00,1476.0,1476.0,1476.0,1476.0,105.8725655,156267.906678
2026-04-18 10:15:00,1476.0,1476.0,1476.0,1476.0,156.99896824,231730.47712224
2026-04-18 10:30:00,1476.0,1476.0,1473.0,1473.0,1009.07335776,1489371.92327223
2026-04-18 10:45:00,1477.0,1477.0,1477.0,1477.0,11.50981719,16999.99998963
2026-04-18 11:00:00,1473.0,1473.0,1473.0,1473.0,54.05405405,79621.62161565
2026-04-18 12:00:00,1477.0,1477.0,1477.0,1477.0,11.23899796,16599.99998692
2026-04-18 13:00:00,1477.0,1478.0,1473.0,1478.0,414.00034161,611735.83506685
2026-04-18 13:15:00,1478.0,1490.0,1478.0,1490.0,3387.83061767,5035295.43857447
2026-04-18 13:30:00,1486.0,1490.0,1477.0,1477.0,1017.64112744,1512935.53216128
2026-04-18 14:00:00,1477.0,1477.0,1477.0,1477.0,68.119891,100613.079007
2026-04-18 14:45:00,1475.0,1475.0,1475.0,1475.0,77.7141451,114628.3640225
2026-04-18 15:30:00,1477.0,1477.0,1477.0,1477.0,38.4489567,56789.1090459
2026-04-18 16:30:00,1485.0,1485.0,1477.0,1477.0,34.67878786,51359.28482066
2026-04-18 16:45:00,1477.0,1477.0,1477.0,1477.0,416.8945237,615753.2115049
2026-04-18 18:15:00,1477.0,1477.0,1477.0,1477.0,39.0411957,57663.8460489
2026-04-18 18:30:00,1484.0,1484.0,1477.0,1477.0,673.51768858,997142.93794269
2026-04-18 18:45:00,1485.0,1485.0,1485.0,1485.0,13.4589502,19986.541047
2026-04-18 19:15:00,1485.0,1485.0,1485.0,1485.0,207.42878292,308031.7426362
2026-04-18 19:30:00,1477.0,1477.0,1477.0,1477.0,4.2017769,6206.0244813
2026-04-18 20:00:00,1485.0,1485.0,1477.0,1485.0,652.32730844,964564.87564332
2026-04-18 20:15:00,1477.0,1477.0,1477.0,1477.0,735.22237,1085923.44049
2026-04-18 20:30:00,1477.0,1477.0,1477.0,1477.0,64.34509444,95037.70448788
2026-04-18 22:15:00,1477.0,1491.0,1477.0,1491.0,11946.81035582,17780186.04388973
2026-04-18 22:30:00,1490.0,1490.0,1478.0,1479.0,12372.15478199,18318642.82342439
2026-04-19 00:00:00,1489.0,1489.0,1478.0,1478.0,2333.82235225,3454235.40726023
2026-04-19 02:00:00,1479.0,1479.0,1478.0,1478.0,356.13211396,526392.77367268
2026-04-19 04:15:00,1478.0,1478.0,1478.0,1478.0,5.26132047,7776.23165466
2026-04-19 05:45:00,1478.0,1478.0,1478.0,1478.0,226.07059216,334132.33521248
2026-04-19 07:15:00,1478.0,1478.0,1478.0,1478.0,4.0,5912.0
2026-04-19 08:15:00,1489.0,1489.0,1489.0,1489.0,4.7011417,6999.9999913
2026-04-19 09:00:00,1489.0,1489.0,1489.0,1489.0,19.97633605,29744.76437845
2026-04-19 09:15:00,1479.0,1485.0,1477.0,1485.0,691.81216346,1022031.48965833
2026-04-19 10:00:00,1483.0,1483.0,1483.0,1483.0,13.46801346,19973.06396118
2026-04-19 10:15:00,1483.0,1484.0,1483.0,1484.0,129.50810358,192115.28434342
2026-04-19 10:30:00,1483.0,1483.0,1483.0,1483.0,62.05768035,92031.53995905
2026-04-19 10:45:00,1484.0,1484.0,1484.0,1484.0,109.81791103,162969.77996852
2026-04-19 11:45:00,1484.0,1484.0,1484.0,1484.0,3.36994609,5000.99999756
2026-04-19 12:00:00,1483.0,1483.0,1483.0,1483.0,51.58686201,76503.31636083
2026-04-19 13:30:00,1483.0,1483.0,1483.0,1483.0,67.92074611,100726.46648113
2026-04-19 14:15:00,1483.0,1483.0,1483.0,1483.0,33.71544167,49999.99999661
2026-04-19 14:30:00,1483.0,1484.0,1483.0,1484.0,229.71122772,340728.37404232
2026-04-19 15:00:00,1484.0,1484.0,1484.0,1484.0,374.30184052,555463.93133168
2026-04-19 15:45:00,1485.0,1485.0,1485.0,1485.0,4.71380471,6999.99999435
2026-04-19 16:15:00,1485.0,1486.0,1485.0,1486.0,145.25563106,215849.58155987
2026-04-19 17:00:00,1479.0,1487.0,1479.0,1487.0,98.91517273,146333.20018519
2026-04-19 18:00:00,1486.0,1486.0,1486.0,1486.0,4.71063257,6999.99999902
2026-04-19 18:15:00,1479.0,1488.0,1479.0,1488.0,1264.99425625,1875872.69148569
2026-04-19 19:00:00,1488.0,1488.0,1488.0,1488.0,14.11290321,20999.99997648
2026-04-19 19:30:00,1488.0,1488.0,1488.0,1488.0,333.0,495504.0
2026-04-19 20:45:00,1481.0,1488.0,1481.0,1488.0,416.90595975,617766.09682634
2026-04-19 21:45:00,1488.0,1491.0,1488.0,1490.0,182.34351956,271662.99996656
2026-04-19 22:00:00,1490.0,1490.0,1490.0,1490.0,9.39597314,13999.9999786
2026-04-19 22:30:00,1490.0,1490.0,1490.0,1490.0,20.13422818,29999.9999882
2026-04-19 23:45:00,1480.0,1480.0,1479.0,1479.0,170.9341236,252952.09412252
2026-04-20 03:15:00,1489.0,1489.0,1489.0,1489.0,20.14775016,29999.99998824
2026-04-20 03:45:00,1481.0,1489.0,1479.0,1479.0,5252.33572211,7772239.9018969
2026-04-20 05:30:00,1490.0,1490.0,1490.0,1490.0,1552.2827442,2312901.288858
2026-04-20 06:15:00,1482.0,1490.0,1480.0,1490.0,422.78330453,626450.56491965
2026-04-20 06:30:00,1490.0,1490.0,1490.0,1490.0,20.13422818,29999.9999882
2026-04-20 06:45:00,1490.0,1490.0,1490.0,1490.0,30.92038869,46071.3791481
2026-04-20 07:00:00,1490.0,1491.0,1489.0,1490.0,3641.41599165,5428912.61540175
2026-04-20 07:30:00,1490.0,1490.0,1490.0,1490.0,582.96433176,868616.8543224
2026-04-20 07:45:00,1490.0,1490.0,1490.0,1490.0,158.60783517,236325.6744033
2026-04-20 08:00:00,1490.0,1490.0,1480.0,1480.0,775.1292139,1147526.8070417
2026-04-20 08:15:00,1482.0,1491.0,1482.0,1491.0,2068.12630323,3080023.17029516
2026-04-20 08:45:00,1490.0,1493.0,1480.0,1493.0,3188.82996223,4743260.60324325
2026-04-20 09:00:00,1490.0,1493.0,1490.0,1493.0,192.5465753,287379.51475018
2026-04-20 09:30:00,1493.0,1493.0,1493.0,1493.0,3.34963161,5000.99999373
2026-04-20 11:00:00,1493.0,1493.0,1490.0,1490.0,94.10856237,140480.59998734
2026-04-20 11:15:00,1486.0,1486.0,1484.0,1484.0,644.67116321,957172.06477512
2026-04-20 11:30:00,1483.0,1489.0,1483.0,1489.0,2088.114701,3097112.789789
2026-04-20 12:00:00,1486.0,1486.0,1486.0,1486.0,343.49674799,510436.16751314
2026-04-20 12:15:00,1482.0,1482.0,1482.0,1482.0,84.71574012,125548.72685784
2026-04-20 12:30:00,1485.0,1485.0,1485.0,1485.0,4.71380471,6999.99999435
2026-04-20 12:45:00,1485.0,1485.0,1485.0,1485.0,4.71380471,6999.99999435
2026-04-20 14:15:00,1483.0,1486.0,1483.0,1486.0,597.41588645,887477.26344797
2026-04-20 14:30:00,1482.0,1486.0,1482.0,1486.0,83.23746207,123636.70479042
2026-04-20 15:00:00,1486.0,1486.0,1486.0,1486.0,682.33460307,1013949.22016202
2026-04-20 15:30:00,1482.0,1482.0,1482.0,1482.0,48.41443684,71750.19539688
2026-04-20 15:45:00,1488.0,1494.0,1488.0,1494.0,564.40847633,841424.99999393
2026-04-20 16:00:00,1482.0,1493.0,1482.0,1493.0,12.06834151,17943.45760332
2026-04-20 16:30:00,1493.0,1493.0,1493.0,1493.0,365.78361857,546114.94252501
2026-04-20 16:45:00,1493.0,1493.0,1493.0,1493.0,316.96743724,473232.38379932
2026-04-20 17:15:00,1482.0,1482.0,1482.0,1482.0,316.96743724,469745.74198968
2026-04-20 18:45:00,1482.0,1482.0,1482.0,1482.0,365.78361857,542091.32272074
2026-04-20 19:45:00,1490.0,1490.0,1490.0,1490.0,4.69798657,6999.9999893
2026-04-20 20:00:00,1490.0,1490.0,1480.0,1480.0,603.3440678,893702.66464636
2026-04-20 20:15:00,1490.0,1490.0,1490.0,1490.0,4.69798657,6999.9999893
2026-04-20 21:15:00,1490.0,1490.0,1480.0,1480.0,117.30067114,174191.4966429
2026-04-20 21:30:00,1480.0,1480.0,1480.0,1480.0,39.09324897,57858.0084756
2026-04-20 22:00:00,1480.0,1480.0,1480.0,1480.0,694.58760552,1027989.6561696
2026-04-20 22:30:00,1488.0,1489.0,1488.0,1489.0,141.16835635,210110.42004502
2026-04-20 22:45:00,1479.0,1479.0,1479.0,1479.0,416.8945237,616587.0005523
2026-04-21 01:00:00,1479.0,1479.0,1479.0,1479.0,6.70690811,9919.51709469
2026-04-21 03:00:00,1479.0,1479.0,1479.0,1479.0,158.58823529,234551.99999391
2026-04-21 03:45:00,1479.0,1479.0,1479.0,1479.0,2453.20958181,3628296.97149699
2026-04-21 04:30:00,1480.0,1480.0,1479.0,1479.0,24.0,35508.0
2026-04-21 05:30:00,1479.0,1479.0,1478.0,1478.0,116.30326996,171996.22639852
2026-04-21 06:00:00,1478.0,1478.0,1478.0,1478.0,33.46720214,49464.52476292
2026-04-21 08:45:00,1488.0,1488.0,1488.0,1488.0,53.76344086,79999.99999968
2026-04-21 09:00:00,1488.0,1489.0,1488.0,1489.0,53.73803429,79999.999998
2026-04-21 09:30:00,1489.0,1489.0,1489.0,1489.0,14.1034251,20999.9999739
2026-04-21 10:00:00,1489.0,1489.0,1489.0,1489.0,57.08529214,84999.99999646
2026-04-21 11:00:00,1489.0,1489.0,1489.0,1489.0,58.42847548,86999.99998972
2026-04-21 12:30:00,1483.0,1483.0,1482.0,1482.0,215.7517,319953.02346168
2026-04-21 12:45:00,1481.0,1481.0,1478.0,1478.0,85.37958164,126265.36647343
2026-04-21 13:00:00,1478.0,1478.0,1478.0,1478.0,36.90499042,54545.57584076
2026-04-21 14:00:00,1478.0,1478.0,1478.0,1478.0,387.8228756,573202.2101368
2026-04-21 15:30:00,1477.0,1477.0,1477.0,1477.0,163.94713741,242149.92195457
2026-04-21 16:00:00,1485.0,1485.0,1476.0,1476.0,228.42415617,337387.65985673
2026-04-21 16:30:00,1477.0,1477.0,1476.0,1476.0,41.91579245,61894.79157902
2026-04-21 17:45:00,1476.0,1476.0,1476.0,1476.0,719.03125544,1061290.13302944
2026-04-21 18:00:00,1478.0,1485.0,1478.0,1485.0,2397.50383963,3543607.08956169
2026-04-21 18:30:00,1485.0,1485.0,1485.0,1485.0,7.0,10395.0
2026-04-21 18:45:00,1482.0,1482.0,1482.0,1482.0,7.6248313,11299.9999866
2026-04-21 19:00:00,1475.0,1475.0,1475.0,1475.0,2383.73032698,3516002.2322955
2026-04-21 19:15:00,1476.0,1486.0,1476.0,1480.0,4491.27217962,6653870.09889091
2026-04-21 19:30:00,1480.0,1485.0,1480.0,1485.0,410.89291752,608714.33542151
2026-04-21 19:45:00,1477.0,1485.0,1477.0,1485.0,164.2524656,242638.60212888
2026-04-21 20:00:00,1485.0,1489.0,1474.0,1474.0,3051.45649346,4517324.93210678
2026-04-21 20:15:00,1474.0,1487.0,1474.0,1486.0,2787.79188516,4116122.05019503
2026-04-21 20:30:00,1486.0,1486.0,1486.0,1486.0,8.74831763,12999.99999818
2026-04-21 20:45:00,1474.0,1474.0,1473.0,1473.0,211.77512623,312032.90739747
2026-04-21 21:15:00,1485.0,1485.0,1485.0,1485.0,4.71380471,6999.99999435
2026-04-21 21:45:00,1485.0,1488.0,1474.0,1484.0,9509.81820981,14092109.45160283
2026-04-21 22:00:00,1484.0,1484.0,1474.0,1474.0,1216.83046801,1801017.33884518
2026-04-21 22:15:00,1475.0,1475.0,1474.0,1474.0,240.15889629,354110.51640142
2026-04-21 22:45:00,1476.0,1482.0,1470.0,1482.0,2015.87392077,2969307.85839295
2026-04-21 23:00:00,1471.0,1471.0,1470.0,1470.0,223.72149702,328938.52163329
2026-04-21 23:15:00,1481.0,1482.0,1481.0,1481.0,984.91398237,1458811.53126368
2026-04-21 23:30:00,1475.0,1475.0,1473.0,1473.0,917.75984355,1352216.49515314
2026-04-21 23:45:00,1473.0,1473.0,1473.0,1473.0,13.46348183,19831.70873559
2026-04-22 01:45:00,1481.0,1482.0,1481.0,1482.0,276.82606912,410013.10646694
2026-04-22 02:00:00,1482.0,1482.0,1482.0,1482.0,231.11683847,342515.15461254
2026-04-22 02:30:00,1485.0,1486.0,1485.0,1486.0,703.11826271,1044828.00638801
2026-04-22 02:45:00,1486.0,1486.0,1486.0,1486.0,33.54074849,49841.55225614
2026-04-22 03:15:00,1475.0,1475.0,1475.0,1475.0,28.76282117,42425.16122575
2026-04-22 04:30:00,1485.0,1486.0,1485.0,1486.0,125.79334612,186900.14951315
2026-04-22 04:45:00,1486.0,1486.0,1475.0,1486.0,2354.13064755,3496898.90311135
2026-04-22 06:00:00,1475.0,1475.0,1473.0,1473.0,675.45672734,995285.00406078
2026-04-22 06:15:00,1473.0,1473.0,1473.0,1473.0,4.77792732,7037.88694236
2026-04-22 06:30:00,1482.0,1483.0,1482.0,1482.0,245.43972254,363799.88078951
2026-04-22 07:00:00,1473.0,1473.0,1473.0,1473.0,13.53179972,19932.34098756
2026-04-22 07:30:00,1482.0,1482.0,1482.0,1482.0,13.53179972,20054.12718504
2026-04-22 09:00:00,1477.0,1477.0,1477.0,1477.0,85.0,125545.0
2026-04-22 09:45:00,1477.0,1477.0,1477.0,1477.0,375.0,553875.0
2026-04-22 10:00:00,1480.0,1480.0,1480.0,1480.0,970.0,1435600.0
2026-04-22 10:15:00,1483.0,1483.0,1483.0,1483.0,4.72016183,6999.99999389
2026-04-22 11:15:00,1483.0,1483.0,1483.0,1483.0,14.16048549,20999.99998167
2026-04-22 11:30:00,1478.0,1478.0,1478.0,1478.0,242.63549316,358615.25889048
2026-04-22 12:00:00,1478.0,1478.0,1474.0,1474.0,1401.21144061,2068986.46277562
2026-04-22 12:45:00,1474.0,1474.0,1474.0,1474.0,118.3763667,174486.7645158
2026-04-22 13:45:00,1475.0,1475.0,1475.0,1475.0,50.0,73750.0
2026-04-22 14:15:00,1479.0,1479.0,1479.0,1479.0,7.15900526,10588.16877954
2026-04-22 14:30:00,1475.0,1479.0,1474.0,1474.0,2478.89503887,3664035.64760395
2026-04-22 14:45:00,1474.0,1474.0,1474.0,1474.0,148.31114826,218610.63253524
2026-04-22 15:00:00,1474.0,1474.0,1474.0,1474.0,355.26191788,523656.06695512
2026-04-22 15:30:00,1473.0,1473.0,1469.0,1470.0,716.80776471,1054041.02971736
2026-04-22 16:00:00,1474.0,1474.0,1474.0,1474.0,33.92130257,49999.99998818
2026-04-22 16:45:00,1474.0,1477.0,1474.0,1477.0,232.97603,343888.24441842
2026-04-22 17:15:00,1477.0,1477.0,1477.0,1477.0,40.62288422,59999.99999294
2026-04-22 17:30:00,1477.0,1477.0,1477.0,1477.0,239.42598775,353632.18390675
2026-04-22 17:45:00,1480.0,1486.0,1477.0,1477.0,1020.36446442,1513784.05940919
2026-04-22 18:00:00,1486.0,1486.0,1474.0,1485.0,268.68321419,396321.30315123
2026-04-22 18:30:00,1473.0,1473.0,1473.0,1473.0,7.6248313,11231.3765049
2026-04-22 20:00:00,1475.0,1475.0,1475.0,1475.0,48.24771552,71165.380392
2026-04-22 20:15:00,1484.0,1484.0,1484.0,1484.0,4.71698113,6999.99999692
2026-04-22 20:30:00,1484.0,1484.0,1484.0,1484.0,4.71698113,6999.99999692
2026-04-22 20:45:00,1475.0,1475.0,1473.0,1473.0,425.73709764,627616.9913173
2026-04-22 21:30:00,1483.0,1483.0,1473.0,1473.0,59.75405074,88058.17527002
2026-04-22 22:00:00,1483.0,1483.0,1473.0,1483.0,37.76129465,55834.79430185
2026-04-22 22:30:00,1483.0,1483.0,1483.0,1483.0,592.79096426,879108.99999758
2026-04-22 22:45:00,1474.0,1474.0,1473.0,1473.0,172.02288351,253538.18875635
2026-04-22 23:00:00,1473.0,1473.0,1472.0,1472.0,843.51269772,1242479.8149882
2026-04-22 23:15:00,1477.0,1477.0,1477.0,1477.0,807.90033826,1193268.79961002
2026-04-23 00:00:00,1477.0,1477.0,1477.0,1477.0,52.21137724,77116.20418348
2026-04-23 00:15:00,1477.0,1477.0,1477.0,1477.0,296.89315616,438511.19164832
2026-04-23 01:15:00,1477.0,1477.0,1477.0,1477.0,13.5409614,19999.9999878
2026-04-23 02:30:00,1477.0,1477.0,1477.0,1477.0,204.59111617,302181.07858309
2026-04-23 03:30:00,1477.0,1478.0,1477.0,1478.0,47.1335155,69649.87242717
2026-04-23 03:45:00,1477.0,1477.0,1477.0,1477.0,18.80192296,27770.44021192
2026-04-23 04:30:00,1478.0,1478.0,1478.0,1478.0,361.56809326,534397.64183828
2026-04-23 04:45:00,1478.0,1478.0,1478.0,1478.0,127.20386593,188007.31384454
2026-04-23 06:30:00,1480.0,1482.0,1480.0,1482.0,67.48578509,99999.99999837
2026-04-23 06:45:00,1480.0,1482.0,1480.0,1482.0,16.63742644,24645.03962408
2026-04-23 07:00:00,1475.0,1475.0,1475.0,1475.0,16.63742644,24540.203999
2026-04-23 08:45:00,1482.0,1482.0,1482.0,1482.0,6.74763832,9999.99999024
2026-04-23 09:00:00,1482.0,1483.0,1482.0,1483.0,1090.24629573,1615855.00417817
2026-04-23 09:15:00,1483.0,1492.0,1477.0,1489.0,3487.47565353,5195037.54622551
2026-04-23 09:30:00,1489.0,1489.0,1489.0,1489.0,4.7011417,6999.9999913
2026-04-23 10:30:00,1486.0,1488.0,1486.0,1488.0,1677.88316072,2495271.48220612
2026-04-23 10:45:00,1488.0,1488.0,1488.0,1488.0,11.15591397,16599.99998736
2026-04-23 11:00:00,1488.0,1488.0,1488.0,1488.0,3.44349398,5123.91904224
2026-04-23 11:15:00,1488.0,1488.0,1479.0,1479.0,337.66750817,500891.03209839
2026-04-23 11:30:00,1483.0,1483.0,1483.0,1483.0,174.83730872,259283.72883176
2026-04-23 12:00:00,1483.0,1483.0,1481.0,1481.0,2123.9431551,3146907.75639814
2026-04-23 12:15:00,1480.0,1480.0,1480.0,1480.0,35.84363732,53048.5832336
2026-04-23 12:30:00,1481.0,1481.0,1481.0,1481.0,673.97184752,998152.30617712
2026-04-23 12:45:00,1481.0,1486.0,1481.0,1483.0,5495.21278949,8156270.1807674
2026-04-23 13:00:00,1481.0,1481.0,1481.0,1481.0,23.55316284,34882.23416604
2026-04-23 13:15:00,1481.0,1488.0,1481.0,1488.0,2614.31140367,3879506.23905393
2026-04-23 13:30:00,1491.0,1491.0,1481.0,1481.0,350.12180514,518671.18818084
2026-04-23 13:45:00,1490.0,1490.0,1490.0,1490.0,4.69798657,6999.9999893
2026-04-23 14:00:00,1489.0,1489.0,1489.0,1489.0,188.48466968,280653.67315352
2026-04-23 14:15:00,1481.0,1481.0,1481.0,1481.0,24.94891702,36949.34610662
2026-04-23 15:00:00,1482.0,1482.0,1482.0,1482.0,8.31871322,12328.33299204
2026-04-23 15:45:00,1482.0,1491.0,1482.0,1484.0,910.73973097,1351097.55762777
2026-04-23 16:00:00,1490.0,1490.0,1490.0,1490.0,13.19395973,19658.9999977
2026-04-23 16:15:00,1482.0,1482.0,1482.0,1482.0,13.19395973,19553.44831986
2026-04-23 17:30:00,1482.0,1482.0,1482.0,1482.0,11.15591397,16533.06450354
2026-04-23 18:15:00,1482.0,1482.0,1482.0,1482.0,10.05533199,14902.00200918
2026-04-23 19:45:00,1482.0,1482.0,1482.0,1482.0,26.61046979,39436.71622878
2026-04-23 20:00:00,1490.0,1490.0,1490.0,1490.0,152.20201342,226780.9999958
2026-04-23 21:00:00,1490.0,1490.0,1480.0,1480.0,1209.4408973,1798067.15741954
2026-04-23 21:45:00,1487.0,1487.0,1487.0,1487.0,20.17484868,29999.99998716
2026-04-23 22:45:00,1483.0,1483.0,1479.0,1479.0,108.6098382,160887.97461599
2026-04-23 23:30:00,1479.0,1479.0,1479.0,1479.0,188.48466968,278768.82645672
2026-04-23 23:45:00,1479.0,1479.0,1479.0,1479.0,27.10548315,40089.00957885
2026-04-24 00:00:00,1484.0,1484.0,1484.0,1484.0,6.3019407,9352.0799988
2026-04-24 00:30:00,1484.0,1484.0,1484.0,1484.0,1345.68834181,1997001.49924604
2026-04-24 01:00:00,1483.0,1483.0,1483.0,1483.0,48.47566015,71889.40400245
2026-04-24 07:00:00,1486.0,1486.0,1486.0,1486.0,99.557022,147941.734692
2026-04-24 07:30:00,1486.0,1486.0,1486.0,1486.0,410.21952011,609586.20688346
2026-04-24 07:45:00,1486.0,1486.0,1481.0,1481.0,410.21952011,607673.46765418
2026-04-24 08:00:00,1487.0,1487.0,1487.0,1487.0,3.40820443,5067.99998741
2026-04-24 08:15:00,1487.0,1487.0,1483.0,1487.0,104.22261043,154844.34157473
2026-04-24 08:30:00,1486.0,1486.0,1486.0,1486.0,3.3896366,5036.9999876
2026-04-24 08:45:00,1482.0,1482.0,1482.0,1482.0,6.70805369,9941.33556858
2026-04-24 09:15:00,1482.0,1485.0,1482.0,1485.0,718.85521884,1065399.9999774
2026-04-24 09:30:00,1485.0,1485.0,1485.0,1485.0,99.64247716,147969.0785826
2026-04-24 09:45:00,1485.0,1488.0,1485.0,1488.0,975.74850645,1450094.99015725
2026-04-24 10:00:00,1488.0,1488.0,1488.0,1488.0,28.22580642,41999.99995296
2026-04-24 12:15:00,1488.0,1488.0,1481.0,1481.0,122.82866766,182724.94389318
2026-04-24 12:30:00,1488.0,1488.0,1488.0,1488.0,336.91629879,501331.45259952
2026-04-24 12:45:00,1488.0,1488.0,1488.0,1488.0,33.60215053,49999.99998864
2026-04-24 13:45:00,1487.0,1487.0,1487.0,1487.0,4.70746469,6999.99999403
2026-04-24 14:30:00,1487.0,1487.0,1487.0,1487.0,156.88588871,233289.31651177
2026-04-24 16:45:00,1486.0,1487.0,1486.0,1487.0,40.82223099,60685.37257461
2026-04-24 18:00:00,1487.0,1487.0,1487.0,1487.0,13.44989912,19999.99999144
2026-04-24 18:15:00,1487.0,1487.0,1487.0,1487.0,13.41019569,19940.96099103
2026-04-24 18:45:00,1488.0,1488.0,1488.0,1488.0,34.51219257,51354.14254416
2026-04-24 19:15:00,1489.0,1489.0,1489.0,1489.0,4.7011417,6999.9999913
2026-04-24 19:45:00,1489.0,1489.0,1489.0,1489.0,33.57958361,49999.99999529
2026-04-24 20:00:00,1488.0,1488.0,1487.0,1487.0,96.75861315,143949.71088405
2026-04-24 21:15:00,1487.0,1487.0,1487.0,1487.0,151.80304938,225731.13442806
2026-04-24 21:45:00,1487.0,1487.0,1487.0,1487.0,4686.52057248,6968856.09127776
2026-04-24 22:00:00,1487.0,1487.0,1487.0,1487.0,11.0,16357.0
2026-04-24 22:15:00,1488.0,1488.0,1488.0,1488.0,12.49008069,18585.24006672
2026-04-24 22:45:00,1487.0,1487.0,1487.0,1487.0,12.49008069,18572.74998603
2026-04-24 23:45:00,1490.0,1491.0,1487.0,1487.0,28.16112936,41940.86199303
2026-04-25 00:00:00,1491.0,1491.0,1491.0,1491.0,9.38967136,13999.99999776
2026-04-25 00:15:00,1491.0,1491.0,1491.0,1491.0,4.69483568,6999.99999888
2026-04-25 00:30:00,1491.0,1492.0,1491.0,1492.0,14.08117936,20999.99997662
2026-04-25 00:45:00,1487.0,1487.0,1482.0,1482.0,257.57942567,382832.34643774
2026-04-25 01:00:00,1492.0,1492.0,1492.0,1492.0,98.27412868,146624.99999056
2026-04-25 03:15:00,1492.0,1492.0,1492.0,1492.0,3.99800099,5965.01747708
2026-04-25 04:00:00,1492.0,1492.0,1492.0,1492.0,6.70241286,9999.99998712
2026-04-25 06:15:00,1482.0,1488.0,1482.0,1488.0,5139.89050994,7619728.35754132
2026-04-25 06:30:00,1486.0,1493.0,1482.0,1483.0,1123.97356274,1674181.64673908
2026-04-25 06:45:00,1486.0,1486.0,1486.0,1486.0,20.13430083,29919.57103338
2026-04-25 07:00:00,1486.0,1486.0,1486.0,1486.0,162.39358934,241316.87375924
2026-04-25 08:00:00,1486.0,1486.0,1486.0,1486.0,145.07809982,215586.05633252
2026-04-25 08:45:00,1485.0,1486.0,1484.0,1484.0,16.79752248,24940.98818803
2026-04-25 09:00:00,1486.0,1486.0,1486.0,1486.0,12.6256126,18761.6603236
2026-04-25 09:15:00,1486.0,1488.0,1484.0,1484.0,85.16006669,126466.96029014
2026-04-25 10:15:00,1484.0,1484.0,1484.0,1484.0,6.14627599,9121.07356916
2026-04-25 10:45:00,1488.0,1488.0,1488.0,1488.0,4.70430107,6999.99999216
2026-04-25 11:30:00,1488.0,1488.0,1488.0,1488.0,13.01995665,19373.6954952
2026-04-25 11:45:00,1484.0,1484.0,1484.0,1484.0,13.44086628,19946.24555952
2026-04-25 12:15:00,1488.0,1488.0,1488.0,1488.0,20.16129032,29999.99999616
2026-04-25 15:00:00,1488.0,1488.0,1488.0,1488.0,6.53167864,9719.13781632
2026-04-25 15:45:00,1485.0,1485.0,1485.0,1485.0,10.22819542,15188.8701987
2026-04-25 17:30:00,1485.0,1485.0,1485.0,1485.0,67.34006735,100000.00001475
2026-04-25 19:30:00,1488.0,1488.0,1485.0,1485.0,83.99409287,124932.84081516
2026-04-25 21:15:00,1488.0,1493.0,1486.0,1486.0,1773.18112057,2645922.33721526
2026-04-25 21:45:00,1492.0,1492.0,1492.0,1492.0,15.14745308,22599.99999536
2026-04-25 22:00:00,1486.0,1486.0,1484.0,1484.0,98.27412868,145894.64630068
2026-04-25 22:15:00,1485.0,1485.0,1485.0,1485.0,306.882343,455720.279355
2026-04-25 22:45:00,1488.0,1488.0,1488.0,1488.0,6.7204301,9999.9999888
2026-04-25 23:15:00,1488.0,1491.0,1488.0,1491.0,13.42733821,20020.12054122
2026-04-26 00:00:00,1491.0,1491.0,1491.0,1491.0,4.69483568,6999.99999888
2026-04-26 00:15:00,1491.0,1491.0,1491.0,1491.0,9.38967136,13999.99999776
2026-04-26 00:30:00,1491.0,1491.0,1491.0,1491.0,14.08450704,20999.99999664
2026-04-26 00:45:00,1491.0,1491.0,1491.0,1491.0,454.82106977,678138.21502707
2026-04-26 01:15:00,1491.0,1491.0,1491.0,1491.0,167.67270288,249999.99999408
2026-04-26 01:30:00,1485.0,1491.0,1485.0,1491.0,527.63013005,786292.48350045
2026-04-26 03:00:00,1491.0,1491.0,1491.0,1491.0,58.3501006,86999.9999946
2026-04-26 03:15:00,1486.0,1486.0,1485.0,1485.0,1456.90584044,2163655.77155119
2026-04-26 03:30:00,1492.0,1492.0,1492.0,1492.0,4.691689,6999.999988
2026-04-26 07:15:00,1490.0,1490.0,1490.0,1490.0,33.49531668,49908.0218532
2026-04-26 07:45:00,1490.0,1490.0,1490.0,1490.0,18.7919463,27999.999987
2026-04-26 08:00:00,1490.0,1490.0,1490.0,1490.0,10.0,14900.0
2026-04-26 08:45:00,1490.0,1490.0,1490.0,1490.0,34.81784096,51878.5830304
2026-04-26 09:00:00,1490.0,1490.0,1485.0,1485.0,167.67270288,249044.874572
2026-04-26 09:15:00,1491.0,1493.0,1491.0,1493.0,250.77708482,373999.9999687
2026-04-26 09:45:00,1493.0,1493.0,1493.0,1493.0,66.94576355,99950.02498015
2026-04-26 10:00:00,1493.0,1493.0,1493.0,1493.0,53.35291359,79655.89998987
2026-04-26 10:30:00,1492.0,1493.0,1492.0,1493.0,1449.3062178,2163751.39978152
2026-04-26 10:45:00,1485.0,1493.0,1485.0,1493.0,1167.23000655,1734105.34204419
2026-04-26 12:30:00,1485.0,1485.0,1485.0,1485.0,53.35291359,79229.07668115
2026-04-26 13:30:00,1493.0,1493.0,1493.0,1493.0,2289.83900547,3418729.63516671
2026-04-26 14:15:00,1487.0,1487.0,1487.0,1487.0,2280.31073028,3390822.05592636
2026-04-26 14:30:00,1487.0,1487.0,1487.0,1487.0,2532.55086283,3765903.13302821
2026-04-26 14:45:00,1493.0,1493.0,1493.0,1493.0,4.01875418,5999.99999074
2026-04-26 16:15:00,1493.0,1493.0,1486.0,1486.0,88.53714622,132157.79029244
2026-04-26 16:30:00,1493.0,1493.0,1485.0,1493.0,46.36169905,69099.05714066
2026-04-26 16:45:00,1485.0,1493.0,1485.0,1493.0,136.05523341,202950.08141081
2026-04-26 17:00:00,1485.0,1493.0,1485.0,1485.0,126.24068846,187548.43225454
2026-04-26 17:30:00,1493.0,1493.0,1493.0,1493.0,4.68854655,6999.99999915
2026-04-26 17:45:00,1493.0,1493.0,1493.0,1493.0,79.85666443,119225.99999399
2026-04-26 18:15:00,1493.0,1493.0,1493.0,1493.0,6.69792364,9999.99999452
2026-04-26 18:30:00,1493.0,1493.0,1485.0,1485.0,7.36771601,10970.52913885
2026-04-26 19:30:00,1485.0,1485.0,1485.0,1485.0,11.12600536,16522.1179596
2026-04-26 20:00:00,1485.0,1485.0,1485.0,1485.0,1843.84838957,2738114.85851145
2026-04-26 20:15:00,1485.0,1485.0,1485.0,1485.0,3007.03392808,4465445.3831988
2026-04-26 20:30:00,1485.0,1485.0,1485.0,1485.0,180.70009687,268339.64385195
2026-04-26 22:15:00,1485.0,1485.0,1485.0,1485.0,134.14197226,199200.8288061
2026-04-26 22:30:00,1485.0,1485.0,1485.0,1485.0,53.92713204,80081.7910794
2026-04-26 23:00:00,1485.0,1485.0,1485.0,1485.0,206.64360442,306865.7525637
2026-04-26 23:30:00,1485.0,1485.0,1485.0,1485.0,137.43325923,204088.38995655
2026-04-27 00:15:00,1493.0,1493.0,1493.0,1493.0,9.3770931,13999.9999983
2026-04-27 00:30:00,1493.0,1493.0,1493.0,1493.0,14.06563965,20999.99999745
2026-04-27 02:45:00,1483.0,1483.0,1483.0,1483.0,76.65778826,113683.49998958
2026-04-27 03:30:00,1492.0,1492.0,1492.0,1492.0,4.691689,6999.999988
2026-04-27 04:30:00,1482.0,1482.0,1482.0,1482.0,169.84892739,251716.11039198
2026-04-27 04:45:00,1490.0,1490.0,1482.0,1482.0,146.91083411,218864.4692091
2026-04-27 05:30:00,1485.0,1489.0,1482.0,1489.0,354.05529805,524830.89436745
2026-04-27 06:30:00,1489.0,1489.0,1489.0,1489.0,14.72335528,21923.07601192
2026-04-27 06:45:00,1481.0,1481.0,1481.0,1481.0,315.81448672,467721.25483232
2026-04-27 07:15:00,1481.0,1481.0,1481.0,1481.0,14.72335528,21805.28916968
2026-04-27 09:00:00,1481.0,1481.0,1481.0,1481.0,13.43183344,19892.54532464
2026-04-27 09:30:00,1481.0,1481.0,1481.0,1481.0,148.3286123,219674.6748163
2026-04-27 09:45:00,1481.0,1481.0,1481.0,1481.0,4689.29271765,6944842.51483965
2026-04-27 10:00:00,1481.0,1481.0,1477.0,1477.0,9467.24911573,14017410.53660654
2026-04-27 10:30:00,1478.0,1478.0,1478.0,1478.0,6.74763832,9973.00943696
2026-04-27 10:45:00,1478.0,1485.0,1477.0,1485.0,218.44219892,322813.62165408
2026-04-27 11:00:00,1484.0,1485.0,1484.0,1484.0,478.34480602,709966.32991197
2026-04-27 11:15:00,1484.0,1485.0,1484.0,1485.0,296.48022146,439999.99995857
2026-04-27 13:15:00,1477.0,1477.0,1476.0,1476.0,715.30757763,1056164.58879255
2026-04-27 14:30:00,1484.0,1493.0,1484.0,1493.0,2993.48917303,4463389.99999088
2026-04-27 14:45:00,1493.0,1493.0,1483.0,1483.0,68.11126835,101421.26899155
2026-04-27 15:15:00,1482.0,1482.0,1480.0,1480.0,2993.48917303,4433736.12416906
2026-04-27 16:00:00,1486.0,1493.0,1480.0,1480.0,2295.96327778,3413773.7079713
2026-04-27 16:30:00,1481.0,1481.0,1481.0,1481.0,16.8585,24967.4385
2026-04-27 17:00:00,1489.0,1489.0,1488.0,1488.0,109.21692411,162614.78307568
2026-04-27 17:15:00,1485.0,1485.0,1482.0,1483.0,402.95036469,597485.27356222
2026-04-27 17:45:00,1483.0,1483.0,1483.0,1483.0,6.74308833,9999.99999339
2026-04-27 18:30:00,1485.0,1485.0,1485.0,1485.0,6.74308833,10013.48617005
2026-04-27 20:15:00,1481.0,1485.0,1481.0,1485.0,363.38446936,539545.61571448
2026-04-27 20:30:00,1485.0,1485.0,1485.0,1485.0,346.87018049,515102.21802765
2026-04-27 21:45:00,1485.0,1485.0,1485.0,1485.0,3.36700336,4999.9999896
2026-04-27 22:45:00,1485.0,1486.0,1485.0,1486.0,384.30987693,571027.47274636
2026-04-28 00:00:00,1485.0,1485.0,1485.0,1485.0,11.99186991,17807.92681635
2026-04-28 00:15:00,1486.0,1490.0,1486.0,1490.0,211.90219274,315506.24969612
2026-04-28 00:30:00,1492.0,1493.0,1485.0,1485.0,433.73271692,646810.96164196
2026-04-28 00:45:00,1485.0,1485.0,1485.0,1485.0,6.54450261,9718.58637585
2026-04-28 03:45:00,1493.0,1493.0,1493.0,1493.0,16.7448091,24999.9999863
2026-04-28 04:00:00,1493.0,1493.0,1493.0,1493.0,4.274487,6381.809091
2026-04-28 04:15:00,1493.0,1493.0,1493.0,1493.0,10.0,14930.0
2026-04-28 05:15:00,1486.0,1486.0,1481.0,1481.0,339.62327831,503836.29251291
2026-04-28 06:30:00,1482.0,1482.0,1482.0,1482.0,13.83125864,20497.92530448
2026-04-28 08:00:00,1492.0,1492.0,1492.0,1492.0,407.65923008,608227.57127936
2026-04-28 08:15:00,1492.0,1492.0,1492.0,1492.0,10.0,14920.0
2026-04-28 08:30:00,1492.0,1492.0,1492.0,1492.0,10.0,14920.0
2026-04-28 09:00:00,1489.0,1492.0,1489.0,1492.0,71.75492632,106883.29976764
2026-04-28 09:30:00,1489.0,1489.0,1489.0,1489.0,71.04858453,105791.34236517
2026-04-28 10:00:00,1492.0,1492.0,1492.0,1492.0,26.80965147,39999.99999324
2026-04-28 14:30:00,1484.0,1484.0,1484.0,1484.0,6.7704807,10047.3933588
2026-04-28 16:15:00,1482.0,1486.0,1481.0,1486.0,147.95305493,219224.21094048
2026-04-28 19:00:00,1484.0,1484.0,1484.0,1484.0,168.77981115,250469.2397466
2026-04-28 19:30:00,1484.0,1484.0,1484.0,1484.0,13.47708894,19999.99998696
2026-04-28 20:45:00,1484.0,1484.0,1484.0,1484.0,533.77355315,792119.9528746
2026-04-28 21:30:00,1485.0,1491.0,1485.0,1491.0,42.91750609,63927.99999993
2026-04-28 22:00:00,1491.0,1491.0,1491.0,1491.0,67.03554661,99949.99999551
2026-04-28 22:30:00,1491.0,1491.0,1491.0,1491.0,47.59524999,70964.51773509
2026-04-28 23:00:00,1485.0,1485.0,1482.0,1482.0,47.59524999,70603.68470187
2026-04-29 00:00:00,1482.0,1482.0,1482.0,1482.0,190.16728722,281827.91966004
2026-04-29 06:00:00,1488.0,1488.0,1488.0,1488.0,10.75268817,15999.99999696
2026-04-29 06:45:00,1488.0,1488.0,1488.0,1488.0,26.33024884,39179.41027392
2026-04-29 07:15:00,1488.0,1488.0,1488.0,1488.0,42.07573632,62608.69564416
2026-04-29 07:30:00,1488.0,1488.0,1483.0,1483.0,783.02759435,1161246.73189265
2026-04-29 07:45:00,1488.0,1493.0,1488.0,1493.0,2538.83431921,3789985.25040497
2026-04-29 08:00:00,1492.0,1493.0,1480.0,1480.0,2216.90614711,3283472.49871564
2026-04-29 08:30:00,1484.0,1484.0,1481.0,1481.0,574.26053852,852182.79789385
2026-04-29 09:00:00,1481.0,1481.0,1481.0,1481.0,88.88166246,131633.74210326
2026-04-29 10:00:00,1485.0,1490.0,1485.0,1486.0,408.9660417,608293.0425378
2026-04-29 10:15:00,1491.0,1491.0,1491.0,1491.0,674.21260898,1005250.99998918
2026-04-29 11:00:00,1491.0,1491.0,1491.0,1491.0,67.06908115,99999.99999465
2026-04-29 11:30:00,1483.0,1483.0,1483.0,1483.0,42.91750609,63646.66153147
2026-04-29 13:30:00,1486.0,1486.0,1483.0,1483.0,773.55775115,1148195.5662206
2026-04-29 13:45:00,1483.0,1483.0,1483.0,1483.0,97.91214084,145203.70486572
2026-04-29 14:00:00,1483.0,1483.0,1483.0,1483.0,67.34006734,99865.31986522
2026-04-29 15:00:00,1483.0,1483.0,1483.0,1483.0,90.4437868,134128.1358244
2026-04-29 15:15:00,1483.0,1483.0,1483.0,1483.0,81.07331081,120231.71993123
2026-04-29 17:15:00,1483.0,1483.0,1483.0,1483.0,226.59628796,336042.29504468
2026-04-29 20:00:00,1484.0,1484.0,1484.0,1484.0,3.39609952,5039.81168768
2026-04-29 20:15:00,1484.0,1484.0,1484.0,1484.0,66.94576355,99347.5131082
2026-04-29 22:30:00,1484.0,1484.0,1484.0,1484.0,6.74308833,10006.74308172
2026-04-30 00:00:00,1489.0,1489.0,1489.0,1489.0,164.21394647,244514.56629383
2026-04-30 00:45:00,1489.0,1491.0,1489.0,1491.0,570.59506339,850750.51572585
2026-04-30 01:00:00,1491.0,1491.0,1491.0,1491.0,143.43028642,213854.55705222
2026-04-30 01:15:00,1491.0,1491.0,1491.0,1491.0,527.97265938,787207.23513558
2026-04-30 02:00:00,1491.0,1491.0,1491.0,1491.0,67.06908115,99999.99999465
2026-04-30 02:15:00,1492.0,1492.0,1492.0,1492.0,295.53488864,440938.05385088
2026-04-30 03:00:00,1492.0,1498.0,1487.0,1498.0,12491.56467796,18651057.80402219
2026-04-30 03:15:00,1498.0,1498.0,1497.0,1497.0,28.05299069,41999.99996012
2026-04-30 03:30:00,1497.0,1498.0,1497.0,1498.0,273.84981077,410221.10401884
2026-04-30 04:00:00,1494.0,1494.0,1490.0,1490.0,32.04272361,47860.51842978
2026-04-30 04:15:00,1491.0,1491.0,1491.0,1491.0,10.68090787,15925.23363417
2026-04-30 05:00:00,1491.0,1491.0,1491.0,1491.0,10.68804275,15935.87174025
2026-04-30 05:15:00,1491.0,1493.0,1491.0,1491.0,42.752171,63764.8630465
2026-04-30 05:30:00,1491.0,1499.0,1490.0,1491.0,97.49603327,145583.3313891
2026-04-30 05:45:00,1491.0,1500.0,1491.0,1491.0,181.4529537,271444.91334943
2026-04-30 06:00:00,1491.0,1491.0,1488.0,1488.0,84.05603731,125216.79529244
2026-04-30 06:15:00,1499.0,1501.0,1489.0,1500.0,150.60899282,225702.33372057
2026-04-30 06:30:00,1500.0,1500.0,1492.0,1492.0,24.81441682,37060.44322872
2026-04-30 08:45:00,1500.0,1502.0,1491.0,1497.0,2449.09535089,3675401.15098917
2026-04-30 09:00:00,1497.0,1497.0,1491.0,1491.0,80.42913459,119999.99999433
2026-04-30 09:15:00,1491.0,1491.0,1489.0,1489.0,1052.12453472,1567274.7668375
2026-04-30 10:00:00,1495.0,1495.0,1489.0,1490.0,2027.2341856,3018593.90269476
2026-04-30 10:15:00,1494.0,1494.0,1494.0,1494.0,120.88936787,180608.71559778
2026-04-30 11:00:00,1492.0,1492.0,1488.0,1488.0,1774.51669044,2645805.62037478
2026-04-30 11:30:00,1492.0,1492.0,1492.0,1492.0,189.78283635,283155.9918342
2026-04-30 11:45:00,1491.0,1492.0,1491.0,1492.0,229.97013976,343069.1797772
2026-04-30 12:00:00,1487.0,1487.0,1486.0,1487.0,808.89274366,1202169.4449636
2026-04-30 12:15:00,1486.0,1492.0,1485.0,1492.0,524.00459354,778206.56344711
2026-04-30 13:00:00,1486.0,1490.0,1486.0,1490.0,264.30634282,392773.74856852
2026-04-30 14:15:00,1491.0,1491.0,1486.0,1486.0,6.77027558,10077.55520083
2026-04-30 14:30:00,1491.0,1491.0,1491.0,1491.0,4.02414486,5999.99998626
2026-04-30 15:15:00,1491.0,1491.0,1485.0,1485.0,6.75329452,10051.68749674
2026-04-30 15:45:00,1485.0,1485.0,1485.0,1485.0,495.43335328,735718.5296208
2026-04-30 17:00:00,1491.0,1491.0,1491.0,1491.0,4.69483568,6999.99999888
2026-04-30 17:15:00,1491.0,1491.0,1491.0,1491.0,5.04043673,7515.29116443
2026-04-30 17:30:00,1486.0,1486.0,1486.0,1486.0,5.04043673,7490.08898078
2026-04-30 18:00:00,1486.0,1486.0,1486.0,1486.0,4.02414486,5979.87926196
2026-04-30 18:15:00,1486.0,1486.0,1486.0,1486.0,6.7204301,9986.5591286
2026-04-30 18:45:00,1486.0,1486.0,1486.0,1486.0,4.0,5944.0
2026-04-30 19:00:00,1491.0,1491.0,1491.0,1491.0,6.70690811,9999.99999201
2026-04-30 19:30:00,1491.0,1491.0,1486.0,1486.0,20.04050702,29830.29469927
2026-04-30 21:15:00,1491.0,1491.0,1491.0,1491.0,4.69483568,6999.99999888
2026-04-30 21:30:00,1491.0,1491.0,1486.0,1486.0,70.1782238,104484.8724913
2026-04-30 21:45:00,1486.0,1486.0,1486.0,1486.0,19.4533557,28907.6865702
2026-04-30 22:15:00,1486.0,1486.0,1486.0,1486.0,20.0,29720.0
2026-05-01 01:15:00,1486.0,1486.0,1486.0,1486.0,67.06908115,99664.6545889
2026-05-01 01:30:00,1488.0,1488.0,1487.0,1487.0,24.01601066,35723.81585675
2026-05-01 03:30:00,1487.0,1487.0,1487.0,1487.0,29.28063329,43540.30170223
2026-05-01 05:00:00,1486.0,1490.0,1486.0,1490.0,41.70106677,61999.99998526
2026-05-01 05:15:00,1486.0,1486.0,1486.0,1486.0,33.64737551,50000.00000786
2026-05-01 05:45:00,1486.0,1486.0,1485.0,1485.0,507.20989271,753234.31840984
2026-05-01 06:30:00,1490.0,1493.0,1490.0,1493.0,67.056082,99999.99998636
2026-05-01 07:00:00,1493.0,1493.0,1485.0,1485.0,17.65726942,26291.67416638
2026-05-01 08:00:00,1493.0,1493.0,1493.0,1493.0,33.48961821,49999.99998753
2026-05-01 08:45:00,1493.0,1493.0,1493.0,1493.0,30.3035679,45243.2268747
2026-05-01 09:00:00,1487.0,1495.0,1486.0,1494.0,213.3985003,318547.39764661
2026-05-01 09:30:00,1494.0,1494.0,1494.0,1494.0,32.12851401,47999.99993094
2026-05-01 10:45:00,1494.0,1494.0,1486.0,1486.0,464.50116527,692872.12516546
2026-05-01 12:15:00,1486.0,1486.0,1486.0,1486.0,946.50786549,1406510.68811814
2026-05-01 12:30:00,1486.0,1486.0,1485.0,1485.0,327.92419678,486975.50758842
2026-05-01 13:00:00,1494.0,1494.0,1494.0,1494.0,66.93440428,99999.99999432
2026-05-01 14:00:00,1486.0,1486.0,1486.0,1486.0,134.294751,199561.999986
2026-05-01 14:15:00,1486.0,1486.0,1484.0,1486.0,156.71298923,232594.3774978
2026-05-01 14:30:00,1486.0,1486.0,1486.0,1486.0,16.15074024,23999.99999664
2026-05-01 14:45:00,1486.0,1486.0,1486.0,1486.0,12.11305518,17999.99999748
2026-05-01 15:00:00,1486.0,1486.0,1486.0,1486.0,16.15074024,23999.99999664
2026-05-01 15:15:00,1484.0,1486.0,1484.0,1486.0,79.49849993,118000.00000648
2026-05-01 17:45:00,1485.0,1494.0,1484.0,1494.0,34.38660737,51072.1241645
2026-05-01 19:45:00,1484.0,1484.0,1484.0,1484.0,4.35656836,6465.14744624
2026-05-01 20:00:00,1484.0,1484.0,1484.0,1484.0,13.38688085,19866.1311814
2026-05-01 21:00:00,1484.0,1484.0,1484.0,1484.0,66.93440429,99330.65596636
2026-05-01 21:15:00,1484.0,1484.0,1484.0,1484.0,278.67481458,413553.42483672
2026-05-01 21:30:00,1484.0,1484.0,1483.0,1483.0,830.31512916,1231960.87696329
2026-05-01 22:00:00,1483.0,1483.0,1483.0,1483.0,781.50542269,1158972.54184927
2026-05-01 22:30:00,1485.0,1485.0,1482.0,1482.0,3101.65599405,4596727.85524395
2026-05-01 22:45:00,1481.0,1481.0,1480.0,1480.0,8998.69002109,13326959.05925022
2026-05-01 23:00:00,1480.0,1480.0,1480.0,1480.0,333.59514733,493720.8180484
2026-05-01 23:30:00,1480.0,1480.0,1480.0,1480.0,277.46478162,410647.8767976
2026-05-02 01:00:00,1480.0,1480.0,1480.0,1480.0,84.31276889,124782.8979572
2026-05-02 02:15:00,1488.0,1488.0,1488.0,1488.0,8.06451612,11999.99998656
2026-05-02 02:30:00,1488.0,1488.0,1488.0,1488.0,8.06451612,11999.99998656
2026-05-02 03:00:00,1488.0,1488.0,1488.0,1488.0,16.12903224,23999.99997312
2026-05-02 03:15:00,1488.0,1488.0,1488.0,1488.0,8.06451612,11999.99998656
2026-05-02 03:30:00,1488.0,1488.0,1488.0,1488.0,12.09677418,17999.99997984
2026-05-02 03:45:00,1488.0,1488.0,1488.0,1488.0,16.12903224,23999.99997312
2026-05-02 04:00:00,1488.0,1488.0,1488.0,1488.0,8.06451612,11999.99998656
2026-05-02 04:30:00,1488.0,1488.0,1488.0,1488.0,8.06451612,11999.99998656
2026-05-02 04:45:00,1488.0,1488.0,1488.0,1488.0,20.1612903,29999.9999664
2026-05-02 05:00:00,1488.0,1488.0,1488.0,1488.0,12.09677418,17999.99997984
2026-05-02 06:15:00,1488.0,1488.0,1488.0,1488.0,8.06451612,11999.99998656
2026-05-02 07:15:00,1488.0,1488.0,1488.0,1488.0,4.03225806,5999.99999328
2026-05-02 07:30:00,1488.0,1488.0,1488.0,1488.0,16.12903224,23999.99997312
2026-05-02 07:45:00,1482.0,1482.0,1481.0,1481.0,77.51853158,114865.67401491
2026-05-02 08:30:00,1481.0,1481.0,1481.0,1481.0,340.12096991,503719.15643671
2026-05-02 09:00:00,1481.0,1481.0,1481.0,1481.0,13.36005344,19786.23914464
2026-05-02 09:15:00,1488.0,1488.0,1488.0,1488.0,24.19354836,35999.99995968
2026-05-02 09:30:00,1488.0,1488.0,1488.0,1488.0,24.19354836,35999.99995968
2026-05-02 10:15:00,1488.0,1488.0,1488.0,1488.0,6.7204301,9999.9999888
2026-05-02 11:15:00,1488.0,1488.0,1488.0,1488.0,146.95127688,218663.49999744
2026-05-02 12:00:00,1488.0,1488.0,1488.0,1488.0,51.13840928,76093.95300864
2026-05-02 13:15:00,1481.0,1488.0,1481.0,1488.0,94.63489023,140257.72001123
2026-05-02 13:30:00,1488.0,1488.0,1488.0,1488.0,11.96236558,17799.99998304
2026-05-02 13:45:00,1481.0,1481.0,1481.0,1481.0,34.29414776,50789.63283256
2026-05-02 14:45:00,1488.0,1488.0,1488.0,1488.0,6.7204301,9999.9999888
2026-05-02 16:30:00,1488.0,1488.0,1488.0,1488.0,3.36021505,4999.9999944
2026-05-02 18:45:00,1488.0,1488.0,1488.0,1488.0,3.36021505,4999.9999944
2026-05-02 19:00:00,1488.0,1488.0,1482.0,1482.0,53.49531668,79400.05931976
2026-05-02 19:45:00,1488.0,1488.0,1488.0,1488.0,203.36021505,302599.9999944
2026-05-02 20:00:00,1482.0,1488.0,1482.0,1488.0,40.32258064,59879.0322504
2026-05-02 20:45:00,1488.0,1488.0,1488.0,1488.0,20.16129032,29999.99999616
2026-05-02 21:00:00,1488.0,1488.0,1488.0,1488.0,355.84694211,529500.24985968
2026-05-02 21:15:00,1488.0,1488.0,1488.0,1488.0,22.51655241,33504.62998608
2026-05-02 21:30:00,1482.0,1482.0,1482.0,1482.0,20.16129032,29879.03225424
2026-05-02 21:45:00,1482.0,1482.0,1482.0,1482.0,270.64308274,401093.04862068
2026-05-02 22:00:00,1482.0,1487.0,1482.0,1487.0,208.85634501,309545.27815347
2026-05-02 22:15:00,1487.0,1487.0,1486.0,1486.0,28.2529341,41999.99995152
2026-05-02 22:30:00,1486.0,1487.0,1486.0,1487.0,28.2625276,41999.99998737
2026-05-02 22:45:00,1487.0,1487.0,1487.0,1487.0,89.39912474,132936.49848838
2026-05-02 23:15:00,1487.0,1487.0,1487.0,1487.0,363.93544048,541171.99999376
2026-05-03 00:00:00,1482.0,1482.0,1481.0,1481.0,146.95127688,217687.54979362
2026-05-03 01:00:00,1481.0,1481.0,1481.0,1481.0,103.38312165,153110.40316365
2026-05-03 01:30:00,1488.0,1488.0,1488.0,1488.0,129.80967638,193156.79845344
2026-05-03 02:30:00,1481.0,1481.0,1481.0,1481.0,752.58616349,1114580.10812869
2026-05-03 02:45:00,1488.0,1488.0,1488.0,1488.0,3.36021505,4999.9999944
2026-05-03 03:15:00,1488.0,1488.0,1488.0,1488.0,14.11290321,20999.99997648
2026-05-03 03:30:00,1488.0,1488.0,1488.0,1488.0,4.70430107,6999.99999216
2026-05-03 03:45:00,1488.0,1488.0,1488.0,1488.0,4.70430107,6999.99999216
2026-05-03 04:30:00,1481.0,1481.0,1481.0,1481.0,190.65821173,282364.81157213
2026-05-03 06:30:00,1481.0,1488.0,1480.0,1487.0,15983.8248118,23667286.51210427
2026-05-03 06:45:00,1487.0,1487.0,1481.0,1481.0,13.44989912,19959.65029408
2026-05-03 07:45:00,1481.0,1481.0,1481.0,1481.0,4030.15696161,5968662.46014441
2026-05-03 08:15:00,1486.0,1486.0,1486.0,1486.0,22.88021534,33999.99999524
2026-05-03 08:30:00,1486.0,1486.0,1480.0,1486.0,2973.13854153,4400519.60404848
2026-05-03 08:45:00,1486.0,1486.0,1486.0,1486.0,22.88021534,33999.99999524
2026-05-03 09:00:00,1480.0,1486.0,1480.0,1486.0,79.84107579,118568.5606752
2026-05-03 12:00:00,1486.0,1486.0,1486.0,1486.0,208.61372812,309999.99998632
2026-05-03 20:30:00,1481.0,1481.0,1481.0,1481.0,25.4032258,37622.1774098
2026-05-03 21:15:00,1481.0,1481.0,1481.0,1481.0,33.76097232,50000.00000592
2026-05-04 00:15:00,1481.0,1481.0,1481.0,1481.0,5412.3272495,8015656.6565095
2026-05-04 02:30:00,1486.0,1486.0,1481.0,1481.0,8.00807536,11880.14803346
2026-05-04 05:30:00,1481.0,1481.0,1479.0,1479.0,14186.85741457,20996515.20652698
2026-05-04 06:45:00,1479.0,1479.0,1479.0,1479.0,170.68643261,252445.23383019
2026-05-04 07:15:00,1479.0,1479.0,1479.0,1479.0,6.7204301,9939.5161179
2026-05-04 08:30:00,1486.0,1486.0,1486.0,1486.0,3.36541049,5000.99998814
2026-05-04 10:30:00,1480.0,1480.0,1480.0,1480.0,174.54177741,258321.8305668
2026-05-04 10:45:00,1480.0,1480.0,1480.0,1480.0,657.05578241,972442.5579668
2026-05-04 11:00:00,1480.0,1480.0,1480.0,1480.0,45.94594594,67999.9999912
2026-05-04 11:15:00,1480.0,1480.0,1477.0,1477.0,564.87400796,834899.99998108
2026-05-04 11:30:00,1480.0,1480.0,1477.0,1480.0,186.90637229,276230.98214258
2026-05-04 11:45:00,1480.0,1480.0,1476.0,1480.0,981.76280504,1451292.43498792
2026-05-04 12:00:00,1480.0,1480.0,1480.0,1480.0,68.91891891,101999.9999868
2026-05-04 12:15:00,1480.0,1480.0,1476.0,1480.0,409.88138642,605168.71013968
2026-05-04 13:45:00,1480.0,1480.0,1479.0,1479.0,20.27483871,29999.99996559
2026-05-04 14:15:00,1480.0,1480.0,1480.0,1480.0,45.94594594,67999.9999912
2026-05-04 14:30:00,1478.0,1478.0,1478.0,1478.0,6.76589986,9999.99999308
2026-05-04 14:45:00,1477.0,1478.0,1477.0,1478.0,23.95769275,35397.6908115
2026-05-04 15:00:00,1478.0,1478.0,1478.0,1478.0,33.82949931,49999.99998018
2026-05-04 15:15:00,1478.0,1478.0,1464.0,1465.0,2010.01448975,2947693.51762254
2026-05-04 15:30:00,1466.0,1478.0,1466.0,1478.0,221.79510046,327301.87900091
2026-05-04 15:45:00,1477.0,1477.0,1477.0,1477.0,33.8524035,49999.9999695
2026-05-04 16:00:00,1477.0,1478.0,1477.0,1478.0,225.99571366,333999.99997373
2026-05-04 16:15:00,1478.0,1478.0,1478.0,1478.0,3.45060893,5099.99999854
2026-05-04 17:00:00,1477.0,1477.0,1477.0,1477.0,23.01963438,33999.99997926
2026-05-04 17:15:00,1477.0,1477.0,1477.0,1477.0,69.05890314,101999.99993778
2026-05-04 17:30:00,1477.0,1478.0,1477.0,1478.0,35.20209084,51999.99997711
2026-05-04 18:00:00,1478.0,1478.0,1478.0,1478.0,33.82949931,49999.99998018
2026-05-04 18:15:00,1478.0,1478.0,1478.0,1478.0,92.01623812,135999.99994136
2026-05-04 18:30:00,1478.0,1478.0,1474.0,1478.0,79.9760173,117999.99993228
2026-05-04 18:45:00,1478.0,1478.0,1478.0,1478.0,35.18267928,51999.99997584
2026-05-04 19:00:00,1478.0,1480.0,1478.0,1480.0,1549.15199551,2291793.65731361
2026-05-04 19:15:00,1480.0,1480.0,1480.0,1480.0,6.76132521,10006.7613108
2026-05-04 20:15:00,1476.0,1476.0,1476.0,1476.0,11.2582762,16617.2156712
2026-05-04 23:45:00,1476.0,1480.0,1476.0,1476.0,441.99098411,652392.20605984
2026-05-05 01:15:00,1476.0,1476.0,1476.0,1476.0,11.25827621,16617.21568596
2026-05-05 02:45:00,1480.0,1480.0,1477.0,1477.0,37.52253667,55517.08550518
2026-05-05 05:30:00,1480.0,1480.0,1480.0,1480.0,3.37837837,4999.9999876
2026-05-05 05:45:00,1480.0,1480.0,1480.0,1480.0,10.88642221,16111.9048708
2026-05-05 09:00:00,1481.0,1482.0,1481.0,1482.0,13.50211313,19999.99999086
2026-05-05 09:15:00,1482.0,1482.0,1482.0,1482.0,191.20508407,283365.93459174
2026-05-05 09:30:00,1482.0,1483.0,1480.0,1480.0,240.45528586,355932.02284197
2026-05-05 10:45:00,1484.0,1484.0,1484.0,1484.0,3.36927223,4999.99998932
2026-05-05 12:45:00,1483.0,1484.0,1483.0,1484.0,205.59836324,304905.74195715
2026-05-05 13:00:00,1484.0,1484.0,1484.0,1484.0,6.73854447,9999.99999348
2026-05-05 13:45:00,1484.0,1484.0,1484.0,1484.0,6.73854447,9999.99999348
2026-05-05 14:00:00,1484.0,1484.0,1484.0,1484.0,6.73854447,9999.99999348
2026-05-05 14:45:00,1484.0,1484.0,1484.0,1484.0,82.53420459,122480.75961156
2026-05-05 15:30:00,1484.0,1484.0,1480.0,1480.0,10.10530267,14969.32773596
2026-05-05 16:00:00,1480.0,1480.0,1480.0,1480.0,6.77048071,10020.3114508
2026-05-05 16:30:00,1480.0,1480.0,1480.0,1480.0,82.53420459,122150.6227932
2026-05-05 17:00:00,1484.0,1484.0,1480.0,1480.0,13.44594593,19927.0270034
2026-05-05 17:30:00,1480.0,1480.0,1480.0,1480.0,128.50412278,190186.1017144
2026-05-05 19:15:00,1480.0,1480.0,1480.0,1480.0,84.22797555,124657.403814
2026-05-05 19:30:00,1480.0,1480.0,1480.0,1480.0,566.48990875,838405.06495
2026-05-05 19:45:00,1479.0,1479.0,1478.0,1478.0,407.15863067,601792.62651565
2026-05-05 21:15:00,1478.0,1478.0,1478.0,1478.0,101.41269374,149887.96134772
2026-05-05 21:30:00,1478.0,1478.0,1478.0,1478.0,248.80823851,367738.57651778
2026-05-05 21:45:00,1478.0,1478.0,1478.0,1478.0,186.73714559,275997.50118202
2026-05-05 22:00:00,1478.0,1478.0,1478.0,1478.0,564.1177254,833765.9981412
2026-05-05 22:15:00,1478.0,1478.0,1478.0,1478.0,102.8416779,151999.9999362
2026-05-05 22:30:00,1478.0,1478.0,1478.0,1478.0,69.01217859,101999.99995602
2026-05-05 23:00:00,1478.0,1478.0,1478.0,1478.0,356.12431833,526351.74249174
2026-05-05 23:15:00,1478.0,1479.0,1478.0,1479.0,2099.08691824,3102453.5672081
2026-05-05 23:45:00,1479.0,1484.0,1479.0,1484.0,67.47397105,99999.99998915
2026-05-06 00:00:00,1477.0,1483.0,1471.0,1483.0,652.53726635,963633.48857029
2026-05-06 00:45:00,1475.0,1480.0,1464.0,1472.0,5634.64055208,8281764.03320921
2026-05-06 01:15:00,1479.0,1483.0,1479.0,1483.0,46.25517186,68429.89290461
2026-05-06 05:15:00,1483.0,1483.0,1475.0,1475.0,106.57097288,157453.211998
2026-05-06 05:45:00,1482.0,1482.0,1482.0,1482.0,3.37381916,4999.99999512
2026-05-06 07:15:00,1480.0,1480.0,1475.0,1475.0,51.48768693,76115.96384485
2026-05-06 09:00:00,1476.0,1476.0,1475.0,1475.0,151.61362945,223764.55450589
2026-05-06 09:15:00,1481.0,1482.0,1473.0,1482.0,5054.29477742,7474960.48533704
2026-05-06 09:45:00,1473.0,1473.0,1473.0,1473.0,1331.26990473,1960960.56966729
2026-05-06 10:15:00,1472.0,1472.0,1468.0,1468.0,3714.4216548,5456458.1136571
2026-05-06 11:30:00,1477.0,1477.0,1468.0,1477.0,34.39875271,50750.38609519
2026-05-06 12:00:00,1468.0,1468.0,1468.0,1468.0,253.0,371404.0
2026-05-06 12:15:00,1468.0,1468.0,1468.0,1468.0,33.73819163,49527.66531284
2026-05-06 12:30:00,1472.0,1472.0,1467.0,1467.0,580.97169051,854043.37400701
2026-05-06 12:45:00,1467.0,1467.0,1466.0,1466.0,43.45873496,63747.65434112
2026-05-06 13:00:00,1467.0,1467.0,1467.0,1467.0,96.11781022,141004.82759274
2026-05-06 13:45:00,1467.0,1468.0,1467.0,1468.0,262.50690038,385120.7836204
2026-05-06 14:00:00,1468.0,1468.0,1468.0,1468.0,46.32152588,67999.99999184
2026-05-06 14:15:00,1469.0,1476.0,1469.0,1476.0,10.88944011,15999.99999177
2026-05-06 14:45:00,1476.0,1476.0,1476.0,1476.0,851.37444827,1256628.68564652
2026-05-06 15:00:00,1467.0,1467.0,1466.0,1466.0,1494.88587844,2192354.07224131
2026-05-06 15:15:00,1477.0,1477.0,1477.0,1477.0,3.72376438,5499.99998926
2026-05-06 16:00:00,1466.0,1466.0,1466.0,1466.0,370.0,542420.0
2026-05-06 17:30:00,1466.0,1466.0,1466.0,1466.0,786.92587133,1153633.32736978
2026-05-06 17:45:00,1465.0,1470.0,1464.0,1464.0,2829.57378806,4143987.70567423
2026-05-06 18:00:00,1463.0,1463.0,1463.0,1463.0,277.53495657,406033.64146191
2026-05-06 18:15:00,1463.0,1463.0,1463.0,1463.0,36.98201212,54104.68373156
2026-05-06 18:30:00,1463.0,1463.0,1462.0,1462.0,1173.7871869,1717100.16368955
2026-05-06 18:45:00,1462.0,1469.0,1462.0,1469.0,742.58273548,1086132.47390756
2026-05-06 19:15:00,1462.0,1469.0,1462.0,1469.0,16.46337831,24137.5329261
2026-05-06 19:30:00,1463.0,1469.0,1461.0,1469.0,39.99184516,58585.99730016
2026-05-06 19:45:00,1461.0,1461.0,1461.0,1461.0,590.29784211,862425.14732271
2026-05-06 20:00:00,1461.0,1469.0,1459.0,1459.0,1507.22739963,2202533.78128031
2026-05-06 21:00:00,1469.0,1469.0,1469.0,1469.0,450.49535048,661777.66985512
2026-05-06 21:15:00,1461.0,1461.0,1461.0,1461.0,59.81678221,87392.31880881
2026-05-06 21:30:00,1461.0,1461.0,1461.0,1461.0,4.03768506,5899.05787266
2026-05-06 21:45:00,1461.0,1461.0,1461.0,1461.0,10.0,14610.0
2026-05-06 22:00:00,1466.0,1466.0,1466.0,1466.0,12.27830832,17999.99999712
2026-05-06 22:15:00,1466.0,1466.0,1466.0,1466.0,804.30216696,1179106.97676336
2026-05-06 22:30:00,1466.0,1466.0,1466.0,1466.0,576.20678163,844719.14186958
2026-05-06 23:00:00,1466.0,1469.0,1466.0,1469.0,1677.23066056,2463707.54139284
2026-05-06 23:15:00,1472.0,1472.0,1472.0,1472.0,84.51205532,124401.74543104
2026-05-06 23:45:00,1472.0,1472.0,1472.0,1472.0,26.75220787,39379.24998464
2026-05-07 01:30:00,1472.0,1472.0,1472.0,1472.0,19.80662996,29155.35930112
2026-05-07 02:15:00,1472.0,1472.0,1472.0,1472.0,23.09782607,33999.99997504
2026-05-07 06:00:00,1463.0,1463.0,1463.0,1463.0,111.55947849,163211.51703087
2026-05-07 06:15:00,1463.0,1471.0,1463.0,1470.0,45.36582544,66629.99997055
2026-05-07 06:30:00,1470.0,1470.0,1463.0,1470.0,141.65491244,207641.13689956
2026-05-07 06:45:00,1470.0,1470.0,1470.0,1470.0,58.50340133,85999.9999551
2026-05-07 07:15:00,1463.0,1463.0,1463.0,1463.0,3.90269151,5709.63767913
2026-05-07 07:45:00,1471.0,1471.0,1471.0,1471.0,23.1135282,33999.9999822
2026-05-07 08:45:00,1464.0,1471.0,1464.0,1471.0,26.79809653,39279.99999563
2026-05-07 09:30:00,1464.0,1468.0,1464.0,1468.0,80.74132224,118287.03962856
2026-05-07 09:45:00,1468.0,1468.0,1465.0,1465.0,37.02997275,54299.999997
2026-05-07 10:30:00,1468.0,1468.0,1468.0,1468.0,102.1798365,149999.999982
2026-05-07 11:15:00,1465.0,1465.0,1465.0,1465.0,47.78156997,70000.00000605
2026-05-07 11:30:00,1468.0,1468.0,1468.0,1468.0,3.83234333,5625.88000844
2026-05-07 11:45:00,1465.0,1465.0,1465.0,1465.0,13.83234333,20264.38297845
2026-05-07 12:15:00,1470.0,1471.0,1470.0,1471.0,29.0,42652.26599327
2026-05-07 12:30:00,1472.0,1472.0,1472.0,1472.0,91.9347826,135327.9999872
2026-05-07 13:00:00,1470.0,1472.0,1470.0,1472.0,13.73641304,20199.99999488
2026-05-07 13:15:00,1472.0,1472.0,1472.0,1472.0,64.26019021,94590.99998912
2026-05-07 13:45:00,1472.0,1472.0,1465.0,1465.0,1018.34351377,1498166.17172167
2026-05-07 14:00:00,1465.0,1472.0,1462.0,1465.0,449.50753218,657823.38644394
2026-05-07 14:15:00,1465.0,1465.0,1465.0,1465.0,13.64051944,19983.3609796
2026-05-07 15:00:00,1465.0,1465.0,1465.0,1465.0,78.119891,114445.640315
2026-05-07 15:30:00,1469.0,1469.0,1465.0,1468.0,79.46652247,116649.99998255
2026-05-07 15:45:00,1468.0,1469.0,1468.0,1469.0,103.48751581,151999.99996195
2026-05-07 16:00:00,1469.0,1469.0,1468.0,1468.0,1308.28096894,1920568.71563741
2026-05-07 16:15:00,1466.0,1466.0,1466.0,1466.0,20.0,29320.0
2026-05-07 16:30:00,1470.0,1472.0,1470.0,1472.0,33.9673913,49963.941039
2026-05-07 16:45:00,1466.0,1472.0,1466.0,1472.0,74.58222298,109344.01031408
2026-05-07 17:15:00,1465.0,1472.0,1465.0,1472.0,28.98346986,42495.43008402
2026-05-07 18:45:00,1472.0,1472.0,1463.0,1463.0,728.79140369,1066509.376872
2026-05-07 19:00:00,1471.0,1473.0,1471.0,1473.0,106.26264215,156433.90367582
2026-05-07 19:15:00,1473.0,1475.0,1465.0,1475.0,319.07359032,469979.37329596
2026-05-07 20:00:00,1470.0,1470.0,1467.0,1467.0,27.57381273,40491.61813113
2026-05-07 20:15:00,1467.0,1467.0,1467.0,1467.0,10.0,14670.0
2026-05-07 20:30:00,1467.0,1467.0,1467.0,1467.0,9.66488197,14178.38184999
2026-05-07 21:00:00,1467.0,1473.0,1465.0,1473.0,1429.091972,2094404.6596413
2026-05-07 21:15:00,1473.0,1474.0,1466.0,1474.0,680.32034541,1002130.16955394
2026-05-07 21:30:00,1469.0,1472.0,1466.0,1466.0,40.44146539,59389.20618166
2026-05-07 22:00:00,1466.0,1466.0,1466.0,1466.0,10.0,14660.0
2026-05-07 22:15:00,1466.0,1466.0,1466.0,1466.0,30.0,43980.0
2026-05-07 22:45:00,1466.0,1466.0,1466.0,1466.0,10.0,14660.0
2026-05-08 00:00:00,1466.0,1466.0,1466.0,1466.0,10.0,14660.0
2026-05-08 00:30:00,1472.0,1472.0,1472.0,1472.0,8.1521739,11999.9999808
2026-05-08 01:00:00,1466.0,1466.0,1466.0,1466.0,13.73641304,20137.58151664
2026-05-08 01:15:00,1472.0,1472.0,1472.0,1472.0,3.39673913,4999.99999936
2026-05-08 02:00:00,1467.0,1467.0,1467.0,1467.0,10.0,14670.0
2026-05-08 02:30:00,1467.0,1467.0,1467.0,1467.0,10.0,14670.0
2026-05-08 03:00:00,1468.0,1468.0,1468.0,1468.0,10.0,14680.0
2026-05-08 05:30:00,1470.0,1470.0,1470.0,1470.0,10.0,14700.0
2026-05-08 06:15:00,1473.0,1474.0,1473.0,1474.0,8.14571835,11999.99998164
2026-05-08 06:30:00,1470.0,1470.0,1470.0,1470.0,10.0,14700.0
2026-05-08 07:30:00,1471.0,1471.0,1471.0,1471.0,10.0,14710.0
2026-05-08 08:30:00,1472.0,1472.0,1472.0,1472.0,10.0,14720.0
2026-05-08 08:45:00,1472.0,1472.0,1472.0,1472.0,19.04671176,28036.75971072
2026-05-08 09:00:00,1472.0,1472.0,1472.0,1472.0,22.25323349,32756.75969728
2026-05-08 09:15:00,1472.0,1472.0,1472.0,1472.0,77.294751,113777.873472
2026-05-08 09:30:00,1473.0,1475.0,1473.0,1475.0,74.62740991,109999.99999254
2026-05-08 10:00:00,1474.0,1475.0,1474.0,1475.0,100.11840541,147596.20003606
2026-05-08 10:15:00,1476.0,1476.0,1476.0,1476.0,628.56625837,927763.79735412
2026-05-08 10:30:00,1475.0,1475.0,1475.0,1475.0,343.8754768,507216.32828
2026-05-08 11:00:00,1475.0,1475.0,1475.0,1475.0,423.11504613,624094.69304175
2026-05-08 11:30:00,1472.0,1472.0,1472.0,1472.0,20.0,29440.0
2026-05-08 11:45:00,1473.0,1477.0,1473.0,1477.0,89.26945564,131810.98598028
2026-05-08 12:00:00,1477.0,1477.0,1477.0,1477.0,6.76980365,9998.99999105
2026-05-08 12:30:00,1474.0,1474.0,1474.0,1474.0,10.0,14740.0
2026-05-08 14:15:00,1474.0,1474.0,1474.0,1474.0,99.95853508,147338.88070792
2026-05-08 14:30:00,1474.0,1474.0,1474.0,1474.0,189.20869285,278893.6132609
2026-05-08 15:00:00,1477.0,1477.0,1477.0,1477.0,288.42952734,426010.41188118
2026-05-08 15:15:00,1474.0,1477.0,1474.0,1477.0,173.73206994,256572.26730138
2026-05-08 15:30:00,1474.0,1474.0,1474.0,1474.0,10.0,14740.0
2026-05-08 16:00:00,1477.0,1477.0,1477.0,1477.0,6.7704807,9999.9999939
2026-05-08 16:15:00,1474.0,1474.0,1474.0,1474.0,10.0,14740.0
2026-05-08 16:30:00,1474.0,1474.0,1474.0,1474.0,883.10190088,1301692.20189712
2026-05-08 17:30:00,1474.0,1474.0,1474.0,1474.0,10.0,14740.0
2026-05-08 18:15:00,1475.0,1475.0,1475.0,1475.0,6.71591672,9905.977162
2026-05-08 18:30:00,1475.0,1478.0,1475.0,1478.0,288.49340535,426326.4826266
2026-05-08 18:45:00,1475.0,1478.0,1475.0,1478.0,57.45667747,84900.83201519
2026-05-08 19:15:00,1478.0,1478.0,1478.0,1478.0,214.33591086,316788.47625108
2026-05-08 19:30:00,1475.0,1475.0,1475.0,1475.0,20.0,29500.0
2026-05-08 19:45:00,1478.0,1479.0,1475.0,1479.0,1016.37599374,1502180.47974772
2026-05-08 20:00:00,1479.0,1480.0,1479.0,1480.0,764.34562747,1130473.9364065
2026-05-08 20:15:00,1475.0,1475.0,1475.0,1475.0,6.75337837,9961.23309575
2026-05-08 20:30:00,1475.0,1475.0,1475.0,1475.0,6.77966101,9999.99998975
2026-05-08 20:45:00,1475.0,1475.0,1475.0,1475.0,10.0,14750.0
2026-05-08 21:00:00,1480.0,1480.0,1475.0,1475.0,58.66561018,86719.9674812
2026-05-08 21:45:00,1475.0,1475.0,1475.0,1475.0,10.0,14750.0
2026-05-08 22:15:00,1480.0,1480.0,1480.0,1480.0,79.72506337,117993.0937876
2026-05-08 22:45:00,1475.0,1480.0,1475.0,1480.0,68.45272631,101260.0349388
2026-05-08 23:30:00,1480.0,1480.0,1480.0,1480.0,67.56756756,99999.9999888
2026-05-08 23:45:00,1475.0,1475.0,1475.0,1475.0,77.56756756,114412.162151
2026-05-09 01:15:00,1477.0,1477.0,1477.0,1477.0,67.70480704,99999.99999808
2026-05-09 01:45:00,1477.0,1477.0,1477.0,1477.0,56.02166553,82743.99998781
2026-05-09 02:00:00,1475.0,1475.0,1475.0,1475.0,10.0,14750.0
2026-05-09 02:30:00,1475.0,1475.0,1474.0,1474.0,1792.81190379,2642614.74618646
2026-05-09 03:00:00,1475.0,1475.0,1473.0,1473.0,420.48203126,620068.80929303
2026-05-09 03:15:00,1473.0,1473.0,1473.0,1473.0,37.92892999,55869.31387527
2026-05-09 03:45:00,1472.0,1472.0,1472.0,1472.0,20.10704111,29597.56451392
2026-05-09 04:00:00,1472.0,1472.0,1472.0,1472.0,20.0,29440.0
2026-05-09 04:15:00,1476.0,1477.0,1471.0,1471.0,629.59257092,928967.04696382
2026-05-09 04:30:00,1479.0,1480.0,1479.0,1480.0,90.33207922,133684.71592039
2026-05-09 04:45:00,1480.0,1480.0,1480.0,1480.0,336.43209846,497919.5057208
2026-05-09 05:00:00,1472.0,1472.0,1472.0,1472.0,32.98706593,48556.96104896
2026-05-09 05:15:00,1472.0,1472.0,1469.0,1469.0,90.282347,132817.63554835
2026-05-09 06:15:00,1469.0,1469.0,1468.0,1468.0,395.76850237,581373.80164722
2026-05-09 07:00:00,1475.0,1475.0,1469.0,1469.0,75.43179782,111140.85269242
2026-05-09 07:15:00,1469.0,1469.0,1469.0,1469.0,684.17954795,1005059.75593855
2026-05-09 07:30:00,1469.0,1469.0,1469.0,1469.0,607.09987994,891829.72363186
2026-05-09 08:00:00,1474.0,1477.0,1474.0,1477.0,226.17080492,333694.67118652
2026-05-09 08:45:00,1477.0,1477.0,1468.0,1470.0,3493.36337124,5149671.3205496
2026-05-09 09:00:00,1470.0,1477.0,1467.0,1477.0,163.37681033,239734.87612008
2026-05-09 09:15:00,1467.0,1476.0,1467.0,1476.0,2535.74568717,3722069.93192268
2026-05-09 09:30:00,1476.0,1476.0,1476.0,1476.0,7.84041881,11572.45816356
2026-05-09 10:00:00,1475.0,1475.0,1475.0,1475.0,23.72949152,35000.999992
2026-05-09 10:15:00,1475.0,1476.0,1475.0,1476.0,20.32993026,29999.99999495
2026-05-09 10:30:00,1476.0,1476.0,1476.0,1476.0,24.3902439,35999.9999964
2026-05-09 10:45:00,1476.0,1476.0,1476.0,1476.0,112.19512195,165599.9999982
2026-05-09 11:00:00,1476.0,1476.0,1476.0,1476.0,51.89701896,76599.99998496
2026-05-09 11:15:00,1476.0,1476.0,1469.0,1475.0,68.26502229,100620.71281078
2026-05-09 11:30:00,1475.0,1475.0,1470.0,1475.0,39.72118873,58532.52031445
2026-05-09 11:45:00,1475.0,1475.0,1475.0,1475.0,40.6779661,59999.9999975
2026-05-09 12:15:00,1471.0,1471.0,1471.0,1471.0,10.0,14710.0
2026-05-09 12:45:00,1471.0,1471.0,1471.0,1471.0,48.47728813,71310.09083923
2026-05-09 13:00:00,1475.0,1476.0,1475.0,1476.0,164.20756404,242274.99999503
2026-05-09 13:15:00,1471.0,1475.0,1471.0,1475.0,50.0,73710.0
2026-05-09 13:30:00,1475.0,1475.0,1475.0,1475.0,16.94915254,24999.9999965
2026-05-09 13:45:00,1474.0,1474.0,1474.0,1474.0,16.2822252,23999.9999448
2026-05-09 14:00:00,1474.0,1474.0,1474.0,1474.0,16.2822252,23999.9999448
2026-05-09 14:15:00,1474.0,1474.0,1471.0,1471.0,22.2116689,32709.9999586
2026-05-09 14:30:00,1474.0,1474.0,1474.0,1474.0,17.29986431,25499.99999294
2026-05-09 14:45:00,1472.0,1472.0,1472.0,1472.0,10.0,14720.0
2026-05-09 15:15:00,1471.0,1471.0,1471.0,1471.0,10.0,14710.0
2026-05-09 15:30:00,1471.0,1471.0,1471.0,1471.0,263.92069302,388227.33943242
2026-05-09 15:45:00,1471.0,1474.0,1471.0,1474.0,16.30878693,23999.99994252
2026-05-09 16:45:00,1470.0,1474.0,1470.0,1474.0,225.62708919,332514.4775543
2026-05-09 17:00:00,1474.0,1474.0,1474.0,1474.0,5.99864314,8841.99998836
2026-05-09 17:15:00,1474.0,1474.0,1474.0,1474.0,15.12812114,22298.85056036
2026-05-09 17:30:00,1470.0,1470.0,1470.0,1470.0,5.99864314,8818.0054158
2026-05-09 17:45:00,1474.0,1474.0,1474.0,1474.0,64.91367022,95682.74990428
2026-05-09 18:00:00,1474.0,1474.0,1474.0,1474.0,27.13704206,39999.99999644
2026-05-09 18:15:00,1474.0,1474.0,1474.0,1474.0,453.75353032,668832.70369168
2026-05-09 18:30:00,1470.0,1470.0,1470.0,1470.0,6.77444743,9958.4377221
2026-05-09 20:00:00,1474.0,1474.0,1474.0,1474.0,6.78426051,9999.99999174
2026-05-09 20:30:00,1474.0,1474.0,1474.0,1474.0,21.87991858,32250.99998692
2026-05-09 20:45:00,1474.0,1474.0,1474.0,1474.0,966.75936844,1425003.30908056
2026-05-09 21:00:00,1474.0,1474.0,1474.0,1474.0,13.47014924,19854.99997976
2026-05-09 21:30:00,1474.0,1474.0,1474.0,1474.0,183.85367571,271000.31799654
2026-05-09 21:45:00,1474.0,1474.0,1474.0,1474.0,82.43835671,121514.13779054
2026-05-09 22:15:00,1474.0,1474.0,1474.0,1474.0,121.80337532,179538.17522168
2026-05-09 22:45:00,1474.0,1474.0,1474.0,1474.0,12.2786635,18098.749999
2026-05-09 23:15:00,1474.0,1474.0,1474.0,1474.0,47.66046086,70251.51930764
2026-05-10 03:00:00,1474.0,1476.0,1470.0,1470.0,130.28861155,191579.40324766
2026-05-10 05:00:00,1475.0,1475.0,1475.0,1475.0,11.14794107,16443.21307825
2026-05-10 05:45:00,1470.0,1470.0,1470.0,1470.0,67.82070921,99696.4425387
2026-05-10 06:00:00,1470.0,1470.0,1470.0,1470.0,11.14794107,16387.4733729
2026-05-10 08:45:00,1470.0,1470.0,1470.0,1470.0,4.0705563,5983.717761
2026-05-10 09:00:00,1471.0,1471.0,1470.0,1470.0,66.51830121,97790.06049452
2026-05-10 10:15:00,1475.0,1475.0,1475.0,1475.0,166.48371379,245563.47784025
2026-05-10 12:00:00,1470.0,1470.0,1469.0,1469.0,115.38546427,169562.23856668
2026-05-10 13:15:00,1474.0,1474.0,1474.0,1474.0,13.56852103,19999.99999822
2026-05-10 13:30:00,1474.0,1474.0,1469.0,1469.0,31.68385228,46636.36579853
2026-05-10 15:15:00,1474.0,1474.0,1469.0,1469.0,10.15353273,14932.50023162
2026-05-10 17:30:00,1469.0,1469.0,1469.0,1469.0,243.57807003,357816.18487407
2026-05-10 17:45:00,1474.0,1475.0,1473.0,1475.0,692.95317958,1021403.67594844
2026-05-10 18:00:00,1469.0,1469.0,1469.0,1469.0,68.07351941,100000.00001329
2026-05-10 19:00:00,1469.0,1469.0,1469.0,1469.0,215.77151077,316968.34932113
2026-05-10 19:15:00,1475.0,1475.0,1475.0,1475.0,6.77966101,9999.99998975
2026-05-10 19:30:00,1469.0,1469.0,1469.0,1469.0,6.77966101,9959.32202369
2026-05-10 19:45:00,1475.0,1475.0,1475.0,1475.0,67.79661016,99999.999986
2026-05-10 20:00:00,1475.0,1476.0,1475.0,1476.0,71.28230261,105145.90664694
2026-05-10 21:00:00,1476.0,1476.0,1475.0,1475.0,817.28916398,1206314.39092127
2026-05-10 21:15:00,1475.0,1475.0,1471.0,1471.0,24.47229205,36025.86024959
2026-05-10 21:30:00,1477.0,1477.0,1471.0,1471.0,6.9156776,10193.29350314
2026-05-10 21:45:00,1471.0,1471.0,1469.0,1469.0,67.79661016,99702.99832758
2026-05-10 22:00:00,1477.0,1477.0,1469.0,1469.0,27.0819228,39891.6722844
2026-05-10 23:45:00,1469.0,1469.0,1469.0,1469.0,13.96914822,20520.67873518
2026-05-11 00:15:00,1477.0,1477.0,1477.0,1477.0,20.31144211,29999.99999647
2026-05-11 00:45:00,1469.0,1469.0,1469.0,1469.0,310.47050608,456081.17343152
2026-05-11 01:00:00,1469.0,1469.0,1469.0,1469.0,1374.89860034,2019726.04389946
2026-05-11 01:15:00,1469.0,1469.0,1469.0,1469.0,132.15574079,194136.78322051
2026-05-11 02:00:00,1469.0,1469.0,1466.0,1466.0,261.51880299,383590.00051496
2026-05-11 02:15:00,1466.0,1466.0,1466.0,1466.0,169.93346182,249122.45502812
2026-05-11 02:30:00,1475.0,1475.0,1466.0,1472.0,160.89892009,236040.86264299
2026-05-11 02:45:00,1472.0,1472.0,1472.0,1472.0,10.86956521,15999.99998912
2026-05-11 03:00:00,1468.0,1469.0,1468.0,1469.0,29.96533258,43999.99999054
2026-05-11 03:15:00,1467.0,1469.0,1463.0,1469.0,1011.93566735,1480977.12709625
2026-05-11 03:30:00,1463.0,1463.0,1463.0,1463.0,1749.88786687,2560085.94923081
2026-05-11 03:45:00,1463.0,1463.0,1463.0,1463.0,67.9347826,99388.5869438
2026-05-11 04:00:00,1469.0,1469.0,1469.0,1469.0,126.19197787,185376.01549103
2026-05-11 04:15:00,1469.0,1469.0,1469.0,1469.0,23.14499659,33999.99999071
2026-05-11 04:30:00,1467.0,1467.0,1463.0,1463.0,81.36469328,119224.71328389
2026-05-11 04:45:00,1468.0,1468.0,1468.0,1468.0,11.3079019,16599.9999892
2026-05-11 05:30:00,1463.0,1463.0,1463.0,1463.0,11.3079019,16543.4604797
2026-05-11 05:45:00,1463.0,1464.0,1463.0,1464.0,186.19926587,272419.52596781
2026-05-11 06:00:00,1469.0,1469.0,1469.0,1469.0,11.30020422,16599.99999918
2026-05-11 06:30:00,1469.0,1469.0,1469.0,1469.0,7.68063925,11282.85905825
2026-05-11 06:45:00,1469.0,1469.0,1464.0,1464.0,47.45041156,69640.99997416
2026-05-11 07:00:00,1469.0,1469.0,1464.0,1467.0,190.80173401,279742.36909665
2026-05-11 07:15:00,1467.0,1469.0,1467.0,1469.0,35.40752,51999.99998156
2026-05-11 07:30:00,1464.0,1464.0,1462.0,1462.0,941.42621864,1376528.62425502
2026-05-11 07:45:00,1462.0,1462.0,1462.0,1462.0,459.24848893,671421.29081566
2026-05-11 08:00:00,1462.0,1462.0,1462.0,1462.0,30.4416401,44505.6778262
2026-05-11 08:30:00,1462.0,1462.0,1461.0,1461.0,668.0970962,976117.3145384
2026-05-11 08:45:00,1461.0,1467.0,1461.0,1467.0,1223.08316291,1787128.99998897
2026-05-11 09:00:00,1467.0,1469.0,1462.0,1469.0,1986.37157088,2915502.61636535
2026-05-11 09:15:00,1469.0,1469.0,1469.0,1469.0,98.02586791,143999.99995979
2026-05-11 09:30:00,1470.0,1470.0,1470.0,1470.0,115.64625845,169999.9999215
2026-05-11 10:00:00,1470.0,1477.0,1463.0,1470.0,1533.4244552,2251930.2465318
2026-05-11 10:15:00,1471.0,1471.0,1465.0,1471.0,224.64211197,330269.09221306
2026-05-11 10:30:00,1471.0,1473.0,1466.0,1473.0,188.1734586,276782.52625328
2026-05-11 10:45:00,1473.0,1473.0,1473.0,1473.0,20.69617107,30485.45998611
2026-05-11 11:00:00,1467.0,1473.0,1467.0,1473.0,56.22674813,82751.99999549
2026-05-11 11:45:00,1473.0,1473.0,1473.0,1473.0,53.87598122,79359.32033706
2026-05-11 12:00:00,1470.0,1470.0,1468.0,1468.0,1369.65021591,2013230.9283832
2026-05-11 13:00:00,1473.0,1473.0,1468.0,1468.0,16.78886625,24679.99998625
2026-05-11 14:00:00,1468.0,1468.0,1468.0,1468.0,10.0,14680.0
2026-05-11 14:30:00,1468.0,1473.0,1468.0,1473.0,41.81371773,61450.10519519
2026-05-11 15:30:00,1468.0,1468.0,1468.0,1468.0,18.4981174,27155.2363432
2026-05-11 16:30:00,1468.0,1468.0,1468.0,1468.0,212.39906463,311801.82687684
2026-05-11 16:45:00,1468.0,1468.0,1468.0,1468.0,446.14114958,654935.20758344
2026-05-11 17:00:00,1473.0,1473.0,1473.0,1473.0,53.17413441,78325.49998593
2026-05-11 17:15:00,1473.0,1477.0,1469.0,1470.0,989.39904934,1457904.80408469
2026-05-11 17:30:00,1470.0,1470.0,1470.0,1470.0,12.25323349,18012.2532303
2026-05-11 18:15:00,1470.0,1470.0,1470.0,1470.0,10.0,14700.0
2026-05-11 18:30:00,1470.0,1470.0,1470.0,1470.0,20.0,29400.0
2026-05-11 19:00:00,1470.0,1470.0,1470.0,1470.0,68.35269993,100478.4688971
2026-05-11 19:15:00,1470.0,1470.0,1470.0,1470.0,20.0,29400.0
2026-05-11 19:45:00,1470.0,1477.0,1470.0,1477.0,236.08608861,347820.50926571
2026-05-11 20:30:00,1469.0,1469.0,1469.0,1469.0,25.5221283,37492.0064727
2026-05-11 21:15:00,1476.0,1477.0,1476.0,1476.0,92.7677055,136972.52668292
2026-05-11 21:30:00,1469.0,1469.0,1469.0,1469.0,10.0,14690.0
2026-05-11 22:00:00,1476.0,1477.0,1470.0,1477.0,258.91607947,381781.73654748
2026-05-11 22:15:00,1477.0,1477.0,1470.0,1470.0,301.27129846,443080.91300151
2026-05-11 22:30:00,1470.0,1470.0,1470.0,1470.0,76.10357439,111872.2543533
2026-05-11 22:45:00,1470.0,1470.0,1470.0,1470.0,6.68588873,9828.2564331
2026-05-11 23:15:00,1476.0,1476.0,1476.0,1476.0,16.2499301,23984.8968276
2026-05-12 00:15:00,1471.0,1471.0,1471.0,1471.0,120.51364288,177275.56867648
2026-05-12 01:00:00,1476.0,1476.0,1476.0,1476.0,3.38753387,4999.99999212
2026-05-12 01:15:00,1470.0,1470.0,1470.0,1470.0,186.32804646,273902.2282962
2026-05-12 02:45:00,1470.0,1476.0,1470.0,1476.0,57.08265099,83999.99995234
2026-05-12 03:45:00,1476.0,1476.0,1476.0,1476.0,6.77506775,9999.999999
2026-05-12 07:30:00,1476.0,1476.0,1469.0,1469.0,228.70339897,337522.19344628
2026-05-12 08:15:00,1476.0,1476.0,1476.0,1476.0,20.32520325,29999.999997
2026-05-12 09:00:00,1476.0,1476.0,1476.0,1476.0,13.5501355,19999.999998
2026-05-12 09:45:00,1476.0,1476.0,1476.0,1476.0,27.100271,39999.999996
2026-05-12 10:00:00,1476.0,1476.0,1476.0,1476.0,902.16217487,1331591.37010812
2026-05-12 10:15:00,1477.0,1477.0,1477.0,1477.0,252.73138022,373284.24858494
2026-05-12 10:30:00,1477.0,1477.0,1477.0,1477.0,52.21606944,77123.13456288
2026-05-12 10:45:00,1477.0,1477.0,1477.0,1477.0,107.72105616,159103.99994832
2026-05-12 11:15:00,1477.0,1477.0,1473.0,1473.0,1115.97318604,1647063.59913602
2026-05-12 11:45:00,1473.0,1473.0,1473.0,1473.0,45.14042877,66491.85157821
2026-05-12 15:15:00,1473.0,1473.0,1473.0,1473.0,202.97699594,298985.11501962
2026-05-12 16:00:00,1478.0,1478.0,1476.0,1476.0,1227.62938863,1814005.9298682
2026-05-12 16:15:00,1479.0,1480.0,1479.0,1479.0,1012.88231923,1498351.40743385
2026-05-12 16:45:00,1479.0,1479.0,1479.0,1479.0,437.79235339,647494.89066381
2026-05-12 18:00:00,1479.0,1479.0,1479.0,1479.0,1.64445288,2432.14580952
2026-05-12 18:15:00,1479.0,1480.0,1479.0,1480.0,190.34705758,281705.28967128
2026-05-12 18:30:00,1480.0,1484.0,1466.0,1476.0,7677.09393302,11338057.58747103
2026-05-12 19:00:00,1479.0,1480.0,1479.0,1480.0,166.26962004,246072.27633399
2026-05-12 19:15:00,1480.0,1480.0,1475.0,1475.0,319.69521405,472919.3421823
2026-05-12 19:30:00,1476.0,1476.0,1475.0,1475.0,34.0,50177.100271
2026-05-12 19:45:00,1476.0,1477.0,1476.0,1477.0,151.75678269,224134.76803313
2026-05-12 20:15:00,1477.0,1477.0,1473.0,1473.0,148.54827816,219284.13396918
2026-05-12 20:30:00,1473.0,1478.0,1472.0,1478.0,199.9657554,294984.07022335
2026-05-12 21:00:00,1479.0,1479.0,1479.0,1479.0,6.76132521,9999.99998559
2026-05-12 21:15:00,1479.0,1479.0,1479.0,1479.0,2440.56113958,3609589.92543882
2026-05-12 21:45:00,1480.0,1480.0,1480.0,1480.0,48.11305881,71207.3270388
2026-05-12 22:30:00,1480.0,1480.0,1480.0,1480.0,182.67374683,270357.1453084
2026-05-12 22:45:00,1480.0,1482.0,1480.0,1482.0,423.75417136,627856.49140606
2026-05-12 23:00:00,1482.0,1482.0,1480.0,1480.0,171.27444364,253613.62219776
2026-05-12 23:15:00,1480.0,1484.0,1480.0,1480.0,348.46164384,515876.44339338
2026-05-12 23:30:00,1480.0,1484.0,1480.0,1480.0,260.7000876,386133.6762924
2026-05-12 23:45:00,1480.0,1480.0,1472.0,1480.0,252.75991898,373712.46103589
2026-05-13 00:00:00,1474.0,1480.0,1474.0,1475.0,70.50585697,104091.24373743
2026-05-13 00:30:00,1480.0,1480.0,1474.0,1474.0,68.79588064,101543.29570786
2026-05-13 01:45:00,1480.0,1484.0,1474.0,1474.0,495.01257472,733060.31573199
2026-05-13 02:00:00,1474.0,1480.0,1474.0,1474.0,166.2330184,245084.5303576
2026-05-13 02:15:00,1474.0,1484.0,1474.0,1474.0,238.54447429,352288.40955086
2026-05-13 02:30:00,1474.0,1474.0,1474.0,1474.0,160.3773584,236396.2262816
2026-05-13 02:45:00,1474.0,1474.0,1474.0,1474.0,160.3773584,236396.2262816
2026-05-13 03:00:00,1474.0,1476.0,1474.0,1476.0,160.3773584,236498.65215755
2026-05-13 03:15:00,1476.0,1476.0,1476.0,1476.0,172.73954108,254963.56263408
2026-05-13 03:30:00,1476.0,1476.0,1476.0,1476.0,160.5937921,237036.4371396
2026-05-13 03:45:00,1476.0,1476.0,1476.0,1476.0,160.5937921,237036.4371396
2026-05-13 04:00:00,1476.0,1476.0,1476.0,1476.0,160.5937921,237036.4371396
2026-05-13 04:15:00,1476.0,1476.0,1476.0,1476.0,171.39001342,252971.65980792
2026-05-13 04:30:00,1476.0,1476.0,1476.0,1476.0,160.5937921,237036.4371396
2026-05-13 04:45:00,1476.0,1476.0,1476.0,1476.0,160.5937921,237036.4371396
2026-05-13 05:00:00,1476.0,1476.0,1476.0,1476.0,160.5937921,237036.4371396
2026-05-13 05:15:00,1476.0,1476.0,1476.0,1476.0,160.5937921,237036.4371396
2026-05-13 05:30:00,1476.0,1476.0,1476.0,1476.0,172.73954108,254963.56263408
2026-05-13 05:45:00,1476.0,1476.0,1476.0,1476.0,184.54967804,272395.32478704
2026-05-13 06:00:00,1476.0,1476.0,1476.0,1476.0,46.81928959,69105.27143484
2026-05-13 07:00:00,1476.0,1476.0,1476.0,1476.0,157.43311661,232371.28011636
2026-05-13 08:15:00,1482.0,1484.0,1481.0,1484.0,127.23379431,188599.99996998
2026-05-13 08:45:00,1478.0,1478.0,1478.0,1478.0,8.15496746,12053.04190588
2026-05-13 09:15:00,1478.0,1478.0,1478.0,1478.0,15.2906504,22599.5812912
2026-05-13 09:30:00,1478.0,1478.0,1478.0,1478.0,23.55072138,34807.96619964
2026-05-13 10:45:00,1479.0,1479.0,1479.0,1479.0,230.27213542,340572.48828618
2026-05-13 13:30:00,1484.0,1484.0,1484.0,1484.0,618.94474393,918513.99999212
2026-05-13 13:45:00,1478.0,1478.0,1476.0,1476.0,618.94474393,913681.38938029
2026-05-13 14:45:00,1476.0,1476.0,1476.0,1476.0,69.47679484,102547.74918384
2026-05-13 17:30:00,1476.0,1476.0,1475.0,1475.0,135.89360617,200555.25464048
2026-05-13 20:15:00,1477.0,1477.0,1477.0,1477.0,10.0,14770.0
2026-05-13 20:30:00,1476.0,1476.0,1476.0,1476.0,20.0,29520.0
2026-05-13 21:00:00,1476.0,1477.0,1476.0,1477.0,30.0,44290.0
2026-05-13 21:15:00,1477.0,1477.0,1477.0,1477.0,5.17404277,7642.06117129
2026-05-13 22:00:00,1482.0,1482.0,1477.0,1477.0,91.92240082,136002.07079154
2026-05-13 22:45:00,1483.0,1484.0,1481.0,1481.0,239.66575717,355526.50684001
2026-05-13 23:00:00,1483.0,1485.0,1483.0,1485.0,1140.12786869,1692901.01521577
2026-05-13 23:15:00,1484.0,1485.0,1484.0,1485.0,20.1884253,29963.04430507
2026-05-13 23:30:00,1485.0,1485.0,1485.0,1485.0,60.77164983,90245.89999755
2026-05-13 23:45:00,1485.0,1485.0,1485.0,1485.0,206.2285368,306249.377148
2026-05-14 00:00:00,1484.0,1485.0,1484.0,1485.0,451.16034384,669953.1106024
2026-05-14 00:15:00,1485.0,1487.0,1484.0,1485.0,5313.86258746,7899487.82540833
2026-05-14 00:30:00,1486.0,1487.0,1486.0,1487.0,1564.5761651,2326514.96611742
2026-05-14 00:45:00,1487.0,1488.0,1487.0,1488.0,809.09025006,1203892.64621846
2026-05-14 01:00:00,1488.0,1489.0,1488.0,1488.0,289.69831216,431153.39697092
2026-05-14 01:15:00,1486.0,1486.0,1486.0,1486.0,6.7888,10088.1568
2026-05-14 01:30:00,1486.0,1486.0,1486.0,1486.0,33.69946091,50077.39891226
2026-05-14 03:00:00,1486.0,1486.0,1486.0,1486.0,753.42719413,1119592.81047718
2026-05-14 03:15:00,1486.0,1486.0,1486.0,1486.0,1447.68764046,2151263.83372356
2026-05-14 04:45:00,1486.0,1486.0,1486.0,1486.0,16.97750242,25228.56859612
2026-05-14 05:00:00,1486.0,1486.0,1486.0,1486.0,10.0,14860.0
2026-05-14 06:30:00,1486.0,1486.0,1486.0,1486.0,317.36554333,471605.19738838
2026-05-14 06:45:00,1487.0,1489.0,1487.0,1489.0,210.86940336,313944.54160304
2026-05-14 07:00:00,1488.0,1490.0,1488.0,1489.0,1002.65836622,1493269.91857674
2026-05-14 07:15:00,1489.0,1489.0,1489.0,1489.0,74.53695608,110985.52760312
2026-05-14 07:30:00,1489.0,1489.0,1489.0,1489.0,147.0089683,218896.3537987
2026-05-14 08:15:00,1486.0,1486.0,1477.0,1485.0,2618.47069003,3872981.73090148
2026-05-14 08:30:00,1485.0,1486.0,1485.0,1486.0,176.74673038,262625.27762431
2026-05-14 08:45:00,1486.0,1490.0,1486.0,1490.0,685.78159652,1021121.34913742
2026-05-14 09:00:00,1489.0,1490.0,1483.0,1483.0,1055.4655558,1570540.78950768
2026-05-14 09:15:00,1482.0,1486.0,1482.0,1486.0,7.00433235,10394.40278438
2026-05-14 09:45:00,1487.0,1487.0,1487.0,1487.0,6.72494956,9999.99999572
2026-05-14 10:00:00,1486.0,1486.0,1486.0,1486.0,33.05211227,49115.43883322
2026-05-14 10:15:00,1483.0,1483.0,1483.0,1483.0,67.46485329,100050.37742907
2026-05-14 11:30:00,1486.0,1486.0,1486.0,1486.0,85.65563147,127284.26836442
2026-05-14 11:45:00,1486.0,1490.0,1486.0,1490.0,321.04578939,478189.87178828
2026-05-14 12:00:00,1488.0,1489.0,1488.0,1489.0,13.42281879,19976.57717831
2026-05-14 12:30:00,1487.0,1487.0,1487.0,1487.0,6.71591672,9986.56816264
2026-05-14 12:45:00,1487.0,1487.0,1482.0,1482.0,143.14156474,212169.37852828
2026-05-14 13:00:00,1484.0,1484.0,1483.0,1483.0,13.42281879,19916.04026557
2026-05-14 13:30:00,1482.0,1482.0,1480.0,1480.0,201.51214715,298607.83888914
2026-05-14 14:00:00,1485.0,1485.0,1485.0,1485.0,206.26656368,306305.8470648
2026-05-14 14:30:00,1481.0,1487.0,1481.0,1487.0,2014.53373375,2984014.9075393
2026-05-14 14:45:00,1486.0,1487.0,1482.0,1482.0,314.41036411,467456.87129194
2026-05-14 15:30:00,1486.0,1486.0,1486.0,1486.0,4.03768506,5999.99999916
2026-05-14 16:15:00,1486.0,1486.0,1486.0,1486.0,428.88930013,637329.49999318
2026-05-14 17:45:00,1482.0,1482.0,1482.0,1482.0,40.00984562,59294.59120884
2026-05-14 19:00:00,1481.0,1481.0,1478.0,1478.0,67.70480704,100209.59509628
2026-05-14 19:15:00,1481.0,1481.0,1480.0,1480.0,28.84636607,42702.6217836
2026-05-14 19:45:00,1481.0,1481.0,1477.0,1477.0,321.04578939,474689.68965418
2026-05-14 20:15:00,1479.0,1479.0,1479.0,1479.0,6.72494956,9946.20039924
2026-05-14 20:30:00,1480.0,1480.0,1479.0,1479.0,47.62761245,70485.39181901
2026-05-14 21:45:00,1481.0,1481.0,1481.0,1481.0,6.71591672,9946.27266232
2026-05-14 22:15:00,1482.0,1483.0,1482.0,1483.0,162.38159676,240781.90799508
2026-05-14 22:30:00,1483.0,1483.0,1482.0,1482.0,164.56001971,244035.81763265
2026-05-14 22:45:00,1482.0,1482.0,1482.0,1482.0,3.30840272,4903.05283104
2026-05-14 23:00:00,1482.0,1482.0,1482.0,1482.0,6.74763832,9999.99999024
2026-05-14 23:30:00,1482.0,1482.0,1482.0,1482.0,117.089374,173526.452268
2026-05-15 00:00:00,1482.0,1482.0,1482.0,1482.0,10.0,14820.0
2026-05-15 01:45:00,1479.0,1479.0,1477.0,1477.0,805.55579009,1189852.15183472
2026-05-15 02:00:00,1477.0,1477.0,1477.0,1477.0,30.0,44310.0
2026-05-15 02:45:00,1477.0,1479.0,1477.0,1479.0,2808.59022049,4148291.35566373
2026-05-15 03:00:00,1476.0,1479.0,1476.0,1476.0,1318.36284675,1945925.161803
2026-05-15 03:15:00,1475.0,1479.0,1475.0,1475.0,3916.85670794,5777409.0512115
2026-05-15 03:30:00,1478.0,1478.0,1474.0,1478.0,535.61223263,789560.9580955
2026-05-15 05:30:00,1477.0,1477.0,1477.0,1477.0,6.76589986,9993.23409322
2026-05-15 06:30:00,1478.0,1478.0,1478.0,1478.0,1.8,2660.4
2026-05-15 08:00:00,1479.0,1479.0,1479.0,1479.0,1.8,2662.2
2026-05-15 08:30:00,1476.0,1476.0,1476.0,1476.0,32.80745257,48423.79999332
2026-05-15 08:45:00,1476.0,1478.0,1476.0,1478.0,7.2,10627.21490514
2026-05-15 09:00:00,1476.0,1484.0,1474.0,1484.0,4477.61650638,6603515.26006703
2026-05-15 09:15:00,1483.0,1484.0,1476.0,1476.0,154.85670761,229374.78412554
2026-05-15 09:30:00,1476.0,1481.0,1476.0,1481.0,9.8,14473.8
2026-05-15 09:45:00,1478.0,1481.0,1477.0,1481.0,53.76097231,79549.99999111
2026-05-15 10:00:00,1482.0,1482.0,1482.0,1482.0,6.74763832,9999.99999024
2026-05-15 10:45:00,1480.0,1480.0,1479.0,1479.0,20.0,29590.0
2026-05-15 11:00:00,1481.0,1481.0,1481.0,1481.0,1.8,2665.8
2026-05-15 11:15:00,1480.0,1481.0,1479.0,1480.0,146.71254484,217055.04027739
2026-05-15 11:30:00,1482.0,1482.0,1480.0,1482.0,21.78650472,32267.59999504
2026-05-15 12:00:00,1482.0,1482.0,1482.0,1482.0,30.0,44460.0
2026-05-15 13:00:00,1482.0,1483.0,1482.0,1483.0,123.14186956,182504.33834806
2026-05-15 13:45:00,1482.0,1482.0,1482.0,1482.0,30.0,44460.0
2026-05-15 14:00:00,1482.0,1482.0,1482.0,1482.0,20.0,29640.0
2026-05-15 14:15:00,1483.0,1483.0,1482.0,1483.0,13.6,20158.8
2026-05-15 14:30:00,1483.0,1484.0,1482.0,1482.0,3013.64313185,4472165.25778466
2026-05-15 14:45:00,1481.0,1486.0,1480.0,1486.0,342.18677663,507760.90711669
2026-05-15 15:00:00,1482.0,1482.0,1481.0,1481.0,15.79946164,23409.00268884
2026-05-15 15:15:00,1486.0,1486.0,1486.0,1486.0,3.44361917,5117.21808662
2026-05-15 15:30:00,1481.0,1481.0,1479.0,1479.0,206.26656368,305205.00122762
2026-05-15 17:30:00,1481.0,1481.0,1479.0,1479.0,132.34006734,195888.10732561
2026-05-15 18:30:00,1484.0,1484.0,1484.0,1484.0,131.44338981,195061.99047804
2026-05-15 19:00:00,1484.0,1484.0,1484.0,1484.0,20.0,29680.0
2026-05-15 19:15:00,1485.0,1485.0,1485.0,1485.0,6.67881547,9918.04097295
2026-05-15 19:30:00,1484.0,1484.0,1484.0,1484.0,7.92385444,11758.99998896
2026-05-15 19:45:00,1483.0,1484.0,1483.0,1484.0,525.39733009,779656.31666903
2026-05-15 20:00:00,1484.0,1486.0,1480.0,1480.0,1433.75961179,2128733.00233176
2026-05-15 20:15:00,1485.0,1485.0,1485.0,1485.0,3.37373737,5009.99999445
2026-05-15 20:30:00,1485.0,1485.0,1480.0,1480.0,1610.58204971,2387662.55085725
2026-05-15 21:00:00,1485.0,1485.0,1485.0,1485.0,101.010101,149999.999985
2026-05-15 21:15:00,1485.0,1485.0,1485.0,1485.0,42.02613889,62408.81625165
2026-05-15 21:45:00,1485.0,1485.0,1485.0,1485.0,206.83640635,307152.06342975
2026-05-15 22:00:00,1485.0,1485.0,1485.0,1485.0,404.55577797,600765.33028545
2026-05-15 22:30:00,1485.0,1487.0,1484.0,1484.0,5999.36526246,8917994.89994715
2026-05-15 22:45:00,1487.0,1489.0,1487.0,1489.0,905.3722492,1347952.06581233
2026-05-15 23:00:00,1489.0,1491.0,1486.0,1486.0,8150.10668139,12142860.57327436
2026-05-15 23:15:00,1485.0,1490.0,1481.0,1489.0,769.92914968,1142413.76952173
2026-05-15 23:30:00,1485.0,1485.0,1485.0,1485.0,10.10101011,15000.00001335
2026-05-15 23:45:00,1485.0,1489.0,1485.0,1485.0,198.61866993,294988.61739137
2026-05-16 00:00:00,1485.0,1485.0,1484.0,1484.0,26.38152045,39168.47020811
2026-05-16 00:15:00,1485.0,1488.0,1485.0,1488.0,50.03827363,74336.77585665
2026-05-16 00:30:00,1488.0,1488.0,1488.0,1488.0,6.7204301,9999.9999888
2026-05-16 00:45:00,1489.0,1491.0,1488.0,1491.0,349.04615923,519950.35282918
2026-05-16 01:00:00,1489.0,1489.0,1489.0,1489.0,23.43183345,34890.00000705
2026-05-16 01:45:00,1489.0,1489.0,1489.0,1489.0,55.44662523,82560.02496747
2026-05-16 02:00:00,1487.0,1487.0,1487.0,1487.0,5.03693754,7489.92612198
2026-05-16 02:15:00,1487.0,1487.0,1483.0,1483.0,76.80945606,114157.25726878
2026-05-16 03:00:00,1490.0,1491.0,1490.0,1491.0,100.56673373,149924.99999143
2026-05-16 03:30:00,1490.0,1490.0,1490.0,1490.0,4.02684563,5999.9999887
2026-05-16 03:45:00,1485.0,1485.0,1485.0,1485.0,4.03768506,5995.9623141
2026-05-16 04:00:00,1490.0,1490.0,1490.0,1490.0,3.3624161,5009.999989
2026-05-16 05:00:00,1490.0,1490.0,1485.0,1485.0,69.00228306,102668.0790903
2026-05-16 06:15:00,1485.0,1485.0,1485.0,1485.0,6.73615347,10003.18790295
2026-05-16 07:45:00,1485.0,1485.0,1485.0,1485.0,30.0,44550.0
2026-05-16 08:45:00,1486.0,1486.0,1485.0,1486.0,1378.98939119,2047842.01483443
2026-05-16 09:00:00,1484.0,1484.0,1483.0,1484.0,149.28460024,221409.06215592
2026-05-16 09:15:00,1484.0,1484.0,1483.0,1483.0,40.00675675,59350.027017
2026-05-16 09:45:00,1486.0,1491.0,1486.0,1491.0,454.74289327,677804.25463383
2026-05-16 10:00:00,1487.0,1487.0,1487.0,1487.0,3.45060893,5131.05547891
2026-05-16 10:45:00,1487.0,1487.0,1487.0,1487.0,13.46801346,20026.93601502
2026-05-16 14:00:00,1489.0,1489.0,1489.0,1489.0,4.02414486,5991.95169654
2026-05-16 14:30:00,1488.0,1488.0,1488.0,1488.0,10.0,14880.0
2026-05-16 15:00:00,1489.0,1490.0,1488.0,1488.0,16.71566409,24879.99999193
2026-05-16 15:15:00,1488.0,1488.0,1488.0,1488.0,14.02684563,20871.94629744
2026-05-16 15:30:00,1490.0,1490.0,1490.0,1490.0,136.89094838,203967.5130862
2026-05-16 15:45:00,1490.0,1490.0,1490.0,1490.0,179.65289291,267682.8104359
2026-05-16 16:00:00,1490.0,1492.0,1489.0,1489.0,553.99098042,826440.36904669
2026-05-16 16:15:00,1492.0,1493.0,1487.0,1489.0,1059.26488277,1580130.07746708
2026-05-16 16:30:00,1492.0,1493.0,1492.0,1493.0,957.6235786,1429722.0028498
2026-05-16 17:00:00,1493.0,1494.0,1493.0,1493.0,612.34849652,914636.99995425
2026-05-16 17:15:00,1491.0,1491.0,1487.0,1487.0,39.00828685,58121.35569335
2026-05-16 17:45:00,1489.0,1489.0,1489.0,1489.0,337.38191632,502361.67340048
2026-05-16 18:15:00,1492.0,1494.0,1486.0,1493.0,761.04684622,1132214.97203177
2026-05-16 18:30:00,1490.0,1490.0,1489.0,1490.0,665.87470411,992143.3091239
2026-05-16 20:00:00,1493.0,1494.0,1493.0,1494.0,578.0150368,863453.99999054
2026-05-16 20:15:00,1494.0,1495.0,1490.0,1490.0,178.98324996,267371.81916229
2026-05-16 21:15:00,1490.0,1490.0,1487.0,1487.0,144.9927673,215635.29930323
2026-05-16 22:30:00,1494.0,1494.0,1494.0,1494.0,4.01606425,5999.9999895
2026-05-16 23:30:00,1493.0,1493.0,1488.0,1488.0,18.83825524,28051.32379712
2026-05-17 00:00:00,1492.0,1492.0,1488.0,1488.0,37.71091599,56234.48642472
2026-05-17 00:15:00,1487.0,1487.0,1487.0,1487.0,4.01606425,5971.88753975
2026-05-17 01:00:00,1487.0,1487.0,1487.0,1487.0,56.02166553,83304.21664311
2026-05-17 03:00:00,1489.0,1489.0,1487.0,1487.0,100.56673373,149601.53411583
2026-05-17 03:45:00,1487.0,1487.0,1487.0,1487.0,5.87768817,8740.12230879
2026-05-17 05:30:00,1492.0,1495.0,1492.0,1495.0,266.9460193,398974.08148104
2026-05-17 05:45:00,1494.0,1495.0,1494.0,1495.0,66.8896321,99939.9999895
2026-05-17 06:15:00,1494.0,1494.0,1494.0,1494.0,6.68896321,9993.31103574
2026-05-17 06:30:00,1488.0,1488.0,1487.0,1487.0,336.24747814,500059.77617924
2026-05-17 07:45:00,1489.0,1489.0,1489.0,1489.0,10.0,14890.0
2026-05-17 08:00:00,1489.0,1492.0,1488.0,1489.0,119.97989276,178649.99999792
2026-05-17 08:15:00,1489.0,1489.0,1489.0,1489.0,10.0,14890.0
2026-05-17 08:30:00,1489.0,1490.0,1489.0,1490.0,20.0,29790.0
2026-05-17 09:00:00,1490.0,1495.0,1490.0,1495.0,1523.64028554,2271829.00014729
2026-05-17 09:15:00,1495.0,1495.0,1495.0,1495.0,3.33971962,4992.8808319
2026-05-17 09:30:00,1494.0,1494.0,1494.0,1494.0,10.0,14940.0
2026-05-17 10:15:00,1494.0,1494.0,1494.0,1494.0,30.0,44820.0
2026-05-17 10:30:00,1494.0,1494.0,1494.0,1494.0,37.05453006,55359.46790964
2026-05-17 11:45:00,1490.0,1490.0,1490.0,1490.0,10.0,14900.0
2026-05-17 12:30:00,1493.0,1493.0,1493.0,1493.0,39.63384838,59173.33563134
2026-05-17 12:45:00,1493.0,1493.0,1485.0,1485.0,293.98881249,437366.47456053
2026-05-17 13:15:00,1487.0,1487.0,1486.0,1486.0,66.8896321,99437.9933006
2026-05-17 13:45:00,1493.0,1493.0,1493.0,1493.0,3.34896182,4999.99999726
2026-05-17 15:00:00,1490.0,1491.0,1482.0,1491.0,811.49228848,1204857.78178875
2026-05-17 15:45:00,1486.0,1486.0,1486.0,1486.0,33.48961822,49765.57267492
2026-05-17 16:45:00,1487.0,1487.0,1487.0,1487.0,70.27027027,104491.89189149
2026-05-17 17:00:00,1488.0,1488.0,1487.0,1487.0,182.68355252,271700.44259724
2026-05-17 19:30:00,1488.0,1491.0,1488.0,1491.0,333.53965651,497207.15900178
2026-05-17 22:00:00,1489.0,1492.0,1488.0,1492.0,339.59191751,505564.3354944
2026-05-17 23:30:00,1492.0,1492.0,1488.0,1489.0,170.03664278,253391.82261966
2026-05-18 00:00:00,1487.0,1487.0,1487.0,1487.0,4.02144772,5979.89275964
2026-05-18 02:15:00,1492.0,1492.0,1492.0,1492.0,6.34920634,9473.01585928
2026-05-18 03:30:00,1492.0,1492.0,1487.0,1487.0,15.84182304,23596.39541808
2026-05-18 05:45:00,1487.0,1487.0,1487.0,1487.0,13.48471355,20051.76904885
2026-05-18 06:00:00,1492.0,1492.0,1485.0,1485.0,31.66353886,47148.57935073
2026-05-18 07:45:00,1492.0,1493.0,1486.0,1493.0,1558.19961063,2319898.52362958
2026-05-18 08:30:00,1492.0,1497.0,1492.0,1497.0,1689.15140634,2524219.20730118
2026-05-18 08:45:00,1495.0,1499.0,1484.0,1494.0,13499.21782247,20157193.05145519
2026-05-18 09:00:00,1494.0,1494.0,1484.0,1492.0,1395.23216431,2072329.2520668
2026-05-18 09:15:00,1491.0,1491.0,1491.0,1491.0,20.79141515,30999.99998865
2026-05-18 09:45:00,1490.0,1490.0,1484.0,1485.0,3870.55279802,5764998.47480558
2026-05-18 10:00:00,1485.0,1489.0,1483.0,1489.0,2210.70554271,3282562.21593598
2026-05-18 11:15:00,1490.0,1490.0,1490.0,1490.0,4.69798657,6999.9999893
2026-05-18 11:45:00,1488.0,1488.0,1486.0,1486.0,129.95245138,193278.66552152
2026-05-18 12:00:00,1488.0,1488.0,1488.0,1488.0,10.0,14880.0
2026-05-18 13:45:00,1487.0,1487.0,1487.0,1487.0,10.0,14870.0
2026-05-18 14:00:00,1486.0,1486.0,1486.0,1486.0,8.50958973,12645.25033878
2026-05-18 14:15:00,1487.0,1491.0,1487.0,1491.0,120.76300876,179999.99998694
2026-05-18 14:30:00,1491.0,1491.0,1491.0,1491.0,28.42857141,42386.99997231
2026-05-18 16:00:00,1488.0,1488.0,1488.0,1488.0,6.7204301,9999.9999888
2026-05-18 16:30:00,1486.0,1486.0,1486.0,1486.0,39.83477353,59194.47346558
2026-05-18 17:15:00,1486.0,1486.0,1486.0,1486.0,6.7294751,9999.9999986
2026-05-18 17:30:00,1484.0,1484.0,1484.0,1484.0,6.96646545,10338.2347278
2026-05-18 18:00:00,1486.0,1486.0,1486.0,1486.0,122.4323814,181934.5187604
2026-05-18 18:45:00,1487.0,1487.0,1487.0,1487.0,6.72494956,9999.99999572
2026-05-18 19:00:00,1483.0,1483.0,1483.0,1483.0,5.09023066,7548.81206878
2026-05-18 19:30:00,1487.0,1487.0,1484.0,1484.0,7.71082716,11454.43374618
2026-05-18 22:00:00,1485.0,1485.0,1482.0,1482.0,67.12560442,99669.63649554
2026-05-18 22:15:00,1483.0,1483.0,1483.0,1483.0,10.0,14830.0
2026-05-18 23:15:00,1487.0,1488.0,1487.0,1488.0,189.30259274,281656.89351459
2026-05-19 00:00:00,1488.0,1488.0,1488.0,1488.0,13.44086021,19999.99999248
2026-05-19 00:15:00,1486.0,1486.0,1485.0,1486.0,20.24358129,30078.52093673
2026-05-19 00:45:00,1486.0,1486.0,1486.0,1486.0,8.06727154,11987.96550844
2026-05-19 02:00:00,1489.0,1489.0,1489.0,1489.0,3.80188045,5660.99999005
2026-05-19 04:15:00,1489.0,1489.0,1489.0,1489.0,7.58898589,11299.99999021
2026-05-19 07:00:00,1487.0,1488.0,1487.0,1488.0,8.06682853,11999.99999243
2026-05-19 07:45:00,1485.0,1485.0,1485.0,1485.0,3.80188045,5645.79246825
2026-05-19 08:00:00,1485.0,1485.0,1485.0,1485.0,17.01837985,25272.29407725
2026-05-19 08:30:00,1485.0,1485.0,1485.0,1485.0,18.14094856,26939.3086116
2026-05-19 09:45:00,1485.0,1489.0,1485.0,1489.0,3431.84342357,5096306.28856825
2026-05-19 10:15:00,1489.0,1489.0,1489.0,1489.0,6.71591672,9999.99999608
2026-05-19 11:15:00,1488.0,1488.0,1488.0,1488.0,37.6344086,55999.9999968
2026-05-19 11:30:00,1485.0,1485.0,1484.0,1484.0,18.7919463,27897.2483092
2026-05-19 12:30:00,1488.0,1489.0,1487.0,1487.0,95.78240138,142570.99997596
2026-05-19 12:45:00,1487.0,1487.0,1487.0,1487.0,320.78364943,477005.28670241
2026-05-19 13:15:00,1487.0,1489.0,1487.0,1489.0,106.85564083,158901.05383093
2026-05-19 14:30:00,1489.0,1489.0,1489.0,1489.0,3.35795836,4999.99999804
2026-05-19 14:45:00,1489.0,1489.0,1489.0,1489.0,4.7011417,6999.9999913
2026-05-19 15:15:00,1489.0,1489.0,1489.0,1489.0,4.7011417,6999.9999913
2026-05-19 16:00:00,1489.0,1491.0,1489.0,1491.0,245.45514236,365719.29718194
2026-05-19 17:30:00,1488.0,1491.0,1488.0,1490.0,186.3207585,277581.55611828
2026-05-19 17:45:00,1491.0,1491.0,1486.0,1486.0,83.00230373,123475.43344337
2026-05-19 18:15:00,1486.0,1486.0,1486.0,1486.0,20.0,29720.0
2026-05-19 19:00:00,1487.0,1487.0,1486.0,1486.0,133.21112702,197999.43227015
2026-05-19 19:45:00,1488.0,1488.0,1488.0,1488.0,6.74308833,10033.71543504
2026-05-19 20:15:00,1487.0,1490.0,1487.0,1490.0,40.22180125,59839.75805606
2026-05-19 20:30:00,1490.0,1491.0,1487.0,1487.0,300.0584393,447105.10423701
2026-05-19 20:45:00,1487.0,1487.0,1486.0,1486.0,20.16129033,29970.2522066
2026-05-19 21:00:00,1487.0,1487.0,1487.0,1487.0,6.71140939,9979.86576293
2026-05-19 21:30:00,1487.0,1487.0,1487.0,1487.0,8.50832546,12651.87995902
2026-05-19 23:00:00,1491.0,1491.0,1491.0,1491.0,619.9476523,924341.9495793
2026-05-19 23:15:00,1490.0,1490.0,1490.0,1490.0,7.37841732,10993.8418068
2026-05-19 23:30:00,1491.0,1491.0,1491.0,1491.0,10.0,14910.0
2026-05-20 00:00:00,1492.0,1492.0,1492.0,1492.0,230.03148642,343206.97773864
2026-05-20 00:15:00,1492.0,1492.0,1492.0,1492.0,110.34133307,164629.26894044
2026-05-20 00:30:00,1492.0,1492.0,1492.0,1492.0,1627.80180798,2428680.29750616
2026-05-20 00:45:00,1491.0,1491.0,1491.0,1491.0,769.86625915,1147870.59239265
2026-05-20 01:00:00,1491.0,1491.0,1491.0,1491.0,7.75452716,11561.99999556
2026-05-20 01:15:00,1490.0,1490.0,1490.0,1490.0,13.42281879,19999.9999971
2026-05-20 03:00:00,1490.0,1497.0,1488.0,1496.0,372.95171282,557133.77518662
2026-05-20 03:15:00,1487.0,1496.0,1487.0,1487.0,64.20688803,95561.2683406
2026-05-20 03:30:00,1487.0,1497.0,1487.0,1497.0,146.16012057,218301.50203936
2026-05-20 03:45:00,1487.0,1487.0,1487.0,1487.0,7.75452716,11530.98188692
2026-05-20 04:00:00,1496.0,1496.0,1487.0,1487.0,13.36898394,19939.83954651
2026-05-20 06:15:00,1488.0,1488.0,1488.0,1488.0,8.68374099,12921.40659312
2026-05-20 07:30:00,1490.0,1494.0,1489.0,1494.0,48.00417572,71588.61925348
2026-05-20 07:45:00,1493.0,1493.0,1493.0,1493.0,3.34896182,4999.99999726
2026-05-20 08:45:00,1493.0,1494.0,1488.0,1488.0,175.25475874,260931.91822311
2026-05-20 09:00:00,1492.0,1492.0,1487.0,1487.0,40.35978697,60159.05148174
2026-05-20 09:30:00,1489.0,1489.0,1489.0,1489.0,14.26774814,21244.67698046
2026-05-20 09:45:00,1489.0,1489.0,1489.0,1489.0,137.01266439,204011.85727671
2026-05-20 10:30:00,1489.0,1489.0,1489.0,1489.0,72.41505509,107826.01702901
2026-05-20 10:45:00,1488.0,1488.0,1488.0,1488.0,20.0,29760.0
2026-05-20 11:00:00,1487.0,1487.0,1487.0,1487.0,94.08602151,139905.91398537
2026-05-20 11:45:00,1487.0,1487.0,1487.0,1487.0,10.0,14870.0
2026-05-20 13:00:00,1487.0,1487.0,1487.0,1487.0,97.92033736,145607.54165432
2026-05-20 14:00:00,1487.0,1489.0,1487.0,1489.0,2590.46878356,3852041.72245188
2026-05-20 14:15:00,1487.0,1487.0,1486.0,1486.0,195.1882086,290129.65125977
2026-05-20 14:30:00,1488.0,1488.0,1488.0,1488.0,3.42741935,5099.9999928
2026-05-20 15:30:00,1486.0,1486.0,1486.0,1486.0,77.37665486,114981.70912196
2026-05-20 15:45:00,1486.0,1486.0,1486.0,1486.0,56.98418814,84678.50357604
2026-05-20 16:00:00,1486.0,1486.0,1485.0,1485.0,807.6767074,1199722.82088846
2026-05-20 16:15:00,1485.0,1485.0,1485.0,1485.0,268.61038727,398886.42509595
2026-05-20 17:15:00,1488.0,1490.0,1488.0,1490.0,75.85033557,112938.65799842
2026-05-20 17:30:00,1486.0,1486.0,1485.0,1485.0,410.68198006,609888.25445011
2026-05-20 18:15:00,1489.0,1489.0,1489.0,1489.0,4.02955003,5999.99999467
2026-05-20 18:30:00,1489.0,1489.0,1489.0,1489.0,6.71591672,9999.99999608
2026-05-20 19:15:00,1489.0,1489.0,1489.0,1489.0,209.53660173,311999.99997597
2026-05-20 19:30:00,1489.0,1489.0,1489.0,1489.0,134.31833445,199999.99999605
2026-05-20 20:45:00,1487.0,1487.0,1487.0,1487.0,28.91471163,42996.17619381
2026-05-20 22:00:00,1487.0,1489.0,1487.0,1487.0,137.44531598,204556.07549422
2026-05-20 22:15:00,1487.0,1489.0,1487.0,1489.0,2177.03008662,3241563.70084962
2026-05-20 22:30:00,1490.0,1490.0,1487.0,1487.0,267.09267896,397938.0916504
2026-05-20 22:45:00,1487.0,1487.0,1487.0,1487.0,29.97328017,44570.26761279
2026-05-20 23:15:00,1487.0,1487.0,1485.0,1485.0,423.34697324,628682.69490204
2026-05-20 23:30:00,1485.0,1485.0,1485.0,1485.0,13.7934985,20483.3452725
2026-05-21 00:15:00,1485.0,1485.0,1484.0,1484.0,1748.08014419,2594885.53703321
2026-05-21 00:30:00,1483.0,1485.0,1483.0,1483.0,246.02897466,364867.96659558
2026-05-21 00:45:00,1483.0,1483.0,1483.0,1483.0,457.24319817,678091.66288611
2026-05-21 01:00:00,1483.0,1483.0,1483.0,1483.0,52.15792312,77350.19998696
2026-05-21 03:00:00,1485.0,1490.0,1485.0,1490.0,201.57061401,299999.99999651
2026-05-21 03:45:00,1489.0,1490.0,1489.0,1490.0,201.38255033,299999.9999917
2026-05-21 05:15:00,1489.0,1489.0,1489.0,1489.0,3.35795836,4999.99999804
2026-05-21 05:30:00,1489.0,1489.0,1489.0,1489.0,3.35795836,4999.99999804
2026-05-21 07:00:00,1484.0,1484.0,1484.0,1484.0,50.0,74200.0
2026-05-21 09:00:00,1484.0,1484.0,1483.0,1483.0,198.49662884,294427.39234353
2026-05-21 09:15:00,1485.0,1485.0,1485.0,1485.0,8.08080808,11999.9999988
2026-05-21 09:30:00,1483.0,1483.0,1482.0,1482.0,335.82330606,497796.60321734
2026-05-21 10:45:00,1482.0,1482.0,1482.0,1482.0,40.0,59280.0
2026-05-21 11:15:00,1482.0,1482.0,1482.0,1482.0,290.0,429780.0
2026-05-21 11:30:00,1482.0,1482.0,1482.0,1482.0,400.0,592800.0
2026-05-21 11:45:00,1482.0,1482.0,1481.0,1481.0,282.42457484,418476.22467155
2026-05-21 14:00:00,1483.0,1483.0,1482.0,1482.0,62.41505509,92525.85473171
2026-05-21 14:30:00,1485.0,1485.0,1485.0,1485.0,13.46801346,19999.9999881
2026-05-21 15:30:00,1487.0,1487.0,1487.0,1487.0,30.0,44610.0
2026-05-21 17:15:00,1486.0,1490.0,1486.0,1490.0,80.71426134,119993.27503516
2026-05-21 18:15:00,1487.0,1487.0,1487.0,1487.0,73.96090501,109979.86574987
2026-05-21 19:15:00,1487.0,1487.0,1487.0,1487.0,116.33965811,172997.07160957
2026-05-21 21:15:00,1487.0,1488.0,1487.0,1488.0,8.06903557,11999.9999786
2026-05-21 21:30:00,1488.0,1490.0,1488.0,1490.0,32.24473134,47999.99998518
2026-05-21 21:45:00,1490.0,1490.0,1489.0,1490.0,32.2214765,47999.999985
2026-05-21 22:00:00,1490.0,1490.0,1490.0,1490.0,21.47651006,31999.9999894
2026-05-21 22:15:00,1490.0,1490.0,1485.0,1485.0,167.59901227,249581.67215985
2026-05-21 22:30:00,1490.0,1490.0,1490.0,1490.0,21.47651006,31999.9999894
2026-05-21 22:45:00,1490.0,1490.0,1489.0,1490.0,71.17399826,105999.99995077
2026-05-21 23:00:00,1490.0,1490.0,1486.0,1490.0,73.36079795,109277.23300194
2026-05-22 00:15:00,1489.0,1490.0,1489.0,1490.0,10.74496644,15999.9999956
2026-05-22 00:30:00,1489.0,1490.0,1489.0,1490.0,21.48993288,31999.9999912
2026-05-22 00:45:00,1489.0,1489.0,1489.0,1489.0,20.02670226,29819.75966514
2026-05-22 01:00:00,1488.0,1490.0,1488.0,1490.0,32.24161072,47999.9999728
2026-05-22 01:15:00,1489.0,1490.0,1489.0,1490.0,57.08053689,84999.9999661
2026-05-22 01:30:00,1489.0,1490.0,1489.0,1490.0,42.97986576,63999.9999824
2026-05-22 01:45:00,1489.0,1490.0,1489.0,1490.0,42.97986576,63999.9999824
2026-05-22 02:00:00,1489.0,1490.0,1484.0,1490.0,87.28187917,129827.99238721
2026-05-22 02:15:00,1484.0,1489.0,1484.0,1489.0,33.31662295,49468.73212465
2026-05-22 02:30:00,1487.0,1489.0,1487.0,1489.0,10.75478965,15999.99998896
2026-05-22 02:45:00,1484.0,1484.0,1482.0,1482.0,523.6509359,776497.56478082
2026-05-22 03:00:00,1482.0,1482.0,1482.0,1482.0,54.74703572,81135.10693704
2026-05-22 03:15:00,1482.0,1482.0,1482.0,1482.0,144.39478599,213993.07283718
2026-05-22 04:45:00,1482.0,1482.0,1482.0,1482.0,79.76637202,118213.76333364
2026-05-22 05:00:00,1488.0,1489.0,1488.0,1489.0,10.74946916,15999.99998328
2026-05-22 06:15:00,1488.0,1488.0,1487.0,1487.0,32.27128679,47999.99992375
2026-05-22 06:30:00,1487.0,1489.0,1482.0,1488.0,149.89985452,222306.77168631
2026-05-22 06:45:00,1488.0,1489.0,1486.0,1486.0,40.35645241,59999.99996691
2026-05-22 07:00:00,1482.0,1486.0,1482.0,1486.0,436.06518866,647022.64082508
2026-05-22 07:15:00,1486.0,1486.0,1486.0,1486.0,36.33916554,53999.99999244
2026-05-22 07:30:00,1486.0,1486.0,1486.0,1486.0,40.3768506,59999.9999916
2026-05-22 07:45:00,1486.0,1486.0,1486.0,1486.0,40.3768506,59999.9999916
2026-05-22 08:00:00,1486.0,1487.0,1486.0,1487.0,36.32447278,53999.99992552
2026-05-22 08:15:00,1487.0,1487.0,1487.0,1487.0,44.38466703,65999.99987361
2026-05-22 08:30:00,1487.0,1487.0,1483.0,1487.0,316.40944075,469426.18919949
2026-05-22 08:45:00,1487.0,1487.0,1484.0,1487.0,248.15644589,368395.302217
2026-05-22 09:00:00,1487.0,1487.0,1483.0,1483.0,38.07265479,56489.99998767
2026-05-22 09:15:00,1486.0,1486.0,1486.0,1486.0,36.33916554,53999.99999244
2026-05-22 09:30:00,1486.0,1487.0,1486.0,1487.0,24.22527119,35999.99999162
2026-05-22 09:45:00,1487.0,1487.0,1487.0,1487.0,12.10490919,17999.99996553
2026-05-22 10:00:00,1487.0,1487.0,1486.0,1487.0,226.32932886,336365.73238326
2026-05-22 10:15:00,1487.0,1487.0,1487.0,1487.0,40.3496973,59999.9998851
2026-05-22 10:30:00,1487.0,1488.0,1487.0,1488.0,32.27836434,47999.99991396
2026-05-22 10:45:00,1488.0,1488.0,1488.0,1488.0,3.36021505,4999.9999944
2026-05-22 11:00:00,1488.0,1488.0,1488.0,1488.0,23.52217741,35000.99998608
2026-05-22 12:00:00,1487.0,1487.0,1487.0,1487.0,8.06993946,11999.99997702
2026-05-22 12:15:00,1487.0,1488.0,1487.0,1488.0,12.36809754,18401.79907898
2026-05-22 12:30:00,1488.0,1488.0,1488.0,1488.0,147.84946236,219999.99999168
2026-05-22 14:00:00,1486.0,1486.0,1486.0,1486.0,312.75038594,464747.07350684
2026-05-22 14:45:00,1486.0,1486.0,1486.0,1486.0,704.24128757,1046502.55332902
2026-05-22 15:15:00,1488.0,1488.0,1488.0,1488.0,187.01527683,278278.73192304
2026-05-22 17:30:00,1488.0,1488.0,1488.0,1488.0,400.0,595200.0
2026-05-22 18:15:00,1490.0,1490.0,1490.0,1490.0,10.33426646,15398.0570254
2026-05-22 18:45:00,1491.0,1491.0,1491.0,1491.0,6.70690811,9999.99999201
2026-05-22 19:30:00,1491.0,1491.0,1491.0,1491.0,100.08191719,149222.13853029
2026-05-22 20:15:00,1491.0,1491.0,1491.0,1491.0,34.05624511,50777.86145901
2026-05-22 21:00:00,1491.0,1491.0,1491.0,1491.0,10.0,14910.0
2026-05-22 21:15:00,1491.0,1491.0,1491.0,1491.0,360.20781292,537069.84906372
2026-05-22 21:30:00,1491.0,1491.0,1491.0,1491.0,981.17381012,1462930.15088892
2026-05-22 22:00:00,1490.0,1490.0,1487.0,1487.0,41.65628197,61993.61963671
2026-05-22 22:15:00,1488.0,1488.0,1488.0,1488.0,6.71591672,9993.28407936
2026-05-22 22:45:00,1488.0,1491.0,1488.0,1491.0,651.36976422,969352.93672211
2026-05-22 23:00:00,1491.0,1493.0,1491.0,1493.0,1388.1983763,2069864.03783932
2026-05-22 23:45:00,1490.0,1490.0,1488.0,1488.0,33.49412556,49879.25883328
2026-05-23 00:00:00,1492.0,1492.0,1492.0,1492.0,470.64451353,702201.61418676
2026-05-23 00:15:00,1491.0,1493.0,1490.0,1491.0,305.92946326,456514.44619758
2026-05-23 00:30:00,1493.0,1493.0,1493.0,1493.0,51.57401205,76999.99999065
2026-05-23 00:45:00,1492.0,1492.0,1492.0,1492.0,53.89027199,80404.28580908
2026-05-23 01:00:00,1492.0,1492.0,1492.0,1492.0,10.0,14920.0
2026-05-23 01:15:00,1491.0,1491.0,1491.0,1491.0,7.17391304,10696.30434264
2026-05-23 01:45:00,1492.0,1492.0,1492.0,1492.0,4.03768506,6024.22610952
2026-05-23 03:15:00,1493.0,1494.0,1491.0,1491.0,586.30724203,875852.09412719
2026-05-23 03:30:00,1491.0,1495.0,1486.0,1488.0,258.62292284,385791.99777063
2026-05-23 03:45:00,1495.0,1497.0,1486.0,1496.0,2608.30976632,3891979.42316017
2026-05-23 04:00:00,1496.0,1496.0,1496.0,1496.0,260.60349542,389862.82914832
2026-05-23 04:30:00,1497.0,1498.0,1497.0,1498.0,959.87216762,1437418.32231581
2026-05-23 04:45:00,1498.0,1499.0,1498.0,1499.0,414.31536104,621019.19601157
2026-05-23 06:45:00,1500.0,1500.0,1495.0,1495.0,231.53890346,347128.35519
2026-05-23 07:45:00,1496.0,1496.0,1496.0,1496.0,16.67111407,24939.98664872
2026-05-23 08:15:00,1496.0,1500.0,1494.0,1500.0,215.16990829,322590.09482558
2026-05-23 08:30:00,1500.0,1500.0,1500.0,1500.0,555.25467873,832882.018095
2026-05-23 08:45:00,1500.0,1502.0,1495.0,1495.0,381.69736509,572758.1278945
2026-05-23 09:00:00,1500.0,1500.0,1496.0,1496.0,49.30490782,73786.80876536
2026-05-23 09:15:00,1496.0,1502.0,1495.0,1502.0,361.68293,542295.14982802
2026-05-23 09:30:00,1498.0,1498.0,1498.0,1498.0,27.07153861,40553.16483778
2026-05-23 09:45:00,1498.0,1498.0,1498.0,1498.0,84.13405942,126032.82101116
2026-05-23 10:30:00,1499.0,1499.0,1499.0,1499.0,8.00533688,11999.99998312
2026-05-23 10:45:00,1499.0,1499.0,1499.0,1499.0,4.00266844,5999.99999156
2026-05-23 11:15:00,1499.0,1499.0,1499.0,1499.0,8.00533688,11999.99998312
2026-05-23 11:45:00,1498.0,1499.0,1498.0,1499.0,31.89560887,47787.62742414
2026-05-23 12:00:00,1499.0,1500.0,1499.0,1500.0,40.02601927,59999.99991758
2026-05-23 12:30:00,1498.0,1500.0,1498.0,1500.0,37.38807565,56012.71902276
2026-05-23 13:15:00,1501.0,1501.0,1501.0,1501.0,6.66222518,9999.99999518
2026-05-23 16:00:00,1502.0,1502.0,1502.0,1502.0,13.31557922,19999.99998844
2026-05-23 16:30:00,1501.0,1501.0,1501.0,1501.0,3.33777481,5009.99998981
2026-05-23 16:45:00,1498.0,1505.0,1496.0,1505.0,3563.37056377,5354482.79701812
2026-05-23 17:00:00,1505.0,1505.0,1500.0,1500.0,2134.58649387,3201912.96339635
2026-05-23 17:15:00,1505.0,1506.0,1498.0,1498.0,336.33168439,506306.75225577
2026-05-23 17:30:00,1498.0,1498.0,1498.0,1498.0,31.87250994,47745.01989012
2026-05-23 20:30:00,1500.0,1503.0,1496.0,1503.0,33.33342215,49999.94657563
2026-05-23 22:45:00,1499.0,1503.0,1499.0,1503.0,96.96327394,145490.89529128
2026-05-23 23:00:00,1500.0,1500.0,1500.0,1500.0,3.34695623,5020.434345
2026-05-24 00:15:00,1498.0,1498.0,1498.0,1498.0,13.30671989,19933.46639522
2026-05-24 01:00:00,1499.0,1499.0,1499.0,1499.0,4.49995631,6745.43450869
2026-05-24 02:00:00,1497.0,1497.0,1497.0,1497.0,177.37015988,265523.12934036
2026-05-24 03:15:00,1496.0,1496.0,1496.0,1496.0,118.95861247,177962.08425512
2026-05-24 03:30:00,1499.0,1506.0,1495.0,1495.0,8.04537382,12055.7796871
2026-05-24 03:45:00,1502.0,1502.0,1495.0,1496.0,38.79771571,58050.55306997
2026-05-24 04:00:00,1496.0,1499.0,1496.0,1499.0,8.01598569,11999.99998245
2026-05-24 05:30:00,1495.0,1500.0,1493.0,1493.0,975.85085857,1457854.42230887
2026-05-24 05:45:00,1496.0,1496.0,1492.0,1492.0,1603.37587434,2392292.95424784
2026-05-24 06:15:00,1496.0,1496.0,1496.0,1496.0,40.0,59840.0
2026-05-24 07:00:00,1496.0,1496.0,1496.0,1496.0,16.04278072,23999.99995712
2026-05-24 07:15:00,1496.0,1496.0,1496.0,1496.0,20.0534759,29999.9999464
2026-05-24 07:30:00,1496.0,1496.0,1496.0,1496.0,36.09625662,53999.99990352
2026-05-24 07:45:00,1496.0,1496.0,1496.0,1496.0,16.04278072,23999.99995712
2026-05-24 09:00:00,1498.0,1498.0,1495.0,1498.0,307.38781145,459608.03434546
2026-05-24 12:00:00,1497.0,1497.0,1497.0,1497.0,8.01202404,11993.99998788
2026-05-24 12:15:00,1497.0,1498.0,1497.0,1498.0,4.00666754,5999.99999896
2026-05-24 12:30:00,1498.0,1498.0,1498.0,1498.0,35.53437917,53230.49999666
2026-05-24 14:15:00,1495.0,1495.0,1492.0,1492.0,35.53437917,53105.40473765
2026-05-24 14:30:00,1496.0,1496.0,1496.0,1496.0,20.0534759,29999.9999464
2026-05-24 14:45:00,1496.0,1496.0,1494.0,1494.0,18.02139036,26939.99997856
2026-05-24 15:00:00,1494.0,1495.0,1494.0,1495.0,20.08026753,29999.99995735
2026-05-24 15:15:00,1496.0,1496.0,1496.0,1496.0,8.02139036,11999.99997856
2026-05-24 15:30:00,1496.0,1496.0,1496.0,1496.0,56.14973252,83999.99984992
2026-05-24 15:45:00,1496.0,1498.0,1496.0,1498.0,8.02073037,11999.99998532
2026-05-24 16:45:00,1493.0,1493.0,1493.0,1493.0,3.42741935,5117.13708955
2026-05-24 17:00:00,1493.0,1494.0,1492.0,1494.0,630.12287086,940588.78445139
2026-05-24 17:15:00,1494.0,1497.0,1494.0,1497.0,38.11204591,56939.99992953
2026-05-24 17:45:00,1496.0,1496.0,1496.0,1496.0,4.01069518,5999.99998928
2026-05-24 18:45:00,1496.0,1496.0,1496.0,1496.0,10.69518715,15999.9999764
2026-05-24 23:15:00,1495.0,1495.0,1495.0,1495.0,4.01337792,5999.9999904
2026-05-25 00:15:00,1495.0,1495.0,1495.0,1495.0,12.04013376,17999.9999712
2026-05-25 01:00:00,1495.0,1495.0,1495.0,1495.0,0.95510763,1427.88590685
2026-05-25 01:45:00,1496.0,1496.0,1496.0,1496.0,88.33443565,132148.3157324
2026-05-25 06:00:00,1495.0,1495.0,1495.0,1495.0,35.04956807,52399.10426465
2026-05-25 06:15:00,1497.0,1497.0,1497.0,1497.0,131.12190524,196289.49214428
2026-05-25 06:30:00,1497.0,1498.0,1497.0,1498.0,245.80862829,368139.14115179
2026-05-25 08:45:00,1496.0,1499.0,1496.0,1499.0,13.3689126,20009.9999874
2026-05-25 09:45:00,1495.0,1495.0,1495.0,1495.0,10.0,14950.0
2026-05-25 10:30:00,1494.0,1494.0,1493.0,1493.0,20.0,29870.0
2026-05-25 11:15:00,1494.0,1497.0,1494.0,1497.0,12.04408816,17999.99997552
2026-05-25 11:45:00,1497.0,1497.0,1497.0,1497.0,10.0,14970.0
2026-05-25 12:00:00,1498.0,1499.0,1498.0,1499.0,20.0,29970.0
2026-05-25 13:00:00,1494.0,1494.0,1494.0,1494.0,10.0,14940.0
2026-05-25 13:30:00,1494.0,1494.0,1494.0,1494.0,116.08860523,173436.37621362
2026-05-25 13:45:00,1492.0,1492.0,1492.0,1492.0,141.23859123,210727.97811516
2026-05-25 14:45:00,1492.0,1496.0,1492.0,1496.0,22.05882352,32919.99998592
2026-05-25 15:00:00,1492.0,1492.0,1492.0,1492.0,5.2886805,7890.711306
2026-05-25 15:30:00,1495.0,1495.0,1495.0,1495.0,66.8896321,99999.9999895
2026-05-25 16:00:00,1491.0,1491.0,1491.0,1491.0,658.30036344,981525.84188904
2026-05-25 16:15:00,1495.0,1495.0,1495.0,1495.0,8.02675584,11999.9999808
2026-05-25 16:30:00,1491.0,1491.0,1491.0,1491.0,32.67808532,48723.02521212
2026-05-25 16:45:00,1491.0,1491.0,1491.0,1491.0,329.49031838,491270.06470458
2026-05-25 17:00:00,1491.0,1492.0,1491.0,1492.0,41.52950581,61924.51461043
2026-05-25 17:15:00,1492.0,1494.0,1491.0,1491.0,620.61037118,925342.22672058
2026-05-25 17:30:00,1491.0,1491.0,1491.0,1491.0,347.73249757,518469.15387687
2026-05-25 17:45:00,1491.0,1491.0,1491.0,1491.0,171.64279646,255919.40952186
2026-05-25 18:00:00,1491.0,1491.0,1491.0,1491.0,36.35204292,54200.89599372
2026-05-25 18:30:00,1491.0,1491.0,1491.0,1491.0,79.70203643,118835.73631713
2026-05-25 18:45:00,1491.0,1491.0,1491.0,1491.0,451.90292622,673787.26299402
2026-05-25 19:00:00,1490.0,1490.0,1490.0,1490.0,176.42002645,262865.8394105
2026-05-25 19:15:00,1490.0,1490.0,1490.0,1490.0,393.45004619,586240.5688231
2026-05-25 19:30:00,1493.0,1493.0,1491.0,1491.0,12.53746467,18709.43483969
2026-05-25 19:45:00,1493.0,1493.0,1493.0,1493.0,4.01875418,5999.99999074
2026-05-25 20:15:00,1490.0,1490.0,1490.0,1490.0,66.8896321,99665.551829
2026-05-25 20:30:00,1493.0,1493.0,1493.0,1493.0,4.01875418,5999.99999074
2026-05-25 20:45:00,1493.0,1493.0,1490.0,1490.0,24.01875418,35799.99999074
2026-05-25 21:00:00,1490.0,1490.0,1490.0,1490.0,96.70375376,144088.5931024
2026-05-25 21:15:00,1490.0,1494.0,1490.0,1490.0,751.11491646,1119197.37818426
2026-05-25 21:30:00,1491.0,1495.0,1490.0,1491.0,586.60110574,874070.00614551
2026-05-25 21:45:00,1491.0,1492.0,1490.0,1490.0,42.36844085,63135.07066788
2026-05-25 22:00:00,1490.0,1493.0,1490.0,1493.0,985.46774964,1468357.34776629
2026-05-25 22:15:00,1489.0,1489.0,1488.0,1488.0,40.08032128,59665.28809303
2026-05-25 22:30:00,1489.0,1493.0,1489.0,1493.0,12.08305424,17999.99998032
2026-05-25 23:15:00,1488.0,1488.0,1488.0,1488.0,241.41435288,359224.55708544
2026-05-25 23:30:00,1488.0,1488.0,1488.0,1488.0,112.75949829,167786.13345552
2026-05-25 23:45:00,1488.0,1488.0,1488.0,1488.0,805.61692472,1198757.98398336
2026-05-26 00:00:00,1488.0,1488.0,1488.0,1488.0,226.85744834,337563.88312992
2026-05-26 00:15:00,1488.0,1488.0,1488.0,1488.0,10.0,14880.0
2026-05-26 00:30:00,1488.0,1488.0,1488.0,1488.0,4.00400801,5957.96391888
2026-05-26 02:15:00,1489.0,1490.0,1487.0,1487.0,292.75396258,435525.31772269
2026-05-26 02:30:00,1487.0,1487.0,1487.0,1487.0,35.98366168,53507.70491816
2026-05-26 02:45:00,1490.0,1490.0,1490.0,1490.0,4.02684563,5999.9999887
2026-05-26 03:15:00,1487.0,1487.0,1487.0,1487.0,68.83686832,102360.42319184
2026-05-26 03:30:00,1487.0,1487.0,1487.0,1487.0,140.00459375,208186.83090625
2026-05-26 03:45:00,1490.0,1490.0,1490.0,1490.0,16.10738252,23999.9999548
2026-05-26 04:00:00,1490.0,1490.0,1490.0,1490.0,16.10738252,23999.9999548
2026-05-26 04:15:00,1490.0,1490.0,1490.0,1490.0,16.10738252,23999.9999548
2026-05-26 04:30:00,1488.0,1489.0,1488.0,1489.0,18.05910006,26879.99998934
2026-05-26 04:45:00,1487.0,1489.0,1487.0,1488.0,52.25535645,77739.99994763
2026-05-26 05:00:00,1488.0,1488.0,1487.0,1488.0,46.29032254,68869.99993952
2026-05-26 05:15:00,1488.0,1488.0,1488.0,1488.0,49.10203158,73063.82299104
2026-05-26 05:30:00,1488.0,1488.0,1488.0,1488.0,146.46703085,217942.9419048
2026-05-26 05:45:00,1488.0,1488.0,1488.0,1488.0,45.61887171,67880.88110448
2026-05-26 06:00:00,1488.0,1489.0,1488.0,1488.0,56.12632421,83519.99997451
2026-05-26 06:30:00,1488.0,1488.0,1488.0,1488.0,4.03225806,5999.99999328
2026-05-26 06:45:00,1488.0,1488.0,1488.0,1488.0,24.19354836,35999.99995968
2026-05-26 07:00:00,1488.0,1488.0,1488.0,1488.0,24.19354836,35999.99995968
2026-05-26 07:15:00,1488.0,1488.0,1488.0,1488.0,12.09677418,17999.99997984
2026-05-26 08:15:00,1488.0,1488.0,1488.0,1488.0,12.09677418,17999.99997984
2026-05-26 08:30:00,1488.0,1488.0,1486.0,1486.0,337.0887171,500928.62307628
2026-05-26 08:45:00,1488.0,1488.0,1486.0,1486.0,243.22764832,361444.34991964
2026-05-26 09:00:00,1486.0,1486.0,1486.0,1486.0,6.66666666,9906.66665676
2026-05-26 09:30:00,1486.0,1488.0,1486.0,1488.0,234.72204822,348813.09268716
2026-05-26 09:45:00,1486.0,1488.0,1486.0,1488.0,199.81685794,297082.84976884
2026-05-26 10:00:00,1488.0,1488.0,1486.0,1486.0,242.68110282,360988.5971696
2026-05-26 10:15:00,1486.0,1486.0,1486.0,1486.0,24.77052489,36808.99998654
2026-05-26 10:30:00,1486.0,1486.0,1486.0,1486.0,20.1884253,29999.9999958
2026-05-26 11:00:00,1486.0,1486.0,1482.0,1482.0,3979.23609442,5906096.0811292
2026-05-26 11:30:00,1487.0,1487.0,1485.0,1485.0,15.79564593,23470.02948269
2026-05-26 12:15:00,1485.0,1485.0,1485.0,1485.0,18.08080808,26849.9999988
2026-05-26 12:30:00,1485.0,1487.0,1485.0,1487.0,4.03755103,5999.99999777
2026-05-26 12:45:00,1487.0,1496.0,1483.0,1483.0,585.5012508,872090.72085015
2026-05-26 13:15:00,1491.0,1491.0,1491.0,1491.0,6.66666666,9939.99999006
2026-05-26 14:15:00,1483.0,1483.0,1483.0,1483.0,12.65746971,18771.02757993
2026-05-26 14:30:00,1483.0,1483.0,1482.0,1482.0,87.43088334,129619.26632725
2026-05-26 15:30:00,1483.0,1483.0,1483.0,1483.0,236.0080917,349999.9999911
2026-05-26 16:00:00,1484.0,1484.0,1484.0,1484.0,25.51631487,37866.21126708
2026-05-26 16:15:00,1484.0,1484.0,1484.0,1484.0,4.04312668,5999.99999312
2026-05-26 16:30:00,1484.0,1484.0,1484.0,1484.0,4.04312668,5999.99999312
2026-05-26 16:45:00,1482.0,1482.0,1482.0,1482.0,60.58637083,89789.00157006
2026-05-26 17:00:00,1484.0,1484.0,1484.0,1484.0,4.12938005,6127.9999942
2026-05-26 17:45:00,1484.0,1493.0,1484.0,1493.0,8.07829854,11999.9999919
2026-05-26 18:45:00,1493.0,1494.0,1493.0,1494.0,840.65022171,1255129.83603106
2026-05-26 19:15:00,1486.0,1486.0,1481.0,1481.0,659.85886291,977876.53971872
2026-05-26 19:30:00,1481.0,1481.0,1480.0,1480.0,513.19722031,759887.39061963
2026-05-26 19:45:00,1480.0,1480.0,1480.0,1480.0,131.75806137,195001.9308276
2026-05-26 20:00:00,1480.0,1480.0,1480.0,1480.0,7.39497886,10944.5687128
2026-05-26 20:45:00,1480.0,1480.0,1480.0,1480.0,98.93283161,146420.5907828
2026-05-26 21:30:00,1480.0,1480.0,1480.0,1480.0,56.33606196,83377.3717008
2026-05-26 22:00:00,1480.0,1480.0,1480.0,1480.0,36.65991672,54256.6767456
2026-05-26 22:15:00,1480.0,1480.0,1479.0,1479.0,686.12084343,1014846.42915389
2026-05-26 22:45:00,1479.0,1479.0,1479.0,1479.0,4.12938005,6107.35309395
2026-05-26 23:00:00,1478.0,1478.0,1478.0,1478.0,67.04051993,99085.88845654
2026-05-26 23:15:00,1478.0,1478.0,1478.0,1478.0,1265.90107869,1871001.79430382
2026-05-26 23:30:00,1486.0,1486.0,1486.0,1486.0,13.41381623,19932.93091778
2026-05-27 02:15:00,1486.0,1486.0,1486.0,1486.0,470.80776878,699620.34440708
2026-05-27 02:30:00,1486.0,1487.0,1486.0,1487.0,20.17756398,29999.9999532
2026-05-27 02:45:00,1487.0,1489.0,1487.0,1489.0,20.1713725,29999.99994166
2026-05-27 07:30:00,1481.0,1489.0,1481.0,1489.0,32.472489,48171.85296556
2026-05-27 08:00:00,1481.0,1489.0,1481.0,1485.0,21649.02352889,32063002.84503077
2026-05-27 09:00:00,1482.0,1482.0,1482.0,1482.0,12.38937009,18361.04647338
2026-05-27 09:30:00,1482.0,1482.0,1482.0,1482.0,55.08701317,81638.95351794
2026-05-27 09:45:00,1482.0,1482.0,1482.0,1482.0,8.09716598,11999.99998236
2026-05-27 10:30:00,1482.0,1482.0,1482.0,1482.0,16.19433196,23999.99996472
2026-05-27 10:45:00,1482.0,1482.0,1482.0,1482.0,4.04858299,5999.99999118
2026-05-27 11:45:00,1480.0,1480.0,1477.0,1477.0,17.09895869,25299.67006952
2026-05-27 12:00:00,1477.0,1477.0,1477.0,1477.0,43.17182876,63764.79107852
2026-05-27 12:30:00,1482.0,1482.0,1482.0,1482.0,13.34572742,19778.36803644
2026-05-27 12:45:00,1477.0,1477.0,1477.0,1477.0,119.9525401,177169.9017277
2026-05-27 13:30:00,1477.0,1477.0,1477.0,1477.0,720.80627018,1064630.86105586
2026-05-27 13:45:00,1477.0,1482.0,1476.0,1482.0,399.90962661,590446.1608036
2026-05-27 14:00:00,1482.0,1482.0,1482.0,1482.0,16.19433196,23999.99996472
2026-05-27 14:15:00,1475.0,1482.0,1475.0,1476.0,520.2382242,767383.78581658
2026-05-27 14:30:00,1477.0,1477.0,1477.0,1477.0,12.18686526,17999.99998902
2026-05-27 14:45:00,1477.0,1485.0,1475.0,1475.0,301.47597622,445003.54588309
2026-05-27 16:45:00,1475.0,1475.0,1475.0,1475.0,48.50280251,71541.63370225
2026-05-27 18:30:00,1475.0,1475.0,1475.0,1475.0,13.34572742,19684.9479445
2026-05-27 18:45:00,1475.0,1475.0,1475.0,1475.0,30.48051363,44958.75760425
2026-05-27 19:00:00,1475.0,1475.0,1475.0,1475.0,58.1523431,85774.7060725
2026-05-27 20:00:00,1475.0,1475.0,1475.0,1475.0,98.30725423,145003.19998925
2026-05-27 20:15:00,1475.0,1475.0,1475.0,1475.0,542.57710356,800301.227751
2026-05-27 20:30:00,1475.0,1475.0,1475.0,1475.0,7470.25365887,11018624.14683325
2026-05-27 20:45:00,1475.0,1475.0,1475.0,1475.0,1331.31884305,1963695.29349875
2026-05-27 21:00:00,1475.0,1475.0,1475.0,1475.0,216.46154157,319280.77381575
2026-05-27 21:30:00,1475.0,1475.0,1472.0,1474.0,1101.12167335,1623930.44912869
2026-05-27 21:45:00,1475.0,1475.0,1475.0,1475.0,4.06779661,5999.99999975
2026-05-27 22:00:00,1475.0,1475.0,1475.0,1475.0,12.20338983,17999.99999925
2026-05-27 22:15:00,1475.0,1475.0,1475.0,1475.0,4.06779661,5999.99999975
2026-05-27 22:30:00,1473.0,1473.0,1473.0,1473.0,50.0,73650.0
2026-05-28 02:30:00,1476.0,1476.0,1476.0,1476.0,16.2601626,23999.9999976
2026-05-28 02:45:00,1476.0,1476.0,1476.0,1476.0,3.38753387,4999.99999212
2026-05-28 03:00:00,1476.0,1476.0,1476.0,1476.0,12.19512195,17999.9999982
2026-05-28 04:15:00,1476.0,1476.0,1476.0,1476.0,8.1300813,11999.9999988
2026-05-28 04:30:00,1476.0,1476.0,1476.0,1476.0,8.1300813,11999.9999988
2026-05-28 05:00:00,1476.0,1476.0,1476.0,1476.0,8.1300813,11999.9999988
2026-05-28 05:30:00,1476.0,1476.0,1476.0,1476.0,12.19512195,17999.9999982
2026-05-28 06:45:00,1478.0,1478.0,1478.0,1478.0,131.5824898,194478.9199244
2026-05-28 07:00:00,1478.0,1478.0,1473.0,1473.0,10.13481246,14945.49350323
2026-05-28 07:15:00,1478.0,1479.0,1478.0,1479.0,16.22986989,23999.99998213
2026-05-28 07:30:00,1479.0,1479.0,1479.0,1479.0,16.22718052,23999.99998908
2026-05-28 08:00:00,1474.0,1474.0,1474.0,1474.0,6.70690811,9885.98255414
2026-05-28 08:15:00,1474.0,1474.0,1474.0,1474.0,1599.25972776,2357308.83871824
2026-05-28 08:30:00,1474.0,1475.0,1473.0,1473.0,448.55536073,660873.85501436
2026-05-28 08:45:00,1472.0,1473.0,1471.0,1471.0,1047.18495115,1541438.02365948
2026-05-28 09:00:00,1471.0,1471.0,1467.0,1467.0,1734.67065653,2547263.03306652
2026-05-28 09:15:00,1468.0,1468.0,1467.0,1467.0,13.44086021,19721.80972468
2026-05-28 09:30:00,1476.0,1476.0,1476.0,1476.0,16.2601626,23999.9999976
2026-05-28 09:45:00,1476.0,1477.0,1476.0,1477.0,12.19290089,17999.99999069
2026-05-28 10:00:00,1477.0,1477.0,1477.0,1477.0,50.43551352,74493.25346904
2026-05-28 10:15:00,1477.0,1477.0,1477.0,1477.0,295.3237952,436193.2455104
2026-05-28 11:00:00,1476.0,1476.0,1476.0,1476.0,6.68002672,9859.71943872
2026-05-28 12:00:00,1476.0,1476.0,1470.0,1470.0,255.50153026,376694.6485389
2026-05-28 12:15:00,1476.0,1479.0,1472.0,1472.0,510.96323185,755101.211222
2026-05-28 12:30:00,1479.0,1479.0,1479.0,1479.0,338.06626098,499999.99998942
2026-05-28 12:45:00,1472.0,1472.0,1470.0,1470.0,338.06626098,497432.02957014
2026-05-28 13:15:00,1470.0,1473.0,1468.0,1473.0,349.41223067,513231.24474071
2026-05-28 13:30:00,1468.0,1474.0,1468.0,1474.0,8.59979302,12648.91949116
2026-05-28 13:45:00,1474.0,1476.0,1474.0,1476.0,157.97603892,232945.54539672
2026-05-28 14:30:00,1474.0,1475.0,1474.0,1475.0,12.20614952,17999.9999857
2026-05-28 14:45:00,1475.0,1475.0,1475.0,1475.0,12.20338983,17999.99999925
2026-05-28 15:30:00,1475.0,1475.0,1475.0,1475.0,8.13559322,11999.9999995
2026-05-28 15:45:00,1475.0,1476.0,1475.0,1476.0,161.36609772,238104.08151478
2026-05-28 16:00:00,1477.0,1477.0,1477.0,1477.0,122.50509636,180940.02732372
2026-05-28 16:30:00,1477.0,1478.0,1477.0,1478.0,16.24689073,23999.99998122
2026-05-28 18:00:00,1470.0,1470.0,1469.0,1469.0,344.7262765,506653.39323785
2026-05-28 18:15:00,1478.0,1478.0,1478.0,1478.0,4.05953991,5999.99998698
2026-05-28 18:30:00,1478.0,1479.0,1478.0,1479.0,8.11760679,11999.99998232
2026-05-28 18:45:00,1470.0,1478.0,1470.0,1478.0,321.94896406,475401.85494937
2026-05-28 19:15:00,1472.0,1472.0,1472.0,1472.0,41.84027105,61588.8789856
2026-05-28 22:15:00,1478.0,1478.0,1478.0,1478.0,4.7361299,6999.9999922
2026-05-28 22:30:00,1478.0,1478.0,1478.0,1478.0,3.38294993,4999.99999654
2026-05-28 22:45:00,1478.0,1479.0,1478.0,1479.0,136.76348011,202243.53368808
2026-05-29 04:00:00,1479.0,1479.0,1479.0,1479.0,3.71872887,5499.99999873
2026-05-29 04:15:00,1475.0,1475.0,1475.0,1475.0,124.45535436,183571.647681
2026-05-29 06:30:00,1472.0,1472.0,1470.0,1470.0,1023.7805255,1504991.54019566
2026-05-29 06:45:00,1478.0,1479.0,1478.0,1479.0,130.67745814,193201.66360543
2026-05-29 07:00:00,1479.0,1479.0,1479.0,1479.0,19.15999047,28337.62590513
2026-05-29 08:15:00,1479.0,1479.0,1479.0,1479.0,202.83975659,299999.99999661
2026-05-29 12:00:00,1472.0,1472.0,1472.0,1472.0,305.26094632,449344.11298304
2026-05-29 12:30:00,1474.0,1475.0,1474.0,1475.0,54.3635026,80134.38605857
2026-05-29 13:00:00,1475.0,1475.0,1475.0,1475.0,14.06779661,20749.99999975
2026-05-29 13:15:00,1471.0,1471.0,1471.0,1471.0,4.0,5884.0
2026-05-29 14:15:00,1475.0,1475.0,1470.0,1475.0,35.43117691,52165.1859899
2026-05-29 14:45:00,1475.0,1475.0,1475.0,1475.0,8.13559322,11999.9999995
2026-05-29 15:00:00,1475.0,1475.0,1475.0,1475.0,8.13559322,11999.9999995
2026-05-29 16:15:00,1470.0,1470.0,1470.0,1470.0,10.59535396,15575.1703212
2026-05-29 16:30:00,1475.0,1478.0,1475.0,1478.0,170.87914517,252531.40410433
2026-05-29 16:45:00,1470.0,1478.0,1470.0,1478.0,200.22362959,294795.40166778
2026-05-29 17:00:00,1478.0,1478.0,1478.0,1478.0,9.32572733,13783.42499374
2026-05-29 17:45:00,1479.0,1479.0,1479.0,1479.0,8.11359026,11999.99999454
2026-05-29 18:15:00,1480.0,1480.0,1480.0,1480.0,156.56579808,231717.3811584
2026-05-29 18:30:00,1478.0,1478.0,1478.0,1478.0,8.11907982,11999.99997396
2026-05-29 18:45:00,1481.0,1481.0,1479.0,1479.0,9.88092018,14621.88094622
2026-05-29 19:15:00,1480.0,1482.0,1480.0,1482.0,149.26336517,220915.12913727
2026-05-29 19:45:00,1482.0,1482.0,1482.0,1482.0,208.20782726,308563.99999932
2026-05-29 20:00:00,1482.0,1482.0,1482.0,1482.0,18.48317842,27392.07041844
2026-05-29 20:15:00,1482.0,1482.0,1482.0,1482.0,6.85284887,10155.92202534
2026-05-29 21:15:00,1482.0,1483.0,1482.0,1483.0,149.84392787,222089.64513211
2026-05-29 21:45:00,1483.0,1483.0,1483.0,1483.0,34.17849012,50686.70084796
2026-05-29 22:00:00,1479.0,1479.0,1475.0,1475.0,34.17849012,50430.89577052
2026-05-29 22:30:00,1483.0,1483.0,1475.0,1475.0,7.44246317,11004.80605703
2026-05-29 22:45:00,1483.0,1483.0,1483.0,1483.0,3.37154416,4999.99998928
2026-05-30 02:15:00,1482.0,1482.0,1482.0,1482.0,6.74308833,9993.25690506
2026-05-30 07:00:00,1482.0,1482.0,1482.0,1482.0,8.09716598,11999.99998236
2026-05-30 07:15:00,1482.0,1482.0,1482.0,1482.0,8.09716598,11999.99998236
2026-05-30 07:30:00,1482.0,1482.0,1482.0,1482.0,4.04858299,5999.99999118
2026-05-30 07:45:00,1482.0,1482.0,1481.0,1481.0,20.25111599,29999.99994717
2026-05-30 08:00:00,1481.0,1481.0,1481.0,1481.0,27.68467247,41000.99992807
2026-05-30 08:15:00,1481.0,1482.0,1481.0,1482.0,24.30665765,35999.99993268
2026-05-30 09:00:00,1482.0,1483.0,1475.0,1483.0,26.57820911,39262.6881551
2026-05-30 09:15:00,1483.0,1483.0,1483.0,1483.0,145.99336874,216508.16584142
2026-05-30 09:30:00,1483.0,1483.0,1483.0,1483.0,233.69482253,346569.42181199
2026-05-30 09:45:00,1482.0,1482.0,1482.0,1482.0,4.04858299,5999.99999118
2026-05-30 10:00:00,1482.0,1484.0,1482.0,1484.0,4.04690601,5999.99998708
2026-05-30 10:30:00,1484.0,1484.0,1484.0,1484.0,6.73854447,9999.99999348
2026-05-30 11:30:00,1484.0,1484.0,1476.0,1477.0,1098.06141785,1628428.24841932
2026-05-30 11:45:00,1476.0,1480.0,1474.0,1480.0,329.5716134,486017.21585197
2026-05-30 12:00:00,1480.0,1482.0,1472.0,1480.0,132.18034893,194727.06671842
2026-05-30 12:15:00,1480.0,1482.0,1480.0,1482.0,847.15523028,1255348.08666082
2026-05-30 12:30:00,1482.0,1482.0,1482.0,1482.0,127.58747434,189084.63697188
2026-05-30 12:45:00,1484.0,1485.0,1484.0,1485.0,136.98336258,203335.99999421
2026-05-30 13:00:00,1484.0,1486.0,1484.0,1486.0,182.82263944,271511.99999179
2026-05-30 13:30:00,1486.0,1486.0,1486.0,1486.0,26.9179004,39999.9999944
2026-05-30 14:00:00,1481.0,1481.0,1481.0,1481.0,26.9237002,39873.9999962
2026-05-30 15:00:00,1479.0,1482.0,1471.0,1482.0,1571.70971222,2319284.57039743
2026-05-30 15:15:00,1482.0,1482.0,1482.0,1482.0,12.14574897,17999.99997354
2026-05-30 15:30:00,1482.0,1482.0,1482.0,1482.0,32.38866392,47999.99992944
2026-05-30 15:45:00,1482.0,1482.0,1482.0,1482.0,16.19433196,23999.99996472
2026-05-30 16:00:00,1482.0,1482.0,1482.0,1482.0,28.34008093,41999.99993826
2026-05-30 16:15:00,1482.0,1483.0,1482.0,1483.0,4.04832818,5999.99999442
2026-05-30 16:45:00,1482.0,1482.0,1482.0,1482.0,4.05131667,6004.05130494
2026-05-30 17:15:00,1482.0,1483.0,1481.0,1483.0,116.65249892,172835.1907146
2026-05-30 18:00:00,1481.0,1481.0,1473.0,1481.0,118.6810693,175428.48183314
2026-05-30 18:15:00,1481.0,1482.0,1481.0,1482.0,12.15361692,17999.99997562
2026-05-30 18:45:00,1482.0,1482.0,1482.0,1482.0,4.04858299,5999.99999118
2026-05-30 19:30:00,1482.0,1482.0,1482.0,1482.0,8.09716598,11999.99998236
2026-05-30 19:45:00,1482.0,1482.0,1482.0,1482.0,16.19433196,23999.99996472
2026-05-30 20:00:00,1482.0,1486.0,1482.0,1486.0,12.14108257,17999.99996906
2026-05-30 21:00:00,1486.0,1486.0,1486.0,1486.0,100.94212651,149999.99999386
2026-05-30 22:00:00,1485.0,1486.0,1477.0,1477.0,423.90939842,629176.38011835
2026-05-31 05:15:00,1486.0,1486.0,1486.0,1486.0,3.36473755,4999.9999993
2026-05-31 07:15:00,1477.0,1477.0,1477.0,1477.0,23.68819404,34987.46259708
2026-05-31 10:15:00,1477.0,1477.0,1477.0,1477.0,336.53207066,497057.86836482
2026-05-31 10:45:00,1486.0,1486.0,1486.0,1486.0,4.71063257,6999.99999902
2026-05-31 11:00:00,1486.0,1486.0,1486.0,1486.0,16.75653104,24900.20512544
2026-05-31 13:00:00,1486.0,1486.0,1486.0,1486.0,5.94857349,8839.58020614
2026-05-31 13:45:00,1486.0,1486.0,1486.0,1486.0,6.7294751,9999.9999986
2026-05-31 14:15:00,1486.0,1486.0,1486.0,1486.0,46.75522265,69478.2608579
2026-05-31 14:30:00,1478.0,1478.0,1476.0,1476.0,52.70379614,77811.11131708
2026-05-31 14:45:00,1481.0,1481.0,1481.0,1481.0,4.05131667,5999.99998827
2026-05-31 15:00:00,1481.0,1482.0,1481.0,1482.0,32.41007274,47999.99990913
2026-05-31 15:15:00,1476.0,1476.0,1476.0,1476.0,100.94212651,148990.57872876
2026-05-31 15:30:00,1480.0,1480.0,1480.0,1480.0,4.05405405,5999.999994
2026-05-31 15:45:00,1480.0,1480.0,1480.0,1480.0,32.4324324,47999.999952
2026-05-31 16:00:00,1480.0,1480.0,1476.0,1480.0,130.10111234,192077.89046244
2026-05-31 16:15:00,1480.0,1480.0,1480.0,1480.0,28.37837835,41999.999958
2026-05-31 16:30:00,1480.0,1480.0,1480.0,1480.0,20.27027025,29999.99997
2026-05-31 16:45:00,1480.0,1486.0,1480.0,1486.0,4.05240173,5999.99999492
2026-05-31 21:00:00,1477.0,1477.0,1477.0,1477.0,26.96387887,39825.64909099
2026-05-31 23:00:00,1477.0,1482.0,1477.0,1482.0,155.20934991,229918.97364972
2026-05-31 23:15:00,1482.0,1482.0,1482.0,1482.0,7.41700404,10991.99998728
2026-05-31 23:45:00,1482.0,1482.0,1478.0,1478.0,100.60406065,148962.70717374
2026-06-01 01:00:00,1478.0,1478.0,1478.0,1478.0,3.74034904,5528.23588112
2026-06-01 01:45:00,1478.0,1478.0,1478.0,1478.0,3.45060893,5099.99999854
2026-06-01 02:00:00,1475.0,1475.0,1475.0,1475.0,3.45060893,5089.64817175
2026-06-01 02:45:00,1478.0,1478.0,1472.0,1472.0,16.33731242,24107.52297574
2026-06-01 06:00:00,1472.0,1472.0,1472.0,1472.0,160.31375201,235981.84295872
2026-06-01 06:45:00,1478.0,1478.0,1478.0,1478.0,8.11907982,11999.99997396
2026-06-01 09:00:00,1472.0,1478.0,1472.0,1478.0,32.53741307,47969.57217142
2026-06-01 09:30:00,1472.0,1472.0,1472.0,1472.0,113.34448046,166843.07523712
2026-06-01 09:45:00,1472.0,1472.0,1472.0,1472.0,138.7253227,204203.6750144
2026-06-01 10:15:00,1472.0,1472.0,1472.0,1472.0,40.02537448,58917.35123456
2026-06-01 10:30:00,1472.0,1472.0,1472.0,1472.0,101.74754788,149772.39047936
2026-06-01 11:00:00,1472.0,1472.0,1472.0,1472.0,6.37325169,9381.42648768
2026-06-01 11:15:00,1472.0,1472.0,1472.0,1472.0,130.48925581,192080.18455232
2026-06-01 11:30:00,1472.0,1472.0,1472.0,1472.0,128.59044228,189285.13103616
2026-06-01 12:30:00,1472.0,1472.0,1472.0,1472.0,31.58100053,46487.23278016
2026-06-01 13:15:00,1472.0,1472.0,1472.0,1472.0,170.75859748,251356.65549056
2026-06-01 13:30:00,1472.0,1473.0,1472.0,1473.0,138.58693313,203999.99999032
2026-06-01 14:00:00,1473.0,1473.0,1473.0,1473.0,4.07331975,5999.99999175
2026-06-01 15:00:00,1473.0,1473.0,1473.0,1473.0,16.293279,23999.999967
2026-06-01 16:15:00,1470.0,1470.0,1469.0,1469.0,304.8166051,447889.99493271
2026-06-01 16:30:00,1470.0,1470.0,1469.0,1469.0,148.25789046,217858.60720268
2026-06-01 16:45:00,1469.0,1469.0,1469.0,1469.0,4.0,5876.0
2026-06-01 17:45:00,1469.0,1469.0,1468.0,1468.0,353.47411444,519005.19910752
2026-06-01 18:30:00,1468.0,1468.0,1468.0,1468.0,6.74308833,9898.85366844
2026-06-01 19:30:00,1468.0,1468.0,1467.0,1467.0,468.99802838,688118.56365473
2026-06-01 19:45:00,1467.0,1467.0,1467.0,1467.0,203.76904775,298929.19304925
2026-06-01 20:15:00,1466.0,1466.0,1466.0,1466.0,702.39577216,1029712.20198656
2026-06-01 21:45:00,1466.0,1466.0,1465.0,1466.0,1419.02857918,2080216.50627894
2026-06-01 22:00:00,1465.0,1465.0,1465.0,1465.0,133.18363935,195114.03164775
2026-06-01 22:30:00,1465.0,1465.0,1463.0,1463.0,1175.6250115,1720783.58376457
2026-06-01 22:45:00,1463.0,1463.0,1463.0,1463.0,6.72494956,9838.60120628
2026-06-01 23:30:00,1463.0,1463.0,1463.0,1463.0,136.8738065,200246.3789095
2026-06-01 23:45:00,1463.0,1467.0,1463.0,1467.0,16.39570875,23999.99996225
2026-06-02 00:00:00,1467.0,1467.0,1467.0,1467.0,16.3599182,23999.9999994
2026-06-02 00:15:00,1467.0,1467.0,1467.0,1467.0,198.29816747,290903.41167849
2026-06-02 00:30:00,1468.0,1468.0,1462.0,1468.0,102.57220714,150009.6131602
2026-06-02 00:45:00,1468.0,1468.0,1468.0,1468.0,12.26158038,17999.99999784
2026-06-02 01:00:00,1468.0,1468.0,1468.0,1468.0,16.34877384,23999.99999712
2026-06-02 01:15:00,1468.0,1468.0,1468.0,1468.0,16.34877384,23999.99999712
2026-06-02 07:45:00,1463.0,1470.0,1463.0,1463.0,1054.86895032,1543330.41717526
2026-06-02 08:00:00,1463.0,1463.0,1462.0,1462.0,564.52601797,825510.80830627
2026-06-02 08:15:00,1462.0,1470.0,1461.0,1461.0,341.92692681,499780.64071422
2026-06-02 08:30:00,1460.0,1460.0,1457.0,1457.0,2794.56930174,4077075.28753591
2026-06-02 08:45:00,1457.0,1458.0,1453.0,1456.0,1823.26216392,2652975.95984111
2026-06-02 09:00:00,1456.0,1461.0,1453.0,1461.0,49.88056935,72763.18055561
2026-06-02 09:15:00,1461.0,1461.0,1461.0,1461.0,3.42231348,4999.99999428
2026-06-02 09:30:00,1461.0,1461.0,1461.0,1461.0,8.21355236,11999.99999796
2026-06-02 09:45:00,1455.0,1460.0,1454.0,1460.0,5142.04866082,7476726.3774227
2026-06-02 10:00:00,1458.0,1460.0,1455.0,1460.0,243.99845856,356193.96932096
2026-06-02 10:15:00,1461.0,1462.0,1461.0,1462.0,14.37043943,20999.99996892
2026-06-02 11:00:00,1462.0,1462.0,1462.0,1462.0,100.0,146200.0
2026-06-02 11:15:00,1462.0,1462.0,1462.0,1462.0,444.4863201,649838.9999862
2026-06-02 11:30:00,1455.0,1455.0,1453.0,1453.0,117.03312603,170193.68207786
2026-06-02 13:00:00,1453.0,1453.0,1453.0,1453.0,6.75675675,9817.56755775
2026-06-02 14:30:00,1453.0,1453.0,1453.0,1453.0,469.34726887,681961.58166811
2026-06-02 15:00:00,1463.0,1463.0,1453.0,1453.0,88.3444976,128806.2775008
2026-06-02 15:15:00,1453.0,1453.0,1452.0,1452.0,44.1722488,64165.63450743
2026-06-02 15:45:00,1463.0,1463.0,1463.0,1463.0,158.72968602,232221.53064726
2026-06-02 16:00:00,1463.0,1464.0,1463.0,1464.0,244.35193314,357488.19255705
2026-06-02 16:15:00,1464.0,1465.0,1457.0,1457.0,19.50630378,28507.67790422
2026-06-02 16:30:00,1457.0,1465.0,1457.0,1465.0,18.1957888,26569.99999091
2026-06-02 16:45:00,1465.0,1468.0,1465.0,1468.0,257.94687201,378403.78438425
2026-06-02 17:00:00,1468.0,1468.0,1468.0,1468.0,37.19461794,54601.69913592
2026-06-02 18:00:00,1469.0,1469.0,1456.0,1456.0,125.12564051,182314.20690701
2026-06-02 18:15:00,1464.0,1468.0,1464.0,1467.0,20.46293755,29999.99998039
2026-06-02 18:30:00,1467.0,1467.0,1467.0,1467.0,4.08997955,5999.99999985
2026-06-02 20:00:00,1467.0,1467.0,1467.0,1467.0,13.6162321,19975.0124907
2026-06-02 20:15:00,1457.0,1457.0,1457.0,1457.0,5.30025183,7722.46691631
2026-06-02 20:30:00,1464.0,1464.0,1464.0,1464.0,4.09836065,5999.9999916
2026-06-02 21:00:00,1464.0,1465.0,1464.0,1465.0,16.38784756,23999.9999541
2026-06-02 21:15:00,1465.0,1465.0,1465.0,1465.0,84.64163818,123999.9999337
2026-06-02 21:30:00,1465.0,1465.0,1465.0,1465.0,16.38225252,23999.9999418
2026-06-02 21:45:00,1465.0,1465.0,1465.0,1465.0,19.11262795,27999.99994675
2026-06-02 22:00:00,1465.0,1465.0,1457.0,1457.0,8.19112626,11967.23546586
2026-06-02 22:15:00,1465.0,1465.0,1457.0,1457.0,86.98901216,127097.70352251
2026-06-02 22:30:00,1464.0,1464.0,1457.0,1464.0,58.75459082,85888.3995523
2026-06-02 22:45:00,1464.0,1464.0,1464.0,1464.0,39.03398479,57145.75373256
2026-06-02 23:00:00,1464.0,1465.0,1455.0,1465.0,4605.56757396,6720308.48458621
2026-06-02 23:15:00,1458.0,1467.0,1455.0,1467.0,1418.4368159,2072205.33801396
2026-06-02 23:30:00,1467.0,1470.0,1460.0,1470.0,919.70431356,1351362.39520995
2026-06-02 23:45:00,1460.0,1470.0,1460.0,1470.0,197.56132815,290145.9620279
2026-06-03 00:00:00,1470.0,1470.0,1470.0,1470.0,8.1632653,11999.999991
2026-06-03 00:15:00,1470.0,1471.0,1470.0,1471.0,119.09587612,175179.9739554
2026-06-03 00:30:00,1471.0,1473.0,1464.0,1473.0,688.76983246,1013691.92284973
2026-06-03 00:45:00,1473.0,1473.0,1473.0,1473.0,20.36659875,29999.99995875
2026-06-03 01:00:00,1473.0,1474.0,1467.0,1474.0,720.12550866,1061415.8049065
2026-06-03 02:15:00,1475.0,1477.0,1472.0,1472.0,642.44759617,947955.75294118
2026-06-03 02:30:00,1472.0,1472.0,1472.0,1472.0,48.15165876,70879.24169472
2026-06-03 03:30:00,1477.0,1477.0,1477.0,1477.0,76.49731625,112986.53610125
2026-06-03 04:15:00,1476.0,1476.0,1476.0,1476.0,174.00157213,256826.32046388
2026-06-03 04:30:00,1476.0,1477.0,1476.0,1477.0,799.50287367,1180111.24100444
2026-06-03 04:45:00,1472.0,1473.0,1472.0,1473.0,28.83850537,42460.49769682
2026-06-03 05:00:00,1477.0,1477.0,1477.0,1477.0,20.3114421,29999.9999817
2026-06-03 05:15:00,1477.0,1477.0,1477.0,1477.0,8.12457684,11999.99999268
2026-06-03 05:30:00,1476.0,1476.0,1476.0,1476.0,8.1300813,11999.9999988
2026-06-03 05:45:00,1476.0,1477.0,1463.0,1477.0,1225.42618241,1801056.57973974
2026-06-03 06:00:00,1465.0,1478.0,1465.0,1478.0,494.83830771,731131.93076332
2026-06-03 06:15:00,1478.0,1478.0,1478.0,1478.0,92.77361585,137119.4042263
2026-06-03 06:30:00,1478.0,1478.0,1478.0,1478.0,407.22638415,601880.5957737
2026-06-03 07:15:00,1479.0,1479.0,1479.0,1479.0,134.98769346,199646.79862734
2026-06-03 07:45:00,1479.0,1480.0,1479.0,1480.0,132.09155695,195434.92781317
2026-06-03 08:00:00,1475.0,1475.0,1475.0,1475.0,19.4585,28701.2875
2026-06-03 09:00:00,1480.0,1480.0,1480.0,1480.0,7.64920116,11320.8177168
2026-06-03 09:15:00,1475.0,1478.0,1469.0,1478.0,409.81350044,603395.21754103
2026-06-03 09:30:00,1478.0,1479.0,1478.0,1479.0,12.17714163,17999.99996918
2026-06-03 10:00:00,1479.0,1479.0,1479.0,1479.0,124.57668516,184248.91735164
2026-06-03 10:30:00,1480.0,1482.0,1480.0,1482.0,423.00609405,626801.18605919
2026-06-03 10:45:00,1482.0,1482.0,1482.0,1482.0,35.60482523,52766.35099086
2026-06-03 11:00:00,1481.0,1481.0,1481.0,1481.0,77.92462314,115406.36687034
2026-06-03 11:30:00,1481.0,1482.0,1481.0,1482.0,126.21359842,187030.24225165
2026-06-03 12:00:00,1482.0,1482.0,1482.0,1482.0,13.67704922,20269.38694404
2026-06-03 12:30:00,1482.0,1482.0,1482.0,1482.0,41.81179248,61965.07645536
2026-06-03 12:45:00,1482.0,1483.0,1482.0,1483.0,666.93677134,988949.68231358
2026-06-03 14:15:00,1483.0,1483.0,1483.0,1483.0,1388.25192932,2058777.61118156
2026-06-03 14:30:00,1474.0,1478.0,1472.0,1478.0,773.15189549,1141540.52226597
2026-06-03 15:00:00,1478.0,1478.0,1478.0,1478.0,13.67704922,20214.67874716
2026-06-03 15:45:00,1478.0,1478.0,1478.0,1478.0,28.62839868,42312.77324904
2026-06-03 16:15:00,1479.0,1479.0,1478.0,1478.0,13.52265042,19993.23864597
2026-06-03 16:30:00,1478.0,1478.0,1478.0,1478.0,24.3004076,35916.0024328
2026-06-03 16:45:00,1478.0,1484.0,1478.0,1484.0,1318.42285899,1950652.835784
2026-06-03 17:15:00,1484.0,1484.0,1484.0,1484.0,353.24017494,524208.41961096
2026-06-03 17:30:00,1477.0,1477.0,1474.0,1477.0,166.10397382,244960.56933214
2026-06-03 17:45:00,1477.0,1483.0,1477.0,1483.0,1382.12211025,2042230.16143419
2026-06-03 18:00:00,1483.0,1486.0,1483.0,1484.0,460.33140944,683447.37813718
2026-06-03 19:30:00,1474.0,1474.0,1474.0,1474.0,7.64920116,11274.92250984
2026-06-03 19:45:00,1474.0,1474.0,1474.0,1474.0,227.08098005,334717.3645937
2026-06-03 20:00:00,1486.0,1486.0,1486.0,1486.0,45.08748317,66999.99999062
2026-06-03 21:15:00,1486.0,1486.0,1486.0,1486.0,4.71063257,6999.99999902
2026-06-03 21:30:00,1486.0,1486.0,1486.0,1486.0,4.71063257,6999.99999902
2026-06-03 23:00:00,1486.0,1486.0,1486.0,1486.0,3.36473755,4999.9999993
2026-06-04 00:00:00,1486.0,1486.0,1486.0,1486.0,42.37854155,62974.5127433
2026-06-04 01:00:00,1486.0,1486.0,1479.0,1479.0,117.70267235,174379.06418133
2026-06-04 05:15:00,1486.0,1486.0,1486.0,1486.0,104.56850245,155388.7946407
2026-06-04 05:45:00,1486.0,1486.0,1486.0,1486.0,592.63902054,880661.58452244
2026-06-04 07:30:00,1480.0,1481.0,1480.0,1481.0,18.51901386,27414.0170698
2026-06-04 07:45:00,1483.0,1483.0,1482.0,1482.0,1088.04183596,1613527.30024843
2026-06-04 08:00:00,1479.0,1479.0,1476.0,1476.0,282.68587717,417430.74804017
2026-06-04 08:30:00,1476.0,1476.0,1476.0,1476.0,68.30601092,100819.67211792
2026-06-04 08:45:00,1476.0,1480.0,1470.0,1480.0,1916.38655134,2826621.546453
2026-06-04 09:00:00,1481.0,1481.0,1481.0,1481.0,10.17774185,15073.23567985
2026-06-04 09:15:00,1484.0,1485.0,1484.0,1485.0,235.89899391,350279.865112
2026-06-04 10:15:00,1485.0,1486.0,1485.0,1486.0,153.93635264,228598.84840795
2026-06-04 10:45:00,1475.0,1475.0,1472.0,1472.0,28.83455719,42530.34613433
2026-06-04 11:00:00,1480.0,1489.0,1477.0,1479.0,3325.65040221,4946158.15552709
2026-06-04 11:15:00,1480.0,1480.0,1480.0,1480.0,13.53179972,20027.0635856
2026-06-04 12:30:00,1485.0,1485.0,1485.0,1485.0,6.40601,9512.92485
2026-06-04 13:15:00,1489.0,1490.0,1489.0,1490.0,604.80622869,901154.551273
2026-06-04 13:30:00,1490.0,1491.0,1490.0,1491.0,706.08629539,1052767.93695139
2026-06-04 13:45:00,1485.0,1485.0,1485.0,1485.0,240.15162889,356625.16890165
2026-06-04 14:00:00,1480.0,1481.0,1480.0,1481.0,107.82099843,159628.76895155
2026-06-04 14:15:00,1481.0,1483.0,1481.0,1483.0,81.68977918,121081.51299376
2026-06-04 14:30:00,1480.0,1480.0,1479.0,1479.0,25.69277112,38022.74448337
2026-06-04 17:00:00,1480.0,1487.0,1480.0,1487.0,490.93397279,726696.2479375
2026-06-04 17:15:00,1487.0,1490.0,1487.0,1490.0,395.19365412,588552.8427277
2026-06-04 17:30:00,1491.0,1492.0,1491.0,1492.0,380.55013267,567545.2396277
2026-06-04 17:45:00,1492.0,1492.0,1481.0,1492.0,515.86199241,769628.94817866
2026-06-04 18:00:00,1492.0,1493.0,1492.0,1493.0,496.23267179,740868.52314295
2026-06-04 18:15:00,1493.0,1493.0,1483.0,1483.0,374.69743038,558759.79963525
2026-06-04 19:45:00,1493.0,1493.0,1484.0,1485.0,298.09280347,444870.49400115
2026-06-04 20:15:00,1485.0,1485.0,1485.0,1485.0,10.70950468,15903.6144498
2026-06-04 21:30:00,1493.0,1494.0,1493.0,1494.0,509.47446065,761133.42520174
2026-06-04 21:45:00,1494.0,1494.0,1494.0,1494.0,152.22740384,227427.74133696
2026-06-04 22:30:00,1488.0,1488.0,1488.0,1488.0,171.35207488,254971.88742144
2026-06-04 22:45:00,1488.0,1488.0,1484.0,1484.0,214.1900936,318294.95173454
2026-06-04 23:00:00,1484.0,1484.0,1484.0,1484.0,21.41900936,31785.80989024
2026-06-04 23:15:00,1484.0,1484.0,1484.0,1484.0,21.43335564,31807.09976976
2026-06-04 23:45:00,1493.0,1493.0,1493.0,1493.0,122.62347145,183076.84287485
2026-06-05 00:15:00,1483.0,1486.0,1483.0,1483.0,199.54615199,296035.21813264
2026-06-05 00:30:00,1483.0,1485.0,1483.0,1485.0,107.0950468,158843.37341376
2026-06-05 01:15:00,1485.0,1485.0,1485.0,1485.0,21.47651006,31892.6174391
2026-06-05 07:30:00,1490.0,1496.0,1490.0,1496.0,1311.37830819,1960713.16163889
2026-06-05 07:45:00,1496.0,1496.0,1486.0,1486.0,105.98718716,158449.88011976
2026-06-05 08:45:00,1494.0,1496.0,1486.0,1486.0,398.40467034,595358.2887182
2026-06-05 09:00:00,1486.0,1495.0,1486.0,1486.0,38.7959866,57711.03675649
2026-06-05 09:15:00,1486.0,1486.0,1486.0,1486.0,42.80936452,63614.71567672
2026-06-05 09:30:00,1486.0,1486.0,1486.0,1486.0,32.10702339,47711.03675754
2026-06-05 11:00:00,1494.0,1496.0,1494.0,1496.0,637.93215094,954150.93922862
2026-06-05 11:15:00,1496.0,1498.0,1486.0,1498.0,2874.6425936,4290532.02283592
2026-06-05 11:30:00,1498.0,1499.0,1498.0,1499.0,555.47642161,832375.72839104
2026-06-05 12:00:00,1499.0,1500.0,1499.0,1500.0,8755.36238336,13132769.94229556
2026-06-05 12:30:00,1500.0,1500.0,1488.0,1488.0,3533.47051838,5299460.58926258
2026-06-05 12:45:00,1500.0,1500.0,1488.0,1488.0,3331.89554493,4960848.97565364
2026-06-05 13:00:00,1499.0,1501.0,1499.0,1501.0,1097.82879502,1647683.40384118
2026-06-05 13:45:00,1500.0,1502.0,1486.0,1497.0,6115.41058211,9154958.61995164
2026-06-05 14:00:00,1497.0,1499.0,1497.0,1499.0,618.62561341,926638.31814142
2026-06-05 14:30:00,1499.0,1499.0,1499.0,1499.0,527.52383976,790758.23580024
2026-06-05 14:45:00,1501.0,1504.0,1491.0,1494.0,6507.79505244,9775169.18793842
2026-06-05 15:00:00,1500.0,1505.0,1495.0,1497.0,1260.10658904,1892306.63867959
2026-06-05 15:15:00,1505.0,1511.0,1495.0,1498.0,3762.61279184,5675102.8532221
2026-06-05 15:30:00,1498.0,1498.0,1498.0,1498.0,31.48024112,47157.40119776
2026-06-05 15:45:00,1509.0,1511.0,1498.0,1509.0,641.65910515,967597.50664827
2026-06-05 16:00:00,1503.0,1511.0,1502.0,1502.0,798.83762077,1201465.44550186
2026-06-05 16:15:00,1509.0,1509.0,1509.0,1509.0,13.70060165,20674.20788985
2026-06-05 16:30:00,1508.0,1509.0,1508.0,1509.0,328.02684145,494799.13816092
2026-06-05 16:45:00,1511.0,1512.0,1502.0,1512.0,196.21870023,295739.41409969
2026-06-05 17:00:00,1502.0,1512.0,1502.0,1502.0,38.08477434,57309.15116448
2026-06-05 17:15:00,1502.0,1502.0,1500.0,1500.0,8574.96718307,12863164.33219631
2026-06-05 17:30:00,1508.0,1512.0,1501.0,1501.0,688.56683507,1036102.01686069
2026-06-05 17:45:00,1509.0,1510.0,1509.0,1509.0,170.59613397,257483.29768367
2026-06-05 18:00:00,1506.0,1509.0,1501.0,1509.0,67.2564014,101157.50878567
2026-06-05 18:15:00,1509.0,1512.0,1509.0,1512.0,26.30119616,39736.12405305
2026-06-05 18:30:00,1501.0,1509.0,1501.0,1501.0,52.80441927,79301.81743019
2026-06-05 18:45:00,1509.0,1510.0,1500.0,1509.0,355.56933018,534138.56683359
2026-06-05 19:00:00,1501.0,1509.0,1500.0,1500.0,232.61978328,349137.25044355
2026-06-05 19:45:00,1500.0,1500.0,1500.0,1500.0,100.0,150000.0
2026-06-05 20:15:00,1509.0,1509.0,1501.0,1501.0,61.19629294,92302.82194054
2026-06-05 21:30:00,1509.0,1509.0,1501.0,1501.0,260.54138135,393094.06271051
2026-06-05 21:45:00,1509.0,1509.0,1509.0,1509.0,82.90314045,125100.83893905
2026-06-05 22:15:00,1509.0,1509.0,1509.0,1509.0,13.25381047,19999.99999923
2026-06-05 22:45:00,1509.0,1515.0,1505.0,1515.0,2937.57421259,4445562.1048854
2026-06-05 23:00:00,1516.0,1520.0,1506.0,1516.0,9988.08302086,15140942.25092636
2026-06-05 23:15:00,1509.0,1516.0,1500.0,1515.0,5230.27248762,7903054.68130796
2026-06-05 23:30:00,1515.0,1516.0,1505.0,1505.0,10215.11750222,15416307.80800425
2026-06-05 23:45:00,1515.0,1516.0,1510.0,1510.0,886.38331276,1343538.52079802
2026-06-06 00:00:00,1510.0,1511.0,1510.0,1510.0,99.48195199,150257.35146528
2026-06-06 00:15:00,1511.0,1522.0,1507.0,1517.0,787.11092868,1195695.53608211
2026-06-06 00:30:00,1522.0,1523.0,1511.0,1514.0,10595.89685654,16102683.3775182
2026-06-06 00:45:00,1514.0,1524.0,1509.0,1514.0,1128.96290125,1717484.88737822
2026-06-06 01:00:00,1514.0,1525.0,1514.0,1525.0,1499.03088852,2281150.90797323
2026-06-06 01:30:00,1523.0,1523.0,1523.0,1523.0,10.0,15230.0
2026-06-06 01:45:00,1517.0,1525.0,1517.0,1517.0,128.06038951,194372.25444451
2026-06-06 02:00:00,1517.0,1525.0,1517.0,1517.0,190.81065678,290299.1105975
2026-06-06 02:45:00,1522.0,1522.0,1516.0,1516.0,998.94458478,1520315.17536678
2026-06-06 03:00:00,1516.0,1516.0,1513.0,1513.0,353.59144734,535156.77866662
2026-06-06 03:30:00,1514.0,1522.0,1513.0,1522.0,337.23674403,512078.14496987
2026-06-06 03:45:00,1523.0,1528.0,1516.0,1527.0,2171.92094861,3315343.79290684
2026-06-06 04:00:00,1528.0,1528.0,1528.0,1528.0,464.04434638,709059.76126864
2026-06-06 04:15:00,1528.0,1528.0,1528.0,1528.0,40.86139227,62436.20738856
2026-06-06 04:30:00,1529.0,1529.0,1519.0,1519.0,968.09467026,1478687.36286452
2026-06-06 04:45:00,1518.0,1518.0,1518.0,1518.0,94.17920202,142964.02866636
2026-06-06 05:00:00,1529.0,1530.0,1519.0,1519.0,130.74938984,199869.19550108
2026-06-06 05:15:00,1519.0,1519.0,1519.0,1519.0,54.41721419,82659.74835461
2026-06-06 05:45:00,1517.0,1517.0,1517.0,1517.0,321.39703777,487559.30629709
2026-06-06 06:00:00,1517.0,1517.0,1516.0,1516.0,265.188272,402091.15492991
2026-06-06 06:15:00,1516.0,1516.0,1515.0,1515.0,642.67102681,974133.90425576
2026-06-06 06:30:00,1523.0,1523.0,1523.0,1523.0,5.91025473,9001.31795379
2026-06-06 06:45:00,1518.0,1518.0,1515.0,1515.0,24.14481904,36626.83167552
2026-06-06 07:00:00,1518.0,1518.0,1518.0,1518.0,19.7628458,29999.9999244
2026-06-06 07:15:00,1518.0,1518.0,1518.0,1518.0,19.7628458,29999.9999244
2026-06-06 07:30:00,1518.0,1518.0,1515.0,1515.0,1627.58438007,2465837.76663597
2026-06-06 07:45:00,1515.0,1515.0,1515.0,1515.0,15.84158412,23999.9999418
2026-06-06 08:00:00,1515.0,1515.0,1515.0,1515.0,11.88118809,17999.99995635
2026-06-06 08:15:00,1515.0,1519.0,1514.0,1519.0,1462.29504196,2220448.21989696
2026-06-06 08:30:00,1519.0,1519.0,1519.0,1519.0,335.59023042,509761.56000798
2026-06-06 08:45:00,1519.0,1523.0,1519.0,1523.0,363.20754871,553124.70470453
2026-06-06 09:00:00,1523.0,1524.0,1514.0,1514.0,3327.8224714,5065496.00872963
2026-06-06 10:15:00,1514.0,1522.0,1514.0,1514.0,16.72930354,25375.08277372
2026-06-06 10:30:00,1519.0,1521.0,1514.0,1514.0,199.75946746,303792.2549053
2026-06-06 11:30:00,1520.0,1520.0,1520.0,1520.0,84.541952,128503.76704
2026-06-06 11:45:00,1520.0,1520.0,1520.0,1520.0,41.614972,63254.75744
2026-06-06 13:15:00,1523.0,1524.0,1523.0,1524.0,5130.60805781,7819037.59695851
2026-06-06 13:30:00,1518.0,1527.0,1517.0,1518.0,213.55828955,325669.78846476
2026-06-06 13:45:00,1518.0,1518.0,1517.0,1517.0,62.78613468,95281.41442967
2026-06-06 14:00:00,1517.0,1517.0,1517.0,1517.0,267.73277027,406150.61249959
2026-06-06 15:45:00,1516.0,1516.0,1516.0,1516.0,68.57001076,103952.13631216
2026-06-06 17:15:00,1516.0,1516.0,1516.0,1516.0,142.85084729,216561.88449164
2026-06-06 18:00:00,1519.0,1519.0,1519.0,1519.0,151.17469063,229634.35506697
2026-06-06 19:15:00,1520.0,1520.0,1516.0,1516.0,93.03808583,141098.36969716
2026-06-06 20:30:00,1516.0,1516.0,1516.0,1516.0,10.23,15508.68
2026-06-06 21:30:00,1516.0,1516.0,1516.0,1516.0,3.38753387,5135.50134692
2026-06-06 22:00:00,1520.0,1520.0,1517.0,1517.0,22.21066428,33721.51126539
2026-06-06 22:15:00,1517.0,1517.0,1517.0,1517.0,42.31627548,64193.78990316
2026-06-06 23:00:00,1520.0,1520.0,1520.0,1520.0,13.15789473,19999.9999896
2026-06-06 23:30:00,1517.0,1517.0,1517.0,1517.0,116.94818012,177410.38924204
2026-06-07 01:00:00,1517.0,1517.0,1515.0,1515.0,245.42796253,372155.92505587
2026-06-07 08:15:00,1520.0,1520.0,1520.0,1520.0,120.31810881,182883.5253912
2026-06-07 10:00:00,1515.0,1515.0,1515.0,1515.0,20.17484868,30564.8957502
2026-06-07 12:00:00,1515.0,1515.0,1515.0,1515.0,13.25381047,20079.52286205
2026-06-07 13:00:00,1515.0,1515.0,1515.0,1515.0,199.67469846,302507.1681669
2026-06-07 13:15:00,1520.0,1524.0,1520.0,1521.0,93.65663079,142447.68549562
2026-06-07 13:30:00,1522.0,1530.0,1519.0,1519.0,333.25587023,507482.39988557
2026-06-07 13:45:00,1519.0,1530.0,1516.0,1516.0,91.55637566,138995.48796793
2026-06-07 14:00:00,1516.0,1516.0,1516.0,1516.0,10.47120418,15874.34553688
2026-06-07 14:15:00,1516.0,1526.0,1516.0,1526.0,22.92267557,34832.10867084
2026-06-07 15:45:00,1526.0,1526.0,1526.0,1526.0,8.99885546,13732.25343196
2026-06-07 16:00:00,1519.0,1519.0,1519.0,1519.0,337.7274253,513007.9590307
2026-06-07 16:15:00,1519.0,1526.0,1519.0,1526.0,3.93428827,5999.99999725
2026-06-07 17:30:00,1518.0,1523.0,1516.0,1523.0,75.42837633,114536.45123537
2026-06-07 17:45:00,1523.0,1525.0,1523.0,1525.0,18.37388329,27999.99998191
2026-06-07 20:00:00,1520.0,1520.0,1520.0,1520.0,19.7368421,29999.999992
2026-06-07 20:15:00,1519.0,1519.0,1519.0,1519.0,3.38133874,5136.25354606
2026-06-07 20:30:00,1519.0,1522.0,1519.0,1522.0,94.86973596,144174.14600601
2026-06-07 20:45:00,1522.0,1522.0,1522.0,1522.0,45.26379763,68891.49999286
2026-06-07 21:45:00,1522.0,1522.0,1522.0,1522.0,5.89290407,8968.99999454
2026-06-07 22:00:00,1521.0,1521.0,1521.0,1521.0,15.77909268,23999.99996628
2026-06-07 22:15:00,1521.0,1521.0,1521.0,1521.0,23.66863902,35999.99994942
2026-06-07 23:00:00,1521.0,1521.0,1521.0,1521.0,65.92298853,100268.86555413
2026-06-08 06:30:00,1521.0,1521.0,1513.0,1515.0,3266.58140773,4967192.7110464
2026-06-08 06:45:00,1515.0,1515.0,1511.0,1511.0,143.75398084,217469.17889961
2026-06-08 07:00:00,1515.0,1522.0,1512.0,1512.0,201.84122445,305222.65645101
2026-06-08 07:15:00,1512.0,1522.0,1512.0,1522.0,597.57581636,903954.45036762
2026-06-08 07:30:00,1522.0,1522.0,1522.0,1522.0,27.59526936,41999.99996592
2026-06-08 07:45:00,1522.0,1522.0,1521.0,1521.0,22.99908161,34999.99997505
2026-06-08 08:00:00,1512.0,1512.0,1512.0,1512.0,123.96966224,187442.12930688
2026-06-08 08:15:00,1511.0,1511.0,1511.0,1511.0,198.65465761,300167.18764871
2026-06-08 08:30:00,1511.0,1521.0,1509.0,1509.0,952.01250958,1437077.02244041
2026-06-08 08:45:00,1508.0,1515.0,1508.0,1511.0,257.68245621,388668.7688789
2026-06-08 09:00:00,1511.0,1511.0,1511.0,1511.0,19.85440105,29999.99998655
2026-06-08 09:15:00,1508.0,1511.0,1507.0,1511.0,249.06933177,375369.99779796
2026-06-08 09:30:00,1511.0,1511.0,1505.0,1506.0,1067.67917217,1607371.27358343
2026-06-08 09:45:00,1511.0,1511.0,1511.0,1511.0,179.5695839,271329.6412729
2026-06-08 10:00:00,1511.0,1511.0,1511.0,1511.0,27.79616147,41999.99998117
2026-06-08 10:15:00,1511.0,1511.0,1511.0,1511.0,27.79616147,41999.99998117
2026-06-08 10:30:00,1511.0,1516.0,1511.0,1516.0,3.96260384,5999.99999359
2026-06-08 12:15:00,1516.0,1516.0,1516.0,1516.0,3.29815303,4999.99999348
2026-06-08 13:45:00,1506.0,1510.0,1505.0,1510.0,100.84825563,151956.17311728
2026-06-08 14:00:00,1510.0,1516.0,1510.0,1516.0,23.82236477,35999.99996649
2026-06-08 14:15:00,1516.0,1516.0,1509.0,1509.0,24.63586988,37217.85877642
2026-06-08 14:30:00,1505.0,1508.0,1505.0,1508.0,226.80474218,341483.13105994
2026-06-08 14:45:00,1504.0,1508.0,1504.0,1504.0,369.24128683,555370.72563104
2026-06-08 15:00:00,1503.0,1505.0,1503.0,1503.0,851.53847021,1280357.41409965
2026-06-08 15:15:00,1502.0,1502.0,1501.0,1501.0,432.05123244,648741.75782186
2026-06-08 16:00:00,1508.0,1508.0,1508.0,1508.0,98.97438548,149253.37330384
2026-06-08 16:15:00,1501.0,1503.0,1500.0,1503.0,227.19236437,340935.07391083
2026-06-08 16:30:00,1503.0,1508.0,1503.0,1508.0,15.95690814,23999.99996002
2026-06-08 17:00:00,1500.0,1500.0,1500.0,1500.0,8.00533689,12008.005335
2026-06-08 19:45:00,1500.0,1500.0,1500.0,1500.0,14.90911019,22363.665285
2026-06-08 20:15:00,1500.0,1500.0,1498.0,1500.0,274.82214961,411972.02249727
2026-06-08 20:30:00,1500.0,1508.0,1498.0,1498.0,302.91968667,454170.60759258
2026-06-08 20:45:00,1504.0,1504.0,1504.0,1504.0,3.9893617,5999.9999968
2026-06-08 21:45:00,1498.0,1498.0,1498.0,1498.0,38.16747663,57174.87999174
2026-06-08 22:00:00,1498.0,1498.0,1498.0,1498.0,156.71761227,234762.98318046
2026-06-09 00:30:00,1498.0,1498.0,1495.0,1495.0,458.93152359,687206.77946882
2026-06-09 01:15:00,1495.0,1504.0,1495.0,1504.0,126.1194425,188584.4707928
2026-06-09 01:30:00,1495.0,1495.0,1495.0,1495.0,1500.67805474,2243513.6918363
2026-06-09 01:45:00,1504.0,1504.0,1495.0,1504.0,21.6148473,32447.36778165
2026-06-09 02:00:00,1504.0,1504.0,1504.0,1504.0,31.9148936,47999.9999744
2026-06-09 02:15:00,1504.0,1504.0,1494.0,1501.0,360.08701645,538337.85700348
2026-06-09 02:30:00,1501.0,1503.0,1501.0,1503.0,19.9636259,29999.99994754
2026-06-09 02:45:00,1503.0,1503.0,1503.0,1503.0,27.94411172,41999.99991516
2026-06-09 03:00:00,1494.0,1494.0,1494.0,1494.0,251.99202589,376476.08667966
2026-06-09 03:15:00,1494.0,1501.0,1493.0,1501.0,634.97082144,948419.12495852
2026-06-09 03:30:00,1494.0,1494.0,1493.0,1493.0,701.24555888,1046966.31284826
2026-06-09 03:45:00,1501.0,1502.0,1501.0,1502.0,7.99378309,11999.999976
2026-06-09 04:00:00,1502.0,1502.0,1502.0,1502.0,3.99467376,5999.99998752
2026-06-09 04:15:00,1502.0,1502.0,1493.0,1501.0,441.49045427,659251.85109097
2026-06-09 04:30:00,1501.0,1501.0,1501.0,1501.0,3.9973351,5999.9999851
2026-06-09 04:45:00,1501.0,1501.0,1493.0,1500.0,120.27895112,179831.4091051
2026-06-09 05:00:00,1500.0,1501.0,1500.0,1501.0,19.99058254,29999.99994268
2026-06-09 05:30:00,1503.0,1503.0,1503.0,1503.0,3.99201596,5999.99998788
2026-06-09 05:45:00,1501.0,1503.0,1490.0,1500.0,2339.39123429,3490375.63273571
2026-06-09 06:00:00,1501.0,1501.0,1494.0,1500.0,50.75996151,75943.32653304
2026-06-09 06:15:00,1500.0,1501.0,1491.0,1491.0,512.10571831,764745.2255451
2026-06-09 07:00:00,1501.0,1501.0,1501.0,1501.0,108.59427045,162999.99994545
2026-06-09 07:15:00,1501.0,1501.0,1501.0,1501.0,15.9893404,23999.9999404
2026-06-09 07:30:00,1501.0,1501.0,1501.0,1501.0,31.9786808,47999.9998808
2026-06-09 07:45:00,1501.0,1501.0,1501.0,1501.0,35.9760159,53999.9998659
2026-06-09 08:00:00,1501.0,1501.0,1501.0,1501.0,35.9760159,53999.9998659
2026-06-09 08:15:00,1501.0,1501.0,1501.0,1501.0,31.9786808,47999.9998808
2026-06-09 08:30:00,1501.0,1501.0,1501.0,1501.0,39.973351,59999.999851
2026-06-09 08:45:00,1501.0,1501.0,1492.0,1500.0,198.60228816,297055.54550026
2026-06-09 09:00:00,1500.0,1501.0,1492.0,1501.0,677.52070867,1016773.60557054
2026-06-09 09:15:00,1501.0,1504.0,1494.0,1504.0,320.89047976,482193.54891441
2026-06-09 09:30:00,1503.0,1504.0,1503.0,1503.0,315.17716737,473850.0179362
2026-06-09 10:45:00,1503.0,1503.0,1503.0,1503.0,141.05123086,211999.99998258
2026-06-09 11:00:00,1500.0,1500.0,1495.0,1495.0,76.49111162,114422.29736908
2026-06-09 11:15:00,1503.0,1503.0,1503.0,1503.0,53.25560395,80043.17273685
2026-06-09 11:30:00,1495.0,1495.0,1495.0,1495.0,13.52265043,20216.36239285
2026-06-09 12:30:00,1496.0,1496.0,1496.0,1496.0,21.42982562,32059.01912752
2026-06-09 13:30:00,1503.0,1503.0,1503.0,1503.0,19.96007984,29999.99999952
2026-06-09 14:00:00,1503.0,1503.0,1503.0,1503.0,3.32667997,4999.99999491
2026-06-09 14:30:00,1495.0,1495.0,1495.0,1495.0,66.92972267,100059.93539165
2026-06-09 15:15:00,1495.0,1495.0,1491.0,1491.0,778.10388101,1160878.15478824
2026-06-09 15:30:00,1491.0,1497.0,1491.0,1497.0,245.55380659,366938.04701211
2026-06-09 15:45:00,1496.0,1496.0,1496.0,1496.0,12.03208554,17999.99996784
2026-06-09 16:00:00,1496.0,1496.0,1496.0,1496.0,32.08556144,47999.99991424
2026-06-09 16:15:00,1496.0,1496.0,1496.0,1496.0,37.43315502,55999.99990992
2026-06-09 16:30:00,1496.0,1496.0,1490.0,1494.0,452.14886587,674840.40821726
2026-06-09 16:45:00,1494.0,1495.0,1494.0,1495.0,36.14446544,53999.99991242
2026-06-09 17:15:00,1496.0,1496.0,1496.0,1496.0,4.01069518,5999.99998928
2026-06-09 17:30:00,1496.0,1496.0,1496.0,1496.0,28.07486626,41999.99992496
2026-06-09 17:45:00,1496.0,1500.0,1496.0,1500.0,4.00107715,5999.99999556
2026-06-09 19:30:00,1500.0,1500.0,1499.0,1499.0,341.33867021,511999.99997812
2026-06-09 19:45:00,1499.0,1499.0,1494.0,1498.0,68.69335817,102846.60329438
2026-06-09 20:00:00,1493.0,1500.0,1492.0,1500.0,3251.1497754,4865123.28268155
2026-06-09 20:15:00,1500.0,1504.0,1500.0,1504.0,112.35497375,168878.32107965
2026-06-09 21:15:00,1500.0,1500.0,1499.0,1499.0,74.67200354,111999.99997312
2026-06-09 21:30:00,1498.0,1498.0,1495.0,1495.0,50.55817046,75620.52360764
2026-06-09 22:15:00,1495.0,1495.0,1493.0,1493.0,344.45329788,514895.01228572
2026-06-09 22:30:00,1501.0,1501.0,1501.0,1501.0,11.9920053,17999.9999553
2026-06-09 22:45:00,1501.0,1501.0,1501.0,1501.0,31.9786808,47999.9998808
2026-06-09 23:00:00,1501.0,1501.0,1495.0,1500.0,23.32800353,34976.0159546
2026-06-09 23:15:00,1500.0,1500.0,1500.0,1500.0,44.0,66000.0
2026-06-09 23:30:00,1500.0,1501.0,1500.0,1501.0,248.21888608,372523.21467275
2026-06-09 23:45:00,1501.0,1501.0,1501.0,1501.0,117.58527675,176495.50040175
2026-06-10 01:00:00,1504.0,1507.0,1504.0,1507.0,323.00722142,486347.85097578
2026-06-10 01:15:00,1507.0,1510.0,1507.0,1510.0,1834.9550532,2765955.17638796
2026-06-10 02:00:00,1501.0,1501.0,1501.0,1501.0,59.79195832,89747.72943832
2026-06-10 03:15:00,1500.0,1500.0,1500.0,1500.0,138.89608252,208344.12378
2026-06-10 03:30:00,1500.0,1500.0,1500.0,1500.0,130.58158,195872.37
2026-06-10 06:00:00,1501.0,1501.0,1499.0,1499.0,117.8669465,176703.88613683
2026-06-10 09:15:00,1503.0,1503.0,1503.0,1503.0,4.65735196,6999.99999588
2026-06-10 09:30:00,1503.0,1503.0,1503.0,1503.0,4.65735196,6999.99999588
2026-06-10 11:30:00,1503.0,1503.0,1503.0,1503.0,6.65335994,9999.99998982
2026-06-10 12:45:00,1503.0,1503.0,1503.0,1503.0,66.53359946,99999.99998838
2026-06-10 13:45:00,1495.0,1495.0,1495.0,1495.0,124.45969379,186067.24221605
2026-06-10 17:15:00,1498.0,1498.0,1498.0,1498.0,251.37132032,376554.23783936
2026-06-10 18:15:00,1503.0,1503.0,1503.0,1503.0,184.27515592,276965.55934776
2026-06-10 19:15:00,1504.0,1509.0,1504.0,1509.0,170.08139435,256118.93109588
2026-06-10 19:30:00,1510.0,1511.0,1501.0,1501.0,139.85266193,210720.80567964
2026-06-10 19:45:00,1501.0,1501.0,1501.0,1501.0,74.12309723,111258.76894223
2026-06-11 01:00:00,1501.0,1501.0,1498.0,1498.0,145.6082078,218507.00200229
2026-06-11 01:15:00,1498.0,1498.0,1498.0,1498.0,365.94878909,548191.28605682
2026-06-11 03:15:00,1498.0,1498.0,1498.0,1498.0,175.4975355,262895.308179
2026-06-11 04:45:00,1508.0,1508.0,1508.0,1508.0,99.51787599,150072.95699292
2026-06-11 05:00:00,1508.0,1508.0,1508.0,1508.0,113.28287739,170830.57910412
2026-06-11 05:15:00,1508.0,1508.0,1508.0,1508.0,86.72971816,130788.41498528
2026-06-11 05:30:00,1508.0,1508.0,1508.0,1508.0,186.43787827,281148.32043116
2026-06-11 05:45:00,1508.0,1508.0,1508.0,1508.0,35.97470488,54249.85495904
2026-06-11 06:00:00,1508.0,1509.0,1500.0,1509.0,648.02113523,976698.988826
2026-06-11 06:15:00,1509.0,1509.0,1509.0,1509.0,93.70979738,141408.08424642
2026-06-11 06:45:00,1509.0,1509.0,1509.0,1509.0,122.850728,185381.748552
2026-06-11 08:30:00,1509.0,1509.0,1509.0,1509.0,33.06825712,49899.99999408
2026-06-11 09:30:00,1503.0,1503.0,1503.0,1503.0,149.45426411,224629.75895733
2026-06-11 10:15:00,1503.0,1503.0,1503.0,1503.0,13.30671989,19999.99999467
2026-06-11 10:30:00,1503.0,1503.0,1503.0,1503.0,6.80272108,10224.48978324
2026-06-11 12:30:00,1503.0,1503.0,1503.0,1503.0,1103.61188412,1658728.66183236
2026-06-11 13:30:00,1509.0,1509.0,1509.0,1509.0,36.44797878,54999.99997902
2026-06-11 13:45:00,1501.0,1501.0,1501.0,1501.0,116.50338665,174871.58336165
2026-06-11 19:15:00,1509.0,1509.0,1509.0,1509.0,4.63883366,6999.99999294
2026-06-11 19:30:00,1501.0,1509.0,1501.0,1509.0,20.52051815,30838.40841243
2026-06-11 20:00:00,1501.0,1504.0,1495.0,1503.0,664.76083303,995763.70733675
2026-06-11 23:00:00,1503.0,1503.0,1503.0,1503.0,6.65335994,9999.99998982
2026-06-12 00:00:00,1503.0,1504.0,1503.0,1504.0,115.30153015,173380.12806111
2026-06-12 01:00:00,1504.0,1504.0,1504.0,1504.0,3.9893617,5999.9999968
2026-06-12 01:15:00,1504.0,1504.0,1504.0,1504.0,123.34593653,185512.28854112
2026-06-12 04:30:00,1504.0,1504.0,1500.0,1500.0,533.59524851,802506.70148892
2026-06-12 04:45:00,1500.0,1500.0,1500.0,1500.0,84.55314894,126829.72341
2026-06-12 07:15:00,1500.0,1506.0,1500.0,1506.0,3521.43537984,5284600.03155447
2026-06-12 07:30:00,1509.0,1509.0,1509.0,1509.0,13.21003963,19933.94980167
2026-06-12 07:45:00,1501.0,1509.0,1501.0,1509.0,106.66222518,160153.29779662
2026-06-12 08:30:00,1509.0,1509.0,1509.0,1509.0,19.8807157,29999.9999913
2026-06-12 08:45:00,1509.0,1509.0,1509.0,1509.0,53.51325447,80751.50099523
2026-06-12 09:00:00,1511.0,1511.0,1511.0,1511.0,11.93410191,18032.42798601
2026-06-12 09:30:00,1511.0,1511.0,1509.0,1509.0,74.12309728,111984.11646924
2026-06-12 09:45:00,1509.0,1509.0,1501.0,1501.0,43.67968231,65642.18993339
2026-06-12 10:00:00,1501.0,1501.0,1501.0,1501.0,31.76704168,47682.32956168
2026-06-12 10:15:00,1501.0,1501.0,1501.0,1501.0,13.93934227,20922.95274727
2026-06-12 11:30:00,1501.0,1501.0,1496.0,1500.0,70.49917851,105518.43929896
2026-06-12 11:45:00,1500.0,1501.0,1496.0,1501.0,42.6494888,63966.68879844
2026-06-12 12:00:00,1501.0,1501.0,1501.0,1501.0,35.9760159,53999.9998659
2026-06-12 12:15:00,1501.0,1506.0,1501.0,1506.0,11.99152152,17999.99996887
2026-06-12 15:45:00,1505.0,1505.0,1505.0,1505.0,3.35325365,5046.64674325
2026-06-12 16:00:00,1500.0,1500.0,1500.0,1500.0,530.08193319,795122.899785
2026-06-12 16:15:00,1504.0,1510.0,1504.0,1510.0,111.93937555,168638.66363425
2026-06-12 16:30:00,1510.0,1511.0,1500.0,1500.0,60.03840776,90422.52083116
2026-06-12 17:00:00,1505.0,1505.0,1505.0,1505.0,3.362131,5060.007155
2026-06-12 17:30:00,1504.0,1504.0,1504.0,1504.0,37.0,55648.0
2026-06-12 19:00:00,1504.0,1504.0,1504.0,1504.0,194.16008481,292016.76755424
2026-06-12 19:30:00,1504.0,1504.0,1504.0,1504.0,126.49984157,190255.76172128
2026-06-12 20:45:00,1504.0,1504.0,1504.0,1504.0,40.0,60160.0
2026-06-12 22:00:00,1504.0,1509.0,1502.0,1503.0,355.55515115,535122.20900911
2026-06-12 22:15:00,1503.0,1503.0,1502.0,1502.0,3.97088021,5964.29119521
2026-06-12 23:15:00,1503.0,1503.0,1502.0,1502.0,22.19478496,33358.38455787
2026-06-13 00:45:00,1502.0,1502.0,1502.0,1502.0,73.0,109646.0
2026-06-13 05:15:00,1503.0,1503.0,1503.0,1503.0,34.04292404,51166.51483212
2026-06-13 06:30:00,1507.0,1507.0,1507.0,1507.0,13.3846805,20170.7135135
2026-06-13 07:30:00,1507.0,1507.0,1507.0,1507.0,13.3846805,20170.7135135
2026-06-13 08:30:00,1507.0,1507.0,1507.0,1507.0,13.3846805,20170.7135135
2026-06-13 09:00:00,1503.0,1503.0,1503.0,1503.0,11.93410191,17936.95517073
2026-06-13 09:15:00,1507.0,1507.0,1507.0,1507.0,10.61512938,15996.99997566
2026-06-13 09:30:00,1507.0,1510.0,1507.0,1510.0,13.38396185,20170.71350225
2026-06-13 09:45:00,1510.0,1510.0,1510.0,1510.0,49.6365894,74951.249994
2026-06-13 10:30:00,1510.0,1510.0,1510.0,1510.0,13.35808842,20170.7135142
2026-06-13 10:45:00,1510.0,1511.0,1510.0,1511.0,134.7406134,203554.9999768
2026-06-13 11:00:00,1504.0,1504.0,1504.0,1504.0,3.97942932,5985.06169728
2026-06-13 11:30:00,1511.0,1511.0,1511.0,1511.0,15.88352084,23999.99998924
2026-06-13 11:45:00,1511.0,1511.0,1511.0,1511.0,10.58901389,15999.99998779
2026-06-13 12:15:00,1511.0,1511.0,1511.0,1511.0,638.32015163,964501.74911293
2026-06-13 13:00:00,1510.0,1510.0,1510.0,1510.0,197.0,297470.0
2026-06-13 13:30:00,1512.0,1512.0,1510.0,1512.0,232.32834608,350858.13062312
2026-06-13 15:30:00,1507.0,1507.0,1507.0,1507.0,4959.16632833,7473463.65679331
2026-06-13 16:30:00,1507.0,1507.0,1507.0,1507.0,4.31320504,6499.99999528
2026-06-13 17:30:00,1504.0,1510.0,1504.0,1510.0,745.03284679,1120924.09155442
2026-06-13 17:45:00,1508.0,1511.0,1508.0,1511.0,87.57849652,132216.49001292
2026-06-13 18:30:00,1503.0,1503.0,1503.0,1503.0,6.61813368,9947.05492104
2026-06-13 20:15:00,1503.0,1503.0,1502.0,1503.0,63.32956059,95181.00000618
2026-06-14 00:15:00,1502.0,1510.0,1502.0,1510.0,121.19205298,182199.9999998
2026-06-14 00:30:00,1510.0,1510.0,1510.0,1510.0,21.19205298,31999.9999998
2026-06-14 01:45:00,1510.0,1510.0,1510.0,1510.0,31.78807947,47999.9999997
2026-06-14 02:00:00,1510.0,1510.0,1510.0,1510.0,89.87917417,135717.5529967
2026-06-14 07:30:00,1509.0,1510.0,1509.0,1510.0,407.14657211,614701.30990473
2026-06-14 07:45:00,1511.0,1511.0,1511.0,1511.0,276.6491543,418016.8721473
2026-06-14 08:00:00,1511.0,1512.0,1503.0,1512.0,208.79526876,315508.05550894
2026-06-14 08:15:00,1512.0,1512.0,1512.0,1512.0,275.13228602,416000.01646224
2026-06-14 08:30:00,1512.0,1512.0,1512.0,1512.0,90.68932053,137122.25264136
2026-06-14 08:45:00,1512.0,1512.0,1512.0,1512.0,372.2046818,562773.4788816
2026-06-14 09:00:00,1512.0,1512.0,1512.0,1512.0,203.7502905,308070.439236
2026-06-14 09:30:00,1512.0,1513.0,1512.0,1513.0,291.38815385,440708.29944726
2026-06-14 09:45:00,1513.0,1513.0,1513.0,1513.0,54.19695967,81999.99998071
2026-06-14 12:00:00,1504.0,1504.0,1504.0,1504.0,33.04692663,49702.57765152
2026-06-14 12:15:00,1512.0,1513.0,1512.0,1513.0,108.41576133,163999.99996566
2026-06-14 15:15:00,1504.0,1504.0,1504.0,1504.0,332.0,499328.0
2026-06-14 15:30:00,1510.0,1510.0,1510.0,1510.0,143.97960459,217409.2029309
2026-06-14 19:30:00,1505.0,1510.0,1504.0,1510.0,191.1735321,288292.71421513
2026-06-14 22:15:00,1511.0,1511.0,1511.0,1511.0,32.79586002,49554.54449022
2026-06-15 06:00:00,1510.0,1510.0,1510.0,1510.0,13.24503311,19999.9999961
2026-06-15 06:15:00,1510.0,1510.0,1510.0,1510.0,6.62251655,9999.9999905
2026-06-15 06:30:00,1504.0,1504.0,1504.0,1504.0,91.0,136864.0
2026-06-15 06:45:00,1510.0,1510.0,1504.0,1510.0,28.92715231,43571.9999881
2026-06-15 07:15:00,1504.0,1504.0,1502.0,1502.0,106.0,159268.04300656
2026-06-15 07:30:00,1502.0,1503.0,1502.0,1502.0,366.54569469,550564.63342438
2026-06-15 07:45:00,1509.0,1509.0,1508.0,1509.0,71.47603288,107831.01161495
2026-06-15 08:00:00,1509.0,1509.0,1509.0,1509.0,4.63883366,6999.99999294
2026-06-15 08:15:00,1502.0,1502.0,1502.0,1502.0,273.46112522,410738.61008044
2026-06-15 08:45:00,1501.0,1501.0,1501.0,1501.0,334.23354738,501684.55461738
2026-06-15 09:00:00,1503.0,1503.0,1501.0,1501.0,297.6053917,446808.9037251
2026-06-15 09:15:00,1501.0,1501.0,1501.0,1501.0,529.035466,794082.234466
2026-06-15 09:30:00,1503.0,1503.0,1503.0,1503.0,3.32667997,4999.99999491
2026-06-15 09:45:00,1499.0,1499.0,1498.0,1498.0,34.23863442,51292.8105853
2026-06-15 10:00:00,1502.0,1502.0,1502.0,1502.0,3.3288948,4999.9999896
2026-06-15 10:30:00,1502.0,1503.0,1502.0,1503.0,66.52563702,99949.99999523
2026-06-15 11:15:00,1501.0,1501.0,1501.0,1501.0,121.43584193,182275.19873693
2026-06-15 11:30:00,1501.0,1501.0,1501.0,1501.0,20.0,30020.0
2026-06-15 12:00:00,1501.0,1501.0,1496.0,1496.0,32.79586002,49160.74318842
2026-06-15 12:30:00,1504.0,1505.0,1504.0,1505.0,130.39158287,196127.68817462
2026-06-15 14:15:00,1500.0,1502.0,1497.0,1502.0,187.66712353,281582.56792521
2026-06-15 14:30:00,1505.0,1505.0,1505.0,1505.0,3.32225913,4999.99999065
2026-06-15 18:15:00,1505.0,1505.0,1505.0,1505.0,11.01650377,16579.83817385
2026-06-15 18:30:00,1500.0,1500.0,1497.0,1497.0,11.01650377,16511.01939369
2026-06-15 18:45:00,1504.0,1521.0,1501.0,1501.0,2822.09455947,4276992.98471304
2026-06-15 19:15:00,1508.0,1508.0,1508.0,1508.0,10.99458765,16579.8381762
2026-06-15 19:30:00,1502.0,1502.0,1500.0,1501.0,232.0501302,348127.15178527
2026-06-15 19:45:00,1501.0,1501.0,1501.0,1501.0,21.31912058,31999.99999058
2026-06-15 20:00:00,1499.0,1499.0,1493.0,1493.0,2553.92992589,3816957.38933547
2026-06-15 20:15:00,1500.0,1500.0,1497.0,1499.0,552.97473601,828352.79896828
2026-06-15 20:30:00,1499.0,1499.0,1499.0,1499.0,284.3277224,426207.2558776
2026-06-15 20:45:00,1494.0,1494.0,1494.0,1494.0,22.06996385,32972.5259919
2026-06-15 21:15:00,1499.0,1499.0,1499.0,1499.0,43.85326495,65736.04416005
2026-06-15 22:00:00,1499.0,1499.0,1499.0,1499.0,66.18133686,99205.82395314
2026-06-15 22:30:00,1494.0,1504.0,1494.0,1497.0,234.49365754,351786.57635485
2026-06-16 00:00:00,1497.0,1497.0,1497.0,1497.0,6.75852549,10117.51265853
2026-06-16 01:00:00,1498.0,1498.0,1498.0,1498.0,3.76454483,5639.28815534
2026-06-16 06:00:00,1503.0,1504.0,1503.0,1504.0,114.05740884,171490.29475048
2026-06-16 06:15:00,1509.0,1510.0,1509.0,1510.0,212.05611688,319999.99998646
2026-06-16 07:30:00,1501.0,1501.0,1501.0,1501.0,6.62690523,9946.98475023
2026-06-16 07:45:00,1501.0,1501.0,1498.0,1498.0,173.31817132,259640.72193364
2026-06-16 08:00:00,1500.0,1500.0,1495.0,1498.0,162.40582406,243070.72168451
2026-06-16 08:15:00,1498.0,1498.0,1495.0,1498.0,90.04272361,134709.99996778
2026-06-16 08:30:00,1495.0,1495.0,1495.0,1495.0,3.96825396,5932.5396702
2026-06-16 09:00:00,1501.0,1501.0,1501.0,1501.0,10.65956029,15999.99999529
2026-06-16 09:45:00,1495.0,1495.0,1495.0,1495.0,33.06825712,49437.0443944
2026-06-16 10:00:00,1502.0,1502.0,1502.0,1502.0,159.71998216,239899.41320432
2026-06-16 10:15:00,1504.0,1505.0,1504.0,1505.0,208.94126419,314323.62388255
2026-06-16 10:30:00,1500.0,1509.0,1496.0,1509.0,70.50178016,105562.90860966
2026-06-16 11:15:00,1508.0,1508.0,1508.0,1508.0,2178.7806362,3285601.1993896
2026-06-16 11:30:00,1497.0,1502.0,1497.0,1502.0,3617.8106747,5419770.90918535
2026-06-16 12:00:00,1509.0,1509.0,1509.0,1509.0,134.52617627,202999.99999143
2026-06-16 12:30:00,1509.0,1509.0,1509.0,1509.0,106.03048376,159999.99999384
2026-06-16 13:15:00,1509.0,1509.0,1509.0,1509.0,33.13452617,49999.99999053
2026-06-16 14:00:00,1509.0,1509.0,1509.0,1509.0,13.25381047,19999.99999923
2026-06-16 15:45:00,1501.0,1501.0,1501.0,1501.0,103.187,154883.687
2026-06-16 17:00:00,1501.0,1501.0,1501.0,1501.0,14.81608887,22238.94939387
2026-06-16 17:45:00,1501.0,1508.0,1501.0,1508.0,204.64190981,307199.99999348
2026-06-16 20:00:00,1508.0,1508.0,1507.0,1507.0,808.58496825,1218939.91651614
2026-06-16 20:15:00,1507.0,1507.0,1507.0,1507.0,6.63570006,9999.99999042
2026-06-16 20:30:00,1499.0,1499.0,1499.0,1499.0,3.98142003,5968.14862497
2026-06-16 20:45:00,1499.0,1499.0,1499.0,1499.0,1601.06737826,2400000.00001174
2026-06-16 21:00:00,1499.0,1499.0,1499.0,1499.0,797.96784816,1196153.80439184
2026-06-16 21:15:00,1505.0,1505.0,1502.0,1503.0,94.65406274,142202.28906939
2026-06-16 21:30:00,1509.0,1509.0,1509.0,1509.0,8.50280947,12830.73949023
2026-06-16 22:00:00,1509.0,1509.0,1509.0,1509.0,64.93571901,97987.99998609
2026-06-16 22:15:00,1509.0,1513.0,1502.0,1502.0,807.86702068,1215972.98147856
2026-06-16 22:30:00,1502.0,1502.0,1502.0,1502.0,94.10873534,141351.32048068
2026-06-16 23:00:00,1511.0,1511.0,1511.0,1511.0,105.89013898,159999.99999878
2026-06-16 23:15:00,1511.0,1511.0,1511.0,1511.0,112.50827266,169999.99998926
2026-06-16 23:30:00,1510.0,1510.0,1510.0,1510.0,12.82913907,19371.9999957
2026-06-17 02:00:00,1510.0,1510.0,1510.0,1510.0,3472.23606739,5243076.4617589
2026-06-17 02:15:00,1504.0,1504.0,1497.0,1497.0,419.82911925,629916.98829486
2026-06-17 02:30:00,1497.0,1500.0,1497.0,1499.0,3241.01851977,4855104.84347345
2026-06-17 02:45:00,1499.0,1505.0,1499.0,1505.0,2032.87547172,3048806.11840697
2026-06-17 03:00:00,1509.0,1509.0,1509.0,1509.0,117.71516494,177632.18389446
2026-06-17 03:45:00,1511.0,1511.0,1500.0,1501.0,318.10177583,478256.02509684
2026-06-17 04:00:00,1509.0,1509.0,1509.0,1509.0,13.98600231,21104.87748579
2026-06-17 05:15:00,1509.0,1510.0,1509.0,1510.0,29.87940343,45089.99999429
2026-06-17 05:45:00,1510.0,1510.0,1506.0,1506.0,557.7651197,842017.88905264
2026-06-17 06:15:00,1511.0,1511.0,1511.0,1511.0,105.89013898,159999.99999878
2026-06-17 06:45:00,1511.0,1511.0,1511.0,1511.0,661.81336863,999999.99999993
2026-06-17 07:00:00,1504.0,1504.0,1501.0,1501.0,103.30815209,155172.57411785
2026-06-17 08:00:00,1509.0,1509.0,1509.0,1509.0,3.37972166,5099.99998494
2026-06-17 08:30:00,1501.0,1501.0,1501.0,1501.0,3.97614314,5968.19085314
2026-06-17 09:00:00,1501.0,1501.0,1501.0,1501.0,11.85713405,17797.55820905
2026-06-17 10:00:00,1501.0,1501.0,1501.0,1501.0,53.17274028,79812.28316028
2026-06-17 12:45:00,1497.0,1497.0,1497.0,1497.0,178.54197201,267277.33209897
2026-06-17 13:30:00,1497.0,1497.0,1497.0,1497.0,3.99800099,5985.00748203
2026-06-17 14:00:00,1508.0,1515.0,1504.0,1504.0,378.92689495,571301.04378557
2026-06-17 14:15:00,1501.0,1503.0,1496.0,1503.0,806.9127756,1209073.31704533
2026-06-17 14:30:00,1503.0,1505.0,1503.0,1505.0,47.32058703,71144.10476455
2026-06-17 18:00:00,1503.0,1503.0,1503.0,1503.0,5.89214584,8855.89519752
2026-06-17 18:15:00,1504.0,1504.0,1504.0,1504.0,4.65425531,6999.99998624
2026-06-17 21:00:00,1497.0,1497.0,1497.0,1497.0,3.37972166,5059.44332502
2026-06-17 21:30:00,1504.0,1504.0,1504.0,1504.0,4.65425531,6999.99998624
2026-06-17 22:00:00,1497.0,1497.0,1496.0,1496.0,86.18590286,128963.79921402
2026-06-17 22:45:00,1504.0,1507.0,1504.0,1507.0,211.70843868,318607.67950552
2026-06-17 23:00:00,1498.0,1498.0,1498.0,1498.0,211.70843868,317139.24114264
2026-06-17 23:15:00,1498.0,1498.0,1498.0,1498.0,7.41700404,11110.67205192
2026-06-18 01:15:00,1506.0,1506.0,1506.0,1506.0,4.64807436,6999.99998616
2026-06-18 02:15:00,1506.0,1506.0,1506.0,1506.0,3.32005312,4999.99999872
2026-06-18 05:15:00,1507.0,1507.0,1507.0,1507.0,3.98142003,5999.99998521
2026-06-18 09:30:00,1500.0,1506.0,1500.0,1505.0,976.22768496,1465735.75121981
2026-06-18 09:45:00,1505.0,1505.0,1505.0,1505.0,6.7294751,10127.8600255
2026-06-18 10:00:00,1501.0,1506.0,1499.0,1506.0,294.29598901,441765.24277059
2026-06-18 13:30:00,1505.0,1505.0,1505.0,1505.0,19.92031872,29980.0796736
2026-06-18 13:45:00,1500.0,1500.0,1500.0,1500.0,20.05961712,30089.42568
2026-06-18 14:15:00,1503.0,1503.0,1503.0,1503.0,10.64537591,15999.99999273
2026-06-18 17:00:00,1504.0,1505.0,1504.0,1505.0,158.13809464,237982.89910053
2026-06-18 17:30:00,1503.0,1503.0,1503.0,1503.0,400.0,601200.0
2026-06-18 17:45:00,1506.0,1506.0,1506.0,1506.0,51.27158262,77215.00342572
2026-06-18 19:00:00,1506.0,1513.0,1506.0,1513.0,21927.7249563,33023427.56617602
2026-06-18 19:15:00,1513.0,1513.0,1513.0,1513.0,4.62656972,6999.99998636
2026-06-18 19:45:00,1513.0,1513.0,1513.0,1513.0,105.75016523,159999.99999299
2026-06-18 20:30:00,1513.0,1513.0,1504.0,1504.0,240.48203027,362765.80471821
2026-06-18 23:45:00,1512.0,1512.0,1512.0,1512.0,3.3068783,4999.9999896
2026-06-19 00:30:00,1512.0,1518.0,1512.0,1518.0,785.81142958,1189992.17723694
2026-06-19 01:00:00,1518.0,1519.0,1514.0,1514.0,1495.52672187,2267755.04247788
2026-06-19 03:45:00,1519.0,1519.0,1519.0,1519.0,3.29163923,4999.99999037
2026-06-19 04:00:00,1519.0,1519.0,1519.0,1519.0,86.4627,131336.8413
2026-06-19 04:45:00,1519.0,1519.0,1519.0,1519.0,6.58327847,9999.99999593
2026-06-19 07:30:00,1516.0,1520.0,1516.0,1520.0,1037.84355933,1576076.93376626
2026-06-19 07:45:00,1510.0,1510.0,1507.0,1507.0,758.80673627,1144082.9418141
2026-06-19 08:00:00,1510.0,1510.0,1510.0,1510.0,164.83443708,248899.9999908
2026-06-19 08:15:00,1508.0,1510.0,1508.0,1509.0,240.2565157,362517.2709418
2026-06-19 08:30:00,1509.0,1509.0,1509.0,1509.0,31.80914511,47999.99997099
2026-06-19 08:45:00,1509.0,1509.0,1508.0,1509.0,511.69319413,771691.21203138
2026-06-19 09:00:00,1510.0,1510.0,1510.0,1510.0,56.81368172,85788.6593972
2026-06-19 09:15:00,1509.0,1509.0,1505.0,1505.0,36.44822424,54918.9621585
2026-06-19 09:30:00,1509.0,1509.0,1509.0,1509.0,27.77065035,41905.91137815
2026-06-19 10:15:00,1510.0,1510.0,1510.0,1510.0,10.59602649,15999.9999999
2026-06-19 11:45:00,1510.0,1510.0,1510.0,1510.0,7.13879251,10779.5766901
2026-06-19 12:30:00,1511.0,1511.0,1511.0,1511.0,165.88560557,250653.15001627
2026-06-19 13:30:00,1511.0,1511.0,1506.0,1509.0,991.37480479,1494143.34943759
2026-06-19 13:45:00,1509.0,1509.0,1509.0,1509.0,40.39154276,60950.83802484
2026-06-19 14:15:00,1509.0,1509.0,1509.0,1509.0,490.60604655,740324.52424395
2026-06-19 14:30:00,1509.0,1509.0,1509.0,1509.0,53.01524185,79999.99995165
2026-06-19 15:15:00,1506.0,1506.0,1506.0,1506.0,116.40867003,175311.45706518
2026-06-19 15:45:00,1506.0,1510.0,1506.0,1507.0,471.08595897,709474.95381767
2026-06-19 16:30:00,1507.0,1507.0,1507.0,1507.0,683.07245757,1029390.19355799
2026-06-19 17:30:00,1506.0,1506.0,1506.0,1506.0,52.0,78312.0
2026-06-19 17:45:00,1506.0,1506.0,1506.0,1506.0,21.66216114,32623.21467684
2026-06-19 18:00:00,1506.0,1506.0,1506.0,1506.0,48.33783886,72796.78532316
2026-06-19 19:00:00,1506.0,1506.0,1505.0,1505.0,64.76414461,97479.46872345
2026-06-19 19:30:00,1509.0,1509.0,1509.0,1509.0,4.63883366,6999.99999294
2026-06-19 21:30:00,1505.0,1505.0,1505.0,1505.0,10.75268817,16182.79569585
2026-06-19 23:00:00,1505.0,1505.0,1505.0,1505.0,100.0,150500.0
2026-06-19 23:15:00,1509.0,1511.0,1509.0,1511.0,132.55375738,200220.79261858
2026-06-20 00:00:00,1511.0,1511.0,1511.0,1511.0,66.18133686,99999.99999546
2026-06-20 02:45:00,1511.0,1511.0,1511.0,1511.0,6.61813368,9999.99999048
2026-06-20 03:00:00,1511.0,1511.0,1511.0,1511.0,4.63269358,6999.99999938
2026-06-20 06:00:00,1505.0,1505.0,1504.0,1504.0,66.18133686,99594.28216479
2026-06-20 09:00:00,1506.0,1506.0,1506.0,1506.0,13.2450331,19947.0198486
2026-06-20 09:15:00,1506.0,1506.0,1506.0,1506.0,26.26553507,39555.89581542
2026-06-20 09:45:00,1506.0,1511.0,1506.0,1511.0,313.61288729,473069.07269519
2026-06-20 10:30:00,1512.0,1513.0,1512.0,1513.0,48.90518015,73962.67628964
2026-06-20 10:45:00,1512.0,1513.0,1512.0,1513.0,484.58744374,733151.73409701
2026-06-20 11:30:00,1513.0,1513.0,1513.0,1513.0,119.51921769,180832.57636497
2026-06-20 14:00:00,1507.0,1507.0,1507.0,1507.0,3.98142003,5999.99998521
2026-06-20 15:15:00,1513.0,1514.0,1513.0,1514.0,19.81768918,29999.99999849
2026-06-20 16:00:00,1514.0,1514.0,1514.0,1514.0,16.5631917,25076.6722338
2026-06-20 16:15:00,1514.0,1514.0,1514.0,1514.0,3.3068783,5006.6137462
2026-06-20 16:45:00,1516.0,1516.0,1516.0,1516.0,31.6622691,47999.9999556
2026-06-20 17:15:00,1516.0,1519.0,1516.0,1519.0,575.96128559,873200.66772114
2026-06-20 17:30:00,1519.0,1519.0,1519.0,1519.0,149.39817484,226935.82758196
2026-06-20 17:45:00,1519.0,1519.0,1519.0,1519.0,42.1329822,63999.9999618
2026-06-20 18:15:00,1514.0,1514.0,1509.0,1509.0,100.0,151036.81639827
2026-06-20 21:45:00,1509.0,1509.0,1509.0,1509.0,42.0,63378.0
2026-06-20 22:45:00,1509.0,1509.0,1507.0,1507.0,13.21003963,19928.01149415
2026-06-21 01:30:00,1507.0,1507.0,1507.0,1507.0,33.02509907,49768.82429849
2026-06-21 02:30:00,1515.0,1515.0,1514.0,1514.0,51.50607529,77999.99996925
2026-06-21 02:45:00,1514.0,1514.0,1514.0,1514.0,5.64928351,8553.01523414
2026-06-21 06:15:00,1514.0,1514.0,1514.0,1514.0,19.40632279,29381.17270406
2026-06-21 07:00:00,1515.0,1515.0,1515.0,1515.0,19.80198019,29999.99998785
2026-06-21 07:15:00,1514.0,1516.0,1514.0,1516.0,337.24614935,510605.54215529
2026-06-21 08:30:00,1510.0,1510.0,1510.0,1510.0,317.39744394,479270.1403494
2026-06-21 09:15:00,1516.0,1519.0,1516.0,1519.0,108.99339912,165390.65063892
2026-06-21 09:30:00,1519.0,1519.0,1519.0,1519.0,100.0,151900.0
2026-06-21 10:00:00,1519.0,1519.0,1519.0,1519.0,52.66622775,79999.99995225
2026-06-21 12:30:00,1517.0,1517.0,1517.0,1517.0,19.77587343,29999.99999331
2026-06-21 12:45:00,1516.0,1516.0,1516.0,1516.0,3.2966381,4997.7033596
2026-06-21 13:00:00,1515.0,1515.0,1515.0,1515.0,85.92088759,130170.14469885
2026-06-21 14:15:00,1515.0,1515.0,1515.0,1515.0,14.07911241,21329.85530115
2026-06-21 15:30:00,1510.0,1510.0,1510.0,1510.0,200.0,302000.0
2026-06-21 16:45:00,1509.0,1509.0,1509.0,1509.0,23.87267904,36023.87267136
2026-06-21 17:00:00,1509.0,1509.0,1509.0,1509.0,5.69676102,8596.41237918
2026-06-21 18:45:00,1510.0,1510.0,1510.0,1510.0,132.45033112,199999.9999912
2026-06-21 19:00:00,1509.0,1509.0,1509.0,1509.0,457.53022466,690413.10901194
2026-06-21 20:00:00,1509.0,1509.0,1509.0,1509.0,90.83726143,137073.42749787
2026-06-21 20:30:00,1515.0,1515.0,1515.0,1515.0,33.90495049,51365.99999235
2026-06-21 22:00:00,1515.0,1515.0,1515.0,1515.0,6.59630606,9993.4036809
2026-06-21 23:00:00,1510.0,1510.0,1510.0,1510.0,10.0,15100.0
2026-06-22 00:30:00,1515.0,1515.0,1515.0,1515.0,3.95778364,5996.0422146
2026-06-22 01:00:00,1509.0,1515.0,1506.0,1515.0,102.35112157,154231.93711866
2026-06-22 05:45:00,1514.0,1514.0,1506.0,1513.0,40.90336565,61759.03803814
2026-06-22 06:00:00,1513.0,1514.0,1513.0,1514.0,63.41517502,95999.99996376
2026-06-22 06:30:00,1513.0,1513.0,1513.0,1513.0,6.12486064,9266.91414832
2026-06-22 08:45:00,1513.0,1513.0,1513.0,1513.0,11.0595412,16733.0858356
2026-06-22 10:15:00,1514.0,1514.0,1505.0,1505.0,176.14422275,265162.46850865
2026-06-22 10:30:00,1514.0,1514.0,1504.0,1504.0,13.68655608,20653.01312472
2026-06-22 10:45:00,1514.0,1514.0,1504.0,1504.0,27.44719172,41417.81230548
2026-06-22 11:00:00,1514.0,1514.0,1504.0,1504.0,27.4781762,41464.5678858
2026-06-22 11:15:00,1514.0,1514.0,1504.0,1504.0,27.51372896,41518.21700064
2026-06-22 11:30:00,1514.0,1514.0,1504.0,1504.0,39.54478856,59613.08593704
2026-06-22 11:45:00,1514.0,1514.0,1504.0,1504.0,27.57588322,41612.00777898
2026-06-22 12:15:00,1504.0,1513.0,1504.0,1513.0,192.15003304,289183.99998952
2026-06-22 12:30:00,1513.0,1513.0,1513.0,1513.0,74.02511564,111999.99996332
2026-06-22 12:45:00,1513.0,1513.0,1513.0,1513.0,42.30006608,63999.99997904
2026-06-22 13:00:00,1513.0,1513.0,1513.0,1513.0,21.15003304,31999.99998952
2026-06-22 13:15:00,1513.0,1513.0,1513.0,1513.0,63.034289,95370.879257
2026-06-22 13:45:00,1514.0,1514.0,1514.0,1514.0,4.1715915,6315.789531
2026-06-22 14:15:00,1514.0,1514.0,1514.0,1514.0,3.96039603,5996.03958942
2026-06-22 15:00:00,1513.0,1513.0,1513.0,1513.0,10.99082664,16629.12070632
2026-06-22 17:00:00,1505.0,1505.0,1505.0,1505.0,6.98746406,10516.1334103
2026-06-22 18:15:00,1514.0,1515.0,1505.0,1512.0,428.40117072,646794.17919667
2026-06-22 18:30:00,1512.0,1512.0,1512.0,1512.0,15.50641735,23445.7030332
2026-06-22 19:45:00,1512.0,1512.0,1512.0,1512.0,31.93853438,48291.06398256
2026-06-22 20:15:00,1507.0,1507.0,1507.0,1507.0,3.97088021,5984.11647647
2026-06-22 21:00:00,1507.0,1510.0,1502.0,1510.0,577.28816844,868762.15732301
2026-06-22 21:15:00,1502.0,1510.0,1502.0,1510.0,38.43696303,57980.09287476
2026-06-22 21:30:00,1510.0,1511.0,1509.0,1509.0,131.85091573,199204.85882625
2026-06-22 21:45:00,1512.0,1512.0,1512.0,1512.0,4.62962962,6999.99998544
2026-06-22 22:00:00,1512.0,1512.0,1503.0,1503.0,12.56613754,18987.27521616
2026-06-22 22:45:00,1512.0,1512.0,1503.0,1503.0,27.81994054,41938.56036405
2026-06-22 23:00:00,1512.0,1512.0,1512.0,1512.0,6.61375661,9999.99999432
2026-06-22 23:15:00,1512.0,1512.0,1512.0,1512.0,3.96825396,5999.99998752
2026-06-23 00:30:00,1504.0,1504.0,1504.0,1504.0,14.51448573,21829.78653792
2026-06-23 07:15:00,1505.0,1505.0,1505.0,1505.0,33.90495049,51026.95048745
2026-06-23 08:45:00,1511.0,1511.0,1511.0,1511.0,33.90495049,51230.38019039
2026-06-23 09:15:00,1511.0,1512.0,1511.0,1512.0,7.27513226,10996.03172316
2026-06-23 09:45:00,1512.0,1512.0,1512.0,1512.0,10.97883597,16599.99998664
2026-06-23 10:30:00,1511.0,1511.0,1507.0,1507.0,88.0,132633.93140444
2026-06-23 10:45:00,1511.0,1511.0,1511.0,1511.0,95.30112501,143999.99989011
2026-06-23 11:00:00,1511.0,1511.0,1510.0,1511.0,44.97348219,67945.9544243
2026-06-23 11:45:00,1511.0,1511.0,1511.0,1511.0,6.35973816,9609.56435976
2026-06-23 12:45:00,1510.0,1510.0,1508.0,1508.0,19.3922463,29246.7451438
2026-06-23 13:00:00,1508.0,1508.0,1504.0,1504.0,113.42317972,170661.08378306
2026-06-23 14:00:00,1504.0,1504.0,1504.0,1504.0,6.49375035,9766.6005264
2026-06-23 14:45:00,1504.0,1504.0,1502.0,1502.0,262.02426361,393881.85875157
2026-06-23 15:00:00,1507.0,1508.0,1506.0,1506.0,84.95107926,127999.99992404
2026-06-23 15:15:00,1506.0,1506.0,1505.0,1506.0,95.64576682,143999.999914
2026-06-23 15:45:00,1510.0,1510.0,1510.0,1510.0,32.32367723,48808.7526173
2026-06-23 17:00:00,1511.0,1511.0,1511.0,1511.0,6.61375661,9993.38623771
2026-06-23 17:15:00,1511.0,1511.0,1511.0,1511.0,12.19258769,18422.99999959
2026-06-23 17:30:00,1510.0,1512.0,1510.0,1512.0,52.03276765,78652.99997703
2026-06-23 17:45:00,1510.0,1510.0,1506.0,1506.0,19.84126985,29881.19410902
2026-06-23 18:00:00,1506.0,1509.0,1506.0,1509.0,538.75571183,811733.91877035
2026-06-23 18:15:00,1510.0,1510.0,1510.0,1510.0,74.17218543,111999.9999993
2026-06-23 18:30:00,1510.0,1510.0,1510.0,1510.0,13.24503311,19999.9999961
2026-06-23 18:45:00,1509.0,1509.0,1509.0,1509.0,18.54749664,27988.17242976
2026-06-23 19:00:00,1509.0,1509.0,1508.0,1508.0,485.44451932,732145.76256989
2026-06-23 19:15:00,1509.0,1509.0,1509.0,1509.0,35.55721024,53655.83025216
2026-06-23 19:30:00,1509.0,1509.0,1509.0,1509.0,38.66412835,58344.16968015
2026-06-23 19:45:00,1509.0,1509.0,1509.0,1509.0,76.9323703,116090.9467827
2026-06-23 20:00:00,1509.0,1509.0,1509.0,1509.0,6.671,10066.539
2026-06-23 20:15:00,1510.0,1510.0,1510.0,1510.0,25.53377483,38555.9999933
2026-06-23 20:45:00,1510.0,1510.0,1510.0,1510.0,153.2118005,231349.818755
2026-06-23 22:15:00,1510.0,1513.0,1510.0,1513.0,33.08209519,49999.99998683
2026-06-23 22:30:00,1513.0,1513.0,1509.0,1509.0,21.52137958,32528.63686882
2026-06-23 23:30:00,1509.0,1509.0,1509.0,1509.0,25.53377483,38530.46621847
2026-06-24 04:00:00,1513.0,1513.0,1513.0,1513.0,6.74157303,10199.99999439
2026-06-24 06:45:00,1509.0,1509.0,1509.0,1509.0,10.10130325,15242.86660425
2026-06-24 09:00:00,1508.0,1508.0,1507.0,1507.0,11.78056915,17762.99282636
2026-06-24 09:30:00,1507.0,1507.0,1507.0,1507.0,6.60938532,9960.34367724
2026-06-24 10:30:00,1507.0,1509.0,1506.0,1509.0,315.42200259,475390.64852369
2026-06-24 12:30:00,1509.0,1509.0,1503.0,1507.0,135.11998385,203387.81698677
2026-06-24 12:45:00,1507.0,1509.0,1503.0,1509.0,120.38163572,181469.49614018
2026-06-24 13:00:00,1509.0,1509.0,1509.0,1509.0,53.81657922,81209.21804298
2026-06-24 13:30:00,1509.0,1509.0,1509.0,1509.0,9.801711,14790.781899
2026-06-24 14:15:00,1509.0,1509.0,1509.0,1509.0,59.56225541,89879.44341369
2026-06-24 15:30:00,1509.0,1509.0,1508.0,1508.0,6.74763832,10179.49462137
2026-06-24 16:45:00,1508.0,1510.0,1508.0,1510.0,31.15475931,47030.01601812
2026-06-24 17:00:00,1510.0,1510.0,1510.0,1510.0,229.53643414,346600.0155514
2026-06-24 17:15:00,1510.0,1510.0,1510.0,1510.0,239.9627513,362343.754463
2026-06-24 17:30:00,1510.0,1511.0,1510.0,1511.0,135.97580069,205343.31344295
2026-06-24 18:45:00,1511.0,1516.0,1511.0,1516.0,135.47950883,204999.9999891
2026-06-24 19:15:00,1516.0,1516.0,1516.0,1516.0,51.7749041,78490.7546156
2026-06-24 21:00:00,1516.0,1516.0,1516.0,1516.0,19.7889182,29999.9999912
2026-06-24 21:45:00,1516.0,1516.0,1516.0,1516.0,31.6622691,47999.9999556
2026-06-24 22:15:00,1509.0,1509.0,1505.0,1505.0,191.74917198,288762.32974322
2026-06-24 22:30:00,1514.0,1514.0,1514.0,1514.0,146.79269365,222244.1381861
2026-06-24 22:45:00,1515.0,1515.0,1515.0,1515.0,73.1111547,110763.3993705
2026-06-24 23:00:00,1515.0,1517.0,1515.0,1517.0,2135.27958525,3237092.28602463
2026-06-24 23:15:00,1516.0,1516.0,1506.0,1506.0,21.63610576,32679.24971403
2026-06-25 00:00:00,1509.0,1516.0,1508.0,1516.0,172.29815303,259862.60304185
2026-06-25 00:45:00,1516.0,1519.0,1516.0,1519.0,384.02023235,583298.89538085
2026-06-25 01:00:00,1520.0,1520.0,1520.0,1520.0,204.55244211,310919.7120072
2026-06-25 01:15:00,1520.0,1520.0,1520.0,1520.0,153.18712676,232844.4326752
2026-06-25 01:30:00,1509.0,1520.0,1509.0,1520.0,51.95157467,78821.17897697
2026-06-25 01:45:00,1520.0,1523.0,1513.0,1523.0,1832.96534618,2789216.8827883
2026-06-25 02:15:00,1523.0,1528.0,1514.0,1528.0,2064.25508232,3149360.16748371
2026-06-25 02:30:00,1528.0,1528.0,1528.0,1528.0,35.10987565,53647.8899932
2026-06-25 02:45:00,1528.0,1528.0,1528.0,1528.0,139.83279545,213664.5114476
2026-06-25 03:30:00,1528.0,1528.0,1528.0,1528.0,31.41361254,47999.99996112
2026-06-25 05:15:00,1528.0,1528.0,1528.0,1528.0,20.94240836,31999.99997408
2026-06-25 05:45:00,1528.0,1528.0,1528.0,1528.0,6.54450261,9999.99998808
2026-06-25 06:00:00,1523.0,1528.0,1523.0,1528.0,40.73132656,62138.52239268
2026-06-25 06:15:00,1528.0,1528.0,1528.0,1528.0,159.04641385,243022.9203628
2026-06-25 07:15:00,1528.0,1528.0,1528.0,1528.0,10.47120418,15999.99998704
2026-06-25 07:30:00,1528.0,1528.0,1519.0,1526.0,103.83219729,158120.59083488
2026-06-25 07:45:00,1526.0,1526.0,1526.0,1526.0,20.96985582,31999.99998132
2026-06-25 08:15:00,1520.0,1520.0,1517.0,1517.0,234.56788214,355885.1646353
2026-06-25 08:45:00,1526.0,1528.0,1516.0,1516.0,365.78804922,558146.82453852
2026-06-25 09:00:00,1524.0,1524.0,1524.0,1524.0,6.56167979,9999.99999996
2026-06-25 09:15:00,1528.0,1528.0,1528.0,1528.0,41.88481672,63999.99994816
2026-06-25 09:30:00,1528.0,1528.0,1528.0,1528.0,41.88481672,63999.99994816
2026-06-25 09:45:00,1528.0,1528.0,1528.0,1528.0,20.94240836,31999.99997408
2026-06-25 10:45:00,1528.0,1528.0,1514.0,1519.0,1340.48640979,2040774.32527673
2026-06-25 11:00:00,1519.0,1519.0,1519.0,1519.0,46.08294928,69999.99995632
2026-06-25 12:30:00,1519.0,1519.0,1510.0,1518.0,718.28632087,1087136.34446798
2026-06-25 12:45:00,1518.0,1518.0,1518.0,1518.0,84.3214756,127999.9999608
2026-06-25 13:00:00,1518.0,1519.0,1518.0,1519.0,42.81513442,65024.97378621
2026-06-25 13:15:00,1519.0,1519.0,1519.0,1519.0,68.08966933,103428.20771227
2026-06-25 13:30:00,1520.0,1520.0,1518.0,1520.0,75.6151134,114909.59937622
2026-06-25 14:30:00,1516.0,1520.0,1516.0,1520.0,23.05993145,34972.01397292
2026-06-25 15:00:00,1513.0,1513.0,1513.0,1513.0,126.79028711,191833.70439743
2026-06-25 16:30:00,1511.0,1520.0,1511.0,1520.0,1594.16056765,2409992.0261866
2026-06-25 16:45:00,1518.0,1518.0,1510.0,1510.0,3.94996708,5964.6168244
2026-06-25 17:00:00,1520.0,1522.0,1520.0,1522.0,69.07674535,104999.9998613
2026-06-25 17:30:00,1522.0,1522.0,1513.0,1513.0,351.38914374,533868.15511875
2026-06-25 18:00:00,1515.0,1515.0,1507.0,1514.0,5251.25130098,7938237.68615721
2026-06-25 18:15:00,1514.0,1518.0,1514.0,1518.0,56.81276822,86151.65775855
2026-06-25 18:30:00,1518.0,1518.0,1518.0,1518.0,90.90909088,137999.99995584
2026-06-25 19:15:00,1518.0,1518.0,1512.0,1512.0,66.68674533,100933.37145376
2026-06-25 19:30:00,1509.0,1515.0,1509.0,1510.0,311.65190242,470722.65571165
2026-06-25 19:45:00,1515.0,1515.0,1515.0,1515.0,95.0495049,143999.9999235
2026-06-25 20:00:00,1515.0,1515.0,1515.0,1515.0,91.08910886,137999.9999229
2026-06-25 20:15:00,1515.0,1515.0,1515.0,1515.0,105.610561,159999.999915
2026-06-25 20:30:00,1515.0,1515.0,1515.0,1515.0,126.7326732,191999.999898
2026-06-25 20:45:00,1515.0,1515.0,1515.0,1515.0,153.35350637,232330.56215055
2026-06-25 21:00:00,1515.0,1515.0,1515.0,1515.0,116.1716171,175999.9999065
2026-06-25 21:15:00,1515.0,1515.0,1515.0,1515.0,105.610561,159999.999915
2026-06-25 21:30:00,1515.0,1516.0,1515.0,1516.0,38.27947436,57999.99996146
2026-06-25 21:45:00,1516.0,1516.0,1506.0,1516.0,313.74872426,474009.50355159
2026-06-25 22:30:00,1517.0,1517.0,1517.0,1517.0,138.25451375,209732.09735875
2026-06-25 22:45:00,1519.0,1531.0,1516.0,1531.0,10745.27521541,16420911.99716503
2026-06-25 23:00:00,1531.0,1531.0,1522.0,1522.0,238.23821345,363560.05039001
2026-06-25 23:30:00,1520.0,1520.0,1520.0,1520.0,117.11011128,178007.3691456
2026-06-26 00:00:00,1520.0,1522.0,1516.0,1522.0,451.21979658,685253.48959272
2026-06-26 00:15:00,1524.0,1531.0,1516.0,1516.0,299.21574345,457213.6042902
2026-06-26 00:30:00,1516.0,1516.0,1513.0,1513.0,454.62807847,688789.35378298
2026-06-26 00:45:00,1524.0,1524.0,1524.0,1524.0,3.93700787,5999.99999388
2026-06-26 01:15:00,1513.0,1513.0,1513.0,1513.0,3.93700787,5956.69290731
2026-06-26 04:45:00,1524.0,1524.0,1524.0,1524.0,26.14501311,39844.99997964
2026-06-26 05:30:00,1524.0,1524.0,1524.0,1524.0,6.56167979,9999.99999996
2026-06-26 05:45:00,1524.0,1524.0,1524.0,1524.0,20.99737532,31999.99998768
2026-06-26 08:15:00,1516.0,1524.0,1516.0,1524.0,21.93700787,33287.99999388
2026-06-26 08:30:00,1524.0,1524.0,1524.0,1524.0,20.99737532,31999.99998768
2026-06-26 08:45:00,1524.0,1524.0,1524.0,1524.0,136.48293958,207999.99991992
2026-06-26 09:00:00,1524.0,1524.0,1524.0,1524.0,127.13524361,193754.11126164
2026-06-26 09:15:00,1524.0,1524.0,1524.0,1524.0,10.49868766,15999.99999384
2026-06-26 09:30:00,1524.0,1524.0,1524.0,1524.0,41.99475064,63999.99997536
2026-06-26 09:45:00,1524.0,1524.0,1516.0,1524.0,83.99118806,127958.04129216
2026-06-26 10:00:00,1524.0,1524.0,1523.0,1523.0,125.99114534,191999.99991708
2026-06-26 10:15:00,1523.0,1523.0,1522.0,1523.0,84.09315726,128063.32441728
2026-06-26 10:30:00,1523.0,1523.0,1523.0,1523.0,97.176625,147999.999875
2026-06-26 10:45:00,1523.0,1523.0,1523.0,1523.0,97.83322381,148999.99986263
2026-06-26 11:00:00,1523.0,1523.0,1523.0,1523.0,115.56139188,175999.99983324
2026-06-26 11:45:00,1523.0,1523.0,1523.0,1523.0,10.50558108,15999.99998484
2026-06-26 12:00:00,1523.0,1523.0,1523.0,1523.0,73.53906756,111999.99989388
2026-06-26 12:15:00,1523.0,1523.0,1523.0,1523.0,21.01116216,31999.99996968
2026-06-26 13:00:00,1523.0,1524.0,1516.0,1524.0,2326.35317839,3542403.23396237
2026-06-26 13:15:00,1524.0,1524.0,1516.0,1522.0,258.46750659,392151.7833957
2026-06-26 14:30:00,1516.0,1516.0,1515.0,1515.0,178.15151835,270015.18796166
2026-06-26 14:45:00,1515.0,1520.0,1515.0,1520.0,870.23852133,1318436.040736
2026-06-26 15:00:00,1515.0,1515.0,1515.0,1515.0,459.08877531,695519.49459465
2026-06-26 15:15:00,1520.0,1520.0,1520.0,1520.0,4.265625,6483.75
2026-06-26 15:30:00,1514.0,1514.0,1513.0,1513.0,325.90433582,493097.19710353
2026-06-26 15:45:00,1517.0,1517.0,1517.0,1517.0,43.49198612,65977.34294404
2026-06-26 16:45:00,1517.0,1518.0,1517.0,1518.0,47.42899399,71993.27586895
2026-06-26 17:15:00,1518.0,1518.0,1518.0,1518.0,9.20893613,13979.16504534
2026-06-26 17:45:00,1517.0,1519.0,1517.0,1519.0,11.85060158,17991.1914316
2026-06-26 18:30:00,1517.0,1518.0,1517.0,1518.0,144.12159049,218685.15369558
2026-06-26 18:45:00,1518.0,1518.0,1518.0,1518.0,60.90508231,92453.91494658
2026-06-26 19:00:00,1518.0,1518.0,1517.0,1517.0,13.424634,20367.50580239
2026-06-26 19:15:00,1517.0,1517.0,1517.0,1517.0,63.28279494,95999.99992398
2026-06-26 19:30:00,1517.0,1517.0,1517.0,1517.0,40.45416819,61368.97314423
2026-06-26 19:45:00,1517.0,1517.0,1511.0,1517.0,388.55861793,587764.56041662
2026-06-26 20:00:00,1517.0,1517.0,1517.0,1517.0,10.54713249,15999.99998733
2026-06-26 21:00:00,1517.0,1517.0,1517.0,1517.0,34.93495056,52996.31999952
2026-06-26 21:15:00,1517.0,1517.0,1517.0,1517.0,148.21145129,224836.77160693
2026-06-26 22:15:00,1518.0,1519.0,1518.0,1519.0,85.63777018,130038.73377217
2026-06-26 22:30:00,1519.0,1519.0,1519.0,1519.0,118.74273833,180370.21952327
2026-06-26 23:30:00,1519.0,1519.0,1519.0,1519.0,16.44996708,24987.49999452
2026-06-26 23:45:00,1517.0,1517.0,1512.0,1512.0,26.99709957,40914.56657109
2026-06-27 00:00:00,1521.0,1521.0,1521.0,1521.0,10.51939513,15999.99999273
2026-06-27 00:45:00,1513.0,1521.0,1513.0,1521.0,14.16317456,21457.81144584
2026-06-27 01:30:00,1513.0,1513.0,1513.0,1513.0,44.56044309,67419.95039517
2026-06-27 02:00:00,1513.0,1513.0,1513.0,1513.0,168.25624356,254571.69650628
2026-06-27 09:00:00,1514.0,1521.0,1514.0,1521.0,9.85096315,14937.38319262
2026-06-27 10:45:00,1521.0,1521.0,1521.0,1521.0,3.94477317,5999.99999157
2026-06-27 11:00:00,1515.0,1515.0,1515.0,1515.0,138.03637742,209125.1117913
2026-06-27 11:15:00,1520.0,1520.0,1520.0,1520.0,17.76315789,26999.9999928
2026-06-27 12:00:00,1514.0,1514.0,1514.0,1514.0,3.94477317,5972.38657938
2026-06-27 14:30:00,1520.0,1520.0,1520.0,1520.0,48.07135905,73068.465756
2026-06-27 17:00:00,1515.0,1515.0,1515.0,1515.0,10.50645296,15917.2762344
2026-06-27 18:15:00,1516.0,1516.0,1515.0,1515.0,546.99491136,829172.85631437
2026-06-27 18:30:00,1519.0,1519.0,1519.0,1519.0,3.94996708,5999.99999452
2026-06-27 18:45:00,1517.0,1517.0,1517.0,1517.0,21.09426498,31999.99997466
2026-06-27 19:00:00,1517.0,1517.0,1517.0,1517.0,167.57586224,254212.58301808
2026-06-27 19:15:00,1517.0,1517.0,1517.0,1517.0,4268.16282083,6474802.99919911
2026-06-27 19:30:00,1517.0,1517.0,1517.0,1517.0,284.05066905,430904.86494885
2026-06-27 19:45:00,1517.0,1517.0,1514.0,1517.0,98.87415949,149980.25004509
2026-06-27 20:00:00,1517.0,1517.0,1517.0,1517.0,269.05459177,408155.81571509
2026-06-27 20:15:00,1517.0,1517.0,1517.0,1517.0,1303.64947979,1977636.26084143
2026-06-27 20:30:00,1517.0,1517.0,1517.0,1517.0,314.67099552,477355.90020384
2026-06-27 20:45:00,1517.0,1517.0,1517.0,1517.0,263.20390636,399280.32594812
2026-06-27 21:00:00,1517.0,1517.0,1517.0,1517.0,241.72494834,366696.74663178
2026-06-27 21:15:00,1517.0,1517.0,1512.0,1517.0,709.90936582,1075331.11884127
2026-06-27 21:30:00,1517.0,1517.0,1517.0,1517.0,63.28279494,95999.99992398
2026-06-27 23:00:00,1514.0,1516.0,1514.0,1516.0,454.57387858,688309.28488772
2026-06-27 23:15:00,1516.0,1516.0,1516.0,1516.0,50.77623426,76976.77113816
2026-06-28 00:15:00,1516.0,1516.0,1516.0,1516.0,307.09480262,465555.72077192
2026-06-28 02:30:00,1516.0,1516.0,1516.0,1516.0,610.26216976,925157.44935616
2026-06-28 05:30:00,1517.0,1517.0,1517.0,1517.0,124.22841385,188454.50381045
2026-06-28 06:45:00,1516.0,1516.0,1516.0,1516.0,87.71993762,132983.42543192
2026-06-28 08:45:00,1517.0,1517.0,1517.0,1517.0,318.47976268,483133.79998556
2026-06-28 09:00:00,1516.0,1516.0,1516.0,1516.0,11.64967935,17660.9138946
2026-06-28 14:00:00,1518.0,1518.0,1518.0,1518.0,3.2944664,5000.9999952
2026-06-28 15:30:00,1518.0,1518.0,1516.0,1516.0,13.86823486,21030.84167308
2026-06-28 17:30:00,1516.0,1516.0,1515.0,1515.0,204.41857283,309724.92396602
2026-06-28 21:30:00,1515.0,1515.0,1513.0,1515.0,687.6876199,1040633.85816382
2026-06-28 21:45:00,1515.0,1515.0,1515.0,1515.0,52.8052805,79999.9999575
2026-06-28 22:00:00,1515.0,1515.0,1515.0,1515.0,6.49977903,9847.16523045
