,open,high,low,close,volume,value
2026-05-14 12:15:00,43.9,44.0,43.9,43.9,87676.23914264,3849554.39273702
2026-05-14 12:30:00,44.0,44.1,43.8,43.9,397916.63094956,17512548.94743256
2026-05-14 12:45:00,43.9,43.9,43.7,43.8,1096312.70333417,48022909.72036467
2026-05-14 13:00:00,43.8,44.1,43.8,44.0,151925.57567404,6684037.58666243
2026-05-14 13:15:00,44.0,44.3,43.9,44.2,905277.20355784,39919641.02706073
2026-05-14 13:30:00,44.3,44.3,44.2,44.3,667271.26056075,29560096.84284123
2026-05-14 13:45:00,44.2,44.3,44.1,44.3,986586.82242013,43607825.81034298
2026-05-14 14:00:00,44.3,44.4,44.2,44.4,118196.59219723,5240331.47805013
2026-05-14 14:15:00,44.4,44.6,44.4,44.5,1024817.01270481,45604196.70847988
2026-05-14 14:30:00,44.5,44.7,44.4,44.5,151837.39849295,6767514.49941986
2026-05-14 14:45:00,44.3,44.7,44.3,44.4,80363.11491113,3578231.50839736
2026-05-14 15:00:00,44.4,44.7,44.4,44.7,235635.47885745,10469088.34787685
2026-05-14 15:15:00,44.6,44.6,44.4,44.4,565469.39289425,25151046.46597898
2026-05-14 15:30:00,44.5,44.5,44.2,44.5,528660.3897507,23437865.37660815
2026-05-14 15:45:00,44.5,44.5,44.2,44.3,131863.10946673,5843474.58131471
2026-05-14 16:00:00,44.4,44.4,44.0,44.1,125766.80622665,5540905.56410196
2026-05-14 16:15:00,44.1,44.4,44.1,44.4,1028371.71144376,45656920.38963491
2026-05-14 16:30:00,44.4,44.6,44.2,44.5,327901.75315771,14535536.08328007
2026-05-14 16:45:00,44.4,44.5,44.3,44.3,462404.77597217,20491063.51823838
2026-05-14 17:00:00,44.3,44.5,44.2,44.5,30823.12572415,1363892.23620447
2026-05-14 17:15:00,44.5,44.5,44.3,44.3,26556.6470439,1181680.49999983
2026-05-14 17:30:00,44.3,44.5,44.3,44.4,951927.10687663,42186683.8469693
2026-05-14 17:45:00,44.5,44.5,44.2,44.3,307130.69981582,13653177.70716427
2026-05-14 18:00:00,44.4,44.4,44.3,44.3,79971.35067674,3543652.90254715
2026-05-14 18:15:00,44.4,44.4,44.2,44.3,307234.38626702,13585764.32686052
2026-05-14 18:30:00,44.4,44.5,44.2,44.3,72234.97099057,3200221.3786459
2026-05-14 18:45:00,44.4,44.4,44.1,44.2,125584.79134855,5539746.55530796
2026-05-14 19:00:00,44.2,44.2,43.6,43.6,2973319.03190344,130238136.3462856
2026-05-14 19:15:00,43.7,43.8,43.7,43.8,1528411.71076502,66919816.14647961
2026-05-14 19:30:00,43.8,43.8,43.5,43.5,1715655.03750167,74780492.74974522
2026-05-14 19:45:00,43.5,43.6,43.4,43.6,254847.64998261,11082002.89024689
2026-05-14 20:00:00,43.6,43.6,43.2,43.2,191332.8289088,8312084.51204789
2026-05-14 20:15:00,43.3,43.4,43.0,43.1,2104025.89642608,90816133.12740871
2026-05-14 20:30:00,43.1,43.2,43.0,43.1,301122.4062194,12977714.62675573
2026-05-14 20:45:00,43.1,43.2,43.1,43.1,56178.82230362,2424435.33233309
2026-05-14 21:00:00,43.0,43.2,42.9,43.1,219756.26068506,9459723.5695244
2026-05-14 21:15:00,43.0,43.1,42.8,43.1,314521.23663751,13473661.14391406
2026-05-14 21:30:00,43.1,43.4,43.1,43.2,554183.34731918,23951688.26414477
2026-05-14 21:45:00,43.2,43.2,43.0,43.2,1759467.29337038,75709270.34700026
2026-05-14 22:00:00,43.2,43.3,43.1,43.1,415957.13625971,17963779.07551141
2026-05-14 22:15:00,43.4,43.5,43.3,43.4,1340707.4595388,58224989.38281507
2026-05-14 22:30:00,43.2,43.2,43.0,43.0,271800.13556899,11722213.77254169
2026-05-14 22:45:00,43.1,43.2,43.0,43.0,752922.09506886,32413976.36593263
2026-05-14 23:00:00,42.9,43.1,42.7,42.8,2046774.99860993,87728670.14682336
2026-05-14 23:15:00,42.8,42.9,42.3,42.4,3708536.67497655,157773786.93467575
2026-05-14 23:30:00,42.4,42.9,42.2,42.9,1875223.10623329,79246426.58746833
2026-05-14 23:45:00,43.0,44.2,43.0,43.9,1776245.92066305,77818784.4842361
2026-05-15 00:00:00,43.8,43.9,43.6,43.7,516787.60450097,22607628.94676873
2026-05-15 00:15:00,43.8,43.8,43.7,43.7,632315.11670159,27685038.73767377
2026-05-15 00:30:00,43.7,45.2,43.7,44.8,5556120.5790629,248728294.588031
2026-05-15 00:45:00,44.9,45.0,44.6,44.6,690070.6649468,30868703.85485845
2026-05-15 01:00:00,44.5,44.9,44.3,44.6,332498.33241764,14837158.21012914
2026-05-15 01:15:00,44.7,44.7,44.6,44.7,847524.90587173,37808072.86848371
2026-05-15 01:30:00,44.8,45.2,44.8,45.0,942110.15200614,42385991.46826587
2026-05-15 01:45:00,44.9,44.9,44.4,44.8,672617.14183018,30026616.22578347
2026-05-15 02:00:00,44.8,45.1,44.8,45.1,798278.45922992,35855871.70916303
2026-05-15 02:15:00,44.6,44.6,44.4,44.5,60823.06265735,2701896.9824662
2026-05-15 02:30:00,44.5,44.5,44.5,44.5,252013.16936185,11214586.03660233
2026-05-15 02:45:00,44.9,45.1,44.8,45.1,239242.71677054,10745085.25482597
2026-05-15 03:00:00,44.8,45.0,44.7,44.9,56089.15291468,2517666.11846336
2026-05-15 03:15:00,44.9,45.2,44.9,44.9,109457.84128273,4926939.38923041
2026-05-15 03:30:00,44.8,44.8,44.6,44.6,45633.36337017,2040483.57604469
2026-05-15 03:45:00,44.5,44.8,44.5,44.8,21304.96231892,950126.62676337
2026-05-15 04:00:00,44.8,44.9,44.5,44.5,1195586.7123142,53548690.41523557
2026-05-15 04:15:00,44.5,44.5,44.5,44.5,121366.97609785,5400830.43635433
2026-05-15 04:30:00,44.7,44.9,44.7,44.9,577307.97167112,25840877.9132232
2026-05-15 04:45:00,44.9,44.9,44.8,44.8,86994.73323148,3899106.44378806
2026-05-15 05:00:00,44.8,44.9,44.8,44.8,234298.41286075,10496647.82774258
2026-05-15 05:15:00,44.8,44.8,44.5,44.5,114419.1632755,5112094.59841485
2026-05-15 05:30:00,44.6,44.6,44.2,44.4,124827.5798162,5534378.45562559
2026-05-15 05:45:00,44.7,44.7,44.6,44.7,544963.84328003,24347496.40722995
2026-05-15 06:00:00,44.4,44.4,44.2,44.2,709571.23724371,31413124.64268351
2026-05-15 06:15:00,44.2,44.2,44.2,44.2,6076.1480403,268565.74338126
2026-05-15 06:30:00,44.2,44.4,44.2,44.4,128275.78303889,5682789.61031894
2026-05-15 06:45:00,44.4,44.4,44.2,44.2,72019.12728502,3188476.51608797
2026-05-15 07:00:00,44.0,44.3,44.0,44.3,30047.77073329,1323848.03158822
2026-05-15 07:15:00,44.2,44.2,44.1,44.1,10245.30553261,452215.93790207
2026-05-15 07:30:00,44.3,44.4,44.2,44.4,93888.8920057,4159169.88292543
2026-05-15 07:45:00,44.4,44.4,44.3,44.3,22495.18187142,996959.83474286
2026-05-15 08:00:00,44.1,44.2,44.0,44.0,245279.59375152,10819174.19335304
2026-05-15 08:15:00,44.0,44.3,44.0,44.3,122279.90773597,5401347.32974247
2026-05-15 08:30:00,44.3,44.3,44.1,44.1,30634.24053828,1351574.1104773
2026-05-15 08:45:00,44.0,44.1,43.9,44.0,524270.53048433,23065590.41468088
2026-05-15 09:00:00,44.1,44.2,43.9,44.2,202026.66689491,8884777.82031808
2026-05-15 09:15:00,44.2,44.2,44.2,44.2,28149.32126696,1244199.99999963
2026-05-15 09:30:00,44.1,44.4,43.9,44.0,100269.4163326,4424174.07554971
2026-05-15 09:45:00,44.2,44.4,44.2,44.4,68591.80753162,3032759.43171426
2026-05-15 10:00:00,44.3,44.8,44.3,44.5,758320.5149888,33886113.03348162
2026-05-15 10:15:00,44.6,44.8,44.5,44.7,299770.59942134,13393029.24872482
2026-05-15 10:30:00,44.6,44.9,44.3,44.9,377076.04166562,16810372.54530253
2026-05-15 10:45:00,44.9,44.9,44.5,44.5,730372.4253206,32702925.70898905
2026-05-15 11:00:00,44.4,44.5,44.2,44.2,196464.87347941,8719524.90688429
2026-05-15 11:15:00,44.3,44.3,44.0,44.0,1138954.38091114,50382831.39300245
2026-05-15 11:30:00,43.9,43.9,43.6,43.9,701632.73081369,30639472.29747349
2026-05-15 11:45:00,43.9,44.2,43.8,44.0,505753.46305118,22271346.08825961
2026-05-15 12:00:00,44.0,44.1,44.0,44.0,177365.7690178,7808157.28368498
2026-05-15 12:15:00,44.0,44.0,44.0,44.0,54469.65574108,2396664.85260752
2026-05-15 12:30:00,43.9,43.9,43.7,43.7,257567.49973115,11267534.76346811
2026-05-15 12:45:00,43.8,43.9,43.7,43.8,104069.14171753,4548963.50486637
2026-05-15 13:00:00,43.8,43.8,43.7,43.7,17270.77703485,756447.58452643
2026-05-15 13:15:00,43.7,43.8,43.5,43.5,306930.03092919,13386387.80686659
2026-05-15 13:30:00,43.5,43.8,43.5,43.6,117636.11162846,5123451.13787262
2026-05-15 13:45:00,43.6,43.6,43.5,43.5,7587.7045464,330693.53999431
2026-05-15 14:00:00,43.4,43.5,43.3,43.5,2209803.59500411,95805352.0455248
2026-05-15 14:15:00,43.5,43.6,43.5,43.6,3829.05420842,166923.77498136
2026-05-15 14:30:00,43.6,43.6,43.2,43.4,558564.53128002,24184327.76462372
2026-05-15 14:45:00,43.3,43.4,43.2,43.4,748953.31600051,32357933.99486239
2026-05-15 15:00:00,43.2,43.3,42.9,43.2,181028.54575827,7799565.59932258
2026-05-15 15:15:00,43.2,43.2,43.1,43.1,34812.70899976,1500727.75788966
2026-05-15 15:30:00,43.5,43.6,43.4,43.6,31120.45671943,1355110.88047623
2026-05-15 15:45:00,43.6,43.7,43.5,43.6,109793.23140742,4785420.21991733
2026-05-15 16:00:00,43.7,43.8,43.7,43.8,95781.29301069,4185688.24346738
2026-05-15 16:15:00,43.8,44.1,43.8,44.1,28723.85204601,1264498.08908904
2026-05-15 16:30:00,44.1,44.1,43.9,43.9,60100.33060875,2642101.1370193
2026-05-15 16:45:00,43.9,43.9,43.9,43.9,32608.20167677,1431500.0536102
2026-05-15 17:00:00,44.0,44.0,43.7,43.7,201316.35788989,8804007.68426572
2026-05-15 17:15:00,43.7,43.7,43.5,43.5,310829.85995532,13529483.71757587
2026-05-15 17:30:00,43.3,43.4,43.3,43.4,350282.30638487,15172840.27797468
2026-05-15 17:45:00,43.5,43.5,43.3,43.3,231932.4271457,10057742.41797013
2026-05-15 18:00:00,43.3,43.5,43.1,43.2,2228195.28541872,96159864.14785986
2026-05-15 18:15:00,43.2,43.2,43.0,43.0,539820.2260363,23249477.24128261
2026-05-15 18:30:00,43.0,43.0,42.7,42.8,1160762.5549168,49880041.36402068
2026-05-15 18:45:00,42.9,42.9,42.4,42.7,1957862.87549989,83383787.28242482
2026-05-15 19:00:00,42.7,42.8,42.4,42.7,2370922.04884197,101168434.0397115
2026-05-15 19:15:00,42.6,42.8,42.6,42.6,184366.62335085,7858013.89519374
2026-05-15 19:30:00,42.5,42.6,42.3,42.5,1307931.45557445,55521142.11909465
2026-05-15 19:45:00,42.6,42.8,42.6,42.7,467751.87195716,20013460.01529859
2026-05-15 20:00:00,42.7,42.7,42.5,42.5,66287.02934685,2821703.15968204
2026-05-15 20:15:00,42.5,42.5,42.4,42.5,281695.25891924,11954332.87332274
2026-05-15 20:30:00,42.5,42.5,41.6,41.6,2637589.88979478,110669944.64796077
2026-05-15 20:45:00,41.6,41.8,41.4,41.7,1086227.2665485,45218974.05276853
2026-05-15 21:00:00,41.7,41.9,41.7,41.7,570769.88322192,23812261.39206419
2026-05-15 21:15:00,41.7,41.8,41.6,41.7,450850.46161647,18809282.14105562
2026-05-15 21:30:00,41.7,41.9,41.7,41.7,845749.76943625,35270440.82924991
2026-05-15 21:45:00,41.6,41.6,41.4,41.4,408120.03480822,16925002.26529567
2026-05-15 22:00:00,41.4,41.6,41.4,41.4,712340.5496191,29521297.32875507
2026-05-15 22:15:00,41.4,41.5,41.3,41.4,173265.5020684,7163465.84965872
2026-05-15 22:30:00,41.3,41.3,40.7,40.9,6897566.14986135,282815024.4253459
2026-05-15 22:45:00,40.8,41.2,40.7,40.7,2225422.06989043,90863151.9188059
2026-05-15 23:00:00,40.7,41.1,40.4,41.0,1977080.4612351,80492114.11267129
2026-05-15 23:15:00,40.9,40.9,40.8,40.8,1092841.25325294,44598390.42048431
2026-05-15 23:30:00,40.9,41.1,40.8,41.1,458722.79682379,18753470.87272821
2026-05-15 23:45:00,41.2,41.6,41.2,41.6,76448.40263567,3166545.3009791
2026-05-16 00:00:00,41.6,41.9,41.6,41.9,220681.3580705,9193833.64265053
2026-05-16 00:15:00,42.0,42.2,42.0,42.1,498290.40773863,20977279.43440827
2026-05-16 00:30:00,42.1,42.3,42.1,42.2,516514.62845474,21803018.64458784
2026-05-16 00:45:00,42.2,42.7,42.2,42.7,559566.50167018,23658733.12223051
2026-05-16 01:00:00,42.6,42.9,42.6,42.8,858799.65836383,36732503.28547082
2026-05-16 01:15:00,43.0,43.5,42.9,43.5,775666.1399708,33524643.96338033
2026-05-16 01:30:00,43.5,43.5,42.9,42.9,259356.94438585,11261906.85943345
2026-05-16 01:45:00,42.9,43.3,42.7,43.3,1130581.48455704,48487252.71061554
2026-05-16 02:00:00,43.4,43.7,43.3,43.5,56961.99123241,2474820.33162104
2026-05-16 02:15:00,43.4,43.4,43.4,43.4,2014520.96504382,87430209.88290179
2026-05-16 02:30:00,43.7,44.0,43.7,43.9,151573.93281342,6647843.8559257
2026-05-16 02:45:00,43.7,43.8,43.7,43.7,1035604.13274096,45256373.10077995
2026-05-16 03:00:00,43.9,43.9,43.6,43.6,129744.42399044,5669198.26247318
2026-05-16 03:15:00,43.4,43.5,43.3,43.3,134747.52030138,5848111.98956573
2026-05-16 03:30:00,43.2,43.2,42.8,42.8,593948.75780902,25458574.69861298
2026-05-16 03:45:00,42.9,42.9,42.8,42.8,33710.8126,1442837.17127
2026-05-16 04:15:00,43.1,43.1,43.0,43.0,58880.87492296,2535278.03458988
2026-05-16 04:30:00,43.0,43.1,42.8,42.8,29602.77021609,1270417.34021102
2026-05-16 05:00:00,43.1,43.1,42.9,42.9,61142.50809165,2632410.57735272
2026-05-16 05:15:00,42.9,42.9,42.6,42.6,103928.29829612,4446024.59266027
2026-05-16 05:30:00,42.7,42.7,42.6,42.6,53437.97821692,2280674.29204079
2026-05-16 05:45:00,42.6,42.6,42.6,42.6,170388.9995305,7258571.3799993
2026-05-16 06:00:00,42.6,42.6,42.6,42.6,118131.6008,5032406.19408
2026-05-16 06:15:00,42.6,42.6,42.3,42.3,1339951.26319278,56773823.69490923
2026-05-16 06:30:00,42.4,42.4,42.4,42.4,24984.8550131,1059357.85255544
2026-05-16 06:45:00,42.4,42.4,42.2,42.3,90044.2041717,3816491.16148325
2026-05-16 07:00:00,42.4,42.5,42.4,42.4,60573.76529382,2568562.82498735
2026-05-16 07:30:00,42.3,42.3,42.1,42.1,179425.604864,7565466.14758492
2026-05-16 07:45:00,42.1,42.2,42.1,42.1,148326.92247174,6245037.13286114
2026-05-16 08:00:00,42.2,42.2,42.0,42.1,1874904.13235737,79096384.0796723
2026-05-16 08:15:00,42.1,42.2,42.1,42.2,113126.33283835,4772883.55822072
2026-05-16 08:30:00,42.0,42.1,41.9,42.1,792808.90284972,33234198.614354
2026-05-16 08:45:00,42.2,42.2,42.1,42.1,64012.42048406,2698324.14442733
2026-05-16 09:00:00,42.1,42.2,42.0,42.1,432957.00331469,18225974.53964171
2026-05-16 09:15:00,42.0,42.2,42.0,42.2,877566.44991111,36875228.44805597
2026-05-16 09:30:00,42.0,42.2,42.0,42.1,10873.42935679,458655.10723235
2026-05-16 09:45:00,42.2,42.2,42.1,42.1,293097.6609454,12340294.50921366
2026-05-16 10:00:00,42.2,42.2,42.1,42.1,86884.44797742,3666277.41791727
2026-05-16 10:15:00,42.2,42.3,42.2,42.3,133929.86298505,5652719.4410092
2026-05-16 10:30:00,42.2,42.2,42.1,42.2,52176.66821237,2200390.2596083
2026-05-16 10:45:00,42.2,42.3,42.2,42.3,161346.46724147,6822297.55682504
2026-05-16 11:00:00,42.4,42.4,42.3,42.3,211870.27275675,8975271.34404499
2026-05-16 11:15:00,42.3,42.3,42.1,42.2,398008.45658624,16807565.30812248
2026-05-16 11:30:00,42.1,42.4,42.1,42.4,48412.79638835,2040705.0694904
2026-05-16 11:45:00,42.3,42.4,42.3,42.4,103637.45277433,4388578.63914661
2026-05-16 12:00:00,42.4,42.4,42.4,42.4,120283.01886791,5099999.99999938
2026-05-16 12:15:00,42.3,42.3,42.2,42.2,52367.59914917,2210919.06510951
2026-05-16 12:30:00,42.3,42.3,42.1,42.1,22983.46475945,970200.19608593
2026-05-16 12:45:00,42.2,42.5,42.1,42.3,1307821.61429961,55509402.65974922
2026-05-16 13:00:00,42.5,42.5,42.3,42.3,90312.91520614,3820278.31321972
2026-05-16 13:15:00,42.3,42.3,42.2,42.2,48422.50865815,2043441.68806897
2026-05-16 13:30:00,42.2,42.2,42.0,42.0,178302.77102355,7498053.4739039
2026-05-16 13:45:00,42.0,42.3,42.0,42.3,211218.26139938,8910275.01300756
2026-05-16 14:00:00,42.4,42.5,42.4,42.4,180422.04814879,7654600.72386164
2026-05-16 14:15:00,42.3,42.3,42.3,42.3,29385.68895221,1243014.64267848
2026-05-16 14:30:00,42.2,42.2,42.1,42.1,254443.44054629,10712282.11714099
2026-05-16 14:45:00,42.2,42.3,42.2,42.3,3717.41337442,157222.8890555
2026-05-16 15:00:00,42.3,42.3,41.9,41.9,207028.41238725,8730058.53270993
2026-05-16 15:15:00,42.0,42.0,41.9,42.0,143388.72820128,6020697.92767534
2026-05-16 15:30:00,42.0,42.1,41.9,41.9,151649.83167248,6369604.53289928
2026-05-16 15:45:00,41.9,42.0,41.9,41.9,308290.6615278,12917528.64182434
2026-05-16 16:00:00,41.9,41.9,40.8,41.1,1630738.59070745,67187186.52102444
2026-05-16 16:15:00,41.2,41.3,40.8,41.1,2273657.69437712,93236594.02164899
2026-05-16 16:30:00,41.3,41.4,41.3,41.3,54973.34397007,2271331.4006861
2026-05-16 16:45:00,41.3,41.3,41.3,41.3,241573.01481476,9976965.51184959
2026-05-16 17:00:00,41.3,41.4,41.2,41.3,64667.41903851,2671145.84736647
2026-05-16 17:15:00,41.3,41.3,41.2,41.2,261115.33762826,10761792.7651888
2026-05-16 17:30:00,41.2,41.4,41.2,41.3,229556.80763119,9496266.2557002
2026-05-16 17:45:00,41.2,41.2,41.2,41.2,94990.09328923,3913591.84351628
2026-05-16 18:00:00,41.2,41.2,41.1,41.1,153554.20883671,6317827.66544281
2026-05-16 18:15:00,41.0,41.0,40.7,40.8,1857080.78214671,75776516.79823002
2026-05-16 18:30:00,41.0,41.2,41.0,41.2,63400.96225687,2600457.60787147
2026-05-16 18:45:00,41.1,41.2,41.0,41.0,1389329.07328382,56968194.9569667
2026-05-16 19:00:00,41.0,41.0,40.9,40.9,320888.06368746,13155986.41123644
2026-05-16 19:15:00,40.9,40.9,40.6,40.8,638378.91891196,26027700.93140627
2026-05-16 19:30:00,40.9,41.1,40.8,40.8,155616.26449987,6373313.64800048
2026-05-16 19:45:00,40.9,41.1,40.9,41.1,106858.64691814,4390094.25115582
2026-05-16 20:00:00,41.2,41.5,41.2,41.5,57215.46229706,2369352.9610839
2026-05-16 20:15:00,41.6,41.8,41.6,41.6,1842475.57877012,76738212.42431493
2026-05-16 20:30:00,41.6,41.6,41.6,41.6,158100.75198979,6576991.28277526
2026-05-16 20:45:00,41.7,41.7,41.5,41.5,127930.48555259,5322612.59999898
2026-05-16 21:15:00,41.4,41.4,41.3,41.3,53397.03966622,2206297.73821489
2026-05-16 21:30:00,41.3,41.3,41.3,41.3,30953.73927274,1278389.43196416
2026-05-16 21:45:00,41.3,41.3,41.3,41.3,222.0,9168.6
2026-05-16 22:00:00,41.3,41.3,41.1,41.1,252298.8847196,10393513.33415451
2026-05-16 22:15:00,41.4,41.4,41.4,41.4,8000.0,331200.0
2026-05-16 22:30:00,41.3,41.3,41.1,41.1,44849.90518287,1849506.99353424
2026-05-16 22:45:00,41.2,41.2,41.1,41.2,13460.24427753,553284.5834958
2026-05-16 23:00:00,41.1,41.2,41.0,41.2,32868.76934707,1353440.03252152
2026-05-16 23:15:00,41.2,41.2,41.2,41.2,27663.52260762,1139737.13143394
2026-05-16 23:30:00,41.2,41.2,41.2,41.2,4380.29656319,180468.21840343
2026-05-16 23:45:00,41.3,41.4,41.1,41.1,137631.72856608,5673433.36884166
2026-05-17 00:00:00,41.2,41.2,41.2,41.2,1149.9688589,47378.71698668
2026-05-17 00:15:00,41.4,41.5,41.4,41.5,76908.64351321,3186467.84144689
2026-05-17 00:30:00,41.4,41.6,41.4,41.5,184258.09240885,7646861.60419804
2026-05-17 00:45:00,41.6,41.7,41.6,41.7,252260.86423168,10519253.99999952
2026-05-17 01:00:00,41.7,41.7,41.6,41.6,248750.16996124,10372859.45276832
2026-05-17 01:15:00,41.8,41.8,41.6,41.6,217528.12420433,9079385.5762063
2026-05-17 01:30:00,41.6,41.6,41.6,41.6,7211.53846153,299999.99999965
2026-05-17 01:45:00,41.4,41.4,41.4,41.4,2232.14285714,92410.7142856
2026-05-17 02:15:00,41.6,41.6,41.6,41.6,479.61630695,19952.03836912
2026-05-17 02:30:00,41.7,41.8,41.5,41.5,321533.03446351,13422183.04520605
2026-05-17 03:15:00,41.3,41.3,41.3,41.3,136.4625,5635.90125
2026-05-17 03:45:00,41.3,41.3,41.3,41.3,19337.88711025,798654.73765333
2026-05-17 04:45:00,41.7,41.7,41.6,41.6,1198.49559632,49947.26636654
2026-05-17 05:00:00,41.6,41.6,41.5,41.5,12495.09588717,519773.29974965
2026-05-17 05:30:00,41.5,41.5,41.5,41.5,134869.91444036,5597101.44927494
2026-05-17 06:00:00,41.7,41.8,41.7,41.8,10136.4625,422704.1325
2026-05-17 06:15:00,41.9,41.9,41.8,41.8,2434.78251812,101814.52201735
2026-05-17 06:45:00,41.8,41.8,41.7,41.7,933506.72060857,39016483.63984401
2026-05-17 07:00:00,41.7,41.7,41.7,41.7,1198.27376479,49968.01599174
2026-05-17 07:15:00,41.6,41.8,41.6,41.8,9509.04317787,396054.66509891
2026-05-17 07:30:00,41.8,41.8,41.7,41.7,12187.52584534,509415.99999948
2026-05-17 07:45:00,41.8,41.8,41.8,41.8,716.98564593,29969.99999987
2026-05-17 08:00:00,41.7,41.7,41.6,41.6,14782.29665071,615421.77033461
2026-05-17 08:15:00,41.6,41.6,41.6,41.6,480.76923076,19999.99999962
2026-05-17 08:45:00,41.5,41.5,41.5,41.5,467.85542168,19415.99999972
2026-05-17 09:00:00,41.6,41.6,41.5,41.5,108638.10949721,4510169.16197523
2026-05-17 09:15:00,41.6,41.6,41.5,41.5,290845.56016146,12096626.05837167
2026-05-17 09:30:00,41.4,41.4,41.4,41.4,204405.7815181,8462399.35484934
2026-05-17 09:45:00,41.4,41.4,41.3,41.4,83019.56028917,3435773.94691504
2026-05-17 10:00:00,41.3,41.4,41.3,41.4,36624.43186533,1512671.16164199
2026-05-17 10:30:00,41.1,41.3,41.0,41.0,684794.47253786,28173162.714354
2026-05-17 10:45:00,41.1,41.1,41.0,41.1,128761.06178163,5290825.29774467
2026-05-17 11:00:00,41.1,41.1,41.1,41.1,3161.43631347,129935.03248362
2026-05-17 11:15:00,41.0,41.2,41.0,41.2,53714.3810847,2207673.05764012
2026-05-17 11:30:00,41.1,41.1,41.1,41.1,2550.05551223,104807.28155265
2026-05-17 11:45:00,41.0,41.0,40.9,40.9,21998.06823246,900979.20266433
2026-05-17 12:00:00,40.9,41.1,40.9,41.1,66294.52523242,2711948.52178366
2026-05-17 12:15:00,41.0,41.2,41.0,41.2,571425.2721961,23533499.547701
2026-05-17 12:30:00,41.3,41.4,41.3,41.4,6070.85289926,250742.63558944
2026-05-17 12:45:00,41.4,41.4,41.4,41.4,50319.57729468,2083230.49999975
2026-05-17 13:00:00,41.4,41.5,41.4,41.5,22677.33957693,941075.98961211
2026-05-17 13:15:00,41.5,41.5,41.5,41.5,56192.53251838,2331990.09951277
2026-05-17 13:30:00,41.5,41.6,41.5,41.5,32659.77871845,1355473.84288029
2026-05-17 13:45:00,41.7,41.7,41.7,41.7,119.90407673,4999.99999964
2026-05-17 14:00:00,41.6,41.8,41.6,41.7,114872.74529985,4793690.39662144
2026-05-17 14:15:00,41.7,41.7,41.5,41.5,34013.32723698,1416798.29999894
2026-05-17 14:30:00,41.5,41.5,41.5,41.5,963.85542169,40000.00000014
2026-05-17 14:45:00,41.6,41.6,41.6,41.6,72597.31232623,3020048.19277117
2026-05-17 15:00:00,41.6,41.6,41.6,41.6,78613.92312939,3270339.20218262
2026-05-17 15:15:00,41.6,41.6,41.6,41.6,4915.03605769,204465.4999999
2026-05-17 15:30:00,41.7,41.7,41.4,41.5,326700.0419717,13551584.42307174
2026-05-17 15:45:00,41.4,41.4,41.4,41.4,21419.8816425,886783.0999995
2026-05-17 16:00:00,41.5,41.5,41.4,41.4,19464.86436105,806869.48093301
2026-05-17 16:15:00,41.4,41.4,41.4,41.4,7252.239576,300242.7184464
2026-05-17 16:30:00,41.7,41.7,41.6,41.6,651.3610182,27144.92753586
2026-05-17 17:00:00,41.7,41.7,41.6,41.6,6934.36716387,288636.66842569
2026-05-17 17:15:00,41.7,41.7,41.6,41.6,27027.90397135,1126751.69609365
2026-05-17 17:30:00,41.7,41.7,41.6,41.6,31198.44154661,1298975.01249364
2026-05-17 17:45:00,41.6,41.8,41.6,41.8,94108.35320261,3923342.22807037
2026-05-17 18:00:00,41.7,41.8,41.7,41.8,195495.56214574,8155969.10514519
2026-05-17 18:15:00,41.9,41.9,41.9,41.9,384.35318449,16104.39843013
2026-05-17 18:30:00,41.9,41.9,41.8,41.8,225398.55561766,9442957.71370348
2026-05-17 18:45:00,41.8,41.9,41.8,41.9,42655.98007347,1785893.90727239
2026-05-17 19:00:00,42.0,42.2,42.0,42.0,166124.60396998,6982132.94565967
2026-05-17 19:15:00,42.1,42.2,42.0,42.1,509588.93950516,21453508.35484603
2026-05-17 19:30:00,42.1,42.2,42.0,42.0,558926.33575314,23547769.53645664
2026-05-17 19:45:00,42.1,42.1,42.0,42.0,116614.63711344,4897943.26232742
2026-05-17 20:00:00,42.0,42.1,42.0,42.1,118585.94245943,4980633.33626518
2026-05-17 20:15:00,42.0,42.1,42.0,42.0,241250.45667223,10136318.82441418
2026-05-17 20:30:00,42.2,42.4,42.2,42.4,310023.04606319,13117600.50712335
2026-05-17 20:45:00,42.4,42.5,42.1,42.1,160964.2727117,6814527.29239194
2026-05-17 21:00:00,42.3,42.3,42.1,42.2,85593.74288736,3618078.63740402
2026-05-17 21:15:00,42.2,42.2,42.0,42.0,215344.13180381,9063102.01086309
2026-05-17 21:30:00,42.0,42.2,42.0,42.0,132527.778831,5576914.08706049
2026-05-17 21:45:00,42.1,42.1,42.1,42.1,22455.36377891,945370.81509211
2026-05-17 22:00:00,42.0,42.2,42.0,42.2,243199.04209328,10214383.46460022
2026-05-17 22:15:00,42.1,42.1,42.0,42.0,7182.87264888,301728.04461789
2026-05-17 22:30:00,42.2,42.2,42.0,42.0,485626.78570675,20435049.00709082
2026-05-17 22:45:00,42.0,42.1,41.9,42.1,200417.43348068,8434419.5845807
2026-05-17 23:00:00,42.1,42.1,41.9,41.9,301782.49826252,12646791.34483801
2026-05-17 23:15:00,41.6,41.6,41.4,41.5,1841387.28686467,76383408.682904
2026-05-17 23:30:00,41.6,41.6,41.5,41.5,2223.22930262,92384.20836642
2026-05-17 23:45:00,41.8,41.8,41.8,41.8,4980.430622,208181.9999996
2026-05-18 00:00:00,41.7,41.7,41.7,41.7,2987.49905621,124578.71064396
2026-05-18 00:15:00,41.6,41.7,41.5,41.7,126104.40238421,5246157.9175681
2026-05-18 00:30:00,41.8,41.8,41.8,41.8,1224105.62661251,51167615.19240292
2026-05-18 00:45:00,41.7,41.7,41.7,41.7,13174.86888714,549392.03259374
2026-05-18 01:00:00,41.8,41.9,41.8,41.9,28350.98719503,1185238.25916095
2026-05-18 01:15:00,41.7,41.7,41.7,41.7,239.80815347,9999.9999997
2026-05-18 02:00:00,41.8,41.8,41.6,41.6,508.27164265,21172.55487969
2026-05-18 02:15:00,41.5,41.5,41.5,41.5,153963.17928931,6389471.94050637
2026-05-18 02:30:00,41.5,41.6,41.4,41.4,25216.93535931,1044033.66713957
2026-05-18 03:15:00,41.5,41.5,41.5,41.5,36500.0,1514750.0
2026-05-18 03:45:00,41.8,41.8,41.8,41.8,144.9147,6057.43446
2026-05-18 04:00:00,42.0,42.0,42.0,42.0,14897.97418078,625714.91559276
2026-05-18 04:15:00,42.2,42.7,42.2,42.6,171021.57188616,7258213.12678342
2026-05-18 04:30:00,42.7,42.8,42.7,42.7,116072.22513419,4956357.30272226
2026-05-18 05:00:00,42.5,42.5,42.3,42.3,598718.48556076,25414559.5275915
2026-05-18 05:15:00,42.2,42.2,42.2,42.2,60366.71282635,2547475.28127197
2026-05-18 05:30:00,42.3,42.3,42.3,42.3,945.62647755,40000.00000037
2026-05-18 05:45:00,42.3,42.3,42.3,42.3,4033.96101633,170636.55099076
2026-05-18 06:00:00,42.5,42.5,42.5,42.5,14440.0270453,613701.14942525
2026-05-18 06:15:00,42.7,42.9,42.7,42.9,29775.25408863,1271543.69808159
2026-05-18 06:30:00,43.0,43.3,43.0,43.2,154277.85564522,6652052.91471969
2026-05-18 06:45:00,43.2,43.2,43.0,43.1,157125.61676932,6782417.95277643
2026-05-18 07:00:00,43.0,43.0,42.7,42.7,116353.40002179,4976149.34727004
2026-05-18 07:15:00,42.5,42.5,42.5,42.5,117130.48725878,4978045.70849815
2026-05-18 07:30:00,42.4,42.5,42.4,42.5,88442.83520881,3750082.37755943
2026-05-18 07:45:00,42.4,42.5,42.3,42.4,58709.19819203,2486531.25536708
2026-05-18 08:00:00,42.4,42.4,42.1,42.2,136622.2481872,5772000.77959452
2026-05-18 08:15:00,42.2,42.2,42.0,42.1,217592.47047695,9157828.30196215
2026-05-18 08:30:00,42.1,42.2,40.4,41.1,2210389.81818237,91004900.88312787
2026-05-18 08:45:00,41.0,41.6,40.9,41.6,115867.60131726,4785042.59681092
2026-05-18 09:00:00,41.5,41.5,40.8,41.0,547389.86049377,22408171.3868
2026-05-18 09:15:00,41.0,41.2,40.8,40.9,237360.87298695,9719799.62279388
2026-05-18 09:30:00,40.9,41.0,40.8,40.9,582831.6729518,23832490.32406452
2026-05-18 09:45:00,40.9,41.2,40.8,41.2,94666.64745854,3875505.99146223
2026-05-18 10:00:00,41.1,41.1,40.9,40.9,17047.14484809,698234.00916424
2026-05-18 10:15:00,40.9,40.9,40.6,40.6,1851764.0545817,75454011.4767439
2026-05-18 10:30:00,40.6,40.6,40.3,40.3,2172536.71853058,87685606.83378331
2026-05-18 10:45:00,40.3,40.7,40.2,40.6,897700.79997882,36267583.87940301
2026-05-18 11:00:00,40.6,40.7,40.4,40.7,3437238.39727063,139061894.79709902
2026-05-18 11:15:00,40.7,40.7,40.5,40.5,702900.14362776,28503904.10516805
2026-05-18 11:30:00,40.5,40.6,40.5,40.5,7965.10516862,322775.64377411
2026-05-18 11:45:00,40.5,40.7,40.5,40.5,919461.22706312,37245158.45387144
2026-05-18 12:00:00,40.6,40.8,40.5,40.7,302183.0202938,12310611.14498575
2026-05-18 12:15:00,40.7,40.7,40.4,40.4,1068220.04328536,43183948.57842343
2026-05-18 12:30:00,40.4,40.4,40.2,40.4,277635.56122634,11189014.98127502
2026-05-18 12:45:00,40.4,40.5,40.3,40.3,574890.70017554,23168404.42868083
2026-05-18 13:00:00,40.3,40.4,40.3,40.4,174201.44418252,7023145.08322975
2026-05-18 13:15:00,40.4,40.4,40.2,40.3,431209.76785601,17339640.69268722
2026-05-18 13:30:00,40.3,40.6,40.3,40.6,15288.30401846,616252.2080828
2026-05-18 13:45:00,40.6,40.6,40.5,40.6,26238.54906104,1062951.95053212
2026-05-18 14:00:00,40.6,40.6,40.6,40.6,17045.03412794,692028.38559436
2026-05-18 14:15:00,40.6,40.6,40.5,40.5,82184.93894513,3332370.73298341
2026-05-18 14:30:00,40.4,40.5,40.3,40.3,345094.59543837,13932465.48850302
2026-05-18 14:45:00,40.3,40.3,40.2,40.2,119612.3800976,4812358.69854268
2026-05-18 15:00:00,40.1,40.3,40.0,40.0,1022824.8468348,40977198.63680535
2026-05-18 15:15:00,40.2,40.2,39.8,39.9,680645.23174584,27193871.29626353
2026-05-18 15:30:00,40.0,40.2,40.0,40.2,81674.32659584,3277556.78700813
2026-05-18 15:45:00,40.2,40.2,40.1,40.1,112301.18165722,4505944.49119966
2026-05-18 16:00:00,40.1,40.1,40.0,40.0,17482.35481836,700915.58512787
2026-05-18 16:15:00,40.0,40.1,39.9,40.1,269419.88295169,10762819.63153663
2026-05-18 16:30:00,40.2,40.2,39.8,39.9,526470.66168563,21008825.79033369
2026-05-18 16:45:00,40.0,40.0,39.9,39.9,133594.11671728,5333052.43164341
2026-05-18 17:00:00,40.0,40.0,39.9,39.9,496805.6596478,19859692.9773907
2026-05-18 17:15:00,39.8,39.8,39.7,39.7,78318.5586656,3114792.61320246
2026-05-18 17:30:00,39.7,39.8,39.6,39.8,251792.78501378,10002663.07319152
2026-05-18 17:45:00,39.8,39.9,39.7,39.8,156436.90374059,6224683.24259949
2026-05-18 18:00:00,39.8,39.8,39.7,39.7,115502.77804515,4587434.93498875
2026-05-18 18:15:00,39.9,39.9,39.9,39.9,4575.40653232,182558.72063957
2026-05-18 18:30:00,39.9,39.9,39.6,39.6,171669.60556184,6810477.56438041
2026-05-18 18:45:00,39.7,39.7,39.6,39.6,3182.06359823,126186.04090804
2026-05-18 19:00:00,39.7,39.8,39.6,39.7,1242645.20449278,49294054.64512411
2026-05-18 19:15:00,39.7,39.7,39.6,39.6,76126.43382995,3017464.19528315
2026-05-18 19:30:00,39.6,39.6,39.5,39.5,67005.61294399,2646888.25654013
2026-05-18 19:45:00,39.5,39.6,39.5,39.6,79737.59219965,3152212.36779847
2026-05-18 20:00:00,39.5,39.5,39.3,39.3,128043.5809305,5041378.5556612
2026-05-18 20:15:00,39.6,39.6,39.4,39.4,187439.04246599,7417193.58353508
2026-05-18 20:30:00,39.4,40.2,39.4,40.2,285539.61585566,11433993.12581178
2026-05-18 20:45:00,40.2,40.3,40.2,40.2,62767.96906152,2524516.42078923
2026-05-18 21:00:00,40.2,40.4,40.2,40.2,943858.17683698,38017616.72966531
2026-05-18 21:15:00,40.4,40.4,40.4,40.4,19428.88644647,784927.01243739
2026-05-18 21:30:00,40.4,40.5,40.4,40.5,356761.56503911,14433167.22758004
2026-05-18 21:45:00,40.4,40.5,40.3,40.4,404270.63934944,16295777.45292974
2026-05-18 22:00:00,40.3,40.3,40.1,40.1,102410.16466116,4115329.93459977
2026-05-18 22:15:00,40.1,40.1,39.9,39.9,31887.82819393,1272900.48274953
2026-05-18 22:30:00,39.8,39.9,39.5,39.7,177359.0817009,7049069.64624562
2026-05-18 22:45:00,39.5,39.9,39.5,39.5,651821.25811667,25906454.57630624
2026-05-18 23:00:00,39.6,39.7,39.4,39.4,474821.69081117,18788207.94530383
2026-05-18 23:15:00,39.4,39.4,39.2,39.4,250288.06795202,9839177.42147532
2026-05-18 23:30:00,39.3,39.5,39.3,39.5,325222.00085009,12801250.07870116
2026-05-18 23:45:00,39.4,39.5,39.3,39.3,104952.53323763,4127500.19952945
2026-05-19 00:00:00,39.4,39.5,39.1,39.5,298950.30523922,11730980.31950915
2026-05-19 00:15:00,39.4,39.4,39.1,39.1,164335.17311481,6444922.68786289
2026-05-19 00:30:00,39.1,39.1,39.0,39.1,692526.0974071,27014638.49227293
2026-05-19 00:45:00,39.2,39.2,39.1,39.1,172459.82778652,6758279.64381527
2026-05-19 01:00:00,39.1,39.3,39.0,39.3,942172.96546404,36890940.89004628
2026-05-19 01:15:00,39.1,39.1,38.8,38.8,592143.91495824,23042284.4161523
2026-05-19 01:30:00,38.9,38.9,38.8,38.8,198036.83473973,7695277.72761062
2026-05-19 01:45:00,38.8,38.8,38.8,38.8,218194.97749186,8465965.12668417
2026-05-19 02:00:00,38.8,39.1,38.7,39.1,250433.15065947,9750645.44482809
2026-05-19 02:15:00,39.1,39.2,39.1,39.1,32317.86082611,1263758.18483151
2026-05-19 02:45:00,39.1,39.4,39.1,39.3,93956.43595484,3676031.67121495
2026-05-19 03:00:00,39.2,39.2,39.1,39.1,124901.76133014,4896121.04414149
2026-05-19 03:15:00,38.9,39.0,38.7,39.0,547449.10093903,21204187.33296935
2026-05-19 03:30:00,39.0,39.0,38.7,38.7,8164.54896067,317088.58450806
2026-05-19 03:45:00,38.8,38.8,38.4,38.4,437858.17603834,16848162.36996592
2026-05-19 04:00:00,38.6,39.1,38.6,38.9,175466.90654998,6850001.90148286
2026-05-19 04:15:00,38.9,38.9,38.9,38.9,1400.0,54460.0
2026-05-19 04:30:00,39.0,39.5,39.0,39.5,28362.81772661,1115353.63550345
2026-05-19 04:45:00,39.6,39.9,39.6,39.9,153469.22282852,6122886.87877089
2026-05-19 05:00:00,40.0,40.0,39.9,39.9,26396.95749511,1053258.13380489
2026-05-19 05:15:00,39.9,40.0,39.8,39.9,200366.75895429,8005091.92065698
2026-05-19 05:30:00,39.8,39.8,39.8,39.8,553382.50106863,22024623.54253147
2026-05-19 05:45:00,39.7,39.7,39.6,39.6,27354.7502099,1085766.9999997
2026-05-19 06:00:00,39.6,39.6,39.6,39.6,24775.08086465,981093.20224014
2026-05-19 06:15:00,39.8,39.8,39.7,39.7,149157.85463193,5931962.26146193
2026-05-19 06:30:00,40.0,40.2,40.0,40.2,502.28635823,20126.21965709
2026-05-19 06:45:00,40.1,40.2,39.7,39.7,162094.95120657,6461201.10589631
2026-05-19 07:00:00,39.6,40.3,38.0,40.3,1258032.87934958,49558822.34717817
2026-05-19 07:15:00,40.4,40.9,40.4,40.7,1238352.57742704,50401004.65725701
2026-05-19 07:30:00,40.6,40.6,40.1,40.1,370366.65711688,14852318.71393368
2026-05-19 07:45:00,40.0,40.3,40.0,40.3,48672.25575634,1949416.71598561
2026-05-19 08:00:00,40.4,40.5,40.4,40.5,31670.67236736,1279952.83993764
2026-05-19 08:15:00,40.4,40.4,40.2,40.2,159660.19523505,6429800.97212856
2026-05-19 08:30:00,40.2,40.3,40.1,40.3,17579.58008754,705708.25237328
2026-05-19 08:45:00,40.1,40.1,39.8,40.0,410029.48526394,16384232.13586802
2026-05-19 09:00:00,40.3,40.3,39.8,40.1,370420.93225224,14853815.60998753
2026-05-19 09:15:00,40.1,40.6,40.0,40.6,2698991.0890102,108310282.82271256
2026-05-19 09:30:00,40.8,40.8,40.5,40.5,1136252.18526426,46046028.21066224
2026-05-19 09:45:00,40.5,40.6,40.4,40.4,327799.71899386,13267127.01889274
2026-05-19 10:00:00,40.3,40.3,40.1,40.1,201856.00722862,8113084.73691281
2026-05-19 10:15:00,40.2,40.2,39.8,39.8,1132304.07708308,45109047.9580967
2026-05-19 10:30:00,39.7,39.8,39.7,39.8,126293.01957588,5013872.17564853
2026-05-19 10:45:00,39.8,39.8,39.6,39.7,1085214.56591599,43082846.66364519
2026-05-19 11:00:00,39.7,39.7,39.3,39.5,1609951.29854346,63535377.52420675
2026-05-19 11:15:00,39.5,40.0,39.5,39.9,90463.82011559,3583620.67438876
2026-05-19 11:30:00,39.8,39.8,39.5,39.6,174536.32042303,6905372.68848114
2026-05-19 11:45:00,39.6,39.6,39.4,39.4,105213.37601056,4160964.15081456
2026-05-19 12:00:00,39.4,39.6,39.4,39.6,32457.23192215,1282425.49002012
2026-05-19 12:15:00,39.8,40.0,39.8,39.8,3566457.65118533,142121539.3999975
2026-05-19 12:30:00,39.7,40.0,39.7,39.9,133058.42582108,5287193.96600209
2026-05-19 12:45:00,40.0,40.1,39.9,40.0,51414.56816365,2058561.89144858
2026-05-19 13:00:00,40.0,40.3,40.0,40.3,919401.23784608,36906958.04937368
2026-05-19 13:15:00,40.1,40.1,39.8,39.8,259196.35162328,10353317.39960457
2026-05-19 13:30:00,39.8,39.9,39.8,39.8,271921.2171713,10834903.7701203
2026-05-19 13:45:00,39.8,39.8,39.7,39.8,79875.68294495,3175762.12500004
2026-05-19 14:00:00,39.8,40.0,39.8,39.8,700396.60027921,27912187.73289143
2026-05-19 14:15:00,39.8,39.8,39.6,39.8,389343.94983298,15455826.12288075
2026-05-19 14:30:00,39.8,40.2,39.8,40.2,435974.48319397,17423683.70977739
2026-05-19 14:45:00,40.0,40.0,39.9,39.9,261298.6901967,10435817.73884833
2026-05-19 15:00:00,39.9,40.1,39.9,40.1,335877.52074199,13435682.93968564
2026-05-19 15:15:00,40.1,40.1,40.0,40.1,57505.88740497,2305971.0849393
2026-05-19 15:30:00,40.2,40.5,40.2,40.5,244314.33848456,9880124.09155968
2026-05-19 15:45:00,40.5,40.5,40.4,40.4,313228.9066468,12684197.54649957
2026-05-19 16:00:00,40.3,40.3,40.3,40.3,285013.53966211,11486045.64838303
2026-05-19 16:15:00,40.4,40.4,40.3,40.3,249007.32415226,10059087.7957513
2026-05-19 16:30:00,40.5,40.5,40.5,40.5,117315.84521487,4751291.73120224
2026-05-19 16:45:00,40.4,40.8,40.4,40.8,686192.65152252,27942957.92068656
2026-05-19 17:00:00,40.7,40.8,40.3,40.3,249541.58822966,10138909.94049254
2026-05-19 17:15:00,40.5,40.6,40.4,40.4,137952.9888619,5587943.41144049
2026-05-19 17:30:00,40.5,40.8,40.5,40.8,877300.86313515,35732230.48408756
2026-05-19 17:45:00,40.8,40.8,40.6,40.6,46657.85101272,1895308.39936738
2026-05-19 18:00:00,40.3,40.4,40.3,40.4,165656.17716263,6692065.71748499
2026-05-19 18:15:00,40.4,40.4,39.9,40.0,1542816.22358707,62260783.21741086
2026-05-19 18:30:00,40.0,40.0,39.9,39.9,271564.22302507,10851957.68984919
2026-05-19 18:45:00,40.0,40.0,40.0,40.0,350282.29162006,14011291.6648024
2026-05-19 19:00:00,40.1,40.1,40.1,40.1,203357.05641043,8154617.96205824
2026-05-19 19:15:00,40.0,40.1,39.9,39.9,26756.44878934,1070027.71785231
2026-05-19 19:30:00,40.1,40.3,40.1,40.1,49934.62024637,2006798.91163944
2026-05-19 19:45:00,40.0,40.3,40.0,40.3,156369.03081811,6289767.5067056
2026-05-19 20:00:00,40.3,40.3,40.3,40.3,23167.29514466,933641.9943298
2026-05-19 20:30:00,40.2,40.2,39.8,39.8,381574.9412772,15224015.80827117
2026-05-19 20:45:00,39.7,39.9,39.7,39.8,116004.41311166,4605815.51130984
2026-05-19 21:00:00,39.8,40.0,39.8,40.0,152473.62826232,6096013.12361879
2026-05-19 21:15:00,39.9,40.0,39.9,39.9,101641.92864647,4055659.7652788
2026-05-19 21:30:00,39.9,39.9,39.7,39.7,297606.41611776,11823017.74991166
2026-05-19 21:45:00,39.7,39.8,39.7,39.8,125662.01087085,4998781.83157275
2026-05-19 22:00:00,39.7,39.7,39.6,39.6,132582.36663724,5250579.8769547
2026-05-19 22:15:00,39.5,39.6,39.5,39.6,337211.33623859,13322292.55081396
2026-05-19 22:30:00,40.1,40.1,39.8,39.8,51076.83436811,2046044.38129398
2026-05-19 22:45:00,39.8,40.1,39.8,40.1,60115.3830526,2406845.10063256
2026-05-19 23:00:00,40.0,40.1,39.7,39.7,105466.28429879,4207539.89029918
2026-05-19 23:15:00,39.6,39.6,39.2,39.3,1737068.11378808,68484370.76448637
2026-05-19 23:30:00,39.3,39.4,39.1,39.3,318306.05472661,12501291.6180578
2026-05-19 23:45:00,39.2,39.2,38.7,39.0,2372413.60362258,92396491.63370422
2026-05-20 00:00:00,39.0,39.0,38.7,38.7,753010.50366472,29300756.27739564
2026-05-20 00:15:00,38.8,38.8,38.4,38.6,1061024.84980571,40995168.04411905
2026-05-20 00:30:00,38.5,38.6,38.5,38.5,189908.60489283,7316313.89020775
2026-05-20 00:45:00,38.6,38.7,38.6,38.7,64666.15010119,2502319.59224939
2026-05-20 01:00:00,38.8,38.8,38.7,38.8,43230.32090258,1677310.61122682
2026-05-20 01:15:00,38.9,39.1,38.9,39.1,769.23414088,30000.00000102
2026-05-20 01:30:00,39.1,39.4,39.1,39.2,70997.18589117,2795417.46499829
2026-05-20 01:45:00,39.4,39.5,39.4,39.5,7528.86816357,296662.72210036
2026-05-20 02:00:00,39.6,39.6,39.4,39.6,58821.01118454,2328083.4520356
2026-05-20 02:30:00,39.4,39.4,39.2,39.2,192230.73855981,7558617.76260541
2026-05-20 02:45:00,39.1,39.3,39.1,39.3,79756.31647398,3122422.54034433
2026-05-20 03:00:00,39.4,39.6,39.4,39.6,127348.4374106,5041225.66052226
2026-05-20 03:15:00,39.3,39.3,39.1,39.1,55830.14839976,2190356.07618241
2026-05-20 03:30:00,39.2,39.3,39.2,39.3,858.79763427,33685.66726338
2026-05-20 03:45:00,39.4,39.4,39.2,39.2,7318.76585923,288265.49477826
2026-05-20 04:00:00,39.3,39.4,39.3,39.4,28000.35417611,1103130.06964537
2026-05-20 04:15:00,39.4,39.4,39.2,39.2,29623.49645378,1165165.76027893
2026-05-20 04:30:00,39.3,39.3,39.3,39.3,267.18100028,10500.213311
2026-05-20 04:45:00,39.1,39.1,38.8,38.8,267349.43145776,10444777.47868535
2026-05-20 05:00:00,39.1,39.1,39.1,39.1,135.11285594,5282.91266725
2026-05-20 05:15:00,39.1,39.1,39.1,39.1,889299.48577174,34771609.89367503
2026-05-20 05:30:00,39.1,39.1,39.0,39.0,22369.49493138,874631.30029696
2026-05-20 06:00:00,39.1,39.1,39.1,39.1,131358.09460997,5136101.49924983
2026-05-20 06:15:00,39.0,39.0,39.0,39.0,630.31505128,24582.28699992
2026-05-20 06:30:00,39.1,39.1,39.1,39.1,91045.7306845,3559888.06976395
2026-05-20 06:45:00,39.2,39.2,39.2,39.2,28784.0,1128332.8
2026-05-20 07:00:00,39.0,39.0,38.9,39.0,97589.28675083,3800451.44438015
2026-05-20 07:15:00,38.9,38.9,38.6,38.6,200902.54198662,7760319.57480137
2026-05-20 07:30:00,38.6,38.7,38.6,38.7,72588.69112492,2805673.35080692
2026-05-20 07:45:00,38.6,38.7,38.6,38.7,187626.92921533,7260224.51951393
2026-05-20 08:00:00,38.7,38.7,38.6,38.7,128691.65268514,4978598.20298676
2026-05-20 08:15:00,38.8,38.9,38.8,38.9,41066.40014104,1593532.37688623
2026-05-20 08:30:00,38.8,38.8,38.8,38.8,17247.50794704,669203.30834515
2026-05-20 08:45:00,38.7,38.8,38.6,38.7,433078.06972201,16792568.63032592
2026-05-20 09:00:00,38.8,38.9,38.5,38.5,206596.15838381,8021872.14707381
2026-05-20 09:15:00,38.6,38.6,38.5,38.6,952606.50099172,36747554.17531893
2026-05-20 09:30:00,38.7,38.7,38.5,38.7,521798.17894601,20185986.80360529
2026-05-20 09:45:00,38.6,38.6,38.6,38.6,7400.0,285640.0
2026-05-20 10:00:00,38.6,38.9,38.6,38.8,270679.64470297,10502324.10794461
2026-05-20 10:15:00,38.8,38.8,38.5,38.5,416451.20057845,16152933.38629372
2026-05-20 10:30:00,38.5,38.5,38.2,38.2,2096331.60341217,80256087.67493176
2026-05-20 10:45:00,38.1,38.7,38.0,38.7,2321769.44791612,88974271.79155298
2026-05-20 11:00:00,38.7,38.8,38.5,38.6,49995.31701207,1931529.46272508
2026-05-20 11:15:00,38.6,38.6,38.4,38.4,42388.53098707,1629868.12943424
2026-05-20 11:30:00,38.3,38.4,38.2,38.3,536194.95317418,20487974.69936655
2026-05-20 11:45:00,38.3,38.3,38.1,38.2,468544.86006757,17865220.60414933
2026-05-20 12:00:00,38.2,38.2,38.0,38.1,256709.47182947,9780367.65165991
2026-05-20 12:15:00,38.0,38.2,38.0,38.2,770334.61210579,29369921.95397095
2026-05-20 12:30:00,38.2,38.3,38.2,38.2,54877.01582477,2098390.12493686
2026-05-20 12:45:00,38.1,38.1,37.9,38.1,673206.90537168,25565504.16732993
2026-05-20 13:00:00,38.1,38.2,38.1,38.2,430478.98106983,16443621.82628624
2026-05-20 13:15:00,38.2,38.2,38.2,38.2,13173.56020943,503230.00000023
2026-05-20 13:30:00,38.1,38.1,38.0,38.0,193393.30052764,7366266.69943687
2026-05-20 13:45:00,38.0,38.2,38.0,38.2,56933.49137077,2166479.91116591
2026-05-20 14:00:00,38.2,38.7,38.2,38.6,229457.80377642,8808248.04236667
2026-05-20 14:15:00,38.6,38.7,38.6,38.7,337888.96591484,13054244.45749537
2026-05-20 14:30:00,38.6,38.7,38.5,38.5,324498.96216566,12528104.62279942
2026-05-20 14:45:00,38.5,38.7,38.5,38.7,464060.83373964,17919128.2240574
2026-05-20 15:00:00,38.8,39.0,38.8,38.9,1076175.85409589,41761480.08328933
2026-05-20 15:15:00,39.0,39.3,39.0,39.2,659008.33828031,25824788.404111
2026-05-20 15:30:00,39.2,39.3,39.2,39.2,189582.39830981,7431931.49974964
2026-05-20 15:45:00,39.2,39.4,39.2,39.4,566532.2215366,22317212.23939624
2026-05-20 16:00:00,39.4,39.4,39.3,39.3,186906.20376512,7345585.76823133
2026-05-20 16:15:00,39.3,39.4,39.3,39.4,110544.99226337,4344443.5766611
2026-05-20 16:30:00,39.4,39.4,39.4,39.4,100000.0,3940000.0
2026-05-20 16:45:00,39.3,39.3,39.2,39.2,41998.07469038,1650424.33533193
2026-05-20 17:00:00,39.4,39.4,39.2,39.2,260891.30656127,10250438.70270273
2026-05-20 17:15:00,39.1,39.2,39.1,39.2,154346.74654062,6036235.72200579
2026-05-20 17:30:00,39.2,39.3,39.2,39.2,101875.85359302,3993558.90613901
2026-05-20 17:45:00,39.2,39.2,39.1,39.1,20463.19924986,802144.41059451
2026-05-20 18:00:00,39.1,39.1,38.9,38.9,111999.83585807,4361639.37769944
2026-05-20 18:15:00,38.9,39.0,38.9,39.0,17793.49233076,692179.92858964
2026-05-20 18:30:00,39.1,39.1,39.1,39.1,85610.44286041,3347368.31584203
2026-05-20 18:45:00,39.2,39.2,39.1,39.1,49836.84344242,1951072.4048866
2026-05-20 19:00:00,39.1,39.5,39.1,39.5,3165444.96222048,124321269.66141704
2026-05-20 19:15:00,39.5,39.6,39.5,39.5,54691.46799385,2160325.61454495
2026-05-20 19:30:00,39.6,39.7,39.6,39.6,1702055.36737504,67486166.648395
2026-05-20 19:45:00,39.5,39.6,39.2,39.2,1981293.91397212,78139671.01920424
2026-05-20 20:00:00,39.2,39.2,39.2,39.2,195.21410579,7652.39294697
2026-05-20 20:15:00,39.2,39.2,39.2,39.2,72207.96822872,2830552.35456582
2026-05-20 20:30:00,39.2,39.3,39.1,39.1,1280973.65065889,50212178.82700327
2026-05-20 20:45:00,39.2,39.2,39.1,39.2,748293.37664358,29325965.54736009
2026-05-20 21:00:00,39.2,39.3,39.1,39.1,963628.78460639,37718588.43011954
2026-05-20 21:30:00,39.3,39.5,39.3,39.5,556677.35166058,21988534.40192127
2026-05-20 21:45:00,39.5,39.6,39.5,39.5,27580.12756139,1089440.29120016
2026-05-20 22:00:00,39.5,39.5,39.4,39.4,13969.05352437,551256.99999942
2026-05-20 22:15:00,39.3,39.3,39.2,39.2,598024.35105901,23442588.09532689
2026-05-20 22:30:00,39.2,39.2,38.8,38.9,207188.90450598,8062011.66375482
2026-05-20 22:45:00,39.2,39.2,38.9,38.9,269943.09450536,10525375.003178
2026-05-20 23:00:00,39.1,39.2,38.9,38.9,6546.36085927,255389.72419954
2026-05-20 23:15:00,39.3,39.6,39.2,39.3,64252.60227193,2527036.13154356
2026-05-20 23:30:00,39.5,39.6,39.4,39.4,292269.24208887,11554489.09861807
2026-05-20 23:45:00,39.6,39.8,39.6,39.8,1288062.03909821,51050168.97442355
2026-05-21 00:00:00,39.7,39.7,39.6,39.6,83923.28776455,3331501.99900011
2026-05-21 00:15:00,39.7,40.1,39.7,39.9,632653.91640314,25300153.08485217
2026-05-21 00:30:00,39.9,39.9,39.5,39.5,120351.54428967,4763442.45999273
2026-05-21 00:45:00,39.7,39.9,39.5,39.5,356325.06279643,14144571.12445952
2026-05-21 01:00:00,39.7,39.7,39.7,39.7,1747.94525667,69393.4266898
2026-05-21 01:15:00,39.7,39.7,39.3,39.3,219108.09946451,8624477.65444583
2026-05-21 01:30:00,39.5,39.5,39.5,39.5,172.8553,6827.78435
2026-05-21 01:45:00,39.7,39.7,39.7,39.7,24420.0,969474.0
2026-05-21 02:00:00,39.9,40.0,39.7,40.0,234855.58116049,9357568.63131564
2026-05-21 02:15:00,40.1,40.1,40.0,40.0,10210.95,409435.5
2026-05-21 02:30:00,39.8,39.9,39.8,39.9,401145.18978918,15983174.55038491
2026-05-21 02:45:00,39.9,40.0,39.8,39.9,240847.89202056,9597231.21853176
2026-05-21 03:00:00,39.7,39.8,39.7,39.8,620.66628351,24677.13737304
2026-05-21 03:15:00,39.9,39.9,39.9,39.9,410.99196,16398.579204
2026-05-21 03:45:00,39.6,39.6,39.5,39.6,12387.85353535,489558.99999986
2026-05-21 04:00:00,39.5,39.6,39.5,39.6,21515.53606592,851722.56168072
2026-05-21 04:15:00,39.6,39.6,39.6,39.6,70065.22563499,2774582.9351456
2026-05-21 04:30:00,39.8,39.8,39.8,39.8,18310.0,728738.0
2026-05-21 04:45:00,39.7,39.8,39.7,39.8,30874.04960816,1228763.40110502
2026-05-21 05:00:00,39.7,39.7,39.6,39.6,36990.36560111,1464832.24393396
2026-05-21 05:15:00,39.6,39.6,39.5,39.5,46329.4035,1834628.58328
2026-05-21 05:30:00,39.8,39.8,39.6,39.6,56395.49810796,2237228.71502496
2026-05-21 05:45:00,39.8,40.2,39.8,40.0,2024930.14684504,81033082.88815846
2026-05-21 06:00:00,39.8,40.0,39.8,40.0,80787.75445738,3228516.66965613
2026-05-21 06:15:00,39.9,39.9,39.7,39.7,131034.68118113,5211538.75374989
2026-05-21 06:30:00,39.8,39.8,39.8,39.8,102906.86817395,4095693.35332321
2026-05-21 06:45:00,39.8,39.8,39.7,39.7,154716.52001261,6154466.16233981
2026-05-21 07:00:00,39.6,39.6,39.4,39.4,300.6433,11879.47468
2026-05-21 07:15:00,39.2,39.5,39.2,39.5,45612.33893199,1788303.68613401
2026-05-21 07:30:00,39.6,39.6,39.5,39.5,135831.76819407,5378396.43179787
2026-05-21 07:45:00,39.5,39.6,39.5,39.6,117144.10617568,4627343.04999997
2026-05-21 08:00:00,39.6,39.6,39.5,39.5,8085.51675079,320164.26333128
2026-05-21 08:15:00,39.6,39.6,39.3,39.3,3437.60907877,135713.35527929
2026-05-21 08:30:00,39.5,39.7,39.5,39.7,74020.37495099,2924206.49028815
2026-05-21 08:45:00,39.7,39.9,39.7,39.9,173427.60525493,6914343.31365156
2026-05-21 09:00:00,40.0,40.1,39.8,40.1,23197.9802488,929142.45292801
2026-05-21 09:15:00,40.2,40.5,40.1,40.5,294411.93839647,11847443.04438088
2026-05-21 09:30:00,40.4,40.7,40.4,40.6,886547.38507671,35913344.20289419
2026-05-21 09:45:00,40.6,40.7,40.5,40.6,1211931.90698064,49210899.83192208
2026-05-21 10:00:00,40.6,40.8,40.6,40.8,17180.76634462,699861.65384004
2026-05-21 10:15:00,40.8,40.8,40.5,40.5,919073.37442671,37361001.4234059
2026-05-21 10:30:00,40.5,40.6,40.5,40.6,622679.01324283,25221487.46887116
2026-05-21 10:45:00,40.5,40.5,40.4,40.5,94176.20103796,3812514.07191424
2026-05-21 11:00:00,40.6,40.6,40.4,40.4,249263.35572987,10089048.07573793
2026-05-21 11:15:00,40.6,40.8,40.6,40.8,522769.49880296,21245906.46606012
2026-05-21 11:30:00,40.8,40.9,40.7,40.8,409198.99872055,16695309.15158306
2026-05-21 11:45:00,40.7,40.8,40.7,40.8,266290.58247576,10840615.66514198
2026-05-21 12:00:00,40.8,40.9,40.6,40.6,173710.33732118,7093859.1213306
2026-05-21 12:15:00,40.9,41.0,40.9,41.0,17170.73170731,702299.99999971
2026-05-21 12:30:00,41.0,41.0,40.7,40.7,323000.89035343,13161014.95268435
2026-05-21 12:45:00,40.7,40.7,40.7,40.7,27320.16002581,1111930.51305047
2026-05-21 13:00:00,41.0,41.0,40.9,40.9,923.22622944,37827.82552929
2026-05-21 13:15:00,40.7,40.8,40.7,40.8,1067049.45806116,43478882.01171666
2026-05-21 13:30:00,40.8,40.8,40.7,40.7,78671.70000485,3208405.36019788
2026-05-21 13:45:00,40.7,40.8,40.7,40.8,691524.94483299,28186523.59685522
2026-05-21 14:00:00,40.8,40.9,40.7,40.8,454873.74317606,18518454.64391645
2026-05-21 14:15:00,40.8,40.8,40.7,40.7,71752.59689398,2926611.99343016
2026-05-21 14:30:00,40.6,40.6,40.6,40.6,39650.87371476,1609825.47281926
2026-05-21 14:45:00,40.5,40.5,40.4,40.5,1394567.5744677,56386274.58906901
2026-05-21 15:00:00,40.5,40.5,40.5,40.5,133672.78333671,5413747.72513676
2026-05-21 15:15:00,40.5,40.7,40.4,40.6,481129.45467148,19475280.10355758
2026-05-21 15:30:00,40.7,40.8,40.4,40.5,65192.80813764,2654396.97905373
2026-05-21 15:45:00,40.4,40.4,40.3,40.4,801857.57189668,32331851.67238759
2026-05-21 16:00:00,40.4,40.5,40.4,40.4,403042.3557165,16288645.44773669
2026-05-21 16:15:00,40.4,40.4,40.2,40.3,104772.67132221,4218666.78886086
2026-05-21 16:30:00,40.5,41.0,40.5,41.0,972812.16578631,39781747.33638977
2026-05-21 16:45:00,40.9,41.1,40.9,41.0,53891.59948785,2206621.47469427
2026-05-21 17:00:00,41.1,41.3,41.0,41.2,638440.07553297,26284376.21981629
2026-05-21 17:15:00,41.3,41.3,41.2,41.2,135699.6224053,5591433.49999909
2026-05-21 17:30:00,41.1,41.1,41.1,41.1,229.80535279,9444.99999967
2026-05-21 17:45:00,41.1,41.1,40.9,41.0,257110.55375756,10540724.36134575
2026-05-21 18:00:00,40.9,41.0,40.8,40.9,194599.01751606,7959050.33322273
2026-05-21 18:15:00,40.9,40.9,40.8,40.8,1098102.13568329,44814986.18240635
2026-05-21 18:30:00,40.8,40.8,40.6,40.6,41941.0363992,1708431.50090509
2026-05-21 18:45:00,40.5,40.6,40.5,40.5,236405.14153818,9580187.52999816
2026-05-21 19:00:00,40.5,40.5,40.5,40.5,837309.2972797,33911026.53982785
2026-05-21 19:15:00,40.4,40.4,40.1,40.2,1699027.91367969,68336072.77010483
2026-05-21 19:30:00,40.1,40.3,40.1,40.1,1553440.88487772,62320142.27826085
2026-05-21 19:45:00,40.1,40.1,40.0,40.0,424131.60342073,16987635.18463167
2026-05-21 20:00:00,39.9,40.1,39.9,40.1,187526.81275653,7505986.56105552
2026-05-21 20:15:00,40.2,40.7,40.2,40.7,51930.73337272,2102826.39825325
2026-05-21 20:30:00,40.7,40.7,40.5,40.5,120957.78183677,4922447.22075115
2026-05-21 20:45:00,40.5,40.6,40.5,40.6,67023.75206566,2714562.37575273
2026-05-21 21:00:00,40.8,40.9,40.8,40.8,221518.27976831,9040260.63757563
2026-05-21 21:15:00,40.7,40.8,40.7,40.7,171191.70779116,6977237.22307556
2026-05-21 21:30:00,40.9,41.0,40.9,41.0,432201.22039069,17681091.29690605
2026-05-21 21:45:00,41.0,41.1,40.9,40.9,1229090.48173324,50403663.36992963
2026-05-21 22:00:00,41.0,41.0,40.9,41.0,146613.10618846,6003354.54540365
2026-05-21 22:15:00,40.9,40.9,40.7,40.9,1216224.41269504,49698519.10319999
2026-05-21 22:30:00,40.6,40.7,40.5,40.5,80740.82932029,3278681.21172078
2026-05-21 22:45:00,40.4,41.2,40.4,41.1,1256955.68528078,51543211.16955696
2026-05-21 23:00:00,41.1,41.2,40.9,41.1,86782.58685092,3559890.62150581
2026-05-21 23:15:00,41.0,41.0,40.8,40.8,64263.27633078,2629927.92307631
2026-05-21 23:30:00,41.3,41.3,41.2,41.2,60889.7152281,2513637.8628265
2026-05-21 23:45:00,41.0,41.2,40.9,41.2,1366900.08614187,56144253.97501561
2026-05-22 00:00:00,41.4,41.7,41.1,41.7,612003.85731531,25313769.16433595
2026-05-22 00:15:00,41.5,42.2,41.5,42.2,426357.11964237,17839064.63692558
2026-05-22 00:30:00,42.2,42.3,41.9,42.2,1018625.94774932,42934913.73231587
2026-05-22 00:45:00,42.3,42.6,42.3,42.5,451946.57285452,19177556.07167367
2026-05-22 01:00:00,42.6,42.8,42.5,42.7,611446.09056303,26048623.42998265
2026-05-22 01:15:00,42.7,42.8,42.5,42.6,403338.37132305,17193587.40480318
2026-05-22 01:30:00,42.7,42.8,42.5,42.6,112737.07935619,4811464.05426904
2026-05-22 01:45:00,42.4,42.4,42.2,42.2,101588.27029447,4294823.69392376
2026-05-22 02:00:00,42.3,42.5,42.2,42.5,115540.84135639,4882918.37198213
2026-05-22 02:15:00,42.4,42.7,42.4,42.7,95130.66042821,4042844.43678899
2026-05-22 02:30:00,42.7,43.8,42.7,43.6,2362103.10030914,102477372.92871578
2026-05-22 02:45:00,43.6,44.1,43.4,43.7,1388750.39860862,60820966.15266266
2026-05-22 03:00:00,43.7,44.6,43.7,44.0,1103439.71549877,48804733.38122028
2026-05-22 03:15:00,44.1,44.3,43.8,43.8,592655.33148801,26035400.25492712
2026-05-22 03:30:00,43.8,43.9,43.7,43.8,215740.61412933,9457059.64009358
2026-05-22 03:45:00,43.9,43.9,43.2,43.2,225644.96736345,9800415.15194761
2026-05-22 04:00:00,43.3,43.5,43.3,43.3,90885.90071225,3942473.13759582
2026-05-22 04:15:00,43.3,43.5,43.3,43.5,263084.00449852,11433355.80149192
2026-05-22 04:30:00,43.6,43.6,43.6,43.6,72312.61542278,3152830.03243321
2026-05-22 04:45:00,43.6,43.9,43.6,43.9,298017.934838,13043337.67405385
2026-05-22 05:00:00,43.5,43.6,43.4,43.5,169530.59031827,7377295.85832992
2026-05-22 05:15:00,43.5,43.5,43.2,43.3,133439.53763871,5800217.17523022
2026-05-22 05:30:00,43.1,43.2,43.1,43.2,135718.95550508,5854879.33496496
2026-05-22 05:45:00,43.1,43.4,43.1,43.1,590443.16819108,25473807.83675249
2026-05-22 06:00:00,43.2,43.2,43.1,43.1,424856.78738303,18324718.28278215
2026-05-22 06:15:00,43.2,43.3,43.1,43.1,111012.07209871,4787060.13210904
2026-05-22 06:30:00,43.2,43.2,43.1,43.1,173092.45951649,7465016.93287156
2026-05-22 06:45:00,43.1,43.1,42.9,42.9,362736.28347719,15588082.79065639
2026-05-22 07:00:00,42.8,42.9,42.7,42.9,846259.29462583,36224355.84960814
2026-05-22 07:15:00,42.9,42.9,42.8,42.8,120008.58960981,5137833.34638372
2026-05-22 07:30:00,42.7,42.7,42.5,42.5,327140.85833786,13907790.22979459
2026-05-22 07:45:00,42.7,42.9,42.7,42.8,455930.93677031,19513188.25609239
2026-05-22 08:00:00,42.8,42.8,42.7,42.7,249299.64172129,10655916.90785741
2026-05-22 08:15:00,42.6,42.6,42.4,42.4,283192.57290496,12021570.33200243
2026-05-22 08:30:00,42.4,42.5,42.4,42.4,42862.9346226,1818683.46792305
2026-05-22 08:45:00,42.4,42.6,42.4,42.5,467357.16694912,19874192.13758437
2026-05-22 09:00:00,42.6,42.6,42.3,42.6,385388.58627792,16357483.83713377
2026-05-22 09:15:00,42.6,42.7,42.5,42.6,172773.13666731,7358614.28790418
2026-05-22 09:30:00,42.5,42.8,42.5,42.8,168397.91602886,7190715.9591328
2026-05-22 09:45:00,42.7,42.8,42.6,42.6,311969.59154645,13304935.73847749
2026-05-22 10:00:00,42.5,42.6,42.4,42.6,280497.6187064,11913902.63350088
2026-05-22 10:15:00,42.7,42.7,42.5,42.5,55143.80359055,2351563.62917917
2026-05-22 10:30:00,42.5,42.6,42.3,42.4,800562.22030138,34001374.33362214
2026-05-22 10:45:00,42.8,42.9,42.6,42.6,284365.35948668,12162475.29116309
2026-05-22 11:00:00,42.7,42.9,42.7,42.7,237307.7283434,10140129.00072886
2026-05-22 11:15:00,42.7,42.7,42.5,42.6,1211059.72115137,51492031.49074805
2026-05-22 11:30:00,42.6,42.7,42.4,42.5,362517.27075783,15408151.3610001
2026-05-22 11:45:00,42.5,42.6,42.4,42.6,80864.76001751,3430038.91847999
2026-05-22 12:00:00,42.5,42.5,42.3,42.4,413272.16891495,17554238.81686233
2026-05-22 12:15:00,42.5,42.5,42.2,42.5,912214.93545973,38673754.97941153
2026-05-22 12:30:00,42.5,42.5,42.4,42.4,42873.46211452,1822105.30306741
2026-05-22 12:45:00,42.4,42.5,42.4,42.5,66188.93343882,2813003.27685056
2026-05-22 13:00:00,42.5,42.7,42.5,42.7,55087.65058155,2350221.35546756
2026-05-22 13:15:00,42.7,42.8,42.6,42.8,904166.75367428,38610249.84233746
2026-05-22 13:30:00,42.7,42.7,42.5,42.6,133662.84153187,5697099.53319489
2026-05-22 13:45:00,42.5,42.5,42.4,42.4,1330.60814707,56535.48188166
2026-05-22 14:00:00,42.4,42.5,42.3,42.3,69519.58964321,2941492.37978159
2026-05-22 14:15:00,42.4,42.4,42.3,42.3,118062.70411882,5005336.09212008
2026-05-22 14:30:00,42.2,42.4,42.2,42.3,142372.05224967,6015444.59360577
2026-05-22 14:45:00,42.3,42.4,42.3,42.4,92137.15928558,3905294.5164407
2026-05-22 15:00:00,42.3,42.3,42.2,42.3,36890.95174974,1559525.69283781
2026-05-22 15:15:00,42.4,42.5,42.3,42.3,202969.24401359,8595345.27571072
2026-05-22 15:30:00,42.3,42.3,42.1,42.3,113887.30508313,4805232.25403416
2026-05-22 15:45:00,42.3,42.3,42.1,42.1,63764.51231087,2684563.5272177
2026-05-22 16:00:00,42.1,42.2,42.0,42.2,344860.52200245,14513667.06220813
2026-05-22 16:15:00,42.2,42.4,42.2,42.4,174836.90025159,7385913.2904768
2026-05-22 16:30:00,42.5,42.6,42.5,42.5,159255.93928745,6769586.74463163
2026-05-22 16:45:00,42.5,42.5,42.4,42.4,133418.27740815,5656946.72916438
2026-05-22 17:00:00,42.5,42.5,42.5,42.5,188482.01463399,8010485.62194458
2026-05-22 17:15:00,42.5,42.6,42.5,42.5,411546.79360015,17528478.89207227
2026-05-22 17:30:00,42.5,42.5,42.3,42.3,118108.13987767,5013303.58270779
2026-05-22 17:45:00,42.5,42.5,42.5,42.5,29097.74427207,1236654.13156298
2026-05-22 18:00:00,42.4,42.5,42.4,42.5,13145.66037735,557488.99999964
2026-05-22 18:15:00,42.3,42.3,42.3,42.3,1182.3064133,50011.56128259
2026-05-22 18:30:00,42.3,42.3,42.2,42.2,443926.53339593,18733976.50930825
2026-05-22 18:45:00,42.1,42.1,41.9,42.0,613054.76753037,25710387.02363697
2026-05-22 19:00:00,42.0,42.0,41.9,41.9,239235.57354043,10026478.00855779
2026-05-22 19:15:00,41.9,42.0,41.7,41.7,180190.2018049,7539901.82917186
2026-05-22 19:30:00,41.7,41.8,41.7,41.8,608633.22617678,25426316.12268765
2026-05-22 19:45:00,41.7,42.1,41.7,42.1,114622.24028664,4787814.10580433
2026-05-22 20:00:00,42.2,42.5,42.2,42.5,226592.30281633,9581338.79428263
2026-05-22 20:15:00,42.4,42.4,42.1,42.3,94959.01868089,4010289.3212213
2026-05-22 20:30:00,42.4,42.8,42.4,42.8,100479.40658159,4278579.72771167
2026-05-22 20:45:00,42.7,43.1,42.7,43.0,1284327.70169908,55164323.42036371
2026-05-22 21:00:00,43.0,43.1,42.9,43.0,164833.92411302,7093468.54004606
2026-05-22 21:15:00,43.0,43.0,42.7,42.7,646031.05183993,27665184.72841859
2026-05-22 21:30:00,42.8,42.8,42.7,42.8,183563.54176088,7842138.25025208
2026-05-22 21:45:00,42.9,43.2,42.9,43.1,318336.11429333,13683370.74238772
2026-05-22 22:00:00,43.2,43.2,42.9,43.0,601528.27944433,25917676.20588535
2026-05-22 22:15:00,42.9,42.9,42.6,42.6,723403.33356486,30949453.69286213
2026-05-22 22:30:00,42.6,42.7,42.3,42.4,301325.71929107,12819344.73458333
2026-05-22 22:45:00,42.5,42.5,42.3,42.5,503453.61758939,21301219.45293798
2026-05-22 23:00:00,42.5,42.5,42.1,42.2,205570.36112391,8679271.46962615
2026-05-22 23:15:00,42.3,42.3,41.6,42.0,1244572.72051757,52174696.57908977
2026-05-22 23:30:00,42.0,42.2,41.8,41.9,149872.87743306,6284647.07281828
2026-05-22 23:45:00,41.9,41.9,41.7,41.8,146216.10530198,6099943.87656635
2026-05-23 00:00:00,41.8,42.0,41.7,42.0,397288.66930912,16577562.270278
2026-05-23 00:15:00,41.8,41.8,41.4,41.7,1376930.32060143,57248564.48193977
2026-05-23 00:30:00,41.9,41.9,41.4,41.4,963108.95600802,40236709.10594204
2026-05-23 00:45:00,41.4,41.4,41.4,41.4,926164.48766641,38343209.78938937
2026-05-23 01:00:00,41.6,41.6,41.5,41.5,70667.71857685,2937614.91206218
2026-05-23 01:15:00,41.5,41.5,41.3,41.3,118942.47056907,4923940.43131807
2026-05-23 01:30:00,41.6,41.6,41.2,41.3,163123.71270701,6733753.91225346
2026-05-23 01:45:00,41.3,41.3,41.3,41.3,15854.33220107,654783.91990419
2026-05-23 02:00:00,41.4,41.5,41.4,41.5,202296.71237337,8378190.4414187
2026-05-23 02:15:00,41.5,41.8,41.4,41.8,395052.6747287,16430438.60972351
2026-05-23 02:30:00,41.7,41.7,41.6,41.6,223410.72998586,9313028.12942378
2026-05-23 02:45:00,41.5,41.6,41.5,41.6,2509.22211157,104156.58310127
2026-05-23 03:00:00,41.5,41.6,41.4,41.6,73980.56785376,3063973.46546509
2026-05-23 03:15:00,41.8,41.8,41.8,41.8,11955.74461573,499750.12493751
2026-05-23 03:30:00,41.7,41.7,40.9,41.1,921662.37525764,37912246.72921609
2026-05-23 03:45:00,40.9,40.9,40.6,40.9,667625.14985757,27237124.89151087
2026-05-23 04:00:00,40.9,40.9,40.4,40.4,690879.76659191,28058541.86038399
2026-05-23 04:15:00,40.5,40.5,40.3,40.4,51457.76838526,2081145.63585092
2026-05-23 04:30:00,40.2,40.2,39.8,39.8,597690.29697389,23832834.59198355
2026-05-23 04:45:00,39.9,39.9,39.7,39.9,446540.86075198,17807455.26077426
2026-05-23 05:00:00,40.0,40.0,40.0,40.0,561.725,22469.0
2026-05-23 05:15:00,39.9,39.9,39.6,39.7,109068.54472439,4328051.02835384
2026-05-23 05:30:00,39.7,39.7,39.6,39.7,160607.46843833,6366464.42616922
2026-05-23 05:45:00,39.9,39.9,39.9,39.9,50313.56133289,2007511.09718231
2026-05-23 06:00:00,40.0,40.2,39.9,40.1,76742.6830628,3076755.98000706
2026-05-23 06:15:00,40.1,40.1,40.0,40.0,191201.84907546,7648138.9630184
2026-05-23 06:30:00,40.0,40.1,40.0,40.1,72244.86148437,2890594.4982581
2026-05-23 06:45:00,40.1,40.1,40.0,40.1,74023.58959998,2968319.70117516
2026-05-23 07:00:00,40.0,40.0,39.9,39.9,124311.21727849,4961590.63222035
2026-05-23 07:15:00,39.9,39.9,39.8,39.8,56695.33880742,2258980.75019948
2026-05-23 07:30:00,39.8,39.9,39.8,39.8,107244.09612299,4276374.61244298
2026-05-23 07:45:00,39.8,39.8,39.6,39.8,244839.50425088,9715892.13579456
2026-05-23 08:00:00,39.7,39.7,39.7,39.7,52423.64085367,2081218.5418907
2026-05-23 08:15:00,39.7,39.7,39.4,39.4,490425.58864032,19379842.10530148
2026-05-23 08:30:00,39.3,39.5,39.3,39.5,842216.22547108,33136790.83772649
2026-05-23 08:45:00,39.5,39.5,39.2,39.3,473502.60447175,18607233.339399
2026-05-23 09:00:00,39.3,39.4,39.2,39.3,335811.26043632,13203022.57492861
2026-05-23 09:15:00,39.3,39.3,39.0,39.0,2336498.22396176,91358813.9065169
2026-05-23 09:30:00,39.0,39.0,38.7,38.7,999532.83347473,38737811.76461506
2026-05-23 09:45:00,38.7,38.7,38.4,38.7,3728833.74914828,143629820.68672484
2026-05-23 10:00:00,38.7,38.8,38.6,38.7,557660.45445847,21545883.16949942
2026-05-23 10:15:00,38.6,38.9,38.6,38.9,32727.09341149,1265598.99631801
2026-05-23 10:30:00,39.0,39.0,39.0,39.0,17065.47697139,665553.60188421
2026-05-23 10:45:00,39.0,39.0,39.0,39.0,7800.0,304200.0
2026-05-23 11:00:00,39.0,39.0,38.8,38.8,198902.77408025,7733265.51367988
2026-05-23 11:15:00,38.7,38.8,38.7,38.7,148350.60989371,5742732.03766403
2026-05-23 11:30:00,38.8,38.9,38.8,38.9,104300.37474484,4046996.0568093
2026-05-23 11:45:00,38.8,38.8,38.7,38.8,195879.85359437,7588046.3467688
2026-05-23 12:00:00,38.7,38.8,38.6,38.7,323174.06986535,12492140.025515
2026-05-23 12:15:00,38.8,38.8,38.7,38.8,65579.21276556,2543233.34509496
2026-05-23 12:30:00,38.8,39.1,38.8,39.0,53722.90123242,2094194.15178086
2026-05-23 12:45:00,38.9,38.9,38.9,38.9,708771.86416825,27571225.51614493
2026-05-23 13:00:00,38.9,39.0,38.6,38.9,3587983.96845849,139146215.1456571
2026-05-23 13:15:00,38.9,39.0,38.5,38.6,895878.47815507,34721417.87458152
2026-05-23 13:30:00,38.6,38.6,38.3,38.3,458638.22463007,17624257.36388016
2026-05-23 13:45:00,38.4,38.4,38.4,38.4,35120.36979291,1348622.20004774
2026-05-23 14:00:00,38.4,38.5,38.4,38.4,41175.24984841,1584065.01148195
2026-05-23 14:15:00,38.4,38.4,38.4,38.4,40185.25471637,1543113.78110861
2026-05-23 14:30:00,38.3,38.3,38.3,38.3,5208.33333333,199479.16666654
2026-05-23 14:45:00,38.4,38.5,38.3,38.3,506992.36693223,19464550.50922347
2026-05-23 15:00:00,38.3,38.4,38.3,38.3,66629.88259883,2551942.73270186
2026-05-23 15:15:00,38.4,38.5,38.3,38.3,117484.77467299,4510923.18896151
2026-05-23 15:30:00,38.3,38.3,38.2,38.2,428142.64497856,16396696.99410397
2026-05-23 15:45:00,38.3,38.3,38.0,38.1,193801.69273904,7387736.3606818
2026-05-23 16:00:00,38.2,38.2,38.2,38.2,47044.83992407,1797112.88509947
2026-05-23 16:15:00,38.2,38.2,38.2,38.2,140.0,5348.0
2026-05-23 16:30:00,38.1,38.1,37.8,37.8,2251841.01313447,85225901.15035124
2026-05-23 16:45:00,37.8,37.8,37.5,37.7,3432168.89809741,129197649.40405945
2026-05-23 17:00:00,37.7,37.8,37.0,37.1,971251.08057054,36270394.78842437
2026-05-23 17:15:00,37.0,37.2,36.8,36.8,878524.8691965,32539237.1371093
2026-05-23 17:30:00,37.0,37.0,36.8,36.9,577969.87492048,21333254.32795754
2026-05-23 17:45:00,36.9,37.2,36.9,37.1,524458.72194075,19431721.65928568
2026-05-23 18:00:00,37.0,37.2,36.9,37.1,872505.98871192,32371864.60356915
2026-05-23 18:15:00,37.1,37.2,37.0,37.1,151244.91016329,5610410.96303659
2026-05-23 18:30:00,37.0,37.2,37.0,37.2,340376.82193737,12638217.32264301
2026-05-23 18:45:00,37.1,37.1,37.1,37.1,74897.88393023,2778711.49381153
2026-05-23 19:00:00,37.2,37.3,37.1,37.1,1023778.78773688,37992542.14220148
2026-05-23 19:15:00,37.2,37.3,37.2,37.3,1330676.05653132,49526679.85012249
2026-05-23 19:30:00,37.3,37.4,37.2,37.2,623659.8916235,23297908.58104835
2026-05-23 19:45:00,37.3,37.3,36.4,36.6,1568141.7927242,57623372.7146711
2026-05-23 20:00:00,36.6,36.8,36.6,36.7,1102174.70466117,40407533.1233349
2026-05-23 20:15:00,36.7,36.8,36.5,36.6,1064906.56304806,39013883.45924263
2026-05-23 20:30:00,36.6,36.7,36.4,36.5,596100.4463615,21764714.10310217
2026-05-23 20:45:00,36.6,36.6,36.5,36.5,339270.29726235,12407226.38155867
2026-05-23 21:00:00,36.6,36.7,36.5,36.5,187274.47867185,6847259.77978298
2026-05-23 21:15:00,36.5,36.6,36.3,36.6,3733266.36656662,135920189.15807992
2026-05-23 21:30:00,36.3,36.5,36.3,36.4,2358412.38883439,85832139.23692524
2026-05-23 21:45:00,36.4,36.5,36.4,36.5,1186031.51920152,43181545.77868942
2026-05-23 22:00:00,36.5,36.8,36.5,36.8,2077961.41467745,76339336.78830384
2026-05-23 22:15:00,36.9,37.1,36.9,36.9,855207.75022756,31582182.12890903
2026-05-23 22:30:00,36.9,36.9,36.8,36.9,946374.60137354,34888925.84463542
2026-05-23 22:45:00,37.0,37.2,37.0,37.2,410751.06900805,15222071.80186963
2026-05-23 23:00:00,37.3,37.5,37.3,37.4,185086.14409556,6906348.48297799
2026-05-23 23:15:00,37.4,37.4,37.3,37.3,201441.39572418,7519964.89472629
2026-05-23 23:30:00,37.4,37.7,37.4,37.7,432703.78394432,16286212.45917258
2026-05-23 23:45:00,37.7,38.0,37.5,37.9,479764.47489269,18059564.56069038
2026-05-24 00:00:00,37.8,38.0,37.7,38.0,985983.64485539,37310080.18726258
2026-05-24 00:15:00,38.0,38.0,37.8,38.0,169030.51107709,6400712.6485438
2026-05-24 00:30:00,37.8,37.8,37.7,37.7,402653.41720412,15193433.11798458
2026-05-24 00:45:00,37.7,38.0,37.7,37.9,1407511.86654879,53308728.38400479
2026-05-24 01:00:00,38.0,38.0,37.9,37.9,55484.92363123,2103232.24491268
2026-05-24 01:15:00,37.9,37.9,37.7,37.7,161338.6633644,6082533.74999883
2026-05-24 01:30:00,37.7,38.0,37.7,37.9,63420.61088873,2403467.27827155
2026-05-24 01:45:00,37.8,37.8,37.8,37.8,55839.13727774,2110719.38909857
2026-05-24 02:00:00,37.9,37.9,37.7,37.7,27105.57578576,1024584.99999914
2026-05-24 02:15:00,37.6,37.6,37.6,37.6,489919.60523273,18420977.15675065
2026-05-24 02:30:00,37.7,37.7,37.5,37.5,226579.30575848,8500020.69563417
2026-05-24 02:45:00,37.5,37.5,37.5,37.5,64285.55159417,2410708.18478138
2026-05-24 03:00:00,37.8,38.3,37.8,38.2,284097.44507493,10828299.30369184
2026-05-24 03:15:00,38.2,38.5,38.1,38.3,699863.12680946,26774083.06304019
2026-05-24 03:30:00,38.5,39.0,38.5,38.9,612677.11205204,23673874.20565382
2026-05-24 03:45:00,38.9,38.9,38.7,38.8,23117.11896757,898264.59120327
2026-05-24 04:00:00,38.7,38.7,38.5,38.5,318974.1348958,12305087.83425016
2026-05-24 04:15:00,38.5,38.7,38.5,38.7,142309.81142842,5484095.6986505
2026-05-24 04:30:00,38.8,38.8,38.5,38.5,202950.94238258,7838208.61977307
2026-05-24 04:45:00,38.5,38.6,38.5,38.6,92983.52302802,3581430.41020987
2026-05-24 05:00:00,38.6,38.7,38.5,38.7,131027.63706562,5064958.90242125
2026-05-24 05:15:00,38.6,38.6,38.5,38.5,65569.00407792,2528603.99896704
2026-05-24 05:30:00,38.6,39.5,38.6,39.4,327173.58259888,12895465.81297582
2026-05-24 05:45:00,39.4,39.4,39.3,39.3,639508.45100307,25156781.24604743
2026-05-24 06:00:00,39.4,39.6,39.2,39.2,136982.5775293,5386074.64770013
2026-05-24 06:15:00,39.2,39.3,38.6,38.6,449647.17984078,17625713.65314124
2026-05-24 06:30:00,38.5,38.7,38.2,38.4,1645388.82988299,63405097.87013952
2026-05-24 06:45:00,38.4,38.6,38.3,38.4,639969.31744099,24605390.46185359
2026-05-24 07:00:00,38.6,38.6,38.4,38.5,69184.70316182,2664958.32639648
2026-05-24 07:15:00,38.5,38.5,38.4,38.5,238551.47359239,9181934.16322861
2026-05-24 07:30:00,38.3,38.4,38.2,38.4,261131.49814656,10014132.56945969
2026-05-24 07:45:00,38.5,38.5,38.5,38.5,52913.59579819,2037173.43823032
2026-05-24 08:00:00,38.5,38.6,38.5,38.5,59372.20184267,2287000.05771065
2026-05-24 08:15:00,38.4,38.4,38.3,38.3,1235277.4189664,47320583.13231615
2026-05-24 08:30:00,38.4,38.6,38.4,38.6,183812.28113547,7089700.14992458
2026-05-24 08:45:00,38.5,38.6,38.4,38.6,135316.9199116,5207749.38851796
2026-05-24 09:00:00,38.6,38.6,38.5,38.5,261813.13301403,10097729.43265549
2026-05-24 09:15:00,38.5,38.5,38.4,38.5,1149249.97534795,44231706.63635955
2026-05-24 09:30:00,38.5,38.7,38.5,38.5,223926.83937401,8641172.06262772
2026-05-24 09:45:00,38.5,39.1,38.5,39.1,347827.65318841,13514381.99546595
2026-05-24 10:00:00,39.1,39.2,39.0,39.0,256480.04415239,10005646.78186842
2026-05-24 10:15:00,39.1,39.3,39.1,39.2,181532.81959175,7111448.58853071
2026-05-24 10:30:00,39.2,39.3,39.2,39.2,269370.75118418,10560207.69578372
2026-05-24 10:45:00,39.1,39.1,39.0,39.1,718026.10257457,28033613.68944633
2026-05-24 11:00:00,39.1,39.1,38.9,38.9,85383.48344629,3321778.34856705
2026-05-24 11:15:00,38.9,38.9,38.6,38.7,259865.00342907,10060578.4394103
2026-05-24 11:30:00,38.8,38.8,38.7,38.7,195406.27808053,7575266.62053543
2026-05-24 11:45:00,38.8,38.8,38.7,38.8,194277.95050452,7535754.93294903
2026-05-24 12:00:00,38.9,39.0,38.9,38.9,2806.2915747,109179.60635839
2026-05-24 12:15:00,38.8,39.1,38.8,39.1,83557.6867544,3249864.59567669
2026-05-24 12:30:00,38.9,39.0,38.9,38.9,203353.84612081,7912147.51003694
2026-05-24 12:45:00,38.9,39.0,38.9,39.0,192611.87077953,7500834.68801931
2026-05-24 13:00:00,39.0,39.2,38.9,39.0,510989.88897351,19929929.46820791
2026-05-24 13:15:00,39.0,39.0,38.8,39.0,1022542.22497578,39868736.28853949
2026-05-24 13:30:00,39.0,39.0,38.9,39.0,211525.82274052,8248507.08688028
2026-05-24 13:45:00,39.0,39.0,38.9,38.9,18029.69801945,702658.33474982
2026-05-24 14:00:00,38.9,38.9,38.8,38.8,155927.63796257,6052902.12514745
2026-05-24 14:15:00,38.8,38.8,38.6,38.6,68415.25625957,2651957.37779552
2026-05-24 14:30:00,38.6,38.7,38.5,38.6,175386.85219281,6770036.35361682
2026-05-24 14:45:00,38.6,38.8,38.6,38.7,229444.60763567,8869733.42218084
2026-05-24 15:00:00,38.9,38.9,38.9,38.9,130.0,5057.0
2026-05-24 15:15:00,38.6,38.6,38.6,38.6,117142.77679672,4521711.18435339
2026-05-24 15:30:00,38.5,38.7,38.5,38.6,80474.99652583,3098585.19329189
2026-05-24 15:45:00,38.8,39.1,38.8,39.1,21281.04324549,830019.53100595
2026-05-24 16:00:00,39.0,39.0,38.8,38.9,698.43363499,27179.84532419
2026-05-24 16:30:00,38.8,38.9,38.7,38.7,66789.07402851,2591430.21656125
2026-05-24 16:45:00,38.7,38.7,38.7,38.7,28313.95671671,1095750.12493668
2026-05-24 17:00:00,38.7,38.7,38.6,38.6,192655.91810371,7436544.43880321
2026-05-24 17:15:00,38.6,38.6,38.6,38.6,53944.3455172,2082251.73696392
2026-05-24 17:30:00,38.6,38.9,38.6,38.8,26749.20382083,1038023.12623578
2026-05-24 18:00:00,38.8,38.9,38.8,38.9,27897.87013719,1083367.5774604
2026-05-24 18:15:00,38.9,39.1,38.9,39.0,82060.92361689,3200279.07421987
2026-05-24 18:30:00,39.0,39.1,39.0,39.0,67975.29367971,2652182.45441461
2026-05-24 18:45:00,39.1,39.1,39.0,39.0,329666.61996836,12865362.226139
2026-05-24 19:00:00,39.1,39.1,38.9,39.0,101757.35507609,3969106.60883707
2026-05-24 19:15:00,39.0,39.0,38.8,38.9,626340.97923037,24325002.54208621
2026-05-24 19:30:00,39.0,39.1,39.0,39.1,82254.29438863,3212178.91054418
2026-05-24 19:45:00,39.2,39.3,39.2,39.3,288191.52738834,11305135.53917946
2026-05-24 20:00:00,39.3,39.4,39.3,39.3,370785.21546292,14578442.45437581
2026-05-24 20:15:00,39.2,39.2,39.1,39.2,336289.4505038,13181704.61520731
2026-05-24 20:30:00,39.2,39.2,39.0,39.0,140608.03913294,5504118.17126451
2026-05-24 20:45:00,39.1,39.1,39.0,39.0,223249.90151117,8727424.11918824
2026-05-24 21:00:00,38.9,38.9,38.9,38.9,227939.6531291,8866852.50672199
2026-05-24 21:15:00,38.8,38.8,38.5,38.5,528722.93927165,20414043.57054272
2026-05-24 21:30:00,38.5,38.7,38.5,38.7,216204.85920672,8350478.05342432
2026-05-24 21:45:00,38.8,38.8,38.8,38.8,6944.05374632,269429.28535722
2026-05-24 22:00:00,38.8,38.8,38.8,38.8,343521.658124,13328640.3352112
2026-05-24 22:15:00,38.8,38.8,38.7,38.7,170541.62798767,6617001.7569616
2026-05-24 22:30:00,38.6,38.6,38.6,38.6,42542.73373517,1642149.52217756
2026-05-24 22:45:00,38.6,38.6,37.7,37.7,1315251.53271878,49905434.7951195
2026-05-24 23:00:00,37.8,38.0,37.6,37.7,359397.33118068,13580733.18770597
2026-05-24 23:15:00,37.5,37.8,37.3,37.8,447745.5355315,16813761.57851177
2026-05-24 23:30:00,37.7,37.8,37.7,37.8,36904.68232801,1394681.39252928
2026-05-24 23:45:00,37.9,38.0,37.8,38.0,3770.34051819,142657.67116433
2026-05-25 00:00:00,37.9,37.9,37.9,37.9,165031.93278132,6254710.25241203
2026-05-25 00:15:00,38.0,38.0,37.9,37.9,39104.27353721,1484702.23087572
2026-05-25 00:30:00,37.8,37.9,37.8,37.9,46705.3854444,1765489.9550226
2026-05-25 00:45:00,38.0,38.0,38.0,38.0,263.15789474,10000.00000012
2026-05-25 01:00:00,38.0,38.2,38.0,38.2,365428.48458971,13886376.53904909
2026-05-25 01:15:00,38.0,38.0,38.0,38.0,3000.0,114000.0
2026-05-25 01:30:00,37.9,37.9,37.8,37.8,50631.33027334,1914180.77193225
2026-05-25 01:45:00,37.7,37.8,37.7,37.8,43550.36033077,1641866.76879003
2026-05-25 02:00:00,38.1,38.1,38.1,38.1,2460.21653543,93734.24999988
2026-05-25 02:30:00,38.0,38.0,38.0,38.0,427.10281121,16229.90682598
2026-05-25 03:00:00,38.0,38.0,38.0,38.0,52631.57894736,1999999.99999968
2026-05-25 03:15:00,38.1,38.1,38.1,38.1,7177.33595798,273456.49999904
2026-05-25 03:30:00,37.9,38.1,37.8,38.1,23825.69184214,901781.2007273
2026-05-25 03:45:00,38.0,38.0,38.0,38.0,1000.0,38000.0
2026-05-25 04:00:00,38.0,38.0,38.0,38.0,1000.0,38000.0
2026-05-25 04:15:00,38.0,38.0,37.8,37.8,24893.66787068,942069.33011677
2026-05-25 04:30:00,37.9,37.9,37.9,37.9,263.85224275,10000.00000023
2026-05-25 05:00:00,38.0,38.0,38.0,38.0,263.15789474,10000.00000012
2026-05-25 05:30:00,38.0,38.0,37.9,37.9,44934.80173826,1705440.93037544
2026-05-25 06:00:00,38.0,38.1,38.0,38.1,11668.00848644,443504.32248472
2026-05-25 06:15:00,38.0,38.0,37.8,37.8,121551.51371682,4618357.52123916
2026-05-25 06:30:00,37.7,37.7,37.3,37.3,386457.37016492,14455737.02495284
2026-05-25 06:45:00,37.3,37.4,37.2,37.2,773962.16558303,28834026.83898353
2026-05-25 07:00:00,37.3,37.5,37.3,37.5,1386.01722559,51841.85902563
2026-05-25 07:15:00,37.9,37.9,37.7,37.7,170333.27965983,6432015.45197179
2026-05-25 07:30:00,37.6,37.6,37.5,37.6,577759.4409451,21669244.99288806
2026-05-25 07:45:00,37.6,37.7,37.6,37.7,216360.70009183,8135241.89904962
2026-05-25 08:00:00,37.7,37.8,37.6,37.8,38665.65742787,1457846.85657184
2026-05-25 08:30:00,37.8,37.9,37.8,37.9,11586.60356551,439000.00000055
2026-05-25 08:45:00,37.9,37.9,37.8,37.8,21694.44079593,821389.12329987
2026-05-25 09:00:00,37.9,38.0,37.9,38.0,56245.01479828,2131949.21874955
2026-05-25 09:15:00,38.0,38.0,37.8,37.8,30376.96463997,1153512.4212856
2026-05-25 09:30:00,37.9,37.9,37.8,37.8,35597.80948297,1346395.91783009
2026-05-25 09:45:00,37.8,37.9,37.8,37.9,19613.54064277,741426.44436098
2026-05-25 10:00:00,37.9,37.9,37.8,37.8,285839.64843854,10823262.56899503
2026-05-25 10:15:00,37.8,38.0,37.8,38.0,240203.20142558,9105429.61762352
2026-05-25 10:30:00,37.9,37.9,37.9,37.9,24133.86558698,914673.50574654
2026-05-25 10:45:00,37.9,37.9,37.6,37.7,46310.73753653,1747732.08217204
2026-05-25 11:00:00,37.7,38.1,37.7,38.1,39372.34156673,1484573.98175934
2026-05-25 11:15:00,38.1,38.1,38.0,38.0,23647.2437141,900944.98550721
2026-05-25 11:30:00,38.0,38.1,38.0,38.1,27676.73667142,1051852.08823373
2026-05-25 11:45:00,38.0,38.1,38.0,38.1,29607.43948648,1125103.84943637
2026-05-25 12:00:00,38.1,38.1,38.0,38.1,116430.21609111,4424533.9608585
2026-05-25 12:15:00,37.9,38.2,37.9,38.2,187203.77307184,7095261.20597247
2026-05-25 12:30:00,38.3,38.3,38.2,38.2,424035.5587604,16239252.99999976
2026-05-25 12:45:00,37.8,37.9,37.7,37.8,1052042.39743993,39827390.23361117
2026-05-25 13:00:00,38.1,38.1,38.1,38.1,787.4015748,29999.99999988
2026-05-25 13:15:00,38.0,38.0,37.9,38.0,146985.01505537,5585415.57210406
2026-05-25 13:30:00,38.2,38.2,38.2,38.2,46784.96404081,1787185.62635894
2026-05-25 13:45:00,38.3,38.7,38.3,38.5,104873.07011464,4045426.45229814
2026-05-25 14:00:00,38.6,38.8,38.6,38.8,33365.52447954,1289741.37489212
2026-05-25 14:15:00,38.8,38.8,38.7,38.7,33496.35046218,1299399.99999977
2026-05-25 14:30:00,38.7,38.7,38.7,38.7,51801.03865137,2004700.19580802
2026-05-25 14:45:00,38.7,38.8,38.6,38.6,57574.05555234,2226470.88353355
2026-05-25 15:00:00,38.7,38.7,38.6,38.7,968575.16577273,37483144.66068558
2026-05-25 15:15:00,38.7,38.7,38.6,38.6,3523.04031174,136118.55499957
2026-05-25 15:30:00,38.6,38.9,38.6,38.9,14151.01878064,548166.08761537
2026-05-25 15:45:00,38.8,38.9,38.8,38.9,168526.63703814,6554393.20403946
2026-05-25 16:00:00,38.8,38.8,38.8,38.8,29522.26569338,1145463.90890314
2026-05-25 16:15:00,38.7,38.7,38.7,38.7,1291.98966408,49999.9999999
2026-05-25 16:30:00,38.7,38.8,38.7,38.7,779748.78652737,30179864.74069122
2026-05-25 16:45:00,38.8,38.8,38.8,38.8,25177.66682596,976893.47284725
2026-05-25 17:00:00,38.8,39.1,38.8,39.0,155379.18116283,6059592.58492879
2026-05-25 17:15:00,39.0,39.1,39.0,39.1,79688.09316878,3109384.01439939
2026-05-25 17:30:00,39.0,39.1,39.0,39.1,179736.64789137,7013186.62096145
2026-05-25 17:45:00,39.2,39.2,39.1,39.1,140936.73286644,5513334.82710661
2026-05-25 18:00:00,39.1,39.4,39.1,39.3,82047.01158621,3221396.28114558
2026-05-25 18:15:00,39.3,39.3,39.1,39.3,279858.43357278,10975768.86069707
2026-05-25 18:30:00,39.2,39.2,39.0,39.0,144853.91318933,5653921.03377276
2026-05-25 18:45:00,39.1,39.2,39.1,39.1,136984.78913593,5363248.11235772
2026-05-25 19:00:00,39.0,39.1,39.0,39.1,360865.84498474,14075391.75440486
2026-05-25 19:15:00,39.1,39.2,39.1,39.1,60214.65740258,2354699.20444088
2026-05-25 19:30:00,39.1,39.1,39.0,39.0,5756.97079897,224726.36248973
2026-05-25 19:45:00,39.0,39.0,38.9,38.9,19422.79650708,756851.63323138
2026-05-25 20:00:00,39.0,39.0,38.8,39.0,191044.04545124,7420588.58767325
2026-05-25 20:15:00,39.0,39.0,39.0,39.0,256.41025641,9999.99999999
2026-05-25 20:30:00,39.1,39.1,39.0,39.0,318479.91331353,12449847.21925902
2026-05-25 20:45:00,39.0,39.1,39.0,39.1,125426.82551464,4904188.87761808
2026-05-25 21:00:00,38.9,39.1,38.8,39.1,281835.28928496,10938344.31035827
2026-05-25 21:15:00,39.2,39.5,39.2,39.5,463658.73943977,18223771.78597695
2026-05-25 21:30:00,39.3,39.4,39.3,39.4,160803.16636495,6321635.27156612
2026-05-25 21:45:00,39.4,39.5,39.3,39.5,503850.1887652,19892715.77542309
2026-05-25 22:00:00,39.3,39.4,39.3,39.3,29401.11734145,1155481.67928485
2026-05-25 22:15:00,39.3,39.3,39.1,39.1,1270275.35130247,49706372.36184301
2026-05-25 22:30:00,39.2,39.2,39.2,39.2,44385.46834,1739910.358928
2026-05-25 22:45:00,39.3,39.5,39.3,39.4,357434.10957995,14107357.91354412
2026-05-25 23:00:00,39.5,39.9,39.5,39.8,1895511.40316683,75269894.86889148
2026-05-25 23:15:00,39.8,39.8,39.5,39.6,703734.43781417,27828562.20048239
2026-05-25 23:30:00,39.5,39.5,39.3,39.3,483336.29136431,19041739.53395402
2026-05-25 23:45:00,39.2,39.5,39.2,39.4,718893.74926882,28394211.47513035
2026-05-26 00:00:00,39.6,39.6,39.5,39.6,193953.98219776,7680553.1358313
2026-05-26 00:15:00,39.6,39.6,39.4,39.4,172617.01980828,6811015.0791677
2026-05-26 00:30:00,39.4,39.4,39.4,39.4,14313.98586421,563971.04304987
2026-05-26 00:45:00,39.4,39.4,39.3,39.3,42804.5631364,1685899.76064379
2026-05-26 01:00:00,39.5,39.5,39.2,39.2,39171.19397246,1544627.88392081
2026-05-26 01:15:00,39.2,39.2,39.2,39.2,5025.12562814,196984.92462309
2026-05-26 01:30:00,39.3,39.3,39.3,39.3,426.27560694,16752.63135274
2026-05-26 02:00:00,39.5,39.5,39.3,39.3,36075.45280705,1424944.67159276
2026-05-26 02:15:00,39.5,39.7,39.5,39.7,29435.13184485,1165643.57980294
2026-05-26 02:30:00,39.8,39.8,39.8,39.8,6297.36427802,250635.0982652
2026-05-26 02:45:00,39.6,39.6,39.5,39.5,5531.64556962,218753.16455695
2026-05-26 03:00:00,39.5,39.8,39.5,39.8,209840.67600799,8334809.58516402
2026-05-26 03:15:00,39.8,39.8,39.8,39.8,28104.54887218,1118561.04511276
2026-05-26 03:30:00,39.5,39.5,39.5,39.5,3931.59654269,155298.06343626
2026-05-26 03:45:00,39.4,39.4,39.3,39.3,11500.52467461,451986.70481217
2026-05-26 04:00:00,39.2,39.3,39.1,39.3,141522.38696836,5540926.90343723
2026-05-26 04:15:00,39.3,39.3,39.3,39.3,290.5664488,11419.26143784
2026-05-26 04:30:00,39.2,39.2,39.2,39.2,218.3171,8558.03032
2026-05-26 05:15:00,39.5,39.5,39.5,39.5,703388.70981101,27783854.0375349
2026-05-26 05:30:00,39.5,39.5,39.1,39.1,174429.69450138,6831675.15288171
2026-05-26 05:45:00,39.1,39.3,39.1,39.3,75705.01162771,2970551.63960877
2026-05-26 06:00:00,39.3,39.3,39.3,39.3,8141.99038588,319980.22216508
2026-05-26 06:15:00,39.3,39.3,39.0,39.2,1097754.27692192,42871215.96696184
2026-05-26 06:30:00,39.3,39.3,39.1,39.1,614.8091603,24100.51908376
2026-05-26 06:45:00,39.1,39.2,39.1,39.1,314178.87960917,12313225.23271855
2026-05-26 07:00:00,38.9,38.9,38.6,38.8,354306.8983591,13745466.73450146
2026-05-26 07:15:00,39.0,39.2,39.0,39.2,202606.8229936,7932372.67429245
2026-05-26 07:30:00,38.9,38.9,38.7,38.9,148308.16327803,5766084.60749501
2026-05-26 07:45:00,38.9,38.9,38.8,38.8,182407.02667372,7094995.56154771
2026-05-26 08:00:00,38.7,38.9,38.7,38.9,330105.0356939,12798304.25819764
2026-05-26 08:15:00,38.8,38.8,38.8,38.8,16804.8992754,652030.09188552
2026-05-26 08:30:00,38.8,39.0,38.8,39.0,267600.81017576,10400133.95620128
2026-05-26 08:45:00,39.1,39.2,39.1,39.1,680339.80313851,26601486.30271574
2026-05-26 09:00:00,39.2,39.2,38.8,38.8,565246.12708073,22012785.6546206
2026-05-26 09:15:00,38.8,38.8,38.6,38.6,312859.74500731,12117596.47636128
2026-05-26 09:30:00,38.6,38.6,38.0,38.2,672633.71596207,25735654.66839519
2026-05-26 09:45:00,38.2,38.2,37.9,38.0,218148.62681081,8314755.83460981
2026-05-26 10:00:00,38.1,38.1,37.9,38.1,571824.92729685,21785655.65672963
2026-05-26 10:15:00,38.1,38.2,37.9,38.0,888070.20878126,33739995.9123798
2026-05-26 10:30:00,38.0,38.0,37.8,37.8,339413.85909285,12860292.02902865
2026-05-26 10:45:00,37.9,37.9,37.8,37.8,251984.08782022,9529984.03922709
2026-05-26 11:00:00,37.8,37.9,37.8,37.9,612366.67535886,23198952.28998878
2026-05-26 11:15:00,37.9,38.0,37.8,37.9,144970.73432564,5483787.9614554
2026-05-26 11:30:00,37.9,37.9,37.8,37.9,268665.16816702,10179006.19485299
2026-05-26 11:45:00,37.8,38.0,37.8,37.9,25643.3735722,970519.60462795
2026-05-26 12:00:00,37.8,37.8,37.7,37.7,232133.50485747,8769785.77768119
2026-05-26 12:15:00,37.7,37.8,37.7,37.7,171855.64458785,6480162.04358561
2026-05-26 12:30:00,37.9,38.0,37.8,38.0,65472.45261087,2484974.84868882
2026-05-26 12:45:00,38.0,38.0,37.9,37.9,79625.73276379,3025724.00858975
2026-05-26 13:00:00,37.9,37.9,37.8,37.9,93078.95537314,3527657.65172811
2026-05-26 13:15:00,37.8,38.1,37.8,38.1,123251.82760933,4671815.89424655
2026-05-26 13:30:00,38.2,38.3,38.0,38.0,2143074.82656973,81678141.63646004
2026-05-26 13:45:00,38.2,38.2,38.2,38.2,261.78010472,10000.0000003
2026-05-26 14:00:00,38.2,38.2,38.1,38.1,61586.08248812,2352091.83782355
2026-05-26 14:15:00,38.2,38.3,38.2,38.3,934242.87908399,35769735.16629032
2026-05-26 14:30:00,38.3,38.6,38.3,38.4,722879.82989433,27828026.55545164
2026-05-26 14:45:00,38.4,38.4,38.3,38.3,31408.3615859,1204762.10731164
2026-05-26 15:00:00,38.2,38.2,38.2,38.2,96550.24288235,3688219.27810577
2026-05-26 15:15:00,38.2,38.3,38.2,38.3,103547.76683744,3956830.17621893
2026-05-26 15:30:00,38.2,38.4,38.2,38.4,163465.78042276,6260438.58556468
2026-05-26 15:45:00,38.4,38.4,38.4,38.4,18801.86208977,721991.50424717
2026-05-26 16:00:00,38.3,38.3,37.9,37.9,1632197.68101571,62024353.46717664
2026-05-26 16:15:00,37.9,38.0,37.9,38.0,97574.91870906,3707635.96801969
2026-05-26 16:30:00,38.1,38.1,37.9,37.9,137745.58076056,5236880.24784865
2026-05-26 16:45:00,38.0,38.2,38.0,38.1,55341.74524674,2111805.80209863
2026-05-26 17:00:00,38.1,38.3,38.0,38.3,37308.82378866,1420212.75564033
2026-05-26 17:15:00,38.2,38.2,38.0,38.1,1867829.1370018,71146229.5768444
2026-05-26 17:30:00,38.2,38.2,38.1,38.1,243510.14309746,9278112.22038094
2026-05-26 17:45:00,38.2,38.2,38.1,38.2,38089.63150701,1452603.70387258
2026-05-26 18:00:00,38.1,38.1,38.1,38.1,6617.95627309,252144.13400473
2026-05-26 18:15:00,38.3,38.3,38.2,38.2,70264.56519213,2689765.49999994
2026-05-26 18:30:00,38.2,38.3,38.1,38.1,91803.52497846,3508545.41258356
2026-05-26 18:45:00,38.1,38.3,38.0,38.3,1458105.62321015,55472187.24227196
2026-05-26 19:00:00,38.3,38.4,38.3,38.4,320317.8886762,12268214.54029513
2026-05-26 19:15:00,38.5,39.2,38.5,39.2,190281.98660713,7393446.47317665
2026-05-26 19:30:00,39.1,39.4,39.1,39.4,1821867.29243983,71522520.70976831
2026-05-26 19:45:00,39.4,39.4,39.3,39.3,252234.47659228,9916457.61281772
2026-05-26 20:00:00,39.3,39.5,39.3,39.3,1089618.29140215,42833551.31003659
2026-05-26 20:15:00,39.4,39.4,39.1,39.1,844551.86759062,33053129.22793338
2026-05-26 20:30:00,39.1,39.1,39.0,39.1,300878.83477675,11763079.6192581
2026-05-26 20:45:00,39.1,39.2,39.1,39.2,92004.60727472,3600002.37683682
2026-05-26 21:00:00,39.1,39.2,38.7,38.8,743965.60782373,28939946.09107959
2026-05-26 21:15:00,38.9,38.9,38.9,38.9,107995.49282066,4201024.67072367
2026-05-26 21:30:00,38.9,39.0,38.9,39.0,15524.60734434,604172.70148348
2026-05-26 21:45:00,39.0,39.1,39.0,39.1,126602.65794704,4937529.23538213
2026-05-26 22:00:00,39.2,39.4,39.2,39.4,13894.06461216,546051.31090447
2026-05-26 22:15:00,39.4,39.4,38.9,38.9,45525.34919467,1786386.42224995
2026-05-26 22:30:00,38.8,39.0,38.8,39.0,156966.3735195,6097816.11372932
2026-05-26 22:45:00,38.9,39.5,38.9,39.4,550648.35925158,21595749.02066744
2026-05-26 23:00:00,39.4,39.4,39.3,39.4,507724.17435451,20003678.39911568
2026-05-26 23:15:00,39.4,39.7,39.4,39.7,110752.5477832,4376978.53065994
2026-05-26 23:30:00,39.4,39.4,38.7,38.7,443189.00416309,17189586.80585643
2026-05-26 23:45:00,38.9,38.9,38.9,38.9,26447.07549999,1028791.23694961
2026-05-27 00:00:00,38.8,38.8,38.5,38.7,1017288.10214702,39338119.41590891
2026-05-27 00:15:00,38.7,38.7,38.4,38.4,1415362.03348197,54397119.58203769
2026-05-27 00:30:00,38.3,38.3,38.2,38.2,53201.90520125,2033371.01275435
2026-05-27 00:45:00,38.3,38.3,38.1,38.1,403693.63964577,15459213.66509966
2026-05-27 01:00:00,38.5,38.5,38.1,38.2,51564.6485782,1979907.68304405
2026-05-27 01:15:00,38.2,38.2,38.2,38.2,6534.62967933,249622.85375041
2026-05-27 01:30:00,38.2,38.4,38.2,38.2,284358.56133845,10885764.15830504
2026-05-27 01:45:00,38.1,38.1,38.0,38.0,213397.19513327,8129005.62052698
2026-05-27 02:00:00,38.1,38.1,38.1,38.1,40323.00236366,1536306.39005545
2026-05-27 02:15:00,38.0,38.0,37.4,37.4,456021.82908583,17301112.7015547
2026-05-27 02:30:00,37.4,37.4,37.2,37.3,747526.95621681,27897539.65773952
2026-05-27 02:45:00,37.5,37.5,37.2,37.2,74478.10034513,2783926.442586
2026-05-27 03:00:00,37.3,37.5,37.3,37.5,43375.96002796,1618722.69213793
2026-05-27 03:15:00,37.6,37.8,37.6,37.8,15843.78999281,597250.49884822
2026-05-27 03:30:00,37.6,37.6,37.4,37.4,81780.33649032,3067103.23620571
2026-05-27 03:45:00,37.4,37.5,37.4,37.5,13541.39280207,507786.18729688
2026-05-27 04:00:00,37.4,37.4,37.4,37.4,11014.16516577,411929.7771998
2026-05-27 04:15:00,37.3,37.4,37.3,37.3,165583.12856591,6181789.59906426
2026-05-27 04:30:00,37.3,37.3,37.2,37.2,26912.40549753,1002549.60977854
2026-05-27 04:45:00,37.6,37.7,37.5,37.7,339124.27462366,12719834.76083989
2026-05-27 05:00:00,37.4,37.4,37.2,37.2,12162.49730712,454693.72107192
2026-05-27 05:15:00,37.3,37.3,37.2,37.3,1796381.78083022,66826358.50334041
2026-05-27 05:30:00,37.2,37.2,37.1,37.1,22257.59880546,827411.01121536
2026-05-27 06:00:00,37.2,37.2,37.0,37.0,602749.23955537,22346149.94484294
2026-05-27 06:15:00,37.2,37.2,37.2,37.2,2400.0,89280.0
2026-05-27 06:30:00,37.3,37.3,37.2,37.2,180769.68606711,6741182.7202932
2026-05-27 06:45:00,37.2,37.2,37.1,37.1,140842.20364976,5228228.0217818
2026-05-27 07:00:00,37.1,37.2,37.1,37.2,157087.65561022,5841471.96272179
2026-05-27 07:15:00,37.1,37.2,37.1,37.2,167129.65233055,6200978.91866771
2026-05-27 07:30:00,37.1,37.3,37.0,37.2,301936.6586289,11190239.91080403
2026-05-27 07:45:00,37.1,37.2,37.1,37.2,134617.87191786,4994376.81159347
2026-05-27 08:00:00,37.2,37.3,37.2,37.3,17974.01543327,670403.89394054
2026-05-27 08:15:00,37.3,37.4,37.3,37.3,8728.74119376,325710.35936147
2026-05-27 08:30:00,37.4,37.4,37.2,37.2,260213.65147998,9692469.11145702
2026-05-27 08:45:00,37.3,37.3,37.2,37.2,34803.39332434,1295704.89847145
2026-05-27 09:00:00,37.2,37.3,37.1,37.3,369985.32217389,13766163.00554508
2026-05-27 09:15:00,37.2,37.3,37.1,37.3,81091.06109928,3010054.02535125
2026-05-27 09:30:00,37.2,37.2,37.1,37.1,391581.27402642,14540947.10877458
2026-05-27 09:45:00,37.3,37.3,37.2,37.2,5242.07506702,195018.59999985
2026-05-27 10:00:00,37.3,37.3,37.2,37.3,121122.83081903,4517576.23468558
2026-05-27 10:15:00,37.3,37.3,37.1,37.1,303889.9048626,11285400.27356002
2026-05-27 10:30:00,37.1,37.1,37.0,37.1,60964.16461833,2260987.41865892
2026-05-27 10:45:00,37.1,37.1,37.1,37.1,124958.32003135,4635953.67316309
2026-05-27 11:00:00,37.0,37.0,36.6,36.6,1289721.47602443,47390303.61184187
2026-05-27 11:15:00,36.7,36.7,36.4,36.5,2281324.31665031,83267117.45487306
2026-05-27 11:30:00,36.7,36.7,36.3,36.4,669815.44220166,24403092.7545073
2026-05-27 11:45:00,36.4,36.4,36.4,36.4,62503.16361804,2275115.15569666
2026-05-27 12:00:00,36.6,36.7,36.5,36.5,149341.61254409,5468576.33524348
2026-05-27 12:15:00,36.5,36.7,36.5,36.5,66307.22893899,2424559.12746803
2026-05-27 12:30:00,36.5,36.5,36.4,36.4,237173.54597076,8639446.19034429
2026-05-27 12:45:00,36.4,36.4,36.3,36.3,114888.43416915,4176344.66583465
2026-05-27 13:00:00,36.4,36.5,36.2,36.3,89418.14828188,3247151.5878392
2026-05-27 13:15:00,36.3,36.3,36.1,36.3,904882.63629831,32717121.99959939
2026-05-27 13:30:00,36.1,36.2,36.0,36.2,349919.0601307,12620363.50628826
2026-05-27 13:45:00,36.2,36.6,36.2,36.5,57800.5952884,2109351.53403753
2026-05-27 14:00:00,36.6,36.6,36.4,36.4,294057.56752491,10737672.15545248
2026-05-27 14:15:00,36.3,36.4,36.3,36.4,526364.33927737,19110569.41576853
2026-05-27 14:30:00,36.4,36.5,36.3,36.3,279545.03011588,10177369.69283447
2026-05-27 14:45:00,36.5,36.6,36.5,36.6,2265484.01568358,82872745.6271856
2026-05-27 15:00:00,36.5,36.5,36.5,36.5,14435.36550341,526890.84087447
2026-05-27 15:15:00,36.6,36.6,36.6,36.6,98271.87499146,3596750.62468744
2026-05-27 15:30:00,36.6,36.7,36.6,36.7,177741.00317621,6510140.25812535
2026-05-27 15:45:00,36.8,36.8,36.8,36.8,8086.2574,297574.27232
2026-05-27 16:00:00,36.8,36.8,36.7,36.7,33396.92973956,1228921.34254081
2026-05-27 16:15:00,36.9,36.9,36.8,36.8,53434.9352052,1969203.85870621
2026-05-27 16:30:00,36.9,37.0,36.9,37.0,101100.31204802,3733699.32949926
2026-05-27 16:45:00,37.0,37.0,36.9,37.0,51878.01852348,1919196.76373981
2026-05-27 17:00:00,37.1,37.2,37.0,37.0,52279.16222443,1937325.81385808
2026-05-27 17:15:00,37.0,37.1,37.0,37.1,24297.99553218,899374.5531628
2026-05-27 17:30:00,37.2,37.3,37.1,37.1,469072.80699637,17449508.42026496
2026-05-27 17:45:00,37.1,37.1,36.9,36.9,182938.28150685,6770313.65360764
2026-05-27 18:00:00,36.9,37.0,36.7,37.0,332419.58313793,12239576.87800841
2026-05-27 18:15:00,36.8,36.9,36.7,36.7,28632.77069258,1053090.34385491
2026-05-27 18:30:00,37.0,37.0,36.8,36.8,287083.51291131,10611298.93731707
2026-05-27 18:45:00,36.8,36.8,36.7,36.7,112949.6820756,4150973.09475996
2026-05-27 19:00:00,36.7,36.7,36.7,36.7,3000.0,110100.0
2026-05-27 19:15:00,36.9,36.9,36.8,36.8,98077.29523281,3617244.46456741
2026-05-27 19:30:00,36.9,36.9,36.8,36.9,18995.81164212,700265.40230535
2026-05-27 19:45:00,36.8,36.9,36.8,36.8,60869.71962951,2240141.11600416
2026-05-27 20:00:00,37.0,37.0,37.0,37.0,119158.13714764,4408851.07446268
2026-05-27 20:15:00,37.0,37.1,36.9,37.1,81067.0305025,3001860.48377244
2026-05-27 20:30:00,36.9,36.9,36.8,36.8,284205.78825867,10486634.75365188
2026-05-27 20:45:00,36.8,36.8,36.7,36.7,64580.57449492,2370844.89494938
2026-05-27 21:00:00,36.6,36.6,36.5,36.5,529511.531966,19351445.53105051
2026-05-27 21:15:00,36.5,37.1,36.5,37.0,569220.35642415,20794115.53926428
2026-05-27 21:30:00,37.0,37.1,36.9,37.0,304964.91078222,11282114.0998922
2026-05-27 21:45:00,37.1,37.1,36.9,36.9,153855.35820971,5689029.75679084
2026-05-27 22:00:00,36.8,36.8,36.6,36.6,199018.54032633,7290568.86736777
2026-05-27 22:15:00,36.6,36.6,36.5,36.6,179964.21282433,6585578.45574689
2026-05-27 22:30:00,36.4,36.5,36.2,36.3,1432174.59570223,52038822.15371977
2026-05-27 22:45:00,36.2,36.3,36.2,36.3,468432.13976352,17002572.65843082
2026-05-27 23:00:00,36.5,36.5,36.4,36.4,136038.27287731,4957543.33364819
2026-05-27 23:15:00,36.4,36.4,36.0,36.1,228935.91665382,8280371.30706192
2026-05-27 23:30:00,36.1,36.3,36.1,36.2,103057.57098128,3724610.1334469
2026-05-27 23:45:00,36.2,36.2,36.2,36.2,204391.29729729,7398964.9621619
2026-05-28 00:00:00,36.2,36.4,36.2,36.4,3366.1721574,122020.26726271
2026-05-28 00:15:00,36.5,36.7,36.5,36.7,82820.46151302,3038390.5602117
2026-05-28 00:30:00,36.8,36.8,36.8,36.8,482.07613044,17740.40160019
2026-05-28 00:45:00,36.7,36.7,36.7,36.7,3000.0,110100.0
2026-05-28 01:00:00,36.7,36.7,36.7,36.7,129935.84341013,4768645.45315177
2026-05-28 01:15:00,36.6,36.6,36.5,36.5,185533.84951359,6772285.50724604
2026-05-28 01:30:00,36.5,36.5,36.3,36.3,47317.4016095,1723423.2815995
2026-05-28 01:45:00,36.3,36.5,36.3,36.5,2219.17808218,80589.04109546
2026-05-28 02:00:00,36.5,36.5,36.2,36.2,24783.40732519,898773.41378837
2026-05-28 02:15:00,36.1,36.1,35.9,36.0,563719.59282212,20254884.27370486
2026-05-28 02:30:00,36.0,36.0,36.0,36.0,175188.82389999,6306797.66039964
2026-05-28 02:45:00,36.0,36.0,35.8,35.8,206020.69638387,7381124.4557181
2026-05-28 03:00:00,35.8,35.8,35.7,35.7,130763.09330155,4670859.8373112
2026-05-28 03:15:00,35.9,35.9,35.9,35.9,9565.34818941,343395.99999982
2026-05-28 03:30:00,35.9,35.9,35.9,35.9,350446.3127444,12581022.62752396
2026-05-28 03:45:00,36.0,36.0,36.0,36.0,167.13091922,6016.71309192
2026-05-28 04:00:00,36.0,36.0,36.0,36.0,28559.66225496,1028147.84117856
2026-05-28 04:15:00,35.9,35.9,35.9,35.9,49337.5220483,1771217.04153397
2026-05-28 04:30:00,35.9,36.0,35.9,36.0,5066.36409968,182248.53090073
2026-05-28 04:45:00,35.9,35.9,35.8,35.8,50208.14326862,1797650.35161087
2026-05-28 05:00:00,35.8,35.9,35.7,35.7,54763.94873265,1958491.15237783
2026-05-28 05:15:00,35.8,35.9,35.8,35.8,4294.48638677,153862.61264637
2026-05-28 05:30:00,35.8,35.8,35.8,35.8,314.93725251,11274.75363986
2026-05-28 05:45:00,35.9,36.0,35.9,36.0,128613.16271109,4623472.02743593
2026-05-28 06:00:00,35.9,35.9,35.6,35.8,2167079.71291522,77186708.78523888
2026-05-28 06:15:00,35.7,35.7,35.6,35.6,527242.75007174,18796634.58814392
2026-05-28 06:30:00,35.5,35.5,34.5,34.6,6196783.68866637,217445854.00785828
2026-05-28 06:45:00,34.6,34.7,34.3,34.7,2686975.26823372,92563516.69198532
2026-05-28 07:00:00,34.7,34.8,34.2,34.4,3833340.35254881,131988792.00263491
2026-05-28 07:15:00,34.4,34.7,34.4,34.6,665266.84136242,22940209.27821854
2026-05-28 07:30:00,34.5,34.7,34.5,34.5,925421.03785961,31987313.41400657
2026-05-28 07:45:00,34.5,34.6,34.3,34.3,1349044.36500844,46403622.43439489
2026-05-28 08:00:00,34.3,34.4,34.2,34.3,997532.6044596,34209423.38623639
2026-05-28 08:15:00,34.3,34.4,33.9,34.2,1786054.16005664,60951772.19036953
2026-05-28 08:30:00,34.1,34.3,34.1,34.2,447477.91829764,15321525.69290903
2026-05-28 08:45:00,34.2,34.5,34.2,34.4,852819.28809847,29328989.14252012
2026-05-28 09:00:00,34.4,34.5,34.3,34.3,628812.48334979,21663329.14923034
2026-05-28 09:15:00,34.3,34.4,34.1,34.1,1583219.39860914,54232412.38755216
2026-05-28 09:30:00,34.3,34.3,34.3,34.3,455481.29484026,15623008.41302092
2026-05-28 09:45:00,34.2,34.3,34.1,34.3,125806.1488336,4291539.20035045
2026-05-28 10:00:00,34.3,34.3,34.2,34.2,185079.01918542,6329941.84273028
2026-05-28 10:15:00,34.1,34.1,34.0,34.1,732145.05545427,24916479.46328999
2026-05-28 10:30:00,34.1,34.1,33.7,33.7,817432.43303221,27685660.62395716
2026-05-28 10:45:00,33.8,33.9,33.7,33.8,678726.56035578,22945153.097456
2026-05-28 11:00:00,33.8,33.8,33.7,33.7,1698781.36666021,57298474.32231215
2026-05-28 11:15:00,33.8,33.8,33.7,33.7,54612.39528575,1840757.13760567
2026-05-28 11:30:00,33.7,33.9,33.6,33.9,267944.07312459,9024798.3434722
2026-05-28 11:45:00,33.8,33.9,33.8,33.9,87086.34789945,2948076.06610076
2026-05-28 12:00:00,34.0,34.4,34.0,34.4,811163.00649308,27681064.01568081
2026-05-28 12:15:00,34.5,35.1,34.3,35.0,6815906.70143251,237758786.58380383
2026-05-28 12:30:00,34.9,35.1,34.5,34.5,1842165.19958771,64017986.75238759
2026-05-28 12:45:00,34.6,34.6,34.3,34.6,924178.81437965,31867241.43234603
2026-05-28 13:00:00,34.6,34.6,34.1,34.1,723232.74520903,24770352.44312471
2026-05-28 13:15:00,34.1,34.1,33.9,34.1,656923.91995546,22306664.947717
2026-05-28 13:30:00,34.2,34.4,34.2,34.3,340232.58111991,11682201.64954718
2026-05-28 13:45:00,34.3,34.5,34.3,34.4,1786949.30616629,61431522.79878704
2026-05-28 14:00:00,34.4,34.4,34.2,34.2,166654.43914096,5725074.62676017
2026-05-28 14:15:00,34.1,34.1,34.0,34.0,247482.0802221,8423496.99690468
2026-05-28 14:30:00,34.1,34.3,34.1,34.3,173353.03161025,5915816.31733302
2026-05-28 14:45:00,34.2,34.3,34.1,34.3,316637.64551502,10831839.12051165
2026-05-28 15:00:00,34.3,34.4,34.2,34.4,1389204.29479613,47618528.16269967
2026-05-28 15:15:00,34.4,34.5,34.4,34.5,502062.38565444,17283924.45316406
2026-05-28 15:30:00,34.4,34.4,34.2,34.2,601048.97988274,20608320.52836469
2026-05-28 15:45:00,34.3,34.7,34.3,34.6,646178.60929963,22326399.41319476
2026-05-28 16:00:00,34.6,34.9,34.6,34.7,1304938.36032564,45310120.99290002
2026-05-28 16:15:00,34.8,35.1,34.7,34.7,682271.44390172,23875345.51919907
2026-05-28 16:30:00,34.9,34.9,34.8,34.9,442501.81032926,15440971.09365494
2026-05-28 16:45:00,34.9,35.0,34.9,35.0,167881.58622266,5868911.46202798
2026-05-28 17:00:00,34.9,34.9,34.8,34.8,278330.96118265,9701382.98786678
2026-05-28 17:15:00,34.8,34.8,34.6,34.6,136373.13008049,4722439.23415688
2026-05-28 17:30:00,34.7,34.7,34.5,34.5,33167.13528605,1146433.97755165
2026-05-28 17:45:00,34.6,45.6,34.6,42.6,68983196.60188863,2844213730.283378
2026-05-28 18:00:00,42.4,42.4,35.4,38.4,66748616.67589162,2523607615.2261996
2026-05-28 18:15:00,38.5,38.7,35.7,35.9,22139642.05572655,815862307.3787999
2026-05-28 18:30:00,36.2,37.4,36.0,36.8,8186237.49633388,299712177.6771985
2026-05-28 18:45:00,36.7,36.8,35.6,35.9,8187428.41733507,294474988.385174
2026-05-28 19:00:00,35.9,36.2,35.4,35.6,8496876.30164934,302914207.4312655
2026-05-28 19:15:00,35.7,36.7,35.5,35.8,5760792.94379687,208417482.87903342
2026-05-28 19:30:00,36.0,36.4,35.7,35.9,2965256.34915813,106993876.71711114
2026-05-28 19:45:00,35.9,35.9,34.8,35.5,9635243.66471315,340426282.65439045
2026-05-28 20:00:00,35.5,36.7,34.8,35.9,11324903.13324629,406179687.76705277
2026-05-28 20:15:00,35.9,38.8,35.9,37.3,26222552.28777115,987754402.2503196
2026-05-28 20:30:00,37.3,38.3,36.7,37.1,9319456.62655603,348989024.0354427
2026-05-28 20:45:00,37.1,37.2,36.1,36.4,8232724.8453454,301274491.28241336
2026-05-28 21:00:00,36.4,37.2,35.9,36.9,6827189.2365447,249845224.29545832
2026-05-28 21:15:00,36.7,37.4,36.5,36.6,3928308.27370093,144879073.41523716
2026-05-28 21:30:00,36.5,37.2,36.4,36.9,3080422.13254411,113181428.27813038
2026-05-28 21:45:00,36.7,36.9,36.3,36.8,2384947.82686142,87252258.98829423
2026-05-28 22:00:00,36.7,36.7,35.9,36.0,4234963.05350558,153173543.76148
2026-05-28 22:15:00,36.0,36.0,34.9,35.3,8449462.55911319,299759001.15317106
2026-05-28 22:30:00,35.3,35.5,35.0,35.3,3539796.39603439,124803459.27607977
2026-05-28 22:45:00,35.2,35.5,35.0,35.3,2895610.14513496,102055544.32613336
2026-05-28 23:00:00,35.3,35.7,35.3,35.7,2021562.69217916,71796704.88908616
2026-05-28 23:15:00,35.7,35.9,35.1,35.2,2726048.21157877,96779249.40234625
2026-05-28 23:30:00,35.2,35.5,35.2,35.3,1582616.03988023,55960138.8701188
2026-05-28 23:45:00,35.3,35.5,35.0,35.2,1074639.3458229,37786460.06433545
2026-05-29 00:00:00,35.2,35.4,35.0,35.0,624126.63461705,21929028.57877237
2026-05-29 00:15:00,35.0,35.5,35.0,35.5,1096501.42543907,38627876.52496258
2026-05-29 00:30:00,35.3,35.6,35.2,35.5,519947.42786724,18434521.76443153
2026-05-29 00:45:00,35.5,35.8,35.5,35.7,1131722.92544143,40333383.27957087
2026-05-29 01:00:00,35.7,35.7,35.0,35.2,949778.75724177,33420407.22189878
2026-05-29 01:15:00,35.2,35.3,34.4,34.7,2143039.9579746,74542702.17990305
2026-05-29 01:30:00,34.6,35.0,34.6,35.0,687018.12343752,23889677.67897819
2026-05-29 01:45:00,35.0,35.2,34.7,35.0,640686.16315796,22355907.66215559
2026-05-29 02:00:00,35.0,36.1,35.0,35.4,1542630.95718883,54761717.82249775
2026-05-29 02:15:00,35.4,35.5,35.2,35.5,570283.41307635,20211185.7827515
2026-05-29 02:30:00,35.5,35.6,35.4,35.5,225313.13330185,7998947.79586177
2026-05-29 02:45:00,35.5,35.6,35.4,35.5,710568.54344757,25218422.96654374
2026-05-29 03:00:00,35.3,35.7,35.3,35.7,358320.44391637,12728651.24431028
2026-05-29 03:15:00,35.7,35.7,35.4,35.6,252782.81666132,8997766.27898195
2026-05-29 03:30:00,35.6,35.6,35.3,35.5,268917.13961626,9530100.53605917
2026-05-29 03:45:00,35.5,35.8,35.5,35.6,492070.46484434,17562833.43203952
2026-05-29 04:00:00,35.6,36.1,35.6,35.8,1124134.43550971,40239286.23265239
2026-05-29 04:15:00,35.6,36.1,35.6,35.9,357891.76609223,12768369.80798293
2026-05-29 04:30:00,35.7,35.9,35.6,35.8,411955.65517619,14711222.41798596
2026-05-29 04:45:00,35.8,35.9,35.6,35.7,721240.19009125,25811155.04424926
2026-05-29 05:00:00,35.7,36.0,35.6,35.7,337151.94358295,12016763.14088803
2026-05-29 05:15:00,35.7,35.9,35.7,35.9,45415.66553401,1623626.37587826
2026-05-29 05:30:00,35.8,35.9,35.7,35.9,28788.90579777,1032786.9689101
2026-05-29 05:45:00,35.9,36.0,35.7,35.9,714777.06688832,25603790.93100236
2026-05-29 06:00:00,35.9,36.0,35.7,36.0,1100814.47973392,39418783.80476922
2026-05-29 06:15:00,35.9,36.0,35.7,35.8,360695.12565053,12923751.39165969
2026-05-29 06:30:00,35.9,35.9,35.8,35.8,42312.86808509,1516210.04699543
2026-05-29 06:45:00,35.8,35.9,35.6,35.8,320967.30958408,11463644.58575919
2026-05-29 07:00:00,35.9,36.0,35.5,35.8,1116774.78243417,40070062.3899474
2026-05-29 07:15:00,35.7,36.1,35.7,35.7,172654.72629399,6197477.44470198
2026-05-29 07:30:00,35.7,36.0,35.5,35.8,519597.68183526,18527065.57698349
2026-05-29 07:45:00,35.5,36.0,35.5,35.6,816028.10322358,29089470.41695743
2026-05-29 08:00:00,35.5,35.8,35.5,35.5,719654.93319866,25581313.24607893
2026-05-29 08:15:00,35.5,35.8,35.5,35.5,210330.4843863,7494271.74602575
2026-05-29 08:30:00,35.5,35.8,35.4,35.5,838716.8944083,29822267.51794943
2026-05-29 08:45:00,35.5,35.9,35.4,35.8,996672.09541874,35529980.97708415
2026-05-29 09:00:00,35.7,35.7,35.1,35.5,4246070.75913246,149798993.65988597
2026-05-29 09:15:00,35.5,35.9,35.2,35.6,1727921.86146153,61423049.24733544
2026-05-29 09:30:00,35.6,36.0,35.6,35.9,978571.91250741,35060969.21910554
2026-05-29 09:45:00,35.7,35.9,35.4,35.7,1941316.68436438,69209548.62207489
2026-05-29 10:00:00,35.7,35.7,35.4,35.5,936172.21460833,33252571.92737938
2026-05-29 10:15:00,35.4,35.5,35.0,35.4,3094079.24613286,109161144.07482406
2026-05-29 10:30:00,35.3,35.5,35.0,35.3,1460113.61410403,51392892.35471828
2026-05-29 10:45:00,35.3,35.3,35.1,35.1,372288.82111174,13081165.88557927
2026-05-29 11:00:00,35.1,35.2,35.0,35.0,1066759.13326856,37411029.64904877
2026-05-29 11:15:00,35.0,35.1,34.7,34.8,1750783.60421491,61033391.8209249
2026-05-29 11:30:00,34.7,34.8,34.5,34.5,3704307.34308337,128206462.33865152
2026-05-29 11:45:00,34.5,34.7,34.3,34.4,2702515.41374273,93126962.29860957
2026-05-29 12:00:00,34.4,34.7,34.4,34.5,1002822.79071997,34577537.72359079
2026-05-29 12:15:00,34.6,34.6,34.5,34.6,784690.80975343,27133760.10782163
2026-05-29 12:30:00,34.6,34.6,34.5,34.6,1113008.28176031,38500355.0042802
2026-05-29 12:45:00,34.6,34.6,34.4,34.5,1590922.18677158,54956814.79963281
2026-05-29 13:00:00,34.5,34.6,34.3,34.4,893212.381358,30744909.0616456
2026-05-29 13:15:00,34.4,34.6,34.4,34.5,1045200.02822351,36060210.48716303
2026-05-29 13:30:00,34.6,34.8,34.5,34.7,2634133.42087063,91417429.61027123
2026-05-29 13:45:00,34.7,34.9,34.7,34.9,707840.92789156,24669922.89714071
2026-05-29 14:00:00,35.0,35.1,34.9,34.9,522730.6057622,18276993.50397122
2026-05-29 14:15:00,35.0,35.0,34.9,35.0,438057.53152818,15314147.81432686
2026-05-29 14:30:00,35.0,35.0,34.6,34.7,911843.04610524,31703749.33242648
2026-05-29 14:45:00,34.6,35.0,34.6,34.8,623769.22157941,21697790.5542633
2026-05-29 15:00:00,34.8,35.0,34.8,35.0,309990.36554041,10834301.61488124
2026-05-29 15:15:00,35.0,35.3,34.9,35.3,1184341.4730778,41535063.29692139
2026-05-29 15:30:00,35.1,35.3,35.0,35.1,445482.75868986,15614285.4255213
2026-05-29 15:45:00,35.1,35.5,35.1,35.5,868193.75428651,30625894.99563706
2026-05-29 16:00:00,35.5,35.6,35.4,35.6,784075.60403303,27802694.62904772
2026-05-29 16:15:00,35.5,35.6,35.4,35.4,110945.22864923,3934987.69185767
2026-05-29 16:30:00,35.4,35.4,35.0,35.1,1135360.35260129,39935665.78409414
2026-05-29 16:45:00,35.1,35.4,35.0,35.4,481818.22717282,16963662.32975514
2026-05-29 17:00:00,35.4,35.5,35.2,35.5,907253.91605882,32034113.14509937
2026-05-29 17:15:00,35.4,35.7,35.3,35.7,567470.55265426,20166300.13742277
2026-05-29 17:30:00,35.5,35.6,35.5,35.6,166769.72412904,5926283.14474667
2026-05-29 17:45:00,35.6,35.6,35.4,35.5,442997.96084482,15727844.93240789
2026-05-29 18:00:00,35.6,35.9,35.5,35.8,1783281.15259875,63551430.66468686
2026-05-29 18:15:00,35.9,36.1,35.8,36.1,817874.29053407,29431498.44904484
2026-05-29 18:30:00,36.1,36.2,35.9,36.0,895774.14611966,32373184.10246441
2026-05-29 18:45:00,36.0,36.2,35.9,36.0,890409.56252832,32025291.15087512
2026-05-29 19:00:00,35.9,36.0,35.6,35.7,1230073.36826271,44043647.43542533
2026-05-29 19:15:00,35.7,35.7,35.5,35.5,940790.91107761,33467463.34335134
2026-05-29 19:30:00,35.5,35.6,35.3,35.4,2273860.5092272,80477985.34928118
2026-05-29 19:45:00,35.4,35.4,35.3,35.3,334668.70185314,11841294.42260321
2026-05-29 20:00:00,35.3,35.4,35.2,35.2,725615.80026847,25550234.58418822
2026-05-29 20:15:00,35.2,35.4,35.2,35.2,632677.81624913,22285523.54153279
2026-05-29 20:30:00,35.2,35.3,35.0,35.1,3848777.5837707,135289518.6030679
2026-05-29 20:45:00,35.1,35.2,35.0,35.2,492037.33570104,17261715.1911517
2026-05-29 21:00:00,35.3,35.3,35.0,35.0,1201670.01126728,42129678.0351163
2026-05-29 21:15:00,35.0,35.1,35.0,35.0,860295.79250709,30132973.90953298
2026-05-29 21:30:00,35.0,35.0,34.6,34.7,2273997.37744339,78948149.57945447
2026-05-29 21:45:00,34.7,34.8,34.6,34.6,694349.61490428,24044140.98767223
2026-05-29 22:00:00,34.6,34.7,34.5,34.6,591474.38046136,20472750.36682899
2026-05-29 22:15:00,34.6,34.7,34.6,34.7,438138.31078612,15186315.63170156
2026-05-29 22:30:00,34.7,35.0,34.7,35.0,137829.3808382,4792745.16000626
2026-05-29 22:45:00,34.9,34.9,34.9,34.9,50970.20906476,1778860.29636012
2026-05-29 23:00:00,34.9,34.9,34.7,34.7,271750.46821471,9443294.76524427
2026-05-29 23:15:00,34.8,34.9,34.2,34.4,1283655.58651173,44113769.41634506
2026-05-29 23:30:00,34.4,34.4,34.2,34.2,330440.91376928,11318612.53917785
2026-05-29 23:45:00,34.2,34.9,34.1,34.9,6632540.43761262,229885339.09490588
2026-05-30 00:00:00,34.8,35.5,34.8,35.4,401583.90229654,14056750.91241325
2026-05-30 00:15:00,35.5,35.7,35.3,35.7,1358820.69840749,48328197.74192653
2026-05-30 00:30:00,35.8,36.4,35.8,36.0,3550627.85362216,128031049.48852606
2026-05-30 00:45:00,35.8,35.8,35.4,35.6,182797.92601457,6510319.28047789
2026-05-30 01:00:00,35.6,35.8,35.4,35.8,481907.01388237,17171738.38533301
2026-05-30 01:15:00,35.9,35.9,35.4,35.5,258942.72671983,9197524.08579508
2026-05-30 01:30:00,35.6,36.1,35.6,35.9,449812.78280493,16117955.68795931
2026-05-30 01:45:00,35.8,35.9,35.8,35.9,7216.61793928,258369.42222622
2026-05-30 02:00:00,35.8,35.9,35.8,35.9,140279.843949,5034629.9671742
2026-05-30 02:15:00,35.9,35.9,35.7,35.9,46339.12753668,1659711.05904973
2026-05-30 02:30:00,35.9,36.0,35.8,35.9,111293.16941788,3989823.03936036
2026-05-30 03:15:00,35.5,35.5,35.3,35.3,162750.26380752,5755935.90127413
2026-05-30 03:30:00,35.4,35.4,35.2,35.2,29775.85547734,1050627.89770802
2026-05-30 03:45:00,35.1,35.1,34.8,34.8,267611.71669773,9339377.19392574
2026-05-30 04:00:00,34.8,35.0,34.6,34.6,820010.26786579,28534202.30956413
2026-05-30 04:15:00,34.7,34.7,34.5,34.7,911678.7032972,31549065.20435179
2026-05-30 04:30:00,34.8,34.8,34.8,34.8,129149.78205922,4494412.41566086
2026-05-30 04:45:00,34.8,34.8,34.8,34.8,14129.49685615,491706.49059402
2026-05-30 05:00:00,34.8,34.8,34.8,34.8,544.8536236,18960.90610128
2026-05-30 05:15:00,35.1,35.1,35.0,35.0,64053.61295574,2246395.53208937
2026-05-30 05:30:00,35.1,35.1,34.9,35.0,687629.16576168,24091703.52160673
2026-05-30 05:45:00,35.0,35.0,34.8,34.8,463371.90566504,16167745.01504393
2026-05-30 06:15:00,34.8,34.8,34.7,34.7,406643.6708216,14123445.2071277
2026-05-30 06:30:00,34.7,34.7,34.6,34.6,15045.32612567,522009.05484155
2026-05-30 06:45:00,34.8,34.8,34.4,34.4,950405.68243538,32775681.69774618
2026-05-30 07:15:00,34.6,34.6,34.6,34.6,4283.57249946,148211.60848132
2026-05-30 07:30:00,34.7,34.8,34.7,34.8,86874.63596362,3023200.03153398
2026-05-30 07:45:00,34.7,34.8,34.6,34.7,108451.90176278,3762579.19595043
2026-05-30 08:00:00,34.7,34.8,34.6,34.7,1484100.05115651,51499082.95734643
2026-05-30 08:15:00,34.8,34.8,34.5,34.5,1640551.70314955,56650554.60203889
2026-05-30 08:30:00,34.5,34.6,34.4,34.4,116610.41335641,4026521.04464959
2026-05-30 08:45:00,34.4,34.6,34.4,34.5,512191.25227829,17710054.19438744
2026-05-30 09:00:00,34.5,34.6,34.4,34.5,936230.80903353,32328899.44076527
2026-05-30 09:15:00,34.6,34.7,34.6,34.7,261561.62732398,9068682.60304636
2026-05-30 09:30:00,34.6,34.7,34.5,34.7,386790.27759057,13396750.10014873
2026-05-30 09:45:00,34.7,34.9,34.7,34.7,1306965.04443098,45397858.30248715
2026-05-30 10:00:00,34.7,34.9,34.7,34.9,30739.21655064,1070927.71428005
2026-05-30 10:15:00,34.9,35.0,34.9,35.0,93640.44025629,3268238.26302894
2026-05-30 10:30:00,35.0,35.0,35.0,35.0,14602.31655233,511081.07933155
2026-05-30 10:45:00,34.9,35.0,34.8,34.8,1767951.80170887,61608226.5411361
2026-05-30 11:00:00,34.8,34.9,34.8,34.8,353472.73883154,12322775.40940493
2026-05-30 11:15:00,34.8,34.8,34.7,34.8,685583.16777017,23853392.2906738
2026-05-30 11:30:00,34.9,34.9,34.8,34.8,189917.67502451,6623502.84729994
2026-05-30 11:45:00,34.8,34.9,34.8,34.9,200533.69157327,6978795.06909697
2026-05-30 12:00:00,34.9,35.0,34.9,35.0,148354.86147594,5179014.66551031
2026-05-30 12:15:00,35.0,35.0,34.7,34.7,2848808.30365105,99420941.92446378
2026-05-30 12:30:00,34.7,34.8,34.5,34.5,337295.78463748,11673710.22111001
2026-05-30 12:45:00,34.6,34.7,34.6,34.6,204252.35204788,7079869.04961665
2026-05-30 13:00:00,34.6,34.7,34.4,34.5,1087845.1497859,37491701.78972839
2026-05-30 13:15:00,34.5,34.5,34.2,34.2,397415.83804726,13639538.98052172
2026-05-30 13:30:00,34.2,34.3,34.1,34.2,402707.56329439,13751394.34703287
2026-05-30 13:45:00,34.3,34.4,34.3,34.3,455030.21409857,15619290.74660836
2026-05-30 14:00:00,34.5,34.7,34.5,34.7,549291.75515815,19015918.47889256
2026-05-30 14:15:00,34.6,34.8,34.6,34.7,559376.88133014,19410489.12303714
2026-05-30 14:30:00,34.8,34.9,34.8,34.8,375366.61767964,13062772.62189904
2026-05-30 14:45:00,34.9,34.9,34.9,34.9,143464.16474469,5006899.34958968
2026-05-30 15:00:00,34.8,34.9,34.7,34.9,108865.6848151,3792875.79601844
2026-05-30 15:15:00,34.9,35.1,34.9,35.0,331672.19035055,11626159.12591726
2026-05-30 15:30:00,35.1,35.1,35.1,35.1,54578.2183908,1915695.46551708
2026-05-30 15:45:00,35.0,35.0,34.9,34.9,17868.28749175,625332.75562099
2026-05-30 16:00:00,34.9,34.9,34.9,34.9,46300.83381087,1615899.09999936
2026-05-30 16:15:00,34.9,35.0,34.9,35.0,185927.4697619,6492073.6204046
2026-05-30 16:30:00,34.9,34.9,34.8,34.8,299336.14268677,10418343.47258235
2026-05-30 16:45:00,34.9,34.9,34.9,34.9,43706.39894952,1525353.32333825
2026-05-30 17:00:00,34.9,34.9,34.7,34.7,207354.52198984,7207298.20398629
2026-05-30 17:15:00,34.7,34.8,34.7,34.8,136428.77475707,4741239.10579484
2026-05-30 17:30:00,34.9,34.9,34.7,34.7,20071.0663702,696523.13771643
2026-05-30 18:00:00,34.7,34.7,34.6,34.7,528382.86970136,18310143.54769703
2026-05-30 18:15:00,34.7,34.8,34.7,34.7,429200.05548882,14904997.36224366
2026-05-30 18:30:00,34.7,34.7,34.7,34.7,60265.86706646,2091225.58720616
2026-05-30 18:45:00,34.8,34.8,34.6,34.6,3215.7283963,111455.81170738
2026-05-30 19:00:00,34.7,34.7,34.7,34.7,20192.40634005,700676.49999974
2026-05-30 19:15:00,34.9,34.9,34.7,34.7,238347.25552758,8274716.00604363
2026-05-30 19:45:00,34.7,34.7,34.6,34.6,656588.26292047,22775128.91441989
2026-05-30 20:00:00,34.7,34.7,34.7,34.7,64314.38459443,2231709.14542672
2026-05-30 20:15:00,34.5,34.5,34.5,34.5,515959.84584632,17800614.68169804
2026-05-30 20:30:00,34.5,34.7,34.5,34.6,633561.70538738,21925287.00724089
2026-05-30 20:45:00,34.8,34.8,34.8,34.8,154.79885057,5386.99999984
2026-05-30 21:00:00,34.6,34.7,34.6,34.7,257558.95430493,8924265.5323312
2026-05-30 21:15:00,34.8,34.8,34.7,34.8,8781.49449879,305224.51357973
2026-05-30 21:30:00,34.7,34.7,34.6,34.7,946272.08320067,32742499.23836929
2026-05-30 21:45:00,34.7,34.7,34.7,34.7,7317.26641524,253909.14460883
2026-05-30 22:00:00,34.6,34.8,34.6,34.6,55745.62078441,1928827.21477277
2026-05-30 22:15:00,34.6,34.7,34.6,34.6,86879.22859466,3006061.30937524
2026-05-30 22:30:00,34.5,34.5,34.5,34.5,161.2236,5562.2142
2026-05-30 22:45:00,34.5,34.5,34.4,34.5,914093.53502625,31488969.8470769
2026-05-30 23:00:00,34.5,34.5,34.5,34.5,167147.6315597,5766593.28880965
2026-05-30 23:15:00,34.5,34.7,34.4,34.7,244624.66494581,8438974.94074758
2026-05-30 23:30:00,34.7,34.8,34.7,34.8,347630.52976184,12064506.39283509
2026-05-30 23:45:00,34.7,34.8,34.7,34.7,14553.50797743,505165.87945204
2026-05-31 00:00:00,34.8,34.9,34.7,34.9,42381.19739258,1471354.15868831
2026-05-31 00:15:00,34.9,34.9,34.9,34.9,34562.30659025,1206224.49999973
2026-05-31 00:30:00,34.8,34.8,34.7,34.7,52351.3406726,1821394.37874942
2026-05-31 00:45:00,34.7,34.8,34.7,34.8,37824.53191279,1312740.46495536
2026-05-31 01:00:00,34.9,34.9,34.8,34.9,112796.622674,3932404.61595633
2026-05-31 01:15:00,34.9,35.1,34.9,35.1,49438.69628929,1728401.23480977
2026-05-31 01:30:00,35.1,35.1,35.0,35.1,143108.09966626,5016144.8077958
2026-05-31 01:45:00,35.0,35.0,35.0,35.0,50524.30927393,1768350.82458755
2026-05-31 02:00:00,35.0,35.0,35.0,35.0,5853.49110917,204872.18882095
2026-05-31 02:15:00,35.1,35.2,35.1,35.2,829967.25904569,29214038.36971748
2026-05-31 02:30:00,35.0,35.0,35.0,35.0,8254.83299141,288919.15469935
2026-05-31 02:45:00,35.0,35.1,35.0,35.1,25021.41026555,877155.18835408
2026-05-31 03:00:00,35.1,35.1,35.1,35.1,20991.41312534,736798.60069943
2026-05-31 03:15:00,35.0,35.0,35.0,35.0,5088.54144356,178098.9505246
2026-05-31 03:45:00,35.0,35.0,35.0,35.0,71992.12925504,2519724.5239264
2026-05-31 04:00:00,35.0,35.0,34.8,34.8,646738.53430067,22510589.61309152
2026-05-31 04:15:00,34.8,34.9,34.8,34.9,54691.05749949,1906698.6660982
2026-05-31 04:30:00,34.7,34.7,34.7,34.7,302.3231,10490.61157
2026-05-31 04:45:00,34.8,34.9,34.8,34.9,151814.88395695,5283173.72101418
2026-05-31 05:00:00,34.8,34.8,34.8,34.8,223263.5064852,7769570.02568496
2026-05-31 05:15:00,34.9,34.9,34.9,34.9,42432.8061009,1480904.93292141
2026-05-31 05:30:00,34.8,34.8,34.8,34.8,32283.1396786,1123453.26081528
2026-05-31 05:45:00,34.7,34.7,34.7,34.7,96431.46338132,3346171.7793318
2026-05-31 06:00:00,34.8,34.9,34.8,34.9,284295.79762572,9903155.30873928
2026-05-31 06:15:00,34.9,34.9,34.9,34.9,77690.46968628,2711397.39205117
2026-05-31 06:30:00,34.9,34.9,34.9,34.9,83114.08835732,2900681.68367047
2026-05-31 06:45:00,34.8,34.8,34.8,34.8,93627.75754979,3258245.96273269
2026-05-31 07:00:00,34.7,34.7,34.6,34.6,61847.17295807,2145706.62590003
2026-05-31 07:15:00,34.6,34.6,34.5,34.6,136544.87634959,4710985.97101319
2026-05-31 07:30:00,34.5,34.5,34.4,34.4,297444.52494018,10255619.48078899
2026-05-31 07:45:00,34.4,34.5,34.3,34.5,31983.39417677,1099790.00511763
2026-05-31 08:00:00,34.5,34.5,34.5,34.5,29275.36231883,1009999.99999964
2026-05-31 08:30:00,34.4,34.5,34.4,34.5,1976.30865386,68167.90949817
2026-05-31 08:45:00,34.4,34.5,34.3,34.5,203825.65170156,7005144.77694822
2026-05-31 09:00:00,34.5,34.5,34.5,34.5,145047.07066756,5004123.93803082
2026-05-31 09:15:00,34.5,34.6,34.5,34.6,290919.04904098,10040921.29559788
2026-05-31 09:30:00,34.5,34.6,34.5,34.5,247692.25432779,8549168.31805824
2026-05-31 09:45:00,34.6,34.7,34.6,34.6,85398.43803415,2960065.90905817
2026-05-31 10:00:00,34.7,34.7,34.6,34.7,30608.8935522,1061961.91169671
2026-05-31 10:15:00,34.8,34.8,34.6,34.6,274522.88266054,9498526.2228133
2026-05-31 10:30:00,34.8,34.8,34.7,34.7,32300.71034058,1122623.79766198
2026-05-31 10:45:00,34.7,34.7,34.6,34.6,230871.02991586,8010786.53808034
2026-05-31 11:00:00,34.7,34.7,34.6,34.6,293931.20769085,10179890.90540525
2026-05-31 11:15:00,34.6,34.6,34.6,34.6,39946.07585416,1382134.22455394
2026-05-31 11:30:00,34.5,34.5,34.4,34.5,208773.15361583,7194297.67185634
2026-05-31 11:45:00,34.5,34.5,34.5,34.5,46865.69169434,1616866.36345473
2026-05-31 12:00:00,34.7,34.7,34.6,34.7,4510.18314703,156416.64999963
2026-05-31 12:15:00,34.7,34.8,34.7,34.8,291246.46369537,10106280.99999945
2026-05-31 12:30:00,34.7,34.8,34.7,34.8,232086.68961987,8063280.34199986
2026-05-31 12:45:00,34.9,34.9,34.9,34.9,33308.44998345,1162464.90442241
2026-05-31 13:00:00,34.8,34.8,34.8,34.8,5087.51445086,177045.50288993
2026-05-31 13:15:00,34.9,35.1,34.9,35.1,144045.63544398,5036725.05001941
2026-05-31 13:30:00,35.0,35.0,35.0,35.0,25623.87331861,896835.56615135
2026-05-31 13:45:00,35.0,35.1,35.0,35.1,1269333.14965222,44552663.84286279
2026-05-31 14:00:00,35.1,35.1,34.9,35.1,86506.08534783,3029743.62221427
2026-05-31 14:15:00,35.1,35.2,35.0,35.2,588083.86340965,20679635.92769093
2026-05-31 14:30:00,35.2,35.2,35.1,35.1,48712.42797732,1710374.40382211
2026-05-31 14:45:00,35.2,35.2,35.0,35.0,172636.07464833,6048017.45358096
2026-05-31 15:00:00,35.0,35.0,34.7,34.8,2027958.9774873,70612792.0840111
2026-05-31 15:15:00,34.8,34.9,34.6,34.8,485313.72761568,16886340.09114604
2026-05-31 15:30:00,34.7,35.0,34.7,34.9,1153301.64141341,40250149.705482
2026-05-31 15:45:00,34.9,35.0,34.9,35.0,798582.59995389,27948858.04599767
2026-05-31 16:00:00,34.9,34.9,34.7,34.7,482048.32984462,16768582.79382229
2026-05-31 16:15:00,34.7,34.7,34.7,34.7,281563.39108877,9770249.67078032
2026-05-31 16:30:00,34.6,34.6,34.6,34.6,38353.38806835,1327027.22716491
2026-05-31 16:45:00,34.6,34.7,34.6,34.7,67939.72262119,2355050.91491304
2026-05-31 17:00:00,34.7,34.7,34.6,34.6,121204.72817091,4204548.49860523
2026-05-31 17:15:00,34.7,34.8,34.7,34.8,300161.243856,10444512.36313685
2026-05-31 17:30:00,34.8,34.8,34.5,34.5,379142.36491967,13110150.05238553
2026-05-31 17:45:00,34.5,34.6,34.5,34.6,185603.37117725,6403604.44767126
2026-05-31 18:00:00,34.5,34.5,34.3,34.5,89903.33887169,3096828.37931079
2026-05-31 18:15:00,34.5,34.5,34.5,34.5,247118.57943861,8525590.99063205
2026-05-31 18:30:00,34.5,34.6,34.5,34.6,83517.89701329,2881926.13665983
2026-05-31 18:45:00,34.5,34.5,34.4,34.4,295352.63676402,10189425.78740252
2026-05-31 19:00:00,34.5,34.5,34.4,34.5,1482025.22670287,51127522.8710425
2026-05-31 19:15:00,34.5,34.5,34.5,34.5,450615.03006736,15546218.53732392
2026-05-31 19:30:00,34.5,34.6,34.5,34.5,1214113.15370674,41889364.91848947
2026-05-31 19:45:00,34.5,34.5,34.5,34.5,271621.51964405,9370942.42771973
2026-05-31 20:15:00,34.5,34.5,34.4,34.4,892496.36254931,30734550.21407376
2026-05-31 20:30:00,34.5,34.5,34.3,34.3,110594.51703379,3801185.26169584
2026-05-31 20:45:00,34.3,34.4,34.3,34.3,54826.64756446,1880826.57069173
2026-05-31 21:00:00,34.5,34.6,34.5,34.6,10113.0959035,348922.74748075
2026-05-31 21:15:00,34.6,34.6,34.6,34.6,87943.6656823,3042850.83260758
2026-05-31 21:30:00,34.6,34.6,34.6,34.6,211604.04624278,7321500.00000019
2026-05-31 21:45:00,34.6,34.6,34.6,34.6,72042.0731592,2492655.73130832
2026-05-31 22:00:00,34.6,34.6,34.6,34.6,120142.17831044,4156919.36954122
2026-05-31 22:15:00,34.6,34.8,34.6,34.8,19166.06036225,665780.246683
2026-05-31 22:30:00,34.7,34.7,34.7,34.7,231768.71086069,8042374.26686594
2026-05-31 22:45:00,34.5,34.5,34.5,34.5,20893.3204416,720819.5552352
2026-05-31 23:00:00,34.5,34.5,34.4,34.4,24098.64549792,831386.19713824
2026-05-31 23:15:00,34.3,34.3,33.8,33.8,1882073.15590014,63960003.653543
2026-05-31 23:30:00,33.7,34.0,33.7,33.8,729314.23927882,24740491.08653557
2026-05-31 23:45:00,33.8,33.9,33.8,33.9,240281.08485818,8121522.86820648
2026-06-01 00:00:00,33.9,33.9,33.9,33.9,2849.002849,96581.1965811
2026-06-01 00:15:00,33.9,34.0,33.9,33.9,279267.13633905,9480600.55275563
2026-06-01 00:30:00,33.9,34.0,33.9,34.0,53430.23653046,1816468.75000024
2026-06-01 00:45:00,33.9,33.9,33.9,33.9,63861.21789498,2164895.28663982
2026-06-01 01:00:00,33.9,34.1,33.9,34.1,58706.80885109,1995124.67562289
2026-06-01 01:15:00,33.9,33.9,33.9,33.9,171.77,5823.003
2026-06-01 01:30:00,33.9,34.0,33.8,33.8,426542.85501295,14456756.09825368
2026-06-01 01:45:00,33.7,33.7,33.5,33.7,2078331.05848971,69855575.42514946
2026-06-01 02:00:00,33.6,33.6,33.6,33.6,23083.90973895,775619.36722872
2026-06-01 02:15:00,33.7,33.7,33.7,33.7,5921.91740412,199568.61651884
2026-06-01 02:30:00,34.0,34.0,34.0,34.0,250554.55250944,8518854.78532096
2026-06-01 03:00:00,34.0,34.1,34.0,34.1,42660.14228165,1453428.40930434
2026-06-01 03:15:00,34.2,34.3,34.2,34.3,3766.36580233,128994.7957396
2026-06-01 03:30:00,34.3,34.4,34.3,34.4,936.02787442,32181.67170005
2026-06-01 03:45:00,34.3,34.3,34.2,34.2,32728.68539736,1122273.08351868
2026-06-01 04:00:00,34.3,34.3,34.2,34.2,59799.43680388,2046025.50589956
2026-06-01 04:15:00,34.0,34.0,34.0,34.0,165661.9750819,5632507.1527846
2026-06-01 04:45:00,34.0,34.0,34.0,34.0,88581.83331381,3011782.33266954
2026-06-01 05:00:00,34.3,34.3,34.3,34.3,688.3926,23611.86618
2026-06-01 05:15:00,34.5,34.5,34.5,34.5,1229.40536832,42414.48520704
2026-06-01 05:30:00,34.5,34.5,34.4,34.4,295033.86208844,10162810.54497277
2026-06-01 05:45:00,34.5,34.6,34.5,34.6,14079.21635134,485981.46546651
2026-06-01 06:00:00,34.7,34.8,34.7,34.8,161727.19037274,5625294.66554814
2026-06-01 06:15:00,34.8,34.8,34.8,34.8,689731.68940302,24002662.7912251
2026-06-01 06:30:00,34.8,34.8,34.7,34.8,133646.0811425,4644636.77016826
2026-06-01 06:45:00,34.8,35.0,34.8,34.8,182315.61128185,6353734.65567837
2026-06-01 07:00:00,35.0,35.3,34.8,35.1,204400.0344507,7171097.71520846
2026-06-01 07:15:00,35.2,35.4,35.2,35.3,1678823.10819117,59224806.60609943
2026-06-01 07:30:00,35.3,35.4,35.1,35.3,364900.16944197,12899214.35126752
2026-06-01 07:45:00,35.3,35.3,35.1,35.3,365659.26199897,12887289.09903544
2026-06-01 08:00:00,35.3,35.4,35.2,35.2,334370.16478144,11816071.14641588
2026-06-01 08:15:00,35.2,35.3,35.0,35.0,665804.10465443,23375357.67952951
2026-06-01 08:30:00,34.9,34.9,34.7,34.8,3391184.87353452,117873245.08504502
2026-06-01 08:45:00,34.9,35.1,34.9,35.1,39190.90751231,1371214.54820258
2026-06-01 09:00:00,35.1,35.3,34.9,35.1,3085503.26365989,108158889.62270951
2026-06-01 09:15:00,35.2,35.2,35.0,35.2,176982.91853337,6214880.73418148
2026-06-01 09:30:00,35.2,35.2,35.0,35.2,121449.81645157,4264593.01667079
2026-06-01 09:45:00,35.2,35.3,35.0,35.1,133341.221061,4695610.50915661
2026-06-01 10:00:00,35.0,35.1,34.9,34.9,446415.72165301,15605975.44247096
2026-06-01 10:15:00,34.9,34.9,34.6,34.6,427487.75556999,14853566.42503169
2026-06-01 10:30:00,34.5,34.7,34.4,34.5,353119.25040587,12185720.54770648
2026-06-01 10:45:00,34.4,34.5,34.3,34.3,572883.71660068,19702500.74778131
2026-06-01 11:00:00,34.3,34.6,34.3,34.6,222393.37883799,7633889.68189309
2026-06-01 11:15:00,34.5,34.5,34.5,34.5,195704.95301635,6751820.87906408
2026-06-01 11:30:00,34.4,34.9,34.2,34.8,460623.67941293,15866433.2746743
2026-06-01 11:45:00,34.8,34.8,34.7,34.8,397147.74187208,13800798.80689291
2026-06-01 12:00:00,34.8,35.0,34.8,34.9,107504.47386083,3760754.7307116
2026-06-01 12:15:00,34.9,34.9,34.8,34.8,307058.24137179,10686594.04998477
2026-06-01 12:30:00,34.8,34.9,34.8,34.8,395922.26548211,13784417.50219506
2026-06-01 12:45:00,35.0,35.1,35.0,35.1,1092413.23480823,38342260.97676887
2026-06-01 13:00:00,35.2,35.2,34.9,35.0,1104101.67734067,38543915.43939034
2026-06-01 13:15:00,35.0,35.0,34.6,34.7,295478.70366994,10292173.96090603
2026-06-01 13:30:00,34.7,34.7,34.7,34.7,28339.40378513,983377.31134401
2026-06-01 13:45:00,34.5,34.7,34.5,34.7,175115.05609637,6046551.37192419
2026-06-01 14:00:00,34.6,34.6,34.5,34.5,113026.53271867,3902363.7573253
2026-06-01 14:15:00,34.5,34.6,34.5,34.6,55470.87427682,1917738.63589797
2026-06-01 14:30:00,34.4,34.4,34.3,34.3,497547.00370728,17109830.94422295
2026-06-01 14:45:00,34.4,34.4,34.3,34.3,56180.56970499,1928703.47068403
2026-06-01 15:00:00,34.4,34.4,34.1,34.3,1144042.08569308,39275220.0702937
2026-06-01 15:15:00,34.2,34.2,34.0,34.1,1359471.30823738,46380400.76005546
2026-06-01 15:30:00,34.0,34.0,33.6,33.8,1408613.58252619,47532006.0577921
2026-06-01 15:45:00,33.8,33.8,33.5,33.5,948208.69274668,31832643.4706322
2026-06-01 16:00:00,33.7,33.8,33.4,33.8,594570.07831482,19992506.34195549
2026-06-01 16:15:00,33.7,33.7,33.6,33.7,803147.9744779,27038406.86453104
2026-06-01 16:30:00,33.5,33.7,33.4,33.5,335602.44331023,11223672.31378693
2026-06-01 16:45:00,33.6,33.6,33.4,33.4,256685.4278615,8596347.92635418
2026-06-01 17:00:00,33.4,33.6,33.4,33.5,418791.40939976,14013132.17216242
2026-06-01 17:15:00,33.5,33.5,33.3,33.4,673687.85290729,22464840.9579347
2026-06-01 17:30:00,33.4,33.5,33.3,33.4,63661.16610811,2126704.96640641
2026-06-01 17:45:00,33.3,33.4,33.3,33.3,123824.00091283,4130987.98468746
2026-06-01 18:00:00,33.4,33.5,33.4,33.5,406363.63459292,13599946.28218058
2026-06-01 18:15:00,33.5,33.5,33.4,33.5,352936.19157114,11820243.60420452
2026-06-01 18:30:00,33.5,33.5,33.4,33.5,434799.85069215,14545312.34868594
2026-06-01 18:45:00,33.6,33.7,33.6,33.7,444.0,14940.6
2026-06-01 19:00:00,33.5,33.5,33.5,33.5,411292.34953575,13778293.70944763
2026-06-01 19:15:00,33.5,33.5,33.4,33.4,44966.97995997,1502942.25803712
2026-06-01 19:45:00,33.5,33.5,33.4,33.5,7307.220297,244760.73927288
2026-06-01 20:00:00,33.5,33.5,33.5,33.5,72536.86697505,2429985.04366418
2026-06-01 20:15:00,33.5,33.6,33.5,33.6,102572.48386573,3446178.20950196
2026-06-01 20:30:00,33.6,33.6,33.5,33.6,443162.7180487,14890251.82643632
2026-06-01 20:45:00,33.6,33.6,33.3,33.3,153944.25333014,5162349.25062362
2026-06-01 21:00:00,33.5,33.5,33.2,33.2,943373.09699681,31425349.53534126
2026-06-01 21:15:00,33.3,33.7,33.3,33.7,380246.6998016,12715176.46293153
2026-06-01 21:30:00,33.7,33.8,33.6,33.7,272738.02776652,9186145.14958183
2026-06-01 21:45:00,33.7,33.7,33.6,33.7,54821.10065766,1843602.0445441
2026-06-01 22:00:00,33.5,33.5,33.1,33.2,2393490.49116723,79665435.93934906
2026-06-01 22:15:00,33.4,33.4,33.2,33.2,215498.81072659,7155797.57750855
2026-06-01 22:30:00,33.2,33.5,33.2,33.4,566427.06295667,18940321.3181435
2026-06-01 22:45:00,33.3,33.4,32.8,33.0,678039.80628639,22469657.40497656
2026-06-01 23:00:00,33.2,33.3,32.9,32.9,778372.48929414,25840640.34651019
2026-06-01 23:15:00,32.9,33.3,32.9,33.3,759881.39182411,25126425.74027486
2026-06-01 23:30:00,33.0,33.1,33.0,33.0,334935.25704769,11085807.79608202
2026-06-01 23:45:00,33.1,33.1,33.0,33.0,162970.02656776,5378026.58670587
2026-06-02 00:00:00,33.0,33.2,33.0,33.1,159230.18307408,5255120.37617076
2026-06-02 00:15:00,33.0,33.0,32.8,32.9,419616.86795539,13820113.05468158
2026-06-02 00:30:00,32.8,33.4,32.8,33.3,1043210.8040547,34569517.28657462
2026-06-02 00:45:00,33.2,33.2,33.2,33.2,107564.28172696,3571134.15333507
2026-06-02 01:00:00,33.1,33.1,33.0,33.0,507240.09633724,16739123.17912892
2026-06-02 01:15:00,33.2,33.4,33.2,33.3,582771.97656589,19390294.99900036
2026-06-02 01:30:00,33.5,33.5,33.5,33.5,13987.59481453,468584.42628676
2026-06-02 01:45:00,33.5,33.8,33.5,33.8,9268.54150099,311510.96403389
2026-06-02 02:00:00,33.8,34.0,33.8,33.9,2515397.01021133,85418171.4136265
2026-06-02 02:15:00,34.0,34.0,33.9,34.0,890491.84320121,30189852.73460186
2026-06-02 02:30:00,34.0,34.2,33.9,34.2,679067.7218885,23162548.26941126
2026-06-02 02:45:00,34.3,34.3,34.2,34.2,327527.56935615,11202750.49294557
2026-06-02 03:00:00,34.1,34.1,34.0,34.0,1984995.46452723,67651136.11650647
2026-06-02 03:15:00,34.0,34.0,33.9,33.9,163766.06946556,5567495.42440067
2026-06-02 03:30:00,34.0,34.1,33.9,33.9,25666.98930609,873889.83137108
2026-06-02 03:45:00,33.9,33.9,33.7,33.8,5113.96496456,172445.91226653
2026-06-02 04:00:00,33.9,33.9,33.8,33.8,311.68944511,10549.99999988
2026-06-02 04:15:00,34.0,34.0,33.8,33.8,154180.60971167,5212715.34935548
2026-06-02 04:30:00,33.8,33.9,33.8,33.9,18468.8424315,625221.71476737
2026-06-02 05:00:00,33.8,33.8,33.7,33.7,4386.67673344,148239.99999977
2026-06-02 05:15:00,33.7,33.7,33.7,33.7,15000.66516194,505522.41595738
2026-06-02 05:30:00,33.7,33.7,33.6,33.6,88402.40487332,2973494.88732491
2026-06-02 05:45:00,33.7,33.7,33.6,33.6,33073.29953957,1111594.00756338
2026-06-02 06:00:00,33.6,33.6,33.2,33.2,115611.71219775,3862969.94450581
2026-06-02 06:15:00,33.0,33.2,33.0,33.1,285472.12935595,9448706.65039992
2026-06-02 06:30:00,33.1,33.2,33.1,33.1,115868.7570621,3835974.28599649
2026-06-02 06:45:00,33.1,33.1,32.9,32.9,2861775.03974433,94326084.8913658
2026-06-02 07:00:00,32.8,32.8,32.6,32.7,372770.33458251,12191471.16325636
2026-06-02 07:15:00,32.7,32.8,32.6,32.7,455542.32274513,14886103.08274362
2026-06-02 07:30:00,32.7,32.7,32.4,32.4,793897.66265741,25772386.7745144
2026-06-02 07:45:00,32.5,33.0,32.5,33.0,243033.70239252,7971422.08811409
2026-06-02 08:00:00,33.0,33.1,32.9,33.1,306060.6363575,10114175.32879158
2026-06-02 08:15:00,33.1,33.2,32.9,32.9,346445.73888535,11422467.82815857
2026-06-02 08:30:00,32.9,33.1,32.8,32.9,456845.34322395,15014541.28510118
2026-06-02 08:45:00,32.8,33.0,32.8,32.9,152273.02861307,5006210.20387583
2026-06-02 09:00:00,32.9,33.1,32.9,33.1,105583.58722712,3473754.4004369
2026-06-02 09:15:00,33.0,33.0,32.6,32.6,125134.80273776,4110891.61344862
2026-06-02 09:30:00,32.7,33.0,32.7,32.8,986516.59392174,32444233.92119425
2026-06-02 09:45:00,32.8,32.9,32.7,32.9,367364.04253871,12029500.15325431
2026-06-02 10:00:00,32.8,32.9,32.7,32.8,984923.73822384,32231490.93159202
2026-06-02 10:15:00,32.7,32.9,32.7,32.7,736951.42333507,24116843.42446464
2026-06-02 10:30:00,32.5,32.6,32.4,32.4,2004523.32666443,65150048.15656214
2026-06-02 10:45:00,32.3,32.3,31.9,31.9,1974487.76861812,63221500.01486957
2026-06-02 11:00:00,31.9,32.0,31.7,31.7,792112.00005809,25168910.74739152
2026-06-02 11:15:00,31.9,32.2,31.9,32.2,1260342.98381214,40380096.46249318
2026-06-02 11:30:00,32.2,32.2,32.0,32.0,548904.32419398,17670889.79919179
2026-06-02 11:45:00,31.9,32.3,31.9,32.3,162600.80364959,5201514.76236326
2026-06-02 12:00:00,32.3,32.6,32.3,32.5,170796.73775746,5534077.40258362
2026-06-02 12:15:00,32.4,32.6,32.4,32.6,72402.23774717,2346998.22045103
2026-06-02 12:30:00,32.5,32.7,32.4,32.7,67337.92400522,2192453.57476837
2026-06-02 12:45:00,32.5,32.8,32.5,32.8,505799.52896754,16537030.56329807
2026-06-02 13:00:00,32.7,32.7,32.3,32.5,1275930.69264861,41342307.35633823
2026-06-02 13:15:00,32.7,33.0,32.7,33.0,25936.23241292,850464.68064326
2026-06-02 13:30:00,32.8,32.8,32.7,32.7,227323.9193054,7456132.81009785
2026-06-02 13:45:00,32.6,32.6,32.4,32.5,15474.08001554,502827.96836821
2026-06-02 14:00:00,32.4,32.5,32.2,32.4,236209.29367722,7651208.80744962
2026-06-02 14:15:00,32.4,32.4,32.4,32.4,33763.9722685,1093952.7014994
2026-06-02 14:30:00,32.5,32.5,32.2,32.2,116407.75084947,3753278.68398112
2026-06-02 14:45:00,32.2,32.2,32.0,32.0,77348.97550072,2478100.11543353
2026-06-02 15:00:00,32.1,32.2,32.1,32.2,48504.43412843,1561792.56860327
2026-06-02 15:15:00,32.1,32.1,32.0,32.1,49620.09744604,1592788.87801788
2026-06-02 15:30:00,32.1,32.3,32.1,32.3,271488.31808197,8764989.55514519
2026-06-02 15:45:00,32.4,32.4,32.2,32.3,309657.02971969,10030872.36291796
2026-06-02 16:00:00,32.4,32.4,31.8,32.1,924332.23503206,29626207.49897889
2026-06-02 16:15:00,32.2,32.3,31.9,31.9,723727.20094117,23180055.84541673
2026-06-02 16:30:00,32.0,32.3,32.0,32.3,33163.25639465,1063842.34991788
2026-06-02 16:45:00,32.2,32.2,32.2,32.2,55985.8199304,1802743.40175888
2026-06-02 17:00:00,32.2,32.2,32.1,32.1,69114.83888569,2225284.57472755
2026-06-02 17:15:00,32.1,32.1,31.9,32.0,198494.75860138,6358064.11414032
2026-06-02 17:30:00,32.0,32.0,31.9,31.9,68025.90672324,2176737.81514368
2026-06-02 17:45:00,31.9,31.9,31.7,31.7,883192.32351519,28079178.82832069
2026-06-02 18:00:00,31.8,31.9,31.7,31.7,1557917.17649428,49430468.16970584
2026-06-02 18:15:00,31.7,31.7,31.3,31.4,3041452.47477862,95752678.2947662
2026-06-02 18:30:00,31.4,31.4,31.3,31.3,166696.86508679,5226660.50070414
2026-06-02 18:45:00,31.3,31.3,31.2,31.3,540111.746296,16856071.98556382
2026-06-02 19:00:00,31.3,31.5,31.0,31.3,1085345.84025072,33770758.75419746
2026-06-02 19:15:00,31.3,31.4,31.1,31.3,360842.49079405,11280053.73344233
2026-06-02 19:30:00,31.2,31.2,31.0,31.0,829395.62614971,25739890.2731253
2026-06-02 19:45:00,31.0,31.0,30.9,31.0,886119.65149804,27415071.04810192
2026-06-02 20:00:00,31.1,31.3,31.0,31.2,2311253.477198,72038326.53147635
2026-06-02 20:15:00,31.1,31.2,31.1,31.1,556573.5993493,17309474.19617349
2026-06-02 20:30:00,31.1,31.1,30.8,31.0,2476301.16022702,76515548.44488488
2026-06-02 20:45:00,31.0,31.2,31.0,31.1,643434.39349195,20005134.13128777
2026-06-02 21:00:00,31.0,31.3,31.0,31.3,411902.60088528,12852924.79955454
2026-06-02 21:15:00,31.2,31.4,31.2,31.4,1006625.98338381,31412566.09328725
2026-06-02 21:30:00,31.4,31.7,31.3,31.5,3425023.8804049,108105200.17703101
2026-06-02 21:45:00,31.5,31.6,31.4,31.6,1840664.8605892,57978201.03932246
2026-06-02 22:00:00,31.7,31.8,31.7,31.7,475303.93812975,15068167.82222132
2026-06-02 22:15:00,31.7,32.0,31.7,32.0,1081615.14174948,34383647.44201674
2026-06-02 22:30:00,31.8,31.8,31.7,31.7,150828.2421097,4795393.30334753
2026-06-02 22:45:00,31.8,32.0,31.7,31.7,132209.99977842,4209892.78210709
2026-06-02 23:00:00,31.7,31.7,31.5,31.7,696430.35418066,21978337.53828446
2026-06-02 23:15:00,31.7,31.7,31.0,31.1,643765.84206524,20132687.08315242
2026-06-02 23:30:00,31.1,31.2,30.8,31.0,1047035.75259216,32480299.3937312
2026-06-02 23:45:00,31.0,31.3,30.9,30.9,2660822.18602523,82646139.40827549
2026-06-03 00:00:00,31.0,31.0,30.5,30.8,1145333.40399893,35118034.24438655
2026-06-03 00:15:00,30.7,30.8,30.3,30.3,4266676.31695418,130087409.35646205
2026-06-03 00:30:00,30.3,30.7,30.2,30.6,3047359.49588782,92871841.458044
2026-06-03 00:45:00,30.5,30.6,30.4,30.5,1283998.51083441,39172418.1368633
2026-06-03 01:00:00,30.4,30.9,30.4,30.9,234619.42690285,7174834.05849051
2026-06-03 01:15:00,31.1,31.2,31.1,31.2,3398.05425013,105999.99999956
2026-06-03 01:30:00,30.6,30.7,30.6,30.7,558297.79816562,17087516.50008976
2026-06-03 01:45:00,30.6,30.8,30.5,30.5,230449.14224993,7059906.98657882
2026-06-03 02:00:00,30.6,30.9,30.6,30.6,1804611.2697477,55266149.46614569
2026-06-03 02:15:00,30.7,30.7,30.7,30.7,650721.1241629,19977138.51180103
2026-06-03 02:30:00,30.7,30.7,30.6,30.6,22847.45632547,701397.30134879
2026-06-03 03:00:00,30.6,30.6,30.6,30.6,9698.74539854,296781.60919532
2026-06-03 03:15:00,30.5,30.6,30.4,30.4,87642.37865636,2673092.54901898
2026-06-03 03:30:00,30.3,30.3,30.2,30.3,112537.77223265,3404096.76757952
2026-06-03 03:45:00,30.3,30.5,30.3,30.5,118456.18008047,3596425.67269425
2026-06-03 04:00:00,30.6,30.7,30.6,30.7,96047.60520571,2945107.6209053
2026-06-03 04:15:00,30.5,30.5,30.3,30.3,231790.77263236,7065433.96528698
2026-06-03 04:30:00,30.2,30.3,30.1,30.2,591140.25390401,17844841.97465849
2026-06-03 04:45:00,30.9,31.0,30.6,30.6,2311834.91108052,71314252.61070657
2026-06-03 05:00:00,30.8,31.0,30.8,30.9,1134301.6204848,35162267.4318488
2026-06-03 05:15:00,30.7,30.7,30.4,30.4,1773350.72137638,54128903.53786004
2026-06-03 05:30:00,30.7,30.7,30.7,30.7,1687321.85612986,51800780.9831867
2026-06-03 05:45:00,30.7,30.9,30.7,30.9,13635.15495649,421263.48815554
2026-06-03 06:00:00,31.0,31.0,30.9,30.9,36284.13698025,1123238.66709973
2026-06-03 06:15:00,31.0,31.1,31.0,31.1,227874.97557804,7071534.55411064
2026-06-03 06:30:00,31.3,31.3,31.2,31.2,90473.7902199,2827226.77008552
2026-06-03 06:45:00,31.2,31.2,31.0,31.0,53226.41069001,1655916.97326359
2026-06-03 07:00:00,30.8,30.8,30.8,30.8,69084.40933277,2127799.80744932
2026-06-03 07:15:00,30.7,30.8,30.4,30.7,883924.90407624,26957981.29409654
2026-06-03 07:30:00,30.7,30.7,30.5,30.6,275003.15049035,8417806.14283744
2026-06-03 07:45:00,30.6,30.6,30.2,30.2,587330.0210812,17819432.63832427
2026-06-03 08:00:00,30.3,30.4,30.3,30.4,45993.61441135,1395678.86498391
2026-06-03 08:15:00,30.5,30.5,29.9,29.9,2814979.33463579,84795206.6956842
2026-06-03 08:30:00,29.9,30.1,29.8,29.9,1158976.89154935,34703589.93226983
2026-06-03 08:45:00,30.2,30.3,30.1,30.3,389502.72106897,11771489.37919089
2026-06-03 09:00:00,30.3,30.6,30.2,30.6,2793748.22037328,85261314.84686194
2026-06-03 09:15:00,30.5,30.7,30.5,30.6,530176.61146466,16225971.99618122
2026-06-03 09:30:00,30.5,30.6,30.5,30.6,143458.35833411,4386396.81882124
2026-06-03 09:45:00,30.7,30.7,30.5,30.5,608228.10000376,18622346.2941729
2026-06-03 10:00:00,30.5,30.5,30.3,30.3,810360.01208816,24642073.24894097
2026-06-03 10:15:00,30.4,30.5,30.4,30.5,241158.57505483,7352995.37452232
2026-06-03 10:30:00,30.6,30.7,30.4,30.4,24061.45955844,734443.95367068
2026-06-03 10:45:00,30.4,30.4,30.1,30.3,2281732.40889431,69134668.30800954
2026-06-03 11:00:00,30.2,30.2,30.0,30.2,570195.07691946,17116939.14035556
2026-06-03 11:15:00,30.2,30.2,29.9,30.0,492763.14764674,14873754.15200522
2026-06-03 11:30:00,29.9,29.9,29.8,29.9,486843.15752206,14553542.26439722
2026-06-03 11:45:00,29.9,30.0,29.8,30.0,344088.24086811,10256485.07066687
2026-06-03 12:00:00,30.0,30.0,29.8,29.8,136682.00820881,4089862.062943
2026-06-03 12:15:00,29.8,29.8,29.6,29.6,1283972.08892312,38117400.4519804
2026-06-03 12:30:00,29.6,29.9,29.5,29.5,315957.32503265,9376281.55844073
2026-06-03 12:45:00,29.4,29.9,29.4,29.7,3374019.4453695,100120546.9238724
2026-06-03 13:00:00,29.8,30.5,29.8,30.5,2205201.03531313,66201180.34631605
2026-06-03 13:15:00,30.5,30.7,30.3,30.6,2009025.57538675,61237705.36461083
2026-06-03 13:30:00,30.5,30.7,30.4,30.7,172284.11205429,5271147.65224386
2026-06-03 13:45:00,30.7,30.7,30.6,30.7,737940.99712836,22652745.37120619
2026-06-03 14:00:00,30.8,31.2,30.7,31.2,309074.77420639,9573198.16649402
2026-06-03 14:15:00,31.1,31.2,30.9,30.9,111239.04396159,3452323.50720545
2026-06-03 14:30:00,30.8,31.0,30.7,31.0,343681.55994299,10552798.08379818
2026-06-03 14:45:00,31.0,31.3,31.0,31.2,227374.83253418,7099420.30153888
2026-06-03 15:00:00,31.3,31.3,31.2,31.2,606208.59428728,18973948.16734732
2026-06-03 15:15:00,31.2,31.4,31.2,31.3,246219.80648569,7708731.05086909
2026-06-03 15:30:00,31.4,31.7,31.4,31.6,1246152.00161295,39439514.36168857
2026-06-03 15:45:00,31.6,31.6,31.3,31.3,814210.33657988,25650221.32321524
2026-06-03 16:00:00,31.3,31.6,31.3,31.6,654009.57088905,20544986.85643115
2026-06-03 16:15:00,31.6,31.6,31.4,31.4,1254767.99094842,39451213.29492367
2026-06-03 16:30:00,31.4,31.4,31.2,31.2,191136.26265413,5995998.50526245
2026-06-03 16:45:00,31.4,31.4,31.3,31.3,286484.56048897,8975366.88081562
2026-06-03 17:00:00,31.3,31.4,31.2,31.2,42031.37093576,1314727.80928786
2026-06-03 17:15:00,31.2,31.2,31.2,31.2,2723.34986352,84968.51574182
2026-06-03 17:30:00,31.4,31.4,31.4,31.4,6369.42675159,199999.99999993
2026-06-03 18:00:00,31.3,31.3,31.3,31.3,96193.00347752,3010841.00884638
2026-06-03 18:15:00,31.2,31.2,31.2,31.2,255406.61455028,7968686.37396874
2026-06-03 18:30:00,31.1,31.1,31.0,31.0,1573311.41962069,48884198.99470581
2026-06-03 18:45:00,31.0,31.3,31.0,31.1,271558.42072983,8470939.12130017
2026-06-03 19:00:00,31.1,31.4,31.1,31.3,1436752.22170036,44912934.62698623
2026-06-03 19:15:00,31.3,31.3,31.2,31.3,250921.57566449,7853820.71829854
2026-06-03 19:30:00,31.2,31.2,31.2,31.2,210462.8029549,6566439.45219288
2026-06-03 19:45:00,31.1,31.1,30.8,30.9,2853361.7980394,88204134.39971681
2026-06-03 20:00:00,31.0,31.0,31.0,31.0,257451.77641087,7981005.06873697
2026-06-03 20:15:00,31.0,31.0,31.0,31.0,90456.49235228,2804151.26292068
2026-06-03 20:30:00,31.0,31.0,30.7,30.8,465955.88796356,14350668.72477491
2026-06-03 20:45:00,30.8,30.9,30.8,30.8,1349166.6334705,41608954.66961495
2026-06-03 21:00:00,30.7,30.7,30.6,30.6,1119839.56410413,34268099.12804005
2026-06-03 21:15:00,30.5,30.6,30.5,30.6,1193561.82160604,36457033.0903487
2026-06-03 21:45:00,30.7,30.7,30.7,30.7,9771.98697068,299999.99999988
2026-06-03 22:00:00,30.7,30.8,30.7,30.7,13044.05012264,400582.20889492
2026-06-03 22:15:00,30.7,30.9,30.5,30.5,1070872.48323609,32811800.74658989
2026-06-03 22:30:00,30.8,30.9,30.7,30.7,3651112.71697224,112479675.49479385
2026-06-03 23:00:00,30.8,31.0,30.8,30.8,652874.10332164,20204912.76775895
2026-06-03 23:15:00,30.9,30.9,30.7,30.7,649916.94476995,20020147.91604795
2026-06-03 23:30:00,30.8,31.0,30.8,30.9,210929.85724658,6529457.44016248
2026-06-03 23:45:00,31.0,31.1,31.0,31.1,94041.73100787,2915325.81558481
2026-06-04 00:00:00,31.0,31.0,30.8,30.9,140632.15793424,4347353.59696997
2026-06-04 00:15:00,30.9,31.2,30.8,31.1,1334198.96594082,41488819.49208304
2026-06-04 00:30:00,31.3,31.3,30.9,30.9,2042626.73636289,63551403.32909538
2026-06-04 00:45:00,30.9,30.9,30.8,30.8,3777.70661593,116698.77197269
2026-06-04 01:00:00,30.8,30.8,30.5,30.5,99276.26116225,3044012.95418637
2026-06-04 01:15:00,30.3,30.3,30.2,30.3,16999.32845166,514601.10423051
2026-06-04 01:30:00,30.3,30.5,30.3,30.5,210035.22669448,6364126.36223359
2026-06-04 01:45:00,30.5,30.6,30.5,30.6,369982.93793156,11284528.62652042
2026-06-04 02:00:00,30.6,30.6,30.3,30.3,140736.15513688,4283311.48211235
2026-06-04 02:15:00,30.5,30.5,30.5,30.5,983.60655737,29999.99999979
2026-06-04 02:30:00,30.6,30.9,30.6,30.8,1206172.86222708,37255276.0859827
2026-06-04 02:45:00,30.7,30.7,30.5,30.5,1280527.25933489,39092381.26279298
2026-06-04 03:00:00,30.6,30.6,30.6,30.6,166632.58931731,5098957.23310969
2026-06-04 03:15:00,30.4,30.4,30.4,30.4,328.94736842,9999.99999997
2026-06-04 03:30:00,30.4,30.6,30.4,30.6,38489.66157025,1177734.30302437
2026-06-04 03:45:00,30.8,30.8,30.8,30.8,33820.14904782,1041660.59067286
2026-06-04 04:00:00,30.8,30.8,30.7,30.7,7488.28848369,230052.79411162
2026-06-04 04:15:00,30.5,30.5,30.4,30.4,194980.92950519,5927437.83042778
2026-06-04 04:45:00,30.6,30.6,30.4,30.6,451295.8145149,13771351.48216985
2026-06-04 05:00:00,30.6,30.6,30.6,30.6,229.70588235,7028.99999991
2026-06-04 05:15:00,30.3,30.3,30.3,30.3,603.78415412,18294.65986984
2026-06-04 05:30:00,30.3,30.3,30.2,30.2,410590.18766687,12399856.6543464
2026-06-04 05:45:00,30.1,30.1,29.6,29.8,1879202.26166841,56035293.90052911
2026-06-04 06:00:00,30.0,30.2,30.0,30.2,62668.31076944,1891182.25318667
2026-06-04 06:15:00,30.2,30.3,30.2,30.3,1448.8683,43796.89148
2026-06-04 06:30:00,30.5,30.6,30.5,30.6,95320.808432,2912325.91130141
2026-06-04 06:45:00,30.8,30.9,30.8,30.9,41545.346235,1281969.04831974
2026-06-04 07:00:00,30.8,30.8,30.7,30.7,92821.39764755,2853083.79563402
2026-06-04 07:15:00,30.6,30.6,30.4,30.4,68534.93575043,2096885.4744487
2026-06-04 07:30:00,30.5,30.5,30.3,30.4,116928.40617589,3555420.08143395
2026-06-04 07:45:00,30.4,30.4,30.3,30.4,106916.50929085,3249662.76700323
2026-06-04 08:00:00,30.2,30.4,30.1,30.2,140374.46249642,4243765.72462873
2026-06-04 08:15:00,30.2,30.3,30.1,30.3,369728.6840689,11133499.19003111
2026-06-04 08:30:00,30.3,30.4,30.3,30.4,337537.81193747,10253617.04124267
2026-06-04 08:45:00,30.4,30.5,30.3,30.3,177670.72962162,5400919.17406334
2026-06-04 09:00:00,30.3,30.5,30.3,30.4,235948.5103879,7173002.91968872
2026-06-04 09:15:00,30.5,30.6,30.0,30.0,13663.42475517,413622.5603901
2026-06-04 09:30:00,30.3,30.3,29.8,29.9,2225374.52631901,66534326.56102624
2026-06-04 09:45:00,29.9,29.9,29.6,29.8,3448581.42505892,102725583.52753647
2026-06-04 10:00:00,29.8,30.1,29.6,29.8,349447.033692,10442426.92928652
2026-06-04 10:15:00,29.6,29.6,29.0,29.2,1610904.12077653,47268387.48243941
2026-06-04 10:30:00,29.0,29.4,29.0,29.1,1697512.99922363,49480930.36310464
2026-06-04 10:45:00,29.2,29.2,28.4,28.5,3807641.56610152,109143657.14784208
2026-06-04 11:00:00,28.5,28.5,26.9,27.9,6982279.81209229,193149307.0458464
2026-06-04 11:15:00,27.9,28.6,27.8,28.5,3957819.28840197,111875349.02545188
2026-06-04 11:30:00,28.5,29.0,28.4,28.9,1851747.26406227,53400694.84488426
2026-06-04 11:45:00,29.0,29.2,29.0,29.1,1950976.40604901,56723019.77295483
2026-06-04 12:00:00,29.3,30.0,29.3,30.0,648766.39461907,19408432.83684705
2026-06-04 12:15:00,30.0,30.0,29.8,29.8,1839056.42124163,55000948.33850698
2026-06-04 12:30:00,29.9,30.5,29.9,30.5,2224999.15070593,67189961.15144406
2026-06-04 12:45:00,30.5,30.5,30.2,30.3,206985.11027493,6270481.96403211
2026-06-04 13:00:00,30.3,30.6,30.3,30.6,52940.92115719,1606310.57182817
2026-06-04 13:15:00,30.5,30.5,30.3,30.3,1252608.32403952,37974868.25459269
2026-06-04 13:30:00,30.3,30.3,30.0,30.1,472795.77499978,14305529.75007572
2026-06-04 13:45:00,30.2,30.2,30.0,30.0,4160.46071203,124939.77315243
2026-06-04 14:00:00,29.9,29.9,29.6,29.7,162525.18300396,4818343.09349185
2026-06-04 14:15:00,29.7,29.8,29.7,29.7,383475.00886362,11397203.460032
2026-06-04 14:30:00,29.6,29.9,29.6,29.9,444836.04631791,13297317.51450093
2026-06-04 14:45:00,29.6,29.6,29.5,29.5,434105.20146648,12812334.61489136
2026-06-04 15:00:00,29.6,29.7,29.6,29.7,461822.55741263,13672908.552343
2026-06-04 15:15:00,29.8,29.8,29.6,29.6,15278.43904669,454326.13873629
2026-06-04 15:30:00,29.6,29.6,29.6,29.6,41953.49983458,1241823.59510357
2026-06-04 15:45:00,29.5,29.5,29.3,29.3,399619.72432949,11748187.01378892
2026-06-04 16:00:00,29.3,29.3,29.1,29.2,2291072.61428826,66786780.50694392
2026-06-04 16:15:00,29.1,29.1,28.9,29.1,1508104.39846037,43782202.33696902
2026-06-04 16:30:00,29.2,29.3,29.2,29.2,241546.5773457,7064807.16163442
2026-06-04 16:45:00,29.1,29.2,28.8,28.8,374570.17680449,10860083.40043189
2026-06-04 17:00:00,28.8,29.0,28.7,28.7,719571.37612316,20764652.3293729
2026-06-04 17:15:00,28.6,28.8,28.6,28.8,502671.21588595,14462407.4962517
2026-06-04 17:30:00,28.9,28.9,28.6,28.6,45039.35920134,1290781.65774168
2026-06-04 17:45:00,28.7,28.9,28.6,28.8,82628.76250785,2372894.30579545
2026-06-04 18:00:00,28.5,28.6,28.3,28.3,1607264.37967634,45781743.57801359
2026-06-04 18:15:00,28.2,28.2,27.6,27.6,3348090.88572075,93199525.37218249
2026-06-04 18:30:00,27.8,28.0,27.5,28.0,3040637.31119261,84220557.52519868
2026-06-04 18:45:00,28.0,28.1,27.7,28.1,2398961.62901833,66982660.71902208
2026-06-04 19:00:00,28.1,28.1,27.8,27.9,1446559.14193586,40452121.09374727
2026-06-04 19:15:00,27.8,28.0,27.7,27.7,634657.12473362,17615964.83252794
2026-06-04 19:30:00,27.8,28.0,27.7,28.0,726175.50239397,20203412.77572577
2026-06-04 19:45:00,28.0,28.0,27.7,27.9,938718.68168346,26090346.75211496
2026-06-04 20:00:00,27.9,27.9,27.6,27.6,247933.69472568,6848569.73109285
2026-06-04 20:15:00,27.6,28.0,27.6,27.9,664277.59933649,18508662.95945538
2026-06-04 20:30:00,27.8,27.8,27.8,27.8,3160.18790454,87853.22374621
2026-06-04 20:45:00,27.8,28.1,27.8,28.1,45010.01834103,1256209.63668152
2026-06-04 21:00:00,28.1,28.2,27.8,27.8,112376.61513308,3135249.00549673
2026-06-04 21:15:00,27.8,28.0,27.7,28.0,219232.80873274,6103268.45940136
2026-06-04 21:30:00,28.2,28.4,28.2,28.3,2033614.11515977,57497719.71903298
2026-06-04 21:45:00,28.4,28.5,28.3,28.4,255468.94099944,7256158.4644261
2026-06-04 22:00:00,28.2,28.2,28.0,28.1,216892.71057,6095942.20960742
2026-06-04 22:15:00,28.0,28.0,27.7,27.7,193874.17127886,5392151.49292679
2026-06-04 22:30:00,27.7,28.5,27.7,28.5,642186.58558107,18028184.74423391
2026-06-04 22:45:00,28.5,28.9,28.5,28.9,1824684.34601414,52477938.80942918
2026-06-04 23:00:00,29.0,29.9,29.0,29.8,3390238.45922479,100375541.9366604
2026-06-04 23:15:00,29.9,30.5,29.8,30.5,2028315.81880388,60749583.0917355
2026-06-04 23:30:00,30.4,30.4,29.9,30.3,2295622.18846673,69417059.13448364
2026-06-04 23:45:00,30.1,30.6,30.0,30.6,936700.00620745,28436672.3372572
2026-06-05 00:00:00,30.3,30.3,29.9,30.2,1231599.48726859,37039591.07481356
2026-06-05 00:15:00,30.2,30.7,29.9,30.7,282950.34167619,8605237.21262778
2026-06-05 00:30:00,30.8,30.8,30.4,30.4,173354.50566446,5307077.65192471
2026-06-05 00:45:00,30.4,30.4,30.2,30.3,113162.2418357,3428199.40012111
2026-06-05 01:00:00,30.3,30.3,30.0,30.2,351286.02878143,10622908.30534754
2026-06-05 01:15:00,29.9,30.2,29.9,30.2,51812.45328037,1556424.07015914
2026-06-05 01:30:00,30.0,30.3,30.0,30.3,99418.10315498,2983286.80582561
2026-06-05 01:45:00,30.4,30.5,30.4,30.4,1929517.26233293,58754276.6629115
2026-06-05 02:00:00,30.5,30.9,30.5,30.6,766011.68541969,23420119.91099566
2026-06-05 02:15:00,30.6,31.0,30.6,31.0,372216.29145323,11465365.50479163
2026-06-05 02:30:00,31.0,31.5,31.0,31.1,1802178.91036258,56332182.89960888
2026-06-05 02:45:00,31.1,31.4,30.8,31.4,487500.62154441,15140396.57719215
2026-06-05 03:00:00,31.3,31.3,31.0,31.0,980806.19125758,30463928.20640208
2026-06-05 03:15:00,31.1,31.2,30.9,30.9,89473.46664723,2784481.30702904
2026-06-05 03:30:00,31.2,31.2,30.9,31.1,65451.13576777,2030471.31769399
2026-06-05 03:45:00,31.2,31.3,31.2,31.3,202432.66266525,6318259.93521204
2026-06-05 04:00:00,31.3,31.3,31.3,31.3,19503.17262076,610449.30302979
2026-06-05 04:15:00,31.4,31.8,31.4,31.8,956403.05340696,30270983.10528356
2026-06-05 04:30:00,31.6,31.7,31.4,31.5,183487.61274336,5787194.06120615
2026-06-05 04:45:00,31.5,31.5,31.3,31.3,37381.31533274,1172785.16991476
2026-06-05 05:00:00,31.3,31.3,31.0,31.2,376865.58165955,11737336.87891681
2026-06-05 05:15:00,31.7,31.7,31.5,31.5,140291.97157035,4419228.65020735
2026-06-05 05:30:00,31.6,32.5,31.6,32.2,4394317.14199319,141267114.32103267
2026-06-05 05:45:00,32.1,32.6,31.8,32.5,1728029.09577837,55560357.41007241
2026-06-05 06:00:00,32.5,33.1,32.4,33.1,4146417.31034668,136058594.07296243
2026-06-05 06:15:00,33.1,33.2,32.0,32.0,2696436.81167538,87689872.85876016
2026-06-05 06:30:00,32.0,32.0,31.2,31.4,4114536.37036712,129894805.66110395
2026-06-05 06:45:00,31.5,31.7,31.5,31.5,1804036.52916079,56966506.29470006
2026-06-05 07:00:00,31.5,31.8,31.2,31.2,611110.58759,19239670.61862054
2026-06-05 07:15:00,31.3,31.5,31.3,31.5,491159.7179329,15465832.22669102
2026-06-05 07:30:00,31.3,31.8,31.3,31.8,634199.24743263,19994275.23086609
2026-06-05 07:45:00,31.8,31.9,31.6,31.9,775714.76700892,24626715.95970394
2026-06-05 08:00:00,31.7,31.9,31.6,31.8,627056.45194639,19920725.9354186
2026-06-05 08:15:00,31.8,31.8,31.2,31.3,116217.49585174,3665064.85388689
2026-06-05 08:30:00,31.3,31.8,31.3,31.8,809328.40080563,25672175.47099112
2026-06-05 08:45:00,31.8,32.4,31.6,32.2,781163.954789,25057841.00975018
2026-06-05 09:00:00,32.3,32.3,31.9,32.0,683931.96122587,21855606.00826955
2026-06-05 09:15:00,31.8,31.9,31.5,31.9,527619.24696091,16695446.14469715
2026-06-05 09:30:00,31.9,32.0,31.7,31.7,388580.56557362,12362219.52116579
2026-06-05 09:45:00,31.7,31.7,31.2,31.3,345107.67728279,10831103.0527064
2026-06-05 10:00:00,31.2,31.3,31.0,31.2,549404.82677986,17069998.99198575
2026-06-05 10:15:00,31.3,31.9,31.3,31.9,235710.16649457,7442751.67353516
2026-06-05 10:30:00,32.1,32.5,32.0,32.5,1073984.23513156,34618636.04842178
2026-06-05 10:45:00,32.5,32.5,32.4,32.4,146715.11810585,4758699.07763253
2026-06-05 11:00:00,32.5,32.6,31.9,31.9,516326.26411542,16579416.32522325
2026-06-05 11:15:00,31.8,31.9,31.6,31.8,540098.53516846,17174150.90151831
2026-06-05 11:30:00,32.1,32.1,31.5,31.5,657677.37210768,21051637.46279602
2026-06-05 11:45:00,31.6,31.7,31.4,31.4,172509.98791985,5443063.98209863
2026-06-05 12:00:00,31.3,31.4,31.2,31.4,151870.63440541,4754908.75079575
2026-06-05 12:15:00,31.4,31.7,31.4,31.5,93614.18763262,2950299.39448865
2026-06-05 12:30:00,31.7,31.9,31.4,31.5,583604.01212384,18503852.26647442
2026-06-05 12:45:00,31.7,31.7,31.6,31.6,49244.44712424,1558160.94933411
2026-06-05 13:00:00,31.7,31.8,31.4,31.6,701819.36557945,22176567.95067065
2026-06-05 13:15:00,31.4,32.1,31.4,32.1,172565.25660983,5508079.28051441
2026-06-05 13:30:00,31.9,32.0,31.9,31.9,100374.53811529,3202047.76587775
2026-06-05 13:45:00,32.0,32.4,32.0,32.4,1174527.54503169,37892479.897497
2026-06-05 14:00:00,32.4,32.4,32.1,32.2,409176.62264551,13240154.708814
2026-06-05 14:15:00,32.1,32.2,32.0,32.0,132807.89494975,4265222.8309246
2026-06-05 14:30:00,32.1,32.1,31.4,31.4,413819.2348973,13093747.37571244
2026-06-05 14:45:00,31.3,31.4,31.2,31.2,230940.35075005,7208433.90685552
2026-06-05 15:00:00,31.2,31.2,30.8,30.8,1575691.85518218,48762394.97868046
2026-06-05 15:15:00,30.8,31.1,29.8,30.8,3062404.72835747,92735774.76881333
2026-06-05 15:30:00,30.9,31.2,30.8,31.2,831954.20357244,25719444.22969457
2026-06-05 15:45:00,31.2,31.2,30.9,31.0,453297.11496117,14091239.9676706
2026-06-05 16:00:00,30.8,30.8,30.3,30.5,270489.90312396,8269205.3760368
2026-06-05 16:15:00,31.5,31.5,31.5,31.5,5070.98219666,159735.93919479
2026-06-05 16:30:00,31.6,32.0,31.6,31.9,472846.7686045,15044516.36947301
2026-06-05 16:45:00,32.0,32.2,32.0,32.1,2288213.79199589,73263047.04961754
2026-06-05 17:00:00,32.1,32.1,31.8,31.8,279390.90216643,8958225.81029676
2026-06-05 17:15:00,32.0,32.0,31.6,31.6,1261912.13241364,40080876.1241794
2026-06-05 17:30:00,31.6,31.6,31.6,31.6,90268.06336408,2852470.80230493
2026-06-05 17:45:00,31.6,31.6,31.3,31.6,1417742.15218144,44604027.75914724
2026-06-05 18:00:00,31.8,32.4,31.7,32.3,518201.49698519,16531765.75794396
2026-06-05 18:15:00,32.5,32.8,32.5,32.8,2073145.13311688,67662160.61189632
2026-06-05 18:30:00,32.8,32.9,32.2,32.4,1564630.36883563,51103305.09993371
2026-06-05 18:45:00,32.5,32.6,32.4,32.4,314189.02024748,10209879.99337407
2026-06-05 19:00:00,32.4,32.4,32.0,32.1,571936.84422974,18431434.28080037
2026-06-05 19:15:00,32.0,32.0,31.7,31.7,479219.60843941,15298270.63197523
2026-06-05 19:30:00,31.7,31.8,31.5,31.7,331801.03890948,10485467.40859618
2026-06-05 19:45:00,31.7,31.7,31.5,31.5,310137.30928193,9781791.77245826
2026-06-05 20:00:00,31.5,31.5,31.3,31.3,154314.91803228,4837457.60482683
2026-06-05 20:15:00,31.4,31.4,31.1,31.1,823531.46043858,25684398.87130001
2026-06-05 20:30:00,31.1,31.1,31.0,31.0,160630.29669702,4991771.67941286
2026-06-05 20:45:00,31.2,31.2,30.9,30.9,434140.03421031,13536233.12606788
2026-06-05 21:00:00,30.9,31.1,30.9,30.9,558765.23837611,17312756.59789616
2026-06-05 21:15:00,30.9,30.9,30.6,30.6,1104840.59363355,33990006.0274034
2026-06-05 21:30:00,30.6,30.6,30.3,30.3,470682.12736589,14305192.29856752
2026-06-05 21:45:00,30.3,30.6,30.3,30.6,22422.39104059,680968.04666616
2026-06-05 22:00:00,30.6,31.0,30.5,30.9,4058800.61699875,124321570.20521851
2026-06-05 22:15:00,31.0,31.0,30.8,31.0,2174404.43845328,67228072.73389457
2026-06-05 22:30:00,30.9,31.0,30.8,30.9,436493.67167725,13487647.45215515
2026-06-05 22:45:00,30.9,30.9,30.7,30.9,597968.57655474,18435373.81555201
2026-06-05 23:00:00,30.8,31.9,30.7,31.2,751110.99105131,23668015.95682057
2026-06-05 23:15:00,31.2,31.6,31.2,31.3,172379.87911457,5419661.15774446
2026-06-05 23:30:00,31.5,31.8,31.3,31.4,93620.40644735,2940184.97338454
2026-06-05 23:45:00,31.8,31.8,31.5,31.6,130586.12471566,4139156.35628035
2026-06-06 00:00:00,31.3,31.3,30.7,30.8,696231.16623814,21483285.8542378
2026-06-06 00:15:00,31.1,31.1,30.8,30.8,118520.49987235,3671429.75111364
2026-06-06 00:30:00,30.9,30.9,30.9,30.9,82326.00939845,2543873.69041211
2026-06-06 00:45:00,30.8,31.3,30.8,31.3,296799.07541979,9215218.70072143
2026-06-06 01:00:00,31.2,31.7,31.0,31.6,529255.60474301,16580325.28416706
2026-06-06 01:15:00,31.6,31.8,31.0,31.3,384841.17160899,12062285.48024498
2026-06-06 01:30:00,31.0,31.5,31.0,31.4,277521.55407809,8673625.84610539
2026-06-06 01:45:00,31.5,32.7,31.3,32.0,1945227.99912423,62642619.28694252
2026-06-06 02:00:00,31.9,31.9,31.4,31.5,1175427.53669455,37009389.25481767
2026-06-06 02:15:00,31.3,31.4,31.2,31.4,410446.83139819,12841452.43945755
2026-06-06 02:30:00,31.4,31.4,31.4,31.4,31192.87166246,979456.17020124
2026-06-06 02:45:00,31.3,31.3,30.7,31.1,236487.53167418,7348139.53074616
2026-06-06 03:00:00,31.0,31.1,30.4,30.4,120376.32497142,3667145.04524557
2026-06-06 03:15:00,30.4,30.4,30.4,30.4,372.0,11308.8
2026-06-06 03:30:00,30.6,31.5,30.5,31.2,1243918.658409,38725477.11431494
2026-06-06 03:45:00,31.0,31.0,30.7,30.9,99717.66993753,3073788.40959761
2026-06-06 04:00:00,30.6,30.9,30.6,30.9,38526.1,1186550.38
2026-06-06 04:15:00,30.6,31.2,30.5,31.2,356532.00721594,10996164.55784128
2026-06-06 04:30:00,31.5,31.5,31.2,31.5,149016.20663873,4650355.67006826
2026-06-06 04:45:00,31.4,31.7,31.4,31.7,387926.16816401,12181431.7716018
2026-06-06 05:00:00,31.9,32.5,31.9,32.5,2162200.935754,70227567.11030248
2026-06-06 05:15:00,32.5,32.6,32.5,32.6,946122.84307898,30803604.68437475
2026-06-06 05:30:00,32.5,32.6,32.2,32.4,285213.76137357,9264350.64296633
2026-06-06 05:45:00,32.4,32.6,32.4,32.4,245996.68354479,7994799.71757985
2026-06-06 06:00:00,32.4,32.4,32.2,32.3,125741.09828107,4068778.1211607
2026-06-06 06:15:00,32.2,32.2,32.0,32.0,113438.47826086,3652593.99999969
2026-06-06 06:30:00,31.9,31.9,31.9,31.9,39032.74019335,1245144.41216787
2026-06-06 06:45:00,32.4,32.6,32.4,32.4,112395.96003501,3643891.07710705
2026-06-06 07:00:00,32.4,32.4,31.7,31.7,51502.2636915,1647820.19177234
2026-06-06 07:15:00,31.3,31.3,30.7,30.7,227502.62389041,7062295.36070596
2026-06-06 07:30:00,30.6,31.6,30.5,31.6,522004.57681293,16050282.15511779
2026-06-06 07:45:00,31.6,32.3,31.6,32.0,347351.47394443,11079887.82162768
2026-06-06 08:00:00,32.0,32.3,32.0,32.0,197129.4431049,6325186.05253366
2026-06-06 08:15:00,32.0,32.0,31.9,31.9,309062.85039224,9859554.92751246
2026-06-06 08:30:00,31.9,31.9,31.8,31.8,62931.68865943,2001459.87233844
2026-06-06 08:45:00,31.9,32.1,31.9,32.1,632555.5012582,20298520.49013658
2026-06-06 09:00:00,32.1,32.1,31.9,32.0,117272.8388586,3750701.13008653
2026-06-06 09:15:00,31.9,31.9,31.8,31.8,10380.44191568,330410.55291862
2026-06-06 09:30:00,31.8,31.8,31.7,31.7,1553317.42506321,49395415.50065788
2026-06-06 09:45:00,31.7,31.7,31.6,31.6,62504.31992243,1976749.72966348
2026-06-06 10:00:00,31.8,31.8,31.6,31.6,20422.90266151,645517.61718548
2026-06-06 10:15:00,31.6,31.6,31.6,31.6,3301.56927628,104329.58913045
2026-06-06 10:30:00,31.8,32.0,31.8,32.0,6601.50538025,209997.60323963
2026-06-06 10:45:00,31.9,31.9,31.9,31.9,3666.71957461,116968.35443006
2026-06-06 11:00:00,31.4,31.5,31.4,31.5,427828.8716273,13475819.16327632
2026-06-06 11:15:00,31.3,31.4,31.3,31.3,313057.97189352,9801611.04568252
2026-06-06 11:30:00,31.3,31.5,31.3,31.3,7105.43067631,222918.1909044
2026-06-06 11:45:00,31.3,31.3,31.3,31.3,7403.07061659,231716.11029927
2026-06-06 12:00:00,31.2,31.2,31.2,31.2,68907.87836848,2149925.80509658
2026-06-06 12:15:00,31.3,31.4,31.3,31.4,461078.81600319,14431820.11178241
2026-06-06 12:30:00,31.3,31.3,31.0,31.1,3376156.37262198,105025378.12970589
2026-06-06 12:45:00,31.1,31.1,31.1,31.1,248563.4861836,7730324.42030996
2026-06-06 13:00:00,31.2,31.2,30.5,30.5,2013716.63155449,61850525.08578035
2026-06-06 13:15:00,30.5,30.6,30.3,30.4,586456.9551346,17841730.78806885
2026-06-06 13:30:00,30.4,30.5,30.2,30.5,189087.1649384,5751915.90361659
2026-06-06 13:45:00,30.8,30.9,30.7,30.9,144811.79942426,4470658.26127852
2026-06-06 14:00:00,30.5,30.9,30.5,30.9,564904.5565545,17399425.3021925
2026-06-06 14:15:00,30.8,31.5,30.7,31.5,234852.79777567,7354641.70147053
2026-06-06 14:30:00,31.3,31.3,31.2,31.2,5901.6312531,184450.27214941
2026-06-06 14:45:00,31.4,31.6,31.4,31.5,650046.97409876,20476042.07044888
2026-06-06 15:00:00,31.6,31.8,31.6,31.7,258055.88341777,8180092.66031841
2026-06-06 15:15:00,31.7,32.1,31.7,32.0,307701.27390211,9817057.24941429
2026-06-06 15:30:00,32.0,32.0,31.9,31.9,20836.86005744,665949.02798626
2026-06-06 15:45:00,31.9,31.9,31.5,31.5,600507.1574599,19016633.58128467
2026-06-06 16:00:00,31.4,31.6,31.4,31.6,14007.33137529,440125.28715132
2026-06-06 16:15:00,31.7,31.8,31.6,31.8,523263.28926725,16587006.73329793
2026-06-06 16:30:00,31.8,31.8,31.8,31.8,49665.59332651,1579365.86778302
2026-06-06 16:45:00,31.8,31.8,31.8,31.8,2000.0,63600.0
2026-06-06 17:00:00,31.7,31.9,31.7,31.9,50004.31187535,1585635.7033978
2026-06-06 17:15:00,31.8,32.2,31.8,32.2,148802.18745141,4756777.9877334
2026-06-06 17:30:00,32.3,32.3,32.1,32.1,686983.16936589,22112159.73664507
2026-06-06 17:45:00,32.0,32.2,32.0,32.2,209110.40185597,6733227.14423508
2026-06-06 18:00:00,32.1,32.1,31.9,31.9,303121.11801242,9669887.88819868
2026-06-06 18:30:00,32.0,32.0,31.8,31.8,471.08665839,15027.57768038
2026-06-06 18:45:00,31.6,31.6,31.4,31.4,133189.6124747,4189665.70499748
2026-06-06 19:00:00,31.5,31.5,31.2,31.2,221168.95006946,6935095.23214547
2026-06-06 19:15:00,31.2,31.3,31.2,31.3,131316.39774606,4098852.262322
2026-06-06 19:30:00,31.2,31.2,31.1,31.1,504188.72076586,15716327.02973067
2026-06-06 19:45:00,31.3,31.6,31.3,31.3,6243.19886274,197140.99730908
2026-06-06 20:30:00,31.7,31.7,31.5,31.7,10913.82126454,345819.1127872
2026-06-06 20:45:00,31.6,31.6,31.6,31.6,281070.41666666,8881825.16666646
2026-06-06 21:00:00,31.6,31.6,31.5,31.5,67955.79045445,2145329.7367485
2026-06-06 21:15:00,31.5,31.5,31.5,31.5,33067.06147575,1041612.43648613
2026-06-06 21:30:00,31.4,31.5,31.4,31.5,3000.0,94350.0
2026-06-06 21:45:00,31.5,31.8,31.5,31.7,61628.97772058,1958136.68306924
2026-06-06 22:00:00,31.7,32.0,31.7,32.0,55696.896,1765872.8532
2026-06-06 22:15:00,32.1,32.1,31.8,31.8,52164.5859953,1668249.27554279
2026-06-06 22:30:00,31.7,31.7,31.7,31.7,1356.46687698,43000.00000027
2026-06-06 22:45:00,31.9,31.9,31.9,31.9,11270.67697428,359534.59547953
2026-06-06 23:15:00,31.9,31.9,31.9,31.9,125638.11863768,4007855.98454199
2026-06-06 23:30:00,31.9,32.1,31.9,32.0,148922.75823886,4779498.75618702
2026-06-06 23:45:00,32.1,32.2,32.1,32.2,40373.15454421,1299999.99999958
2026-06-07 00:00:00,32.0,32.0,32.0,32.0,16959.30327944,542697.70494208
2026-06-07 00:15:00,31.8,31.8,31.8,31.8,630.91480709,20063.09086546
2026-06-07 00:30:00,32.1,32.2,32.0,32.2,164742.43148678,5272906.17558938
2026-06-07 00:45:00,32.2,32.2,32.0,32.0,136873.10692479,4399914.04297824
2026-06-07 01:00:00,32.0,32.2,31.9,32.1,1218301.15437606,39107082.02441563
2026-06-07 01:15:00,32.1,32.1,31.8,31.8,1125076.29195149,35982628.18196461
2026-06-07 02:00:00,31.8,32.0,31.8,32.0,23123.43823585,735950.0235562
2026-06-07 02:15:00,32.0,32.0,32.0,32.0,30986.19440279,991558.22088928
2026-06-07 02:45:00,31.8,31.8,31.7,31.7,23675.13240476,752374.17723089
2026-06-07 03:00:00,31.7,31.7,31.7,31.7,40577.79247608,1286316.02149174
2026-06-07 03:15:00,31.8,31.8,31.6,31.6,3753.93081761,118750.0
2026-06-07 03:30:00,31.8,31.8,31.7,31.7,58434.7222,1856579.2428
2026-06-07 03:45:00,31.7,31.7,31.7,31.7,105006.50925227,3328706.34329696
2026-06-07 04:00:00,31.8,31.8,31.8,31.8,1202087.6753655,38226388.0766229
2026-06-07 04:30:00,31.9,31.9,31.9,31.9,173.86996904,5546.45201238
2026-06-07 06:00:00,31.9,31.9,31.9,31.9,807321.33864349,25753550.70272733
2026-06-07 06:15:00,31.9,31.9,31.9,31.9,132828.64709675,4237233.84238633
2026-06-07 06:45:00,31.8,31.8,31.8,31.8,2495.08474602,79343.69492344
2026-06-07 07:15:00,31.6,31.6,31.5,31.5,15423.77957472,487232.70440242
2026-06-07 07:30:00,31.6,31.6,31.6,31.6,632.91139241,20000.00000016
2026-06-07 07:45:00,31.6,31.8,31.6,31.8,188490.997344,5975095.72973715
2026-06-07 08:00:00,31.6,31.9,31.6,31.9,21259.87064006,678000.00000019
2026-06-07 08:15:00,31.9,32.0,31.8,31.8,2204.25641411,70315.77961011
2026-06-07 08:30:00,32.0,32.0,32.0,32.0,22580.6576,722581.0432
2026-06-07 08:45:00,32.0,32.0,32.0,32.0,20000.0,640000.0
2026-06-07 09:00:00,32.0,32.1,32.0,32.0,1871.105919,59937.69470395
2026-06-07 09:15:00,32.0,32.0,32.0,32.0,625.0,20000.0
2026-06-07 09:30:00,32.3,32.3,32.2,32.2,144210.99372514,4654875.34576923
2026-06-07 09:45:00,32.2,32.2,32.0,32.0,2050.50965495,65775.23287634
2026-06-07 10:00:00,32.2,32.4,32.2,32.4,72944.45933323,2355741.8219166
2026-06-07 10:15:00,32.4,33.0,32.4,33.0,308728.38981047,10085169.33198918
2026-06-07 10:30:00,32.9,33.0,32.9,33.0,80864.82960188,2666902.22253675
2026-06-07 10:45:00,33.1,33.2,32.7,32.9,311219.90504559,10261386.60300514
2026-06-07 11:00:00,32.7,32.7,32.7,32.7,20000.0,654000.0
2026-06-07 11:15:00,32.8,32.8,32.7,32.8,66874.94535188,2188573.37131147
2026-06-07 11:30:00,32.8,32.8,32.7,32.7,78958.32617675,2582242.14402851
2026-06-07 11:45:00,32.7,33.0,32.7,33.0,69941.84238814,2288618.00293109
2026-06-07 12:00:00,33.0,33.0,32.7,32.9,17781.10550894,584889.01924539
2026-06-07 12:15:00,33.0,33.3,33.0,33.3,471032.14408638,15636313.3433522
2026-06-07 12:30:00,33.3,33.4,33.0,33.2,615994.42913148,20361910.08765904
2026-06-07 12:45:00,33.2,33.3,33.1,33.2,109616.17160958,3635133.79060077
2026-06-07 13:00:00,33.2,33.6,33.2,33.4,375783.34248577,12583282.04230533
2026-06-07 13:15:00,33.4,33.5,33.2,33.5,223932.5522012,7446377.17112878
2026-06-07 13:30:00,33.5,33.9,33.5,33.9,205040.88411895,6915903.56009811
2026-06-07 13:45:00,33.8,34.1,33.6,34.1,396316.44830991,13398561.94809328
2026-06-07 14:00:00,34.0,34.1,33.7,34.0,1093187.01343502,37111043.02830984
2026-06-07 14:15:00,34.2,35.0,34.2,34.9,1948797.7282881,67479630.91796353
2026-06-07 14:30:00,34.9,35.0,34.5,34.6,965118.18270092,33463064.36829206
2026-06-07 14:45:00,34.6,34.8,34.5,34.7,445926.82040514,15471399.12437236
2026-06-07 15:00:00,34.6,35.0,34.5,35.0,690831.62153677,24107050.81495635
2026-06-07 15:15:00,35.0,35.1,34.8,35.0,806605.11588903,28193300.53652056
2026-06-07 15:30:00,34.9,35.4,34.8,35.4,741259.72279266,26067465.37461565
2026-06-07 15:45:00,35.3,35.6,35.2,35.4,1186596.62857973,42064423.91377007
2026-06-07 16:00:00,35.5,35.7,35.3,35.4,1587453.60593052,56288304.55876146
2026-06-07 16:15:00,35.4,35.4,35.1,35.2,900048.90347272,31734889.57250922
2026-06-07 16:30:00,35.1,35.4,35.1,35.4,282664.77803376,9957751.01860775
2026-06-07 16:45:00,35.3,35.3,35.0,35.0,788411.65331776,27743641.6245359
2026-06-07 17:00:00,35.1,35.2,34.8,34.9,1049040.78532333,36719413.14793413
2026-06-07 17:15:00,34.9,35.3,34.8,35.3,213198.58753557,7466567.40459166
2026-06-07 17:30:00,35.1,35.4,35.1,35.3,52148.16436127,1840002.98469535
2026-06-07 17:45:00,35.5,35.8,35.3,35.8,1259304.10452859,44930954.06242169
2026-06-07 18:00:00,35.8,35.9,35.3,35.3,2022480.12282158,71952745.21066178
2026-06-07 18:15:00,35.3,35.4,35.2,35.2,1558334.44714546,54906120.82578853
2026-06-07 18:30:00,35.2,35.2,35.0,35.1,2097954.18412014,73693311.05686721
2026-06-07 18:45:00,35.1,35.1,35.0,35.0,1964969.76933557,68970418.84493998
2026-06-07 19:00:00,35.0,35.0,34.7,34.7,1207752.22909674,42010319.59480717
2026-06-07 19:15:00,34.8,34.8,34.7,34.8,112245.68220559,3905446.7026231
2026-06-07 19:30:00,34.7,34.7,34.6,34.6,126867.60119556,4396937.14196743
2026-06-07 19:45:00,34.6,34.7,34.6,34.7,139646.55410039,4844847.28097924
2026-06-07 20:00:00,34.7,34.8,34.7,34.7,85082.93743338,2952407.59705826
2026-06-07 20:15:00,34.8,34.9,34.8,34.9,14424.93113609,502016.25683106
2026-06-07 20:30:00,34.9,35.1,34.9,35.1,156393.47861701,5478689.32302958
2026-06-07 20:45:00,35.0,35.0,34.8,34.8,447417.17113579,15637640.77289183
2026-06-07 21:00:00,34.9,35.0,34.4,34.4,428836.2732952,14882773.90707435
2026-06-07 21:15:00,34.6,34.6,34.2,34.2,826566.16961957,28342171.67390845
2026-06-07 21:30:00,34.2,34.3,34.0,34.1,1070497.66978437,36579543.72145497
2026-06-07 21:45:00,34.1,34.1,33.9,33.9,124807.76322865,4234983.96869966
2026-06-07 22:00:00,33.9,34.0,33.9,34.0,52987.82385144,1798278.72987199
2026-06-07 22:15:00,33.9,34.0,33.9,34.0,438680.7344459,14873467.54586172
2026-06-07 22:30:00,33.9,34.0,33.8,34.0,370761.55024766,12567831.81899007
2026-06-07 22:45:00,33.8,34.0,33.8,33.9,118040.64606667,3996089.96067616
2026-06-07 23:00:00,33.9,34.0,33.8,33.9,393104.34846399,13330346.48409658
2026-06-07 23:15:00,34.0,34.2,33.9,34.2,1053410.69966922,35883911.2557511
2026-06-07 23:30:00,34.2,34.5,34.1,34.1,2040636.78377142,70092169.01999721
2026-06-07 23:45:00,34.0,34.0,33.9,33.9,508319.31707535,17238109.10653876
2026-06-08 00:00:00,34.0,34.0,33.8,33.9,503690.06219431,17096209.31852082
2026-06-08 00:15:00,33.9,33.9,33.6,33.6,416466.03902013,14005406.84579647
2026-06-08 00:30:00,33.8,34.0,33.7,34.0,2781.57214742,94064.6540795
2026-06-08 00:45:00,33.8,33.8,33.8,33.8,1275.07252291,43097.45127436
2026-06-08 01:00:00,33.7,33.8,33.7,33.7,380343.41082573,12853332.54642867
2026-06-08 01:15:00,33.6,33.7,33.4,33.7,407760.03285599,13654116.15475767
2026-06-08 01:30:00,33.7,33.7,33.4,33.4,6298.90824057,210836.08195871
2026-06-08 01:45:00,33.5,33.5,33.1,33.2,537538.47865237,17890012.48986931
2026-06-08 02:00:00,33.2,33.5,33.2,33.5,185974.94943489,6212863.8514843
2026-06-08 02:15:00,33.4,33.4,33.3,33.3,237430.42440682,7918304.6566992
2026-06-08 02:45:00,33.3,33.3,33.3,33.3,42236.74513083,1406483.61285664
2026-06-08 03:00:00,33.3,33.3,33.3,33.3,54061.60828275,1800251.55581558
2026-06-08 03:15:00,33.4,33.4,33.4,33.4,328.85787453,10983.8530093
2026-06-08 03:30:00,33.4,33.4,33.0,33.0,681531.42685966,22581983.20780117
2026-06-08 03:45:00,32.9,33.0,32.8,32.8,53502.83609967,1759543.83919846
2026-06-08 04:00:00,32.8,32.8,32.4,32.4,568031.77102122,18569953.65955739
2026-06-08 04:15:00,32.4,32.5,32.3,32.3,299356.6949137,9683540.6552023
2026-06-08 04:30:00,32.3,32.3,32.1,32.1,119213.39507539,3843830.1713788
2026-06-08 04:45:00,32.1,32.1,32.0,32.1,490962.59348153,15730834.38704759
2026-06-08 05:00:00,32.2,32.4,32.1,32.4,4270311.40549103,137271034.04834515
2026-06-08 05:15:00,32.4,32.4,32.3,32.4,305870.91218426,9895238.80507782
2026-06-08 05:30:00,32.4,32.4,32.3,32.3,158003.39367066,5103822.33883031
2026-06-08 05:45:00,32.4,32.4,32.4,32.4,113206.72080847,3667897.75419443
2026-06-08 06:00:00,32.4,32.4,32.3,32.3,365519.6538098,11828001.16513367
2026-06-08 06:15:00,32.3,32.3,32.3,32.3,12383.90092879,399999.99999992
2026-06-08 06:30:00,32.2,32.2,32.0,32.1,157684.03383777,5066383.6232908
2026-06-08 06:45:00,32.0,32.0,32.0,32.0,180286.25689827,5769160.22074464
2026-06-08 07:00:00,32.1,33.1,32.1,33.1,205824.00150571,6622940.15629816
2026-06-08 07:15:00,33.1,33.4,32.6,32.8,1466483.15750696,48404919.97377998
2026-06-08 07:30:00,32.8,32.9,32.7,32.8,822969.50750841,26974428.95322362
2026-06-08 07:45:00,32.8,32.9,32.7,32.7,225251.33504034,7390476.15376215
2026-06-08 08:00:00,32.7,33.1,32.7,33.1,1763056.87747904,57916550.73448733
2026-06-08 08:15:00,33.2,33.2,33.2,33.2,123705.77289238,4107031.66002702
2026-06-08 08:30:00,33.4,33.6,33.4,33.5,1795402.80358799,60206030.40132806
2026-06-08 08:45:00,33.5,33.5,33.4,33.4,161430.57468372,5403734.42646405
2026-06-08 09:00:00,33.3,33.4,33.3,33.3,146263.79060683,4870752.5636364
2026-06-08 09:15:00,33.4,33.6,33.4,33.6,90444.39843507,3037116.16546713
2026-06-08 09:30:00,33.7,34.0,33.7,33.9,1698389.18968685,57523928.41455573
2026-06-08 09:45:00,33.9,34.4,33.9,34.2,1438951.05608456,49009038.10429904
2026-06-08 10:00:00,34.2,34.2,33.3,33.3,1302653.07949624,44310880.64222219
2026-06-08 10:15:00,33.3,33.3,33.0,33.0,498202.28093945,16576931.48091145
2026-06-08 10:30:00,33.2,33.2,33.1,33.1,413084.72863963,13686670.29469648
2026-06-08 10:45:00,33.1,33.2,33.1,33.2,432750.46302645,14361361.85551576
2026-06-08 11:00:00,33.2,33.2,33.2,33.2,8593.220338,285294.9152216
2026-06-08 11:15:00,33.2,33.2,33.2,33.2,903.61445781,29999.99999929
2026-06-08 11:30:00,33.2,33.4,32.9,33.1,373305.21976608,12318390.48889869
2026-06-08 11:45:00,32.9,33.0,32.9,33.0,199967.73823048,6579029.4968737
2026-06-08 12:00:00,32.9,33.2,32.8,33.2,35370.57357129,1167548.53437534
2026-06-08 12:15:00,33.2,33.2,33.1,33.1,50553.21647108,1674516.28446986
2026-06-08 12:30:00,33.0,33.0,33.0,33.0,3088.83636363,101931.59999979
2026-06-08 12:45:00,32.9,33.0,32.9,33.0,153098.95090724,5052106.99999971
2026-06-08 13:00:00,32.9,32.9,32.7,32.7,13181.31811104,431679.99999956
2026-06-08 13:15:00,32.7,32.7,32.7,32.7,10000.0,327000.0
2026-06-08 13:30:00,32.8,32.8,32.5,32.5,154685.72332817,5027869.93548638
2026-06-08 13:45:00,32.5,32.6,32.5,32.6,699698.03828112,22742945.29030991
2026-06-08 14:00:00,32.6,32.6,32.5,32.5,69909.74662576,2275134.24999978
2026-06-08 14:15:00,32.5,32.6,32.4,32.6,95723.21098958,3108606.3908797
2026-06-08 14:30:00,32.5,32.5,32.2,32.3,49238.05645084,1589535.98020678
2026-06-08 14:45:00,32.2,32.5,32.2,32.5,175701.07891362,5683949.84825864
2026-06-08 15:00:00,32.6,32.8,32.6,32.8,259185.70347176,8474217.58851728
2026-06-08 15:15:00,32.8,32.9,32.7,32.9,66035.7647842,2171298.59101773
2026-06-08 15:30:00,32.9,32.9,32.8,32.8,179889.37654395,5915286.98114719
2026-06-08 15:45:00,32.8,32.8,32.7,32.7,272291.5083356,8919218.606871
2026-06-08 16:00:00,32.6,32.6,32.5,32.6,337890.51365587,11002712.24064915
2026-06-08 16:15:00,32.6,32.9,32.6,32.9,44998.87837871,1478619.31510684
2026-06-08 16:30:00,32.7,32.8,32.7,32.7,429994.56690869,14072831.38059709
2026-06-08 16:45:00,32.7,32.8,32.7,32.8,184092.08187497,6036826.66724702
2026-06-08 17:00:00,32.7,32.7,32.6,32.6,20502.18504582,670390.86995856
2026-06-08 17:15:00,32.6,32.6,32.6,32.6,101819.76220478,3319324.24787583
2026-06-08 17:30:00,32.6,32.6,32.6,32.6,335851.30924011,10948752.68122759
2026-06-08 17:45:00,32.6,32.7,32.6,32.7,481343.74081203,15691876.6630104
2026-06-08 18:00:00,32.8,32.9,32.6,32.6,781086.04523032,25598338.99993006
2026-06-08 18:15:00,32.9,32.9,32.8,32.8,396005.84285106,13026211.91383273
2026-06-08 18:30:00,32.8,32.8,32.6,32.6,300097.23224752,9801339.66054696
2026-06-08 18:45:00,32.6,32.8,32.6,32.8,29226.95671822,957359.791453
2026-06-08 19:00:00,32.8,32.8,32.8,32.8,6707.31707316,219999.99999965
2026-06-08 19:15:00,32.8,32.8,32.5,32.5,59962.83912669,1960697.85962497
2026-06-08 19:30:00,32.7,32.7,32.5,32.5,10439.2421623,341305.14912558
2026-06-08 19:45:00,32.5,32.6,32.5,32.6,355748.24365026,11594268.3406617
2026-06-08 20:00:00,32.4,32.7,32.4,32.7,67869.36733276,2202894.61752541
2026-06-08 20:15:00,32.9,33.2,32.8,33.1,222782.37783696,7376693.0770533
2026-06-08 20:30:00,33.2,33.2,33.2,33.2,16393.71260441,544271.25846641
2026-06-08 20:45:00,33.0,33.0,32.9,32.9,60833.60027466,2001475.44903631
2026-06-08 21:00:00,32.9,32.9,32.8,32.8,22820.11802698,748965.25882294
2026-06-08 21:15:00,32.9,33.0,32.8,33.0,151991.15474591,5000553.59720105
2026-06-08 21:30:00,33.0,33.4,33.0,33.3,77640.75911517,2584194.16997483
2026-06-08 21:45:00,33.2,33.6,33.2,33.4,404437.39031352,13454490.19973118
2026-06-08 22:00:00,33.2,33.2,33.2,33.2,15010.6118,498352.31176
2026-06-08 22:15:00,33.2,33.2,33.2,33.2,2070.45000089,68738.94002955
2026-06-08 22:30:00,33.3,33.3,33.3,33.3,30487.80487804,1015243.90243873
2026-06-08 22:45:00,33.4,33.7,33.4,33.5,95196.17385336,3199814.72227321
2026-06-08 23:00:00,33.6,33.6,33.4,33.5,201893.87847083,6768084.70460165
2026-06-08 23:15:00,33.5,33.5,33.4,33.4,189789.98569799,6351916.61669105
2026-06-08 23:30:00,33.6,33.6,33.3,33.3,127308.51927072,4249259.18236229
2026-06-08 23:45:00,33.3,33.5,33.2,33.4,216705.29120088,7225394.61608994
2026-06-09 00:00:00,33.4,33.6,33.4,33.6,29474.14244651,987233.18028429
2026-06-09 00:15:00,33.4,33.6,33.3,33.3,58999.88496264,1978990.42438715
2026-06-09 00:30:00,33.3,33.3,32.9,32.9,334018.16463309,11021446.72178297
2026-06-09 00:45:00,33.0,33.0,33.0,33.0,1301.51515152,42950.00000016
2026-06-09 01:00:00,33.5,33.5,33.3,33.3,39398.59440303,1312033.79968151
2026-06-09 01:15:00,33.3,33.4,33.2,33.2,26964.63199032,897920.5679095
2026-06-09 01:30:00,33.1,33.1,32.8,33.0,305405.37804793,10018108.05170333
2026-06-09 01:45:00,33.1,33.1,32.9,32.9,21980.39874697,727157.87406232
2026-06-09 02:00:00,32.8,32.8,32.6,32.7,182227.4877079,5948540.38340915
2026-06-09 02:15:00,32.7,32.7,32.7,32.7,320956.01388728,10495261.65411406
2026-06-09 02:30:00,32.7,32.7,32.5,32.5,12056.8613652,392517.7035991
2026-06-09 02:45:00,32.6,32.6,32.6,32.6,154.18671032,5026.48675643
2026-06-09 03:00:00,32.7,32.7,32.6,32.6,63027.35597074,2054752.90559412
2026-06-09 03:15:00,32.6,32.6,32.4,32.6,398803.88629073,12959909.70356489
2026-06-09 03:30:00,32.5,32.6,32.4,32.4,633218.76043292,20549890.43115343
2026-06-09 03:45:00,32.5,32.5,32.4,32.4,35779.14459797,1159634.48679639
2026-06-09 04:15:00,32.4,32.4,32.4,32.4,175919.80490638,5699801.67896671
2026-06-09 04:30:00,32.5,32.5,32.4,32.4,4548.34035972,147496.25187359
2026-06-09 04:45:00,32.4,32.4,32.3,32.3,88480.96871603,2861923.43125937
2026-06-09 05:00:00,32.3,32.3,31.9,31.9,657282.83733329,21182323.5199802
2026-06-09 05:15:00,31.9,32.1,31.9,32.1,2215385.38733033,70889040.79144698
2026-06-09 05:30:00,32.0,32.1,32.0,32.0,137373.3907298,4398509.55705016
2026-06-09 05:45:00,32.0,32.1,31.9,32.1,2714947.60633902,86681526.9568409
2026-06-09 06:00:00,32.2,32.3,32.2,32.3,190892.89755959,6147135.43752412
2026-06-09 06:15:00,32.3,32.3,32.1,32.1,101169.89446989,3258449.58064446
2026-06-09 06:30:00,32.1,32.2,32.1,32.2,53926.06886752,1736291.69167745
2026-06-09 06:45:00,32.2,32.2,32.1,32.1,131489.99268964,4232240.91777365
2026-06-09 07:00:00,32.1,32.1,31.9,31.9,623180.63041762,19914846.76716521
2026-06-09 07:15:00,31.9,32.0,31.9,32.0,471191.73146067,15036390.84322302
2026-06-09 07:30:00,32.0,32.0,31.8,31.8,136157.5353026,4350325.89977197
2026-06-09 07:45:00,31.9,31.9,31.8,31.9,30048.19932902,957800.59354574
2026-06-09 08:00:00,31.9,31.9,31.8,31.8,422404.28107822,13432769.61791122
2026-06-09 08:15:00,31.8,31.8,31.3,31.4,1133215.63242339,35651618.80478719
2026-06-09 08:30:00,31.3,31.5,31.1,31.1,605228.58165983,18906180.74541379
2026-06-09 08:45:00,31.2,31.3,31.2,31.2,350217.65951325,10939709.39059134
2026-06-09 09:00:00,31.3,31.3,31.2,31.2,207472.82380719,6483196.8806917
2026-06-09 09:15:00,31.2,31.2,30.7,30.8,3298129.01793243,101459974.46092984
2026-06-09 09:30:00,30.8,30.8,30.5,30.7,628983.86878946,19241924.80542203
2026-06-09 09:45:00,30.6,30.7,30.5,30.7,1437278.88618063,43972236.29978018
2026-06-09 10:00:00,30.8,30.8,30.6,30.6,101352.50665084,3103297.21410076
2026-06-09 10:15:00,30.6,30.7,30.6,30.7,183932.24987613,5641678.26076337
2026-06-09 10:45:00,30.7,30.7,30.7,30.7,43197.8473304,1326173.91304328
2026-06-09 11:00:00,30.6,30.7,30.6,30.7,61208.22761724,1878409.05295827
2026-06-09 11:15:00,30.6,30.6,30.5,30.6,465650.96861393,14222079.66672146
2026-06-09 11:30:00,30.6,30.7,30.4,30.4,290405.99343434,8853540.13532232
2026-06-09 11:45:00,30.4,30.5,30.4,30.5,507230.30645205,15432310.89690869
2026-06-09 12:00:00,30.5,30.5,30.5,30.5,200.0,6100.0
2026-06-09 12:15:00,30.5,30.5,30.3,30.3,2791744.55708316,84636555.8624432
2026-06-09 12:30:00,30.3,30.3,30.0,30.2,1570581.85123987,47260113.90659322
2026-06-09 12:45:00,30.4,30.5,30.3,30.5,98545.70387756,2996131.41393915
2026-06-09 13:00:00,30.4,30.5,30.4,30.5,464049.97685109,14112709.59613491
2026-06-09 13:15:00,30.4,30.4,30.2,30.2,115757.8307789,3518438.05567856
2026-06-09 13:30:00,30.4,30.8,30.4,30.7,224405.2568322,6870528.65019303
2026-06-09 13:45:00,30.5,30.8,30.5,30.8,253505.79119343,7753552.81695555
2026-06-09 14:00:00,30.7,30.7,30.5,30.5,112148.50882853,3431999.96350762
2026-06-09 14:15:00,30.6,30.6,30.5,30.5,56197.71187526,1717960.68908068
2026-06-09 14:30:00,30.7,30.8,30.6,30.8,737829.99562739,22657782.72526064
2026-06-09 14:45:00,30.7,30.7,30.6,30.6,366379.4350621,11213487.67047038
2026-06-09 15:00:00,30.6,30.8,30.6,30.7,31645.81961151,971097.87266884
2026-06-09 15:15:00,30.7,30.7,30.7,30.7,170434.10072886,5232326.892376
2026-06-09 15:30:00,30.7,30.7,30.7,30.7,40869.73461075,1254700.85255003
2026-06-09 15:45:00,30.7,30.7,30.5,30.5,6536.01751482,200000.00000005
2026-06-09 16:00:00,30.5,30.8,30.5,30.7,502718.98833066,15363488.36932742
2026-06-09 16:15:00,30.7,30.8,30.6,30.7,83391.89561141,2562557.27975077
2026-06-09 16:30:00,30.7,30.8,30.7,30.8,134805.63221825,4149857.22083512
2026-06-09 16:45:00,30.8,30.8,30.7,30.8,19165.3642,590293.19268468
2026-06-09 17:00:00,30.6,30.6,30.3,30.3,306113.15146024,9325679.48107257
2026-06-09 17:15:00,30.3,30.3,30.3,30.3,5412.12522573,163987.39433962
2026-06-09 17:30:00,30.6,30.6,30.6,30.6,1100.0,33660.0
2026-06-09 17:45:00,30.6,30.6,30.6,30.6,95405.36917892,2919404.29687495
2026-06-09 18:15:00,30.7,30.8,30.7,30.8,321168.51624785,9866429.30158082
2026-06-09 18:30:00,30.7,30.7,30.7,30.7,65935.06493506,2024206.49350634
2026-06-09 18:45:00,30.7,30.9,30.7,30.9,1601.99627628,49226.59312516
2026-06-09 19:15:00,31.0,31.0,31.0,31.0,4190.6370579,129909.7487949
2026-06-09 19:30:00,31.1,31.3,31.1,31.2,598710.59809736,18622928.40985671
2026-06-09 19:45:00,31.1,31.1,31.0,31.0,24987.50624687,774839.27492508
2026-06-09 20:00:00,31.4,31.4,31.0,31.0,454398.17563476,14167752.04721317
2026-06-09 20:15:00,30.9,30.9,30.7,30.9,249181.35420008,7690167.2058374
2026-06-09 20:30:00,31.5,31.6,31.5,31.6,39480.81116622,1247324.93341853
2026-06-09 20:45:00,31.6,31.8,31.6,31.8,426010.63605183,13495925.48613136
2026-06-09 21:00:00,31.9,32.0,31.7,31.9,2837175.8364716,90312525.13201001
2026-06-09 21:15:00,31.8,31.8,31.6,31.7,527311.25271039,16705298.03262886
2026-06-09 21:30:00,31.6,31.6,31.3,31.3,9634.78439312,303836.06073516
2026-06-09 21:45:00,31.3,31.3,31.3,31.3,85999.25592612,2691776.71048756
2026-06-09 22:00:00,31.6,31.6,31.0,31.0,1157915.18153887,36031369.88508943
2026-06-09 22:15:00,31.1,31.1,30.9,30.9,78176.41125401,2422797.55999971
2026-06-09 22:30:00,31.1,31.3,30.9,31.3,125225.91811221,3874576.07224027
2026-06-09 22:45:00,31.3,31.3,31.2,31.3,469001.05589586,14649735.60206366
2026-06-09 23:00:00,31.1,31.1,31.0,31.0,104738.39824687,3256609.71299411
2026-06-09 23:15:00,30.9,30.9,30.7,30.7,457852.16704702,14102121.37239516
2026-06-09 23:30:00,30.6,30.8,30.5,30.7,781089.38886912,23927289.65905092
2026-06-09 23:45:00,30.7,31.3,30.7,31.3,219033.45938935,6829109.06884185
2026-06-10 00:00:00,31.2,31.2,31.1,31.1,13153.55827214,410390.93091128
2026-06-10 00:15:00,31.1,31.1,31.0,31.0,275170.81215501,8530772.54993964
2026-06-10 00:30:00,30.9,31.2,30.9,31.2,8712.31709354,269328.8426643
2026-06-10 00:45:00,31.6,31.6,31.2,31.2,267941.31520268,8465768.17399428
2026-06-10 01:00:00,31.2,31.2,31.2,31.2,140572.2437118,4385854.00380816
2026-06-10 01:30:00,31.6,31.6,31.3,31.4,356902.89794511,11223697.51449543
2026-06-10 01:45:00,31.5,31.5,31.3,31.3,125468.61743841,3932448.5493381
2026-06-10 02:00:00,31.6,31.9,31.6,31.9,131657.6736786,4172867.33976074
2026-06-10 02:15:00,32.0,32.5,32.0,32.4,1283220.66391885,41182076.52155021
2026-06-10 02:30:00,32.2,32.6,32.2,32.6,429917.62364114,13970496.42913364
2026-06-10 02:45:00,32.4,32.7,32.3,32.5,382780.95060962,12477485.86977712
2026-06-10 03:00:00,32.3,32.5,32.1,32.3,323055.46728593,10474193.95453221
2026-06-10 03:15:00,32.3,32.3,32.1,32.1,313525.60351627,10072273.87287227
2026-06-10 03:45:00,32.0,32.1,32.0,32.0,378551.35059312,12113690.09397984
2026-06-10 04:00:00,32.2,32.2,32.2,32.2,87508.21615291,2817764.5601237
2026-06-10 04:15:00,32.2,32.2,32.2,32.2,126072.0,4059518.4
2026-06-10 04:30:00,32.2,32.3,32.2,32.3,224406.65834907,7233666.54249906
2026-06-10 04:45:00,32.2,32.3,32.2,32.3,570364.07129692,18391703.6022694
2026-06-10 05:00:00,32.4,32.4,32.3,32.3,280728.70094518,9091993.87799061
2026-06-10 05:15:00,32.4,32.4,32.4,32.4,12452.56105518,403462.97818783
2026-06-10 05:45:00,32.3,32.3,32.2,32.2,1735.8621047,56038.34598181
2026-06-10 06:00:00,32.2,32.2,32.1,32.2,77852.38502999,2500401.04238193
2026-06-10 06:30:00,32.1,32.1,32.1,32.1,32154.34083601,1032154.34083592
2026-06-10 06:45:00,31.9,31.9,31.8,31.9,1090127.15075513,34745735.64228676
2026-06-10 07:00:00,31.9,31.9,31.9,31.9,313.47962382,9999.99999986
2026-06-10 07:30:00,32.1,32.1,32.1,32.1,34200.88921276,1097848.5437296
2026-06-10 07:45:00,31.9,31.9,31.9,31.9,783.30740585,24987.50624662
2026-06-10 08:00:00,31.8,31.9,31.6,31.9,1316968.88380554,41802596.82551836
2026-06-10 08:15:00,31.9,31.9,31.7,31.7,754314.27489734,24043762.31227806
2026-06-10 08:30:00,31.7,31.9,31.7,31.9,75889.02908128,2418152.19052861
2026-06-10 08:45:00,31.8,32.0,31.8,32.0,379751.39425685,12094345.65488185
2026-06-10 09:00:00,31.9,32.0,31.8,32.0,546522.08939797,17458024.66552115
2026-06-10 09:15:00,32.0,32.0,31.7,31.7,3333.22962343,105723.37906273
2026-06-10 09:30:00,31.7,31.7,31.5,31.7,1211290.88242212,38226749.45634326
2026-06-10 09:45:00,31.5,31.7,31.5,31.7,195712.53111676,6178363.9504303
2026-06-10 10:00:00,31.8,31.8,31.7,31.7,138556.6832814,4395474.26002038
2026-06-10 10:15:00,31.9,31.9,31.9,31.9,62695.92476489,1999999.99999999
2026-06-10 10:45:00,31.7,31.8,31.7,31.8,32636.69184608,1037352.88152074
2026-06-10 11:00:00,32.0,32.0,31.8,32.0,321621.70604601,10277612.73707942
2026-06-10 11:15:00,32.0,32.1,31.8,31.8,337364.19763481,10805590.78768209
2026-06-10 11:30:00,31.7,31.7,31.6,31.7,203457.91596312,6445490.88742981
2026-06-10 11:45:00,31.7,31.7,31.6,31.6,292171.13874521,9237288.57140864
2026-06-10 12:00:00,31.8,31.8,31.8,31.8,31088.17610062,988603.99999972
2026-06-10 12:30:00,31.8,31.8,31.7,31.7,108868.87196288,3458996.96292141
2026-06-10 12:45:00,31.6,31.6,31.6,31.6,31088.17610062,982386.36477959
2026-06-10 13:00:00,31.6,31.6,31.5,31.5,5387.94902781,170056.01467562
2026-06-10 13:15:00,31.5,31.5,31.5,31.5,91786.78754676,2891283.80772294
2026-06-10 13:30:00,31.5,31.5,31.2,31.4,548663.97267837,17193850.20448666
2026-06-10 14:00:00,31.5,31.5,31.4,31.4,90520.80146795,2842903.91928846
2026-06-10 14:15:00,31.5,31.6,31.5,31.6,153264.39060835,4828177.51051223
2026-06-10 14:30:00,31.7,31.7,31.6,31.6,88961.37554431,2817261.83562955
2026-06-10 14:45:00,31.4,31.4,31.4,31.4,56958.67804055,1788502.49047327
2026-06-10 15:00:00,31.5,31.5,31.5,31.5,93377.16304188,2941380.63581922
2026-06-10 15:15:00,31.5,31.5,31.4,31.4,170132.6479564,5346558.95844846
2026-06-10 15:30:00,31.6,31.6,31.6,31.6,90278.53162026,2852801.59920022
2026-06-10 15:45:00,31.7,31.7,31.7,31.7,19866.09219048,629755.12243822
2026-06-10 16:15:00,31.7,31.8,31.7,31.8,1394.42159837,44218.9906177
2026-06-10 16:30:00,31.8,31.8,31.7,31.7,2180.58895304,69185.00000005
2026-06-10 16:45:00,31.8,31.8,31.8,31.8,90080.19119872,2864550.0801193
2026-06-10 17:00:00,31.8,31.8,31.7,31.7,243947.06802803,7752942.69039251
2026-06-10 17:15:00,31.9,32.0,31.8,31.8,16631.94229234,531217.48927442
2026-06-10 17:30:00,31.8,32.0,31.8,31.9,16078.49988351,513126.10229209
2026-06-10 17:45:00,31.9,32.1,31.9,31.9,148821.79858509,4760362.94857154
2026-06-10 18:00:00,31.9,31.9,31.9,31.9,50139.78903964,1599459.27036452
2026-06-10 18:30:00,32.0,32.0,32.0,32.0,25919.67198218,829429.50342976
2026-06-10 18:45:00,31.9,31.9,31.8,31.8,72209.42487361,2299410.41775907
2026-06-10 19:00:00,31.8,31.9,31.8,31.8,75861.22169811,2416236.8499999
2026-06-10 19:15:00,31.8,31.8,31.7,31.7,208087.3127,6602176.54386
2026-06-10 19:30:00,31.9,32.0,31.9,32.0,212703.39977076,6801828.38092432
2026-06-10 19:45:00,32.0,32.0,31.9,31.9,18311.09297148,585860.93120021
2026-06-10 20:00:00,31.9,31.9,31.3,31.3,939414.96984856,29573064.18299735
2026-06-10 20:15:00,31.4,31.4,31.3,31.3,656120.19116462,20546538.82073538
2026-06-10 20:30:00,31.3,31.3,31.3,31.3,13925.60878785,435871.55505971
2026-06-10 20:45:00,31.3,31.3,31.3,31.3,219.66453674,6875.49999996
2026-06-10 21:00:00,31.3,31.3,31.2,31.3,70877.01760191,2214638.17833291
2026-06-10 21:15:00,31.4,31.4,31.3,31.3,73812.35406035,2313712.69385282
2026-06-10 21:30:00,31.3,31.5,31.3,31.5,7131.87559008,223689.3931038
2026-06-10 21:45:00,31.5,31.5,31.5,31.5,11757.97382693,370376.1755483
2026-06-10 22:30:00,31.8,31.9,31.8,31.9,85380.05410546,2715599.64805684
2026-06-10 22:45:00,32.0,32.1,31.9,31.9,606234.63499846,19399508.31995072
2026-06-10 23:00:00,31.9,32.1,31.9,32.1,44870.10530181,1434297.6614381
2026-06-10 23:15:00,31.9,31.9,31.9,31.9,256399.73708299,8179151.61294738
2026-06-10 23:30:00,32.0,32.0,31.9,31.9,306961.08377947,9792089.43676262
2026-06-10 23:45:00,31.9,31.9,31.9,31.9,159.87460815,5099.99999999
2026-06-11 00:15:00,31.9,31.9,31.9,31.9,26355.89098817,840752.92252262
2026-06-11 00:30:00,32.2,32.2,32.1,32.1,194515.31605889,6263144.05265981
2026-06-11 00:45:00,32.0,32.1,32.0,32.1,485517.39924933,15537634.25621805
2026-06-11 01:00:00,31.9,31.9,31.9,31.9,313.47962382,9999.99999986
2026-06-11 01:15:00,31.9,31.9,31.6,31.6,415595.61911833,13180734.37262526
2026-06-11 01:30:00,31.8,31.8,31.6,31.6,68847.0821735,2179770.6566826
2026-06-11 01:45:00,31.6,31.6,31.6,31.6,3164.55696202,99999.99999983
2026-06-11 02:00:00,31.7,31.7,31.7,31.7,42507.89431782,1347500.24987489
2026-06-11 02:15:00,31.5,31.5,31.5,31.5,200.0,6300.0
2026-06-11 02:30:00,31.5,31.5,31.5,31.5,3174.6031746,99999.9999999
2026-06-11 03:00:00,31.8,31.8,31.8,31.8,1143.39622641,36359.99999984
2026-06-11 03:15:00,31.8,31.8,31.7,31.7,6485.67103826,205658.00494727
2026-06-11 03:30:00,31.7,31.7,31.7,31.7,171036.00030046,5421841.20952458
2026-06-11 03:45:00,31.6,31.6,31.6,31.6,26793.8243799,846684.85040484
2026-06-11 04:00:00,31.5,31.6,31.5,31.6,54683.66918238,1726180.33924497
2026-06-11 04:30:00,31.5,31.5,31.5,31.5,4702.19435736,148119.12225684
2026-06-11 05:00:00,31.4,31.4,31.3,31.3,154662.59506384,4854393.62011458
2026-06-11 05:15:00,31.3,31.3,31.3,31.3,3999.99712426,125199.90998934
2026-06-11 05:30:00,31.4,31.4,31.4,31.4,31880.37560167,1001043.79389244
2026-06-11 06:00:00,31.2,31.2,31.1,31.1,388264.22017457,12084763.20787439
2026-06-11 06:15:00,31.1,31.1,31.1,31.1,132835.90733476,4131196.71811104
2026-06-11 06:30:00,31.1,31.1,31.1,31.1,140522.87581699,4370261.43790839
2026-06-11 06:45:00,31.1,31.1,30.9,30.9,1170548.63990471,36271995.22353365
2026-06-11 07:00:00,30.8,30.8,30.7,30.8,231265.11057856,7104975.6098943
2026-06-11 07:15:00,30.9,31.0,30.9,31.0,462427.21445255,14292226.7265838
2026-06-11 07:30:00,31.0,31.0,31.0,31.0,260.45819058,8074.20390798
2026-06-11 07:45:00,31.1,31.1,31.1,31.1,6430.8681672,199999.99999992
2026-06-11 08:00:00,31.5,31.6,31.5,31.6,849283.95104292,26797759.51397084
2026-06-11 08:15:00,31.6,31.6,31.6,31.6,18400.71501712,581462.59454099
2026-06-11 08:30:00,31.6,31.6,31.6,31.6,74613.39685467,2357783.34060757
2026-06-11 09:00:00,31.8,31.8,31.8,31.8,15767.1998,501396.95364
2026-06-11 09:15:00,31.8,31.8,31.7,31.7,920107.49422244,29256023.74709215
2026-06-11 09:30:00,31.7,31.8,31.6,31.8,123407.48984836,3900782.10502673
2026-06-11 09:45:00,31.9,31.9,31.6,31.6,65967.9991543,2093224.1586465
2026-06-11 10:00:00,31.6,31.7,31.6,31.7,12511.83591475,396197.89108906
2026-06-11 10:30:00,32.1,32.2,32.1,32.2,171156.0448887,5505691.09677435
2026-06-11 10:45:00,32.3,32.4,32.3,32.3,27064.48185449,876464.20583414
2026-06-11 11:00:00,32.3,32.3,32.1,32.1,501246.71410423,16140453.79167943
2026-06-11 11:15:00,32.3,32.3,32.0,32.0,17770.52177017,569242.07233557
2026-06-11 11:30:00,32.0,32.2,32.0,32.2,4140.27824036,132748.90369152
2026-06-11 11:45:00,32.2,32.2,32.2,32.2,6484.93929185,208815.04519757
2026-06-11 12:00:00,32.1,32.1,32.0,32.0,105784.34721153,3386248.11076896
2026-06-11 12:15:00,32.1,32.1,32.1,32.1,12290.91924741,394538.50784186
2026-06-11 12:30:00,32.4,32.4,32.4,32.4,504238.00445456,16337311.34432774
2026-06-11 12:45:00,32.4,32.8,32.4,32.7,192717.48909713,6293631.30168483
2026-06-11 13:00:00,32.6,32.6,32.5,32.5,83236.83335767,2713500.93053697
2026-06-11 13:15:00,32.5,32.5,32.4,32.4,54314.91452987,1764726.30769086
2026-06-11 13:30:00,32.4,32.4,32.4,32.4,46739.60274726,1514363.12901122
2026-06-11 13:45:00,32.5,32.8,32.5,32.7,72563.44443109,2359830.32495935
2026-06-11 14:00:00,32.7,32.8,32.7,32.8,552277.08876575,18104255.27087362
2026-06-11 14:15:00,32.8,32.9,32.8,32.8,156711.7533991,5153133.70683039
2026-06-11 14:30:00,32.8,32.8,32.8,32.8,79189.42199145,2597413.04131956
2026-06-11 14:45:00,32.8,32.8,32.7,32.7,66892.25487082,2192511.94429092
2026-06-11 15:00:00,32.7,32.7,32.6,32.6,342350.11860678,11160919.67697858
2026-06-11 15:15:00,32.8,32.8,32.7,32.8,154234.96741552,5058676.05665922
2026-06-11 15:30:00,32.7,32.8,32.7,32.8,204481.46551168,6706021.5687831
2026-06-11 15:45:00,32.8,32.8,32.8,32.8,4000.0,131200.0
2026-06-11 16:00:00,32.7,32.7,32.6,32.6,95903.29575988,3126447.46012071
2026-06-11 16:15:00,32.8,32.8,32.8,32.8,79173.95683422,2596905.78416242
2026-06-11 16:30:00,32.7,32.7,32.7,32.7,45506.57186744,1488064.90006529
2026-06-11 16:45:00,32.7,32.7,32.7,32.7,30935.60253512,1011594.20289842
2026-06-11 17:00:00,32.7,32.7,32.7,32.7,178023.77458602,5821377.42896285
2026-06-11 17:15:00,32.7,32.8,32.7,32.8,114480.93554402,3753597.1732448
2026-06-11 17:30:00,32.8,32.8,32.8,32.8,25621.95121952,840400.00000026
2026-06-11 17:45:00,32.9,32.9,32.9,32.9,95330.13403799,3136361.40984987
2026-06-11 18:00:00,32.8,32.8,32.8,32.8,15743.6385623,516391.34484344
2026-06-11 18:15:00,32.9,32.9,32.8,32.8,5468.75,179875.0
2026-06-11 18:30:00,32.9,32.9,32.9,32.9,26018.26773876,856001.0086052
2026-06-11 18:45:00,32.8,32.9,32.8,32.8,54592.58358222,1791621.54392843
2026-06-11 19:00:00,32.8,32.8,32.8,32.8,180382.71356058,5916553.00478702
2026-06-11 19:15:00,32.9,32.9,32.9,32.9,1000.0,32900.0
2026-06-11 19:30:00,33.0,33.0,32.9,33.0,103315.26970142,3409241.53647291
2026-06-11 19:45:00,33.0,33.0,33.0,33.0,6060.6060606,199999.9999998
2026-06-11 20:00:00,32.9,33.1,32.9,33.1,57254.58429256,1883775.33413383
2026-06-11 20:15:00,33.2,33.2,33.2,33.2,47550.56683708,1578678.81899106
2026-06-11 20:30:00,33.2,33.2,33.2,33.2,1470.04810846,48805.59720087
2026-06-11 20:45:00,33.2,33.2,33.1,33.1,9551.45224366,317056.66926515
2026-06-11 21:00:00,33.0,33.2,33.0,33.0,90187.75588457,2984007.44213751
2026-06-11 21:15:00,33.1,33.1,32.5,32.6,641860.03623195,20944148.98939946
2026-06-11 21:30:00,32.5,32.7,32.5,32.7,102179.61575363,3337649.76615583
2026-06-11 21:45:00,32.8,32.9,32.8,32.9,109523.07269541,3593309.09167899
2026-06-11 22:00:00,33.0,33.1,33.0,33.1,117777.38217145,3889673.249875
2026-06-11 22:15:00,33.2,33.3,33.2,33.3,30137.92144049,1001455.57948824
2026-06-11 22:30:00,33.4,33.4,33.3,33.3,33763.30709374,1127533.84882508
2026-06-11 22:45:00,33.5,33.5,33.1,33.1,477582.17643411,15950211.19866311
2026-06-11 23:00:00,33.1,33.1,32.8,32.8,111717.23162719,3685985.01082966
2026-06-11 23:15:00,32.8,32.8,32.8,32.8,9329.93400917,306021.83550078
2026-06-11 23:45:00,32.8,32.8,32.8,32.8,582.02591032,19090.4498585
2026-06-12 00:00:00,32.8,32.8,32.8,32.8,29905.77896772,980909.55014122
2026-06-12 00:30:00,32.7,32.7,32.5,32.7,74771.61008213,2434066.17618708
2026-06-12 00:45:00,32.6,32.7,32.6,32.7,294754.60763273,9629249.95622744
2026-06-12 01:00:00,32.8,33.1,32.8,32.8,125839.44042514,4140729.18397977
2026-06-12 01:15:00,33.0,33.0,32.9,32.9,29434.17835934,970557.54832302
2026-06-12 01:30:00,32.8,32.8,32.8,32.8,1000.0,32800.0
2026-06-12 01:45:00,32.7,32.7,32.6,32.6,2000.0,65300.0
2026-06-12 02:15:00,32.6,32.6,32.6,32.6,306.74846625,9999.99999975
2026-06-12 02:30:00,33.1,33.2,32.9,32.9,113384.8860308,3746613.24824978
2026-06-12 02:45:00,32.8,32.8,32.6,32.7,42106.03187285,1378793.21176413
2026-06-12 03:00:00,32.6,32.6,32.3,32.4,670534.36651844,21704163.36778598
2026-06-12 03:45:00,32.4,32.5,32.4,32.5,318218.19638093,10341138.79351136
2026-06-12 04:00:00,32.6,32.6,32.6,32.6,46012.26993865,1499999.99999999
2026-06-12 04:15:00,32.5,32.6,32.5,32.6,761324.18489244,24816086.30701532
2026-06-12 05:15:00,32.5,32.5,32.5,32.5,154220.66125973,5012171.49094123
2026-06-12 05:30:00,32.3,32.3,32.2,32.3,13264.26172345,428254.18706027
2026-06-12 05:45:00,32.2,32.5,32.2,32.5,59434.77051869,1923714.76410214
2026-06-12 06:15:00,32.3,32.5,32.3,32.5,100454.69294371,3246215.49285106
2026-06-12 06:30:00,32.5,32.5,32.3,32.3,28199.71462522,912896.93624076
2026-06-12 06:45:00,32.4,32.4,32.4,32.4,173044.0,5606625.6
2026-06-12 07:00:00,32.5,32.5,32.5,32.5,19221.1512651,624687.41611575
2026-06-12 07:15:00,32.6,32.6,32.5,32.5,61397.0,1996698.3
2026-06-12 07:30:00,32.7,32.7,32.6,32.6,60873.58414561,1984500.24987471
2026-06-12 07:45:00,32.6,32.7,32.5,32.5,1380110.39773615,44995395.31647763
2026-06-12 08:00:00,32.5,32.5,32.5,32.5,4294.4785276,139570.552147
2026-06-12 08:15:00,32.5,32.6,32.5,32.5,3898.25389334,127030.76923058
2026-06-12 08:30:00,32.5,32.7,32.5,32.7,815899.88131303,26661705.15233393
2026-06-12 08:45:00,32.7,32.7,32.7,32.7,43211.2,1413006.24
2026-06-12 09:00:00,32.7,32.8,32.7,32.8,705140.74240306,23121657.11966274
2026-06-12 09:15:00,32.8,32.9,32.8,32.9,20209.06599901,662878.64136327
2026-06-12 09:30:00,32.9,32.9,32.7,32.7,45668.09163556,1494411.81629154
2026-06-12 09:45:00,32.7,32.8,32.6,32.6,237790.51875146,7773793.3597761
2026-06-12 10:00:00,32.6,32.6,32.5,32.5,129763.81927505,4222838.02895002
2026-06-12 10:30:00,32.5,32.5,32.5,32.5,1846.15384616,60000.0000002
2026-06-12 10:45:00,32.5,32.6,32.5,32.6,88585.34584868,2879054.41492873
2026-06-12 11:00:00,32.5,32.6,32.5,32.6,148590.66634635,4841019.33559685
2026-06-12 11:15:00,32.6,32.6,32.6,32.6,27691.2561436,902734.95028136
2026-06-12 11:45:00,32.6,32.7,32.5,32.7,235167.83216629,7646908.29918015
2026-06-12 12:00:00,32.5,32.5,32.5,32.5,113187.08863895,3678580.38076588
2026-06-12 12:15:00,32.4,32.4,32.3,32.4,143841.22465402,4653144.99999768
2026-06-12 12:45:00,32.4,32.4,32.3,32.3,619.2839506,20033.73580191
2026-06-12 13:00:00,32.3,32.3,32.3,32.3,13304.84130473,429746.37414278
2026-06-12 13:15:00,32.3,32.4,32.3,32.4,780107.17438295,25246467.33416575
2026-06-12 13:30:00,32.5,32.5,32.5,32.5,22529.91452992,732222.2222224
2026-06-12 14:00:00,32.5,32.5,32.3,32.3,235810.39113831,7640013.01212706
2026-06-12 14:15:00,32.3,32.3,32.3,32.3,1547.9876161,50000.00000003
2026-06-12 14:30:00,32.3,32.3,32.2,32.2,46012.26993865,1481695.09202453
2026-06-12 15:00:00,32.2,32.2,32.1,32.1,47044.46504829,1514677.93727632
2026-06-12 15:15:00,32.3,32.3,32.3,32.3,300.0,9690.0
2026-06-12 15:30:00,32.1,32.1,32.0,32.0,421586.99521911,13498360.13965476
2026-06-12 15:45:00,31.9,32.0,31.9,32.0,334615.29279605,10704607.24899538
2026-06-12 16:15:00,32.0,32.0,32.0,32.0,95863.59983588,3067635.19474816
2026-06-12 16:30:00,32.0,32.0,32.0,32.0,14860.31856609,475530.19411488
2026-06-12 16:45:00,32.0,32.0,32.0,32.0,6250.0,200000.0
2026-06-12 17:00:00,32.1,32.1,32.1,32.1,177.728699,5705.0912379
2026-06-12 17:15:00,32.3,32.3,32.3,32.3,9460.0,305558.0
2026-06-12 17:30:00,32.3,32.3,32.2,32.2,368355.14178636,11887529.91225677
2026-06-12 18:00:00,32.3,32.3,32.2,32.2,32561.13271572,1048618.99665564
2026-06-12 18:15:00,32.2,32.4,32.2,32.4,103090.16912376,3339500.3615974
2026-06-12 18:30:00,32.5,32.5,32.5,32.5,56083.05617191,1822699.32558708
2026-06-12 18:45:00,32.5,32.7,32.5,32.5,1134717.15060863,36989498.62477616
2026-06-12 19:00:00,32.5,32.5,32.5,32.5,12531.89561867,407286.60760678
2026-06-12 19:15:00,32.5,32.5,32.4,32.4,36995.8385005,1200665.1674162
2026-06-12 19:30:00,32.3,32.3,32.3,32.3,38986.07828306,1259250.32854284
2026-06-12 19:45:00,32.5,32.5,32.3,32.4,113459.62931553,3676096.23943085
2026-06-12 20:00:00,32.4,32.4,32.4,32.4,4961.17431192,160742.04770621
2026-06-12 20:15:00,32.5,32.5,32.3,32.3,257240.08765384,8308885.6004498
2026-06-12 20:30:00,32.3,32.3,32.2,32.2,473996.49302738,15285452.13059252
2026-06-12 20:45:00,32.4,32.4,32.2,32.2,311111.01896154,10027540.65524374
2026-06-12 21:15:00,32.2,32.2,32.1,32.1,1071862.08588957,34513805.16564415
2026-06-12 21:30:00,32.1,32.1,32.1,32.1,68632.12462408,2203091.20043297
2026-06-12 21:45:00,32.2,32.2,32.1,32.1,48648.68867025,1561720.57487205
2026-06-12 22:00:00,32.2,32.2,32.2,32.2,3416.14906832,109999.9999999
2026-06-12 22:15:00,32.1,32.1,32.1,32.1,41158.0879,1321174.62159
2026-06-12 22:30:00,32.1,32.1,31.9,31.9,352967.59164438,11272907.46357489
2026-06-12 22:45:00,31.9,31.9,31.7,31.7,62761.69019786,1995717.56593562
2026-06-12 23:15:00,32.2,32.2,32.2,32.2,40492.04809085,1303843.94852537
2026-06-12 23:30:00,32.2,32.2,32.2,32.2,31463.20698129,1013115.26479754
2026-06-12 23:45:00,32.1,32.4,32.1,32.4,186382.26442064,5983025.19999978
2026-06-13 00:00:00,32.5,32.7,32.5,32.7,1222283.27640781,39808492.48887989
2026-06-13 00:15:00,32.6,32.7,32.6,32.7,97210.06997834,3171176.39919212
2026-06-13 00:30:00,32.5,32.6,32.4,32.4,223118.00547056,7247933.2838419
2026-06-13 00:45:00,32.4,32.4,32.4,32.4,16701.13871951,541116.89451212
2026-06-13 01:00:00,32.3,32.4,32.2,32.4,100566.17061857,3250034.61684264
2026-06-13 01:15:00,32.4,32.4,32.4,32.4,19835.46362621,642669.0214892
2026-06-13 01:30:00,32.4,32.6,32.4,32.6,60012.73171489,1955540.58048734
2026-06-13 01:45:00,32.6,32.6,32.6,32.6,41234.1,1344231.66
2026-06-13 02:30:00,32.5,32.5,32.5,32.5,615.38461538,19999.99999985
2026-06-13 02:45:00,32.4,32.5,32.4,32.5,236646.4459181,7683202.70343398
2026-06-13 03:00:00,32.2,32.2,32.2,32.2,2125.08252046,68427.65715881
2026-06-13 03:15:00,32.2,32.2,32.2,32.2,18620.0,599564.0
2026-06-13 03:30:00,32.2,32.2,32.2,32.2,17629.16678306,567659.17041453
2026-06-13 03:45:00,32.1,32.1,32.1,32.1,230394.23852257,7395655.0565745
2026-06-13 04:00:00,32.0,32.0,32.0,32.0,27177.44121932,869678.11901824
2026-06-13 04:30:00,32.0,32.0,31.9,31.9,41279.25507135,1317215.49265413
2026-06-13 05:00:00,32.1,32.1,32.1,32.1,9069.78193146,291139.99999987
2026-06-13 05:45:00,31.9,32.0,31.9,32.0,183716.31161323,5876650.05608704
2026-06-13 06:15:00,32.1,32.1,32.0,32.0,575444.13546658,18451812.27834468
2026-06-13 06:45:00,32.0,32.0,31.8,31.8,215532.94097264,6871623.01234796
2026-06-13 07:00:00,31.8,31.9,31.8,31.9,311110.53338746,9893614.96172123
2026-06-13 07:15:00,32.0,32.1,31.9,32.1,130628.72513118,4177853.62375767
2026-06-13 07:30:00,32.0,32.0,31.9,32.0,74893.86473008,2390629.10221923
2026-06-13 07:45:00,32.0,32.0,32.0,32.0,18281.5625,585010.0
2026-06-13 08:00:00,32.0,32.0,32.0,32.0,3855.2755341,123368.8170912
2026-06-13 08:15:00,31.9,31.9,31.9,31.9,313.47962382,9999.99999986
2026-06-13 08:30:00,32.0,32.0,32.0,32.0,600.0,19200.0
2026-06-13 08:45:00,31.9,32.0,31.8,31.9,133102.90658843,4236642.89281045
2026-06-13 09:00:00,31.8,31.8,31.7,31.7,211253.60502437,6696775.14813055
2026-06-13 09:15:00,31.9,31.9,31.8,31.9,81079.62440736,2578739.57966502
2026-06-13 09:30:00,31.8,31.8,31.7,31.7,13854.74387194,439414.27371539
2026-06-13 10:00:00,31.7,31.9,31.7,31.9,65439.03322034,2086274.39049808
2026-06-13 10:15:00,31.9,32.0,31.9,32.0,11095.52195305,354978.4003023
2026-06-13 10:30:00,31.8,32.0,31.8,32.0,297551.18715195,9488306.45938308
2026-06-13 10:45:00,32.0,32.0,32.0,32.0,38455.46362621,1230574.83603872
2026-06-13 11:00:00,32.0,32.0,32.0,32.0,303115.8855898,9699708.3388736
2026-06-13 11:30:00,31.8,31.9,31.8,31.9,80326.17701623,2562368.6852106
2026-06-13 12:15:00,32.0,32.2,31.9,31.9,1154466.48111401,37067907.52709261
2026-06-13 12:45:00,31.9,31.9,31.9,31.9,4603.36003559,146847.18513532
2026-06-13 13:00:00,31.9,31.9,31.9,31.9,104385.22663468,3329888.72964629
2026-06-13 13:15:00,32.0,32.1,32.0,32.1,418870.36782109,13444522.97821445
2026-06-13 13:30:00,32.2,32.3,32.2,32.3,5803.42685815,187419.63161762
2026-06-13 13:45:00,32.4,32.5,32.4,32.5,117977.28778303,3828287.51295798
2026-06-13 14:00:00,32.5,32.5,32.4,32.4,89351.12916946,2900860.10323127
2026-06-13 14:15:00,32.4,32.4,32.3,32.3,64807.23082248,2099288.19330896
2026-06-13 14:30:00,32.4,32.4,32.3,32.3,29987.19311851,971207.19663276
2026-06-13 14:45:00,32.3,32.5,32.3,32.5,208916.97450672,6783847.8438317
2026-06-13 15:00:00,32.5,32.5,32.5,32.5,216179.0,7025817.5
2026-06-13 15:15:00,32.3,32.3,32.3,32.3,165914.46396324,5359037.18601265
2026-06-13 15:30:00,32.3,32.3,32.3,32.3,371.05751391,11985.15769929
2026-06-13 15:45:00,32.5,32.5,32.4,32.4,4383.47692306,142298.8261533
2026-06-13 16:00:00,32.5,32.5,32.5,32.5,17714.57084463,575723.55245048
2026-06-13 16:15:00,32.5,32.5,32.5,32.5,9174.12063199,298158.92053968
2026-06-13 16:30:00,32.6,32.6,32.6,32.6,6134.96932515,199999.99999989
2026-06-13 16:45:00,32.5,32.5,32.5,32.5,145520.26987048,4729408.7707906
2026-06-13 17:00:00,32.5,32.7,32.5,32.7,115808.24988048,3784978.98250039
2026-06-13 17:15:00,32.7,32.7,32.7,32.7,28153.8769959,920631.77776593
2026-06-13 17:30:00,32.7,32.7,32.7,32.7,122690.35339817,4011974.55612016
2026-06-13 17:45:00,32.7,32.7,32.6,32.6,38229.3256224,1247590.99999972
2026-06-13 18:00:00,32.6,32.6,32.5,32.5,382522.77966485,12462941.12131621
2026-06-13 18:15:00,32.5,32.5,32.5,32.5,31000.0,1007500.0
2026-06-13 18:30:00,32.8,33.0,32.7,32.8,433176.04328685,14243596.35905161
2026-06-13 18:45:00,32.7,32.7,32.7,32.7,70092.50092842,2292024.78035933
2026-06-13 19:00:00,32.7,32.7,32.7,32.7,1153.18487545,37709.14542722
2026-06-13 19:15:00,32.5,32.5,32.5,32.5,71257.1753339,2315858.19835175
2026-06-13 20:15:00,32.6,32.8,32.6,32.8,148856.54541586,4855169.14291361
2026-06-13 20:30:00,32.6,32.6,32.6,32.6,6131.90184048,199899.99999965
2026-06-13 20:45:00,32.6,32.6,32.5,32.5,88703.71165644,2891640.99999994
2026-06-13 21:15:00,32.4,32.4,32.4,32.4,528907.49483904,17136602.8327849
2026-06-13 21:30:00,32.4,32.6,32.4,32.6,604677.44367194,19642609.93680273
2026-06-13 21:45:00,32.6,32.6,32.6,32.6,3067.48466257,99999.99999978
2026-06-13 22:00:00,32.6,32.6,32.6,32.6,564595.58564276,18405816.09195398
2026-06-13 22:15:00,32.7,32.7,32.5,32.7,181313.05511308,5922888.35845338
2026-06-13 22:30:00,32.5,32.6,32.5,32.6,6307.22038696,204999.99999951
2026-06-13 22:45:00,32.5,32.5,32.4,32.5,490506.38203659,15940768.81295993
2026-06-13 23:00:00,32.5,32.5,32.5,32.5,615.38461538,19999.99999985
2026-06-13 23:15:00,32.4,32.4,32.4,32.4,6172.83950617,199999.99999991
2026-06-13 23:45:00,32.3,32.6,32.3,32.6,417017.6617762,13579230.56955729
2026-06-14 00:00:00,32.5,32.6,32.5,32.5,507255.3004631,16486257.38775014
2026-06-14 00:15:00,32.5,32.7,32.5,32.7,961685.10146385,31347948.525736
2026-06-14 00:30:00,32.5,32.5,32.5,32.5,68398.96362268,2222966.3177371
2026-06-14 00:45:00,32.4,32.6,32.4,32.6,603641.4041525,19678085.03155472
2026-06-14 01:00:00,32.6,32.6,32.3,32.5,594598.8636535,19329685.65136977
2026-06-14 01:15:00,32.3,32.4,32.2,32.2,1060428.36153171,34213971.06211983
2026-06-14 01:30:00,32.3,32.4,32.3,32.4,1143564.22241075,36978337.3738242
2026-06-14 01:45:00,32.4,32.5,32.3,32.4,99278.40044948,3208456.46868268
2026-06-14 02:00:00,32.4,32.4,32.4,32.4,7000.0,226800.0
2026-06-14 02:15:00,32.4,32.4,32.4,32.4,143097.7791605,4636368.0448002
2026-06-14 02:30:00,32.7,32.7,32.7,32.7,1624.20318892,53111.44427768
2026-06-14 02:45:00,32.7,32.8,32.7,32.8,27289.36045308,894990.0049973
2026-06-14 03:15:00,32.7,32.7,32.6,32.6,2040.30808864,66647.52235129
2026-06-14 03:45:00,32.6,32.6,32.6,32.6,15644.17177914,509999.99999996
2026-06-14 04:00:00,32.6,32.6,32.6,32.6,3202.32521775,104395.80209865
2026-06-14 04:30:00,32.6,32.7,32.6,32.7,29650.67767583,966664.07999964
2026-06-14 04:45:00,32.8,32.8,32.8,32.8,2680.42807863,87918.04097906
2026-06-14 05:00:00,32.7,32.7,32.7,32.7,18152.29999679,593580.20989503
2026-06-14 05:15:00,32.6,32.6,32.6,32.6,611620.79509874,19938837.92021892
2026-06-14 05:30:00,32.6,32.6,32.5,32.5,364898.36289491,11859196.7940854
2026-06-14 05:45:00,32.5,32.5,32.5,32.5,14052.27443609,456698.91917293
2026-06-14 06:30:00,32.6,33.0,32.6,32.9,453422.81627395,14885928.94615263
2026-06-14 06:45:00,32.9,32.9,32.8,32.9,920641.52467057,30284835.56460686
2026-06-14 07:00:00,32.7,32.9,32.7,32.9,29748.18692221,974230.07709791
2026-06-14 07:15:00,32.8,32.8,32.8,32.8,18152.29999679,595395.43989471
2026-06-14 07:30:00,32.8,33.3,32.8,33.1,63316.55411546,2091700.1382881
2026-06-14 07:45:00,33.0,33.1,33.0,33.1,24927.82651637,822639.42307646
2026-06-14 08:00:00,33.2,33.2,33.0,33.0,73919.07261834,2441088.02231065
2026-06-14 08:15:00,33.0,33.1,32.9,33.1,333579.62349944,10977154.80824496
2026-06-14 08:30:00,33.1,33.2,33.0,33.1,318229.77399701,10533451.6397855
2026-06-14 08:45:00,33.1,33.1,32.8,32.8,76724.97227596,2538818.2483995
2026-06-14 09:00:00,33.0,33.1,32.9,33.1,548533.08551791,18152449.37171702
2026-06-14 09:15:00,33.1,33.6,33.1,33.4,1094061.16176528,36478725.65869117
2026-06-14 09:30:00,33.4,33.6,33.3,33.6,3015325.31075836,100981259.31377327
2026-06-14 09:45:00,33.5,33.6,33.4,33.5,616023.52453481,20591075.06422092
2026-06-14 10:00:00,33.5,33.6,33.4,33.6,1102467.36725884,36886860.32805344
2026-06-14 10:15:00,33.6,33.8,33.5,33.5,550147.3880069,18449681.51093924
2026-06-14 10:30:00,33.4,33.5,33.3,33.5,441137.21654526,14754103.58655361
2026-06-14 10:45:00,33.5,33.5,33.3,33.3,1603809.35450598,53545879.68685551
2026-06-14 11:00:00,33.2,33.3,33.2,33.3,434640.87552935,14433056.27516684
2026-06-14 11:15:00,33.3,33.4,33.3,33.3,117887.84290286,3932089.85109193
2026-06-14 11:30:00,33.3,33.3,33.3,33.3,1096070.0219207,36499131.72995931
2026-06-14 11:45:00,33.3,33.3,33.2,33.2,8678.07941626,288919.8035976
2026-06-14 12:00:00,33.1,33.1,33.1,33.1,38994.39283862,1290714.40295832
2026-06-14 12:15:00,33.1,33.1,33.0,33.0,190437.45251829,6287473.32821266
2026-06-14 12:30:00,33.1,33.2,33.0,33.0,25103.8994445,830581.81420607
2026-06-14 12:45:00,33.0,33.1,33.0,33.1,2716.6392458,89860.51807213
2026-06-14 13:00:00,33.0,33.0,33.0,33.0,88047.55724413,2905569.38905629
2026-06-14 13:15:00,33.0,33.0,32.9,33.0,182950.81436569,6037176.87406777
2026-06-14 13:30:00,32.9,32.9,32.9,32.9,462179.40923596,15205702.56386308
2026-06-14 13:45:00,32.8,32.8,32.6,32.6,1569823.01973162,51285433.35789738
2026-06-14 14:00:00,32.8,32.8,32.6,32.7,133269.99333284,4345720.2453985
2026-06-14 14:15:00,32.7,32.7,32.6,32.6,224502.47924539,7318841.98547923
2026-06-14 14:30:00,32.6,32.6,32.5,32.6,638508.88024828,20770946.67428139
2026-06-14 15:00:00,32.7,32.7,32.7,32.7,5198.77675842,170000.00000033
2026-06-14 15:15:00,32.8,32.8,32.7,32.7,407714.26129812,13335322.11270391
2026-06-14 15:30:00,32.6,32.6,32.5,32.5,350468.52387868,11394504.64767574
2026-06-14 15:45:00,32.5,32.5,32.4,32.4,233181.75163723,7576019.49075432
2026-06-14 16:00:00,32.4,32.4,32.4,32.4,6169.75462885,199900.04997474
2026-06-14 16:15:00,32.3,32.3,32.3,32.3,185428.68787279,5989346.61829112
2026-06-14 16:30:00,32.3,32.4,32.2,32.3,98007.08653376,3165476.14117047
2026-06-14 16:45:00,32.3,32.3,32.3,32.3,92879.25696594,2999999.99999986
2026-06-14 17:00:00,32.3,32.4,32.3,32.4,21607.89251692,697950.36039528
2026-06-14 17:15:00,32.3,32.3,32.3,32.3,25099.23813723,810705.39183253
2026-06-14 17:30:00,32.4,32.4,32.4,32.4,5303.89126424,171846.07696138
2026-06-14 17:45:00,32.4,32.4,32.4,32.4,50432.09876541,1633999.99999928
2026-06-14 18:00:00,32.4,32.4,32.4,32.4,1234.5679012,39999.99999888
2026-06-14 18:15:00,32.3,32.3,32.2,32.3,624047.19841314,20156707.84207775
2026-06-14 18:30:00,32.3,32.3,32.3,32.3,92832.84054567,2998500.74962514
2026-06-14 18:45:00,32.3,32.4,32.3,32.4,28707.24931473,927499.11477264
2026-06-14 19:00:00,32.5,32.5,32.5,32.5,486027.93459075,15795907.87419938
2026-06-14 19:15:00,32.7,32.7,32.6,32.6,1306.74846625,42699.99999975
2026-06-14 19:30:00,32.6,32.6,32.6,32.6,3236.19631902,105500.00000005
2026-06-14 19:45:00,32.6,32.6,32.5,32.5,1301578.71922877,42336496.75007261
2026-06-14 20:00:00,32.5,32.5,32.5,32.5,37523.45218526,1219512.19602095
2026-06-14 20:15:00,32.4,32.5,32.4,32.5,351592.92752367,11398071.03238955
2026-06-14 20:30:00,32.5,32.5,32.5,32.5,3914.3353123,127215.89764975
2026-06-14 20:45:00,32.7,32.7,32.6,32.6,13739.47243015,448973.99999965
2026-06-14 21:00:00,32.5,32.5,32.5,32.5,636272.82037899,20678866.66231718
2026-06-14 21:15:00,32.5,32.5,32.5,32.5,59921.79998072,1947458.4993734
2026-06-14 21:30:00,32.5,32.5,32.4,32.4,256894.13973964,8331805.26006386
2026-06-14 21:45:00,32.4,32.4,32.2,32.4,201629.95632236,6529946.25884108
2026-06-14 22:00:00,32.3,32.3,32.3,32.3,51627.98796856,1667584.01138449
2026-06-14 22:15:00,32.3,32.3,32.3,32.3,1533.74233129,49539.87730067
2026-06-14 22:30:00,32.3,32.3,32.3,32.3,6191.95046439,199999.9999998
2026-06-14 22:45:00,32.3,32.4,32.3,32.3,7136.47419802,230538.57667465
2026-06-14 23:15:00,32.4,32.4,32.4,32.4,3086.41975308,99999.99999979
2026-06-14 23:30:00,32.3,32.3,31.9,31.9,361444.58765091,11584333.08534726
2026-06-14 23:45:00,31.9,31.9,31.9,31.9,28867.26228891,920865.66701623
2026-06-15 00:00:00,32.0,32.1,32.0,32.1,314705.77257815,10077934.31437153
2026-06-15 00:15:00,32.0,32.0,32.0,32.0,312500.0,10000000.0
2026-06-15 00:30:00,31.9,32.0,31.9,32.0,341688.13796694,10904020.41494208
2026-06-15 00:45:00,32.0,32.0,32.0,32.0,508745.13697873,16279844.38331936
2026-06-15 01:15:00,31.9,31.9,31.9,31.9,418.20794416,13340.8334187
2026-06-15 01:45:00,32.0,32.0,31.8,31.8,237741.67042379,7561220.14287391
2026-06-15 02:15:00,31.9,31.9,31.9,31.9,25851.06209102,824648.88070354
2026-06-15 02:45:00,32.0,32.0,31.9,31.9,34351.91211213,1099104.44777625
2026-06-15 03:00:00,31.9,31.9,31.9,31.9,6402.11560275,204227.48772773
2026-06-15 04:00:00,31.9,31.9,31.9,31.9,36902.6972,1177196.04068
2026-06-15 04:30:00,32.1,32.1,32.1,32.1,9341.1238306,299850.07496226
2026-06-15 05:00:00,32.1,32.1,32.1,32.1,65433.27102803,2100407.99999976
2026-06-15 06:15:00,32.8,33.0,32.8,33.0,337655.45112274,11091231.62203593
2026-06-15 06:30:00,33.1,33.8,33.1,33.7,604352.52814136,20248477.12356788
2026-06-15 06:45:00,33.7,34.2,33.7,33.8,776114.87628765,26360873.9019233
2026-06-15 07:00:00,33.7,33.9,33.6,33.7,200123.20537262,6750494.7665097
2026-06-15 07:15:00,33.8,33.9,33.7,33.8,1367352.36256822,46211468.27635356
2026-06-15 07:30:00,33.8,33.9,33.7,33.9,186605.76722947,6308014.84513695
2026-06-15 07:45:00,33.9,33.9,33.7,33.8,44673.90165982,1510165.03610192
2026-06-15 08:00:00,33.7,33.8,33.7,33.8,77328.79552935,2606954.79815489
2026-06-15 08:15:00,33.8,33.8,33.8,33.8,35381.26769948,1195886.84824242
2026-06-15 08:30:00,33.9,33.9,33.9,33.9,430980.51270823,14610239.380809
2026-06-15 08:45:00,33.9,34.0,33.8,34.0,418433.62494804,14174307.22543298
2026-06-15 09:00:00,34.0,34.0,33.9,34.0,477263.38764955,16219283.61486389
2026-06-15 09:15:00,34.1,34.1,34.0,34.0,78867.7407046,2682323.71181564
2026-06-15 09:30:00,33.9,34.0,33.8,33.8,119383.51859392,4048251.28033389
2026-06-15 09:45:00,33.7,33.7,33.6,33.6,570767.93678759,19179196.52620791
2026-06-15 10:00:00,33.5,33.5,33.4,33.5,107992.67822736,3607735.45279382
2026-06-15 10:15:00,33.5,33.6,33.5,33.5,282320.24200052,9482193.20185096
2026-06-15 10:30:00,33.5,33.7,33.5,33.6,196602.79093685,6605438.48201299
2026-06-15 10:45:00,33.7,33.7,33.7,33.7,45605.83050136,1536916.48789583
2026-06-15 11:00:00,33.7,33.8,33.7,33.8,58381.8122243,1969448.033179
2026-06-15 11:15:00,33.6,33.9,33.6,33.8,243194.58497325,8241445.3813021
2026-06-15 11:30:00,33.8,33.8,33.8,33.8,2958.57988165,99999.99999977
2026-06-15 11:45:00,33.7,33.7,33.5,33.5,750.47181009,25172.20563802
2026-06-15 12:00:00,33.6,33.8,33.6,33.8,177774.62865178,5984115.5314648
2026-06-15 12:15:00,33.8,33.8,33.7,33.7,163113.58695389,5501774.58859545
2026-06-15 12:30:00,33.8,33.9,33.8,33.9,192045.45510859,6492445.39072123
2026-06-15 12:45:00,34.0,34.0,34.0,34.0,158970.35591615,5404992.1011491
2026-06-15 13:00:00,34.0,34.0,33.9,33.9,42209.26600727,1435099.99999939
2026-06-15 13:15:00,33.8,33.8,33.8,33.8,18541.62228545,626706.83324821
2026-06-15 13:30:00,33.8,33.8,33.8,33.8,176.96153846,5981.29999995
2026-06-15 13:45:00,33.7,33.7,33.7,33.7,2000.0,67400.0
2026-06-15 14:00:00,33.7,33.7,33.6,33.6,39014.29559204,1311770.53960768
2026-06-15 14:15:00,33.6,33.7,33.6,33.7,191080.96413605,6422044.14545128
2026-06-15 14:30:00,33.7,33.7,33.5,33.5,374665.59977977,12594634.03015128
2026-06-15 14:45:00,33.5,33.5,33.4,33.5,489834.72503381,16368042.95416977
2026-06-15 15:00:00,33.5,33.6,33.4,33.6,111407.83341218,3735083.7155255
2026-06-15 15:15:00,33.6,33.6,33.6,33.6,15389.93658379,517101.86921534
2026-06-15 15:30:00,33.5,33.5,33.5,33.5,98644.86472434,3304602.96826539
2026-06-15 15:45:00,33.4,33.4,33.4,33.4,23625.3031211,789085.12424474
2026-06-15 16:00:00,33.4,33.4,33.4,33.4,39284.5023952,1312102.37999968
2026-06-15 16:15:00,33.5,33.5,33.5,33.5,154.80597014,5185.99999969
2026-06-15 16:30:00,33.5,33.5,33.4,33.4,14506.59985388,484704.95452258
2026-06-15 16:45:00,33.3,33.4,33.3,33.4,66875.80491313,2232338.26632647
2026-06-15 17:00:00,33.4,33.6,33.4,33.4,38252.79979876,1277673.27518334
2026-06-15 17:15:00,33.4,33.4,33.4,33.4,106022.93499421,3541166.02880661
2026-06-15 17:45:00,33.5,33.5,33.5,33.5,73967.74965671,2477919.61349979
2026-06-15 18:00:00,33.4,33.5,33.4,33.4,146909.7410278,4913266.66489512
2026-06-15 18:15:00,33.5,33.5,33.5,33.5,18348.51646545,614675.30159258
2026-06-15 18:30:00,33.4,33.5,33.4,33.4,180237.60632683,6020010.67818179
2026-06-15 18:45:00,33.3,33.3,33.3,33.3,665413.41269663,22158266.64279778
2026-06-15 19:15:00,33.5,33.5,33.5,33.5,298.50746268,9999.99999978
2026-06-15 19:30:00,33.4,33.4,33.4,33.4,2933.83070369,97989.94550325
2026-06-15 19:45:00,33.4,33.7,33.4,33.7,323078.57415184,10875670.41465265
2026-06-15 20:00:00,33.6,33.6,33.6,33.6,285298.51852453,9586030.22242421
2026-06-15 20:15:00,33.7,33.8,33.7,33.8,137612.70350509,4645590.31884018
2026-06-15 20:30:00,33.9,33.9,33.9,33.9,3946.90265486,133799.99999975
2026-06-15 20:45:00,33.9,34.0,33.9,34.0,219547.62912566,7448564.33237462
2026-06-15 21:00:00,33.9,34.0,33.9,34.0,356808.3733676,12124825.02217766
2026-06-15 21:15:00,34.0,34.2,33.9,34.2,337110.42043561,11490998.93023906
2026-06-15 21:30:00,34.2,34.7,34.2,34.6,415009.21356068,14274667.94885551
2026-06-15 21:45:00,34.6,34.7,34.3,34.3,1533194.43392014,52998717.32432932
2026-06-15 22:00:00,34.4,34.6,34.2,34.5,153972.05264941,5303525.86630907
2026-06-15 22:15:00,34.6,34.8,34.6,34.6,2292026.88073608,79537047.58719452
2026-06-15 22:30:00,34.6,34.9,34.6,34.6,1065379.41259569,36974072.29234852
2026-06-15 22:45:00,34.6,34.6,34.5,34.5,662582.39798476,22901793.06778075
2026-06-15 23:00:00,34.6,35.2,34.6,34.6,995803.21958852,34760627.5667181
2026-06-15 23:15:00,34.5,34.7,34.5,34.6,1357249.69609695,46943674.26252293
2026-06-15 23:30:00,34.6,34.6,34.5,34.5,418500.01636695,14440273.68604706
2026-06-15 23:45:00,34.5,34.6,34.5,34.6,151585.19185339,5230267.15362404
2026-06-16 00:00:00,34.6,34.6,34.5,34.5,269818.11898023,9308754.00655204
2026-06-16 00:15:00,34.5,34.5,34.4,34.4,55501.54245905,1914774.22932998
2026-06-16 00:30:00,34.4,34.5,34.3,34.5,390506.83283229,13400292.29006434
2026-06-16 00:45:00,34.5,34.7,34.5,34.6,851885.63314931,29526723.35112291
2026-06-16 01:00:00,34.6,34.7,34.6,34.6,244638.90304217,8464534.86370289
2026-06-16 01:15:00,34.8,34.9,34.6,34.7,404605.00912451,14092463.42672209
2026-06-16 01:30:00,34.6,34.7,34.6,34.7,13909.41534475,482569.88239076
2026-06-16 01:45:00,34.6,34.6,34.6,34.6,28901.73410404,999999.99999978
2026-06-16 02:00:00,34.3,34.4,34.3,34.3,236489.79162003,8111618.74791587
2026-06-16 02:15:00,34.3,34.3,34.3,34.3,29154.51895044,1000000.00000009
2026-06-16 02:30:00,34.2,34.4,34.2,34.4,1915.09608212,65613.12903176
2026-06-16 02:45:00,34.4,34.5,34.3,34.3,35246.54075378,1209072.8678496
2026-06-16 03:00:00,34.3,34.3,34.3,34.3,4471.60349854,153375.99999992
2026-06-16 03:15:00,34.2,34.2,34.2,34.2,475087.71929823,16247999.99999947
2026-06-16 03:30:00,34.1,34.3,34.1,34.3,3388.96247939,115622.04037227
2026-06-16 03:45:00,34.3,34.3,34.1,34.2,327352.4289654,11192634.04117895
2026-06-16 04:00:00,34.2,34.2,34.1,34.1,2074.57426963,70919.47674643
2026-06-16 04:15:00,34.2,34.2,33.9,34.0,13408.45555333,455975.9516813
2026-06-16 04:45:00,33.9,33.9,33.8,33.8,706115.10554808,23870184.29732047
2026-06-16 05:00:00,33.8,33.8,33.8,33.8,15182.5967,513171.76846
2026-06-16 05:15:00,33.8,33.8,33.8,33.8,32647.07515523,1103471.14024677
2026-06-16 05:45:00,33.8,33.8,33.8,33.8,159007.2792,5374446.03696
2026-06-16 06:00:00,33.8,33.8,33.7,33.8,86284.18940471,2908504.62486882
2026-06-16 06:15:00,33.9,34.0,33.9,34.0,16512.43630573,561391.29076425
2026-06-16 06:30:00,33.7,33.9,33.7,33.9,25425.56221568,859676.13198338
2026-06-16 06:45:00,33.9,33.9,33.9,33.9,48934.02423797,1658863.42166718
2026-06-16 07:00:00,34.0,34.0,34.0,34.0,261367.5996,8886498.3864
2026-06-16 07:15:00,34.0,34.0,33.8,33.9,156965.00699281,5333853.7703606
2026-06-16 07:30:00,33.8,33.9,33.8,33.8,9448.25539786,319705.01474855
2026-06-16 07:45:00,33.6,33.7,33.6,33.7,61905.30482429,2080107.26286766
2026-06-16 08:00:00,33.6,33.6,33.5,33.6,88750.40571487,2981801.21106383
2026-06-16 08:15:00,33.7,33.7,33.7,33.7,296.73590504,9999.99999985
2026-06-16 08:30:00,33.8,33.9,33.8,33.9,33215.82193467,1124169.70764553
2026-06-16 08:45:00,34.0,34.1,34.0,34.1,7767.44843032,264840.57970921
2026-06-16 09:00:00,34.1,34.1,33.9,33.9,51237.67870162,1737690.53206634
2026-06-16 09:15:00,34.0,34.0,34.0,34.0,1588.23529411,53999.99999974
2026-06-16 09:30:00,33.9,33.9,33.9,33.9,294.11764705,9970.588235
2026-06-16 09:45:00,34.1,34.1,34.1,34.1,126366.52363543,4309098.45596816
2026-06-16 10:00:00,34.1,34.1,34.1,34.1,87976.53958944,2999999.9999999
2026-06-16 10:15:00,33.9,33.9,33.9,33.9,8793.33194759,298093.9530233
2026-06-16 10:45:00,33.8,33.8,33.8,33.8,29585.79881656,999999.99999973
2026-06-16 11:00:00,33.7,33.7,33.5,33.5,295008.45066626,9886446.60530017
2026-06-16 11:15:00,33.6,33.6,33.3,33.3,692998.83502867,23180954.26809345
2026-06-16 11:30:00,33.4,33.4,33.2,33.4,110117.0195301,3663046.87374958
2026-06-16 11:45:00,33.4,33.4,33.2,33.2,28706.38364595,955822.26392032
2026-06-16 12:00:00,33.4,33.5,33.4,33.5,832473.10552179,27804631.57517406
2026-06-16 12:15:00,33.5,33.9,33.5,33.9,41704.18488655,1411728.49219165
2026-06-16 12:30:00,34.0,34.1,34.0,34.1,383557.06756805,13052640.97276263
2026-06-16 12:45:00,34.2,34.2,34.1,34.1,30292.39766082,1033000.00000004
2026-06-16 13:00:00,34.2,34.2,34.2,34.2,11010.22588121,376549.72513738
2026-06-16 13:15:00,34.2,34.2,34.1,34.1,3099.41520467,105982.45614007
2026-06-16 13:30:00,34.1,34.1,34.0,34.0,3107.98991613,105964.91228038
2026-06-16 13:45:00,33.9,33.9,33.9,33.9,7381.982817,250249.2174963
2026-06-16 14:00:00,34.0,34.2,34.0,34.2,355964.01866301,12135019.33790462
2026-06-16 14:15:00,34.2,34.3,34.2,34.2,91558.68988838,3131336.34870155
2026-06-16 14:30:00,34.1,34.2,34.1,34.2,172501.85473288,5898677.95693729
2026-06-16 15:00:00,34.1,34.1,34.1,34.1,29841.64076765,1017599.95017687
2026-06-16 15:15:00,34.2,34.2,34.0,34.2,114270.99083357,3907089.28650809
2026-06-16 15:30:00,34.3,34.4,34.3,34.3,129410.02443321,4441670.81480329
2026-06-16 15:45:00,34.3,34.3,34.2,34.2,14686.88056793,503227.95823719
2026-06-16 16:15:00,34.4,34.4,34.4,34.4,228882.77128807,7873567.33230961
2026-06-16 16:30:00,34.4,34.6,34.4,34.5,680446.45675119,23412051.82239442
2026-06-16 16:45:00,34.5,34.5,34.5,34.5,131093.76035599,4522734.73228166
2026-06-16 17:00:00,34.5,34.5,34.4,34.4,510551.93821516,17564974.695621
2026-06-16 17:15:00,34.5,34.6,34.5,34.6,89885.81811982,3108908.69295789
2026-06-16 17:30:00,34.5,34.8,34.5,34.8,6994.3009966,241573.295977
2026-06-16 17:45:00,34.7,34.7,34.7,34.7,434.78260873,15086.95652293
2026-06-16 18:00:00,34.8,34.8,34.6,34.6,226456.5962557,7868104.23632816
2026-06-16 18:15:00,34.6,34.6,34.6,34.6,89024.04289183,3080231.88405732
2026-06-16 18:30:00,34.6,34.6,34.6,34.6,18381.93560201,636014.97182955
2026-06-16 18:45:00,34.6,34.8,34.6,34.8,246640.71021958,8578230.16536128
2026-06-16 19:00:00,34.9,35.0,34.8,34.8,13389.208814,467254.86937487
2026-06-16 19:15:00,35.0,35.1,34.9,35.1,609159.42132745,21345058.74194016
2026-06-16 19:30:00,35.2,35.2,35.1,35.1,45537.46627294,1599910.43301535
2026-06-16 19:45:00,35.1,35.2,35.1,35.2,114814.65697149,4038281.08201385
2026-06-16 20:00:00,35.2,35.2,34.9,34.9,166186.90707114,5823323.09546632
2026-06-16 20:15:00,35.1,35.1,35.1,35.1,89071.67356492,3126415.74212869
2026-06-16 20:30:00,35.2,35.3,35.2,35.2,79587.94866706,2801581.26454955
2026-06-16 20:45:00,35.3,35.6,35.3,35.6,80387.77050968,2845640.60407787
2026-06-16 21:00:00,35.4,35.7,35.3,35.7,251580.68533699,8909228.66811544
2026-06-16 21:15:00,35.6,35.8,35.6,35.8,480171.18762911,17181596.74141598
2026-06-16 21:30:00,35.8,35.9,35.4,35.4,344907.2044086,12316347.86424394
2026-06-16 21:45:00,35.3,35.6,35.3,35.6,1309868.56596905,46436705.38204726
2026-06-16 22:00:00,35.7,35.9,35.0,35.0,1340249.76855704,47653524.5927971
2026-06-16 22:15:00,35.2,35.2,34.9,35.0,302599.13554521,10607113.34571797
2026-06-16 22:30:00,34.9,35.0,34.7,35.0,459134.27818797,15975762.86548999
2026-06-16 22:45:00,35.1,35.1,34.9,34.9,90050.86702838,3142878.11643332
2026-06-16 23:00:00,35.0,35.0,35.0,35.0,245533.97283225,8593689.04912875
2026-06-16 23:15:00,34.6,34.6,34.2,34.2,851642.82943649,29389249.74804814
2026-06-16 23:30:00,34.2,34.4,34.2,34.4,593255.80578292,20298808.21209066
2026-06-16 23:45:00,34.3,34.4,34.1,34.1,11687.74130213,400543.94607661
2026-06-17 00:00:00,34.5,34.5,34.4,34.5,51019.26030575,1757240.50394019
2026-06-17 00:15:00,34.5,34.5,34.3,34.4,158868.02846699,5468465.92320539
2026-06-17 00:30:00,34.6,34.6,34.6,34.6,22671.31987728,784427.66775389
2026-06-17 00:45:00,34.8,35.4,34.7,35.1,460243.54225588,16172886.14158422
2026-06-17 01:00:00,34.8,34.8,34.8,34.8,3761.0969,130886.17212
2026-06-17 01:15:00,34.6,34.6,34.6,34.6,69611.78055368,2408567.60715733
2026-06-17 01:30:00,34.5,34.5,34.5,34.5,162054.4485516,5590878.4750302
2026-06-17 01:45:00,34.4,34.4,34.4,34.4,6327.49810489,217665.93480822
2026-06-17 02:00:00,34.3,34.4,34.3,34.3,92781.28301853,3189084.05404721
2026-06-17 02:15:00,34.4,34.4,34.4,34.4,21887.20099567,752919.71425105
2026-06-17 03:00:00,34.9,34.9,34.8,34.8,39701.19183548,1383359.4758747
2026-06-17 03:15:00,34.9,34.9,34.8,34.8,2104.71515494,73381.39999936
2026-06-17 03:30:00,34.8,34.8,34.8,34.8,36849.50276153,1282362.69610124
2026-06-17 03:45:00,34.8,34.8,34.8,34.8,35490.0,1235052.0
2026-06-17 04:30:00,34.8,34.8,34.8,34.8,14619.883,508771.9284
2026-06-17 05:00:00,34.8,34.8,34.8,34.8,4.093e-05,0.00142436
2026-06-17 05:15:00,35.0,35.0,34.8,34.8,53967.78753479,1888757.62118892
2026-06-17 06:00:00,34.9,34.9,34.9,34.9,30421.16269407,1061698.57802304
2026-06-17 06:15:00,34.8,34.8,34.8,34.8,24425.28735633,850000.00000028
2026-06-17 06:30:00,34.8,34.8,34.8,34.8,15084.45521837,524939.04159928
2026-06-17 06:45:00,34.8,34.9,34.8,34.9,175989.25887478,6126276.70422341
2026-06-17 07:00:00,34.9,34.9,34.7,34.7,41437.16137078,1445629.8268555
2026-06-17 07:15:00,34.8,35.0,34.8,35.0,207680.27414862,7258130.98022348
2026-06-17 07:30:00,35.0,35.1,35.0,35.0,147250.83593916,5153807.82929917
2026-06-17 07:45:00,34.9,34.9,34.9,34.9,317572.66976497,11083286.17479745
2026-06-17 08:00:00,34.9,35.0,34.9,35.0,33057.94239732,1154199.41247763
2026-06-17 08:15:00,35.0,35.0,35.0,35.0,90475.14820023,3166630.18700805
2026-06-17 08:30:00,35.0,35.0,34.8,34.8,17241.94880263,601734.10404581
2026-06-17 08:45:00,34.7,34.8,34.6,34.8,190077.68187065,6604968.21507561
2026-06-17 09:00:00,34.7,34.8,34.7,34.8,160943.96458483,5585576.0073005
2026-06-17 09:15:00,34.8,34.8,34.8,34.8,88983.59403024,3096629.07225235
2026-06-17 09:30:00,34.7,34.7,34.7,34.7,2104.71515494,73033.61587642
2026-06-17 09:45:00,34.7,34.8,34.7,34.7,1016903.30196873,35375142.82804064
2026-06-17 10:00:00,34.6,34.9,34.6,34.9,6476.741404,224181.3499996
2026-06-17 10:15:00,34.8,34.8,34.6,34.6,21709.75179957,751450.29732259
2026-06-17 10:30:00,34.6,34.6,34.6,34.6,20073.54099999,694544.51859965
2026-06-17 10:45:00,34.7,34.8,34.7,34.8,447985.03674664,15546212.21468223
2026-06-17 11:00:00,34.9,34.9,34.9,34.9,17898.96848137,624673.99999981
2026-06-17 11:15:00,34.8,34.8,34.8,34.8,299552.61530211,10424431.01251343
2026-06-17 11:30:00,34.7,34.7,34.0,34.2,1447412.47355324,49434811.28899767
2026-06-17 11:45:00,34.2,34.3,34.2,34.3,239423.71761253,8202767.58332617
2026-06-17 12:00:00,34.3,34.4,34.3,34.4,187776.29685471,6440787.99532433
2026-06-17 12:15:00,34.3,34.3,34.2,34.2,130236.22348727,4466839.30771863
2026-06-17 12:30:00,34.3,34.4,34.3,34.4,55142.38649451,1891675.65618029
2026-06-17 12:45:00,34.4,34.4,34.3,34.3,149390.8089578,5124628.62515951
2026-06-17 13:00:00,34.3,34.3,34.3,34.3,97965.72197183,3360224.26363377
2026-06-17 13:15:00,34.2,34.3,34.2,34.3,59307.70253397,2028549.12637023
2026-06-17 13:30:00,34.2,34.2,34.2,34.2,159120.31039873,5441914.61563657
2026-06-17 13:45:00,34.2,34.2,34.2,34.2,23092.41930758,789760.74031924
2026-06-17 14:00:00,34.2,34.2,33.6,33.7,1311328.02020045,44297757.65400517
2026-06-17 14:15:00,33.6,33.7,33.5,33.6,336574.42477156,11307757.33969421
2026-06-17 14:30:00,33.6,33.7,33.6,33.6,933714.89500345,31374820.47211592
2026-06-17 14:45:00,33.6,33.7,33.5,33.5,84484.19840731,2839840.96555721
2026-06-17 15:00:00,33.7,33.7,33.7,33.7,15147.05084162,510455.61336259
2026-06-17 15:15:00,33.7,33.7,33.5,33.5,69734.70620523,2336460.5218477
2026-06-17 15:30:00,33.4,33.5,33.3,33.5,580602.93246736,19407071.02299511
2026-06-17 15:45:00,33.4,33.4,33.4,33.4,6030.93814474,201433.33403432
2026-06-17 16:00:00,33.4,33.4,33.4,33.4,84390.52202147,2818643.4355171
2026-06-17 16:15:00,33.6,33.6,33.3,33.3,203744.79988718,6820412.75419247
2026-06-17 16:30:00,33.3,33.3,33.3,33.3,273037.6969155,9092155.30728615
2026-06-17 16:45:00,33.4,33.5,33.3,33.3,721603.66108719,24038862.94452525
2026-06-17 17:00:00,33.4,33.5,33.3,33.4,310267.59586989,10362037.24541035
2026-06-17 17:15:00,33.3,33.3,33.3,33.3,56191.08070315,1871162.9874149
2026-06-17 17:30:00,33.3,33.4,33.1,33.1,499812.14736335,16620970.99934815
2026-06-17 17:45:00,33.0,33.0,32.8,33.0,527836.90482721,17394865.12804907
2026-06-17 18:00:00,33.0,33.0,32.8,32.8,271060.30111229,8891842.94508614
2026-06-17 18:15:00,32.9,33.1,32.9,33.0,334125.64271212,11004366.79215476
2026-06-17 18:30:00,33.1,33.1,33.0,33.0,281126.86042536,9289593.28527555
2026-06-17 18:45:00,33.1,33.1,32.9,32.9,782789.86576057,25778004.20697297
2026-06-17 19:00:00,32.9,32.9,32.6,32.8,874411.87203986,28653550.51398529
2026-06-17 19:15:00,32.8,32.9,32.8,32.9,157577.06078385,5182760.90954476
2026-06-17 19:30:00,33.1,33.1,32.9,32.9,546350.94453415,17999664.18612981
2026-06-17 19:45:00,32.9,32.9,32.7,32.7,150187.51207215,4920247.60628351
2026-06-17 20:00:00,32.7,32.8,32.6,32.8,359511.0568316,11743978.25508314
2026-06-17 20:15:00,32.6,32.8,32.6,32.8,39758.58100587,1296319.74079136
2026-06-17 20:30:00,32.8,32.8,32.7,32.8,489856.08414337,16019319.32961044
2026-06-17 20:45:00,32.7,32.9,32.7,32.9,239963.04603026,7891870.26462406
2026-06-17 21:00:00,32.8,32.9,32.8,32.9,274248.22489582,8995402.63372575
2026-06-17 21:15:00,33.0,33.0,32.8,32.8,68268.50716597,2245983.43911492
2026-06-17 21:30:00,32.8,32.9,32.8,32.9,75509.63734954,2477527.06346264
2026-06-17 21:45:00,33.0,33.1,33.0,33.1,24327.38960303,804968.25704811
2026-06-17 22:00:00,33.1,33.1,33.1,33.1,4072.37680313,134795.6721836
2026-06-17 22:15:00,33.0,33.0,32.7,32.8,633158.09540187,20833292.04941844
2026-06-17 22:30:00,32.7,32.8,32.7,32.8,205170.95607691,6716474.1264034
2026-06-17 22:45:00,33.1,33.1,32.9,32.9,238378.81850804,7849980.7586193
2026-06-17 23:00:00,32.9,33.0,32.9,33.0,459153.41654406,15152017.13805125
2026-06-17 23:15:00,33.0,33.0,33.0,33.0,70587.19125285,2329377.31134405
2026-06-17 23:30:00,33.0,33.0,33.0,33.0,39741.12605817,1311457.15991961
2026-06-17 23:45:00,32.9,33.0,32.7,33.0,624233.7731707,20504186.36081818
2026-06-18 00:00:00,33.0,33.1,32.9,33.0,487345.22260807,16081338.1484979
2026-06-18 00:15:00,33.1,33.2,33.1,33.2,168630.6594512,5589812.28981445
2026-06-18 00:30:00,33.3,33.6,33.3,33.5,724023.05360796,24182794.89082851
2026-06-18 00:45:00,33.5,33.6,33.4,33.5,318509.96654537,10661355.53574983
2026-06-18 01:00:00,33.5,33.6,33.5,33.5,108698.5572567,3644623.48873675
2026-06-18 01:15:00,33.5,33.7,33.5,33.7,1470698.87289172,49381916.28442159
2026-06-18 01:30:00,33.6,33.7,33.5,33.7,1286547.75928265,43229806.74831879
2026-06-18 01:45:00,33.7,33.7,33.5,33.5,43788.39603122,1471270.59734187
2026-06-18 02:00:00,33.5,33.6,33.5,33.5,481628.27294012,16136965.32725928
2026-06-18 02:15:00,33.6,33.6,33.6,33.6,24258.83723082,815096.93095555
2026-06-18 02:30:00,33.7,33.8,33.7,33.7,26817.48429976,904341.41001446
2026-06-18 02:45:00,33.8,33.8,33.6,33.7,57432.90990195,1932726.62134506
2026-06-18 03:00:00,33.5,33.5,33.2,33.2,139633.69691814,4673688.41756091
2026-06-18 03:30:00,33.4,33.5,33.4,33.5,31630.42804861,1056683.16249522
2026-06-18 03:45:00,33.6,33.7,33.6,33.7,29852.16193303,1006000.00000025
2026-06-18 04:00:00,33.4,33.5,33.1,33.5,338187.06958225,11271051.84723882
2026-06-18 04:15:00,33.3,33.3,33.0,33.0,45263.34939339,1497897.25362733
2026-06-18 04:30:00,32.9,32.9,32.7,32.7,394978.59426425,12928339.68752504
2026-06-18 04:45:00,32.8,32.9,32.8,32.9,78642.24488377,2579492.98781076
2026-06-18 05:30:00,32.7,32.8,32.7,32.7,72818.38953083,2381261.33765814
2026-06-18 05:45:00,32.6,32.8,32.6,32.8,152458.94433041,4976469.8620439
2026-06-18 06:00:00,32.8,32.9,32.8,32.9,72372.00820668,2373984.23999977
2026-06-18 06:15:00,32.8,32.8,32.8,32.8,41570.46881024,1363511.37697587
2026-06-18 06:30:00,32.8,32.8,32.7,32.7,28031.10943377,916647.76628916
2026-06-18 06:45:00,32.7,32.7,32.6,32.6,29546.64362153,963375.26849977
2026-06-18 07:00:00,32.6,32.6,32.5,32.6,355117.87458047,11576424.43969332
2026-06-18 07:15:00,32.6,32.8,32.6,32.8,208464.89956691,6835234.9267635
2026-06-18 07:45:00,32.9,32.9,32.8,32.8,336559.23036237,11055217.12518665
2026-06-18 08:00:00,32.9,32.9,32.9,32.9,303.95136778,9999.99999996
2026-06-18 08:15:00,32.8,33.0,32.7,32.7,23737.05600787,778544.29999948
2026-06-18 08:45:00,32.8,33.0,32.8,33.0,315909.9812868,10408420.80124835
2026-06-18 09:00:00,32.8,32.9,32.8,32.9,65928.99263191,2163672.2784486
2026-06-18 09:15:00,33.0,33.0,32.9,32.9,17211.76679539,566991.34424787
2026-06-18 09:30:00,32.9,32.9,32.9,32.9,38085.07366329,1252998.92352224
2026-06-18 09:45:00,32.8,32.8,32.7,32.7,296506.05540494,9707264.51009179
2026-06-18 10:00:00,32.9,32.9,32.9,32.9,1221.39966808,40184.04907983
2026-06-18 10:15:00,32.9,32.9,32.7,32.7,2500544.64064919,81801574.85973644
2026-06-18 10:30:00,32.7,32.7,32.6,32.6,1027294.70013259,33574441.03923671
2026-06-18 10:45:00,32.6,32.7,32.6,32.7,213199.22612123,6971320.91291567
2026-06-18 11:15:00,32.7,32.7,32.7,32.7,12000.0,392400.0
2026-06-18 11:30:00,32.7,32.7,32.7,32.7,6000.0,196200.0
2026-06-18 11:45:00,32.7,32.7,32.7,32.7,8801.63499971,287813.46449052
2026-06-18 12:00:00,32.7,32.7,32.6,32.6,30864.19753086,1008371.84162203
2026-06-18 12:15:00,32.6,32.7,32.6,32.7,204371.01389057,6677110.62883663
2026-06-18 12:30:00,32.6,32.6,32.5,32.5,425130.7382561,13842696.0322714
2026-06-18 12:45:00,32.4,32.6,32.4,32.4,385759.80947134,12498872.94164532
2026-06-18 13:00:00,32.3,32.4,32.1,32.2,713076.25803605,23007996.83070192
2026-06-18 13:15:00,32.2,32.2,32.1,32.1,56115.32420982,1805207.54405037
2026-06-18 13:30:00,32.1,32.1,32.1,32.1,58547.08869143,1879361.5469949
2026-06-18 13:45:00,32.1,32.1,32.0,32.1,219274.36590635,7021695.6285782
2026-06-18 14:00:00,32.1,32.1,31.8,31.9,140887.70051147,4486232.90456632
2026-06-18 14:15:00,32.1,32.1,31.9,31.9,170644.19225633,5474702.380952
2026-06-18 14:30:00,31.8,31.8,31.8,31.8,20433.69293414,649791.43530565
2026-06-18 14:45:00,32.1,32.1,32.1,32.1,159022.57593944,5104624.68765602
2026-06-18 15:30:00,32.1,32.1,32.1,32.1,4984.42367601,159999.99999992
2026-06-18 15:45:00,32.2,32.2,32.2,32.2,5367.93333364,172847.45334321
2026-06-18 16:00:00,32.2,32.4,32.2,32.3,213280.36964969,6897313.52435136
2026-06-18 16:15:00,32.3,32.5,32.3,32.4,58436.24695429,1894900.46544381
2026-06-18 16:30:00,32.5,32.6,32.5,32.6,22590.42676757,736447.9126221
2026-06-18 16:45:00,32.7,32.9,32.7,32.7,225621.0211065,7402249.86468258
2026-06-18 17:00:00,32.7,32.7,32.6,32.6,186567.27355393,6090601.5956346
2026-06-18 17:15:00,32.6,32.8,32.6,32.7,1041255.7727156,33973761.78496487
2026-06-18 17:45:00,32.6,32.7,32.6,32.6,106304.69257186,3466486.64756741
2026-06-18 18:00:00,32.5,32.5,32.4,32.4,88256.95233834,2867563.97796457
2026-06-18 18:15:00,32.5,32.5,32.5,32.5,6342.69537618,206137.59972585
2026-06-18 18:30:00,32.4,32.6,32.4,32.6,21962.85450652,714218.58311834
2026-06-18 18:45:00,32.6,32.6,32.6,32.6,6134.96932515,199999.99999989
2026-06-18 19:00:00,32.4,32.4,32.4,32.4,12585.20893868,407760.76961323
2026-06-18 19:15:00,32.3,32.3,32.2,32.2,125679.11793688,4047024.57762452
2026-06-18 19:30:00,32.2,32.2,32.2,32.2,52795.03105591,1700000.0000003
2026-06-18 19:45:00,32.2,32.2,32.2,32.2,51524.49004956,1659088.57959583
2026-06-18 20:00:00,32.2,32.2,32.2,32.2,522089.4832087,16811281.35932014
2026-06-18 20:15:00,32.2,32.2,32.1,32.1,5994.00633668,192718.16241364
2026-06-18 20:30:00,32.0,32.0,32.0,32.0,16794.25657556,537416.21041792
2026-06-18 21:00:00,32.2,32.2,32.0,32.0,42682.78609374,1372397.08663556
2026-06-18 21:15:00,32.0,32.2,32.0,32.2,33709.98662718,1079461.5893952
2026-06-18 21:30:00,32.4,32.4,32.3,32.3,39858.5462207,1288987.23088401
2026-06-18 21:45:00,32.3,32.3,32.3,32.3,24296.66666666,784782.33333312
2026-06-18 22:15:00,32.4,32.4,32.3,32.3,2253.08641974,72929.01234526
2026-06-18 22:45:00,32.0,32.1,32.0,32.1,347373.80645467,11128449.48171497
2026-06-18 23:00:00,32.0,32.1,32.0,32.1,1954.05008805,62707.66954747
2026-06-18 23:15:00,32.1,32.1,32.1,32.1,3115.2647975,99999.99999975
2026-06-18 23:30:00,32.1,32.2,32.1,32.2,470524.32220196,15118252.92289716
2026-06-18 23:45:00,32.0,32.0,32.0,32.0,198792.20299512,6361350.49584384
2026-06-19 00:00:00,32.0,32.0,31.9,31.9,13905.21740387,444201.27901154
2026-06-19 00:15:00,31.9,31.9,31.8,31.8,554949.24471327,17648308.82333511
2026-06-19 00:30:00,31.8,31.8,31.4,31.4,889384.03498241,28017222.15717179
2026-06-19 00:45:00,31.4,31.5,31.1,31.3,685368.612406,21395769.20884553
2026-06-19 01:00:00,31.3,31.5,31.3,31.5,217892.05887497,6827783.02975512
2026-06-19 01:15:00,31.5,31.5,31.5,31.5,20111.09524602,633499.50024963
2026-06-19 01:30:00,31.4,31.5,31.4,31.5,4777.77033757,150053.83573346
2026-06-19 01:45:00,31.5,31.5,31.5,31.5,119251.7396165,3756429.79791975
2026-06-19 02:00:00,31.5,31.5,31.4,31.4,3195.94359607,100672.22327491
2026-06-19 02:15:00,31.4,31.4,31.4,31.4,453764.07337732,14248191.90404785
2026-06-19 02:45:00,31.4,31.4,31.4,31.4,7810.85236453,245260.76424624
2026-06-19 03:00:00,31.4,31.4,31.4,31.4,15915.60907444,499750.12493742
2026-06-19 03:15:00,31.6,31.6,31.6,31.6,28466.77926859,899550.22488744
2026-06-19 03:30:00,31.5,31.5,31.5,31.5,6980.0,219870.0
2026-06-19 03:45:00,31.4,31.4,31.4,31.4,25342.9,795767.06
2026-06-19 04:00:00,31.6,31.6,31.4,31.5,468825.15158958,14730608.72752766
2026-06-19 04:30:00,31.7,31.7,31.7,31.7,285.71428571,9057.14285701
2026-06-19 04:45:00,31.7,31.7,31.7,31.7,17628.614286,558827.0728662
2026-06-19 05:00:00,31.8,31.9,31.8,31.9,5480.9583832,174537.73113403
2026-06-19 05:45:00,31.9,31.9,31.9,31.9,3134.79623824,99999.99999986
2026-06-19 06:00:00,31.8,31.8,31.8,31.8,85258.07974124,2711206.93577143
2026-06-19 06:15:00,31.8,31.8,31.8,31.8,3144.65408805,99999.99999999
2026-06-19 06:45:00,31.7,31.8,31.7,31.8,314897.89696346,10013709.87462219
2026-06-19 07:30:00,31.6,31.6,31.6,31.6,14776.99471301,466953.03293112
2026-06-19 07:45:00,31.8,31.8,31.8,31.8,163215.49469913,5190252.73143233
2026-06-19 08:00:00,31.8,31.9,31.8,31.9,2085.92378604,66493.2666782
2026-06-19 08:15:00,31.8,31.8,31.8,31.8,79152.13339913,2517037.84209233
2026-06-19 08:30:00,31.9,31.9,31.7,31.7,17884.05877511,568495.01864505
2026-06-19 08:45:00,31.8,31.8,31.8,31.8,2722.88135593,86587.62711857
2026-06-19 09:00:00,31.8,31.9,31.8,31.9,49802.62435771,1588382.53444057
2026-06-19 09:15:00,31.9,31.9,31.8,31.9,220503.55444274,7033969.04710077
2026-06-19 09:30:00,31.9,31.9,31.9,31.9,215681.02495617,6880224.69610182
2026-06-19 09:45:00,31.9,32.0,31.9,32.0,37600.43038824,1199924.03798056
2026-06-19 10:00:00,32.0,32.0,32.0,32.0,35901.89280359,1148860.56971488
2026-06-19 10:15:00,31.8,31.8,31.8,31.8,20448.45758938,650260.95134228
2026-06-19 10:30:00,31.8,31.8,31.8,31.8,240964.62669391,7662675.12886634
2026-06-19 10:45:00,31.8,31.8,31.8,31.8,64175.18031246,2040770.73393623
2026-06-19 11:00:00,31.8,31.8,31.8,31.8,6500.0,206700.0
2026-06-19 11:15:00,31.8,31.8,31.7,31.7,41920.16305926,1330264.52790285
2026-06-19 11:30:00,31.7,31.7,31.7,31.7,14388.63399625,456119.69768113
2026-06-19 11:45:00,31.7,31.7,31.7,31.7,34800.33656136,1103170.66899511
2026-06-19 12:00:00,31.9,31.9,31.6,31.6,197744.04710692,6287528.59619444
2026-06-19 12:15:00,31.5,31.5,31.4,31.4,552412.92326019,17346264.99671917
2026-06-19 12:30:00,31.4,31.4,31.4,31.4,42393.14004827,1331144.59751568
2026-06-19 12:45:00,31.4,31.4,31.4,31.4,2488.78101888,78147.72399283
2026-06-19 13:00:00,31.4,31.4,31.3,31.4,228197.77893957,7164834.29384627
2026-06-19 13:15:00,31.4,31.4,31.4,31.4,160144.26285902,5028529.85377323
2026-06-19 13:30:00,31.4,31.4,31.1,31.2,235895.65100497,7342000.21742176
2026-06-19 13:45:00,31.2,31.2,31.0,31.0,122656.66337627,3811138.86722847
2026-06-19 14:00:00,31.0,31.3,31.0,31.3,26907.42297703,837140.35087695
2026-06-19 14:45:00,31.3,31.3,31.1,31.1,49520.76677315,1541054.31309864
2026-06-19 15:00:00,31.4,31.4,31.2,31.2,403.22818422,12616.10151327
2026-06-19 15:15:00,31.3,31.4,31.3,31.4,121269.59962109,3796056.96814012
2026-06-19 15:30:00,31.3,31.3,31.3,31.3,11437.6485623,357998.39999999
2026-06-19 15:45:00,31.3,31.3,31.3,31.3,175.71884984,5499.99999999
2026-06-19 16:00:00,31.3,31.4,31.3,31.3,69132.07153284,2164170.82718976
2026-06-19 16:15:00,31.3,31.3,31.3,31.3,3194.88817891,99999.99999988
2026-06-19 16:30:00,31.3,31.3,31.2,31.2,11900.97756249,371789.69994969
2026-06-19 17:15:00,31.2,31.2,31.1,31.1,53491.10718252,1664958.19001766
2026-06-19 18:00:00,31.1,31.1,31.1,31.1,24470.83692879,761043.02848537
2026-06-19 18:15:00,31.1,31.1,30.9,30.9,1196844.47578761,36995387.00936515
2026-06-19 18:30:00,31.1,31.1,31.0,31.1,153492.4987434,4771689.89445376
2026-06-19 18:45:00,31.0,31.0,31.0,31.0,1153.18487545,35748.73113895
2026-06-19 19:00:00,31.0,31.0,30.9,30.9,37807.53709811,1170248.82816663
2026-06-19 19:15:00,30.9,30.9,30.9,30.9,2597.4025974,80259.74025966
2026-06-19 19:30:00,31.0,31.0,30.9,30.9,17361.43044875,538068.94743786
2026-06-19 19:45:00,30.9,31.1,30.9,31.1,443097.91067029,13774161.66211523
2026-06-19 20:00:00,31.1,31.1,31.1,31.1,941.81205217,29290.35482249
2026-06-19 20:15:00,31.1,31.1,31.1,31.1,23800.15779891,740184.9075461
2026-06-19 20:30:00,31.1,31.1,30.9,30.9,30559.87055016,949699.99999994
2026-06-19 20:45:00,31.1,31.1,31.1,31.1,964.63022508,29999.99999999
2026-06-19 21:00:00,31.0,31.0,31.0,31.0,74739.98048343,2316939.39498633
2026-06-19 21:15:00,31.0,31.0,30.9,30.9,274149.61078309,8471722.97319748
2026-06-19 21:30:00,30.9,31.1,30.9,31.1,899534.81537505,27966838.71470319
2026-06-19 21:45:00,31.0,31.3,31.0,31.3,1793686.96078199,55787770.676934
2026-06-19 22:00:00,31.3,31.3,31.3,31.3,34799.48881789,1089223.99999996
2026-06-19 22:15:00,31.2,31.2,31.2,31.2,21878.325808,682603.7652096
2026-06-19 22:30:00,31.1,31.2,31.1,31.2,112226.01812811,3500861.33177666
2026-06-19 22:45:00,31.5,31.8,31.5,31.6,49079.03868308,1554517.1324194
2026-06-19 23:00:00,31.4,31.5,31.4,31.5,169437.07368913,5324155.19217182
2026-06-19 23:15:00,31.4,31.4,31.2,31.2,82847.72222889,2596810.71698086
2026-06-19 23:30:00,31.3,31.3,31.3,31.3,72780.91475,2278042.631675
2026-06-20 00:15:00,31.3,31.3,31.3,31.3,87855.6886735,2749883.05548055
2026-06-20 00:30:00,31.3,31.3,31.3,31.3,7987.22044727,249999.99999955
2026-06-20 00:45:00,31.2,31.2,31.1,31.1,481573.59179955,14977876.79086344
2026-06-20 01:15:00,31.1,31.1,31.1,31.1,6249.63163976,194363.54399654
2026-06-20 01:30:00,31.3,31.3,31.2,31.2,319671.39581058,10005197.00552115
2026-06-20 01:45:00,31.2,31.2,31.1,31.1,391483.15683181,12190662.73487339
2026-06-20 02:00:00,31.1,31.1,31.1,31.1,204341.65656784,6355025.51925982
2026-06-20 02:15:00,31.1,31.1,31.1,31.1,267631.74760843,8323347.35062217
2026-06-20 02:30:00,31.1,31.1,31.1,31.1,163618.25385706,5088527.69495457
2026-06-20 02:45:00,31.2,31.2,31.2,31.2,325.264888,10148.2645056
2026-06-20 04:00:00,31.1,31.1,31.1,31.1,237399.53494818,7383125.5368884
2026-06-20 04:15:00,31.1,31.1,31.1,31.1,224372.4037,6977981.75507
2026-06-20 04:30:00,31.1,31.1,31.1,31.1,3935.2072927,122384.94680297
2026-06-20 05:15:00,31.2,31.2,31.2,31.2,6297.2253,196473.42936
2026-06-20 05:30:00,31.2,31.2,31.2,31.2,6115.58323402,190806.19690142
2026-06-20 05:45:00,31.2,31.2,31.2,31.2,24399.74440894,761272.02555893
2026-06-20 06:30:00,31.3,31.3,31.1,31.1,52581.73979709,1642324.68422512
2026-06-20 07:00:00,31.1,31.2,31.1,31.2,69211.86137966,2155873.06220539
2026-06-20 07:15:00,31.1,31.1,31.1,31.1,1972.38658777,61341.22287965
2026-06-20 08:00:00,31.2,31.2,31.2,31.2,6410.25641025,199999.9999998
2026-06-20 08:15:00,31.2,31.2,31.1,31.1,941139.89549295,29272641.52303389
2026-06-20 08:30:00,31.1,31.2,31.1,31.2,85174.30825283,2652124.51310492
2026-06-20 08:45:00,31.2,31.2,31.1,31.1,3733.91757387,116445.34936787
2026-06-20 09:00:00,31.1,31.4,31.1,31.3,151039.18520894,4721108.46891523
2026-06-20 09:15:00,31.3,31.4,31.3,31.4,116716.77591941,3658740.62968417
2026-06-20 09:30:00,31.4,31.4,31.3,31.3,27760.06066118,871565.90476105
2026-06-20 09:45:00,31.2,31.2,31.2,31.2,9641.48151004,300814.22311325
2026-06-20 10:00:00,31.3,31.3,31.1,31.2,14906.246818,464032.72065354
2026-06-20 10:15:00,31.2,31.3,31.2,31.3,56585.26184668,1765629.55795251
2026-06-20 10:45:00,31.2,31.2,31.1,31.2,91074.82304859,2832475.57657018
2026-06-20 11:00:00,31.2,31.2,31.0,31.0,14430.74523531,449597.02520495
2026-06-20 11:15:00,31.0,31.2,31.0,31.0,31487.04058677,976162.36075397
2026-06-20 11:30:00,31.1,31.1,31.0,31.0,81234.48977761,2521120.10169806
2026-06-20 11:45:00,30.9,30.9,30.7,30.7,448602.39727096,13817132.66767742
2026-06-20 12:30:00,30.8,30.8,30.8,30.8,3583.06188925,110358.3061889
2026-06-20 12:45:00,30.9,30.9,30.9,30.9,155007.16726276,4789721.46841928
2026-06-20 13:15:00,31.1,31.1,31.1,31.1,104533.84446435,3251002.56284129
2026-06-20 13:30:00,31.2,31.2,31.2,31.2,130601.01359576,4074751.62418771
2026-06-20 13:45:00,31.2,31.2,31.2,31.2,160176.32209536,4997501.24937523
2026-06-20 14:00:00,31.3,31.5,31.3,31.5,36419.58058101,1142858.37296635
2026-06-20 14:15:00,31.5,31.5,31.3,31.3,328478.5933174,10330419.25591492
2026-06-20 14:30:00,31.4,31.4,31.4,31.4,20698.85439444,649944.02798542
2026-06-20 14:45:00,31.4,31.4,31.4,31.4,853732.94142766,26807214.36082852
2026-06-20 15:30:00,31.4,31.5,31.4,31.5,1770.54960086,55627.00349875
2026-06-20 15:45:00,31.5,31.5,31.4,31.4,28089.44553566,882199.0660102
2026-06-20 16:00:00,31.4,31.4,31.3,31.3,368907.26918662,11575600.00904164
2026-06-20 16:15:00,31.2,31.2,31.2,31.2,58788.41319723,1834198.49175358
2026-06-20 16:30:00,31.2,31.3,31.2,31.3,1104997.8502741,34475964.87743371
2026-06-20 16:45:00,31.3,31.4,31.2,31.3,187752.58684068,5878091.4537014
2026-06-20 17:00:00,31.2,31.2,31.1,31.1,263371.04443818,8191382.60286625
2026-06-20 17:15:00,31.1,31.1,31.1,31.1,20380.38305687,633829.91306866
2026-06-20 17:45:00,31.4,31.4,31.3,31.3,32846.10528417,1028114.94252828
2026-06-20 18:00:00,31.2,31.2,31.2,31.2,32688.6339466,1019885.37913392
2026-06-20 18:15:00,31.3,31.3,31.3,31.3,32582.87789012,1019844.07796076
2026-06-20 18:30:00,31.3,31.3,31.3,31.3,9584.66453674,299999.99999996
2026-06-20 18:45:00,31.3,31.3,31.2,31.3,47323.678749,1480630.41948291
2026-06-20 19:15:00,31.3,31.3,31.3,31.3,6128.64107273,191826.46557645
2026-06-20 19:45:00,31.2,31.3,31.2,31.3,2136.59613797,66693.74838645
2026-06-20 20:00:00,31.3,31.3,31.2,31.2,12190.29350149,380356.32657556
2026-06-20 20:45:00,31.3,31.3,31.3,31.3,13119.52158596,410641.02564055
2026-06-20 21:00:00,31.3,31.4,31.3,31.4,37108.87083063,1161603.19839999
2026-06-20 21:15:00,31.2,31.2,31.2,31.2,15909.521625,496377.0747
2026-06-20 21:30:00,31.3,31.3,31.2,31.2,335678.54917567,10474449.71355509
2026-06-20 21:45:00,31.2,31.2,31.2,31.2,633322.47612894,19759661.25522293
2026-06-20 22:00:00,31.1,31.1,31.1,31.1,29377.749685,913648.0152035
2026-06-20 22:15:00,31.1,31.1,31.0,31.0,869679.37146973,26960432.05896999
2026-06-20 22:30:00,31.0,31.0,30.9,30.9,135210.14842825,4190805.52527686
2026-06-20 22:45:00,31.0,31.0,30.9,30.9,653365.43988847,20239746.42828908
2026-06-20 23:00:00,30.9,30.9,30.7,30.7,109480.61926471,3375681.36372425
2026-06-20 23:15:00,30.8,30.9,30.8,30.9,98180.69465453,3033124.71861052
2026-06-20 23:30:00,30.9,30.9,30.9,30.9,258958.88009861,8001829.39504705
2026-06-20 23:45:00,31.2,31.3,31.2,31.2,141722.98707509,4422481.66198622
2026-06-21 00:00:00,31.3,31.3,31.3,31.3,14595.73727513,456846.57671157
2026-06-21 00:15:00,31.3,31.4,31.3,31.3,259616.29101601,8144038.08557127
2026-06-21 00:30:00,31.3,31.4,31.2,31.2,28415.99439179,889692.08115514
2026-06-21 00:45:00,31.3,31.3,31.3,31.3,200.0,6260.0
2026-06-21 01:00:00,31.1,31.2,31.1,31.1,36189.36404896,1125969.51358932
2026-06-21 01:15:00,31.1,31.1,31.1,31.1,308826.84917417,9604515.00931669
2026-06-21 01:30:00,31.0,31.0,31.0,31.0,2509.90054972,77806.91704132
2026-06-21 02:00:00,30.9,30.9,30.9,30.9,33960.17636247,1049369.44960032
2026-06-21 02:30:00,30.8,30.9,30.8,30.9,176369.98751226,5432292.70275625
2026-06-21 03:00:00,30.9,30.9,30.9,30.9,14396.3021,444845.73489
2026-06-21 03:15:00,30.9,30.9,30.9,30.9,9.32e-06,0.00028799
2026-06-21 03:45:00,30.9,30.9,30.7,30.7,5734.52023041,176688.93369106
2026-06-21 04:15:00,30.8,30.8,30.8,30.8,32721.50974025,1007822.4999997
2026-06-21 05:30:00,30.8,30.8,30.8,30.8,13290.72727272,409354.39999978
2026-06-21 06:00:00,31.1,31.1,31.1,31.1,19210.94115321,597460.26986483
2026-06-21 06:30:00,31.1,31.1,31.1,31.1,32071.48038883,997423.04009261
2026-06-21 07:00:00,31.4,31.4,31.2,31.2,52689.0173435,1644088.42391975
2026-06-21 07:15:00,31.1,31.3,31.1,31.3,4405.21970042,137234.0259738
2026-06-21 07:30:00,31.3,31.3,31.3,31.3,161405.3412224,5051987.18026112
2026-06-21 07:45:00,31.3,31.3,31.3,31.3,9584.66453673,299999.99999965
2026-06-21 08:00:00,31.1,31.1,31.1,31.1,225.08038586,7000.00000025
2026-06-21 08:45:00,31.2,31.2,31.2,31.2,20491.32820512,639329.43999974
2026-06-21 09:00:00,31.2,31.3,31.2,31.3,15610.32452992,488009.15300178
2026-06-21 09:15:00,31.3,31.3,31.3,31.3,24805.95963998,776426.53673137
2026-06-21 09:30:00,31.2,31.2,31.1,31.1,63247.82840862,1973241.90478328
2026-06-21 10:15:00,31.1,31.1,31.1,31.1,40918.40917716,1272562.52540968
2026-06-21 10:45:00,31.2,31.2,31.2,31.2,76546.90705728,2388263.50018714
2026-06-21 11:00:00,31.2,31.2,31.1,31.2,440231.47901029,13734902.81596773
2026-06-21 11:15:00,31.2,31.3,31.2,31.2,103871.01549845,3242455.57355164
2026-06-21 11:30:00,31.2,31.2,31.2,31.2,22410.52533152,699208.39034342
2026-06-21 11:45:00,31.3,31.3,31.3,31.3,142446.31943209,4458569.79822442
2026-06-21 12:00:00,31.4,31.4,31.3,31.3,5172.15416019,162206.89655153
2026-06-21 12:15:00,31.5,31.5,31.3,31.5,48423.29327746,1524310.0826171
2026-06-21 12:30:00,31.4,31.5,31.3,31.3,117084.30876624,3679937.67759077
2026-06-21 12:45:00,31.3,31.3,31.3,31.3,3194.88817891,99999.99999988
2026-06-21 13:15:00,31.5,31.5,31.5,31.5,63022.97580698,1985223.73791987
2026-06-21 13:30:00,31.7,32.0,31.5,31.9,1151362.6173436,36546684.38847784
2026-06-21 13:45:00,32.0,32.0,31.9,31.9,663753.49416423,21190043.01688067
2026-06-21 14:00:00,31.9,32.1,31.9,32.0,814968.64534287,26051315.80056238
2026-06-21 14:15:00,31.9,31.9,31.9,31.9,40625.0,1295937.5
2026-06-21 14:30:00,32.1,32.1,31.9,31.9,88804.22705896,2832954.53165434
2026-06-21 14:45:00,31.9,31.9,31.7,31.7,188214.22207691,5980577.54330983
2026-06-21 15:00:00,31.7,31.8,31.6,31.8,214333.5526335,6808619.44626304
2026-06-21 15:15:00,31.6,31.6,31.6,31.6,70942.3642063,2241778.70891908
2026-06-21 15:45:00,31.6,31.6,31.6,31.6,949.36708861,30000.00000008
2026-06-21 16:00:00,31.6,31.6,31.6,31.6,13338.80325393,421506.18282419
2026-06-21 16:30:00,31.7,31.7,31.7,31.7,147285.61482364,4668953.98990939
2026-06-21 16:45:00,31.7,31.7,31.6,31.6,236830.68851234,7506533.37900574
2026-06-21 17:15:00,31.5,31.5,31.4,31.4,259144.39844668,8137185.8572575
2026-06-21 17:30:00,31.4,31.4,31.2,31.2,90816.72370055,2838820.03983891
2026-06-21 17:45:00,31.2,31.3,31.2,31.3,411174.06099331,12828694.60075485
2026-06-21 18:00:00,31.1,31.1,31.1,31.1,50095.73727513,1557977.42925654
2026-06-21 18:15:00,31.1,31.3,31.1,31.3,3480.56344835,108705.22931397
2026-06-21 18:30:00,31.3,31.3,31.3,31.3,108445.70526238,3394350.57471249
2026-06-21 19:45:00,31.5,31.6,31.5,31.6,5879.27157772,185715.01059159
2026-06-21 20:00:00,31.5,31.5,31.4,31.4,117081.90547947,3687155.09644856
2026-06-21 20:15:00,31.4,31.4,31.4,31.4,152516.7659897,4789026.45207658
2026-06-21 20:30:00,31.3,31.3,31.3,31.3,4150.88142829,129922.58870548
2026-06-21 20:45:00,31.3,31.3,31.2,31.2,350219.43638168,10928119.49893892
2026-06-21 21:00:00,31.1,31.1,31.1,31.1,19887.86679469,618512.65731486
2026-06-21 21:15:00,31.1,31.1,31.1,31.1,15283.98818787,475332.03264276
2026-06-21 21:30:00,31.3,31.3,31.3,31.3,53194.98402555,1665002.99999972
2026-06-21 21:45:00,31.3,31.5,31.3,31.5,18888.16313605,592593.10715922
2026-06-21 22:00:00,31.5,31.5,31.5,31.5,35461.40807715,1117034.35443023
2026-06-21 22:15:00,31.5,31.5,31.5,31.5,39358.54295074,1239794.10294831
2026-06-21 22:30:00,31.5,31.5,31.3,31.4,172944.30591632,5437214.68574384
2026-06-21 22:45:00,31.5,31.5,31.5,31.5,732.48407643,23073.24840755
2026-06-21 23:00:00,31.5,31.5,31.5,31.5,174.6031746,5499.9999999
2026-06-21 23:15:00,31.4,31.4,31.3,31.3,118164.24595074,3706608.76479347
2026-06-21 23:30:00,31.4,31.4,31.4,31.4,22166.05573009,696014.14992483
2026-06-22 00:00:00,31.4,31.4,31.3,31.3,35366.93180394,1107018.72342511
2026-06-22 00:15:00,31.5,31.6,31.5,31.6,59090.98581241,1862133.83365949
2026-06-22 00:30:00,31.6,31.6,31.6,31.6,505.73014414,15981.07255482
2026-06-22 00:45:00,31.6,31.7,31.6,31.7,60882.73607045,1929729.63343327
2026-06-22 01:00:00,31.8,31.8,31.7,31.7,36393.63856824,1156354.81948955
2026-06-22 01:15:00,31.6,31.6,31.6,31.6,10393.35178876,328429.91652482
2026-06-22 01:30:00,31.6,31.6,31.6,31.6,5136.56162046,162315.34720654
2026-06-22 01:45:00,31.7,31.8,31.7,31.8,17080.0,541719.9
2026-06-22 02:30:00,31.8,31.8,31.8,31.8,4663.06529275,148285.47630945
2026-06-22 02:45:00,31.9,32.0,31.9,32.0,9687.47962382,309967.99999986
2026-06-22 03:00:00,31.7,31.9,31.7,31.9,1109.20015209,35192.99278364
2026-06-22 03:30:00,31.8,31.8,31.8,31.8,34172.72495827,1086692.65367299
2026-06-22 03:45:00,31.9,31.9,31.9,31.9,313.47962382,9999.99999986
2026-06-22 04:00:00,31.9,31.9,31.9,31.9,14649.0077845,467303.34832555
2026-06-22 04:30:00,32.1,32.5,32.1,32.4,22952.44284693,741539.62058203
2026-06-22 04:45:00,32.4,32.5,32.4,32.5,4917.14264708,159457.44613782
2026-06-22 05:00:00,32.4,32.4,32.3,32.3,82539.20381119,2674123.05177977
2026-06-22 05:15:00,32.2,32.2,32.2,32.2,1474.91547259,47492.2782174
2026-06-22 05:30:00,32.2,32.2,32.1,32.1,155976.13628956,5022325.45448383
2026-06-22 05:45:00,32.1,32.2,32.1,32.1,12034.47897768,386337.83108415
2026-06-22 06:00:00,32.0,32.0,31.7,31.7,35970.43086158,1144815.37431209
2026-06-22 06:15:00,31.7,31.8,31.7,31.8,110883.13292085,3515848.52833893
2026-06-22 06:30:00,31.7,31.7,31.7,31.7,37620.69852041,1192576.143097
2026-06-22 06:45:00,31.7,31.9,31.7,31.8,1057324.80273947,33617258.94276596
2026-06-22 07:00:00,31.7,31.7,31.7,31.7,164934.37823674,5228419.79010466
2026-06-22 07:15:00,31.8,31.8,31.8,31.8,81226.99656461,2583018.4907546
2026-06-22 07:30:00,31.5,31.5,31.4,31.4,163904.67729726,5147056.84491174
2026-06-22 08:00:00,31.6,31.6,31.5,31.5,160899.5615,5069757.38725
2026-06-22 08:15:00,31.5,31.5,31.5,31.5,267996.04907565,8441875.54588298
2026-06-22 08:30:00,31.4,31.4,31.4,31.4,101871.91909302,3198778.25952083
2026-06-22 08:45:00,31.4,31.4,31.3,31.3,204365.67183327,6396741.06978262
2026-06-22 09:00:00,31.3,31.5,31.3,31.5,247202.17015935,7759603.81582051
2026-06-22 09:15:00,31.5,31.6,31.5,31.6,136669.8091351,4306051.36870803
2026-06-22 10:00:00,31.8,31.9,31.8,31.9,125423.47244901,3997780.74362773
2026-06-22 10:15:00,31.9,31.9,31.9,31.9,3130.78570432,99872.06396781
2026-06-22 10:30:00,31.9,31.9,31.9,31.9,61795.23510971,1971267.99999975
2026-06-22 10:45:00,31.9,32.0,31.9,32.0,1006392.62754985,32200532.73363282
2026-06-22 11:00:00,31.9,31.9,31.5,31.5,3903431.27340337,123669010.0634659
2026-06-22 11:15:00,31.6,31.7,31.5,31.6,1621954.15053369,51147237.86515146
2026-06-22 11:30:00,31.6,31.7,31.6,31.7,293084.31223809,9261714.12842364
2026-06-22 11:45:00,31.7,31.7,31.6,31.7,177010.96028294,5593991.32977979
2026-06-22 12:00:00,31.6,31.6,31.5,31.6,251335.16621025,7941550.22660288
2026-06-22 12:15:00,31.8,32.1,31.8,32.1,138840.37521403,4433475.21546884
2026-06-22 12:30:00,32.0,32.0,31.9,31.9,20479.84039742,653788.27790572
2026-06-22 12:45:00,31.6,31.6,31.6,31.6,159.81012658,5049.99999993
2026-06-22 13:00:00,31.6,31.6,31.5,31.5,151962.98305591,4789346.92497168
2026-06-22 13:30:00,31.5,31.6,31.5,31.5,108186.43281231,3412612.92301814
2026-06-22 13:45:00,31.5,31.5,31.5,31.5,49908.33281231,1572112.48358777
2026-06-22 14:00:00,31.5,31.5,31.5,31.5,137531.53133929,4332243.23718764
2026-06-22 14:15:00,31.5,31.7,31.5,31.7,99480.96125344,3138189.71740789
2026-06-22 14:30:00,31.7,31.7,31.7,31.7,3154.57413249,99999.99999993
2026-06-22 14:45:00,31.6,31.6,31.6,31.6,38150.97088607,1205570.67999981
2026-06-22 15:00:00,31.5,31.5,31.5,31.5,51252.8,1614463.2
2026-06-22 15:15:00,31.5,31.5,31.5,31.5,246320.39344445,7759092.39350018
2026-06-22 15:30:00,31.5,31.5,31.5,31.5,56682.39087766,1785495.31264629
2026-06-22 15:45:00,31.4,31.5,31.4,31.4,51057.65904334,1604574.39932565
2026-06-22 16:00:00,31.4,31.6,31.4,31.6,169176.55696202,5313409.79999983
2026-06-22 16:15:00,31.6,31.7,31.4,31.7,31585.85636992,996503.5736093
2026-06-22 16:30:00,31.6,31.6,31.6,31.6,28649.51374138,905324.63422761
2026-06-22 16:45:00,31.6,31.6,31.5,31.5,70985.43691669,2237055.17586688
2026-06-22 17:00:00,31.6,31.6,31.5,31.5,19150.8147,604820.14452
2026-06-22 17:15:00,31.6,31.6,31.3,31.4,620147.80255046,19479706.87930181
2026-06-22 17:30:00,31.4,31.4,31.4,31.4,736131.58563542,23114531.78895219
2026-06-22 17:45:00,31.4,31.4,31.4,31.4,3205.12820512,100641.02564077
2026-06-22 18:00:00,31.4,31.4,31.3,31.3,100043.62245862,3135098.6616948
2026-06-22 18:30:00,31.3,31.3,31.3,31.3,6909.26517571,216259.99999972
2026-06-22 19:00:00,31.4,31.4,31.4,31.4,908.26138196,28519.40739354
2026-06-22 19:45:00,31.5,31.5,31.4,31.4,1127391.97555433,35411254.4160785
2026-06-22 20:00:00,31.4,31.5,31.4,31.5,534627.79705425,16808654.02750345
2026-06-22 20:15:00,31.5,31.5,31.5,31.5,13327.83211568,419826.71164392
2026-06-22 20:30:00,31.6,31.7,31.6,31.6,189897.98981438,6008329.63730796
2026-06-22 20:45:00,31.8,32.0,31.8,32.0,1661523.32163252,53070970.17141635
2026-06-22 21:00:00,31.8,31.9,31.8,31.9,95558.94765365,3040568.31345332
2026-06-22 21:15:00,31.9,31.9,31.9,31.9,150625.67980689,4804959.18583979
2026-06-22 21:45:00,32.0,32.1,32.0,32.0,416777.34477892,13359289.42401089
2026-06-22 22:00:00,32.1,32.2,32.1,32.1,275581.59802386,8856417.24687647
2026-06-22 22:15:00,32.1,32.1,32.0,32.0,139534.34203218,4465153.49861377
2026-06-22 22:30:00,32.1,32.1,32.1,32.1,50000.0,1605000.0
2026-06-22 22:45:00,32.3,32.3,32.3,32.3,166890.52407231,5390563.92753561
2026-06-22 23:00:00,32.1,32.1,32.1,32.1,97847.27571239,3140897.55036772
2026-06-22 23:15:00,32.1,32.1,31.9,31.9,45100.88698304,1439466.62797406
2026-06-22 23:30:00,31.9,31.9,31.6,31.6,545805.21193413,17281855.32343349
2026-06-22 23:45:00,31.6,31.7,31.6,31.7,115711.30542241,3664915.15226697
2026-06-23 00:00:00,31.7,31.7,31.7,31.7,60944.15746201,1931929.79154572
2026-06-23 00:30:00,31.7,31.7,31.6,31.6,66794.90525168,2117379.82456508
2026-06-23 00:45:00,31.6,31.6,31.4,31.4,36552.62225923,1150553.10047609
2026-06-23 01:00:00,31.4,31.4,31.4,31.4,16330.18498373,512767.80848912
2026-06-23 01:15:00,31.4,31.5,31.4,31.5,410999.0899571,12905910.50250299
2026-06-23 01:30:00,31.5,31.5,31.4,31.4,1194.92059999,37583.99890318
2026-06-23 02:15:00,31.4,31.4,31.4,31.4,76.94271007,2416.0010962
2026-06-23 02:30:00,31.3,31.3,31.3,31.3,30620.68690095,958427.49999974
2026-06-23 03:30:00,31.3,31.3,31.3,31.3,10312.08488739,322768.25697531
2026-06-23 04:00:00,31.3,31.4,31.2,31.2,123843.44980316,3868546.55819367
2026-06-23 04:30:00,31.4,31.4,31.4,31.4,1000.0,31400.0
2026-06-23 04:45:00,31.3,31.4,31.3,31.4,80986.09599051,2536058.89450296
2026-06-23 05:00:00,31.4,31.6,31.4,31.6,79853.62870096,2514922.48312959
2026-06-23 05:15:00,31.5,31.5,31.5,31.5,39893.62913479,1256649.31774589
2026-06-23 05:30:00,31.4,31.4,31.4,31.4,5816.9135017,182651.08395338
2026-06-23 06:00:00,31.5,31.5,31.5,31.5,11111.11111111,349999.99999997
2026-06-23 06:15:00,31.4,31.4,31.4,31.4,4384.71337579,137679.99999981
2026-06-23 06:30:00,31.4,31.4,31.2,31.3,78994.39572106,2471422.23119759
2026-06-23 06:45:00,31.3,31.3,31.3,31.3,50169.78082255,1570314.13974582
2026-06-23 07:15:00,31.4,31.4,31.2,31.2,207039.34515741,6472893.43874413
2026-06-23 07:30:00,31.1,31.1,31.0,31.0,187454.25085072,5825676.18581652
2026-06-23 07:45:00,31.1,31.1,31.1,31.1,322199.49063207,10020404.15865738
2026-06-23 08:15:00,31.1,31.2,31.1,31.1,13182.07692307,410122.84871773
2026-06-23 08:30:00,31.1,31.1,31.1,31.1,46000.0,1430600.0
2026-06-23 09:00:00,31.2,31.2,31.1,31.2,638933.68201685,19933662.24006427
2026-06-23 09:15:00,31.1,31.1,31.1,31.1,281514.40567488,8755098.01648877
2026-06-23 09:45:00,31.1,31.1,31.1,31.1,18575.10735216,577685.83865218
2026-06-23 10:00:00,31.3,31.4,31.3,31.4,702.26491116,21999.99999956
2026-06-23 10:15:00,31.3,31.3,31.3,31.3,18704.82603674,585461.05494996
2026-06-23 10:30:00,31.3,31.3,31.2,31.3,45883.3558961,1435028.25920948
2026-06-23 10:45:00,31.3,31.3,31.1,31.1,275797.30663794,8577334.57509808
2026-06-23 11:00:00,31.3,31.3,31.3,31.3,65627.90570563,2054153.44858622
2026-06-23 11:15:00,31.3,31.3,31.3,31.3,23473.1442,734709.41346
2026-06-23 11:30:00,31.3,31.3,31.3,31.3,8000.0,250400.0
2026-06-23 11:45:00,31.3,31.3,31.3,31.3,167407.97481376,5239869.61167069
2026-06-23 12:00:00,31.3,31.3,31.3,31.3,2406.42172524,75321.00000001
2026-06-23 12:15:00,31.2,31.4,31.1,31.2,141363.44601774,4413034.26307693
2026-06-23 12:30:00,31.3,31.4,31.1,31.2,220662.87155209,6872920.40787153
2026-06-23 12:45:00,31.2,31.2,31.2,31.2,183953.40185194,5739346.13778053
2026-06-23 13:00:00,31.2,31.2,31.2,31.2,2682.34615384,83689.19999981
2026-06-23 13:15:00,31.2,31.2,31.2,31.2,29034.13153432,905864.90387078
2026-06-23 13:30:00,31.1,31.1,31.0,31.0,157061.75219234,4871938.81719042
2026-06-23 13:45:00,31.0,31.0,30.9,30.9,94065.68953342,2913168.22155447
2026-06-23 14:00:00,30.8,31.0,30.8,31.0,34649.53981547,1070267.58029802
2026-06-23 14:15:00,30.9,30.9,30.8,30.8,158332.73052673,4889952.98258142
2026-06-23 14:30:00,30.9,30.9,30.8,30.8,5126.89562055,157998.99999967
2026-06-23 14:45:00,30.8,30.8,30.8,30.8,21162.27820969,651798.16885845
2026-06-23 15:00:00,30.7,30.7,30.3,30.4,588352.58119521,17947305.09020811
2026-06-23 15:15:00,30.4,30.4,29.9,30.1,1534903.44632918,46179320.02481827
2026-06-23 15:30:00,30.1,30.3,30.1,30.3,141578.35278144,4280154.09278933
2026-06-23 15:45:00,30.4,30.4,30.4,30.4,49469.26499136,1503865.65573734
2026-06-23 16:00:00,30.4,30.4,30.3,30.4,100639.49497677,3057398.25594823
2026-06-23 16:15:00,30.5,30.5,30.4,30.5,512310.29827116,15625221.91314809
2026-06-23 16:30:00,30.5,30.5,30.4,30.4,15584.08941793,474242.07409111
2026-06-23 16:45:00,30.4,30.4,30.3,30.3,131872.05875687,4004346.40960755
2026-06-23 17:00:00,30.4,30.4,30.2,30.2,309514.85621719,9380284.30885143
2026-06-23 17:15:00,30.2,30.2,29.7,29.8,715390.42530299,21367944.82895451
2026-06-23 17:30:00,29.8,30.3,29.8,30.3,68776.09064324,2068698.87559538
2026-06-23 17:45:00,30.2,30.2,30.0,30.0,38225.80220356,1147424.23607132
2026-06-23 18:15:00,30.1,30.3,30.1,30.3,1902.50776903,57463.50364978
2026-06-23 18:30:00,30.2,30.3,30.2,30.2,165232.0427741,4991652.40384801
2026-06-23 18:45:00,30.1,30.1,30.1,30.1,334.44816053,10066.88963195
2026-06-23 19:00:00,30.0,30.0,29.6,29.8,505597.85720404,15048643.92844982
2026-06-23 19:15:00,29.8,29.9,29.8,29.9,23772.63591497,709795.10244821
2026-06-23 19:30:00,29.8,30.0,29.8,30.0,1016265.0,30484697.0
2026-06-23 19:45:00,29.9,30.0,29.9,30.0,28354.74578587,850553.56566418
2026-06-23 20:00:00,29.9,29.9,29.9,29.9,13754.70121781,411265.56641252
2026-06-23 20:15:00,30.1,30.1,30.1,30.1,332225.91362127,10000000.00000023
2026-06-23 20:30:00,30.3,30.4,30.3,30.4,44089.84512189,1336301.59123546
2026-06-23 20:45:00,30.4,30.4,30.1,30.1,36516.92034868,1102063.94721837
2026-06-23 21:00:00,30.4,30.4,30.3,30.3,21789.71239366,660376.31184369
2026-06-23 21:45:00,30.1,30.1,30.1,30.1,1057295.54951915,31824596.04052642
2026-06-23 22:00:00,30.3,30.3,30.0,30.1,167864.21169368,5039088.79725429
2026-06-23 22:15:00,30.1,30.1,30.1,30.1,254408.80495375,7657705.02910788
2026-06-23 22:30:00,30.4,30.4,30.4,30.4,5920.23067413,179975.01249355
2026-06-23 22:45:00,30.4,30.4,30.4,30.4,7483.81270903,227507.90635451
2026-06-23 23:00:00,30.4,30.4,30.4,30.4,3289.47368421,99999.99999998
2026-06-23 23:15:00,30.4,30.4,30.4,30.4,17000.0,516800.0
2026-06-23 23:45:00,30.6,30.6,30.6,30.6,3267.9738562,99999.99999972
2026-06-24 00:00:00,30.6,30.6,30.6,30.6,6535.9477124,199999.99999944
2026-06-24 00:15:00,30.6,30.6,30.4,30.4,114621.11922655,3485596.53073377
2026-06-24 00:30:00,30.4,30.4,30.3,30.3,49304.30542011,1493965.38242313
2026-06-24 00:45:00,30.2,30.2,30.2,30.2,3449.82204262,104184.62568712
2026-06-24 01:15:00,30.4,30.4,30.3,30.4,647.39665989,19649.02011046
2026-06-24 01:45:00,30.3,30.3,30.3,30.3,245641.3099186,7442931.69053358
2026-06-24 02:45:00,30.1,30.1,30.1,30.1,41857.35880398,1259906.4999998
2026-06-24 03:00:00,30.1,30.1,30.1,30.1,38203.58923528,1149928.03598193
2026-06-24 03:15:00,30.1,30.1,30.0,30.1,56327.00405349,1692377.76806993
2026-06-24 04:30:00,30.2,30.2,30.2,30.2,30650.53940121,925646.28991654
2026-06-24 05:45:00,30.2,30.2,30.2,30.2,66225.16556292,2000000.00000018
2026-06-24 06:00:00,30.2,30.3,30.2,30.3,2480.92209725,75085.65963468
2026-06-24 06:30:00,30.4,30.4,30.4,30.4,16846.55889725,512135.3904764
2026-06-24 06:45:00,30.5,30.5,30.5,30.5,11147.5409836,339999.9999998
2026-06-24 07:15:00,30.5,30.5,30.4,30.4,6673.68852459,203226.0
2026-06-24 07:30:00,30.4,30.4,30.4,30.4,170.0,5168.0
2026-06-24 07:45:00,30.4,30.4,30.4,30.4,19383.01234016,589243.57514086
2026-06-24 08:00:00,30.4,30.4,30.4,30.4,170013.75493409,5168418.14999634
2026-06-24 08:15:00,30.4,30.4,30.4,30.4,29769.76973683,905000.99999963
2026-06-24 08:30:00,30.4,30.4,30.2,30.2,201824.26650847,6096768.74329264
2026-06-24 09:00:00,30.2,30.2,30.2,30.2,118843.53076914,3589074.62922803
2026-06-24 09:15:00,30.4,30.4,30.1,30.1,518005.66240883,15641148.14660994
2026-06-24 09:30:00,30.2,30.2,30.2,30.2,24216.51112941,731338.63610818
2026-06-24 09:45:00,30.2,30.2,30.2,30.2,79495.94747986,2400777.61389177
2026-06-24 10:00:00,30.2,30.3,30.2,30.3,2331.12582781,70599.99999986
2026-06-24 10:15:00,30.1,30.1,30.1,30.1,180.0,5418.0
2026-06-24 10:30:00,30.1,30.2,30.1,30.2,39476.31233878,1192038.15894695
2026-06-24 10:45:00,30.2,30.2,30.2,30.2,16556.29139072,499999.99999974
2026-06-24 11:00:00,30.2,30.2,30.1,30.1,18145.74830379,547511.52725534
2026-06-24 11:15:00,30.1,30.1,30.1,30.1,45595.66854382,1372429.62316898
2026-06-24 11:30:00,30.1,30.1,30.0,30.0,525133.10484292,15779207.66994886
2026-06-24 11:45:00,30.0,30.0,30.0,30.0,2180.0,65400.0
2026-06-24 12:00:00,30.0,30.0,29.9,29.9,267532.03433585,8001841.22664192
2026-06-24 12:15:00,30.0,30.1,30.0,30.1,411413.11448846,12342725.66056742
2026-06-24 12:30:00,30.2,30.2,30.2,30.2,16979.25311257,512773.44399961
2026-06-24 12:45:00,30.2,30.2,30.1,30.1,8432.98074848,253882.09999945
2026-06-24 13:00:00,30.1,30.1,30.1,30.1,6644.51827242,199999.99999984
2026-06-24 13:15:00,30.0,30.0,29.9,29.9,1005543.33329999,30166281.9989997
2026-06-24 13:30:00,29.8,29.8,29.8,29.8,4000.0,119200.0
2026-06-24 13:45:00,30.0,30.0,30.0,30.0,47714.48806911,1431434.6420733
2026-06-24 14:00:00,30.2,30.2,30.2,30.2,16548.01738203,499750.12493731
2026-06-24 14:45:00,30.2,30.2,30.2,30.2,36551.42994998,1103853.1844894
2026-06-24 15:15:00,30.2,30.2,30.2,30.2,82007.70668664,2476632.74193653
2026-06-24 15:30:00,30.1,30.1,30.1,30.1,3322.25913621,99999.99999992
2026-06-24 16:15:00,30.1,30.1,30.1,30.1,13400.33903622,403350.20499022
2026-06-24 16:30:00,30.1,30.1,30.1,30.1,17654.33549366,531395.49835917
2026-06-24 16:45:00,30.1,30.1,29.8,29.8,1043433.47443548,31194804.70550461
2026-06-24 17:15:00,30.1,30.1,30.0,30.0,4801.8162,144114.486
2026-06-24 17:30:00,30.0,30.1,30.0,30.1,81557.02248236,2454026.01347904
2026-06-24 18:00:00,30.0,30.0,30.0,30.0,233320.98994016,6999629.6982048
2026-06-24 18:15:00,30.0,30.0,30.0,30.0,3322.25913621,99667.7740863
2026-06-24 18:30:00,30.1,30.2,30.1,30.1,31011.35524833,934451.72674957
2026-06-24 18:45:00,30.1,30.1,30.1,30.1,81439.84218236,2451339.24968904
2026-06-24 19:00:00,30.2,30.2,30.2,30.2,16548.01738203,499750.12493731
2026-06-24 19:15:00,30.0,30.1,30.0,30.0,365905.74909024,10977428.72852115
2026-06-24 19:30:00,30.0,30.0,30.0,30.0,15685.29376452,470558.8129356
2026-06-24 19:45:00,30.0,30.1,30.0,30.1,620424.28885406,18613060.55947554
2026-06-24 20:00:00,30.1,30.1,29.9,29.9,60388.59736805,1808562.78766931
2026-06-24 20:15:00,29.9,29.9,29.9,29.9,3344.48160535,99999.99999997
2026-06-24 20:30:00,30.1,30.1,30.0,30.0,28434.11595946,855367.99779946
2026-06-24 20:45:00,30.2,30.4,30.2,30.3,121410.55256622,3677478.46333473
2026-06-24 21:00:00,30.2,30.2,30.2,30.2,41368.21661949,1249320.1419086
2026-06-24 21:15:00,30.2,30.2,30.0,30.0,454029.26077723,13654906.4907219
2026-06-24 21:30:00,30.1,30.2,30.1,30.1,100361.14908789,3020953.36900244
2026-06-24 21:45:00,30.1,30.1,30.0,30.0,21732.25913621,652299.99999992
2026-06-24 22:00:00,30.0,30.0,29.8,29.8,87327.02153886,2610006.28476496
2026-06-24 22:15:00,29.8,29.9,29.4,29.5,4508852.09732605,132883194.31198177
2026-06-24 22:30:00,29.5,29.7,29.5,29.5,492653.80457059,14566862.60483241
2026-06-24 22:45:00,29.5,29.5,29.4,29.4,221700.77927881,6537514.68159285
2026-06-24 23:00:00,29.3,29.7,29.3,29.6,345333.44243671,10186216.00691031
2026-06-24 23:15:00,29.6,29.7,29.6,29.7,26149.68218046,775952.93254162
2026-06-24 23:30:00,29.7,29.7,29.6,29.6,118956.39617059,3521446.02698616
2026-06-24 23:45:00,29.8,29.9,29.8,29.8,292826.06246822,8732127.3383216
2026-06-25 00:00:00,29.6,29.7,29.6,29.6,290775.74678372,8613039.36163811
2026-06-25 00:15:00,29.6,29.6,29.6,29.6,164114.37937922,4857785.62962491
2026-06-25 00:30:00,29.5,29.5,28.8,29.0,770020.55601307,22398978.76987197
2026-06-25 00:45:00,28.9,29.1,28.9,29.0,728564.32920778,21145050.3389363
2026-06-25 01:00:00,29.2,29.4,29.1,29.4,1769445.93490537,51568679.9181779
2026-06-25 01:15:00,29.4,29.5,29.4,29.5,296070.64374461,8721930.330466
2026-06-25 01:30:00,29.5,29.6,29.5,29.6,119154.66853015,3517868.17522402
2026-06-25 01:45:00,29.3,29.3,28.6,28.9,1681815.60961893,48821510.09541282
2026-06-25 02:00:00,29.1,29.3,29.1,29.3,336683.46435707,9844206.94896821
2026-06-25 02:15:00,29.2,29.2,28.8,29.0,792031.54747822,22894338.13044608
2026-06-25 02:30:00,29.1,29.1,29.1,29.1,6872.85223367,199999.9999998
2026-06-25 02:45:00,29.0,29.0,29.0,29.0,41121.30953085,1192517.97639465
2026-06-25 03:00:00,29.0,29.4,29.0,29.4,2402.87778413,70437.40685342
2026-06-25 03:15:00,29.7,30.0,29.7,30.0,941.88845996,28103.5071288
2026-06-25 03:30:00,30.1,30.2,30.1,30.1,52187.24651865,1572502.27842387
2026-06-25 03:45:00,29.6,29.6,29.6,29.6,183245.00830497,5424052.24582711
2026-06-25 04:00:00,29.6,29.6,29.6,29.6,103211.16468792,3055050.47476243
2026-06-25 04:15:00,29.7,29.7,29.6,29.6,175248.46933616,5187371.86406751
2026-06-25 04:45:00,29.8,29.8,29.8,29.8,30709.52633674,915143.88483485
2026-06-25 05:00:00,29.8,30.3,29.8,30.3,1118.65538969,33500.94711441
2026-06-25 05:30:00,30.1,30.1,30.1,30.1,375043.81188942,11288818.73787154
2026-06-25 05:45:00,30.0,30.1,30.0,30.1,238047.3899969,7147050.19977667
2026-06-25 06:15:00,30.1,30.1,30.1,30.1,3542.58202129,106631.71884083
2026-06-25 06:30:00,30.0,30.0,30.0,30.0,42476.83870792,1274305.1612376
2026-06-25 06:45:00,30.2,30.2,30.2,30.2,176458.77483444,5329055.00000009
2026-06-25 07:30:00,30.0,30.1,30.0,30.1,49408.04401725,1486299.86050545
2026-06-25 07:45:00,30.1,30.1,30.1,30.1,105819.657973,3185171.7049873
2026-06-25 08:00:00,30.1,30.1,30.0,30.0,170265.19962609,5108315.84207864
2026-06-25 08:15:00,30.0,30.0,30.0,30.0,103773.97089724,3113219.1269172
2026-06-25 09:00:00,29.8,29.9,29.8,29.9,80066.86348071,2388387.66172516
2026-06-25 09:15:00,30.0,30.1,30.0,30.0,153590.51368003,4613074.46177222
2026-06-25 09:30:00,30.0,30.0,29.9,29.9,105634.87468925,3158482.7532119
2026-06-25 09:45:00,30.0,30.0,29.8,30.0,406665.23167072,12199906.75269118
2026-06-25 10:00:00,30.1,30.1,30.1,30.1,125819.21663752,3787158.42078935
2026-06-25 10:15:00,30.0,30.0,30.0,30.0,3389.17319433,101675.1958299
2026-06-25 10:45:00,30.0,30.0,29.9,29.9,19000.0,569800.0
2026-06-25 12:00:00,29.8,29.8,29.8,29.8,57720.54172249,1720072.1433302
2026-06-25 12:15:00,29.8,29.8,29.7,29.7,120134.22818791,3578657.71812052
2026-06-25 12:45:00,29.7,29.8,29.7,29.8,97005.34843753,2886721.62223838
2026-06-25 13:30:00,29.7,29.9,29.7,29.9,11555.9801151,344884.85022114
2026-06-25 13:45:00,30.0,30.0,30.0,30.0,133228.3357292,3996850.071876
2026-06-25 14:00:00,30.0,30.1,30.0,30.1,73814.7339346,2219767.42261146
2026-06-25 14:15:00,30.2,30.3,30.2,30.3,27476.82781125,829900.19989975
2026-06-25 14:30:00,30.3,30.3,30.3,30.3,16501.65016501,499999.9999998
2026-06-25 14:45:00,30.2,30.2,30.2,30.2,221320.712303,6683885.5115506
2026-06-25 15:00:00,30.2,30.2,30.2,30.2,7028.13225256,212249.59402731
2026-06-25 15:15:00,30.3,30.4,30.3,30.3,2381178.41402559,72186614.55645911
2026-06-25 15:45:00,30.2,30.2,30.2,30.2,48254.0457346,1457272.18118492
2026-06-25 16:00:00,30.2,30.4,30.1,30.4,915078.31425347,27617302.1470457
2026-06-25 16:15:00,30.2,30.2,30.2,30.2,2517.41678829,76025.98700636
2026-06-25 16:30:00,30.2,30.3,29.7,29.7,361802.04323697,10884012.91011967
2026-06-25 16:45:00,29.6,30.3,29.6,30.3,643002.47012528,19390460.74199937
2026-06-25 17:00:00,30.3,30.3,30.2,30.2,152933.67893154,4630738.43708188
2026-06-25 17:30:00,30.0,30.2,29.9,30.0,391806.13817742,11764935.48955512
2026-06-25 17:45:00,30.0,30.0,30.0,30.0,95100.28319173,2853008.4957519
2026-06-25 18:00:00,29.9,29.9,29.9,29.9,94718.02035294,2832068.80855291
2026-06-25 18:15:00,29.9,30.0,29.9,30.0,32555.26153844,974027.26999936
2026-06-25 18:30:00,29.9,30.0,29.9,29.9,5059.4080152,151354.16287974
2026-06-25 18:45:00,29.8,29.8,29.8,29.8,2348.99328859,69999.99999998
2026-06-25 19:00:00,30.0,30.0,30.0,30.0,3333.33333333,99999.9999999
2026-06-25 19:30:00,29.7,29.7,29.7,29.7,32784.8016835,973708.60999995
2026-06-25 19:45:00,29.7,29.7,29.7,29.7,140951.63247807,4186263.48459868
2026-06-25 20:00:00,29.8,29.8,29.8,29.8,16778.52348993,499999.99999991
2026-06-25 20:15:00,29.9,29.9,29.9,29.9,6792.01337792,203081.19999981
2026-06-25 20:30:00,29.8,29.8,29.8,29.8,30190.11918922,899665.55183876
2026-06-25 20:45:00,29.8,29.8,29.7,29.7,191358.78792484,5684694.10412845
2026-06-25 21:00:00,29.7,29.8,29.7,29.7,63292.97663944,1880151.23169472
2026-06-25 21:15:00,29.7,29.7,29.7,29.7,29857.78209202,886776.12813299
2026-06-25 21:30:00,29.8,30.3,29.8,30.0,815747.84903446,24573731.49466235
2026-06-25 21:45:00,30.0,30.0,30.0,30.0,46407.94844214,1392238.4532642
2026-06-25 22:00:00,30.0,30.0,30.0,30.0,10666.66666667,320000.0000001
2026-06-25 22:15:00,30.0,30.0,29.9,29.9,80252.40102297,2401130.2003785
2026-06-25 22:30:00,29.9,30.0,29.9,29.9,434117.23190177,13022136.46632099
2026-06-25 22:45:00,29.7,29.7,29.1,29.1,788971.59454027,23269349.29197902
2026-06-25 23:00:00,29.2,29.6,29.2,29.4,502922.64055518,14796961.98998947
2026-06-25 23:15:00,29.2,29.4,29.2,29.4,772986.30033462,22675379.53223866
2026-06-25 23:30:00,29.4,29.5,29.2,29.2,1524090.15003059,44927712.52817935
2026-06-25 23:45:00,29.3,29.3,29.3,29.3,17061.43515272,499900.0499747
2026-06-26 00:00:00,29.3,29.3,29.1,29.3,422013.44424686,12309482.66537899
2026-06-26 00:15:00,29.2,29.6,29.2,29.6,227202.80371579,6650504.67546961
2026-06-26 00:30:00,29.4,29.4,29.3,29.3,415190.10585438,12205837.06211877
2026-06-26 00:45:00,29.1,29.1,29.1,29.1,69037.33027004,2008986.31085816
2026-06-26 01:00:00,29.1,29.5,29.1,29.4,194598.87888922,5676572.37081259
2026-06-26 01:15:00,29.6,29.6,29.5,29.5,5049.63881149,149034.46004044
2026-06-26 01:30:00,29.1,29.1,29.0,29.0,132759.65610021,3853125.97555396
2026-06-26 02:00:00,29.2,29.3,29.2,29.3,6849.91105802,200088.53599999
2026-06-26 02:15:00,29.3,29.4,29.3,29.4,133067.93139097,3899568.79885019
2026-06-26 02:30:00,29.4,29.5,29.4,29.5,31402.64715862,923559.69764987
2026-06-26 02:45:00,29.4,29.4,29.4,29.4,14866.07036617,437062.4687654
2026-06-26 03:00:00,29.4,29.4,29.3,29.3,25137.71331057,737534.9999997
2026-06-26 03:30:00,29.1,29.2,29.1,29.2,37537.01689968,1092369.99999987
2026-06-26 03:45:00,29.1,29.1,29.1,29.1,687.11348792,19995.00249847
2026-06-26 04:00:00,29.0,29.0,29.0,29.0,14230.40204033,412681.65916957
2026-06-26 04:15:00,28.9,28.9,28.9,28.9,27949.65172413,807744.93482736
2026-06-26 05:30:00,29.0,29.0,29.0,29.0,1029776.09628664,29863506.79231256
2026-06-26 05:45:00,29.1,29.1,29.0,29.0,72640.47928365,2106806.71890664
2026-06-26 06:00:00,29.1,29.1,28.9,28.9,148999.29498916,4321024.42410145
2026-06-26 06:15:00,29.0,29.0,28.9,28.9,17288.13559322,499682.17387506
2026-06-26 06:30:00,29.2,29.2,29.2,29.2,18047.8,526995.76
2026-06-26 06:45:00,29.2,29.2,29.2,29.2,296100.60198948,8646137.57809282
2026-06-26 07:00:00,29.3,29.3,29.3,29.3,97022.0281305,2842745.42422365
2026-06-26 07:15:00,29.2,29.2,29.2,29.2,9132.72815646,266675.66216863
2026-06-26 07:30:00,29.1,29.2,29.1,29.2,39864.33486206,1160879.93819656
2026-06-26 07:45:00,29.2,29.2,29.0,29.1,1167814.1476019,33987522.60632948
2026-06-26 08:00:00,29.1,29.2,29.0,29.1,452314.82343855,13142815.04873955
2026-06-26 08:15:00,29.1,29.3,29.1,29.3,42234.90903587,1233641.16886861
2026-06-26 08:30:00,29.3,29.3,29.2,29.3,17089.99658702,500236.89999969
2026-06-26 08:45:00,29.2,29.2,29.2,29.2,84192.51347784,2458421.39355293
2026-06-26 09:00:00,29.1,29.3,29.1,29.3,2513188.51613762,73439705.56711195
2026-06-26 09:15:00,29.2,29.2,29.2,29.2,71862.38910306,2098381.76180935
2026-06-26 09:30:00,29.2,29.2,29.1,29.1,546401.86356642,15915520.27813453
2026-06-26 09:45:00,29.2,29.2,29.0,29.1,218460.55848679,6357172.96127385
2026-06-26 10:00:00,29.2,29.2,29.1,29.1,517.46575342,15092.49999986
2026-06-26 10:15:00,29.0,29.0,29.0,29.0,113793.10344826,3299999.99999954
2026-06-26 10:30:00,28.9,28.9,28.7,28.7,152367.11952676,4382384.88024786
2026-06-26 10:45:00,28.6,28.8,28.6,28.7,1174830.46407476,33604752.57789776
2026-06-26 11:00:00,28.7,28.7,28.2,28.3,486933.68224123,13823927.00137343
2026-06-26 11:15:00,28.3,28.4,28.2,28.2,408991.07251174,11559474.43598547
2026-06-26 11:30:00,28.2,28.2,28.2,28.2,499949.69787691,14098581.48012886
2026-06-26 11:45:00,28.1,28.1,27.9,28.0,432918.11757471,12096480.01591534
2026-06-26 12:00:00,28.0,28.3,28.0,28.3,194381.5679359,5453284.60891898
2026-06-26 12:15:00,28.3,28.4,28.2,28.4,11855.82292329,335535.37102145
2026-06-26 12:30:00,28.4,28.5,28.4,28.5,13252.7798369,376999.99999954
2026-06-26 12:45:00,28.9,28.9,28.7,28.7,1216444.5997722,35148181.79560739
2026-06-26 13:00:00,28.7,28.7,28.6,28.6,1116326.33510234,31948719.88252541
2026-06-26 13:15:00,28.7,28.7,28.7,28.7,14827.58620689,425551.72413774
2026-06-26 13:30:00,28.6,28.6,28.6,28.6,183997.45482154,5262327.20789604
2026-06-26 13:45:00,28.6,28.6,28.6,28.6,14193.9869226,405948.02598636
2026-06-26 14:00:00,28.5,28.5,28.5,28.5,248801.26460633,7090836.04128041
2026-06-26 14:15:00,28.6,28.8,28.6,28.8,60253.5249021,1729921.19124237
2026-06-26 14:30:00,29.1,29.1,28.8,28.8,302424.06669205,8751741.40694978
2026-06-26 14:45:00,28.8,28.8,28.7,28.8,90449.71054595,2598261.76825298
2026-06-26 15:00:00,28.7,28.7,28.6,28.6,290575.94398518,8318364.76326946
2026-06-26 15:15:00,28.7,28.8,28.7,28.8,58329.087785,1674079.66263507
2026-06-26 15:30:00,28.8,28.8,28.8,28.8,250536.51993446,7215451.77411245
2026-06-26 15:45:00,28.9,29.0,28.9,28.9,13511.93173033,390874.1752824
2026-06-26 16:00:00,28.9,29.0,28.9,29.0,10551.09878403,305926.75485847
2026-06-26 16:15:00,29.0,29.0,28.9,29.0,439471.19533496,12740685.42595951
2026-06-26 16:30:00,29.0,29.0,28.9,28.9,49284.58567709,1429082.1601748
2026-06-26 16:45:00,29.0,29.0,29.0,29.0,124373.03103446,3606817.89999934
2026-06-26 17:15:00,28.9,28.9,28.7,28.8,436085.44517454,12595521.10279076
2026-06-26 17:30:00,28.7,28.8,28.7,28.8,109910.47976011,3161897.31709117
2026-06-26 18:00:00,28.8,28.8,28.7,28.7,42060.69534593,1207854.10920597
2026-06-26 18:15:00,28.7,28.9,28.7,28.9,54621.1287339,1567826.39466293
2026-06-26 18:30:00,28.9,28.9,28.7,28.7,129588.69066157,3719544.31796871
2026-06-26 18:45:00,28.6,28.6,28.6,28.6,1556.48601398,44515.49999983
2026-06-26 19:00:00,28.5,28.6,28.5,28.6,254165.81396156,7244670.58824359
2026-06-26 19:15:00,28.6,28.7,28.6,28.7,113348.80980169,3243866.55266283
2026-06-26 19:30:00,28.7,28.7,28.6,28.6,525580.34967224,15063713.77018753
2026-06-26 19:45:00,28.5,28.5,28.5,28.5,500.0,14250.0
2026-06-26 20:00:00,28.4,28.4,28.4,28.4,85977.6833194,2441766.20627096
2026-06-26 20:15:00,28.3,28.4,28.3,28.4,39451.55029114,1119999.99999983
2026-06-26 20:30:00,28.4,28.4,28.4,28.4,69345.50238275,1969412.2676701
2026-06-26 20:45:00,28.3,28.3,28.3,28.3,37500.9781643,1061277.68204969
2026-06-26 21:00:00,28.3,28.3,28.3,28.3,190.0,5377.0
2026-06-26 21:15:00,28.6,28.7,28.5,28.5,39614.13359614,1133492.19340294
2026-06-26 21:30:00,28.6,28.6,28.2,28.2,447017.23332643,12621155.49137514
2026-06-26 21:45:00,28.3,28.3,28.2,28.2,809628.51009696,22850791.21516166
2026-06-26 22:00:00,28.3,28.4,28.3,28.4,14505.33882937,410538.19519227
2026-06-26 22:15:00,28.4,28.4,28.2,28.2,600952.53520098,16947565.71801975
2026-06-26 22:45:00,28.7,29.0,28.7,29.0,707176.92827098,20395322.260697
2026-06-26 23:00:00,29.0,29.0,28.9,28.9,642873.69714276,18643187.77846025
2026-06-26 23:15:00,28.9,28.9,28.9,28.9,47289.40410669,1366663.77868334
2026-06-26 23:30:00,28.9,28.9,28.9,28.9,241032.51624387,6965839.71944784
2026-06-26 23:45:00,28.9,28.9,28.7,28.7,24671.32422626,710964.80000003
2026-06-27 00:00:00,28.7,28.7,28.7,28.7,3484.32055748,99999.99999968
2026-06-27 00:15:00,28.8,28.8,28.8,28.8,20856.930677,600679.6034976
2026-06-27 00:30:00,29.2,29.2,29.2,29.2,2065.13356164,60301.89999989
2026-06-27 00:45:00,29.2,29.2,29.1,29.1,23385.11374334,682673.49999969
2026-06-27 01:00:00,29.1,29.1,29.1,29.1,22455.77319586,653462.99999953
2026-06-27 01:45:00,29.1,29.1,29.1,29.1,35018.3,1019032.53
2026-06-27 02:00:00,29.2,29.2,29.2,29.2,1000.0,29200.0
2026-06-27 02:30:00,29.1,29.1,29.1,29.1,46400.3055,1350248.89005
2026-06-27 02:45:00,29.1,29.2,29.1,29.2,43211.98018329,1260061.44678503
2026-06-27 03:00:00,29.1,29.1,29.1,29.1,27001.1151206,785732.45000946
2026-06-27 03:15:00,29.1,29.1,29.1,29.1,70846.03531567,2061619.627686
2026-06-27 04:30:00,29.2,29.2,29.0,29.0,691.49464694,20111.08791194
2026-06-27 05:00:00,29.0,29.0,29.0,29.0,164656.50170883,4775038.54955607
2026-06-27 05:30:00,29.1,29.1,29.1,29.1,2759.0,80286.9
2026-06-27 05:45:00,29.2,29.2,29.2,29.2,196819.54648657,5747130.75740784
2026-06-27 06:00:00,29.1,29.1,29.1,29.1,31908.44440322,928535.7321337
2026-06-27 06:15:00,29.1,29.1,29.1,29.1,51520.63143685,1499250.37481234
2026-06-27 06:30:00,29.2,29.2,29.1,29.1,2000000.0,58300433.97510867
2026-06-27 07:00:00,29.2,29.2,29.1,29.1,61003.44878671,1780613.41934857
2026-06-27 07:15:00,29.1,29.1,29.1,29.1,317812.81564,9248352.935124
2026-06-27 07:30:00,29.1,29.1,29.1,29.1,16551.39660331,481645.64115632
2026-06-27 07:45:00,29.2,29.2,29.2,29.2,7175.6,209527.52
2026-06-27 08:00:00,29.2,29.4,29.2,29.3,52291.48026018,1537168.23781937
2026-06-27 08:45:00,29.3,29.4,29.3,29.4,1103.96892145,32363.5307778
2026-06-27 09:00:00,29.5,30.0,29.5,29.7,725649.55703732,21629197.950694
2026-06-27 09:15:00,29.7,29.7,29.6,29.6,66557.42500768,1973039.94585526
2026-06-27 09:30:00,29.5,29.5,29.5,29.5,419265.64725427,12368336.59400097
2026-06-27 09:45:00,29.5,29.7,29.5,29.5,446006.43895326,13207155.71834534
2026-06-27 10:15:00,29.5,29.5,29.5,29.5,311337.88513513,9184467.61148634
2026-06-27 10:30:00,29.5,29.5,29.5,29.5,311302.78669139,9183432.20739601
2026-06-27 10:45:00,29.4,29.4,29.4,29.4,3362.80635192,98866.50674645
2026-06-27 11:00:00,29.3,29.4,29.3,29.4,40699.37605171,1193218.84572002
2026-06-27 11:15:00,29.4,29.4,29.4,29.4,1742.33139298,51224.54295361
2026-06-27 11:30:00,29.5,29.5,29.5,29.5,129012.36037097,3805864.63094362
2026-06-27 12:15:00,29.5,29.5,29.5,29.5,88395.35317653,2607662.91870764
2026-06-27 12:30:00,29.7,29.7,29.7,29.7,6779.66101694,201355.93220312
2026-06-27 12:45:00,29.5,29.6,29.5,29.6,173081.0936412,5106263.88403702
2026-06-27 13:00:00,29.6,29.6,29.6,29.6,70823.57837837,2096377.91999975
2026-06-27 13:15:00,29.6,29.6,29.6,29.6,96371.15645479,2852586.23106178
2026-06-27 13:30:00,29.6,29.6,29.5,29.5,138749.73178102,4093286.00645901
2026-06-27 13:45:00,29.4,29.4,29.4,29.4,5172.4137931,152068.96551714
2026-06-27 14:00:00,29.4,29.4,29.4,29.4,14984.67431247,440549.42478662
2026-06-27 14:15:00,29.3,29.4,29.3,29.4,178132.62963101,5237043.95274147
2026-06-27 14:30:00,29.4,29.4,29.4,29.4,3741.49659863,109999.99999972
2026-06-27 15:00:00,29.4,29.4,29.3,29.3,353796.50140464,10400234.09999949
2026-06-27 15:30:00,29.3,29.5,29.3,29.5,5412.96928327,158999.99999981
2026-06-27 15:45:00,29.5,29.5,29.5,29.5,3889.83050847,114749.99999987
2026-06-27 16:00:00,29.5,29.5,29.4,29.4,160235.3851389,4711825.12647349
2026-06-27 16:30:00,29.4,29.4,29.4,29.4,5658.20338983,166351.179661
2026-06-27 16:45:00,29.5,29.6,29.5,29.6,35577.46447435,1051055.4722636
2026-06-27 17:15:00,29.5,29.5,29.5,29.5,93867.42425397,2769089.01549212
2026-06-27 17:30:00,29.4,29.4,29.4,29.4,17006.80272109,500000.00000005
2026-06-27 17:45:00,29.4,29.4,29.4,29.4,13605.44217686,399999.99999968
2026-06-27 18:00:00,29.4,29.4,29.4,29.4,48793.10663539,1434517.33508047
2026-06-27 18:15:00,29.3,29.3,29.2,29.3,353907.13034711,10335215.54219966
2026-06-27 18:45:00,29.2,29.2,29.2,29.2,83027.26426212,2424396.1164539
2026-06-27 19:00:00,29.2,29.2,29.2,29.2,1237.02695724,36121.18715141
2026-06-27 19:15:00,29.4,29.4,29.3,29.3,41135.81528173,1205959.99999959
2026-06-27 19:45:00,29.4,29.4,29.4,29.4,5485.76340216,161281.4440235
2026-06-27 20:00:00,29.4,29.4,29.4,29.4,6802.72108843,199999.99999984
2026-06-27 20:15:00,29.3,29.3,29.2,29.2,3650.44894571,106920.99999971
2026-06-27 20:45:00,29.3,29.3,29.1,29.3,14638.88767851,427898.11608628
2026-06-27 21:00:00,29.2,29.2,29.2,29.2,3412.96928327,99658.70307148
2026-06-27 21:30:00,29.2,29.2,29.2,29.2,3424.65753424,99999.99999981
2026-06-27 21:45:00,29.2,29.2,29.2,29.2,300.0,8760.0
2026-06-27 22:00:00,29.1,29.1,29.1,29.1,37248.077344,1083919.0507104
2026-06-27 22:15:00,29.2,29.2,29.2,29.2,17328.76712328,505999.99999978
2026-06-27 22:30:00,29.2,29.2,29.2,29.2,220417.11235578,6436179.68078878
2026-06-27 22:45:00,29.3,29.3,29.3,29.3,2591.48273913,75930.44425651
2026-06-27 23:00:00,29.2,29.2,29.2,29.2,37048.077344,1081803.8584448
2026-06-27 23:45:00,29.3,29.3,29.2,29.2,10237.64636321,299281.73955916
2026-06-28 00:00:00,29.2,29.2,29.2,29.2,24085.3551,703292.36892
2026-06-28 00:15:00,29.2,29.2,29.1,29.1,900400.0,26202055.13869462
2026-06-28 00:30:00,29.3,29.3,29.2,29.2,10297.50976791,301374.57044634
2026-06-28 00:45:00,29.3,29.3,29.1,29.1,96357.51016961,2810127.4848324
2026-06-28 01:00:00,29.1,29.2,29.1,29.2,364785.04969079,10618727.69600199
2026-06-28 01:30:00,29.2,29.2,29.2,29.2,235005.64689564,6862164.88935269
2026-06-28 02:00:00,29.1,29.1,28.9,28.9,326119.3202251,9481335.56359548
2026-06-28 02:15:00,29.0,29.0,29.0,29.0,17232.76292888,499750.12493752
2026-06-28 02:30:00,29.0,29.0,28.9,28.9,270129.07929596,7823971.77096359
2026-06-28 03:15:00,28.8,28.8,28.8,28.8,71660.59811616,2063825.22574541
2026-06-28 03:30:00,28.9,28.9,28.9,28.9,2183.45998384,63101.99353298
2026-06-28 03:45:00,28.8,28.8,28.8,28.8,12528.68411155,360826.10241264
2026-06-28 04:00:00,28.8,28.9,28.8,28.9,233220.1,6720060.89
2026-06-28 04:15:00,28.8,28.8,28.7,28.7,88011.89865942,2532806.30508468
2026-06-28 04:30:00,28.6,28.6,28.6,28.6,212714.38573543,6083631.4320333
2026-06-28 04:45:00,28.7,28.7,28.7,28.7,197421.60278745,5665999.99999982
2026-06-28 05:00:00,28.8,28.8,28.8,28.8,11000.0,316800.0
2026-06-28 05:30:00,28.8,28.8,28.8,28.8,2642.88194444,76114.99999987
2026-06-28 05:45:00,28.8,28.8,28.8,28.8,622.18890554,17919.04047955
2026-06-28 06:00:00,28.8,28.8,28.8,28.8,56289.25120772,1621130.43478234
2026-06-28 06:30:00,28.8,28.8,28.7,28.7,10292.30775435,295528.12143873
2026-06-28 06:45:00,28.7,28.7,28.7,28.7,1000.0,28700.0
2026-06-28 07:00:00,28.6,28.6,28.6,28.6,557167.22746318,15934982.70544695
2026-06-28 07:15:00,28.6,28.6,28.5,28.5,184950.95788343,5289137.81366377
2026-06-28 07:30:00,28.6,28.6,28.6,28.6,547835.74367168,15668102.26901005
2026-06-28 07:45:00,28.7,28.8,28.7,28.8,4525.98722415,129999.99999977
2026-06-28 08:00:00,28.8,28.8,28.7,28.7,16633.73840459,478429.9588784
2026-06-28 08:30:00,28.6,28.6,28.5,28.5,25000.10801393,712901.86851244
2026-06-28 08:45:00,28.6,28.6,28.5,28.5,200000.0,5700061.5225604
2026-06-28 09:00:00,28.7,28.7,28.6,28.6,342426.99229848,9793989.02677485
2026-06-28 09:15:00,28.6,28.6,28.6,28.6,5000.0,143000.0
2026-06-28 09:30:00,28.6,28.6,28.6,28.6,277597.08970405,7939276.76553583
2026-06-28 09:45:00,28.7,28.7,28.7,28.7,3896.26313286,111822.75191308
2026-06-28 10:00:00,28.7,28.7,28.7,28.7,225446.81004443,6470323.44827514
2026-06-28 10:15:00,28.7,28.8,28.7,28.8,54988.03460979,1583606.25699617
2026-06-28 10:30:00,28.8,28.9,28.7,28.8,52353.61557974,1509168.66925644
2026-06-28 11:00:00,28.9,29.0,28.9,29.0,66457.22551316,1922681.74888179
2026-06-28 11:15:00,28.9,28.9,28.9,28.9,6473.91003459,187095.99999965
2026-06-28 11:30:00,28.9,28.9,28.8,28.8,500.69204152,14451.99999993
2026-06-28 11:45:00,28.7,28.7,28.7,28.7,2090.59233449,59999.99999986
2026-06-28 12:00:00,28.8,28.8,28.8,28.8,31559.50380577,908913.70960618
2026-06-28 12:15:00,28.7,28.7,28.7,28.7,42595.1048551,1222479.50934137
2026-06-28 12:30:00,28.7,28.7,28.7,28.7,498588.27578939,14309483.51515549
2026-06-28 12:45:00,28.8,28.8,28.8,28.8,102.07025149,2939.62324291
2026-06-28 13:00:00,28.8,28.8,28.7,28.7,66192.28173476,1905989.28190534
2026-06-28 13:15:00,28.8,28.8,28.8,28.8,14562.37623451,419396.43555389
2026-06-28 13:30:00,28.8,28.8,28.7,28.8,458914.55113677,13197926.6843858
2026-06-28 13:45:00,28.8,28.8,28.8,28.8,18934.52334865,545314.27244112
2026-06-28 14:15:00,28.8,28.8,28.6,28.6,44647.43478514,1277630.07929945
2026-06-28 14:30:00,28.6,28.6,28.6,28.6,90662.35704622,2592943.41152189
2026-06-28 15:15:00,28.6,28.6,28.6,28.6,33658.43855672,962631.34272219
2026-06-28 15:30:00,28.6,28.6,28.6,28.6,181937.38016955,5203409.07284913
2026-06-28 15:45:00,28.5,28.8,28.5,28.8,670.34360462,19209.6882006
2026-06-28 16:00:00,28.7,28.7,28.7,28.7,1767.00504887,50713.04490257
2026-06-28 16:15:00,28.6,28.6,28.6,28.6,7588.16608434,217021.55001212
2026-06-28 16:30:00,28.7,28.8,28.7,28.8,5954.12766854,171230.68630932
2026-06-28 17:00:00,28.7,28.8,28.7,28.8,67877.05287826,1954754.95622722
2026-06-28 17:15:00,28.7,28.7,28.7,28.7,2396.06224285,68766.9863698
2026-06-28 17:30:00,28.8,28.8,28.8,28.8,1041.66666666,29999.99999981
2026-06-28 17:45:00,29.0,29.0,29.0,29.0,500.0,14500.0
2026-06-28 18:00:00,28.9,29.0,28.9,29.0,322250.92175669,9339350.79973519
2026-06-28 18:15:00,29.0,29.0,29.0,29.0,8620.68965517,249999.99999993
2026-06-28 18:30:00,28.9,28.9,28.9,28.9,2633.75722543,76115.58381493
2026-06-28 18:45:00,28.9,28.9,28.9,28.9,5051.47058824,145987.50000014
2026-06-28 19:00:00,28.9,28.9,28.9,28.9,179899.2153188,5199087.32271332
2026-06-28 19:15:00,28.9,28.9,28.9,28.9,268304.55297816,7754001.58106882
2026-06-28 19:30:00,28.8,28.8,28.8,28.8,862.66140946,24844.64859245
2026-06-28 19:45:00,28.9,28.9,28.8,28.8,365624.99999998,10530208.33333276
2026-06-28 20:00:00,28.8,28.8,28.8,28.8,23699.69391024,682551.18461491
2026-06-28 20:30:00,28.9,28.9,28.8,28.8,499411.74122537,14383075.47947059
2026-06-28 20:45:00,28.8,28.8,28.7,28.7,374558.80591903,10750532.17432061
2026-06-28 21:00:00,28.7,28.9,28.7,28.9,1129555.8295218,32419428.1896286
2026-06-28 21:15:00,28.8,28.8,28.8,28.8,53415.9653755,1538379.8028144
2026-06-28 21:30:00,28.8,28.8,28.8,28.8,6944.44444444,199999.99999987
2026-06-28 21:45:00,28.7,28.8,28.6,28.6,59744.4292698,1712923.98881779
2026-06-28 22:00:00,28.6,28.6,28.6,28.6,513764.22898465,14693656.94896099
2026-06-28 22:45:00,28.6,28.6,28.5,28.5,78946.84462677,2250048.00892588
2026-06-28 23:00:00,28.5,28.5,28.5,28.5,246956.27332816,7038253.78985256
