,open,high,low,close,volume,value
2026-05-04 01:30:00,18.6,18.6,18.6,18.6,161290.32258065,3000000.00000009
2026-05-04 01:45:00,18.7,18.7,18.3,18.5,2953807.40389609,54762776.30894994
2026-05-04 02:45:00,18.6,18.6,18.4,18.4,5330.77274623,98232.22946777
2026-05-04 03:00:00,18.4,18.4,18.4,18.4,4606.62968745,84761.98624908
2026-05-04 03:45:00,18.6,18.6,18.4,18.4,796.51134317,14709.58290788
2026-05-04 04:00:00,18.6,18.6,18.6,18.6,537.6344086,9999.99999996
2026-05-04 04:15:00,18.6,18.6,18.6,18.6,537.6344086,9999.99999996
2026-05-04 05:45:00,18.5,18.5,18.5,18.5,3247.80027,60084.304995
2026-05-04 06:00:00,18.4,18.4,18.4,18.4,278.05555556,5116.2222223
2026-05-04 06:15:00,18.5,18.5,18.5,18.5,2702.7027027,49999.99999995
2026-05-04 06:30:00,18.5,18.5,18.5,18.5,30633.5037144,566719.8187164
2026-05-04 07:00:00,18.5,18.5,18.5,18.5,1546.39175257,28608.24742255
2026-05-04 07:15:00,18.5,18.5,18.5,18.5,10869.5652174,201086.9565219
2026-05-04 07:30:00,18.5,18.5,18.5,18.5,10000.0,185000.0
2026-05-04 07:45:00,18.6,18.6,18.6,18.6,16666.66666666,309999.99999988
2026-05-04 08:00:00,18.6,18.6,18.6,18.6,3110.43403029,57854.07296339
2026-05-04 08:30:00,18.6,18.6,18.6,18.6,1957.92096774,36417.32999996
2026-05-04 08:45:00,18.6,18.6,18.6,18.6,2149.73118279,39984.99999989
2026-05-04 09:00:00,18.6,18.6,18.6,18.6,271.50537634,5049.99999992
2026-05-04 09:15:00,18.6,18.6,18.6,18.6,563.64290972,10483.75812079
2026-05-04 09:30:00,18.6,18.6,18.5,18.6,45764.90877261,846866.07602476
2026-05-04 09:45:00,18.5,18.5,18.5,18.5,117546.55009343,2174611.17672846
2026-05-04 10:00:00,18.4,18.5,18.4,18.4,5896.25300783,108531.56129002
2026-05-04 10:15:00,18.4,18.4,18.4,18.4,191924.61844282,3531412.97934789
2026-05-04 10:30:00,18.4,18.5,18.4,18.5,164138.61340026,3024236.01359181
2026-05-04 10:45:00,18.5,18.6,18.5,18.6,433611.55456248,8063550.24887669
2026-05-04 11:00:00,18.6,18.6,17.6,18.1,7401697.80536228,133250571.14544715
2026-05-04 11:15:00,18.2,18.3,18.1,18.2,261747.22086624,4763853.39388848
2026-05-04 11:30:00,18.2,18.2,18.1,18.2,452227.64788273,8216095.2743369
2026-05-04 11:45:00,18.2,18.2,18.2,18.2,96285.26455172,1752391.8148413
2026-05-04 12:00:00,18.2,18.3,18.2,18.3,487594.80636256,8907989.25278642
2026-05-04 12:15:00,18.4,18.4,18.3,18.3,84868.60491322,1553304.1655641
2026-05-04 12:30:00,18.4,18.4,18.4,18.4,197288.08341394,3630100.7348165
2026-05-04 12:45:00,18.5,18.5,18.5,18.5,147103.27173224,2721410.52704644
2026-05-04 13:00:00,18.6,18.6,18.5,18.5,217510.82523192,4029446.94958622
2026-05-04 13:15:00,18.5,18.6,18.5,18.6,6482.36433013,120491.35054042
2026-05-04 13:30:00,18.5,18.6,18.5,18.5,56785.25602678,1051871.32251694
2026-05-04 13:45:00,18.5,18.5,18.5,18.5,2964.12901043,54836.38669296
2026-05-04 14:00:00,18.6,18.6,18.6,18.6,434.76421461,8086.61439175
2026-05-04 14:15:00,18.5,18.6,18.5,18.6,50019.524545,925443.31101291
2026-05-04 14:30:00,18.5,18.5,18.5,18.5,10512.93575085,194489.31139073
2026-05-04 14:45:00,18.5,18.6,18.5,18.5,372353.74723542,6920802.3883714
2026-05-04 15:00:00,18.5,18.5,18.5,18.5,64736.37092979,1197622.86220112
2026-05-04 15:15:00,18.6,18.7,18.4,18.4,429741.88127871,8002975.16597622
2026-05-04 15:30:00,18.6,18.6,18.5,18.6,10420.49618634,193767.14798492
2026-05-04 16:15:00,18.5,18.6,18.5,18.6,1521.07634139,28167.33167055
2026-05-04 16:30:00,18.5,18.5,18.5,18.5,21505.37634408,397849.46236548
2026-05-04 16:45:00,18.6,18.6,18.5,18.6,116755.83770742,2171631.38027106
2026-05-04 17:00:00,18.6,18.6,18.5,18.5,110266.45742858,2050928.60817159
2026-05-04 17:15:00,18.6,18.6,18.5,18.5,21765.38297297,402686.88229724
2026-05-04 17:30:00,18.6,18.6,18.6,18.6,271.50537634,5049.99999992
2026-05-04 17:45:00,18.6,18.6,18.5,18.6,63059.99260809,1170144.78396135
2026-05-04 18:00:00,18.5,18.5,18.5,18.5,279.60893855,5172.76536318
2026-05-04 18:15:00,18.5,18.5,18.4,18.5,54231.73752011,1003259.33856648
2026-05-04 18:30:00,18.4,18.5,18.4,18.5,15304.70405337,282337.02498735
2026-05-04 19:00:00,18.5,18.6,18.5,18.6,51806.18901077,958955.03723979
2026-05-04 19:15:00,18.5,18.5,18.3,18.3,295554.21603597,5422337.98307132
2026-05-04 19:30:00,18.4,18.5,18.4,18.5,97050.54715039,1787392.76248084
2026-05-04 20:00:00,18.4,18.4,18.4,18.4,815.92391303,15012.99999975
2026-05-04 20:15:00,18.4,18.4,18.4,18.4,95847.83695108,1763600.19989987
2026-05-04 20:45:00,18.4,18.5,18.4,18.5,16930.60696092,311550.07668308
2026-05-04 21:15:00,18.5,18.5,18.5,18.5,538.172043,9956.1827955
2026-05-04 21:30:00,18.5,18.5,18.4,18.4,6904.73568977,127155.24479988
2026-05-04 21:45:00,18.4,18.5,18.3,18.4,73131.91021386,1339345.65853213
2026-05-04 22:00:00,18.3,18.3,18.3,18.3,278.05555556,5088.41666675
2026-05-04 22:15:00,18.4,18.4,18.4,18.4,3275.71869801,60273.22404338
2026-05-04 22:30:00,18.3,18.4,18.3,18.4,33559.21622377,614704.04375801
2026-05-04 22:45:00,18.4,18.5,18.4,18.4,83316.81115347,1533083.38468331
2026-05-04 23:00:00,18.4,18.4,18.4,18.4,11044.1538786,203212.43136624
2026-05-04 23:15:00,18.4,18.4,18.4,18.4,2717.39130434,49999.99999986
2026-05-04 23:30:00,18.3,18.4,18.3,18.4,23170.43822732,425238.94435978
2026-05-04 23:45:00,18.4,18.5,18.4,18.5,29254.80230438,538315.41645465
2026-05-05 00:00:00,18.5,18.5,18.5,18.5,180505.26813179,3339347.46043812
2026-05-05 00:45:00,18.5,18.5,18.5,18.5,8500.0,157250.0
2026-05-05 01:00:00,18.6,18.6,18.5,18.5,50132.49768438,927598.91683845
2026-05-05 02:00:00,18.5,18.6,18.5,18.6,10268.8172043,189999.99999998
2026-05-05 02:45:00,18.5,18.5,18.5,18.5,427.25906736,7904.29274616
2026-05-05 04:00:00,18.6,18.6,18.5,18.5,85444.96136783,1580785.54874572
2026-05-05 04:15:00,18.5,18.5,18.5,18.5,4000.68582835,74012.68782448
2026-05-05 04:45:00,18.5,18.6,18.5,18.6,51515.580015,953064.99498338
2026-05-05 07:15:00,18.5,18.6,18.5,18.6,16726.84104,309526.99725391
2026-05-05 07:30:00,18.6,18.6,18.6,18.6,36870.67204301,685794.49999999
2026-05-05 07:45:00,18.5,18.6,18.5,18.6,135625.93594543,2509187.01771025
2026-05-05 08:00:00,18.6,18.6,18.6,18.6,3193.44493115,59398.07571939
2026-05-05 08:30:00,18.5,18.6,18.4,18.6,86781.87389227,1597753.77741089
2026-05-05 09:00:00,18.6,18.6,18.2,18.4,662712.3251453,12126723.61343425
2026-05-05 09:15:00,18.4,18.4,18.3,18.4,22386.43209846,411533.21526022
2026-05-05 09:30:00,18.4,18.4,18.4,18.4,2445.51630434,44997.49999986
2026-05-05 09:45:00,18.4,18.4,18.4,18.4,5983.91304346,110103.99999966
2026-05-05 10:00:00,18.4,18.5,18.3,18.4,560733.85717974,10291077.7529744
2026-05-05 10:15:00,18.4,18.4,18.4,18.4,36844.4302667,677937.51690728
2026-05-05 10:30:00,18.4,18.4,18.4,18.4,30563.81446059,562374.18607486
2026-05-05 10:45:00,18.5,18.6,18.5,18.6,991011.02097348,18389013.25186414
2026-05-05 11:00:00,18.6,18.6,18.6,18.6,977893.72140263,18188823.21808892
2026-05-05 11:15:00,18.5,18.5,18.5,18.5,15590.79027076,288429.62000906
2026-05-05 11:30:00,18.6,18.7,18.6,18.7,106979.67075623,1999050.74558834
2026-05-05 11:45:00,18.6,18.7,18.6,18.7,2318.13903743,43197.59999994
2026-05-05 12:00:00,18.6,18.6,18.6,18.6,6264.16371311,116513.44506385
2026-05-05 12:15:00,18.6,18.6,18.6,18.6,6428.49192795,119569.94985987
2026-05-05 12:30:00,18.7,18.7,18.6,18.6,99425.93102707,1849349.3224511
2026-05-05 13:00:00,18.6,18.6,18.6,18.6,96163.34248307,1788638.1701851
2026-05-05 13:30:00,18.6,18.6,18.6,18.6,29227.76676874,543636.46189856
2026-05-05 13:45:00,18.6,18.6,18.6,18.6,306.90607734,5708.45303852
2026-05-05 14:00:00,18.6,18.8,18.6,18.8,468182.0385529,8742058.8794132
2026-05-05 14:15:00,18.6,19.0,18.6,18.9,588127.46558208,11080959.62777841
2026-05-05 14:30:00,19.0,19.0,18.7,18.8,493027.93195598,9313480.40784797
2026-05-05 14:45:00,18.8,18.9,18.8,18.9,94044.56139997,1770411.57270125
2026-05-05 15:00:00,18.9,18.9,18.9,18.9,32645.5026455,616999.99999995
2026-05-05 15:15:00,18.9,18.9,18.9,18.9,529.1005291,9999.99999999
2026-05-05 15:30:00,18.8,18.8,18.7,18.8,393560.48274312,7398103.837818
2026-05-05 15:45:00,18.8,18.8,18.8,18.8,157229.74943101,2955919.28930299
2026-05-05 16:00:00,18.7,18.7,18.6,18.7,350693.41781912,6543686.64507115
2026-05-05 16:15:00,18.7,18.7,18.6,18.6,175216.58987648,3276029.34083668
2026-05-05 16:30:00,18.7,18.7,18.7,18.7,3113.09585848,58214.89255358
2026-05-05 16:45:00,18.6,18.7,18.6,18.6,570119.76210289,10605976.72727564
2026-05-05 17:00:00,18.6,18.6,18.5,18.5,389194.74738436,7230060.75087433
2026-05-05 17:15:00,18.6,18.6,18.6,18.6,2112.22053763,39287.30199992
2026-05-05 17:30:00,18.6,18.6,18.6,18.6,10000.0,186000.0
2026-05-05 17:45:00,18.6,18.6,18.6,18.6,337.76075268,6282.34999985
2026-05-05 18:00:00,18.6,18.6,18.6,18.6,67310.13208129,1251968.45671199
2026-05-05 18:30:00,18.7,18.7,18.7,18.7,146438.54543316,2738400.79960009
2026-05-05 18:45:00,18.6,18.6,18.6,18.6,30669.59032217,570454.37999236
2026-05-05 19:00:00,18.5,18.5,18.5,18.5,12261.02053549,226828.87990657
2026-05-05 19:15:00,18.6,18.6,18.6,18.6,21901.07723589,407360.03658755
2026-05-05 19:30:00,18.7,18.7,18.6,18.7,6990.0447936,130095.50827967
2026-05-05 19:45:00,18.7,18.7,18.7,18.7,2672.46056116,49975.01249369
2026-05-05 20:00:00,18.7,18.7,18.7,18.7,496.84491978,9290.99999989
2026-05-05 20:15:00,18.7,18.7,18.7,18.7,6162.35294117,115235.99999988
2026-05-05 20:30:00,18.6,18.6,18.6,18.6,9032.15487855,167998.08074103
2026-05-05 20:45:00,18.6,18.6,18.6,18.6,11820.11558734,219854.14992452
2026-05-05 21:00:00,18.6,18.6,18.6,18.6,195543.40261766,3637107.28868848
2026-05-05 21:15:00,18.6,18.6,18.6,18.6,29191.06290319,542953.76999933
2026-05-05 21:30:00,18.6,18.7,18.6,18.6,40973.9376689,765024.99999983
2026-05-05 21:45:00,18.6,18.6,18.6,18.6,20335.13903682,378233.58608485
2026-05-05 22:00:00,18.5,18.6,18.5,18.6,405156.39582318,7510717.35445092
2026-05-05 22:15:00,18.6,18.6,18.6,18.6,10501.46049925,195327.16528605
2026-05-05 22:30:00,18.6,18.7,18.6,18.6,833286.51809388,15573769.9322411
2026-05-05 22:45:00,18.7,18.8,18.7,18.8,255586.37463112,4780279.96092109
2026-05-05 23:00:00,18.8,18.8,18.7,18.7,27974.03658707,523266.2660931
2026-05-05 23:15:00,18.7,18.7,18.7,18.7,7360.55496654,137642.3778743
2026-05-05 23:30:00,18.7,18.7,18.7,18.7,22000.0,411400.0
2026-05-05 23:45:00,18.7,18.7,18.7,18.7,112912.15354889,2111457.27136424
2026-05-06 00:00:00,18.7,18.7,18.7,18.7,103408.02068193,1933729.98675209
2026-05-06 00:15:00,18.8,18.8,18.8,18.8,531.91489361,9999.99999987
2026-05-06 00:30:00,18.8,18.8,18.8,18.8,531.91489361,9999.99999987
2026-05-06 00:45:00,18.7,18.7,18.7,18.7,362054.63933432,6770421.75555178
2026-05-06 01:00:00,18.7,18.7,18.6,18.6,147976.64066342,2756028.95915096
2026-05-06 01:15:00,18.7,18.7,18.7,18.7,1602.672862,29969.9825194
2026-05-06 02:00:00,18.8,18.8,18.8,18.8,268.61702127,5049.99999988
2026-05-06 02:30:00,18.7,18.7,18.7,18.7,1666.38779483,31161.45176332
2026-05-06 02:45:00,18.6,18.6,18.6,18.6,3153.87760665,58662.12348369
2026-05-06 04:00:00,18.7,18.7,18.6,18.6,125358.03057328,2331712.84459884
2026-05-06 04:45:00,18.6,18.6,18.6,18.6,1918.887345,35691.304617
2026-05-06 05:00:00,18.6,18.7,18.6,18.7,3445.0286167,64369.13513229
2026-05-06 05:15:00,18.7,18.7,18.6,18.6,55436.24095387,1036461.67532487
2026-05-06 05:30:00,18.7,18.7,18.7,18.7,26737.96791443,499999.99999984
2026-05-06 05:45:00,18.7,18.7,18.7,18.7,47693.87236418,891875.41321017
2026-05-06 06:15:00,18.7,18.7,18.7,18.7,541.29946524,10122.29999999
2026-05-06 06:30:00,18.7,18.7,18.7,18.7,13458.70053476,251677.70000001
2026-05-06 06:45:00,18.7,18.7,18.7,18.7,449.98864037,8414.78757492
2026-05-06 07:00:00,18.7,18.7,18.7,18.7,1905.128015,35625.8938805
2026-05-06 07:15:00,18.8,18.8,18.8,18.8,1339.75565408,25187.4062967
2026-05-06 07:30:00,18.8,18.8,18.8,18.8,14159.09066743,266190.90454768
2026-05-06 08:00:00,18.7,18.7,18.7,18.7,47693.87236418,891875.41321017
2026-05-06 08:15:00,18.8,18.8,18.8,18.8,268.61702127,5049.99999988
2026-05-06 08:30:00,18.7,18.7,18.7,18.7,84803.9107734,1585833.13146258
2026-05-06 08:45:00,18.8,18.8,18.8,18.8,530.51861702,9973.74999998
2026-05-06 09:00:00,18.8,18.8,18.7,18.8,224679.27144802,4202553.19092331
2026-05-06 09:15:00,18.7,18.7,18.7,18.7,59336.5132573,1109592.79791151
2026-05-06 09:30:00,18.8,18.8,18.8,18.8,410984.48094579,7726508.24178085
2026-05-06 09:45:00,18.8,18.8,18.8,18.8,528305.08057285,9932135.51476958
2026-05-06 10:00:00,18.8,18.9,18.8,18.8,16827.39331382,316386.74033156
2026-05-06 10:15:00,18.8,18.9,18.7,18.9,370172.00030448,6951186.76580969
2026-05-06 10:30:00,18.7,18.7,18.7,18.7,270.54054055,5059.10810829
2026-05-06 11:00:00,18.8,18.8,18.7,18.8,28908.39663518,540747.80431191
2026-05-06 11:15:00,18.8,18.8,18.7,18.7,1345.14916743,25261.60326073
2026-05-06 11:30:00,18.7,18.9,18.7,18.7,25595.76745328,481407.21142774
2026-05-06 11:45:00,18.9,18.9,18.9,18.9,2610.0,49329.0
2026-05-06 12:15:00,18.7,18.8,18.7,18.8,70256.0,1318637.2
2026-05-06 12:30:00,18.8,18.8,18.6,18.6,251267.78553476,4698472.75402687
2026-05-06 12:45:00,18.7,18.8,18.7,18.7,131604.03596943,2471321.4798375
2026-05-06 13:00:00,18.8,18.8,18.8,18.8,160106.38297871,3009999.99999975
2026-05-06 13:15:00,18.7,18.7,18.7,18.7,103795.09882861,1940968.34809501
2026-05-06 13:30:00,18.7,18.8,18.7,18.8,196662.37413791,3697212.59447152
2026-05-06 13:45:00,18.8,18.8,18.8,18.8,10638.29787235,200000.00000018
2026-05-06 14:00:00,18.8,18.8,18.7,18.7,811514.40705573,15253544.53685825
2026-05-06 14:15:00,18.7,18.7,18.6,18.6,159996.54346169,2991908.01300683
2026-05-06 14:30:00,18.6,18.6,18.5,18.6,869824.44778111,16178677.12441588
2026-05-06 14:45:00,18.6,18.7,18.6,18.7,39455.71314925,733929.08816279
2026-05-06 15:00:00,18.7,18.7,18.7,18.7,392217.96597975,7334475.96382133
2026-05-06 15:15:00,18.7,18.7,18.6,18.7,928188.33721245,17357094.10031726
2026-05-06 15:45:00,18.7,18.7,18.7,18.7,119652.93641712,2237509.91100014
2026-05-06 16:00:00,18.7,18.7,18.7,18.7,6408.04708038,119830.48040311
2026-05-06 16:15:00,18.7,18.7,18.7,18.7,2628.0,49143.6
2026-05-06 16:30:00,18.7,18.7,18.7,18.7,264572.70899369,4947509.658182
2026-05-06 17:00:00,18.8,18.8,18.8,18.8,266.43617021,5008.99999995
2026-05-06 17:30:00,18.8,18.8,18.8,18.8,1063.82978722,19999.99999974
2026-05-06 17:45:00,18.8,18.8,18.7,18.7,227583.20294234,4275805.89502176
2026-05-06 18:00:00,18.8,18.8,18.7,18.7,3483.81831585,65306.97697448
2026-05-06 18:15:00,18.7,18.8,18.7,18.8,185525.5553349,3476650.49377206
2026-05-06 18:30:00,18.7,18.8,18.7,18.8,28911.0192,540663.36096
2026-05-06 18:45:00,18.8,18.8,18.8,18.8,113354.79001382,2131070.05225982
2026-05-06 19:00:00,18.8,18.8,18.8,18.8,33967.89860968,638596.49386198
2026-05-06 19:15:00,18.8,18.8,18.8,18.8,1877.06018,35288.731384
2026-05-06 19:30:00,18.8,18.9,18.7,18.9,40246.12176679,755520.34941662
2026-05-06 19:45:00,18.7,18.8,18.7,18.7,152555.60569429,2854119.81132322
2026-05-06 20:00:00,18.7,18.7,18.7,18.7,1882.981285,35211.7500295
2026-05-06 20:15:00,18.7,18.8,18.7,18.8,55321.55391957,1039829.66594958
2026-05-06 20:45:00,18.8,18.8,18.7,18.8,16501.06382978,310192.49999986
2026-05-06 21:00:00,18.8,18.8,18.8,18.8,80498.74788975,1513376.4603273
2026-05-06 21:15:00,18.8,18.8,18.8,18.8,106549.48048527,2003130.23312308
2026-05-06 21:30:00,18.9,18.9,18.9,18.9,109896.19507573,2077038.0869313
2026-05-06 22:00:00,18.8,18.8,18.7,18.8,173775.93858872,3259855.14328537
2026-05-06 22:15:00,18.8,18.8,18.8,18.8,2668.82723131,50173.95194863
2026-05-06 22:30:00,18.7,18.7,18.7,18.7,275.0,5142.5
2026-05-06 22:45:00,18.7,18.8,18.7,18.8,364332.57680351,6813500.4696481
2026-05-06 23:00:00,18.7,18.7,18.7,18.7,275.0,5142.5
2026-05-06 23:15:00,18.7,18.7,18.6,18.6,378365.70397823,7074686.09079922
2026-05-06 23:30:00,18.7,18.7,18.6,18.7,810.026737,15119.9999819
2026-05-06 23:45:00,18.7,18.7,18.7,18.7,1363.36898491,25495.00001782
2026-05-07 00:00:00,18.8,18.8,18.8,18.8,20285.01329786,381358.24999977
2026-05-07 00:30:00,18.8,18.8,18.8,18.8,53191.4893617,999999.99999996
2026-05-07 00:45:00,18.8,18.8,18.8,18.8,27664.893617,520099.9999996
2026-05-07 01:00:00,18.8,18.8,18.8,18.8,2659.57446808,49999.9999999
2026-05-07 01:30:00,18.7,18.7,18.7,18.7,215754.07063783,4034601.12092742
2026-05-07 01:45:00,18.7,18.7,18.7,18.7,254196.16513055,4753468.28794129
2026-05-07 04:45:00,18.8,18.8,18.8,18.8,265.9574468,4999.99999984
2026-05-07 05:45:00,18.7,18.7,18.6,18.6,10752.68817205,200034.23336911
2026-05-07 06:00:00,18.7,18.7,18.7,18.7,3793.16171,70932.123977
2026-05-07 06:15:00,18.7,18.7,18.7,18.7,348960.73820977,6525565.8045227
2026-05-07 06:30:00,18.7,18.7,18.7,18.7,30000.0,561000.0
2026-05-07 07:30:00,18.7,18.7,18.7,18.7,1363.63636361,25499.99999951
2026-05-07 08:00:00,18.6,18.6,18.6,18.6,77957.26778315,1450005.18076659
2026-05-07 08:30:00,18.7,18.8,18.6,18.8,228425.32024539,4253302.49912582
2026-05-07 08:45:00,18.8,18.8,18.6,18.7,281955.1857104,5251763.67383307
2026-05-07 09:00:00,18.7,18.8,18.6,18.7,321146.81703781,5973491.63016278
2026-05-07 09:45:00,18.7,18.7,18.6,18.7,63948.51642801,1190405.16967445
2026-05-07 10:00:00,18.6,18.7,18.6,18.7,34906.45183943,649286.76891928
2026-05-07 10:15:00,18.7,18.7,18.7,18.7,161218.08523888,3014778.19396706
2026-05-07 10:30:00,18.7,18.7,18.6,18.7,66921.76221411,1250771.54188833
2026-05-07 10:45:00,18.6,18.7,18.6,18.7,161826.78684377,3010005.0
2026-05-07 11:00:00,18.7,18.7,18.7,18.7,989.85096141,18510.21297837
2026-05-07 11:15:00,18.6,18.6,18.6,18.6,117162.57473116,2179223.88999958
2026-05-07 11:30:00,18.5,18.5,18.5,18.5,534.75935828,9893.04812818
2026-05-07 11:45:00,18.5,18.5,18.5,18.5,2659.57446808,49202.12765948
2026-05-07 12:00:00,18.6,18.6,18.6,18.6,267.64705882,4978.23529405
2026-05-07 12:15:00,18.5,18.6,18.5,18.6,17271.50537634,319549.99999992
2026-05-07 12:30:00,18.6,18.7,18.5,18.7,104696.99602528,1942431.84007242
2026-05-07 12:45:00,18.7,18.7,18.5,18.7,33285.83885241,622333.01149696
2026-05-07 13:00:00,18.6,18.6,18.5,18.5,3749.8052166,69428.30390925
2026-05-07 13:15:00,18.6,18.6,18.6,18.6,2688.17204301,49999.99999999
2026-05-07 13:30:00,18.5,18.5,18.5,18.5,108378.37837838,2005000.00000003
2026-05-07 13:45:00,18.5,18.5,18.5,18.5,41645.02164502,770432.90043287
2026-05-07 14:00:00,18.5,18.6,18.5,18.6,242603.75834298,4489298.58848484
2026-05-07 14:45:00,18.6,18.6,18.6,18.6,2590.67357512,48186.52849723
2026-05-07 15:30:00,18.6,18.6,18.4,18.6,516534.64626762,9540335.46813874
2026-05-07 15:45:00,18.6,18.6,18.6,18.6,62321.07196572,1159171.93856239
2026-05-07 16:00:00,18.6,18.6,18.5,18.5,26292.03722793,487838.47932472
2026-05-07 16:30:00,18.6,18.7,18.6,18.7,477077.61495673,8914456.39714981
2026-05-07 16:45:00,18.7,18.7,18.7,18.7,870.0997095,16270.86456765
2026-05-07 17:00:00,18.7,18.7,18.7,18.7,534.75935828,9999.99999984
2026-05-07 17:15:00,18.6,18.6,18.5,18.5,53464.1466982,989240.2954149
2026-05-07 17:45:00,18.7,18.7,18.6,18.6,672.71259082,12541.86595396
2026-05-07 18:00:00,18.6,18.6,18.6,18.6,43960.22195357,817660.1283364
2026-05-07 18:15:00,18.7,18.7,18.7,18.7,39711.96396739,742613.72619019
2026-05-07 18:30:00,18.7,18.7,18.7,18.7,466.76999999,8728.59899981
2026-05-07 18:45:00,18.7,18.7,18.6,18.6,48941.38596651,914071.44379548
2026-05-07 19:00:00,18.6,18.7,18.6,18.7,16336.16599357,304191.0989204
2026-05-07 19:15:00,18.7,18.7,18.7,18.7,42533.36215952,795373.87238302
2026-05-07 19:30:00,18.7,18.7,18.7,18.7,4000.0,74800.0
2026-05-07 19:45:00,18.7,18.7,18.7,18.7,4881.7303269,91288.35711303
2026-05-07 20:00:00,18.7,18.8,18.7,18.7,443720.36717745,8339478.3060157
2026-05-07 20:15:00,18.7,18.8,18.7,18.7,47280.65052974,885841.53630554
2026-05-07 20:30:00,18.7,18.9,18.7,18.7,41018.24529099,767099.38799971
2026-05-07 20:45:00,18.7,18.7,18.7,18.7,73304.07871652,1370786.27199892
2026-05-07 21:00:00,18.7,18.9,18.7,18.7,113526.09976567,2135202.03714447
2026-05-07 21:15:00,18.7,18.7,18.7,18.7,26737.96791444,500000.00000003
2026-05-07 21:30:00,18.7,18.9,18.7,18.7,76223.28626641,1429219.38212723
2026-05-07 21:45:00,18.7,18.8,18.6,18.6,672653.8468813,12580832.93801736
2026-05-07 22:00:00,18.7,18.7,18.6,18.6,23837.97989248,444144.03333567
2026-05-07 22:15:00,18.6,18.7,18.6,18.6,574782.66996805,10690984.40472124
2026-05-07 22:30:00,18.6,18.7,18.6,18.6,135984.98876305,2530038.20275744
2026-05-07 22:45:00,18.6,18.7,18.6,18.7,137280.69995599,2559236.17234301
2026-05-07 23:00:00,18.6,18.6,18.5,18.5,100834.50516438,1874096.11795286
2026-05-07 23:15:00,18.5,18.6,18.5,18.6,156408.13322035,2893587.08977648
2026-05-07 23:30:00,18.5,18.5,18.5,18.5,62003.44344663,1147063.70376266
2026-05-08 00:00:00,18.5,18.5,18.5,18.5,5945.89189189,109998.99999997
2026-05-08 00:45:00,18.5,18.5,18.5,18.5,481499.23254331,8907735.80205124
2026-05-08 01:00:00,18.5,18.5,18.5,18.5,1069.51871657,19786.09625655
2026-05-08 01:30:00,18.6,18.6,18.6,18.6,25222.49627874,469138.43078456
2026-05-08 01:45:00,18.5,18.6,18.5,18.6,48418.44973919,899491.32017502
2026-05-08 04:15:00,18.5,18.6,18.5,18.6,4685.84592276,86797.84177536
2026-05-08 04:30:00,18.6,18.7,18.6,18.7,1237092.3609913,23009974.97210459
2026-05-08 04:45:00,18.7,18.8,18.7,18.8,4266.42735148,79981.82919304
2026-05-08 05:15:00,18.7,18.7,18.7,18.7,1401.73560373,26212.45578975
2026-05-08 05:30:00,18.7,18.7,18.7,18.7,534.75935828,9999.99999984
2026-05-08 05:45:00,18.6,18.6,18.6,18.6,16394.83004373,304943.83881338
2026-05-08 06:00:00,18.6,18.7,18.6,18.7,39818.79144385,741923.2
2026-05-08 06:15:00,18.7,18.7,18.7,18.7,211274.04857396,3950824.70833305
2026-05-08 06:30:00,18.6,18.6,18.6,18.6,4327.94419423,80499.76201268
2026-05-08 06:45:00,18.6,18.6,18.6,18.6,6700.0,124620.0
2026-05-08 07:00:00,18.6,18.6,18.5,18.5,982853.55791626,18196500.82068658
2026-05-08 07:15:00,18.5,18.5,18.5,18.5,364.58333333,6744.79166661
2026-05-08 07:30:00,18.6,18.6,18.6,18.6,271.50537634,5049.99999992
2026-05-08 07:45:00,18.6,18.6,18.5,18.6,45833.98556764,852417.42158715
2026-05-08 08:15:00,18.6,18.6,18.6,18.6,271.50537634,5049.99999992
2026-05-08 08:30:00,18.6,18.6,18.6,18.6,9116.47817414,169566.494039
2026-05-08 08:45:00,18.6,18.7,18.5,18.7,101447.77427145,1888878.20946206
2026-05-08 09:00:00,18.7,18.7,18.7,18.7,270.05347593,5049.99999989
2026-05-08 09:15:00,18.6,18.6,18.6,18.6,90645.24399255,1686001.53826143
2026-05-08 09:30:00,18.6,18.7,18.6,18.7,54910.62891757,1026291.12634996
2026-05-08 09:45:00,18.6,18.6,18.6,18.6,303461.59374794,5644385.64371168
2026-05-08 10:00:00,18.6,18.7,18.6,18.7,177257.8721277,3298600.69965009
2026-05-08 10:15:00,18.5,18.5,18.5,18.5,16140.26746386,298594.94808141
2026-05-08 10:30:00,18.6,18.6,18.6,18.6,537.9032,10004.99952
2026-05-08 10:45:00,18.5,18.6,18.5,18.6,13082.74559659,242071.94580279
2026-05-08 11:00:00,18.6,18.6,18.6,18.6,1149.44361528,21379.65124421
2026-05-08 11:30:00,18.7,18.7,18.7,18.7,53449.21122326,999500.24987496
2026-05-08 11:45:00,18.6,18.6,18.6,18.6,147798.48952811,2749051.90522285
2026-05-08 12:15:00,18.6,18.6,18.6,18.6,350377.54696321,6517022.37351571
2026-05-08 12:30:00,18.6,18.6,18.6,18.6,1875.07231605,34876.34507853
2026-05-08 12:45:00,18.6,18.7,18.6,18.6,56756.93589852,1055870.90771247
2026-05-08 13:15:00,18.6,18.7,18.6,18.6,85371.76858491,1595932.27535847
2026-05-08 13:30:00,18.6,18.6,18.6,18.6,11153.84512045,207461.51924037
2026-05-08 14:00:00,18.6,18.6,18.6,18.6,1911.98771,35562.971406
2026-05-08 14:15:00,18.6,18.6,18.6,18.6,375302.38487121,6980624.35860451
2026-05-08 15:15:00,18.6,18.6,18.6,18.6,31912.06,593564.316
2026-05-08 15:30:00,18.7,18.7,18.6,18.6,13231.63260286,246268.79422068
2026-05-08 16:00:00,18.6,18.6,18.6,18.6,7203.76881719,133990.09999973
2026-05-08 16:15:00,18.6,18.6,18.6,18.6,3911.00148849,72744.62768591
2026-05-08 16:30:00,18.6,18.6,18.6,18.6,595199.46414143,11070710.0330306
2026-05-08 16:45:00,18.5,18.5,18.5,18.5,107473.14514785,1988253.18523523
2026-05-08 17:00:00,18.6,18.6,18.6,18.6,2000.0,37200.0
2026-05-08 17:15:00,18.6,18.6,18.6,18.6,58515.87133179,1088395.20677129
2026-05-08 17:30:00,18.6,18.6,18.6,18.6,361288.35615739,6719963.42452745
2026-05-08 17:45:00,18.6,18.6,18.6,18.6,23286.9347563,433136.98646718
2026-05-08 18:00:00,18.6,18.6,18.6,18.6,31060.89133065,577732.57875009
2026-05-08 18:15:00,18.7,18.7,18.6,18.6,2213.59483648,41199.7994424
2026-05-08 18:30:00,18.7,18.7,18.7,18.7,5347.59358288,99999.99999986
2026-05-08 18:45:00,18.6,18.7,18.6,18.7,141976.18263023,2654119.29972809
2026-05-08 19:00:00,18.7,18.7,18.7,18.7,534.4919786,9994.99999982
2026-05-08 19:15:00,18.6,18.6,18.6,18.6,51647.83583023,960649.74644228
2026-05-08 20:15:00,18.6,18.6,18.6,18.6,110000.0,2046000.0
2026-05-08 20:30:00,18.7,18.7,18.7,18.7,1000.0,18700.0
2026-05-08 20:45:00,18.7,18.7,18.7,18.7,108756.87245946,2033753.5149919
2026-05-08 21:00:00,18.7,18.7,18.7,18.7,270.0,5049.0
2026-05-08 21:30:00,18.7,18.7,18.6,18.6,154403.21671145,2881910.04497723
2026-05-08 21:45:00,18.7,18.7,18.6,18.6,37809.56341865,703552.66802155
2026-05-08 22:00:00,18.6,18.7,18.6,18.7,215176.18584485,4015639.35952003
2026-05-08 22:45:00,18.8,18.8,18.7,18.8,807.28751847,15149.99999964
2026-05-08 23:00:00,18.7,18.7,18.7,18.7,270.05347593,5049.99999989
2026-05-08 23:15:00,18.7,18.7,18.7,18.7,300.0,5610.0
2026-05-08 23:30:00,18.6,18.6,18.6,18.6,64243.91370579,1194936.79492769
2026-05-08 23:45:00,18.6,18.6,18.6,18.6,4327.94419424,80499.76201286
2026-05-09 00:00:00,18.6,18.6,18.6,18.6,5438.80179779,101161.71343889
2026-05-09 00:30:00,18.6,18.6,18.6,18.6,1915.44252,35627.230872
2026-05-09 00:45:00,18.6,18.6,18.6,18.6,938008.30838964,17446954.5360473
2026-05-09 01:15:00,18.7,18.7,18.7,18.7,7258.72357938,135738.13093441
2026-05-09 01:30:00,18.7,18.7,18.7,18.7,55614.97326203,1039999.99999996
2026-05-09 01:45:00,18.7,18.7,18.7,18.7,35781.73480104,669118.44077945
2026-05-09 02:30:00,18.7,18.8,18.7,18.7,430190.03216762,8044713.17600258
2026-05-09 02:45:00,18.8,18.8,18.8,18.8,27127.65957446,509999.99999985
2026-05-09 03:00:00,18.8,18.8,18.7,18.7,1030861.22556288,19375978.58291947
2026-05-09 03:15:00,18.9,18.9,18.8,18.8,23104.1219846,434383.95362794
2026-05-09 03:30:00,18.9,18.9,18.7,18.9,1329.27069927,25069.64164396
2026-05-09 03:45:00,18.9,18.9,18.8,18.8,77668.85318369,1465761.50082024
2026-05-09 04:00:00,18.8,18.8,18.8,18.8,3785.682945,71170.839366
2026-05-09 04:15:00,18.8,18.9,18.8,18.9,47244.48083378,892887.16820537
2026-05-09 04:30:00,18.8,18.8,18.8,18.8,1889.771085,35527.696398
2026-05-09 05:00:00,18.8,18.8,18.8,18.8,106243.03774001,1997369.10951219
2026-05-09 05:30:00,18.8,18.8,18.8,18.8,1189.36170212,22359.99999986
2026-05-09 05:45:00,18.8,18.8,18.8,18.8,8307.54835347,156181.90904524
2026-05-09 06:00:00,18.8,18.9,18.8,18.9,20617.06226952,388129.87119608
2026-05-09 06:15:00,18.8,18.8,18.8,18.8,2143.07151237,40289.74443256
2026-05-09 06:30:00,18.8,18.9,18.8,18.8,64523.51035042,1219391.2009371
2026-05-09 06:45:00,18.8,18.9,18.8,18.9,108512.82824196,2040692.45377304
2026-05-09 07:00:00,18.9,18.9,18.9,18.9,267.19576719,5049.99999989
2026-05-09 07:15:00,18.9,18.9,18.9,18.9,1281.79894179,24225.99999983
2026-05-09 08:15:00,18.8,18.9,18.8,18.9,5932.24966753,111584.75935803
2026-05-09 08:30:00,18.8,18.8,18.7,18.7,633879.26298329,11867733.8957682
2026-05-09 08:45:00,18.8,18.8,18.7,18.8,105314.44517101,1979836.22390892
2026-05-09 09:00:00,18.8,18.8,18.8,18.8,213771.65373962,4018907.09030486
2026-05-09 09:15:00,18.8,18.8,18.8,18.8,4208.37234041,79117.39999971
2026-05-09 09:30:00,18.8,18.8,18.8,18.8,40000.0,752000.0
2026-05-09 09:45:00,18.7,18.8,18.7,18.7,482057.00697689,9053220.04099183
2026-05-09 10:00:00,18.7,18.8,18.7,18.7,890247.79124372,16647740.07923629
2026-05-09 10:15:00,18.8,18.9,18.8,18.8,247698.7899522,4679690.7711259
2026-05-09 10:30:00,18.8,18.8,18.8,18.8,152413.734653,2865378.2114764
2026-05-09 10:45:00,18.8,18.9,18.8,18.8,40967.16330011,773182.67004207
2026-05-09 11:00:00,18.8,18.9,18.8,18.9,31674.53170308,597739.69866341
2026-05-09 11:15:00,18.9,18.9,18.9,18.9,682486.79892856,12899000.49974978
2026-05-09 11:30:00,18.9,18.9,18.9,18.9,198302.93218131,3747925.41822676
2026-05-09 11:45:00,18.9,18.9,18.9,18.9,125897.83501444,2379469.08177292
2026-05-09 12:00:00,18.9,18.9,18.9,18.9,280002.7042564,5292051.11044596
2026-05-09 12:15:00,18.9,18.9,18.8,18.8,343764.0060051,6496066.11051294
2026-05-09 12:30:00,18.8,18.8,18.8,18.8,16042.78074866,301604.27807481
2026-05-09 12:45:00,18.8,18.8,18.8,18.8,146870.23149411,2761160.35208927
2026-05-09 13:00:00,18.9,18.9,18.9,18.9,1587.3015873,29999.99999997
2026-05-09 13:15:00,18.9,18.9,18.9,18.9,223837.16666962,4230522.45005582
2026-05-09 13:30:00,18.9,18.9,18.9,18.9,304216.53134909,5749692.4424978
2026-05-09 13:45:00,18.8,18.8,18.8,18.8,487076.91647316,9157046.02969541
2026-05-09 14:15:00,18.8,18.8,18.8,18.8,531.38297872,9989.99999994
2026-05-09 14:30:00,18.8,18.8,18.8,18.8,5993.16293136,112671.46310957
2026-05-09 14:45:00,18.9,18.9,18.9,18.9,97492.57646308,1842609.69515221
2026-05-09 15:00:00,18.8,18.8,18.7,18.7,3885.0,72968.64893617
2026-05-09 15:30:00,18.8,18.8,18.8,18.8,3098.0,58242.4
2026-05-09 15:45:00,18.8,18.8,18.8,18.8,4666.16620138,87723.92458594
2026-05-09 16:00:00,18.9,18.9,18.9,18.9,267.19576719,5049.99999989
2026-05-09 16:15:00,18.9,18.9,18.9,18.9,37037.03703703,699999.99999987
2026-05-09 17:45:00,18.8,18.8,18.8,18.8,59732.69286933,1122974.6259434
2026-05-09 18:00:00,18.9,18.9,18.8,18.9,62379.27365349,1172783.78383905
2026-05-09 18:30:00,18.9,18.9,18.9,18.9,19866.66666666,375479.99999987
2026-05-09 18:45:00,18.9,18.9,18.8,18.8,428818.63077462,8073703.28237238
2026-05-09 19:15:00,18.8,18.8,18.8,18.8,111304.49839973,2092524.56991492
2026-05-09 19:30:00,18.7,18.9,18.7,18.7,574045.51033022,10829898.53593242
2026-05-09 19:45:00,18.7,18.8,18.7,18.7,123219.23016877,2304229.208656
2026-05-09 20:15:00,18.9,18.9,18.8,18.9,11910.9613242,225010.99352988
2026-05-09 20:30:00,18.8,18.9,18.7,18.7,101373.47712581,1906130.8022388
2026-05-09 21:30:00,18.8,18.8,18.8,18.8,1063.82978723,19999.99999992
2026-05-09 21:45:00,18.7,18.7,18.7,18.7,5153.82315999,96376.49309181
2026-05-09 23:00:00,18.7,18.8,18.7,18.8,13250.75531329,247927.90700235
2026-05-09 23:15:00,18.7,18.7,18.7,18.7,6475.99643222,121101.13328251
2026-05-10 00:00:00,18.7,18.8,18.7,18.8,23357.298745,437436.8836915
2026-05-10 00:30:00,18.7,18.8,18.7,18.8,23406.10598114,437892.31788732
2026-05-10 00:45:00,18.7,18.7,18.7,18.7,1901.70316,35561.849092
2026-05-10 01:00:00,18.7,18.7,18.7,18.7,1904.27929,35610.022723
2026-05-10 01:15:00,18.7,18.8,18.7,18.8,20660.07799,386534.468933
2026-05-10 01:45:00,18.8,18.8,18.7,18.8,26315.31309117,492856.8139385
2026-05-10 02:00:00,18.8,18.8,18.7,18.8,347993.94156984,6542096.44342749
2026-05-10 02:45:00,18.9,18.9,18.9,18.9,264.6031746,5000.99999994
2026-05-10 03:00:00,18.8,18.9,18.8,18.9,37037.03703703,698941.79894167
2026-05-10 03:30:00,18.9,18.9,18.9,18.9,264550.26455026,4999999.99999991
2026-05-10 04:15:00,18.9,18.9,18.9,18.9,10582.01058201,199999.99999999
2026-05-10 04:30:00,18.8,18.8,18.8,18.8,281.0,5282.8
2026-05-10 05:00:00,18.8,18.8,18.8,18.8,12915.90857573,242819.08122372
2026-05-10 06:00:00,18.8,18.8,18.8,18.8,549953.71774192,10339129.8935481
2026-05-10 06:15:00,18.8,18.8,18.8,18.8,10582.01058201,198941.79894179
2026-05-10 06:30:00,18.8,18.8,18.8,18.8,2424.40859762,45578.88163526
2026-05-10 06:45:00,18.8,18.8,18.7,18.8,782081.80256848,14651544.3887409
2026-05-10 07:00:00,18.8,18.8,18.8,18.8,4519.231,84961.5428
2026-05-10 07:15:00,18.8,18.8,18.8,18.8,446.94715447,8402.60650404
2026-05-10 07:30:00,18.8,18.8,18.8,18.8,2572.79962169,48368.63288777
2026-05-10 08:00:00,18.8,18.8,18.8,18.8,3776.14727,70991.568676
2026-05-10 08:45:00,18.9,18.9,18.9,18.9,339.65608465,6419.49999989
2026-05-10 09:00:00,18.9,18.9,18.8,18.8,169364.17688659,3184080.45559278
2026-05-10 09:15:00,18.8,18.8,18.7,18.8,32741.02986776,615504.01178711
2026-05-10 09:30:00,18.8,18.8,18.7,18.8,159458.11098177,2990058.47576209
2026-05-10 10:00:00,18.8,18.8,18.8,18.8,41914.36710518,787990.10157738
2026-05-10 10:15:00,18.8,18.8,18.8,18.8,24775.90806018,465787.07153138
2026-05-10 10:30:00,18.8,18.8,18.8,18.8,45419.80500622,853892.33411694
2026-05-10 10:45:00,18.8,18.8,18.8,18.8,234579.63030773,4410097.04978532
2026-05-10 11:15:00,18.8,18.9,18.8,18.8,25373.1932541,477042.54111359
2026-05-10 11:45:00,18.9,18.9,18.9,18.9,9523.8095238,179999.99999982
2026-05-10 12:30:00,18.8,18.8,18.8,18.8,184919.13999998,3476479.83199962
2026-05-10 12:45:00,18.8,18.8,18.8,18.8,414760.88738024,7797504.68274851
2026-05-10 13:15:00,18.8,18.8,18.8,18.8,678.95733349,12764.39786961
2026-05-10 13:30:00,18.8,18.9,18.8,18.9,136457.69509143,2575594.71745433
2026-05-10 14:00:00,18.8,18.8,18.8,18.8,83746.92924715,1574442.26984642
2026-05-10 14:30:00,18.8,18.9,18.8,18.9,1065285.17126128,20131548.67470669
2026-05-10 14:45:00,18.9,19.0,18.9,19.0,178440.26315788,3388531.49999972
2026-05-10 15:00:00,19.0,19.0,18.9,18.9,317129.54563762,6025354.69362101
2026-05-10 15:15:00,18.9,19.1,18.9,19.1,196218.78378955,3726608.3622538
2026-05-10 15:30:00,19.0,19.1,19.0,19.1,169098.65285515,3223664.32047821
2026-05-10 15:45:00,19.0,19.1,19.0,19.1,26202.74378272,499663.81249995
2026-05-10 16:15:00,19.0,19.0,19.0,19.0,172279.32625981,3273307.19893639
2026-05-10 16:30:00,19.0,19.2,19.0,19.2,32536.4034667,620309.64133502
2026-05-10 16:45:00,19.0,19.2,19.0,19.0,18650.57428182,356632.32575877
2026-05-10 17:00:00,19.0,19.1,18.9,19.0,685369.42765432,13019509.85729204
2026-05-10 17:15:00,18.9,19.1,18.9,19.0,32048.84912969,605906.65871923
2026-05-10 17:30:00,19.1,19.1,18.9,19.1,452479.87136758,8604547.65849608
2026-05-10 17:45:00,19.1,19.1,18.9,19.1,976558.80327489,18497607.85197379
2026-05-10 18:00:00,19.1,19.1,19.1,19.1,104499.60596296,1995942.47389254
2026-05-10 18:15:00,18.9,19.1,18.9,19.1,120171.26193954,2274393.2569073
2026-05-10 19:00:00,19.1,19.1,19.1,19.1,1229.05759161,23474.99999975
2026-05-10 19:15:00,19.1,19.1,19.0,19.0,40114.85195498,765927.71489331
2026-05-10 20:00:00,19.0,19.1,19.0,19.0,41898.18080753,796588.99555249
2026-05-10 20:15:00,19.1,19.3,19.1,19.2,2451859.3939749,46983950.26125614
2026-05-10 20:30:00,19.2,19.2,19.2,19.2,222440.3214567,4270854.17196864
2026-05-10 20:45:00,19.2,19.2,19.2,19.2,1910.96277135,36690.48520992
2026-05-10 21:00:00,19.1,19.2,19.1,19.1,130151.37436902,2487614.34723322
2026-05-10 21:15:00,19.1,19.1,19.1,19.1,83353.06123562,1592043.46960034
2026-05-10 21:30:00,19.1,19.1,19.1,19.1,83456.74994142,1594023.92388112
2026-05-10 21:45:00,19.1,19.1,19.1,19.1,253016.01166785,4832605.82285594
2026-05-10 22:00:00,19.2,19.2,19.2,19.2,100.02,1920.384
2026-05-10 22:30:00,19.2,19.2,19.2,19.2,131120.57275276,2517514.99685299
2026-05-10 22:45:00,19.1,19.2,19.1,19.2,103735.06510417,1985504.91666673
2026-05-10 23:00:00,19.2,19.2,19.1,19.1,911.02585033,17433.92707464
2026-05-10 23:15:00,19.1,19.2,19.1,19.2,21263.02083333,406149.99999994
2026-05-10 23:30:00,19.1,19.1,19.0,19.0,33625.72600423,641988.04927214
2026-05-10 23:45:00,19.0,19.0,19.0,19.0,648426.97081392,12320112.44546448
2026-05-11 00:00:00,19.1,19.1,19.1,19.1,26577.80506274,507636.07669833
2026-05-11 00:15:00,19.1,19.1,19.1,19.1,104712.0418848,1999999.99999968
2026-05-11 00:45:00,19.1,19.1,18.9,19.0,136788.23937042,2594573.05955766
2026-05-11 01:00:00,19.0,19.0,19.0,19.0,15168.4890539,288201.2920241
2026-05-11 01:15:00,19.0,19.0,19.0,19.0,806.4516129,15322.5806451
2026-05-11 02:00:00,19.0,19.0,19.0,19.0,325020.75523365,6175394.34943935
2026-05-11 02:15:00,19.0,19.0,19.0,19.0,35870.57398266,681540.90567054
2026-05-11 02:30:00,18.9,18.9,18.9,18.9,166625.60310522,3149223.89868866
2026-05-11 02:45:00,18.9,18.9,18.9,18.9,1324.54387753,25033.87928532
2026-05-11 03:00:00,19.1,19.1,19.1,19.1,10000.0,191000.0
2026-05-11 04:15:00,19.1,19.1,19.0,19.0,21347.99306388,405638.07500561
2026-05-11 04:45:00,19.1,19.1,19.1,19.1,52610.5104712,1004860.74999992
2026-05-11 05:00:00,19.1,19.2,19.1,19.2,523651.1366968,10001745.80363615
2026-05-11 05:30:00,19.2,19.2,19.2,19.2,10729.16666666,205999.99999987
2026-05-11 05:45:00,19.1,19.1,19.1,19.1,58360.66944234,1114688.78634869
2026-05-11 06:00:00,19.1,19.1,19.0,19.0,373659.36531665,7136235.28662627
2026-05-11 06:15:00,19.1,19.1,19.0,19.0,3066.65790477,58424.07347467
2026-05-11 06:30:00,19.0,19.0,19.0,19.0,161807.32139757,3074339.10655383
2026-05-11 06:45:00,19.1,19.1,18.9,18.9,784778.78780212,14877445.39247321
2026-05-11 07:15:00,19.0,19.0,19.0,19.0,2265.0,43035.0
2026-05-11 07:30:00,19.0,19.1,19.0,19.0,266491.21481913,5083218.42684894
2026-05-11 07:45:00,19.1,19.1,19.1,19.1,149813.66320799,2861440.96727261
2026-05-11 08:00:00,19.1,19.1,19.1,19.1,2106.72287993,40238.40700666
2026-05-11 08:15:00,19.2,19.2,19.2,19.2,329723.47159751,6330690.65467219
2026-05-11 08:30:00,19.1,19.1,19.1,19.1,77815.99541462,1486285.51241924
2026-05-11 08:45:00,19.2,19.2,19.2,19.2,62153.38724127,1193345.03503238
2026-05-11 09:00:00,19.2,19.2,19.1,19.1,230078.34618511,4400470.07786063
2026-05-11 09:15:00,19.2,19.3,19.2,19.3,802644.59877498,15448126.68508065
2026-05-11 09:30:00,19.3,19.4,19.2,19.2,135409.53868552,2611151.19815221
2026-05-11 09:45:00,19.2,19.4,19.2,19.3,405669.88604508,7859057.21818065
2026-05-11 10:00:00,19.2,19.3,19.2,19.3,342634.91492831,6605863.59803809
2026-05-11 10:15:00,19.3,19.4,19.2,19.3,451868.72994934,8700753.32679865
2026-05-11 10:30:00,19.3,19.3,19.2,19.2,569048.13090296,10948495.70504668
2026-05-11 10:45:00,19.2,19.3,19.2,19.3,731886.50475314,14054521.46636134
2026-05-11 11:00:00,19.3,19.3,19.3,19.3,521.01022027,10055.49725121
2026-05-11 11:15:00,19.3,19.4,19.2,19.2,500332.09843357,9676135.00798673
2026-05-11 11:30:00,19.2,19.3,19.2,19.2,27136.18318268,521045.80519036
2026-05-11 11:45:00,19.3,19.3,19.2,19.2,1265766.51486527,24307917.79593875
2026-05-11 12:00:00,19.2,19.2,19.1,19.1,41557.10276338,796792.74611389
2026-05-11 12:15:00,19.1,19.1,19.0,19.1,635863.36472649,12118948.59960929
2026-05-11 12:45:00,19.0,19.0,19.0,19.0,518.13471502,9844.55958538
2026-05-11 13:00:00,19.0,19.0,18.9,18.9,564935.57421196,10712732.96545999
2026-05-11 13:15:00,18.9,18.9,18.8,18.9,738133.80434439,13929584.17570514
2026-05-11 13:30:00,19.0,19.1,19.0,19.1,86754.30534672,1648436.51362956
2026-05-11 13:45:00,19.0,19.0,19.0,19.0,2115.77223231,40199.67241389
2026-05-11 14:00:00,19.0,19.1,19.0,19.1,90828.41988847,1733822.81986978
2026-05-11 14:15:00,19.0,19.0,19.0,19.0,267.64705883,5085.29411777
2026-05-11 14:30:00,19.0,19.0,19.0,19.0,1566.16007123,29757.04135337
2026-05-11 14:45:00,19.2,19.2,19.2,19.2,1302.31759119,25004.49775085
2026-05-11 15:30:00,19.1,19.2,19.0,19.2,112097.67367333,2142755.45867322
2026-05-11 16:00:00,19.1,19.1,19.1,19.1,220975.07804654,4220623.99068891
2026-05-11 16:15:00,19.2,19.2,19.2,19.2,263.02083333,5049.99999994
2026-05-11 16:30:00,19.2,19.2,19.1,19.1,2426.509009,46398.40540523
2026-05-11 16:45:00,19.1,19.1,19.1,19.1,335139.72773486,6401168.79973583
2026-05-11 17:00:00,19.1,19.1,19.1,19.1,20302.10025877,387770.11494251
2026-05-11 17:15:00,19.0,19.2,19.0,19.2,34473.54714912,655049.99999995
2026-05-11 17:30:00,19.0,19.0,19.0,19.0,46082.63849095,875570.13132805
2026-05-11 17:45:00,19.0,19.0,19.0,19.0,27336.160225,519387.044275
2026-05-11 18:00:00,19.1,19.2,19.1,19.1,136137.26285541,2600742.55387166
2026-05-11 18:15:00,19.1,19.1,19.1,19.1,92948.975,1775325.4225
2026-05-11 18:30:00,19.1,19.1,19.1,19.1,67141.46720566,1282402.02362811
2026-05-11 18:45:00,19.0,19.1,19.0,19.1,68924.56058274,1316405.4338223
2026-05-11 19:00:00,19.1,19.1,19.1,19.1,264.39790576,5050.00000002
2026-05-11 19:15:00,19.1,19.1,19.1,19.1,377781.69343345,7215630.3445789
2026-05-11 19:30:00,19.1,19.1,19.1,19.1,199990.46552063,3819817.89144403
2026-05-11 20:00:00,19.1,19.1,19.1,19.1,179113.78260869,3421073.24782598
2026-05-11 20:15:00,19.1,19.1,19.1,19.1,110406.351625,2108761.3160375
2026-05-11 20:45:00,19.2,19.2,19.2,19.2,1046.87499999,20099.99999981
2026-05-11 21:00:00,19.1,19.2,19.1,19.2,257078.73069982,4910229.81365823
2026-05-11 21:15:00,19.2,19.2,19.2,19.2,520.83333333,9999.99999994
2026-05-11 22:00:00,19.1,19.3,19.1,19.3,429964.89126003,8265907.11644664
2026-05-11 22:15:00,19.4,19.5,19.3,19.5,827345.78912279,16029420.8134762
2026-05-11 22:30:00,19.5,19.5,19.4,19.5,356694.44287148,6952292.56613488
2026-05-11 22:45:00,19.5,19.5,19.3,19.4,1876377.0260848,36413475.52050146
2026-05-11 23:00:00,19.4,19.6,19.4,19.6,1606507.82558337,31346409.62840668
2026-05-11 23:15:00,19.7,19.8,19.5,19.6,2267043.06088475,44547119.37382989
2026-05-11 23:30:00,19.5,19.5,19.4,19.5,573213.87872483,11177147.07492476
2026-05-11 23:45:00,19.5,19.6,19.5,19.6,103989.52619784,2034516.94779665
2026-05-12 00:00:00,19.5,19.6,19.5,19.5,173467.37174502,3388791.42052632
2026-05-12 00:15:00,19.4,19.4,19.4,19.4,22041.0996903,427597.33399182
2026-05-12 00:30:00,19.4,19.5,19.4,19.5,148672.89432205,2898513.35357924
2026-05-12 00:45:00,19.4,19.5,19.4,19.5,52842.01910904,1029740.0614882
2026-05-12 01:00:00,19.4,19.5,19.4,19.5,286277.96250595,5554703.82463429
2026-05-12 01:15:00,19.5,19.5,19.5,19.5,76966.05128204,1500837.99999978
2026-05-12 01:30:00,19.4,19.6,19.3,19.4,337233.75229706,6544289.12862865
2026-05-12 01:45:00,19.4,19.4,19.4,19.4,1792.517,34774.8298
2026-05-12 02:00:00,19.5,19.5,19.5,19.5,256.41025641,5000.0
2026-05-12 02:15:00,19.5,19.6,19.4,19.4,3841.32386226,74880.17428843
2026-05-12 02:30:00,19.4,19.4,19.4,19.4,2922.74820386,56701.31515488
2026-05-12 02:45:00,19.5,19.5,19.4,19.5,2056.90476186,40057.55952294
2026-05-12 04:15:00,19.5,19.5,19.5,19.5,243467.65051782,4747619.18509749
2026-05-12 04:30:00,19.6,19.6,19.5,19.5,28957.4509997,564721.31490231
2026-05-12 05:30:00,19.4,19.4,19.4,19.4,6349.3243909,123176.89318346
2026-05-12 05:45:00,19.4,19.4,19.4,19.4,138802.00552372,2692758.90716017
2026-05-12 06:00:00,19.5,19.6,19.5,19.6,182483.85390523,3558486.17156015
2026-05-12 06:15:00,19.6,19.9,19.5,19.7,1859732.8058854,36654415.28311073
2026-05-12 06:30:00,19.6,19.7,19.5,19.6,61045.894648,1196485.6665307
2026-05-12 06:45:00,19.6,19.7,19.5,19.5,196923.02219717,3861419.07206249
2026-05-12 07:00:00,19.5,19.6,19.3,19.6,165723.06242748,3220848.38269607
2026-05-12 07:15:00,19.4,19.4,19.4,19.4,2303.0,44678.2
2026-05-12 07:30:00,19.6,19.6,19.6,19.6,1774.04883673,34771.35719991
2026-05-12 08:00:00,19.5,19.5,19.4,19.5,42139.96292618,820136.62787993
2026-05-12 08:15:00,19.6,19.6,19.5,19.6,14813.18496653,289087.30531417
2026-05-12 08:30:00,19.5,19.5,19.5,19.5,38626.09781218,753208.90733751
2026-05-12 08:45:00,19.5,19.5,19.5,19.5,33500.6756365,653263.17491175
2026-05-12 09:00:00,19.5,19.5,19.3,19.3,256398.86360532,4971072.82894108
2026-05-12 09:15:00,19.4,19.4,19.3,19.4,110640.21834747,2136261.82359373
2026-05-12 09:30:00,19.3,19.4,19.2,19.4,965594.2759219,18568039.62819013
2026-05-12 09:45:00,19.3,19.4,19.2,19.3,466510.4951931,9005407.19640209
2026-05-12 10:00:00,19.2,19.3,19.2,19.3,40695.44646359,781612.01813106
2026-05-12 10:15:00,19.3,19.3,19.3,19.3,202136.28296132,3901230.26115348
2026-05-12 10:30:00,19.3,19.3,19.2,19.2,238097.54898316,4592732.95047703
2026-05-12 10:45:00,19.2,19.2,19.0,19.1,1230532.43023272,23469278.66506451
2026-05-12 11:00:00,19.1,19.2,19.1,19.2,192331.0021786,3689147.14161126
2026-05-12 11:15:00,19.3,19.3,19.3,19.3,570466.32124362,11010000.00000187
2026-05-12 11:30:00,19.2,19.2,19.2,19.2,65338.44246835,1254498.09539232
2026-05-12 11:45:00,19.3,19.3,19.3,19.3,105075.85585445,2027964.01799089
2026-05-12 12:30:00,19.2,19.3,19.2,19.3,1543.76179785,29692.03999022
2026-05-12 13:00:00,19.2,19.3,19.2,19.2,138958.32081513,2668041.42631716
2026-05-12 13:15:00,19.1,19.1,19.1,19.1,74129.67010798,1415876.69906242
2026-05-12 13:30:00,19.1,19.1,19.1,19.1,39792.02006076,760027.58316052
2026-05-12 13:45:00,19.2,19.2,19.2,19.2,180088.54947525,3457700.1499248
2026-05-12 14:00:00,19.1,19.1,19.1,19.1,496.84491978,9489.7379678
2026-05-12 14:15:00,19.1,19.1,19.0,19.1,553825.50758515,10536557.10648724
2026-05-12 14:30:00,19.1,19.1,19.1,19.1,115841.9253948,2212580.77504068
2026-05-12 15:15:00,19.2,19.2,19.1,19.1,45617.41664767,875828.05753
2026-05-12 16:00:00,19.1,19.1,19.0,19.0,194451.98714745,3709850.09216556
2026-05-12 16:15:00,19.0,19.1,19.0,19.0,18539.66924342,352310.44981346
2026-05-12 16:30:00,19.2,19.2,19.0,19.0,7283.24257966,139784.72811771
2026-05-12 16:45:00,19.2,19.3,19.0,19.1,158763.31709099,3051146.72021362
2026-05-12 17:00:00,19.1,19.1,19.0,19.1,107035.49227657,2044351.28014206
2026-05-12 17:15:00,19.1,19.1,19.0,19.0,66539.86568477,1265428.62949227
2026-05-12 17:30:00,19.2,19.2,19.1,19.2,4630.34592997,88585.2484905
2026-05-12 18:00:00,19.2,19.2,19.1,19.2,990.83221228,18997.49699429
2026-05-12 18:15:00,19.2,19.2,19.2,19.2,5729.11458333,109998.99999994
2026-05-12 18:30:00,19.1,19.1,19.1,19.1,71713.52666979,1369728.35939299
2026-05-12 18:45:00,19.2,19.2,19.2,19.2,870.41448516,16711.95811507
2026-05-12 19:00:00,19.1,19.2,19.1,19.2,33906.64921465,647657.66492128
2026-05-12 19:15:00,19.1,19.2,19.1,19.2,5642.34031413,107815.2340313
2026-05-12 19:30:00,19.2,19.2,19.2,19.2,20833.33333333,399999.99999994
2026-05-12 19:45:00,19.2,19.2,19.2,19.2,520.83333333,9999.99999994
2026-05-12 20:00:00,19.1,19.2,19.1,19.1,108947.49368186,2080923.17099019
2026-05-12 20:15:00,19.1,19.1,19.1,19.1,26536.10453324,506839.59658488
2026-05-12 20:30:00,19.1,19.1,19.1,19.1,1852.18,35376.638
2026-05-12 20:45:00,19.0,19.0,19.0,19.0,1089.606522,20702.523918
2026-05-12 21:00:00,19.0,19.1,19.0,19.1,43872.69077713,835581.12476547
2026-05-12 21:15:00,19.1,19.1,19.0,19.0,63445.71756034,1205494.83783494
2026-05-12 21:30:00,19.1,19.1,19.1,19.1,26897.97054211,513751.2373543
2026-05-12 22:15:00,19.2,19.2,19.2,19.2,523.56020942,10052.35602086
2026-05-12 22:45:00,19.1,19.1,19.0,19.0,64207.16581634,1225197.35338939
2026-05-12 23:00:00,19.0,19.2,19.0,19.1,1327.41873908,25299.99999976
2026-05-12 23:15:00,19.1,19.1,19.1,19.1,119735.60209425,2286950.00000018
2026-05-12 23:30:00,19.1,19.1,19.1,19.1,90214.71204185,1723100.99999934
2026-05-12 23:45:00,19.1,19.1,19.1,19.1,1638800.18106129,31301083.45827064
2026-05-13 00:00:00,19.0,19.0,19.0,19.0,269.08602151,5112.63440869
2026-05-13 00:15:00,19.0,19.1,19.0,19.0,2258.24004885,42933.48762972
2026-05-13 00:30:00,19.0,19.1,19.0,19.1,49309.70001526,936910.74008052
2026-05-13 01:45:00,19.0,19.0,19.0,19.0,33450.65687051,635562.48053969
2026-05-13 02:00:00,19.0,19.0,18.9,19.0,637406.74868559,12069155.77930913
2026-05-13 02:15:00,19.1,19.1,19.1,19.1,52356.0209424,999999.99999984
2026-05-13 02:30:00,19.1,19.1,19.1,19.1,13722.8767815,262106.94652665
2026-05-13 05:15:00,19.1,19.1,19.0,19.0,16077.88530261,305605.47519985
2026-05-13 05:30:00,18.9,19.0,18.9,19.0,39121.1452144,739550.90755216
2026-05-13 06:00:00,18.9,18.9,18.9,18.9,266.22340426,5031.62234051
2026-05-13 06:15:00,19.0,19.1,19.0,19.1,80899.29732706,1545127.20510225
2026-05-13 06:30:00,19.1,19.1,19.0,19.1,60542.80717387,1156340.99468049
2026-05-13 07:00:00,19.0,19.0,19.0,19.0,2306.0,43814.0
2026-05-13 07:15:00,19.1,19.1,19.1,19.1,19264.39790575,367949.99999983
2026-05-13 07:30:00,19.1,19.1,19.1,19.1,264.39790575,5049.99999983
2026-05-13 07:45:00,19.1,19.1,19.1,19.1,264.39790575,5049.99999983
2026-05-13 08:00:00,19.0,19.1,19.0,19.1,179828.29991817,3416764.13823581
2026-05-13 08:15:00,19.0,19.0,18.9,18.9,272.72727273,5181.12440197
2026-05-13 08:45:00,19.1,19.1,19.1,19.1,264.39790575,5049.99999983
2026-05-13 09:00:00,19.1,19.1,19.1,19.1,104979.237652,2005103.4391532
2026-05-13 09:15:00,19.0,19.0,18.9,18.9,22787.07613447,432058.05699411
2026-05-13 09:30:00,18.9,19.0,18.8,19.0,483346.7566131,9164451.40590686
2026-05-13 09:45:00,18.9,18.9,18.9,18.9,47816.74188128,903736.42155619
2026-05-13 10:00:00,19.0,19.0,18.9,18.9,75080.19933531,1421186.4253321
2026-05-13 10:15:00,18.9,19.0,18.9,19.0,22971.62948864,434374.4341799
2026-05-13 10:30:00,19.1,19.1,19.0,19.0,99620.10667204,1902717.41509554
2026-05-13 10:45:00,19.1,19.1,19.1,19.1,29687.29552105,567027.34445206
2026-05-13 11:00:00,19.1,19.1,19.1,19.1,61394.63988558,1172637.62181458
2026-05-13 11:15:00,19.1,19.2,19.1,19.1,52457.01750831,1004170.67921132
2026-05-13 11:30:00,19.1,19.1,19.0,19.0,8396.81885631,160300.53448176
2026-05-13 11:45:00,19.1,19.1,19.1,19.1,10000.0,191000.0
2026-05-13 12:00:00,19.0,19.0,19.0,19.0,66121.03234206,1256299.61449914
2026-05-13 12:15:00,19.1,19.1,19.1,19.1,612.97120418,11707.74999984
2026-05-13 12:30:00,19.0,19.0,19.0,19.0,15668.91009652,297709.29183388
2026-05-13 12:45:00,19.0,19.0,19.0,19.0,145547.433017,2765401.227323
2026-05-13 13:30:00,19.1,19.1,19.1,19.1,10000.0,191000.0
2026-05-13 13:45:00,19.0,19.0,19.0,19.0,10000.0,190000.0
2026-05-13 14:00:00,19.0,19.0,19.0,19.0,54249.66774611,1030743.68717609
2026-05-13 14:30:00,19.0,19.0,19.0,19.0,21488.5347149,408282.1595831
2026-05-13 14:45:00,19.0,19.0,19.0,19.0,50644.53325063,962246.13176197
2026-05-13 15:00:00,19.0,19.0,18.9,18.9,75085.60720219,1420577.0768088
2026-05-13 15:15:00,18.9,18.9,18.9,18.9,149000.0,2816100.0
2026-05-13 15:30:00,18.9,19.0,18.8,19.0,188453.69544324,3561745.64256509
2026-05-13 15:45:00,19.0,19.0,18.9,19.0,84535.45347486,1606146.85131646
2026-05-13 16:00:00,19.0,19.0,18.9,18.9,36433.64855304,689432.15765592
2026-05-13 16:30:00,19.0,19.0,19.0,19.0,10000.0,190000.0
2026-05-13 16:45:00,18.9,19.0,18.9,18.9,31718.1264811,602590.29503279
2026-05-13 17:00:00,18.9,19.1,18.9,19.1,212167.31453589,4012366.3416184
2026-05-13 17:15:00,19.1,19.1,19.1,19.1,99164.9280072,1894050.12493752
2026-05-13 17:30:00,18.9,19.0,18.9,18.9,54561.54668393,1031242.21072628
2026-05-13 17:45:00,19.1,19.1,19.1,19.1,264.39790575,5049.99999983
2026-05-13 18:00:00,18.9,19.1,18.9,19.1,1841.91963245,35126.26280588
2026-05-13 18:15:00,19.1,19.1,19.1,19.1,1048.16701596,20019.99000484
2026-05-13 18:30:00,19.0,19.1,19.0,19.1,76950.4794712,1464493.1068528
2026-05-13 18:45:00,19.1,19.1,19.0,19.0,45920.77370433,876795.46278227
2026-05-13 19:00:00,19.1,19.1,19.0,19.1,417392.06366354,7930551.64939784
2026-05-13 19:15:00,18.9,19.1,18.9,18.9,26788.5281292,506408.61619685
2026-05-13 19:30:00,18.9,18.9,18.9,18.9,3620.89572158,68434.92913786
2026-05-13 19:45:00,19.0,19.0,18.9,18.9,543839.06971253,10302891.60162247
2026-05-13 20:00:00,19.0,19.1,18.9,18.9,53557.64356926,1020265.30511739
2026-05-13 21:15:00,19.0,19.0,19.0,19.0,10526.31578948,200000.00000012
2026-05-13 21:30:00,19.0,19.0,18.8,18.8,768565.25044012,14539359.8522369
2026-05-13 21:45:00,18.9,18.9,18.8,18.8,46242.5748535,872005.9098913
2026-05-13 22:00:00,18.9,18.9,18.9,18.9,5291.00529101,100000.00000009
2026-05-13 22:15:00,18.9,19.0,18.8,18.8,137837.94114345,2604966.99656537
2026-05-13 22:30:00,19.0,19.0,19.0,19.0,265.78947368,5049.99999992
2026-05-13 22:45:00,18.9,18.9,18.8,18.8,56315.62145278,1058892.36584927
2026-05-13 23:00:00,18.8,18.9,18.8,18.9,379109.98433205,7130096.69820221
2026-05-13 23:15:00,18.9,18.9,18.8,18.9,1968968.76852515,37016745.26986422
2026-05-13 23:30:00,18.8,18.9,18.7,18.8,1095434.87000027,20485937.12445284
2026-05-13 23:45:00,18.8,18.9,18.8,18.9,5661.37566137,106703.19011989
2026-05-14 00:00:00,18.9,18.9,18.9,18.9,291.005291,5499.9999999
2026-05-14 00:15:00,18.8,18.9,18.7,18.9,10138.53745497,190755.3695657
2026-05-14 00:45:00,18.8,18.8,18.7,18.8,4571.1664315,85738.88711474
2026-05-14 01:00:00,18.8,18.8,18.7,18.8,40119.90451308,753058.11173434
2026-05-14 01:45:00,18.7,18.8,18.7,18.8,5854.70575881,109509.62003017
2026-05-14 02:00:00,18.8,18.8,18.7,18.7,14309.42003596,268917.09667605
2026-05-14 02:15:00,18.8,18.8,18.8,18.8,266.22340425,5004.9999999
2026-05-14 03:30:00,18.8,18.8,18.8,18.8,10632.98138164,199900.04997483
2026-05-14 04:00:00,18.7,18.7,18.7,18.7,155080.21390375,2900000.00000013
2026-05-14 04:15:00,18.8,18.8,18.8,18.8,528.23586744,9930.83430787
2026-05-14 05:30:00,18.7,18.8,18.7,18.8,339621.06663228,6352559.96319341
2026-05-14 05:45:00,18.8,18.8,18.6,18.8,62771.97885808,1167813.45347569
2026-05-14 06:45:00,18.7,18.7,18.7,18.7,4089.15960867,76467.28468213
2026-05-14 07:00:00,18.7,18.8,18.7,18.8,192741.63727386,3604374.99999991
2026-05-14 07:15:00,18.6,18.8,18.6,18.8,25492.86547697,479205.87096704
2026-05-14 07:30:00,18.6,18.6,18.6,18.6,5403.22173341,100499.92424143
2026-05-14 07:45:00,18.7,18.7,18.7,18.7,2379.54570702,44497.50472127
2026-05-14 08:00:00,18.7,18.7,18.7,18.7,40000.0,748000.0
2026-05-14 08:30:00,18.7,18.8,18.7,18.8,26195.69558099,489913.23076877
2026-05-14 08:45:00,18.8,18.8,18.8,18.8,137712.69560695,2588998.67741066
2026-05-14 09:00:00,18.8,18.9,18.7,18.8,432828.91158554,8167561.97532564
2026-05-14 09:15:00,18.8,18.8,18.8,18.8,3723.40425531,69999.99999983
2026-05-14 09:30:00,18.7,18.7,18.7,18.7,331170.10678246,6192880.996832
2026-05-14 09:45:00,18.8,18.8,18.8,18.8,531.91489361,9999.99999987
2026-05-14 10:00:00,18.7,18.8,18.6,18.8,424697.48666411,7922958.35833542
2026-05-14 10:30:00,18.7,18.7,18.7,18.7,14438.5026738,270000.00000006
2026-05-14 10:45:00,18.7,18.8,18.6,18.8,84081.44098351,1568122.32903778
2026-05-14 11:00:00,18.8,18.9,18.8,18.9,728988.83812825,13744081.68090029
2026-05-14 11:15:00,18.9,18.9,18.9,18.9,529.1005291,9999.99999999
2026-05-14 11:30:00,18.8,18.9,18.8,18.8,318372.58866723,5985444.66694392
2026-05-14 11:45:00,18.9,18.9,18.9,18.9,64645.97883597,1221808.99999983
2026-05-14 12:00:00,18.9,18.9,18.9,18.9,6081.74748604,114945.02748616
2026-05-14 12:15:00,18.8,18.8,18.7,18.7,290709.93156717,5438797.16499174
2026-05-14 12:30:00,18.7,18.7,18.7,18.7,104062.6597336,1945971.73701832
2026-05-14 12:45:00,18.7,18.7,18.6,18.7,164427.78619427,3058804.01861361
2026-05-14 13:00:00,18.6,18.6,18.6,18.6,67987.77527822,1264572.62017489
2026-05-14 13:15:00,18.6,18.6,18.5,18.5,5431.37021813,100754.35978809
2026-05-14 13:30:00,18.5,18.7,18.5,18.6,84830.82101545,1570688.01858878
2026-05-14 13:45:00,18.7,18.8,18.6,18.6,59841.13948132,1119028.58091433
2026-05-14 14:15:00,18.8,18.8,18.8,18.8,25531.91489361,479999.99999987
2026-05-14 15:15:00,18.8,18.8,18.8,18.8,41899.36170212,787707.99999986
2026-05-14 15:30:00,18.7,18.7,18.7,18.7,81002.65375311,1514749.62518316
2026-05-14 15:45:00,18.8,18.8,18.6,18.6,108697.9777579,2031735.69687569
2026-05-14 16:00:00,18.6,18.7,18.6,18.7,49803.156,926369.0172
2026-05-14 16:15:00,18.6,18.7,18.6,18.7,114919.52776109,2148606.55555727
2026-05-14 16:30:00,18.8,18.8,18.7,18.7,25364.47933271,474448.40996441
2026-05-14 16:45:00,18.7,18.7,18.7,18.7,118525.94141073,2216435.10438065
2026-05-14 17:00:00,18.6,18.7,18.6,18.7,58178.83490241,1087274.04302035
2026-05-14 17:15:00,18.7,18.8,18.7,18.7,107693.48617056,2021838.94005769
2026-05-14 18:00:00,18.8,18.8,18.8,18.8,563.39646,10591.853448
2026-05-14 18:30:00,18.8,18.8,18.8,18.8,38203.48888738,718225.59108274
2026-05-14 18:45:00,18.8,18.8,18.8,18.8,8678.548595,163156.713586
2026-05-14 19:00:00,18.8,18.8,18.8,18.8,393228.16291252,7392689.46275538
2026-05-14 19:45:00,18.8,18.8,18.8,18.8,7218.25140652,135703.12644258
2026-05-14 20:00:00,18.8,18.8,18.7,18.8,5074.0039125,95034.973555
2026-05-14 20:15:00,18.8,18.8,18.8,18.8,685.37290046,12885.01052865
2026-05-14 20:45:00,18.7,18.8,18.7,18.8,14378.51626156,270288.75599055
2026-05-14 21:00:00,18.8,18.9,18.7,18.8,25710.41992297,483756.67688982
2026-05-14 21:15:00,18.8,18.8,18.8,18.8,9856.70212765,185305.99999982
2026-05-14 21:30:00,18.8,18.8,18.7,18.7,6563.40437436,123364.80115101
2026-05-14 21:45:00,18.7,18.7,18.6,18.7,49603.98789328,927461.59488093
2026-05-14 22:00:00,18.7,18.7,18.7,18.7,29676.32074329,554947.19789952
2026-05-14 22:15:00,18.8,18.8,18.8,18.8,266.0106383,5001.00000004
2026-05-14 22:30:00,18.8,18.8,18.7,18.7,6671.7587234,125400.18599992
2026-05-15 00:00:00,18.8,18.8,18.5,18.7,349317.36164092,6497540.60434514
2026-05-15 00:15:00,18.7,18.7,18.7,18.7,87806.41576537,1641979.97481242
2026-05-15 00:30:00,18.6,18.6,18.6,18.6,58795.08476503,1093588.57662956
2026-05-15 00:45:00,18.6,18.6,18.6,18.6,142348.42285816,2647680.66516178
2026-05-15 01:00:00,18.7,18.7,18.7,18.7,4026.84939618,75302.08370857
2026-05-15 01:15:00,18.7,18.8,18.7,18.8,7005.1702467,131315.83254946
2026-05-15 02:00:00,18.7,18.7,18.7,18.7,11000.0,205700.0
2026-05-15 02:30:00,18.7,18.7,18.7,18.7,26159.44203058,489181.56597185
2026-05-15 03:45:00,18.8,18.8,18.8,18.8,4770.16489361,89679.09999987
2026-05-15 04:00:00,18.8,18.8,18.7,18.7,29791.53761019,557305.09586374
2026-05-15 05:00:00,18.7,18.8,18.7,18.8,55778.34103682,1048374.1263247
2026-05-15 05:30:00,18.8,18.8,18.8,18.8,17012.77021063,319840.07995984
2026-05-15 06:15:00,18.7,18.7,18.7,18.7,16015.47523589,299489.38691114
2026-05-15 06:30:00,18.7,18.7,18.7,18.7,252569.76093093,4723054.52940839
2026-05-15 06:45:00,18.7,18.8,18.7,18.8,994.30886524,18663.00666651
2026-05-15 07:00:00,18.8,18.8,18.8,18.8,397.83299839,7479.26036973
2026-05-15 07:30:00,18.7,18.7,18.6,18.6,284024.51074975,5299350.83760301
2026-05-15 07:45:00,18.6,18.6,18.6,18.6,48336.49646499,899058.83424881
2026-05-15 08:15:00,18.7,18.7,18.7,18.7,8064.51612904,150806.45161305
2026-05-15 08:30:00,18.7,18.7,18.7,18.7,181211.65697985,3388657.9855232
2026-05-15 09:00:00,18.7,18.7,18.6,18.7,857059.24359386,15952553.94544663
2026-05-15 09:15:00,18.7,18.7,18.7,18.7,14562.14517093,272312.11469639
2026-05-15 09:30:00,18.7,18.7,18.6,18.6,117978.05709756,2205087.04918039
2026-05-15 09:45:00,18.6,18.7,18.6,18.7,164747.17373717,3064643.11662701
2026-05-15 10:00:00,18.7,18.7,18.7,18.7,791.65692007,14803.98440531
2026-05-15 10:15:00,18.6,18.7,18.6,18.7,229310.06166928,4265193.91175449
2026-05-15 10:30:00,18.7,18.7,18.6,18.6,46721.05658399,870083.75812061
2026-05-15 10:45:00,18.7,18.7,18.6,18.6,331253.19211718,6162836.64610682
2026-05-15 11:00:00,18.7,18.7,18.5,18.5,164078.03128115,3042902.0780647
2026-05-15 11:15:00,18.6,18.7,18.5,18.7,343433.33201515,6354398.26054606
2026-05-15 11:45:00,18.7,18.7,18.6,18.6,5450.0,101870.0
2026-05-15 12:00:00,18.7,18.7,18.7,18.7,300.0,5610.0
2026-05-15 12:15:00,18.6,18.7,18.6,18.6,96050.69202926,1786569.63645012
2026-05-15 12:30:00,18.6,18.6,18.5,18.5,36976.47187895,687707.67749492
2026-05-15 12:45:00,18.6,18.6,18.6,18.6,267.64705882,4978.23529405
2026-05-15 13:00:00,18.5,18.6,18.5,18.6,1259970.83376511,23310014.73719771
2026-05-15 13:15:00,18.6,18.6,18.5,18.5,2961.66931077,55059.69945355
2026-05-15 13:30:00,18.5,18.5,18.5,18.5,344562.81069991,6374411.99794834
2026-05-15 13:45:00,18.5,18.6,18.4,18.4,624084.69188036,11503735.30340872
2026-05-15 14:15:00,18.5,18.5,18.3,18.4,424763.4322762,7796343.67166267
2026-05-15 14:30:00,18.3,18.5,18.3,18.4,6612.28449073,121703.09393874
2026-05-15 15:00:00,18.4,18.4,18.4,18.4,127174.06137771,2340002.72934986
2026-05-15 15:15:00,18.5,18.5,18.5,18.5,540.54054054,9999.99999999
2026-05-15 15:30:00,18.4,18.4,18.4,18.4,151563.8584228,2788774.99497952
2026-05-15 15:45:00,18.4,18.4,18.3,18.3,136629.53360544,2505809.6062839
2026-05-15 16:00:00,18.4,18.5,18.4,18.5,157324.65762329,2894800.73270097
2026-05-15 16:45:00,18.4,18.5,18.4,18.5,28205.03803728,521765.39813412
2026-05-15 17:00:00,18.5,18.6,18.5,18.5,10457.44576087,193489.63367287
2026-05-15 17:15:00,18.5,18.5,18.4,18.4,50011.79692614,920846.61150214
2026-05-15 17:30:00,18.4,18.4,18.4,18.4,2682.29855698,49354.29344843
2026-05-15 18:00:00,18.4,18.4,18.4,18.4,10000.0,184000.0
2026-05-15 18:15:00,18.4,18.4,18.4,18.4,53000.0,975200.0
2026-05-15 18:30:00,18.4,18.4,18.4,18.4,27753.66666666,510667.46666654
2026-05-15 19:00:00,18.4,18.5,18.4,18.4,72038.79194131,1325566.72902524
2026-05-15 19:15:00,18.4,18.4,18.4,18.4,20398.02679305,375323.69299212
2026-05-15 19:30:00,18.4,18.4,18.4,18.4,1630.4347826,29999.99999984
2026-05-15 19:45:00,18.5,18.5,18.5,18.5,12014.7027027,222271.99999995
2026-05-15 20:00:00,18.5,18.5,18.5,18.5,1863.169,34468.6265
2026-05-15 20:15:00,18.4,18.4,18.4,18.4,100780.23287292,1854356.28486173
2026-05-15 21:45:00,18.4,18.4,18.4,18.4,49045.30210951,902433.55881498
2026-05-15 22:15:00,18.4,18.5,18.4,18.5,210866.10073341,3900429.38530722
2026-05-15 22:30:00,18.4,18.4,18.4,18.4,89409.33416808,1645131.74869267
2026-05-15 22:45:00,18.4,18.4,18.2,18.4,357514.00087607,6535682.60444011
2026-05-15 23:00:00,18.3,18.3,18.2,18.3,210348.6953017,3829428.77125578
2026-05-15 23:15:00,18.3,18.3,18.2,18.2,523780.15651633,9533492.97148112
2026-05-15 23:30:00,18.2,18.3,18.2,18.3,399980.11896407,7279670.95203132
2026-05-15 23:45:00,18.3,18.3,18.2,18.2,825.05009106,15070.61111084
2026-05-16 00:00:00,18.3,18.3,18.2,18.2,55008.35560369,1001316.00641339
2026-05-16 00:30:00,18.4,18.4,18.4,18.4,543.58695652,10001.99999997
2026-05-16 02:00:00,18.4,18.4,18.2,18.2,2173.91304346,39816.52789532
2026-05-16 03:15:00,18.2,18.2,18.2,18.2,750.90711077,13666.50941601
2026-05-16 04:15:00,18.2,18.4,18.2,18.4,195653.08494979,3579055.80865912
2026-05-16 05:00:00,18.4,18.4,18.2,18.2,277552.07535481,5057547.07894103
2026-05-16 05:30:00,18.2,18.2,18.2,18.2,329670.65934066,6000006.00000001
2026-05-16 05:45:00,18.2,18.2,18.0,18.1,887207.30041949,16009771.553329
2026-05-16 06:00:00,18.1,18.1,17.8,18.1,1246131.90832435,22334328.99677262
2026-05-16 06:15:00,18.1,18.1,18.1,18.1,2099.7358286,38005.21849766
2026-05-16 06:45:00,18.2,18.2,18.2,18.2,570.43956043,10381.99999983
2026-05-16 07:00:00,18.2,18.2,18.1,18.2,39662.40384614,721825.74999975
2026-05-16 07:45:00,18.2,18.2,18.2,18.2,500.0,9100.0
2026-05-16 08:00:00,18.2,18.2,18.1,18.1,7151.96405803,129999.99999979
2026-05-16 08:30:00,18.1,18.1,18.1,18.1,3532.0,63929.2
2026-05-16 09:00:00,18.1,18.1,18.0,18.0,396808.82441101,7182209.72183928
2026-05-16 09:15:00,18.1,18.2,18.0,18.1,8273.93687676,149782.95692291
2026-05-16 09:30:00,18.2,18.2,18.1,18.1,3649.26321022,66353.86190718
2026-05-16 09:45:00,18.2,18.2,18.2,18.2,5826.94916278,106050.4747626
2026-05-16 10:15:00,18.1,18.3,18.1,18.3,41471.01866351,755455.89805563
2026-05-16 10:30:00,18.3,18.3,18.3,18.3,1638.49782757,29984.51024453
2026-05-16 11:00:00,18.3,18.3,18.3,18.3,8511.31811143,155757.12143917
2026-05-16 11:15:00,18.1,18.1,18.1,18.1,8511.31811143,154054.85781688
2026-05-16 12:00:00,18.1,18.3,18.1,18.2,1425.76487636,25950.99999982
2026-05-16 13:15:00,18.2,18.2,18.1,18.1,43749.45299995,792500.42944855
2026-05-16 13:30:00,18.1,18.1,18.1,18.1,77348.06629837,1400000.0000005
2026-05-16 13:45:00,18.2,18.2,18.2,18.2,17228.78054,313563.805828
2026-05-16 14:00:00,18.2,18.2,18.1,18.1,280.83792136,5083.35016875
2026-05-16 14:15:00,18.1,18.1,18.1,18.1,5524.86187846,100000.00000013
2026-05-16 14:30:00,18.1,18.1,18.1,18.1,734445.20045563,13293458.1282469
2026-05-16 15:00:00,18.1,18.1,18.1,18.1,48522.88359788,878264.19312163
2026-05-16 15:15:00,18.1,18.1,18.1,18.1,50000.0,905000.0
2026-05-16 15:30:00,18.1,18.1,18.1,18.1,4308.76452869,77988.63796929
2026-05-16 15:45:00,18.3,18.3,18.2,18.2,50617.26465658,925966.45718691
2026-05-16 16:00:00,18.3,18.5,18.3,18.5,784114.42497984,14390066.66915615
2026-05-16 16:15:00,18.5,18.5,18.1,18.3,849506.62321443,15527036.34058046
2026-05-16 16:30:00,18.3,18.5,18.3,18.4,1612672.39334525,29726090.99201896
2026-05-16 16:45:00,18.4,18.9,18.4,18.7,2026995.00091194,37762481.34979117
2026-05-16 17:00:00,18.7,19.1,18.4,18.8,9258606.36927698,174425675.60161844
2026-05-16 17:15:00,18.9,19.0,18.4,18.5,4641606.34577353,86818406.61575961
2026-05-16 17:30:00,18.6,18.7,18.5,18.6,1201336.9316505,22371880.67109809
2026-05-16 17:45:00,18.5,18.6,18.4,18.4,623867.43470531,11510401.11415377
2026-05-16 18:00:00,18.4,18.5,18.0,18.1,2282289.07536251,41483658.843388
2026-05-16 18:15:00,18.2,18.2,18.0,18.1,731691.96152283,13242268.77643404
2026-05-16 18:30:00,18.1,18.2,18.1,18.1,336311.06247408,6107862.70663259
2026-05-16 18:45:00,18.1,18.1,18.0,18.1,202008.18333742,3652130.22735283
2026-05-16 19:00:00,18.1,18.1,18.1,18.1,344008.66029084,6226556.7512642
2026-05-16 19:15:00,18.1,18.1,18.0,18.0,167995.97775375,3023957.5995675
2026-05-16 19:30:00,18.0,18.2,18.0,18.0,37945.28636519,684209.51156004
2026-05-16 19:45:00,18.0,18.1,17.9,18.1,385269.88391284,6903226.95509349
2026-05-16 20:00:00,18.1,18.1,17.8,18.0,391948.22105101,6997020.02973777
2026-05-16 20:15:00,17.9,18.1,17.9,18.1,1929.30042561,34807.97815298
2026-05-16 20:30:00,18.0,18.1,17.9,18.1,13237.80238933,237256.11562953
2026-05-16 20:45:00,18.0,18.1,18.0,18.1,36516.73198157,657410.72484859
2026-05-16 21:00:00,18.1,18.1,18.0,18.0,30650.13696176,551852.46531168
2026-05-16 21:15:00,17.9,18.1,17.9,18.1,62052.42050437,1111126.41931996
2026-05-16 21:30:00,18.1,18.1,18.1,18.1,221538.49687724,4009846.79347804
2026-05-16 21:45:00,18.1,18.3,18.1,18.3,447195.05767136,8178825.96164985
2026-05-16 22:00:00,18.3,18.3,18.1,18.1,24386.0,441440.88041858
2026-05-16 22:15:00,18.1,18.1,18.1,18.1,221198.07499565,4003685.15742127
2026-05-16 22:30:00,18.1,18.1,18.0,18.1,1145.81118955,20711.221637
2026-05-16 23:15:00,18.2,18.2,18.2,18.2,24544.27976442,446705.89171244
2026-05-16 23:30:00,18.2,18.2,18.1,18.1,27796.011734,505681.64085578
2026-05-16 23:45:00,18.1,18.1,18.1,18.1,29814.39134018,539640.48325726
2026-05-17 00:00:00,18.2,18.2,18.0,18.0,525613.70604189,9504877.59082451
2026-05-17 00:15:00,18.0,18.2,17.9,18.2,340847.08990988,6146465.61865594
2026-05-17 01:00:00,18.2,18.2,18.2,18.2,6054.38461536,110189.79999955
2026-05-17 01:15:00,18.2,18.2,18.2,18.2,15875.81120551,288939.76394028
2026-05-17 01:45:00,18.3,18.3,18.3,18.3,2402.52463198,43966.20076523
2026-05-17 02:00:00,18.3,18.3,18.2,18.2,77976.5125,1426848.97875
2026-05-17 03:00:00,18.3,18.3,18.2,18.2,1616.24213776,29470.25171598
2026-05-17 03:15:00,18.2,18.2,18.2,18.2,546.44808743,9945.35519123
2026-05-17 05:15:00,18.2,18.2,18.2,18.2,4691.20786783,85379.98319451
2026-05-17 05:30:00,18.2,18.3,18.2,18.3,71797.0111065,1308193.48092228
2026-05-17 05:45:00,18.3,18.3,18.3,18.3,546.44808743,9999.99999997
2026-05-17 06:00:00,18.3,18.3,18.3,18.3,5742.89071037,105094.89999977
2026-05-17 06:15:00,18.1,18.1,18.1,18.1,10713.95086893,193922.51072763
2026-05-17 06:45:00,18.1,18.1,18.1,18.1,1405.82653912,25445.46035807
2026-05-17 08:15:00,18.3,18.3,18.3,18.3,2884.0,52777.2
2026-05-17 08:30:00,18.3,18.3,18.3,18.3,68451.40271394,1252660.6696651
2026-05-17 08:45:00,18.3,18.3,18.3,18.3,115036.43844712,2105166.8235823
2026-05-17 09:00:00,18.3,18.4,18.3,18.4,69619.36718183,1278146.89551444
2026-05-17 09:15:00,18.4,18.4,18.3,18.3,9784.10202386,179076.24638446
2026-05-17 09:30:00,18.2,18.3,18.1,18.3,167959.13143672,3049892.22777444
2026-05-17 09:45:00,18.3,18.3,18.3,18.3,3280.98360655,60041.99999987
2026-05-17 10:00:00,18.3,18.3,18.3,18.3,9228.06356384,168873.56321827
2026-05-17 10:15:00,18.3,18.5,18.3,18.5,583748.76865211,10737402.21576667
2026-05-17 10:30:00,18.5,18.6,18.4,18.4,218859.27065279,4030026.43529577
2026-05-17 10:45:00,18.3,18.6,18.3,18.5,50429.8599232,930760.27497419
2026-05-17 11:00:00,18.5,18.6,18.4,18.4,94025.00921344,1741695.15087932
2026-05-17 11:15:00,18.6,18.7,18.5,18.6,337497.79914141,6295311.10008615
2026-05-17 11:30:00,18.7,18.8,18.6,18.7,945960.17000261,17690345.03436795
2026-05-17 11:45:00,18.7,18.7,18.7,18.7,625801.43083537,11702486.75662142
2026-05-17 12:00:00,18.7,18.7,18.3,18.5,574497.83689534,10545286.76697219
2026-05-17 12:15:00,18.4,18.6,18.4,18.6,39140.12552594,720339.59999988
2026-05-17 12:30:00,18.4,18.4,18.3,18.3,200000.0,3663400.0
2026-05-17 12:45:00,18.6,18.6,18.4,18.5,3786.06429065,70251.54323822
2026-05-17 13:00:00,18.5,18.5,18.4,18.4,395800.97160832,7295173.01597689
2026-05-17 13:15:00,18.4,18.4,18.4,18.4,276.51933701,5087.95580098
2026-05-17 13:30:00,18.4,18.4,18.2,18.2,793687.00005231,14493779.91525421
2026-05-17 13:45:00,18.4,18.4,18.4,18.4,3571.92711684,65723.45894986
2026-05-17 14:00:00,18.3,18.3,18.2,18.3,77878.68472345,1421752.19703638
2026-05-17 14:15:00,18.3,18.4,18.2,18.4,955904.93321932,17406728.39717523
2026-05-17 14:30:00,18.4,18.4,18.4,18.4,49724.35635434,914928.15691986
2026-05-17 14:45:00,18.4,18.4,18.4,18.4,14470.39781467,266255.31978993
2026-05-17 15:00:00,18.4,18.4,18.4,18.4,276.89673913,5094.89999999
2026-05-17 15:15:00,18.4,18.5,18.4,18.4,119566.54879379,2201224.49780574
2026-05-17 16:00:00,18.5,18.5,18.3,18.5,76627.39074569,1406306.28940682
2026-05-17 16:30:00,18.5,18.5,18.5,18.5,275.4,5094.9
2026-05-17 16:45:00,18.5,18.5,18.5,18.5,64736.28704233,1197621.31028311
2026-05-17 17:00:00,18.5,18.5,18.5,18.5,7388.74324324,136691.74999994
2026-05-17 17:15:00,18.5,18.5,18.4,18.4,44639.41717846,825420.25716474
2026-05-17 17:30:00,18.4,18.4,18.4,18.4,1407.35566802,25895.34429157
2026-05-17 17:45:00,18.4,18.4,18.4,18.4,2697.50307157,49634.05651689
2026-05-17 18:00:00,18.4,18.4,18.4,18.4,9145.58678107,168278.79677169
2026-05-17 18:30:00,18.3,18.5,18.3,18.5,20297.94863371,371506.52486176
2026-05-17 18:45:00,18.5,18.5,18.5,18.5,3178.9308083,58810.21995355
2026-05-17 19:00:00,18.5,18.5,18.5,18.5,108108.1081081,1999999.99999985
2026-05-17 19:45:00,18.5,18.5,18.5,18.5,275.4,5094.9
2026-05-17 20:00:00,18.3,18.6,18.3,18.6,36990.70037778,683997.2355594
2026-05-17 20:15:00,18.6,18.6,18.4,18.4,69302.15053762,1288810.2150535
2026-05-17 20:30:00,18.6,18.6,18.6,18.6,790.59139784,14704.99999982
2026-05-17 20:45:00,18.5,18.5,18.5,18.5,174787.29918419,3233565.03490752
2026-05-17 21:00:00,18.4,18.4,18.4,18.4,21816.32127659,401420.31148926
2026-05-17 21:15:00,18.4,18.4,18.4,18.4,96660.61799658,1778555.37113707
2026-05-17 21:30:00,18.5,18.5,18.5,18.5,142517.05703378,2636565.55512493
2026-05-17 21:45:00,18.4,18.4,18.3,18.4,146429.15859446,2684676.9371575
2026-05-17 22:00:00,18.5,18.5,18.5,18.5,10813.26242432,200045.35484992
2026-05-17 22:15:00,18.5,18.5,18.4,18.5,79785.63434659,1471872.0691832
2026-05-17 22:30:00,18.5,18.5,18.4,18.4,71489.8941821,1318913.04236885
2026-05-17 22:45:00,18.3,18.4,18.3,18.4,5312.70216216,97721.30356753
2026-05-17 23:15:00,18.4,18.5,18.3,18.5,63333.89556813,1163970.90516705
2026-05-17 23:45:00,18.5,18.5,18.4,18.4,10330.64064637,190137.89600132
2026-05-18 00:00:00,18.4,19.2,18.2,18.4,19196130.64618061,360966973.7019345
2026-05-18 00:15:00,18.3,18.4,18.1,18.1,3132330.12736019,57027004.60673965
2026-05-18 00:30:00,18.1,18.2,18.0,18.1,544676.28127354,9840456.06141676
2026-05-18 00:45:00,18.0,18.2,18.0,18.2,213821.13951178,3868363.17558272
2026-05-18 01:00:00,18.1,18.3,18.0,18.3,533579.32196592,9672715.63513159
2026-05-18 01:15:00,18.1,18.3,18.1,18.2,76368.55393729,1382675.18732563
2026-05-18 01:30:00,18.1,18.2,18.1,18.2,55395.66338824,1002688.85705392
2026-05-18 01:45:00,18.1,18.1,18.0,18.1,149863.20915897,2712495.96779983
2026-05-18 02:30:00,18.0,18.1,18.0,18.1,33748.92177202,607526.67484567
2026-05-18 02:45:00,18.1,18.2,18.1,18.2,163716.89506972,2963651.49306962
2026-05-18 03:00:00,18.1,18.1,18.1,18.1,24028.9399,434923.81219
2026-05-18 03:15:00,18.1,18.1,18.1,18.1,55193.3978,999000.50018
2026-05-18 03:45:00,18.1,18.1,18.1,18.1,54773.83887894,991406.48370881
2026-05-18 04:00:00,18.2,18.2,18.2,18.2,21044.66463,383012.896266
2026-05-18 04:45:00,18.1,18.1,18.1,18.1,4368.3422,79066.99382
2026-05-18 05:00:00,18.2,18.2,18.2,18.2,1888.84340109,34376.94989984
2026-05-18 05:30:00,18.1,18.1,18.1,18.1,32283.0592,584323.37152
2026-05-18 05:45:00,18.1,18.2,18.1,18.2,30531.41402235,553269.73526677
2026-05-18 06:00:00,18.2,18.2,18.2,18.2,1000.0,18200.0
2026-05-18 06:15:00,18.2,18.2,18.2,18.2,10494.5054945,190999.9999999
2026-05-18 06:30:00,18.2,18.2,18.2,18.2,70974.1596983,1291729.70650906
2026-05-18 06:45:00,18.3,18.3,18.2,18.2,178184.22003077,3243452.80456001
2026-05-18 07:00:00,18.2,18.3,18.2,18.2,56706.58613314,1032087.195492
2026-05-18 07:15:00,18.2,18.3,18.2,18.2,197288.98137272,3592071.12218569
2026-05-18 07:30:00,18.3,18.3,18.1,18.1,261553.06543621,4761103.69039257
2026-05-18 07:45:00,18.2,18.2,18.1,18.1,14500.38243956,262673.28769999
2026-05-18 08:00:00,18.1,18.2,18.1,18.2,4107.78584642,74380.9238202
2026-05-18 08:15:00,18.1,18.1,18.1,18.1,72989.18290897,1321104.21065236
2026-05-18 08:30:00,18.1,18.2,18.1,18.1,139799.33191614,2530452.49539232
2026-05-18 08:45:00,18.2,18.3,18.1,18.3,181759.04691463,3308473.93250597
2026-05-18 09:00:00,18.3,18.3,18.0,18.1,417705.22487796,7552916.86822617
2026-05-18 09:15:00,18.0,18.1,17.9,18.1,810461.95596297,14573935.85605593
2026-05-18 09:30:00,18.1,18.1,17.9,18.1,271448.05429309,4882069.11395666
2026-05-18 09:45:00,18.1,18.1,17.9,18.1,207217.79916345,3713553.14609496
2026-05-18 10:00:00,17.9,18.1,17.9,18.1,281650.53660661,5055694.36978908
2026-05-18 10:15:00,18.1,18.1,18.0,18.0,242196.30513812,4381632.93999997
2026-05-18 10:30:00,18.1,18.1,18.0,18.1,101193.38509003,1821726.06855977
2026-05-18 10:45:00,18.0,18.1,18.0,18.0,13178.55872365,237246.99110811
2026-05-18 11:00:00,18.0,18.1,17.8,18.1,1123902.86388272,20123340.66257614
2026-05-18 11:15:00,18.0,18.1,17.8,18.1,16116.65996503,290066.71109674
2026-05-18 11:30:00,17.8,17.8,17.8,17.8,5524.86187845,98342.54143641
2026-05-18 11:45:00,18.1,18.1,18.1,18.1,276.51933701,5004.99999988
2026-05-18 12:00:00,18.0,18.0,18.0,18.0,20098.58953522,361774.61163396
2026-05-18 12:15:00,18.0,18.0,18.0,18.0,56249.99999999,1012499.99999982
2026-05-18 12:30:00,17.9,18.0,17.9,18.0,18323.07967673,328816.4595468
2026-05-18 12:45:00,17.9,17.9,17.9,17.9,75177.62886466,1345679.55667741
2026-05-18 13:00:00,18.0,18.0,17.9,17.9,37552.42022675,674031.60597242
2026-05-18 13:15:00,17.9,17.9,17.9,17.9,2010.8695652,35994.56521708
2026-05-18 13:45:00,18.0,18.0,17.9,17.9,1298.81866417,23350.61797753
2026-05-18 14:00:00,18.0,18.0,18.0,18.0,28975.06802154,521551.22438772
2026-05-18 14:15:00,17.9,18.0,17.9,18.0,30555.55555555,548499.9999999
2026-05-18 14:30:00,18.0,18.0,17.9,17.9,13461.51706548,241152.21687209
2026-05-18 14:45:00,17.9,17.9,17.8,17.9,88017.4772861,1575472.14572312
2026-05-18 15:00:00,17.9,17.9,17.8,17.8,86218.20878405,1536706.5882662
2026-05-18 15:15:00,18.0,18.0,17.9,17.9,8858.19521177,158895.02762402
2026-05-18 15:30:00,17.9,18.0,17.9,18.0,10555.55555555,189944.44444435
2026-05-18 15:45:00,17.9,17.9,17.9,17.9,50902.39797627,911152.92377523
2026-05-18 16:00:00,17.9,18.0,17.9,17.9,158935.86446546,2845143.53504285
2026-05-18 16:15:00,17.9,18.0,17.9,18.0,124850.63400967,2235009.23876827
2026-05-18 16:30:00,17.9,17.9,17.9,17.9,1828.89995174,32737.30913615
2026-05-18 16:45:00,17.9,17.9,17.7,17.9,401407.80999999,7130303.01528841
2026-05-18 17:00:00,17.8,17.9,17.7,17.9,91351.78495248,1625884.94413994
2026-05-18 17:15:00,17.8,17.8,17.8,17.8,15387.71371909,273901.3041998
2026-05-18 17:30:00,17.8,17.8,17.8,17.8,86842.23118279,1545791.71505366
2026-05-18 17:45:00,17.8,17.8,17.8,17.8,9756.09756097,173658.53658527
2026-05-18 18:00:00,17.8,17.8,17.8,17.8,534.75935828,9518.71657738
2026-05-18 18:45:00,17.9,17.9,17.9,17.9,279.38547486,5000.99999999
2026-05-18 19:00:00,17.9,17.9,17.9,17.9,28545.69832402,510967.99999996
2026-05-18 19:15:00,17.9,17.9,17.9,17.9,558.65921787,9999.99999987
2026-05-18 19:30:00,17.9,17.9,17.9,17.9,350.0,6265.0
2026-05-18 19:45:00,17.8,17.8,17.7,17.7,238300.84957521,4233532.82088917
2026-05-18 20:15:00,17.8,17.8,17.7,17.7,171862.62137723,3056579.90094791
2026-05-18 20:30:00,17.9,18.1,17.9,18.1,308281.68637682,5562723.49673209
2026-05-18 20:45:00,18.0,18.0,18.0,18.0,19292.66377778,347267.94800004
2026-05-18 21:00:00,18.0,18.0,18.0,18.0,3327.19583031,59889.52494558
2026-05-18 21:15:00,18.0,18.0,18.0,18.0,7620.62785302,137171.30135436
2026-05-18 21:45:00,18.1,18.1,18.1,18.1,69063.2596685,1250044.99999985
2026-05-18 22:15:00,18.0,18.0,18.0,18.0,123370.96742642,2220677.41367556
2026-05-18 22:30:00,18.0,18.0,17.9,18.0,132251.54656166,2371600.44191531
2026-05-18 22:45:00,18.0,18.0,18.0,18.0,762.01708012,13716.30744216
2026-05-18 23:15:00,18.0,18.0,17.9,17.9,1973.38557703,35379.15738439
2026-05-18 23:30:00,17.8,17.9,17.8,17.9,89676.30386309,1596266.1417239
2026-05-18 23:45:00,17.8,17.8,17.8,17.8,76983.14529913,1370299.98632451
2026-05-19 00:00:00,17.8,17.8,17.8,17.8,20000.0,356000.0
2026-05-19 00:30:00,17.8,17.8,17.7,17.7,292382.70367578,5190541.67858776
2026-05-19 00:45:00,17.8,17.8,17.8,17.8,28210.39803659,502145.0850513
2026-05-19 01:00:00,17.8,17.8,17.8,17.8,30000.28339065,534005.04435357
2026-05-19 01:30:00,17.9,17.9,17.9,17.9,346.03351955,6193.99999995
2026-05-19 02:45:00,17.8,17.8,17.8,17.8,110364.50524737,1964488.19340319
2026-05-19 03:00:00,17.8,17.9,17.8,17.9,3604.49706544,64355.57849109
2026-05-19 04:00:00,17.9,18.0,17.9,18.0,27777.77777777,497344.87400012
2026-05-19 04:15:00,18.0,18.0,18.0,18.0,1908.111,34345.998
2026-05-19 04:45:00,18.0,18.0,18.0,18.0,169444.44444443,3049999.99999974
2026-05-19 06:00:00,17.8,17.8,17.8,17.8,1204.0,21431.2
2026-05-19 06:30:00,17.9,17.9,17.8,17.8,22446.17427958,399584.76111507
2026-05-19 06:45:00,17.9,17.9,17.9,17.9,48949.95117959,876204.12611466
2026-05-19 07:15:00,18.0,18.0,18.0,18.0,11155.55555555,200799.9999999
2026-05-19 09:00:00,18.0,18.0,17.9,17.9,265864.11990207,4761477.35735816
2026-05-19 09:15:00,17.9,17.9,17.9,17.9,2793.29608938,49999.9999999
2026-05-19 09:30:00,17.9,17.9,17.9,17.9,558.65921787,9999.99999987
2026-05-19 10:00:00,17.8,17.8,17.8,17.8,5938.65619561,105708.08028186
2026-05-19 10:30:00,17.8,17.8,17.8,17.8,537.6344086,9569.89247308
2026-05-19 10:45:00,17.8,17.8,17.8,17.8,56179.7752809,1000000.00000002
2026-05-19 11:00:00,17.8,17.8,17.8,17.8,8426.96629213,149999.99999991
2026-05-19 11:15:00,17.9,17.9,17.9,17.9,155557.61870557,2784481.3748297
2026-05-19 11:30:00,17.9,17.9,17.8,17.8,16847.6555144,299999.9999999
2026-05-19 11:45:00,18.0,18.0,18.0,18.0,277.83333333,5000.99999994
2026-05-19 12:00:00,18.0,18.0,18.0,18.0,534.23089387,9616.15608966
2026-05-19 13:15:00,17.8,17.8,17.8,17.8,183343.79691086,3263519.58501331
2026-05-19 14:00:00,17.9,17.9,17.8,17.8,25050.63062347,446957.09101955
2026-05-19 14:15:00,17.8,17.9,17.8,17.9,36914.20689222,657106.99999995
2026-05-19 14:30:00,17.8,17.8,17.8,17.8,13148.16276072,234037.29714082
2026-05-19 14:45:00,17.8,17.8,17.8,17.8,11237.0,200018.6
2026-05-19 16:00:00,17.8,17.8,17.8,17.8,11235.95505618,200000.0
2026-05-19 16:15:00,17.8,18.0,17.8,18.0,165202.47110804,2956699.38522374
2026-05-19 16:30:00,18.0,18.0,18.0,18.0,1907.92,34342.56
2026-05-19 17:00:00,17.9,17.9,17.9,17.9,6965.80185693,124687.85323905
2026-05-19 17:15:00,18.0,18.0,17.9,17.9,51443.70977777,925314.63279986
2026-05-19 17:30:00,18.0,18.0,18.0,18.0,333.33333333,5999.99999994
2026-05-19 17:45:00,17.9,17.9,17.9,17.9,7810.8909,139814.94711
2026-05-19 18:00:00,18.0,18.0,18.0,18.0,277.83333333,5000.99999994
2026-05-19 18:45:00,17.9,17.9,17.9,17.9,10534.32015416,188564.33075946
2026-05-19 19:15:00,17.9,17.9,17.9,17.9,362098.94497352,6481571.11502601
2026-05-19 20:00:00,17.9,17.9,17.9,17.9,22346.36871508,399999.99999993
2026-05-19 20:45:00,17.9,17.9,17.9,17.9,1227.82122905,21978.0
2026-05-19 21:00:00,17.9,17.9,17.9,17.9,558.65921787,9999.99999987
2026-05-19 21:15:00,17.8,17.9,17.8,17.9,838.04469273,14945.13407808
2026-05-19 22:00:00,17.9,18.0,17.9,18.0,66977.03289881,1199019.86539677
2026-05-19 22:15:00,18.0,18.0,17.9,17.9,53832.7001574,963796.10581746
2026-05-19 22:30:00,18.0,18.0,17.9,17.9,836.4925512,15000.99999981
2026-05-19 22:45:00,17.9,17.9,17.9,17.9,7698.12849162,137796.5
2026-05-19 23:00:00,17.9,17.9,17.8,17.8,127049.69435372,2271684.79133979
2026-05-19 23:15:00,18.0,18.0,17.8,17.8,798.66666666,14271.83333321
2026-05-19 23:30:00,17.9,17.9,17.9,17.9,279.38547486,5000.99999999
2026-05-19 23:45:00,17.8,17.9,17.8,17.9,423225.10794175,7543203.37387712
2026-05-20 00:15:00,17.8,17.8,17.8,17.8,558.65921787,9944.13407809
2026-05-20 00:45:00,17.9,17.9,17.9,17.9,279.38547486,5000.99999999
2026-05-20 01:00:00,17.8,17.8,17.8,17.8,898.87640449,15999.99999992
2026-05-20 01:30:00,17.8,17.8,17.8,17.8,1298.7012987,23116.88311686
2026-05-20 01:45:00,17.8,17.8,17.8,17.8,1101.12359549,19599.99999972
2026-05-20 03:15:00,17.8,17.8,17.8,17.8,17391.72763569,309572.75191528
2026-05-20 04:00:00,17.9,17.9,17.9,17.9,1206.0,21587.4
2026-05-20 05:15:00,17.8,17.8,17.8,17.8,1206.0,21466.8
2026-05-20 06:30:00,17.8,17.8,17.8,17.8,56179.7752809,1000000.00000002
2026-05-20 07:15:00,17.8,17.8,17.8,17.8,3841.0,68369.8
2026-05-20 07:30:00,17.8,17.8,17.8,17.8,20000.0,356000.0
2026-05-20 08:00:00,17.9,17.9,17.8,17.8,151899.33365247,2703836.07756145
2026-05-20 08:15:00,17.8,17.8,17.8,17.8,455594.87278458,8109588.73556552
2026-05-20 08:30:00,17.7,17.8,17.7,17.8,257726.23632548,4561921.406961
2026-05-20 08:45:00,17.8,17.9,17.8,17.9,450040.85363846,8024155.22468497
2026-05-20 09:00:00,18.0,18.0,18.0,18.0,1901.18286666,34221.29159988
2026-05-20 09:15:00,17.8,18.0,17.8,18.0,9842.65792816,176781.14303134
2026-05-20 09:30:00,18.0,18.0,18.0,18.0,721027.81942362,12978500.74962516
2026-05-20 10:15:00,17.9,17.9,17.9,17.9,40632.04102729,727313.53438849
2026-05-20 10:30:00,17.9,17.9,17.6,17.6,813755.17078717,14403826.62131437
2026-05-20 10:45:00,17.8,17.8,17.7,17.7,86324.39041754,1528253.83960394
2026-05-20 11:00:00,17.7,17.7,17.6,17.7,19771.94281818,349906.02351397
2026-05-20 11:30:00,17.7,17.7,17.7,17.7,84278.82953823,1491735.28282667
2026-05-20 11:45:00,17.7,17.7,17.7,17.7,10187.00142287,180309.9251848
2026-05-20 12:15:00,17.7,17.7,17.7,17.7,166300.45256378,2943518.01037891
2026-05-20 12:30:00,17.6,17.8,17.6,17.8,12146.1730487,213885.00520768
2026-05-20 12:45:00,17.6,17.8,17.5,17.6,248977.67466941,4383319.22695024
2026-05-20 13:00:00,17.6,17.6,17.5,17.5,327809.06194007,5739498.80535549
2026-05-20 13:15:00,17.6,17.6,17.6,17.6,5714.28571428,100571.42857133
2026-05-20 13:30:00,17.7,17.7,17.7,17.7,282.54237288,5000.99999998
2026-05-20 14:00:00,17.7,17.7,17.7,17.7,95249.18393013,1685910.5555633
2026-05-20 15:15:00,17.7,17.7,17.7,17.7,12137.62301843,214835.92742621
2026-05-20 15:45:00,17.7,17.8,17.7,17.8,235929.41307897,4198978.58105425
2026-05-20 16:00:00,17.9,17.9,17.8,17.8,1967.97276534,35169.67499959
2026-05-20 16:30:00,17.8,17.8,17.7,17.7,56513.58678202,1005641.33137087
2026-05-20 16:45:00,17.7,17.8,17.7,17.8,72597.56395608,1285005.00000014
2026-05-20 17:15:00,17.8,17.8,17.8,17.8,1119.72569202,19931.11731796
2026-05-20 17:30:00,17.7,17.8,17.7,17.8,134743.03464906,2385063.71394745
2026-05-20 17:45:00,17.8,17.8,17.8,17.8,587.04431959,10449.3888887
2026-05-20 18:00:00,17.7,17.8,17.7,17.8,31383.63612526,555574.71334969
2026-05-20 18:15:00,17.8,17.8,17.8,17.8,30431.41350672,541679.16041962
2026-05-20 18:30:00,17.8,17.8,17.8,17.8,563.94654985,10038.24858733
2026-05-20 19:00:00,17.8,17.8,17.8,17.8,831.09422957,14793.47728635
2026-05-20 19:30:00,17.8,17.8,17.8,17.8,281.01123595,5001.99999991
2026-05-20 19:45:00,17.8,17.8,17.7,17.8,1383.58010527,24572.47728624
2026-05-20 20:15:00,17.8,17.8,17.8,17.8,6735.88639198,119898.77777724
2026-05-20 20:30:00,17.8,17.8,17.7,17.8,14745.50485359,262149.48171476
2026-05-20 21:00:00,17.7,17.8,17.7,17.8,65821.74062091,1165101.02247325
2026-05-20 21:30:00,17.7,17.8,17.7,17.8,57615.62834915,1019908.46710075
2026-05-20 21:45:00,17.7,17.8,17.7,17.8,298590.46474659,5313110.2724893
2026-05-20 22:00:00,17.8,17.8,17.8,17.8,5617.97752808,99999.99999982
2026-05-20 22:15:00,17.7,17.8,17.7,17.8,7906.12364194,139966.50643987
2026-05-20 22:30:00,17.8,17.8,17.8,17.8,337.07865168,5999.9999999
2026-05-20 23:45:00,17.8,17.8,17.8,17.8,11235.95505617,199999.99999983
2026-05-21 00:45:00,17.8,17.8,17.8,17.8,93164.93438673,1658335.83208379
2026-05-21 01:00:00,17.8,17.8,17.8,17.8,1206.0,21466.8
2026-05-21 02:15:00,17.8,17.8,17.8,17.8,4320.52651165,76905.37190737
2026-05-21 02:45:00,17.9,17.9,17.9,17.9,4463.24323871,79892.05397291
2026-05-21 03:15:00,17.9,17.9,17.9,17.9,50279.32960893,899999.99999985
2026-05-21 03:45:00,17.8,17.8,17.8,17.8,1206.0,21466.8
2026-05-21 05:15:00,17.9,17.9,17.9,17.9,837.9888268,14999.99999972
2026-05-21 05:30:00,17.9,17.9,17.9,17.9,41892.46159042,749875.06246852
2026-05-21 05:45:00,17.9,17.9,17.9,17.9,2793.29608938,49999.9999999
2026-05-21 06:00:00,17.9,17.9,17.9,17.9,22346.36871508,399999.99999993
2026-05-21 06:45:00,17.8,17.8,17.8,17.8,1129.94350282,20112.9943502
2026-05-21 07:15:00,17.8,17.8,17.7,17.8,618219.43826822,10986132.13330599
2026-05-21 07:45:00,17.7,17.7,17.7,17.7,12922.26657541,228724.11838476
2026-05-21 08:00:00,17.8,17.8,17.8,17.8,561.7977528,9999.99999984
2026-05-21 08:15:00,17.8,17.8,17.8,17.8,100970.63827635,1797277.36131903
2026-05-21 08:30:00,17.8,17.8,17.8,17.8,18518.6058656,329631.18440768
2026-05-21 09:00:00,17.8,17.8,17.8,17.8,4426.02656843,78783.27291805
2026-05-21 09:15:00,17.7,17.7,17.7,17.7,6642.58296383,117573.71845979
2026-05-21 09:30:00,17.7,17.8,17.7,17.8,75516.40619445,1337939.53781704
2026-05-21 09:45:00,17.7,17.7,17.7,17.7,49923.52138537,883646.32852105
2026-05-21 10:00:00,17.7,17.7,17.7,17.7,44789.92992665,792781.75970171
2026-05-21 10:15:00,17.7,17.8,17.7,17.8,90987.66255899,1610537.8070694
2026-05-21 10:30:00,17.7,17.7,17.7,17.7,14092.73111763,249441.34078205
2026-05-21 10:45:00,17.8,17.8,17.8,17.8,59522.48594802,1059500.24987476
2026-05-21 11:15:00,17.8,17.8,17.7,17.8,319866.66740038,5693411.78195449
2026-05-21 11:30:00,17.7,17.8,17.7,17.8,1696056.68906944,30029586.52228174
2026-05-21 11:45:00,17.7,17.8,17.7,17.8,27337.29748668,484915.21257722
2026-05-21 12:00:00,17.7,17.7,17.7,17.7,22598.8700565,400000.00000005
2026-05-21 12:15:00,17.8,17.8,17.7,17.8,281460.66936653,5008040.29876679
2026-05-21 12:30:00,17.7,17.9,17.7,17.9,247464.50554323,4380266.81440168
2026-05-21 12:45:00,17.9,17.9,17.9,17.9,419250.26266551,7504579.70171263
2026-05-21 13:00:00,17.9,17.9,17.9,17.9,22207.76536312,397518.99999985
2026-05-21 13:15:00,17.9,18.0,17.8,18.0,7308.42345065,130984.34633398
2026-05-21 13:30:00,17.8,18.1,17.8,18.1,699559.77343219,12552429.82602699
2026-05-21 14:00:00,18.1,18.1,18.1,18.1,1657.45856353,29999.99999989
2026-05-21 14:15:00,18.0,18.0,18.0,18.0,277.83333333,5000.99999994
2026-05-21 14:30:00,17.9,17.9,17.8,17.8,8142.6362464,145065.00473341
2026-05-21 15:00:00,17.8,17.8,17.8,17.8,110595.01744695,1968591.31055571
2026-05-21 15:15:00,17.8,17.8,17.8,17.8,3000.0,53400.0
2026-05-21 15:30:00,18.0,18.0,18.0,18.0,5555.55555555,99999.9999999
2026-05-21 15:45:00,17.9,17.9,17.8,17.8,55193.39777624,983559.79885283
2026-05-21 16:30:00,17.9,17.9,17.9,17.9,55865.9217877,999999.99999983
2026-05-21 17:00:00,17.8,17.8,17.8,17.8,123595.50561798,2200000.00000004
2026-05-21 17:15:00,17.8,17.8,17.8,17.8,56391.22562764,1003763.81617199
2026-05-21 17:30:00,17.9,17.9,17.9,17.9,52230.42110228,934924.53773081
2026-05-21 18:00:00,17.9,17.9,17.9,17.9,3907.82262499,69950.02498732
2026-05-21 18:15:00,17.9,17.9,17.8,17.9,66313.8718638,1182753.15029002
2026-05-21 18:30:00,17.8,17.8,17.8,17.8,91620.29039828,1630841.16908938
2026-05-21 18:45:00,17.9,17.9,17.9,17.9,7501.3331323,134273.86306817
2026-05-21 19:00:00,17.9,18.0,17.9,18.0,345434.29029649,6183718.24075162
2026-05-21 19:15:00,17.9,17.9,17.8,17.8,404267.81454633,7222625.33273714
2026-05-21 19:30:00,17.9,17.9,17.9,17.9,11307.36263736,202401.79120874
2026-05-21 20:15:00,18.0,18.0,18.0,18.0,22845.81666665,411224.6999997
2026-05-21 20:30:00,18.0,18.0,18.0,18.0,34228.46618076,616112.39125368
2026-05-21 20:45:00,17.9,18.0,17.7,17.8,430674.08707191,7641377.36402995
2026-05-21 21:00:00,17.8,17.8,17.7,17.7,130394.38867638,2309567.89261812
2026-05-21 21:15:00,17.7,17.7,17.7,17.7,16630.8059053,294365.26452381
2026-05-21 21:45:00,17.8,17.8,17.7,17.7,238880.91090618,4228757.0947908
2026-05-21 22:00:00,17.8,17.8,17.7,17.8,851.64958179,15130.59818805
2026-05-21 22:30:00,17.8,17.8,17.7,17.7,106341.10450951,1882608.12295872
2026-05-21 22:45:00,17.7,17.7,17.6,17.7,286912.12438941,5078286.9066889
2026-05-21 23:00:00,17.8,17.8,17.8,17.8,44961.39570663,800312.84357801
2026-05-21 23:15:00,17.7,17.7,17.7,17.7,23821.03201095,421632.26659382
2026-05-21 23:45:00,17.8,17.8,17.8,17.8,280.95505617,5000.99999983
2026-05-22 00:00:00,17.7,17.8,17.7,17.8,812.86994978,14415.89361672
2026-05-22 00:15:00,17.7,17.7,17.7,17.7,3518.7209212,62281.36030524
2026-05-22 01:00:00,17.8,17.8,17.7,17.7,414177.77026338,7333736.54158079
2026-05-22 01:15:00,17.8,17.8,17.6,17.6,413310.6820367,7290726.24779116
2026-05-22 01:30:00,17.7,17.7,17.6,17.7,5789.2539103,102441.19421231
2026-05-22 01:45:00,17.7,17.7,17.7,17.7,22140.88675389,391893.69554385
2026-05-22 02:45:00,17.8,17.8,17.8,17.8,281.17977528,5004.99999998
2026-05-22 03:00:00,17.8,17.9,17.7,17.9,483820.50303358,8612003.98425574
2026-05-22 03:45:00,17.9,17.9,17.9,17.9,538.40975018,9637.53452822
2026-05-22 04:15:00,17.9,17.9,17.9,17.9,284.63128491,5094.89999989
2026-05-22 04:45:00,17.9,18.0,17.9,18.0,65507.73419164,1176967.99999996
2026-05-22 06:00:00,18.0,18.0,18.0,18.0,5553.00127713,99954.02298834
2026-05-22 06:15:00,18.0,18.0,18.0,18.0,526.31005872,9473.58105696
2026-05-22 06:30:00,18.0,18.0,18.0,18.0,283.04999999,5094.89999982
2026-05-22 06:45:00,18.0,18.0,18.0,18.0,6089.73729294,109615.27127292
2026-05-22 07:15:00,17.9,17.9,17.9,17.9,158395.3075573,2835276.00527567
2026-05-22 07:30:00,18.0,18.4,17.8,17.9,1843168.07169412,33228584.88633891
2026-05-22 07:45:00,17.9,17.9,17.9,17.9,17214.96840745,308147.93449336
2026-05-22 08:00:00,18.0,18.1,17.9,17.9,183145.63371283,3303678.7596136
2026-05-22 08:15:00,18.0,18.0,18.0,18.0,22222.22222222,399999.99999996
2026-05-22 08:30:00,18.0,18.0,18.0,18.0,5268.37464061,94830.74353098
2026-05-22 09:00:00,17.9,18.0,17.9,17.9,86666.91679562,1556946.14536313
2026-05-22 09:30:00,18.1,18.1,17.9,17.9,357573.97827791,6403784.90036575
2026-05-22 10:00:00,18.0,18.0,18.0,18.0,124926.57625989,2248678.37267802
2026-05-22 10:15:00,18.0,18.5,18.0,18.1,1137267.67384043,20672965.419948
2026-05-22 10:30:00,18.1,18.3,18.1,18.2,414246.40134042,7536116.20400472
2026-05-22 10:45:00,18.2,18.2,18.1,18.2,1167588.99565416,21201536.51216532
2026-05-22 11:00:00,18.2,18.2,18.1,18.1,241778.82664729,4390545.62085371
2026-05-22 11:15:00,18.1,18.2,18.1,18.2,48124.3434036,871750.4398389
2026-05-22 11:30:00,18.2,18.3,18.0,18.1,70395.01443168,1284885.15496933
2026-05-22 11:45:00,18.1,18.1,18.1,18.1,426568.62698483,7720892.14842542
2026-05-22 12:15:00,18.1,18.1,18.0,18.1,368177.06304893,6630502.05200781
2026-05-22 12:30:00,18.0,18.1,18.0,18.1,7225.62486579,130091.27461125
2026-05-22 12:45:00,18.0,18.0,18.0,18.0,251165.59401871,4520980.69233678
2026-05-22 13:00:00,18.1,18.1,18.1,18.1,298.65591397,5405.67204286
2026-05-22 13:15:00,18.1,18.1,18.1,18.1,552.48618784,9999.9999999
2026-05-22 13:30:00,18.1,18.1,18.1,18.1,1207.68656188,21859.12677003
2026-05-22 13:45:00,18.1,18.1,18.0,18.1,746468.31588539,13496702.45259337
2026-05-22 14:00:00,18.1,18.1,18.0,18.0,42392.09920772,764224.36996141
2026-05-22 14:15:00,18.0,18.1,18.0,18.0,41409.15941484,748820.56836215
2026-05-22 14:30:00,18.0,18.0,18.0,18.0,50000.0,900000.0
2026-05-22 14:45:00,18.0,18.2,18.0,18.1,29836.09156205,540029.25529029
2026-05-22 15:15:00,18.2,18.2,18.1,18.1,764340.5952217,13910136.82233494
2026-05-22 15:30:00,18.2,18.2,18.2,18.2,626031.07142857,11393765.49999997
2026-05-22 15:45:00,18.1,18.4,18.1,18.3,1857756.24419202,34001956.18863101
2026-05-22 16:00:00,18.3,18.3,18.3,18.3,78758.03278688,1441271.9999999
2026-05-22 16:15:00,18.3,18.3,18.2,18.2,224814.80438911,4091657.28086541
2026-05-22 16:30:00,18.1,18.1,18.0,18.0,1135062.71327788,20481380.38340381
2026-05-22 16:45:00,18.1,18.1,18.1,18.1,1878.84994475,34007.18399998
2026-05-22 17:00:00,18.1,18.1,17.9,18.1,583519.50129617,10501988.48496202
2026-05-22 17:15:00,18.1,18.1,18.1,18.1,148664.23889633,2690822.72402357
2026-05-22 17:30:00,18.1,18.1,18.0,18.0,72356.20814897,1308595.04654873
2026-05-22 17:45:00,18.1,18.1,18.1,18.1,580.14210181,10500.57204276
2026-05-22 18:00:00,18.1,18.1,18.0,18.1,627905.41653987,11302484.93222879
2026-05-22 18:15:00,18.0,18.0,18.0,18.0,1574.07484103,28333.34713854
2026-05-22 18:30:00,18.1,18.1,18.0,18.0,127876.04204439,2301798.62239042
2026-05-22 18:45:00,18.1,18.1,18.1,18.1,852.75645811,15434.89189179
2026-05-22 19:15:00,18.1,18.1,18.1,18.1,281.48618784,5094.8999999
2026-05-22 19:30:00,18.1,18.1,18.1,18.1,141014.77523059,2552367.43167368
2026-05-22 20:45:00,18.0,18.1,17.9,18.1,834607.63063445,15022694.29461374
2026-05-22 21:00:00,18.1,18.1,18.1,18.1,11049.7237569,199999.99999989
2026-05-22 21:15:00,18.1,18.1,18.1,18.1,1800.0,32580.0
2026-05-22 21:30:00,18.1,18.1,18.1,18.1,538.18759936,9741.19554842
2026-05-22 21:45:00,18.1,18.1,18.1,18.1,23198.99244753,419901.76330029
2026-05-22 22:00:00,18.0,18.1,18.0,18.1,46001.3003002,828161.10372813
2026-05-22 22:15:00,18.1,18.1,18.1,18.1,134325.93095717,2431299.35032478
2026-05-22 22:30:00,18.1,18.1,18.1,18.1,81405.55248618,1473440.49999986
2026-05-22 22:45:00,18.1,18.1,18.1,18.1,12867.74873305,232906.25206821
2026-05-22 23:00:00,18.0,18.1,18.0,18.1,10577.7487747,190427.1298783
2026-05-22 23:45:00,18.1,18.1,18.1,18.1,276.24309392,4999.99999995
2026-05-23 00:15:00,18.1,18.1,18.1,18.1,568.45856353,10289.09999989
2026-05-23 00:30:00,18.1,18.1,18.0,18.1,5014.90429955,90351.17794439
2026-05-23 00:45:00,18.0,18.0,18.0,18.0,17182.516,309285.288
2026-05-23 01:00:00,18.0,18.1,18.0,18.1,2601.71081525,46967.25095603
2026-05-23 01:45:00,18.1,18.1,18.0,18.1,136337.23933582,2459095.5026574
2026-05-23 02:00:00,18.0,18.1,18.0,18.0,6729.10128176,121151.47500538
2026-05-23 02:15:00,18.1,18.1,18.1,18.1,4351.009337,78753.2689997
2026-05-23 02:30:00,18.0,18.1,18.0,18.1,2718.96673701,48969.05319988
2026-05-23 04:30:00,18.1,18.1,17.9,17.9,131954.49339185,2363020.53326967
2026-05-23 05:15:00,18.0,18.0,18.0,18.0,981.41,17665.38
2026-05-23 05:30:00,17.9,17.9,17.9,17.9,79405.55248618,1421359.38950262
2026-05-23 05:45:00,18.0,18.0,18.0,18.0,1073.33999999,19320.11999982
2026-05-23 06:00:00,18.0,18.0,18.0,18.0,2852.64999999,51347.69999982
2026-05-23 06:15:00,17.9,17.9,17.9,17.9,30494.83990102,545857.63422826
2026-05-23 06:45:00,17.9,18.0,17.9,17.9,201666.49164576,3618819.11851466
2026-05-23 07:45:00,17.9,17.9,17.9,17.9,99979.66971749,1789636.08794307
2026-05-23 08:00:00,17.9,17.9,17.9,17.9,27932.96089386,500000.00000009
2026-05-23 08:30:00,17.9,17.9,17.8,17.9,52484.88272991,938450.80086539
2026-05-23 08:45:00,17.8,17.8,17.8,17.8,347431.15129793,6184274.49310315
2026-05-23 09:00:00,17.8,17.9,17.8,17.9,331152.54026099,5895324.9465061
2026-05-23 09:15:00,17.9,18.0,17.9,17.9,854994.69909741,15317498.15828808
2026-05-23 10:00:00,18.0,18.0,18.0,18.0,49858.02793296,897444.50279328
2026-05-23 10:15:00,17.9,18.0,17.8,17.8,741558.29899258,13264754.67415082
2026-05-23 10:30:00,18.0,18.0,18.0,18.0,50228.83333333,904118.99999994
2026-05-23 10:45:00,18.0,18.0,17.9,17.9,297627.62611554,5328582.21139398
2026-05-23 11:00:00,17.9,17.9,17.8,17.8,27873.24603511,497607.1859902
2026-05-23 11:30:00,18.0,18.1,18.0,18.1,314270.03152981,5672780.37006622
2026-05-23 11:45:00,18.1,18.1,17.9,17.9,111731.84357573,2000000.00000563
2026-05-23 12:00:00,17.9,17.9,17.8,17.8,112359.5505618,2006476.61927869
2026-05-23 12:30:00,17.9,17.9,17.8,17.8,10477.03925814,187525.05229489
2026-05-23 13:00:00,17.9,18.0,17.9,17.9,66037.37854858,1182235.74268625
2026-05-23 13:15:00,17.9,17.9,17.9,17.9,56648.94258047,1014016.07219041
2026-05-23 13:30:00,17.9,17.9,17.9,17.9,6799.92736679,121718.69986554
2026-05-23 13:45:00,17.9,18.0,17.9,18.0,11329.10489127,202990.97755373
2026-05-23 14:15:00,17.9,18.0,17.9,17.9,163291.69956546,2928292.71111062
2026-05-23 15:30:00,17.9,17.9,17.9,17.9,58935.36315487,1054943.00047217
2026-05-23 16:15:00,17.9,17.9,17.9,17.9,96280.16183354,1723414.89682037
2026-05-23 16:45:00,17.9,18.1,17.8,18.1,178142.94704987,3195625.32127175
2026-05-23 17:00:00,18.1,18.3,17.9,17.9,1354593.33144654,24546395.56706474
2026-05-23 17:15:00,17.9,18.0,17.9,17.9,104075.73769748,1863366.12015934
2026-05-23 17:30:00,17.9,17.9,17.8,17.9,478451.34754805,8525961.22554062
2026-05-23 18:00:00,17.8,17.8,17.7,17.7,283005.92967214,5010379.34382611
2026-05-23 18:15:00,17.7,17.9,17.7,17.9,9895.27600782,175200.74403407
2026-05-23 18:30:00,17.9,17.9,17.8,17.8,599.02279329,10691.65599989
2026-05-23 18:45:00,17.7,17.9,17.7,17.9,30978.16303794,550641.55662635
2026-05-23 19:30:00,17.8,17.8,17.3,17.4,3362408.94598509,59067391.86654339
2026-05-23 19:45:00,17.4,17.4,17.2,17.4,6316413.25127414,109681478.18406652
2026-05-23 20:00:00,17.4,17.4,17.4,17.4,463377.86349928,8062774.82488747
2026-05-23 20:15:00,17.4,17.4,17.4,17.4,55753.22710517,970106.15162996
2026-05-23 20:30:00,17.4,17.4,17.4,17.4,92370.13441554,1607240.3388304
2026-05-23 20:45:00,17.5,17.5,17.4,17.5,333032.95132991,5828046.98185608
2026-05-23 21:00:00,17.5,17.5,17.4,17.4,56532.15594567,983830.7603057
2026-05-23 21:15:00,17.4,17.4,17.4,17.4,69735.59197412,1213399.30034969
2026-05-23 21:30:00,17.4,17.4,17.2,17.4,1504150.70406687,25943498.40163111
2026-05-23 22:00:00,17.4,17.4,17.2,17.3,212499.86017438,3679092.53450883
2026-05-23 22:15:00,17.3,17.4,17.2,17.4,1198143.27560331,20694770.67800241
2026-05-23 22:30:00,17.4,17.4,17.2,17.3,32633.32179649,564407.21778533
2026-05-23 22:45:00,17.2,17.3,17.2,17.3,815835.40535073,14113893.45600654
2026-05-23 23:00:00,17.3,17.4,17.3,17.4,196675.29306797,3402709.70780378
2026-05-23 23:15:00,17.4,17.4,17.4,17.4,45977.01149424,799999.99999978
2026-05-23 23:30:00,17.4,17.4,17.4,17.4,254022.98850573,4419999.9999997
2026-05-23 23:45:00,17.4,17.5,17.4,17.5,150666.32302294,2635853.8034563
2026-05-24 00:00:00,17.5,17.5,17.5,17.5,138066.08818021,2416156.54315368
2026-05-24 00:15:00,17.6,17.6,17.6,17.6,577143.01939939,10157717.14142926
2026-05-24 00:30:00,17.6,17.6,17.6,17.6,50000.0,880000.0
2026-05-24 01:00:00,17.6,17.6,17.4,17.4,281277.50065309,4903258.12430666
2026-05-24 01:15:00,17.6,17.6,17.4,17.4,301940.72298222,5291168.21873994
2026-05-24 02:15:00,17.4,17.4,17.4,17.4,6923.35449245,120466.36816863
2026-05-24 02:30:00,17.5,17.5,17.5,17.5,6923.35449246,121158.70361805
2026-05-24 04:15:00,17.6,17.6,17.6,17.6,565709.58838762,9956488.75562211
2026-05-24 04:30:00,17.6,17.6,17.6,17.6,568.18181818,9999.99999997
2026-05-24 04:45:00,17.5,17.5,17.5,17.5,298.0,5215.0
2026-05-24 05:00:00,17.6,17.6,17.6,17.6,663024.11294352,11669224.38780595
2026-05-24 05:15:00,17.6,17.6,17.6,17.6,3998.28494843,70369.81509237
2026-05-24 05:30:00,17.6,17.6,17.6,17.6,442213.6476168,7782960.19805568
2026-05-24 05:45:00,17.7,17.9,17.7,17.7,1327577.74653161,23633036.82442909
2026-05-24 06:00:00,17.8,18.1,17.8,18.0,452246.25130307,8132650.65272027
2026-05-24 06:15:00,18.1,18.1,18.1,18.1,1886.2677348,34141.44599988
2026-05-24 06:45:00,17.8,17.8,17.8,17.8,61500.0,1094700.0
2026-05-24 07:00:00,17.9,18.0,17.8,17.9,1199450.8055569,21475198.60847863
2026-05-24 07:15:00,17.9,17.9,17.8,17.9,76440.12439407,1361458.39850385
2026-05-24 07:30:00,18.0,18.1,17.9,17.9,27761.62672047,497044.61391998
2026-05-24 07:45:00,18.0,18.0,17.9,17.9,29862.78741447,535658.10949245
2026-05-24 08:00:00,17.9,17.9,17.7,17.8,585637.16684019,10413211.14319227
2026-05-24 08:30:00,17.8,17.8,17.7,17.8,181397.9475158,3223613.71915167
2026-05-24 08:45:00,17.8,17.9,17.8,17.8,897928.93205623,15985036.99186757
2026-05-24 09:00:00,17.7,17.8,17.7,17.8,6152.1837188,109369.62587646
2026-05-24 09:15:00,17.7,17.8,17.7,17.8,64157.52797757,1141259.59492139
2026-05-24 09:30:00,17.8,17.8,17.8,17.8,135971.51784548,2420293.01764954
2026-05-24 09:45:00,17.9,17.9,17.8,17.8,179845.14660904,3201681.40852359
2026-05-24 10:00:00,17.8,17.8,17.7,17.7,143489.49572417,2551901.44988283
2026-05-24 10:15:00,17.8,17.8,17.8,17.8,70645.53994187,1257490.61096529
2026-05-24 10:30:00,17.9,17.9,17.9,17.9,1898.66036871,33986.02059991
2026-05-24 10:45:00,17.8,17.8,17.8,17.8,17095.41576283,304298.40057837
2026-05-24 11:00:00,17.8,17.8,17.8,17.8,4558.57274823,81142.59491849
2026-05-24 11:15:00,17.8,17.8,17.8,17.8,564.97175142,10056.49717528
2026-05-24 12:00:00,17.8,17.8,17.7,17.8,33985.14201575,603579.59567696
2026-05-24 12:30:00,17.9,17.9,17.9,17.9,104814.03910934,1876171.30005719
2026-05-24 12:45:00,17.9,17.9,17.9,17.9,8631.78910171,154509.02492061
2026-05-24 13:00:00,17.9,17.9,17.9,17.9,53362.48077078,955188.40579696
2026-05-24 13:30:00,17.9,17.9,17.8,17.8,211123.07420537,3771875.58898083
2026-05-24 14:00:00,17.8,17.8,17.8,17.8,13558.29737423,241337.69326129
2026-05-24 14:30:00,17.7,17.7,17.7,17.7,40000.0,708000.0
2026-05-24 14:45:00,17.7,17.7,17.7,17.7,35149.42528735,622144.8275861
2026-05-24 15:15:00,17.7,17.7,17.7,17.7,100000.0,1770000.0
2026-05-24 15:45:00,17.8,17.8,17.8,17.8,10000.0,178000.0
2026-05-24 16:00:00,17.7,17.7,17.7,17.7,150572.29113698,2665129.55312455
2026-05-24 16:15:00,17.8,17.8,17.7,17.8,206675.55655117,3668327.38367805
2026-05-24 16:45:00,17.7,17.8,17.7,17.7,25313.73195813,448109.23543418
2026-05-24 17:30:00,17.7,17.7,17.7,17.7,282485.87570622,5000000.00000009
2026-05-24 17:45:00,17.8,17.8,17.8,17.8,69292.4775437,1233406.10027786
2026-05-24 18:00:00,17.8,17.8,17.8,17.8,337.07865168,5999.9999999
2026-05-24 18:15:00,17.8,17.8,17.8,17.8,10000.0,178000.0
2026-05-24 18:45:00,17.7,17.7,17.7,17.7,18227.53396029,322627.35109713
2026-05-24 19:00:00,17.7,17.7,17.7,17.7,229968.03909123,4070434.29191477
2026-05-24 19:45:00,17.7,17.7,17.7,17.7,209650.54196065,3710814.59270351
2026-05-24 20:00:00,17.7,17.7,17.6,17.6,10444.39629214,184023.11774166
2026-05-24 20:15:00,17.7,17.7,17.7,17.7,284.6590909,5038.46590893
2026-05-24 20:30:00,17.7,17.8,17.7,17.8,630079.77703025,11154395.60098749
2026-05-24 20:45:00,17.8,17.8,17.8,17.8,134037.00313683,2385858.65583557
2026-05-24 21:00:00,17.7,17.7,17.7,17.7,192545.49079042,3408055.18699043
2026-05-24 21:15:00,17.7,17.7,17.7,17.7,10087.52606842,178549.21141103
2026-05-24 21:30:00,17.8,17.8,17.7,17.7,261172.19729517,4633807.03670952
2026-05-24 21:45:00,17.8,17.8,17.8,17.8,64853.64059543,1154394.80259865
2026-05-24 22:15:00,17.8,17.8,17.8,17.8,10539.46629208,187602.49999902
2026-05-24 22:30:00,17.7,17.7,17.7,17.7,6742.0,119333.4
2026-05-24 22:45:00,17.8,17.8,17.8,17.8,280.8988764,4999.99999992
2026-05-24 23:00:00,17.7,17.7,17.7,17.7,2705055.96839108,47879490.64052212
2026-05-24 23:15:00,17.7,17.7,17.7,17.7,1320506.34645171,23372962.33219527
2026-05-24 23:45:00,17.7,17.7,17.7,17.7,20871.99338184,369434.28285857
2026-05-25 00:00:00,17.8,17.8,17.7,17.7,26180.0612561,463506.88423297
2026-05-25 00:15:00,17.7,17.8,17.7,17.8,850850.30930076,15060106.65439873
2026-05-25 01:00:00,17.8,17.8,17.8,17.8,7082.24268349,126063.91976612
2026-05-25 01:30:00,17.8,17.8,17.8,17.8,280.95505617,5000.99999983
2026-05-25 01:45:00,17.7,17.7,17.7,17.7,328.55108967,5815.35428716
2026-05-25 02:00:00,17.7,17.7,17.7,17.7,1450.0,25665.0
2026-05-25 02:15:00,17.7,17.7,17.7,17.7,8206.55830575,145256.08201178
2026-05-25 02:45:00,17.7,17.7,17.7,17.7,32645.79458977,577830.56423893
2026-05-25 06:45:00,17.7,17.7,17.7,17.7,230428.98670152,4078593.0646169
2026-05-25 07:00:00,17.8,17.8,17.7,17.7,61264.05795835,1090199.4231522
2026-05-25 07:15:00,17.8,17.8,17.8,17.8,1123.59550561,19999.99999986
2026-05-25 07:30:00,17.8,17.8,17.8,17.8,10289.5454673,183153.90931794
2026-05-25 07:45:00,17.7,17.7,17.7,17.7,89080.20231213,1576719.5809247
2026-05-25 08:30:00,17.7,17.7,17.7,17.7,60563.0,1071965.1
2026-05-25 08:45:00,17.7,17.8,17.6,17.6,122061.83539568,2166232.19791831
2026-05-25 09:00:00,17.6,17.7,17.6,17.7,2976.65642426,52630.63893412
2026-05-25 09:15:00,17.7,17.7,17.6,17.7,10581.50720804,186818.15341642
2026-05-25 09:30:00,17.6,17.6,17.6,17.6,378820.08611984,6667233.51570918
2026-05-25 10:00:00,17.6,17.6,17.5,17.5,308667.7142435,5403779.59857572
2026-05-25 10:15:00,17.6,17.7,17.6,17.7,101925.6677288,1795652.79465657
2026-05-25 11:00:00,17.7,17.7,17.7,17.7,11293.78813418,199900.04997499
2026-05-25 11:30:00,17.6,17.6,17.6,17.6,10261.64690255,180604.98548488
2026-05-25 12:00:00,17.6,17.6,17.6,17.6,135158.1380771,2378783.23015696
2026-05-25 12:15:00,17.6,17.7,17.6,17.7,47099.94814268,831306.23577084
2026-05-25 12:45:00,17.7,17.7,17.6,17.7,153148.28491398,2706277.77033863
2026-05-25 13:00:00,17.7,17.7,17.7,17.7,564.97175141,9999.99999996
2026-05-25 13:45:00,17.6,17.6,17.6,17.6,677345.52408852,11921281.22395795
2026-05-25 14:15:00,17.7,17.7,17.6,17.6,738.9015944,13043.55822088
2026-05-25 14:30:00,17.6,17.6,17.6,17.6,564.97175141,9943.50282482
2026-05-25 14:45:00,17.7,17.7,17.6,17.7,3629.38794342,64199.82981097
2026-05-25 15:00:00,17.7,17.7,17.7,17.7,58214.68079095,1030399.84999982
2026-05-25 15:15:00,17.7,17.7,17.6,17.6,10685.36485996,188116.83961439
2026-05-25 15:30:00,17.7,17.7,17.7,17.7,173282.0595352,3067092.45377304
2026-05-25 16:00:00,17.7,17.7,17.7,17.7,7404.35850647,131057.14556452
2026-05-25 16:30:00,17.7,17.7,17.7,17.7,129312.99742572,2288840.05443524
2026-05-25 16:45:00,17.7,17.7,17.7,17.7,5847.00901173,103492.05950762
2026-05-25 17:30:00,17.6,17.6,17.6,17.6,112994.35028249,1988700.56497182
2026-05-25 17:45:00,17.6,17.6,17.6,17.6,106878.57984819,1881063.00532814
2026-05-25 18:00:00,17.6,17.6,17.6,17.6,561.7977528,9887.64044928
2026-05-25 18:45:00,17.7,17.7,17.7,17.7,285.31073446,5049.99999994
2026-05-25 19:00:00,17.7,17.7,17.7,17.7,295569.06744708,5231572.49381332
2026-05-25 19:45:00,17.7,17.7,17.7,17.7,966.38368461,17104.9912176
2026-05-25 20:00:00,17.7,17.7,17.7,17.7,169491.52542372,2999999.99999984
2026-05-25 20:30:00,17.7,17.7,17.7,17.7,4222.38499911,74736.21448425
2026-05-25 20:45:00,17.7,17.7,17.7,17.7,2140.25978647,37882.59822052
2026-05-25 21:00:00,17.8,17.8,17.7,17.7,297024.0402304,5257354.09634774
2026-05-25 21:15:00,17.7,17.7,17.7,17.7,772105.32104505,13666264.18249739
2026-05-25 21:30:00,17.7,17.7,17.7,17.7,608670.86976647,10773474.39486652
2026-05-25 21:45:00,17.7,17.7,17.7,17.7,200499.38436844,3548839.10332139
2026-05-25 22:15:00,17.6,17.6,17.6,17.6,64166.66666666,1129333.33333322
2026-05-25 22:30:00,17.6,17.6,17.6,17.6,156704.4920589,2757999.06023664
2026-05-25 22:45:00,17.6,17.6,17.5,17.5,139196.34489758,2436214.51014941
2026-05-25 23:00:00,17.5,17.6,17.5,17.6,229425.94904547,4036827.1844837
2026-05-26 00:00:00,17.7,17.7,17.5,17.5,1999.94350282,35224.99999991
2026-05-26 00:45:00,17.6,17.6,17.5,17.5,38011.2725734,666450.23594359
2026-05-26 01:15:00,17.5,17.5,17.5,17.5,1167.43041894,20430.03233145
2026-05-26 02:15:00,17.6,17.6,17.6,17.6,5500.0,96800.0
2026-05-26 05:30:00,17.6,17.6,17.6,17.6,278662.98894751,4904468.60547618
2026-05-26 06:15:00,17.6,17.6,17.6,17.6,194772.5656303,3427997.15509328
2026-05-26 06:45:00,17.6,17.6,17.6,17.6,284.6590909,5009.99999984
2026-05-26 07:00:00,17.6,17.6,17.6,17.6,5022.68465908,88399.24999981
2026-05-26 07:30:00,17.5,17.5,17.5,17.5,28000.05649718,490000.98870065
2026-05-26 07:45:00,17.5,17.5,17.5,17.5,19927.74889151,348735.60560143
2026-05-26 08:00:00,17.5,17.5,17.5,17.5,310.0,5425.0
2026-05-26 08:15:00,17.5,17.5,17.5,17.5,4802.39789996,84041.9632493
2026-05-26 08:30:00,17.5,17.5,17.5,17.5,480788.16110574,8413792.81935045
2026-05-26 08:45:00,17.6,17.6,17.4,17.6,115037.57133367,2008691.79588008
2026-05-26 09:00:00,17.6,17.6,17.6,17.6,3977.27272727,69999.99999995
2026-05-26 09:15:00,17.6,17.6,17.6,17.6,29829.54545454,524999.9999999
2026-05-26 09:45:00,17.6,17.6,17.5,17.6,61264.93068895,1075164.17900468
2026-05-26 10:00:00,17.6,17.6,17.5,17.5,78738.51623376,1380054.99999989
2026-05-26 10:15:00,17.5,17.6,17.5,17.6,31129.57902214,547624.77574459
2026-05-26 10:30:00,17.6,17.6,17.6,17.6,149388.51840271,2629237.9238877
2026-05-26 11:00:00,17.5,17.5,17.5,17.5,10000.0,175000.0
2026-05-26 11:15:00,17.6,17.6,17.6,17.6,8464.97205941,148983.50824562
2026-05-26 11:30:00,17.5,17.6,17.5,17.6,172569.53025157,3021581.6708204
2026-05-26 11:45:00,17.6,17.6,17.6,17.6,42387.39923067,746018.22645979
2026-05-26 12:15:00,17.7,17.7,17.6,17.7,414755.88933478,7328264.08603272
2026-05-26 12:30:00,17.7,17.9,17.7,17.8,922552.33916975,16392868.25660613
2026-05-26 12:45:00,17.7,17.8,17.7,17.8,1982.34218013,35143.63636358
2026-05-26 13:00:00,17.8,17.8,17.7,17.7,55210.90721065,978298.6877348
2026-05-26 13:15:00,17.8,17.8,17.7,17.7,120555.86323597,2138741.25680476
2026-05-26 13:30:00,17.8,17.8,17.7,17.7,809.08415106,14373.42105271
2026-05-26 13:45:00,17.7,17.7,17.7,17.7,3884.37696247,68753.47223572
2026-05-26 14:00:00,17.6,17.7,17.6,17.6,11421.875,202025.0
2026-05-26 14:15:00,17.6,17.7,17.6,17.7,11983.06850282,212014.99999991
2026-05-26 14:30:00,17.6,17.7,17.5,17.5,679779.78921315,11942031.76821141
2026-05-26 14:45:00,17.5,17.6,17.5,17.6,5751.72215025,100683.57512938
2026-05-26 15:00:00,17.5,17.5,17.5,17.5,572.0,10010.0
2026-05-26 15:15:00,17.5,17.6,17.5,17.6,27402.50293025,480169.21882742
2026-05-26 15:30:00,17.6,17.6,17.6,17.6,516.69926222,9093.90701507
2026-05-26 15:45:00,17.6,17.6,17.6,17.6,38488.88344734,677404.34867318
2026-05-26 16:00:00,17.6,17.7,17.6,17.7,464167.09647962,8186412.50439159
2026-05-26 16:15:00,17.7,17.7,17.7,17.7,11419.74175141,202129.42899996
2026-05-26 16:30:00,17.6,17.7,17.6,17.7,143300.07066321,2529475.03265371
2026-05-26 16:45:00,17.7,17.7,17.7,17.7,345214.01129943,6110287.99999991
2026-05-26 17:15:00,17.6,17.8,17.6,17.7,250146.9013944,4408331.77889426
2026-05-26 17:30:00,17.6,17.7,17.6,17.7,391214.07958177,6885480.86844415
2026-05-26 17:45:00,17.7,17.7,17.7,17.7,98892.70009143,1750400.79161831
2026-05-26 18:15:00,17.7,17.7,17.7,17.7,5649.71751412,99999.99999992
2026-05-26 18:30:00,17.6,17.6,17.5,17.5,15255.0,267644.27840048
2026-05-26 18:45:00,17.7,17.8,17.7,17.8,182278.97510149,3241834.60104751
2026-05-26 19:00:00,17.8,17.8,17.8,17.8,113811.68966078,2025848.07596188
2026-05-26 19:15:00,17.8,17.8,17.8,17.8,306599.50923413,5457471.26436751
2026-05-26 19:45:00,17.7,17.7,17.7,17.7,10573.31095675,187147.60393448
2026-05-26 20:00:00,17.6,17.7,17.6,17.6,144092.18713828,2536128.44278627
2026-05-26 20:30:00,17.6,17.6,17.6,17.6,16206.62260851,285236.55790978
2026-05-26 20:45:00,17.6,17.6,17.6,17.6,34483.20461031,606904.40114146
2026-05-26 21:00:00,17.6,17.6,17.6,17.6,1065.62747343,18755.04353237
2026-05-26 21:15:00,17.7,17.7,17.7,17.7,339669.50341115,6012150.21037736
2026-05-26 21:30:00,17.7,17.7,17.6,17.6,516399.17667673,9112087.92557405
2026-05-26 21:45:00,17.6,17.6,17.6,17.6,133200.48403668,2344328.51904557
2026-05-26 22:00:00,17.6,17.6,17.6,17.6,4578.26642335,80577.48905096
2026-05-26 22:30:00,17.6,17.6,17.6,17.6,397254.3312967,6991676.23082192
2026-05-26 23:00:00,17.7,17.7,17.7,17.7,282.4858757,4999.99999989
2026-05-26 23:15:00,17.7,17.7,17.7,17.7,1104.97237569,19558.01104971
2026-05-27 00:00:00,17.6,17.6,17.6,17.6,244318.18181818,4299999.99999997
2026-05-27 00:15:00,17.7,17.7,17.6,17.6,780.50665724,13775.94250029
2026-05-27 00:30:00,17.6,17.6,17.6,17.6,3861.05,67954.48
2026-05-27 00:45:00,17.5,17.5,17.5,17.5,6250.0,109375.0
2026-05-27 01:00:00,17.5,17.6,17.5,17.6,868.18181818,15249.99999997
2026-05-27 01:15:00,17.6,17.6,17.6,17.6,56818.18181818,999999.99999997
2026-05-27 01:30:00,17.5,17.5,17.5,17.5,363.41611144,6359.7819502
2026-05-27 02:00:00,17.6,17.6,17.6,17.6,282.76836158,4976.72316381
2026-05-27 02:15:00,17.6,17.6,17.6,17.6,559.23533083,9842.54182261
2026-05-27 02:45:00,17.5,17.6,17.5,17.6,7100.95017977,124294.90498213
2026-05-27 03:15:00,17.5,17.5,17.5,17.5,23327.55521314,408232.21622995
2026-05-27 03:30:00,17.6,17.6,17.6,17.6,281.17977528,4948.76404493
2026-05-27 03:45:00,17.6,17.6,17.6,17.6,2084.9672,36695.42272
2026-05-27 04:15:00,17.5,17.6,17.5,17.6,23711.33979016,414976.72316396
2026-05-27 05:00:00,17.5,17.5,17.5,17.5,32437.35035912,567653.6312846
2026-05-27 05:15:00,17.5,17.5,17.5,17.5,53849.8728164,942372.774287
2026-05-27 05:30:00,17.5,17.6,17.5,17.6,20398.09616628,358894.3348436
2026-05-27 05:45:00,17.6,17.6,17.6,17.6,53490.41388396,941431.2843577
2026-05-27 06:00:00,17.5,17.6,17.5,17.6,487120.90708875,8524644.15088928
2026-05-27 06:30:00,17.6,17.6,17.6,17.6,165429.01844531,2911550.72463746
2026-05-27 07:30:00,17.5,17.5,17.5,17.5,353073.74646075,6178790.56306313
2026-05-27 07:45:00,17.6,17.6,17.5,17.6,287840.96588068,5061000.99949997
2026-05-27 08:15:00,17.5,17.6,17.5,17.6,44441.24545222,777923.38787937
2026-05-27 08:30:00,17.5,17.6,17.5,17.6,17403.72309875,304893.43106428
2026-05-27 08:45:00,17.6,17.6,17.5,17.6,17628.23343848,309994.0851734
2026-05-27 09:00:00,17.5,17.6,17.3,17.5,1021795.33359826,17852377.78521723
2026-05-27 09:15:00,17.5,17.5,17.3,17.5,17887.22244738,309732.89507091
2026-05-27 09:30:00,17.4,17.5,17.4,17.5,1265.65794768,22051.04828963
2026-05-27 09:45:00,17.4,17.5,17.4,17.5,12077.00534665,210168.16986787
2026-05-27 10:00:00,17.5,17.5,17.3,17.5,122010.0329973,2120334.32026393
2026-05-27 10:15:00,17.4,17.5,17.3,17.3,74957.83939599,1299182.96159935
2026-05-27 10:30:00,17.5,17.5,17.3,17.5,125414.73029001,2182245.33940498
2026-05-27 10:45:00,17.3,17.5,17.3,17.5,105304.16470507,1826047.49487136
2026-05-27 11:00:00,17.4,17.5,17.4,17.5,1273.64053671,22246.33651107
2026-05-27 11:15:00,17.4,17.5,17.4,17.5,43156.49114082,750980.14585027
2026-05-27 11:30:00,17.4,17.5,17.4,17.5,10648.69430051,185315.88082887
2026-05-27 11:45:00,17.4,17.5,17.3,17.3,64032.19864629,1114243.41023209
2026-05-27 12:00:00,17.3,17.5,17.2,17.3,895080.33886143,15486481.3325207
2026-05-27 12:15:00,17.2,17.3,17.0,17.0,3128628.01913839,53628530.74674115
2026-05-27 12:30:00,17.0,17.2,16.7,16.9,8035219.11776216,135318732.14746657
2026-05-27 12:45:00,16.8,17.0,16.8,17.0,566473.03669009,9568605.30018261
2026-05-27 13:00:00,16.9,17.0,16.9,17.0,75871.82917242,1287266.03604386
2026-05-27 13:15:00,16.9,17.0,16.9,17.0,369937.86490791,6271284.39967047
2026-05-27 13:30:00,16.9,17.0,16.9,17.0,124680.54872468,2108285.30465092
2026-05-27 13:45:00,17.0,17.0,16.9,17.0,130547.19409731,2206306.67908175
2026-05-27 14:00:00,16.9,17.0,16.9,17.0,848.94143975,14376.20916898
2026-05-27 14:30:00,17.0,17.0,17.0,17.0,2647.05882352,44999.99999984
2026-05-27 14:45:00,17.0,17.0,17.0,17.0,57408.64861686,975947.02648662
2026-05-27 15:00:00,17.0,17.0,17.0,17.0,2941.17647058,49999.99999986
2026-05-27 15:30:00,16.9,17.0,16.9,17.0,278300.04818875,4703359.07909576
2026-05-27 15:45:00,17.0,17.0,17.0,17.0,297268.29239789,5053560.97076413
2026-05-27 16:00:00,17.0,17.2,17.0,17.0,456867.27469489,7814919.86464473
2026-05-27 16:15:00,17.1,17.2,17.1,17.2,505011.88064256,8635904.51713092
2026-05-27 16:30:00,17.2,17.2,17.2,17.2,867.91907514,14928.20809241
2026-05-27 16:45:00,17.0,17.1,17.0,17.1,4395.07327556,75125.60240967
2026-05-27 17:00:00,17.0,17.0,17.0,17.0,22062.02780962,375054.47276354
2026-05-27 17:15:00,17.0,17.1,17.0,17.1,412590.6889709,7014070.81134251
2026-05-27 17:30:00,17.1,17.1,17.0,17.1,16684.68591753,283960.85942842
2026-05-27 17:45:00,17.0,17.1,17.0,17.1,10294.74856321,175098.53259211
2026-05-27 18:15:00,17.0,17.0,16.9,16.9,1183431.95266273,20032890.09762424
2026-05-27 18:30:00,16.8,16.8,16.8,16.8,53794.78041461,903752.31096545
2026-05-27 18:45:00,16.9,16.9,16.9,16.9,24531.55061662,414583.20542088
2026-05-27 19:00:00,17.0,17.0,16.8,16.9,173653.07966259,2940461.01327801
2026-05-27 19:15:00,16.9,17.1,16.9,17.1,2424180.73253086,41395899.92885253
2026-05-27 19:30:00,17.0,17.0,17.0,17.0,17681.86564566,300591.71597622
2026-05-27 19:45:00,17.1,17.1,17.1,17.1,2941.17647058,50294.11764692
2026-05-27 20:00:00,17.1,17.1,16.9,17.1,463445.98116485,7898755.05098586
2026-05-27 20:30:00,17.1,17.1,17.1,17.1,584.79532163,9999.99999987
2026-05-27 21:00:00,17.0,17.0,17.0,17.0,42998.74220797,730978.61753549
2026-05-27 21:15:00,17.0,17.0,16.9,17.0,273683.1292332,4632533.61748776
2026-05-27 21:30:00,17.0,17.1,16.9,17.1,140758.92881067,2380066.85539054
2026-05-27 21:45:00,17.1,17.1,17.1,17.1,35721.49597715,610837.58120927
2026-05-27 22:15:00,17.0,17.0,16.9,16.9,116215.99897387,1965044.36693755
2026-05-27 22:30:00,16.9,16.9,16.8,16.8,163087.18884611,2750299.47460228
2026-05-27 22:45:00,17.0,17.0,17.0,17.0,15627.88515405,265674.04761885
2026-05-27 23:00:00,16.8,17.0,16.8,17.0,14827.08017378,251094.9469195
2026-05-27 23:15:00,16.9,16.9,16.8,16.9,26944.29185148,455256.69320035
2026-05-27 23:30:00,16.9,17.0,16.9,17.0,9988.98740931,168872.67087762
2026-05-27 23:45:00,16.9,17.0,16.9,17.0,215310.44153775,3638975.73099382
2026-05-28 00:30:00,17.0,17.0,16.9,17.0,36846.90022634,624645.70905694
2026-05-28 00:45:00,16.9,17.0,16.9,17.0,2166.83564661,36648.94007477
2026-05-28 01:15:00,17.0,17.1,17.0,17.1,82576.30199428,1403855.67191445
2026-05-28 01:45:00,17.1,17.1,17.1,17.1,866.25639492,14812.98435313
2026-05-28 02:15:00,17.1,17.1,17.0,17.1,78767.25875211,1339585.31854118
2026-05-28 03:15:00,17.0,17.1,17.0,17.1,148927.13824126,2532105.99960485
2026-05-28 03:45:00,17.0,17.1,17.0,17.1,8286.0,140890.6
2026-05-28 04:15:00,17.1,17.1,17.1,17.1,7076.03070102,121000.12498744
2026-05-28 05:00:00,17.0,17.1,16.9,17.1,327491.12992834,5561789.61978289
2026-05-28 05:30:00,17.1,17.1,17.1,17.1,1152.23739286,19703.25941791
2026-05-28 05:45:00,17.1,17.1,17.1,17.1,298.24561403,5099.99999991
2026-05-28 06:00:00,17.0,17.1,16.9,17.1,12070.31116031,204163.84971908
2026-05-28 06:15:00,17.1,17.1,17.1,17.1,117188.25769863,2003919.20664657
2026-05-28 06:30:00,17.1,17.1,16.9,16.9,15420.74535143,263136.8460085
2026-05-28 06:45:00,16.9,17.1,16.8,17.1,288314.7942854,4861738.41033193
2026-05-28 07:00:00,17.1,17.1,17.1,17.1,575.30635838,9837.7387283
2026-05-28 07:15:00,17.1,17.1,16.9,16.9,950.6908514,16133.21340035
2026-05-28 07:30:00,17.1,17.2,17.0,17.1,121927.32728343,2085042.55022606
2026-05-28 08:00:00,17.0,17.1,16.9,17.1,1509.82760368,25691.70150398
2026-05-28 08:15:00,17.0,17.0,16.8,16.8,267660.7561566,4523465.29105634
2026-05-28 08:30:00,16.9,16.9,16.7,16.7,440737.60024394,7407259.07679207
2026-05-28 08:45:00,16.7,16.9,16.6,16.9,906619.12136923,15138741.11730184
2026-05-28 09:00:00,16.9,16.9,16.7,16.9,16638.05744175,279521.62083264
2026-05-28 09:15:00,16.9,17.1,16.9,17.1,81147.07615884,1377665.49907486
2026-05-28 09:30:00,17.0,17.1,16.9,16.9,138083.1486936,2347469.67219244
2026-05-28 09:45:00,16.9,17.1,16.6,16.6,590057.82147607,9859699.38412859
2026-05-28 10:00:00,16.7,16.8,16.6,16.7,438572.68098784,7301625.5475753
2026-05-28 10:15:00,16.7,16.7,16.6,16.6,344962.07964051,5760844.27926925
2026-05-28 10:30:00,16.8,16.8,16.5,16.6,540948.04892787,8980861.12189633
2026-05-28 10:45:00,16.5,16.7,16.5,16.7,67513.52503988,1115842.0596189
2026-05-28 11:00:00,16.6,16.7,16.4,16.7,1372123.71901818,22628346.41165006
2026-05-28 11:15:00,16.7,16.8,16.5,16.6,7485.76734828,123826.98470348
2026-05-28 11:30:00,16.6,16.6,16.6,16.6,17722.2689471,294189.66452186
2026-05-28 12:00:00,16.6,16.6,16.4,16.5,160917.51177074,2656362.04476718
2026-05-28 12:15:00,16.5,16.5,16.4,16.5,30320.59796531,500055.25623349
2026-05-28 12:30:00,16.4,16.5,16.1,16.3,1965909.60153338,31993138.11933323
2026-05-28 12:45:00,16.4,16.4,16.2,16.3,114120.92329847,1850119.06792861
2026-05-28 13:00:00,16.3,16.4,16.2,16.4,561903.44646115,9148845.60024407
2026-05-28 13:15:00,16.3,16.3,15.9,15.9,2046781.91493846,32953770.45727883
2026-05-28 13:30:00,16.0,16.0,15.9,16.0,638068.40781635,10193629.72930997
2026-05-28 13:45:00,16.1,16.1,16.0,16.1,159816.20381844,2572977.54189355
2026-05-28 14:00:00,16.2,16.3,16.2,16.3,47748.71066147,773559.79369741
2026-05-28 14:15:00,16.1,16.3,16.1,16.1,53050.4999341,854358.44771201
2026-05-28 14:30:00,16.2,16.2,16.1,16.1,104390.52533424,1680733.33888126
2026-05-28 14:45:00,16.3,16.3,16.1,16.1,17394.00895788,280823.78666417
2026-05-28 15:00:00,16.1,16.3,16.1,16.2,38271.56863768,620445.09158352
2026-05-28 15:15:00,16.2,16.2,16.1,16.2,42023.51652951,677072.31989051
2026-05-28 15:30:00,16.2,16.2,16.1,16.1,69810.10160171,1126564.5524542
2026-05-28 15:45:00,16.2,16.2,16.2,16.2,2985.76296296,48369.35999995
2026-05-28 16:00:00,16.1,16.2,16.1,16.2,5988.57464464,96888.79054709
2026-05-28 16:15:00,16.2,16.3,16.1,16.1,15110.98733292,244885.00145159
2026-05-28 16:30:00,16.3,16.3,16.1,16.1,39129.18448491,630782.7888031
2026-05-28 16:45:00,16.2,16.2,16.2,16.2,59413.92878962,962505.64639184
2026-05-28 17:00:00,16.2,16.3,16.2,16.3,46454.05914869,754870.15315854
2026-05-28 17:15:00,16.3,16.3,16.3,16.3,6000.0,97800.0
2026-05-28 17:45:00,16.3,16.3,16.3,16.3,6134.96932515,99999.99999995
2026-05-28 18:15:00,16.3,16.3,16.3,16.3,61349.69325153,999999.99999994
2026-05-28 18:30:00,16.2,16.3,16.2,16.3,4820.85163538,78343.19526616
2026-05-28 19:00:00,16.3,16.3,16.3,16.3,3443.32822085,56126.24999986
2026-05-28 19:15:00,16.3,16.6,16.3,16.4,168204.3634632,2743255.4088718
2026-05-28 19:30:00,16.5,16.5,16.3,16.4,2430.9892532,39874.13125521
2026-05-28 19:45:00,16.2,16.2,16.2,16.2,4318.95691776,69967.10206771
2026-05-28 20:00:00,16.4,16.4,16.4,16.4,133494.88687489,2189316.1447482
2026-05-28 20:15:00,16.5,16.5,16.4,16.4,11692.77045804,191882.64763307
2026-05-28 20:30:00,16.4,16.4,16.4,16.4,44622.08582057,731802.20745735
2026-05-28 21:30:00,16.5,16.5,16.5,16.5,1303.09090909,21500.99999999
2026-05-28 21:45:00,16.5,16.5,16.5,16.5,133612.02201718,2204598.36328347
2026-05-28 22:30:00,16.4,16.4,16.3,16.3,3767.0,61432.59390342
2026-05-28 23:00:00,16.3,16.4,16.3,16.4,122957.65726909,2007315.31516293
2026-05-28 23:15:00,16.5,16.6,16.5,16.6,335766.17112968,5540172.13273063
2026-05-28 23:30:00,16.6,16.6,16.5,16.5,173141.11632525,2872766.96750924
2026-05-28 23:45:00,16.5,16.5,16.5,16.5,606.06060606,9999.99999999
2026-05-29 00:00:00,16.7,16.7,16.4,16.4,46529.746098,763373.08442891
2026-05-29 00:45:00,16.4,16.4,16.4,16.4,53662.05276246,880057.66530434
2026-05-29 01:00:00,16.4,16.4,16.4,16.4,657.963,10790.5932
2026-05-29 01:15:00,16.4,16.4,16.3,16.4,410728.65717095,6735918.69635358
2026-05-29 01:30:00,16.4,16.4,16.3,16.3,63650.15864017,1043800.42778574
2026-05-29 01:45:00,16.7,16.7,16.3,16.7,813673.88399732,13344934.37986655
2026-05-29 02:00:00,16.7,16.7,16.7,16.7,2994.01197604,49999.99999987
2026-05-29 04:00:00,16.5,16.5,16.4,16.4,6097.5609756,100060.84552829
2026-05-29 04:15:00,16.6,16.6,16.4,16.4,32528.01963855,533580.00399993
2026-05-29 04:30:00,16.4,16.4,16.4,16.4,46016.0,754662.4
2026-05-29 04:45:00,16.4,16.4,16.3,16.3,3004.81578716,49216.6107029
2026-05-29 05:15:00,16.3,16.3,16.2,16.2,11009.46548996,179422.80949893
2026-05-29 05:30:00,16.3,16.3,16.3,16.3,4666.80925111,76068.99079309
2026-05-29 06:00:00,16.3,16.3,16.3,16.3,68913.59600351,1123291.61485721
2026-05-29 07:00:00,16.3,16.3,16.2,16.2,93909.31442275,1528252.36103715
2026-05-29 07:30:00,16.2,16.4,16.2,16.4,20281.93696228,328632.63884184
2026-05-29 07:45:00,16.4,16.4,16.4,16.4,5389.01386863,88379.82744553
2026-05-29 08:00:00,16.3,16.3,16.3,16.3,30674.84662576,499999.99999989
2026-05-29 09:00:00,16.4,16.4,16.2,16.2,141004.16181914,2298946.31249954
2026-05-29 09:15:00,16.2,16.2,16.1,16.1,476637.84921367,7704459.80162065
2026-05-29 09:30:00,16.1,16.1,16.1,16.1,168274.09653175,2709212.95416118
2026-05-29 09:45:00,16.1,16.1,16.0,16.1,153968.97249712,2478837.30200102
2026-05-29 10:00:00,16.2,16.2,16.1,16.1,2981.57951,48040.23992695
2026-05-29 10:15:00,16.2,16.2,16.1,16.1,1008.91403252,16312.52834593
2026-05-29 10:30:00,16.2,16.2,16.1,16.1,1057.51289264,17100.03164558
2026-05-29 10:45:00,16.1,16.1,16.1,16.1,11884.0,191332.4
2026-05-29 11:00:00,16.2,16.2,16.1,16.1,31665.49017492,512949.46284628
2026-05-29 11:30:00,16.2,16.2,16.2,16.2,311.18012422,5041.11801236
2026-05-29 11:45:00,16.2,16.2,16.1,16.1,245179.13882564,3959643.09203409
2026-05-29 12:00:00,16.1,16.1,16.1,16.1,3163.529623,50932.8269303
2026-05-29 12:30:00,16.2,16.3,16.2,16.2,108176.61262292,1752506.29627045
2026-05-29 12:45:00,16.3,16.3,16.3,16.3,97361.80763116,1586997.46438791
2026-05-29 13:00:00,16.2,16.2,16.2,16.2,342.62223726,5550.48024361
2026-05-29 13:15:00,16.2,16.2,16.2,16.2,48889.98946589,792017.82934742
2026-05-29 13:30:00,16.2,16.2,16.1,16.2,124984.54683278,2024717.98147585
2026-05-29 13:45:00,16.2,16.2,16.1,16.1,20802.69116186,335740.70002487
2026-05-29 14:00:00,16.3,16.3,16.2,16.2,86304.47239263,1398898.59999987
2026-05-29 15:00:00,16.2,16.2,16.2,16.2,78947.36842105,1278947.36842101
2026-05-29 16:00:00,16.2,16.2,16.2,16.2,50000.0,810000.0
2026-05-29 16:15:00,16.3,16.3,16.3,16.3,26440.76437332,430984.45928512
2026-05-29 16:45:00,16.3,16.3,16.3,16.3,10939.75252747,178317.96619776
2026-05-29 17:00:00,16.3,16.3,16.3,16.3,55374.3232742,902601.46936946
2026-05-29 17:15:00,16.3,16.3,16.3,16.3,35721.49597715,582260.38442755
2026-05-29 17:30:00,16.4,16.5,16.4,16.4,268269.76775289,4402757.04569285
2026-05-29 18:30:00,16.4,16.4,16.3,16.3,36400.06293114,595659.98246954
2026-05-29 18:45:00,16.3,16.3,16.3,16.3,4000.0,65200.0
2026-05-29 19:00:00,16.3,16.5,16.1,16.4,823695.07237929,13345668.92851807
2026-05-29 19:30:00,16.2,16.2,16.2,16.2,11483.18784361,186027.64306648
2026-05-29 19:45:00,16.2,16.4,16.2,16.4,73950.28734677,1198055.63672194
2026-05-29 20:00:00,16.2,16.2,16.2,16.2,3795.955868,61494.4850616
2026-05-29 20:15:00,16.2,16.3,16.2,16.2,7157.82064769,115987.37547417
2026-05-29 20:30:00,16.2,16.3,16.2,16.3,5267.08359305,85633.50267367
2026-05-29 21:45:00,16.2,16.2,16.1,16.2,607136.17883746,9776448.51350373
2026-05-29 22:00:00,16.2,16.2,16.0,16.0,41094.08787669,661554.12778609
2026-05-29 22:15:00,16.1,16.1,16.1,16.1,8379.98802484,134917.80719992
2026-05-29 22:30:00,16.0,16.1,16.0,16.1,91719.34427123,1470142.66303158
2026-05-29 22:45:00,16.1,16.1,16.1,16.1,26331.54691898,423937.90539558
2026-05-29 23:15:00,16.1,16.2,16.0,16.2,29806.48193676,482234.32407149
2026-05-30 00:00:00,16.0,16.3,16.0,16.3,32089.20960406,519590.65268554
2026-05-30 00:45:00,16.3,16.4,16.3,16.4,52309.10432594,852878.70476876
2026-05-30 01:00:00,16.2,16.4,16.2,16.4,1210.70210665,19792.51454906
2026-05-30 01:15:00,16.2,16.4,16.2,16.4,2986.86888157,48447.57708625
2026-05-30 01:30:00,16.4,16.4,16.4,16.4,1829.26829268,29999.99999995
2026-05-30 01:45:00,16.4,16.4,16.4,16.4,304.93902439,5001.0
2026-05-30 02:15:00,16.4,16.4,16.4,16.4,441.25,7236.5
2026-05-30 02:30:00,16.4,16.4,16.4,16.4,7772.53658536,127469.5999999
2026-05-30 04:00:00,16.2,16.4,16.2,16.4,2497.98161166,40526.88544222
2026-05-30 04:15:00,16.4,16.4,16.4,16.4,18292.68292682,299999.99999985
2026-05-30 04:30:00,16.4,16.4,16.2,16.4,3906.48760272,63471.75515708
2026-05-30 05:15:00,16.3,16.3,16.3,16.3,11580.193615,188757.1559245
2026-05-30 05:30:00,16.4,16.4,16.4,16.4,305.18292682,5004.99999985
2026-05-30 06:15:00,16.3,16.4,16.3,16.4,5124.7955804,83564.50129385
2026-05-30 07:30:00,16.4,16.5,16.4,16.5,69265.47925107,1136235.09194489
2026-05-30 07:45:00,16.4,16.5,16.4,16.5,130304.95911674,2137150.82302751
2026-05-30 08:15:00,16.4,16.5,16.4,16.4,128417.1824441,2106072.12541657
2026-05-30 08:30:00,16.4,16.5,16.3,16.5,152405.78219598,2490553.55953882
2026-05-30 09:00:00,16.5,16.5,16.3,16.4,187187.86204777,3066573.34572516
2026-05-30 09:15:00,16.4,16.5,16.4,16.5,23091.88383856,379015.25906301
2026-05-30 09:30:00,16.4,16.5,16.4,16.5,16160.48481824,265638.0116252
2026-05-30 09:45:00,16.5,16.5,16.3,16.3,127779.5130073,2108027.38470145
2026-05-30 10:00:00,16.4,16.5,16.4,16.5,8275.9385006,136335.1475074
2026-05-30 10:15:00,16.5,16.5,16.5,16.5,6060.6060606,99999.9999999
2026-05-30 10:30:00,16.5,16.5,16.5,16.5,18181.81818181,299999.99999987
2026-05-30 10:45:00,16.4,16.6,16.4,16.6,79022.2474289,1306186.18928855
2026-05-30 11:00:00,16.6,16.6,16.6,16.6,111077.27220779,1843882.71864931
2026-05-30 11:15:00,16.6,16.7,16.6,16.6,75467.97453593,1254259.09301642
2026-05-30 11:30:00,16.6,16.6,16.6,16.6,3000.0,49800.0
2026-05-30 11:45:00,16.6,16.6,16.6,16.6,154654.79917753,2567269.666347
2026-05-30 12:00:00,16.6,16.6,16.6,16.6,3000.0,49800.0
2026-05-30 12:15:00,16.6,16.6,16.6,16.6,126509.55010299,2100058.53170963
2026-05-30 12:30:00,16.6,16.6,16.4,16.5,189915.70449932,3123354.54670311
2026-05-30 12:45:00,16.4,16.6,16.4,16.6,1432.7771088,23606.19737731
2026-05-30 13:00:00,16.5,16.5,16.4,16.4,1144.03823991,18845.54400199
2026-05-30 13:15:00,16.5,16.5,16.5,16.5,1818.18181818,29999.99999997
2026-05-30 13:45:00,16.4,16.4,16.4,16.4,1983.97536945,32537.19605898
2026-05-30 14:00:00,16.5,16.5,16.4,16.4,6786.22809806,111872.76361799
2026-05-30 14:15:00,16.4,16.5,16.4,16.5,81604.77657936,1338354.69953787
2026-05-30 14:30:00,16.5,16.5,16.5,16.5,303.09090909,5000.99999999
2026-05-30 14:45:00,16.4,16.4,16.4,16.4,2125.983657,34866.1319748
2026-05-30 15:00:00,16.5,16.6,16.5,16.6,127144.01010021,2105387.51941082
2026-05-30 15:15:00,16.6,16.6,16.6,16.6,29395.45108223,487964.48796502
2026-05-30 15:30:00,16.7,16.8,16.6,16.8,379826.70896876,6339579.66152626
2026-05-30 15:45:00,16.6,16.8,16.6,16.6,67035.00261239,1119440.89799193
2026-05-30 16:00:00,16.6,16.7,16.6,16.7,4295.94043398,71372.49144359
2026-05-30 16:15:00,16.7,16.7,16.6,16.6,10606.75581353,176102.11656448
2026-05-30 16:30:00,16.7,16.7,16.7,16.7,27826.86916736,464708.71509491
2026-05-30 16:45:00,16.7,16.7,16.6,16.6,243200.62793068,4037340.25245074
2026-05-30 17:00:00,16.6,16.6,16.6,16.6,108020.00583729,1793132.09689901
2026-05-30 17:30:00,16.6,16.6,16.5,16.5,187016.37037442,3104440.85315364
2026-05-30 17:45:00,16.5,16.6,16.5,16.6,41896.02472127,691314.37796084
2026-05-30 18:00:00,16.6,16.6,16.6,16.6,301.5060241,5005.00000006
2026-05-30 18:15:00,16.8,16.8,16.8,16.8,1191.66666664,20019.99999955
2026-05-30 18:30:00,16.8,16.8,16.8,16.8,2002.069,33634.7592
2026-05-30 18:45:00,16.7,16.7,16.5,16.5,33790.60227896,560760.25955728
2026-05-30 19:30:00,16.6,16.6,16.6,16.6,7364.97920903,122258.6548699
2026-05-30 20:00:00,16.5,16.5,16.5,16.5,5414.79848614,89344.17502131
2026-05-30 20:15:00,16.5,16.6,16.5,16.6,4845.15514425,79975.02994001
2026-05-30 20:30:00,16.6,16.6,16.6,16.6,301.26506024,5000.99999998
2026-05-30 20:45:00,16.5,16.5,16.5,16.5,97323.62045074,1605839.73743721
2026-05-30 21:15:00,16.5,16.5,16.5,16.5,27937.44091822,460967.77515063
2026-05-30 21:45:00,16.6,16.6,16.6,16.6,6024.09638554,99999.99999996
2026-05-30 22:15:00,16.5,16.5,16.5,16.5,4056.68008567,66935.22141356
2026-05-30 22:30:00,16.6,16.6,16.6,16.6,27108.43373493,449999.99999984
2026-05-30 22:45:00,16.5,16.5,16.5,16.5,10481.8238,172950.0927
2026-05-30 23:00:00,16.6,16.6,16.6,16.6,301.62650602,5006.99999993
2026-05-30 23:45:00,16.6,16.6,16.6,16.6,3012.04819277,49999.99999998
2026-05-31 00:30:00,16.6,16.6,16.6,16.6,20433.74609399,339200.18516023
2026-05-31 01:00:00,16.6,16.7,16.6,16.7,38976.26433879,649999.99999996
2026-05-31 01:15:00,16.7,16.7,16.6,16.6,31538.91084294,523747.0658928
2026-05-31 02:00:00,16.6,16.6,16.6,16.6,302.98192771,5029.49999999
2026-05-31 03:00:00,16.6,16.6,16.6,16.6,9638.55421686,159999.99999988
2026-05-31 03:15:00,16.5,16.5,16.4,16.4,19744.09620586,325486.4241132
2026-05-31 04:00:00,16.5,16.5,16.5,16.5,303.33333333,5004.99999995
2026-05-31 04:30:00,16.5,16.5,16.5,16.5,3030.3030303,49999.99999995
2026-05-31 06:00:00,16.5,16.5,16.5,16.5,8004.44568982,132073.35388203
2026-05-31 06:30:00,16.6,16.6,16.5,16.5,210278.87336677,3488528.99788838
2026-05-31 07:00:00,16.5,16.5,16.5,16.5,12158.1670362,200609.7560973
2026-05-31 07:30:00,16.5,16.5,16.5,16.5,50023.39626849,825386.03843009
2026-05-31 07:45:00,16.5,16.5,16.5,16.5,947.00694027,15625.61451446
2026-05-31 08:45:00,16.5,16.5,16.5,16.5,226293.27143763,3733838.9787209
2026-05-31 09:00:00,16.5,16.5,16.5,16.5,6803.64675466,112260.17145189
2026-05-31 09:15:00,16.6,16.6,16.6,16.6,18072.28915662,299999.99999989
2026-05-31 09:30:00,16.6,16.6,16.6,16.6,2018.541,33507.7806
2026-05-31 09:45:00,16.5,16.5,16.5,16.5,310.86956522,5129.34782613
2026-05-31 10:15:00,16.5,16.5,16.5,16.5,3030.30303031,50000.00000012
2026-05-31 10:45:00,16.6,16.7,16.6,16.6,34397.57975628,572796.23113988
2026-05-31 11:00:00,16.6,16.6,16.6,16.6,1638.78125662,27203.76885989
2026-05-31 11:15:00,16.5,16.7,16.5,16.7,30110.71216982,502787.10311254
2026-05-31 11:45:00,16.6,16.6,16.6,16.6,38920.30980538,646077.14276931
2026-05-31 12:00:00,16.7,16.7,16.7,16.7,43614.24078379,728357.82108929
2026-05-31 12:15:00,16.7,16.7,16.7,16.7,1796.40718562,29999.99999985
2026-05-31 12:30:00,16.6,16.6,16.6,16.6,5586.59217877,92737.43016758
2026-05-31 12:45:00,16.6,16.6,16.6,16.6,313795.91637556,5209012.2118343
2026-05-31 13:15:00,16.6,16.6,16.6,16.6,59258.61726204,983693.04654986
2026-05-31 13:30:00,16.6,16.6,16.6,16.6,2579.80416494,42824.749138
2026-05-31 13:45:00,16.6,16.6,16.6,16.6,830.48837027,13786.10694648
2026-05-31 14:00:00,16.5,16.5,16.5,16.5,25814.96081144,425946.85338876
2026-05-31 14:15:00,16.5,16.5,16.5,16.5,211020.60897261,3481840.04804807
2026-05-31 14:30:00,16.7,16.7,16.7,16.7,241893.757485,4039625.7499995
2026-05-31 14:45:00,16.7,16.7,16.6,16.6,61252.31323986,1022882.73604393
2026-05-31 15:00:00,16.7,16.9,16.7,16.9,338595.5331416,5690517.7415349
2026-05-31 15:15:00,16.8,16.9,16.8,16.9,179437.27955756,3020653.18414097
2026-05-31 15:45:00,16.8,16.9,16.8,16.9,185609.54477316,3127140.7466664
2026-05-31 16:00:00,16.9,16.9,16.9,16.9,121781.45223467,2058106.54276592
2026-05-31 16:15:00,17.0,17.0,16.9,16.9,264061.29857965,4485698.39851993
2026-05-31 16:30:00,16.9,16.9,16.8,16.8,234961.44046493,3961456.70198198
2026-05-31 16:45:00,16.8,17.2,16.8,17.1,4583694.14359806,77932700.49347861
2026-05-31 17:00:00,17.2,17.4,17.1,17.4,4124999.27109472,71272272.31566831
2026-05-31 17:15:00,17.3,17.3,16.8,17.0,1464276.9576201,24875870.27537823
2026-05-31 17:30:00,17.0,17.0,16.8,17.0,390232.39740932,6556313.28192284
2026-05-31 17:45:00,17.0,17.1,16.9,16.9,43964.48289276,744879.21439667
2026-05-31 18:00:00,16.9,17.0,16.9,17.0,30626.29643478,517648.29243686
2026-05-31 18:15:00,16.9,17.1,16.9,17.1,218630.41356901,3695939.75503055
2026-05-31 18:30:00,17.0,17.1,16.9,17.0,368600.50171556,6260468.63940136
2026-05-31 18:45:00,17.0,17.2,17.0,17.0,190301.6634182,3261407.37828089
2026-05-31 19:00:00,16.9,17.1,16.8,17.1,290548.68466743,4907609.03058405
2026-05-31 19:15:00,17.0,17.0,17.0,17.0,421743.30481817,7169636.18190889
2026-05-31 19:30:00,17.0,17.0,16.9,17.0,5411.76470541,91764.70587437
2026-05-31 19:45:00,17.0,17.0,16.9,16.9,965383.31288997,16398045.2953632
2026-05-31 20:00:00,16.9,17.1,16.8,17.0,104969.35563777,1784358.4685464
2026-05-31 20:15:00,16.9,17.0,16.3,16.7,3222758.16684958,53646277.82782705
2026-05-31 20:30:00,16.8,16.8,16.5,16.7,429007.97440912,7131421.86650167
2026-05-31 20:45:00,16.8,16.8,16.7,16.7,6543.29163563,109301.72318858
2026-05-31 21:00:00,16.8,16.8,16.5,16.8,440671.56598015,7328027.54583286
2026-05-31 21:15:00,16.5,16.8,16.5,16.8,2109.05391121,34886.65116287
2026-05-31 21:30:00,16.5,16.8,16.5,16.7,116238.8957276,1918312.43496912
2026-05-31 21:45:00,16.5,16.7,16.5,16.7,268834.65856809,4445442.27138693
2026-05-31 22:00:00,16.7,16.7,16.5,16.7,122630.86877163,2047772.4884508
2026-05-31 22:15:00,16.7,16.8,16.7,16.8,208874.30071318,3509052.32383771
2026-05-31 22:30:00,16.9,16.9,16.9,16.9,16538.59903546,279502.32369927
2026-05-31 22:45:00,16.9,16.9,16.9,16.9,17751.47928994,299999.99999999
2026-05-31 23:00:00,16.9,16.9,16.9,16.9,72786.25642799,1230087.73363303
2026-05-31 23:15:00,16.8,16.8,16.7,16.7,208197.1387383,3476921.98478675
2026-05-31 23:30:00,16.6,16.6,16.6,16.6,16007.9425448,265731.84624368
2026-05-31 23:45:00,16.6,16.7,16.6,16.7,59173.82628138,982314.94568267
2026-06-01 00:15:00,16.7,16.7,16.7,16.7,747.17132451,12477.76111932
2026-06-01 01:15:00,16.7,16.7,16.7,16.7,224701.60129516,3752516.74162917
2026-06-01 03:00:00,16.7,16.7,16.7,16.7,594.07051281,9920.97756393
2026-06-01 03:15:00,16.6,16.7,16.5,16.7,14551.84209398,240829.40666086
2026-06-01 03:30:00,16.7,16.7,16.7,16.7,11305.56886227,188802.99999991
2026-06-01 04:00:00,16.6,16.7,16.5,16.7,11603.48552893,191580.60456309
2026-06-01 04:30:00,16.5,16.5,16.5,16.5,108246.23189901,1786062.82633367
2026-06-01 04:45:00,16.5,16.6,16.4,16.6,386924.49370254,6365690.53966822
2026-06-01 05:45:00,16.5,16.5,16.4,16.4,17263.05176522,284809.26716961
2026-06-01 06:15:00,16.5,16.5,16.5,16.5,12162.14530583,200675.3975462
2026-06-01 06:30:00,16.5,16.6,16.5,16.6,106922.26816448,1773556.71692237
2026-06-01 06:45:00,16.7,16.7,16.7,16.7,18299.7005988,305604.99999996
2026-06-01 07:00:00,16.7,16.7,16.7,16.7,7000.0,116900.0
2026-06-01 07:15:00,16.6,16.7,16.5,16.7,220481.62395824,3666785.9521925
2026-06-01 07:45:00,16.6,16.7,16.6,16.7,1887.90423816,31369.00202012
2026-06-01 08:15:00,16.6,16.7,16.6,16.7,84299.7005988,1399404.99999996
2026-06-01 08:30:00,16.6,16.6,16.4,16.4,335667.66324902,5528617.68578025
2026-06-01 08:45:00,16.4,16.6,16.4,16.6,3900.26811142,64200.4861109
2026-06-01 09:00:00,16.7,16.7,16.4,16.7,229075.56058874,3795086.76464236
2026-06-01 09:15:00,16.5,16.7,16.5,16.7,344545.92935879,5730825.54699489
2026-06-01 09:30:00,16.5,16.8,16.5,16.8,15510.24391793,257560.70463759
2026-06-01 09:45:00,16.6,16.6,16.5,16.6,111631.74151075,1845160.07981016
2026-06-01 10:00:00,16.5,16.7,16.5,16.7,87604.57920854,1445509.73382388
2026-06-01 10:15:00,16.7,16.8,16.7,16.8,30232.69285988,504915.22806994
2026-06-01 10:30:00,16.6,16.8,16.6,16.8,167563.23521673,2781636.29755415
2026-06-01 10:45:00,16.5,16.8,16.5,16.6,67604.50238903,1116351.57676491
2026-06-01 11:00:00,16.5,16.6,16.5,16.6,130779.66599786,2157923.34778822
2026-06-01 11:45:00,16.5,16.7,16.5,16.7,255014.54971228,4245232.68659415
2026-06-01 12:00:00,16.6,16.7,16.5,16.7,843295.43291078,13944759.90191037
2026-06-01 12:15:00,16.7,16.7,16.7,16.7,23952.09580838,399999.99999995
2026-06-01 12:30:00,16.6,16.6,16.5,16.5,137514.2054719,2277153.06498514
2026-06-01 12:45:00,16.5,16.6,16.5,16.6,35583.4040386,587155.7701872
2026-06-01 13:00:00,16.5,16.6,16.5,16.5,79155.42282961,1306394.26835523
2026-06-01 13:15:00,16.5,16.6,16.5,16.6,204604.22708334,3376058.57618892
2026-06-01 13:30:00,16.5,16.6,16.5,16.6,543124.06800185,8980074.80991817
2026-06-01 13:45:00,16.5,16.5,16.4,16.4,317791.01743109,5237237.54780465
2026-06-01 14:00:00,16.4,16.5,16.3,16.3,681917.09740709,11144870.56572351
2026-06-01 14:15:00,16.3,16.4,16.2,16.2,220674.24094774,3583152.6151732
2026-06-01 14:30:00,16.2,16.3,15.9,15.9,3566574.22343619,57309632.00600452
2026-06-01 14:45:00,16.0,16.1,15.9,16.0,492595.87377422,7880428.27688355
2026-06-01 15:00:00,16.1,16.1,16.1,16.1,6211.18012422,99999.99999994
2026-06-01 15:15:00,16.1,16.2,16.1,16.2,367646.31629308,5919137.15576695
2026-06-01 15:30:00,16.0,16.1,16.0,16.1,50569.81715381,813581.7141564
2026-06-01 15:45:00,16.1,16.1,16.1,16.1,63401.26381517,1020760.34742424
2026-06-01 16:00:00,16.2,16.2,16.2,16.2,312969.72614247,5070109.56350801
2026-06-01 16:15:00,16.3,16.3,16.2,16.2,311280.33779364,5046997.79194988
2026-06-01 16:30:00,16.2,16.5,16.2,16.5,1175304.33536774,19230241.55584219
2026-06-01 16:45:00,16.5,16.5,16.4,16.4,3871.50792125,63553.33596911
2026-06-01 17:00:00,16.4,16.4,16.2,16.2,98387.43902439,1594069.54877463
2026-06-01 17:15:00,16.3,16.3,16.2,16.3,28002.87944992,456425.6690522
2026-06-01 17:30:00,16.4,16.4,16.2,16.3,67846.0774362,1107608.06628448
2026-06-01 17:45:00,16.2,16.4,16.2,16.4,2804.87804878,45499.99999999
2026-06-01 18:00:00,16.2,16.5,16.2,16.5,35540.03914021,586131.02666601
2026-06-01 18:15:00,16.3,16.3,16.2,16.3,1449.97838114,23630.94792447
2026-06-01 18:45:00,16.4,16.5,16.2,16.4,292699.83377757,4792459.45914671
2026-06-01 19:30:00,16.4,16.4,16.4,16.4,24358.85715678,399485.25737119
2026-06-01 19:45:00,16.3,16.3,16.3,16.3,306.80981595,5000.99999999
2026-06-01 20:00:00,16.2,16.2,16.2,16.2,175107.56325501,2836742.52473116
2026-06-01 20:15:00,16.1,16.1,16.1,16.1,113450.36886363,1826550.93870444
2026-06-01 20:30:00,16.1,16.2,16.1,16.2,8051.67092176,130253.01985276
2026-06-01 20:45:00,16.2,16.2,16.1,16.1,137763.706309,2218027.79734177
2026-06-01 21:00:00,16.1,16.2,16.0,16.2,53042.84804343,854267.1637476
2026-06-01 21:30:00,16.1,16.1,16.1,16.1,7843.1372549,126274.50980389
2026-06-01 21:45:00,16.1,16.1,16.1,16.1,42419.3715218,682951.88150098
2026-06-01 22:00:00,16.1,16.1,15.9,15.9,1418499.77820558,22615542.70610973
2026-06-01 22:15:00,15.9,15.9,15.7,15.9,629285.28031715,9902415.33189528
2026-06-01 22:30:00,15.9,16.0,15.9,15.9,202154.02694467,3227671.07989452
2026-06-01 22:45:00,15.9,15.9,15.9,15.9,97258.98223809,1546417.81758563
2026-06-01 23:00:00,15.9,15.9,15.9,15.9,44505.50314468,707637.50000041
2026-06-01 23:15:00,15.9,16.0,15.9,16.0,99572.96540166,1583768.84363639
2026-06-01 23:45:00,15.9,15.9,15.9,15.9,3700.0,58830.0
2026-06-02 00:00:00,16.0,16.0,16.0,16.0,628.93081761,10062.89308176
2026-06-02 00:15:00,15.9,15.9,15.9,15.9,74107.77091238,1178313.55750684
2026-06-02 01:00:00,16.0,16.0,15.9,15.9,21794.27435147,346638.7885252
2026-06-02 01:15:00,16.0,16.1,16.0,16.1,376437.89747952,6037975.54756568
2026-06-02 01:30:00,16.2,16.2,16.2,16.2,2030.95835185,32901.52529997
2026-06-02 01:45:00,16.2,16.2,16.2,16.2,1234.56790123,19999.99999993
2026-06-02 02:00:00,16.0,16.0,16.0,16.0,318.0,5088.0
2026-06-02 02:45:00,16.2,16.2,16.2,16.2,4198.97532035,68023.40018967
2026-06-02 03:00:00,16.1,16.1,16.1,16.1,320.83333334,5165.41666677
2026-06-02 03:15:00,16.1,16.1,16.1,16.1,318.0,5119.8
2026-06-02 03:45:00,16.1,16.1,16.1,16.1,6060.6060606,97575.75757566
2026-06-02 04:00:00,16.2,16.2,16.2,16.2,623.45679012,10099.99999994
2026-06-02 04:15:00,16.2,16.2,16.2,16.2,19748.49928344,319925.68839173
2026-06-02 04:45:00,16.3,16.3,16.3,16.3,6172.83950617,100617.28395057
2026-06-02 06:00:00,16.1,16.1,16.1,16.1,96276.06468239,1550044.64138648
2026-06-02 06:15:00,16.1,16.1,16.1,16.1,6172.83950617,99382.71604934
2026-06-02 06:45:00,16.1,16.3,16.1,16.3,2116.55317032,34138.61784339
2026-06-02 07:00:00,16.3,16.3,16.1,16.1,51605.00261764,832172.51897222
2026-06-02 07:15:00,16.0,16.0,15.9,15.9,30687.97108083,490897.16066735
2026-06-02 07:30:00,16.3,16.3,16.3,16.3,94167.31900214,1534927.29973488
2026-06-02 07:45:00,16.1,16.1,15.9,15.9,116989.18511651,1871877.71304327
2026-06-02 08:00:00,16.0,16.0,16.0,16.0,60433.60104847,966937.61677552
2026-06-02 08:15:00,16.0,16.1,16.0,16.1,168589.88339132,2697469.50072075
2026-06-02 08:30:00,16.0,16.0,15.9,16.0,73886.19957529,1182178.77223945
2026-06-02 08:45:00,15.9,15.9,15.8,15.9,292349.61912865,4648230.81252784
2026-06-02 09:00:00,15.9,16.1,15.8,16.1,489993.33877383,7748980.24290228
2026-06-02 09:15:00,16.1,16.4,16.0,16.4,985023.25012799,16040046.45803633
2026-06-02 09:30:00,16.3,16.5,16.1,16.3,3235741.23411771,53054297.64326211
2026-06-02 09:45:00,16.3,16.4,16.1,16.3,952683.05843957,15512841.91700902
2026-06-02 10:00:00,16.2,16.3,16.0,16.2,2436332.88708883,39085523.29360214
2026-06-02 10:15:00,16.1,16.2,16.0,16.2,127620.41126421,2045879.17043159
2026-06-02 10:30:00,16.2,16.2,16.0,16.2,19528.92953855,313032.56153128
2026-06-02 10:45:00,16.2,16.3,16.0,16.1,826296.58847485,13368109.58088951
2026-06-02 11:00:00,16.0,16.1,15.8,16.0,359689.08809891,5740598.50461628
2026-06-02 11:15:00,15.9,16.0,15.5,15.8,1046317.4277903,16424940.01698982
2026-06-02 11:30:00,15.8,15.9,15.8,15.9,106360.02326923,1689725.67604418
2026-06-02 11:45:00,15.8,15.9,15.8,15.9,1693855.94795477,26825817.05944637
2026-06-02 12:00:00,15.9,15.9,15.9,15.9,136280.15592147,2166854.47915137
2026-06-02 12:15:00,15.8,15.8,15.7,15.7,1169372.16784353,18389798.52917138
2026-06-02 12:30:00,15.7,15.9,15.3,15.5,2776848.58025269,43083758.04934662
2026-06-02 12:45:00,15.5,15.6,15.5,15.5,344538.17124379,5373848.11258805
2026-06-02 13:00:00,15.6,15.7,15.5,15.7,276665.72774763,4307388.31154854
2026-06-02 13:30:00,15.7,16.0,15.6,15.8,531633.69585513,8381367.334046
2026-06-02 13:45:00,15.8,15.9,15.8,15.9,8168.17498973,129254.64629405
2026-06-02 14:00:00,15.9,16.0,15.7,15.7,179619.30044059,2843984.07633971
2026-06-02 14:15:00,15.6,15.6,15.5,15.5,271394.96741726,4233440.4395963
2026-06-02 14:30:00,15.6,15.6,15.5,15.6,50924.59052326,792109.21721309
2026-06-02 14:45:00,15.6,15.6,15.5,15.5,155095.2245793,2407245.48816517
2026-06-02 15:00:00,15.6,15.6,15.5,15.5,409296.50559426,6384626.10571985
2026-06-02 15:15:00,15.5,15.7,15.5,15.5,14384.27366167,224052.083051
2026-06-02 15:30:00,15.6,15.6,15.5,15.6,97997.49426683,1521952.27812304
2026-06-02 15:45:00,15.6,15.6,15.5,15.5,12280.86187201,190712.90466371
2026-06-02 16:00:00,15.5,15.6,15.4,15.5,171882.76736974,2664757.62557375
2026-06-02 16:15:00,15.6,15.7,15.4,15.7,30444.20313429,472097.06826794
2026-06-02 17:00:00,15.7,15.7,15.7,15.7,588.23529411,9235.29411753
2026-06-02 17:15:00,15.7,15.7,15.7,15.7,58964.39140124,925740.94499947
2026-06-02 17:30:00,15.6,15.7,15.5,15.7,77717.19302976,1208304.35080898
2026-06-02 17:45:00,15.7,15.7,15.7,15.7,4129.05299842,64826.13207519
2026-06-02 18:00:00,15.6,15.7,15.6,15.7,15447.23785482,241008.78951608
2026-06-02 18:15:00,15.6,15.7,15.6,15.7,110187.72618949,1718960.40753694
2026-06-02 18:30:00,15.6,15.7,15.6,15.7,11577.98255128,180648.40678086
2026-06-02 18:45:00,15.7,15.7,15.7,15.7,7305.94575622,114703.34837265
2026-06-02 19:00:00,15.7,15.7,15.7,15.7,11592.35668789,181999.99999987
2026-06-02 19:15:00,15.7,15.7,15.7,15.7,636.94267515,9999.99999986
2026-06-02 19:30:00,15.6,15.7,15.6,15.6,12020.97275979,187558.85226791
2026-06-02 19:45:00,15.7,15.7,15.7,15.7,2229.61783438,35004.99999977
2026-06-02 20:15:00,15.6,15.7,15.6,15.7,6201.91883263,96781.81276992
2026-06-02 20:30:00,15.7,15.7,15.6,15.6,19433.28025477,305069.99999989
2026-06-02 20:45:00,15.7,15.7,15.7,15.7,17709.21644278,278034.69815165
2026-06-02 21:00:00,15.8,15.8,15.6,15.6,34363.81254767,542882.81341658
2026-06-02 21:15:00,15.8,15.8,15.6,15.6,1848.26365756,29136.71052629
2026-06-02 21:30:00,15.7,15.7,15.6,15.7,152669.70829009,2381715.22390486
2026-06-02 21:45:00,15.6,15.6,15.6,15.6,23004.3581583,358867.98726948
2026-06-02 22:15:00,15.6,15.6,15.5,15.6,18764.20112691,292688.17091313
2026-06-02 22:30:00,15.6,15.7,15.5,15.5,25116.53270675,392111.67363006
2026-06-02 22:45:00,15.6,15.7,15.6,15.7,18091.38204787,282263.77650728
2026-06-02 23:00:00,15.6,15.7,15.5,15.5,80866.16603445,1263233.1557542
2026-06-02 23:15:00,15.7,15.7,15.4,15.5,133164.98666671,2062515.90884055
2026-06-02 23:30:00,15.5,15.8,15.4,15.6,353040.59735716,5553086.1233585
2026-06-02 23:45:00,15.8,15.8,15.8,15.8,564.97175141,8926.55367228
2026-06-03 00:15:00,15.6,15.8,15.6,15.8,156717.61706969,2467859.71885289
2026-06-03 00:30:00,15.6,15.6,15.5,15.5,45431.43114661,706478.10842758
2026-06-03 00:45:00,15.5,15.5,15.4,15.4,215797.05685508,3344665.60752161
2026-06-03 01:00:00,15.5,15.7,15.4,15.5,32566.35656334,503645.56725947
2026-06-03 01:15:00,15.5,15.6,15.5,15.6,132941.04759245,2068356.78842975
2026-06-03 01:30:00,15.6,15.6,15.5,15.5,39113.48050679,606664.00802096
2026-06-03 01:45:00,15.6,15.6,15.6,15.6,1282.05128205,19999.99999998
2026-06-03 02:00:00,15.6,15.6,15.6,15.6,320.57692307,5000.99999989
2026-06-03 02:15:00,15.5,15.5,15.5,15.5,16833.36975316,260917.23117398
2026-06-03 02:45:00,15.5,15.5,15.5,15.5,892.85714285,13839.28571418
2026-06-03 03:00:00,15.5,15.5,15.5,15.5,454.0,7037.0
2026-06-03 03:45:00,15.6,15.6,15.4,15.4,53858.53100687,834712.77237654
2026-06-03 04:00:00,15.4,15.4,15.4,15.4,33783.78378378,520270.27027021
2026-06-03 04:30:00,15.5,15.6,15.4,15.4,14091.93595364,218950.34839481
2026-06-03 04:45:00,15.5,15.5,15.4,15.4,657.89473685,10194.83370749
2026-06-03 05:15:00,15.5,15.5,15.3,15.3,668122.66282105,10245611.05695232
2026-06-03 05:30:00,15.6,15.6,15.3,15.5,354380.94836101,5492843.34633706
2026-06-03 06:45:00,15.4,15.5,15.4,15.5,20921.10707871,323277.15972001
2026-06-03 07:00:00,15.5,15.5,15.5,15.5,958.41295115,14855.40074283
2026-06-03 07:15:00,15.5,15.5,15.3,15.5,326281.85598006,4996050.01840051
2026-06-03 07:30:00,15.5,15.5,15.4,15.5,191096.98504204,2943149.01019943
2026-06-03 08:00:00,15.5,15.5,15.4,15.5,56361.93803977,868199.47753289
2026-06-03 08:15:00,15.5,15.5,15.5,15.5,958.41295115,14855.40074283
2026-06-03 08:30:00,15.4,15.5,15.3,15.5,57123.14087727,879958.79655167
2026-06-03 08:45:00,15.4,15.5,15.4,15.5,32867.45763607,506286.57309503
2026-06-03 09:00:00,15.5,15.6,15.4,15.4,182995.7143607,2836573.6313903
2026-06-03 09:15:00,15.4,15.4,15.4,15.4,2260.819584,34816.6215936
2026-06-03 09:30:00,15.4,15.6,15.4,15.6,144013.51610598,2218157.22146441
2026-06-03 09:45:00,15.5,15.5,15.5,15.5,9306.06357682,144243.98544071
2026-06-03 10:00:00,15.5,15.5,15.4,15.4,109349.562,1689504.26134554
2026-06-03 10:15:00,15.5,15.5,15.5,15.5,322.58064516,4999.99999998
2026-06-03 10:45:00,15.5,15.5,15.5,15.5,1290.32258064,19999.99999992
2026-06-03 11:00:00,15.5,15.5,15.5,15.5,64483.88708871,999500.24987501
2026-06-03 11:15:00,15.4,15.4,15.0,15.3,874694.81728761,13311587.30643404
2026-06-03 11:30:00,15.3,15.3,15.1,15.3,202984.59479528,3105279.68498317
2026-06-03 12:00:00,15.4,15.5,15.4,15.5,19783.40673802,306015.57424919
2026-06-03 12:15:00,15.5,15.5,15.4,15.4,2049.29899032,31623.72057996
2026-06-03 12:30:00,15.4,15.4,15.4,15.4,62208.44518311,958010.05581989
2026-06-03 12:45:00,15.3,15.3,15.3,15.3,18005.98551191,275491.57833222
2026-06-03 13:00:00,15.3,15.4,15.2,15.3,54528.96748985,833892.30069414
2026-06-03 13:15:00,15.3,15.3,15.3,15.3,2161.00031329,33063.30479334
2026-06-03 13:30:00,15.2,15.2,15.2,15.2,93797.10934861,1425716.06209887
2026-06-03 14:00:00,15.3,15.8,15.3,15.8,2603842.11019588,40249342.18734957
2026-06-03 14:15:00,15.8,16.0,15.6,15.9,780217.99647768,12349736.47158253
2026-06-03 14:30:00,15.9,15.9,15.8,15.8,8590.95985315,136208.81977282
2026-06-03 14:45:00,15.7,15.8,15.7,15.8,41776.43645348,657539.09434698
2026-06-03 15:00:00,15.8,15.8,15.7,15.7,20377.03699767,320552.39225582
2026-06-03 15:15:00,15.9,15.9,15.9,15.9,39417.10691823,626731.99999986
2026-06-03 15:30:00,15.9,16.0,15.9,16.0,1642635.20977588,26119149.83543649
2026-06-03 15:45:00,15.8,15.9,15.8,15.8,24200.09817924,382405.95123199
2026-06-03 16:00:00,15.8,15.8,15.7,15.7,13443.3081861,211986.15188587
2026-06-03 16:30:00,15.7,15.7,15.7,15.7,7016.80562968,110163.84838598
2026-06-03 17:00:00,15.9,15.9,15.9,15.9,53379.34971415,848731.66045499
2026-06-03 17:15:00,15.8,15.9,15.7,15.9,178754.15667092,2809680.28839358
2026-06-03 17:45:00,15.8,15.8,15.8,15.8,96368.27724437,1522618.78046105
2026-06-03 18:15:00,15.9,15.9,15.6,15.8,860757.105326,13431903.10056986
2026-06-03 18:30:00,15.7,15.8,15.7,15.8,5507.95196365,86512.82051285
2026-06-03 18:45:00,15.8,15.9,15.8,15.9,20503.94076904,323999.99999989
2026-06-03 19:00:00,15.7,15.9,15.7,15.9,5107.45959714,80338.05907132
2026-06-03 19:30:00,15.9,15.9,15.9,15.9,1257.86163522,20000.0
2026-06-03 19:45:00,15.9,15.9,15.9,15.9,243361.45665641,3869447.16083692
2026-06-03 20:00:00,16.0,16.0,16.0,16.0,269887.45118786,4318199.21900576
2026-06-03 20:15:00,16.0,16.1,15.8,15.8,787361.71056761,12664875.282487
2026-06-03 20:30:00,15.9,15.9,15.8,15.8,50010.24186562,790261.8936468
2026-06-03 20:45:00,16.0,16.0,15.9,15.9,9164.22619602,145748.69651672
2026-06-03 21:15:00,15.8,15.8,15.8,15.8,317.0886076,5010.00000008
2026-06-03 22:00:00,15.9,15.9,15.8,15.9,2636.13029183,41811.90099859
2026-06-03 22:15:00,16.0,16.0,15.9,16.0,14315.53208932,228997.22810837
2026-06-03 22:30:00,15.9,16.0,15.8,16.0,279720.90804184,4443471.21344548
2026-06-03 23:30:00,15.8,16.0,15.8,16.0,1066.24423963,16921.65898615
2026-06-04 00:00:00,15.9,15.9,15.8,15.8,308377.57936405,4872752.53417456
2026-06-04 00:15:00,15.8,16.0,15.8,16.0,13500.0,215600.0
2026-06-04 00:30:00,16.0,16.0,16.0,16.0,625.0,10000.0
2026-06-04 00:45:00,15.9,15.9,15.9,15.9,3867.80222565,61498.05538784
2026-06-04 01:00:00,15.9,15.9,15.9,15.9,2281770.03323155,36280143.52838165
2026-06-04 01:30:00,15.8,15.8,15.8,15.8,10958.76657918,173148.51195104
2026-06-04 02:00:00,16.0,16.0,15.8,15.8,23861.36764396,377134.60877457
2026-06-04 02:15:00,15.8,15.8,15.8,15.8,74210.39034048,1172524.16737958
2026-06-04 02:30:00,15.8,15.8,15.8,15.8,1138.80999999,17993.19799984
2026-06-04 04:15:00,15.8,15.8,15.7,15.7,2399.58304777,37749.63484999
2026-06-04 04:30:00,15.7,15.7,15.7,15.7,15175.72749925,238258.92173823
2026-06-04 04:45:00,15.7,15.7,15.7,15.7,620.12578616,9735.97484271
2026-06-04 05:00:00,15.7,15.7,15.7,15.7,6661.0390607,104578.31325299
2026-06-04 05:15:00,15.7,15.7,15.7,15.7,40032.6759697,628513.01272429
2026-06-04 05:30:00,15.7,15.7,15.7,15.7,4089.6213,64207.05441
2026-06-04 05:45:00,15.7,15.7,15.7,15.7,6907.08999999,108441.31299984
2026-06-04 06:00:00,15.7,15.7,15.6,15.6,960.48284363,15047.29032241
2026-06-04 06:15:00,15.6,15.7,15.6,15.7,9656.0206072,150762.12660053
2026-06-04 06:30:00,15.6,15.6,15.6,15.6,40100.0,625560.0
2026-06-04 07:00:00,15.6,15.6,15.6,15.6,48445.26037315,755746.06182114
2026-06-04 07:15:00,15.6,15.6,15.6,15.6,3748.12593703,58470.76461767
2026-06-04 07:30:00,15.6,15.6,15.6,15.6,537.6344086,8387.09677416
2026-06-04 07:45:00,15.6,15.6,15.6,15.6,10000.0,156000.0
2026-06-04 08:00:00,15.6,15.6,15.5,15.5,21588.43458117,335519.48153317
2026-06-04 08:15:00,15.5,15.7,15.5,15.7,23745.44165483,368436.74150909
2026-06-04 09:00:00,15.7,15.7,15.7,15.7,6369.42675159,99999.99999996
2026-06-04 09:30:00,15.5,15.8,15.5,15.8,672499.1375153,10582076.66491522
2026-06-04 09:45:00,15.8,15.8,15.8,15.8,1935.23491418,30576.71164404
2026-06-04 10:00:00,15.7,15.8,15.7,15.7,124744.61428109,1968989.01505062
2026-06-04 10:15:00,15.7,15.7,15.4,15.4,505045.13272962,7900770.58335642
2026-06-04 10:30:00,15.5,15.6,15.1,15.3,519978.35447284,7948622.11394422
2026-06-04 10:45:00,15.3,15.4,15.1,15.1,474473.72234689,7213224.73379567
2026-06-04 11:00:00,15.1,15.2,14.5,15.0,3161286.44934197,47190697.17991231
2026-06-04 11:15:00,15.1,15.1,14.9,15.1,387322.15388272,5809810.78152534
2026-06-04 11:30:00,15.1,15.1,15.1,15.1,33112.58278145,499999.9999999
2026-06-04 11:45:00,15.1,15.1,15.1,15.1,6660.64318833,100575.71214378
2026-06-04 12:00:00,14.9,15.1,14.9,15.1,25926.23126753,386644.29317758
2026-06-04 12:30:00,15.1,15.1,15.1,15.1,66225.16556291,999999.99999994
2026-06-04 12:45:00,15.0,15.2,15.0,15.2,88951.85754034,1336528.1196476
2026-06-04 13:15:00,15.1,15.1,14.9,15.1,475875.69341774,7109055.0291755
2026-06-04 13:45:00,15.0,15.0,15.0,15.0,40025.75395634,600386.3093451
2026-06-04 14:00:00,15.0,15.0,14.9,14.9,10781.04575162,160704.2483658
2026-06-04 14:15:00,15.0,15.0,14.9,14.9,50648.03592211,755655.73523944
2026-06-04 14:45:00,14.9,14.9,14.9,14.9,16214.12183545,241590.41534821
2026-06-04 15:00:00,15.1,15.1,15.1,15.1,331.45695364,5004.99999996
2026-06-04 16:15:00,15.1,15.1,14.9,15.1,1334.99844224,20123.25483399
2026-06-04 16:45:00,15.1,15.1,15.1,15.1,331.12582781,4999.99999993
2026-06-04 17:00:00,15.0,15.1,14.9,15.1,1231.0146128,18444.87924145
2026-06-04 17:30:00,15.1,15.1,15.0,15.0,40592.6875251,610876.07496234
2026-06-04 17:45:00,15.0,15.0,15.0,15.0,15122.93599865,226844.03997975
2026-06-04 18:15:00,14.9,14.9,14.9,14.9,1242.23602484,18509.31677012
2026-06-04 18:30:00,14.9,15.0,14.9,15.0,130155.74675967,1942290.17164888
2026-06-04 18:45:00,15.0,15.0,15.0,15.0,103691.27516778,1555369.1275167
2026-06-04 19:00:00,15.0,15.0,14.9,14.9,53937.57018934,803805.24324846
2026-06-04 19:15:00,14.9,15.0,14.9,15.0,2569.82032064,38357.4368715
2026-06-04 19:30:00,14.9,15.0,14.9,15.0,7326.10717819,109825.6636217
2026-06-04 19:45:00,14.9,14.9,14.9,14.9,18518.51851851,275925.9259258
2026-06-04 20:00:00,15.0,15.0,15.0,15.0,1000.06666666,15000.9999999
2026-06-04 20:15:00,14.9,14.9,14.9,14.9,2577.07946966,38398.48409793
2026-06-04 20:30:00,14.9,15.0,14.9,15.0,38895.80832963,579613.83550222
2026-06-04 20:45:00,14.9,14.9,14.9,14.9,671.14093959,9999.99999989
2026-06-04 21:00:00,14.8,14.8,14.8,14.8,107999.0,1598385.2
2026-06-04 21:15:00,14.9,15.0,14.7,14.9,32678.62114046,486795.05429734
2026-06-04 21:30:00,15.0,15.0,14.9,14.9,3525.84132723,52678.15961679
2026-06-04 21:45:00,15.0,15.1,15.0,15.0,118356.28277856,1780540.12543581
2026-06-04 22:00:00,15.1,15.1,15.0,15.1,134630.96897874,2032818.59968633
2026-06-04 22:45:00,15.0,15.0,15.0,15.0,2444.60380202,36669.0570303
2026-06-04 23:00:00,15.0,15.0,15.0,15.0,3804.04797631,57060.71964465
2026-06-04 23:15:00,15.0,15.0,15.0,15.0,333.4,5001.0
2026-06-05 00:00:00,15.0,15.0,15.0,15.0,788.23117532,11823.4676298
2026-06-05 00:15:00,15.0,15.0,14.8,14.8,300000.0,4465934.87773641
2026-06-05 00:30:00,15.1,15.1,15.0,15.1,1654.56156942,24884.49686824
2026-06-05 02:15:00,15.0,15.0,15.0,15.0,437392.60175116,6560889.0262674
2026-06-05 02:30:00,15.0,15.0,15.0,15.0,10245.96902052,153689.5353078
2026-06-05 03:30:00,15.0,15.0,15.0,15.0,8500.0,127500.0
2026-06-05 05:00:00,15.1,15.1,15.0,15.0,1579.0,23809.4
2026-06-05 06:45:00,15.0,15.0,15.0,15.0,13333.33333334,200000.0000001
2026-06-05 07:00:00,15.0,15.0,15.0,15.0,217380.77321528,3260711.5982292
2026-06-05 07:30:00,15.0,15.0,15.0,15.0,21542.47928994,323137.1893491
2026-06-05 08:00:00,15.0,15.0,15.0,15.0,114029.66843849,1710445.02657735
2026-06-05 08:15:00,15.0,15.0,14.9,14.9,51259.62322042,768860.06748438
2026-06-05 08:30:00,14.9,14.9,14.8,14.8,22972.62820512,341446.55621117
2026-06-05 08:45:00,15.0,15.0,14.8,14.8,105714.30193806,1572475.67482988
2026-06-05 09:00:00,14.8,14.8,14.7,14.8,511266.20407619,7566704.82032761
2026-06-05 09:15:00,14.8,14.8,14.6,14.6,243193.26217151,3561273.58768888
2026-06-05 09:30:00,14.6,14.6,14.5,14.6,190928.41883541,2787448.67561031
2026-06-05 09:45:00,14.6,14.6,14.6,14.6,349848.44914004,5107787.35744458
2026-06-05 10:00:00,14.6,14.6,14.4,14.4,186819.74369664,2709815.89208228
2026-06-05 10:15:00,14.4,14.5,14.4,14.5,151898.15277223,2197691.83420871
2026-06-05 10:30:00,14.5,14.5,14.5,14.5,63477.76010921,920427.52158355
2026-06-05 10:45:00,14.5,14.5,14.5,14.5,443611.58620688,6432367.99999976
2026-06-05 11:00:00,14.5,14.6,14.4,14.4,19877.17748854,286659.88547488
2026-06-05 11:15:00,14.4,14.6,14.4,14.5,48405.44711109,697773.27039969
2026-06-05 11:30:00,14.5,14.5,14.1,14.2,1966368.91817284,27962324.45755305
2026-06-05 11:45:00,14.1,14.1,14.1,14.1,67408.9042142,950465.54942022
2026-06-05 12:00:00,14.2,14.3,14.2,14.3,3848.63413182,54749.99999992
2026-06-05 12:15:00,14.2,14.3,14.2,14.3,201519.50365969,2876240.84856779
2026-06-05 12:30:00,14.3,14.6,14.2,14.5,752697.99012707,10785101.15555135
2026-06-05 12:45:00,14.5,14.5,14.3,14.3,184856.59943667,2646104.17696367
2026-06-05 13:00:00,14.2,14.2,14.2,14.2,360.07194245,5113.02158279
2026-06-05 13:15:00,14.3,14.3,14.2,14.2,3963.95454129,56609.832808
2026-06-05 13:30:00,14.3,14.3,14.3,14.3,11051.57339701,158037.49957724
2026-06-05 13:45:00,14.3,14.3,14.2,14.3,877358.58854561,12526023.92744417
2026-06-05 14:00:00,14.4,14.6,14.3,14.6,43657.19973908,629276.44850985
2026-06-05 14:15:00,14.6,14.6,14.5,14.5,3551.56321768,51716.76855636
2026-06-05 14:30:00,14.4,14.4,14.4,14.4,39722.22222222,571999.99999997
2026-06-05 14:45:00,14.3,14.3,14.2,14.2,267566.90629853,3803098.15486255
2026-06-05 15:00:00,14.2,14.3,14.2,14.3,14903.5819308,212207.77788759
2026-06-05 15:15:00,14.1,14.3,13.8,14.2,1428774.18988827,20083556.2408573
2026-06-05 15:30:00,14.0,14.0,13.9,14.0,69646.2613237,974586.91607694
2026-06-05 15:45:00,14.0,14.2,14.0,14.2,105449.34190293,1485507.42044384
2026-06-05 16:00:00,14.2,14.3,14.2,14.2,7363.42383908,105004.99999993
2026-06-05 16:30:00,14.2,14.2,14.0,14.0,11568.02229871,162234.00232278
2026-06-05 16:45:00,14.1,14.1,14.1,14.1,1000.0,14100.0
2026-06-05 17:00:00,14.0,14.0,13.8,13.8,570830.43873968,7956165.14582506
2026-06-05 17:15:00,13.8,13.9,13.7,13.9,600810.1987929,8270804.05024339
2026-06-05 17:30:00,13.9,13.9,13.8,13.9,2517.09832132,34915.99999968
2026-06-05 17:45:00,13.9,13.9,13.9,13.9,38111.51079136,529749.9999999
2026-06-05 18:00:00,13.8,13.9,13.8,13.9,94551.72516852,1308513.85300417
2026-06-05 18:15:00,13.9,13.9,13.9,13.9,400.0,5560.0
2026-06-05 18:30:00,13.9,13.9,13.8,13.8,29041.66875597,402933.30221368
2026-06-05 18:45:00,13.8,13.9,13.8,13.9,110824.33812949,1538958.29999991
2026-06-05 19:00:00,13.9,14.0,13.9,14.0,25665.63012803,356787.98020819
2026-06-05 19:15:00,13.9,14.0,13.8,13.8,9644.28768116,134443.26348773
2026-06-05 19:30:00,14.0,14.0,14.0,14.0,714.28571428,9999.99999992
2026-06-05 19:45:00,13.9,13.9,13.8,13.8,8347.80387863,115454.76376803
2026-06-05 20:15:00,13.9,13.9,13.8,13.8,42836.62437336,591257.35879841
2026-06-05 20:30:00,13.8,14.0,13.8,13.8,2614.32997288,36170.25362574
2026-06-05 20:45:00,13.8,13.8,13.8,13.8,123715.48294064,1707273.66458083
2026-06-05 21:00:00,14.0,14.0,14.0,14.0,724.63768115,10144.9275361
2026-06-05 21:30:00,13.9,13.9,13.9,13.9,365.4558,5079.83562
2026-06-05 21:45:00,13.8,13.9,13.8,13.8,3023.7633284,41799.36250335
2026-06-05 22:15:00,14.0,14.0,14.0,14.0,357.14285714,4999.99999996
2026-06-05 23:00:00,13.9,13.9,13.8,13.9,109909.42589924,1518194.59338073
2026-06-05 23:15:00,13.9,14.1,13.9,13.9,149443.17790141,2088483.5325635
2026-06-05 23:30:00,13.9,14.0,13.9,14.0,7805.65812086,108642.53277204
2026-06-05 23:45:00,13.9,13.9,13.9,13.9,8705.96363616,121012.89454262
2026-06-06 00:00:00,13.9,13.9,13.9,13.9,49468.02002103,687605.47829232
2026-06-06 00:15:00,13.8,14.0,13.8,13.8,60797.95612695,839090.36598048
2026-06-06 00:30:00,13.9,14.0,13.7,13.9,172089.10630761,2372105.40735356
2026-06-06 00:45:00,13.8,14.0,13.7,13.8,74168.86656252,1019771.88993643
2026-06-06 01:00:00,13.9,13.9,13.8,13.8,10723.45999997,148084.15699959
2026-06-06 01:15:00,13.8,13.8,13.8,13.8,7246.37681159,99999.99999994
2026-06-06 01:45:00,13.8,13.9,13.7,13.8,234323.12223227,3233674.56898099
2026-06-06 02:30:00,13.8,13.8,13.8,13.8,10453.53650793,144258.80380943
2026-06-06 02:45:00,13.8,13.8,13.8,13.8,41839.30414367,577382.39718265
2026-06-06 03:00:00,13.8,13.8,13.8,13.8,84250.06023721,1162650.8312735
2026-06-06 03:30:00,13.7,13.7,13.7,13.7,268472.02114218,3678066.68964787
2026-06-06 03:45:00,13.7,13.7,13.6,13.7,109186.40930982,1486130.54087442
2026-06-06 04:00:00,13.7,13.7,13.7,13.7,10729.92700729,146999.99999987
2026-06-06 04:15:00,13.7,13.7,13.6,13.6,41897.81021897,571999.99999989
2026-06-06 04:30:00,13.6,13.7,13.6,13.7,1454.71857807,19857.70207352
2026-06-06 04:45:00,13.7,13.7,13.7,13.7,28265.51635037,387237.57400007
2026-06-06 05:00:00,13.7,13.7,13.7,13.7,15551.18843591,213051.28157197
2026-06-06 05:15:00,13.6,13.6,13.6,13.6,32856.19974434,446844.31652302
2026-06-06 05:30:00,13.7,13.7,13.7,13.7,4500.72992698,61659.99999963
2026-06-06 05:45:00,13.7,13.7,13.6,13.7,4985.72423786,68184.42205868
2026-06-06 06:00:00,13.7,13.7,13.7,13.7,65637.25763029,899230.42953497
2026-06-06 06:30:00,13.8,13.8,13.8,13.8,125.96977329,1738.3828714
2026-06-06 06:45:00,13.8,13.8,13.8,13.8,73314.64702431,1011742.12893548
2026-06-06 07:15:00,13.8,13.8,13.8,13.8,7242.75543387,99950.02498741
2026-06-06 07:30:00,13.8,13.8,13.8,13.8,18115.94202898,249999.99999992
2026-06-06 08:30:00,13.7,13.8,13.7,13.8,286549.14423487,3954082.67602786
2026-06-06 08:45:00,13.7,13.7,13.7,13.7,290200.50927521,3975746.97707038
2026-06-06 09:00:00,13.7,13.9,13.7,13.9,8050.04990389,111539.1264332
2026-06-06 09:15:00,13.9,13.9,13.9,13.9,54940.19784172,763668.74999991
2026-06-06 09:30:00,13.7,13.8,13.7,13.8,45655.85794982,629950.30115253
2026-06-06 10:00:00,13.9,13.9,13.8,13.9,45694.5059952,632879.59999995
2026-06-06 10:15:00,13.9,13.9,13.9,13.9,7191.00881214,99955.02248875
2026-06-06 10:30:00,13.9,13.9,13.9,13.9,71906.49279676,999500.24987496
2026-06-06 10:45:00,13.8,13.8,13.8,13.8,53976.9162028,744881.44359864
2026-06-06 11:00:00,13.8,13.8,13.8,13.8,1098.29143399,15156.42178906
2026-06-06 11:15:00,13.7,13.7,13.7,13.7,3130.87038197,42892.92423299
2026-06-06 12:00:00,13.7,13.7,13.5,13.5,281190.8634325,3811188.23230736
2026-06-06 12:15:00,13.6,13.6,13.6,13.6,4718.3567,64169.65112
2026-06-06 12:30:00,13.6,13.6,13.0,13.0,3023071.69309989,39534974.61060396
2026-06-06 12:45:00,13.0,13.0,13.0,13.0,797040.98779254,10361532.84130302
2026-06-06 13:00:00,13.2,13.2,12.9,12.9,53815.2593544,695138.88823406
2026-06-06 13:15:00,12.8,13.2,12.7,13.0,2628676.42050752,34166082.61058181
2026-06-06 13:30:00,12.9,13.2,12.9,13.1,435298.14688601,5663479.74526751
2026-06-06 13:45:00,13.1,13.2,12.9,13.1,1645077.92583854,21354167.04141242
2026-06-06 14:00:00,13.1,13.1,12.9,13.1,59130.44556829,763873.49144143
2026-06-06 14:15:00,12.9,13.2,12.9,13.1,314923.66858741,4138887.13584175
2026-06-06 14:30:00,13.0,13.1,13.0,13.1,152030.99846357,1978284.58087156
2026-06-06 14:45:00,13.1,13.1,12.9,12.9,9269.47852331,120406.66865536
2026-06-06 15:00:00,13.1,13.1,13.0,13.1,317289.12840173,4142842.41974073
2026-06-06 15:15:00,13.2,13.2,13.1,13.1,693928.43037275,9109801.47576181
2026-06-06 15:30:00,13.1,13.1,13.1,13.1,47293.8282767,619549.15042477
2026-06-06 15:45:00,13.2,13.2,13.2,13.2,763.35877862,10076.33587778
2026-06-06 16:00:00,13.1,13.1,13.1,13.1,127050.60196999,1664362.88580687
2026-06-06 16:15:00,13.1,13.1,13.0,13.0,44314.06791991,576134.90692315
2026-06-06 16:45:00,13.1,13.1,13.0,13.0,283073.76045818,3680397.70542517
2026-06-06 17:00:00,13.1,13.1,13.1,13.1,381.67938931,4999.99999996
2026-06-06 17:15:00,13.1,13.1,13.1,13.1,158905.61832061,2081663.59999999
2026-06-06 17:30:00,13.1,13.1,13.1,13.1,35946.85784129,470903.8377209
2026-06-06 17:45:00,13.1,13.2,13.1,13.2,1466.35715754,19282.38506776
2026-06-06 18:00:00,13.2,13.2,13.2,13.2,20924.0,276196.8
2026-06-06 18:15:00,13.2,13.3,13.2,13.3,79268.51836944,1046530.65109275
2026-06-06 18:30:00,13.3,13.3,13.3,13.3,1757.67626314,23377.09429976
2026-06-06 18:45:00,13.2,13.2,13.2,13.2,68906.1171924,909560.74693968
2026-06-06 19:00:00,13.1,13.2,13.1,13.2,75267.21445533,986037.86011109
2026-06-06 19:30:00,13.1,13.1,13.0,13.1,142922.07139049,1872239.7257666
2026-06-06 19:45:00,13.1,13.1,13.1,13.1,50533.55480115,661989.56789507
2026-06-06 20:00:00,13.2,13.2,13.2,13.2,376.31578947,4967.368421
2026-06-06 20:15:00,13.1,13.1,13.1,13.1,391.015625,5122.3046875
2026-06-06 20:30:00,13.2,13.3,13.2,13.3,151256.83005634,1996678.06241734
2026-06-06 22:45:00,13.3,13.3,13.2,13.2,4334.9601711,57261.47425852
2026-06-06 23:45:00,13.2,13.2,13.2,13.2,4821.05879323,63637.97607064
2026-06-07 00:00:00,13.3,13.4,13.3,13.4,453787.23804727,6061114.68352914
2026-06-07 00:15:00,13.4,13.5,13.4,13.4,77172.15956728,1034329.16042377
2026-06-07 00:45:00,13.4,13.4,13.3,13.3,165329.0,2208351.83951131
2026-06-07 01:00:00,13.5,13.5,13.5,13.5,7518.79699248,101503.75939848
2026-06-07 03:00:00,13.3,13.4,13.3,13.4,71111.4595279,945823.15246181
2026-06-07 03:15:00,13.3,13.3,13.3,13.3,407.40740741,5418.51851855
2026-06-07 03:30:00,13.4,13.4,13.2,13.2,814.81481482,10840.53030639
2026-06-07 03:45:00,13.4,13.5,13.4,13.4,12792.86454518,171464.82608188
2026-06-07 05:30:00,13.4,13.4,13.4,13.4,896.32506722,12010.75590075
2026-06-07 05:45:00,13.4,13.4,13.4,13.4,2239.94625904,30015.27987114
2026-06-07 06:45:00,13.3,13.3,13.3,13.3,3375.0,44887.5
2026-06-07 07:00:00,13.3,13.3,13.2,13.2,207446.96294494,2758893.09201619
2026-06-07 08:00:00,13.2,13.2,13.2,13.2,50647.06310994,668541.23305121
2026-06-07 08:15:00,13.2,13.2,13.2,13.2,4687.5,61875.0
2026-06-07 08:30:00,13.3,13.3,13.3,13.3,2631.57894735,34999.99999976
2026-06-07 08:45:00,13.3,13.4,13.2,13.4,151940.75681497,2020883.72669625
2026-06-07 09:00:00,13.3,13.5,13.2,13.4,130307.93077601,1734441.00724041
2026-06-07 09:15:00,13.4,13.4,13.2,13.4,34352.15678189,454049.86869051
2026-06-07 09:30:00,13.4,13.5,13.4,13.5,93856.81230931,1257829.58469569
2026-06-07 09:45:00,13.5,13.5,13.2,13.4,51846.06117604,684770.40608534
2026-06-07 10:00:00,13.4,13.5,13.2,13.5,15916.29830463,212754.04205203
2026-06-07 10:15:00,13.5,13.5,13.3,13.5,81398.35768318,1098332.51226968
2026-06-07 10:30:00,13.5,13.6,13.3,13.5,83626.46713939,1122006.58589986
2026-06-07 10:45:00,13.5,13.6,13.5,13.5,256369.48791892,3461024.88837601
2026-06-07 11:15:00,13.5,13.5,13.5,13.5,37967.76646518,512564.84727993
2026-06-07 11:30:00,13.5,13.5,13.4,13.5,56159.22013254,758033.37489006
2026-06-07 11:45:00,13.6,13.7,13.6,13.7,100786.60570091,1373611.1258718
2026-06-07 12:00:00,13.7,13.7,13.5,13.5,10428.8892001,141747.44494135
2026-06-07 12:15:00,13.7,13.7,13.5,13.7,8064.84672889,109222.00575399
2026-06-07 12:30:00,13.7,13.7,13.7,13.7,2305.948,31591.4876
2026-06-07 13:00:00,13.5,13.7,13.5,13.7,47037.5758313,644340.69999992
2026-06-07 13:15:00,13.7,13.7,13.5,13.7,1313.86861311,17912.40875873
2026-06-07 13:30:00,13.5,13.5,13.5,13.5,4787.2037,64627.24995
2026-06-07 13:45:00,13.7,13.7,13.6,13.6,1170.64029624,16000.99999967
2026-06-07 14:00:00,13.6,13.7,13.6,13.7,437.95620437,5959.18328062
2026-06-07 15:00:00,13.5,13.6,13.4,13.6,78315.59856594,1053485.66116129
2026-06-07 15:15:00,13.4,13.6,13.3,13.6,8616.58750049,116741.74789833
2026-06-07 15:30:00,13.4,13.5,13.3,13.5,66418.48971099,889715.20924622
2026-06-07 15:45:00,13.5,13.6,13.3,13.6,12065.76072309,161971.76083998
2026-06-07 16:00:00,13.4,13.6,13.4,13.6,26996.96699999,366259.35779986
2026-06-07 16:15:00,13.5,13.6,13.5,13.6,1183.46647525,16020.91506293
2026-06-07 17:45:00,13.6,13.6,13.6,13.6,233979.18687714,3182116.9415291
2026-06-07 18:00:00,13.6,13.6,13.6,13.6,94263.30147058,1281980.89999989
2026-06-07 18:15:00,13.6,13.7,13.6,13.7,109062.70230014,1483384.13814322
2026-06-07 19:00:00,13.7,13.8,13.5,13.6,100099.00920421,1361045.35627119
2026-06-07 19:15:00,13.5,13.6,13.5,13.6,9223.52941176,125399.99999994
2026-06-07 19:30:00,13.5,13.5,13.4,13.4,156424.32623477,2098241.3280273
2026-06-07 19:45:00,13.4,13.4,13.4,13.4,600.3915765,8045.2471251
2026-06-07 20:00:00,13.6,13.6,13.4,13.6,1637.04248061,22083.45747547
2026-06-07 20:15:00,13.6,13.6,13.6,13.6,52289.67985111,711139.6459751
2026-06-07 20:30:00,13.6,13.6,13.5,13.5,14877.26772086,202182.69285555
2026-06-07 21:00:00,13.6,13.6,13.6,13.6,441.17647058,5999.99999989
2026-06-07 22:00:00,13.5,13.6,13.4,13.6,17807.54201084,239450.03898011
2026-06-07 22:15:00,13.5,13.6,13.5,13.5,386041.76020172,5211637.29213498
2026-06-07 23:30:00,13.5,13.5,13.5,13.5,68567.91887887,925666.90486475
2026-06-07 23:45:00,13.4,13.4,13.4,13.4,1458.04018348,19537.73845863
2026-06-08 00:00:00,13.4,13.4,13.4,13.4,72565.40436208,972376.41845187
2026-06-08 03:15:00,13.5,13.6,13.4,13.4,46371.11383834,626610.03052919
2026-06-08 04:15:00,13.6,13.6,13.6,13.6,1533.0,20848.8
2026-06-08 05:00:00,13.5,13.5,13.5,13.5,2000.0,27000.0
2026-06-08 06:00:00,13.4,13.4,13.4,13.4,2305.0,30887.0
2026-06-08 06:15:00,13.4,13.4,13.4,13.4,16427.70818198,220131.28963853
2026-06-08 07:15:00,13.5,13.5,13.5,13.5,28424.65708613,383732.87066276
2026-06-08 07:30:00,13.6,13.6,13.5,13.5,3848.61231617,52187.82749991
2026-06-08 08:45:00,13.5,13.5,13.5,13.5,74261.96224758,1002536.49034233
2026-06-08 09:00:00,13.6,13.6,13.5,13.5,7131.18492338,96859.23175975
2026-06-08 09:15:00,13.5,13.5,13.3,13.3,98575.98310995,1321597.24783007
2026-06-08 09:30:00,13.4,13.4,13.4,13.4,73593.80460643,986156.98172616
2026-06-08 09:45:00,13.4,13.4,13.4,13.4,12941.58839499,173417.28449287
2026-06-08 10:00:00,13.6,13.6,13.4,13.4,51209.0789335,686495.77535596
2026-06-08 10:15:00,13.4,13.4,13.4,13.4,36796.90230321,493078.49086301
2026-06-08 11:45:00,13.4,13.4,13.3,13.3,44934.63880053,599720.99423541
2026-06-08 12:15:00,13.4,13.4,13.3,13.3,1457.4135071,19470.69138443
2026-06-08 12:30:00,13.4,13.4,13.3,13.3,23333.39053389,312661.74891089
2026-06-08 13:15:00,13.3,13.3,13.3,13.3,7462.68656716,99253.73134323
2026-06-08 13:45:00,13.3,13.3,13.3,13.3,15037.59398497,200000.0000001
2026-06-08 14:00:00,13.3,13.3,13.3,13.3,18921.97852742,251662.31441469
2026-06-08 15:00:00,13.3,13.3,13.3,13.3,37593.98496241,500000.00000005
2026-06-08 16:00:00,13.5,13.5,13.5,13.5,380.37037037,5135.0
2026-06-08 16:15:00,13.4,13.5,13.4,13.5,2335.34458702,31489.18199996
2026-06-08 18:00:00,13.5,13.5,13.5,13.5,1835.23053288,24775.61219388
2026-06-08 18:15:00,13.4,13.4,13.2,13.2,375256.15432316,4982640.18562648
2026-06-08 18:30:00,13.1,13.1,12.9,13.0,1033019.0028575,13461750.46991003
2026-06-08 18:45:00,13.0,13.1,13.0,13.0,405297.79240448,5270018.50123939
2026-06-08 19:00:00,13.0,13.1,12.9,13.0,569582.5130572,7381894.53929877
2026-06-08 19:15:00,13.0,13.0,13.0,13.0,79076.35846152,1027992.65999976
2026-06-08 19:30:00,13.1,13.1,13.0,13.1,11045.0413329,144522.6632819
2026-06-08 19:45:00,13.1,13.1,13.0,13.1,177453.08436763,2307206.32254324
2026-06-08 20:00:00,13.1,13.1,13.1,13.1,1198.68186373,15702.73241486
2026-06-08 20:15:00,13.1,13.1,13.1,13.1,1168.21484227,15303.61443374
2026-06-08 20:30:00,13.1,13.2,13.0,13.1,335875.59169799,4399997.68950681
2026-06-08 20:45:00,13.1,13.1,13.1,13.1,205157.65018252,2687565.21739101
2026-06-08 21:00:00,13.1,13.1,13.1,13.1,7633.58778625,99999.99999988
2026-06-08 21:15:00,13.1,13.1,13.0,13.0,573320.97402101,7480221.25248184
2026-06-08 21:30:00,13.0,13.1,13.0,13.1,102808.56512497,1339199.86261089
2026-06-08 21:45:00,13.1,13.2,13.1,13.2,124309.58709302,1628647.08863451
2026-06-08 22:00:00,13.1,13.2,13.1,13.2,901.88328912,11827.93633946
2026-06-08 22:15:00,13.2,13.2,13.1,13.1,163081.21761294,2136402.58709315
2026-06-08 22:30:00,13.1,13.1,13.0,13.0,21121.66559405,275825.06188296
2026-06-08 22:45:00,13.0,13.1,13.0,13.1,93806.22455541,1219519.08715926
2026-06-08 23:00:00,13.0,13.0,13.0,13.0,261267.58661819,3396478.62603647
2026-06-08 23:15:00,12.9,13.0,12.8,13.0,2741426.1643992,35325747.17783089
2026-06-08 23:30:00,13.0,13.0,13.0,13.0,349120.92793156,4538572.06311028
2026-06-08 23:45:00,13.0,13.1,12.9,13.0,990929.52083687,12882478.58047868
2026-06-09 00:00:00,13.0,13.1,12.9,12.9,563684.67266727,7329045.5408801
2026-06-09 00:15:00,13.1,13.1,13.0,13.0,4092.95428612,53577.97892595
2026-06-09 00:30:00,13.1,13.1,12.9,12.9,275493.32432702,3581426.92914354
2026-06-09 01:00:00,13.1,13.1,12.9,12.9,1750667.47497156,22758868.25520608
2026-06-09 01:15:00,13.1,13.1,12.8,13.0,2611327.94419355,33686042.2751472
2026-06-09 01:30:00,13.0,13.0,12.9,13.0,997560.2757419,12868759.01066042
2026-06-09 01:45:00,12.9,13.0,12.8,12.9,246310.61386799,3177323.24012748
2026-06-09 02:00:00,12.9,13.0,12.8,12.8,529581.29536371,6831670.65167884
2026-06-09 02:15:00,12.9,12.9,12.8,12.9,503166.42506182,6482494.92272084
2026-06-09 02:30:00,12.9,13.0,12.9,13.0,16595.21746172,214190.91916035
2026-06-09 03:00:00,13.0,13.0,13.0,13.0,23453.23886639,304892.10526307
2026-06-09 03:30:00,13.0,13.0,13.0,13.0,304754.39203475,3961807.09645175
2026-06-09 03:45:00,13.0,13.0,12.9,12.9,2299.43007767,29850.24030964
2026-06-09 04:15:00,13.0,13.0,13.0,13.0,385.46153846,5010.99999998
2026-06-09 04:30:00,13.0,13.0,13.0,13.0,139.69273743,1816.00558659
2026-06-09 04:45:00,13.0,13.0,13.0,13.0,19846.15384615,257999.99999995
2026-06-09 05:00:00,13.0,13.0,13.0,13.0,2700.83180266,35110.81343458
2026-06-09 05:45:00,12.9,13.0,12.9,13.0,155190.03498797,2002026.20820575
2026-06-09 06:00:00,13.0,13.0,12.9,12.9,1041.11562887,13471.90931511
2026-06-09 06:15:00,13.0,13.0,12.9,13.0,11036.07221173,142468.93875249
2026-06-09 06:30:00,13.0,13.0,13.0,13.0,403789.9026256,5249268.7341328
2026-06-09 06:45:00,13.0,13.0,13.0,13.0,85560.51865027,1112286.74245351
2026-06-09 07:00:00,13.0,13.0,13.0,13.0,116299.8582939,1511898.1578207
2026-06-09 07:15:00,13.0,13.0,13.0,13.0,80514.53846151,1046688.99999963
2026-06-09 07:30:00,12.9,13.0,12.9,13.0,3731.50447226,48368.96583169
2026-06-09 08:15:00,13.0,13.0,13.0,13.0,27898.12785913,362675.66216869
2026-06-09 08:30:00,12.9,12.9,12.9,12.9,10000.0,129000.0
2026-06-09 08:45:00,13.0,13.0,12.9,12.9,1011223.36678632,13056711.82019536
2026-06-09 09:00:00,12.9,12.9,12.8,12.8,543169.85103573,6974189.8450398
2026-06-09 09:15:00,12.8,12.8,12.7,12.7,1285015.56359542,16431384.74859593
2026-06-09 09:30:00,12.6,12.7,12.6,12.7,614412.15091988,7802957.39360555
2026-06-09 09:45:00,12.7,12.7,12.7,12.7,252138.58754027,3202160.06176143
2026-06-09 10:00:00,12.8,12.8,12.7,12.8,26482.90915753,338787.71372497
2026-06-09 10:15:00,12.7,12.7,12.7,12.7,119303.88651827,1515159.35878203
2026-06-09 10:30:00,12.8,12.8,12.6,12.7,1231560.14915861,15751632.02407661
2026-06-09 10:45:00,12.7,12.7,12.6,12.7,1190757.90008915,15119132.03943221
2026-06-09 11:00:00,12.7,12.7,12.6,12.6,75133.85826769,949599.99999966
2026-06-09 11:15:00,12.6,12.6,12.6,12.6,365604.04694162,4606610.99146441
2026-06-09 11:30:00,12.6,12.6,12.4,12.5,1106553.97292398,13874481.57223687
2026-06-09 11:45:00,12.5,12.8,12.4,12.5,425847.40215871,5333599.1328339
2026-06-09 12:00:00,12.4,12.5,12.4,12.5,248577.91808213,3083966.18421841
2026-06-09 12:15:00,12.5,12.8,12.5,12.8,534073.51690373,6686621.42268862
2026-06-09 12:30:00,12.7,12.7,12.5,12.5,5169.56960148,64850.09781563
2026-06-09 12:45:00,12.6,12.6,12.6,12.6,41273.4126984,520044.99999984
2026-06-09 13:15:00,12.5,12.6,12.5,12.6,93253.48008425,1172995.17714866
2026-06-09 13:45:00,12.6,12.6,12.6,12.6,159312.35628217,2007335.68915534
2026-06-09 14:00:00,12.6,12.6,12.6,12.6,644.67766116,8122.93853062
2026-06-09 14:15:00,12.6,12.6,12.5,12.6,11197.22222222,140044.99999997
2026-06-09 14:30:00,12.5,12.5,12.5,12.5,2430.181461,30377.2682625
2026-06-09 14:45:00,12.6,12.6,12.6,12.6,32324.17359619,407284.58731199
2026-06-09 15:00:00,12.7,12.7,12.6,12.6,10794.29370337,136087.46574183
2026-06-09 15:30:00,12.6,12.6,12.6,12.6,61674.77278674,777102.13711292
2026-06-09 15:45:00,12.6,12.6,12.5,12.5,29531.44568469,369206.75350312
2026-06-09 16:00:00,12.6,12.6,12.6,12.6,2424.87599206,30553.43749996
2026-06-09 16:15:00,12.5,12.5,12.5,12.5,410.24590164,5128.0737705
2026-06-09 16:30:00,12.6,12.8,12.5,12.8,96862.36989502,1226519.43053964
2026-06-09 17:45:00,12.6,12.6,12.6,12.6,6679.52447505,84162.00838563
2026-06-09 18:00:00,12.6,12.8,12.4,12.6,478638.60582265,5996176.19356504
2026-06-09 18:30:00,12.7,12.8,12.7,12.7,299027.37742446,3797687.14641564
2026-06-09 18:45:00,12.7,12.7,12.7,12.7,98808.19708343,1254864.10295956
2026-06-09 19:00:00,12.6,12.7,12.6,12.7,68564.39088407,870727.07317078
2026-06-09 19:15:00,12.8,12.8,12.7,12.7,89556.09493227,1137401.47595233
2026-06-09 19:30:00,12.6,12.6,12.6,12.6,406.91056911,5127.07317079
2026-06-09 19:45:00,12.7,12.7,12.7,12.7,119126.80944709,1512910.47997804
2026-06-09 20:00:00,12.7,12.7,12.7,12.7,37313.31769298,473879.13470085
2026-06-09 20:30:00,12.7,12.7,12.6,12.6,62938.68663113,793378.1668937
2026-06-09 21:15:00,12.6,12.6,12.6,12.6,29228.76528066,368282.44253632
2026-06-09 21:30:00,12.7,12.7,12.7,12.7,2416.73258267,30692.50379991
2026-06-09 21:45:00,12.6,12.8,12.6,12.6,73099.02332837,922227.20956246
2026-06-09 22:00:00,12.8,12.8,12.6,12.6,3984.91424356,50689.44200011
2026-06-09 23:00:00,12.6,12.6,12.6,12.6,44649.46135805,562583.21311143
2026-06-09 23:15:00,12.6,12.6,12.6,12.6,12614.89464141,158947.67248177
2026-06-09 23:30:00,12.6,12.6,12.6,12.6,76427.55759362,962987.22567961
2026-06-09 23:45:00,12.6,12.6,12.4,12.4,251956.60014445,3163914.51219869
2026-06-10 00:00:00,12.4,12.4,12.4,12.4,12075.54709099,149736.78392828
2026-06-10 00:15:00,12.4,12.4,12.4,12.4,4032.25806452,50000.00000005
2026-06-10 00:30:00,12.5,12.5,12.4,12.5,470247.59642357,5846260.33304529
2026-06-10 01:00:00,12.5,12.6,12.5,12.6,138344.87005862,1729350.28518157
2026-06-10 02:15:00,12.5,12.6,12.5,12.6,47733.90478302,596713.21923657
2026-06-10 02:30:00,12.6,12.6,12.6,12.6,396.9047619,5000.99999994
2026-06-10 02:45:00,12.6,12.6,12.6,12.6,397.22222222,5004.99999997
2026-06-10 04:00:00,12.5,12.5,12.5,12.5,400.4,5005.0
2026-06-10 04:15:00,12.4,12.4,12.3,12.3,657538.39610613,8107164.67079868
2026-06-10 04:30:00,12.4,12.4,12.4,12.4,28065.0406504,348006.50406496
2026-06-10 04:45:00,12.4,12.4,12.4,12.4,25869.26829268,320778.92682923
2026-06-10 05:00:00,12.6,12.6,12.6,12.6,391.015625,4926.796875
2026-06-10 05:30:00,12.4,12.4,12.4,12.4,174100.34499883,2158844.27798549
2026-06-10 06:30:00,12.4,12.4,12.4,12.4,1592885.37789256,19751778.68586774
2026-06-10 06:45:00,12.4,12.4,12.3,12.3,2363396.15948174,29118119.98542496
2026-06-10 07:15:00,12.4,12.5,12.4,12.5,1446.35307345,18006.93403282
2026-06-10 07:30:00,12.4,12.4,12.4,12.4,7339.72227596,91012.5562219
2026-06-10 07:45:00,12.3,12.3,12.3,12.3,161760.19181271,1989650.35929633
2026-06-10 08:00:00,12.3,12.3,12.3,12.3,233245.31613116,2868917.38841327
2026-06-10 08:15:00,12.3,12.3,12.3,12.3,302199.9185998,3717058.99877754
2026-06-10 08:30:00,12.2,12.3,12.1,12.1,434805.5082196,5299294.73606525
2026-06-10 08:45:00,12.2,12.2,12.1,12.1,482050.28578656,5839298.42274099
2026-06-10 09:00:00,12.1,12.6,12.1,12.6,2328414.54609188,28834460.65254243
2026-06-10 09:15:00,12.6,12.9,12.4,12.6,5701114.92888491,72164414.14367989
2026-06-10 09:30:00,12.6,12.7,12.5,12.6,3055067.90943063,38502465.21031664
2026-06-10 09:45:00,12.6,12.6,12.2,12.4,1665291.74140447,20680403.27332775
2026-06-10 10:00:00,12.4,12.5,12.4,12.4,335617.04064076,4164137.79194542
2026-06-10 10:15:00,12.5,12.5,12.2,12.3,1059150.25382442,13017382.54618357
2026-06-10 10:30:00,12.3,12.4,12.2,12.4,485602.58541208,5929895.21238317
2026-06-10 10:45:00,12.3,12.4,12.3,12.3,309037.63083034,3831525.25866265
2026-06-10 11:00:00,12.3,12.5,12.3,12.4,422785.72883671,5200751.03662702
2026-06-10 11:15:00,12.3,12.3,12.2,12.3,944395.27398152,11553824.57221391
2026-06-10 11:30:00,12.2,12.2,12.1,12.1,1540111.80859381,18720430.71215358
2026-06-10 11:45:00,12.2,12.5,12.2,12.4,1249909.86873682,15345501.04390112
2026-06-10 12:00:00,12.5,12.6,12.4,12.4,774485.67147949,9675089.29199151
2026-06-10 12:15:00,12.4,12.5,12.4,12.5,723472.50568922,8988344.5520056
2026-06-10 12:30:00,12.5,12.6,12.4,12.6,384159.24497277,4788163.83303624
2026-06-10 12:45:00,12.6,12.6,12.4,12.4,306063.53165076,3827386.52512635
2026-06-10 13:00:00,12.4,12.6,12.3,12.5,595578.41857069,7337339.26206571
2026-06-10 13:15:00,12.5,12.5,12.3,12.4,646315.41297714,7974364.62863377
2026-06-10 13:30:00,12.4,12.6,12.3,12.6,436037.61609169,5421875.11324805
2026-06-10 13:45:00,12.6,12.6,12.5,12.5,208574.42825538,2611386.7023986
2026-06-10 14:00:00,12.5,12.5,12.5,12.5,531068.21964179,6638352.74552238
2026-06-10 14:15:00,12.5,12.5,12.4,12.5,1110890.54676446,13874068.91401602
2026-06-10 14:30:00,12.6,13.0,12.6,12.7,3896968.70816557,49970884.80932786
2026-06-10 14:45:00,12.7,13.7,12.6,13.3,44396402.20696835,590480658.9435822
2026-06-10 15:00:00,13.1,13.9,13.1,13.9,60372856.54762887,820873242.2598895
2026-06-10 15:15:00,13.7,13.9,12.8,13.0,34328731.1918979,458785511.98328125
2026-06-10 15:30:00,12.9,13.1,12.3,12.5,18472937.73418984,231459481.6328549
2026-06-10 15:45:00,12.6,12.6,12.4,12.4,4420742.87030356,55114327.281985
2026-06-10 16:00:00,12.4,12.5,12.4,12.5,1633221.96400365,20264947.61657061
2026-06-10 16:15:00,12.5,12.6,12.4,12.5,1658213.85022776,20728612.71120267
2026-06-10 16:30:00,12.5,12.5,12.4,12.5,955522.98991992,11851609.62700701
2026-06-10 16:45:00,12.5,12.5,12.3,12.4,919388.73178177,11411698.36629214
2026-06-10 17:00:00,12.4,12.5,12.3,12.5,1469809.12693806,18209742.99062624
2026-06-10 17:15:00,12.5,12.5,12.4,12.4,1168878.86148757,14496886.38511534
2026-06-10 17:30:00,12.4,12.5,12.4,12.4,866759.39066254,10792341.9580086
2026-06-10 17:45:00,12.5,12.6,12.4,12.5,1205299.52797785,15052313.40343584
2026-06-10 18:00:00,12.5,12.5,12.4,12.5,324759.04794987,4031838.28753191
2026-06-10 18:15:00,12.5,12.5,12.4,12.4,240310.8481939,2988913.42091915
2026-06-10 18:30:00,12.4,12.5,12.3,12.4,341891.12657046,4211127.8622105
2026-06-10 18:45:00,12.4,12.4,12.3,12.4,371598.86393387,4577410.01836499
2026-06-10 19:00:00,12.4,12.5,12.3,12.5,899076.97817321,11119200.26605075
2026-06-10 19:15:00,12.5,12.6,12.4,12.5,522052.71838211,6524561.10713257
2026-06-10 19:30:00,12.5,12.5,12.4,12.4,335974.84703647,4197783.6669164
2026-06-10 19:45:00,12.4,12.5,12.4,12.4,276677.43594686,3435980.88040373
2026-06-10 20:00:00,12.5,12.5,12.4,12.4,472087.0333067,5870920.91700308
2026-06-10 20:15:00,12.4,12.5,12.3,12.5,1262806.58586285,15545092.52930717
2026-06-10 20:30:00,12.4,12.4,12.3,12.3,623903.92416437,7721794.67348175
2026-06-10 20:45:00,12.3,12.5,12.3,12.5,814057.32283389,10045810.74940523
2026-06-10 21:00:00,12.4,12.5,12.3,12.5,421985.54630545,5196116.59185005
2026-06-10 21:15:00,12.4,12.5,12.3,12.5,673694.84477263,8318123.32565294
2026-06-10 21:30:00,12.5,12.5,12.3,12.5,842506.80660564,10406766.64954784
2026-06-10 21:45:00,12.4,12.5,12.4,12.4,150107.07807128,1861806.53479355
2026-06-10 22:00:00,12.4,12.5,12.3,12.5,179620.87258182,2227278.3754044
2026-06-10 22:15:00,12.3,12.5,12.2,12.3,2396222.02803932,29468704.215768
2026-06-10 22:30:00,12.3,12.4,12.3,12.4,979320.06862023,12072417.42276974
2026-06-10 22:45:00,12.4,12.5,12.4,12.4,787886.07585318,9770711.96638588
2026-06-10 23:00:00,12.4,12.4,12.4,12.4,13113.70967741,162609.99999988
2026-06-10 23:15:00,12.4,12.5,12.4,12.5,122857.5435306,1523511.05915928
2026-06-10 23:30:00,12.4,12.4,12.4,12.4,9508.48148148,117905.17037035
2026-06-10 23:45:00,12.4,12.4,12.4,12.4,19795.58315288,245465.23109571
2026-06-11 00:00:00,12.4,12.4,12.3,12.3,351000.0,4335805.66093837
2026-06-11 00:15:00,12.5,12.5,12.5,12.5,104454.263132,1305678.28915
2026-06-11 00:30:00,12.4,12.5,12.3,12.5,194883.46534313,2405876.32018275
2026-06-11 00:45:00,12.5,12.5,12.3,12.3,28897.83509454,358291.44683896
2026-06-11 01:00:00,12.4,12.4,12.3,12.4,146532.62038162,1816890.97317369
2026-06-11 01:15:00,12.4,12.4,12.4,12.4,88782.62481661,1100904.54772596
2026-06-11 01:30:00,12.4,12.5,12.4,12.5,132463.4317126,1650546.55323624
2026-06-11 02:15:00,12.5,12.5,12.5,12.5,40000.0,500000.0
2026-06-11 02:45:00,12.4,12.4,12.3,12.4,199580.32437126,2457907.78148757
2026-06-11 03:15:00,12.3,12.3,12.3,12.3,5219.28571428,64197.21428564
2026-06-11 03:45:00,12.3,12.3,12.3,12.3,1000.0,12300.0
2026-06-11 04:00:00,12.3,12.5,12.3,12.5,163992.74345725,2046657.2606953
2026-06-11 04:30:00,12.5,12.5,12.5,12.5,4325.92,54074.0
2026-06-11 05:00:00,12.4,12.5,12.4,12.5,404185.80645162,5012000.00000009
2026-06-11 05:30:00,12.5,12.5,12.5,12.5,644654.76130926,8058184.51636575
2026-06-11 05:45:00,12.5,12.6,12.4,12.5,259687.91347356,3240881.00366243
2026-06-11 06:15:00,12.4,12.6,12.3,12.6,707845.7843,8756547.26324398
2026-06-11 06:45:00,12.4,12.4,12.4,12.4,36933.1452139,457971.00065236
2026-06-11 07:00:00,12.4,12.6,12.4,12.5,726534.89461884,9111945.97778036
2026-06-11 07:15:00,12.5,12.5,12.4,12.4,17754.36129033,221365.00000009
2026-06-11 07:30:00,12.5,12.5,12.4,12.5,114646.15269555,1432655.44215462
2026-06-11 07:45:00,12.5,12.5,12.5,12.5,136141.30424027,1701766.30300338
2026-06-11 08:00:00,12.5,12.5,12.5,12.5,72361.27872063,904515.98400788
2026-06-11 08:15:00,12.4,12.4,12.4,12.4,264700.84649538,3282290.49654271
2026-06-11 08:45:00,12.4,12.4,12.3,12.3,57351.72382462,706914.92583328
2026-06-11 09:00:00,12.5,12.5,12.3,12.5,508028.11863323,6280430.52949767
2026-06-11 09:15:00,12.5,12.6,12.3,12.6,1620273.74183797,20126544.94440218
2026-06-11 09:30:00,12.6,12.6,12.4,12.6,479048.36957312,5966782.98826727
2026-06-11 09:45:00,12.6,12.8,12.6,12.6,359891.41554909,4576224.79058688
2026-06-11 10:00:00,12.8,12.8,12.6,12.7,769970.40938071,9754203.83754417
2026-06-11 10:15:00,12.7,12.9,12.5,12.6,1971544.41995596,25113008.83464358
2026-06-11 10:30:00,12.7,12.9,12.7,12.7,1137218.17161347,14518361.58569308
2026-06-11 10:45:00,12.9,12.9,12.8,12.9,178361.39793066,2287645.25673194
2026-06-11 11:00:00,12.9,13.2,12.9,13.1,2092727.24387516,27291560.28381285
2026-06-11 11:15:00,13.1,13.3,12.9,12.9,2259317.77286003,29700036.04413077
2026-06-11 11:30:00,12.9,13.2,12.7,12.9,2985474.11597981,38641898.04801742
2026-06-11 11:45:00,13.1,13.4,13.1,13.4,8112213.15058831,108043788.77334179
2026-06-11 12:00:00,13.4,14.2,13.0,13.0,46395516.43302222,637636325.6411932
2026-06-11 12:15:00,13.0,13.3,12.7,12.9,17308353.58821361,223403795.8567648
2026-06-11 12:30:00,12.8,13.0,12.8,12.9,2486280.42810763,31892865.94379747
2026-06-11 12:45:00,12.9,13.2,12.8,13.2,2165481.46936123,28113438.67292691
2026-06-11 13:00:00,13.1,13.2,12.9,13.1,2124116.77248219,27537809.05402373
2026-06-11 13:15:00,13.1,13.2,13.0,13.0,742852.43741086,9725785.54063565
2026-06-11 13:30:00,13.0,13.2,13.0,13.0,473466.13673231,6164411.52660901
2026-06-11 13:45:00,13.1,13.2,13.1,13.1,795755.32513424,10464708.91207643
2026-06-11 14:00:00,13.1,13.3,13.1,13.3,1346778.7285444,17787086.30989532
2026-06-11 14:15:00,13.3,13.5,13.2,13.3,1045727.89495829,13919833.34335747
2026-06-11 14:30:00,13.4,13.5,13.1,13.2,2903572.32644723,38550286.55616305
2026-06-11 14:45:00,13.2,13.2,13.0,13.2,333265.74775788,4345747.82899339
2026-06-11 15:00:00,13.2,13.2,12.9,12.9,866652.37705513,11295540.86638591
2026-06-11 15:15:00,12.9,13.2,12.8,13.1,985984.7705485,12862352.62666596
2026-06-11 15:30:00,13.1,13.1,13.0,13.0,578593.53471849,7540600.37863965
2026-06-11 15:45:00,13.0,13.0,12.8,13.0,1340314.91636568,17309321.63617458
2026-06-11 16:00:00,13.0,13.0,12.8,13.0,169203.45800571,2184495.15710957
2026-06-11 16:15:00,13.0,13.1,12.9,13.1,375729.88028427,4868052.10950482
2026-06-11 16:30:00,13.1,13.1,13.0,13.1,105837.07459027,1384975.25929411
2026-06-11 16:45:00,13.1,13.2,12.8,13.2,893957.35821751,11600850.82684168
2026-06-11 17:00:00,13.2,13.8,13.2,13.7,5053373.39240176,68020892.75676613
2026-06-11 17:15:00,13.8,14.3,13.5,14.0,19424356.29668458,270846510.7723848
2026-06-11 17:30:00,14.0,14.5,13.8,14.1,22514743.50660077,318736892.58607465
2026-06-11 17:45:00,14.1,14.3,13.2,13.3,17564684.83530016,239874246.32034567
2026-06-11 18:00:00,13.3,14.1,13.1,13.8,11825009.06736607,161045049.3505079
2026-06-11 18:15:00,13.8,13.9,13.4,13.8,3248731.1136769,44234045.98256047
2026-06-11 18:30:00,13.8,14.2,13.4,13.6,9287612.55310678,128256512.048373
2026-06-11 18:45:00,13.5,14.0,13.5,13.9,7520147.34598246,103299539.11950207
2026-06-11 19:00:00,13.8,14.2,13.4,13.7,11430548.83694378,156767613.0539732
2026-06-11 19:15:00,13.6,13.7,13.2,13.3,3935576.31134674,52512855.76171504
2026-06-11 19:30:00,13.3,13.4,13.2,13.4,1221017.22581458,16222848.83332696
2026-06-11 19:45:00,13.4,13.4,13.1,13.3,1746035.81133355,23140302.72489792
2026-06-11 20:00:00,13.3,13.8,13.0,13.5,3814724.44618725,51306576.16857972
2026-06-11 20:15:00,13.5,13.5,13.3,13.4,844013.19238264,11328250.00512172
2026-06-11 20:30:00,13.4,13.6,12.9,13.2,3754483.65843946,49291418.58466291
2026-06-11 20:45:00,13.1,13.3,12.8,13.3,4043481.91380218,52391968.26433006
2026-06-11 21:00:00,13.4,13.4,13.0,13.0,570728.40811107,7496046.5387062
2026-06-11 21:15:00,13.0,13.4,13.0,13.4,752516.8832905,9883228.83015883
2026-06-11 21:30:00,13.3,13.3,13.1,13.2,183456.44461526,2418923.95541298
2026-06-11 21:45:00,13.2,13.3,13.1,13.3,292225.28296389,3851622.35865294
2026-06-11 22:00:00,13.3,13.3,13.1,13.2,183449.73986937,2409915.75819515
2026-06-11 22:15:00,13.2,13.3,13.1,13.2,353132.78424878,4660162.03410745
2026-06-11 22:30:00,13.2,13.2,12.9,13.0,1457012.56664477,18987670.23401245
2026-06-11 22:45:00,13.0,13.2,13.0,13.2,738754.98695198,9680982.29615923
2026-06-11 23:00:00,13.2,13.3,13.1,13.3,138718.30305355,1832399.49580977
2026-06-11 23:15:00,13.1,13.2,12.9,13.2,3958551.7736559,51517405.5403041
2026-06-11 23:30:00,13.2,13.2,13.1,13.2,136482.93709728,1790212.30765631
2026-06-11 23:45:00,13.1,13.2,13.0,13.1,547619.24050265,7168855.32968271
2026-06-12 00:00:00,13.1,13.2,13.0,13.2,196375.08105386,2582363.36175633
2026-06-12 00:15:00,13.1,13.2,13.1,13.2,133852.01881271,1753948.85932529
2026-06-12 00:30:00,13.1,13.1,13.1,13.1,355114.79022991,4652003.75201182
2026-06-12 00:45:00,13.1,13.2,13.1,13.2,171604.41337567,2251057.53806997
2026-06-12 01:00:00,13.1,13.2,13.1,13.2,93099.33688274,1221177.67680026
2026-06-12 01:15:00,13.2,13.2,13.1,13.1,3876.69172932,50852.33082702
2026-06-12 01:30:00,13.1,13.3,13.1,13.2,1675395.27472248,22123143.28062931
2026-06-12 01:45:00,13.3,13.3,13.3,13.3,7518.79699248,99999.99999998
2026-06-12 02:00:00,13.3,13.4,13.2,13.2,156573.62872075,2082864.45089961
2026-06-12 02:15:00,13.2,13.3,13.2,13.3,259827.90922059,3445517.875396
2026-06-12 02:30:00,13.3,13.3,13.2,13.2,457428.32399781,6070556.30583288
2026-06-12 02:45:00,13.2,13.3,13.1,13.3,76062.67168876,1009205.43123758
2026-06-12 03:00:00,13.2,13.4,13.2,13.4,260077.64361446,3450830.18565277
2026-06-12 03:15:00,13.3,13.4,13.3,13.4,292717.11304795,3917898.03664704
2026-06-12 03:30:00,13.4,13.4,13.4,13.4,111111.985742,1488900.6089428
2026-06-12 03:45:00,13.3,13.3,13.2,13.2,382969.83509561,5056821.11682205
2026-06-12 04:00:00,13.4,13.4,13.4,13.4,909.09090909,12181.81818181
2026-06-12 04:15:00,13.3,13.3,13.3,13.3,64343.84311602,855773.11344307
2026-06-12 04:45:00,13.2,13.3,13.1,13.3,22162.42332377,291911.71500704
2026-06-12 05:15:00,13.2,13.2,13.1,13.1,1131.40547982,14862.88442564
2026-06-12 05:30:00,13.1,13.1,13.1,13.1,2316.34328358,30344.0970149
2026-06-12 05:45:00,13.1,13.1,13.1,13.1,98591.08424953,1291543.20366884
2026-06-12 06:00:00,13.3,13.3,13.3,13.3,3623.2330827,48188.99999991
2026-06-12 06:15:00,13.1,13.1,13.1,13.1,217401.48079183,2847959.39837297
2026-06-12 06:30:00,13.3,13.3,13.1,13.1,63277.14086909,831854.99277324
2026-06-12 06:45:00,13.1,13.2,13.0,13.2,186358.37401092,2441122.62353115
2026-06-12 07:00:00,13.2,13.2,13.2,13.2,69784.59848484,921156.69999989
2026-06-12 07:30:00,13.1,13.1,13.0,13.0,184724.79952306,2403397.28290895
2026-06-12 07:45:00,13.0,13.0,13.0,13.0,335678.63286053,4363822.22718689
2026-06-12 08:00:00,13.0,13.2,13.0,13.2,50120.81699292,658284.21661295
2026-06-12 08:15:00,13.2,13.2,13.0,13.0,120761.30880743,1586041.81996164
2026-06-12 08:30:00,13.1,13.1,13.1,13.1,110212.90076335,1443788.99999989
2026-06-12 08:45:00,13.1,13.1,13.0,13.0,329496.76272202,4300884.9423308
2026-06-12 09:00:00,13.1,14.2,13.1,13.3,27322640.3690754,375286473.1239124
2026-06-12 09:15:00,13.4,13.6,13.3,13.4,3190577.96616289,42868317.17143258
2026-06-12 09:30:00,13.5,13.9,13.4,13.9,3957638.47417365,54022504.16037701
2026-06-12 09:45:00,13.9,13.9,13.6,13.8,2102922.34234485,28988063.03450101
2026-06-12 10:00:00,13.7,13.9,13.5,13.7,2603120.74593267,35683076.5202863
2026-06-12 10:15:00,13.7,13.8,13.5,13.6,1904080.40683138,25830849.45522105
2026-06-12 10:30:00,13.6,13.8,13.6,13.7,585153.90480151,8003847.78127867
2026-06-12 10:45:00,13.6,13.7,13.5,13.7,1161058.46081726,15709362.58571954
2026-06-12 11:00:00,13.7,13.7,13.5,13.6,232683.23831955,3147722.64058967
2026-06-12 11:15:00,13.5,14.0,13.4,14.0,3695535.22498088,50927895.01058259
2026-06-12 11:30:00,14.0,14.2,13.7,13.7,4809112.50639334,67343743.61601606
2026-06-12 11:45:00,13.7,13.7,13.4,13.6,1935012.16910246,26215161.17575981
2026-06-12 12:00:00,13.6,14.0,13.6,13.8,2986532.29721685,41126292.28842427
2026-06-12 12:15:00,13.9,13.9,13.4,13.5,3238512.33249744,43962690.93636
2026-06-12 12:30:00,13.4,13.6,13.4,13.6,616527.51710407,8301467.99577649
2026-06-12 12:45:00,13.5,13.7,13.5,13.7,659350.18774211,8964119.00290975
2026-06-12 13:00:00,13.6,13.8,13.5,13.8,1313074.27050661,18016277.78801887
2026-06-12 13:15:00,13.8,14.0,13.7,13.9,2885329.26268019,39855038.95210079
2026-06-12 13:30:00,13.9,14.1,13.7,13.9,3272663.32188667,45375288.38893514
2026-06-12 13:45:00,13.8,13.8,13.6,13.8,2311596.11557145,31687073.48778616
2026-06-12 14:00:00,13.7,13.8,13.7,13.8,50702.68088771,695830.5313026
2026-06-12 14:15:00,13.8,13.8,13.8,13.8,231612.90180993,3196258.04497703
2026-06-12 14:30:00,13.8,14.9,13.7,14.8,51468279.65750198,755039833.5312918
2026-06-12 14:45:00,14.8,15.1,12.7,12.7,156318921.73706692,2161600685.527269
2026-06-12 15:00:00,12.7,13.1,12.2,12.4,43146418.27303908,547445089.4109753
2026-06-12 15:15:00,12.4,12.7,12.3,12.5,17615002.83493993,219419308.3842284
2026-06-12 15:30:00,12.4,12.8,12.4,12.6,7777444.95841327,98311694.35500242
2026-06-12 15:45:00,12.6,13.0,12.6,12.8,5599272.38809659,71856841.03193587
2026-06-12 16:00:00,12.8,12.9,12.6,12.7,4970915.4378111,63292905.81467392
2026-06-12 16:15:00,12.8,12.8,12.6,12.8,2540621.92147514,32281074.89015869
2026-06-12 16:30:00,12.8,12.9,12.5,12.5,2427649.44154129,30832237.2085292
2026-06-12 16:45:00,12.6,12.7,12.5,12.6,2269802.50723761,28673798.02097123
2026-06-12 17:00:00,12.6,12.7,12.6,12.7,1150149.33339371,14525015.57150009
2026-06-12 17:15:00,12.7,12.8,12.6,12.7,1441354.76039724,18236193.16957598
2026-06-12 17:30:00,12.7,12.7,12.6,12.7,1057176.59050154,13405155.51595063
2026-06-12 17:45:00,12.7,12.7,12.6,12.6,920617.502274,11654584.67504283
2026-06-12 18:00:00,12.7,12.7,12.6,12.6,1100950.62920835,13929237.81979861
2026-06-12 18:15:00,12.6,12.7,12.5,12.5,2210203.41437067,27847538.12834542
2026-06-12 18:30:00,12.6,12.7,12.5,12.6,666656.39975402,8400540.45443305
2026-06-12 18:45:00,12.7,12.7,12.6,12.7,977773.50970959,12417682.57331179
2026-06-12 19:00:00,12.7,12.8,12.6,12.6,254998.21260937,3231540.21878707
2026-06-12 19:15:00,12.7,12.8,12.6,12.7,676724.80125528,8545960.83636548
2026-06-12 19:30:00,12.7,12.8,12.7,12.7,1002164.10875076,12727662.1756659
2026-06-12 19:45:00,12.7,12.8,12.7,12.7,1277872.68808897,16232255.56529242
2026-06-12 20:00:00,12.8,12.8,12.8,12.8,1263719.79858483,16175613.42188582
2026-06-12 20:15:00,12.8,12.9,12.8,12.9,445061.47850485,5697562.11866053
2026-06-12 20:30:00,12.8,12.9,12.8,12.8,517956.74765908,6632541.61112149
2026-06-12 20:45:00,12.8,12.8,12.8,12.8,429853.10258034,5502119.71302835
2026-06-12 21:00:00,12.8,12.9,12.8,12.9,55644.48301162,714497.07030003
2026-06-12 21:15:00,12.8,12.9,12.8,12.9,97043.00206612,1247668.68187269
2026-06-12 21:30:00,12.8,12.9,12.8,12.8,272827.53597188,3519067.87544573
2026-06-12 21:45:00,12.8,12.9,12.8,12.8,2591250.17082954,33171540.98506772
2026-06-12 22:00:00,12.9,12.9,12.8,12.9,511515.41190643,6598485.29496467
2026-06-12 22:15:00,12.8,12.8,12.8,12.8,54556.41928153,698322.16680358
2026-06-12 22:30:00,12.9,12.9,12.7,12.7,2923662.37601375,37142406.72816257
2026-06-12 22:45:00,12.8,12.8,12.7,12.8,589447.04823753,7537316.28933048
2026-06-12 23:00:00,12.8,12.9,12.8,12.8,315101.83345019,4047342.13874962
2026-06-12 23:15:00,12.8,12.9,12.8,12.8,967140.65589685,12418140.71524228
2026-06-12 23:30:00,12.8,12.8,12.5,12.5,3996303.00528654,50461199.89041403
2026-06-12 23:45:00,12.6,12.7,12.5,12.7,768461.33535648,9645078.7568972
2026-06-13 00:00:00,12.7,12.8,12.7,12.7,363172.40210672,4627592.06844233
2026-06-13 00:15:00,12.8,12.8,12.8,12.8,103292.85630621,1322148.56071949
2026-06-13 00:30:00,12.8,12.8,12.7,12.7,9050.24642705,115766.23118604
2026-06-13 00:45:00,12.7,12.7,12.7,12.7,450.0,5715.0
2026-06-13 01:00:00,12.7,12.8,12.6,12.8,122510.16318056,1563153.18068676
2026-06-13 01:15:00,12.8,12.9,12.7,12.9,478450.97923819,6124176.68548783
2026-06-13 01:30:00,12.9,12.9,12.9,12.9,23411.55038759,302008.99999991
2026-06-13 01:45:00,12.9,12.9,12.9,12.9,2472.385,31893.7665
2026-06-13 02:00:00,12.9,12.9,12.8,12.8,3112.88759688,39999.99999975
2026-06-13 02:15:00,12.8,12.8,12.7,12.7,24390.49660852,309810.7131782
2026-06-13 02:30:00,12.7,12.7,12.7,12.7,166983.95672945,2120696.25046402
2026-06-13 02:45:00,12.7,12.7,12.7,12.7,391496.06299214,4972000.00000018
2026-06-13 03:00:00,12.7,12.7,12.6,12.6,137052.0000018,1740520.03711963
2026-06-13 03:15:00,12.6,12.6,12.6,12.6,642.43468816,8094.67707082
2026-06-13 03:30:00,12.7,12.7,12.6,12.6,2049.91056911,25993.17317079
2026-06-13 03:45:00,12.6,12.6,12.6,12.6,13568.5324121,170963.50839246
2026-06-13 04:00:00,12.6,12.6,12.6,12.6,520525.99009634,6558627.47521388
2026-06-13 04:30:00,12.8,12.8,12.8,12.8,29455.81896551,377034.48275853
2026-06-13 04:45:00,12.8,12.8,12.8,12.8,75921.9575,971801.056
2026-06-13 05:00:00,12.7,12.7,12.7,12.7,34560.38734008,438916.91921902
2026-06-13 05:30:00,12.7,12.8,12.6,12.8,210575.51179229,2668007.2185857
2026-06-13 05:45:00,12.7,12.7,12.7,12.7,19685.27559055,250002.99999999
2026-06-13 06:00:00,12.7,12.7,12.7,12.7,15147.17581486,192369.13284872
2026-06-13 06:15:00,12.8,12.8,12.8,12.8,30004.95220163,384063.38818086
2026-06-13 06:30:00,12.8,12.8,12.7,12.7,54328.3045977,692685.88362068
2026-06-13 06:45:00,12.7,12.8,12.7,12.7,355985.40325082,4547539.84695383
2026-06-13 07:00:00,12.7,12.7,12.7,12.7,2935.727328,37283.7370656
2026-06-13 07:15:00,12.7,12.7,12.7,12.7,38222.88264186,485430.60955162
2026-06-13 07:30:00,12.7,12.7,12.7,12.7,232267.41411539,2949796.15926545
2026-06-13 08:00:00,12.6,12.8,12.6,12.7,274040.68154736,3479360.2353458
2026-06-13 08:30:00,12.7,12.7,12.7,12.7,876592.23867529,11132721.43117618
2026-06-13 08:45:00,12.7,12.8,12.7,12.7,2087570.9218957,26540704.33751067
2026-06-13 09:00:00,12.7,12.7,12.5,12.6,2992781.36539235,37611678.75357368
2026-06-13 09:15:00,12.6,12.8,12.6,12.8,894719.27210607,11355323.54662095
2026-06-13 09:30:00,12.7,12.7,12.7,12.7,318663.9607415,4047032.30141705
2026-06-13 09:45:00,12.7,12.7,12.6,12.7,659247.6913642,8367045.68784114
2026-06-13 10:00:00,12.7,12.8,12.7,12.8,1553151.35623966,19877816.39307277
2026-06-13 10:15:00,12.7,12.7,12.6,12.7,1207066.42144336,15291976.61681999
2026-06-13 10:30:00,12.7,12.7,12.7,12.7,370738.39584961,4708377.62729005
2026-06-13 10:45:00,12.6,12.6,12.6,12.6,1536710.05536249,19362546.69756737
2026-06-13 11:00:00,12.6,12.6,12.6,12.6,258656.9935217,3259078.11837342
2026-06-13 11:15:00,12.6,12.6,12.5,12.6,386334.39313218,4864933.73572038
2026-06-13 11:30:00,12.7,12.7,12.7,12.7,147914.23186044,1878510.74462759
2026-06-13 11:45:00,12.7,12.7,12.6,12.7,133266.20154489,1691693.3580453
2026-06-13 12:00:00,12.7,12.8,12.6,12.6,148309.60272657,1893019.15278468
2026-06-13 12:15:00,12.8,12.8,12.6,12.6,1282530.28279362,16160299.04132316
2026-06-13 12:30:00,12.5,12.6,12.5,12.6,853290.18561599,10668995.29890893
2026-06-13 12:45:00,12.6,12.6,12.5,12.6,601958.74561921,7577491.61370336
2026-06-13 13:00:00,12.6,12.7,12.6,12.6,44420.69610532,559779.43238371
2026-06-13 13:15:00,12.6,12.7,12.6,12.7,214039.0038571,2717324.29390009
2026-06-13 13:30:00,12.7,12.7,12.7,12.7,16330.57487004,207398.30084951
2026-06-13 13:45:00,12.6,12.6,12.6,12.6,28352.68216473,357243.7952756
2026-06-13 14:00:00,12.7,12.7,12.6,12.7,199154.35836856,2510671.39575847
2026-06-13 14:15:00,12.7,12.7,12.7,12.7,90797.35925096,1153126.46248719
2026-06-13 14:30:00,12.7,12.8,12.7,12.7,507769.58139153,6448747.17817518
2026-06-13 14:45:00,12.7,12.8,12.7,12.8,419868.45292933,5332408.61124531
2026-06-13 15:00:00,12.8,12.8,12.6,12.7,450120.925057,5704358.3392361
2026-06-13 15:15:00,12.7,12.7,12.7,12.7,20078.74015746,254999.99999974
2026-06-13 15:30:00,12.7,12.7,12.6,12.7,164657.91457471,2089414.37396499
2026-06-13 15:45:00,12.6,12.7,12.6,12.7,1447836.04599638,18251877.71015129
2026-06-13 16:00:00,12.6,12.7,12.6,12.7,167243.1993015,2107307.61828551
2026-06-13 16:15:00,12.7,12.7,12.7,12.7,779938.55470248,9905219.6447215
2026-06-13 16:30:00,12.7,12.7,12.6,12.6,429117.72021175,5408457.60360953
2026-06-13 16:45:00,12.8,12.8,12.8,12.8,2874.64734202,36795.48597786
2026-06-13 17:00:00,12.8,12.8,12.7,12.7,417577.96054681,5311048.69440262
2026-06-13 17:15:00,12.6,12.7,12.6,12.7,573762.59194441,7231759.90807163
2026-06-13 17:30:00,12.6,12.6,12.6,12.6,228039.79915161,2873301.46931029
2026-06-13 17:45:00,12.6,12.7,12.6,12.6,219830.23734701,2769908.23466681
2026-06-13 18:00:00,12.6,12.6,12.6,12.6,583072.36051674,7346711.74251092
2026-06-13 18:15:00,12.7,12.7,12.7,12.7,200422.54463318,2545366.31684139
2026-06-13 18:30:00,12.7,12.7,12.7,12.7,1984.8031496,25206.99999992
2026-06-13 18:45:00,12.6,12.6,12.6,12.6,437726.26892898,5515350.98850515
2026-06-13 19:00:00,12.6,12.6,12.5,12.5,249242.16377079,3140410.97551195
2026-06-13 19:15:00,12.6,12.7,12.5,12.7,256159.77722661,3203320.46024129
2026-06-13 19:30:00,12.6,12.7,12.6,12.7,325549.14024182,4101997.92295244
2026-06-13 20:00:00,12.6,12.6,12.6,12.6,5400.0,68040.0
2026-06-13 20:15:00,12.6,12.6,12.5,12.5,595654.90004286,7501988.13705606
2026-06-13 20:30:00,12.5,12.5,12.5,12.5,74338.73614373,929234.20179663
2026-06-13 20:45:00,12.5,12.5,12.5,12.5,3184.60124821,39807.51560263
2026-06-13 21:00:00,12.5,12.5,12.5,12.5,400.0,5000.0
2026-06-13 21:15:00,12.7,12.7,12.7,12.7,45143.80604973,573326.33683157
2026-06-13 21:30:00,12.7,12.7,12.6,12.6,146718.60919933,1858733.21606904
2026-06-13 21:45:00,12.6,12.6,12.6,12.6,662368.47964356,8345842.84350886
2026-06-13 22:00:00,12.6,12.7,12.6,12.7,51890.3624699,653947.93719948
2026-06-13 22:15:00,12.6,12.6,12.6,12.6,404589.6105081,5097829.09240206
2026-06-13 22:30:00,12.5,12.7,12.5,12.7,270135.57320993,3386883.40710149
2026-06-13 22:45:00,12.7,12.7,12.5,12.5,133837.85192141,1680999.18451319
2026-06-13 23:00:00,12.6,12.6,12.6,12.6,73856.74066883,930594.93242726
2026-06-13 23:15:00,12.6,12.6,12.5,12.5,902.85714284,11330.85714264
2026-06-13 23:30:00,12.6,12.6,12.6,12.6,156039.56507236,1966098.51991174
2026-06-14 00:00:00,12.7,12.7,12.7,12.7,30509.60629921,387471.99999997
2026-06-14 00:45:00,12.6,12.6,12.6,12.6,399.37507812,5032.12598431
2026-06-14 01:15:00,12.7,12.7,12.6,12.6,229858.58038058,2899847.86484841
2026-06-14 01:30:00,12.6,12.6,12.6,12.6,13936.5079365,175599.9999999
2026-06-14 01:45:00,12.6,12.6,12.6,12.6,208591.29958829,2628250.37481245
2026-06-14 02:00:00,12.6,12.6,12.5,12.5,3811.76754337,47728.41968895
2026-06-14 02:15:00,12.6,12.6,12.5,12.6,50275.74919357,633433.89844216
2026-06-14 03:15:00,12.6,12.6,12.6,12.6,58304.89626607,734641.69295248
2026-06-14 03:30:00,12.6,12.6,12.6,12.6,118414.91516146,1492027.9310344
2026-06-14 03:45:00,12.6,12.6,12.5,12.5,1217.90095238,15304.99999999
2026-06-14 04:30:00,12.6,12.6,12.6,12.6,99142.40829499,1249194.34451687
2026-06-14 04:45:00,12.5,12.7,12.5,12.5,60865.38750155,761602.25064219
2026-06-14 05:15:00,12.6,12.6,12.6,12.6,1504.00989981,18950.52473761
2026-06-14 05:45:00,12.6,12.6,12.6,12.6,400.0,5040.0
2026-06-14 06:00:00,12.6,12.6,12.5,12.5,23616.16704281,295241.77057481
2026-06-14 06:30:00,12.6,12.6,12.6,12.6,310458.74136283,3911780.14117166
2026-06-14 06:45:00,12.6,12.7,12.6,12.7,1000.0,12660.0
2026-06-14 07:15:00,12.7,12.7,12.6,12.6,304659.82794128,3868864.22930245
2026-06-14 07:30:00,12.6,12.7,12.6,12.7,558816.67073397,7043247.83849613
2026-06-14 08:00:00,12.7,12.7,12.7,12.7,78700.80707677,999500.24987498
2026-06-14 08:15:00,12.7,12.7,12.7,12.7,787.4015748,9999.99999996
2026-06-14 08:30:00,12.7,12.7,12.6,12.6,79457.36218503,1009068.70447429
2026-06-14 08:45:00,12.6,12.7,12.6,12.7,776154.21760596,9857046.44489458
2026-06-14 09:00:00,12.6,12.8,12.6,12.8,2038742.32914374,25721376.9059608
2026-06-14 09:15:00,12.7,12.9,12.7,12.8,684110.17750545,8701423.78527337
2026-06-14 09:30:00,12.8,12.8,12.7,12.8,140409.35414644,1788635.5353732
2026-06-14 09:45:00,12.8,12.8,12.8,12.8,59527.22060843,761948.4237879
2026-06-14 10:00:00,12.8,12.8,12.7,12.8,197678.7440923,2520915.62980132
2026-06-14 10:15:00,12.8,12.8,12.7,12.7,26505.84622626,337482.44742852
2026-06-14 10:30:00,12.7,12.7,12.7,12.7,90830.33578547,1153545.26447547
2026-06-14 10:45:00,12.8,12.8,12.7,12.7,858885.67251754,10917068.61818415
2026-06-14 11:00:00,12.6,12.7,12.6,12.7,3135.67625636,39665.60814081
2026-06-14 11:15:00,12.6,12.7,12.6,12.6,39247.76784192,494600.53626487
2026-06-14 11:30:00,12.6,12.7,12.6,12.7,426581.22944526,5417502.24887544
2026-06-14 12:00:00,12.6,12.7,12.6,12.7,67218.13449481,848355.846077
2026-06-14 12:15:00,12.7,12.7,12.7,12.7,173796.97619321,2207221.59765377
2026-06-14 12:45:00,12.7,12.8,12.7,12.8,393720.79628762,5000566.53476682
2026-06-14 13:00:00,12.7,12.7,12.7,12.7,1574.8031496,19999.99999992
2026-06-14 13:30:00,12.7,12.7,12.7,12.7,152335.44510938,1934660.15288913
2026-06-14 13:45:00,12.6,12.6,12.6,12.6,515991.26420955,6501489.92904033
2026-06-14 14:15:00,12.5,12.6,12.5,12.6,63515.85916146,794187.21570873
2026-06-14 14:30:00,12.6,12.7,12.5,12.6,1273766.57232168,15974489.96746434
2026-06-14 14:45:00,12.6,12.6,12.6,12.6,333734.70198791,4205057.24504767
2026-06-14 15:00:00,12.6,12.7,12.6,12.6,1289961.97049468,16256776.38942875
2026-06-14 15:15:00,12.6,12.6,12.5,12.5,211712.12144528,2649927.28869161
2026-06-14 15:30:00,12.6,12.6,12.5,12.6,34889.63829023,436679.17704057
2026-06-14 15:45:00,12.6,12.6,12.5,12.5,22543.92007244,283966.43503248
2026-06-14 16:00:00,12.6,12.6,12.5,12.5,873.015873,10956.34920615
2026-06-14 16:30:00,12.6,12.6,12.6,12.6,20303.68570425,255826.43987355
2026-06-14 16:45:00,12.5,12.5,12.5,12.5,40574.46080109,507180.76001363
2026-06-14 17:00:00,12.5,12.6,12.4,12.4,491266.27096305,6136831.26631854
2026-06-14 17:15:00,12.6,12.6,12.6,12.6,466.09031066,5872.73791432
2026-06-14 17:30:00,12.5,12.5,12.5,12.5,1233.0703125,15413.37890625
2026-06-14 17:45:00,12.5,12.5,12.5,12.5,88403.5636865,1105044.54608125
2026-06-14 18:00:00,12.5,12.5,12.5,12.5,45487.45761347,568593.22016838
2026-06-14 18:15:00,12.5,12.6,12.4,12.6,78518.64735082,973988.41732561
2026-06-14 18:30:00,12.5,12.5,12.5,12.5,1273.84307846,15923.03848075
2026-06-14 18:45:00,12.4,12.6,12.4,12.5,713098.25967254,8859144.99944339
2026-06-14 19:00:00,12.5,12.6,12.5,12.5,687056.97852432,8588336.37445081
2026-06-14 19:15:00,12.6,12.6,12.6,12.6,396.82539682,4999.99999993
2026-06-14 19:30:00,12.5,12.6,12.5,12.5,17826.98412697,223000.674603
2026-06-14 19:45:00,12.5,12.5,12.5,12.5,121191.62793478,1514895.34918475
2026-06-14 20:15:00,12.5,12.5,12.5,12.5,138887.27636181,1736090.95452263
2026-06-14 20:30:00,12.6,12.6,12.6,12.6,788.65079365,9936.99999999
2026-06-14 20:45:00,12.6,12.6,12.6,12.6,807.06349206,10168.99999996
2026-06-14 21:00:00,12.5,12.6,12.5,12.6,49740.23403948,621852.9254935
2026-06-14 21:30:00,12.6,12.6,12.5,12.6,181584.4403044,2270247.44824944
2026-06-14 21:45:00,12.6,12.6,12.5,12.5,52257.28321139,653261.15918999
2026-06-14 22:15:00,12.6,12.6,12.6,12.6,176394.10453503,2222565.71714138
2026-06-14 22:30:00,12.5,12.6,12.5,12.5,87641.74134198,1095759.86201285
2026-06-14 22:45:00,12.5,12.5,12.5,12.5,5389.90724731,67373.84059138
2026-06-14 23:00:00,12.5,12.5,12.5,12.5,84056.73703239,1050709.21290488
2026-06-14 23:15:00,12.5,12.6,12.4,12.5,1175935.33811438,14699099.87739868
2026-06-14 23:30:00,12.5,12.6,12.4,12.4,697586.96291187,8691071.87978973
2026-06-14 23:45:00,12.5,12.6,12.4,12.6,148386.27462248,1854829.12005698
2026-06-15 00:30:00,12.6,12.6,12.5,12.5,395392.53266176,4942565.38843073
2026-06-15 01:15:00,12.4,12.6,12.4,12.6,78672.25564786,991050.90634981
2026-06-15 01:30:00,12.4,12.4,12.4,12.4,4953.08118253,61418.20666337
2026-06-15 01:45:00,12.5,12.5,12.5,12.5,970.06185759,12125.77321988
2026-06-15 02:15:00,12.5,12.5,12.5,12.5,1128062.19620692,14100777.4525865
2026-06-15 02:30:00,12.4,12.4,12.4,12.4,621171.76533821,7702529.8901938
2026-06-15 03:15:00,12.4,12.4,12.4,12.4,1096774.19354839,13600000.00000004
2026-06-15 05:15:00,12.4,12.4,12.4,12.4,147738.79189435,1831961.01948994
2026-06-15 05:30:00,12.4,12.4,12.3,12.4,6440.70558115,79467.92380944
2026-06-15 05:45:00,12.3,12.4,12.3,12.4,162182.20279359,2010908.91365054
2026-06-15 06:00:00,12.4,12.4,12.4,12.4,32241.94354435,399800.09994994
2026-06-15 06:15:00,12.4,12.4,12.4,12.4,1174.8751175,14568.451457
2026-06-15 06:30:00,12.5,12.5,12.4,12.5,378492.67741934,4730994.16774175
2026-06-15 06:45:00,12.6,12.6,12.5,12.6,95669.94583263,1205274.71749114
2026-06-15 07:00:00,12.7,12.9,12.6,12.9,1197190.1706147,15302490.03648522
2026-06-15 07:15:00,12.8,12.9,12.8,12.8,68036.63517076,871023.96894542
2026-06-15 07:45:00,12.9,12.9,12.7,12.7,178032.77728187,2274752.31566121
2026-06-15 08:00:00,12.9,12.9,12.7,12.9,209483.22748319,2661353.82077375
2026-06-15 08:15:00,12.9,12.9,12.9,12.9,3875.96899224,49999.9999999
2026-06-15 08:30:00,12.8,12.8,12.7,12.8,31171.16288602,397046.00305129
2026-06-15 08:45:00,12.8,12.8,12.6,12.7,1803094.2223287,22850477.35600774
2026-06-15 09:00:00,12.8,12.8,12.6,12.6,515011.60227193,6524795.26780493
2026-06-15 09:15:00,12.6,12.7,12.5,12.6,481894.15535836,6071831.14561135
2026-06-15 09:30:00,12.5,12.6,12.5,12.5,1218375.16901998,15230215.55382912
2026-06-15 09:45:00,12.5,12.5,12.4,12.4,1442435.74848941,17886243.32126868
2026-06-15 10:00:00,12.5,12.5,12.5,12.5,226175.7185935,2827196.48241875
2026-06-15 10:15:00,12.5,12.5,12.4,12.4,613702.45644324,7613910.45989618
2026-06-15 10:30:00,12.5,12.5,12.4,12.4,936.58645162,11667.00000009
2026-06-15 10:45:00,12.5,12.5,12.5,12.5,4003.45873727,50043.23421588
2026-06-15 11:00:00,12.5,12.5,12.4,12.4,413589.64400456,5169624.23733071
2026-06-15 11:15:00,12.5,12.5,12.4,12.5,43688.93037352,542030.98450771
2026-06-15 11:30:00,12.5,12.6,12.4,12.6,891196.45473951,11207378.36322721
2026-06-15 11:45:00,12.6,12.6,12.6,12.6,46203.89010153,582169.01527928
2026-06-15 12:00:00,12.6,12.7,12.6,12.6,383404.65447712,4832200.40263203
2026-06-15 12:15:00,12.7,12.7,12.6,12.6,594224.30704407,7546251.87406286
2026-06-15 12:30:00,12.6,12.7,12.5,12.7,389857.88082663,4880505.60187615
2026-06-15 13:00:00,12.7,12.7,12.7,12.7,157480.31496062,1999999.99999987
2026-06-15 13:15:00,12.6,12.6,12.5,12.5,9427.12731712,117966.07559098
2026-06-15 13:30:00,12.6,12.7,12.6,12.7,445282.51206544,5618772.4203333
2026-06-15 13:45:00,12.6,12.6,12.6,12.6,907464.91755121,11434057.96114525
2026-06-15 14:00:00,12.6,12.6,12.6,12.6,5469.0,68909.4
2026-06-15 14:30:00,12.7,12.8,12.7,12.7,70384.71257891,893971.82631466
2026-06-15 14:45:00,12.8,12.8,12.6,12.6,20576.96092781,260875.98612491
2026-06-15 15:00:00,12.6,12.6,12.6,12.6,23929.39417322,301510.36658257
2026-06-15 15:15:00,12.7,12.7,12.6,12.6,116280.0,1466128.0
2026-06-15 15:30:00,12.8,12.8,12.6,12.6,225186.36813261,2837919.06064276
2026-06-15 15:45:00,12.6,12.6,12.6,12.6,224340.00741564,2826684.09343706
2026-06-15 16:00:00,12.7,12.7,12.7,12.7,787.4015748,9999.99999996
2026-06-15 16:15:00,12.7,12.7,12.6,12.7,50658.78877778,638588.83970003
2026-06-15 16:30:00,12.6,12.6,12.6,12.6,308947.02399666,3892732.50235792
2026-06-15 16:45:00,12.6,12.6,12.6,12.6,2060.0,25956.0
2026-06-15 17:00:00,12.6,12.7,12.5,12.5,210869.4790205,2664879.73936987
2026-06-15 17:15:00,12.7,12.7,12.5,12.6,685276.82520549,8571080.89722736
2026-06-15 17:30:00,12.5,12.6,12.5,12.5,6752.98218116,84697.99155021
2026-06-15 17:45:00,12.6,12.6,12.6,12.6,16345.08333135,205948.04997501
2026-06-15 18:00:00,12.6,12.6,12.5,12.5,671908.02567208,8411266.49808542
2026-06-15 18:15:00,12.6,12.6,12.5,12.6,86753.57142855,1092294.99999973
2026-06-15 18:30:00,12.5,12.5,12.4,12.5,1526287.95812719,19039289.52240598
2026-06-15 18:45:00,12.5,12.5,12.5,12.5,9673.248,120915.6
2026-06-15 19:00:00,12.5,12.5,12.5,12.5,103023.26836581,1287790.85457263
2026-06-15 19:15:00,12.5,12.5,12.4,12.5,401522.17682611,4980251.72675539
2026-06-15 19:45:00,12.5,12.5,12.5,12.5,32198.94052973,402486.75662163
2026-06-15 20:00:00,12.5,12.5,12.4,12.4,796328.86803566,9878092.52368337
2026-06-15 20:15:00,12.5,12.5,12.4,12.5,333908.88862692,4152569.56328165
2026-06-15 20:30:00,12.5,12.6,12.5,12.6,301192.66233342,3772844.78710426
2026-06-15 20:45:00,12.6,12.6,12.6,12.6,36650.99383297,461802.52229542
2026-06-15 21:00:00,12.6,12.6,12.5,12.6,450760.0325016,5679269.33452016
2026-06-15 21:15:00,12.6,12.6,12.6,12.6,384474.97360559,4844384.66743043
2026-06-15 21:30:00,12.7,12.7,12.6,12.6,4916.53642642,62290.18861919
2026-06-15 21:45:00,12.6,12.6,12.6,12.6,3021.0,38064.6
2026-06-15 22:00:00,12.7,12.7,12.7,12.7,6696.85039369,85049.99999986
2026-06-15 22:15:00,12.7,12.7,12.6,12.7,567659.50501813,7207689.20539712
2026-06-15 22:30:00,12.7,12.7,12.6,12.7,778040.2496237,9875059.95389367
2026-06-15 22:45:00,12.7,12.7,12.6,12.6,26399.91526814,333638.93237856
2026-06-15 23:00:00,12.7,12.8,12.6,12.8,144337.42651749,1830781.90549374
2026-06-15 23:15:00,12.8,12.8,12.8,12.8,8453.01474262,108198.58870554
2026-06-15 23:30:00,12.7,12.7,12.7,12.7,1593.65079365,20239.36507936
2026-06-15 23:45:00,12.7,12.8,12.7,12.8,166099.83332642,2109526.53360785
2026-06-16 00:00:00,12.8,12.8,12.6,12.6,42418.93356639,535089.46921753
2026-06-16 00:30:00,12.6,12.6,12.6,12.6,12700.60928055,160027.67693493
2026-06-16 00:45:00,12.7,12.8,12.7,12.8,85548.24575608,1086536.17422722
2026-06-16 01:00:00,12.8,12.8,12.8,12.8,390.625,5000.0
2026-06-16 01:15:00,12.8,12.8,12.8,12.8,27165.859375,347723.0
2026-06-16 01:30:00,12.7,12.7,12.7,12.7,156960.69720808,1993400.85454262
2026-06-16 02:00:00,12.7,12.8,12.7,12.8,85152.08927064,1081510.27389461
2026-06-16 02:15:00,12.7,12.8,12.7,12.8,42900.7478621,545177.77402308
2026-06-16 02:45:00,12.7,12.8,12.7,12.8,80314.96062991,1020157.48031482
2026-06-16 03:00:00,12.7,12.8,12.7,12.8,233835.25409465,2969747.88448237
2026-06-16 03:15:00,12.6,12.6,12.6,12.6,818.0,10306.8
2026-06-16 04:00:00,12.8,12.8,12.8,12.8,793.65079365,10158.73015872
2026-06-16 04:30:00,12.7,12.7,12.7,12.7,94812.36210141,1204116.99868791
2026-06-16 05:00:00,12.7,12.7,12.7,12.7,30414.31589816,386261.81190663
2026-06-16 06:00:00,12.7,12.7,12.6,12.6,118738.16761816,1507906.03305033
2026-06-16 06:45:00,12.6,12.6,12.6,12.6,62109.95924135,782585.48644101
2026-06-16 07:00:00,12.6,12.6,12.6,12.6,125226.67799957,1577856.14279458
2026-06-16 07:30:00,12.7,12.7,12.6,12.6,1535.58411448,19423.17809642
2026-06-16 07:45:00,12.6,12.6,12.6,12.6,10000.0,126000.0
2026-06-16 08:00:00,12.6,12.7,12.6,12.7,159265.31496062,2022490.99999987
2026-06-16 08:15:00,12.7,12.7,12.7,12.7,115373.99134645,1465249.69009992
2026-06-16 08:30:00,12.7,12.7,12.7,12.7,56432.90571248,716697.9025485
2026-06-16 08:45:00,12.6,12.7,12.6,12.6,70920.24286778,893791.6153997
2026-06-16 09:00:00,12.7,12.7,12.6,12.6,128014.30117417,1616358.14755045
2026-06-16 09:15:00,12.7,12.7,12.7,12.7,26559.36963778,337303.99439981
2026-06-16 09:30:00,12.6,12.7,12.6,12.7,2560.3229292,32456.82092561
2026-06-16 09:45:00,12.7,12.7,12.7,12.7,2610.62992125,33154.99999988
2026-06-16 10:00:00,12.7,12.7,12.7,12.7,87314.21690729,1108890.55472258
2026-06-16 10:15:00,12.7,12.7,12.6,12.6,586802.59366441,7452314.19938053
2026-06-16 10:30:00,12.6,12.8,12.6,12.7,85745.53018067,1086207.40352154
2026-06-16 10:45:00,12.7,12.7,12.6,12.7,17952.27251334,227240.4895736
2026-06-16 11:00:00,12.6,12.7,12.6,12.7,491565.74038226,6240910.89501369
2026-06-16 11:15:00,12.7,12.7,12.5,12.6,1087534.31164491,13693317.29324261
2026-06-16 11:30:00,12.5,12.6,12.4,12.6,745426.6157986,9318598.92302075
2026-06-16 11:45:00,12.5,12.6,12.5,12.6,250710.97445601,3133933.70589698
2026-06-16 12:00:00,12.5,12.6,12.5,12.6,55650.18522846,699958.43465872
2026-06-16 12:15:00,12.6,12.7,12.6,12.7,241702.04355902,3045726.99731047
2026-06-16 12:45:00,12.7,12.7,12.7,12.7,1570.86810924,19950.02498735
2026-06-16 13:00:00,12.7,12.7,12.6,12.7,8277.49389271,104731.32948881
2026-06-16 13:15:00,12.6,12.6,12.6,12.6,102739.49929585,1294517.69112771
2026-06-16 13:30:00,12.5,12.5,12.4,12.4,625019.21035926,7755718.14048881
2026-06-16 13:45:00,12.4,12.5,12.4,12.5,180125.5978293,2236088.15708332
2026-06-16 14:00:00,12.5,12.5,12.4,12.5,446927.56119989,5553889.33908453
2026-06-16 14:15:00,12.5,12.5,12.3,12.5,1774625.68106207,21970791.43611392
2026-06-16 14:30:00,12.4,12.4,12.3,12.4,648748.7059499,7997380.82025725
2026-06-16 14:45:00,12.4,12.5,12.3,12.5,211265.1731445,2605605.16547405
2026-06-16 15:00:00,12.5,12.5,12.5,12.5,1211.36,15142.0
2026-06-16 15:15:00,12.5,12.5,12.5,12.5,281935.76,3524197.0
2026-06-16 15:30:00,12.4,12.5,12.4,12.5,2281.7773004,28336.05719816
2026-06-16 15:45:00,12.5,12.5,12.4,12.5,4457.95922852,55392.10713206
2026-06-16 16:00:00,12.5,12.5,12.5,12.5,533645.52,6670569.0
2026-06-16 16:15:00,12.5,12.5,12.5,12.5,528.61111111,6607.63888888
2026-06-16 16:45:00,12.4,12.5,12.4,12.4,727785.63991052,9024640.71266823
2026-06-16 17:00:00,12.5,12.5,12.5,12.5,107445.27722724,1343065.9653405
2026-06-16 17:15:00,12.6,12.6,12.6,12.6,707317.13508324,8912195.90204882
2026-06-16 17:30:00,12.5,12.6,12.5,12.6,119500.86996669,1504639.85248394
2026-06-16 18:00:00,12.6,12.6,12.5,12.6,9041.13492063,113137.04999994
2026-06-16 18:15:00,12.6,12.6,12.6,12.6,72369.78410019,911859.27966239
2026-06-16 19:00:00,12.5,12.6,12.5,12.6,105029.4551245,1312910.58905625
2026-06-16 19:15:00,12.6,12.6,12.6,12.6,79325.41665675,999500.24987505
2026-06-16 19:30:00,12.6,12.6,12.5,12.5,17334.58417849,216722.30223113
2026-06-16 19:45:00,12.6,12.6,12.6,12.6,408.0,5140.8
2026-06-16 20:00:00,12.6,12.6,12.6,12.6,44920.19047619,565994.39999999
2026-06-16 20:15:00,12.5,12.5,12.5,12.5,476.19047619,5952.38095238
2026-06-16 20:30:00,12.6,12.6,12.4,12.5,265215.36135667,3310193.43295838
2026-06-16 20:45:00,12.5,12.5,12.5,12.5,7791.96538012,97399.5672515
2026-06-16 21:15:00,12.6,12.6,12.6,12.6,273910.79365079,3451275.99999995
2026-06-16 21:30:00,12.5,12.5,12.5,12.5,205762.3741799,2572029.67724875
2026-06-16 21:45:00,12.5,12.6,12.5,12.6,410837.72891599,5135598.30192607
2026-06-16 22:00:00,12.5,12.5,12.5,12.5,69971.00903417,874637.61292713
2026-06-16 22:15:00,12.4,12.5,12.4,12.5,1161308.00020477,14400388.81853915
2026-06-16 22:30:00,12.5,12.5,12.5,12.5,400.0,5000.0
2026-06-16 22:45:00,12.5,12.5,12.4,12.4,142979.27036481,1786240.87956013
2026-06-16 23:00:00,12.4,12.4,12.4,12.4,74276.8051613,921032.38400012
2026-06-16 23:15:00,12.4,12.4,12.4,12.4,512442.15056984,6354282.66706602
2026-06-16 23:30:00,12.4,12.6,12.4,12.5,594029.54415068,7445102.34273024
2026-06-16 23:45:00,12.4,12.4,12.3,12.3,646048.9963278,7959499.28030952
2026-06-17 00:00:00,12.3,12.4,12.2,12.4,1279944.97918541,15741130.88417029
2026-06-17 00:15:00,12.4,12.4,12.3,12.3,25379.59034904,312249.60645448
2026-06-17 00:30:00,12.4,12.4,12.3,12.3,3570.48255965,44078.22580628
2026-06-17 00:45:00,12.3,12.4,12.3,12.4,359116.13733512,4417291.31103687
2026-06-17 01:00:00,12.3,12.3,12.3,12.3,178065.12743628,2190201.06746624
2026-06-17 01:15:00,12.4,12.4,12.3,12.3,15359.58339495,190416.77527385
2026-06-17 01:30:00,12.4,12.4,12.4,12.4,20967.33891118,259995.00249863
2026-06-17 01:45:00,12.4,12.4,12.3,12.4,1603.69888238,19806.1575436
2026-06-17 02:00:00,12.4,12.4,12.4,12.4,293942.96085827,3644892.71464255
2026-06-17 02:15:00,12.4,12.4,12.3,12.3,5133.37367101,63188.8832502
2026-06-17 02:30:00,12.3,12.3,12.3,12.3,1746.09256681,21476.93857176
2026-06-17 02:45:00,12.4,12.4,12.4,12.4,414.63414634,5141.46341462
2026-06-17 03:00:00,12.4,12.4,12.4,12.4,40322.58064515,499999.99999986
2026-06-17 04:00:00,12.4,12.4,12.3,12.3,1619.84201447,20004.04097943
2026-06-17 04:15:00,12.4,12.4,12.4,12.4,414.63414634,5141.46341462
2026-06-17 04:45:00,12.3,12.4,12.3,12.4,29400.14139271,361663.20254497
2026-06-17 05:30:00,12.4,12.4,12.4,12.4,250024.63308436,3100305.45024606
2026-06-17 05:45:00,12.4,12.5,12.4,12.5,818.54838709,10191.12903217
2026-06-17 07:30:00,12.4,12.4,12.4,12.4,184214.50691976,2284259.88580502
2026-06-17 07:45:00,12.4,12.4,12.4,12.4,2403.0,29797.2
2026-06-17 08:00:00,12.5,12.5,12.5,12.5,581867.74476108,7273346.8095135
2026-06-17 08:15:00,12.4,12.4,12.4,12.4,269203.96034,3338129.108216
2026-06-17 08:30:00,12.5,12.5,12.4,12.4,102484.69958569,1271026.48675661
2026-06-17 08:45:00,12.5,12.5,12.5,12.5,12945.68232258,161821.02903225
2026-06-17 09:00:00,12.4,12.5,12.4,12.4,406344.96953888,5039599.1775045
2026-06-17 09:15:00,12.4,12.4,12.4,12.4,397445.97729074,4928330.11840518
2026-06-17 09:30:00,12.5,12.6,12.5,12.6,781945.99257436,9790473.38056186
2026-06-17 09:45:00,12.6,12.6,12.6,12.6,15865.08333135,199900.04997501
2026-06-17 10:00:00,12.6,12.6,12.6,12.6,13414.72121082,169025.48725633
2026-06-17 10:15:00,12.5,12.5,12.5,12.5,56635.76634339,707947.07929238
2026-06-17 10:30:00,12.5,12.5,12.5,12.5,16957.06001619,211963.25020238
2026-06-17 10:45:00,12.6,12.6,12.6,12.6,79299.23926925,999170.41479255
2026-06-17 11:00:00,12.6,12.6,12.6,12.6,1587.3015873,19999.99999998
2026-06-17 11:15:00,12.6,12.6,12.6,12.6,574.23669117,7235.38230874
2026-06-17 11:45:00,12.6,12.6,12.4,12.4,563940.47781746,7009030.14715098
2026-06-17 12:00:00,12.4,12.5,12.4,12.5,425370.67897909,5316841.5281743
2026-06-17 12:30:00,12.5,12.5,12.5,12.5,241100.80907546,3013760.11344325
2026-06-17 12:45:00,12.4,12.4,12.4,12.4,1118.96,13875.104
2026-06-17 13:15:00,12.5,12.5,12.5,12.5,145064.90309082,1813311.28863525
2026-06-17 13:45:00,12.5,12.5,12.5,12.5,80645.16129032,1008064.516129
2026-06-17 14:15:00,12.5,12.5,12.5,12.5,72464.80033745,905810.00421813
2026-06-17 15:15:00,12.5,12.5,12.5,12.5,121918.08472257,1523976.05903213
2026-06-17 15:30:00,12.6,12.6,12.6,12.6,1000.0,12600.0
2026-06-17 15:45:00,12.5,12.5,12.5,12.5,677275.56202805,8465944.52535063
2026-06-17 16:00:00,12.5,12.5,12.5,12.5,90484.93942134,1131061.74276675
2026-06-17 16:45:00,12.4,12.4,12.4,12.4,15865.08333135,196727.03330874
2026-06-17 17:00:00,12.5,12.5,12.5,12.5,3998.0009995,49975.01249375
2026-06-17 17:30:00,12.5,12.5,12.4,12.4,398049.41407248,4936172.73449875
2026-06-17 17:45:00,12.5,12.5,12.4,12.4,3972.88916509,49362.34564712
2026-06-17 18:00:00,12.4,12.4,12.4,12.4,1019046.10350061,12636171.68340756
2026-06-17 18:15:00,12.5,12.5,12.5,12.5,597.52,7469.0
2026-06-17 18:30:00,12.4,12.4,12.4,12.4,77978.03016198,966927.57400855
2026-06-17 19:15:00,12.4,12.4,12.4,12.4,5101.21583775,63255.0763881
2026-06-17 19:45:00,12.4,12.4,12.4,12.4,126854.2131151,1572992.24262724
2026-06-17 20:00:00,12.3,12.4,12.3,12.4,1623.99380034,20016.58715882
2026-06-17 20:15:00,12.4,12.5,12.3,12.4,689856.77668124,8503314.48456441
2026-06-17 20:30:00,12.4,12.4,12.4,12.4,36919.43924059,457801.04658332
2026-06-17 20:45:00,12.3,12.3,12.2,12.3,193332.16313652,2377900.77607072
2026-06-17 21:00:00,12.2,12.3,12.2,12.3,55544.22793534,682986.49602892
2026-06-17 21:15:00,12.3,12.4,12.2,12.3,288142.14093411,3544266.85988882
2026-06-17 21:30:00,12.3,12.3,12.2,12.2,18433.63842817,226632.1942582
2026-06-17 21:45:00,12.3,12.3,12.3,12.3,4541.32606721,55858.31062668
2026-06-17 22:15:00,12.4,12.4,12.3,12.3,7804.87804879,96141.12903237
2026-06-17 22:30:00,12.5,12.5,12.4,12.4,2000.0,24900.0
2026-06-17 23:15:00,12.3,12.3,12.3,12.3,24390.24390244,300000.00000001
2026-06-17 23:45:00,12.4,12.4,12.4,12.4,407.25806451,5049.99999992
2026-06-18 00:15:00,12.4,12.4,12.4,12.4,744.29435483,9229.24999989
2026-06-18 00:45:00,12.3,12.5,12.3,12.5,265206.07826368,3301313.71146963
2026-06-18 01:00:00,12.5,12.5,12.4,12.4,27148.08,336676.2
2026-06-18 01:15:00,12.4,12.4,12.4,12.4,1401.7094017,17381.19658108
2026-06-18 01:30:00,12.4,12.5,12.4,12.4,7127.7680645,88787.54980625
2026-06-18 01:45:00,12.4,12.4,12.4,12.4,1614.80999999,20023.64399988
2026-06-18 02:00:00,12.4,12.4,12.4,12.4,1815.35999999,22510.46399988
2026-06-18 02:15:00,12.4,12.4,12.4,12.4,1788.61788618,22178.86178863
2026-06-18 03:00:00,12.4,12.5,12.4,12.5,17590.49024497,219002.07903763
2026-06-18 03:45:00,12.5,12.5,12.5,12.5,65372.12106954,817151.51336925
2026-06-18 04:15:00,12.4,12.6,12.4,12.4,101667.09130549,1260754.19025259
2026-06-18 04:30:00,12.6,12.6,12.6,12.6,2482.95533333,31285.23719996
2026-06-18 04:45:00,12.4,12.6,12.4,12.6,224330.79426638,2781906.57906184
2026-06-18 05:15:00,12.5,12.5,12.5,12.5,328647.28,4108091.0
2026-06-18 05:30:00,12.3,12.4,12.3,12.4,1164786.57052351,14326996.26098756
2026-06-18 05:45:00,12.4,12.4,12.4,12.4,423.62903225,5252.9999999
2026-06-18 06:00:00,12.4,12.4,12.4,12.4,806.4516129,9999.99999996
2026-06-18 06:15:00,12.3,12.4,12.3,12.4,324544.47032547,3991939.29951941
2026-06-18 06:30:00,12.4,12.4,12.4,12.4,256036.90090438,3174857.57121431
2026-06-18 06:45:00,12.3,12.3,12.3,12.3,1653.22580644,20334.67741921
2026-06-18 07:00:00,12.3,12.4,12.2,12.4,629556.40539286,7773017.43557625
2026-06-18 07:30:00,12.3,12.3,12.3,12.3,11382.11382114,140000.00000002
2026-06-18 07:45:00,12.3,12.3,12.2,12.2,834904.45912382,10212720.88947709
2026-06-18 08:15:00,12.3,12.3,12.2,12.2,11539.20750096,141200.79656797
2026-06-18 08:45:00,12.3,12.4,12.3,12.4,6476.98072382,79866.99999976
2026-06-18 09:00:00,12.4,12.5,12.4,12.5,840144.66570946,10444917.2867973
2026-06-18 09:15:00,12.4,12.4,12.4,12.4,400287.45804516,4963564.47975998
2026-06-18 09:30:00,12.3,12.5,12.3,12.5,82814.81712141,1026933.13860354
2026-06-18 09:45:00,12.4,12.5,12.4,12.5,113304.51866903,1405017.16052823
2026-06-18 10:00:00,12.4,12.4,12.4,12.4,2084.889512,25852.6299488
2026-06-18 10:15:00,12.4,12.5,12.3,12.3,8308.19195968,103061.56692474
2026-06-18 10:30:00,12.5,12.5,12.5,12.5,414.63414634,5182.92682925
2026-06-18 11:15:00,12.4,12.4,12.3,12.4,500821.78739994,6160416.43535562
2026-06-18 11:30:00,12.2,12.4,12.2,12.4,341867.91208871,4238586.91457904
2026-06-18 12:00:00,12.4,12.4,12.3,12.4,286489.50999458,3538851.64401833
2026-06-18 12:15:00,12.3,12.4,12.3,12.4,19178.33464463,235948.51612895
2026-06-18 12:30:00,12.3,12.3,12.3,12.3,297234.85265314,3655988.68763362
2026-06-18 12:45:00,12.3,12.4,12.2,12.2,546192.94622742,6717489.08293088
2026-06-18 13:00:00,12.4,12.4,12.2,12.2,121385.57504131,1500799.79368575
2026-06-18 13:15:00,12.3,12.3,12.2,12.2,12421.95920303,152547.90227697
2026-06-18 13:45:00,12.3,12.3,12.3,12.3,138961.5761225,1709227.38630675
2026-06-18 14:00:00,12.3,12.3,12.3,12.3,9174.1933911,112842.57871053
2026-06-18 14:30:00,12.3,12.3,12.3,12.3,184197.57600874,2265630.1849075
2026-06-18 14:45:00,12.3,12.4,12.3,12.3,283184.76779083,3483255.57065648
2026-06-18 15:00:00,12.4,12.4,12.4,12.4,414.63414634,5141.46341462
2026-06-18 15:30:00,12.3,12.3,12.3,12.3,3840.08279857,47233.01842241
2026-06-18 16:00:00,12.2,12.3,12.2,12.3,326183.36794399,3987435.40547265
2026-06-18 16:15:00,12.3,12.3,12.3,12.3,218720.9676112,2690267.90161776
2026-06-18 16:30:00,12.4,12.4,12.4,12.4,414.63414634,5141.46341462
2026-06-18 17:00:00,12.2,12.3,12.2,12.3,379971.10449191,4635823.44467097
2026-06-18 17:15:00,12.2,12.3,12.2,12.3,55812.30141123,683687.9078139
2026-06-18 17:45:00,12.2,12.3,12.2,12.3,52826.90510384,644620.22466275
2026-06-18 18:00:00,12.2,12.2,12.2,12.2,111809.56263016,1364076.66408795
2026-06-18 18:30:00,12.3,12.3,12.3,12.3,418.03278688,5141.80327862
2026-06-18 18:45:00,12.3,12.3,12.1,12.3,419481.3118131,5117760.75484212
2026-06-18 19:00:00,12.2,12.3,12.0,12.2,692773.58755333,8374942.07457096
2026-06-18 19:15:00,12.0,12.2,12.0,12.2,291783.19492798,3559258.38705469
2026-06-18 19:30:00,12.2,12.2,12.2,12.2,285003.18246479,3477038.82607044
2026-06-18 19:45:00,12.2,12.2,12.2,12.2,97409.12291817,1188391.29960167
2026-06-18 20:00:00,12.2,12.2,12.2,12.2,48086.37003812,586653.71446506
2026-06-18 20:15:00,12.2,12.3,12.2,12.3,574764.25699525,7019691.27362413
2026-06-18 20:30:00,12.3,12.3,12.1,12.3,7171.27252032,87422.80399994
2026-06-18 20:45:00,12.3,12.3,12.3,12.3,11645.52845528,143239.99999994
2026-06-18 21:15:00,12.2,12.2,12.2,12.2,17204.47153471,209894.55272346
2026-06-18 21:30:00,12.1,12.2,12.0,12.2,197026.23446552,2384139.69645902
2026-06-18 22:00:00,12.1,12.2,12.1,12.2,2941.5340955,35674.52976866
2026-06-18 22:15:00,12.2,12.2,12.2,12.2,1393.44262294,16999.99999987
2026-06-18 23:15:00,12.2,12.2,12.2,12.2,67338.85963382,821534.0875326
2026-06-18 23:30:00,12.2,12.2,12.2,12.2,115895.37058817,1413923.52117567
2026-06-18 23:45:00,12.2,12.2,12.2,12.2,97537.82721068,1189961.4919703
2026-06-19 00:00:00,12.2,12.2,12.2,12.2,301403.45636258,3677122.16762348
2026-06-19 00:15:00,12.2,12.2,12.1,12.1,108425.25255457,1311986.55999842
2026-06-19 00:30:00,12.1,12.1,12.1,12.1,288729.39722906,3493625.70647163
2026-06-19 00:45:00,12.0,12.1,12.0,12.1,453416.65459417,5441418.25601434
2026-06-19 01:00:00,12.1,12.1,11.7,12.0,1458929.14198497,17315060.7525365
2026-06-19 01:15:00,11.8,12.0,11.8,12.0,3779.91666666,45158.99999992
2026-06-19 01:45:00,11.9,12.0,11.9,12.0,12676.83939714,151118.02498734
2026-06-19 02:00:00,11.8,12.0,11.8,12.0,2457.56186395,29326.80794117
2026-06-19 03:15:00,11.8,12.0,11.8,12.0,53009.17106656,635783.13112913
2026-06-19 04:45:00,12.0,12.0,11.9,12.0,7400.38885151,88586.03182655
2026-06-19 05:15:00,12.0,12.0,12.0,12.0,833.33333333,9999.99999996
2026-06-19 05:30:00,11.8,12.0,11.8,12.0,827063.70083012,9846549.80497734
2026-06-19 05:45:00,12.0,12.0,12.0,12.0,26874.0,322488.0
2026-06-19 06:15:00,12.0,12.1,12.0,12.1,32780.02220662,393407.65935276
2026-06-19 06:45:00,11.9,12.1,11.9,12.1,3305.78512397,39504.13223144
2026-06-19 07:00:00,11.9,12.1,11.9,12.0,17573.13878098,209960.30999986
2026-06-19 07:15:00,12.0,12.0,12.0,12.0,20128.3075,241539.69
2026-06-19 07:30:00,11.9,12.1,11.9,12.1,86805.36526056,1033149.13585686
2026-06-19 07:45:00,12.1,12.1,11.9,12.0,242763.84058789,2889194.82649316
2026-06-19 08:00:00,11.9,11.9,11.6,11.7,1425376.92283045,16751898.29497395
2026-06-19 08:15:00,11.6,11.7,11.5,11.7,190992.00717193,2216803.3376616
2026-06-19 08:30:00,11.7,11.7,11.6,11.7,389713.44612388,4559558.340114
2026-06-19 08:45:00,11.7,11.7,11.7,11.7,495.47875634,5797.10144918
2026-06-19 09:00:00,11.6,11.8,11.6,11.7,718322.4323555,8393337.00390191
2026-06-19 09:15:00,11.6,11.7,11.4,11.6,1713794.85907482,19752146.79566124
2026-06-19 09:30:00,11.6,11.7,11.5,11.7,503150.34052471,5836670.68369226
2026-06-19 09:45:00,11.6,11.7,11.5,11.7,70264.49430734,815152.08979299
2026-06-19 10:00:00,11.5,11.8,11.5,11.8,372307.7864882,4355827.98241377
2026-06-19 10:15:00,11.8,11.8,11.8,11.8,20000.0,236000.0
2026-06-19 10:30:00,11.7,11.7,11.7,11.7,512.56410256,5996.99999995
2026-06-19 10:45:00,11.7,11.8,11.7,11.8,2236.95844385,26223.69584433
2026-06-19 11:00:00,11.8,11.8,11.8,11.8,20000.0,236000.0
2026-06-19 11:30:00,11.7,11.7,11.7,11.7,35190.09725906,411724.137931
2026-06-19 11:45:00,11.7,11.7,11.7,11.7,94363.92914653,1104057.9710144
2026-06-19 12:00:00,11.7,11.8,11.5,11.7,584246.83503414,6781425.38294566
2026-06-19 12:15:00,11.7,11.8,11.7,11.7,494956.86347358,5791055.43495746
2026-06-19 12:30:00,11.8,11.8,11.7,11.7,39530.00872444,466410.18990491
2026-06-19 12:45:00,11.8,11.8,11.7,11.8,35870.65809438,423193.30987374
2026-06-19 13:00:00,11.8,11.8,11.8,11.8,24128.77966097,284719.59999945
2026-06-19 13:15:00,11.8,11.8,11.8,11.8,34938.20338983,412270.79999999
2026-06-19 13:30:00,11.7,11.8,11.7,11.7,401569.19048201,4698416.93541918
2026-06-19 13:45:00,11.6,11.7,11.6,11.6,93618.50670251,1094093.0700489
2026-06-19 14:15:00,11.6,11.8,11.6,11.8,57320.61988905,665247.60596722
2026-06-19 14:30:00,11.7,11.8,11.6,11.6,585696.33145617,6794939.09423244
2026-06-19 14:45:00,11.5,11.6,11.5,11.6,1014341.3450599,11693405.58766472
2026-06-19 15:00:00,11.6,11.6,11.5,11.6,42133.66185506,488689.59223282
2026-06-19 15:15:00,11.5,11.6,11.5,11.6,4457.75730551,51350.41590992
2026-06-19 15:30:00,11.6,11.6,11.6,11.6,81036.55069017,940023.98800597
2026-06-19 15:45:00,11.6,11.6,11.6,11.6,862.06896551,9999.99999992
2026-06-19 16:00:00,11.5,11.6,11.5,11.6,18074.22641954,207939.81072126
2026-06-19 16:15:00,11.6,11.6,11.6,11.6,4073.63793101,47254.19999972
2026-06-19 16:30:00,11.6,11.6,11.6,11.6,164841.10113641,1912156.77318236
2026-06-19 16:45:00,11.6,11.6,11.6,11.6,53193.18555094,617040.9523909
2026-06-19 17:15:00,11.6,11.6,11.6,11.6,142780.9662826,1656259.20887816
2026-06-19 17:30:00,11.6,11.6,11.6,11.6,21172.54310344,245601.4999999
2026-06-19 18:00:00,11.6,11.6,11.6,11.6,20237.8149768,234758.65373088
2026-06-19 18:15:00,11.7,11.7,11.7,11.7,125760.87981649,1471402.29385293
2026-06-19 18:30:00,11.8,11.8,11.8,11.8,927.37288135,10942.99999993
2026-06-19 18:45:00,11.7,11.7,11.7,11.7,7354.35700952,86045.97701138
2026-06-19 19:00:00,11.6,11.7,11.5,11.7,203799.52765389,2356576.49956999
2026-06-19 19:30:00,11.7,11.7,11.7,11.7,2063.98290597,24148.59999985
2026-06-19 20:15:00,11.5,11.7,11.5,11.7,291978.95171714,3392287.85927702
2026-06-19 20:45:00,11.7,11.7,11.7,11.7,170940.17094017,1999999.99999999
2026-06-19 21:00:00,11.6,11.6,11.5,11.6,684144.68749316,7870546.86486789
2026-06-19 21:15:00,11.5,11.6,11.5,11.6,3003.49210985,34755.76271155
2026-06-19 21:30:00,11.6,11.6,11.6,11.6,500.0,5800.0
2026-06-19 21:45:00,11.6,11.6,11.6,11.6,1618.92532182,18779.53373311
2026-06-19 22:00:00,11.6,11.6,11.5,11.6,11236.82182877,130215.4165481
2026-06-19 22:30:00,11.6,11.6,11.4,11.6,278714.61430038,3205169.56235773
2026-06-19 22:45:00,11.4,11.6,11.4,11.6,70802.04626231,814655.12733133
2026-06-19 23:00:00,11.6,11.7,11.6,11.7,254166.20742765,2950208.34804108
2026-06-19 23:15:00,11.7,11.7,11.6,11.6,25845.00649775,300175.9003739
2026-06-19 23:45:00,11.6,11.7,11.5,11.7,54648.75455695,632084.38202066
2026-06-20 00:45:00,11.7,11.7,11.5,11.7,49697.32441473,580850.00000016
2026-06-20 01:15:00,11.6,11.6,11.6,11.6,862.06896552,10000.00000003
2026-06-20 01:45:00,11.7,11.7,11.7,11.7,2564.1025641,29999.99999997
2026-06-20 02:15:00,11.5,11.7,11.5,11.7,174631.50656946,2008433.26571973
2026-06-20 02:30:00,11.5,11.7,11.5,11.7,169242.32098868,1963121.93710777
2026-06-20 02:45:00,11.7,11.7,11.7,11.7,7132.39316239,83448.99999996
2026-06-20 03:00:00,11.5,11.7,11.5,11.7,7987.09401709,92022.52136748
2026-06-20 03:15:00,11.7,11.7,11.7,11.7,75958.61380502,888715.78151873
2026-06-20 04:15:00,11.5,11.7,11.5,11.7,169197.59312861,1962980.85278797
2026-06-20 04:45:00,11.7,11.7,11.5,11.5,144300.47210603,1675034.55977839
2026-06-20 05:00:00,11.7,11.7,11.5,11.7,85723.78750961,994712.51583181
2026-06-20 05:15:00,11.5,11.7,11.5,11.7,3890.92307692,45257.99999996
2026-06-20 05:45:00,11.5,11.7,11.5,11.7,10854.7008547,124999.99999999
2026-06-20 06:15:00,11.7,11.7,11.7,11.7,87019.39628476,1018126.93653169
2026-06-20 06:30:00,11.7,11.7,11.7,11.7,512.82051282,5999.99999999
2026-06-20 06:45:00,11.7,11.7,11.7,11.7,36536.75213675,427479.99999998
2026-06-20 07:15:00,11.7,11.7,11.7,11.7,512.82051282,5999.99999999
2026-06-20 07:30:00,11.7,11.7,11.7,11.7,340899.23076922,3988520.99999987
2026-06-20 07:45:00,11.6,11.7,11.6,11.7,16709.4017094,193999.99999998
2026-06-20 08:00:00,11.7,11.7,11.7,11.7,9399.20388984,109970.68551113
2026-06-20 08:15:00,11.8,11.8,11.8,11.8,48602.05490475,573504.24787605
2026-06-20 08:45:00,11.8,11.8,11.8,11.8,16255.16949152,191810.99999994
2026-06-20 09:00:00,11.8,11.8,11.8,11.8,86440.67796608,1019999.99999974
2026-06-20 09:15:00,11.7,11.7,11.7,11.7,1822.02665471,21317.71186011
2026-06-20 09:30:00,11.7,11.7,11.7,11.7,853.84615384,9989.99999993
2026-06-20 09:45:00,11.8,11.8,11.7,11.7,5122.50478852,60015.63389454
2026-06-20 10:00:00,11.7,11.8,11.6,11.8,3325.69505845,38924.11337062
2026-06-20 10:15:00,11.8,11.8,11.8,11.8,1316.66666666,15536.66666659
2026-06-20 10:45:00,11.8,11.8,11.8,11.8,56429.41241243,665867.06646667
2026-06-20 11:00:00,11.6,11.8,11.6,11.8,164830.48989056,1928421.90173763
2026-06-20 11:45:00,11.6,11.6,11.6,11.6,1383.28088119,16046.0582218
2026-06-20 12:00:00,11.6,11.7,11.6,11.7,58825.88921442,682462.77792926
2026-06-20 13:15:00,11.6,11.6,11.6,11.6,2564.1025641,29743.58974356
2026-06-20 14:15:00,11.7,11.7,11.7,11.7,61424.78756851,718670.01455157
2026-06-20 14:30:00,11.7,11.7,11.7,11.7,2564.1025641,29999.99999997
2026-06-20 14:45:00,11.7,11.7,11.7,11.7,4021.3213437,47049.45972129
2026-06-20 15:00:00,11.7,11.7,11.7,11.7,17094.01709402,200000.00000003
2026-06-20 15:30:00,11.7,11.7,11.7,11.7,25642.0,300011.4
2026-06-20 16:00:00,11.8,11.8,11.8,11.8,1000.0,11800.0
2026-06-20 16:15:00,11.8,11.8,11.8,11.8,68310.8445777,806067.96601686
2026-06-20 17:00:00,11.7,11.7,11.7,11.7,82415.24494528,964258.36585978
2026-06-20 17:15:00,11.7,11.8,11.7,11.8,3000.0,35143.58974359
2026-06-20 17:30:00,11.7,11.7,11.7,11.7,84745.76271186,991525.42372876
2026-06-20 17:45:00,11.7,11.7,11.7,11.7,36331.06523661,425073.46326834
2026-06-20 18:00:00,11.7,11.7,11.7,11.7,334263.13796388,3910878.7141774
2026-06-20 18:15:00,11.7,11.7,11.7,11.7,2664.087,31169.8179
2026-06-20 18:45:00,11.7,11.7,11.6,11.6,252600.43362933,2955151.56918966
2026-06-20 19:00:00,11.7,11.7,11.7,11.7,500.0,5850.0
2026-06-20 19:15:00,11.7,11.7,11.6,11.6,167058.91285126,1951749.42187018
2026-06-20 20:00:00,11.6,11.8,11.6,11.8,549663.06330651,6381639.65232239
2026-06-20 20:15:00,11.7,11.7,11.7,11.7,847.45762711,9915.25423719
2026-06-20 20:30:00,11.7,11.7,11.7,11.7,850445.34991905,9950210.59405289
2026-06-20 20:45:00,11.6,11.7,11.6,11.7,451388.45692192,5261290.22346796
2026-06-20 21:00:00,11.7,11.8,11.7,11.8,258223.06950281,3021253.50292647
2026-06-20 21:15:00,11.8,11.8,11.6,11.6,63682.95279528,744337.63291199
2026-06-20 21:30:00,11.7,11.7,11.7,11.7,7692.3076923,89999.99999991
2026-06-20 21:45:00,11.7,11.7,11.7,11.7,500.0,5850.0
2026-06-20 22:00:00,11.6,11.6,11.6,11.6,1428.63142107,16572.12448441
2026-06-20 22:15:00,11.7,11.7,11.7,11.7,439.65517241,5143.9655172
2026-06-20 22:30:00,11.7,11.7,11.7,11.7,427.43589743,5000.99999993
2026-06-20 22:45:00,11.7,11.7,11.6,11.6,462434.45239986,5387813.07480011
2026-06-20 23:00:00,11.7,11.7,11.7,11.7,42713.68589209,499750.12493745
2026-06-20 23:15:00,11.7,11.7,11.7,11.7,840.33613445,9831.93277307
2026-06-20 23:30:00,11.7,11.7,11.7,11.7,854.7008547,9999.99999999
2026-06-20 23:45:00,11.7,11.8,11.7,11.8,129596.01894944,1516317.01145204
2026-06-21 00:00:00,11.8,11.8,11.7,11.7,12748.08054469,149999.99999999
2026-06-21 00:30:00,11.8,11.8,11.7,11.8,98938.14002955,1166900.05234869
2026-06-21 00:45:00,11.7,11.7,11.7,11.7,321814.86150772,3765233.87964032
2026-06-21 01:00:00,11.6,11.6,11.6,11.6,1294903.65484867,15020882.39624457
2026-06-21 01:15:00,11.6,11.7,11.5,11.7,2126153.6309637,24501178.51406295
2026-06-21 01:30:00,11.5,11.7,11.5,11.5,315913.82369729,3633692.7332026
2026-06-21 01:45:00,11.5,11.7,11.3,11.6,1342288.52328523,15363792.6056855
2026-06-21 02:00:00,11.4,11.6,11.2,11.4,983846.71059462,11119978.45060208
2026-06-21 02:15:00,11.4,11.4,11.2,11.4,396159.99377663,4479999.70928239
2026-06-21 02:30:00,11.4,11.4,11.1,11.2,2571091.41024174,28760955.28174488
2026-06-21 02:45:00,11.2,11.3,11.1,11.3,912243.00781287,10154687.34080776
2026-06-21 03:00:00,11.2,11.3,11.2,11.3,3336.94925221,37462.32719997
2026-06-21 03:15:00,11.3,11.3,11.3,11.3,530.97345132,5999.99999992
2026-06-21 03:30:00,11.3,11.4,11.3,11.4,258110.4971501,2916701.24540886
2026-06-21 04:30:00,11.3,11.4,11.1,11.3,423652.89501818,4733353.65962033
2026-06-21 04:45:00,11.3,11.3,11.3,11.3,177383.60051324,2004434.68579961
2026-06-21 05:00:00,11.3,11.3,11.3,11.3,129430.7746091,1462567.75308283
2026-06-21 05:15:00,11.3,11.3,11.3,11.3,1674.03775082,18916.62658427
2026-06-21 05:30:00,11.3,11.3,11.2,11.3,3371.01537726,38012.47376304
2026-06-21 05:45:00,11.3,11.3,11.2,11.3,565499.22353856,6386076.18533532
2026-06-21 06:00:00,11.4,11.4,11.4,11.4,906.21355988,10330.83458263
2026-06-21 06:30:00,11.3,11.3,11.3,11.3,15000.0,169500.0
2026-06-21 06:45:00,11.4,11.4,11.4,11.4,458449.55415906,5226324.91741328
2026-06-21 07:00:00,11.4,11.5,11.4,11.5,531149.26957745,6065181.69023091
2026-06-21 07:15:00,11.5,11.5,11.5,11.5,8695.65217391,99999.99999997
2026-06-21 07:30:00,11.5,11.5,11.4,11.5,40719.63736823,464803.4674471
2026-06-21 07:45:00,11.4,11.5,11.4,11.5,339701.9086665,3904123.21546107
2026-06-21 08:00:00,11.5,11.5,11.5,11.5,16190.5565217,186191.39999955
2026-06-21 08:15:00,11.5,11.5,11.5,11.5,2120.19565217,24382.24999996
2026-06-21 08:30:00,11.5,11.5,11.5,11.5,918272.87540106,10560138.06711219
2026-06-21 08:45:00,11.5,11.5,11.4,11.4,141481.84730278,1622699.44398197
2026-06-21 09:00:00,11.5,11.5,11.4,11.4,344459.95655041,3929240.63654352
2026-06-21 09:15:00,11.4,11.5,11.4,11.4,401835.73484672,4581144.76855696
2026-06-21 09:30:00,11.4,11.5,11.4,11.5,39904.59088959,455086.42309785
2026-06-21 10:15:00,11.5,11.5,11.5,11.5,29503.42220194,339289.35532231
2026-06-21 10:30:00,11.5,11.5,11.5,11.5,58210.89455272,669425.28735628
2026-06-21 10:45:00,11.5,11.5,11.5,11.5,457657.20695132,5263057.87994018
2026-06-21 11:00:00,11.5,11.5,11.5,11.5,1051.52173913,12092.5
2026-06-21 11:15:00,11.5,11.5,11.5,11.5,828.62916367,9529.23538221
2026-06-21 11:30:00,11.4,11.5,11.4,11.5,2125.30679875,24337.28011445
2026-06-21 11:45:00,11.5,11.5,11.5,11.5,1772.67887795,20385.80709643
2026-06-21 12:00:00,11.4,11.5,11.4,11.5,18431.46551724,210161.85344826
2026-06-21 12:15:00,11.5,11.6,11.5,11.6,49873.75654043,575173.03857701
2026-06-21 12:45:00,11.6,11.6,11.6,11.6,115984.16309086,1345416.29185398
2026-06-21 13:15:00,11.6,11.6,11.6,11.6,500.0,5800.0
2026-06-21 13:45:00,11.5,11.6,11.5,11.5,142460.27934317,1638337.56027254
2026-06-21 14:00:00,11.6,11.6,11.5,11.5,18435.11793079,213794.27065203
2026-06-21 14:15:00,11.5,11.5,11.5,11.5,29503.52829235,339290.57536203
2026-06-21 14:30:00,11.5,11.6,11.5,11.5,235076.24894279,2711045.44234544
2026-06-21 14:45:00,11.5,11.5,11.5,11.5,148747.4670451,1710595.87101865
2026-06-21 15:00:00,11.5,11.5,11.4,11.4,688521.44167794,7887552.18278502
2026-06-21 15:15:00,11.5,11.5,11.5,11.5,471.91304347,5426.99999991
2026-06-21 16:00:00,11.5,11.5,11.5,11.5,52701.28097277,606064.73118686
2026-06-21 16:15:00,11.5,11.5,11.5,11.5,611682.85422506,7034352.82358819
2026-06-21 16:30:00,11.5,11.6,11.4,11.4,117332.85308434,1349273.88358871
2026-06-21 17:00:00,11.5,11.5,11.4,11.4,3070.70938215,35049.99999999
2026-06-21 17:15:00,11.4,11.4,11.4,11.4,39078.80842187,445498.41600932
2026-06-21 17:45:00,11.5,11.6,11.5,11.6,19585.29945553,227163.38672763
2026-06-21 18:00:00,11.5,11.6,11.5,11.6,20098.14058487,233067.12643667
2026-06-21 18:30:00,11.5,11.5,11.5,11.5,8620.68965517,99137.93103446
2026-06-21 18:45:00,11.5,11.5,11.5,11.5,1739.13043478,19999.99999997
2026-06-21 19:45:00,11.4,11.5,11.4,11.5,235258.61783483,2703706.64084915
2026-06-21 20:00:00,11.5,11.5,11.5,11.5,9287.00282212,106800.53245438
2026-06-21 20:15:00,11.5,11.5,11.5,11.5,10000.0,115000.0
2026-06-21 20:30:00,11.5,11.5,11.5,11.5,31626.83124884,363708.55936166
2026-06-21 21:30:00,11.4,11.4,11.4,11.4,8620.68965517,98275.86206894
2026-06-21 21:45:00,11.5,11.5,11.4,11.5,1707.91514724,19557.20659158
2026-06-21 22:00:00,11.5,11.5,11.5,11.5,869.56521739,9999.99999999
2026-06-21 22:15:00,11.5,11.5,11.5,11.5,88706.86395932,1020128.93553218
2026-06-21 22:30:00,11.5,11.5,11.5,11.5,43769.6803772,503351.3243378
2026-06-21 23:00:00,11.4,11.5,11.4,11.5,82407.61206716,939491.51440773
2026-06-21 23:30:00,11.5,11.5,11.5,11.5,1739.13043478,19999.99999997
2026-06-22 00:00:00,11.5,11.5,11.5,11.5,8695.65217391,99999.99999997
2026-06-22 00:15:00,11.5,11.5,11.5,11.5,356925.78967496,4104646.58126204
2026-06-22 00:30:00,11.5,11.6,11.5,11.6,100517.24137931,1156000.0
2026-06-22 00:45:00,11.6,11.6,11.6,11.6,2682.194,31113.4504
2026-06-22 01:00:00,11.5,11.6,11.4,11.6,31388.16391892,358732.75262021
2026-06-22 02:00:00,11.6,11.6,11.6,11.6,32978.33841699,382548.72563708
2026-06-22 02:15:00,11.6,11.6,11.5,11.5,57081.89118981,656856.91321797
2026-06-22 03:45:00,11.6,11.6,11.6,11.6,6132.82327585,71140.74999986
2026-06-22 04:15:00,11.5,11.5,11.5,11.5,231461.18421052,2661803.61842098
2026-06-22 04:30:00,11.6,11.6,11.6,11.6,443.47826086,5144.34782598
2026-06-22 04:45:00,11.5,11.5,11.5,11.5,16905.42711532,194412.41182618
2026-06-22 06:15:00,11.5,11.6,11.5,11.6,11679.43331703,134357.83097193
2026-06-22 06:45:00,11.6,11.6,11.6,11.6,517.24137931,6000.0
2026-06-22 07:45:00,11.5,11.5,11.4,11.4,53485.8127597,611945.50768164
2026-06-22 08:00:00,11.5,11.5,11.5,11.5,105244.94886838,1210316.91198637
2026-06-22 08:15:00,11.4,11.5,11.4,11.5,384581.53488795,4385224.69714437
2026-06-22 08:30:00,11.4,11.4,11.4,11.4,71929.8245614,819999.99999996
2026-06-22 08:45:00,11.4,11.4,11.4,11.4,490905.68750711,5596324.83758105
2026-06-22 09:00:00,11.4,11.5,11.3,11.4,1728147.66023822,19565487.38871501
2026-06-22 09:15:00,11.3,11.4,11.2,11.3,1513570.34807334,17118769.62534529
2026-06-22 09:30:00,11.3,11.3,11.3,11.3,27251.27991352,307939.46302278
2026-06-22 10:15:00,11.3,11.5,11.3,11.5,188396.02069382,2129161.75950361
2026-06-22 10:30:00,11.4,11.4,11.4,11.4,455.03564007,5187.4062968
2026-06-22 10:45:00,11.4,11.5,11.4,11.5,142148.51284933,1620627.25700868
2026-06-22 11:00:00,11.4,11.4,11.4,11.4,2631.57894735,29999.99999979
2026-06-22 11:15:00,11.4,11.4,11.4,11.4,120790.8206557,1377015.35547498
2026-06-22 11:45:00,11.3,11.5,11.3,11.5,141317.29304347,1598466.59399991
2026-06-22 12:00:00,11.3,11.5,11.3,11.3,9722.66210549,110047.75669824
2026-06-22 12:15:00,11.3,11.3,11.3,11.3,16095.77947173,181882.30803055
2026-06-22 12:45:00,11.4,11.4,11.3,11.3,37787.61061947,427087.67546053
2026-06-22 13:00:00,11.3,11.3,11.3,11.3,190476.54666915,2152384.9773614
2026-06-22 13:15:00,11.3,11.3,11.3,11.3,23287.78814728,263152.00606426
2026-06-22 13:30:00,11.4,11.4,11.3,11.3,46393.56818867,527140.61072898
2026-06-22 13:45:00,11.3,11.4,11.3,11.4,288457.84161933,3268475.11403603
2026-06-22 14:00:00,11.3,11.4,11.3,11.4,619600.31097646,7056586.39828607
2026-06-22 14:15:00,11.5,11.5,11.5,11.5,869.13065206,9995.00249869
2026-06-22 14:30:00,11.5,11.5,11.5,11.5,532855.58083976,6127839.17965724
2026-06-22 14:45:00,11.5,11.5,11.4,11.4,189337.87309048,2174956.34355155
2026-06-22 15:00:00,11.4,11.4,11.4,11.4,4563.79237288,52027.23305083
2026-06-22 15:30:00,11.4,11.4,11.3,11.3,392803.64509874,4440527.92580705
2026-06-22 15:45:00,11.4,11.5,11.4,11.5,13669.98581428,155985.69915236
2026-06-22 16:00:00,11.5,11.5,11.5,11.5,13031.04969254,149857.07146421
2026-06-22 16:30:00,11.4,11.4,11.4,11.4,2521.09678738,28740.50337613
2026-06-22 16:45:00,11.4,11.4,11.4,11.4,1042.95652173,11889.70434772
2026-06-22 17:00:00,11.4,11.4,11.3,11.3,603939.26827502,6881329.04560875
2026-06-22 17:30:00,11.3,11.3,11.3,11.3,113831.74572853,1286298.72673239
2026-06-22 17:45:00,11.4,11.4,11.3,11.4,15485.57715706,176449.37269393
2026-06-22 18:00:00,11.4,11.4,11.3,11.3,96831.63555058,1094335.70953747
2026-06-22 18:15:00,11.4,11.4,11.4,11.4,94142.92853572,1073229.38530721
2026-06-22 19:00:00,11.4,11.4,11.3,11.3,1180.80827067,13387.87030068
2026-06-22 19:15:00,11.3,11.3,11.3,11.3,363307.05795003,4105369.75483534
2026-06-22 19:30:00,11.4,11.5,11.4,11.5,1054427.51776654,12117836.55577415
2026-06-22 19:45:00,11.5,11.5,11.4,11.4,323704.65833321,3720913.66152033
2026-06-22 20:15:00,11.4,11.4,11.3,11.3,579473.79576991,6601813.96157386
2026-06-22 20:45:00,11.5,11.5,11.4,11.4,887.03474348,10156.54781285
2026-06-22 21:15:00,11.5,11.5,11.5,11.5,245622.44612111,2824658.13039277
2026-06-22 21:30:00,11.5,11.5,11.5,11.5,2439.13043478,28049.99999997
2026-06-22 21:45:00,11.5,11.8,11.5,11.8,1682125.02030539,19715900.82009431
2026-06-22 22:00:00,11.8,11.9,11.7,11.9,3801137.15506827,44919145.17077929
2026-06-22 22:15:00,12.0,12.2,11.9,11.9,5347487.04158041,64579313.31654077
2026-06-22 22:30:00,11.8,11.8,11.6,11.7,1548293.05915659,18117896.59559938
2026-06-22 22:45:00,11.6,11.8,11.6,11.8,101565.1019843,1178409.42030601
2026-06-22 23:00:00,11.8,11.8,11.6,11.6,69874.04134452,812268.77910534
2026-06-22 23:15:00,11.6,11.8,11.6,11.8,376256.58232312,4385681.60096877
2026-06-22 23:30:00,11.8,11.8,11.7,11.7,270836.41095798,3169633.46583548
2026-06-22 23:45:00,11.7,11.7,11.7,11.7,253557.96129265,2966628.14712401
2026-06-23 00:00:00,11.7,11.9,11.7,11.9,168027.74269422,1981207.05846786
2026-06-23 00:30:00,11.7,11.7,11.6,11.6,465140.5601547,5406320.10338391
2026-06-23 00:45:00,11.6,11.7,11.6,11.6,312207.87216437,3622754.91710669
2026-06-23 01:00:00,11.7,11.7,11.7,11.7,10775.37900002,126071.93430023
2026-06-23 01:15:00,11.7,11.7,11.7,11.7,34606.30788352,404893.80223718
2026-06-23 01:30:00,11.7,11.7,11.6,11.6,52593.5054571,610512.01372971
2026-06-23 02:30:00,11.7,11.7,11.7,11.7,1705.55999999,19955.05199988
2026-06-23 03:00:00,11.6,11.6,11.6,11.6,3221.33341225,37367.4675821
2026-06-23 03:45:00,11.6,11.6,11.6,11.6,40312.37903225,467623.5967741
2026-06-23 04:45:00,11.7,11.7,11.7,11.7,1221.82,14295.294
2026-06-23 05:00:00,11.7,11.7,11.6,11.6,88892.99355173,1031427.33490007
2026-06-23 05:15:00,11.6,11.6,11.6,11.6,4273.5042735,49572.6495726
2026-06-23 05:30:00,11.6,11.7,11.6,11.7,200364.47542066,2324267.45909743
2026-06-23 05:45:00,11.6,11.8,11.6,11.8,42036.40960438,491398.80055762
2026-06-23 06:00:00,11.8,11.8,11.5,11.5,63717.8503597,744774.28624007
2026-06-23 06:15:00,11.6,11.6,11.6,11.6,3700.01601,42920.185716
2026-06-23 06:30:00,11.8,11.8,11.8,11.8,3633.65874264,42877.17316315
2026-06-23 07:00:00,11.8,11.8,11.8,11.8,508.47457627,5999.99999999
2026-06-23 07:15:00,11.6,11.6,11.6,11.6,16615.00669998,192734.07771977
2026-06-23 07:30:00,11.5,11.6,11.5,11.6,153573.19967271,1780784.48626398
2026-06-23 08:45:00,11.7,11.7,11.7,11.7,427.43589743,5000.99999993
2026-06-23 09:00:00,11.7,11.8,11.6,11.7,105268.12480682,1231651.06103534
2026-06-23 09:15:00,11.7,11.7,11.6,11.6,59001.0533954,688731.77390195
2026-06-23 09:30:00,11.6,11.6,11.6,11.6,100424.74492942,1164927.04118127
2026-06-23 09:45:00,11.7,11.7,11.7,11.7,862.06896551,10086.20689647
2026-06-23 10:00:00,11.6,11.6,11.5,11.5,256258.45246626,2966517.95360487
2026-06-23 10:15:00,11.6,11.6,11.6,11.6,1768.39,20513.324
2026-06-23 10:30:00,11.5,11.6,11.5,11.6,176346.05610329,2028023.30898094
2026-06-23 10:45:00,11.5,11.6,11.5,11.6,2315.99023496,26776.99115032
2026-06-23 11:15:00,11.5,11.6,11.5,11.6,219502.28093688,2524362.43767067
2026-06-23 11:30:00,11.5,11.6,11.5,11.5,7440.54975942,85819.87021922
2026-06-23 11:45:00,11.5,11.5,11.5,11.5,148849.0901467,1711764.53668705
2026-06-23 12:00:00,11.5,11.5,11.5,11.5,560023.82669343,6440274.00697445
2026-06-23 12:15:00,11.5,11.5,11.4,11.5,328908.52060639,3750013.00826067
2026-06-23 12:30:00,11.5,11.5,11.5,11.5,207817.4088524,2389900.2018026
2026-06-23 12:45:00,11.5,11.5,11.5,11.5,14435.48838688,166008.11644912
2026-06-23 13:00:00,11.5,11.5,11.5,11.5,106937.39203929,1229780.00845184
2026-06-23 13:15:00,11.5,11.5,11.4,11.4,264828.26961732,3029702.80218785
2026-06-23 13:30:00,11.6,11.6,11.6,11.6,862.06896551,9999.99999992
2026-06-23 14:00:00,11.4,11.5,11.2,11.3,1372609.26064599,15543393.92050067
2026-06-23 14:15:00,11.5,11.5,11.3,11.3,1739.13048671,19826.0875433
2026-06-23 14:30:00,11.4,11.4,11.3,11.3,235896.40270928,2678870.3042285
2026-06-23 14:45:00,11.5,11.6,11.5,11.6,438357.81624982,5077962.53645827
2026-06-23 15:00:00,11.7,12.3,11.7,11.8,11869350.26924842,142437112.45518577
2026-06-23 15:15:00,11.8,11.8,11.6,11.8,1474539.59442613,17297473.1525384
2026-06-23 15:30:00,11.8,11.8,11.6,11.8,1285375.65964798,15028937.7231566
2026-06-23 15:45:00,11.7,11.8,11.7,11.7,150428.83033072,1760450.83119177
2026-06-23 16:00:00,11.6,11.9,11.6,11.9,668762.84433109,7935948.82595954
2026-06-23 16:15:00,11.9,11.9,11.8,11.8,510924.99027175,6043754.71150988
2026-06-23 16:30:00,11.9,11.9,11.8,11.8,699447.75497035,8264172.01346635
2026-06-23 16:45:00,11.7,11.7,11.5,11.5,1737463.97248134,20224420.41635186
2026-06-23 17:00:00,11.5,11.6,11.5,11.5,201650.53712495,2335925.34011482
2026-06-23 17:15:00,11.6,11.7,11.5,11.7,1420200.95769105,16560348.20323327
2026-06-23 17:30:00,11.5,12.1,11.5,12.0,4082438.31965605,48759730.63795781
2026-06-23 17:45:00,12.0,12.0,11.7,11.7,917238.48389034,10783655.3112536
2026-06-23 18:00:00,11.7,11.8,11.7,11.8,188778.87606177,2223922.17237169
2026-06-23 18:15:00,11.8,11.8,11.7,11.7,336739.81459384,3958113.61432911
2026-06-23 18:30:00,11.7,11.8,11.7,11.8,83714.82207985,979632.90985967
2026-06-23 18:45:00,11.8,12.2,11.7,12.2,4003900.19229026,48331569.88390441
2026-06-23 19:00:00,12.3,12.7,12.1,12.4,22817001.91612348,282644138.9787339
2026-06-23 19:15:00,12.4,12.4,11.4,11.6,13868518.1231618,163409196.7591176
2026-06-23 19:30:00,11.5,11.6,11.5,11.6,3339121.69347326,38450781.78405599
2026-06-23 19:45:00,11.5,11.7,11.5,11.6,593054.83237957,6833471.54794037
2026-06-23 20:00:00,11.6,11.6,11.5,11.6,1213798.82803937,14033933.11042415
2026-06-23 20:15:00,11.7,11.8,11.6,11.7,1422842.39332588,16635105.82244083
2026-06-23 20:30:00,11.7,11.7,11.7,11.7,231347.10417765,2706761.11887851
2026-06-23 20:45:00,11.6,11.6,11.6,11.6,2729.43528235,31661.44927526
2026-06-23 21:00:00,11.6,11.6,11.6,11.6,76640.87197969,889034.1149644
2026-06-23 21:15:00,11.6,11.6,11.5,11.5,507384.34934526,5835092.01747049
2026-06-23 21:30:00,11.6,11.6,11.6,11.6,30407.06034482,352721.89999991
2026-06-23 21:45:00,11.5,11.5,11.4,11.5,640920.16575126,7369169.91679523
2026-06-23 22:00:00,11.5,11.5,11.5,11.5,76749.24451395,882616.31191043
2026-06-23 22:15:00,11.5,11.5,11.4,11.5,296061.9044114,3384835.43400579
2026-06-23 22:30:00,11.5,11.5,11.5,11.5,136903.32525171,1574388.24039467
2026-06-23 22:45:00,11.5,11.6,11.5,11.5,253548.50134136,2933011.69794214
2026-06-23 23:00:00,11.5,11.5,11.4,11.5,342329.53088672,3936505.55906117
2026-06-23 23:15:00,11.4,11.5,11.4,11.5,336986.63781824,3863853.75119132
2026-06-23 23:30:00,11.5,11.5,11.4,11.5,966740.3383084,11034031.54050375
2026-06-23 23:45:00,11.5,11.5,11.4,11.5,257229.55494658,2937685.08798413
2026-06-24 00:15:00,11.6,12.3,11.5,12.2,5802265.16123029,69540018.1090133
2026-06-24 00:30:00,12.2,12.2,11.6,11.9,2407736.98186803,28611426.42139495
2026-06-24 00:45:00,11.8,11.9,11.6,11.8,778461.73899224,9127092.52525838
2026-06-24 01:00:00,11.9,12.1,11.8,11.8,1203119.25128091,14545392.02945459
2026-06-24 01:15:00,12.0,12.2,11.9,12.0,141993.6859573,1719279.07240241
2026-06-24 01:30:00,12.1,12.3,12.0,12.1,1443427.51151759,17618578.04048012
2026-06-24 01:45:00,12.2,12.2,11.9,12.1,201731.2397727,2402142.66962184
2026-06-24 02:00:00,11.9,12.1,11.8,12.1,176947.74629203,2119381.00916925
2026-06-24 02:15:00,12.0,12.0,11.8,11.9,30194.42368732,361811.18317704
2026-06-24 02:30:00,11.9,11.9,11.8,11.9,99234.15627766,1173161.36615202
2026-06-24 02:45:00,11.9,11.9,11.8,11.9,94629.22633367,1125965.29337067
2026-06-24 03:00:00,11.8,11.8,11.8,11.8,439.03508772,5180.6140351
2026-06-24 03:30:00,11.8,11.8,11.7,11.8,245323.18060329,2885383.40215068
2026-06-24 03:45:00,11.8,11.8,11.8,11.8,28131.1596454,331947.68381572
2026-06-24 04:45:00,11.8,11.8,11.8,11.8,31279.48422482,369097.91385288
2026-06-24 05:30:00,12.0,12.1,12.0,12.0,304202.22607299,3651405.25546261
2026-06-24 05:45:00,12.1,12.1,12.1,12.1,357052.13235282,4320330.80146912
2026-06-24 06:00:00,12.2,12.2,12.2,12.2,182602.26526079,2227747.63618164
2026-06-24 06:15:00,12.0,12.1,11.9,11.9,402881.01419405,4841659.70948878
2026-06-24 06:30:00,12.0,12.1,12.0,12.1,109779.29880238,1327380.31708225
2026-06-24 06:45:00,12.0,12.0,11.9,11.9,261077.19876003,3109849.63117114
2026-06-24 07:00:00,11.9,12.0,11.9,12.0,47119.10438222,561931.48507695
2026-06-24 07:15:00,11.9,12.1,11.9,12.1,519302.8537306,6210074.80484074
2026-06-24 07:30:00,11.9,11.9,11.9,11.9,18901.76966097,224931.05896554
2026-06-24 07:45:00,12.1,12.1,12.0,12.1,567891.36016597,6867575.74892835
2026-06-24 08:00:00,12.1,12.1,12.1,12.1,211279.64761138,2556483.7360977
2026-06-24 08:15:00,12.1,12.1,11.9,12.0,309767.10616897,3711607.93638233
2026-06-24 08:30:00,12.0,12.0,12.0,12.0,1791.72302334,21500.67628008
2026-06-24 08:45:00,12.0,12.1,12.0,12.1,72147.26768298,868924.50593245
2026-06-24 09:00:00,12.1,12.1,11.8,11.8,950309.50838197,11348204.28030434
2026-06-24 09:15:00,11.8,12.0,11.7,12.0,1161343.47769447,13758099.15615314
2026-06-24 09:30:00,12.0,12.1,11.8,12.1,896434.96048998,10775783.21048893
2026-06-24 09:45:00,12.0,12.1,12.0,12.1,31858.56894736,383331.77570407
2026-06-24 10:00:00,12.1,12.1,12.0,12.1,596337.37563174,7214857.15141196
2026-06-24 10:15:00,12.2,12.5,12.2,12.5,2826359.61717689,34834027.14151044
2026-06-24 10:30:00,12.5,13.0,12.4,12.6,16713241.34264249,213045864.65550572
2026-06-24 10:45:00,12.7,13.0,12.5,12.6,4763262.51774059,60437341.02097793
2026-06-24 11:00:00,12.6,12.8,12.5,12.7,2844827.31066435,35934541.82691243
2026-06-24 11:15:00,12.7,12.7,12.4,12.5,1559543.76444909,19451291.10624578
2026-06-24 11:30:00,12.5,12.5,12.2,12.3,2514705.20607949,31115861.29785009
2026-06-24 11:45:00,12.3,12.4,12.2,12.3,1433791.5921678,17600419.11165608
2026-06-24 12:00:00,12.3,12.4,12.3,12.4,307525.25202544,3783313.55502841
2026-06-24 12:15:00,12.3,12.4,12.3,12.4,241832.83051756,2978656.71730147
2026-06-24 12:30:00,12.4,12.6,12.3,12.4,610891.9684038,7578813.40475352
2026-06-24 12:45:00,12.4,12.4,12.2,12.2,1102276.18281028,13497056.88857401
2026-06-24 13:00:00,12.2,12.2,11.9,12.2,4167452.49138758,50343204.78049633
2026-06-24 13:15:00,12.2,12.2,11.9,11.9,277390.94229905,3318597.90330787
2026-06-24 13:30:00,11.9,12.1,11.9,11.9,286010.31839988,3430696.82059346
2026-06-24 13:45:00,12.0,12.1,11.9,11.9,203030.22812782,2423478.24798492
2026-06-24 14:00:00,11.9,12.1,11.9,11.9,217894.05048687,2597786.28319341
2026-06-24 14:15:00,11.9,12.1,11.9,12.1,136363.53113624,1644546.72924784
2026-06-24 14:30:00,12.1,12.5,12.1,12.3,249513.96323225,3028804.37826286
2026-06-24 14:45:00,12.2,12.2,12.0,12.0,203485.71350624,2442596.81674251
2026-06-24 15:00:00,12.1,12.2,12.0,12.2,15407.12790718,185868.96387961
2026-06-24 15:15:00,12.0,12.2,12.0,12.2,223424.09128719,2682885.58289956
2026-06-24 15:30:00,12.1,12.2,12.0,12.2,126859.63187432,1535079.53595248
2026-06-24 15:45:00,12.1,12.2,11.9,12.1,530996.19248546,6375351.99375278
2026-06-24 16:00:00,12.0,12.1,11.9,12.1,114278.3924735,1367078.15612365
2026-06-24 16:15:00,12.0,12.1,11.9,12.1,182487.43077435,2189585.22343647
2026-06-24 16:30:00,12.0,12.1,11.9,12.1,121186.49550116,1443173.84239024
2026-06-24 16:45:00,11.9,12.1,11.9,12.1,349537.57732667,4161573.05265381
2026-06-24 17:00:00,11.9,12.1,11.9,12.0,222185.21529606,2644464.35534944
2026-06-24 17:15:00,11.9,12.0,11.8,12.0,489184.49703093,5799758.39406077
2026-06-24 17:30:00,11.9,12.0,11.8,12.0,21824.10601784,259104.81312357
2026-06-24 17:45:00,11.8,12.0,11.8,12.0,233994.32920541,2771244.2994492
2026-06-24 18:15:00,12.0,12.0,11.8,12.0,142193.58570713,1706236.73538211
2026-06-24 18:30:00,12.0,12.0,12.0,12.0,1666.66666666,19999.99999992
2026-06-24 18:45:00,11.8,12.0,11.8,12.0,107926.95365191,1273788.80309254
2026-06-24 19:00:00,11.9,12.0,11.8,12.0,195565.04065725,2308501.89642221
2026-06-24 19:15:00,12.0,12.0,11.7,11.9,1097062.5429932,12936999.54626524
2026-06-24 19:30:00,11.9,11.9,11.7,11.9,4080.02192181,48291.13043475
2026-06-24 19:45:00,11.9,11.9,11.7,11.9,5264.62307326,61909.3834305
2026-06-24 20:00:00,11.9,11.9,11.7,11.8,536878.16512747,6288901.55473328
2026-06-24 20:15:00,11.8,11.8,11.8,11.8,1789.98999999,21121.88199988
2026-06-24 20:30:00,11.8,11.9,11.7,11.9,1262730.09667825,14800188.02741609
2026-06-24 20:45:00,11.9,11.9,11.9,11.9,75687.61837568,900682.65867059
2026-06-24 21:00:00,11.8,11.9,11.7,11.8,709370.30348406,8336592.23622551
2026-06-24 21:15:00,11.8,11.9,11.7,11.7,458014.41862376,5387526.12589244
2026-06-24 21:30:00,11.8,11.9,11.8,11.9,133048.69272349,1570183.47208727
2026-06-24 21:45:00,11.9,12.0,11.9,12.0,200865.01432782,2390416.98553037
2026-06-24 22:00:00,11.8,12.0,11.8,12.0,5026.29893192,59725.18718304
2026-06-24 22:15:00,11.8,11.9,11.8,11.9,1359.5871392,16135.56521735
2026-06-24 22:30:00,11.9,11.9,11.8,11.8,131109.1765764,1550795.50607211
2026-06-24 22:45:00,11.8,12.0,11.8,12.0,289675.84963553,3434244.31288006
2026-06-24 23:00:00,11.9,11.9,11.9,11.9,3022.85999998,35972.03399976
2026-06-24 23:15:00,11.8,11.8,11.7,11.8,83814.65836164,988925.92518909
2026-06-24 23:30:00,11.8,12.0,11.8,12.0,448263.55927168,5343210.83059439
2026-06-24 23:45:00,11.9,12.0,11.7,11.9,675570.53462147,7956465.5358582
2026-06-25 00:00:00,11.8,11.9,11.7,11.9,86532.108078,1014250.00568059
2026-06-25 00:30:00,11.7,11.9,11.7,11.7,997215.00486222,11861602.3563526
2026-06-25 00:45:00,11.9,11.9,11.7,11.7,53408.4180191,634404.64135471
2026-06-25 01:00:00,11.8,12.0,11.7,11.8,245821.95140559,2876949.18217022
2026-06-25 01:15:00,11.8,11.8,11.8,11.8,5659.71075919,66784.58695844
2026-06-25 01:30:00,11.8,11.8,11.8,11.8,3056.65444812,36068.52248782
2026-06-25 01:45:00,11.8,11.8,11.7,11.8,43884.58434048,514331.06408791
2026-06-25 02:00:00,11.8,11.8,11.8,11.8,3000.63383387,35407.47923967
2026-06-25 02:15:00,11.8,11.8,11.8,11.8,12444.89360273,146849.74451221
2026-06-25 02:30:00,11.8,11.8,11.8,11.8,1813.33999999,21397.41199988
2026-06-25 02:45:00,11.8,11.8,11.7,11.8,194876.18066974,2293939.77081893
2026-06-25 03:00:00,11.7,11.7,11.6,11.7,956530.60303464,11126817.9303738
2026-06-25 03:15:00,11.6,11.6,11.6,11.6,35871.49106334,416109.29633474
2026-06-25 03:30:00,11.7,11.7,11.7,11.7,17094.01709401,199999.99999992
2026-06-25 04:45:00,11.7,11.7,11.7,11.7,8547.008547,99999.9999999
2026-06-25 05:00:00,11.6,11.6,11.6,11.6,566218.66408009,6568136.50332904
2026-06-25 05:15:00,11.6,11.7,11.5,11.6,474684.45016078,5480459.21369526
2026-06-25 05:30:00,11.6,11.7,11.6,11.7,53282.81465523,618170.90641092
2026-06-25 06:30:00,11.7,11.7,11.6,11.6,4689.72169471,54820.5024488
2026-06-25 06:45:00,11.6,11.6,11.6,11.6,1913.04347827,22191.30434793
2026-06-25 07:00:00,11.7,11.7,11.7,11.7,1050.0,12285.0
2026-06-25 07:15:00,11.7,11.8,11.6,11.8,528853.78365248,6186863.46792138
2026-06-25 07:30:00,11.8,11.8,11.8,11.8,413.63636363,4880.90909083
2026-06-25 07:45:00,11.8,11.8,11.7,11.7,313576.60598781,3700116.23135791
2026-06-25 08:00:00,11.7,11.7,11.7,11.7,35697.0821307,417655.86092919
2026-06-25 08:15:00,11.7,11.8,11.7,11.8,46255.87652199,544108.58942937
2026-06-25 08:45:00,11.8,11.9,11.8,11.9,1435441.04508916,16938387.44932389
2026-06-25 09:00:00,11.9,11.9,11.7,11.7,399019.31055318,4689736.12674951
2026-06-25 09:15:00,11.7,11.8,11.7,11.8,445449.74350621,5212453.28050056
2026-06-25 09:30:00,11.8,11.8,11.6,11.6,444603.86753596,5227827.8719213
2026-06-25 09:45:00,11.6,11.8,11.6,11.6,944474.0946396,11050085.8442912
2026-06-25 10:00:00,11.7,11.8,11.6,11.7,356110.98647595,4132260.14456517
2026-06-25 10:15:00,11.8,11.9,11.8,11.8,574766.51635377,6782412.96020138
2026-06-25 10:30:00,11.9,11.9,11.8,11.9,114856.11120934,1355638.24672399
2026-06-25 10:45:00,11.8,11.8,11.8,11.8,31157.33512554,367656.55448137
2026-06-25 11:00:00,11.8,11.8,11.8,11.8,84568.51346039,997908.4588326
2026-06-25 11:15:00,11.6,11.6,11.6,11.6,79468.92017409,921839.47401944
2026-06-25 11:30:00,11.6,11.6,11.6,11.6,382700.44506437,4439325.16274669
2026-06-25 11:45:00,11.5,11.8,11.5,11.8,254007.81922027,2921299.8151009
2026-06-25 12:00:00,11.6,11.6,11.6,11.6,264442.2720688,3067530.35599808
2026-06-25 12:15:00,11.5,11.6,11.5,11.6,692809.43371229,7968744.25459524
2026-06-25 12:30:00,11.6,11.6,11.5,11.5,113457.93003151,1313201.12315475
2026-06-25 12:45:00,11.5,11.5,11.5,11.5,101000.0,1161500.0
2026-06-25 13:00:00,11.5,11.5,11.4,11.5,118916.98673814,1367282.18959387
2026-06-25 13:15:00,11.4,11.5,11.4,11.4,472837.88953334,5391134.54937573
2026-06-25 13:30:00,11.4,11.4,11.4,11.4,604208.25742932,6887974.13469425
2026-06-25 13:45:00,11.5,11.5,11.5,11.5,4385.96491228,50438.59649122
2026-06-25 14:00:00,11.5,11.5,11.5,11.5,31069.69786127,357301.52540461
2026-06-25 14:15:00,11.5,11.5,11.5,11.5,84685.34559585,973881.47435228
2026-06-25 14:30:00,11.5,11.5,11.5,11.5,100813.62654686,1159356.70528889
2026-06-25 15:00:00,11.5,11.5,11.5,11.5,61103.19630904,702686.75755396
2026-06-25 15:15:00,11.5,11.5,11.5,11.5,251795.43563315,2895647.50978123
2026-06-25 15:45:00,11.5,11.5,11.5,11.5,8695.65217391,99999.99999997
2026-06-25 16:00:00,11.5,11.5,11.5,11.5,4483.04347826,51554.99999999
2026-06-25 16:15:00,11.5,11.5,11.4,11.5,1298621.0548,14890142.1302
2026-06-25 16:45:00,11.5,11.5,11.5,11.5,14007.62937619,161087.73782619
2026-06-25 17:00:00,11.6,11.6,11.6,11.6,284298.79215517,3297865.98899997
2026-06-25 17:15:00,11.6,11.6,11.5,11.6,37717.38338923,436759.64731507
2026-06-25 17:30:00,11.6,11.6,11.6,11.6,198529.27777243,2302939.62216019
2026-06-25 17:45:00,11.6,11.6,11.6,11.6,51353.24116722,595697.59753975
2026-06-25 18:00:00,11.6,11.6,11.6,11.6,6869.90517241,79690.89999996
2026-06-25 18:15:00,11.5,11.5,11.5,11.5,200000.0,2300000.0
2026-06-25 18:30:00,11.5,11.5,11.4,11.4,1676500.32566253,19158416.73413383
2026-06-25 18:45:00,11.5,11.5,11.5,11.5,50002.9117775,575033.48544125
2026-06-25 19:00:00,11.4,11.5,11.4,11.5,545551.99902265,6230676.37928393
2026-06-25 19:15:00,11.5,11.5,11.5,11.5,86956.52173913,1000000.0
2026-06-25 19:30:00,11.4,11.4,11.4,11.4,744.033632,8481.9834048
2026-06-25 19:45:00,11.4,11.5,11.4,11.5,319628.68808326,3656481.59991476
2026-06-25 20:00:00,11.5,11.5,11.4,11.4,14030.52134966,160141.3162649
2026-06-25 20:15:00,11.4,11.4,11.4,11.4,7874.01574803,89763.77952754
2026-06-25 21:00:00,11.4,11.4,11.4,11.4,192982.45614036,2200000.0000001
2026-06-25 21:15:00,11.4,11.5,11.4,11.5,89427.52173913,1028169.4
2026-06-25 21:30:00,11.5,11.5,11.5,11.5,164851.92186515,1895797.10144923
2026-06-25 21:45:00,11.5,11.5,11.5,11.5,61113.39410599,702804.03221889
2026-06-25 22:00:00,11.5,11.5,11.5,11.5,47037.03703703,540925.92592585
2026-06-25 22:15:00,11.5,11.5,11.4,11.4,223773.59654958,2551986.56624656
2026-06-25 22:30:00,11.4,11.4,11.4,11.4,4817.74868628,54922.33502359
2026-06-25 22:45:00,11.4,11.4,10.1,11.0,4197108.92378654,45920801.20259523
2026-06-25 23:00:00,10.8,11.1,10.8,11.1,1142814.11546339,12641199.31783973
2026-06-25 23:15:00,11.1,11.1,11.0,11.1,182036.94990767,2020204.77681274
2026-06-25 23:30:00,11.2,11.2,11.1,11.1,102847.00882591,1151616.70679591
2026-06-25 23:45:00,11.1,11.2,11.1,11.2,178394.36737643,1998000.6198788
2026-06-26 00:00:00,11.2,11.2,11.2,11.2,357142.85714285,3999999.99999992
2026-06-26 00:15:00,11.2,11.2,10.9,10.9,234896.15331829,2576172.61823248
2026-06-26 00:30:00,10.9,11.1,10.8,11.1,449902.77001972,4903654.50697696
2026-06-26 00:45:00,11.1,11.1,10.9,10.9,92370.61342372,1008709.15143129
2026-06-26 01:00:00,11.0,11.1,10.9,11.0,24666.01573016,271374.12193058
2026-06-26 01:15:00,11.0,11.1,10.9,10.9,199078.40641819,2180727.79068827
2026-06-26 01:30:00,10.9,10.9,10.9,10.9,1550.30313743,16898.30419799
2026-06-26 02:00:00,11.1,11.1,11.1,11.1,450.45045045,5000.0
2026-06-26 02:15:00,10.9,10.9,10.9,10.9,1424.71238938,15529.36504424
2026-06-26 02:30:00,11.0,11.0,11.0,11.0,1840.0367,20240.4037
2026-06-26 03:00:00,11.1,11.1,11.1,11.1,450.54054054,5000.99999999
2026-06-26 03:45:00,11.1,11.1,11.0,11.1,2725.06784144,30110.89039998
2026-06-26 04:15:00,11.0,11.0,11.0,11.0,298461.38630928,3283075.24940208
2026-06-26 05:00:00,11.1,11.1,11.1,11.1,1801.8018018,19999.99999998
2026-06-26 05:30:00,11.1,11.1,11.1,11.1,26105.41576058,289770.11494244
2026-06-26 05:45:00,11.1,11.1,11.1,11.1,4496.40044842,49910.04497746
2026-06-26 06:15:00,11.0,11.0,11.0,11.0,139478.13616671,1534259.49783381
2026-06-26 06:30:00,11.1,11.1,11.1,11.1,461.13783783,5118.62999991
2026-06-26 06:45:00,11.1,11.1,11.0,11.0,1519.68301508,16766.51316588
2026-06-26 07:00:00,11.1,11.1,11.1,11.1,909.09090909,10090.9090909
2026-06-26 07:15:00,11.1,11.1,11.0,11.0,140796.88679986,1548855.84488855
2026-06-26 07:30:00,11.1,11.1,11.1,11.1,1666.66666666,18499.99999993
2026-06-26 07:45:00,11.1,11.1,11.1,11.1,88773.54115734,985386.30684647
2026-06-26 08:00:00,11.1,11.1,10.9,11.0,492393.87593915,5392977.75187827
2026-06-26 08:15:00,10.9,11.1,10.9,11.1,206637.2351434,2253041.2
2026-06-26 08:30:00,11.1,11.2,11.1,11.2,85886.71323696,953432.60702035
2026-06-26 08:45:00,11.2,11.2,11.0,11.0,8415.10659818,92744.74400855
2026-06-26 09:00:00,11.0,11.1,10.9,11.0,809560.63131508,8921663.53661551
2026-06-26 09:15:00,11.0,11.0,11.0,11.0,503372.20364345,5537094.24007795
2026-06-26 09:30:00,11.1,11.2,11.1,11.2,586773.21905422,6567690.83725468
2026-06-26 09:45:00,11.2,11.3,11.2,11.3,429802.17334526,4836786.08821301
2026-06-26 10:00:00,11.3,11.5,11.2,11.3,1762492.97019228,20005112.18833485
2026-06-26 10:15:00,11.4,11.5,11.2,11.3,806364.12817686,9174314.18669779
2026-06-26 10:30:00,11.4,11.6,11.4,11.5,2830462.44831688,32593779.99435757
2026-06-26 10:45:00,11.4,11.6,11.2,11.3,1720843.92313781,19477520.97501359
2026-06-26 11:00:00,11.3,11.4,11.1,11.3,827894.07434497,9241179.71339769
2026-06-26 11:15:00,11.2,11.3,11.1,11.1,783969.76350222,8710509.70090501
2026-06-26 11:30:00,11.1,11.1,11.1,11.1,197514.2373765,2192408.03487915
2026-06-26 11:45:00,11.2,11.2,11.2,11.2,145767.54466461,1632596.50024363
2026-06-26 12:00:00,11.2,11.3,11.2,11.3,69134.46325172,774341.90391222
2026-06-26 12:15:00,11.3,11.3,11.2,11.2,106638.25029061,1197003.27051147
2026-06-26 12:30:00,11.2,11.2,11.2,11.2,37346.2170206,418277.63063072
2026-06-26 12:45:00,11.2,11.2,11.1,11.1,452353.45479068,5043345.31753498
2026-06-26 13:00:00,11.1,11.1,11.1,11.1,226396.30634362,2512999.00041418
2026-06-26 13:15:00,11.1,11.1,11.1,11.1,57845.87362113,642089.19719454
2026-06-26 14:00:00,11.2,11.2,11.2,11.2,197058.95535714,2207060.29999997
2026-06-26 14:15:00,11.2,11.3,11.2,11.3,88515.74933122,993991.52525303
2026-06-26 14:30:00,11.3,11.9,11.3,11.7,10528691.21443749,122677880.63393696
2026-06-26 14:45:00,11.6,11.7,11.3,11.4,6462071.24977332,74393877.63630268
2026-06-26 15:00:00,11.4,12.1,11.4,11.9,19571036.24247977,231989417.29008156
2026-06-26 15:15:00,11.8,12.0,11.6,11.9,7802186.90841346,92106727.1846546
2026-06-26 15:30:00,11.9,12.0,11.6,11.8,4945362.72868695,58433185.60539907
2026-06-26 15:45:00,11.7,12.0,11.5,11.9,4282769.59033038,50243889.69408267
2026-06-26 16:00:00,11.8,12.8,11.7,12.6,39284460.20147093,485524655.7116638
2026-06-26 16:15:00,12.6,13.4,12.1,12.6,122939421.01686908,1583498784.0110388
2026-06-26 16:30:00,12.5,12.6,11.5,11.6,60231798.1324363,714168333.2098284
2026-06-26 16:45:00,11.6,11.7,11.4,11.4,10806970.49334609,124230680.74212363
2026-06-26 17:00:00,11.5,11.5,11.2,11.3,12823470.21546709,145370387.62913436
2026-06-26 17:15:00,11.4,11.4,11.1,11.2,8941512.83804212,100323182.44075838
2026-06-26 17:30:00,11.2,11.3,11.1,11.2,4790003.98569284,53540955.09890453
2026-06-26 17:45:00,11.2,11.3,11.2,11.2,639254.7153026,7181776.70519443
2026-06-26 18:00:00,11.3,11.4,11.2,11.2,2739408.32605254,30937186.91970898
2026-06-26 18:15:00,11.2,11.4,11.2,11.2,1955490.04216263,22017670.00376114
2026-06-26 18:30:00,11.2,11.3,11.1,11.3,1564876.24403445,17530310.44966831
2026-06-26 18:45:00,11.2,11.3,11.2,11.2,554705.75538697,6213098.41608628
2026-06-26 19:00:00,11.2,11.3,11.2,11.2,73840.22647336,828788.3493967
2026-06-26 19:15:00,11.2,11.4,11.2,11.2,618777.46088954,6988008.82421554
2026-06-26 19:30:00,11.2,11.4,11.2,11.4,602379.81067167,6750428.54112557
2026-06-26 19:45:00,11.3,11.3,11.2,11.2,304156.8810072,3408748.98009675
2026-06-26 20:00:00,11.3,11.3,11.3,11.3,137844.31428563,1557640.75142762
2026-06-26 20:15:00,11.3,11.3,11.3,11.3,149204.34463548,1686009.09438092
2026-06-26 20:30:00,11.4,11.4,11.2,11.4,2926851.76865507,33316827.99610697
2026-06-26 20:45:00,11.3,11.4,11.3,11.4,265078.01751279,3013142.81766304
2026-06-26 21:00:00,11.4,11.4,11.3,11.3,92820.30519266,1058107.03475188
2026-06-26 21:15:00,11.3,11.3,11.3,11.3,35154.81575451,397249.41802596
2026-06-26 21:30:00,11.4,11.5,11.4,11.4,411021.3665606,4710044.8014795
2026-06-26 21:45:00,11.4,11.4,11.4,11.4,180712.55596353,2060123.13798424
2026-06-26 22:00:00,11.4,11.4,11.3,11.3,201549.05036464,2296360.4471569
2026-06-26 22:15:00,11.3,11.4,11.3,11.4,73150.99616498,826654.92923065
2026-06-26 22:30:00,11.3,11.3,11.3,11.3,98690.70994656,1115205.02239613
2026-06-26 22:45:00,11.3,11.3,11.3,11.3,14238.14193854,160891.0039055
2026-06-26 23:00:00,11.4,11.4,11.2,11.2,1117647.65738015,12563635.11045846
2026-06-26 23:15:00,11.2,11.4,11.2,11.3,621585.47458325,7016936.73605216
2026-06-26 23:30:00,11.4,11.4,11.4,11.4,274441.07139973,3128628.21395692
2026-06-26 23:45:00,11.3,11.3,11.3,11.3,198605.66403658,2244244.00361335
2026-06-27 00:00:00,11.3,11.3,11.3,11.3,42105.26315787,475789.47368393
2026-06-27 00:15:00,11.3,11.3,11.3,11.3,29582.2931,334279.91203
2026-06-27 00:30:00,11.4,11.5,11.4,11.5,23426.38800955,267110.33768212
2026-06-27 00:45:00,11.5,11.5,11.3,11.3,2476491.26227996,28471992.64070445
2026-06-27 01:00:00,11.3,11.5,11.3,11.3,60876.48370199,688100.60244679
2026-06-27 01:30:00,11.3,11.4,11.3,11.3,52113.80609824,590070.3983838
2026-06-27 02:00:00,11.3,11.5,11.3,11.5,990.79807922,11294.17791103
2026-06-27 02:15:00,11.5,11.5,11.5,11.5,869.56521739,9999.99999999
2026-06-27 02:45:00,11.3,11.4,11.3,11.4,377730.69655947,4268544.59042026
2026-06-27 03:00:00,11.3,11.4,11.3,11.4,12687.21262318,144419.26579983
2026-06-27 03:45:00,11.4,11.4,11.4,11.4,5219.22,59499.108
2026-06-27 04:30:00,11.4,11.4,11.3,11.4,11263.27190829,127556.88908603
2026-06-27 04:45:00,11.4,11.4,11.4,11.4,176467.81872221,2011733.13343319
2026-06-27 05:15:00,11.3,11.3,11.3,11.3,2674.9894,30227.38022
2026-06-27 06:30:00,11.4,11.4,11.4,11.4,167937.47809116,1914487.25023922
2026-06-27 06:45:00,11.4,11.4,11.4,11.4,7632.4444,87009.86616
2026-06-27 07:15:00,11.4,11.5,11.4,11.5,1200.0,13750.0
2026-06-27 07:30:00,11.5,11.5,11.4,11.4,103507.45937842,1180270.11361399
2026-06-27 07:45:00,11.4,11.4,11.4,11.4,38828.22665241,442641.78383747
2026-06-27 08:00:00,11.4,11.4,11.4,11.4,892857.14285714,10178571.4285714
2026-06-27 08:15:00,11.5,11.5,11.4,11.4,530351.51366784,6048900.5040899
2026-06-27 08:30:00,11.4,11.4,11.3,11.4,533785.4074055,6070918.9148776
2026-06-27 08:45:00,11.4,11.4,11.4,11.4,440186.89114041,5018130.55900067
2026-06-27 09:00:00,11.4,11.4,11.2,11.2,2592664.55415496,29207509.70609488
2026-06-27 09:15:00,11.3,11.4,11.3,11.3,1637178.9236025,18533536.2703466
2026-06-27 09:30:00,11.3,11.4,11.3,11.4,542808.83307106,6151109.99374816
2026-06-27 09:45:00,11.4,11.4,11.3,11.3,364185.96621003,4132836.51027641
2026-06-27 10:00:00,11.5,11.5,11.4,11.4,389696.54200743,4442584.05714557
2026-06-27 10:15:00,11.4,11.4,11.4,11.4,175350.92103071,1999000.49975009
2026-06-27 10:30:00,11.4,11.4,11.3,11.4,897201.29452137,10191299.51398755
2026-06-27 10:45:00,11.4,11.5,11.4,11.5,63393.6956521,722898.99999915
2026-06-27 11:00:00,11.5,11.7,11.5,11.7,3115822.15165162,36131565.24855904
2026-06-27 11:15:00,11.7,12.4,11.6,11.9,15378089.17315109,184324020.15387428
2026-06-27 11:30:00,12.0,12.1,11.8,12.0,2884394.54520779,34478421.74601127
2026-06-27 11:45:00,12.0,12.0,11.6,11.7,2310820.88232791,27094696.80162219
2026-06-27 12:00:00,11.7,11.8,11.6,11.8,1629704.39057426,19070426.68244818
2026-06-27 12:15:00,11.8,12.0,11.8,11.8,2320414.04089268,27570141.52059145
2026-06-27 12:30:00,12.0,12.0,11.8,11.9,1547086.13839459,18313144.49728281
2026-06-27 12:45:00,11.9,11.9,11.8,11.9,265012.17323424,3129284.26380209
2026-06-27 13:00:00,11.9,12.7,11.8,12.1,25863046.92120845,318809712.62928087
2026-06-27 13:15:00,12.2,12.4,12.0,12.3,4565628.08890492,55519115.21916655
2026-06-27 13:30:00,12.3,13.0,12.2,13.0,35078819.14827929,446203964.2908369
2026-06-27 13:45:00,13.0,13.1,12.1,12.3,27743947.68917361,349524010.99951845
2026-06-27 14:00:00,12.3,12.6,12.0,12.1,14082373.80672799,172858372.89224887
2026-06-27 14:15:00,12.1,12.4,11.9,12.3,4668790.09255702,56621794.36652347
2026-06-27 14:30:00,12.3,12.5,12.1,12.2,2913102.37279224,35648639.02273677
2026-06-27 14:45:00,12.1,12.3,11.9,11.9,3174390.23913968,38295701.14293038
2026-06-27 15:00:00,11.9,12.0,11.8,11.9,3068186.65244887,36460166.85613917
2026-06-27 15:15:00,11.8,12.0,11.7,11.8,2399878.8515406,28353985.19853734
2026-06-27 15:30:00,11.9,12.1,11.8,12.0,798698.03726807,9549147.33833531
2026-06-27 15:45:00,11.9,12.0,11.6,11.7,3624972.96715917,42553738.74215031
2026-06-27 16:00:00,11.7,12.0,11.6,12.0,1171083.31583023,13771030.67811323
2026-06-27 16:15:00,12.0,12.1,11.8,12.0,772376.59815255,9267049.08796082
2026-06-27 16:30:00,11.8,12.0,11.7,12.0,3378035.86090923,39865112.10211143
2026-06-27 16:45:00,12.0,12.0,11.8,11.8,1133269.65306224,13411396.3412394
2026-06-27 17:00:00,11.8,11.8,11.6,11.7,1708907.51876716,19974867.81121278
2026-06-27 17:15:00,11.8,11.9,11.7,11.7,119620.70061186,1405999.83338629
2026-06-27 17:30:00,11.8,12.2,11.7,12.0,1540959.27682637,18531960.73552669
2026-06-27 17:45:00,12.0,12.3,12.0,12.1,2483609.76342221,30342093.82679021
2026-06-27 18:00:00,12.1,12.2,11.9,12.1,1177993.90117185,14138220.72368386
2026-06-27 18:15:00,12.1,12.2,12.0,12.2,315169.89268811,3835049.08091708
2026-06-27 18:30:00,12.3,12.5,11.8,11.9,4518797.29380718,55610661.91650388
2026-06-27 18:45:00,12.0,12.0,11.7,11.8,840179.65385541,9949119.12590493
2026-06-27 19:00:00,11.8,13.1,11.7,12.0,36311957.60825602,458445510.9380359
2026-06-27 19:15:00,12.0,12.8,11.6,12.4,23088196.42925293,280274312.7588609
2026-06-27 19:30:00,12.4,12.4,12.0,12.1,6055950.36621272,73778062.56371425
2026-06-27 19:45:00,12.1,12.1,11.8,12.0,4245412.7304868,50786876.27420142
2026-06-27 20:00:00,12.0,12.1,11.8,12.1,1544961.21557768,18515191.55393018
2026-06-27 20:15:00,12.1,12.3,12.0,12.1,1450116.28019842,17582845.81510736
2026-06-27 20:30:00,12.1,12.1,11.8,11.9,1610873.88243595,19257680.08665923
2026-06-27 20:45:00,12.1,12.1,11.9,12.1,505309.70310297,6066894.52148897
2026-06-27 21:00:00,12.0,12.1,11.9,12.1,553017.58724224,6651010.84483393
2026-06-27 21:15:00,12.1,12.2,12.0,12.2,459412.86667841,5535203.06175452
2026-06-27 21:30:00,12.3,12.3,12.2,12.2,1047794.22778788,12824555.84589902
2026-06-27 21:45:00,12.3,12.4,12.2,12.4,462338.06511669,5679226.95123877
2026-06-27 22:00:00,12.2,12.5,12.1,12.2,2182313.91080321,26788024.25491383
2026-06-27 22:15:00,12.2,12.5,12.1,12.2,1458554.53299903,18021519.0896155
2026-06-27 22:30:00,12.4,12.4,12.0,12.2,1430992.60481241,17358770.35331818
2026-06-27 22:45:00,12.2,12.2,12.0,12.1,238248.57961464,2895094.61059405
2026-06-27 23:00:00,12.1,12.1,11.9,12.1,1939833.12759976,23148945.81380213
2026-06-27 23:15:00,12.1,12.1,11.9,12.0,439118.66164005,5268217.02704945
2026-06-27 23:30:00,12.0,12.1,11.8,11.9,2866361.95477283,34037419.03520475
2026-06-27 23:45:00,11.9,12.1,11.9,12.1,1430666.94816448,17052580.93118567
2026-06-28 00:00:00,12.1,12.1,12.0,12.0,252737.44833507,3033051.30385231
2026-06-28 00:15:00,12.0,12.0,11.9,11.9,254536.97194169,3047098.82722177
2026-06-28 00:30:00,12.0,12.0,11.8,11.9,445945.94005921,5283755.77534984
2026-06-28 00:45:00,11.9,12.0,11.8,12.0,741951.52070978,8854858.7476932
2026-06-28 01:00:00,11.9,12.0,11.9,11.9,330816.58337194,3948683.38263426
2026-06-28 01:15:00,11.9,12.1,11.9,12.0,344467.59695906,4142245.84945913
2026-06-28 01:30:00,12.1,12.1,12.1,12.1,308462.83900826,3732400.35199995
2026-06-28 01:45:00,12.1,12.1,11.9,11.9,243766.14244077,2900899.82231789
2026-06-28 02:00:00,11.9,11.9,11.9,11.9,390253.25322662,4644013.71339678
2026-06-28 02:15:00,11.9,11.9,11.9,11.9,25942.06833591,308710.61319733
2026-06-28 02:30:00,12.1,12.1,11.9,11.9,29357.08535196,355134.43965527
2026-06-28 02:45:00,12.1,12.2,11.9,12.0,4209.3803003,50688.31477827
2026-06-28 03:00:00,12.1,12.1,11.8,11.8,157441.10596216,1872983.77387416
2026-06-28 03:15:00,11.9,12.1,11.9,12.1,80234.24273957,963242.74476865
2026-06-28 03:30:00,11.9,11.9,11.9,11.9,2862.83900826,34067.78419829
2026-06-28 03:45:00,11.9,12.0,11.9,12.0,15542.71708689,185000.00000066
2026-06-28 04:00:00,12.0,12.1,11.8,12.1,83202.8867198,989416.39696435
2026-06-28 04:15:00,11.9,11.9,11.9,11.9,826.44628099,9834.71074378
2026-06-28 05:00:00,11.9,11.9,11.9,11.9,103439.84255158,1230934.1263638
2026-06-28 05:15:00,11.9,12.1,11.7,12.1,1596036.53664392,18845936.47112143
2026-06-28 05:45:00,11.9,12.1,11.9,11.9,17513.13411634,208494.84143899
2026-06-28 06:00:00,11.9,11.9,11.9,11.9,36947.93533957,439680.43054088
2026-06-28 06:15:00,11.9,11.9,11.8,11.8,724865.54346729,8564584.91669567
2026-06-28 06:30:00,11.8,11.8,11.8,11.8,70046.50973523,826548.81487571
2026-06-28 06:45:00,11.8,12.1,11.8,12.0,475471.86566431,5653912.86651514
2026-06-28 07:00:00,12.0,12.0,11.9,12.0,147043.61757006,1750255.72708784
2026-06-28 07:15:00,12.0,12.0,12.0,12.0,163420.84726922,1961050.16723064
2026-06-28 07:30:00,11.9,12.1,11.9,12.1,115024.98859447,1380288.53752388
2026-06-28 07:45:00,12.1,12.1,11.8,11.8,1565035.18644877,18634997.97636201
2026-06-28 08:00:00,11.9,11.9,11.7,11.8,366338.80823272,4324211.65087531
2026-06-28 08:15:00,11.7,11.7,11.7,11.7,435.21739131,5092.04347833
2026-06-28 08:30:00,11.9,12.0,11.8,11.9,327283.81512988,3884034.74486343
2026-06-28 08:45:00,11.9,12.1,11.8,11.9,803345.69079472,9563639.47761105
2026-06-28 09:00:00,12.1,12.6,12.0,12.4,8747333.85679838,107864867.26435952
2026-06-28 09:15:00,12.3,12.8,12.3,12.6,4507743.80400468,56468813.60786356
2026-06-28 09:30:00,12.6,12.6,12.3,12.4,2228651.6622401,27666486.69494166
2026-06-28 09:45:00,12.3,12.5,12.0,12.4,3996458.02009121,48881856.12160559
2026-06-28 10:00:00,12.2,12.4,12.1,12.3,2214023.91302451,27011037.84044628
2026-06-28 10:15:00,12.3,12.4,12.1,12.4,1064402.20292343,13016777.87390826
2026-06-28 10:30:00,12.3,12.6,12.2,12.3,1986910.22260416,24501767.45291027
2026-06-28 10:45:00,12.3,12.6,12.3,12.5,2425489.5473107,30347614.27857856
2026-06-28 11:00:00,12.5,12.6,12.4,12.5,674441.97893645,8446971.95671086
2026-06-28 11:15:00,12.5,12.5,12.2,12.2,2104333.23511977,26095394.81007888
2026-06-28 11:30:00,12.5,12.5,12.2,12.5,870625.59537464,10742444.82726329
2026-06-28 11:45:00,12.3,12.6,12.3,12.4,2450651.90799909,30718442.92001185
2026-06-28 12:00:00,12.4,12.5,12.3,12.4,189886.64089135,2358993.67317529
2026-06-28 12:15:00,12.4,12.4,12.3,12.4,176143.44984293,2182210.32246997
2026-06-28 12:30:00,12.4,12.4,12.3,12.3,22292.26943353,274521.03953242
2026-06-28 12:45:00,12.3,12.3,12.3,12.3,168198.88852255,2068846.32882737
2026-06-28 13:00:00,12.4,12.5,12.4,12.5,675372.06568209,8375244.7468917
2026-06-28 13:15:00,12.4,12.5,12.1,12.1,1492216.68641148,18332196.64766043
2026-06-28 13:30:00,12.2,12.3,12.1,12.2,525848.82301296,6416095.46307201
2026-06-28 13:45:00,12.3,12.9,12.2,12.6,8519409.88785857,108173610.14712189
2026-06-28 14:00:00,12.7,13.6,12.3,12.3,55276250.23704082,718926622.9045238
2026-06-28 14:15:00,12.3,12.4,12.0,12.1,9407781.37903821,114404358.63067476
2026-06-28 14:30:00,12.1,12.1,11.9,12.1,4962333.86938372,59550211.09664
2026-06-28 14:45:00,12.0,12.2,12.0,12.2,2315088.94881633,27907199.78797894
2026-06-28 15:00:00,12.2,12.3,11.9,12.0,1870034.29483483,22469824.07233225
2026-06-28 15:15:00,12.0,12.1,11.9,12.0,1432183.56653089,17185577.78923014
2026-06-28 15:30:00,12.1,12.1,12.0,12.0,190252.72072386,2285689.94297686
2026-06-28 15:45:00,12.0,12.0,11.5,11.7,10085650.38097747,117643722.75855319
2026-06-28 16:00:00,11.7,11.8,11.3,11.6,6245560.92220631,72153886.97369833
2026-06-28 16:15:00,11.5,11.7,11.5,11.5,1584949.49709946,18334026.35094839
2026-06-28 16:30:00,11.6,11.7,11.5,11.6,2381801.39705062,27637765.65616052
2026-06-28 16:45:00,11.7,11.7,11.6,11.6,121958.5383193,1417808.88218717
2026-06-28 17:00:00,11.7,11.7,11.6,11.7,214832.78736882,2504153.66678773
2026-06-28 17:15:00,11.6,11.7,11.6,11.6,151781.4006027,1762050.7385276
2026-06-28 17:30:00,11.7,11.7,11.6,11.7,433050.34421874,5024001.50233909
2026-06-28 17:45:00,11.6,11.7,11.6,11.7,236308.81719705,2750827.16153706
2026-06-28 18:00:00,11.7,11.8,11.7,11.8,230716.23508375,2699408.75047988
2026-06-28 18:15:00,11.7,11.7,11.6,11.7,83389.3570948,975610.47800916
2026-06-28 18:30:00,11.6,11.7,11.6,11.6,412876.13643157,4789526.58260621
2026-06-28 18:45:00,11.7,11.8,11.6,11.6,688615.12414327,8027189.33351193
2026-06-28 19:00:00,11.8,11.8,11.6,11.8,318796.65759377,3755132.30556498
2026-06-28 19:15:00,11.8,11.9,11.8,11.8,417380.86011872,4925137.6494009
2026-06-28 19:30:00,11.8,11.9,11.8,11.9,147335.52428684,1738993.85465194
2026-06-28 19:45:00,11.9,12.0,11.9,12.0,356249.29999848,4239437.86998191
2026-06-28 20:00:00,11.9,11.9,11.8,11.9,364466.38246369,4331390.12033513
2026-06-28 20:15:00,11.8,11.9,11.8,11.9,14987.74535278,177019.75650734
2026-06-28 20:30:00,11.8,11.9,11.7,11.9,393593.46555033,4634086.68091335
2026-06-28 20:45:00,11.9,12.1,11.8,12.0,898273.48432242,10765629.5221569
2026-06-28 21:00:00,11.9,11.9,11.8,11.9,273986.19704201,3241882.72676082
2026-06-28 21:15:00,11.8,11.9,11.8,11.8,49525.72003544,584417.79641819
2026-06-28 21:30:00,11.8,11.8,11.6,11.7,3428067.54976275,40212701.95489856
2026-06-28 21:45:00,11.8,11.8,11.6,11.8,11380.29743358,132323.54253928
2026-06-28 22:00:00,11.8,11.8,11.6,11.7,293020.41468643,3426342.22082428
2026-06-28 22:15:00,11.7,11.7,11.5,11.7,803766.30309578,9364229.24593224
2026-06-28 22:30:00,11.7,11.7,11.6,11.7,13871.69540881,162210.25221228
2026-06-28 22:45:00,11.7,11.7,11.4,11.6,1333211.32352821,15359968.36255098
2026-06-28 23:00:00,11.6,11.6,11.4,11.5,1226686.68197386,14038941.28717502
