,open,high,low,close,volume,value
2026-05-07 05:00:00,748.0,748.0,748.0,748.0,163.68964705,122439.8559934
2026-05-07 05:15:00,748.0,749.0,746.0,748.0,2682.06111736,2006031.3094865
2026-05-07 05:30:00,746.0,746.0,746.0,746.0,1869.64673963,1394756.46776398
2026-05-07 06:00:00,746.0,747.0,746.0,746.0,111.90896654,83552.33903884
2026-05-07 06:15:00,743.0,743.0,743.0,743.0,119.10380508,88494.12717444
2026-05-07 06:30:00,746.0,747.0,746.0,746.0,1601.94241991,1196167.00452406
2026-05-07 06:45:00,746.0,747.0,746.0,746.0,3571.07185522,2664360.04986906
2026-05-07 07:00:00,749.0,750.0,748.0,748.0,9755.05714502,7311929.35264314
2026-05-07 07:15:00,744.0,746.0,744.0,746.0,904.93827112,673300.77598296
2026-05-07 07:30:00,744.0,744.0,744.0,744.0,942.0693894,700899.6257136
2026-05-07 07:45:00,744.0,747.0,744.0,747.0,8127.16153298,6065843.64666261
2026-05-07 08:00:00,744.0,744.0,744.0,744.0,2280.36362526,1696590.53719344
2026-05-07 08:15:00,744.0,744.0,744.0,744.0,8345.8962397,6209346.8023368
2026-05-07 08:30:00,745.0,745.0,745.0,745.0,1300.96512674,969219.0194213
2026-05-07 08:45:00,748.0,750.0,748.0,750.0,118.02131579,88493.17093088
2026-05-07 09:00:00,750.0,750.0,745.0,745.0,15914.49511262,11870567.47305294
2026-05-07 09:15:00,744.0,746.0,744.0,744.0,5423.88800426,4038772.64635263
2026-05-07 09:30:00,743.0,743.0,738.0,738.0,4989.54662952,3686400.08815032
2026-05-07 09:45:00,737.0,737.0,736.0,737.0,1473.13670444,1084317.45076783
2026-05-07 10:00:00,737.0,737.0,734.0,737.0,28756.12898796,21141090.09951077
2026-05-07 10:15:00,738.0,738.0,734.0,734.0,4920.0085248,3625338.56881611
2026-05-07 10:30:00,739.0,739.0,739.0,739.0,355.16612465,262467.76611635
2026-05-07 10:45:00,739.0,739.0,738.0,739.0,1414.09140747,1043660.3701474
2026-05-07 11:00:00,736.0,736.0,734.0,734.0,2862.24524928,2103746.1714626
2026-05-07 11:15:00,735.0,735.0,735.0,735.0,1496.53064623,1099950.02497905
2026-05-07 11:30:00,734.0,735.0,733.0,735.0,4051.73096204,2974679.339393
2026-05-07 11:45:00,736.0,736.0,736.0,736.0,5232.1050438,3850829.3122368
2026-05-07 12:00:00,737.0,740.0,737.0,737.0,502.62663532,371386.25026083
2026-05-07 12:15:00,738.0,738.0,737.0,737.0,1069.98873205,788673.39552084
2026-05-07 12:30:00,737.0,737.0,737.0,737.0,800.94033333,590293.02566421
2026-05-07 12:45:00,737.0,739.0,735.0,735.0,3284.27460033,2417452.95027045
2026-05-07 13:00:00,736.0,736.0,734.0,736.0,1297.1420327,954680.0258472
2026-05-07 13:15:00,736.0,740.0,736.0,740.0,3220.94139516,2370770.99581288
2026-05-07 13:30:00,740.0,740.0,739.0,739.0,8901.801434,6586013.79994628
2026-05-07 14:00:00,742.0,744.0,742.0,744.0,5044.19475,3747819.35815
2026-05-07 14:15:00,744.0,744.0,742.0,742.0,4399.29649418,3266415.47672741
2026-05-07 14:30:00,744.0,744.0,744.0,744.0,1397.37969428,1039650.49254432
2026-05-07 14:45:00,745.0,746.0,743.0,743.0,5892.87731728,4387129.33019725
2026-05-07 15:00:00,743.0,745.0,743.0,745.0,6193.86885112,4606983.07484266
2026-05-07 15:15:00,744.0,746.0,743.0,743.0,5300.90852696,3944645.59472454
2026-05-07 15:30:00,747.0,752.0,747.0,751.0,9358.62790911,7014093.87537737
2026-05-07 15:45:00,751.0,752.0,751.0,751.0,2852.30234689,2142093.94835439
2026-05-07 16:00:00,753.0,754.0,751.0,752.0,5436.43326937,4097622.06742112
2026-05-07 16:15:00,752.0,756.0,752.0,756.0,7967.86992483,6013250.29775627
2026-05-07 16:30:00,756.0,759.0,756.0,758.0,8358.51003755,6330087.67776673
2026-05-07 16:45:00,757.0,758.0,757.0,758.0,5969.82113418,4523660.98360086
2026-05-07 17:00:00,759.0,759.0,757.0,758.0,8404.52801526,6365588.76925267
2026-05-07 17:15:00,756.0,756.0,756.0,756.0,233.48234523,176512.65299388
2026-05-07 17:30:00,756.0,759.0,756.0,759.0,1024.05925882,775594.51353063
2026-05-07 17:45:00,758.0,761.0,757.0,760.0,5345.03077011,4056488.50098989
2026-05-07 18:00:00,760.0,761.0,759.0,759.0,14285.9177519,10864419.60105783
2026-05-07 18:15:00,761.0,763.0,758.0,758.0,9951.23341846,7552350.83366655
2026-05-07 18:30:00,761.0,762.0,759.0,759.0,11263.61086201,8576058.83873072
2026-05-07 18:45:00,759.0,759.0,757.0,757.0,2640.56165249,2000186.29423991
2026-05-07 19:00:00,757.0,758.0,757.0,758.0,2580.67603761,1956084.77441234
2026-05-07 19:15:00,756.0,756.0,755.0,755.0,23872.8851472,18024516.6558462
2026-05-07 19:30:00,754.0,755.0,754.0,755.0,2217.98044627,1672424.25648758
2026-05-07 19:45:00,760.0,760.0,759.0,759.0,26.31578946,19986.84209487
2026-05-07 20:00:00,760.0,763.0,760.0,762.0,6489.44068669,4940777.91421399
2026-05-07 20:15:00,762.0,763.0,761.0,762.0,4789.14780425,3649239.14243839
2026-05-07 20:30:00,762.0,762.0,762.0,762.0,25.935,19762.47
2026-05-07 20:45:00,761.0,761.0,760.0,760.0,16878.54677444,12842508.99204976
2026-05-07 21:00:00,760.0,765.0,760.0,765.0,15275.12438021,11666521.49604888
2026-05-07 21:15:00,765.0,771.0,765.0,769.0,33626.85732329,25861455.16249952
2026-05-07 21:30:00,769.0,771.0,768.0,770.0,1870.68623788,1440627.85734182
2026-05-07 21:45:00,770.0,772.0,768.0,772.0,11854.80306034,9138742.9583644
2026-05-07 22:00:00,772.0,772.0,765.0,767.0,3159.24980165,2426187.09715203
2026-05-07 22:15:00,765.0,768.0,764.0,764.0,2989.09791452,2291442.60001643
2026-05-07 22:30:00,763.0,763.0,761.0,762.0,6472.68279242,4930879.8854464
2026-05-07 22:45:00,761.0,763.0,757.0,759.0,6222.84601759,4724674.01946188
2026-05-07 23:00:00,761.0,763.0,760.0,763.0,14649.43743144,11164704.43810165
2026-05-07 23:15:00,761.0,764.0,761.0,761.0,3097.46949753,2357201.77453131
2026-05-07 23:30:00,759.0,759.0,754.0,755.0,5877.38278104,4438745.67711041
2026-05-07 23:45:00,760.0,761.0,760.0,760.0,21674.29166822,16491817.87311116
2026-05-08 00:00:00,759.0,767.0,759.0,766.0,23084.16315043,17607594.21465083
2026-05-08 00:15:00,764.0,764.0,755.0,755.0,21795.11830448,16480277.24349903
2026-05-08 00:30:00,759.0,760.0,759.0,760.0,190.67514998,144814.13883481
2026-05-08 00:45:00,760.0,760.0,760.0,760.0,2718.54411118,2066093.5244968
2026-05-08 01:15:00,757.0,757.0,756.0,756.0,792.73590717,599408.41636051
2026-05-08 01:30:00,762.0,762.0,760.0,760.0,1403.8603695,1068425.81208532
2026-05-08 01:45:00,762.0,763.0,761.0,762.0,1158.6,882808.6
2026-05-08 02:00:00,760.0,763.0,760.0,763.0,15707.01105788,11964452.124699
2026-05-08 02:15:00,764.0,771.0,763.0,766.0,54042.19534499,41413338.22749148
2026-05-08 02:30:00,767.0,772.0,767.0,772.0,5122.40079067,3943633.92444688
2026-05-08 02:45:00,772.0,774.0,772.0,774.0,31001.79073576,23968095.34445125
2026-05-08 03:00:00,775.0,779.0,773.0,775.0,24326.89538532,18888795.46798097
2026-05-08 03:15:00,772.0,773.0,772.0,773.0,2733.05821474,2110693.99999402
2026-05-08 03:30:00,772.0,773.0,772.0,773.0,180.31972625,139213.38914497
2026-05-08 03:45:00,773.0,778.0,773.0,778.0,2361.366106,1829830.999938
2026-05-08 04:00:00,777.0,777.0,774.0,774.0,245.63388275,190381.01494431
2026-05-08 04:15:00,776.0,776.0,775.0,776.0,2893.40037435,2242662.42565706
2026-05-08 04:30:00,777.0,780.0,777.0,780.0,5586.44855367,4345719.34883675
2026-05-08 04:45:00,780.0,786.0,777.0,785.0,32388.33664525,25278275.83719666
2026-05-08 05:00:00,786.0,789.0,784.0,789.0,12526.76316119,9863604.93532382
2026-05-08 05:15:00,789.0,791.0,786.0,790.0,18737.4466463,14797231.13141574
2026-05-08 05:30:00,791.0,791.0,778.0,781.0,12974.16880576,10198343.63774463
2026-05-08 05:45:00,781.0,783.0,781.0,783.0,444.53965971,347637.29643351
2026-05-08 06:00:00,779.0,779.0,776.0,777.0,4470.79704292,3473793.89663453
2026-05-08 06:15:00,778.0,778.0,778.0,778.0,127.32551132,99059.24780696
2026-05-08 06:30:00,779.0,779.0,773.0,773.0,6259.83230309,4855739.23183289
2026-05-08 06:45:00,774.0,776.0,773.0,773.0,2059.23706526,1592889.63819219
2026-05-08 07:00:00,772.0,775.0,771.0,775.0,5250.81642839,4053161.82414708
2026-05-08 07:30:00,775.0,777.0,773.0,777.0,6588.09371144,5100571.34004584
2026-05-08 07:45:00,777.0,777.0,777.0,777.0,421.45819856,327473.02028112
2026-05-08 08:00:00,777.0,778.0,775.0,777.0,10591.77165277,8227276.13309533
2026-05-08 08:15:00,777.0,777.0,774.0,777.0,4303.1206586,3338440.66810334
2026-05-08 08:45:00,774.0,777.0,774.0,777.0,5110.72364172,3970812.10240089
2026-05-08 09:00:00,775.0,777.0,773.0,777.0,14543.58674173,11252582.29330668
2026-05-08 09:15:00,775.0,778.0,774.0,776.0,8589.50554105,6652993.74593743
2026-05-08 09:30:00,775.0,778.0,774.0,774.0,16432.31075264,12731951.71641098
2026-05-08 09:45:00,773.0,773.0,770.0,771.0,15599.31092156,12024313.36436901
2026-05-08 10:00:00,771.0,773.0,771.0,771.0,1101.17668352,850295.77797448
2026-05-08 10:15:00,771.0,772.0,771.0,772.0,649.2,500792.88257528
2026-05-08 10:30:00,773.0,775.0,773.0,774.0,895.0,693308.64866149
2026-05-08 11:00:00,772.0,772.0,770.0,770.0,4260.36062833,3280492.98174156
2026-05-08 11:15:00,770.0,771.0,769.0,771.0,2371.58676514,1826304.88079275
2026-05-08 11:30:00,771.0,773.0,771.0,773.0,1142.79170089,883080.29269389
2026-05-08 11:45:00,771.0,774.0,771.0,774.0,1184.68310291,916441.25138735
2026-05-08 12:00:00,771.0,771.0,769.0,769.0,4219.37934441,3244824.58586045
2026-05-08 12:15:00,773.0,773.0,773.0,773.0,5556.86240415,4295454.63840795
2026-05-08 12:30:00,773.0,774.0,772.0,772.0,1981.7740267,1531750.09572102
2026-05-08 12:45:00,772.0,775.0,772.0,772.0,4600.45448623,3562372.49186836
2026-05-08 13:00:00,774.0,774.0,774.0,774.0,188.902,146210.148
2026-05-08 13:15:00,774.0,774.0,774.0,774.0,1321.98103795,1023213.3233733
2026-05-08 13:30:00,774.0,776.0,774.0,776.0,10343.04191906,8009050.04535244
2026-05-08 13:45:00,775.0,775.0,773.0,775.0,2615.52107324,2024444.85243284
2026-05-08 14:00:00,777.0,777.0,777.0,777.0,441.88035888,343341.03884976
2026-05-08 14:15:00,777.0,777.0,775.0,775.0,4497.95507624,3486635.35848549
2026-05-08 14:45:00,774.0,774.0,771.0,771.0,3604.66455704,2786418.65389357
2026-05-08 15:00:00,770.0,770.0,767.0,768.0,17326.71812969,13303273.10812594
2026-05-08 15:30:00,770.0,770.0,770.0,770.0,799.68119133,615754.5173241
2026-05-08 15:45:00,768.0,768.0,767.0,767.0,1467.98968169,1127408.21653851
2026-05-08 16:00:00,767.0,767.0,763.0,763.0,21492.06398955,16425966.58828176
2026-05-08 16:15:00,765.0,765.0,764.0,764.0,2049.18838752,1567171.17561025
2026-05-08 16:30:00,766.0,768.0,766.0,768.0,3799.31189704,2915443.30859457
2026-05-08 16:45:00,768.0,768.0,768.0,768.0,4319.71789793,3317543.34561024
2026-05-08 17:00:00,768.0,770.0,768.0,770.0,4651.04062614,3573244.08357304
2026-05-08 17:15:00,770.0,770.0,770.0,770.0,13925.05403142,10722291.6041934
2026-05-08 17:30:00,771.0,772.0,768.0,768.0,6806.09139701,5231316.07620461
2026-05-08 17:45:00,771.0,772.0,771.0,771.0,6606.28458396,5093458.36112435
2026-05-08 18:00:00,769.0,771.0,769.0,769.0,8714.86320189,6703170.36692066
2026-05-08 18:15:00,771.0,772.0,771.0,771.0,2050.09131854,1580807.94197742
2026-05-08 18:30:00,771.0,772.0,771.0,771.0,18785.10819194,14485800.53668989
2026-05-08 18:45:00,770.0,770.0,766.0,766.0,23556.97942658,18071297.75942372
2026-05-08 19:00:00,768.0,769.0,767.0,767.0,1085.5901836,833615.97191182
2026-05-08 19:15:00,767.0,767.0,767.0,767.0,3896.1038961,2988311.6883087
2026-05-08 19:30:00,767.0,767.0,767.0,767.0,977.61000921,749826.87706407
2026-05-08 19:45:00,767.0,769.0,765.0,766.0,7784.03697792,5966390.70487184
2026-05-08 20:00:00,766.0,766.0,765.0,765.0,512.42941192,392008.50011898
2026-05-08 20:15:00,764.0,767.0,764.0,766.0,6582.97999155,5042450.89155587
2026-05-08 20:30:00,765.0,767.0,765.0,765.0,12095.33772275,9259105.03380797
2026-05-08 20:45:00,767.0,767.0,767.0,767.0,2916.46321737,2236927.28772279
2026-05-08 21:00:00,769.0,770.0,769.0,770.0,11792.64697171,9068633.78231285
2026-05-08 21:15:00,770.0,770.0,765.0,765.0,10603.16430426,8132251.71322453
2026-05-08 21:30:00,767.0,767.0,763.0,763.0,6558.53915912,5007356.39236518
2026-05-08 21:45:00,763.0,763.0,763.0,763.0,1699.2425819,1296522.0899897
2026-05-08 22:00:00,763.0,763.0,760.0,760.0,6951.42470597,5295805.91658984
2026-05-08 22:15:00,761.0,763.0,761.0,761.0,27748.98138573,21142613.08568187
2026-05-08 22:30:00,763.0,763.0,762.0,763.0,2199.18025922,1677105.88213375
2026-05-08 23:00:00,764.0,767.0,763.0,767.0,17755.87257123,13551508.21105708
2026-05-08 23:15:00,769.0,774.0,769.0,771.0,1971.94258064,1521986.79989414
2026-05-08 23:30:00,771.0,775.0,770.0,775.0,6199.1661677,4790379.54643705
2026-05-08 23:45:00,775.0,776.0,775.0,776.0,1719.85243516,1334378.29962013
2026-05-09 00:00:00,776.0,776.0,774.0,774.0,2126.09938739,1645708.92583986
2026-05-09 00:15:00,772.0,774.0,772.0,774.0,1762.09043927,1362857.99999498
2026-05-09 00:30:00,774.0,777.0,774.0,775.0,1683.60952617,1305416.90267522
2026-05-09 00:45:00,775.0,781.0,775.0,781.0,891.53254459,694504.19201172
2026-05-09 01:00:00,780.0,780.0,776.0,776.0,75.09785559,58537.09659102
2026-05-09 01:15:00,781.0,782.0,779.0,782.0,5280.30255096,4125714.36679197
2026-05-09 01:30:00,783.0,784.0,783.0,784.0,22.996,18021.864
2026-05-09 01:45:00,784.0,784.0,783.0,783.0,4113.061624,3220808.895592
2026-05-09 02:00:00,783.0,785.0,781.0,781.0,18690.70484596,14656513.88325304
2026-05-09 02:15:00,781.0,786.0,781.0,786.0,6423.03055729,5038122.20969545
2026-05-09 02:30:00,786.0,790.0,786.0,787.0,9245.40185732,7300010.42160731
2026-05-09 02:45:00,789.0,791.0,788.0,788.0,5912.21243682,4661635.22835496
2026-05-09 03:00:00,791.0,792.0,791.0,792.0,11273.76746149,8923905.80572545
2026-05-09 03:15:00,792.0,793.0,792.0,793.0,4284.22472792,3396762.32037744
2026-05-09 03:30:00,793.0,793.0,793.0,793.0,752.68040631,596875.56220383
2026-05-09 03:45:00,791.0,791.0,790.0,790.0,304.34809144,240476.69332904
2026-05-09 04:00:00,790.0,790.0,787.0,790.0,8453.02830677,6655682.60731736
2026-05-09 04:15:00,790.0,793.0,790.0,790.0,1517.5543303,1199244.8053591
2026-05-09 04:45:00,789.0,789.0,789.0,789.0,12.67427122,9999.99999258
2026-05-09 05:00:00,788.0,788.0,785.0,786.0,7873.29695478,6187117.21756476
2026-05-09 05:15:00,786.0,790.0,786.0,790.0,5416.93154055,4259734.32424565
2026-05-09 05:30:00,787.0,787.0,786.0,786.0,5127.65616797,4030850.51364121
2026-05-09 05:45:00,788.0,788.0,788.0,788.0,5837.56345176,4599999.99998688
2026-05-09 06:00:00,788.0,790.0,786.0,788.0,20352.81512834,16044099.25425834
2026-05-09 06:15:00,788.0,791.0,787.0,791.0,2540.37071804,2001501.82537057
2026-05-09 06:30:00,791.0,792.0,791.0,792.0,17130.28768871,13565916.04162015
2026-05-09 06:45:00,793.0,795.0,793.0,793.0,3599.49118269,2857133.62001034
2026-05-09 07:00:00,795.0,799.0,791.0,791.0,32524.69657388,25870315.10621431
2026-05-09 07:15:00,791.0,792.0,791.0,792.0,8797.24391752,6967341.32932566
2026-05-09 07:30:00,790.0,790.0,790.0,790.0,2215.54786304,1750282.8118016
2026-05-09 07:45:00,790.0,790.0,790.0,790.0,17835.97645557,14090421.3999003
2026-05-09 08:00:00,789.0,790.0,788.0,790.0,1678.53066349,1325388.63993899
2026-05-09 08:15:00,788.0,790.0,786.0,787.0,18493.1142061,14557931.20169674
2026-05-09 08:30:00,787.0,789.0,787.0,787.0,3897.85912218,3068876.88226767
2026-05-09 08:45:00,787.0,788.0,787.0,788.0,4058.51328139,3197886.10083181
2026-05-09 09:00:00,790.0,790.0,790.0,790.0,9599.94402722,7583955.7815038
2026-05-09 09:15:00,790.0,793.0,788.0,793.0,7433.35974192,5884352.59615053
2026-05-09 09:30:00,791.0,795.0,791.0,794.0,2648.81621382,2096748.66281354
2026-05-09 09:45:00,794.0,796.0,793.0,796.0,1361.83771056,1080592.56543302
2026-05-09 10:00:00,798.0,798.0,798.0,798.0,687.97426861,549003.46635078
2026-05-09 10:15:00,797.0,798.0,796.0,798.0,16219.91549256,12939499.73616322
2026-05-09 10:30:00,798.0,800.0,798.0,800.0,4157.49531083,3323084.57405788
2026-05-09 10:45:00,799.0,800.0,797.0,800.0,7263.62766175,5793924.86411886
2026-05-09 11:00:00,798.0,798.0,797.0,797.0,20351.87355453,16221094.81331127
2026-05-09 11:15:00,797.0,797.0,795.0,795.0,16456.97197335,13105399.65786161
2026-05-09 11:30:00,797.0,797.0,795.0,795.0,381.31546961,303886.42927917
2026-05-09 11:45:00,795.0,796.0,793.0,793.0,4347.68456577,3460019.42676536
2026-05-09 12:00:00,795.0,798.0,794.0,798.0,389.9428569,310254.07246618
2026-05-09 12:15:00,797.0,797.0,797.0,797.0,351.99401553,280539.23037741
2026-05-09 12:30:00,792.0,792.0,788.0,790.0,13429.55813701,10608580.31910603
2026-05-09 12:45:00,789.0,789.0,788.0,789.0,6623.81382765,5226173.93647277
2026-05-09 13:00:00,789.0,791.0,789.0,790.0,12502.26792935,9867517.06521468
2026-05-09 13:15:00,789.0,789.0,789.0,789.0,2772.11793835,2187201.05335815
2026-05-09 13:30:00,790.0,790.0,790.0,790.0,156.54206716,123668.2330564
2026-05-09 13:45:00,790.0,790.0,788.0,788.0,3031.28596447,2389788.4506442
2026-05-09 14:00:00,789.0,789.0,787.0,788.0,3929.2581018,3095824.73525326
2026-05-09 14:30:00,792.0,792.0,792.0,792.0,119.09260142,94321.34032464
2026-05-09 14:45:00,792.0,792.0,792.0,792.0,134.29,106357.68
2026-05-09 15:15:00,791.0,793.0,791.0,791.0,1290.42962658,1021162.08518436
2026-05-09 15:30:00,792.0,792.0,787.0,789.0,669.70708797,529785.17162891
2026-05-09 15:45:00,789.0,789.0,786.0,787.0,2613.53395978,2057354.88296615
2026-05-09 16:00:00,786.0,788.0,786.0,786.0,681.23236723,535525.6348528
2026-05-09 16:15:00,789.0,791.0,789.0,791.0,6794.56071356,5364654.82743071
2026-05-09 16:30:00,786.0,787.0,786.0,786.0,5060.03009035,3977565.68490285
2026-05-09 16:45:00,785.0,785.0,783.0,784.0,5224.91112641,4099050.86029533
2026-05-09 17:00:00,784.0,786.0,784.0,786.0,858.67737949,673834.99680976
2026-05-09 17:15:00,786.0,786.0,786.0,786.0,432.71655178,340115.20969908
2026-05-09 17:30:00,787.0,787.0,787.0,787.0,160.10563531,126003.13498897
2026-05-09 17:45:00,786.0,786.0,786.0,786.0,1253.92197542,985582.67268012
2026-05-09 18:00:00,786.0,786.0,785.0,785.0,1936.45070587,1520725.21169695
2026-05-09 18:15:00,783.0,783.0,780.0,780.0,3068.99456313,2395851.40192269
2026-05-09 18:30:00,780.0,781.0,778.0,781.0,2646.19442381,2063543.56223796
2026-05-09 18:45:00,780.0,780.0,777.0,779.0,2072.1122204,1610168.211983
2026-05-09 19:00:00,779.0,779.0,779.0,779.0,1175.79162445,915941.67544655
2026-05-09 19:15:00,778.0,778.0,776.0,776.0,7850.93107806,6094672.6806114
2026-05-09 19:30:00,779.0,781.0,779.0,781.0,1020.56239565,796107.28502101
2026-05-09 19:45:00,782.0,787.0,781.0,786.0,26845.8955642,21076697.36473034
2026-05-09 20:00:00,786.0,786.0,784.0,784.0,829.0188554,650324.8046336
2026-05-09 20:15:00,784.0,784.0,784.0,784.0,1416.80612076,1110775.99867584
2026-05-09 20:45:00,785.0,785.0,785.0,785.0,1582.48958193,1242254.32181505
2026-05-09 21:00:00,787.0,787.0,785.0,785.0,519.23566878,407612.99362286
2026-05-09 21:30:00,785.0,785.0,783.0,783.0,335.98761937,263212.15657713
2026-05-09 22:00:00,785.0,785.0,785.0,785.0,614.71185425,482548.80558625
2026-05-09 22:15:00,783.0,783.0,780.0,780.0,674.70388266,528071.41873345
2026-05-09 22:30:00,782.0,782.0,780.0,780.0,4535.85081222,3538490.4312836
2026-05-09 22:45:00,780.0,780.0,780.0,780.0,44.87179488,35000.0000064
2026-05-09 23:00:00,781.0,781.0,781.0,781.0,1769.2861714,1381812.4998634
2026-05-09 23:15:00,780.0,780.0,779.0,779.0,183.16621906,142833.7445767
2026-05-09 23:30:00,779.0,779.0,778.0,778.0,3945.79610215,3072390.32680715
2026-05-09 23:45:00,783.0,783.0,779.0,779.0,98.44057974,77017.15961746
2026-05-10 00:00:00,780.0,780.0,778.0,778.0,526.34389341,410094.28772514
2026-05-10 00:15:00,777.0,778.0,777.0,778.0,610.24329693,474686.49578285
2026-05-10 00:30:00,779.0,779.0,777.0,777.0,12178.6012247,9484887.39594518
2026-05-10 00:45:00,777.0,777.0,776.0,776.0,1370.95578653,1063943.98633999
2026-05-10 01:00:00,776.0,776.0,776.0,776.0,1275.74546802,989978.48318352
2026-05-10 01:30:00,780.0,782.0,780.0,782.0,2885.26924932,2250574.9264696
2026-05-10 02:00:00,783.0,785.0,783.0,785.0,64.30598119,50451.19879415
2026-05-10 02:15:00,787.0,787.0,787.0,787.0,35.84216472,28207.78363464
2026-05-10 02:30:00,789.0,790.0,789.0,790.0,2271.12337205,1794091.31920434
2026-05-10 03:00:00,787.0,788.0,784.0,784.0,3812.13603347,2992694.89362013
2026-05-10 05:00:00,785.0,785.0,785.0,785.0,188.36103792,147863.4147672
2026-05-10 05:15:00,785.0,785.0,784.0,784.0,6673.03928041,5237829.58269739
2026-05-10 05:30:00,784.0,784.0,784.0,784.0,186.18864695,145971.8992088
2026-05-10 05:45:00,783.0,783.0,783.0,783.0,714.26403365,559268.73834795
2026-05-10 06:15:00,783.0,783.0,783.0,783.0,630.65636161,493803.93114063
2026-05-10 06:30:00,783.0,783.0,783.0,783.0,455.14484443,356378.41318869
2026-05-10 06:45:00,785.0,785.0,785.0,785.0,7.77070063,6099.99999455
2026-05-10 07:00:00,785.0,786.0,785.0,786.0,7869.25063613,6184736.99999818
2026-05-10 07:15:00,787.0,787.0,787.0,787.0,281.37674714,221443.49999918
2026-05-10 07:30:00,785.0,785.0,785.0,785.0,78.39350318,61538.8999963
2026-05-10 07:45:00,788.0,788.0,785.0,785.0,818.27576967,644350.9999889
2026-05-10 08:15:00,785.0,785.0,785.0,785.0,100.0,78500.0
2026-05-10 08:30:00,784.0,784.0,783.0,783.0,1596.38919835,1251248.25251213
2026-05-10 08:45:00,783.0,783.0,783.0,783.0,1191.82885994,933201.99733302
2026-05-10 09:00:00,783.0,783.0,780.0,780.0,7090.72604668,5541606.97571508
2026-05-10 09:15:00,782.0,782.0,782.0,782.0,12.9421,10120.7222
2026-05-10 09:30:00,780.0,780.0,780.0,780.0,24502.77588661,19112165.1915558
2026-05-10 09:45:00,782.0,782.0,776.0,776.0,7754.23221871,6040706.75785557
2026-05-10 10:00:00,777.0,777.0,776.0,776.0,1909.77813321,1481996.10070096
2026-05-10 10:15:00,776.0,776.0,773.0,773.0,22145.0634607,17140031.71074684
2026-05-10 10:30:00,774.0,774.0,773.0,773.0,1578.62753678,1221571.07559502
2026-05-10 10:45:00,774.0,776.0,773.0,775.0,4397.72731744,3405722.01200734
2026-05-10 11:00:00,779.0,779.0,778.0,779.0,71.11281236,55389.95286844
2026-05-10 12:00:00,783.0,783.0,783.0,783.0,142.77139208,111789.99999864
2026-05-10 12:15:00,783.0,783.0,783.0,783.0,205.18773946,160661.99999718
2026-05-10 12:30:00,780.0,781.0,780.0,781.0,117.78059688,91888.8655664
2026-05-10 12:45:00,781.0,781.0,781.0,781.0,9.0,7029.0
2026-05-10 13:15:00,780.0,780.0,779.0,780.0,6883.78415958,5364216.85628241
2026-05-10 13:30:00,781.0,782.0,781.0,782.0,1312.46936975,1025175.72041593
2026-05-10 13:45:00,781.0,784.0,781.0,784.0,3001.73918039,2350024.61120712
2026-05-10 14:00:00,785.0,786.0,781.0,784.0,10511.59701777,8246941.33557904
2026-05-10 14:15:00,786.0,789.0,786.0,789.0,3207.16399253,2521387.54542878
2026-05-10 14:30:00,790.0,793.0,789.0,791.0,24492.19798285,19370823.1647156
2026-05-10 14:45:00,793.0,794.0,788.0,789.0,21716.04075234,17161754.58166103
2026-05-10 15:00:00,789.0,789.0,785.0,785.0,2683.87211847,2113510.59885369
2026-05-10 15:15:00,787.0,787.0,785.0,787.0,3539.81613436,2781888.28743847
2026-05-10 15:45:00,789.0,790.0,788.0,790.0,5652.42199082,4458693.10688279
2026-05-10 16:00:00,790.0,790.0,790.0,790.0,10373.30869248,8194913.8670592
2026-05-10 16:15:00,790.0,790.0,790.0,790.0,727.70735846,574888.8131834
2026-05-10 16:30:00,790.0,794.0,790.0,794.0,3114.23495726,2472631.87551
2026-05-10 16:45:00,795.0,795.0,793.0,793.0,793.89296154,629634.18862698
2026-05-10 17:00:00,793.0,794.0,792.0,794.0,983.81585732,779512.00631539
2026-05-10 17:15:00,794.0,794.0,794.0,794.0,832.91106334,661331.38429196
2026-05-10 17:30:00,794.0,794.0,793.0,794.0,308.77695213,245100.59999122
2026-05-10 17:45:00,794.0,795.0,792.0,795.0,2703.05817215,2141591.60000091
2026-05-10 18:15:00,794.0,794.0,794.0,794.0,95.95076516,76184.90753704
2026-05-10 18:30:00,792.0,793.0,791.0,793.0,8170.03530608,6469310.73940757
2026-05-10 18:45:00,793.0,794.0,793.0,793.0,4373.78655379,3471929.17165824
2026-05-10 19:00:00,793.0,793.0,788.0,788.0,13170.79496539,10391127.52356566
2026-05-10 19:15:00,790.0,790.0,790.0,790.0,1012.47024224,799851.4913696
2026-05-10 19:30:00,790.0,790.0,790.0,790.0,129.99900168,102699.2113272
2026-05-10 19:45:00,790.0,790.0,790.0,790.0,0.00099832,0.7886728
2026-05-10 20:00:00,789.0,791.0,788.0,789.0,15725.53384623,12419610.6145222
2026-05-10 20:15:00,790.0,791.0,784.0,786.0,9040.48443846,7112330.96864018
2026-05-10 20:30:00,787.0,787.0,786.0,786.0,4964.3496631,3902070.53519659
2026-05-10 20:45:00,787.0,787.0,787.0,787.0,7.82516,6158.40092
2026-05-10 21:00:00,786.0,786.0,785.0,785.0,6642.19670998,5217863.92671446
2026-05-10 21:15:00,785.0,785.0,785.0,785.0,1251.81832228,982677.3829898
2026-05-10 21:30:00,786.0,791.0,786.0,791.0,10029.75873309,7922252.17814293
2026-05-10 21:45:00,789.0,794.0,789.0,794.0,8357.38905916,6608851.2034304
2026-05-10 22:00:00,794.0,794.0,791.0,793.0,410.33631646,325285.25704777
2026-05-10 22:15:00,793.0,793.0,793.0,793.0,100.0,79300.0
2026-05-10 22:30:00,792.0,793.0,792.0,793.0,2597.51779664,2057741.09998301
2026-05-10 22:45:00,791.0,792.0,790.0,791.0,6515.27308791,5148532.89279686
2026-05-10 23:15:00,791.0,791.0,790.0,790.0,10183.26403657,8044793.75956033
2026-05-10 23:30:00,791.0,791.0,791.0,791.0,2316.48140524,1832336.79154484
2026-05-10 23:45:00,790.0,791.0,789.0,789.0,6789.5978827,5362871.96955803
2026-05-11 00:00:00,789.0,789.0,789.0,789.0,58.26279403,45969.34448967
2026-05-11 00:15:00,790.0,792.0,790.0,790.0,4377.407507,3465382.14711284
2026-05-11 00:30:00,792.0,793.0,792.0,793.0,88.50037762,70180.79907504
2026-05-11 00:45:00,793.0,794.0,790.0,790.0,2010.80594389,1595567.3704365
2026-05-11 01:00:00,793.0,794.0,793.0,793.0,1625.05170239,1290164.99999527
2026-05-11 01:15:00,792.0,794.0,792.0,794.0,2773.25252525,2200423.999998
2026-05-11 01:30:00,794.0,794.0,792.0,794.0,3820.16555415,3031876.32014624
2026-05-11 01:45:00,794.0,795.0,790.0,795.0,24070.74786304,19082984.36971178
2026-05-11 02:00:00,793.0,793.0,790.0,790.0,1148.66206963,907818.50434435
2026-05-11 02:15:00,795.0,797.0,795.0,797.0,8293.73332746,6609139.86128562
2026-05-11 02:30:00,797.0,799.0,797.0,799.0,528.25274259,421537.10290647
2026-05-11 02:45:00,797.0,797.0,797.0,797.0,100.0,79700.0
2026-05-11 03:15:00,800.0,801.0,798.0,801.0,10655.35133727,8530384.039816
2026-05-11 03:30:00,801.0,804.0,801.0,804.0,31678.63625796,25435214.66227451
2026-05-11 03:45:00,803.0,804.0,803.0,803.0,8806.33542895,7072751.48246271
2026-05-11 04:00:00,802.0,802.0,799.0,799.0,2129.39241257,1701469.1908018
2026-05-11 04:15:00,805.0,805.0,804.0,804.0,744.42236025,598648.00000125
2026-05-11 04:30:00,803.0,803.0,803.0,803.0,914.32114693,734199.88098479
2026-05-11 04:45:00,803.0,803.0,801.0,801.0,2187.22750643,1752302.23947353
2026-05-11 05:00:00,801.0,801.0,800.0,800.0,2020.0,1616020.0
2026-05-11 05:15:00,796.0,797.0,795.0,797.0,15631.20297578,12430212.4970917
2026-05-11 05:30:00,794.0,794.0,792.0,792.0,3931.01565332,3121139.89629185
2026-05-11 05:45:00,790.0,790.0,776.0,784.0,21639.01499326,16935712.87063405
2026-05-11 06:00:00,784.0,786.0,782.0,782.0,132.55077519,103960.47387834
2026-05-11 06:15:00,782.0,785.0,782.0,785.0,1260.0,987900.0
2026-05-11 06:30:00,788.0,788.0,784.0,784.0,2280.78329048,1793205.68650649
2026-05-11 06:45:00,787.0,787.0,786.0,787.0,1778.75262147,1398356.44471937
2026-05-11 07:00:00,787.0,790.0,786.0,790.0,13926.97398219,11002126.3368193
2026-05-11 07:15:00,791.0,796.0,791.0,796.0,15068.48523544,11925219.91532854
2026-05-11 07:30:00,796.0,799.0,796.0,797.0,921.44309146,734508.62207916
2026-05-11 07:45:00,797.0,797.0,797.0,797.0,2017.16875783,1607683.49999051
2026-05-11 08:00:00,797.0,797.0,797.0,797.0,0.04809026,38.32793722
2026-05-11 08:15:00,796.0,796.0,795.0,795.0,2700.98247884,2149862.57947176
2026-05-11 08:30:00,797.0,797.0,796.0,796.0,5764.75524259,4593819.67206282
2026-05-11 08:45:00,798.0,798.0,798.0,798.0,12.53132832,9999.99999936
2026-05-11 09:00:00,797.0,798.0,794.0,794.0,10182.22781687,8102062.38717052
2026-05-11 09:15:00,794.0,794.0,790.0,794.0,4185.73474124,3318339.51104555
2026-05-11 09:30:00,794.0,794.0,789.0,790.0,2408.16719842,1902420.64307743
2026-05-11 09:45:00,791.0,791.0,787.0,787.0,9642.30774741,7593679.76469159
2026-05-11 10:00:00,791.0,792.0,788.0,792.0,3978.20709794,3139042.40961993
2026-05-11 10:15:00,792.0,795.0,792.0,795.0,1144.39258635,907640.67093345
2026-05-11 10:30:00,795.0,796.0,795.0,795.0,29.37088634,23362.41745437
2026-05-11 10:45:00,794.0,794.0,794.0,794.0,33.00757594,26208.01529636
2026-05-11 11:00:00,794.0,794.0,792.0,792.0,1155.36301999,915067.09999328
2026-05-11 11:15:00,792.0,792.0,786.0,786.0,17340.54194206,13659532.40890149
2026-05-11 11:30:00,786.0,786.0,784.0,784.0,5306.5920633,4170709.78808572
2026-05-11 11:45:00,784.0,784.0,784.0,784.0,6149.27170424,4821029.01612416
2026-05-11 12:00:00,785.0,787.0,783.0,783.0,7960.44332539,6249710.08596341
2026-05-11 12:15:00,782.0,782.0,780.0,782.0,1338.91443785,1045147.0903987
2026-05-11 12:30:00,782.0,782.0,777.0,782.0,7815.51215061,6083172.86637091
2026-05-11 12:45:00,782.0,784.0,782.0,784.0,6888.3632861,5389636.68030257
2026-05-11 13:00:00,785.0,785.0,782.0,782.0,5430.21097437,4257271.77460671
2026-05-11 13:15:00,782.0,785.0,782.0,785.0,315.46235681,246919.02997067
2026-05-11 13:30:00,786.0,786.0,786.0,786.0,127.22646311,100000.00000446
2026-05-11 13:45:00,786.0,788.0,786.0,788.0,6770.0259389,5321801.63473334
2026-05-11 14:00:00,787.0,787.0,787.0,787.0,440.79248099,346903.68253913
2026-05-11 14:15:00,787.0,790.0,787.0,790.0,313.62310938,247596.18476206
2026-05-11 14:30:00,790.0,792.0,790.0,791.0,222.40248775,175936.03869631
2026-05-11 14:45:00,791.0,792.0,790.0,792.0,2994.94748403,2371666.95137748
2026-05-11 15:00:00,792.0,792.0,792.0,792.0,10.22613636,8099.09999712
2026-05-11 15:15:00,792.0,792.0,792.0,792.0,7.45366161,5903.29999512
2026-05-11 15:30:00,791.0,791.0,789.0,789.0,5359.68991235,4234814.19867048
2026-05-11 16:00:00,789.0,789.0,787.0,789.0,3010.78627071,2372132.22486161
2026-05-11 16:15:00,790.0,791.0,788.0,788.0,6024.31335218,4753797.11772021
2026-05-11 16:30:00,788.0,788.0,788.0,788.0,1154.82233501,909999.99998788
2026-05-11 16:45:00,788.0,788.0,787.0,787.0,199.09853612,156880.80807872
2026-05-11 17:00:00,788.0,788.0,787.0,788.0,1296.78414506,1021361.09867671
2026-05-11 17:15:00,787.0,787.0,784.0,786.0,27811.23864949,21860139.10203498
2026-05-11 17:30:00,785.0,788.0,785.0,788.0,4683.2379298,3682656.55196308
2026-05-11 17:45:00,788.0,788.0,788.0,788.0,7653.43778835,6030908.9772198
2026-05-11 18:00:00,789.0,790.0,789.0,790.0,806.1161178,636789.884062
2026-05-11 18:15:00,790.0,790.0,789.0,789.0,642.99221926,507362.70999614
2026-05-11 18:30:00,789.0,789.0,789.0,789.0,960.26688752,757650.57425328
2026-05-11 19:00:00,789.0,790.0,789.0,790.0,1884.85408753,1487158.65897257
2026-05-11 19:15:00,792.0,792.0,792.0,792.0,2498.08074338,1978479.94875696
2026-05-11 19:30:00,791.0,791.0,791.0,791.0,10113.78002528,7999999.99999648
2026-05-11 19:45:00,791.0,791.0,789.0,789.0,25.30322503,19989.52899873
2026-05-11 20:00:00,791.0,791.0,789.0,789.0,32.89355928,25993.48097732
2026-05-11 20:15:00,790.0,790.0,790.0,790.0,1140.68441064,901140.6844056
2026-05-11 20:45:00,789.0,789.0,789.0,789.0,107.851,85094.439
2026-05-11 21:00:00,790.0,790.0,785.0,785.0,1552.4792697,1221732.6527265
2026-05-11 21:15:00,785.0,785.0,785.0,785.0,61.208,48048.28
2026-05-11 21:30:00,789.0,789.0,787.0,787.0,322.11018076,253526.06080056
2026-05-11 21:45:00,788.0,788.0,785.0,785.0,5555.34080884,4362523.48168726
2026-05-11 22:00:00,785.0,786.0,785.0,785.0,9231.27797047,7249497.77861382
2026-05-11 22:15:00,788.0,788.0,788.0,788.0,583.20910896,459568.77786048
2026-05-11 22:30:00,787.0,787.0,781.0,786.0,13051.10568991,10228536.26737031
2026-05-11 22:45:00,786.0,786.0,786.0,786.0,11.8740458,9332.9999988
2026-05-11 23:00:00,786.0,789.0,785.0,789.0,5419.0327569,4273590.48879262
2026-05-11 23:15:00,786.0,786.0,783.0,783.0,2685.57358104,2108225.70081639
2026-05-11 23:30:00,782.0,783.0,781.0,783.0,8060.36666985,6303521.70632756
2026-05-11 23:45:00,781.0,782.0,780.0,782.0,1952.55750693,1524606.08317496
2026-05-12 00:00:00,782.0,782.0,781.0,782.0,262.73002247,205354.84988155
2026-05-12 00:15:00,784.0,787.0,784.0,787.0,160.91439472,126385.55328448
2026-05-12 00:30:00,787.0,787.0,785.0,786.0,4230.47054754,3324021.59016739
2026-05-12 00:45:00,786.0,786.0,784.0,784.0,23.54485706,18493.4999961
2026-05-12 01:00:00,788.0,788.0,788.0,788.0,20.56526,16205.42488
2026-05-12 01:15:00,790.0,790.0,786.0,786.0,30.75286839,24224.35939648
2026-05-12 01:30:00,788.0,788.0,787.0,787.0,50.8578198,40063.27164708
2026-05-12 01:45:00,786.0,786.0,786.0,786.0,3486.52818726,2740411.15518636
2026-05-12 02:00:00,786.0,787.0,786.0,787.0,422.03531088,332130.78966256
2026-05-12 02:15:00,789.0,790.0,789.0,790.0,286.45520375,226291.3200525
2026-05-12 02:30:00,791.0,792.0,791.0,792.0,6721.83570625,5323200.27680613
2026-05-12 02:45:00,792.0,792.0,792.0,792.0,2034.0,1610928.0
2026-05-12 03:00:00,791.0,791.0,791.0,791.0,2719.84220093,2151395.18093563
2026-05-12 03:45:00,793.0,793.0,793.0,793.0,9.84517,7807.21981
2026-05-12 04:00:00,793.0,793.0,793.0,793.0,161.28307167,127897.47583431
2026-05-12 04:30:00,794.0,796.0,794.0,796.0,464.98584391,369303.80281454
2026-05-12 04:45:00,796.0,796.0,796.0,796.0,540.122,429937.112
2026-05-12 05:00:00,796.0,798.0,796.0,798.0,3842.76413351,3059175.3254156
2026-05-12 05:45:00,797.0,799.0,797.0,799.0,368.39497287,293690.20499481
2026-05-12 06:00:00,797.0,797.0,797.0,797.0,62.178,49555.866
2026-05-12 06:30:00,798.0,801.0,795.0,795.0,8242.46142432,6581170.81401401
2026-05-12 07:00:00,796.0,796.0,794.0,794.0,3888.65389115,3091389.12389498
2026-05-12 07:30:00,796.0,799.0,796.0,799.0,682.48119286,543855.02951656
2026-05-12 07:45:00,799.0,799.0,799.0,799.0,31.68798496,25318.69998304
2026-05-12 08:00:00,796.0,797.0,796.0,797.0,3467.56356346,2760506.69814527
2026-05-12 08:30:00,796.0,796.0,796.0,796.0,809.96463793,644731.85179228
2026-05-12 08:45:00,797.0,797.0,796.0,796.0,62.15043698,49496.20983084
2026-05-12 09:00:00,798.0,798.0,798.0,798.0,136.03620234,108556.88946732
2026-05-12 09:15:00,798.0,802.0,798.0,802.0,9603.08530603,7680084.36359137
2026-05-12 09:30:00,802.0,803.0,800.0,800.0,8410.71603691,6746142.07097049
2026-05-12 09:45:00,801.0,804.0,801.0,803.0,61.15806735,49022.48440155
2026-05-12 10:00:00,803.0,805.0,800.0,801.0,20338.74221365,16296258.23805709
2026-05-12 10:15:00,801.0,804.0,800.0,804.0,14894.70609921,11919049.5608896
2026-05-12 10:30:00,803.0,803.0,788.0,795.0,33021.96201147,26148950.01524477
2026-05-12 10:45:00,795.0,795.0,790.0,790.0,7197.97650225,5692217.25061664
2026-05-12 11:00:00,790.0,791.0,790.0,790.0,10855.77611128,8577714.31747645
2026-05-12 11:15:00,790.0,791.0,790.0,791.0,1036.38794114,818887.4735006
2026-05-12 11:30:00,790.0,791.0,790.0,791.0,123.60663286,97739.95945426
2026-05-12 11:45:00,790.0,793.0,790.0,793.0,2427.68541446,1918094.20560081
2026-05-12 12:00:00,792.0,795.0,792.0,792.0,10404.63158117,8252932.65416882
2026-05-12 12:15:00,792.0,792.0,792.0,792.0,1710.334107,1354584.612744
2026-05-12 12:30:00,795.0,795.0,795.0,795.0,668.63333333,531563.49999735
2026-05-12 12:45:00,795.0,795.0,793.0,793.0,7843.98823097,6234617.94731787
2026-05-12 13:00:00,793.0,793.0,791.0,791.0,41.54628095,32913.54959335
2026-05-12 13:15:00,793.0,793.0,793.0,793.0,978.93443949,776295.01051557
2026-05-12 13:45:00,791.0,791.0,791.0,791.0,65.80092389,52048.53079699
2026-05-12 14:00:00,792.0,792.0,792.0,792.0,34.08944505,26998.8404796
2026-05-12 14:15:00,792.0,792.0,790.0,790.0,442.27294972,349482.6631595
2026-05-12 14:30:00,790.0,790.0,790.0,790.0,16048.88781415,12678621.3731785
2026-05-12 14:45:00,791.0,791.0,791.0,791.0,78.35288021,61977.12824611
2026-05-12 15:00:00,792.0,793.0,792.0,793.0,10214.37578814,8099872.12275717
2026-05-12 15:15:00,793.0,793.0,793.0,793.0,6.43127364,5099.99999652
2026-05-12 15:30:00,793.0,794.0,791.0,791.0,2053.90247887,1626579.7317329
2026-05-12 15:45:00,794.0,794.0,791.0,791.0,2301.39961266,1820520.87363933
2026-05-12 16:00:00,790.0,791.0,785.0,789.0,2513.56394183,1981124.72211777
2026-05-12 16:15:00,790.0,792.0,790.0,792.0,2390.32332001,1888527.14680762
2026-05-12 16:45:00,789.0,789.0,788.0,788.0,139.38676069,109853.38136273
2026-05-12 17:00:00,789.0,789.0,787.0,787.0,4320.27073649,3403348.85812061
2026-05-12 17:15:00,787.0,787.0,784.0,785.0,2680.06382381,2104554.38971005
2026-05-12 17:30:00,786.0,786.0,786.0,786.0,31.72588832,24936.54821952
2026-05-12 17:45:00,789.0,790.0,788.0,788.0,913.2173088,721223.07114189
2026-05-12 18:00:00,788.0,788.0,786.0,786.0,120.00037158,94320.29280504
2026-05-12 18:15:00,785.0,788.0,785.0,788.0,248.47407654,195090.22114986
2026-05-12 18:30:00,791.0,791.0,791.0,791.0,44.999,35594.209
2026-05-12 18:45:00,791.0,791.0,791.0,791.0,12670.5740316,10022424.0589956
2026-05-12 19:00:00,791.0,791.0,791.0,791.0,379.26675094,299999.99999354
2026-05-12 19:15:00,789.0,789.0,787.0,787.0,2457.47322564,1935980.14607334
2026-05-12 19:30:00,787.0,787.0,786.0,786.0,7118.63710099,5598552.51202923
2026-05-12 19:45:00,785.0,785.0,785.0,785.0,17.73518191,13922.11779935
2026-05-12 20:00:00,784.0,784.0,782.0,782.0,1476.8740529,1155478.61410285
2026-05-12 20:15:00,782.0,782.0,778.0,780.0,2844.51111226,2219961.51768959
2026-05-12 20:30:00,780.0,780.0,780.0,780.0,6594.11905119,5143412.8599282
2026-05-12 21:00:00,781.0,781.0,781.0,781.0,9749.64274812,7614470.98628172
2026-05-12 21:15:00,783.0,785.0,782.0,785.0,2691.08116098,2105124.85269693
2026-05-12 21:30:00,783.0,784.0,777.0,784.0,52038.08357421,40461444.46652865
2026-05-12 21:45:00,783.0,783.0,781.0,783.0,2536.16774176,1982420.09254163
2026-05-12 22:00:00,784.0,785.0,784.0,784.0,3993.98949043,3132281.74998755
2026-05-12 22:30:00,783.0,783.0,782.0,782.0,266.7416883,208707.41090949
2026-05-12 22:45:00,784.0,784.0,774.0,774.0,2592.75876263,2014539.85825686
2026-05-12 23:00:00,774.0,777.0,773.0,777.0,3685.61768878,2863304.91146143
2026-05-12 23:15:00,781.0,781.0,773.0,773.0,3706.20861328,2881946.94850318
2026-05-12 23:30:00,772.0,777.0,769.0,777.0,9130.820758,7041606.4140695
2026-05-12 23:45:00,770.0,770.0,770.0,770.0,494.42821712,380709.7271824
2026-05-13 00:00:00,775.0,775.0,772.0,774.0,133.28371514,103136.37201066
2026-05-13 00:15:00,773.0,773.0,767.0,767.0,3344.53778557,2568402.13670376
2026-05-13 00:30:00,768.0,772.0,768.0,771.0,6378.68720028,4914083.04197578
2026-05-13 00:45:00,771.0,771.0,770.0,770.0,136.23170768,105028.05178128
2026-05-13 01:00:00,770.0,770.0,770.0,770.0,212.8112861,163864.690297
2026-05-13 01:15:00,771.0,771.0,771.0,771.0,286.63137443,220992.78968553
2026-05-13 01:45:00,770.0,770.0,770.0,770.0,73.23934493,56394.2955961
2026-05-13 02:00:00,770.0,773.0,770.0,773.0,5689.96946326,4382900.0867102
2026-05-13 02:15:00,774.0,774.0,774.0,774.0,258.69071,200226.60954
2026-05-13 02:30:00,775.0,778.0,775.0,778.0,6437.41635011,5007502.01042062
2026-05-13 03:00:00,775.0,777.0,775.0,777.0,3128.96777417,2430950.02498175
2026-05-13 03:15:00,776.0,776.0,776.0,776.0,18.0,13968.0
2026-05-13 03:30:00,775.0,778.0,775.0,778.0,3109.12419778,2414110.44452865
2026-05-13 04:45:00,780.0,780.0,780.0,780.0,269.85916848,210490.1514144
2026-05-13 05:00:00,781.0,782.0,781.0,782.0,71.24787246,55695.7392864
2026-05-13 05:15:00,782.0,782.0,782.0,782.0,76.72634272,60000.00000704
2026-05-13 05:45:00,785.0,785.0,785.0,785.0,28.35,22254.75
2026-05-13 06:00:00,785.0,785.0,785.0,785.0,307.261,241199.885
2026-05-13 06:15:00,785.0,787.0,785.0,787.0,191.67194016,150705.73372871
2026-05-13 06:30:00,782.0,782.0,782.0,782.0,95.17766497,74428.93400654
2026-05-13 06:45:00,782.0,782.0,782.0,782.0,91.69999999,71709.39999218
2026-05-13 07:00:00,785.0,785.0,785.0,785.0,91.69999999,71984.49999215
2026-05-13 07:15:00,786.0,787.0,786.0,787.0,2540.14193137,1998999.9999882
2026-05-13 07:30:00,784.0,787.0,784.0,787.0,89.24579735,70024.30635605
2026-05-13 07:45:00,787.0,787.0,787.0,787.0,709.67229161,558512.09349707
2026-05-13 08:00:00,785.0,785.0,785.0,785.0,639.13242009,501718.94977065
2026-05-13 08:15:00,785.0,785.0,785.0,785.0,6.76764331,5312.59999835
2026-05-13 08:30:00,783.0,783.0,780.0,780.0,370.10610986,288927.72239575
2026-05-13 08:45:00,781.0,781.0,780.0,780.0,8295.95262608,6474458.07718348
2026-05-13 09:00:00,780.0,781.0,779.0,779.0,1314.61811868,1026422.91000571
2026-05-13 09:15:00,782.0,785.0,782.0,782.0,339.67933908,265653.39220512
2026-05-13 09:30:00,783.0,784.0,783.0,784.0,2183.70176513,1710468.48209679
2026-05-13 10:00:00,786.0,788.0,784.0,788.0,955.71669269,751440.1722917
2026-05-13 10:15:00,790.0,791.0,790.0,791.0,290.21243878,229277.8266362
2026-05-13 10:30:00,791.0,791.0,787.0,788.0,19504.50117208,15381066.15343643
2026-05-13 10:45:00,789.0,789.0,788.0,788.0,897.58873831,708070.12599156
2026-05-13 11:00:00,788.0,788.0,788.0,788.0,164.858,129908.104
2026-05-13 11:15:00,789.0,789.0,789.0,789.0,1465.99973529,1156673.79114381
2026-05-13 11:30:00,788.0,788.0,788.0,788.0,114.54884991,90264.49372908
2026-05-13 11:45:00,788.0,790.0,788.0,788.0,653.53850156,515000.99998876
2026-05-13 12:00:00,790.0,790.0,790.0,790.0,0.12531647,99.0000113
2026-05-13 12:15:00,791.0,793.0,791.0,793.0,1230.96412984,973779.32160596
2026-05-13 12:30:00,794.0,794.0,793.0,794.0,2676.79731277,2123046.79002661
2026-05-13 12:45:00,794.0,794.0,792.0,794.0,311.66582464,246988.73111488
2026-05-13 13:00:00,792.0,795.0,792.0,795.0,4226.73928569,3351943.77198278
2026-05-13 13:15:00,795.0,795.0,794.0,794.0,6002.82796783,4767213.93845702
2026-05-13 13:30:00,795.0,795.0,795.0,795.0,6.29056603,5000.99999385
2026-05-13 13:45:00,795.0,797.0,794.0,794.0,255.7804106,203756.00747975
2026-05-13 14:00:00,791.0,794.0,791.0,793.0,1453.4284755,1153214.54421071
2026-05-13 14:15:00,790.0,792.0,790.0,792.0,360.31438165,284698.73933724
2026-05-13 14:30:00,789.0,792.0,789.0,789.0,10188.0287607,8038487.10205905
2026-05-13 15:00:00,789.0,789.0,789.0,789.0,59.939611,47292.353079
2026-05-13 15:45:00,790.0,790.0,790.0,790.0,245.02110322,193566.6715438
2026-05-13 16:00:00,789.0,792.0,789.0,791.0,2168.22323817,1715482.25960236
2026-05-13 16:30:00,791.0,791.0,791.0,791.0,126.42225031,99999.99999521
2026-05-13 16:45:00,791.0,795.0,791.0,795.0,1932.65308971,1530179.8107672
2026-05-13 17:00:00,797.0,797.0,792.0,792.0,12203.03802614,9677955.17094926
2026-05-13 17:15:00,795.0,796.0,795.0,796.0,7214.31347939,5742593.52016047
2026-05-13 17:30:00,795.0,798.0,794.0,798.0,157.77772131,125880.82528617
2026-05-13 17:45:00,797.0,798.0,797.0,797.0,3863.57726009,3079466.92029173
2026-05-13 18:00:00,796.0,796.0,795.0,796.0,8425.08982891,6700882.22037357
2026-05-13 18:15:00,796.0,801.0,796.0,801.0,5511.2932739,4394804.99149551
2026-05-13 18:30:00,801.0,805.0,801.0,802.0,21079.02396768,16936994.2756215
2026-05-13 18:45:00,803.0,803.0,802.0,802.0,2829.06790475,2270156.54491429
2026-05-13 19:00:00,802.0,802.0,802.0,802.0,596.59412108,478468.48510616
2026-05-13 19:15:00,801.0,801.0,796.0,796.0,153.66904784,122470.31301658
2026-05-13 19:30:00,796.0,796.0,796.0,796.0,6218.5986174,4950004.4994504
2026-05-13 20:00:00,793.0,794.0,790.0,792.0,7454.7430755,5898069.83281948
2026-05-13 20:15:00,793.0,793.0,793.0,793.0,4732.50764276,3752878.56070868
2026-05-13 20:30:00,793.0,794.0,791.0,791.0,9265.6415242,7339303.53340712
2026-05-13 20:45:00,792.0,792.0,787.0,787.0,12466.77357494,9823281.77729956
2026-05-13 21:00:00,788.0,790.0,788.0,789.0,2440.40254759,1924557.33194053
2026-05-13 21:15:00,788.0,788.0,781.0,785.0,5207.43744385,4080431.49890963
2026-05-13 21:30:00,784.0,784.0,771.0,773.0,15401.23031486,11947512.01412622
2026-05-13 21:45:00,775.0,776.0,774.0,774.0,5969.02907442,4631059.75628757
2026-05-13 22:00:00,774.0,776.0,774.0,776.0,10494.26921886,8135767.89203578
2026-05-13 22:15:00,775.0,775.0,774.0,774.0,11196.97909544,8672346.0182358
2026-05-13 22:30:00,773.0,773.0,768.0,770.0,16120.01603045,12413746.38872728
2026-05-13 22:45:00,770.0,770.0,763.0,764.0,8881.47870005,6797768.65306369
2026-05-13 23:00:00,766.0,766.0,763.0,766.0,8645.72443835,6600813.09700561
2026-05-13 23:15:00,770.0,770.0,770.0,770.0,355.123,273444.71
2026-05-13 23:30:00,772.0,772.0,772.0,772.0,136.16321243,105117.99999596
2026-05-13 23:45:00,769.0,769.0,768.0,768.0,3382.79554655,2600987.9797504
2026-05-14 00:00:00,768.0,768.0,764.0,764.0,3689.92408341,2832618.70508784
2026-05-14 00:15:00,764.0,764.0,758.0,759.0,6405.00944085,4874082.18836482
2026-05-14 00:30:00,758.0,759.0,757.0,759.0,1063.49894954,805582.0507437
2026-05-14 00:45:00,758.0,759.0,754.0,754.0,12206.44466865,9243145.62667707
2026-05-14 01:00:00,758.0,758.0,753.0,753.0,599.27948879,452984.04650429
2026-05-14 01:15:00,756.0,760.0,756.0,760.0,53.93478772,40831.49826988
2026-05-14 01:30:00,762.0,762.0,762.0,762.0,39.37007875,30000.0000075
2026-05-14 01:45:00,763.0,763.0,763.0,763.0,158.0612053,120600.6996439
2026-05-14 02:00:00,764.0,764.0,763.0,763.0,38.20045,29155.1438
2026-05-14 02:30:00,762.0,762.0,761.0,762.0,2806.55957492,2138549.78431186
2026-05-14 02:45:00,761.0,761.0,761.0,761.0,4734.35196721,3602841.84704681
2026-05-14 03:15:00,768.0,768.0,768.0,768.0,1302.08333333,999999.99999744
2026-05-14 03:30:00,767.0,767.0,765.0,765.0,23.46805736,17976.53193776
2026-05-14 06:00:00,765.0,765.0,762.0,762.0,997.80073901,762250.84706346
2026-05-14 06:15:00,762.0,762.0,760.0,760.0,4326.41821383,3288099.0999911
2026-05-14 06:30:00,758.0,758.0,757.0,757.0,9542.08241758,7227640.69556805
2026-05-14 06:45:00,760.0,760.0,758.0,758.0,375.27498921,284484.75761064
2026-05-14 07:00:00,757.0,757.0,756.0,756.0,6872.96720428,5195993.6013942
2026-05-14 07:15:00,758.0,758.0,755.0,755.0,9313.75726589,7032228.02549561
2026-05-14 07:30:00,756.0,759.0,756.0,759.0,251.52805872,190691.63610792
2026-05-14 07:45:00,759.0,759.0,757.0,757.0,1387.84208305,1052630.69745889
2026-05-14 08:15:00,758.0,758.0,758.0,758.0,637.32207935,483090.1361473
2026-05-14 08:30:00,758.0,759.0,758.0,759.0,1044.80279728,792092.2726439
2026-05-14 08:45:00,757.0,757.0,757.0,757.0,62.34956636,47198.62173452
2026-05-14 09:00:00,757.0,759.0,755.0,759.0,6783.66679633,5123828.80996364
2026-05-14 09:30:00,759.0,759.0,756.0,757.0,1435.72559215,1085841.62537835
2026-05-14 09:45:00,759.0,759.0,759.0,759.0,13.17523056,9999.99999504
2026-05-14 10:00:00,757.0,757.0,757.0,757.0,2168.5373657,1641582.7858349
2026-05-14 10:15:00,758.0,758.0,758.0,758.0,252.88411203,191686.15691874
2026-05-14 10:30:00,757.0,757.0,756.0,756.0,4408.11188022,3333891.15912654
2026-05-14 10:45:00,755.0,756.0,754.0,756.0,763.88013534,576556.07439759
2026-05-14 11:15:00,756.0,756.0,753.0,753.0,5394.49782654,4066068.86371901
2026-05-14 11:45:00,753.0,753.0,750.0,750.0,5936.14051087,4464579.70741692
2026-05-14 12:00:00,751.0,752.0,747.0,749.0,9899.85794921,7422581.29218669
2026-05-14 12:15:00,744.0,744.0,741.0,744.0,23250.47177187,17274588.16585997
2026-05-14 12:30:00,747.0,747.0,745.0,745.0,4474.19669904,3342201.39257392
2026-05-14 12:45:00,745.0,745.0,741.0,741.0,3323.65666185,2463433.24735613
2026-05-14 13:00:00,741.0,743.0,741.0,743.0,2228.55018478,1655587.63274819
2026-05-14 13:15:00,743.0,746.0,743.0,745.0,2023.63681288,1507661.38032835
2026-05-14 13:30:00,743.0,745.0,743.0,743.0,9876.86827687,7341350.25459196
2026-05-14 13:45:00,745.0,745.0,745.0,745.0,18.05369127,13449.99999615
2026-05-14 14:00:00,749.0,749.0,749.0,749.0,661.57575417,495520.23987333
2026-05-14 14:15:00,748.0,748.0,746.0,747.0,157.93297969,117975.93582843
2026-05-14 14:30:00,749.0,749.0,749.0,749.0,8.329098,6238.494402
2026-05-14 14:45:00,749.0,750.0,749.0,749.0,2450.09814769,1835176.91715919
2026-05-14 15:00:00,749.0,750.0,749.0,750.0,4054.09173772,3036641.13380259
2026-05-14 15:30:00,752.0,752.0,750.0,750.0,1249.1227588,938811.74365832
2026-05-14 16:00:00,747.0,747.0,742.0,746.0,21642.23948793,16097584.95379908
2026-05-14 16:15:00,745.0,745.0,745.0,745.0,10.0,7450.0
2026-05-14 16:30:00,745.0,745.0,743.0,743.0,282.32997594,209890.61932363
2026-05-14 16:45:00,743.0,748.0,743.0,743.0,10181.96200405,7578747.29874387
2026-05-14 17:00:00,743.0,743.0,743.0,743.0,67.275,49985.325
2026-05-14 17:15:00,744.0,744.0,743.0,743.0,117.22251216,87188.02653487
2026-05-14 17:30:00,746.0,747.0,746.0,747.0,40.19653231,29999.99998411
2026-05-14 17:45:00,746.0,747.0,745.0,746.0,541.91036232,404239.5920264
2026-05-14 18:15:00,745.0,745.0,743.0,743.0,230.52945362,171693.68686986
2026-05-14 18:30:00,743.0,745.0,743.0,745.0,144.35759282,107284.53710284
2026-05-14 18:45:00,743.0,743.0,743.0,743.0,420.99710107,312800.84609501
2026-05-14 19:00:00,744.0,746.0,743.0,746.0,296.71093742,220568.93996048
2026-05-14 19:15:00,747.0,747.0,747.0,747.0,91.699,68499.153
2026-05-14 19:30:00,747.0,747.0,746.0,746.0,706.32911392,527441.23497909
2026-05-14 19:45:00,749.0,752.0,748.0,752.0,961.5424924,720821.64117
2026-05-14 20:15:00,748.0,748.0,746.0,746.0,34.79877041,25986.23318698
2026-05-14 20:30:00,746.0,746.0,746.0,746.0,91.80340384,68485.33926464
2026-05-14 20:45:00,746.0,746.0,746.0,746.0,40.4758713,30194.9999898
2026-05-14 21:00:00,745.0,745.0,744.0,744.0,315.61359258,234829.96060069
2026-05-14 21:15:00,747.0,747.0,747.0,747.0,46.85408299,34999.99999353
2026-05-14 21:45:00,748.0,748.0,748.0,748.0,195.0,145860.0
2026-05-14 22:00:00,750.0,751.0,750.0,751.0,309.41566666,232104.498995
2026-05-14 22:15:00,752.0,752.0,751.0,752.0,5346.98024248,4019598.24986843
2026-05-14 22:30:00,752.0,752.0,750.0,750.0,1253.36081753,940034.7404028
2026-05-14 22:45:00,753.0,753.0,753.0,753.0,44.16783496,33258.37972488
2026-05-14 23:00:00,752.0,752.0,750.0,750.0,3200.31043013,2402818.7481294
2026-05-14 23:15:00,754.0,756.0,754.0,756.0,249.39999998,188322.69998489
2026-05-14 23:30:00,755.0,757.0,754.0,757.0,2381.6570452,1800384.3832164
2026-05-14 23:45:00,759.0,761.0,757.0,759.0,3374.05500015,2557825.04481188
2026-05-15 00:00:00,761.0,761.0,757.0,757.0,592.34772668,448441.52613676
2026-05-15 00:15:00,763.0,765.0,763.0,765.0,21791.6186122,16668607.61348793
2026-05-15 00:30:00,766.0,766.0,766.0,766.0,9.1383812,6999.9999992
2026-05-15 00:45:00,766.0,769.0,766.0,769.0,199.68339425,153414.90744543
2026-05-15 01:00:00,770.0,771.0,770.0,771.0,2235.13737711,1721064.85949272
2026-05-15 01:15:00,771.0,772.0,771.0,772.0,592.0909703,457094.20545881
2026-05-15 01:45:00,765.0,768.0,762.0,768.0,2582.60041422,1975618.21906175
2026-05-15 02:00:00,770.0,772.0,770.0,772.0,5614.59876538,4332319.24687336
2026-05-15 02:15:00,768.0,768.0,768.0,768.0,13.02083333,9999.99999744
2026-05-15 02:30:00,767.0,771.0,765.0,770.0,2679.61403619,2054100.32766416
2026-05-15 02:45:00,771.0,771.0,771.0,771.0,53.58545521,41314.38596691
2026-05-15 03:00:00,770.0,772.0,770.0,772.0,2215.49527665,1710335.3630205
2026-05-15 03:15:00,773.0,775.0,773.0,775.0,99.89726943,77393.15821471
2026-05-15 03:30:00,775.0,775.0,775.0,775.0,24.439,18940.225
2026-05-15 03:45:00,775.0,775.0,775.0,775.0,9.357e-05,0.07251675
2026-05-15 04:00:00,777.0,779.0,777.0,779.0,151.27613,117628.82901
2026-05-15 04:15:00,773.0,773.0,773.0,773.0,12.9366106,9999.9999938
2026-05-15 05:00:00,770.0,771.0,770.0,771.0,83.73357128,64495.73185705
2026-05-15 05:15:00,769.0,769.0,769.0,769.0,6287.03593586,4834730.63467634
2026-05-15 06:00:00,767.0,767.0,767.0,767.0,250.0,191750.0
2026-05-15 06:15:00,765.0,767.0,765.0,765.0,2680.99618633,2050975.99710337
2026-05-15 06:30:00,767.0,767.0,767.0,767.0,275.11858726,211015.95642842
2026-05-15 06:45:00,768.0,768.0,768.0,768.0,8341.9063562,6406584.0815616
2026-05-15 07:15:00,769.0,769.0,767.0,767.0,16745.03215428,12851457.86217473
2026-05-15 07:45:00,767.0,767.0,766.0,766.0,99.47642218,76219.50059321
2026-05-15 08:00:00,763.0,763.0,762.0,762.0,6.55439088,5001.00024112
2026-05-15 08:15:00,760.0,762.0,759.0,762.0,100.41248275,76334.66102804
2026-05-15 08:30:00,762.0,763.0,761.0,761.0,745.10426814,567827.73652215
2026-05-15 08:45:00,759.0,759.0,759.0,759.0,2449.05829328,1858835.24459952
2026-05-15 09:00:00,759.0,762.0,758.0,761.0,30145.49461202,22897220.32880586
2026-05-15 09:15:00,761.0,763.0,759.0,761.0,9196.59900263,6994436.65041786
2026-05-15 09:30:00,761.0,761.0,760.0,760.0,5592.25350192,4254513.08520411
2026-05-15 09:45:00,760.0,763.0,760.0,763.0,4441.78116551,3388064.28549866
2026-05-15 10:00:00,764.0,764.0,761.0,762.0,7301.41707116,5563736.03066746
2026-05-15 10:30:00,763.0,764.0,763.0,764.0,114.75889431,87627.35935853
2026-05-15 10:45:00,764.0,764.0,763.0,764.0,3891.28395357,2971032.76600582
2026-05-15 11:00:00,764.0,764.0,759.0,759.0,6591.09021945,5011878.46053323
2026-05-15 11:15:00,759.0,759.0,759.0,759.0,1224.50009001,929395.56831759
2026-05-15 11:30:00,757.0,761.0,756.0,761.0,189.2122832,143334.08990964
2026-05-15 11:45:00,760.0,764.0,760.0,764.0,4469.10285241,3409306.10060376
2026-05-15 12:00:00,765.0,765.0,762.0,762.0,20432.8450154,15600477.1692579
2026-05-15 12:15:00,763.0,765.0,763.0,765.0,4705.5769602,3599750.074553
2026-05-15 13:45:00,756.0,757.0,754.0,754.0,3158.64415741,2385346.98905459
2026-05-15 14:00:00,754.0,754.0,751.0,751.0,5087.83930676,3823701.45414905
2026-05-15 14:15:00,751.0,751.0,751.0,751.0,5032.71878606,3779571.80833106
2026-05-15 14:30:00,751.0,751.0,745.0,748.0,1250.35721626,935654.65477794
2026-05-15 14:45:00,747.0,749.0,744.0,744.0,671.20025852,500502.86298639
2026-05-15 15:00:00,744.0,745.0,744.0,745.0,840.1282401,625737.5388745
2026-05-15 15:15:00,749.0,750.0,748.0,748.0,9310.95792281,6976297.56435316
2026-05-15 15:45:00,753.0,753.0,753.0,753.0,6640.10624169,4999999.99999257
2026-05-15 16:00:00,753.0,753.0,753.0,753.0,6390.53637287,4812073.88877111
2026-05-15 16:15:00,753.0,757.0,751.0,757.0,405.18158797,304997.55340779
2026-05-15 16:45:00,756.0,756.0,755.0,756.0,1189.79392552,899422.62309374
2026-05-15 17:00:00,755.0,755.0,755.0,755.0,1322.75132275,998677.24867625
2026-05-15 17:15:00,753.0,753.0,751.0,752.0,226.27160287,169952.01383654
2026-05-15 17:30:00,751.0,752.0,751.0,752.0,276.41259466,207852.17017422
2026-05-15 17:45:00,754.0,754.0,754.0,754.0,1761.73339591,1328346.98051614
2026-05-15 18:00:00,752.0,752.0,751.0,751.0,3225.03605515,2422101.10697764
2026-05-15 18:15:00,751.0,751.0,750.0,750.0,3784.45932693,2838443.90750749
2026-05-15 18:30:00,753.0,753.0,753.0,753.0,100.0,75300.0
2026-05-15 19:00:00,752.0,752.0,752.0,752.0,265.43169318,199604.63327136
2026-05-15 19:15:00,749.0,749.0,749.0,749.0,6675.56742324,5000000.00000676
2026-05-15 19:45:00,752.0,754.0,752.0,754.0,2852.01050489,2150014.28827078
2026-05-15 20:15:00,750.0,752.0,750.0,752.0,291.18613403,218402.92499058
2026-05-15 20:45:00,752.0,752.0,750.0,750.0,799.44947738,599986.00698976
2026-05-15 21:00:00,748.0,748.0,748.0,748.0,26.7379679,19999.9999892
2026-05-15 21:30:00,746.0,746.0,746.0,746.0,7.7422,5775.6812
2026-05-15 22:00:00,745.0,745.0,742.0,743.0,6000.98486951,4453601.59959115
2026-05-15 22:15:00,742.0,744.0,742.0,744.0,155.96468004,115739.23613806
2026-05-15 22:30:00,742.0,742.0,728.0,729.0,115426.97429773,84668036.0243999
2026-05-15 22:45:00,728.0,730.0,714.0,718.0,86060.19421459,62110745.23759631
2026-05-15 23:00:00,717.0,724.0,716.0,724.0,42025.76948474,30223417.52362013
2026-05-15 23:15:00,725.0,725.0,719.0,719.0,7891.04512179,5695574.5400493
2026-05-15 23:30:00,720.0,721.0,718.0,721.0,9141.38189321,6575956.29886726
2026-05-15 23:45:00,719.0,721.0,718.0,721.0,377.09988478,271345.56515073
2026-05-16 00:00:00,719.0,722.0,719.0,722.0,3087.4845384,2228781.1836636
2026-05-16 00:15:00,722.0,722.0,720.0,720.0,1636.61573467,1178391.02979342
2026-05-16 00:30:00,720.0,720.0,717.0,717.0,1810.74278155,1299505.01022843
2026-05-16 00:45:00,718.0,720.0,718.0,720.0,9873.73624443,7108926.69394879
2026-05-16 01:00:00,720.0,720.0,720.0,720.0,417.77777777,300799.9999944
2026-05-16 01:15:00,720.0,725.0,720.0,725.0,2372.63139,1712250.24248
2026-05-16 01:30:00,726.0,726.0,725.0,725.0,595.75058275,431932.17249375
2026-05-16 01:45:00,725.0,726.0,724.0,726.0,1969.45270969,1425971.23392024
2026-05-16 02:00:00,727.0,728.0,725.0,728.0,369.32220246,268377.98906348
2026-05-16 02:15:00,725.0,725.0,725.0,725.0,41.9406494,30406.970815
2026-05-16 02:30:00,725.0,725.0,725.0,725.0,48.43589431,35116.02337475
2026-05-16 02:45:00,728.0,728.0,728.0,728.0,31.949,23258.872
2026-05-16 03:00:00,729.0,730.0,729.0,730.0,71.38751903,52103.8888919
2026-05-16 03:15:00,728.0,728.0,728.0,728.0,6123.08385916,4457605.04946848
2026-05-16 04:00:00,726.0,726.0,726.0,726.0,7.73521505,5615.7661263
2026-05-16 04:15:00,727.0,727.0,727.0,727.0,4658.9051867,3387024.0707309
2026-05-16 04:30:00,727.0,728.0,727.0,728.0,1432.62450873,1041659.94184671
2026-05-16 04:45:00,727.0,727.0,727.0,727.0,1375.51581843,999999.99999861
2026-05-16 05:00:00,724.0,724.0,724.0,724.0,27.62430938,19999.99999112
2026-05-16 05:15:00,724.0,724.0,724.0,724.0,2774.96030867,2009071.26347708
2026-05-16 05:30:00,723.0,723.0,723.0,723.0,5540.0,4005420.0
2026-05-16 05:45:00,723.0,723.0,723.0,723.0,13.83125864,9999.99999672
2026-05-16 06:30:00,723.0,723.0,723.0,723.0,1614.49552916,1167280.26758268
2026-05-16 06:45:00,723.0,723.0,723.0,723.0,138.312586,99999.999678
2026-05-16 07:15:00,725.0,725.0,723.0,723.0,1391.17540495,1005835.24418875
2026-05-16 07:30:00,725.0,725.0,723.0,725.0,34.31425864,24850.65412476
2026-05-16 08:00:00,725.0,725.0,725.0,725.0,275.86206896,199999.999996
2026-05-16 08:30:00,723.0,723.0,723.0,723.0,50.04921,36185.57883
2026-05-16 08:45:00,723.0,723.0,723.0,723.0,2.7e-07,0.00019521
2026-05-16 09:00:00,723.0,723.0,720.0,722.0,2816.57197808,2033174.73575692
2026-05-16 09:15:00,724.0,724.0,724.0,724.0,276.24309393,200000.00000532
2026-05-16 09:30:00,725.0,726.0,725.0,726.0,1096.88472525,795905.54972922
2026-05-16 09:45:00,726.0,726.0,726.0,726.0,11.3354861,8229.5629086
2026-05-16 10:00:00,727.0,727.0,727.0,727.0,6.98972,5081.52644
2026-05-16 10:15:00,729.0,729.0,729.0,729.0,25.68841301,18726.85308429
2026-05-16 10:30:00,729.0,729.0,727.0,727.0,145.66074548,105898.85482242
2026-05-16 10:45:00,727.0,730.0,727.0,730.0,122.75308544,89579.75318108
2026-05-16 11:00:00,730.0,730.0,730.0,730.0,10843.023383,7915407.06959
2026-05-16 11:30:00,729.0,730.0,729.0,730.0,62.16510746,45352.75066804
2026-05-16 11:45:00,730.0,730.0,730.0,730.0,1369.17842448,999500.2498704
2026-05-16 12:15:00,730.0,730.0,726.0,726.0,4974.37888738,3614736.13523231
2026-05-16 12:30:00,728.0,728.0,728.0,728.0,137.36263736,99999.99999808
2026-05-16 12:45:00,727.0,727.0,727.0,727.0,23.4,17011.8
2026-05-16 13:00:00,727.0,727.0,725.0,727.0,2174.87602536,1578476.80147691
2026-05-16 13:30:00,724.0,724.0,719.0,719.0,317.50197247,228941.76915852
2026-05-16 14:15:00,724.0,724.0,724.0,724.0,11.14047287,8065.70235788
2026-05-16 14:30:00,724.0,724.0,720.0,722.0,7076.66273668,5096656.00207897
2026-05-16 14:45:00,720.0,720.0,719.0,719.0,939.05686364,675671.77745716
2026-05-16 15:00:00,719.0,719.0,715.0,715.0,1544.97850075,1105978.09792891
2026-05-16 15:15:00,716.0,716.0,711.0,712.0,2044.82303538,1458694.34511565
2026-05-16 15:30:00,713.0,713.0,712.0,713.0,416.78559621,296908.18790152
2026-05-16 15:45:00,712.0,712.0,708.0,710.0,15850.41075362,11254387.40402411
2026-05-16 16:00:00,710.0,712.0,699.0,700.0,27948.08456846,19733477.67526827
2026-05-16 16:15:00,700.0,700.0,696.0,700.0,16675.26653796,11647242.59429625
2026-05-16 16:30:00,702.0,704.0,700.0,704.0,2421.67987013,1695624.28571433
2026-05-16 16:45:00,705.0,705.0,701.0,703.0,3052.72111367,2142527.43305041
2026-05-16 17:00:00,701.0,701.0,701.0,701.0,134.88486274,94554.28878074
2026-05-16 17:15:00,703.0,703.0,700.0,700.0,2885.99883971,2023223.95330221
2026-05-16 17:30:00,701.0,701.0,699.0,699.0,3134.61244436,2193161.99919291
2026-05-16 17:45:00,699.0,699.0,695.0,698.0,2822.57145616,1962737.47013966
2026-05-16 18:00:00,696.0,696.0,695.0,695.0,4271.19885882,2969930.87268909
2026-05-16 18:15:00,695.0,695.0,688.0,689.0,12978.89892347,8956444.62395646
2026-05-16 18:30:00,692.0,694.0,692.0,693.0,2292.69763733,1587126.88319059
2026-05-16 18:45:00,692.0,692.0,691.0,691.0,105.79782319,73150.82538192
2026-05-16 19:00:00,689.0,689.0,685.0,687.0,2296.24155509,1576068.6196302
2026-05-16 19:15:00,686.0,687.0,684.0,687.0,4662.26948305,3195400.38702143
2026-05-16 19:30:00,687.0,687.0,684.0,687.0,25853.09055615,17734454.68543024
2026-05-16 19:45:00,687.0,687.0,687.0,687.0,1378.91712711,947316.06632457
2026-05-16 20:00:00,689.0,689.0,689.0,689.0,647.66839378,446243.52331442
2026-05-16 20:15:00,692.0,692.0,692.0,692.0,768.70347654,531942.80576568
2026-05-16 20:30:00,692.0,694.0,692.0,694.0,254.12725381,176173.24999984
2026-05-16 20:45:00,694.0,695.0,693.0,695.0,13112.33668455,9112262.28554036
2026-05-16 21:15:00,694.0,694.0,692.0,692.0,6021.71731137,4178971.81409078
2026-05-16 21:30:00,694.0,697.0,694.0,697.0,21.56352506,14986.61149922
2026-05-16 21:45:00,697.0,697.0,697.0,697.0,224.46309126,156450.77460822
2026-05-16 22:00:00,694.0,694.0,692.0,694.0,16268.12483169,11269241.63459285
2026-05-16 22:15:00,694.0,694.0,694.0,694.0,10.0,6940.0
2026-05-16 22:30:00,693.0,695.0,692.0,695.0,850.39796932,589273.71459195
2026-05-16 22:45:00,693.0,693.0,690.0,692.0,12849.88172718,8866977.69455419
2026-05-16 23:00:00,690.0,690.0,690.0,690.0,9.04924187,6243.9768903
2026-05-16 23:15:00,690.0,691.0,690.0,691.0,13048.75025016,9016661.0666104
2026-05-16 23:30:00,692.0,692.0,692.0,692.0,13023.394,9012188.648
2026-05-17 00:15:00,697.0,698.0,697.0,698.0,1161.06508754,810368.55426752
2026-05-17 00:30:00,701.0,701.0,701.0,701.0,1131.00617303,792835.32729403
2026-05-17 01:00:00,701.0,703.0,701.0,703.0,751.59958821,527396.56097858
2026-05-17 01:30:00,703.0,703.0,703.0,703.0,2844.95021337,1999999.99999911
2026-05-17 01:45:00,702.0,702.0,702.0,702.0,14.24501424,9999.99999648
2026-05-17 02:00:00,700.0,700.0,700.0,700.0,1746.10316634,1222272.216438
2026-05-17 02:15:00,700.0,700.0,700.0,700.0,14.22475106,9957.325742
2026-05-17 02:30:00,701.0,701.0,701.0,701.0,16310.16393,11433424.91493
2026-05-17 02:45:00,702.0,702.0,702.0,702.0,25.28392268,17749.31372136
2026-05-17 03:00:00,701.0,701.0,700.0,701.0,1820.0,1274911.69999999
2026-05-17 03:15:00,700.0,700.0,700.0,700.0,1897.4513096,1328215.91672
2026-05-17 03:30:00,700.0,700.0,700.0,700.0,9438.99874519,6607299.121633
2026-05-17 03:45:00,701.0,701.0,700.0,700.0,565.94301821,396445.4194517
2026-05-17 04:15:00,701.0,701.0,700.0,700.0,19559.47987081,13691650.17490223
2026-05-17 04:45:00,702.0,702.0,702.0,702.0,56.98005698,39999.99999996
2026-05-17 05:00:00,700.0,700.0,700.0,700.0,37.65933523,26361.534661
2026-05-17 05:15:00,700.0,700.0,700.0,700.0,342.959849,240071.8943
2026-05-17 05:30:00,700.0,700.0,698.0,698.0,73.46499164,51368.208148
2026-05-17 06:00:00,699.0,699.0,698.0,699.0,110.87167728,77474.26765132
2026-05-17 06:15:00,699.0,699.0,698.0,698.0,27.75222326,19391.05183547
2026-05-17 06:45:00,698.0,698.0,698.0,698.0,27.25,19020.5
2026-05-17 07:00:00,698.0,698.0,696.0,696.0,2944.47158203,2052340.98756852
2026-05-17 07:30:00,698.0,698.0,698.0,698.0,7.16475644,5000.99999512
2026-05-17 08:00:00,698.0,698.0,698.0,698.0,52.0444126,36326.9999948
2026-05-17 08:15:00,697.0,697.0,697.0,697.0,144.22020303,100521.48151191
2026-05-17 08:30:00,698.0,698.0,697.0,697.0,36.91125835,25741.47371751
2026-05-17 08:45:00,697.0,698.0,696.0,696.0,1479.10435859,1029556.98177575
2026-05-17 09:00:00,696.0,696.0,696.0,696.0,10766.44796199,7493447.78154504
2026-05-17 09:15:00,697.0,697.0,695.0,695.0,4305.65412903,2997336.57251318
2026-05-17 09:30:00,695.0,695.0,692.0,692.0,1600.00700236,1108213.92664041
2026-05-17 09:45:00,694.0,695.0,691.0,691.0,2549.21869446,1768805.0043973
2026-05-17 10:00:00,691.0,691.0,688.0,688.0,509.62979491,351335.29600059
2026-05-17 10:30:00,689.0,689.0,688.0,688.0,4740.3573254,3266063.23027371
2026-05-17 10:45:00,690.0,690.0,690.0,690.0,58.05527468,40058.1395292
2026-05-17 11:30:00,690.0,692.0,690.0,692.0,17327.17709749,11955956.23977682
2026-05-17 11:45:00,692.0,692.0,691.0,691.0,113.73265894,78601.84391713
2026-05-17 12:00:00,691.0,694.0,691.0,693.0,297.67912797,205789.40118963
2026-05-17 12:15:00,692.0,692.0,692.0,692.0,1445.08670521,1000000.00000532
2026-05-17 12:30:00,693.0,694.0,693.0,694.0,116.01300553,80447.44510829
2026-05-17 12:45:00,694.0,696.0,694.0,696.0,91.70000065,63823.20045108
2026-05-17 13:00:00,696.0,697.0,696.0,697.0,5162.54334445,3598201.01108166
2026-05-17 13:15:00,697.0,700.0,697.0,700.0,250.56780428,174961.49490174
2026-05-17 13:45:00,700.0,700.0,700.0,700.0,23.02714285,16118.999995
2026-05-17 14:00:00,702.0,702.0,702.0,702.0,85.658849,60132.511998
2026-05-17 14:15:00,701.0,701.0,699.0,699.0,6447.12075901,4506565.90057647
2026-05-17 14:30:00,700.0,700.0,700.0,700.0,4322.51302919,3025759.120433
2026-05-17 15:00:00,698.0,698.0,698.0,698.0,10.92657342,7626.74824716
2026-05-17 15:15:00,698.0,698.0,697.0,697.0,7924.89778783,5531285.10782714
2026-05-17 15:45:00,697.0,697.0,697.0,697.0,75.38593974,52543.99999878
2026-05-17 16:00:00,697.0,697.0,697.0,697.0,14.34720229,9999.99999613
2026-05-17 16:15:00,697.0,697.0,697.0,697.0,316.26248104,220434.94928488
2026-05-17 16:30:00,697.0,697.0,697.0,697.0,4612.77929125,3215107.16600125
2026-05-17 16:45:00,699.0,699.0,699.0,699.0,28.69440459,20057.38880841
2026-05-17 17:00:00,697.0,698.0,695.0,698.0,322.7468042,224988.60784919
2026-05-17 17:30:00,696.0,696.0,696.0,696.0,628.29794,437295.36624
2026-05-17 17:45:00,696.0,696.0,696.0,696.0,161.3505747,112299.9999912
2026-05-17 18:30:00,697.0,697.0,697.0,697.0,180.52988175,125829.32757975
2026-05-17 18:45:00,697.0,697.0,695.0,695.0,47.05843299,32779.61092805
2026-05-17 19:00:00,697.0,700.0,697.0,700.0,4767.53015385,3336909.42754285
2026-05-17 19:30:00,699.0,699.0,699.0,699.0,4309.829223,3012570.626877
2026-05-17 19:45:00,700.0,700.0,699.0,699.0,14245.19754319,9971638.26866824
2026-05-17 20:00:00,697.0,697.0,696.0,696.0,14245.18597843,9914741.14098727
2026-05-17 20:45:00,697.0,697.0,693.0,693.0,7225.71375736,5014760.98553011
2026-05-17 21:00:00,694.0,694.0,694.0,694.0,19.0,13186.0
2026-05-17 21:30:00,695.0,695.0,695.0,695.0,86.33093525,59999.99999875
2026-05-17 21:45:00,695.0,695.0,694.0,694.0,22.1028092,15353.738074
2026-05-17 22:00:00,693.0,693.0,692.0,692.0,1223.31432443,847547.94251999
2026-05-17 22:15:00,691.0,691.0,689.0,690.0,755.45201904,521243.15298274
2026-05-17 22:30:00,691.0,691.0,691.0,691.0,200.00667003,138204.60899073
2026-05-17 22:45:00,691.0,691.0,691.0,691.0,5867.38283036,4054361.53577876
2026-05-17 23:00:00,690.0,690.0,687.0,687.0,1067.86798626,734854.87671917
2026-05-17 23:15:00,686.0,686.0,685.0,685.0,444.37770289,304588.23085282
2026-05-17 23:30:00,686.0,687.0,686.0,687.0,4169.12328966,2864095.99999643
2026-05-17 23:45:00,686.0,689.0,686.0,688.0,228.52800393,157142.37635732
2026-05-18 00:00:00,687.0,689.0,687.0,689.0,8828.62835232,6079811.57880752
2026-05-18 00:15:00,686.0,688.0,686.0,688.0,7296.61187822,5005522.26008682
2026-05-18 00:45:00,688.0,688.0,688.0,688.0,14.53488372,9999.99999936
2026-05-18 01:30:00,691.0,692.0,691.0,692.0,5515.52514681,3816733.65679252
2026-05-18 01:45:00,693.0,693.0,687.0,689.0,9058.79282616,6234145.0212277
2026-05-18 02:00:00,688.0,688.0,687.0,687.0,35.77944465,24598.6470792
2026-05-18 02:15:00,686.0,688.0,686.0,686.0,57.23900865,39283.2759512
2026-05-18 02:30:00,686.0,686.0,686.0,686.0,440.8857808,302447.6456288
2026-05-18 02:45:00,685.0,685.0,685.0,685.0,48.578,33275.93
2026-05-18 03:15:00,685.0,685.0,680.0,680.0,1366.26297069,929821.03771623
2026-05-18 03:45:00,685.0,685.0,685.0,685.0,29.19708029,19999.99999865
2026-05-18 04:45:00,689.0,689.0,689.0,689.0,7279.64319726,5015674.16291214
2026-05-18 05:00:00,690.0,690.0,690.0,690.0,72.46376811,49999.9999959
2026-05-18 05:45:00,686.0,690.0,686.0,690.0,86.27069363,59471.9999947
2026-05-18 06:00:00,690.0,690.0,690.0,690.0,10.0,6900.0
2026-05-18 06:15:00,690.0,691.0,690.0,691.0,371.116596,256215.633836
2026-05-18 06:30:00,693.0,693.0,693.0,693.0,14.43001443,9999.99999999
2026-05-18 07:00:00,692.0,692.0,689.0,692.0,3106.19783475,2143607.86614034
2026-05-18 07:15:00,688.0,688.0,686.0,686.0,8225.10920791,5642551.33473229
2026-05-18 07:45:00,685.0,685.0,684.0,684.0,1398.88495196,956944.00714063
2026-05-18 08:00:00,684.0,684.0,683.0,683.0,545.42616566,372951.4365501
2026-05-18 08:15:00,682.0,682.0,677.0,677.0,5877.34577295,3993054.84639236
2026-05-18 08:30:00,677.0,678.0,655.0,665.0,31514.64215512,21029866.88799591
2026-05-18 08:45:00,665.0,672.0,665.0,672.0,5346.60834731,3583352.23593228
2026-05-18 09:00:00,672.0,672.0,664.0,666.0,1267.19963667,844028.06814772
2026-05-18 09:15:00,666.0,668.0,665.0,665.0,24479.53636032,16314162.69474112
2026-05-18 09:30:00,664.0,665.0,661.0,665.0,6398.08669923,4246648.28907117
2026-05-18 09:45:00,665.0,667.0,665.0,667.0,2765.0,1839777.0
2026-05-18 10:00:00,668.0,668.0,668.0,668.0,5434.44760478,3630210.99999304
2026-05-18 10:15:00,666.0,666.0,665.0,665.0,1337.28848957,890483.75811378
2026-05-18 10:30:00,665.0,665.0,665.0,665.0,105.03333332,69847.1666578
2026-05-18 10:45:00,669.0,669.0,669.0,669.0,14.97005989,10014.97006641
2026-05-18 11:00:00,671.0,675.0,671.0,675.0,593.59572387,399468.15586765
2026-05-18 11:15:00,675.0,677.0,675.0,675.0,9849.05844453,6664443.95085585
2026-05-18 11:30:00,676.0,676.0,675.0,676.0,185.95879901,125616.44813077
2026-05-18 11:45:00,675.0,675.0,675.0,675.0,488.4861273,329728.1359275
2026-05-18 12:00:00,674.0,678.0,674.0,674.0,723.84151475,487965.71631077
2026-05-18 12:15:00,673.0,673.0,672.0,672.0,2227.29705358,1497683.69993221
2026-05-18 12:30:00,674.0,674.0,670.0,670.0,233.32676091,156725.56687338
2026-05-18 12:45:00,671.0,671.0,670.0,670.0,76.83134328,51524.76119163
2026-05-18 13:00:00,670.0,671.0,668.0,671.0,2830.3156674,1890889.53294871
2026-05-18 13:15:00,671.0,672.0,668.0,670.0,17061.10667462,11425199.08163979
2026-05-18 13:30:00,667.0,672.0,667.0,672.0,3923.0999145,2616791.89122562
2026-05-18 13:45:00,672.0,674.0,672.0,674.0,3949.1320799,2654171.27978892
2026-05-18 14:00:00,674.0,674.0,672.0,672.0,2556.0725982,1722759.49593104
2026-05-18 14:15:00,672.0,672.0,672.0,672.0,497.08482142,334040.99999424
2026-05-18 14:30:00,671.0,671.0,670.0,671.0,71.17299268,47725.5106956
2026-05-18 14:45:00,671.0,671.0,671.0,671.0,9.77749627,6560.69999717
2026-05-18 15:00:00,671.0,672.0,671.0,671.0,7627.44048269,5125588.68814791
2026-05-18 15:15:00,669.0,669.0,667.0,667.0,1271.79303212,848611.23956622
2026-05-18 15:45:00,667.0,667.0,667.0,667.0,177.43484224,118349.03977408
2026-05-18 16:00:00,670.0,670.0,670.0,670.0,7.61194029,5099.9999943
2026-05-18 16:15:00,667.0,667.0,665.0,665.0,79.53861248,52993.1772992
2026-05-18 16:30:00,667.0,667.0,665.0,665.0,2459.4563867,1636491.38860235
2026-05-18 16:45:00,665.0,665.0,665.0,665.0,751.87969924,499999.9999946
2026-05-18 17:00:00,665.0,667.0,665.0,667.0,46.21020872,30776.30961902
2026-05-18 17:15:00,664.0,666.0,664.0,666.0,45.02253377,29955.02248334
2026-05-18 17:30:00,665.0,665.0,665.0,665.0,37.94734796,25234.9863934
2026-05-18 17:45:00,665.0,665.0,665.0,665.0,463.93339967,308515.71078055
2026-05-18 18:00:00,666.0,666.0,666.0,666.0,60.06006007,40000.00000662
2026-05-18 18:15:00,665.0,665.0,665.0,665.0,329.20359401,218920.39001665
2026-05-18 18:45:00,665.0,665.0,665.0,665.0,224.82100908,149505.9710382
2026-05-18 19:00:00,665.0,665.0,662.0,664.0,8372.73529736,5552292.33839368
2026-05-18 19:15:00,662.0,662.0,660.0,661.0,1641.18440786,1085246.90179809
2026-05-18 19:30:00,661.0,661.0,661.0,661.0,7.56429652,4999.99999972
2026-05-18 19:45:00,661.0,663.0,661.0,661.0,3581.15402157,2370683.94359467
2026-05-18 20:00:00,660.0,660.0,660.0,660.0,212.553,140284.98
2026-05-18 20:15:00,662.0,662.0,662.0,662.0,1510.57401812,999999.99999544
2026-05-18 20:30:00,665.0,670.0,665.0,670.0,1011.71915944,674807.64317144
2026-05-18 20:45:00,669.0,669.0,668.0,668.0,101.64692138,67950.99998406
2026-05-18 21:00:00,671.0,671.0,671.0,671.0,318.86734449,213959.98815279
2026-05-18 21:15:00,673.0,673.0,671.0,673.0,7493.41890716,5043010.92451868
2026-05-18 21:30:00,674.0,674.0,674.0,674.0,323.83733007,218266.36046718
2026-05-18 21:45:00,675.0,675.0,674.0,674.0,2429.36899969,1639037.5252955
2026-05-18 22:00:00,671.0,671.0,668.0,668.0,817.8791,548247.0055
2026-05-18 22:15:00,668.0,668.0,668.0,668.0,544.31845928,363604.73079904
2026-05-18 22:30:00,667.0,667.0,660.0,665.0,18108.28016223,12004870.68543252
2026-05-18 22:45:00,665.0,665.0,665.0,665.0,617.22368963,410453.75360395
2026-05-18 23:00:00,665.0,665.0,663.0,663.0,1466.92674647,974282.55871756
2026-05-18 23:30:00,662.0,664.0,659.0,664.0,4755.09038683,3133878.22450167
2026-05-18 23:45:00,661.0,661.0,659.0,659.0,4715.04211961,3110077.08211918
2026-05-19 00:00:00,660.0,660.0,658.0,658.0,337.14018226,222188.11147702
2026-05-19 00:15:00,660.0,661.0,660.0,661.0,60.02759519,39670.66466302
2026-05-19 00:45:00,662.0,662.0,662.0,662.0,212.76912843,140853.16302066
2026-05-19 01:00:00,662.0,662.0,661.0,661.0,102.75153865,67933.87278783
2026-05-19 02:00:00,661.0,661.0,661.0,661.0,1698.03936644,1122404.02121684
2026-05-19 03:00:00,663.0,663.0,660.0,660.0,771.91302857,510264.68218957
2026-05-19 03:15:00,659.0,660.0,656.0,656.0,1339.59511131,880139.08383242
2026-05-19 03:30:00,657.0,660.0,657.0,660.0,32.06171301,21115.27604115
2026-05-19 03:45:00,657.0,657.0,657.0,657.0,9.06163,5953.49091
2026-05-19 04:00:00,660.0,665.0,660.0,663.0,11958.70144854,7929920.62126457
2026-05-19 04:30:00,665.0,667.0,665.0,666.0,367.248799,244668.847094
2026-05-19 04:45:00,668.0,669.0,668.0,669.0,387.634462,259238.774278
2026-05-19 05:00:00,670.0,672.0,670.0,671.0,375.16571506,251569.94304257
2026-05-19 05:30:00,671.0,671.0,671.0,671.0,996.18000239,668436.78160369
2026-05-19 05:45:00,669.0,669.0,668.0,668.0,391.1,261254.80000018
2026-05-19 06:15:00,668.0,668.0,668.0,668.0,4068.2070108,2717562.2832144
2026-05-19 06:45:00,671.0,673.0,671.0,673.0,276.78902842,186030.3161186
2026-05-19 07:00:00,675.0,676.0,675.0,676.0,186.96646767,126214.19999677
2026-05-19 07:15:00,676.0,676.0,676.0,676.0,9.94933431,6725.74999356
2026-05-19 07:30:00,675.0,676.0,674.0,676.0,365.61529226,246862.92973576
2026-05-19 07:45:00,673.0,673.0,672.0,673.0,2346.39299543,1578622.48592439
2026-05-19 08:00:00,674.0,675.0,674.0,675.0,83.55259259,56387.99999825
2026-05-19 08:15:00,675.0,675.0,675.0,675.0,8.22962962,5554.9999935
2026-05-19 08:30:00,673.0,673.0,671.0,671.0,9717.64005545,6528765.83299167
2026-05-19 08:45:00,672.0,672.0,672.0,672.0,53.43219077,35906.43219744
2026-05-19 09:00:00,673.0,674.0,673.0,674.0,2025.67625633,1364578.84576642
2026-05-19 09:15:00,676.0,678.0,676.0,678.0,24463.68044818,16584130.41904701
2026-05-19 09:30:00,678.0,679.0,678.0,679.0,2191.78132998,1486088.06348037
2026-05-19 09:45:00,679.0,680.0,679.0,680.0,2206.29801264,1498083.85058256
2026-05-19 10:00:00,679.0,679.0,676.0,676.0,679.70255103,460214.25237071
2026-05-19 10:15:00,675.0,675.0,672.0,673.0,37815.42921249,25464081.3522748
2026-05-19 10:30:00,673.0,673.0,673.0,673.0,1408.45070422,947887.32394006
2026-05-19 10:45:00,672.0,672.0,671.0,671.0,1066.97249069,715982.34184822
2026-05-19 11:00:00,671.0,672.0,671.0,672.0,5251.78444878,3525493.12968376
2026-05-19 11:15:00,672.0,675.0,672.0,675.0,1255.44698298,844729.3643115
2026-05-19 11:30:00,674.0,674.0,674.0,674.0,16.22448035,10935.2997559
2026-05-19 11:45:00,671.0,671.0,669.0,669.0,383.59204728,257364.63768716
2026-05-19 12:15:00,670.0,670.0,670.0,670.0,14.88095238,9970.2380946
2026-05-19 12:30:00,673.0,673.0,672.0,672.0,114.85884101,77199.99999973
2026-05-19 12:45:00,672.0,672.0,672.0,672.0,5.0176238,3371.8431936
2026-05-19 13:00:00,672.0,675.0,672.0,675.0,277.23518573,186970.23181056
2026-05-19 13:15:00,675.0,675.0,672.0,672.0,272.26728888,183477.041594
2026-05-19 13:30:00,675.0,675.0,675.0,675.0,1513.88305847,1021871.06446725
2026-05-19 13:45:00,675.0,675.0,675.0,675.0,148.0061,99904.1175
2026-05-19 14:00:00,674.0,677.0,674.0,676.0,2024.40093849,1370450.42183062
2026-05-19 14:15:00,673.0,673.0,671.0,671.0,3563.38989398,2397982.18098474
2026-05-19 14:45:00,674.0,674.0,673.0,673.0,482.3544409,324806.8931666
2026-05-19 15:00:00,673.0,675.0,673.0,675.0,1700.96037983,1144806.61186559
2026-05-19 15:15:00,676.0,676.0,676.0,676.0,1502.20726622,1015492.11196472
2026-05-19 15:30:00,675.0,675.0,675.0,675.0,45.23513265,30533.71453875
2026-05-19 15:45:00,675.0,675.0,675.0,675.0,339.31197666,229035.5842455
2026-05-19 16:15:00,677.0,677.0,675.0,675.0,3046.6,2059297.6197552
2026-05-19 16:45:00,675.0,675.0,675.0,675.0,18.94928758,12790.7691165
2026-05-19 17:00:00,675.0,675.0,672.0,672.0,1514.57501435,1020803.24726195
2026-05-19 17:15:00,671.0,671.0,670.0,670.0,2486.48021008,1665998.99166063
2026-05-19 17:30:00,673.0,673.0,673.0,673.0,27.0,18171.0
2026-05-19 18:00:00,672.0,672.0,672.0,672.0,12.66126666,8508.37119552
2026-05-19 18:15:00,672.0,672.0,669.0,669.0,178.99874332,120254.88251391
2026-05-19 18:30:00,669.0,669.0,669.0,669.0,272.4887426,182294.9687994
2026-05-19 18:45:00,672.0,672.0,672.0,672.0,2961.48575349,1990118.42634528
2026-05-19 19:00:00,671.0,671.0,671.0,671.0,27.0,18117.0
2026-05-19 19:30:00,671.0,671.0,669.0,669.0,44.61758,29910.7786
2026-05-19 19:45:00,671.0,671.0,671.0,671.0,8.94187779,5999.99999709
2026-05-19 20:15:00,669.0,669.0,668.0,668.0,287.72844771,192456.64888326
2026-05-19 20:30:00,666.0,666.0,666.0,666.0,234.76418966,156352.95031356
2026-05-19 21:00:00,667.0,667.0,663.0,663.0,5562.78136093,3702900.21791725
2026-05-19 21:15:00,668.0,669.0,668.0,669.0,233.35391995,155999.99999147
2026-05-19 21:30:00,668.0,668.0,668.0,668.0,1804.129033,1205158.194044
2026-05-19 21:45:00,669.0,670.0,669.0,670.0,219.40829196,146925.0816132
2026-05-19 22:00:00,670.0,671.0,669.0,671.0,11948.06906511,8016685.66507952
2026-05-19 22:15:00,671.0,671.0,671.0,671.0,3059.81579703,2053136.39980713
2026-05-19 22:30:00,672.0,674.0,672.0,674.0,34.68004449,23354.82389728
2026-05-19 22:45:00,674.0,676.0,674.0,676.0,329.47813093,222403.10050184
2026-05-19 23:00:00,673.0,676.0,673.0,675.0,2363.74284892,1594641.70062008
2026-05-19 23:30:00,673.0,673.0,670.0,672.0,1850.35301241,1242867.26808971
2026-05-19 23:45:00,669.0,669.0,666.0,668.0,7543.82494751,5024374.67764165
2026-05-20 00:00:00,669.0,669.0,668.0,668.0,176.104,117691.52
2026-05-20 00:15:00,667.0,667.0,663.0,663.0,89.26163516,59268.867103
2026-05-20 00:30:00,665.0,667.0,665.0,667.0,5408.98160382,3597002.75154778
2026-05-20 01:00:00,667.0,667.0,667.0,667.0,14.99250374,9999.99999458
2026-05-20 01:15:00,665.0,665.0,665.0,665.0,9.0198,5998.167
2026-05-20 01:30:00,669.0,669.0,669.0,669.0,4185.58901702,2800159.05238638
2026-05-20 01:45:00,673.0,673.0,673.0,673.0,9174.75679644,6174611.32400412
2026-05-20 02:00:00,673.0,673.0,673.0,673.0,1272.00496383,856059.34065759
2026-05-20 02:45:00,670.0,670.0,670.0,670.0,14.85884101,9955.4234767
2026-05-20 03:00:00,670.0,670.0,670.0,670.0,97.3083,65196.561
2026-05-20 04:15:00,669.0,669.0,669.0,669.0,746.26865671,499253.73133899
2026-05-20 04:45:00,666.0,666.0,666.0,666.0,8.87089,5908.01274
2026-05-20 05:00:00,666.0,666.0,666.0,666.0,812.8489,541357.3674
2026-05-20 07:00:00,666.0,666.0,665.0,665.0,629.49822838,419008.32217299
2026-05-20 07:15:00,665.0,665.0,665.0,665.0,93.34406014,62073.7999931
2026-05-20 07:30:00,666.0,666.0,663.0,666.0,708.88832206,470434.75503396
2026-05-20 08:00:00,664.0,664.0,662.0,662.0,1202.04284146,795965.94471419
2026-05-20 08:15:00,665.0,666.0,665.0,666.0,23.91501501,15918.49999666
2026-05-20 08:45:00,663.0,663.0,663.0,663.0,97.17607973,64427.74086099
2026-05-20 09:00:00,666.0,666.0,665.0,665.0,55.07665877,36671.22695082
2026-05-20 09:15:00,664.0,664.0,662.0,662.0,1880.93288901,1246123.22400917
2026-05-20 09:30:00,666.0,667.0,665.0,665.0,539.17593984,359237.89999361
2026-05-20 10:30:00,663.0,665.0,662.0,662.0,801.62876283,531450.6548154
2026-05-20 10:45:00,665.0,668.0,665.0,668.0,5553.22023987,3701185.74544167
2026-05-20 11:00:00,666.0,668.0,666.0,668.0,3981.49493276,2658488.78144146
2026-05-20 11:15:00,668.0,668.0,668.0,668.0,415.58832336,277613.00000448
2026-05-20 11:45:00,668.0,668.0,667.0,667.0,1250.78649809,834426.80596062
2026-05-20 12:00:00,667.0,667.0,665.0,665.0,488.08031512,325190.91455162
2026-05-20 12:15:00,665.0,670.0,665.0,670.0,1960.80767647,1306905.04515106
2026-05-20 12:30:00,669.0,669.0,668.0,668.0,115.72537313,77319.47462397
2026-05-20 12:45:00,668.0,668.0,666.0,668.0,1443.91712787,964475.94741716
2026-05-20 13:15:00,668.0,668.0,668.0,668.0,3742.51497005,2499999.9999934
2026-05-20 13:30:00,667.0,667.0,666.0,666.0,1569.38660563,1045219.87976958
2026-05-20 14:00:00,669.0,672.0,669.0,672.0,371.5030688,249117.22555171
2026-05-20 14:15:00,672.0,673.0,672.0,673.0,14.85884215,9999.99999695
2026-05-20 14:30:00,672.0,674.0,672.0,674.0,733.04408223,493469.32336332
2026-05-20 14:45:00,675.0,675.0,674.0,674.0,7726.62972864,5215466.016832
2026-05-20 15:00:00,674.0,676.0,674.0,676.0,10862.15676833,7322619.7622058
2026-05-20 15:15:00,674.0,674.0,673.0,673.0,3651.17914689,2459855.74824151
2026-05-20 15:30:00,673.0,673.0,672.0,672.0,91.07035987,61199.28245792
2026-05-20 15:45:00,672.0,675.0,672.0,675.0,1615.46454282,1089261.17277504
2026-05-20 16:00:00,675.0,675.0,673.0,674.0,7359.57458448,4967638.53224683
2026-05-20 16:45:00,674.0,674.0,674.0,674.0,350.0,235900.0
2026-05-20 17:30:00,674.0,677.0,674.0,677.0,384.0,259539.0
2026-05-20 18:00:00,677.0,677.0,677.0,677.0,8.20531757,5554.99999489
2026-05-20 18:15:00,677.0,677.0,677.0,677.0,54.52584935,36914.00000995
2026-05-20 18:30:00,678.0,680.0,678.0,678.0,11581.48137537,7852304.58585086
2026-05-20 18:45:00,678.0,678.0,678.0,678.0,6171.71503936,4184422.79668608
2026-05-20 19:00:00,678.0,678.0,677.0,677.0,1320.42801707,895161.23510651
2026-05-20 19:15:00,677.0,677.0,675.0,675.0,1767.99792067,1194872.53304375
2026-05-20 19:30:00,677.0,677.0,675.0,675.0,913.84070506,617996.75665222
2026-05-20 19:45:00,675.0,675.0,675.0,675.0,2371.89849519,1601031.48425325
2026-05-20 20:00:00,674.0,674.0,674.0,674.0,1296.73590504,873999.99999696
2026-05-20 20:30:00,674.0,674.0,674.0,674.0,4711.60331695,3175620.6356243
2026-05-20 20:45:00,673.0,673.0,672.0,672.0,115.4717497,77611.8086978
2026-05-20 21:15:00,673.0,673.0,673.0,673.0,100.6788503,67756.8662519
2026-05-20 21:30:00,675.0,675.0,675.0,675.0,1700.0,1147500.0
2026-05-20 22:00:00,680.0,681.0,680.0,681.0,547.90882352,372676.35134869
2026-05-20 22:15:00,678.0,678.0,678.0,678.0,294.98525073,199999.99999494
2026-05-20 22:30:00,677.0,677.0,672.0,672.0,11600.0813932,7825781.7080781
2026-05-20 22:45:00,677.0,677.0,677.0,677.0,76.99409158,52124.99999966
2026-05-20 23:00:00,676.0,676.0,676.0,676.0,150.0,101400.0
2026-05-20 23:15:00,678.0,681.0,678.0,678.0,1908.0042326,1296344.74983761
2026-05-20 23:30:00,681.0,683.0,680.0,681.0,3370.03637869,2294221.34852985
2026-05-20 23:45:00,682.0,683.0,682.0,682.0,212.66437,145137.10034
2026-05-21 00:00:00,682.0,682.0,682.0,682.0,41.75425169,28476.39965258
2026-05-21 00:15:00,681.0,686.0,681.0,683.0,947.14559444,648213.09318064
2026-05-21 01:00:00,686.0,690.0,686.0,689.0,2363.13780211,1629031.70054104
2026-05-21 02:00:00,688.0,690.0,688.0,688.0,1894.04905063,1305145.74683344
2026-05-21 02:15:00,691.0,692.0,691.0,692.0,284.89999999,196948.14379279
2026-05-21 02:30:00,691.0,692.0,691.0,692.0,123.90883788,85694.14747013
2026-05-21 02:45:00,689.0,689.0,689.0,689.0,2822.6197552,1944785.0113328
2026-05-21 03:00:00,689.0,689.0,689.0,689.0,10.0,6890.0
2026-05-21 03:15:00,691.0,691.0,691.0,691.0,2461.17800289,1700673.99999699
2026-05-21 03:30:00,686.0,686.0,686.0,686.0,18.31072,12561.15392
2026-05-21 04:15:00,686.0,686.0,686.0,686.0,1944.94680234,1334233.50640524
2026-05-21 05:15:00,686.0,687.0,686.0,686.0,549.89274865,377407.73889268
2026-05-21 05:45:00,688.0,690.0,688.0,690.0,1633.96623131,1124359.48231723
2026-05-21 06:00:00,688.0,689.0,688.0,689.0,3862.71841541,2660832.37228119
2026-05-21 06:15:00,689.0,689.0,689.0,689.0,522.55434267,360039.94209963
2026-05-21 06:30:00,688.0,689.0,688.0,689.0,83.21394465,57307.53148856
2026-05-21 06:45:00,689.0,689.0,689.0,689.0,10.84506531,7472.24999859
2026-05-21 07:00:00,688.0,689.0,688.0,688.0,1072.53560772,737948.03947565
2026-05-21 07:15:00,684.0,686.0,683.0,686.0,126.96293953,86917.6396587
2026-05-21 07:30:00,685.0,685.0,685.0,685.0,91.69999999,62814.49999315
2026-05-21 07:45:00,684.0,686.0,684.0,686.0,740.0729927,506450.13469237
2026-05-21 08:00:00,685.0,687.0,685.0,686.0,1208.81794655,830398.0519165
2026-05-21 08:15:00,686.0,686.0,683.0,683.0,763.77247806,521694.54272853
2026-05-21 09:00:00,688.0,688.0,686.0,686.0,32.27650203,22191.33007774
2026-05-21 09:15:00,688.0,688.0,687.0,687.0,1691.14858877,1163469.14107376
2026-05-21 09:45:00,689.0,689.0,689.0,689.0,1378.41364297,949727.00000633
2026-05-21 10:00:00,689.0,691.0,689.0,691.0,11694.27074459,8061090.15335803
2026-05-21 10:15:00,691.0,691.0,691.0,691.0,2913.80110722,2013436.56508902
2026-05-21 10:30:00,691.0,691.0,690.0,690.0,2070.94133202,1429527.70178248
2026-05-21 10:45:00,691.0,691.0,691.0,691.0,678.27391636,468687.27620476
2026-05-21 11:00:00,691.0,693.0,691.0,693.0,678.24335475,470022.64484107
2026-05-21 11:15:00,693.0,693.0,692.0,693.0,38.57894118,26727.21231099
2026-05-21 11:30:00,693.0,693.0,693.0,693.0,74.644925,51728.933025
2026-05-21 11:45:00,692.0,692.0,692.0,692.0,2557.04977655,1769478.4453726
2026-05-21 12:15:00,692.0,692.0,690.0,690.0,8573.37446593,5920805.97188724
2026-05-21 12:30:00,690.0,692.0,690.0,692.0,150.63274721,103977.86106932
2026-05-21 13:00:00,692.0,694.0,692.0,694.0,680.81175442,472432.57103274
2026-05-21 13:30:00,694.0,694.0,689.0,689.0,9087.62219574,6288164.79523498
2026-05-21 13:45:00,689.0,690.0,689.0,690.0,7828.86480459,5400777.32720722
2026-05-21 14:00:00,690.0,690.0,690.0,690.0,10.56536231,7290.0999939
2026-05-21 14:15:00,688.0,689.0,688.0,689.0,1074.46026815,739237.5437272
2026-05-21 14:30:00,689.0,689.0,685.0,685.0,814.70415476,560306.20299607
2026-05-21 15:00:00,687.0,687.0,684.0,684.0,8500.14115452,5815704.98478916
2026-05-21 15:15:00,684.0,688.0,684.0,688.0,2203.26010642,1509995.00000056
2026-05-21 15:30:00,687.0,688.0,687.0,688.0,602.65102964,414061.93236268
2026-05-21 15:45:00,688.0,689.0,688.0,689.0,2304.740594,1587601.528672
2026-05-21 16:00:00,689.0,689.0,689.0,689.0,1574.97543486,1085158.07461854
2026-05-21 16:30:00,688.0,690.0,688.0,690.0,775.96765671,533925.14581648
2026-05-21 16:45:00,691.0,691.0,691.0,691.0,6022.63742685,4161642.46195335
2026-05-21 17:00:00,691.0,691.0,691.0,691.0,5592.86874266,3864672.30117806
2026-05-21 17:45:00,691.0,691.0,689.0,691.0,1069.71497384,739008.61254488
2026-05-21 18:00:00,691.0,691.0,690.0,690.0,1683.19580295,1161639.02447613
2026-05-21 18:15:00,688.0,691.0,688.0,690.0,789.23320482,543436.88308097
2026-05-21 18:30:00,689.0,689.0,689.0,689.0,4329.31765282,2982899.86279298
2026-05-21 18:45:00,687.0,687.0,687.0,687.0,6817.71947512,4683773.27940744
2026-05-21 19:00:00,687.0,687.0,686.0,686.0,1000.89898373,687609.57251251
2026-05-21 19:15:00,685.0,688.0,683.0,683.0,23996.12261892,16443024.29957317
2026-05-21 19:30:00,683.0,683.0,677.0,682.0,21746.89630907,14760975.39075548
2026-05-21 19:45:00,682.0,684.0,682.0,684.0,4043.02396496,2761342.34410272
2026-05-21 20:15:00,685.0,685.0,685.0,685.0,421.58057228,288782.6920118
2026-05-21 20:30:00,685.0,685.0,685.0,685.0,4379.56204379,2999999.99999615
2026-05-21 20:45:00,684.0,684.0,683.0,683.0,20.89830425,14284.584527
2026-05-21 21:00:00,682.0,682.0,682.0,682.0,724.57517572,494160.26984104
2026-05-21 21:15:00,682.0,682.0,682.0,682.0,14.849,10127.018
2026-05-21 21:30:00,681.0,685.0,681.0,685.0,191.58842507,131092.17403816
2026-05-21 21:45:00,685.0,685.0,685.0,685.0,15.613,10694.905
2026-05-21 22:15:00,685.0,687.0,685.0,687.0,328.14927006,225079.31426743
2026-05-21 22:30:00,684.0,685.0,683.0,683.0,23696.91124437,16188222.11382703
2026-05-21 22:45:00,682.0,687.0,682.0,687.0,8006.06347348,5461131.98516185
2026-05-21 23:00:00,689.0,689.0,689.0,689.0,8.70827285,5999.99999365
2026-05-21 23:15:00,687.0,688.0,687.0,688.0,242.89659509,167015.30966403
2026-05-21 23:45:00,688.0,688.0,688.0,688.0,75.696152,52078.952576
2026-05-22 00:00:00,689.0,692.0,689.0,692.0,3302.69356621,2285185.76383439
2026-05-22 00:15:00,692.0,695.0,691.0,695.0,3564.59981603,2476636.8399029
2026-05-22 00:30:00,695.0,695.0,693.0,693.0,10629.57521975,7367904.52262005
2026-05-22 00:45:00,694.0,694.0,692.0,692.0,521.3066514,361491.83082088
2026-05-22 01:00:00,695.0,695.0,695.0,695.0,7.1942446,4999.999997
2026-05-22 01:15:00,692.0,692.0,690.0,690.0,50.24964707,34715.62999242
2026-05-22 02:00:00,695.0,696.0,695.0,696.0,410.16207724,285470.00000364
2026-05-22 02:15:00,697.0,699.0,697.0,699.0,3034.21205456,2115542.91395309
2026-05-22 02:30:00,700.0,700.0,700.0,700.0,342.24465725,239571.260075
2026-05-22 02:45:00,701.0,702.0,700.0,702.0,839.50979303,588544.39505333
2026-05-22 03:00:00,700.0,700.0,700.0,700.0,815.15139299,570605.975093
2026-05-22 03:15:00,700.0,703.0,700.0,703.0,19157.94519181,13414281.0336088
2026-05-22 03:30:00,702.0,703.0,702.0,702.0,1080.38920833,759350.68838478
2026-05-22 03:45:00,700.0,700.0,696.0,696.0,115.47486541,80399.0834682
2026-05-22 04:15:00,696.0,696.0,696.0,696.0,8.94187779,6223.54694184
2026-05-22 06:30:00,701.0,701.0,701.0,701.0,28.27793162,19822.83006562
2026-05-22 06:45:00,701.0,702.0,701.0,702.0,775.59961035,544085.99999874
2026-05-22 07:15:00,702.0,702.0,702.0,702.0,1620.34397299,1137481.46903898
2026-05-22 07:30:00,702.0,702.0,702.0,702.0,13883.67899236,9746342.65263672
2026-05-22 08:00:00,701.0,701.0,700.0,700.0,21784.88196406,15260026.06029135
2026-05-22 08:30:00,700.0,700.0,700.0,700.0,30.0,21000.0
2026-05-22 08:45:00,701.0,702.0,701.0,702.0,2998.55144632,2103812.6485101
2026-05-22 09:00:00,703.0,703.0,700.0,703.0,31.30867709,21974.39544235
2026-05-22 09:15:00,702.0,702.0,699.0,699.0,784.14661889,548530.62669012
2026-05-22 09:30:00,700.0,701.0,700.0,701.0,4663.22432113,3264347.37215192
2026-05-22 09:45:00,700.0,700.0,699.0,699.0,3556.19074217,2489275.92106254
2026-05-22 10:00:00,697.0,697.0,697.0,697.0,100.0,69700.0
2026-05-22 10:15:00,702.0,702.0,700.0,700.0,7234.79313291,5064571.373037
2026-05-22 10:45:00,703.0,704.0,703.0,704.0,279.88022114,196770.00000687
2026-05-22 11:00:00,704.0,707.0,704.0,707.0,1423.08528521,1003671.60251444
2026-05-22 11:15:00,706.0,706.0,706.0,706.0,1072.1308657,756924.3911842
2026-05-22 11:45:00,707.0,707.0,705.0,705.0,802.85722578,567205.6996159
2026-05-22 12:00:00,706.0,707.0,706.0,707.0,765.21923656,540921.37199451
2026-05-22 12:30:00,705.0,705.0,705.0,705.0,314.44417447,221683.14300135
2026-05-22 12:45:00,705.0,705.0,705.0,705.0,4498.64742232,3171546.4327356
2026-05-22 13:00:00,705.0,709.0,705.0,709.0,2222.79261763,1570781.72967629
2026-05-22 13:15:00,706.0,706.0,706.0,706.0,23.63008107,16682.83723542
2026-05-22 13:30:00,708.0,708.0,707.0,707.0,1596.14527141,1130048.77860807
2026-05-22 13:45:00,706.0,706.0,705.0,705.0,1583.90499298,1116917.81895526
2026-05-22 14:00:00,705.0,705.0,704.0,704.0,30.0,21120.04284755
2026-05-22 14:15:00,704.0,704.0,704.0,704.0,16.78060311,11813.54458944
2026-05-22 14:45:00,705.0,705.0,704.0,704.0,5727.57421401,4032303.94666303
2026-05-22 15:15:00,703.0,704.0,702.0,703.0,6520.00746817,4582756.89108791
2026-05-22 15:30:00,702.0,702.0,702.0,702.0,400.0,280800.0
2026-05-22 15:45:00,702.0,703.0,702.0,703.0,1846.69853938,1298190.07318414
2026-05-22 16:00:00,702.0,702.0,700.0,701.0,8928.99026851,6263552.76158962
2026-05-22 16:15:00,707.0,708.0,707.0,707.0,163.57548408,115662.86724456
2026-05-22 16:45:00,707.0,707.0,707.0,707.0,9432.01155483,6668432.16926481
2026-05-22 17:00:00,706.0,706.0,706.0,706.0,42.49291784,29999.99999504
2026-05-22 17:30:00,706.0,706.0,706.0,706.0,114.00390456,80486.75661936
2026-05-22 18:00:00,704.0,706.0,704.0,706.0,150.050999,105752.60529402
2026-05-22 18:15:00,706.0,706.0,706.0,706.0,33.34900098,23544.39469188
2026-05-22 19:00:00,702.0,703.0,702.0,703.0,325.7184325,228969.6368575
2026-05-22 19:15:00,701.0,703.0,701.0,703.0,390.64870344,274478.03851832
2026-05-22 19:30:00,703.0,705.0,703.0,705.0,550.84397162,387526.9999921
2026-05-22 19:45:00,705.0,705.0,705.0,705.0,120.41092198,84889.6999959
2026-05-22 20:00:00,704.0,704.0,704.0,704.0,63.92045454,44999.99999616
2026-05-22 20:15:00,702.0,702.0,702.0,702.0,1365.05821612,958270.86771624
2026-05-22 20:30:00,701.0,702.0,701.0,702.0,724.93795814,508333.36739913
2026-05-22 20:45:00,702.0,704.0,702.0,702.0,2485.83979639,1746549.45509084
2026-05-22 21:00:00,702.0,702.0,702.0,702.0,39.7786292,27924.5976984
2026-05-22 21:15:00,704.0,704.0,704.0,704.0,710.22727272,499999.99999488
2026-05-22 21:45:00,705.0,705.0,705.0,705.0,14.6978168,10361.960844
2026-05-22 22:00:00,707.0,708.0,706.0,706.0,28594.41783678,20244456.61202429
2026-05-22 22:15:00,706.0,706.0,705.0,705.0,106.77200744,75348.1866333
2026-05-22 22:30:00,705.0,705.0,704.0,704.0,2256.50079583,1590086.69998061
2026-05-22 22:45:00,704.0,704.0,703.0,703.0,1311.68396545,922974.39401865
2026-05-22 23:00:00,704.0,704.0,700.0,701.0,917.59284236,644817.88509436
2026-05-22 23:15:00,700.0,700.0,698.0,698.0,9531.98471128,6655568.83275645
2026-05-22 23:45:00,698.0,698.0,696.0,696.0,874.81455063,610401.78033555
2026-05-23 00:00:00,695.0,695.0,695.0,695.0,41.72661871,29000.00000345
2026-05-23 00:15:00,695.0,695.0,693.0,694.0,36143.79453022,25083945.46200433
2026-05-23 00:30:00,698.0,698.0,698.0,698.0,7346.33956295,5127745.0149391
2026-05-23 00:45:00,695.0,695.0,695.0,695.0,254.393659,176803.593005
2026-05-23 01:00:00,697.0,697.0,697.0,697.0,997.46620733,695233.94650901
2026-05-23 01:15:00,697.0,697.0,695.0,695.0,618.25402222,430561.05348734
2026-05-23 02:00:00,698.0,698.0,698.0,698.0,77.92231248,54389.77411104
2026-05-23 02:45:00,698.0,698.0,698.0,698.0,14.32951288,10001.99999024
2026-05-23 03:00:00,697.0,697.0,694.0,696.0,2909.65132902,2023686.46121461
2026-05-23 03:30:00,695.0,695.0,690.0,690.0,7033.68730795,4871996.9476705
2026-05-23 03:45:00,691.0,691.0,684.0,686.0,10775.6994087,7396069.72764541
2026-05-23 04:00:00,687.0,687.0,682.0,682.0,1680.07256021,1149469.86292217
2026-05-23 04:15:00,684.0,684.0,681.0,683.0,184.15158774,125641.24289422
2026-05-23 04:30:00,681.0,681.0,675.0,675.0,6560.36216212,4438617.4846214
2026-05-23 04:45:00,677.0,682.0,675.0,682.0,10001.24943714,6773271.96706522
2026-05-23 05:00:00,682.0,682.0,682.0,682.0,11.7441104,8009.4832928
2026-05-23 05:15:00,680.0,682.0,680.0,682.0,927.84965246,630967.08918598
2026-05-23 05:30:00,680.0,680.0,680.0,680.0,997.841068,678531.92624
2026-05-23 05:45:00,684.0,684.0,683.0,683.0,178.34875296,121835.68705628
2026-05-23 06:00:00,685.0,685.0,684.0,684.0,26.35923313,18039.56455097
2026-05-23 06:15:00,684.0,686.0,684.0,686.0,2277.85473305,1558245.71982618
2026-05-23 06:30:00,685.0,685.0,685.0,685.0,2970.47637203,2034776.31484055
2026-05-23 07:15:00,684.0,684.0,684.0,684.0,100.0,68400.0
2026-05-23 07:30:00,682.0,682.0,679.0,679.0,1221.73087611,831469.35135826
2026-05-23 08:15:00,682.0,682.0,679.0,679.0,2277.47821345,1550573.7827867
2026-05-23 08:30:00,679.0,679.0,678.0,678.0,29.50680793,20005.6240594
2026-05-23 08:45:00,678.0,678.0,672.0,672.0,5981.54636062,4053804.6656484
2026-05-23 09:00:00,674.0,677.0,674.0,677.0,1273.24259337,858748.24975982
2026-05-23 09:15:00,677.0,677.0,677.0,677.0,11.85250134,8024.14340718
2026-05-23 09:30:00,677.0,677.0,675.0,675.0,285.91347157,193188.95845971
2026-05-23 09:45:00,677.0,680.0,677.0,678.0,297.8904653,202166.79069738
2026-05-23 10:00:00,680.0,680.0,678.0,678.0,178.25929975,121032.92383002
2026-05-23 10:15:00,677.0,677.0,677.0,677.0,8.30000001,5619.10000677
2026-05-23 10:30:00,682.0,682.0,681.0,681.0,5155.65384462,3513578.09510853
2026-05-23 10:45:00,682.0,682.0,680.0,680.0,761.55817517,519324.45130292
2026-05-23 11:00:00,682.0,682.0,682.0,682.0,3138.1848296,2140242.0537872
2026-05-23 11:30:00,682.0,682.0,682.0,682.0,293.25513197,200000.00000354
2026-05-23 11:45:00,684.0,684.0,684.0,684.0,278.0,190152.0
2026-05-23 12:00:00,685.0,685.0,683.0,685.0,136.28015326,93249.28825658
2026-05-23 12:15:00,686.0,689.0,686.0,689.0,6178.94650652,4257266.80924228
2026-05-23 12:30:00,687.0,687.0,687.0,687.0,1175.747271,807738.375177
2026-05-23 12:45:00,686.0,686.0,686.0,686.0,5789.95137999,3971906.64667314
2026-05-23 13:00:00,683.0,683.0,683.0,683.0,270.673635,184870.092705
2026-05-23 13:15:00,683.0,683.0,683.0,683.0,192.493,131472.719
2026-05-23 13:30:00,681.0,685.0,681.0,684.0,33.5341732,22900.6288835
2026-05-23 13:45:00,684.0,684.0,682.0,682.0,60.3908304,41260.20568951
2026-05-23 14:00:00,682.0,682.0,682.0,682.0,47.582,32450.924
2026-05-23 14:15:00,682.0,682.0,680.0,680.0,3801.4243436,2587762.12783515
2026-05-23 14:30:00,680.0,681.0,680.0,681.0,2723.62076643,1854770.9018262
2026-05-23 14:45:00,682.0,682.0,682.0,682.0,1397.5092651,953101.3187982
2026-05-23 15:00:00,682.0,682.0,681.0,682.0,302.11246224,205963.11530394
2026-05-23 15:15:00,683.0,683.0,683.0,683.0,2163.52157136,1477685.23323888
2026-05-23 15:30:00,683.0,683.0,683.0,683.0,3688.45808416,2519216.87148128
2026-05-23 15:45:00,682.0,682.0,681.0,681.0,4671.55828496,3184273.95268877
2026-05-23 16:00:00,681.0,681.0,681.0,681.0,2574.25010135,1753064.31901935
2026-05-23 16:15:00,681.0,681.0,681.0,681.0,881.05726874,600000.00001194
2026-05-23 16:30:00,681.0,681.0,680.0,681.0,4428.67310869,3015901.87599848
2026-05-23 16:45:00,679.0,679.0,663.0,668.0,26651.54253513,17828345.6315886
2026-05-23 17:00:00,666.0,666.0,666.0,666.0,1866.63684788,1243180.14068808
2026-05-23 17:15:00,667.0,667.0,667.0,667.0,7217.47526946,4814056.00472982
2026-05-23 17:30:00,666.0,666.0,662.0,662.0,269.77686371,178817.8853412
2026-05-23 17:45:00,666.0,666.0,666.0,666.0,91.69999999,61072.19999334
2026-05-23 18:00:00,666.0,666.0,665.0,665.0,14172.43506594,9426122.08084119
2026-05-23 18:15:00,665.0,665.0,663.0,663.0,2484.89090261,1647512.74361839
2026-05-23 18:30:00,665.0,665.0,665.0,665.0,2177.94486216,1448333.3333364
2026-05-23 18:45:00,666.0,666.0,666.0,666.0,3055.36669353,2034874.21789098
2026-05-23 19:00:00,667.0,667.0,665.0,665.0,415.2650141,276166.37680528
2026-05-23 19:45:00,666.0,666.0,666.0,666.0,4504.50450451,3000000.00000366
2026-05-23 20:15:00,667.0,667.0,666.0,666.0,2543.23412617,1694669.49999323
2026-05-23 20:30:00,665.0,665.0,665.0,665.0,14702.7584929,9777334.3977785
2026-05-23 20:45:00,664.0,664.0,662.0,662.0,312.23589008,207020.68838046
2026-05-23 21:00:00,662.0,662.0,660.0,662.0,382.68748473,252800.34887736
2026-05-23 21:15:00,661.0,662.0,660.0,661.0,493.33112839,325929.78553685
2026-05-23 21:30:00,660.0,661.0,660.0,661.0,3104.87000493,2051179.2032538
2026-05-23 22:00:00,665.0,668.0,665.0,668.0,308.24587706,205729.99999902
2026-05-23 22:15:00,669.0,670.0,669.0,669.0,2430.70808006,1628252.84242581
2026-05-23 22:30:00,671.0,671.0,670.0,670.0,1940.50746268,1301749.9999956
2026-05-23 22:45:00,671.0,671.0,671.0,671.0,185.49183997,124465.02461987
2026-05-23 23:00:00,670.0,673.0,669.0,673.0,1696.26098924,1138395.46011618
2026-05-23 23:15:00,673.0,673.0,673.0,673.0,14.85884101,9999.99999973
2026-05-23 23:30:00,673.0,675.0,673.0,675.0,1076.33798014,725983.95966958
2026-05-23 23:45:00,678.0,679.0,677.0,679.0,1305.80017931,885374.11765036
2026-05-24 00:00:00,679.0,680.0,679.0,680.0,2086.24668196,1416863.34217744
2026-05-24 00:15:00,680.0,680.0,680.0,680.0,573.31628302,389855.0724536
2026-05-24 01:45:00,681.0,681.0,681.0,681.0,8.67651,5908.70331
2026-05-24 02:00:00,682.0,683.0,682.0,683.0,1610.62756599,1099912.00000518
2026-05-24 03:00:00,683.0,684.0,683.0,684.0,1258.2729031,860648.6657204
2026-05-24 03:15:00,685.0,685.0,685.0,685.0,307.52626047,210655.48842195
2026-05-24 03:30:00,686.0,688.0,686.0,686.0,4037.55888249,2775125.3025544
2026-05-24 03:45:00,689.0,691.0,689.0,691.0,601.49326871,415026.3754299
2026-05-24 04:00:00,686.0,686.0,686.0,686.0,292.89238464,200924.17586304
2026-05-24 05:00:00,686.0,686.0,686.0,686.0,232.22229999,159304.49779314
2026-05-24 05:30:00,688.0,699.0,688.0,699.0,10445.20694437,7276043.00615434
2026-05-24 05:45:00,698.0,703.0,698.0,703.0,3686.29805643,2578513.17547533
2026-05-24 06:00:00,703.0,705.0,702.0,702.0,1130.7084297,796542.10164104
2026-05-24 06:15:00,702.0,702.0,702.0,702.0,3335.0,2341170.0
2026-05-24 06:30:00,700.0,700.0,697.0,697.0,1872.65790418,1307672.49424591
2026-05-24 06:45:00,699.0,699.0,699.0,699.0,91.699,64097.601
2026-05-24 07:00:00,700.0,701.0,699.0,699.0,555.16051515,388804.8608399
2026-05-24 07:15:00,699.0,699.0,697.0,697.0,1570.3034595,1097597.3453287
2026-05-24 07:30:00,695.0,695.0,695.0,695.0,1516.55482014,1054005.5999973
2026-05-24 07:45:00,698.0,698.0,697.0,698.0,879.14664027,613629.35490846
2026-05-24 08:00:00,698.0,698.0,697.0,697.0,5597.90983271,3901751.11185159
2026-05-24 08:15:00,697.0,697.0,697.0,697.0,1188.14833276,828139.38793372
2026-05-24 08:30:00,697.0,697.0,697.0,697.0,506.44726402,352993.74302194
2026-05-24 08:45:00,697.0,697.0,697.0,697.0,20.0,13940.0
2026-05-24 09:00:00,699.0,701.0,696.0,697.0,42376.72745328,29621228.00505498
2026-05-24 09:15:00,697.0,700.0,697.0,700.0,1753.50487399,1222977.55076366
2026-05-24 09:30:00,703.0,703.0,702.0,702.0,1442.79617963,1014271.48952883
2026-05-24 09:45:00,701.0,701.0,701.0,701.0,27.23589001,19092.35889701
2026-05-24 10:00:00,701.0,702.0,701.0,701.0,3649.98664757,2558647.78687952
2026-05-24 10:15:00,700.0,700.0,700.0,700.0,30.81204536,21568.431752
2026-05-24 10:30:00,701.0,701.0,700.0,700.0,3179.72118786,2225854.39149615
2026-05-24 11:00:00,699.0,699.0,699.0,699.0,1347.02651644,941571.53499156
2026-05-24 11:15:00,698.0,698.0,698.0,698.0,7946.35490276,5546555.72212648
2026-05-24 11:30:00,697.0,697.0,696.0,696.0,433.6002595,301793.123412
2026-05-24 11:45:00,696.0,696.0,696.0,696.0,1436.7816092,1000000.0000032
2026-05-24 12:00:00,700.0,700.0,700.0,700.0,408.22785711,285759.499977
2026-05-24 12:30:00,697.0,697.0,696.0,696.0,70.39971992,49017.60478424
2026-05-24 12:45:00,695.0,696.0,694.0,696.0,277.24137931,192624.64396527
2026-05-24 13:00:00,696.0,697.0,696.0,697.0,481.63663793,335689.09999928
2026-05-24 13:15:00,697.0,697.0,697.0,697.0,1347.155732,938967.545204
2026-05-24 14:00:00,697.0,697.0,695.0,695.0,1011.94518773,705184.72445179
2026-05-24 14:15:00,694.0,694.0,693.0,693.0,622.25500983,431808.43520827
2026-05-24 15:30:00,695.0,695.0,695.0,695.0,721.50072151,501443.00144945
2026-05-24 15:45:00,697.0,697.0,697.0,697.0,61.65783248,42975.50923856
2026-05-24 16:00:00,696.0,697.0,696.0,696.0,8403.39637995,5848899.7224452
2026-05-24 16:15:00,695.0,695.0,695.0,695.0,6066.64479987,4216318.13590965
2026-05-24 16:30:00,695.0,695.0,695.0,695.0,9356.74324624,6502936.5561368
2026-05-24 16:45:00,697.0,697.0,695.0,695.0,5459.65643545,3794590.55408679
2026-05-24 17:00:00,695.0,695.0,694.0,694.0,11954.38521422,8301247.45841326
2026-05-24 17:30:00,696.0,696.0,696.0,696.0,14.08450704,9802.81689984
2026-05-24 17:45:00,696.0,697.0,695.0,697.0,443.13158428,308421.58129011
2026-05-24 19:00:00,696.0,696.0,694.0,694.0,3144.65682483,2184923.90043761
2026-05-24 19:15:00,694.0,694.0,694.0,694.0,849.973,589881.262
2026-05-24 19:45:00,693.0,693.0,693.0,693.0,31.64790764,21931.99999452
2026-05-24 20:15:00,693.0,694.0,691.0,693.0,2205.47337621,1527272.91303752
2026-05-24 20:30:00,692.0,694.0,692.0,693.0,3885.81716311,2690296.75081383
2026-05-24 20:45:00,693.0,694.0,692.0,692.0,663.33880384,460262.02774828
2026-05-24 21:00:00,692.0,692.0,690.0,690.0,977.17478102,674904.11696842
2026-05-24 21:15:00,689.0,689.0,686.0,686.0,2832.22186507,1943606.71955154
2026-05-24 21:30:00,688.0,688.0,688.0,688.0,114.57725947,78829.15451536
2026-05-24 22:00:00,688.0,688.0,688.0,688.0,545.986155,375638.47464
2026-05-24 22:15:00,688.0,688.0,688.0,688.0,189.70493104,130516.99255552
2026-05-24 22:30:00,687.0,687.0,685.0,685.0,8752.02815839,5995166.14815715
2026-05-24 22:45:00,685.0,685.0,682.0,682.0,1723.42285064,1180424.33306611
2026-05-24 23:00:00,681.0,681.0,678.0,678.0,6077.98560334,4122013.03941013
2026-05-24 23:15:00,677.0,679.0,675.0,678.0,1447.06275103,977633.74966154
2026-05-24 23:30:00,679.0,679.0,678.0,678.0,4406.865657,2991863.280689
2026-05-25 00:00:00,680.0,680.0,680.0,680.0,735.29411764,499999.9999952
2026-05-25 00:15:00,681.0,682.0,680.0,680.0,4657.52401492,3171752.01561114
2026-05-25 01:00:00,682.0,684.0,682.0,684.0,6944.36516982,4749475.34695476
2026-05-25 01:15:00,684.0,684.0,683.0,683.0,1145.83122466,782675.82585778
2026-05-25 01:30:00,680.0,680.0,680.0,680.0,14.07668,9572.1424
2026-05-25 01:45:00,680.0,680.0,680.0,680.0,2698.7651174,1835160.279832
2026-05-25 02:00:00,683.0,683.0,683.0,683.0,10.29411764,7030.88234812
2026-05-25 02:15:00,683.0,683.0,683.0,683.0,93.79790339,64063.96801537
2026-05-25 03:00:00,681.0,681.0,681.0,681.0,537.38904973,365961.94286613
2026-05-25 03:30:00,681.0,681.0,680.0,680.0,18.09068,12311.7062
2026-05-25 03:45:00,679.0,679.0,679.0,679.0,1604.35597056,1089357.70401024
2026-05-25 05:45:00,677.0,678.0,677.0,677.0,1237.55113879,837947.87314962
2026-05-25 06:00:00,677.0,677.0,677.0,677.0,4.46607784,3023.53469768
2026-05-25 06:15:00,677.0,677.0,674.0,674.0,1796.71084833,1213353.19656085
2026-05-25 06:30:00,674.0,676.0,669.0,669.0,1713.72918947,1149720.5255431
2026-05-25 06:45:00,669.0,670.0,668.0,670.0,8770.13616435,5867411.22267083
2026-05-25 07:00:00,674.0,676.0,674.0,676.0,180.9186341,122130.4330565
2026-05-25 07:15:00,676.0,676.0,676.0,676.0,606.50887573,409999.99999348
2026-05-25 07:30:00,675.0,675.0,675.0,675.0,25.03125925,16896.09999375
2026-05-25 08:15:00,675.0,675.0,675.0,675.0,74.34490011,50182.80757425
2026-05-25 08:30:00,678.0,678.0,678.0,678.0,9.6651,6552.9378
2026-05-25 09:00:00,678.0,680.0,678.0,680.0,603.12673721,409719.6970255
2026-05-25 09:15:00,681.0,682.0,681.0,682.0,1344.90253579,917214.42958878
2026-05-25 09:30:00,681.0,681.0,681.0,681.0,200.0,136200.0
2026-05-25 09:45:00,681.0,681.0,681.0,681.0,734.2143906,499999.9999986
2026-05-25 10:00:00,680.0,681.0,679.0,679.0,8283.90261609,5639956.57837729
2026-05-25 10:30:00,679.0,680.0,678.0,680.0,2260.07083191,1532392.92326215
2026-05-25 10:45:00,678.0,678.0,677.0,677.0,7416.66876617,5021208.40248716
2026-05-25 11:00:00,678.0,678.0,678.0,678.0,21.72079719,14726.70049482
2026-05-25 11:15:00,678.0,678.0,678.0,678.0,331.83799333,224986.15947774
2026-05-25 11:30:00,679.0,679.0,679.0,679.0,5209.13107511,3536999.99999969
2026-05-25 12:00:00,678.0,678.0,678.0,678.0,2631.28958741,1784014.34026398
2026-05-25 12:15:00,677.0,678.0,677.0,678.0,1858.4578322,1259063.0337844
2026-05-25 12:30:00,678.0,678.0,678.0,678.0,1603.34413121,1087067.32096038
2026-05-25 13:30:00,682.0,684.0,682.0,684.0,1820.0,1244864.8749
2026-05-25 13:45:00,685.0,686.0,683.0,686.0,156.35502958,107155.48520314
2026-05-25 14:00:00,687.0,687.0,687.0,687.0,1316.68356551,904561.60950537
2026-05-25 14:15:00,687.0,687.0,687.0,687.0,1562.80166086,1073644.74101082
2026-05-25 14:30:00,688.0,688.0,688.0,688.0,253.4769841,174392.1650608
2026-05-25 14:45:00,689.0,693.0,689.0,691.0,14832.35245945,10248706.10399735
2026-05-25 15:00:00,691.0,693.0,691.0,693.0,2510.90987945,1737511.8649894
2026-05-25 15:15:00,691.0,691.0,690.0,691.0,20343.02495996,14052924.09619371
2026-05-25 15:30:00,691.0,691.0,691.0,691.0,5816.63956146,4019297.93696886
2026-05-25 16:00:00,690.0,690.0,690.0,690.0,10.21644444,7049.3466636
2026-05-25 16:45:00,690.0,690.0,690.0,690.0,28.98550724,19999.9999956
2026-05-25 17:00:00,689.0,689.0,689.0,689.0,1028.125,708378.125
2026-05-25 17:30:00,687.0,688.0,687.0,688.0,1727.80203785,1188000.00000295
2026-05-25 17:45:00,689.0,689.0,689.0,689.0,14.0625,9689.0625
2026-05-25 18:00:00,689.0,689.0,688.0,688.0,1472.75405007,1014096.29144816
2026-05-25 18:30:00,691.0,691.0,688.0,688.0,63.18553727,43617.60160241
2026-05-25 19:00:00,689.0,689.0,689.0,689.0,14.0625,9689.0625
2026-05-25 19:15:00,694.0,694.0,694.0,694.0,1885.6628242,1308649.9999948
2026-05-25 19:30:00,694.0,694.0,694.0,694.0,942.36023054,653997.99999476
2026-05-25 20:00:00,691.0,692.0,689.0,692.0,3484.60323092,2409788.64121508
2026-05-25 20:15:00,690.0,690.0,690.0,690.0,14.49275362,9999.9999978
2026-05-25 20:30:00,690.0,690.0,690.0,690.0,895.461454,617868.40326
2026-05-25 20:45:00,690.0,690.0,689.0,689.0,280.59326919,193328.76922582
2026-05-25 21:00:00,689.0,689.0,687.0,688.0,2786.30219481,1916675.15629437
2026-05-25 21:15:00,689.0,689.0,685.0,685.0,115139.42711715,79109763.3067689
2026-05-25 21:45:00,687.0,687.0,684.0,686.0,1168.72483476,801195.06483531
2026-05-25 22:00:00,685.0,685.0,685.0,685.0,328.31386861,224894.99999785
2026-05-25 22:15:00,685.0,685.0,685.0,685.0,15.59365739,10681.65531215
2026-05-25 22:45:00,685.0,687.0,685.0,687.0,2929.75651587,2012675.21337095
2026-05-25 23:00:00,687.0,687.0,687.0,687.0,2216.65906699,1522844.77902213
2026-05-25 23:15:00,689.0,691.0,689.0,691.0,568.95274304,392570.24221504
2026-05-25 23:30:00,690.0,690.0,690.0,690.0,5854.82,4039825.8
2026-05-26 00:00:00,690.0,693.0,688.0,693.0,2835.25249196,1950720.45965458
2026-05-26 00:15:00,687.0,687.0,687.0,687.0,8.47394725,5821.60176075
2026-05-26 01:45:00,692.0,692.0,692.0,692.0,55.99101466,38745.78214472
2026-05-26 02:00:00,691.0,691.0,691.0,691.0,1500.0,1036500.0
2026-05-26 02:15:00,690.0,690.0,690.0,690.0,1445.0867052,997109.826588
2026-05-26 04:00:00,687.0,687.0,687.0,687.0,20.63813425,14178.39822975
2026-05-26 04:30:00,686.0,686.0,686.0,686.0,10.95767,7516.96162
2026-05-26 05:30:00,683.0,683.0,682.0,682.0,826.68141821,564564.75761104
2026-05-26 06:30:00,683.0,683.0,683.0,683.0,144.80461087,98901.54922421
2026-05-26 06:45:00,682.0,682.0,681.0,681.0,866.55910592,590430.00626348
2026-05-26 07:00:00,682.0,682.0,682.0,682.0,1950.14662758,1330000.00000956
2026-05-26 07:15:00,681.0,682.0,681.0,681.0,1711.90548145,1165815.55934745
2026-05-26 07:30:00,680.0,680.0,678.0,679.0,2175.20639169,1475555.43657647
2026-05-26 07:45:00,679.0,679.0,679.0,679.0,5000.0,3395000.0
2026-05-26 08:00:00,679.0,679.0,678.0,678.0,1731.76245006,1174145.6757504
2026-05-26 08:15:00,679.0,679.0,679.0,679.0,18.44717902,12525.63455458
2026-05-26 08:30:00,679.0,682.0,678.0,682.0,5579.71530655,3787224.05850208
2026-05-26 08:45:00,681.0,681.0,681.0,681.0,18.5,12598.5
2026-05-26 09:00:00,681.0,681.0,681.0,681.0,121.17062881,82517.19821961
2026-05-26 09:15:00,679.0,679.0,677.0,677.0,1592.57942131,1081320.80745201
2026-05-26 09:30:00,676.0,676.0,673.0,673.0,997.87345752,671761.06462875
2026-05-26 09:45:00,673.0,673.0,668.0,673.0,28781.52796092,19262771.25177894
2026-05-26 10:00:00,672.0,672.0,669.0,669.0,8143.76442372,5467512.86519289
2026-05-26 10:15:00,673.0,673.0,673.0,673.0,151.0,101623.0
2026-05-26 10:30:00,671.0,671.0,668.0,668.0,8409.31716068,5633914.16157125
2026-05-26 10:45:00,668.0,670.0,668.0,670.0,4018.10452982,2687838.90054662
2026-05-26 11:00:00,668.0,668.0,668.0,668.0,30.8977,20639.6636
2026-05-26 11:15:00,669.0,669.0,669.0,669.0,345.03897384,230831.07349896
2026-05-26 11:30:00,668.0,668.0,668.0,668.0,1295.86590386,865638.42377848
2026-05-26 11:45:00,668.0,668.0,668.0,668.0,186.03191371,124269.31835828
2026-05-26 12:15:00,668.0,668.0,668.0,668.0,1805.79815438,1206273.16712584
2026-05-26 12:30:00,669.0,669.0,668.0,668.0,449.10179641,300091.70000187
2026-05-26 13:00:00,670.0,670.0,670.0,670.0,47.2756629,31674.694143
2026-05-26 13:15:00,670.0,673.0,670.0,673.0,1159.91308475,777403.84007967
2026-05-26 13:30:00,674.0,676.0,674.0,676.0,13221.1019693,8936935.39223434
2026-05-26 13:45:00,675.0,675.0,675.0,675.0,359.41282383,242603.65608525
2026-05-26 14:15:00,677.0,679.0,677.0,679.0,3790.73676246,2572088.06341184
2026-05-26 14:30:00,678.0,682.0,678.0,680.0,3556.73937827,2424658.39309825
2026-05-26 14:45:00,680.0,680.0,677.0,677.0,56.68116569,38457.19549564
2026-05-26 15:00:00,677.0,678.0,676.0,676.0,1435.37218891,970991.51331448
2026-05-26 15:15:00,676.0,676.0,676.0,676.0,7274.98452841,4917889.54120516
2026-05-26 15:30:00,675.0,675.0,675.0,675.0,2519.0,1700325.0
2026-05-26 15:45:00,678.0,678.0,678.0,678.0,737.46312684,499999.99999752
2026-05-26 16:00:00,675.0,675.0,671.0,671.0,750.6928466,503767.81894764
2026-05-26 16:15:00,671.0,672.0,671.0,671.0,4707.16620185,3158518.34102135
2026-05-26 16:30:00,671.0,671.0,671.0,671.0,3450.50566301,2315289.29987971
2026-05-26 16:45:00,671.0,674.0,671.0,674.0,3138.12335244,2108385.26303081
2026-05-26 17:00:00,673.0,673.0,673.0,673.0,1517.70694418,1021416.77343314
2026-05-26 17:15:00,675.0,675.0,675.0,675.0,296.14822218,199900.0499715
2026-05-26 17:30:00,673.0,673.0,673.0,673.0,14.9524517,10062.9999941
2026-05-26 17:45:00,673.0,673.0,671.0,671.0,4273.37606426,2873394.52632262
2026-05-26 18:15:00,672.0,672.0,672.0,672.0,1659.97766526,1115504.99105472
2026-05-26 18:30:00,674.0,674.0,671.0,671.0,170.41550857,114672.53865628
2026-05-26 19:00:00,673.0,673.0,673.0,673.0,447.09388972,300894.18778156
2026-05-26 19:15:00,676.0,679.0,676.0,679.0,324.93423766,220414.19521627
2026-05-26 19:30:00,680.0,682.0,680.0,682.0,816.7102825,556541.39999594
2026-05-26 19:45:00,682.0,683.0,682.0,683.0,748.4,510775.8
2026-05-26 20:00:00,682.0,682.0,680.0,682.0,2547.91397849,1733770.75464006
2026-05-26 20:30:00,681.0,681.0,679.0,679.0,99.63162294,67679.19748944
2026-05-26 20:45:00,679.0,679.0,679.0,679.0,501.65240328,340621.98182712
2026-05-26 21:00:00,677.0,677.0,677.0,677.0,53.00710793,35885.81206861
2026-05-26 21:15:00,678.0,678.0,678.0,678.0,505.36383725,342636.6816555
2026-05-26 21:30:00,675.0,676.0,672.0,673.0,6969.41497369,4692329.81827369
2026-05-26 21:45:00,673.0,675.0,673.0,675.0,1812.68735849,1221127.88206329
2026-05-26 22:00:00,675.0,675.0,675.0,675.0,1022.25925925,690024.99999375
2026-05-26 22:15:00,675.0,675.0,670.0,670.0,1222.79981953,820465.92080611
2026-05-26 22:30:00,670.0,670.0,669.0,669.0,323.70776198,216615.30358551
2026-05-26 23:00:00,673.0,673.0,673.0,673.0,56.075599,37738.878127
2026-05-26 23:15:00,675.0,678.0,673.0,678.0,1642.10425698,1108812.59715374
2026-05-26 23:30:00,678.0,678.0,670.0,670.0,23.01371031,15538.27735306
2026-05-26 23:45:00,670.0,670.0,670.0,670.0,3775.73955817,2529745.5039739
2026-05-27 00:00:00,672.0,672.0,668.0,671.0,3868.91035358,2584895.96363323
2026-05-27 00:15:00,669.0,669.0,666.0,666.0,2126.03053295,1418088.27319169
2026-05-27 00:30:00,668.0,668.0,665.0,665.0,823.09922292,547576.12612363
2026-05-27 00:45:00,666.0,666.0,663.0,663.0,1128.33465331,749553.50522664
2026-05-27 01:00:00,663.0,663.0,662.0,662.0,473.93743777,314209.07249151
2026-05-27 01:30:00,665.0,665.0,665.0,665.0,120.30075187,79999.99999355
2026-05-27 01:45:00,665.0,665.0,665.0,665.0,7518.79699248,4999999.9999992
2026-05-27 02:15:00,662.0,662.0,657.0,657.0,2176.09815864,1437005.20169418
2026-05-27 02:30:00,656.0,656.0,655.0,655.0,33.73639163,22104.95999325
2026-05-27 02:45:00,659.0,659.0,659.0,659.0,57.70559333,38027.98600447
2026-05-27 03:15:00,660.0,665.0,660.0,665.0,751.38589944,496307.73122435
2026-05-27 03:45:00,659.0,659.0,659.0,659.0,211.60751879,139449.35488261
2026-05-27 04:00:00,659.0,659.0,659.0,659.0,30.34901365,19999.99999535
2026-05-27 04:15:00,658.0,659.0,656.0,659.0,285.44657703,187413.58352659
2026-05-27 05:45:00,660.0,660.0,659.0,659.0,1961.95908861,1293440.5779387
2026-05-27 06:00:00,659.0,659.0,655.0,655.0,239.36387823,157650.79205943
2026-05-27 06:15:00,655.0,655.0,655.0,655.0,5271.59008369,3452891.50481695
2026-05-27 06:30:00,660.0,660.0,659.0,659.0,5728.82242827,3780996.18060775
2026-05-27 06:45:00,659.0,659.0,659.0,659.0,135.12301783,89046.06874997
2026-05-27 07:15:00,658.0,658.0,658.0,658.0,30.32332826,19952.74999508
2026-05-27 07:30:00,656.0,656.0,655.0,656.0,4799.77368518,3144074.12337487
2026-05-27 07:45:00,657.0,657.0,654.0,656.0,555.43981309,364129.80404102
2026-05-27 08:00:00,656.0,656.0,656.0,656.0,418.10762512,274278.60207872
2026-05-27 08:30:00,656.0,656.0,656.0,656.0,505.87034037,331850.94328272
2026-05-27 08:45:00,656.0,656.0,656.0,656.0,1488.78956355,976645.9536888
2026-05-27 09:00:00,656.0,658.0,655.0,656.0,8136.72805408,5336145.68003602
2026-05-27 09:15:00,658.0,658.0,658.0,658.0,7.89077,5192.12666
2026-05-27 09:30:00,660.0,661.0,660.0,661.0,658.18415864,434618.23525824
2026-05-27 10:00:00,661.0,661.0,661.0,661.0,1119.68031025,740108.68507525
2026-05-27 10:15:00,661.0,661.0,660.0,660.0,527.20950602,348464.9094611
2026-05-27 10:30:00,658.0,658.0,658.0,658.0,3789.12911251,2493246.95603158
2026-05-27 11:00:00,657.0,657.0,657.0,657.0,1263.05507638,829827.18518166
2026-05-27 11:15:00,657.0,657.0,655.0,656.0,24496.41493928,16093653.03502934
2026-05-27 11:30:00,656.0,656.0,654.0,654.0,163.17872143,106808.8439604
2026-05-27 11:45:00,657.0,657.0,657.0,657.0,190.68645357,125280.99999549
2026-05-27 12:00:00,658.0,658.0,658.0,658.0,3039.51367781,1999999.99999898
2026-05-27 12:15:00,657.0,657.0,655.0,655.0,4922.01659239,3223956.11191788
2026-05-27 12:30:00,654.0,654.0,654.0,654.0,128.31060836,83915.13786744
2026-05-27 12:45:00,653.0,654.0,651.0,651.0,3604.43120104,2353089.59070266
2026-05-27 13:00:00,650.0,650.0,648.0,650.0,3191.03786017,2072516.14171667
2026-05-27 13:15:00,649.0,650.0,649.0,650.0,1481.29144932,961543.15060868
2026-05-27 13:30:00,648.0,648.0,644.0,647.0,1531.1869262,989029.00745057
2026-05-27 13:45:00,647.0,651.0,647.0,651.0,833.41808043,540446.95739225
2026-05-27 14:00:00,652.0,652.0,652.0,652.0,1140.41152939,743548.31716228
2026-05-27 14:15:00,652.0,655.0,652.0,655.0,4801.74040359,3139769.03414068
2026-05-27 14:30:00,656.0,656.0,656.0,656.0,8.48091603,5563.48091568
2026-05-27 14:45:00,654.0,657.0,654.0,657.0,821.75703754,537490.11970474
2026-05-27 15:00:00,656.0,657.0,656.0,657.0,3772.44556817,2474838.43671952
2026-05-27 15:15:00,657.0,657.0,657.0,657.0,85.15985538,55950.02498466
2026-05-27 15:30:00,658.0,658.0,657.0,657.0,577.10685385,379178.55197945
2026-05-27 16:00:00,658.0,660.0,658.0,660.0,44.16466791,29122.24427759
2026-05-27 16:30:00,659.0,659.0,659.0,659.0,9.10470409,5999.99999531
2026-05-27 16:45:00,659.0,660.0,659.0,660.0,679.0252302,447549.67165886
2026-05-27 17:00:00,660.0,662.0,660.0,662.0,1725.88268663,1139129.96111769
2026-05-27 17:15:00,662.0,662.0,659.0,659.0,8690.69446603,5742610.91457741
2026-05-27 17:45:00,658.0,659.0,658.0,659.0,510.44318827,335881.61788166
2026-05-27 18:00:00,655.0,655.0,655.0,655.0,152.67175572,99999.9999966
2026-05-27 18:15:00,654.0,654.0,654.0,654.0,55.04587155,35999.9999937
2026-05-27 18:30:00,654.0,654.0,654.0,654.0,5931.42046558,3879148.98448932
2026-05-27 18:45:00,654.0,654.0,653.0,653.0,173.13935681,113069.99999693
2026-05-27 19:15:00,653.0,657.0,653.0,657.0,177.29522173,115854.5913183
2026-05-27 19:30:00,655.0,655.0,655.0,655.0,305.34351145,199999.99999975
2026-05-27 19:45:00,654.0,654.0,654.0,654.0,4684.89659518,3063922.37324772
2026-05-27 20:00:00,655.0,655.0,655.0,655.0,9.16030534,5999.9999977
2026-05-27 20:15:00,655.0,655.0,654.0,654.0,2888.97061068,1889405.0999954
2026-05-27 20:30:00,654.0,654.0,652.0,652.0,2493.86182922,1630671.87975307
2026-05-27 20:45:00,652.0,652.0,652.0,652.0,250.68475624,163446.46106848
2026-05-27 21:00:00,651.0,651.0,650.0,650.0,859.2278005,558578.71548628
2026-05-27 21:15:00,649.0,657.0,649.0,657.0,21265.16230153,13868094.19943068
2026-05-27 21:30:00,656.0,658.0,655.0,655.0,8465.06078803,5557755.09960356
2026-05-27 21:45:00,657.0,658.0,655.0,655.0,52.45499767,34396.04052656
2026-05-27 22:00:00,655.0,655.0,655.0,655.0,171.83206106,112549.9999943
2026-05-27 22:15:00,653.0,653.0,651.0,651.0,7374.14886565,4800605.13076095
2026-05-27 22:30:00,652.0,652.0,649.0,649.0,7384.21271724,4792767.95875718
2026-05-27 22:45:00,649.0,652.0,648.0,652.0,3497.23884085,2270181.76139478
2026-05-27 23:00:00,652.0,652.0,652.0,652.0,26.51656441,17288.79999532
2026-05-27 23:15:00,649.0,649.0,648.0,648.0,2548.64257231,1652040.42116994
2026-05-27 23:30:00,648.0,650.0,648.0,650.0,1674.81149384,1086511.84800832
2026-05-27 23:45:00,650.0,657.0,650.0,657.0,385.57872582,251152.99998718
2026-05-28 00:00:00,657.0,661.0,657.0,661.0,769.06440161,506614.70843779
2026-05-28 00:15:00,661.0,666.0,661.0,666.0,1665.60383184,1106525.6821941
2026-05-28 00:30:00,666.0,667.0,662.0,662.0,1839.30085379,1225157.61813484
2026-05-28 00:45:00,662.0,662.0,661.0,662.0,3048.68125706,2017725.96406915
2026-05-28 01:30:00,657.0,660.0,657.0,660.0,230.22518281,151491.9996516
2026-05-28 02:00:00,657.0,657.0,656.0,656.0,53.48289577,35100.00032579
2026-05-28 02:15:00,655.0,655.0,654.0,654.0,62.90065634,41168.47957453
2026-05-28 02:45:00,653.0,653.0,652.0,653.0,1539.14126777,1003540.24044604
2026-05-28 03:30:00,650.0,650.0,650.0,650.0,15.03054451,9769.8539315
2026-05-28 04:45:00,653.0,653.0,653.0,653.0,97.97157926,63975.44125678
2026-05-28 05:15:00,654.0,654.0,654.0,654.0,46.99672547,30735.85845738
2026-05-28 05:30:00,654.0,654.0,654.0,654.0,144.62493523,94584.70764042
2026-05-28 06:00:00,654.0,654.0,654.0,654.0,11.14477336,7288.68177744
2026-05-28 06:15:00,654.0,654.0,654.0,654.0,265.59987495,173702.3182173
2026-05-28 06:30:00,653.0,653.0,644.0,644.0,1324.91562856,859370.21241133
2026-05-28 06:45:00,644.0,644.0,638.0,639.0,8212.96931144,5255193.06060831
2026-05-28 07:00:00,640.0,644.0,639.0,640.0,860.25958311,551135.21136284
2026-05-28 07:15:00,640.0,640.0,640.0,640.0,51.58767063,33016.1092032
2026-05-28 07:30:00,647.0,647.0,647.0,647.0,10.9375,7076.5625
2026-05-28 07:45:00,644.0,644.0,644.0,644.0,9.37950937,6040.40403428
2026-05-28 08:00:00,644.0,644.0,641.0,641.0,1164.14164013,746385.59877674
2026-05-28 08:15:00,642.0,642.0,639.0,639.0,224.67926079,143781.48470731
2026-05-28 08:30:00,639.0,639.0,637.0,638.0,1177.07828973,750439.90327678
2026-05-28 08:45:00,642.0,642.0,642.0,642.0,155.76323987,99999.99999654
2026-05-28 09:00:00,643.0,645.0,643.0,644.0,7072.61065914,4556610.79983476
2026-05-28 09:15:00,645.0,646.0,645.0,646.0,9.30189103,5999.99999538
2026-05-28 09:30:00,645.0,645.0,645.0,645.0,38.75968993,25000.00000485
2026-05-28 10:00:00,644.0,644.0,644.0,644.0,985.98526823,634974.51274012
2026-05-28 10:15:00,642.0,642.0,640.0,640.0,386.82020363,248317.12913046
2026-05-28 10:30:00,639.0,639.0,638.0,638.0,4782.28567432,3051861.42394016
2026-05-28 10:45:00,638.0,642.0,637.0,642.0,18265.19099364,11650921.39869397
2026-05-28 11:00:00,639.0,643.0,639.0,643.0,6416.34810449,4100195.64894254
2026-05-28 11:15:00,640.0,640.0,640.0,640.0,1970.0,1260800.0
2026-05-28 11:30:00,641.0,641.0,640.0,640.0,3874.40998,2479633.54718
2026-05-28 11:45:00,640.0,642.0,640.0,642.0,7817.73879439,5011234.00599838
2026-05-28 12:00:00,641.0,642.0,638.0,638.0,15697.76345344,10054897.38188196
2026-05-28 12:15:00,639.0,639.0,631.0,636.0,21441.00009638,13557522.23190464
2026-05-28 12:30:00,635.0,635.0,631.0,633.0,18562.03941945,11747146.52580574
2026-05-28 12:45:00,631.0,632.0,624.0,625.0,17043.55628527,10698034.657919
2026-05-28 13:00:00,625.0,625.0,620.0,623.0,5421.06313576,3373872.96844472
2026-05-28 13:15:00,622.0,622.0,617.0,618.0,7984.40830818,4936353.08150044
2026-05-28 13:30:00,621.0,625.0,621.0,623.0,380.59975615,237379.22947942
2026-05-28 13:45:00,624.0,624.0,623.0,623.0,1445.11194361,901719.85281264
2026-05-28 14:00:00,624.0,627.0,622.0,622.0,703.11751615,438134.17714553
2026-05-28 14:15:00,621.0,621.0,618.0,620.0,3764.50034088,2332272.27835115
2026-05-28 14:30:00,622.0,622.0,620.0,620.0,1167.40965088,725380.6178724
2026-05-28 14:45:00,622.0,624.0,622.0,623.0,3006.73642958,1870519.84710256
2026-05-28 15:30:00,623.0,623.0,622.0,622.0,4412.51064112,2747458.55590999
2026-05-28 15:45:00,623.0,624.0,623.0,624.0,79.39506309,49532.84085416
2026-05-28 16:00:00,625.0,625.0,624.0,625.0,176.2975948,110078.5283072
2026-05-28 16:15:00,627.0,627.0,627.0,627.0,177.72679127,111434.69812629
2026-05-28 16:30:00,628.0,628.0,626.0,626.0,17477.85826743,10952667.37975738
2026-05-28 17:15:00,626.0,627.0,626.0,626.0,2220.47671151,1390177.91103843
2026-05-28 17:30:00,625.0,625.0,625.0,625.0,658.0,411250.0
2026-05-28 17:45:00,628.0,628.0,623.0,624.0,4918.94074125,3073240.81435461
2026-05-28 18:00:00,624.0,624.0,624.0,624.0,169.45049624,105737.10965376
2026-05-28 18:15:00,625.0,625.0,625.0,625.0,48.93564962,30584.7810125
2026-05-28 18:30:00,626.0,626.0,626.0,626.0,2060.98707834,1290177.91104084
2026-05-28 18:45:00,626.0,628.0,626.0,627.0,153.2266779,96097.5300175
2026-05-28 19:00:00,630.0,631.0,630.0,631.0,68825.64845928,43386241.64046595
2026-05-28 19:15:00,631.0,632.0,627.0,629.0,20287.27306743,12758241.77479757
2026-05-28 19:30:00,631.0,632.0,631.0,631.0,32941.73417152,20787943.1229886
2026-05-28 19:45:00,631.0,631.0,628.0,629.0,7844.4820364,4941585.79200879
2026-05-28 20:00:00,629.0,629.0,627.0,628.0,19422.07417414,12179265.21364697
2026-05-28 20:15:00,628.0,629.0,628.0,629.0,1212.41031711,761401.65199355
2026-05-28 20:30:00,628.0,628.0,627.0,627.0,808.92268883,507257.58975269
2026-05-28 21:00:00,629.0,630.0,628.0,630.0,123.36507936,77647.89824799
2026-05-28 21:15:00,630.0,630.0,630.0,630.0,1089.5861486,686439.273618
2026-05-28 21:30:00,632.0,633.0,631.0,631.0,9830.69125037,6211237.94033481
2026-05-28 21:45:00,633.0,635.0,633.0,633.0,1228.6487495,777924.20125262
2026-05-28 22:00:00,633.0,633.0,633.0,633.0,2384.00813677,1509077.15057541
2026-05-28 22:15:00,634.0,636.0,633.0,636.0,12087.32323237,7655357.08760525
2026-05-28 22:30:00,635.0,635.0,630.0,632.0,11431.33388743,7230824.45398085
2026-05-28 22:45:00,632.0,635.0,632.0,633.0,16784.65705917,10647323.89104187
2026-05-28 23:00:00,633.0,633.0,627.0,628.0,3548.62051219,2226628.69969439
2026-05-28 23:15:00,634.0,634.0,629.0,631.0,8005.95993529,5054486.4311362
2026-05-28 23:30:00,631.0,631.0,629.0,629.0,777.10804484,488800.96020482
2026-05-28 23:45:00,635.0,635.0,635.0,635.0,80.73858267,51268.99999545
2026-05-29 00:00:00,631.0,631.0,628.0,628.0,96.48661416,60640.83778695
2026-05-29 00:15:00,628.0,628.0,628.0,628.0,19773.11355376,12417515.31176128
2026-05-29 00:30:00,628.0,628.0,628.0,628.0,5300.6701829,3328820.8748612
2026-05-29 00:45:00,635.0,635.0,635.0,635.0,49.76409433,31600.19989955
2026-05-29 01:00:00,637.0,637.0,637.0,637.0,47.16560509,30044.49044233
2026-05-29 01:15:00,640.0,641.0,637.0,641.0,2136.33264992,1367224.1728322
2026-05-29 01:45:00,642.0,642.0,642.0,642.0,17.94666,11521.75572
2026-05-29 02:00:00,642.0,648.0,642.0,648.0,1135.64286056,732439.89132515
2026-05-29 02:30:00,649.0,652.0,649.0,651.0,3281.56177987,2130972.96306262
2026-05-29 02:45:00,651.0,651.0,651.0,651.0,2097.56192329,1365512.81206179
2026-05-29 03:00:00,650.0,651.0,649.0,650.0,2481.2015512,1611929.31413253
2026-05-29 03:15:00,651.0,651.0,651.0,651.0,8.0,5208.0
2026-05-29 03:30:00,647.0,647.0,647.0,647.0,58.829152,38062.461344
2026-05-29 04:00:00,645.0,646.0,645.0,646.0,162.5457222,104857.49469496
2026-05-29 04:30:00,645.0,645.0,645.0,645.0,5244.2555033,3382544.7996285
2026-05-29 04:45:00,645.0,645.0,645.0,645.0,108.54728682,70012.9999989
2026-05-29 05:00:00,645.0,645.0,645.0,645.0,236.56086784,152581.7597568
2026-05-29 05:15:00,649.0,649.0,649.0,649.0,77.14021571,50063.99999579
2026-05-29 05:30:00,650.0,650.0,650.0,650.0,8.578125,5575.78125
2026-05-29 05:45:00,650.0,650.0,650.0,650.0,3071.92557567,1996751.6241855
2026-05-29 06:00:00,650.0,650.0,650.0,650.0,142.30570958,92498.711227
2026-05-29 06:45:00,649.0,649.0,649.0,649.0,17.95146379,11650.49999971
2026-05-29 07:00:00,649.0,649.0,649.0,649.0,88.676771,57551.224379
2026-05-29 07:15:00,648.0,648.0,646.0,648.0,115.89638854,74946.5793425
2026-05-29 07:30:00,648.0,648.0,645.0,645.0,198.23596505,128050.27303523
2026-05-29 07:45:00,644.0,644.0,644.0,644.0,9.02537441,5812.34112004
2026-05-29 08:00:00,644.0,646.0,644.0,646.0,1695.861602,1092236.02339078
2026-05-29 08:15:00,646.0,646.0,646.0,646.0,12.5373065,8099.099999
2026-05-29 08:45:00,644.0,646.0,644.0,646.0,8468.17608285,5462167.25562047
2026-05-29 09:00:00,647.0,650.0,647.0,650.0,189.54526276,122993.86777932
2026-05-29 09:15:00,650.0,650.0,650.0,650.0,7770.68000491,5050942.0031915
2026-05-29 09:30:00,650.0,650.0,650.0,650.0,895.2035732,581882.32258
2026-05-29 09:45:00,650.0,650.0,650.0,650.0,513.53923076,333800.499994
2026-05-29 10:00:00,650.0,650.0,649.0,649.0,2674.48979189,1738187.62493661
2026-05-29 10:15:00,649.0,649.0,646.0,646.0,8509.68783008,5501878.33823168
2026-05-29 10:30:00,647.0,647.0,647.0,647.0,1740.0,1125780.0
2026-05-29 11:15:00,644.0,644.0,644.0,644.0,7.82763975,5040.999999
2026-05-29 11:30:00,643.0,645.0,643.0,643.0,7962.68397799,5120049.52497935
2026-05-29 11:45:00,641.0,641.0,640.0,640.0,468.50624024,299999.99999384
2026-05-29 12:00:00,641.0,641.0,641.0,641.0,93.60374414,59999.99999374
2026-05-29 12:15:00,641.0,641.0,638.0,638.0,940.72284565,602538.66930842
2026-05-29 12:45:00,638.0,638.0,638.0,638.0,2600.35543766,1659026.76922708
2026-05-29 13:00:00,638.0,638.0,638.0,638.0,9.86091,6291.26058
2026-05-29 13:45:00,639.0,639.0,639.0,639.0,72.79762444,46517.68201716
2026-05-29 14:00:00,645.0,645.0,644.0,644.0,2415.54146976,1557946.60824365
2026-05-29 14:15:00,641.0,641.0,641.0,641.0,3739.50938016,2397025.51268256
2026-05-29 15:00:00,642.0,642.0,642.0,642.0,4304.87,2763726.54
2026-05-29 16:15:00,647.0,647.0,647.0,647.0,12.36476044,8000.00000468
2026-05-29 16:30:00,647.0,647.0,643.0,643.0,1922.15691939,1242240.24863921
2026-05-29 16:45:00,646.0,647.0,645.0,647.0,2930.0,1893692.56604
2026-05-29 17:00:00,646.0,648.0,646.0,648.0,2285.161,1477651.76959596
2026-05-29 17:30:00,644.0,644.0,644.0,644.0,566.71200721,364962.53264324
2026-05-29 17:45:00,643.0,646.0,643.0,646.0,273.55003554,176403.72543561
2026-05-29 18:00:00,646.0,646.0,646.0,646.0,7.89473684,5099.99999864
2026-05-29 18:15:00,646.0,648.0,645.0,645.0,2353.75104442,1521200.80310332
2026-05-29 18:45:00,647.0,648.0,646.0,647.0,1879.54612501,1216482.61570593
2026-05-29 19:00:00,647.0,647.0,645.0,645.0,2428.50152952,1568811.52245148
2026-05-29 19:15:00,645.0,645.0,643.0,643.0,3889.48067708,2501007.24767536
2026-05-29 19:30:00,643.0,643.0,643.0,643.0,8170.339155,5253528.076665
2026-05-29 20:15:00,645.0,646.0,643.0,645.0,10357.46792757,6679481.39809365
2026-05-29 20:30:00,644.0,644.0,641.0,641.0,1758.55265658,1128836.05052702
2026-05-29 20:45:00,640.0,640.0,639.0,639.0,28.29964788,18099.09999532
2026-05-29 21:00:00,639.0,639.0,639.0,639.0,934.0293781,596844.7726059
2026-05-29 21:15:00,639.0,639.0,639.0,639.0,156.36483789,99917.13141171
2026-05-29 21:30:00,639.0,639.0,638.0,638.0,9807.34566675,6266884.02084325
2026-05-29 21:45:00,637.0,637.0,636.0,637.0,8857.53498584,5638970.91980848
2026-05-29 22:00:00,637.0,637.0,633.0,633.0,21568.11844852,13685963.7479785
2026-05-29 22:30:00,633.0,633.0,632.0,632.0,16618.97662965,10519780.90766392
2026-05-29 22:45:00,638.0,638.0,638.0,638.0,313.47962382,199999.99999716
2026-05-29 23:00:00,635.0,636.0,635.0,636.0,102.90861014,65356.2723049
2026-05-29 23:15:00,635.0,635.0,630.0,630.0,6812.17296893,4315679.39279467
2026-05-29 23:30:00,635.0,635.0,628.0,628.0,2433.07619644,1532186.5349997
2026-05-29 23:45:00,634.0,639.0,634.0,637.0,1833.3108674,1169147.7011992
2026-05-30 00:00:00,639.0,644.0,639.0,644.0,20694.58114401,13252489.90487689
2026-05-30 00:15:00,647.0,650.0,646.0,650.0,3486.00929973,2253933.01640261
2026-05-30 00:30:00,651.0,656.0,651.0,656.0,926.27436334,606572.47480025
2026-05-30 01:00:00,652.0,656.0,652.0,656.0,86.72256097,56847.31706948
2026-05-30 01:15:00,650.0,650.0,646.0,646.0,112.9418122,73085.64477906
2026-05-30 01:30:00,649.0,652.0,649.0,652.0,85.37522114,55637.03385728
2026-05-30 01:45:00,652.0,652.0,652.0,652.0,15.33742331,9999.99999812
2026-05-30 02:30:00,653.0,653.0,653.0,653.0,58.11971584,37952.17444352
2026-05-30 02:45:00,649.0,649.0,648.0,648.0,2315.91617914,1502154.30266186
2026-05-30 03:15:00,648.0,648.0,648.0,648.0,2697.9180163,1748250.8745624
2026-05-30 03:45:00,646.0,646.0,642.0,642.0,813.54720832,522362.42480144
2026-05-30 04:15:00,640.0,640.0,640.0,640.0,312.5,200000.0
2026-05-30 04:30:00,644.0,644.0,644.0,644.0,7.76552795,5000.9999998
2026-05-30 05:30:00,646.0,646.0,646.0,646.0,69.90046439,45155.69999594
2026-05-30 06:00:00,646.0,646.0,646.0,646.0,520.50681889,336247.40500294
2026-05-30 06:30:00,643.0,643.0,642.0,642.0,240.68497496,154690.53843489
2026-05-30 06:45:00,644.0,644.0,642.0,642.0,312.53054031,200695.66795964
2026-05-30 07:00:00,642.0,643.0,642.0,643.0,40.82213336,26215.67566073
2026-05-30 07:30:00,643.0,643.0,643.0,643.0,12551.90495209,8070874.88419387
2026-05-30 07:45:00,643.0,643.0,643.0,643.0,100.0,64300.0
2026-05-30 08:00:00,644.0,644.0,644.0,644.0,7.75348837,4993.24651028
2026-05-30 08:30:00,644.0,644.0,644.0,644.0,1565.79239129,1008370.29999076
2026-05-30 08:45:00,645.0,645.0,645.0,645.0,3976.95348837,2565134.99999865
2026-05-30 09:00:00,644.0,647.0,644.0,647.0,4023.32134,2591158.04651489
2026-05-30 09:15:00,647.0,647.0,647.0,647.0,1476.33475113,955188.58398111
2026-05-30 09:30:00,649.0,650.0,649.0,650.0,15922.0899881,10349206.300885
2026-05-30 09:45:00,651.0,655.0,648.0,655.0,2208.69246506,1443951.59387634
2026-05-30 10:00:00,654.0,654.0,654.0,654.0,16.1066668,10533.7600872
2026-05-30 10:15:00,654.0,658.0,654.0,658.0,15675.90278167,10253451.05062172
2026-05-30 10:30:00,659.0,659.0,659.0,659.0,40.049,26392.291
2026-05-30 10:45:00,658.0,658.0,658.0,658.0,15.19756838,9999.99999404
2026-05-30 11:15:00,657.0,658.0,657.0,657.0,338.77604427,222822.69999116
2026-05-30 11:30:00,656.0,658.0,656.0,658.0,9657.45660881,6348322.11537936
2026-05-30 11:45:00,658.0,659.0,658.0,659.0,3131.74356896,2060748.95768668
2026-05-30 12:00:00,659.0,659.0,659.0,659.0,1033.50843035,681082.05560065
2026-05-30 12:15:00,659.0,660.0,659.0,660.0,378.57750842,249610.45104878
2026-05-30 12:30:00,658.0,658.0,658.0,658.0,173.70645983,114298.85056814
2026-05-30 12:45:00,658.0,658.0,658.0,658.0,5655.09928205,3721055.3275889
2026-05-30 13:00:00,658.0,658.0,655.0,655.0,6891.06759314,4527284.28157898
2026-05-30 13:15:00,655.0,655.0,651.0,651.0,4914.39466149,3205348.25507263
2026-05-30 13:30:00,649.0,650.0,649.0,649.0,7885.34425796,5117680.36055404
2026-05-30 13:45:00,650.0,652.0,650.0,652.0,142.91857063,92915.1780135
2026-05-30 14:00:00,652.0,652.0,652.0,652.0,3076.03406885,2005574.2128902
2026-05-30 14:15:00,653.0,653.0,653.0,653.0,766.87116565,500766.87116945
2026-05-30 14:30:00,654.0,656.0,653.0,656.0,71.4249362,46704.7177903
2026-05-30 14:45:00,656.0,656.0,656.0,656.0,8080.06210309,5300520.73962704
2026-05-30 15:00:00,655.0,655.0,655.0,655.0,32.06488549,21002.49999595
2026-05-30 15:15:00,656.0,658.0,656.0,657.0,1047.50316238,688998.25095265
2026-05-30 15:45:00,656.0,657.0,655.0,657.0,220.50096482,144800.42720961
2026-05-30 16:30:00,654.0,654.0,652.0,652.0,8087.70889208,5273201.49121414
2026-05-30 16:45:00,652.0,652.0,652.0,652.0,32.06488549,20906.30533948
2026-05-30 17:00:00,652.0,652.0,652.0,652.0,88.38184433,57624.96250316
2026-05-30 17:15:00,654.0,654.0,654.0,654.0,1265.62876884,827721.21482136
2026-05-30 17:30:00,654.0,654.0,654.0,654.0,2588.79519777,1693072.05934158
2026-05-30 17:45:00,653.0,653.0,653.0,653.0,91.31556864,59629.06632192
2026-05-30 18:15:00,653.0,653.0,653.0,653.0,153.13935681,99999.99999693
2026-05-30 18:30:00,655.0,656.0,655.0,656.0,84.34040814,55318.88196584
2026-05-30 18:45:00,656.0,657.0,656.0,657.0,76.1178817,49974.99999904
2026-05-30 19:15:00,654.0,654.0,654.0,654.0,7.88125,5154.3375
2026-05-30 19:30:00,653.0,653.0,653.0,653.0,1495.0188836,976247.3309908
2026-05-30 19:45:00,653.0,653.0,652.0,652.0,1117.82534224,729930.47332272
2026-05-30 20:00:00,652.0,652.0,651.0,651.0,446.65245031,291062.86102297
2026-05-30 20:30:00,652.0,653.0,652.0,653.0,24.68768246,16116.36896392
2026-05-30 21:00:00,652.0,652.0,652.0,652.0,15.33742331,9999.99999812
2026-05-30 21:30:00,652.0,652.0,652.0,652.0,766.87,499999.24
2026-05-30 22:00:00,651.0,651.0,651.0,651.0,123.41945288,80346.06382488
2026-05-30 22:15:00,651.0,654.0,651.0,654.0,81.90968527,53492.75336415
2026-05-30 22:30:00,652.0,652.0,650.0,650.0,391.85184767,254727.22003165
2026-05-30 22:45:00,651.0,651.0,651.0,651.0,61.44393241,39999.99999891
2026-05-30 23:00:00,651.0,651.0,651.0,651.0,2769.38642813,1802870.56471263
2026-05-30 23:45:00,651.0,651.0,649.0,651.0,112.16589861,72979.99999511
2026-05-31 00:00:00,649.0,649.0,649.0,649.0,682.4662,442920.5638
2026-05-31 00:30:00,648.0,648.0,647.0,647.0,3598.04845508,2329515.69670218
2026-05-31 00:45:00,647.0,647.0,647.0,647.0,19.097,12355.759
2026-05-31 01:00:00,648.0,648.0,648.0,648.0,21.7978395,14124.999996
2026-05-31 02:30:00,647.0,647.0,647.0,647.0,135.364462,87580.806914
2026-05-31 04:15:00,647.0,647.0,647.0,647.0,17.6553323,11422.9999981
2026-05-31 04:30:00,647.0,647.0,647.0,647.0,2247.87494811,1454375.09142717
2026-05-31 05:15:00,647.0,647.0,647.0,647.0,1993.03289531,1289492.28326557
2026-05-31 06:00:00,649.0,649.0,649.0,649.0,9.25925925,6009.25925325
2026-05-31 06:30:00,649.0,649.0,649.0,649.0,3101.21133654,2012686.15741446
2026-05-31 07:00:00,648.0,648.0,645.0,646.0,2377.67014342,1535959.50371165
2026-05-31 07:15:00,646.0,646.0,646.0,646.0,12.38390092,7999.99999432
2026-05-31 07:30:00,644.0,644.0,644.0,644.0,29.58454993,19052.45015492
2026-05-31 08:15:00,644.0,644.0,644.0,644.0,7.76552795,5000.9999998
2026-05-31 08:30:00,642.0,642.0,642.0,642.0,23.7117757,15222.9599994
2026-05-31 08:45:00,641.0,643.0,641.0,643.0,864.07430125,555536.78728785
2026-05-31 09:00:00,645.0,645.0,645.0,645.0,15.50387596,9999.9999942
2026-05-31 09:30:00,649.0,649.0,648.0,648.0,28.51392571,18494.30496607
2026-05-31 10:00:00,650.0,650.0,650.0,650.0,13188.70680043,8572659.4202795
2026-05-31 10:15:00,650.0,650.0,650.0,650.0,5.80217154,3771.411501
2026-05-31 10:30:00,652.0,653.0,652.0,653.0,199.57820436,130155.61711408
2026-05-31 10:45:00,652.0,652.0,652.0,652.0,45.94180705,29954.0581966
2026-05-31 11:00:00,654.0,655.0,654.0,655.0,33.35477604,21834.2247362
2026-05-31 11:15:00,656.0,656.0,654.0,654.0,3823.04081671,2501009.25400961
2026-05-31 11:30:00,651.0,651.0,651.0,651.0,30.58103976,19908.25688376
2026-05-31 11:45:00,653.0,653.0,651.0,651.0,8032.806049,5245367.449997
2026-05-31 12:00:00,651.0,651.0,651.0,651.0,1656.22502794,1078202.49318894
2026-05-31 12:15:00,651.0,651.0,651.0,651.0,6136.54909417,3994893.46030467
2026-05-31 12:30:00,653.0,653.0,649.0,649.0,7547.19904736,4912499.08149688
2026-05-31 12:45:00,650.0,650.0,650.0,650.0,30.62787136,19908.116384
2026-05-31 13:00:00,652.0,654.0,652.0,654.0,39.94354268,26061.5384512
2026-05-31 13:30:00,652.0,652.0,652.0,652.0,46.01226994,30000.00000088
2026-05-31 14:30:00,652.0,652.0,652.0,652.0,15329.75843366,9995002.49874632
2026-05-31 15:00:00,650.0,651.0,650.0,651.0,996.90816059,647998.00099602
2026-05-31 15:15:00,650.0,650.0,649.0,649.0,24.44413383,15879.60383877
2026-05-31 15:30:00,649.0,649.0,649.0,649.0,144.29108239,93644.91247111
2026-05-31 15:45:00,653.0,653.0,653.0,653.0,8.42266462,5499.99999686
2026-05-31 16:00:00,649.0,649.0,647.0,647.0,1525.51149693,987027.37645371
2026-05-31 16:15:00,649.0,649.0,646.0,646.0,7636.77769986,4939842.5489961
2026-05-31 16:30:00,646.0,646.0,644.0,644.0,8428.75166564,5432969.50172367
2026-05-31 16:45:00,644.0,646.0,644.0,646.0,222.00457922,143186.20160677
2026-05-31 17:00:00,648.0,648.0,648.0,648.0,820.81798606,531890.05496688
2026-05-31 17:45:00,649.0,649.0,649.0,649.0,15357.20843366,9966828.27344534
2026-05-31 18:00:00,648.0,649.0,647.0,649.0,2673.16633281,1730355.28209245
2026-05-31 18:15:00,647.0,647.0,647.0,647.0,760.65176197,492141.68999459
2026-05-31 18:45:00,646.0,647.0,645.0,645.0,3316.21336442,2139440.57861678
2026-05-31 19:00:00,644.0,644.0,643.0,643.0,648.95307366,417369.23309338
2026-05-31 19:15:00,643.0,643.0,641.0,641.0,2391.70812853,1534858.46339554
2026-05-31 19:30:00,642.0,645.0,642.0,643.0,6609.5289238,4243553.99092658
2026-05-31 19:45:00,646.0,646.0,646.0,646.0,124.86171774,80660.66966004
2026-05-31 20:15:00,646.0,646.0,646.0,646.0,30.95975232,19999.99999872
2026-05-31 20:30:00,645.0,645.0,645.0,645.0,15.47987616,9984.5201232
2026-05-31 20:45:00,644.0,644.0,641.0,641.0,18909.40551851,12134427.38012035
2026-05-31 21:00:00,643.0,643.0,642.0,642.0,117.00355816,75178.68683481
2026-05-31 21:15:00,643.0,644.0,643.0,644.0,3772.24094764,2428617.40185734
2026-05-31 21:30:00,644.0,645.0,644.0,645.0,644.95604661,415491.69401684
2026-05-31 22:00:00,643.0,643.0,643.0,643.0,1031.21416043,663070.70515649
2026-05-31 22:15:00,643.0,643.0,643.0,643.0,511.99571611,329213.24545873
2026-05-31 22:30:00,642.0,643.0,640.0,640.0,242.16234605,155395.50457877
2026-05-31 22:45:00,640.0,642.0,640.0,640.0,13354.12660311,8546827.81726765
2026-05-31 23:00:00,640.0,640.0,638.0,638.0,1516.76588236,969006.91528714
2026-05-31 23:15:00,637.0,637.0,633.0,634.0,3402.08383361,2155274.180172
2026-05-31 23:30:00,635.0,635.0,634.0,634.0,3287.75602117,2087199.58970523
2026-05-31 23:45:00,634.0,635.0,634.0,634.0,598.08451118,379217.12582944
2026-06-01 00:15:00,636.0,637.0,636.0,637.0,4186.413,2666163.081
2026-06-01 00:30:00,637.0,637.0,637.0,637.0,244.916,156011.492
2026-06-01 00:45:00,635.0,635.0,635.0,635.0,24.24868149,15397.91274615
2026-06-01 01:00:00,634.0,634.0,634.0,634.0,7.93733,5032.26722
2026-06-01 01:15:00,633.0,633.0,632.0,632.0,188.2370081,118977.7947792
2026-06-01 01:30:00,630.0,631.0,630.0,630.0,7081.10862847,4461242.29369776
2026-06-01 01:45:00,628.0,630.0,628.0,630.0,6046.70112539,3797471.2080557
2026-06-01 02:00:00,630.0,630.0,628.0,630.0,628.12169047,395621.14772976
2026-06-01 02:15:00,630.0,630.0,630.0,630.0,482.71467318,304110.2441034
2026-06-01 03:15:00,631.0,631.0,631.0,631.0,95.23809524,60095.23809644
2026-06-01 03:45:00,631.0,631.0,631.0,631.0,705.76842282,445339.87479942
2026-06-01 04:00:00,634.0,634.0,631.0,631.0,42.58803435,26930.8288179
2026-06-01 04:15:00,631.0,631.0,630.0,630.0,12.32475053,7764.59369443
2026-06-01 04:30:00,630.0,630.0,630.0,630.0,1135.8771046,715602.575898
2026-06-01 04:45:00,630.0,630.0,630.0,630.0,165.0,103950.0
2026-06-01 05:15:00,633.0,634.0,633.0,634.0,900.91957569,571173.90102746
2026-06-01 05:30:00,633.0,633.0,633.0,633.0,11.04100946,6988.95898818
2026-06-01 06:30:00,632.0,632.0,632.0,632.0,50.0,31600.0
2026-06-01 06:45:00,635.0,638.0,635.0,638.0,165.471712,105544.521446
2026-06-01 07:30:00,636.0,640.0,636.0,640.0,20648.49627734,13194390.31494668
2026-06-01 07:45:00,639.0,643.0,639.0,641.0,1294.51902168,829255.09477434
2026-06-01 08:00:00,644.0,646.0,644.0,645.0,2820.27951569,1819233.5112351
2026-06-01 08:15:00,643.0,643.0,641.0,641.0,7456.91402617,4779921.18689899
2026-06-01 08:30:00,641.0,642.0,641.0,642.0,1980.0,1269186.25
2026-06-01 08:45:00,642.0,645.0,642.0,645.0,18546.63041352,11953896.71959053
2026-06-01 09:00:00,645.0,649.0,645.0,649.0,3818.57822108,2469777.71170665
2026-06-01 09:15:00,649.0,650.0,649.0,650.0,5025.48166415,3262023.80315144
2026-06-01 09:30:00,652.0,654.0,652.0,652.0,7833.08448638,5111796.64956026
2026-06-01 09:45:00,652.0,653.0,648.0,648.0,5923.19358442,3843709.99356658
2026-06-01 10:00:00,647.0,647.0,646.0,647.0,4088.23216325,2645039.76999427
2026-06-01 10:15:00,645.0,646.0,644.0,644.0,3596.98976324,2316485.00225527
2026-06-01 10:30:00,644.0,645.0,643.0,644.0,2237.39005879,1442487.47234732
2026-06-01 10:45:00,642.0,642.0,642.0,642.0,20.40514018,13100.09999556
2026-06-01 11:00:00,641.0,645.0,638.0,645.0,3752.39726394,2404688.9555437
2026-06-01 11:15:00,645.0,645.0,645.0,645.0,120.31123972,77600.7496194
2026-06-01 11:30:00,643.0,646.0,643.0,646.0,13089.58772473,8421085.03568355
2026-06-01 11:45:00,648.0,648.0,648.0,648.0,15.47987616,10030.95975168
2026-06-01 12:00:00,651.0,651.0,650.0,650.0,1381.55149623,898046.87500726
2026-06-01 12:15:00,650.0,652.0,650.0,652.0,5437.50136782,3536202.31304611
2026-06-01 12:30:00,652.0,652.0,649.0,649.0,2603.93603836,1693165.48594477
2026-06-01 12:45:00,650.0,650.0,649.0,649.0,1550.56230759,1006322.78377975
2026-06-01 13:00:00,650.0,651.0,648.0,648.0,191.47339546,124392.24864104
2026-06-01 13:15:00,648.0,648.0,646.0,646.0,2957.55421923,1912673.7164562
2026-06-01 13:30:00,648.0,648.0,646.0,646.0,18.5185185,11981.4814695
2026-06-01 14:15:00,643.0,644.0,641.0,642.0,1587.6536057,1018724.07127924
2026-06-01 14:30:00,642.0,642.0,639.0,640.0,10659.96106515,6816643.34433707
2026-06-01 14:45:00,643.0,643.0,641.0,641.0,1293.62040462,831775.21047066
2026-06-01 15:00:00,636.0,638.0,636.0,637.0,5026.17413623,3197386.84155136
2026-06-01 15:15:00,637.0,637.0,634.0,635.0,2444.96518463,1551392.36530957
2026-06-01 15:30:00,634.0,634.0,633.0,633.0,1149.80574368,728968.94101919
2026-06-01 15:45:00,633.0,634.0,632.0,633.0,4709.68723462,2984352.81457638
2026-06-01 16:00:00,634.0,635.0,634.0,634.0,321.53959333,204161.89276101
2026-06-01 16:15:00,634.0,634.0,634.0,634.0,43.98826979,27888.56304686
2026-06-01 16:30:00,634.0,634.0,633.0,634.0,633.62746925,401542.9155045
2026-06-01 16:45:00,633.0,633.0,629.0,629.0,2943.09894685,1854097.23658383
2026-06-01 17:00:00,629.0,631.0,629.0,629.0,3981.94069532,2504688.69735628
2026-06-01 17:30:00,629.0,629.0,627.0,628.0,7223.40465418,4535831.03664384
2026-06-01 18:00:00,634.0,635.0,633.0,635.0,1636.05897139,1037711.09999768
2026-06-01 18:15:00,634.0,635.0,632.0,632.0,1612.18,1021061.77147393
2026-06-01 18:30:00,632.0,634.0,632.0,633.0,4624.0923,2927818.9336
2026-06-01 18:45:00,636.0,637.0,636.0,636.0,547.00677218,348056.14241645
2026-06-01 19:00:00,631.0,634.0,631.0,634.0,99.99589104,63331.99872888
2026-06-01 19:15:00,633.0,633.0,632.0,632.0,57.98890539,36696.35665374
2026-06-01 19:30:00,632.0,632.0,629.0,629.0,1527.27721173,964968.99999446
2026-06-01 19:45:00,630.0,630.0,630.0,630.0,21.9095238,13802.999994
2026-06-01 20:00:00,631.0,634.0,630.0,633.0,4846.82620722,3064654.46922364
2026-06-01 20:30:00,633.0,633.0,633.0,633.0,33.51955307,21217.87709331
2026-06-01 20:45:00,634.0,634.0,632.0,633.0,1040.50069013,657776.66396623
2026-06-01 21:00:00,633.0,633.0,629.0,629.0,719.0924674,455119.26691197
2026-06-01 21:15:00,635.0,635.0,633.0,633.0,126.83870994,80320.56406
2026-06-01 21:30:00,635.0,636.0,633.0,636.0,2348.25210961,1492074.16806901
2026-06-01 21:45:00,638.0,638.0,633.0,633.0,3285.16685662,2083094.67003948
2026-06-01 22:00:00,632.0,632.0,627.0,627.0,2383.12657741,1499325.19741753
2026-06-01 22:15:00,630.0,631.0,628.0,628.0,161.2,101452.0
2026-06-01 22:30:00,632.0,632.0,631.0,631.0,4277.79873016,2703531.99873096
2026-06-01 22:45:00,629.0,630.0,625.0,628.0,2864.34240015,1797863.57842432
2026-06-01 23:15:00,627.0,629.0,627.0,629.0,2818.67758895,1769758.42344955
2026-06-01 23:45:00,632.0,632.0,631.0,631.0,4041.59629046,2554257.2100011
2026-06-02 00:00:00,632.0,634.0,632.0,634.0,39.11026795,24737.0208244
2026-06-02 00:15:00,637.0,637.0,629.0,629.0,956.61155673,603283.57755368
2026-06-02 00:30:00,636.0,638.0,636.0,637.0,195.9573386,124660.51651144
2026-06-02 00:45:00,637.0,637.0,637.0,637.0,11.866562,7558.999994
2026-06-02 01:15:00,634.0,639.0,634.0,636.0,570.07340423,362076.55046701
2026-06-02 01:30:00,640.0,642.0,640.0,642.0,355.301869,227739.58920618
2026-06-02 01:45:00,644.0,654.0,642.0,651.0,4606.93193492,2968016.34493431
2026-06-02 02:00:00,655.0,655.0,654.0,654.0,23.09051987,15108.99999498
2026-06-02 02:30:00,654.0,657.0,653.0,657.0,5068.83631742,3311092.98145513
2026-06-02 02:45:00,657.0,657.0,656.0,656.0,7859.0787139,5155555.6372884
2026-06-02 03:00:00,658.0,658.0,657.0,657.0,67.88669731,44632.15913267
2026-06-02 03:30:00,655.0,655.0,654.0,655.0,18135.44816276,11878050.07114282
2026-06-02 04:00:00,649.0,649.0,648.0,648.0,288.47596687,187199.01065256
2026-06-02 04:30:00,650.0,650.0,649.0,649.0,432.64647988,280951.66544212
2026-06-02 04:45:00,651.0,651.0,650.0,650.0,8195.18887944,5335042.1876931
2026-06-02 05:30:00,650.0,650.0,650.0,650.0,869.8972,565433.18
2026-06-02 06:00:00,646.0,646.0,644.0,646.0,7510.66487032,4846675.65061968
2026-06-02 06:15:00,643.0,643.0,643.0,643.0,457.24979234,294011.61647462
2026-06-02 06:45:00,644.0,644.0,643.0,643.0,152.03251584,97846.86510978
2026-06-02 07:00:00,643.0,643.0,640.0,640.0,2277.70599089,1463959.06283371
2026-06-02 07:15:00,643.0,643.0,643.0,643.0,23.0,14789.0
2026-06-02 07:30:00,644.0,644.0,642.0,642.0,368.26681614,236444.24511442
2026-06-02 07:45:00,645.0,649.0,645.0,649.0,666.67944336,431115.45687074
2026-06-02 08:00:00,648.0,648.0,648.0,648.0,71.158179,46110.499992
2026-06-02 08:15:00,651.0,652.0,647.0,647.0,6293.89928451,4079262.71572621
2026-06-02 08:30:00,647.0,650.0,647.0,649.0,12721.71271679,8255727.40183669
2026-06-02 08:45:00,649.0,655.0,649.0,652.0,23197.15181806,15104358.09506451
2026-06-02 09:00:00,653.0,656.0,652.0,652.0,2158.65791364,1409228.03568377
2026-06-02 09:15:00,650.0,650.0,648.0,648.0,19478.67994574,12644673.59258711
2026-06-02 09:30:00,647.0,652.0,646.0,650.0,49542.47409185,32203606.47748743
2026-06-02 09:45:00,650.0,651.0,649.0,649.0,9791.02162169,6357611.62264469
2026-06-02 10:00:00,648.0,648.0,646.0,646.0,11300.50261266,7300475.13505086
2026-06-02 10:15:00,649.0,649.0,648.0,648.0,69.18715573,44844.06273738
2026-06-02 10:30:00,646.0,646.0,643.0,643.0,12380.3625772,7970671.75582012
2026-06-02 10:45:00,642.0,642.0,638.0,639.0,8153.88673056,5214194.46539158
2026-06-02 11:00:00,636.0,636.0,635.0,635.0,579.37805179,368011.99999356
2026-06-02 11:15:00,632.0,640.0,632.0,640.0,2148.49924129,1368002.85365285
2026-06-02 11:30:00,640.0,640.0,640.0,640.0,3120.99404468,1997436.1885952
2026-06-02 11:45:00,640.0,640.0,640.0,640.0,3664.89391406,2345532.1049984
2026-06-02 12:15:00,645.0,645.0,645.0,645.0,150.0,96750.0
2026-06-02 12:30:00,645.0,645.0,645.0,645.0,4364.00392042,2814782.5286709
2026-06-02 12:45:00,645.0,645.0,645.0,645.0,46.43920155,29953.28499975
2026-06-02 13:00:00,645.0,645.0,641.0,641.0,939.99837429,605066.80308209
2026-06-02 13:30:00,645.0,645.0,645.0,645.0,8.52713178,5499.9999981
2026-06-02 13:45:00,645.0,645.0,645.0,645.0,7.88992248,5088.9999996
2026-06-02 14:00:00,641.0,641.0,641.0,641.0,1156.97680175,741622.12992175
2026-06-02 14:15:00,642.0,642.0,641.0,641.0,2941.66827114,1888543.10807501
2026-06-02 14:30:00,640.0,640.0,638.0,638.0,2446.7630501,1561060.73796918
2026-06-02 14:45:00,638.0,638.0,636.0,636.0,180.6198337,115047.09994216
2026-06-02 15:00:00,636.0,637.0,636.0,637.0,3767.90266875,2397432.34517643
2026-06-02 15:15:00,637.0,637.0,637.0,637.0,7.88540031,5022.99999747
2026-06-02 15:30:00,637.0,637.0,637.0,637.0,400.0,254800.0
2026-06-02 15:45:00,638.0,638.0,635.0,635.0,3786.62388995,2404717.04886162
2026-06-02 16:00:00,637.0,637.0,633.0,633.0,330.0,209342.0
2026-06-02 16:15:00,636.0,636.0,636.0,636.0,281.14196125,178806.287355
2026-06-02 16:30:00,642.0,642.0,642.0,642.0,15.13109754,9714.16462068
2026-06-02 16:45:00,642.0,642.0,642.0,642.0,13.18154572,8462.55235224
2026-06-02 17:00:00,642.0,642.0,641.0,641.0,25.86293321,16586.00000069
2026-06-02 17:15:00,643.0,643.0,643.0,643.0,346.02929173,222496.83458239
2026-06-02 17:45:00,643.0,643.0,642.0,642.0,3408.99514751,2189677.87984893
2026-06-02 18:00:00,643.0,643.0,641.0,641.0,8310.0,5329160.0
2026-06-02 18:15:00,641.0,641.0,641.0,641.0,7.93447737,5085.99999417
2026-06-02 18:30:00,639.0,640.0,639.0,640.0,1066.23175331,681915.73232634
2026-06-02 18:45:00,641.0,641.0,639.0,639.0,23.46210534,15007.88593628
2026-06-02 19:00:00,641.0,647.0,639.0,645.0,2578.36807562,1662928.86165542
2026-06-02 19:45:00,649.0,649.0,649.0,649.0,131.43104098,85298.74559602
2026-06-02 20:00:00,648.0,648.0,645.0,645.0,162.12376114,104593.23425577
2026-06-02 20:15:00,645.0,645.0,642.0,642.0,20349.75618387,13105232.18074598
2026-06-02 20:30:00,642.0,642.0,640.0,642.0,342.42741432,219819.70840466
2026-06-02 20:45:00,641.0,642.0,640.0,642.0,4941.66190411,3170201.04243862
2026-06-02 21:00:00,642.0,642.0,640.0,640.0,684.26253411,438726.4343104
2026-06-02 21:15:00,640.0,640.0,640.0,640.0,161.91203858,103623.7046912
2026-06-02 21:30:00,640.0,644.0,640.0,644.0,11393.35758363,7300172.2075604
2026-06-02 21:45:00,644.0,644.0,641.0,641.0,1438.32469411,923315.04918482
2026-06-02 22:00:00,641.0,641.0,640.0,640.0,621.46748603,397867.60735027
2026-06-02 22:15:00,640.0,640.0,640.0,640.0,312.5,200000.0
2026-06-02 22:45:00,640.0,640.0,639.0,639.0,10925.21770833,6992131.45226704
2026-06-02 23:00:00,640.0,640.0,637.0,638.0,3338.149022,2135849.47670619
2026-06-02 23:15:00,638.0,638.0,621.0,624.0,27438.61508358,17314346.89956406
2026-06-02 23:30:00,624.0,630.0,621.0,624.0,1609.21731733,1004200.61980333
2026-06-02 23:45:00,626.0,630.0,625.0,629.0,685.65775271,431130.27202538
2026-06-03 00:00:00,628.0,628.0,628.0,628.0,19.07790143,11980.92209804
2026-06-03 00:15:00,627.0,627.0,619.0,619.0,4676.49027538,2901485.77711419
2026-06-03 00:30:00,618.0,619.0,611.0,613.0,20377.9541505,12522281.16313719
2026-06-03 00:45:00,615.0,617.0,612.0,614.0,10852.47451728,6674410.49049539
2026-06-03 01:00:00,621.0,627.0,621.0,627.0,1302.52027834,808960.33094436
2026-06-03 01:15:00,629.0,629.0,627.0,627.0,1135.73010575,713736.27798407
2026-06-03 01:30:00,627.0,627.0,626.0,627.0,1269.61411214,795978.91749254
2026-06-03 02:00:00,627.0,627.0,627.0,627.0,117.41760046,73620.83548842
2026-06-03 02:15:00,633.0,633.0,631.0,631.0,2809.42020309,1773145.41886069
2026-06-03 02:30:00,629.0,629.0,629.0,629.0,50.41231047,31709.34328563
2026-06-03 03:00:00,629.0,629.0,629.0,629.0,100.0,62900.0
2026-06-03 03:15:00,624.0,624.0,624.0,624.0,464.24322049,289687.76958576
2026-06-03 03:30:00,624.0,624.0,624.0,624.0,8.90224358,5554.99999392
2026-06-03 04:15:00,619.0,619.0,619.0,619.0,116.01655764,71814.24917916
2026-06-03 04:30:00,615.0,615.0,610.0,612.0,22946.67499834,14025398.26691316
2026-06-03 04:45:00,614.0,625.0,614.0,625.0,9173.31779099,5711796.84945862
2026-06-03 05:00:00,627.0,627.0,627.0,627.0,8.50215,5330.84805
2026-06-03 05:15:00,622.0,622.0,622.0,622.0,48.23151125,29999.9999975
2026-06-03 05:30:00,625.0,625.0,625.0,625.0,77.6688,48543.0
2026-06-03 05:45:00,627.0,630.0,627.0,630.0,477.39060523,299800.09995543
2026-06-03 06:15:00,631.0,632.0,631.0,632.0,36.13083926,22810.59469473
2026-06-03 06:30:00,633.0,633.0,630.0,630.0,97.72507494,61602.83449978
2026-06-03 06:45:00,625.0,625.0,625.0,625.0,338.0,211250.0
2026-06-03 07:00:00,620.0,621.0,618.0,620.0,303.07462095,187797.90370562
2026-06-03 07:15:00,617.0,620.0,614.0,619.0,6798.12434639,4202731.51498154
2026-06-03 07:30:00,619.0,619.0,614.0,614.0,3768.25339912,2320125.91714828
2026-06-03 07:45:00,612.0,612.0,603.0,605.0,28370.92297184,17203473.20109348
2026-06-03 08:00:00,604.0,610.0,604.0,610.0,7764.36883066,4693590.72771125
2026-06-03 08:15:00,611.0,611.0,599.0,599.0,33238.87137026,19995591.5770421
2026-06-03 08:30:00,601.0,608.0,601.0,608.0,27259.07994334,16446785.91791126
2026-06-03 08:45:00,609.0,609.0,609.0,609.0,253.9091201,154630.6541409
2026-06-03 09:00:00,612.0,616.0,612.0,616.0,8871.99253305,5431891.67048632
2026-06-03 09:15:00,616.0,619.0,616.0,619.0,837.37285621,517455.96976278
2026-06-03 09:30:00,615.0,620.0,614.0,620.0,260.73227117,160720.99999535
2026-06-03 09:45:00,616.0,616.0,614.0,614.0,97.76276458,60065.60169096
2026-06-03 10:00:00,614.0,614.0,613.0,613.0,6380.94736577,3912992.11062653
2026-06-03 10:30:00,612.0,612.0,611.0,611.0,552.67973856,337719.99999872
2026-06-03 10:45:00,612.0,614.0,612.0,614.0,2296.76127611,1406559.03311636
2026-06-03 11:00:00,614.0,615.0,613.0,613.0,390.59223348,239652.53955672
2026-06-03 11:15:00,613.0,613.0,613.0,613.0,2680.51317524,1643154.57642212
2026-06-03 11:30:00,612.0,614.0,612.0,614.0,1756.33082802,1074939.5688429
2026-06-03 12:00:00,614.0,614.0,612.0,613.0,226.68506764,138855.59926496
2026-06-03 12:15:00,612.0,612.0,609.0,609.0,2776.20977908,1696998.21968018
2026-06-03 12:30:00,609.0,610.0,601.0,601.0,46232.36234685,27978458.51789067
2026-06-03 12:45:00,601.0,604.0,600.0,602.0,36167.65063372,21789419.76568582
2026-06-03 13:00:00,604.0,613.0,604.0,607.0,725.44903376,440040.86933573
2026-06-03 13:30:00,612.0,612.0,612.0,612.0,588.93921478,360430.79944536
2026-06-03 13:45:00,613.0,614.0,613.0,614.0,926.29041335,567833.55102221
2026-06-03 14:00:00,620.0,626.0,620.0,626.0,497.1637638,310000.0000097
2026-06-03 14:30:00,620.0,625.0,620.0,625.0,2136.60119867,1330974.04878704
2026-06-03 15:00:00,627.0,627.0,624.0,624.0,884.91548002,553766.43781249
2026-06-03 15:30:00,628.0,632.0,628.0,630.0,581.52808413,366025.84539304
2026-06-03 15:45:00,631.0,631.0,627.0,627.0,1221.09862687,770178.04940138
2026-06-03 16:00:00,627.0,627.0,627.0,627.0,1592.35668789,998407.64330703
2026-06-03 16:15:00,632.0,632.0,632.0,632.0,12.41009224,7843.17829568
2026-06-03 16:45:00,628.0,628.0,628.0,628.0,838.52182802,526591.70799656
2026-06-03 17:00:00,631.0,631.0,628.0,628.0,2011.50076002,1263720.73687908
2026-06-03 17:15:00,629.0,629.0,626.0,626.0,589.37318105,369657.76675599
2026-06-03 17:30:00,627.0,627.0,626.0,626.0,3508.36312296,2197715.11497296
2026-06-03 18:00:00,625.0,625.0,622.0,622.0,3094.7268026,1926065.09685822
2026-06-03 18:15:00,622.0,622.0,620.0,620.0,762.27736659,473299.88689994
2026-06-03 18:30:00,622.0,622.0,619.0,619.0,1531.97414088,948580.08966774
2026-06-03 18:45:00,617.0,624.0,617.0,624.0,86.76489199,54073.76848601
2026-06-03 19:00:00,624.0,624.0,624.0,624.0,9.0,5616.0
2026-06-03 19:15:00,625.0,625.0,625.0,625.0,347.56381809,217227.38630625
2026-06-03 20:00:00,630.0,630.0,630.0,630.0,10.0,6300.0
2026-06-03 20:15:00,630.0,630.0,630.0,630.0,8.0,5040.0
2026-06-03 20:45:00,627.0,627.0,625.0,625.0,1872.59997022,1171100.06017536
2026-06-03 21:00:00,624.0,624.0,624.0,624.0,404.780608,252583.099392
2026-06-03 21:45:00,626.0,626.0,626.0,626.0,159.74440895,100000.0000027
2026-06-03 22:00:00,627.0,627.0,626.0,626.0,45.88482089,28761.35921026
2026-06-03 22:15:00,628.0,630.0,628.0,628.0,1144.13428,719284.16072002
2026-06-03 22:30:00,628.0,628.0,628.0,628.0,1543.31729333,969203.26021124
2026-06-03 22:45:00,629.0,629.0,629.0,629.0,195.0163301,122665.2716329
2026-06-03 23:00:00,629.0,630.0,629.0,630.0,38.83147853,24433.8314739
2026-06-03 23:15:00,629.0,629.0,626.0,626.0,514.33725247,322444.1586413
2026-06-03 23:30:00,626.0,631.0,626.0,631.0,76.27733774,48131.00011299
2026-06-03 23:45:00,630.0,633.0,630.0,633.0,3441.66591021,2172977.26871893
2026-06-04 00:00:00,633.0,633.0,630.0,630.0,107.81712585,67972.1826504
2026-06-04 00:15:00,633.0,633.0,633.0,633.0,17422.11330201,11028197.72017233
2026-06-04 00:30:00,635.0,635.0,627.0,627.0,1667.46819077,1047214.80347013
2026-06-04 00:45:00,629.0,629.0,629.0,629.0,695.13403861,437239.31028569
2026-06-04 01:00:00,626.0,626.0,620.0,624.0,3362.6498568,2099669.60802742
2026-06-04 01:15:00,623.0,623.0,623.0,623.0,13563.7381951,8450208.8955473
2026-06-04 01:30:00,619.0,622.0,619.0,622.0,447.7575185,278379.26840632
2026-06-04 01:45:00,625.0,626.0,625.0,626.0,390.94966453,244554.99999578
2026-06-04 02:00:00,620.0,620.0,618.0,619.0,102.5335039,63418.45771997
2026-06-04 02:30:00,627.0,627.0,627.0,627.0,76.56937799,48008.99999973
2026-06-04 03:30:00,619.0,624.0,617.0,624.0,169.33604114,105016.48744467
2026-06-04 05:00:00,617.0,622.0,617.0,622.0,200.88359696,124327.20504777
2026-06-04 05:15:00,621.0,621.0,618.0,618.0,321.46519328,199290.94831036
2026-06-04 05:45:00,611.0,614.0,608.0,608.0,18210.40411384,11122601.03004525
2026-06-04 06:00:00,612.0,614.0,612.0,614.0,3427.87641644,2101170.0683948
2026-06-04 06:15:00,616.0,616.0,616.0,616.0,48.694197,29995.625352
2026-06-04 06:30:00,620.0,620.0,620.0,620.0,16.12903225,9999.999995
2026-06-04 06:45:00,627.0,630.0,627.0,630.0,62.07076726,39077.85911028
2026-06-04 07:15:00,625.0,625.0,622.0,622.0,124.98669467,77884.5812276
2026-06-04 08:00:00,618.0,618.0,615.0,615.0,1381.6452169,849741.8154952
2026-06-04 08:15:00,616.0,616.0,616.0,616.0,50.48863636,31100.99999776
2026-06-04 08:30:00,619.0,619.0,615.0,615.0,389.79189341,240986.79802079
2026-06-04 08:45:00,615.0,615.0,615.0,615.0,41.5597887,25559.2700505
2026-06-04 09:00:00,616.0,616.0,616.0,616.0,1617.55323636,996412.79359776
2026-06-04 09:15:00,616.0,616.0,607.0,607.0,1423.9506259,868301.53758113
2026-06-04 09:30:00,610.0,612.0,604.0,607.0,1888.32176637,1141745.21880345
2026-06-04 09:45:00,604.0,604.0,602.0,602.0,176.0,106152.0
2026-06-04 10:00:00,606.0,607.0,601.0,601.0,1394.14547101,844792.16756478
2026-06-04 10:15:00,600.0,600.0,590.0,590.0,25065.56588722,14907286.79324477
2026-06-04 10:30:00,593.0,598.0,593.0,596.0,22889.30545349,13624217.51159117
2026-06-04 10:45:00,593.0,593.0,583.0,583.0,3241.46968629,1900471.71537035
2026-06-04 11:00:00,582.0,582.0,561.0,577.0,70957.86920936,40658266.12398358
2026-06-04 11:15:00,577.0,584.0,575.0,583.0,14218.70255751,8244872.74224965
2026-06-04 11:30:00,583.0,585.0,583.0,585.0,611.79734211,356729.13592019
2026-06-04 11:45:00,587.0,587.0,587.0,587.0,214.25120985,125765.46018195
2026-06-04 12:00:00,589.0,597.0,589.0,596.0,7217.92036003,4307872.92686741
2026-06-04 12:15:00,596.0,600.0,596.0,600.0,6541.35446666,3906778.499196
2026-06-04 12:30:00,597.0,605.0,596.0,605.0,2675.17528004,1598677.08912455
2026-06-04 13:00:00,602.0,602.0,600.0,601.0,470.52621047,282786.25249247
2026-06-04 13:15:00,599.0,599.0,599.0,599.0,1200.0,718800.0
2026-06-04 13:30:00,594.0,594.0,592.0,592.0,203.04775048,120540.96862086
2026-06-04 13:45:00,592.0,592.0,592.0,592.0,12.31216216,7288.79999872
2026-06-04 14:00:00,588.0,588.0,584.0,585.0,626.35828981,367100.04996608
2026-06-04 14:15:00,585.0,585.0,585.0,585.0,652.06524051,381458.16569835
2026-06-04 14:30:00,586.0,589.0,586.0,589.0,217.06484641,127251.19453549
2026-06-04 15:00:00,593.0,593.0,593.0,593.0,1806.8022464,1071433.7321152
2026-06-04 15:15:00,595.0,595.0,595.0,595.0,1417.835897,843612.358715
2026-06-04 15:30:00,595.0,595.0,595.0,595.0,2520.03574934,1499421.2708573
2026-06-04 15:45:00,595.0,595.0,595.0,595.0,3001.0750927,1785639.6801565
2026-06-04 16:15:00,586.0,586.0,583.0,583.0,9003.86474403,5259654.57364102
2026-06-04 16:30:00,584.0,586.0,583.0,585.0,8918.17511411,5215115.62578657
2026-06-04 16:45:00,585.0,585.0,582.0,582.0,7789.84261811,4550121.05110806
2026-06-04 17:00:00,582.0,584.0,579.0,579.0,9676.50883899,5631328.52954899
2026-06-04 17:15:00,577.0,579.0,576.0,577.0,5377.32010328,3108097.80403486
2026-06-04 17:30:00,583.0,583.0,578.0,580.0,1265.71327231,737293.28618808
2026-06-04 18:00:00,582.0,582.0,576.0,576.0,10388.29075253,6004430.20393981
2026-06-04 18:15:00,575.0,575.0,569.0,569.0,3462.38861006,1976234.17290244
2026-06-04 18:30:00,569.0,570.0,567.0,570.0,1756.87399468,997468.71902256
2026-06-04 18:45:00,570.0,573.0,569.0,573.0,2449.93966234,1401117.00296451
2026-06-04 19:00:00,574.0,575.0,570.0,571.0,2789.04816742,1597659.72757088
2026-06-04 19:15:00,571.0,574.0,571.0,574.0,4539.7655994,2592232.28966157
2026-06-04 19:30:00,574.0,574.0,574.0,574.0,680.07212543,390361.39999682
2026-06-04 19:45:00,570.0,570.0,567.0,569.0,198.16621613,112442.37939797
2026-06-04 20:00:00,568.0,569.0,568.0,569.0,5068.42108752,2883373.53873395
2026-06-04 20:15:00,565.0,568.0,565.0,568.0,5002.82480691,2838546.31403115
2026-06-04 20:30:00,568.0,568.0,566.0,566.0,1000.44441417,567566.26067748
2026-06-04 20:45:00,567.0,572.0,567.0,572.0,5609.95400958,3198976.21227971
2026-06-04 21:00:00,572.0,575.0,572.0,575.0,463.49857833,265225.53463086
2026-06-04 21:15:00,571.0,579.0,571.0,579.0,1883.93025433,1082890.35097231
2026-06-04 21:30:00,579.0,587.0,579.0,585.0,18841.7231951,11005546.0013613
2026-06-04 21:45:00,586.0,589.0,586.0,588.0,3602.93760343,2116749.28195843
2026-06-04 22:15:00,582.0,582.0,580.0,580.0,604.55826721,350662.19464394
2026-06-04 22:30:00,587.0,587.0,584.0,584.0,1237.58078831,723005.88054337
2026-06-04 22:45:00,587.0,587.0,587.0,587.0,20.0,11740.0
2026-06-04 23:00:00,589.0,589.0,589.0,589.0,8717.87396638,5134827.76619782
2026-06-04 23:45:00,589.0,589.0,589.0,589.0,339.55857384,199999.99999176
2026-06-05 00:00:00,590.0,596.0,590.0,596.0,7416.53532171,4378085.84375629
2026-06-05 00:15:00,596.0,596.0,592.0,594.0,503.73758387,299703.34629527
2026-06-05 00:30:00,595.0,596.0,595.0,596.0,168.08400522,100167.99999634
2026-06-05 01:00:00,592.0,592.0,592.0,592.0,5549.04161487,3285032.63600304
2026-06-05 01:30:00,589.0,593.0,589.0,593.0,90.82483084,53820.91136812
2026-06-05 02:30:00,586.0,586.0,585.0,585.0,168.79253401,98831.15342902
2026-06-05 02:45:00,585.0,592.0,585.0,592.0,1023.064,598697.69346077
2026-06-05 03:00:00,586.0,586.0,586.0,586.0,17.06484641,9999.99999626
2026-06-05 03:15:00,589.0,590.0,589.0,590.0,1602.77867012,945388.23068488
2026-06-05 03:30:00,593.0,593.0,593.0,593.0,10.0,5930.0
2026-06-05 04:15:00,597.0,598.0,597.0,598.0,79.64715719,47618.99999962
2026-06-05 05:00:00,586.0,591.0,586.0,591.0,2505.88063018,1468837.33524148
2026-06-05 06:15:00,588.0,588.0,588.0,588.0,97.8105212,57512.5864656
2026-06-05 06:30:00,579.0,579.0,577.0,578.0,1067.78198325,616398.35684648
2026-06-05 06:45:00,581.0,581.0,581.0,581.0,81.4182444,47303.9999964
2026-06-05 07:30:00,577.0,577.0,573.0,575.0,3067.88614367,1765770.08084271
2026-06-05 07:45:00,575.0,575.0,575.0,575.0,110.98814003,63818.18051725
2026-06-05 08:00:00,585.0,585.0,585.0,585.0,78.23931623,45769.99999455
2026-06-05 08:15:00,581.0,581.0,574.0,578.0,6125.50091911,3551292.4290801
2026-06-05 09:00:00,581.0,581.0,578.0,578.0,17.41514628,10092.07726926
2026-06-05 09:15:00,578.0,581.0,578.0,581.0,26008.36769356,15086829.38076933
2026-06-05 09:30:00,579.0,579.0,579.0,579.0,1644.15903826,951968.08315254
2026-06-05 09:45:00,579.0,579.0,575.0,575.0,2037.17923396,1177309.20142872
2026-06-05 10:00:00,573.0,573.0,570.0,573.0,7884.39274889,4502361.49789421
2026-06-05 10:15:00,572.0,573.0,572.0,573.0,1130.52112651,646922.05436372
2026-06-05 10:30:00,578.0,580.0,576.0,576.0,1774.62273902,1027106.88781974
2026-06-05 11:00:00,579.0,579.0,576.0,578.0,2096.22124752,1213314.44100525
2026-06-05 11:15:00,574.0,574.0,570.0,570.0,2467.58126775,1409889.32565903
2026-06-05 11:30:00,569.0,571.0,567.0,567.0,6701.70114576,3806251.66472465
2026-06-05 11:45:00,566.0,566.0,562.0,566.0,824.78768495,466008.03266681
2026-06-05 12:00:00,561.0,565.0,561.0,562.0,1830.86266006,1028452.65312695
2026-06-05 12:15:00,566.0,570.0,566.0,567.0,9628.61959439,5463967.66615682
2026-06-05 12:30:00,567.0,568.0,564.0,564.0,2386.62689951,1351975.21965273
2026-06-05 12:45:00,565.0,568.0,565.0,568.0,358.88267152,202800.39954964
2026-06-05 13:00:00,564.0,571.0,564.0,569.0,20114.05328179,11429598.18841735
2026-06-05 13:15:00,572.0,575.0,572.0,575.0,5680.65010903,3257185.45677796
2026-06-05 13:45:00,568.0,575.0,567.0,575.0,3379.45767364,1928088.14767558
2026-06-05 14:00:00,575.0,575.0,575.0,575.0,347.82608695,199999.99999625
2026-06-05 14:30:00,570.0,570.0,567.0,567.0,493.19033324,280483.67432875
2026-06-05 14:45:00,566.0,569.0,563.0,563.0,7650.75750506,4336736.49239181
2026-06-05 15:00:00,561.0,561.0,556.0,556.0,39844.88438904,22330811.96875085
2026-06-05 15:15:00,556.0,556.0,540.0,546.0,64611.33645849,35405433.53396648
2026-06-05 15:30:00,546.0,553.0,544.0,553.0,1564.38735404,854794.04075621
2026-06-05 16:00:00,548.0,548.0,541.0,542.0,9125.58462167,4969237.25264192
2026-06-05 16:15:00,544.0,553.0,544.0,553.0,145.09997388,79793.75421876
2026-06-05 16:30:00,555.0,557.0,555.0,556.0,3793.08581687,2108652.17399953
2026-06-05 16:45:00,556.0,556.0,556.0,556.0,3863.86123485,2148306.8465766
2026-06-05 17:00:00,556.0,556.0,554.0,554.0,2702.89236863,1499141.80793276
2026-06-05 17:15:00,550.0,552.0,549.0,550.0,17089.83416093,9382988.01819656
2026-06-05 17:45:00,546.0,547.0,545.0,547.0,9537.48210265,5209174.98767985
2026-06-05 18:00:00,547.0,548.0,547.0,548.0,1376.570564,753944.098508
2026-06-05 18:15:00,560.0,560.0,555.0,559.0,4359.11304375,2427333.50196473
2026-06-05 18:30:00,554.0,556.0,554.0,556.0,3662.99070828,2036527.19807444
2026-06-05 18:45:00,554.0,559.0,554.0,557.0,3203.87747012,1782857.48032281
2026-06-05 19:00:00,560.0,560.0,559.0,559.0,2012.61047888,1125196.37465527
2026-06-05 19:15:00,554.0,554.0,554.0,554.0,18.05,9999.7
2026-06-05 19:30:00,557.0,557.0,557.0,557.0,8.97666068,4999.99999876
2026-06-05 19:45:00,554.0,554.0,554.0,554.0,16.18826714,8968.29999556
2026-06-05 20:15:00,553.0,557.0,550.0,550.0,4641.8726779,2567035.79734189
2026-06-05 20:30:00,550.0,553.0,550.0,550.0,5313.27698137,2926516.82174806
2026-06-05 20:45:00,548.0,553.0,548.0,553.0,972.05608234,533088.93927057
2026-06-05 21:00:00,548.0,553.0,546.0,553.0,1126.59547279,617317.72000532
2026-06-05 21:15:00,552.0,552.0,552.0,552.0,200.0,110400.0
2026-06-05 21:30:00,547.0,552.0,547.0,552.0,3569.56502156,1967402.73489932
2026-06-05 21:45:00,550.0,550.0,550.0,550.0,1999.0913634,1099500.24987
2026-06-05 22:00:00,551.0,553.0,551.0,553.0,8310.42406588,4587491.07504084
2026-06-05 22:15:00,555.0,557.0,555.0,557.0,1864.33792855,1038380.22620235
2026-06-05 22:30:00,556.0,559.0,555.0,555.0,2402.24226331,1337453.82296787
2026-06-05 22:45:00,550.0,550.0,544.0,544.0,7780.53573577,4252343.48273288
2026-06-05 23:00:00,544.0,554.0,544.0,554.0,6898.15564396,3759661.84880267
2026-06-05 23:15:00,554.0,554.0,549.0,549.0,466.21200888,256387.62077422
2026-06-05 23:30:00,557.0,557.0,557.0,557.0,78.91741472,43956.99999904
2026-06-05 23:45:00,554.0,555.0,548.0,552.0,2097.84892615,1151007.94412699
2026-06-06 00:00:00,550.0,550.0,546.0,546.0,448.48791705,245887.84538417
2026-06-06 00:15:00,546.0,550.0,546.0,546.0,3279.56008821,1803240.07475662
2026-06-06 00:30:00,546.0,548.0,540.0,548.0,6767.45949274,3681572.35256281
2026-06-06 00:45:00,540.0,546.0,540.0,544.0,8212.59511343,4454184.83283766
2026-06-06 01:00:00,540.0,544.0,532.0,544.0,7168.10161483,3865948.37108505
2026-06-06 01:15:00,546.0,550.0,543.0,545.0,34385.74106938,18753543.81701514
2026-06-06 01:30:00,541.0,541.0,536.0,536.0,4492.84539704,2425812.22513172
2026-06-06 01:45:00,542.0,551.0,542.0,550.0,1840.58731402,1005681.20785981
2026-06-06 02:00:00,553.0,553.0,549.0,552.0,886.53732426,489684.71541715
2026-06-06 02:15:00,549.0,549.0,546.0,548.0,61.92174326,33922.67048897
2026-06-06 02:30:00,548.0,548.0,548.0,548.0,5726.18062402,3137946.98196296
2026-06-06 03:00:00,547.0,549.0,544.0,544.0,286.68248633,156795.11964687
2026-06-06 03:30:00,536.0,540.0,535.0,536.0,10837.03148693,5808444.88355464
2026-06-06 03:45:00,534.0,534.0,529.0,530.0,4117.75287204,2181183.91136598
2026-06-06 04:00:00,528.0,528.0,525.0,526.0,6774.39166895,3572800.48310372
2026-06-06 04:15:00,526.0,531.0,523.0,531.0,857.27573024,451152.7960875
2026-06-06 04:30:00,527.0,532.0,527.0,531.0,1594.09972978,845209.20172704
2026-06-06 04:45:00,532.0,535.0,532.0,535.0,423.31184748,226443.64291305
2026-06-06 05:00:00,532.0,539.0,532.0,539.0,437.54477973,234551.33080645
2026-06-06 05:15:00,540.0,543.0,540.0,543.0,68.48477882,37090.85247219
2026-06-06 05:30:00,543.0,543.0,543.0,543.0,9701.40186237,5267861.21126691
2026-06-06 05:45:00,544.0,544.0,544.0,544.0,18.41620627,10018.41621088
2026-06-06 06:00:00,546.0,549.0,546.0,549.0,60.52821174,33120.19049526
2026-06-06 06:15:00,548.0,548.0,548.0,548.0,10.92896174,5989.07103352
2026-06-06 06:30:00,551.0,551.0,548.0,548.0,135.6940372,74444.01115148
2026-06-06 06:45:00,549.0,549.0,549.0,549.0,37.13211067,20385.52875783
2026-06-06 07:00:00,549.0,549.0,543.0,543.0,3725.65568739,2035580.00000139
2026-06-06 07:15:00,544.0,544.0,544.0,544.0,3776.83869017,2054600.24745248
2026-06-06 07:30:00,544.0,548.0,544.0,548.0,527.25377665,287512.2883478
2026-06-06 08:00:00,545.0,545.0,543.0,545.0,1968.23691731,1072522.71200339
2026-06-06 08:15:00,540.0,540.0,538.0,538.0,91.56549067,49284.45620268
2026-06-06 08:30:00,537.0,537.0,534.0,537.0,1468.04209058,788275.4124535
2026-06-06 08:45:00,537.0,544.0,537.0,544.0,38953.3018986,21092155.27468708
2026-06-06 09:00:00,548.0,644.0,548.0,553.0,3896073.31533115,2236112162.1380954
2026-06-06 09:15:00,553.0,561.0,543.0,547.0,734692.91231735,404068204.69218475
2026-06-06 09:30:00,547.0,550.0,546.0,548.0,137295.27068,75189006.69885115
2026-06-06 09:45:00,549.0,552.0,547.0,548.0,88408.08918053,48563276.19362656
2026-06-06 10:00:00,548.0,552.0,547.0,551.0,56324.92991611,30895800.99065512
2026-06-06 10:15:00,550.0,550.0,544.0,549.0,167533.52573223,91588322.53103524
2026-06-06 10:30:00,549.0,552.0,547.0,548.0,10653.11347713,5859705.4586744
2026-06-06 10:45:00,548.0,548.0,543.0,545.0,55277.43088527,30110581.54890067
2026-06-06 11:00:00,544.0,545.0,540.0,542.0,33768.13688433,18284973.81422666
2026-06-06 11:15:00,542.0,542.0,537.0,540.0,78860.76934482,42445392.11989353
2026-06-06 11:30:00,539.0,542.0,538.0,540.0,29826.0763235,16090924.50972427
2026-06-06 11:45:00,540.0,544.0,537.0,539.0,37428.35468179,20242677.02135169
2026-06-06 12:00:00,539.0,540.0,533.0,535.0,92110.68788388,49191919.50241336
2026-06-06 12:15:00,535.0,536.0,530.0,531.0,48947.71578572,26015736.46628868
2026-06-06 12:30:00,531.0,533.0,529.0,530.0,22043.73731811,11709156.46166667
2026-06-06 12:45:00,532.0,532.0,530.0,532.0,9716.02880745,5152700.36122577
2026-06-06 13:00:00,531.0,531.0,518.0,519.0,42051.42752665,22043125.37662689
2026-06-06 13:15:00,519.0,522.0,514.0,515.0,80036.32352307,41386072.99280144
2026-06-06 13:30:00,515.0,515.0,507.0,510.0,75510.52664404,38624801.56808752
2026-06-06 13:45:00,510.0,514.0,508.0,508.0,15782.96757119,8071262.34374641
2026-06-06 14:00:00,509.0,514.0,504.0,509.0,15496.52789962,7868031.28071655
2026-06-06 14:15:00,512.0,522.0,512.0,518.0,28530.18102903,14817279.44396055
2026-06-06 14:30:00,519.0,520.0,517.0,520.0,9056.26508711,4700985.00076303
2026-06-06 14:45:00,520.0,524.0,520.0,524.0,12126.65080006,6326688.59866169
2026-06-06 15:00:00,525.0,528.0,525.0,528.0,8804.71980239,4630977.69326389
2026-06-06 15:15:00,528.0,530.0,526.0,528.0,8886.5644841,4684015.0156709
2026-06-06 15:30:00,529.0,530.0,526.0,526.0,4082.36117483,2160947.7976599
2026-06-06 15:45:00,525.0,525.0,523.0,525.0,13011.93771404,6818859.6321367
2026-06-06 16:00:00,525.0,530.0,525.0,530.0,399.64106019,209904.99999595
2026-06-06 16:15:00,530.0,532.0,528.0,528.0,944.47538667,501303.7253401
2026-06-06 16:30:00,531.0,532.0,530.0,530.0,549.45730324,291397.34422355
2026-06-06 17:00:00,531.0,531.0,528.0,531.0,1569.98864814,832243.81874997
2026-06-06 17:15:00,535.0,537.0,535.0,537.0,430.45556595,230392.04999059
2026-06-06 17:30:00,534.0,534.0,533.0,533.0,17248.08602221,9210274.60164255
2026-06-06 17:45:00,534.0,536.0,534.0,535.0,1131.90675482,605569.11308529
2026-06-06 18:00:00,535.0,536.0,534.0,536.0,3523.47999846,1886364.47085596
2026-06-06 18:15:00,536.0,538.0,534.0,538.0,154.37407757,82829.37313562
2026-06-06 18:30:00,537.0,537.0,534.0,534.0,125.3344005,66958.569867
2026-06-06 18:45:00,534.0,534.0,530.0,531.0,23768.88491939,12618059.01384132
2026-06-06 19:00:00,531.0,531.0,525.0,525.0,3985.21126707,2099575.74831776
2026-06-06 19:15:00,527.0,527.0,527.0,527.0,4888.64583915,2576316.35723205
2026-06-06 19:30:00,524.0,524.0,521.0,522.0,6288.20358324,3280653.79070378
2026-06-06 19:45:00,528.0,528.0,528.0,528.0,10.41666666,5499.99999648
2026-06-06 20:00:00,528.0,531.0,528.0,531.0,3672.20049368,1940846.87004206
2026-06-06 20:15:00,527.0,529.0,525.0,529.0,840.41418887,442233.59782247
2026-06-06 20:30:00,531.0,531.0,531.0,531.0,286.22540217,151985.68855227
2026-06-06 21:00:00,531.0,533.0,528.0,528.0,199.53103363,105677.01463663
2026-06-06 21:15:00,529.0,529.0,527.0,527.0,31346.0505649,16560816.60302332
2026-06-06 21:30:00,528.0,528.0,528.0,528.0,1723.5207866,910018.9753248
2026-06-06 21:45:00,531.0,535.0,531.0,535.0,8875.06773074,4734973.50880129
2026-06-06 22:00:00,534.0,537.0,534.0,537.0,4889.09632457,2611591.60881126
2026-06-06 22:30:00,533.0,536.0,533.0,536.0,309.48125869,165191.68065788
2026-06-06 22:45:00,534.0,534.0,534.0,534.0,379.62313385,202718.7534759
2026-06-06 23:00:00,534.0,543.0,534.0,543.0,7296.40201151,3927047.21972032
2026-06-06 23:15:00,540.0,540.0,537.0,537.0,4021.03577205,2162451.37001318
2026-06-06 23:30:00,537.0,540.0,537.0,540.0,10036.36485712,5413402.93948824
2026-06-06 23:45:00,540.0,540.0,536.0,536.0,827.99552576,446003.10180736
2026-06-07 00:00:00,535.0,535.0,532.0,532.0,7458.91693356,3975200.22362014
2026-06-07 00:15:00,530.0,532.0,527.0,532.0,10184.35650352,5383599.54015158
2026-06-07 00:30:00,533.0,533.0,533.0,533.0,2000.0,1066000.0
2026-06-07 00:45:00,533.0,533.0,533.0,533.0,1846.85526526,984373.85638358
2026-06-07 01:00:00,532.0,535.0,532.0,535.0,10399.11222503,5561553.51539111
2026-06-07 01:15:00,531.0,531.0,531.0,531.0,37.52345216,19924.95309696
2026-06-07 01:30:00,532.0,532.0,528.0,532.0,2472.97341354,1306683.97696192
2026-06-07 01:45:00,535.0,535.0,535.0,535.0,373.83177571,200000.00000485
2026-06-07 02:00:00,532.0,532.0,530.0,530.0,451.2055007,239882.42035738
2026-06-07 02:15:00,530.0,532.0,530.0,532.0,373.09345297,197889.90601394
2026-06-07 02:30:00,533.0,535.0,528.0,528.0,1710.68195488,913968.37116202
2026-06-07 02:45:00,529.0,529.0,526.0,526.0,2346.90954051,1236625.00584197
2026-06-07 03:15:00,529.0,532.0,529.0,532.0,22936.56129428,12155615.42098582
2026-06-07 03:30:00,529.0,529.0,529.0,529.0,37.80718336,19999.99999744
2026-06-07 04:30:00,531.0,531.0,531.0,531.0,42.37288135,22499.99999685
2026-06-07 04:45:00,528.0,528.0,527.0,527.0,29.61550393,15626.30996504
2026-06-07 06:00:00,528.0,530.0,527.0,530.0,18686.90569812,9855855.33468495
2026-06-07 06:15:00,530.0,532.0,530.0,532.0,2358.23301448,1251619.68890547
2026-06-07 06:30:00,532.0,532.0,532.0,532.0,189.39214603,100756.62168796
2026-06-07 07:00:00,530.0,530.0,530.0,530.0,10.0,5300.0
2026-06-07 07:30:00,531.0,531.0,531.0,531.0,143.21464503,76046.97651093
2026-06-07 07:45:00,531.0,531.0,531.0,531.0,143.21464503,76046.97651093
2026-06-07 08:00:00,530.0,533.0,530.0,533.0,5078.95054489,2694134.96631834
2026-06-07 08:15:00,531.0,531.0,531.0,531.0,303.41669495,161114.26501845
2026-06-07 08:30:00,532.0,534.0,532.0,534.0,4073.79918114,2168753.45580304
2026-06-07 08:45:00,535.0,535.0,535.0,535.0,18.69158878,9999.9999973
2026-06-07 09:00:00,535.0,536.0,531.0,533.0,8770.72065735,4683122.25381328
2026-06-07 09:15:00,533.0,533.0,533.0,533.0,2217.88409836,1182132.22442588
2026-06-07 09:30:00,534.0,537.0,534.0,535.0,21851.18129782,11732289.2731395
2026-06-07 10:00:00,535.0,542.0,535.0,542.0,2177.92093759,1178000.6392496
2026-06-07 10:15:00,544.0,546.0,544.0,546.0,643.56163189,350604.24718573
2026-06-07 10:30:00,545.0,546.0,545.0,546.0,6266.74421464,3417657.83444489
2026-06-07 10:45:00,544.0,546.0,544.0,545.0,6086.09283038,3317437.80531643
2026-06-07 11:00:00,544.0,547.0,544.0,547.0,10119.61805775,5514972.00741592
2026-06-07 11:15:00,544.0,544.0,541.0,541.0,460.81339646,249999.99998525
2026-06-07 11:30:00,540.0,541.0,538.0,538.0,7576.03451795,4094086.7736085
2026-06-07 11:45:00,539.0,539.0,539.0,539.0,83.17475556,44831.19324684
2026-06-07 12:00:00,539.0,539.0,539.0,539.0,1174.15143902,632867.62563178
2026-06-07 12:15:00,539.0,540.0,538.0,540.0,10620.34243451,5726650.28855855
2026-06-07 12:30:00,540.0,540.0,540.0,540.0,727.0,392580.0
2026-06-07 12:45:00,539.0,539.0,539.0,539.0,47.78872159,25758.12093701
2026-06-07 13:00:00,539.0,539.0,539.0,539.0,4408.48406964,2376172.91353596
2026-06-07 13:15:00,539.0,539.0,536.0,536.0,12641.20779334,6791919.48393652
2026-06-07 13:30:00,536.0,539.0,536.0,539.0,33594.46555135,18010609.0658739
2026-06-07 14:00:00,542.0,544.0,540.0,541.0,753.50918551,407660.07939571
2026-06-07 14:15:00,541.0,542.0,540.0,542.0,1274.83555349,689657.12056103
2026-06-07 14:30:00,544.0,547.0,544.0,547.0,7382.87608697,4028266.40776504
2026-06-07 15:00:00,541.0,541.0,540.0,540.0,5902.22467324,3187476.95927697
2026-06-07 15:15:00,547.0,547.0,547.0,547.0,420.028162,229755.404614
2026-06-07 15:30:00,547.0,551.0,547.0,549.0,1961.42150074,1080196.22356149
2026-06-07 15:45:00,549.0,550.0,547.0,547.0,6782.73354969,3716171.39298958
2026-06-07 16:00:00,547.0,548.0,547.0,548.0,293.529,160749.36
2026-06-07 17:00:00,545.0,545.0,545.0,545.0,624.12391608,340147.5342636
2026-06-07 17:15:00,547.0,547.0,547.0,547.0,3628.53862843,1984810.62975121
2026-06-07 17:30:00,547.0,550.0,547.0,550.0,2308.2994787,1266909.50415187
2026-06-07 17:45:00,552.0,556.0,551.0,556.0,10555.18386913,5828770.96056127
2026-06-07 18:00:00,557.0,557.0,556.0,556.0,4827.68570006,2688165.04486548
2026-06-07 18:15:00,556.0,558.0,553.0,555.0,5799.36242894,3215445.92809494
2026-06-07 18:30:00,553.0,553.0,550.0,550.0,40.34303294,22229.46594113
2026-06-07 18:45:00,550.0,550.0,549.0,549.0,5766.63744525,3170414.82004765
2026-06-07 19:15:00,548.0,548.0,548.0,548.0,1096.6,600936.8
2026-06-07 19:30:00,546.0,546.0,545.0,545.0,9043.99051975,4929013.50198294
2026-06-07 19:45:00,544.0,545.0,544.0,545.0,9219.30594335,5015599.38912575
2026-06-07 20:00:00,543.0,543.0,543.0,543.0,9229.27641335,5011497.09244905
2026-06-07 20:15:00,543.0,543.0,543.0,543.0,8.46415247,4596.03479121
2026-06-07 20:45:00,544.0,544.0,544.0,544.0,1248.53531747,679203.21270368
2026-06-07 21:00:00,544.0,544.0,539.0,539.0,8973.63478811,4848638.05252558
2026-06-07 21:15:00,538.0,538.0,535.0,538.0,6082.33548973,3265434.04529827
2026-06-07 21:30:00,536.0,536.0,534.0,534.0,4965.64879184,2653261.35473501
2026-06-07 21:45:00,537.0,539.0,537.0,539.0,73.93672983,39751.35133901
2026-06-07 22:00:00,539.0,541.0,538.0,541.0,1348.24646461,725818.49172678
2026-06-07 22:15:00,539.0,540.0,538.0,538.0,32787.70733791,17681036.96355918
2026-06-07 22:30:00,540.0,540.0,540.0,540.0,924.21441774,499075.7855796
2026-06-07 22:45:00,540.0,542.0,540.0,542.0,966.900369,522199.999998
2026-06-07 23:15:00,546.0,546.0,544.0,544.0,1173.46410256,638535.38451905
2026-06-07 23:30:00,546.0,548.0,543.0,545.0,3329.63362151,1818014.48608398
2026-06-07 23:45:00,544.0,546.0,544.0,546.0,2768.03942129,1508538.6232037
2026-06-08 00:00:00,543.0,543.0,543.0,543.0,353.58901098,191998.83296214
2026-06-08 00:15:00,543.0,543.0,541.0,543.0,31.49171269,17077.90054317
2026-06-08 00:45:00,542.0,542.0,542.0,542.0,17.80996309,9652.99999478
2026-06-08 01:00:00,542.0,542.0,542.0,542.0,351.19372695,190347.0000069
2026-06-08 01:15:00,541.0,541.0,541.0,541.0,349.3,188971.3
2026-06-08 01:30:00,542.0,544.0,542.0,542.0,878.571874,476226.76453152
2026-06-08 02:00:00,545.0,545.0,545.0,545.0,9.35779816,5099.9999972
2026-06-08 02:30:00,545.0,545.0,545.0,545.0,357.61467891,194900.00000595
2026-06-08 02:45:00,544.0,544.0,542.0,542.0,370.96854893,201138.34802356
2026-06-08 03:00:00,545.0,545.0,545.0,545.0,9.35779816,5099.9999972
2026-06-08 03:30:00,542.0,544.0,542.0,542.0,1144.2214065,621272.73026416
2026-06-08 03:45:00,540.0,540.0,540.0,540.0,37.03703703,19999.9999962
2026-06-08 04:00:00,538.0,538.0,534.0,534.0,1782.62934662,954499.0165043
2026-06-08 04:15:00,534.0,534.0,530.0,530.0,5312.61513874,2831846.34389134
2026-06-08 04:30:00,530.0,530.0,530.0,530.0,11.23595505,5955.0561765
2026-06-08 04:45:00,529.0,530.0,529.0,530.0,231.27890037,122459.60371164
2026-06-08 05:00:00,534.0,536.0,534.0,536.0,1879.63062563,1005588.4257282
2026-06-08 05:45:00,536.0,536.0,536.0,536.0,342.46575342,183561.64383312
2026-06-08 06:00:00,537.0,537.0,537.0,537.0,1250.28895062,671405.16648294
2026-06-08 06:30:00,536.0,536.0,534.0,534.0,188.45314899,100678.75768006
2026-06-08 06:45:00,536.0,536.0,535.0,535.0,1383.12949853,740048.99999712
2026-06-08 07:00:00,536.0,550.0,536.0,550.0,5168.50691609,2820615.74959836
2026-06-08 07:15:00,554.0,560.0,549.0,549.0,18912.92233094,10463332.56241935
2026-06-08 07:30:00,550.0,551.0,547.0,551.0,1323.14557664,725262.04886465
2026-06-08 07:45:00,545.0,545.0,544.0,544.0,438.33365487,238873.99999239
2026-06-08 08:00:00,544.0,547.0,542.0,545.0,227.79510071,123872.28558424
2026-06-08 08:15:00,543.0,545.0,541.0,545.0,434.25905268,235998.97547272
2026-06-08 08:30:00,545.0,545.0,543.0,543.0,449.49113581,244402.99993614
2026-06-08 08:45:00,543.0,545.0,542.0,544.0,564.66667054,306773.45166421
2026-06-08 09:00:00,544.0,544.0,542.0,542.0,234.66176469,127293.99999136
2026-06-08 09:15:00,542.0,543.0,539.0,543.0,30819.88810295,16662919.38876415
2026-06-08 09:30:00,545.0,547.0,545.0,547.0,437.25991481,239038.99999591
2026-06-08 09:45:00,547.0,547.0,547.0,547.0,16410.87490442,8976748.57271774
2026-06-08 10:00:00,547.0,547.0,543.0,543.0,5456.18031572,2969207.79100996
2026-06-08 10:15:00,540.0,540.0,537.0,539.0,1314.75894212,707591.77585515
2026-06-08 10:30:00,538.0,540.0,538.0,540.0,549.10241662,295966.97571336
2026-06-08 10:45:00,541.0,541.0,541.0,541.0,1848.42883548,999999.99999468
2026-06-08 11:00:00,540.0,540.0,540.0,540.0,5858.42099305,3163547.336247
2026-06-08 11:15:00,541.0,541.0,541.0,541.0,52.6,28456.6
2026-06-08 12:00:00,540.0,540.0,540.0,540.0,511.80696119,276375.7590426
2026-06-08 12:15:00,540.0,540.0,540.0,540.0,1151.77953478,621960.9487812
2026-06-08 12:45:00,540.0,540.0,540.0,540.0,8170.153,4411882.62
2026-06-08 13:00:00,540.0,541.0,539.0,539.0,2801.98189453,1513066.20287048
2026-06-08 13:15:00,538.0,538.0,536.0,536.0,42.47670239,22797.56480014
2026-06-08 13:30:00,538.0,538.0,536.0,536.0,614.41844803,329528.28814408
2026-06-08 13:45:00,537.0,537.0,537.0,537.0,1488.89242529,799535.23238073
2026-06-08 14:00:00,536.0,536.0,535.0,535.0,466.96732727,249920.65564102
2026-06-08 14:15:00,536.0,536.0,536.0,536.0,37.31343284,20000.00000224
2026-06-08 14:30:00,534.0,534.0,532.0,532.0,4971.08555669,2644823.69593434
2026-06-08 14:45:00,532.0,533.0,532.0,533.0,226.03788663,120270.99996483
2026-06-08 15:00:00,534.0,536.0,534.0,536.0,122.38316839,65521.9999799
2026-06-08 15:15:00,536.0,537.0,536.0,537.0,5533.86994605,2970111.55667478
2026-06-08 16:45:00,536.0,536.0,535.0,535.0,113.2503766,60607.8395407
2026-06-08 17:00:00,533.0,533.0,533.0,533.0,322.85185193,172080.03707869
2026-06-08 17:15:00,534.0,534.0,532.0,532.0,1498.42038529,797178.70089428
2026-06-08 17:30:00,534.0,534.0,530.0,531.0,5320.84417822,2828612.11364917
2026-06-08 17:45:00,531.0,531.0,528.0,528.0,7408.0432304,3917404.59298059
2026-06-08 18:15:00,531.0,533.0,531.0,533.0,215.34105834,114572.50364295
2026-06-08 18:30:00,533.0,534.0,530.0,532.0,1183.90790383,629139.85523015
2026-06-08 18:45:00,536.0,536.0,536.0,536.0,18.93656716,10149.99999776
2026-06-08 19:15:00,532.0,532.0,532.0,532.0,76.01488955,40439.9212406
2026-06-08 19:30:00,535.0,537.0,535.0,536.0,2856.75859835,1532133.13149306
2026-06-08 19:45:00,535.0,537.0,535.0,537.0,55.90066427,29981.34328017
2026-06-08 20:00:00,536.0,540.0,536.0,540.0,10052.88290822,5394657.62765492
2026-06-08 20:15:00,540.0,541.0,539.0,541.0,2276.83327078,1231472.92698379
2026-06-08 20:30:00,541.0,541.0,541.0,541.0,9043.22712133,4892385.87263953
2026-06-08 20:45:00,540.0,540.0,540.0,540.0,24.25925925,13099.999995
2026-06-08 21:00:00,540.0,540.0,535.0,535.0,1638.48507581,881936.31946331
2026-06-08 21:15:00,535.0,535.0,535.0,535.0,37.24394786,19925.5121051
2026-06-08 21:30:00,539.0,540.0,539.0,539.0,165.78016052,89364.95096472
2026-06-08 21:45:00,540.0,541.0,540.0,541.0,740.47612177,400190.1057558
2026-06-08 22:15:00,537.0,537.0,537.0,537.0,22.0,11814.0
2026-06-08 22:30:00,538.0,538.0,537.0,537.0,4572.83509732,2459310.28235816
2026-06-08 22:45:00,537.0,538.0,536.0,536.0,863.29608941,464084.80262023
2026-06-08 23:00:00,536.0,536.0,535.0,535.0,7468.95708861,4003350.99949496
2026-06-08 23:15:00,534.0,534.0,534.0,534.0,130.33964838,69601.37223492
2026-06-09 00:00:00,536.0,539.0,536.0,539.0,3959.38465966,2126112.14583113
2026-06-09 00:15:00,541.0,541.0,541.0,541.0,924.0,499884.0
2026-06-09 00:30:00,539.0,539.0,539.0,539.0,5803.18189698,3127915.04247222
2026-06-09 00:45:00,539.0,539.0,538.0,538.0,5800.4533849,3126425.78710051
2026-06-09 01:00:00,541.0,541.0,541.0,541.0,670.85055,362930.14755
2026-06-09 01:15:00,542.0,544.0,542.0,543.0,2389.14372302,1299117.61643105
2026-06-09 01:30:00,541.0,541.0,541.0,541.0,1177.57828548,637069.85244468
2026-06-09 02:00:00,538.0,538.0,538.0,538.0,580.0,312040.0
2026-06-09 02:30:00,540.0,540.0,539.0,539.0,5845.3915281,3150730.63467871
2026-06-09 03:00:00,541.0,541.0,541.0,541.0,5780.79049529,3127407.65795189
2026-06-09 03:45:00,537.0,539.0,537.0,539.0,3342.24946879,1801248.99999069
2026-06-09 04:00:00,539.0,539.0,538.0,538.0,1839.66181278,991095.59998805
2026-06-09 04:45:00,536.0,536.0,536.0,536.0,688.79944028,369196.49999008
2026-06-09 05:00:00,535.0,535.0,535.0,535.0,2376.70915885,1271539.39998475
2026-06-09 05:15:00,534.0,535.0,534.0,535.0,3804.39691407,2032543.36026341
2026-06-09 05:30:00,535.0,536.0,535.0,536.0,41.90528281,22456.63973619
2026-06-09 05:45:00,538.0,538.0,538.0,538.0,911.06841626,490154.80794788
2026-06-09 06:00:00,538.0,541.0,538.0,541.0,2271.7753982,1226433.77497236
2026-06-09 06:15:00,543.0,543.0,539.0,539.0,198.30127134,107348.9470196
2026-06-09 06:30:00,543.0,543.0,543.0,543.0,221.0,120003.0
2026-06-09 06:45:00,539.0,539.0,539.0,539.0,900.0,485100.0
2026-06-09 07:00:00,536.0,536.0,536.0,536.0,37.31343284,20000.00000224
2026-06-09 07:30:00,535.0,535.0,535.0,535.0,10.96175,5864.53625
2026-06-09 07:45:00,534.0,534.0,534.0,534.0,1000.0,534000.0
2026-06-09 08:00:00,536.0,536.0,536.0,536.0,6433.76679104,3448498.99999744
2026-06-09 08:15:00,535.0,535.0,532.0,532.0,9658.8973385,5157868.99381903
2026-06-09 08:45:00,531.0,531.0,531.0,531.0,6470.20861584,3435680.77501104
2026-06-09 09:00:00,531.0,532.0,530.0,530.0,1848.0,981806.0
2026-06-09 09:15:00,530.0,532.0,527.0,527.0,27761.82310918,14695051.3708371
2026-06-09 09:30:00,526.0,526.0,519.0,521.0,79898.78802864,41665272.83937696
2026-06-09 09:45:00,519.0,519.0,518.0,519.0,18622.16261245,9664852.39586155
2026-06-09 10:00:00,521.0,522.0,519.0,519.0,891.0,463856.0
2026-06-09 10:15:00,521.0,523.0,521.0,523.0,249.12045889,129829.99999947
2026-06-09 10:30:00,521.0,521.0,519.0,520.0,105.95458758,55105.50525359
2026-06-09 10:45:00,519.0,519.0,519.0,519.0,35080.42,18206737.98
2026-06-09 11:00:00,521.0,521.0,518.0,518.0,2382.38064771,1236836.17551378
2026-06-09 11:15:00,518.0,518.0,514.0,516.0,29333.75269228,15150120.25717597
2026-06-09 11:30:00,516.0,516.0,513.0,513.0,1200.5171553,617633.46283819
2026-06-09 11:45:00,514.0,516.0,512.0,516.0,25704.50360544,13215531.05117027
2026-06-09 12:00:00,515.0,516.0,515.0,516.0,3097.51081575,1597363.43771265
2026-06-09 12:30:00,514.0,514.0,512.0,513.0,4611.8894074,2364730.60509014
2026-06-09 12:45:00,514.0,514.0,513.0,514.0,3426.37133445,1761117.9655383
2026-06-09 13:00:00,514.0,516.0,513.0,516.0,7170.0021091,3699230.53625576
2026-06-09 13:30:00,516.0,519.0,516.0,519.0,5774.79057027,2996816.30597013
2026-06-09 14:30:00,524.0,524.0,524.0,524.0,2171.95660613,1138105.26161212
2026-06-09 14:45:00,524.0,524.0,522.0,524.0,1420.78999208,742028.50080722
2026-06-09 15:00:00,524.0,524.0,523.0,523.0,1375.91226142,719831.02498408
2026-06-09 15:15:00,523.0,523.0,522.0,522.0,1592.0,832233.0
2026-06-09 15:30:00,522.0,522.0,520.0,520.0,6101.04967694,3180695.23986468
2026-06-09 15:45:00,520.0,521.0,519.0,519.0,29113.25065379,15117351.27265729
2026-06-09 16:00:00,520.0,520.0,520.0,520.0,1292.71992945,672214.363314
2026-06-09 16:15:00,520.0,521.0,519.0,519.0,1017.33860376,529015.99999043
2026-06-09 16:30:00,519.0,520.0,519.0,520.0,3037.42470644,1579128.52264236
2026-06-09 16:45:00,520.0,521.0,520.0,521.0,469.19385796,243999.99999716
2026-06-09 17:00:00,521.0,521.0,520.0,520.0,1921.04547312,1000726.22995706
2026-06-09 17:15:00,521.0,522.0,520.0,520.0,1807.37932859,940079.88994724
2026-06-09 17:30:00,521.0,521.0,519.0,519.0,118.99753229,61848.77925851
2026-06-09 17:45:00,522.0,522.0,520.0,520.0,941.52340412,489630.48431864
2026-06-09 18:00:00,518.0,518.0,518.0,518.0,6003.12105136,3109616.70460448
2026-06-09 18:15:00,517.0,517.0,517.0,517.0,6400.00735301,3308803.80150617
2026-06-09 18:45:00,514.0,517.0,514.0,517.0,1461.03611467,752414.25669526
2026-06-09 19:00:00,517.0,518.0,515.0,516.0,4350.84220052,2249919.97372662
2026-06-09 19:15:00,515.0,515.0,515.0,515.0,15.0,7725.0
2026-06-09 19:30:00,517.0,517.0,517.0,517.0,105.0,54285.0
2026-06-09 19:45:00,517.0,519.0,515.0,519.0,10218.35418742,5298814.64943154
2026-06-09 20:00:00,519.0,519.0,519.0,519.0,1910.856798,991734.678162
2026-06-09 20:15:00,517.0,517.0,517.0,517.0,811.37277494,419479.72464398
2026-06-09 20:30:00,519.0,519.0,519.0,519.0,15.92547561,8265.32184159
2026-06-09 20:45:00,521.0,523.0,521.0,523.0,4077.89151739,2127694.88637171
2026-06-09 21:00:00,523.0,526.0,522.0,526.0,109.47217056,57255.79360779
2026-06-09 22:15:00,526.0,526.0,526.0,526.0,38.02281368,19999.99999568
2026-06-09 22:30:00,529.0,529.0,529.0,529.0,945.17958413,500000.00000477
2026-06-09 22:45:00,530.0,531.0,530.0,531.0,1665.72052242,882901.09516656
2026-06-09 23:00:00,530.0,530.0,525.0,525.0,7250.05232042,3813939.70800232
2026-06-09 23:15:00,524.0,524.0,519.0,519.0,542.98386799,282446.91962137
2026-06-09 23:30:00,519.0,521.0,519.0,521.0,6182.45392195,3208816.00949205
2026-06-09 23:45:00,517.0,524.0,517.0,524.0,2089.20742503,1084663.44675572
2026-06-10 00:00:00,522.0,522.0,522.0,522.0,93.20176905,48651.3234441
2026-06-10 00:15:00,520.0,520.0,518.0,518.0,5274.999,2742674.482
2026-06-10 00:30:00,518.0,519.0,518.0,519.0,100.23289391,52020.87093929
2026-06-10 01:00:00,517.0,517.0,516.0,517.0,11521.5914989,5956650.8272913
2026-06-10 01:15:00,515.0,516.0,513.0,516.0,3270.52899327,1686615.93519114
2026-06-10 01:30:00,519.0,520.0,513.0,516.0,283.09681332,146162.45106864
2026-06-10 02:00:00,522.0,523.0,522.0,523.0,185.01114942,96683.62999724
2026-06-10 02:45:00,524.0,524.0,524.0,524.0,299.1,156728.4
2026-06-10 03:00:00,521.0,521.0,519.0,519.0,269.13972907,140067.39654663
2026-06-10 03:15:00,522.0,522.0,522.0,522.0,12.54256,6547.21632
2026-06-10 04:15:00,524.0,524.0,524.0,524.0,12.54256,6572.30144
2026-06-10 04:45:00,524.0,526.0,524.0,526.0,1993.27136,1044661.13536
2026-06-10 05:15:00,526.0,526.0,526.0,526.0,321.3255816,169017.2559216
2026-06-10 06:00:00,527.0,527.0,525.0,525.0,486.71130094,255965.65476519
2026-06-10 06:15:00,525.0,525.0,521.0,523.0,266.32921035,139235.25840845
2026-06-10 06:30:00,521.0,521.0,521.0,521.0,125.31659986,65289.94852706
2026-06-10 07:30:00,521.0,521.0,521.0,521.0,37.0,19277.0
2026-06-10 07:45:00,521.0,521.0,521.0,521.0,191.93857965,99999.99999765
2026-06-10 08:00:00,519.0,520.0,518.0,520.0,370.79110371,192671.5722047
2026-06-10 08:15:00,519.0,521.0,519.0,521.0,3794.14970383,1969479.61183479
2026-06-10 08:30:00,519.0,521.0,519.0,521.0,180.54867123,94001.85825703
2026-06-10 08:45:00,521.0,521.0,521.0,521.0,1740.0,906540.0
2026-06-10 09:00:00,521.0,521.0,521.0,521.0,2097.67379277,1092888.04603317
2026-06-10 09:15:00,519.0,522.0,519.0,522.0,7327.46309975,3805945.34877025
2026-06-10 09:30:00,519.0,519.0,516.0,516.0,4368.02649179,2261322.13818065
2026-06-10 09:45:00,521.0,521.0,521.0,521.0,78.0671785,40672.9999985
2026-06-10 10:00:00,518.0,520.0,518.0,520.0,1180.12153369,612402.33522064
2026-06-10 10:15:00,521.0,521.0,521.0,521.0,8632.91962464,4497751.12443744
2026-06-10 10:30:00,519.0,519.0,519.0,519.0,1099.6868,570737.4492
2026-06-10 11:00:00,519.0,519.0,519.0,519.0,113.157265,58728.620535
2026-06-10 11:15:00,517.0,517.0,516.0,516.0,2446.23349062,1262764.73015442
2026-06-10 11:30:00,515.0,515.0,515.0,515.0,6637.11456309,3418113.99999135
2026-06-10 11:45:00,514.0,514.0,514.0,514.0,1678.99400132,863002.91667848
2026-06-10 12:00:00,517.0,517.0,517.0,517.0,638.07806787,329886.36108879
2026-06-10 12:15:00,515.0,518.0,515.0,518.0,10314.58110172,5340814.01069096
2026-06-10 12:30:00,520.0,520.0,520.0,520.0,102.12704628,53106.0640656
2026-06-10 12:45:00,520.0,521.0,520.0,521.0,87.95529,45749.70609
2026-06-10 13:00:00,522.0,524.0,522.0,524.0,11876.78326972,6210567.18005203
2026-06-10 13:15:00,523.0,525.0,523.0,525.0,689.0474813,361347.13974318
2026-06-10 13:30:00,523.0,523.0,522.0,522.0,3267.75134117,1708247.65515766
2026-06-10 14:00:00,522.0,522.0,519.0,519.0,3147.56545513,1639303.17973618
2026-06-10 14:15:00,519.0,519.0,519.0,519.0,2909.55574677,1510059.43257363
2026-06-10 14:30:00,522.0,522.0,522.0,522.0,18994.98659003,9915382.99999566
2026-06-10 14:45:00,522.0,522.0,520.0,520.0,29.65566477,15455.28667656
2026-06-10 15:00:00,523.0,523.0,523.0,523.0,38.24091778,19999.99999894
2026-06-10 15:15:00,522.0,524.0,521.0,524.0,10728.54632077,5619980.48953337
2026-06-10 15:30:00,522.0,524.0,522.0,524.0,13514.90177027,7081496.28133286
2026-06-10 15:45:00,523.0,523.0,523.0,523.0,6704.768341,3506593.842343
2026-06-10 16:00:00,523.0,524.0,523.0,524.0,2022.11136039,1058529.49148397
2026-06-10 16:15:00,524.0,525.0,524.0,525.0,6963.71257229,3655949.099487
2026-06-10 16:30:00,526.0,526.0,526.0,526.0,286.63870722,150771.95999772
2026-06-10 16:45:00,526.0,526.0,523.0,523.0,10144.86926286,5314548.19268133
2026-06-10 17:00:00,522.0,522.0,522.0,522.0,104.99288346,54806.28516612
2026-06-10 17:30:00,521.0,521.0,520.0,520.0,276.63682965,143870.34527596
2026-06-10 17:45:00,520.0,522.0,520.0,521.0,5667.81430056,2953290.02025515
2026-06-10 18:00:00,519.0,519.0,519.0,519.0,972.61584898,504787.62562062
2026-06-10 18:15:00,519.0,523.0,518.0,520.0,7547.64481713,3913636.82723361
2026-06-10 18:30:00,523.0,523.0,523.0,523.0,3.7208266,1945.9923118
2026-06-10 18:45:00,525.0,525.0,522.0,522.0,9016.36644788,4715216.90756328
2026-06-10 19:00:00,525.0,525.0,522.0,522.0,552.10095237,289168.85713711
2026-06-10 19:15:00,522.0,522.0,521.0,521.0,1931.22739464,1006184.99118981
2026-06-10 19:30:00,522.0,522.0,522.0,522.0,1819.66935956,949867.40569032
2026-06-10 19:45:00,522.0,522.0,522.0,522.0,2491.21,1300411.62
2026-06-10 20:00:00,522.0,522.0,516.0,516.0,4188.41998706,2173217.70765096
2026-06-10 20:15:00,517.0,518.0,514.0,514.0,3452.52704672,1783233.58707424
2026-06-10 20:30:00,514.0,514.0,514.0,514.0,1945.52529183,1000000.00000062
2026-06-10 20:45:00,514.0,514.0,514.0,514.0,1467.23406357,754158.30867498
2026-06-10 21:00:00,513.0,515.0,512.0,515.0,352.61229822,181451.70903332
2026-06-10 21:30:00,520.0,523.0,520.0,523.0,5288.08725448,2760090.09018814
2026-06-10 22:00:00,522.0,522.0,520.0,522.0,8629.52148241,4487887.9562938
2026-06-10 22:15:00,521.0,522.0,521.0,522.0,5198.75424159,2712426.27669804
2026-06-10 22:30:00,523.0,530.0,523.0,530.0,705.21029429,373178.60819939
2026-06-10 22:45:00,530.0,530.0,526.0,527.0,3887.8740009,2054496.51532117
2026-06-10 23:00:00,526.0,526.0,526.0,526.0,387.15956049,203645.92881774
2026-06-10 23:15:00,523.0,527.0,523.0,526.0,123.96779839,64939.0874615
2026-06-10 23:30:00,524.0,526.0,522.0,525.0,1151.21205227,603723.29939402
2026-06-10 23:45:00,522.0,524.0,522.0,522.0,23909.96366085,12521742.5991109
2026-06-11 00:00:00,526.0,526.0,521.0,521.0,1286.30837564,672817.74433942
2026-06-11 00:15:00,526.0,526.0,524.0,526.0,2605.19124145,1366659.37439792
2026-06-11 00:30:00,523.0,523.0,523.0,523.0,216.82532205,113399.64343215
2026-06-11 00:45:00,522.0,522.0,521.0,521.0,1273.94847261,664593.70384666
2026-06-11 01:00:00,527.0,527.0,527.0,527.0,10.0,5270.0
2026-06-11 01:15:00,526.0,526.0,526.0,526.0,486.57468323,255938.28337898
2026-06-11 01:30:00,523.0,523.0,523.0,523.0,64.97133842,33980.00999366
2026-06-11 02:15:00,519.0,519.0,519.0,519.0,435.45279383,225999.99999777
2026-06-11 02:30:00,518.0,520.0,517.0,520.0,989.62988797,511883.26148052
2026-06-11 02:45:00,519.0,519.0,519.0,519.0,201.16465335,104404.45508865
2026-06-11 03:30:00,521.0,521.0,521.0,521.0,603.10071222,314215.47106662
2026-06-11 03:45:00,520.0,521.0,520.0,521.0,1249.68061969,650963.30285849
2026-06-11 04:30:00,520.0,520.0,520.0,520.0,3842.46271963,1998080.6142076
2026-06-11 04:45:00,519.0,519.0,517.0,518.0,19584.36685401,10126603.22433672
2026-06-11 05:00:00,517.0,517.0,517.0,517.0,563.9420361,291558.0326637
2026-06-11 05:15:00,517.0,518.0,517.0,518.0,2889.49118637,1494243.81765378
2026-06-11 06:00:00,516.0,516.0,513.0,513.0,576.52386934,296491.74497142
2026-06-11 06:15:00,513.0,515.0,513.0,515.0,2551.60755036,1309025.14387944
2026-06-11 06:45:00,515.0,515.0,510.0,510.0,6712.24050795,3446421.84116279
2026-06-11 07:00:00,509.0,510.0,509.0,509.0,2206.9506723,1123357.50004383
2026-06-11 07:15:00,509.0,509.0,509.0,509.0,3432.933756,1747363.281804
2026-06-11 07:30:00,515.0,516.0,515.0,516.0,1137.36547572,586850.1679958
2026-06-11 08:00:00,513.0,513.0,513.0,513.0,9.76937984,5011.69185792
2026-06-11 08:15:00,513.0,516.0,513.0,516.0,2735.97298083,1408007.83724529
2026-06-11 08:30:00,515.0,515.0,515.0,515.0,388.34951456,199999.9999984
2026-06-11 08:45:00,514.0,515.0,514.0,515.0,24.0,12348.0
2026-06-11 09:00:00,516.0,516.0,516.0,516.0,117.00172925,60372.892293
2026-06-11 09:45:00,520.0,520.0,519.0,519.0,248.23156093,129024.48781497
2026-06-11 10:30:00,524.0,527.0,524.0,526.0,67868.03286003,35629482.99132278
2026-06-11 10:45:00,527.0,527.0,527.0,527.0,11.85718,6248.73386
2026-06-11 11:00:00,525.0,525.0,525.0,525.0,1904.76190476,999999.999999
2026-06-11 11:15:00,524.0,524.0,523.0,523.0,4540.90294991,2376437.28135235
2026-06-11 11:30:00,522.0,522.0,520.0,520.0,43558.51969622,22669582.23341715
2026-06-11 11:45:00,520.0,520.0,520.0,520.0,376.87430049,195974.6362548
2026-06-11 12:15:00,523.0,523.0,523.0,523.0,9.625,5033.875
2026-06-11 12:45:00,524.0,529.0,524.0,529.0,10550.5234249,5570896.86861971
2026-06-11 13:00:00,529.0,529.0,524.0,524.0,228.61642338,119843.21000987
2026-06-11 13:30:00,527.0,527.0,527.0,527.0,17.75521821,9356.99999667
2026-06-11 13:45:00,527.0,528.0,527.0,527.0,9504.68805591,5008984.26915457
2026-06-11 14:00:00,527.0,527.0,527.0,527.0,37.95363868,20001.56758436
2026-06-11 14:15:00,526.0,526.0,526.0,526.0,471.05344666,247774.11294316
2026-06-11 14:30:00,524.0,524.0,523.0,523.0,5703.42205324,2985224.14869816
2026-06-11 14:45:00,522.0,522.0,522.0,522.0,477.09923664,249045.80152608
2026-06-11 15:00:00,522.0,523.0,522.0,523.0,9579.49726823,5000516.84183879
2026-06-11 15:15:00,525.0,526.0,525.0,526.0,1007.71319934,529999.9999957
2026-06-11 15:30:00,529.0,529.0,529.0,529.0,10.0,5290.0
2026-06-11 15:45:00,526.0,526.0,524.0,524.0,3188.22614612,1676725.27346982
2026-06-11 16:00:00,526.0,526.0,526.0,526.0,422.15,222050.9
2026-06-11 16:30:00,527.0,529.0,527.0,529.0,18190.13462908,9588800.94952516
2026-06-11 16:45:00,529.0,531.0,529.0,530.0,15769.26814828,8357323.5059652
2026-06-11 17:00:00,530.0,530.0,530.0,530.0,477.65660378,253158.0000034
2026-06-11 17:15:00,531.0,532.0,530.0,532.0,22147.13787578,11774218.44855808
2026-06-11 17:30:00,533.0,533.0,533.0,533.0,7692.54584715,4100126.93653095
2026-06-11 17:45:00,529.0,529.0,529.0,529.0,13.04863582,6902.72834878
2026-06-11 18:00:00,532.0,532.0,528.0,529.0,2401.08236554,1267909.52423341
2026-06-11 18:30:00,529.0,529.0,529.0,529.0,317.50066552,167957.85206008
2026-06-11 18:45:00,532.0,532.0,532.0,532.0,11.342155,6034.02646
2026-06-11 19:00:00,533.0,533.0,531.0,533.0,4112.10419817,2189549.85642619
2026-06-11 19:30:00,534.0,534.0,533.0,533.0,18.74790774,10001.99999395
2026-06-11 19:45:00,533.0,533.0,533.0,533.0,392.04073365,208957.71103545
2026-06-11 20:00:00,533.0,533.0,533.0,533.0,18.71586106,9975.55394498
2026-06-11 20:15:00,532.0,532.0,532.0,532.0,7993.77590958,4252688.78389656
2026-06-11 20:30:00,532.0,532.0,532.0,532.0,459.93755783,244686.78076556
2026-06-11 21:15:00,530.0,530.0,526.0,526.0,75.61866903,39907.57818586
2026-06-11 21:30:00,529.0,529.0,529.0,529.0,1160.0,613640.0
2026-06-11 22:00:00,531.0,532.0,531.0,532.0,47.37566366,25166.04588376
2026-06-11 22:15:00,532.0,533.0,532.0,533.0,4653.11926699,2478273.70895049
2026-06-11 22:30:00,534.0,535.0,534.0,535.0,83.81279,44801.25086
2026-06-11 22:45:00,535.0,537.0,535.0,537.0,2567.19069917,1375698.8189734
2026-06-11 23:15:00,536.0,538.0,536.0,537.0,133.63417545,71784.42647729
2026-06-11 23:30:00,537.0,537.0,537.0,537.0,1525.95457996,819437.60943852
2026-06-11 23:45:00,537.0,537.0,537.0,537.0,473.54573851,254294.06157987
2026-06-12 00:00:00,534.0,536.0,532.0,536.0,17091.58568054,9096660.20416801
2026-06-12 00:15:00,536.0,536.0,536.0,536.0,196.703,105432.808
2026-06-12 00:30:00,536.0,536.0,536.0,536.0,296.41076986,158876.17264496
2026-06-12 00:45:00,536.0,536.0,536.0,536.0,1479.34130961,792926.94195096
2026-06-12 01:00:00,537.0,537.0,537.0,537.0,786.71072902,422463.66148374
2026-06-12 01:15:00,538.0,538.0,538.0,538.0,83.748,45056.424
2026-06-12 01:45:00,537.0,537.0,537.0,537.0,3640.0,1954680.0
2026-06-12 02:15:00,531.0,531.0,530.0,530.0,6539.30517448,3465984.4424744
2026-06-12 02:30:00,538.0,541.0,538.0,541.0,905.78483148,489110.76980706
2026-06-12 02:45:00,542.0,543.0,542.0,543.0,1036.80776543,562246.21963292
2026-06-12 03:00:00,544.0,547.0,544.0,547.0,2081.85797863,1135295.20788638
2026-06-12 03:15:00,547.0,547.0,547.0,547.0,17.08512571,9345.56376337
2026-06-12 04:00:00,541.0,541.0,539.0,539.0,292.45971768,158073.73901278
2026-06-12 04:15:00,541.0,541.0,541.0,541.0,73.04805914,39518.99999474
2026-06-12 04:30:00,541.0,541.0,541.0,541.0,130.0,70330.0
2026-06-12 04:45:00,541.0,541.0,541.0,541.0,126.973,68692.393
2026-06-12 05:00:00,541.0,544.0,541.0,542.0,18450.56095567,9997288.13877801
2026-06-12 05:15:00,539.0,539.0,539.0,539.0,5066.3748504,2730776.0443656
2026-06-12 06:15:00,543.0,543.0,541.0,541.0,452.20038408,244716.40778728
2026-06-12 06:45:00,543.0,543.0,540.0,542.0,3226.86912467,1750233.14322216
2026-06-12 07:00:00,540.0,541.0,540.0,541.0,5526.35121439,2986074.6557706
2026-06-12 07:30:00,538.0,538.0,538.0,538.0,240.0,129120.0
2026-06-12 07:45:00,538.0,540.0,537.0,540.0,911.2064645,489440.73118405
2026-06-12 08:00:00,537.0,539.0,536.0,538.0,400.15881438,214692.27623563
2026-06-12 08:45:00,538.0,538.0,537.0,537.0,122.08789571,65608.79999627
2026-06-12 09:00:00,539.0,541.0,538.0,541.0,958.33343403,516376.98012976
2026-06-12 09:15:00,542.0,543.0,542.0,543.0,2618.73550644,1421936.92999692
2026-06-12 09:30:00,543.0,543.0,541.0,541.0,72.4033423,39289.40892094
2026-06-12 10:00:00,541.0,541.0,540.0,540.0,1808.95249077,978592.3450158
2026-06-12 10:15:00,540.0,540.0,535.0,535.0,523.11804115,280931.762834
2026-06-12 10:30:00,536.0,536.0,536.0,536.0,38.24091778,20497.13193008
2026-06-12 10:45:00,537.0,537.0,537.0,537.0,58.99003685,31677.64978845
2026-06-12 11:00:00,538.0,538.0,538.0,538.0,46.47769515,25004.9999907
2026-06-12 11:45:00,540.0,540.0,540.0,540.0,18.51851851,9999.9999954
2026-06-12 12:00:00,541.0,541.0,541.0,541.0,300.0,162300.0
2026-06-12 12:15:00,540.0,540.0,540.0,540.0,123.58298438,66734.8115652
2026-06-12 12:30:00,540.0,540.0,540.0,540.0,12.14962962,6560.7999948
2026-06-12 13:30:00,540.0,540.0,540.0,540.0,3334.55994405,1800662.369787
2026-06-12 13:45:00,541.0,541.0,541.0,541.0,103.67789078,56089.73891198
2026-06-12 14:00:00,541.0,541.0,541.0,541.0,439.58595193,237815.99999413
2026-06-12 14:15:00,540.0,540.0,540.0,540.0,172.58716795,93197.070693
2026-06-12 14:45:00,539.0,539.0,539.0,539.0,9430.51345692,5083046.75327988
2026-06-12 15:00:00,538.0,538.0,534.0,534.0,13392.84862577,7158013.41559282
2026-06-12 15:15:00,535.0,536.0,535.0,536.0,4277.1311601,2291828.5559565
2026-06-12 15:30:00,536.0,536.0,536.0,536.0,6143.81801636,3293086.45676896
2026-06-12 15:45:00,536.0,536.0,536.0,536.0,373.13432835,199999.9999956
2026-06-12 16:00:00,536.0,536.0,536.0,536.0,8564.20483788,4590413.79310368
2026-06-12 16:15:00,535.0,535.0,535.0,535.0,3813.99243236,2040485.9513126
2026-06-12 16:30:00,534.0,534.0,534.0,534.0,28.376,15152.784
2026-06-12 16:45:00,534.0,536.0,533.0,535.0,662.09949648,354183.71842274
2026-06-12 17:00:00,538.0,540.0,538.0,540.0,19.95243119,10754.3128426
2026-06-12 17:15:00,540.0,540.0,539.0,539.0,1338.01088864,721733.47210133
2026-06-12 17:30:00,539.0,539.0,539.0,539.0,42.32357258,22812.40562062
2026-06-12 18:00:00,536.0,536.0,536.0,536.0,18.65671641,9999.99999576
2026-06-12 18:15:00,539.0,541.0,539.0,539.0,2224.97333668,1199610.06803762
2026-06-12 18:30:00,540.0,542.0,540.0,542.0,3058.27593438,1651505.9049342
2026-06-12 18:45:00,542.0,542.0,542.0,542.0,204.17457729,110662.62089118
2026-06-12 19:15:00,543.0,545.0,543.0,545.0,4080.04422744,2216244.03015406
2026-06-12 19:45:00,544.0,545.0,542.0,542.0,3666.73609067,1997859.73771684
2026-06-12 20:00:00,542.0,543.0,542.0,543.0,3809.67209067,2065023.20914314
2026-06-12 20:30:00,543.0,543.0,543.0,543.0,18.41620626,9999.99999918
2026-06-12 21:00:00,543.0,545.0,543.0,544.0,509.43699823,277181.58642985
2026-06-12 22:00:00,544.0,544.0,544.0,544.0,304.99006261,165914.59405984
2026-06-12 22:30:00,543.0,543.0,538.0,539.0,6531.79700874,3527375.13038191
2026-06-12 22:45:00,541.0,541.0,540.0,540.0,5347.94469934,2887962.98607243
2026-06-12 23:15:00,545.0,545.0,545.0,545.0,1900.71019536,1035887.0564712
2026-06-12 23:30:00,547.0,550.0,547.0,550.0,654.98922432,358611.08623426
2026-06-12 23:45:00,550.0,552.0,550.0,552.0,5239.29388904,2886510.62263804
2026-06-13 00:00:00,552.0,553.0,551.0,552.0,2706.1457699,1493748.81850036
2026-06-13 00:15:00,552.0,552.0,548.0,548.0,757.02300612,417238.60735376
2026-06-13 00:30:00,548.0,548.0,547.0,547.0,5294.09910952,2895905.45195853
2026-06-13 00:45:00,545.0,547.0,544.0,544.0,960.0,523690.0
2026-06-13 01:00:00,545.0,547.0,545.0,547.0,438.0,239426.46910438
2026-06-13 01:15:00,547.0,547.0,547.0,547.0,9153.79981286,5007128.49763442
2026-06-13 01:30:00,547.0,547.0,547.0,547.0,7576.42568112,4144304.84757264
2026-06-13 02:15:00,546.0,546.0,546.0,546.0,131.9,72017.4
2026-06-13 03:00:00,544.0,544.0,542.0,542.0,65.1244396,35377.7198832
2026-06-13 03:30:00,542.0,544.0,542.0,544.0,172.25359627,93685.50140688
2026-06-13 04:15:00,543.0,543.0,542.0,542.0,1180.0,640001.98895029
2026-06-13 04:30:00,546.0,546.0,546.0,546.0,441.98895029,241325.96685834
2026-06-13 04:45:00,545.0,545.0,543.0,543.0,919.57964929,501151.78826305
2026-06-13 05:00:00,543.0,543.0,543.0,543.0,1312.07408575,712456.22856225
2026-06-13 05:45:00,544.0,545.0,543.0,543.0,2098.15679135,1141483.8944944
2026-06-13 06:00:00,543.0,544.0,543.0,544.0,504.24705882,274173.79999808
2026-06-13 06:45:00,543.0,543.0,543.0,543.0,9.83242,5339.00406
2026-06-13 07:00:00,543.0,543.0,543.0,543.0,50.15004941,27231.47682963
2026-06-13 07:45:00,543.0,543.0,542.0,542.0,4409.95313892,2392497.00322778
2026-06-13 08:15:00,540.0,540.0,540.0,540.0,380.74031037,205599.7675998
2026-06-13 08:45:00,542.0,544.0,542.0,544.0,7916.61803304,4301615.42997376
2026-06-13 09:00:00,544.0,547.0,543.0,544.0,8424.93236739,4579215.08551091
2026-06-13 09:15:00,544.0,544.0,544.0,544.0,10.96343692,5964.10968448
2026-06-13 09:45:00,547.0,547.0,547.0,547.0,27.42230346,14999.99999262
2026-06-13 10:00:00,546.0,546.0,546.0,546.0,1841.62062615,1005524.8618779
2026-06-13 10:15:00,547.0,547.0,547.0,547.0,62.1,33968.7
2026-06-13 10:30:00,547.0,547.0,547.0,547.0,1037.9,567731.3
2026-06-13 10:45:00,549.0,549.0,549.0,549.0,22.714,12469.986
2026-06-13 11:00:00,549.0,550.0,549.0,550.0,2814.48861907,1547839.82649029
2026-06-13 11:15:00,550.0,550.0,549.0,549.0,72.42564626,39772.205443
2026-06-13 11:30:00,547.0,547.0,546.0,546.0,6082.95337085,3326976.6504841
2026-06-13 11:45:00,544.0,544.0,544.0,544.0,30.0,16320.0
2026-06-13 12:00:00,548.0,548.0,548.0,548.0,182.29936126,99900.04997048
2026-06-13 12:15:00,544.0,544.0,543.0,543.0,3328.95968963,1810081.59731467
2026-06-13 12:30:00,543.0,543.0,543.0,543.0,30.0,16290.0
2026-06-13 13:00:00,543.0,543.0,543.0,543.0,2020.0139341,1096867.5662163
2026-06-13 13:30:00,543.0,544.0,543.0,544.0,2497.53556933,1358648.29999177
2026-06-13 14:15:00,542.0,542.0,539.0,539.0,6538.17453108,3531357.25070127
2026-06-13 14:30:00,543.0,543.0,543.0,543.0,104.1712,56564.9616
2026-06-13 14:45:00,541.0,546.0,540.0,546.0,748.93746126,406768.1433804
2026-06-13 15:00:00,544.0,545.0,544.0,545.0,292.203,159000.635
2026-06-13 15:15:00,544.0,544.0,544.0,544.0,50.95249077,27718.15497888
2026-06-13 15:30:00,546.0,546.0,546.0,546.0,70.95249077,38740.05996042
2026-06-13 16:00:00,545.0,545.0,545.0,545.0,855.30752559,466142.60144655
2026-06-13 16:15:00,546.0,548.0,546.0,548.0,5391.44514624,2954012.54013952
2026-06-13 16:45:00,550.0,551.0,550.0,550.0,340.7159,187476.26176626
2026-06-13 17:00:00,551.0,552.0,551.0,552.0,1560.96753845,861531.71078739
2026-06-13 17:15:00,550.0,550.0,550.0,550.0,1101.77458492,605976.021706
2026-06-13 17:30:00,551.0,551.0,551.0,551.0,1733.41791885,955113.27328635
2026-06-13 17:45:00,549.0,549.0,549.0,549.0,23.399,12846.051
2026-06-13 18:00:00,550.0,550.0,548.0,548.0,413.3854,227256.246
2026-06-13 18:15:00,550.0,550.0,548.0,549.0,416.24081818,228337.451999
2026-06-13 18:30:00,552.0,552.0,552.0,552.0,136.2947,75234.6744
2026-06-13 19:15:00,547.0,549.0,547.0,548.0,1818.92555732,997488.3662546
2026-06-13 19:45:00,548.0,548.0,548.0,548.0,530.6788,290811.9824
2026-06-13 20:00:00,549.0,553.0,549.0,553.0,4710.93658259,2596151.11080709
2026-06-13 20:15:00,553.0,554.0,553.0,554.0,3465.9677681,1918257.20112776
2026-06-13 20:30:00,553.0,553.0,551.0,551.0,5828.5858745,3218177.93957158
2026-06-13 20:45:00,552.0,552.0,552.0,552.0,61.20440835,33784.8334092
2026-06-13 21:15:00,554.0,555.0,554.0,555.0,1044.8083,578997.873
2026-06-13 21:30:00,554.0,555.0,552.0,552.0,1080.32172842,598639.61628524
2026-06-13 21:45:00,552.0,554.0,552.0,554.0,1829.9124,1012456.7806
2026-06-13 22:00:00,551.0,553.0,551.0,553.0,794.36187405,437783.80851475
2026-06-13 22:15:00,553.0,554.0,553.0,553.0,13467.22068024,7456847.25661805
2026-06-13 22:30:00,553.0,553.0,553.0,553.0,574.8,317864.4
2026-06-13 22:45:00,551.0,552.0,550.0,550.0,3165.39617021,1745374.86637082
2026-06-13 23:00:00,550.0,552.0,550.0,551.0,2584.5235,1423676.6229
2026-06-13 23:15:00,551.0,552.0,551.0,551.0,913.9413,503758.5692
2026-06-13 23:30:00,552.0,552.0,549.0,549.0,1305.85270487,720245.90823134
2026-06-13 23:45:00,549.0,551.0,549.0,550.0,852.8111083,469430.1984567
2026-06-14 00:00:00,551.0,551.0,551.0,551.0,206.8,113946.8
2026-06-14 00:15:00,552.0,552.0,551.0,552.0,187.098,103214.796
2026-06-14 00:30:00,552.0,552.0,552.0,552.0,934.25228215,515707.2597468
2026-06-14 01:15:00,550.0,550.0,548.0,549.0,2783.32887693,1528411.1897982
2026-06-14 01:45:00,551.0,556.0,551.0,554.0,25717.32153934,14221611.67146037
2026-06-14 02:00:00,554.0,554.0,554.0,554.0,29.28329631,16222.94615574
2026-06-14 02:15:00,553.0,553.0,553.0,553.0,12.65822784,6999.99999552
2026-06-14 03:00:00,552.0,552.0,552.0,552.0,10.0,5520.0
2026-06-14 03:15:00,553.0,553.0,553.0,553.0,46.8,25880.4
2026-06-14 04:00:00,553.0,553.0,553.0,553.0,260.0,143780.0
2026-06-14 04:15:00,550.0,550.0,550.0,550.0,551.42081031,303281.4456705
2026-06-14 04:45:00,555.0,555.0,555.0,555.0,360.36036037,200000.00000535
2026-06-14 05:00:00,554.0,554.0,554.0,554.0,395.02490974,218843.79999596
2026-06-14 05:30:00,554.0,554.0,554.0,554.0,81.22743682,44999.99999828
2026-06-14 06:30:00,556.0,557.0,556.0,557.0,1092.813004,608035.179576
2026-06-14 06:45:00,556.0,556.0,556.0,556.0,1595.89853828,887319.58728368
2026-06-14 07:00:00,556.0,556.0,556.0,556.0,1064.82910484,592044.98229104
2026-06-14 07:30:00,556.0,556.0,556.0,556.0,1303.37304034,724675.41042904
2026-06-14 07:45:00,556.0,556.0,556.0,556.0,17.95332136,9982.04667616
2026-06-14 08:00:00,555.0,556.0,555.0,556.0,3541.13246231,1968489.56232802
2026-06-14 08:15:00,556.0,556.0,556.0,556.0,4435.26906474,2466009.59999544
2026-06-14 08:30:00,557.0,557.0,557.0,557.0,182.22262118,101497.99999726
2026-06-14 08:45:00,555.0,555.0,555.0,555.0,71.5,39682.5
2026-06-14 09:00:00,555.0,555.0,555.0,555.0,1996.65753754,1108144.9333347
2026-06-14 09:15:00,555.0,555.0,555.0,555.0,271.527,150697.485
2026-06-14 09:30:00,555.0,555.0,555.0,555.0,5055.42843251,2805762.78004305
2026-06-14 09:45:00,555.0,555.0,553.0,553.0,3680.69666293,2042413.01108335
2026-06-14 10:45:00,558.0,559.0,557.0,557.0,222.29518651,124062.30638195
2026-06-14 11:00:00,559.0,559.0,559.0,559.0,10.0,5590.0
2026-06-14 11:15:00,559.0,559.0,559.0,559.0,1247.59999999,697408.39999441
2026-06-14 11:30:00,558.0,558.0,558.0,558.0,1792.11827956,1000001.99999448
2026-06-14 11:45:00,558.0,558.0,558.0,558.0,60.54320509,33783.10844022
2026-06-14 12:00:00,558.0,558.0,558.0,558.0,18.0,10044.0
2026-06-14 12:45:00,556.0,556.0,556.0,556.0,100.0,55600.0
2026-06-14 13:00:00,556.0,556.0,556.0,556.0,2199.47458117,1222907.86713052
2026-06-14 14:15:00,555.0,555.0,555.0,555.0,17.98561151,9982.01438805
2026-06-14 14:30:00,554.0,555.0,554.0,555.0,5450.69122758,3022428.49112602
2026-06-14 14:45:00,556.0,558.0,556.0,558.0,6063.85179853,3380155.12003673
2026-06-14 15:00:00,558.0,562.0,558.0,562.0,12404.85963201,6947024.05928953
2026-06-14 15:15:00,560.0,560.0,556.0,556.0,4257.45329948,2369741.02082911
2026-06-14 15:30:00,556.0,556.0,555.0,555.0,598.3894938,332344.19819244
2026-06-14 15:45:00,554.0,554.0,554.0,554.0,9.02707581,5000.99999874
2026-06-14 16:30:00,552.0,552.0,550.0,550.0,9895.30771374,5442453.8269492
2026-06-14 16:45:00,552.0,552.0,551.0,551.0,38.88730348,21436.83589341
2026-06-14 17:15:00,555.0,559.0,554.0,557.0,679.21526655,377404.17902978
2026-06-14 18:00:00,559.0,560.0,559.0,560.0,1248.86682096,699099.99999534
2026-06-14 18:15:00,557.0,570.0,556.0,560.0,34386.13048539,19308364.88394024
2026-06-14 18:30:00,559.0,561.0,559.0,561.0,1090.80712823,611923.39858431
2026-06-14 19:15:00,561.0,561.0,561.0,561.0,2160.3975196,1211983.0084956
2026-06-14 19:45:00,560.0,560.0,560.0,560.0,22.46648511,12581.2316616
2026-06-14 20:00:00,557.0,557.0,557.0,557.0,1782.53119429,992869.87521953
2026-06-14 20:45:00,558.0,558.0,557.0,557.0,10000.0,5572103.64
2026-06-14 21:15:00,560.0,562.0,560.0,562.0,714.57295309,400194.97472684
2026-06-14 21:30:00,560.0,560.0,559.0,559.0,185.33738422,103692.88349326
2026-06-14 22:00:00,558.0,558.0,558.0,558.0,53.76344087,30000.00000546
2026-06-14 22:15:00,556.0,557.0,556.0,557.0,30.65272617,17063.99999639
2026-06-14 22:30:00,555.0,555.0,554.0,554.0,8882.6808691,4921224.76198552
2026-06-14 23:30:00,550.0,550.0,547.0,547.0,5694.7819947,3128095.80705067
2026-06-14 23:45:00,547.0,547.0,546.0,546.0,1169.70823755,639766.54897945
2026-06-15 00:00:00,546.0,546.0,546.0,546.0,531.05697463,289957.10814798
2026-06-15 02:15:00,546.0,549.0,546.0,549.0,77.0,42153.0
2026-06-15 02:30:00,547.0,547.0,546.0,546.0,31.355734,17132.101194
2026-06-15 02:45:00,545.0,545.0,544.0,544.0,1579.84025017,859810.06856954
2026-06-15 03:00:00,546.0,546.0,546.0,546.0,469.41781124,256302.12493704
2026-06-15 03:45:00,547.0,548.0,547.0,548.0,1094.89051092,599980.51468016
2026-06-15 05:30:00,549.0,549.0,549.0,549.0,37.12957,20384.13393
2026-06-15 06:00:00,550.0,550.0,550.0,550.0,230.0,126500.0
2026-06-15 06:15:00,552.0,560.0,552.0,560.0,1666.23345337,929096.05346737
2026-06-15 06:30:00,561.0,566.0,561.0,566.0,1687.90714367,953041.52087395
2026-06-15 06:45:00,566.0,566.0,566.0,566.0,89.28571428,50535.71428248
2026-06-15 07:00:00,566.0,566.0,566.0,566.0,6861.77417475,3883764.1829085
2026-06-15 07:15:00,566.0,566.0,566.0,566.0,1094.0,619204.0
2026-06-15 07:30:00,566.0,566.0,566.0,566.0,535.3884195,303029.845437
2026-06-15 07:45:00,565.0,565.0,565.0,565.0,180.50541516,101985.5595654
2026-06-15 08:00:00,563.0,565.0,563.0,565.0,1793.01039368,1009500.24987192
2026-06-15 08:15:00,565.0,565.0,564.0,565.0,38.10727831,21512.9131301
2026-06-15 08:30:00,568.0,568.0,568.0,568.0,412.1,234072.8
2026-06-15 08:45:00,568.0,569.0,567.0,569.0,2905.10425465,1650181.83671162
2026-06-15 09:00:00,569.0,570.0,569.0,570.0,285.96,162878.8506519
2026-06-15 09:15:00,568.0,569.0,564.0,564.0,3845.0468118,2170034.86527148
2026-06-15 09:30:00,563.0,563.0,563.0,563.0,2345.6,1320572.8
2026-06-15 09:45:00,563.0,563.0,563.0,563.0,442.09199365,248897.79242495
2026-06-15 10:00:00,561.0,562.0,560.0,562.0,462.8611343,260012.23919944
2026-06-15 10:30:00,567.0,567.0,567.0,567.0,10.67615658,6053.38078086
2026-06-15 11:00:00,567.0,567.0,567.0,567.0,17.6366843,9999.9999981
2026-06-15 11:15:00,567.0,567.0,567.0,567.0,3616.74759877,2050695.88850259
2026-06-15 11:30:00,564.0,564.0,564.0,564.0,736.13621628,415180.82598192
2026-06-15 11:45:00,564.0,564.0,564.0,564.0,443.26241135,250000.0000014
2026-06-15 12:00:00,564.0,566.0,564.0,566.0,300.0,169685.824
2026-06-15 12:30:00,563.0,563.0,563.0,563.0,30.55635943,17203.23035909
2026-06-15 13:00:00,564.0,564.0,564.0,564.0,100.0,56400.0
2026-06-15 13:45:00,566.0,566.0,566.0,566.0,696.78497488,394380.29578208
2026-06-15 14:00:00,562.0,562.0,562.0,562.0,279.91292958,157311.06642396
2026-06-15 14:15:00,563.0,566.0,563.0,566.0,2004.07400556,1134274.33910424
2026-06-15 14:30:00,567.0,567.0,566.0,566.0,8.86524822,5026.58208262
2026-06-15 14:45:00,567.0,567.0,566.0,566.0,82.92357644,46999.99999696
2026-06-15 15:15:00,566.0,566.0,566.0,566.0,1104.40088153,625090.89894598
2026-06-15 15:30:00,564.0,564.0,564.0,564.0,39.0625,22031.25
2026-06-15 15:45:00,565.0,565.0,564.0,564.0,3839.82300884,2169199.9999946
2026-06-15 16:00:00,564.0,564.0,564.0,564.0,3384.34175531,1908768.74999484
2026-06-15 16:45:00,562.0,562.0,562.0,562.0,711.74377225,400000.0000045
2026-06-15 17:00:00,562.0,563.0,562.0,562.0,765.0300759,429955.9358828
2026-06-15 17:15:00,561.0,562.0,561.0,562.0,1230.40002405,691475.7666311
2026-06-15 17:45:00,562.0,562.0,562.0,562.0,6828.05216608,3837365.31733696
2026-06-15 18:45:00,561.0,561.0,561.0,561.0,1248.86682096,700614.28655856
2026-06-15 19:15:00,563.0,564.0,563.0,564.0,17.74653703,9999.99999992
2026-06-15 19:30:00,564.0,564.0,564.0,564.0,8.93617021,5039.99999844
2026-06-15 19:45:00,566.0,569.0,566.0,566.0,386.04477827,218778.33825038
2026-06-15 20:00:00,569.0,569.0,569.0,569.0,879.87640626,500649.67516194
2026-06-15 20:15:00,569.0,575.0,569.0,572.0,3527.958035,2017321.47037618
2026-06-15 20:30:00,573.0,573.0,571.0,571.0,1244.9294475,710889.61853646
2026-06-15 20:45:00,571.0,573.0,571.0,573.0,1596.67957699,912272.62690573
2026-06-15 21:00:00,573.0,573.0,570.0,570.0,349.0401396,199476.4397814
2026-06-15 21:30:00,573.0,576.0,573.0,576.0,1208.69368686,693961.74952566
2026-06-15 21:45:00,574.0,577.0,574.0,577.0,1063.11434905,613363.52485642
2026-06-15 22:00:00,574.0,577.0,574.0,577.0,1064.53360224,611099.99999076
2026-06-15 22:15:00,580.0,580.0,580.0,580.0,762.53448277,442270.0000066
2026-06-15 22:45:00,579.0,580.0,576.0,576.0,45.08198809,26095.23809004
2026-06-15 23:00:00,576.0,576.0,576.0,576.0,6833.200041,3935923.223616
2026-06-16 00:00:00,573.0,573.0,573.0,573.0,17.36111112,9947.91667176
2026-06-16 00:15:00,573.0,573.0,573.0,573.0,622.76210824,356842.68802152
2026-06-16 00:30:00,573.0,573.0,573.0,573.0,226.87609075,129999.99999975
2026-06-16 00:45:00,576.0,581.0,576.0,581.0,722.1201399,417434.24173378
2026-06-16 01:15:00,578.0,579.0,578.0,579.0,234.60207612,135799.99999736
2026-06-16 01:30:00,577.0,580.0,577.0,578.0,24843.07996673,14362708.496632
2026-06-16 01:45:00,579.0,579.0,579.0,579.0,12.08981001,6999.99999579
2026-06-16 02:00:00,575.0,576.0,575.0,576.0,17.39009963,10007.99999558
2026-06-16 02:30:00,574.0,574.0,574.0,574.0,150.0,86100.0
2026-06-16 03:00:00,573.0,573.0,573.0,573.0,1755.44976038,1005872.71269774
2026-06-16 04:00:00,573.0,575.0,573.0,575.0,13221.12876495,7588722.56762883
2026-06-16 04:15:00,571.0,571.0,565.0,565.0,1282.41580732,724674.49755201
2026-06-16 05:30:00,568.0,568.0,568.0,568.0,59.85915493,34000.00000024
2026-06-16 05:45:00,568.0,568.0,568.0,568.0,1879.77129801,1067710.09726968
2026-06-16 06:00:00,566.0,566.0,566.0,566.0,629.42058303,356252.04999498
2026-06-16 06:30:00,566.0,566.0,566.0,566.0,24.11413969,13648.60306454
2026-06-16 06:45:00,569.0,569.0,569.0,569.0,318.51985939,181237.79999291
2026-06-16 07:15:00,566.0,566.0,565.0,565.0,3384.9195129,1912499.9927085
2026-06-16 07:30:00,563.0,566.0,561.0,562.0,345.9279044,195076.66745119
2026-06-16 07:45:00,561.0,561.0,560.0,560.0,6171.80318656,3457155.47124047
2026-06-16 08:15:00,562.0,562.0,562.0,562.0,246.55053701,138561.40179962
2026-06-16 08:45:00,566.0,566.0,566.0,566.0,2060.96537859,1166506.40428194
2026-06-16 09:00:00,568.0,568.0,568.0,568.0,185.75704226,105510.00000368
2026-06-16 09:15:00,570.0,570.0,568.0,568.0,403.50877193,229894.73684222
2026-06-16 09:45:00,569.0,569.0,568.0,568.0,970.32304033,551195.43990744
2026-06-16 10:00:00,567.0,568.0,566.0,566.0,13872.73374737,7865157.02476432
2026-06-16 10:15:00,567.0,568.0,566.0,568.0,34340.91713032,19439522.84776112
2026-06-16 10:30:00,567.0,567.0,567.0,567.0,218.43757965,123854.10766155
2026-06-16 10:45:00,565.0,565.0,565.0,565.0,17302.47624089,9775899.07610285
2026-06-16 11:00:00,564.0,564.0,562.0,562.0,99.69370153,56049.31171986
2026-06-16 11:15:00,562.0,562.0,557.0,557.0,1498.64001733,837646.37801302
2026-06-16 11:30:00,558.0,558.0,556.0,557.0,5683.41729363,3164022.36863444
2026-06-16 11:45:00,558.0,558.0,558.0,558.0,1795.33213644,1001795.33213352
2026-06-16 12:15:00,558.0,558.0,558.0,558.0,1807.41455673,1008537.32265534
2026-06-16 13:15:00,566.0,566.0,566.0,566.0,8.83392226,4999.99999916
2026-06-16 14:00:00,565.0,566.0,565.0,566.0,4870.24007379,2753184.17709867
2026-06-16 14:15:00,566.0,566.0,566.0,566.0,1896.58387489,1073466.47318774
2026-06-16 14:30:00,566.0,566.0,566.0,566.0,5340.68343326,3022826.82322516
2026-06-16 15:15:00,567.0,568.0,567.0,568.0,3836.61545966,2176659.91194702
2026-06-16 15:30:00,568.0,569.0,567.0,569.0,9458.40989806,5375403.29265224
2026-06-16 16:30:00,568.0,568.0,568.0,568.0,11.69934858,6645.22999344
2026-06-16 16:45:00,568.0,568.0,568.0,568.0,1774.5510301,1007944.9850968
2026-06-16 17:00:00,568.0,571.0,568.0,571.0,1458.56570595,832475.66758782
2026-06-16 17:15:00,571.0,571.0,571.0,571.0,5.064e-05,0.02891544
2026-06-16 17:30:00,574.0,574.0,574.0,574.0,17.51313485,10052.5394039
2026-06-16 17:45:00,575.0,575.0,575.0,575.0,347.82608696,200000.000002
2026-06-16 18:00:00,575.0,575.0,575.0,575.0,38.07926774,21895.5789505
2026-06-16 18:30:00,573.0,573.0,573.0,573.0,1337.42399228,766343.94757644
2026-06-16 18:45:00,574.0,574.0,574.0,574.0,1017.02874564,583774.49999736
2026-06-16 19:00:00,571.0,572.0,571.0,572.0,2907.10324974,1660156.83811902
2026-06-16 19:30:00,575.0,577.0,575.0,577.0,1912.04920447,1102342.96170493
2026-06-16 19:45:00,576.0,576.0,576.0,576.0,112.095,64566.72
2026-06-16 20:00:00,576.0,576.0,575.0,575.0,79.95169081,45999.99999352
2026-06-16 20:15:00,572.0,572.0,572.0,572.0,10.41666666,5958.33332952
2026-06-16 20:30:00,571.0,571.0,571.0,571.0,1247.21001717,712156.91980407
2026-06-16 20:45:00,571.0,571.0,571.0,571.0,8.89084507,5076.67253497
2026-06-16 21:00:00,576.0,576.0,576.0,576.0,120.543,69432.768
2026-06-16 21:15:00,576.0,579.0,576.0,579.0,182.92869153,105742.69934854
2026-06-16 21:30:00,579.0,583.0,579.0,580.0,4789.80851967,2778491.98307555
2026-06-16 21:45:00,578.0,578.0,578.0,578.0,259.51557093,149999.99999754
2026-06-16 22:00:00,577.0,577.0,570.0,570.0,1713.32247059,978912.79826579
2026-06-16 22:15:00,569.0,569.0,569.0,569.0,175.74692442,99999.99999498
2026-06-16 22:30:00,570.0,570.0,570.0,570.0,350.87719299,200000.0000043
2026-06-16 22:45:00,568.0,569.0,568.0,568.0,2079.8002438,1181896.72087402
2026-06-16 23:00:00,571.0,571.0,568.0,568.0,886.11015418,505936.22431678
2026-06-16 23:15:00,566.0,569.0,564.0,564.0,1268.33565579,716468.42560628
2026-06-16 23:30:00,561.0,565.0,559.0,565.0,4647.47872974,2614341.64662042
2026-06-17 00:45:00,565.0,565.0,565.0,565.0,10.0,5650.0
2026-06-17 01:30:00,567.0,567.0,567.0,567.0,10.61946902,6021.23893434
2026-06-17 02:45:00,573.0,573.0,571.0,573.0,2989.56018058,1712688.92480674
2026-06-17 03:00:00,573.0,576.0,573.0,576.0,2041.229275,1175229.22057005
2026-06-17 04:00:00,572.0,573.0,572.0,573.0,1013.15035621,579619.90375212
2026-06-17 04:30:00,574.0,574.0,574.0,574.0,150.0,86100.0
2026-06-17 06:00:00,577.0,577.0,577.0,577.0,348.43205575,201045.29616775
2026-06-17 06:45:00,579.0,579.0,579.0,579.0,10.0,5790.0
2026-06-17 07:00:00,580.0,584.0,580.0,584.0,2380.74650272,1386368.79248929
2026-06-17 07:15:00,581.0,585.0,581.0,584.0,10961.0752902,6402633.75247002
2026-06-17 07:30:00,584.0,585.0,583.0,583.0,48.90804503,28586.22540815
2026-06-17 07:45:00,585.0,585.0,584.0,584.0,981.22573916,573827.39777974
2026-06-17 08:00:00,586.0,587.0,585.0,587.0,812.55155024,476918.35999088
2026-06-17 08:15:00,587.0,587.0,584.0,584.0,1353.5536452,790665.68043833
2026-06-17 08:30:00,586.0,586.0,586.0,586.0,153.849,90155.514
2026-06-17 08:45:00,584.0,586.0,584.0,584.0,2209.72902785,1293500.57776882
2026-06-17 09:00:00,587.0,590.0,587.0,590.0,31917.89377456,18767527.27007943
2026-06-17 09:15:00,590.0,595.0,590.0,595.0,17430.03625771,10368230.24441457
2026-06-17 09:30:00,594.0,600.0,594.0,600.0,95763.88037819,57290018.9050007
2026-06-17 09:45:00,599.0,601.0,598.0,599.0,11543.4899216,6917462.83790075
2026-06-17 10:00:00,601.0,601.0,594.0,594.0,5363.04444441,3189460.02266322
2026-06-17 10:15:00,594.0,594.0,588.0,593.0,34367.82955584,20338593.80853044
2026-06-17 10:30:00,591.0,591.0,590.0,590.0,6179.70942313,3647707.23196873
2026-06-17 10:45:00,590.0,590.0,590.0,590.0,2.38827226,1409.0806334
2026-06-17 11:00:00,595.0,595.0,595.0,595.0,48.95199459,29126.43678105
2026-06-17 11:15:00,595.0,595.0,595.0,595.0,409.60324169,243713.92880555
2026-06-17 11:45:00,594.0,595.0,594.0,595.0,346.23546389,206000.00000445
2026-06-17 12:00:00,596.0,601.0,595.0,601.0,6566.57194571,3917589.83591156
2026-06-17 12:15:00,601.0,601.0,598.0,598.0,3211.13873939,1924821.83547194
2026-06-17 12:45:00,595.0,596.0,595.0,596.0,2532.27238349,1508319.62141291
2026-06-17 13:00:00,596.0,596.0,596.0,596.0,6253.15117653,3726878.10121188
2026-06-17 13:15:00,597.0,598.0,593.0,593.0,30487.05988866,18210559.34798387
2026-06-17 13:30:00,595.0,597.0,595.0,597.0,1178.10091155,701325.68237225
2026-06-17 13:45:00,597.0,597.0,597.0,597.0,0.00691146,4.12614162
2026-06-17 14:15:00,595.0,596.0,595.0,596.0,944.0425757,561726.0845415
2026-06-17 14:30:00,598.0,599.0,598.0,599.0,19027.33095477,11380641.57095246
2026-06-17 15:00:00,599.0,600.0,598.0,600.0,2462.21103508,1475031.0288401
2026-06-17 15:15:00,601.0,603.0,601.0,603.0,7491.70388167,4516917.05593049
2026-06-17 15:30:00,599.0,600.0,599.0,600.0,4125.10447719,2471250.08183681
2026-06-17 15:45:00,604.0,605.0,604.0,605.0,6430.22148854,3886070.28807816
2026-06-17 16:00:00,605.0,608.0,605.0,608.0,14066.77980973,8538246.45392247
2026-06-17 16:15:00,605.0,605.0,602.0,602.0,6853.23875325,4141563.68707615
2026-06-17 16:30:00,600.0,601.0,597.0,601.0,31150.26441376,18624785.28754077
2026-06-17 16:45:00,599.0,599.0,591.0,594.0,11148.09572018,6652275.85300942
2026-06-17 17:00:00,594.0,594.0,590.0,590.0,4577.93611373,2702759.44918639
2026-06-17 17:15:00,589.0,589.0,589.0,589.0,5747.00359552,3384985.11776128
2026-06-17 17:30:00,589.0,590.0,586.0,589.0,23219.27324068,13634050.80685541
2026-06-17 17:45:00,587.0,587.0,585.0,586.0,14901.11203726,8732371.25164809
2026-06-17 18:00:00,586.0,586.0,585.0,585.0,235.05363216,137677.02327776
2026-06-17 18:15:00,585.0,585.0,584.0,585.0,3584.56358457,2096632.99663675
2026-06-17 18:30:00,586.0,589.0,586.0,589.0,3269.49811403,1916435.23268234
2026-06-17 18:45:00,589.0,589.0,589.0,589.0,602.60701567,354935.53222963
2026-06-17 19:30:00,598.0,598.0,595.0,596.0,220.08530698,131084.67571328
2026-06-17 19:45:00,594.0,594.0,593.0,593.0,1817.77411525,1077965.88536008
2026-06-17 20:00:00,591.0,591.0,586.0,591.0,767.9129741,453246.32945704
2026-06-17 20:15:00,588.0,588.0,588.0,588.0,272.316,160121.808
2026-06-17 20:30:00,590.0,591.0,590.0,591.0,4135.51804539,2443735.23262211
2026-06-17 20:45:00,591.0,594.0,591.0,592.0,1757.3304787,1040322.50210088
2026-06-17 21:00:00,591.0,594.0,591.0,593.0,5003.11458701,2963167.52358804
2026-06-17 21:15:00,591.0,591.0,591.0,591.0,0.01740514,10.28643774
2026-06-17 21:45:00,593.0,596.0,593.0,596.0,1105.54413183,656279.53030825
2026-06-17 22:00:00,597.0,597.0,596.0,596.0,10388.71503845,6191704.36425848
2026-06-17 22:15:00,593.0,593.0,593.0,593.0,337.26812816,199999.99999888
2026-06-17 22:30:00,592.0,592.0,592.0,592.0,168.91891891,99999.99999472
2026-06-17 22:45:00,595.0,595.0,595.0,595.0,168.06722689,99999.99999955
2026-06-17 23:00:00,594.0,599.0,593.0,599.0,1886.96314753,1120960.66611122
2026-06-17 23:15:00,599.0,599.0,598.0,598.0,5177.55585123,3096328.72903554
2026-06-17 23:30:00,597.0,597.0,597.0,597.0,2020.0,1205940.0
2026-06-17 23:45:00,593.0,593.0,589.0,593.0,641.51304866,378894.68103463
2026-06-18 00:00:00,593.0,593.0,591.0,591.0,415.97089649,245872.52663839
2026-06-18 00:15:00,597.0,597.0,595.0,595.0,131.8760469,78549.9999993
2026-06-18 00:30:00,598.0,598.0,598.0,598.0,50.0,29900.0
2026-06-18 00:45:00,598.0,600.0,598.0,598.0,1117.57538361,668474.28638255
2026-06-18 01:00:00,599.0,599.0,599.0,599.0,399.97891821,239587.37200779
2026-06-18 01:30:00,599.0,599.0,599.0,599.0,323.62282965,193850.07496035
2026-06-18 01:45:00,596.0,596.0,596.0,596.0,16.69449081,9949.91652276
2026-06-18 02:00:00,595.0,595.0,591.0,591.0,1720.82476117,1018718.97334723
2026-06-18 02:45:00,590.0,595.0,590.0,595.0,735.41233094,434856.91916892
2026-06-18 03:00:00,590.0,590.0,580.0,588.0,8518.80902292,4948769.0004909
2026-06-18 03:30:00,586.0,591.0,586.0,591.0,7410.43008082,4350089.16045682
2026-06-18 04:00:00,590.0,590.0,590.0,590.0,322.58064517,190322.5806503
2026-06-18 04:15:00,584.0,584.0,581.0,581.0,86.995174,50612.55217439
2026-06-18 04:30:00,584.0,586.0,578.0,579.0,1677.35812958,973304.36524556
2026-06-18 04:45:00,582.0,582.0,581.0,581.0,282.27435151,164142.48499706
2026-06-18 05:00:00,581.0,585.0,581.0,585.0,319.42249513,185844.90043973
2026-06-18 05:15:00,583.0,583.0,583.0,583.0,165.1076923,96257.7846109
2026-06-18 05:45:00,583.0,588.0,583.0,588.0,17847.24599776,10493895.92282408
2026-06-18 06:00:00,588.0,588.0,587.0,587.0,454.08163264,266778.91155695
2026-06-18 06:30:00,585.0,586.0,584.0,584.0,10780.66758047,6296687.71059773
2026-06-18 06:45:00,583.0,583.0,581.0,581.0,3543.84726618,2062553.74518507
2026-06-18 07:00:00,582.0,582.0,575.0,578.0,795.39223345,462540.45003536
2026-06-18 07:15:00,580.0,580.0,580.0,580.0,537.57640972,311794.3176376
2026-06-18 08:00:00,582.0,582.0,582.0,582.0,8.5927835,5000.999997
2026-06-18 08:15:00,583.0,583.0,583.0,583.0,280.50846023,163536.43231409
2026-06-18 08:30:00,581.0,581.0,581.0,581.0,1260.0,732060.0
2026-06-18 09:00:00,584.0,586.0,583.0,586.0,7017.69225764,4105832.20913039
2026-06-18 09:30:00,584.0,585.0,582.0,582.0,7488.98428256,4365303.25174559
2026-06-18 09:45:00,581.0,581.0,581.0,581.0,33.4,19405.4
2026-06-18 10:00:00,581.0,581.0,581.0,581.0,1560.85016301,906853.94470881
2026-06-18 10:30:00,582.0,582.0,581.0,581.0,3004.2174706,1745761.2716361
2026-06-18 10:45:00,580.0,580.0,577.0,577.0,81.39156865,47126.34970542
2026-06-18 11:15:00,580.0,580.0,580.0,580.0,647.2859172,375425.831976
2026-06-18 11:45:00,580.0,580.0,580.0,580.0,18.86792453,10943.3962274
2026-06-18 12:00:00,580.0,580.0,580.0,580.0,12278.12473073,7121312.3438234
2026-06-18 12:15:00,580.0,580.0,578.0,578.0,45.08011362,26090.78843098
2026-06-18 12:30:00,576.0,576.0,572.0,573.0,61198.99849142,35022368.02132622
2026-06-18 12:45:00,573.0,573.0,573.0,573.0,5070.53508472,2905416.60354456
2026-06-18 13:00:00,572.0,572.0,565.0,568.0,36000.41049318,20390546.20141839
2026-06-18 13:15:00,566.0,567.0,566.0,566.0,648.42717296,367115.60000118
2026-06-18 13:30:00,566.0,566.0,565.0,565.0,10358.51369617,5854692.28273392
2026-06-18 13:45:00,565.0,567.0,563.0,566.0,7966.17584368,4495049.89015884
2026-06-18 14:00:00,564.0,564.0,564.0,564.0,1060.10835768,597901.11373152
2026-06-18 14:15:00,564.0,564.0,564.0,564.0,91.68008064,51707.56548096
2026-06-18 14:30:00,566.0,566.0,566.0,566.0,382.62673136,216566.72994976
2026-06-18 15:00:00,568.0,568.0,568.0,568.0,990.15184859,562406.24999912
2026-06-18 15:30:00,567.0,567.0,567.0,567.0,161.33668341,91477.89949347
2026-06-18 15:45:00,570.0,570.0,570.0,570.0,1214.36147158,692186.0388006
2026-06-18 16:00:00,568.0,568.0,568.0,568.0,61.402,34876.336
2026-06-18 16:15:00,568.0,570.0,568.0,570.0,2894.2705879,1644626.6994152
2026-06-18 16:45:00,572.0,572.0,571.0,571.0,3762.14660893,2151540.26398572
2026-06-18 17:00:00,570.0,570.0,570.0,570.0,138.63594518,79022.4887526
2026-06-18 17:15:00,571.0,571.0,571.0,571.0,43.66,24929.86
2026-06-18 17:45:00,572.0,572.0,570.0,570.0,1151.81334617,658281.85906514
2026-06-18 18:15:00,568.0,568.0,565.0,565.0,168.48112045,95629.91366691
2026-06-18 18:30:00,566.0,568.0,566.0,566.0,1026.32952751,581027.53933122
2026-06-18 18:45:00,567.0,567.0,567.0,567.0,1136.35791552,644314.93809984
2026-06-18 19:00:00,566.0,566.0,563.0,563.0,535.19144735,301593.63105555
2026-06-18 19:15:00,563.0,564.0,563.0,564.0,1132.62520153,638482.99999886
2026-06-18 19:30:00,560.0,563.0,560.0,561.0,634.48574587,356040.51565282
2026-06-18 19:45:00,560.0,563.0,560.0,563.0,265.48924486,149114.31617841
2026-06-18 20:00:00,561.0,561.0,561.0,561.0,1689.18918918,947635.13512998
2026-06-18 20:15:00,561.0,561.0,560.0,560.0,262.14491328,147006.85999294
2026-06-18 20:30:00,561.0,561.0,561.0,561.0,53.88090268,30227.18640348
2026-06-18 20:45:00,558.0,558.0,558.0,558.0,262.56934152,146513.69256816
2026-06-18 21:00:00,558.0,558.0,557.0,557.0,12278.12473073,6838925.87247061
2026-06-18 21:15:00,560.0,561.0,560.0,560.0,1121.50160107,628961.3965992
2026-06-18 21:30:00,561.0,561.0,561.0,561.0,1781.63992869,999499.99999509
2026-06-18 21:45:00,561.0,561.0,560.0,560.0,256.88938151,144076.94302711
2026-06-18 22:00:00,560.0,560.0,560.0,560.0,465.52887791,260696.1716296
2026-06-18 22:15:00,561.0,561.0,559.0,559.0,61.78739778,34565.9410733
2026-06-18 22:30:00,559.0,559.0,554.0,554.0,3889.50914866,2163310.50758804
2026-06-18 22:45:00,557.0,557.0,557.0,557.0,1037.12276189,577677.37837273
2026-06-18 23:00:00,553.0,553.0,553.0,553.0,533.44040512,294992.54403136
2026-06-18 23:15:00,555.0,556.0,555.0,556.0,391.44166368,217585.2073908
2026-06-18 23:30:00,556.0,556.0,555.0,555.0,887.27453131,492673.39025817
2026-06-18 23:45:00,554.0,554.0,553.0,553.0,19.87689,11001.79706
2026-06-19 00:00:00,553.0,553.0,551.0,551.0,2346.35270294,1297019.07203097
2026-06-19 00:15:00,551.0,551.0,547.0,547.0,1441.62371461,790362.56266993
2026-06-19 00:30:00,546.0,546.0,540.0,540.0,1447.81072397,783781.64806111
2026-06-19 00:45:00,538.0,538.0,535.0,536.0,9026.81498808,4850680.72597716
2026-06-19 01:00:00,538.0,538.0,538.0,538.0,3505.0,1885690.0
2026-06-19 01:15:00,539.0,539.0,537.0,539.0,422.71039374,227431.21879942
2026-06-19 01:30:00,539.0,542.0,539.0,542.0,7672.57698559,4144773.18648862
2026-06-19 01:45:00,541.0,544.0,540.0,544.0,1037.20926688,561006.63067818
2026-06-19 02:00:00,539.0,539.0,537.0,538.0,9522.52435724,5123213.61001969
2026-06-19 02:15:00,539.0,541.0,537.0,541.0,13516.16270639,7288598.95151366
2026-06-19 02:30:00,541.0,541.0,541.0,541.0,47.84114411,25882.05896351
2026-06-19 03:15:00,545.0,545.0,545.0,545.0,2169.882,1182585.69
2026-06-19 04:45:00,550.0,550.0,550.0,550.0,18.18181818,9999.999999
2026-06-19 05:00:00,550.0,552.0,550.0,552.0,191.91818181,105575.1999955
2026-06-19 05:15:00,552.0,552.0,552.0,552.0,162.62060173,89766.57215496
2026-06-19 06:15:00,550.0,550.0,550.0,550.0,235.0,129250.0
2026-06-19 06:30:00,552.0,552.0,551.0,551.0,731.91396292,403303.07785727
2026-06-19 07:00:00,554.0,554.0,554.0,554.0,144.0,79776.0
2026-06-19 07:15:00,551.0,551.0,551.0,551.0,1537.11768903,846951.84665553
2026-06-19 07:30:00,553.0,553.0,552.0,552.0,3607.89989363,1991578.8244664
2026-06-19 07:45:00,553.0,553.0,551.0,552.0,4486.05205055,2476322.68992161
2026-06-19 08:30:00,555.0,557.0,555.0,557.0,429.06710226,238884.79507566
2026-06-19 08:45:00,557.0,558.0,557.0,558.0,1287.10842355,717292.16095754
2026-06-19 09:00:00,558.0,558.0,558.0,558.0,875.55781315,488561.2597377
2026-06-19 09:15:00,558.0,559.0,558.0,559.0,1535.6596366,857220.0772228
2026-06-19 09:30:00,557.0,557.0,557.0,557.0,95.448,53164.536
2026-06-19 09:45:00,557.0,560.0,557.0,560.0,4555.35500618,2548309.07522795
2026-06-19 10:00:00,560.0,561.0,560.0,561.0,460.80768767,258494.62611815
2026-06-19 10:30:00,559.0,559.0,559.0,559.0,967.06311973,540588.28392907
2026-06-19 10:45:00,562.0,565.0,562.0,565.0,3668.29298135,2061704.38223444
2026-06-19 12:15:00,557.0,557.0,552.0,553.0,9376.25848053,5205570.95080858
2026-06-19 12:45:00,553.0,555.0,553.0,555.0,291.44332898,161458.16092594
2026-06-19 13:00:00,552.0,558.0,550.0,557.0,2886.99903613,1602682.82665807
2026-06-19 13:15:00,556.0,556.0,555.0,555.0,943.2679517,524393.23024915
2026-06-19 13:45:00,549.0,549.0,549.0,549.0,472.58979206,259451.79584094
2026-06-19 14:15:00,549.0,549.0,546.0,547.0,640.89858548,350813.61404862
2026-06-19 14:30:00,549.0,549.0,547.0,547.0,845.04415011,463333.15011017
2026-06-19 14:45:00,549.0,549.0,549.0,549.0,1024.98272687,562715.51705163
2026-06-19 15:00:00,549.0,549.0,549.0,549.0,863.26,473929.74
2026-06-19 15:15:00,549.0,549.0,549.0,549.0,0.00909534,4.99334166
2026-06-19 15:30:00,548.0,548.0,544.0,546.0,1340.97116361,732112.46158002
2026-06-19 16:00:00,546.0,546.0,545.0,545.0,1161.70427168,633311.97824875
2026-06-19 16:15:00,545.0,546.0,545.0,546.0,4319.10798165,2355756.37999925
2026-06-19 16:30:00,545.0,545.0,543.0,543.0,2019.02444794,1100000.00000208
2026-06-19 16:45:00,540.0,547.0,540.0,547.0,213.1406105,115550.2386279
2026-06-19 17:00:00,548.0,548.0,548.0,548.0,18.24817518,9999.99999864
2026-06-19 17:30:00,544.0,544.0,544.0,544.0,1064.91046182,579311.29123008
2026-06-19 17:45:00,544.0,544.0,544.0,544.0,462.77229032,251748.12593408
2026-06-19 18:00:00,539.0,543.0,539.0,542.0,19480.80814139,10552328.94017177
2026-06-19 18:15:00,542.0,542.0,542.0,542.0,1856.09879561,1006005.54722062
2026-06-19 18:30:00,542.0,542.0,542.0,542.0,68.369,37055.998
2026-06-19 18:45:00,542.0,542.0,542.0,542.0,0.2572035,139.404297
2026-06-19 19:30:00,542.0,544.0,542.0,544.0,14020.44369695,7599224.2717469
2026-06-19 20:00:00,544.0,544.0,544.0,544.0,608.3186694,330925.3561536
2026-06-19 20:15:00,544.0,544.0,544.0,544.0,142.41594865,77474.2760656
2026-06-19 20:30:00,545.0,545.0,545.0,545.0,479.26715586,261200.5999437
2026-06-19 21:00:00,545.0,545.0,544.0,544.0,6862.14016675,3739265.6865991
2026-06-19 21:15:00,544.0,544.0,541.0,541.0,391.6150876,212496.2350044
2026-06-19 21:30:00,544.0,544.0,544.0,544.0,899.73248778,489454.47335232
2026-06-19 21:45:00,544.0,549.0,544.0,549.0,284.16930892,154910.52663898
2026-06-19 22:00:00,551.0,551.0,551.0,551.0,631.86932849,348159.99999799
2026-06-19 22:15:00,548.0,549.0,547.0,549.0,26602.98489262,14578599.35095344
2026-06-19 22:45:00,553.0,554.0,553.0,554.0,295.19480941,163306.53826798
2026-06-19 23:00:00,553.0,553.0,553.0,553.0,10.15926275,5618.07230075
2026-06-20 00:00:00,553.0,554.0,553.0,554.0,73.8102173,40826.3758669
2026-06-20 00:45:00,555.0,555.0,555.0,555.0,9.3257,5175.7635
2026-06-20 01:00:00,555.0,555.0,555.0,555.0,289.079,160438.845
2026-06-20 01:15:00,558.0,561.0,558.0,561.0,1465.30572116,820120.20893528
2026-06-20 01:30:00,561.0,563.0,561.0,562.0,1034.0513143,581190.4304629
2026-06-20 01:45:00,561.0,561.0,561.0,561.0,939.35755455,526979.58810255
2026-06-20 02:00:00,563.0,563.0,563.0,563.0,180.29396345,101505.50142235
2026-06-20 02:15:00,565.0,571.0,565.0,571.0,1589.62771756,903489.8715018
2026-06-20 02:30:00,572.0,580.0,572.0,580.0,5926.92207126,3431960.15005993
2026-06-20 02:45:00,580.0,581.0,577.0,581.0,3253.36150592,1884892.4792336
2026-06-20 03:00:00,579.0,581.0,578.0,581.0,8050.50832493,4657371.16579988
2026-06-20 03:15:00,582.0,589.0,582.0,589.0,16006.41409187,9369102.1832871
2026-06-20 03:30:00,589.0,589.0,576.0,577.0,18966.32733753,11041398.24890175
2026-06-20 03:45:00,579.0,579.0,577.0,577.0,3551.24536934,2052619.82347852
2026-06-20 04:00:00,582.0,582.0,572.0,573.0,19244.22609035,11165931.3912852
2026-06-20 04:15:00,570.0,570.0,570.0,570.0,2436.26969418,1388673.7256826
2026-06-20 04:30:00,570.0,570.0,570.0,570.0,948.00559981,540363.1918917
2026-06-20 04:45:00,571.0,571.0,569.0,569.0,3361.57695899,1916880.44792908
2026-06-20 05:00:00,571.0,571.0,571.0,571.0,17.51313485,9999.99999935
2026-06-20 05:30:00,570.0,570.0,569.0,569.0,2596.01248655,1479717.3117435
2026-06-20 06:15:00,570.0,570.0,570.0,570.0,1754.38596491,999999.9999987
2026-06-20 06:30:00,570.0,570.0,570.0,570.0,13.15789473,7499.9999961
2026-06-20 06:45:00,568.0,571.0,568.0,569.0,17995.31916706,10236625.15683477
2026-06-20 07:00:00,571.0,571.0,569.0,569.0,18.9,10771.9
2026-06-20 07:15:00,572.0,575.0,572.0,575.0,3293.65643915,1884002.7875416
2026-06-20 07:30:00,574.0,574.0,572.0,572.0,104.24006967,59813.79999058
2026-06-20 08:15:00,578.0,588.0,576.0,588.0,2948.58144849,1711891.87756156
2026-06-20 08:30:00,588.0,593.0,587.0,591.0,1561.86963858,920033.91035586
2026-06-20 08:45:00,592.0,592.0,590.0,590.0,11136.95955087,6574066.41851995
2026-06-20 09:00:00,592.0,597.0,587.0,587.0,25660.22051102,15200994.72210573
2026-06-20 09:15:00,587.0,593.0,587.0,593.0,10133.27722272,5951876.89650075
2026-06-20 09:30:00,591.0,617.0,591.0,614.0,188981.09530131,115370564.75066805
2026-06-20 09:45:00,613.0,614.0,595.0,601.0,198966.68918892,120251860.60596935
2026-06-20 10:00:00,601.0,604.0,595.0,604.0,70446.66975554,42115713.7206543
2026-06-20 10:15:00,605.0,607.0,599.0,599.0,16630.23913961,10025728.47716141
2026-06-20 10:30:00,599.0,602.0,592.0,592.0,16782.78561976,10010364.31635478
2026-06-20 10:45:00,594.0,602.0,594.0,602.0,6017.5916845,3590826.98764837
2026-06-20 11:00:00,596.0,598.0,596.0,596.0,5491.38243648,3278160.9926571
2026-06-20 11:15:00,596.0,602.0,596.0,601.0,12780.41652392,7673353.89160044
2026-06-20 11:30:00,600.0,600.0,594.0,594.0,5776.59780624,3461539.95292332
2026-06-20 11:45:00,596.0,600.0,596.0,596.0,10990.73564084,6555296.63853035
2026-06-20 12:00:00,591.0,595.0,588.0,595.0,10570.39272365,6224865.33416379
2026-06-20 12:15:00,595.0,595.0,595.0,595.0,1985.91512605,1181619.49999975
2026-06-20 12:30:00,592.0,592.0,590.0,590.0,5873.85652574,3470920.3501866
2026-06-20 12:45:00,589.0,589.0,582.0,583.0,12633.85158078,7388231.31309349
2026-06-20 13:00:00,583.0,583.0,579.0,579.0,14585.12490109,8458192.28844201
2026-06-20 13:15:00,579.0,580.0,579.0,580.0,4505.41504443,2609093.31973044
2026-06-20 13:30:00,579.0,582.0,579.0,582.0,3406.5134872,1978371.3090888
2026-06-20 13:45:00,585.0,585.0,585.0,585.0,9215.95932906,5391336.2075001
2026-06-20 14:00:00,593.0,598.0,593.0,597.0,4565.88792964,2725535.63587092
2026-06-20 14:15:00,595.0,597.0,595.0,597.0,4282.61756962,2549832.49579994
2026-06-20 14:30:00,595.0,595.0,593.0,593.0,1674.23706115,992997.79821321
2026-06-20 14:45:00,593.0,595.0,593.0,593.0,691.09071431,410056.21703119
2026-06-20 15:00:00,591.0,591.0,591.0,591.0,9.53499561,5635.18240551
2026-06-20 15:15:00,591.0,591.0,589.0,591.0,1328.69212607,784841.09994755
2026-06-20 15:30:00,589.0,590.0,589.0,590.0,668.6571912,393863.00575379
2026-06-20 15:45:00,590.0,595.0,590.0,595.0,1692.6088467,1006683.51786328
2026-06-20 16:00:00,595.0,595.0,595.0,595.0,5345.7403394,3180715.501943
2026-06-20 16:15:00,595.0,595.0,591.0,591.0,4718.46302049,2790066.25883175
2026-06-20 16:30:00,589.0,595.0,589.0,595.0,5088.26815663,3008899.08410197
2026-06-20 16:45:00,594.0,594.0,592.0,592.0,548.30672269,324812.49327786
2026-06-20 17:00:00,593.0,600.0,593.0,600.0,7533.69329371,4506534.36816192
2026-06-20 17:15:00,601.0,605.0,599.0,599.0,8403.79875448,5065496.49718784
2026-06-20 17:30:00,595.0,601.0,595.0,601.0,2252.78381168,1340759.88874826
2026-06-20 17:45:00,600.0,600.0,594.0,595.0,945.6532512,566475.52192332
2026-06-20 18:00:00,601.0,601.0,601.0,601.0,253.27027033,152215.43246833
2026-06-20 18:15:00,601.0,609.0,601.0,605.0,3517.27272911,2136962.88275332
2026-06-20 18:30:00,605.0,607.0,602.0,602.0,20576.32675153,12454315.40565049
2026-06-20 18:45:00,599.0,599.0,597.0,599.0,5289.58257358,3160777.0971892
2026-06-20 19:00:00,596.0,598.0,596.0,598.0,1030.15075376,615007.15074848
2026-06-20 19:15:00,593.0,599.0,593.0,599.0,58.78182021,35031.28101945
2026-06-20 19:30:00,597.0,598.0,597.0,598.0,549.30008455,328023.27566927
2026-06-20 19:45:00,602.0,608.0,602.0,608.0,7338.39022569,4446086.85072836
2026-06-20 20:00:00,607.0,608.0,604.0,608.0,2008.24578477,1217117.19653191
2026-06-20 20:15:00,602.0,605.0,602.0,602.0,1101.38354348,663208.05846421
2026-06-20 20:30:00,601.0,605.0,601.0,605.0,5116.17516023,3074865.99643399
2026-06-20 20:45:00,602.0,602.0,594.0,594.0,7392.74203113,4416269.9415401
2026-06-20 21:00:00,594.0,595.0,591.0,594.0,5477.40482699,3248674.38995113
2026-06-20 21:15:00,596.0,596.0,596.0,596.0,10190.33077337,6073437.14092852
2026-06-20 21:30:00,592.0,593.0,590.0,593.0,5930.60110814,3505528.34716609
2026-06-20 21:45:00,592.0,592.0,591.0,591.0,650.66944056,385133.05423582
2026-06-20 22:00:00,591.0,592.0,591.0,591.0,5141.85144245,3038854.47275822
2026-06-20 22:15:00,595.0,595.0,589.0,589.0,455.66420256,269438.21185546
2026-06-20 22:30:00,588.0,588.0,587.0,588.0,32859.74430105,19295615.92273906
2026-06-20 22:45:00,587.0,588.0,587.0,588.0,211.00851166,123870.49974578
2026-06-20 23:00:00,586.0,586.0,580.0,580.0,3125.81099261,1816644.27651639
2026-06-20 23:15:00,582.0,582.0,581.0,581.0,1759.95807851,1022938.871793
2026-06-20 23:30:00,583.0,583.0,583.0,583.0,870.93928573,507757.60358059
2026-06-20 23:45:00,590.0,591.0,589.0,589.0,2413.28214239,1425351.09841789
2026-06-21 00:00:00,589.0,589.0,588.0,588.0,256.96454383,151097.27511787
2026-06-21 00:15:00,593.0,594.0,593.0,594.0,2462.44615916,1460365.57238188
2026-06-21 00:30:00,593.0,593.0,593.0,593.0,884.293918,524386.293374
2026-06-21 01:00:00,593.0,593.0,591.0,591.0,2448.06321871,1447035.51372989
2026-06-21 01:15:00,590.0,590.0,590.0,590.0,1732.38465513,1022106.9465267
2026-06-21 01:45:00,591.0,591.0,591.0,591.0,68.0,40188.0
2026-06-21 02:00:00,591.0,593.0,591.0,593.0,11632.6960961,6895347.31217588
2026-06-21 02:15:00,593.0,595.0,593.0,595.0,8296.99705257,4929829.90269625
2026-06-21 02:30:00,598.0,599.0,598.0,599.0,666.46128026,399199.99999574
2026-06-21 02:45:00,596.0,598.0,596.0,598.0,2890.24703331,1722703.72683602
2026-06-21 03:00:00,599.0,602.0,599.0,599.0,14072.2043645,8440807.8084855
2026-06-21 03:30:00,597.0,597.0,597.0,597.0,82.47533356,49237.77413532
2026-06-21 03:45:00,597.0,598.0,596.0,598.0,212.1370067,126615.84475808
2026-06-21 04:00:00,602.0,610.0,602.0,609.0,8300.7288341,5039644.68142999
2026-06-21 04:15:00,604.0,605.0,604.0,604.0,3110.58946768,1880668.72197168
2026-06-21 04:30:00,600.0,600.0,600.0,600.0,2439.35105709,1463610.634254
2026-06-21 05:00:00,601.0,611.0,601.0,611.0,26568.2161577,16138383.83656014
2026-06-21 05:15:00,611.0,614.0,611.0,614.0,857.25904867,524894.71625858
2026-06-21 05:30:00,612.0,613.0,608.0,609.0,1269.02566036,774360.84241491
2026-06-21 05:45:00,612.0,612.0,612.0,612.0,81.6993464,49999.9999968
2026-06-21 06:00:00,612.0,616.0,612.0,615.0,13900.70406469,8550385.40137779
2026-06-21 06:15:00,617.0,617.0,614.0,614.0,2155.82878413,1329825.47447721
2026-06-21 06:30:00,611.0,615.0,611.0,615.0,753.01864102,460289.51161442
2026-06-21 06:45:00,611.0,612.0,611.0,612.0,4263.83478279,2609367.67599178
2026-06-21 07:00:00,614.0,614.0,610.0,610.0,4047.30492262,2468986.1900284
2026-06-21 07:15:00,610.0,610.0,609.0,609.0,16.41018333,10002.00000863
2026-06-21 07:30:00,608.0,608.0,605.0,608.0,4927.44293991,2995846.93410999
2026-06-21 07:45:00,608.0,608.0,606.0,606.0,5173.14419643,3141517.09376016
2026-06-21 08:00:00,606.0,606.0,605.0,605.0,2801.66659124,1696419.32452345
2026-06-21 08:15:00,610.0,610.0,610.0,610.0,8.19672131,4999.9999991
2026-06-21 08:30:00,610.0,610.0,610.0,610.0,163.93442622,99999.9999942
2026-06-21 08:45:00,609.0,609.0,609.0,609.0,54.734,33333.006
2026-06-21 09:00:00,608.0,608.0,604.0,605.0,1369.69761124,828545.47742133
2026-06-21 09:15:00,607.0,610.0,607.0,610.0,605.95715732,369291.40432925
2026-06-21 09:30:00,607.0,608.0,604.0,608.0,1194.72312807,723141.92873685
2026-06-21 09:45:00,608.0,610.0,608.0,610.0,125.5428792,76346.46399622
2026-06-21 10:15:00,608.0,611.0,608.0,611.0,2235.37683331,1364114.13389286
2026-06-21 10:30:00,609.0,611.0,609.0,611.0,828.79106456,504750.12492914
2026-06-21 10:45:00,610.0,612.0,610.0,612.0,853.79637576,521790.58292241
2026-06-21 11:00:00,612.0,614.0,612.0,614.0,70.05492156,42974.11399472
2026-06-21 11:15:00,612.0,615.0,611.0,614.0,1100.58014709,675598.33361127
2026-06-21 11:30:00,612.0,616.0,612.0,616.0,582.17924726,357913.46620335
2026-06-21 11:45:00,616.0,627.0,616.0,625.0,91457.07201234,56924423.17417389
2026-06-21 12:00:00,627.0,627.0,620.0,620.0,4226.74734818,2641918.20905429
2026-06-21 12:15:00,620.0,620.0,619.0,619.0,6611.41934647,4094409.92516196
2026-06-21 12:30:00,620.0,620.0,614.0,615.0,10132.66028751,6246388.73073765
2026-06-21 12:45:00,617.0,621.0,617.0,621.0,233.03059582,144424.00000422
2026-06-21 13:00:00,619.0,619.0,615.0,615.0,5309.96178577,3266159.8245813
2026-06-21 13:15:00,621.0,621.0,621.0,621.0,2343.57933019,1455362.76404799
2026-06-21 13:30:00,621.0,622.0,620.0,620.0,2126.68050034,1319695.45311269
2026-06-21 13:45:00,620.0,620.0,617.0,617.0,549.77451188,340518.47434546
2026-06-21 14:00:00,618.0,622.0,618.0,621.0,986.0466695,612184.04637903
2026-06-21 14:15:00,620.0,620.0,618.0,618.0,3377.66231189,2090027.7975833
2026-06-21 14:30:00,621.0,630.0,621.0,628.0,34773.83668896,21815207.20746909
2026-06-21 14:45:00,628.0,636.0,628.0,628.0,41535.04761151,26263909.19825694
2026-06-21 15:00:00,632.0,632.0,624.0,627.0,19425.18493097,12193044.14471036
2026-06-21 15:15:00,625.0,625.0,619.0,620.0,25949.96627011,16093474.48948833
2026-06-21 15:30:00,621.0,621.0,618.0,618.0,376.4905883,232734.9999945
2026-06-21 15:45:00,618.0,618.0,615.0,615.0,982.31035095,605935.10867191
2026-06-21 16:00:00,615.0,619.0,614.0,614.0,25317.60490867,15587011.2836965
2026-06-21 16:15:00,613.0,614.0,611.0,614.0,6164.76748277,3779455.36458789
2026-06-21 16:30:00,612.0,612.0,608.0,608.0,2637.70615755,1610310.6339044
2026-06-21 16:45:00,608.0,608.0,606.0,606.0,5249.42000128,3181237.09277568
2026-06-21 17:00:00,608.0,610.0,607.0,609.0,8007.4979195,4871681.34529594
2026-06-21 17:15:00,608.0,608.0,606.0,606.0,698.72149794,424113.10967581
2026-06-21 17:30:00,606.0,606.0,605.0,605.0,15124.55158505,9150353.7227141
2026-06-21 17:45:00,606.0,607.0,606.0,607.0,4599.57648071,2787376.29623941
2026-06-21 18:00:00,609.0,609.0,606.0,607.0,3068.92258448,1861174.39076664
2026-06-21 18:15:00,613.0,613.0,612.0,612.0,4510.4298003,2760391.19439045
2026-06-21 18:30:00,610.0,611.0,610.0,611.0,1047.97453458,639272.65103651
2026-06-21 18:45:00,609.0,612.0,609.0,610.0,2742.44180777,1678023.08529193
2026-06-21 19:00:00,613.0,616.0,612.0,612.0,10367.58788198,6352843.89260029
2026-06-21 19:15:00,613.0,615.0,611.0,615.0,5173.13975114,3162590.20257748
2026-06-21 19:30:00,614.0,614.0,612.0,614.0,9301.12685577,5699554.60891235
2026-06-21 19:45:00,615.0,620.0,615.0,620.0,21355.72245724,13229918.1530949
2026-06-21 20:30:00,612.0,615.0,609.0,609.0,23806.06270376,14563313.62053972
2026-06-21 20:45:00,610.0,611.0,609.0,609.0,2796.28959831,1705442.98249734
2026-06-21 21:00:00,609.0,612.0,609.0,609.0,8288.05731718,5054788.54301475
2026-06-21 21:15:00,609.0,609.0,606.0,608.0,10058.76700666,6123860.17293692
2026-06-21 21:30:00,608.0,608.0,608.0,608.0,16.47446457,10016.47445856
2026-06-21 21:45:00,607.0,611.0,607.0,611.0,51.39514611,31255.44672155
2026-06-21 22:00:00,611.0,612.0,611.0,612.0,1160.11432093,708846.18995751
2026-06-21 22:15:00,612.0,613.0,610.0,613.0,164.91143027,100986.50205333
2026-06-21 22:30:00,612.0,612.0,612.0,612.0,14.87841078,9105.58739736
2026-06-21 22:45:00,610.0,610.0,610.0,610.0,30.0,18300.0
2026-06-21 23:00:00,607.0,608.0,607.0,607.0,672.37513464,408139.99116579
2026-06-21 23:15:00,607.0,607.0,607.0,607.0,2363.57092391,1434687.55081337
2026-06-21 23:30:00,608.0,608.0,607.0,607.0,90.0,54717.55674713
2026-06-21 23:45:00,609.0,611.0,609.0,611.0,139.24302135,85061.00000215
2026-06-22 00:00:00,613.0,613.0,613.0,613.0,8.74114329,5358.32083677
2026-06-22 00:15:00,613.0,615.0,613.0,614.0,26003.69311057,15940381.85019111
2026-06-22 00:30:00,615.0,615.0,615.0,615.0,138.10372771,84933.79254165
2026-06-22 01:00:00,611.0,611.0,607.0,607.0,3263.17987594,1983543.93348548
2026-06-22 01:15:00,607.0,607.0,607.0,607.0,143.12320846,86875.78753522
2026-06-22 01:30:00,607.0,608.0,606.0,606.0,7354.83197951,4462534.09804678
2026-06-22 01:45:00,607.0,607.0,607.0,607.0,296.0,179672.0
2026-06-22 02:00:00,606.0,607.0,606.0,607.0,2205.64974764,1337651.67939703
2026-06-22 02:15:00,605.0,605.0,605.0,605.0,151.59730799,91716.37133395
2026-06-22 02:30:00,605.0,605.0,605.0,605.0,8838.2547779,5347144.1406295
2026-06-22 03:30:00,604.0,607.0,604.0,607.0,1158.13319397,699690.02016336
2026-06-22 05:00:00,604.0,604.0,604.0,604.0,62.41,37695.64
2026-06-22 05:30:00,604.0,604.0,604.0,604.0,9.35357517,5649.55940268
2026-06-22 05:45:00,604.0,604.0,601.0,601.0,19.07947314,11490.14697224
2026-06-22 06:00:00,600.0,600.0,600.0,600.0,8.335,5001.0
2026-06-22 06:15:00,595.0,595.0,594.0,594.0,1941.97094364,1153539.14556417
2026-06-22 06:30:00,601.0,603.0,601.0,603.0,24.55250187,14772.96904675
2026-06-22 06:45:00,603.0,603.0,603.0,603.0,11.14635157,6721.24999671
2026-06-22 07:00:00,599.0,599.0,598.0,598.0,1300.15022792,778772.47338923
2026-06-22 07:15:00,600.0,600.0,600.0,600.0,16.66666667,10000.000002
2026-06-22 07:45:00,599.0,599.0,598.0,598.0,435.20170959,260677.46116815
2026-06-22 08:00:00,598.0,598.0,594.0,594.0,8412.12846263,5023729.37650024
2026-06-22 08:15:00,594.0,595.0,594.0,595.0,17.36320933,10322.31777059
2026-06-22 08:30:00,594.0,594.0,590.0,591.0,1228.03084932,725528.07203584
2026-06-22 08:45:00,590.0,591.0,589.0,590.0,4337.1244912,2558852.6652937
2026-06-22 09:00:00,590.0,593.0,588.0,593.0,4041.7939407,2384795.47611334
2026-06-22 09:15:00,592.0,595.0,590.0,595.0,11127.6620715,6574365.43233173
2026-06-22 09:30:00,593.0,598.0,592.0,598.0,2323.26885673,1381282.48976422
2026-06-22 09:45:00,596.0,598.0,596.0,598.0,16.75046575,10000.05611048
2026-06-22 10:00:00,599.0,599.0,596.0,598.0,1252.05863468,748502.55756496
2026-06-22 10:15:00,600.0,607.0,600.0,606.0,4503.09736172,2728124.08010321
2026-06-22 10:30:00,607.0,607.0,606.0,607.0,24.72528966,15000.01359133
2026-06-22 11:00:00,605.0,605.0,605.0,605.0,375.01744995,226885.55721975
2026-06-22 11:15:00,606.0,607.0,606.0,607.0,16.50169509,10008.29168734
2026-06-22 11:30:00,608.0,608.0,606.0,606.0,19407.89004723,11761214.24985463
2026-06-22 11:45:00,604.0,604.0,602.0,602.0,3911.02202822,2361864.13754903
2026-06-22 12:00:00,602.0,603.0,602.0,603.0,1168.6585945,704326.11503355
2026-06-22 12:30:00,606.0,606.0,606.0,606.0,8.29187396,5024.87561976
2026-06-22 12:45:00,601.0,604.0,601.0,604.0,2347.97029033,1411155.47561413
2026-06-22 13:00:00,603.0,608.0,601.0,608.0,971.48773844,590516.58689459
2026-06-22 13:30:00,601.0,601.0,601.0,601.0,9.70873786,5834.95145386
2026-06-22 14:00:00,604.0,604.0,604.0,604.0,8.2644628,4991.7355312
2026-06-22 14:15:00,603.0,603.0,601.0,601.0,2290.65432681,1379999.99999821
2026-06-22 14:30:00,602.0,604.0,602.0,602.0,92.58918385,55870.6886777
2026-06-22 14:45:00,602.0,602.0,602.0,602.0,83.0,49966.0
2026-06-22 15:00:00,602.0,602.0,602.0,602.0,1353.85139656,815018.54072912
2026-06-22 15:15:00,601.0,603.0,600.0,603.0,7446.78112351,4481776.90276784
2026-06-22 15:30:00,604.0,605.0,604.0,605.0,16.52910625,9991.87204896
2026-06-22 16:00:00,605.0,605.0,604.0,604.0,1157.57210881,700000.00000223
2026-06-22 16:15:00,606.0,607.0,602.0,606.0,65.58696236,39616.10720091
2026-06-22 17:00:00,602.0,602.0,599.0,599.0,268.05260153,160678.99945439
2026-06-22 17:15:00,603.0,604.0,603.0,604.0,66.55629137,40166.83249163
2026-06-22 17:45:00,601.0,604.0,601.0,604.0,3710.1288798,2230194.06525532
2026-06-22 18:30:00,600.0,600.0,600.0,600.0,1685.74771419,1011448.628514
2026-06-22 18:45:00,600.0,600.0,600.0,600.0,2153.642873,1292185.7238
2026-06-22 19:00:00,602.0,602.0,602.0,602.0,8.3472454,5025.0417308
2026-06-22 19:15:00,601.0,601.0,601.0,601.0,6714.26343138,4035272.32225938
2026-06-22 19:30:00,604.0,604.0,604.0,604.0,8.27814569,4999.99999676
2026-06-22 19:45:00,604.0,605.0,604.0,605.0,16.52892561,9991.63906689
2026-06-22 20:00:00,605.0,605.0,605.0,605.0,1363.20765237,824740.62968385
2026-06-22 20:15:00,606.0,606.0,603.0,603.0,108.2644628,65308.2644568
2026-06-22 20:30:00,606.0,609.0,604.0,607.0,5203.5141602,3151500.08732745
2026-06-22 21:00:00,608.0,608.0,606.0,606.0,3023.46177174,1838244.98786044
2026-06-22 21:15:00,608.0,608.0,607.0,607.0,18.09485936,10991.78981214
2026-06-22 21:30:00,607.0,607.0,607.0,607.0,164.74464579,99999.99999453
2026-06-22 21:45:00,607.0,607.0,607.0,607.0,16.47446457,9999.99999399
2026-06-22 22:00:00,603.0,603.0,603.0,603.0,1313.7360753,792182.8534059
2026-06-22 22:15:00,603.0,604.0,602.0,602.0,5340.68886465,3217134.15583568
2026-06-22 22:30:00,605.0,605.0,604.0,605.0,26.57386165,16067.25252342
2026-06-22 22:45:00,605.0,608.0,605.0,606.0,1805.31715221,1092617.7378575
2026-06-22 23:00:00,608.0,608.0,603.0,606.0,1667.28458954,1010381.04020861
2026-06-22 23:15:00,606.0,606.0,602.0,602.0,2013.05218439,1211897.01896314
2026-06-22 23:30:00,602.0,602.0,599.0,601.0,7271.28230977,4369389.33844325
2026-06-23 00:00:00,599.0,599.0,599.0,599.0,260.71772127,156169.91504073
2026-06-23 00:30:00,601.0,604.0,601.0,603.0,60.2412841,36263.93025239
2026-06-23 00:45:00,599.0,601.0,599.0,601.0,1665.45103914,997624.18789552
2026-06-23 01:30:00,598.0,598.0,598.0,598.0,40.46822742,24199.99999716
2026-06-23 01:45:00,598.0,599.0,598.0,598.0,2122.89152488,1269496.64439909
2026-06-23 02:15:00,599.0,599.0,599.0,599.0,2180.0,1305820.0
2026-06-23 02:45:00,599.0,599.0,599.0,599.0,18.08198979,10831.11188421
2026-06-23 03:00:00,600.0,600.0,600.0,600.0,27.22285197,16333.711182
2026-06-23 03:45:00,598.0,598.0,598.0,598.0,17.878,10691.044
2026-06-23 04:00:00,595.0,595.0,592.0,595.0,960.24897395,568533.44299856
2026-06-23 04:45:00,593.0,593.0,593.0,593.0,540.0,320220.0
2026-06-23 05:00:00,595.0,595.0,595.0,595.0,8.57142857,5099.99999915
2026-06-23 05:30:00,595.0,595.0,595.0,595.0,168.06722689,99999.99999955
2026-06-23 05:45:00,594.0,594.0,594.0,594.0,10.17508417,6043.99999698
2026-06-23 06:00:00,593.0,593.0,590.0,590.0,3241.17344937,1920653.46860323
2026-06-23 06:15:00,594.0,594.0,594.0,594.0,17.17171716,10199.99999304
2026-06-23 06:30:00,593.0,593.0,593.0,593.0,168.35016835,99831.64983155
2026-06-23 07:15:00,590.0,590.0,589.0,589.0,1829.91525423,1079514.9999957
2026-06-23 07:30:00,589.0,590.0,585.0,587.0,16097.86031092,9448982.91943538
2026-06-23 08:00:00,588.0,590.0,588.0,590.0,44.60835351,26247.49999946
2026-06-23 08:15:00,587.0,590.0,587.0,590.0,3731.30839732,2190836.00875361
2026-06-23 08:30:00,591.0,591.0,591.0,591.0,8.46023688,4999.99999608
2026-06-23 08:45:00,590.0,592.0,590.0,592.0,23506.28873413,13877281.74469074
2026-06-23 09:00:00,593.0,593.0,590.0,590.0,124.19320053,73400.06707018
2026-06-23 09:15:00,592.0,595.0,590.0,593.0,28810.48803532,17099273.60648375
2026-06-23 09:30:00,592.0,595.0,592.0,595.0,5377.94179648,3187610.8324936
2026-06-23 09:45:00,595.0,596.0,595.0,596.0,6486.90902556,3859792.42126648
2026-06-23 10:00:00,598.0,598.0,595.0,598.0,567.25177751,338095.68883979
2026-06-23 10:15:00,597.0,598.0,597.0,598.0,1671.70606795,998017.49999089
2026-06-23 10:30:00,599.0,599.0,595.0,595.0,3390.99102017,2028989.18169857
2026-06-23 10:45:00,594.0,594.0,591.0,591.0,1664.36250572,983663.49845625
2026-06-23 11:00:00,593.0,593.0,592.0,592.0,694.73603424,411915.35230432
2026-06-23 11:15:00,592.0,592.0,592.0,592.0,2000.0,1184000.0
2026-06-23 11:30:00,593.0,596.0,593.0,596.0,52.60652593,31238.44588317
2026-06-23 11:45:00,597.0,597.0,597.0,597.0,1461.21775544,872346.99999768
2026-06-23 12:00:00,597.0,598.0,597.0,598.0,75.97544538,45366.31633724
2026-06-23 12:15:00,593.0,594.0,590.0,590.0,48380.28846358,28611290.89788662
2026-06-23 12:30:00,592.0,592.0,589.0,591.0,3209.94618628,1893079.26713956
2026-06-23 12:45:00,590.0,591.0,590.0,591.0,526.0,310560.0
2026-06-23 13:30:00,588.0,588.0,588.0,588.0,18.579,10924.452
2026-06-23 13:45:00,587.0,587.0,587.0,587.0,95.7,56175.9
2026-06-23 14:00:00,585.0,585.0,585.0,585.0,228.54871794,133700.9999949
2026-06-23 14:15:00,585.0,585.0,582.0,583.0,4379.96022297,2552853.50847058
2026-06-23 14:30:00,583.0,583.0,583.0,583.0,171.15265866,99781.99999878
2026-06-23 14:45:00,583.0,583.0,582.0,582.0,1540.36388874,897729.75364719
2026-06-23 15:00:00,582.0,582.0,580.0,581.0,719.6115138,418186.23968107
2026-06-23 15:15:00,576.0,576.0,569.0,571.0,14703.61135694,8399772.52697155
2026-06-23 15:30:00,571.0,575.0,571.0,572.0,3994.08907745,2284712.84439803
2026-06-23 15:45:00,575.0,575.0,574.0,574.0,479.7416684,275515.64757122
2026-06-23 16:00:00,576.0,578.0,576.0,578.0,160.89500066,92997.31038016
2026-06-23 16:15:00,579.0,581.0,579.0,581.0,72.0964563,41842.12608112
2026-06-23 16:45:00,579.0,579.0,579.0,579.0,614.58825397,355846.59904863
2026-06-23 17:15:00,576.0,576.0,565.0,568.0,7698.58228871,4385803.82125603
2026-06-23 17:30:00,576.0,577.0,574.0,577.0,10918.69816101,6275897.15814592
2026-06-23 18:00:00,575.0,575.0,575.0,575.0,82.20973276,47270.596337
2026-06-23 18:15:00,578.0,582.0,578.0,582.0,173.39614777,100633.70939709
2026-06-23 18:30:00,580.0,584.0,580.0,584.0,155.49520868,90242.11154031
2026-06-23 18:45:00,584.0,588.0,583.0,588.0,190.29793595,111197.51747656
2026-06-23 19:00:00,591.0,591.0,585.0,585.0,575.65074287,339833.68796303
2026-06-23 19:15:00,586.0,586.0,586.0,586.0,1792.93029261,1050657.15146946
2026-06-23 19:30:00,583.0,583.0,583.0,583.0,22.29845626,12999.99999958
2026-06-23 19:45:00,579.0,579.0,577.0,579.0,7368.94059498,4256708.80030036
2026-06-23 20:00:00,579.0,579.0,579.0,579.0,151.796881,87890.394099
2026-06-23 20:15:00,581.0,581.0,580.0,580.0,612.38113784,355778.6213612
2026-06-23 20:30:00,580.0,580.0,580.0,580.0,1481.82179537,859456.6413146
2026-06-23 20:45:00,582.0,587.0,582.0,587.0,238.83968971,139138.71540655
2026-06-23 21:30:00,579.0,579.0,579.0,579.0,59.884,34672.836
2026-06-23 21:45:00,579.0,579.0,579.0,579.0,4327.28829188,2505499.92099852
2026-06-23 22:00:00,579.0,579.0,579.0,579.0,13.9880829,8099.0999991
2026-06-23 22:15:00,577.0,577.0,577.0,577.0,5511.47091265,3180118.71659905
2026-06-23 22:30:00,577.0,584.0,576.0,584.0,2240.50778354,1305955.61614985
2026-06-23 22:45:00,585.0,589.0,585.0,589.0,322.07937273,188706.55165485
2026-06-23 23:00:00,589.0,589.0,585.0,588.0,524.58385609,308655.07607057
2026-06-23 23:15:00,588.0,589.0,585.0,587.0,463.31596214,271760.81934078
2026-06-23 23:30:00,588.0,591.0,588.0,591.0,2697.81755069,1594382.80858872
2026-06-23 23:45:00,586.0,586.0,585.0,585.0,2726.25540734,1597175.41229098
2026-06-24 00:00:00,585.0,585.0,579.0,579.0,2550.15667461,1486730.39955859
2026-06-24 00:15:00,580.0,580.0,580.0,580.0,955.53178064,554208.4327712
2026-06-24 00:30:00,580.0,580.0,580.0,580.0,34.48275862,19999.9999996
2026-06-24 00:45:00,580.0,580.0,580.0,580.0,20.68965517,11999.9999986
2026-06-24 01:00:00,583.0,587.0,583.0,587.0,568.37787533,331553.08717767
2026-06-24 01:45:00,582.0,582.0,582.0,582.0,1675.00785689,974854.57270998
2026-06-24 02:00:00,578.0,578.0,578.0,578.0,101.32554289,58566.16379042
2026-06-24 02:30:00,581.0,581.0,581.0,581.0,35.0,20335.0
2026-06-24 04:00:00,579.0,579.0,579.0,579.0,129.0,74691.0
2026-06-24 06:30:00,580.0,580.0,580.0,580.0,1603.81747207,930214.1338006
2026-06-24 07:15:00,583.0,583.0,582.0,582.0,45.0,26200.0
2026-06-24 07:30:00,582.0,582.0,580.0,580.0,51.247,29759.152
2026-06-24 07:45:00,580.0,580.0,580.0,580.0,34.66368711,20104.9385238
2026-06-24 08:00:00,580.0,580.0,579.0,579.0,3027.02940492,1752662.90141674
2026-06-24 08:15:00,578.0,578.0,578.0,578.0,190.31141869,110000.00000282
2026-06-24 08:30:00,578.0,578.0,578.0,578.0,369.96251979,213838.33643862
2026-06-24 08:45:00,579.0,579.0,579.0,579.0,844.59459459,489020.27026761
2026-06-24 09:00:00,580.0,580.0,580.0,580.0,212.20251942,123077.4612636
2026-06-24 09:15:00,578.0,578.0,578.0,578.0,1287.82867011,744364.97132358
2026-06-24 09:30:00,580.0,580.0,577.0,577.0,55.19811704,31888.20722267
2026-06-24 09:45:00,578.0,579.0,578.0,579.0,3453.34051692,1997789.24404245
2026-06-24 10:00:00,579.0,579.0,579.0,579.0,1035.75155427,599700.14992233
2026-06-24 10:30:00,579.0,579.0,579.0,579.0,1221.08828313,707010.11593227
2026-06-24 11:00:00,578.0,578.0,578.0,578.0,1000.0,578000.0
2026-06-24 11:15:00,578.0,578.0,578.0,578.0,72.6487967,41991.0044926
2026-06-24 11:30:00,577.0,577.0,577.0,577.0,11.13626,6425.62202
2026-06-24 12:00:00,573.0,573.0,573.0,573.0,6452.06444719,3697032.92823987
2026-06-24 12:30:00,573.0,575.0,573.0,575.0,3137.25165708,1797993.98211552
2026-06-24 13:15:00,572.0,580.0,569.0,575.0,36258.65641011,20829355.87773409
2026-06-24 13:45:00,579.0,581.0,579.0,581.0,2415.36406795,1400892.52724426
2026-06-24 14:00:00,581.0,583.0,580.0,580.0,1300.72501517,755750.71584393
2026-06-24 14:15:00,581.0,581.0,581.0,581.0,9.24010327,5368.49999987
2026-06-24 14:30:00,581.0,582.0,580.0,580.0,840.24895478,487801.78736791
2026-06-24 15:00:00,584.0,589.0,584.0,587.0,3858.77028992,2268034.44184038
2026-06-24 15:15:00,588.0,591.0,588.0,589.0,65.2829595,38433.706897
2026-06-24 15:30:00,591.0,602.0,591.0,601.0,79595.05679467,47687501.62896511
2026-06-24 15:45:00,601.0,603.0,597.0,603.0,74286.20469746,44565485.77250553
2026-06-24 16:00:00,603.0,603.0,598.0,598.0,4854.93746695,2910850.2574021
2026-06-24 16:15:00,596.0,601.0,596.0,601.0,16394.56657974,9788057.89812149
2026-06-24 16:30:00,602.0,609.0,602.0,607.0,63302.31365736,38399192.23758499
2026-06-24 16:45:00,607.0,611.0,600.0,608.0,95870.9808117,58211050.08227236
2026-06-24 17:00:00,605.0,610.0,600.0,607.0,32276.32646994,19521867.89376038
2026-06-24 17:15:00,607.0,608.0,607.0,608.0,10503.51618846,6380044.27884297
2026-06-24 17:30:00,607.0,610.0,606.0,606.0,11364.01153553,6894980.71847959
2026-06-24 17:45:00,606.0,619.0,606.0,611.0,54596.23195737,33452816.56297514
2026-06-24 18:00:00,612.0,614.0,611.0,614.0,21080.61080179,12908432.92777772
2026-06-24 18:15:00,615.0,615.0,608.0,611.0,30928.68255812,18856564.3907299
2026-06-24 18:30:00,609.0,611.0,606.0,609.0,9937.04396203,6041644.99164165
2026-06-24 18:45:00,611.0,612.0,609.0,609.0,13294.96283705,8128165.85522465
2026-06-24 19:00:00,611.0,611.0,608.0,610.0,10504.7103637,6406048.01029905
2026-06-24 19:15:00,611.0,613.0,611.0,613.0,1704.93207093,1043655.26590682
2026-06-24 19:30:00,613.0,619.0,613.0,618.0,8731.15270011,5387608.28435026
2026-06-24 19:45:00,617.0,617.0,613.0,614.0,7571.65381084,4658178.68097644
2026-06-24 20:00:00,617.0,634.0,617.0,623.0,483290.34272726,303444730.7830015
2026-06-24 20:15:00,623.0,623.0,616.0,621.0,168134.80502884,104235019.6409364
2026-06-24 20:30:00,621.0,623.0,617.0,621.0,71726.24683926,44369542.45128419
2026-06-24 20:45:00,621.0,621.0,617.0,617.0,74169.82386287,45912702.82274151
2026-06-24 21:00:00,619.0,633.0,618.0,632.0,102392.8259614,64381971.46852966
2026-06-24 21:15:00,632.0,633.0,624.0,626.0,234355.39248069,147355743.7191925
2026-06-24 21:30:00,626.0,628.0,613.0,613.0,157328.62581011,97263348.53357771
2026-06-24 21:45:00,613.0,616.0,606.0,608.0,96997.70815599,59222208.43592226
2026-06-24 22:00:00,608.0,609.0,602.0,605.0,42733.90695407,25889103.71124888
2026-06-24 22:15:00,605.0,612.0,605.0,606.0,37375.16587529,22706941.21145979
2026-06-24 22:30:00,605.0,609.0,601.0,606.0,19387.63643087,11738853.0288699
2026-06-24 22:45:00,606.0,612.0,606.0,611.0,8838.2448122,5382791.56664316
2026-06-24 23:00:00,609.0,613.0,606.0,611.0,30459.05838141,18562254.41403775
2026-06-24 23:15:00,613.0,615.0,609.0,613.0,46855.15377025,28742703.58688974
2026-06-24 23:30:00,611.0,614.0,611.0,613.0,6876.60967538,4215036.39100422
2026-06-24 23:45:00,611.0,611.0,610.0,611.0,2451.13468634,1497177.21694569
2026-06-25 00:00:00,613.0,614.0,605.0,605.0,28553.37026079,17379385.93068668
2026-06-25 00:15:00,605.0,608.0,605.0,606.0,2642.37388179,1602266.58425164
2026-06-25 00:30:00,605.0,622.0,605.0,613.0,71153.67186085,43887941.70092851
2026-06-25 00:45:00,611.0,611.0,604.0,608.0,13444.83665866,8148387.02498114
2026-06-25 01:00:00,607.0,609.0,606.0,606.0,9778.73137102,5942844.76450357
2026-06-25 01:15:00,607.0,610.0,607.0,608.0,3750.69273387,2279859.72059042
2026-06-25 01:30:00,609.0,614.0,609.0,614.0,4355.980279,2661194.5278665
2026-06-25 01:45:00,609.0,609.0,589.0,602.0,51278.3821331,30608283.86024801
2026-06-25 02:00:00,600.0,605.0,600.0,605.0,10683.90494983,6439733.88947954
2026-06-25 02:15:00,599.0,599.0,595.0,599.0,968.91974654,579922.9533515
2026-06-25 02:30:00,602.0,603.0,601.0,603.0,1126.96179401,678490.99999402
2026-06-25 02:45:00,599.0,599.0,595.0,599.0,1680.903218,1006500.1507962
2026-06-25 03:00:00,598.0,601.0,598.0,601.0,1067.0062125,641202.94322214
2026-06-25 03:15:00,601.0,609.0,601.0,606.0,3251.68615884,1970273.34413432
2026-06-25 03:30:00,607.0,610.0,604.0,610.0,637.43528522,387775.89198153
2026-06-25 03:45:00,609.0,609.0,609.0,609.0,83.24572462,50696.64629358
2026-06-25 04:00:00,607.0,607.0,607.0,607.0,19.70443349,11960.59112843
2026-06-25 04:15:00,603.0,603.0,603.0,603.0,32.94892916,19868.20428348
2026-06-25 04:30:00,606.0,606.0,606.0,606.0,99.06483034,60033.28718604
2026-06-25 04:45:00,609.0,611.0,608.0,608.0,16794.46863962,10221126.61471818
2026-06-25 05:00:00,610.0,622.0,610.0,622.0,20038.15951632,12410305.89289957
2026-06-25 05:15:00,619.0,620.0,616.0,616.0,29336.09104866,18123925.13930025
2026-06-25 05:30:00,618.0,620.0,618.0,619.0,8428.14730931,5211386.37033942
2026-06-25 05:45:00,619.0,622.0,619.0,621.0,2615.77215506,1622936.65167687
2026-06-25 06:00:00,621.0,625.0,619.0,622.0,35358.02996352,21980028.84963721
2026-06-25 06:15:00,625.0,627.0,625.0,626.0,3866.83464102,2424305.43005865
2026-06-25 06:30:00,627.0,627.0,625.0,625.0,3951.60654579,2475692.21654454
2026-06-25 06:45:00,626.0,626.0,623.0,623.0,4887.75911272,3045601.08377406
2026-06-25 07:00:00,621.0,628.0,621.0,623.0,8911.2181551,5579538.94746941
2026-06-25 07:15:00,625.0,625.0,624.0,624.0,147.43950945,92101.61648318
2026-06-25 07:30:00,624.0,624.0,620.0,620.0,7937.80361317,4935346.32204824
2026-06-25 07:45:00,622.0,624.0,621.0,621.0,3431.44664248,2136334.1651396
2026-06-25 08:00:00,621.0,621.0,620.0,621.0,3721.93346145,2309607.21518393
2026-06-25 08:15:00,619.0,619.0,618.0,618.0,14497.40802998,8968687.26918594
2026-06-25 08:30:00,619.0,620.0,617.0,617.0,16876.06067578,10422610.57825543
2026-06-25 08:45:00,617.0,619.0,615.0,619.0,10093.06765277,6212732.09905285
2026-06-25 09:00:00,619.0,620.0,616.0,619.0,22510.81708772,13896484.90097821
2026-06-25 09:15:00,617.0,619.0,614.0,614.0,7302.70830399,4493528.51709276
2026-06-25 09:30:00,614.0,614.0,612.0,612.0,1708.89703711,1048610.14644698
2026-06-25 09:45:00,615.0,615.0,611.0,611.0,7773.01736144,4749438.51993996
2026-06-25 10:00:00,610.0,612.0,610.0,610.0,4085.35648513,2495438.12399829
2026-06-25 10:15:00,611.0,611.0,609.0,609.0,9792.82140222,5973725.97338697
2026-06-25 10:30:00,613.0,613.0,613.0,613.0,382.5153,234481.8789
2026-06-25 10:45:00,614.0,618.0,614.0,614.0,2667.49360651,1640373.28305994
2026-06-25 11:00:00,614.0,614.0,614.0,614.0,3182.6048078,1954119.3519892
2026-06-25 11:15:00,616.0,619.0,616.0,619.0,203.26750775,125447.86393393
2026-06-25 11:30:00,615.0,615.0,615.0,615.0,397.31857952,244350.9264048
2026-06-25 12:00:00,614.0,614.0,613.0,614.0,1478.47351524,907120.55148707
2026-06-25 12:15:00,614.0,624.0,614.0,623.0,10378.68070412,6450260.91491744
2026-06-25 12:30:00,625.0,625.0,623.0,623.0,354.6109169,221122.3232287
2026-06-25 12:45:00,626.0,631.0,626.0,631.0,26920.75530008,16926704.5365966
2026-06-25 13:00:00,630.0,630.0,626.0,627.0,18805.74225217,11810602.25382853
2026-06-25 13:15:00,630.0,630.0,630.0,630.0,4847.33451422,3053820.7439586
2026-06-25 13:30:00,629.0,636.0,629.0,635.0,12562.51467673,7967459.00936637
2026-06-25 13:45:00,635.0,635.0,631.0,631.0,10448.15806945,6612537.09975756
2026-06-25 14:00:00,631.0,632.0,631.0,632.0,10288.77740156,6494158.54038436
2026-06-25 14:15:00,630.0,630.0,630.0,630.0,5664.73015872,3568779.9999936
2026-06-25 14:30:00,629.0,629.0,628.0,628.0,4265.31325175,2681979.20995393
2026-06-25 14:45:00,631.0,634.0,630.0,634.0,1358.6158152,857008.08070869
2026-06-25 15:00:00,634.0,635.0,632.0,634.0,6478.3422612,4102284.49634615
2026-06-25 15:15:00,632.0,634.0,632.0,634.0,7009.75286216,4434753.83727628
2026-06-25 15:30:00,633.0,633.0,633.0,633.0,3073.12560148,1945288.50573684
2026-06-25 15:45:00,631.0,631.0,631.0,631.0,13712.5280816,8652605.2194896
2026-06-25 16:00:00,631.0,631.0,630.0,630.0,291.47250179,183688.75747587
2026-06-25 16:15:00,629.0,630.0,627.0,627.0,9893.02270228,6228933.09954991
2026-06-25 16:30:00,630.0,639.0,630.0,639.0,7263.67583584,4621240.09726364
2026-06-25 16:45:00,638.0,641.0,637.0,641.0,9152.94517959,5846305.13976681
2026-06-25 17:00:00,639.0,641.0,637.0,637.0,539.34590125,344506.72559286
2026-06-25 17:15:00,635.0,635.0,633.0,633.0,18703.26787002,11850175.84172266
2026-06-25 17:30:00,632.0,632.0,630.0,630.0,65.0,40981.629746
2026-06-25 17:45:00,630.0,630.0,627.0,629.0,5369.76955741,3373183.66248444
2026-06-25 18:00:00,628.0,629.0,627.0,629.0,3817.41621487,2396819.40928512
2026-06-25 18:15:00,629.0,630.0,627.0,628.0,62094.12856414,39024486.07801781
2026-06-25 18:30:00,628.0,628.0,628.0,628.0,5158.0997233,3239286.6262324
2026-06-25 18:45:00,628.0,628.0,628.0,628.0,1776.55183596,1115674.55298288
2026-06-25 19:00:00,628.0,628.0,627.0,627.0,939.44748881,589948.19330937
2026-06-25 19:15:00,626.0,626.0,625.0,625.0,6622.93159729,4145619.18790354
2026-06-25 19:30:00,624.0,624.0,623.0,623.0,3514.91888439,2192989.38385936
2026-06-25 19:45:00,623.0,624.0,623.0,624.0,10238.63108739,6383265.86141768
2026-06-25 20:00:00,624.0,624.0,623.0,623.0,4769.6358384,2975204.56110571
2026-06-25 20:15:00,625.0,625.0,623.0,625.0,9623.05526421,6004705.65097551
2026-06-25 20:30:00,623.0,623.0,621.0,623.0,22655.51207851,14107103.70885052
2026-06-25 20:45:00,625.0,625.0,624.0,625.0,10345.41615763,6462318.87951992
2026-06-25 21:00:00,625.0,625.0,625.0,625.0,565.08062944,353175.3934
2026-06-25 21:15:00,621.0,621.0,621.0,621.0,424.58870067,263669.58311607
2026-06-25 21:30:00,621.0,625.0,621.0,622.0,1357.02090952,846771.09010967
2026-06-25 21:45:00,622.0,622.0,617.0,618.0,18186.83033565,11283980.06312272
2026-06-25 22:00:00,615.0,617.0,615.0,616.0,1269.52376924,781017.92527492
2026-06-25 22:15:00,616.0,618.0,614.0,614.0,6328.39404641,3895280.05639448
2026-06-25 22:30:00,616.0,617.0,605.0,605.0,14506.74669229,8855674.51358016
2026-06-25 22:45:00,604.0,604.0,583.0,583.0,37043.37457588,22072343.98463778
2026-06-25 23:00:00,588.0,598.0,588.0,596.0,28135.11196766,16652843.49068373
2026-06-25 23:15:00,594.0,598.0,592.0,597.0,14035.43320083,8390071.55679909
2026-06-25 23:30:00,604.0,605.0,599.0,599.0,8175.93633743,4939015.56669345
2026-06-25 23:45:00,599.0,604.0,599.0,601.0,668.31748377,401548.90054664
2026-06-26 00:00:00,600.0,600.0,595.0,595.0,38540.14824943,23046042.13712448
2026-06-26 00:15:00,596.0,598.0,594.0,598.0,2196.61546571,1309289.81243154
2026-06-26 00:30:00,600.0,600.0,597.0,597.0,696.84828401,416043.43055397
2026-06-26 00:45:00,601.0,601.0,601.0,601.0,276.93413163,166437.41310963
2026-06-26 01:00:00,603.0,604.0,601.0,604.0,3877.57758906,2330947.16915345
2026-06-26 01:15:00,600.0,600.0,600.0,600.0,9.95024875,5970.14925
2026-06-26 01:30:00,598.0,598.0,598.0,598.0,50.15886205,29994.9995059
2026-06-26 02:00:00,594.0,594.0,593.0,593.0,3574.99525624,2120316.15328028
2026-06-26 02:15:00,598.0,598.0,598.0,598.0,3179.65023847,1901430.84260506
2026-06-26 03:00:00,599.0,599.0,599.0,599.0,30269.37246817,18131354.10843383
2026-06-26 03:15:00,599.0,602.0,599.0,602.0,549.47839476,329628.78125076
2026-06-26 03:30:00,599.0,599.0,597.0,597.0,53734.08870861,32186685.63561987
2026-06-26 03:45:00,595.0,595.0,595.0,595.0,372.41808562,221588.7609439
2026-06-26 04:00:00,594.0,594.0,591.0,591.0,665.85931818,393700.57742404
2026-06-26 04:15:00,592.0,592.0,590.0,590.0,675.67567566,399324.32431506
2026-06-26 04:30:00,590.0,593.0,590.0,593.0,2363.68308232,1400463.57293687
2026-06-26 05:00:00,595.0,596.0,595.0,596.0,7423.49509007,4424380.23175272
2026-06-26 05:45:00,593.0,593.0,593.0,593.0,23.317926,13827.530118
2026-06-26 06:00:00,592.0,592.0,592.0,592.0,14509.64879472,8589712.08647424
2026-06-26 06:30:00,597.0,597.0,597.0,597.0,1026.91702724,613069.46526228
2026-06-26 07:00:00,598.0,598.0,596.0,596.0,120.395445,71799.45211
2026-06-26 07:15:00,595.0,595.0,595.0,595.0,9.24096315,5498.37307425
2026-06-26 07:30:00,594.0,595.0,594.0,595.0,5391.54203039,3202600.33509796
2026-06-26 07:45:00,596.0,596.0,596.0,596.0,33.48112,19954.74752
2026-06-26 08:00:00,596.0,596.0,595.0,595.0,2701.81051728,1607745.3250085
2026-06-26 08:15:00,598.0,598.0,595.0,598.0,39.16840781,23363.02587038
2026-06-26 08:30:00,598.0,598.0,596.0,596.0,5970.72686378,3562094.58644637
2026-06-26 08:45:00,595.0,595.0,594.0,594.0,2299.00927136,1365622.70328484
2026-06-26 09:00:00,596.0,596.0,595.0,595.0,8081.46408609,4810837.03421163
2026-06-26 09:15:00,595.0,595.0,595.0,595.0,147.31894519,87654.77238805
2026-06-26 09:30:00,594.0,597.0,594.0,597.0,1957.69855097,1163592.70058271
2026-06-26 09:45:00,597.0,597.0,594.0,594.0,6767.08490287,4025611.19695457
2026-06-26 10:00:00,593.0,593.0,592.0,592.0,2089.52622789,1237208.99486228
2026-06-26 10:15:00,591.0,591.0,589.0,589.0,6989.10571066,4129629.8054018
2026-06-26 10:30:00,589.0,589.0,589.0,589.0,11668.41119718,6872694.19513902
2026-06-26 10:45:00,589.0,590.0,589.0,589.0,7022.11250109,4139024.26314201
2026-06-26 11:00:00,589.0,589.0,576.0,576.0,43963.41682883,25825956.13372775
2026-06-26 11:15:00,579.0,580.0,574.0,579.0,12012.62927966,6918997.01666374
2026-06-26 11:30:00,579.0,582.0,577.0,580.0,1914.20777087,1106662.50350175
2026-06-26 11:45:00,578.0,578.0,575.0,575.0,217.94410152,125347.858374
2026-06-26 12:00:00,577.0,584.0,577.0,584.0,1306.72739647,762132.24027955
2026-06-26 12:15:00,583.0,585.0,583.0,585.0,35.36442191,20663.22517353
2026-06-26 12:30:00,583.0,589.0,582.0,589.0,11225.40071535,6549063.88928372
2026-06-26 12:45:00,595.0,595.0,592.0,594.0,74.66752914,44262.56157025
2026-06-26 13:45:00,585.0,585.0,585.0,585.0,46.91349015,27444.39173775
2026-06-26 14:00:00,586.0,591.0,586.0,591.0,15588.03556157,9170939.44593246
2026-06-26 14:15:00,592.0,592.0,592.0,592.0,16.07445008,9516.07444736
2026-06-26 14:30:00,592.0,592.0,592.0,592.0,35.954686,21285.174112
2026-06-26 14:45:00,590.0,590.0,590.0,590.0,741.39450795,437422.7596905
2026-06-26 15:00:00,589.0,590.0,588.0,588.0,9106.15205369,5363212.43998092
2026-06-26 15:15:00,592.0,592.0,592.0,592.0,180.23679022,106700.17981024
2026-06-26 15:30:00,592.0,595.0,592.0,595.0,1573.72746415,934140.88644085
2026-06-26 15:45:00,595.0,595.0,595.0,595.0,9518.4186406,5663459.091157
2026-06-26 16:00:00,597.0,598.0,597.0,598.0,357.25926521,213306.03222037
2026-06-26 16:15:00,598.0,602.0,598.0,599.0,251.83897046,150705.37417587
2026-06-26 16:45:00,599.0,601.0,599.0,601.0,1793.05404468,1076328.96193775
2026-06-26 17:15:00,599.0,599.0,596.0,596.0,2396.52233564,1429369.51201491
2026-06-26 17:30:00,595.0,595.0,594.0,594.0,12691.58290124,7544424.94447869
2026-06-26 18:45:00,599.0,599.0,599.0,599.0,34.0,20366.0
2026-06-26 19:00:00,598.0,599.0,598.0,599.0,2587.49923869,1547889.28397531
2026-06-26 19:30:00,595.0,595.0,594.0,594.0,1072.71,637813.84
2026-06-26 20:00:00,593.0,593.0,593.0,593.0,2000.0,1186000.0
2026-06-26 20:15:00,593.0,593.0,590.0,590.0,3619.39272773,2142547.08683932
2026-06-26 20:45:00,591.0,591.0,591.0,591.0,85.8040609,50710.1999919
2026-06-26 21:15:00,593.0,593.0,592.0,592.0,5570.94539318,3301801.95048935
2026-06-26 21:30:00,592.0,592.0,581.0,584.0,16972.04382597,9915212.37894664
2026-06-26 21:45:00,584.0,588.0,584.0,587.0,11578.64994193,6779415.30915898
2026-06-26 22:00:00,586.0,586.0,586.0,586.0,2596.03336838,1521275.55387068
2026-06-26 22:15:00,583.0,586.0,583.0,586.0,3895.63924668,2272012.41381444
2026-06-26 22:30:00,586.0,590.0,586.0,590.0,12068.28932965,7077791.67873212
2026-06-26 22:45:00,591.0,598.0,591.0,598.0,1024.146464,608803.17205384
2026-06-26 23:00:00,596.0,596.0,595.0,595.0,1277.51895012,760261.52427152
2026-06-26 23:15:00,595.0,595.0,595.0,595.0,0.00786481,4.67956195
2026-06-26 23:45:00,599.0,599.0,597.0,597.0,1728.67911355,1034586.76629195
2026-06-27 00:00:00,596.0,596.0,596.0,596.0,137.98323502,82238.00807192
2026-06-27 00:30:00,602.0,604.0,602.0,604.0,530.68255617,320424.26392668
2026-06-27 00:45:00,606.0,606.0,601.0,601.0,24401.7157065,14668222.74313125
2026-06-27 01:00:00,601.0,604.0,601.0,604.0,2763.25621552,1668978.34624408
2026-06-27 01:15:00,604.0,605.0,604.0,604.0,7144.01229864,4315083.42837856
2026-06-27 01:30:00,607.0,607.0,607.0,607.0,10.0,6070.0
2026-06-27 02:15:00,601.0,601.0,600.0,600.0,64.82140595,38942.65050008
2026-06-27 02:30:00,600.0,603.0,598.0,599.0,28420.1181966,17074680.13963557
2026-06-27 02:45:00,598.0,598.0,598.0,598.0,1275.29501242,762626.41742716
2026-06-27 03:30:00,598.0,598.0,598.0,598.0,14.92140468,8922.99999864
2026-06-27 04:45:00,596.0,596.0,596.0,596.0,512.90414012,305690.86751152
2026-06-27 05:45:00,595.0,595.0,595.0,595.0,168.06722689,99999.99999955
2026-06-27 06:00:00,593.0,593.0,593.0,593.0,108.13001686,64121.09999798
2026-06-27 06:30:00,597.0,597.0,594.0,594.0,3056.0264409,1816787.24358303
2026-06-27 06:45:00,593.0,593.0,593.0,593.0,95.64166961,56715.51007873
2026-06-27 07:00:00,592.0,592.0,592.0,592.0,13.51351351,7999.99999792
2026-06-27 07:30:00,592.0,593.0,592.0,592.0,54.17075365,32085.9495672
2026-06-27 08:00:00,593.0,594.0,593.0,594.0,301.79724034,178974.16856363
2026-06-27 08:15:00,593.0,593.0,591.0,591.0,602.68099918,356946.0844322
2026-06-27 08:30:00,592.0,592.0,591.0,592.0,3505.60410643,2073835.99934001
2026-06-27 09:00:00,591.0,591.0,591.0,591.0,16.15508885,9547.65751035
2026-06-27 09:15:00,592.0,592.0,591.0,591.0,1182.65124966,698998.17754906
2026-06-27 09:30:00,591.0,591.0,591.0,591.0,188.07151928,111150.26789448
2026-06-27 09:45:00,594.0,596.0,591.0,596.0,927.04633894,551240.60497595
2026-06-27 10:00:00,594.0,594.0,593.0,593.0,2373.25090908,1407367.87999352
2026-06-27 10:30:00,592.0,593.0,591.0,591.0,312.35678078,184952.2400666
2026-06-27 10:45:00,591.0,591.0,590.0,590.0,503.75094365,297223.88369715
2026-06-27 11:00:00,590.0,591.0,590.0,591.0,9140.21551994,5399961.043705
2026-06-27 11:15:00,592.0,592.0,592.0,592.0,61.88727204,36637.26504768
2026-06-27 11:30:00,595.0,597.0,595.0,597.0,22438.71012425,13394902.54871533
2026-06-27 11:45:00,597.0,597.0,596.0,596.0,1995.60087604,1191133.01499588
2026-06-27 12:00:00,596.0,596.0,596.0,596.0,1775.40570407,1058141.79962572
2026-06-27 12:15:00,597.0,597.0,597.0,597.0,25.625,15298.125
2026-06-27 12:45:00,599.0,600.0,599.0,600.0,126.0715,75535.969
2026-06-27 13:00:00,600.0,600.0,600.0,600.0,789.15009711,473490.058266
2026-06-27 13:15:00,600.0,600.0,600.0,600.0,833.33333333,499999.999998
2026-06-27 13:30:00,599.0,599.0,595.0,595.0,799.8626399,476267.72130012
2026-06-27 13:45:00,595.0,595.0,595.0,595.0,1463.07411111,870529.09611045
2026-06-27 14:15:00,593.0,593.0,591.0,591.0,1660.9839731,984001.95758676
2026-06-27 14:30:00,594.0,596.0,594.0,596.0,18.61195335,11075.63451808
2026-06-27 14:45:00,594.0,596.0,594.0,596.0,330.50190583,196876.43183596
2026-06-27 15:00:00,596.0,596.0,596.0,596.0,171.6021184,102274.8625664
2026-06-27 15:15:00,594.0,594.0,593.0,593.0,236.60247049,140356.37000057
2026-06-27 16:00:00,595.0,595.0,595.0,595.0,1220.0804,725947.838
2026-06-27 16:30:00,595.0,595.0,595.0,595.0,931.8649,554459.6155
2026-06-27 17:00:00,595.0,595.0,593.0,593.0,1785.45759127,1060557.02621205
2026-06-27 17:15:00,594.0,594.0,594.0,594.0,2507.16392645,1489255.3723113
2026-06-27 18:00:00,597.0,601.0,597.0,599.0,7592.73081247,4548819.18187272
2026-06-27 18:15:00,597.0,597.0,597.0,597.0,167.5041876,99999.9999972
2026-06-27 18:30:00,596.0,597.0,595.0,597.0,1059.64078317,630615.53116198
2026-06-27 18:45:00,597.0,597.0,597.0,597.0,78.94236982,47128.59478254
2026-06-27 19:00:00,598.0,598.0,598.0,598.0,4425.07007364,2646191.90403672
2026-06-27 19:15:00,596.0,596.0,596.0,596.0,325.10033053,193759.79699588
2026-06-27 19:30:00,599.0,601.0,599.0,600.0,5319.92867366,3189927.19006626
2026-06-27 20:00:00,598.0,600.0,598.0,600.0,1698.56939757,1015782.49974686
2026-06-27 20:15:00,598.0,598.0,596.0,596.0,4468.18980964,2663208.3506257
2026-06-27 20:30:00,598.0,598.0,596.0,598.0,8928.17097636,5335247.5811653
2026-06-27 20:45:00,599.0,606.0,598.0,605.0,33393.66378291,20109665.98873934
2026-06-27 21:00:00,605.0,609.0,601.0,601.0,116344.53151919,70235588.01943325
2026-06-27 21:15:00,602.0,602.0,602.0,602.0,1261.99442084,759720.64134568
2026-06-27 21:45:00,602.0,602.0,600.0,600.0,1336.48226138,804489.82028314
2026-06-27 22:00:00,600.0,600.0,598.0,598.0,3322.25913621,1986710.9827869
2026-06-27 22:15:00,598.0,598.0,598.0,598.0,12.04882943,7205.19999914
2026-06-27 22:30:00,597.0,597.0,597.0,597.0,3446.80423607,2057742.12893379
2026-06-27 22:45:00,596.0,596.0,596.0,596.0,11.78221846,7022.20220216
2026-06-27 23:00:00,596.0,596.0,596.0,596.0,360.43180133,214817.35359268
2026-06-27 23:15:00,596.0,596.0,596.0,596.0,351.32117408,209387.41975168
2026-06-27 23:30:00,596.0,596.0,595.0,595.0,3383.88802262,2014361.27835537
2026-06-28 00:00:00,594.0,597.0,594.0,597.0,184.81764566,109831.93277832
2026-06-28 00:15:00,595.0,595.0,595.0,595.0,650.11586378,386818.9389491
2026-06-28 00:30:00,597.0,597.0,597.0,597.0,3069.99274821,1832785.67068137
2026-06-28 02:00:00,592.0,593.0,591.0,591.0,2312.38397599,1370871.18762423
2026-06-28 02:15:00,590.0,592.0,590.0,592.0,34.25286486,20226.41999712
2026-06-28 02:30:00,590.0,591.0,590.0,590.0,3623.44925937,2137843.69246992
2026-06-28 02:45:00,589.0,591.0,589.0,589.0,1021.54644162,601708.11299742
2026-06-28 03:00:00,589.0,590.0,587.0,587.0,2761.86613733,1626670.93095516
2026-06-28 03:15:00,587.0,589.0,587.0,589.0,34.29174363,20146.57099807
2026-06-28 03:30:00,588.0,588.0,587.0,587.0,142.6809,83762.6722
2026-06-28 04:15:00,585.0,585.0,585.0,585.0,8.54871794,5000.9999949
2026-06-28 04:30:00,584.0,584.0,583.0,583.0,31.18788034,18199.99999164
2026-06-28 04:45:00,583.0,585.0,583.0,585.0,80.28115941,46821.35183345
2026-06-28 05:00:00,582.0,583.0,582.0,582.0,40.07453441,23332.12688253
2026-06-28 05:30:00,581.0,584.0,581.0,581.0,2346.4959418,1363350.99528593
2026-06-28 05:45:00,580.0,582.0,580.0,582.0,1526.05404091,885148.7801539
2026-06-28 06:15:00,580.0,582.0,580.0,582.0,18.71821305,10874.08934218
2026-06-28 06:30:00,581.0,581.0,580.0,581.0,12514.11574968,7260180.57945058
2026-06-28 06:45:00,580.0,582.0,580.0,580.0,3991.07053619,2314859.15497644
2026-06-28 07:00:00,580.0,580.0,580.0,580.0,1012.09219901,587013.4754258
2026-06-28 07:15:00,580.0,581.0,579.0,579.0,8464.43210929,4907585.66422174
2026-06-28 07:30:00,582.0,584.0,582.0,582.0,2836.01523306,1650651.65245596
2026-06-28 07:45:00,581.0,581.0,581.0,581.0,206.54044751,120000.00000331
2026-06-28 08:00:00,581.0,581.0,581.0,581.0,20.137,11699.597
2026-06-28 08:15:00,581.0,581.0,578.0,578.0,384.98083302,222548.26414926
2026-06-28 08:30:00,580.0,580.0,577.0,577.0,845.20035766,487785.08912839
2026-06-28 09:00:00,578.0,580.0,578.0,580.0,19.59696077,11344.62953194
2026-06-28 09:15:00,582.0,582.0,582.0,582.0,425.0,247350.0
2026-06-28 09:45:00,582.0,582.0,582.0,582.0,15.44481054,8988.87973428
2026-06-28 10:00:00,580.0,580.0,580.0,580.0,2449.43379881,1420671.6033098
2026-06-28 10:30:00,580.0,581.0,580.0,581.0,126.10348856,73174.44677272
2026-06-28 10:45:00,581.0,587.0,581.0,587.0,17063.99142923,9983317.30636032
2026-06-28 11:00:00,588.0,588.0,586.0,586.0,174.0280545,102149.61223586
2026-06-28 11:15:00,585.0,585.0,584.0,584.0,26329.15637514,15402505.10959389
2026-06-28 11:30:00,582.0,582.0,582.0,582.0,53.796,31309.272
2026-06-28 12:00:00,582.0,582.0,582.0,582.0,53.885,31361.07
2026-06-28 12:30:00,582.0,582.0,582.0,582.0,2326.1569087,1353823.3208634
2026-06-28 12:45:00,583.0,584.0,583.0,584.0,1809.56284,1054984.69856
2026-06-28 13:15:00,585.0,585.0,585.0,585.0,70.5783483,41288.3337555
2026-06-28 13:30:00,582.0,582.0,582.0,582.0,30000.0,17460000.0
2026-06-28 13:45:00,583.0,583.0,582.0,582.0,3000.0,1747201.99608039
2026-06-28 14:15:00,580.0,580.0,580.0,580.0,8.651,5017.58
2026-06-28 14:30:00,580.0,580.0,580.0,580.0,241.72413792,140199.9999936
2026-06-28 15:00:00,582.0,582.0,577.0,577.0,4003.5220701,2314924.4052229
2026-06-28 15:15:00,580.0,582.0,579.0,579.0,8815.16160067,5113002.03283057
2026-06-28 15:30:00,579.0,579.0,579.0,579.0,16.83501683,9747.47474457
2026-06-28 15:45:00,581.0,581.0,581.0,581.0,454.03230313,263792.76811853
2026-06-28 17:00:00,582.0,582.0,582.0,582.0,390.554,227302.428
2026-06-28 17:15:00,582.0,582.0,582.0,582.0,3803.66816125,2213734.8698475
2026-06-28 17:30:00,582.0,584.0,582.0,584.0,901.6924291,524802.1185944
2026-06-28 17:45:00,583.0,583.0,583.0,583.0,150.46738206,87722.48374098
2026-06-28 18:00:00,584.0,584.0,584.0,584.0,0.7951009,464.3389256
2026-06-28 18:15:00,583.0,583.0,583.0,583.0,53.17324186,31000.00000438
2026-06-28 18:45:00,583.0,583.0,582.0,582.0,2946.8346969,1718004.62035394
2026-06-28 19:00:00,579.0,581.0,579.0,581.0,2723.66794571,1582302.10066609
2026-06-28 19:15:00,579.0,581.0,579.0,581.0,370.16309987,214341.99076275
2026-06-28 19:45:00,579.0,579.0,579.0,579.0,674.19915674,390361.31175246
2026-06-28 20:15:00,579.0,579.0,579.0,579.0,258.53088602,149689.38300558
2026-06-28 20:30:00,579.0,579.0,579.0,579.0,184.49081232,106820.18033328
2026-06-28 20:45:00,581.0,581.0,581.0,581.0,683.23325428,396958.52073668
2026-06-28 21:00:00,580.0,580.0,580.0,580.0,444.968,258081.44
2026-06-28 21:15:00,580.0,581.0,580.0,581.0,2143.84097268,1245331.47743743
2026-06-28 21:30:00,581.0,581.0,581.0,581.0,173.08626067,100563.11744927
2026-06-28 22:00:00,578.0,578.0,578.0,578.0,9.82285,5677.6073
2026-06-28 22:15:00,579.0,579.0,579.0,579.0,17.6165803,10199.9999937
2026-06-28 22:30:00,577.0,578.0,577.0,578.0,100.61452941,58063.40699898
2026-06-28 22:45:00,577.0,577.0,575.0,575.0,57.46428941,33071.77821295
2026-06-28 23:00:00,575.0,576.0,575.0,576.0,5983.48542387,3440556.20205858
