,open,high,low,close,volume,value
2026-05-15 11:15:00,1482.0,1483.0,1482.0,1482.0,2077.70820802,3080848.49390444
2026-05-15 11:30:00,1482.0,1482.0,1482.0,1482.0,11479.72737919,17012955.97595958
2026-05-15 11:45:00,1482.0,1483.0,1478.0,1481.0,35816.89475708,52975402.49771946
2026-05-15 12:00:00,1479.0,1481.0,1479.0,1481.0,5622.77370037,8316194.60985063
2026-05-15 12:15:00,1479.0,1481.0,1479.0,1481.0,181.27609776,268114.1007815
2026-05-15 12:30:00,1481.0,1482.0,1479.0,1479.0,5840.68940377,8649441.96217724
2026-05-15 12:45:00,1482.0,1482.0,1482.0,1482.0,1348.85323869,1999000.49973858
2026-05-15 13:00:00,1481.0,1481.0,1479.0,1479.0,711.91302224,1053338.05957906
2026-05-15 13:15:00,1481.0,1481.0,1479.0,1481.0,2097.09765436,3104919.28831986
2026-05-15 13:30:00,1481.0,1481.0,1481.0,1481.0,1083.97919376,1605373.18595856
2026-05-15 13:45:00,1481.0,1481.0,1481.0,1481.0,1088.78575288,1612491.70001528
2026-05-15 14:00:00,1481.0,1482.0,1480.0,1480.0,35844.33638314,53085552.7205018
2026-05-15 14:15:00,1480.0,1480.0,1479.0,1479.0,2716.04837413,4019057.9323004
2026-05-15 14:30:00,1480.0,1484.0,1480.0,1482.0,39809.84643866,58981006.10765633
2026-05-15 14:45:00,1482.0,1484.0,1481.0,1482.0,10766.48295614,15976130.86781592
2026-05-15 15:00:00,1482.0,1485.0,1481.0,1481.0,1609.12901241,2385755.50674871
2026-05-15 15:15:00,1481.0,1484.0,1481.0,1481.0,220.22603752,326282.77563579
2026-05-15 15:30:00,1481.0,1484.0,1481.0,1481.0,1291.34765649,1912684.44285575
2026-05-15 15:45:00,1482.0,1484.0,1480.0,1481.0,31994.19135541,47386110.26854844
2026-05-15 16:00:00,1481.0,1484.0,1480.0,1482.0,834.54809672,1236977.70735486
2026-05-15 16:15:00,1482.0,1482.0,1480.0,1481.0,4106.68227339,6080013.68641781
2026-05-15 16:30:00,1480.0,1483.0,1480.0,1483.0,1245.97351723,1846268.69630829
2026-05-15 16:45:00,1481.0,1483.0,1481.0,1483.0,2165.09045674,3206633.82819862
2026-05-15 17:00:00,1481.0,1482.0,1481.0,1481.0,587.88934027,870674.11293987
2026-05-15 17:15:00,1483.0,1484.0,1482.0,1484.0,9669.56602769,14341980.69890441
2026-05-15 17:30:00,1484.0,1485.0,1481.0,1481.0,2788.96527563,4133271.1678552
2026-05-15 17:45:00,1481.0,1481.0,1481.0,1481.0,70.0,103670.0
2026-05-15 18:00:00,1483.0,1484.0,1481.0,1481.0,3636.0389881,5389913.62327564
2026-05-15 18:30:00,1484.0,1485.0,1482.0,1485.0,6854.71270597,10176480.09847398
2026-05-15 18:45:00,1483.0,1483.0,1483.0,1483.0,76.88945216,114027.05755328
2026-05-15 19:00:00,1483.0,1485.0,1483.0,1484.0,5750.08840024,8533067.05245388
2026-05-15 19:15:00,1484.0,1484.0,1482.0,1482.0,18755.13722045,27818258.8749201
2026-05-15 19:30:00,1482.0,1483.0,1482.0,1482.0,15747.25674142,23337441.16647558
2026-05-15 19:45:00,1482.0,1483.0,1481.0,1483.0,31654.71013498,46910905.07478797
2026-05-15 20:00:00,1481.0,1481.0,1481.0,1481.0,1748.01596939,2588811.65066659
2026-05-15 20:15:00,1480.0,1484.0,1480.0,1484.0,1541.80714161,2281888.11012332
2026-05-15 20:30:00,1481.0,1484.0,1480.0,1481.0,1951.72988106,2890663.28734012
2026-05-15 20:45:00,1484.0,1484.0,1484.0,1484.0,1691.87668463,2510744.99999092
2026-05-15 21:00:00,1484.0,1485.0,1482.0,1485.0,4419.98429023,6559681.96676031
2026-05-15 21:15:00,1485.0,1485.0,1483.0,1483.0,2412.88244766,3580717.55232744
2026-05-15 21:30:00,1483.0,1485.0,1483.0,1485.0,340.61892185,505299.41665909
2026-05-15 21:45:00,1485.0,1485.0,1485.0,1485.0,1419.89231824,2108540.0925864
2026-05-15 22:00:00,1485.0,1485.0,1483.0,1484.0,10461.76602927,15535333.28417883
2026-05-15 22:15:00,1484.0,1485.0,1484.0,1484.0,1441.90157427,2140497.69329229
2026-05-15 22:30:00,1485.0,1488.0,1484.0,1486.0,16197.61136868,24078902.24758548
2026-05-15 22:45:00,1486.0,1489.0,1486.0,1487.0,175555.48074049,261302862.83275643
2026-05-15 23:00:00,1489.0,1490.0,1487.0,1487.0,6879.1902841,10246232.29922176
2026-05-15 23:15:00,1487.0,1488.0,1487.0,1487.0,1437.77871571,2137986.95026077
2026-05-15 23:30:00,1486.0,1489.0,1486.0,1489.0,1665.06333634,2476680.03309595
2026-05-15 23:45:00,1489.0,1489.0,1487.0,1487.0,2993.26002155,4453710.81297694
2026-05-16 00:00:00,1487.0,1489.0,1487.0,1487.0,3927.56791576,5843818.99865101
2026-05-16 00:15:00,1488.0,1489.0,1488.0,1489.0,2745.31032021,4087151.67579248
2026-05-16 00:30:00,1489.0,1490.0,1488.0,1490.0,2840.02703224,4226764.73217427
2026-05-16 00:45:00,1490.0,1490.0,1488.0,1488.0,109.82753246,163563.36830048
2026-05-16 01:00:00,1488.0,1490.0,1488.0,1489.0,2732.58246047,4068904.09228258
2026-05-16 01:15:00,1489.0,1489.0,1487.0,1489.0,5996.1288187,8925261.75501612
2026-05-16 01:30:00,1489.0,1490.0,1487.0,1488.0,2366.1910316,3519730.52375634
2026-05-16 02:00:00,1488.0,1489.0,1486.0,1487.0,4004.85760445,5954194.43598559
2026-05-16 02:15:00,1487.0,1487.0,1486.0,1486.0,2341.58092776,3480626.95569111
2026-05-16 02:30:00,1488.0,1488.0,1487.0,1487.0,291.49400864,433498.61034868
2026-05-16 02:45:00,1489.0,1489.0,1487.0,1487.0,5015.34505517,7458475.27147273
2026-05-16 03:15:00,1487.0,1489.0,1487.0,1489.0,163.93338755,244037.94526935
2026-05-16 03:45:00,1489.0,1489.0,1489.0,1489.0,20.14775016,29999.99998824
2026-05-16 04:00:00,1489.0,1489.0,1489.0,1489.0,63.71422389,94870.47937221
2026-05-16 04:15:00,1489.0,1489.0,1488.0,1489.0,12555.36071228,18683153.47190755
2026-05-16 04:30:00,1489.0,1489.0,1489.0,1489.0,1842.58092679,2743602.99999031
2026-05-16 04:45:00,1489.0,1489.0,1489.0,1489.0,1387.21289455,2065559.99998495
2026-05-16 05:00:00,1489.0,1489.0,1489.0,1489.0,6203.85720256,9237543.37461184
2026-05-16 05:15:00,1489.0,1489.0,1489.0,1489.0,131.40463479,195661.50120231
2026-05-16 05:30:00,1487.0,1490.0,1487.0,1487.0,680.65342102,1013144.94264212
2026-05-16 05:45:00,1489.0,1490.0,1489.0,1489.0,1054.00536912,1569897.9999888
2026-05-16 06:00:00,1489.0,1489.0,1489.0,1489.0,227.62869223,338939.12273047
2026-05-16 06:15:00,1488.0,1489.0,1488.0,1489.0,12035.49277957,17920841.99897033
2026-05-16 06:30:00,1489.0,1490.0,1488.0,1490.0,13431.51765876,19999648.75664556
2026-05-16 06:45:00,1489.0,1489.0,1487.0,1487.0,7894.94497261,11753806.92586841
2026-05-16 07:15:00,1489.0,1489.0,1489.0,1489.0,674.12273881,1003768.75808809
2026-05-16 07:30:00,1487.0,1489.0,1487.0,1488.0,10646.70654338,15834426.19093035
2026-05-16 07:45:00,1487.0,1489.0,1487.0,1489.0,11976.06591034,17832261.4152104
2026-05-16 08:00:00,1489.0,1490.0,1488.0,1490.0,9003.86206531,13406523.1921998
2026-05-16 08:15:00,1488.0,1488.0,1488.0,1488.0,83.28125185,123922.5027528
2026-05-16 08:30:00,1489.0,1489.0,1488.0,1488.0,1957.62998734,2914905.00976026
2026-05-16 08:45:00,1489.0,1489.0,1487.0,1488.0,602.22145235,895948.02376355
2026-05-16 09:00:00,1489.0,1489.0,1486.0,1487.0,2241.15929103,3332770.00267895
2026-05-16 09:15:00,1487.0,1488.0,1487.0,1488.0,1175.2930406,1748818.0444128
2026-05-16 09:30:00,1489.0,1489.0,1488.0,1488.0,938.46881516,1396627.16115808
2026-05-16 09:45:00,1488.0,1490.0,1488.0,1488.0,1937.14314653,2883443.41854063
2026-05-16 10:00:00,1490.0,1490.0,1488.0,1488.0,7332.43584395,10910993.8609855
2026-05-16 10:15:00,1490.0,1490.0,1489.0,1490.0,51893.10663183,77320708.8814267
2026-05-16 10:30:00,1490.0,1491.0,1488.0,1491.0,3436.51774388,5121043.4558531
2026-05-16 10:45:00,1489.0,1489.0,1489.0,1489.0,10478.63238761,15602683.62515129
2026-05-16 11:00:00,1489.0,1489.0,1487.0,1489.0,13050.47208743,19429018.04226855
2026-05-16 11:15:00,1488.0,1489.0,1488.0,1489.0,448.63887144,667683.94688994
2026-05-16 11:30:00,1489.0,1490.0,1489.0,1490.0,610.19425254,909087.64873413
2026-05-16 11:45:00,1490.0,1490.0,1488.0,1488.0,3695.41095783,5500461.61461994
2026-05-16 12:15:00,1489.0,1490.0,1488.0,1488.0,534.84224311,795879.20934398
2026-05-16 12:30:00,1488.0,1490.0,1488.0,1490.0,8931.83880456,13290615.1787944
2026-05-16 12:45:00,1490.0,1490.0,1490.0,1490.0,419.47528758,625018.1784942
2026-05-16 13:00:00,1490.0,1490.0,1490.0,1490.0,929.72205203,1385285.8575247
2026-05-16 13:15:00,1488.0,1488.0,1488.0,1488.0,585.16419392,870724.32055296
2026-05-16 13:30:00,1490.0,1491.0,1488.0,1488.0,27298.8875954,40670907.59643065
2026-05-16 13:45:00,1488.0,1488.0,1488.0,1488.0,689.967,1026670.896
2026-05-16 14:00:00,1490.0,1490.0,1488.0,1488.0,1065.11683815,1585716.1323295
2026-05-16 14:15:00,1488.0,1490.0,1488.0,1488.0,1736.6722584,2584302.5486871
2026-05-16 14:30:00,1490.0,1490.0,1488.0,1488.0,243.95821143,363356.92966158
2026-05-16 14:45:00,1490.0,1491.0,1488.0,1491.0,3510.06814599,5229925.21632339
2026-05-16 15:00:00,1488.0,1490.0,1488.0,1488.0,1977.69548454,2943260.7366046
2026-05-16 15:15:00,1488.0,1491.0,1488.0,1488.0,4737.30709426,7058840.27391562
2026-05-16 15:30:00,1488.0,1488.0,1488.0,1488.0,619.22745156,921410.44792128
2026-05-16 15:45:00,1491.0,1491.0,1490.0,1490.0,17976.68255714,26803106.69269574
2026-05-16 16:00:00,1491.0,1493.0,1489.0,1493.0,42636.31288981,63607288.73631721
2026-05-16 16:15:00,1493.0,1493.0,1490.0,1490.0,19945.32897565,29775915.33960479
2026-05-16 16:30:00,1491.0,1493.0,1491.0,1493.0,8736.71544315,13041625.68177381
2026-05-16 16:45:00,1494.0,1494.0,1491.0,1493.0,3666.02569364,5475678.77479324
2026-05-16 17:00:00,1491.0,1491.0,1490.0,1490.0,7481.95423685,11154915.70643672
2026-05-16 17:15:00,1489.0,1492.0,1489.0,1491.0,422.56944519,630187.22940155
2026-05-16 17:30:00,1491.0,1492.0,1490.0,1491.0,1563.60245448,2331835.23323398
2026-05-16 17:45:00,1491.0,1492.0,1489.0,1492.0,449.78006857,669965.31521133
2026-05-16 18:00:00,1491.0,1492.0,1489.0,1490.0,1489.02799231,2220197.81932848
2026-05-16 18:15:00,1491.0,1494.0,1491.0,1491.0,14528.26479928,21672658.45912383
2026-05-16 18:30:00,1491.0,1494.0,1491.0,1494.0,8125.90609881,12126632.60331283
2026-05-16 18:45:00,1491.0,1493.0,1490.0,1491.0,3091.31461585,4608842.7265255
2026-05-16 19:00:00,1491.0,1491.0,1491.0,1491.0,838.05572335,1249541.08351485
2026-05-16 19:15:00,1492.0,1492.0,1489.0,1489.0,2088.5123367,3113276.80348077
2026-05-16 19:30:00,1489.0,1492.0,1489.0,1492.0,5665.89082532,8436521.49252077
2026-05-16 19:45:00,1492.0,1492.0,1492.0,1492.0,96.96425245,144670.6646554
2026-05-16 20:00:00,1491.0,1494.0,1490.0,1490.0,1268.88310589,1893592.67590488
2026-05-16 20:15:00,1491.0,1491.0,1490.0,1491.0,1852.98816539,2762681.48578793
2026-05-16 20:30:00,1492.0,1494.0,1491.0,1491.0,6698.61874206,10007455.00063635
2026-05-16 20:45:00,1494.0,1494.0,1490.0,1494.0,1804.01149968,2690200.89406469
2026-05-16 21:00:00,1493.0,1493.0,1490.0,1490.0,145.38847293,216829.76237499
2026-05-16 21:15:00,1490.0,1492.0,1490.0,1492.0,246.99287309,368086.51947144
2026-05-16 21:30:00,1490.0,1492.0,1490.0,1492.0,1065.22584244,1587387.15692048
2026-05-16 21:45:00,1490.0,1490.0,1490.0,1490.0,252.12584247,375667.5052803
2026-05-16 22:00:00,1491.0,1491.0,1490.0,1490.0,1907.71363234,2842847.65568033
2026-05-16 22:15:00,1490.0,1490.0,1490.0,1490.0,18.64,27773.6
2026-05-16 22:30:00,1493.0,1493.0,1493.0,1493.0,334.72881777,499750.12493061
2026-05-16 22:45:00,1492.0,1492.0,1490.0,1490.0,3306.05524931,4926706.40813071
2026-05-16 23:00:00,1490.0,1490.0,1490.0,1490.0,189.59088209,282490.4143141
2026-05-16 23:15:00,1489.0,1489.0,1489.0,1489.0,1586.788432,2362727.975248
2026-05-16 23:30:00,1489.0,1489.0,1489.0,1489.0,307.50675089,457877.55207521
2026-05-16 23:45:00,1490.0,1492.0,1489.0,1489.0,847.46996062,1262657.15100617
2026-05-17 00:00:00,1489.0,1489.0,1489.0,1489.0,2182.69048994,3250026.13952066
2026-05-17 00:15:00,1492.0,1492.0,1488.0,1490.0,11441.79216204,17035387.73364911
2026-05-17 00:30:00,1489.0,1491.0,1488.0,1488.0,15559.60354696,23168449.56951351
2026-05-17 00:45:00,1490.0,1490.0,1489.0,1489.0,403.2,600368.3
2026-05-17 01:00:00,1488.0,1492.0,1488.0,1489.0,6017.76945627,8958203.55659737
2026-05-17 01:15:00,1492.0,1492.0,1492.0,1492.0,2677.01343831,3994104.04995852
2026-05-17 01:30:00,1490.0,1490.0,1489.0,1489.0,4379.59025231,6525414.36276458
2026-05-17 01:45:00,1492.0,1492.0,1492.0,1492.0,20.1072386,29999.9999912
2026-05-17 02:15:00,1492.0,1492.0,1492.0,1492.0,301.45777479,449774.99998668
2026-05-17 02:30:00,1492.0,1492.0,1489.0,1489.0,10.12064343,15089.74530585
2026-05-17 03:15:00,1489.0,1489.0,1489.0,1489.0,620.39690598,923770.99300422
2026-05-17 03:45:00,1489.0,1489.0,1489.0,1489.0,8.04426559,11977.91146351
2026-05-17 04:00:00,1491.0,1492.0,1489.0,1489.0,484.83941944,723351.99998824
2026-05-17 04:15:00,1489.0,1489.0,1489.0,1489.0,27.22575317,40539.14647013
2026-05-17 04:30:00,1490.0,1490.0,1490.0,1490.0,30.0,44700.0
2026-05-17 04:45:00,1492.0,1492.0,1492.0,1492.0,1310.52302267,1955300.34982364
2026-05-17 06:00:00,1491.0,1492.0,1489.0,1489.0,4101.24543121,6107109.31138726
2026-05-17 06:15:00,1490.0,1490.0,1490.0,1490.0,1999.729559,2979597.04291
2026-05-17 06:30:00,1490.0,1490.0,1490.0,1490.0,1107.31964285,1649906.2678465
2026-05-17 06:45:00,1492.0,1492.0,1490.0,1490.0,13.41823056,19999.99999552
2026-05-17 07:00:00,1490.0,1492.0,1490.0,1492.0,572.58085113,853898.94785404
2026-05-17 07:15:00,1492.0,1492.0,1492.0,1492.0,893.0,1332356.0
2026-05-17 07:30:00,1492.0,1492.0,1492.0,1492.0,4603.58574393,6868549.92994356
2026-05-17 07:45:00,1490.0,1493.0,1490.0,1493.0,6945.02529118,10362008.29369428
2026-05-17 08:00:00,1493.0,1493.0,1490.0,1493.0,3394.60389394,5060546.66190365
2026-05-17 08:15:00,1490.0,1490.0,1490.0,1490.0,392.41088224,584692.2145376
2026-05-17 08:30:00,1490.0,1492.0,1490.0,1492.0,1070.581735,1596988.42471478
2026-05-17 08:45:00,1492.0,1492.0,1492.0,1492.0,3872.77779055,5778184.4635006
2026-05-17 09:00:00,1492.0,1492.0,1490.0,1492.0,6363.07893408,9493595.82164736
2026-05-17 09:15:00,1492.0,1493.0,1492.0,1493.0,26051.75370841,38881174.08609244
2026-05-17 09:45:00,1493.0,1494.0,1492.0,1494.0,342.72682925,511755.81541081
2026-05-17 10:00:00,1493.0,1493.0,1491.0,1491.0,7017.00796657,10475847.11933869
2026-05-17 10:15:00,1491.0,1494.0,1491.0,1494.0,1384.99638123,2067429.60441393
2026-05-17 10:30:00,1494.0,1494.0,1494.0,1494.0,3.35341365,5009.9999931
2026-05-17 10:45:00,1491.0,1491.0,1491.0,1491.0,669.0,997479.0
2026-05-17 11:00:00,1492.0,1494.0,1492.0,1494.0,2011.784982,3004433.58321
2026-05-17 11:15:00,1491.0,1491.0,1491.0,1491.0,139.70591928,208301.52564648
2026-05-17 11:30:00,1491.0,1491.0,1491.0,1491.0,187.641252,279773.106732
2026-05-17 11:45:00,1491.0,1491.0,1491.0,1491.0,709.038,1057175.658
2026-05-17 12:00:00,1492.0,1493.0,1492.0,1492.0,302.69792364,451631.99999452
2026-05-17 12:15:00,1492.0,1492.0,1491.0,1491.0,2825.80311081,4213281.43821771
2026-05-17 12:30:00,1491.0,1491.0,1491.0,1491.0,1143.697029,1705252.270239
2026-05-17 12:45:00,1491.0,1492.0,1491.0,1492.0,5895.10180526,8794283.35911235
2026-05-17 13:00:00,1492.0,1493.0,1492.0,1492.0,23903.63746205,35664493.80458603
2026-05-17 13:15:00,1492.0,1493.0,1491.0,1491.0,283.07141048,422319.2423598
2026-05-17 13:45:00,1492.0,1492.0,1492.0,1492.0,3.35120643,4999.99999356
2026-05-17 14:00:00,1491.0,1491.0,1491.0,1491.0,6745.08789849,10056926.05664859
2026-05-17 14:15:00,1492.0,1493.0,1490.0,1493.0,4435.43814177,6616926.10582865
2026-05-17 14:30:00,1493.0,1493.0,1491.0,1491.0,556.18822961,829986.34224399
2026-05-17 14:45:00,1493.0,1493.0,1493.0,1493.0,352.62428228,526468.05344404
2026-05-17 15:00:00,1493.0,1493.0,1491.0,1491.0,4319.38471599,6441975.23321761
2026-05-17 15:15:00,1492.0,1493.0,1492.0,1493.0,767.52149832,1145242.49413877
2026-05-17 15:30:00,1492.0,1492.0,1492.0,1492.0,237.95316324,355026.11955408
2026-05-17 15:45:00,1492.0,1492.0,1492.0,1492.0,260.714798,388986.478616
2026-05-17 16:00:00,1492.0,1492.0,1492.0,1492.0,5944.94334302,8869855.46778584
2026-05-17 16:15:00,1491.0,1491.0,1491.0,1491.0,372.010861,554668.193751
2026-05-17 16:45:00,1491.0,1491.0,1490.0,1490.0,14.58115503,21730.50214973
2026-05-17 17:00:00,1491.0,1493.0,1491.0,1493.0,142.56679124,212701.0442117
2026-05-17 17:15:00,1493.0,1493.0,1493.0,1493.0,100.51735608,150072.41262744
2026-05-17 17:30:00,1493.0,1494.0,1491.0,1491.0,20204.09520714,30184356.13839634
2026-05-17 18:00:00,1491.0,1493.0,1491.0,1491.0,114.95803819,171482.43494129
2026-05-17 18:15:00,1491.0,1491.0,1489.0,1489.0,27410.96324051,40826036.57589092
2026-05-17 18:45:00,1490.0,1490.0,1490.0,1490.0,344.82866706,513794.7139194
2026-05-17 19:00:00,1490.0,1490.0,1490.0,1490.0,231.45058619,344861.3734231
2026-05-17 19:30:00,1491.0,1492.0,1490.0,1492.0,7459.13017944,11121559.88716035
2026-05-17 19:45:00,1491.0,1492.0,1491.0,1492.0,544.62768889,812137.40182388
2026-05-17 20:00:00,1491.0,1492.0,1491.0,1491.0,10419.78131924,15536064.2366694
2026-05-17 20:15:00,1492.0,1492.0,1491.0,1491.0,826.95843793,1233261.7243613
2026-05-17 20:30:00,1492.0,1492.0,1492.0,1492.0,1920.3604352,2865177.7693184
2026-05-17 20:45:00,1492.0,1492.0,1492.0,1492.0,72.59459874,108311.14132008
2026-05-17 21:00:00,1492.0,1492.0,1491.0,1491.0,1085.39513752,1618909.54517984
2026-05-17 21:30:00,1492.0,1493.0,1491.0,1493.0,5688.9505855,8483601.29309102
2026-05-17 21:45:00,1491.0,1492.0,1491.0,1492.0,884.08301337,1318634.12586535
2026-05-17 22:00:00,1492.0,1493.0,1491.0,1493.0,3450.48441719,5148195.7215814
2026-05-17 22:15:00,1492.0,1493.0,1491.0,1491.0,1985.35554801,2962716.84446199
2026-05-17 22:30:00,1491.0,1493.0,1491.0,1493.0,288.96741531,431244.21289551
2026-05-17 22:45:00,1493.0,1493.0,1491.0,1491.0,70.84044827,105649.90006513
2026-05-17 23:00:00,1491.0,1491.0,1491.0,1491.0,16.70690812,24910.00000692
2026-05-17 23:15:00,1491.0,1491.0,1491.0,1491.0,21117.51796514,31486219.28602374
2026-05-17 23:30:00,1491.0,1491.0,1491.0,1491.0,11658.39391211,17382665.32295601
2026-05-17 23:45:00,1490.0,1492.0,1490.0,1490.0,160.16684161,238655.29641176
2026-05-18 00:00:00,1490.0,1490.0,1490.0,1490.0,139.85533652,208384.4514148
2026-05-18 00:30:00,1491.0,1491.0,1491.0,1491.0,67.11409395,100067.11407945
2026-05-18 00:45:00,1491.0,1491.0,1491.0,1491.0,1612.34439886,2404005.49870026
2026-05-18 01:15:00,1491.0,1491.0,1491.0,1491.0,53.6586167,80004.9974997
2026-05-18 01:30:00,1491.0,1491.0,1489.0,1489.0,7731.14335431,11526965.70445721
2026-05-18 01:45:00,1489.0,1489.0,1489.0,1489.0,112.97476495,168219.42501055
2026-05-18 02:00:00,1492.0,1492.0,1492.0,1492.0,1339.81266739,1999000.49974588
2026-05-18 02:15:00,1489.0,1492.0,1489.0,1492.0,3967.3231572,5907363.7505424
2026-05-18 03:00:00,1492.0,1492.0,1492.0,1492.0,9.55173582,14251.18984344
2026-05-18 03:15:00,1489.0,1491.0,1489.0,1489.0,1101.9585178,1642366.0858042
2026-05-18 03:30:00,1489.0,1489.0,1489.0,1489.0,74.43787777,110837.99999953
2026-05-18 03:45:00,1489.0,1489.0,1489.0,1489.0,196.72858755,292928.86686195
2026-05-18 04:00:00,1489.0,1491.0,1488.0,1488.0,2809.31691654,4183470.69213907
2026-05-18 04:15:00,1491.0,1492.0,1489.0,1489.0,438.95971664,654905.99998042
2026-05-18 04:30:00,1488.0,1488.0,1488.0,1488.0,38.50182066,57290.70914208
2026-05-18 04:45:00,1488.0,1488.0,1488.0,1488.0,751.95519151,1118909.32496688
2026-05-18 06:00:00,1488.0,1488.0,1488.0,1488.0,5067.20430108,7540000.00000704
2026-05-18 06:15:00,1487.0,1487.0,1487.0,1487.0,140.317109,208651.541083
2026-05-18 06:30:00,1487.0,1489.0,1487.0,1489.0,647.56462241,962936.52636449
2026-05-18 06:45:00,1489.0,1489.0,1487.0,1487.0,70.78788465,105269.08911711
2026-05-18 07:00:00,1487.0,1490.0,1487.0,1490.0,6976.71520357,10381491.91925885
2026-05-18 07:15:00,1490.0,1492.0,1490.0,1492.0,2551.35271,3803849.57756382
2026-05-18 07:30:00,1491.0,1491.0,1491.0,1491.0,2012.0724346,2999999.9999886
2026-05-18 07:45:00,1489.0,1489.0,1489.0,1489.0,30.0,44670.0
2026-05-18 08:00:00,1489.0,1489.0,1489.0,1489.0,162.65749852,242197.01529628
2026-05-18 08:15:00,1490.0,1490.0,1489.0,1490.0,13675.55693176,20369735.46688116
2026-05-18 08:30:00,1489.0,1496.0,1489.0,1492.0,121430.23821848,181412987.4706643
2026-05-18 08:45:00,1492.0,1496.0,1490.0,1490.0,35206.62936086,52567004.21018653
2026-05-18 09:00:00,1493.0,1493.0,1489.0,1489.0,12079.95160706,18002803.0160485
2026-05-18 09:15:00,1489.0,1490.0,1487.0,1487.0,32673.55951268,48641576.08416659
2026-05-18 09:30:00,1487.0,1489.0,1487.0,1489.0,7867.23721213,11703587.92353436
2026-05-18 09:45:00,1486.0,1486.0,1485.0,1486.0,8000.9172227,11888334.28797618
2026-05-18 10:00:00,1486.0,1489.0,1485.0,1486.0,1665.89265102,2476611.0679404
2026-05-18 10:15:00,1489.0,1489.0,1487.0,1489.0,3535.68987776,5264228.82315892
2026-05-18 10:30:00,1487.0,1489.0,1487.0,1489.0,8036.70412752,11963990.26153762
2026-05-18 10:45:00,1489.0,1489.0,1488.0,1488.0,787.67574896,1172465.1168346
2026-05-18 11:00:00,1487.0,1489.0,1487.0,1489.0,2010.45319928,2990692.68619676
2026-05-18 11:15:00,1489.0,1490.0,1489.0,1490.0,18492.78855615,27540357.55014371
2026-05-18 11:30:00,1489.0,1490.0,1489.0,1489.0,52682.32936984,78444992.2272526
2026-05-18 11:45:00,1490.0,1490.0,1490.0,1490.0,3089.06691224,4602709.6992376
2026-05-18 12:00:00,1490.0,1491.0,1489.0,1489.0,19625.33891484,29235450.40476631
2026-05-18 12:15:00,1489.0,1490.0,1489.0,1489.0,18140.51333476,27017932.35545764
2026-05-18 12:30:00,1489.0,1490.0,1489.0,1489.0,104977.68113251,156324846.69590437
2026-05-18 12:45:00,1489.0,1489.0,1488.0,1488.0,10494.46937797,15619126.73441936
2026-05-18 13:00:00,1488.0,1489.0,1488.0,1488.0,15342.8102375,22830108.34931672
2026-05-18 13:15:00,1488.0,1490.0,1488.0,1488.0,10328.90755927,15369448.79632522
2026-05-18 13:30:00,1488.0,1490.0,1488.0,1489.0,16118.86698977,23991712.1106137
2026-05-18 13:45:00,1488.0,1489.0,1487.0,1487.0,14787.39760779,22002641.2833391
2026-05-18 14:00:00,1487.0,1487.0,1487.0,1487.0,190.51633457,283297.78950559
2026-05-18 14:15:00,1487.0,1489.0,1487.0,1489.0,1056.24220891,1570865.17700645
2026-05-18 14:30:00,1488.0,1488.0,1488.0,1488.0,388.09998709,577492.78078992
2026-05-18 14:45:00,1488.0,1490.0,1487.0,1487.0,627.71353548,934983.2408062
2026-05-18 15:00:00,1487.0,1490.0,1487.0,1490.0,10712.38194193,15955961.03979563
2026-05-18 15:15:00,1487.0,1490.0,1487.0,1490.0,8540.03688223,12719634.44454713
2026-05-18 15:30:00,1487.0,1487.0,1486.0,1486.0,804.5079678,1195897.93511711
2026-05-18 15:45:00,1486.0,1486.0,1486.0,1486.0,75.92715114,112827.74659404
2026-05-18 16:00:00,1486.0,1487.0,1486.0,1487.0,1168.23986241,1736418.43687167
2026-05-18 16:15:00,1487.0,1488.0,1486.0,1487.0,14074.26414377,20924022.69267985
2026-05-18 16:30:00,1486.0,1487.0,1486.0,1487.0,1833.77699253,2725532.49634417
2026-05-18 16:45:00,1487.0,1489.0,1487.0,1489.0,3109.72692363,4626148.81793959
2026-05-18 17:00:00,1486.0,1487.0,1486.0,1486.0,3517.20969671,5229841.12578718
2026-05-18 17:15:00,1486.0,1488.0,1486.0,1486.0,7772.04134569,11549320.61173834
2026-05-18 17:30:00,1486.0,1486.0,1486.0,1486.0,3907.88465094,5807116.59129684
2026-05-18 17:45:00,1486.0,1486.0,1486.0,1486.0,17003.61603522,25267373.42833692
2026-05-18 18:00:00,1486.0,1486.0,1485.0,1485.0,11218.63253464,16670297.24647504
2026-05-18 18:15:00,1485.0,1487.0,1485.0,1487.0,7029.72541035,10451532.53436975
2026-05-18 18:30:00,1486.0,1486.0,1485.0,1485.0,3306.44154071,4910590.37082142
2026-05-18 18:45:00,1487.0,1487.0,1485.0,1485.0,5996.13123299,8906381.29123278
2026-05-18 19:00:00,1485.0,1487.0,1485.0,1485.0,1515.24709866,2250261.5259082
2026-05-18 19:15:00,1486.0,1486.0,1485.0,1485.0,1866.65642535,2772583.27993646
2026-05-18 19:30:00,1486.0,1486.0,1485.0,1485.0,32408.50742489,48128528.62462748
2026-05-18 19:45:00,1485.0,1485.0,1484.0,1484.0,5066.40373866,7518554.22699125
2026-05-18 20:00:00,1484.0,1484.0,1484.0,1484.0,6313.32566525,9368975.287231
2026-05-18 20:15:00,1484.0,1486.0,1484.0,1484.0,1443.39626389,2143884.0004519
2026-05-18 20:30:00,1484.0,1484.0,1483.0,1484.0,60289.20294762,89467221.2559865
2026-05-18 20:45:00,1484.0,1486.0,1483.0,1486.0,3257.28386768,4834274.04430949
2026-05-18 21:00:00,1486.0,1488.0,1486.0,1488.0,25380.18888988,37715557.6581036
2026-05-18 21:15:00,1487.0,1487.0,1486.0,1487.0,2107.51216887,3133811.59510969
2026-05-18 21:30:00,1487.0,1488.0,1487.0,1488.0,25249.4966237,37547497.08479461
2026-05-18 21:45:00,1488.0,1488.0,1486.0,1488.0,13111.23586105,19483757.06086222
2026-05-18 22:00:00,1488.0,1488.0,1485.0,1487.0,635.62457824,945194.91926999
2026-05-18 22:15:00,1485.0,1485.0,1485.0,1485.0,14.03496973,20841.93004905
2026-05-18 22:30:00,1487.0,1488.0,1485.0,1485.0,1439.65505259,2141292.45761991
2026-05-18 22:45:00,1488.0,1488.0,1487.0,1488.0,1165.52464698,1734010.00544725
2026-05-18 23:00:00,1488.0,1488.0,1486.0,1488.0,2047.4168391,3045455.47897386
2026-05-18 23:15:00,1488.0,1489.0,1488.0,1489.0,6657.32006432,9909542.90893411
2026-05-18 23:30:00,1488.0,1488.0,1488.0,1488.0,9131.81409457,13588139.37272016
2026-05-18 23:45:00,1488.0,1489.0,1487.0,1487.0,1152.54775084,1715361.89453677
2026-05-19 00:00:00,1487.0,1490.0,1486.0,1486.0,5257.34092382,7823606.98844314
2026-05-19 00:15:00,1487.0,1490.0,1487.0,1487.0,2162.6423604,3216050.43157584
2026-05-19 00:30:00,1488.0,1488.0,1488.0,1488.0,710.700228,1057521.939264
2026-05-19 00:45:00,1488.0,1489.0,1488.0,1489.0,9.30978368,13859.95811584
2026-05-19 01:00:00,1489.0,1490.0,1488.0,1490.0,248.99838348,370996.5913852
2026-05-19 01:15:00,1488.0,1488.0,1488.0,1488.0,10.0,14880.0
2026-05-19 01:45:00,1488.0,1488.0,1488.0,1488.0,938.77819805,1396901.9586984
2026-05-19 02:00:00,1488.0,1490.0,1488.0,1488.0,4212.3385612,6267985.43275686
2026-05-19 02:15:00,1488.0,1490.0,1488.0,1488.0,17009.40041466,25309995.87070534
2026-05-19 02:30:00,1488.0,1489.0,1485.0,1485.0,21112.95348695,31415844.58214758
2026-05-19 02:45:00,1488.0,1489.0,1488.0,1489.0,5370.05527982,7996001.99999471
2026-05-19 03:00:00,1489.0,1489.0,1486.0,1486.0,3782.77948019,5630270.25039146
2026-05-19 03:15:00,1486.0,1489.0,1486.0,1489.0,63.03068364,93832.59416904
2026-05-19 03:30:00,1489.0,1489.0,1489.0,1489.0,753.24894441,1121587.67822649
2026-05-19 03:45:00,1489.0,1489.0,1489.0,1489.0,253.0,376717.0
2026-05-19 04:00:00,1488.0,1488.0,1486.0,1486.0,1413.94324201,2102921.52207346
2026-05-19 04:15:00,1488.0,1488.0,1488.0,1488.0,18.76344086,27919.99999968
2026-05-19 04:45:00,1487.0,1487.0,1485.0,1485.0,363.93767629,540833.47585782
2026-05-19 05:00:00,1487.0,1487.0,1485.0,1485.0,205.53615594,305399.59910284
2026-05-19 06:00:00,1485.0,1487.0,1485.0,1485.0,3866.48378787,5742131.92196071
2026-05-19 06:15:00,1485.0,1487.0,1485.0,1487.0,456.66186508,678815.36460008
2026-05-19 06:30:00,1487.0,1487.0,1487.0,1487.0,1561.51850099,2321978.01097213
2026-05-19 06:45:00,1486.0,1486.0,1484.0,1484.0,494.57057884,734393.30030399
2026-05-19 07:00:00,1487.0,1487.0,1484.0,1484.0,8537.84939346,12694192.70971302
2026-05-19 07:15:00,1484.0,1487.0,1484.0,1487.0,5217.97441333,7747685.41388171
2026-05-19 07:30:00,1486.0,1486.0,1486.0,1486.0,370.70391,550866.01026
2026-05-19 07:45:00,1486.0,1486.0,1486.0,1486.0,17.88376117,26575.26909862
2026-05-19 08:15:00,1485.0,1486.0,1484.0,1486.0,265.83333333,394629.39730313
2026-05-19 08:30:00,1484.0,1484.0,1484.0,1484.0,30.37939619,45083.02394596
2026-05-19 08:45:00,1484.0,1484.0,1484.0,1484.0,817.64638269,1213387.23191196
2026-05-19 09:00:00,1484.0,1488.0,1484.0,1488.0,438.00539084,651289.90179063
2026-05-19 09:15:00,1487.0,1487.0,1487.0,1487.0,6705.84465831,9971591.00690697
2026-05-19 09:30:00,1485.0,1488.0,1484.0,1485.0,2645.4300028,3933536.63842968
2026-05-19 09:45:00,1485.0,1488.0,1485.0,1488.0,2691.24694259,4000882.05057218
2026-05-19 10:00:00,1488.0,1489.0,1488.0,1488.0,663.66500007,987553.1922353
2026-05-19 10:15:00,1488.0,1489.0,1488.0,1488.0,6087.13544289,9059123.96145148
2026-05-19 10:30:00,1488.0,1489.0,1485.0,1489.0,7300.22662365,10862992.33944428
2026-05-19 10:45:00,1488.0,1488.0,1485.0,1485.0,1307.0396666,1942317.06263385
2026-05-19 11:00:00,1489.0,1489.0,1489.0,1489.0,87.30691739,129999.99999371
2026-05-19 11:15:00,1488.0,1488.0,1486.0,1486.0,6719.18016704,9991254.8854795
2026-05-19 11:30:00,1489.0,1489.0,1486.0,1486.0,1424.45779592,2117943.52100345
2026-05-19 12:00:00,1486.0,1489.0,1486.0,1489.0,330.35438737,491041.61963182
2026-05-19 12:15:00,1486.0,1486.0,1486.0,1486.0,1975.41232231,2935462.71095266
2026-05-19 12:30:00,1489.0,1489.0,1486.0,1487.0,872.58953275,1297202.31917321
2026-05-19 12:45:00,1488.0,1488.0,1488.0,1488.0,134.34143143,199900.04996784
2026-05-19 13:00:00,1488.0,1488.0,1487.0,1487.0,1372.27068434,2041805.65143077
2026-05-19 13:15:00,1487.0,1488.0,1487.0,1488.0,3947.2841191,5873378.85330375
2026-05-19 13:30:00,1488.0,1488.0,1486.0,1486.0,2030.8986994,3019261.19653054
2026-05-19 13:45:00,1486.0,1486.0,1486.0,1486.0,530.0001,787580.1486
2026-05-19 14:00:00,1486.0,1488.0,1486.0,1488.0,8920.82293049,13270065.13026428
2026-05-19 14:15:00,1488.0,1488.0,1488.0,1488.0,41326.69872091,61494127.69671408
2026-05-19 14:30:00,1488.0,1488.0,1487.0,1488.0,6460.43375511,9612881.06022145
2026-05-19 14:45:00,1488.0,1488.0,1487.0,1488.0,13567.44571807,20187759.22848816
2026-05-19 15:00:00,1488.0,1488.0,1488.0,1488.0,16485.39060356,24530261.21809728
2026-05-19 15:15:00,1488.0,1488.0,1488.0,1488.0,1780.43658304,2649289.63556352
2026-05-19 15:30:00,1486.0,1488.0,1486.0,1488.0,13355.79693876,19860825.89143702
2026-05-19 15:45:00,1488.0,1488.0,1487.0,1488.0,148586.02762796,221090009.1104045
2026-05-19 16:00:00,1488.0,1489.0,1488.0,1489.0,42580.4214517,63364491.32722863
2026-05-19 16:15:00,1489.0,1490.0,1489.0,1490.0,3355.70870499,4999999.99998513
2026-05-19 16:30:00,1490.0,1490.0,1490.0,1490.0,9584.83577003,14281405.2973447
2026-05-19 16:45:00,1488.0,1488.0,1488.0,1488.0,3772.168032,5612986.031616
2026-05-19 17:00:00,1490.0,1490.0,1490.0,1490.0,138.48926606,206349.0064294
2026-05-19 17:15:00,1488.0,1488.0,1488.0,1488.0,1257.25805,1870799.9784
2026-05-19 17:30:00,1488.0,1490.0,1488.0,1490.0,275.658307,410239.560816
2026-05-19 17:45:00,1489.0,1490.0,1488.0,1488.0,146.46920197,217971.02644577
2026-05-19 18:00:00,1489.0,1490.0,1488.0,1489.0,1721.09479502,2562753.1089712
2026-05-19 18:15:00,1489.0,1490.0,1488.0,1490.0,4773.54014143,7111730.43077863
2026-05-19 18:30:00,1490.0,1490.0,1488.0,1490.0,987.9024866,1470367.32282042
2026-05-19 18:45:00,1490.0,1491.0,1488.0,1488.0,783.96647975,1168505.70862864
2026-05-19 19:00:00,1489.0,1491.0,1489.0,1489.0,2833.31114162,4218979.55430744
2026-05-19 19:15:00,1489.0,1490.0,1489.0,1490.0,905.050506,1348070.833434
2026-05-19 19:30:00,1490.0,1491.0,1488.0,1491.0,1591.2128047,2371139.59645569
2026-05-19 19:45:00,1491.0,1491.0,1488.0,1489.0,2746.70911624,4094105.2060273
2026-05-19 20:00:00,1489.0,1491.0,1488.0,1490.0,1085.31157446,1616993.97843717
2026-05-19 20:15:00,1489.0,1490.0,1489.0,1490.0,75.91917967,113052.31548673
2026-05-19 20:30:00,1490.0,1491.0,1490.0,1491.0,929.06734457,1385188.77396769
2026-05-19 20:45:00,1489.0,1491.0,1489.0,1491.0,381.29607699,567941.07211923
2026-05-19 21:00:00,1491.0,1491.0,1489.0,1490.0,1984.79409998,2956779.63971414
2026-05-19 21:15:00,1489.0,1491.0,1489.0,1489.0,9184.44306105,13684201.22058905
2026-05-19 21:30:00,1490.0,1491.0,1490.0,1490.0,515.66183575,768713.80089477
2026-05-19 21:45:00,1490.0,1490.0,1490.0,1490.0,836.60494275,1246541.3646975
2026-05-19 22:00:00,1490.0,1491.0,1489.0,1489.0,2291.79592545,3415191.08961603
2026-05-19 22:15:00,1490.0,1490.0,1490.0,1490.0,841.79994999,1254281.9254851
2026-05-19 22:30:00,1491.0,1491.0,1490.0,1491.0,17489.93389428,26077264.72946267
2026-05-19 22:45:00,1491.0,1492.0,1490.0,1491.0,13452.39708735,20054808.88514696
2026-05-19 23:00:00,1491.0,1491.0,1491.0,1491.0,75.0,111825.0
2026-05-19 23:15:00,1491.0,1493.0,1490.0,1493.0,3461.61144069,5165241.80941674
2026-05-19 23:30:00,1493.0,1493.0,1489.0,1490.0,1927.44028986,2875290.76351165
2026-05-19 23:45:00,1492.0,1493.0,1492.0,1493.0,2930.05172356,4374548.34475722
2026-05-20 00:00:00,1493.0,1493.0,1492.0,1493.0,855.87917436,1277794.02129798
2026-05-20 00:15:00,1493.0,1493.0,1490.0,1490.0,803.34896182,1196999.99999726
2026-05-20 01:00:00,1490.0,1490.0,1490.0,1490.0,7.52271146,11208.8400754
2026-05-20 02:30:00,1490.0,1490.0,1490.0,1490.0,1342.28183887,1999999.9399163
2026-05-20 03:00:00,1490.0,1492.0,1490.0,1492.0,10.00004033,14920.0600917
2026-05-20 03:15:00,1492.0,1492.0,1492.0,1492.0,22.0,32824.0
2026-05-20 04:15:00,1492.0,1492.0,1492.0,1492.0,161.47296,240917.65632
2026-05-20 04:30:00,1492.0,1493.0,1492.0,1493.0,2753.9299868,4111612.0982524
2026-05-20 04:45:00,1493.0,1493.0,1493.0,1493.0,5522.89840636,8245687.32069548
2026-05-20 05:00:00,1493.0,1494.0,1493.0,1494.0,6444.4285501,9622220.35481845
2026-05-20 05:30:00,1493.0,1493.0,1493.0,1493.0,3.35120643,5003.35119999
2026-05-20 05:45:00,1493.0,1494.0,1492.0,1492.0,235.46296209,351541.34670471
2026-05-20 06:00:00,1492.0,1492.0,1490.0,1490.0,1770.00545426,2638177.24733006
2026-05-20 06:15:00,1493.0,1493.0,1493.0,1493.0,674.72881777,1007370.12493061
2026-05-20 06:30:00,1493.0,1493.0,1493.0,1493.0,13.54982254,20229.88505222
2026-05-20 06:45:00,1493.0,1493.0,1493.0,1493.0,13.39584728,19999.99998904
2026-05-20 07:00:00,1493.0,1493.0,1493.0,1493.0,566.8035346,846237.6771578
2026-05-20 07:15:00,1493.0,1494.0,1493.0,1494.0,1172.43713319,1750680.97952571
2026-05-20 07:30:00,1493.0,1493.0,1493.0,1493.0,53.86752,80424.20736
2026-05-20 07:45:00,1492.0,1492.0,1492.0,1492.0,1849.20731999,2759017.32142508
2026-05-20 08:15:00,1492.0,1492.0,1491.0,1491.0,1476.32083833,2201999.99997683
2026-05-20 08:30:00,1490.0,1490.0,1490.0,1490.0,3615.02011497,5386379.9713053
2026-05-20 08:45:00,1490.0,1490.0,1490.0,1490.0,755.54304521,1125759.1373629
2026-05-20 09:00:00,1490.0,1493.0,1484.0,1492.0,56431.78871917,83983971.62791386
2026-05-20 09:15:00,1492.0,1492.0,1490.0,1490.0,35.7,53205.0
2026-05-20 09:30:00,1490.0,1491.0,1490.0,1490.0,726.95891389,1083504.35216589
2026-05-20 09:45:00,1490.0,1491.0,1489.0,1489.0,10213.68483613,15221083.83747001
2026-05-20 10:00:00,1491.0,1491.0,1491.0,1491.0,6744.74488409,10056414.62217819
2026-05-20 10:15:00,1489.0,1492.0,1489.0,1491.0,5164.22545819,7690963.48945791
2026-05-20 10:30:00,1488.0,1492.0,1488.0,1490.0,670.11943908,998300.16787268
2026-05-20 10:45:00,1490.0,1490.0,1488.0,1488.0,5061.99331168,7536861.5792372
2026-05-20 11:00:00,1490.0,1490.0,1488.0,1488.0,243.95305401,363372.1310118
2026-05-20 11:15:00,1488.0,1490.0,1488.0,1490.0,14304.90825773,21288190.16362726
2026-05-20 11:30:00,1489.0,1490.0,1488.0,1489.0,7979.92126268,11879674.50715249
2026-05-20 11:45:00,1489.0,1489.0,1487.0,1487.0,1628.08073552,2421828.81518928
2026-05-20 12:00:00,1488.0,1489.0,1488.0,1489.0,972.6683591,1447483.5183408
2026-05-20 12:15:00,1487.0,1489.0,1487.0,1487.0,29045.69287561,43191049.60710731
2026-05-20 12:30:00,1487.0,1487.0,1487.0,1487.0,1986.59440691,2954065.88307517
2026-05-20 12:45:00,1487.0,1488.0,1487.0,1488.0,230.54278812,343031.12593444
2026-05-20 13:00:00,1487.0,1488.0,1487.0,1487.0,7893.89354071,11738286.94453139
2026-05-20 13:30:00,1487.0,1487.0,1487.0,1487.0,1118.074226,1662576.374062
2026-05-20 13:45:00,1489.0,1489.0,1487.0,1487.0,4105.93959434,6109742.51908554
2026-05-20 14:00:00,1487.0,1489.0,1487.0,1489.0,5651.02025329,8403081.70198793
2026-05-20 14:15:00,1489.0,1490.0,1486.0,1487.0,4540.77431951,6749254.05175705
2026-05-20 14:45:00,1486.0,1487.0,1486.0,1487.0,3200.43644655,4756459.49487203
2026-05-20 15:00:00,1487.0,1488.0,1486.0,1486.0,5366.10567089,7979046.46780274
2026-05-20 15:15:00,1486.0,1486.0,1486.0,1486.0,729.28569999,1083718.55018514
2026-05-20 15:30:00,1486.0,1489.0,1486.0,1486.0,890.35635163,1323089.72694748
2026-05-20 15:45:00,1486.0,1488.0,1486.0,1486.0,14734.14423507,21900685.65186238
2026-05-20 16:00:00,1488.0,1488.0,1486.0,1486.0,1216.41486483,1807861.17200024
2026-05-20 16:15:00,1486.0,1486.0,1485.0,1485.0,22071.50689182,32777395.3049421
2026-05-20 16:30:00,1486.0,1487.0,1485.0,1485.0,1719.2382495,2555162.23967635
2026-05-20 16:45:00,1487.0,1488.0,1487.0,1488.0,2107.93366426,3134745.94837605
2026-05-20 17:00:00,1487.0,1488.0,1485.0,1485.0,3334.47591396,4957105.71610154
2026-05-20 17:15:00,1486.0,1486.0,1485.0,1485.0,91.57820534,136003.6349299
2026-05-20 17:30:00,1485.0,1485.0,1485.0,1485.0,5072.82557409,7533145.97752365
2026-05-20 17:45:00,1485.0,1485.0,1485.0,1485.0,461.484039,685303.797915
2026-05-20 18:00:00,1485.0,1488.0,1485.0,1488.0,27596.82275933,41063436.93254074
2026-05-20 18:15:00,1488.0,1488.0,1486.0,1488.0,50496.03751673,75137874.7231458
2026-05-20 18:30:00,1488.0,1488.0,1488.0,1488.0,6.7204301,9999.9999888
2026-05-20 18:45:00,1488.0,1488.0,1486.0,1488.0,840.56286194,1250372.28859872
2026-05-20 19:00:00,1486.0,1488.0,1486.0,1488.0,225.71766329,335431.08287552
2026-05-20 19:15:00,1488.0,1490.0,1486.0,1486.0,1412.44583579,2104168.29475751
2026-05-20 19:30:00,1489.0,1490.0,1489.0,1490.0,147.61744965,219939.9999785
2026-05-20 19:45:00,1488.0,1488.0,1487.0,1487.0,855.592276,1273072.160182
2026-05-20 20:00:00,1489.0,1489.0,1486.0,1486.0,57.84150436,86039.2377355
2026-05-20 20:15:00,1486.0,1486.0,1486.0,1486.0,10.0,14860.0
2026-05-20 20:30:00,1486.0,1488.0,1486.0,1488.0,967.38983957,1438384.00160102
2026-05-20 20:45:00,1487.0,1490.0,1487.0,1487.0,730.59775968,1086615.33249216
2026-05-20 21:00:00,1487.0,1487.0,1487.0,1487.0,1090.23079189,1621173.18754043
2026-05-20 21:15:00,1487.0,1490.0,1487.0,1488.0,1088.40053242,1621155.14411563
2026-05-20 21:30:00,1488.0,1490.0,1487.0,1487.0,1066.07965334,1585747.58102312
2026-05-20 21:45:00,1489.0,1489.0,1487.0,1487.0,2071.17639077,3081864.29307499
2026-05-20 22:00:00,1487.0,1489.0,1487.0,1489.0,8073.69886104,12017617.60008856
2026-05-20 22:15:00,1489.0,1490.0,1488.0,1488.0,14285.41017892,21271029.43660747
2026-05-20 22:30:00,1490.0,1490.0,1488.0,1490.0,11289.50089848,16821306.3387352
2026-05-20 22:45:00,1490.0,1491.0,1489.0,1491.0,2580.5213003,3844983.47603597
2026-05-20 23:00:00,1490.0,1491.0,1487.0,1487.0,3814.18456892,5682029.24554899
2026-05-20 23:15:00,1490.0,1490.0,1487.0,1488.0,15501.49969297,23079468.94194985
2026-05-20 23:30:00,1487.0,1487.0,1484.0,1484.0,3545.49619846,5265486.57882608
2026-05-20 23:45:00,1486.0,1486.0,1485.0,1485.0,10963.17582638,16280574.95903483
2026-05-21 00:00:00,1485.0,1486.0,1484.0,1486.0,4245.01684382,6303708.10186639
2026-05-21 00:15:00,1485.0,1485.0,1484.0,1484.0,6188.48762937,9184981.02042381
2026-05-21 00:30:00,1484.0,1485.0,1483.0,1483.0,13969.07900057,20725827.13607268
2026-05-21 00:45:00,1483.0,1485.0,1483.0,1485.0,1287.44028953,1909442.21882167
2026-05-21 01:00:00,1483.0,1485.0,1483.0,1485.0,869.1537459,1289948.68732458
2026-05-21 01:15:00,1485.0,1486.0,1485.0,1486.0,720.90596454,1070929.56296974
2026-05-21 01:30:00,1486.0,1486.0,1485.0,1485.0,1704.44963864,2531191.86301574
2026-05-21 01:45:00,1486.0,1486.0,1483.0,1483.0,11951.04039638,17747108.76305773
2026-05-21 02:00:00,1485.0,1485.0,1485.0,1485.0,537.56026936,798276.9999996
2026-05-21 02:30:00,1483.0,1483.0,1483.0,1483.0,1225.38815271,1817250.63046893
2026-05-21 03:45:00,1485.0,1486.0,1485.0,1486.0,4201.84363944,6239939.68882142
2026-05-21 04:30:00,1486.0,1486.0,1486.0,1486.0,6.7294751,9999.9999986
2026-05-21 05:00:00,1484.0,1484.0,1484.0,1484.0,202.15633423,299999.99999732
2026-05-21 05:45:00,1485.0,1485.0,1485.0,1485.0,269.36026936,399999.9999996
2026-05-21 06:00:00,1485.0,1485.0,1484.0,1484.0,966.31519217,1434684.80932161
2026-05-21 06:15:00,1484.0,1486.0,1484.0,1486.0,208.93599524,310465.32960462
2026-05-21 06:30:00,1484.0,1484.0,1483.0,1483.0,3240.46142602,4805845.90498041
2026-05-21 06:45:00,1483.0,1483.0,1483.0,1483.0,10.0,14830.0
2026-05-21 07:00:00,1486.0,1486.0,1484.0,1484.0,179.0,265921.0
2026-05-21 07:15:00,1486.0,1486.0,1485.0,1485.0,1988.27164113,2953967.73834243
2026-05-21 07:45:00,1486.0,1486.0,1486.0,1486.0,10.0,14860.0
2026-05-21 08:00:00,1486.0,1487.0,1486.0,1487.0,168.11365163,249974.99997381
2026-05-21 08:15:00,1485.0,1485.0,1484.0,1484.0,3777.9621294,5609944.4459017
2026-05-21 08:30:00,1484.0,1485.0,1483.0,1483.0,9005.72289857,13366340.78324255
2026-05-21 08:45:00,1483.0,1484.0,1483.0,1483.0,8497.67710212,12602058.51239005
2026-05-21 09:00:00,1483.0,1485.0,1482.0,1482.0,452.49981018,671894.93828687
2026-05-21 09:15:00,1482.0,1485.0,1482.0,1485.0,1471.14727308,2181137.85189244
2026-05-21 09:30:00,1485.0,1485.0,1483.0,1483.0,5324.153658,7897066.00309666
2026-05-21 09:45:00,1483.0,1483.0,1483.0,1483.0,13709.53900167,20331246.33947661
2026-05-21 10:00:00,1483.0,1485.0,1483.0,1485.0,4170.49066999,6184849.30007367
2026-05-21 10:15:00,1483.0,1483.0,1482.0,1483.0,38188.4345137,56630899.26870638
2026-05-21 10:30:00,1483.0,1483.0,1482.0,1482.0,2128.24290852,3156121.39212115
2026-05-21 10:45:00,1484.0,1484.0,1482.0,1484.0,620.7520587,920418.93457208
2026-05-21 11:00:00,1484.0,1484.0,1484.0,1484.0,5318.45597864,7892588.67230176
2026-05-21 11:15:00,1484.0,1485.0,1482.0,1483.0,14932.75215324,22159796.39278796
2026-05-21 11:30:00,1485.0,1486.0,1483.0,1486.0,15870.88768788,23573090.89053284
2026-05-21 11:45:00,1486.0,1487.0,1484.0,1486.0,7013.32995864,10422372.49470196
2026-05-21 12:00:00,1486.0,1487.0,1485.0,1487.0,15809.82187669,23508749.78197543
2026-05-21 12:15:00,1485.0,1485.0,1484.0,1485.0,4230.00070832,6279547.7121622
2026-05-21 12:30:00,1484.0,1484.0,1484.0,1484.0,524.7,778654.8
2026-05-21 12:45:00,1484.0,1486.0,1484.0,1486.0,1203.14670255,1786479.9999893
2026-05-21 13:00:00,1486.0,1486.0,1484.0,1485.0,797.69271567,1185090.44732362
2026-05-21 13:30:00,1485.0,1487.0,1485.0,1487.0,2162.74341149,3213500.96005827
2026-05-21 13:45:00,1485.0,1487.0,1485.0,1487.0,1034.9277836,1538075.6142132
2026-05-21 14:00:00,1485.0,1487.0,1485.0,1485.0,1270.77069331,1887134.82926271
2026-05-21 14:15:00,1487.0,1487.0,1485.0,1485.0,7173.17754561,10652196.04167211
2026-05-21 14:30:00,1485.0,1485.0,1485.0,1485.0,27977.02245574,41545878.3467739
2026-05-21 14:45:00,1486.0,1486.0,1485.0,1485.0,198.50858673,294860.20722187
2026-05-21 15:00:00,1485.0,1487.0,1485.0,1485.0,3199.49721215,4756224.40913483
2026-05-21 15:15:00,1487.0,1487.0,1487.0,1487.0,6724.94956287,9999999.99998769
2026-05-21 15:30:00,1488.0,1488.0,1485.0,1485.0,350.72776874,521122.34948211
2026-05-21 15:45:00,1488.0,1488.0,1485.0,1485.0,9256.99810277,13763208.49526457
2026-05-21 16:00:00,1485.0,1489.0,1485.0,1488.0,660.86076819,983027.09472064
2026-05-21 16:15:00,1488.0,1488.0,1485.0,1488.0,74808.68372501,111095408.33739786
2026-05-21 16:30:00,1488.0,1488.0,1485.0,1488.0,17420.78679017,25915501.11305167
2026-05-21 16:45:00,1487.0,1487.0,1487.0,1487.0,1768.63732467,2629963.70178429
2026-05-21 17:00:00,1487.0,1487.0,1484.0,1487.0,8414.3492635,12496059.01144534
2026-05-21 17:15:00,1484.0,1487.0,1484.0,1487.0,1568.36278363,2327491.67083967
2026-05-21 17:30:00,1487.0,1487.0,1485.0,1487.0,521.77636993,775831.16180009
2026-05-21 17:45:00,1485.0,1486.0,1485.0,1485.0,2010.01390679,2985707.80445797
2026-05-21 18:00:00,1486.0,1486.0,1485.0,1485.0,4891.62265027,7268301.55830122
2026-05-21 18:15:00,1485.0,1486.0,1485.0,1485.0,639.00912374,949113.55693019
2026-05-21 18:30:00,1486.0,1487.0,1486.0,1487.0,6713.54562765,9977367.6152887
2026-05-21 18:45:00,1487.0,1487.0,1486.0,1487.0,4612.52052562,6858442.81311005
2026-05-21 19:00:00,1487.0,1487.0,1486.0,1487.0,7393.6266562,10988122.5465394
2026-05-21 19:15:00,1487.0,1488.0,1487.0,1488.0,1638.54583711,2437936.60096542
2026-05-21 19:30:00,1488.0,1489.0,1486.0,1488.0,509.88794203,758880.24131906
2026-05-21 19:45:00,1487.0,1489.0,1486.0,1489.0,460.25379342,684002.00056397
2026-05-21 20:00:00,1489.0,1489.0,1487.0,1487.0,543.06676731,807595.27560245
2026-05-21 20:15:00,1489.0,1489.0,1487.0,1487.0,1156.27453621,1721551.80373275
2026-05-21 20:30:00,1489.0,1489.0,1486.0,1486.0,61.27115283,91157.59240635
2026-05-21 20:45:00,1489.0,1489.0,1485.0,1485.0,362.40286168,538282.93249394
2026-05-21 21:00:00,1488.0,1488.0,1488.0,1488.0,1246.59135405,1854927.9348264
2026-05-21 21:15:00,1488.0,1489.0,1486.0,1487.0,1428.03793516,2122775.17017998
2026-05-21 21:30:00,1487.0,1490.0,1486.0,1486.0,15907.50090443,23683522.65721472
2026-05-21 21:45:00,1486.0,1489.0,1486.0,1486.0,131.63042029,195701.12365724
2026-05-21 22:00:00,1489.0,1490.0,1487.0,1489.0,799.68550382,1190537.70173514
2026-05-21 22:15:00,1489.0,1489.0,1489.0,1489.0,408.73375298,608604.55818722
2026-05-21 22:30:00,1489.0,1490.0,1487.0,1490.0,5197.14319609,7739832.89468452
2026-05-21 22:45:00,1489.0,1490.0,1487.0,1487.0,500.85992282,745734.39228028
2026-05-21 23:00:00,1490.0,1490.0,1487.0,1487.0,453.42952681,674352.27415166
2026-05-21 23:15:00,1488.0,1490.0,1488.0,1490.0,5446.61684684,8105997.52528065
2026-05-21 23:30:00,1490.0,1490.0,1488.0,1489.0,31303.15230379,46579142.92145127
2026-05-21 23:45:00,1490.0,1490.0,1490.0,1490.0,47.29597314,70470.9999786
2026-05-22 00:00:00,1489.0,1489.0,1488.0,1489.0,3329.47733943,4956051.58573149
2026-05-22 00:15:00,1489.0,1489.0,1486.0,1487.0,1384.05960029,2057083.8104903
2026-05-22 00:30:00,1487.0,1488.0,1485.0,1486.0,4645.97750422,6903810.641602
2026-05-22 00:45:00,1486.0,1488.0,1486.0,1488.0,75.09614246,111620.3824805
2026-05-22 01:00:00,1488.0,1488.0,1487.0,1488.0,40.9263311,60888.3806768
2026-05-22 01:15:00,1488.0,1488.0,1488.0,1488.0,13.75739247,20470.99999536
2026-05-22 01:30:00,1488.0,1488.0,1486.0,1486.0,34.22734538,50916.86480456
2026-05-22 01:45:00,1488.0,1488.0,1488.0,1488.0,300.95720654,447824.32333152
2026-05-22 02:00:00,1488.0,1488.0,1486.0,1486.0,775.57445413,1152558.66840706
2026-05-22 02:15:00,1486.0,1486.0,1484.0,1484.0,39995.27325403,59368367.93073649
2026-05-22 02:30:00,1486.0,1486.0,1486.0,1486.0,27.55181694,40941.99997284
2026-05-22 02:45:00,1486.0,1486.0,1484.0,1484.0,69.29332013,102858.83888986
2026-05-22 03:00:00,1483.0,1485.0,1483.0,1483.0,1753.5557774,2600564.58272895
2026-05-22 03:15:00,1484.0,1485.0,1483.0,1483.0,2937.29296715,4356232.04065381
2026-05-22 03:30:00,1486.0,1486.0,1485.0,1486.0,38.91309026,57820.22485977
2026-05-22 03:45:00,1484.0,1486.0,1484.0,1486.0,20.50991587,30464.26696802
2026-05-22 04:00:00,1487.0,1487.0,1483.0,1486.0,627.585083,930936.91550452
2026-05-22 04:15:00,1486.0,1486.0,1486.0,1486.0,21.85127859,32470.99998474
2026-05-22 04:30:00,1486.0,1486.0,1486.0,1486.0,43.70255718,64941.99996948
2026-05-22 04:45:00,1486.0,1486.0,1484.0,1485.0,35.89440161,53310.99998438
2026-05-22 05:00:00,1486.0,1486.0,1483.0,1485.0,400.17715607,594162.43395758
2026-05-22 05:15:00,1483.0,1485.0,1483.0,1485.0,21.46127947,31843.23907017
2026-05-22 05:30:00,1483.0,1485.0,1483.0,1485.0,107.01080808,158713.1899988
2026-05-22 05:45:00,1485.0,1485.0,1483.0,1483.0,234.10499783,347210.03501421
2026-05-22 06:00:00,1483.0,1483.0,1483.0,1483.0,429.89873034,637539.81709422
2026-05-22 06:15:00,1483.0,1486.0,1483.0,1485.0,1102.64296297,1635374.29201181
2026-05-22 06:30:00,1483.0,1485.0,1483.0,1483.0,1963.53779441,2912619.91463179
2026-05-22 06:45:00,1483.0,1483.0,1483.0,1483.0,281.80252865,417913.14998795
2026-05-22 07:00:00,1483.0,1483.0,1483.0,1483.0,1511.74476248,2241917.48275784
2026-05-22 07:15:00,1485.0,1486.0,1485.0,1486.0,1093.88063077,1624602.99998372
2026-05-22 07:30:00,1482.0,1482.0,1482.0,1482.0,398.56140939,590668.00871598
2026-05-22 07:45:00,1483.0,1483.0,1482.0,1482.0,1709.44144,2533411.22872783
2026-05-22 08:00:00,1483.0,1483.0,1483.0,1483.0,45.44224713,67390.85249379
2026-05-22 08:15:00,1483.0,1483.0,1483.0,1483.0,13.39584728,19866.04151624
2026-05-22 08:45:00,1485.0,1485.0,1485.0,1485.0,141.79259258,210561.9999813
2026-05-22 09:00:00,1484.0,1487.0,1483.0,1487.0,1588.72520129,2359953.42560237
2026-05-22 09:15:00,1487.0,1487.0,1487.0,1487.0,3028.41997291,4503260.49971717
2026-05-22 09:30:00,1487.0,1487.0,1486.0,1486.0,826.49647536,1228530.01062264
2026-05-22 09:45:00,1486.0,1486.0,1486.0,1486.0,217.19289131,322748.63648666
2026-05-22 10:00:00,1487.0,1487.0,1486.0,1486.0,3127.42177382,4647359.6206726
2026-05-22 10:15:00,1484.0,1487.0,1484.0,1487.0,2496.24467515,3710884.27247295
2026-05-22 10:30:00,1486.0,1487.0,1486.0,1486.0,2855.4355825,4245193.11411794
2026-05-22 10:45:00,1486.0,1487.0,1486.0,1487.0,4008.6610827,5960703.59014304
2026-05-22 11:00:00,1487.0,1487.0,1486.0,1486.0,1996.13044136,2967262.25348032
2026-05-22 11:15:00,1487.0,1487.0,1487.0,1487.0,1322.72494956,1966891.99999572
2026-05-22 11:30:00,1485.0,1485.0,1485.0,1485.0,19164.74417544,28459645.1005284
2026-05-22 11:45:00,1485.0,1485.0,1485.0,1485.0,28999.7,43064554.5
2026-05-22 12:00:00,1487.0,1488.0,1485.0,1485.0,3379.32039941,5027210.99999561
2026-05-22 12:15:00,1487.0,1487.0,1486.0,1486.0,355.44201167,528227.82934162
2026-05-22 12:30:00,1486.0,1486.0,1486.0,1486.0,541.56910013,804771.68279318
2026-05-22 12:45:00,1487.0,1488.0,1486.0,1488.0,1694.19160286,2518931.32440989
2026-05-22 13:00:00,1488.0,1488.0,1486.0,1486.0,1424.26073576,2119080.57481088
2026-05-22 13:15:00,1486.0,1488.0,1486.0,1488.0,7974.84856461,11861750.78924418
2026-05-22 13:30:00,1488.0,1489.0,1488.0,1488.0,13727.76544179,20438271.64897519
2026-05-22 13:45:00,1488.0,1488.0,1488.0,1488.0,720.4536558,1072035.0398304
2026-05-22 14:00:00,1488.0,1488.0,1487.0,1488.0,2197.99568523,3270530.36373456
2026-05-22 14:15:00,1487.0,1490.0,1487.0,1490.0,40452.27861638,60227962.56627764
2026-05-22 14:30:00,1489.0,1489.0,1488.0,1489.0,886.47382825,1319919.59607425
2026-05-22 14:45:00,1488.0,1489.0,1487.0,1489.0,4952.62390023,7369077.03970876
2026-05-22 15:00:00,1489.0,1489.0,1487.0,1487.0,40303.07962472,59942542.44997471
2026-05-22 15:15:00,1487.0,1490.0,1487.0,1489.0,6922.42766227,10304913.50267471
2026-05-22 15:30:00,1489.0,1491.0,1489.0,1491.0,51975.73560444,77447092.67472336
2026-05-22 15:45:00,1491.0,1491.0,1489.0,1491.0,3868.55188983,5767959.08545519
2026-05-22 16:00:00,1491.0,1491.0,1489.0,1490.0,22096.63989677,32945343.22817529
2026-05-22 16:15:00,1490.0,1493.0,1489.0,1489.0,18193.07765074,27141667.63053665
2026-05-22 16:30:00,1489.0,1493.0,1489.0,1492.0,1506.12452598,2245635.57808404
2026-05-22 16:45:00,1490.0,1492.0,1489.0,1492.0,20179.86206508,30071595.16655336
2026-05-22 17:00:00,1492.0,1492.0,1490.0,1490.0,3993.93178556,5956191.65271009
2026-05-22 17:15:00,1490.0,1490.0,1489.0,1489.0,12460.12522891,18553225.4001686
2026-05-22 17:30:00,1489.0,1491.0,1489.0,1491.0,11270.4595678,16802026.81109168
2026-05-22 17:45:00,1491.0,1491.0,1490.0,1491.0,12682.9320268,18909644.05273722
2026-05-22 18:00:00,1491.0,1492.0,1490.0,1490.0,7456.41061559,11117270.40637535
2026-05-22 18:15:00,1492.0,1492.0,1490.0,1490.0,8.05369126,12008.05366866
2026-05-22 18:30:00,1491.0,1493.0,1490.0,1490.0,11682.74028652,17427814.67130292
2026-05-22 18:45:00,1490.0,1493.0,1490.0,1491.0,471.47738824,703636.74391002
2026-05-22 19:00:00,1493.0,1493.0,1491.0,1492.0,5071.66049588,7571959.12034884
2026-05-22 19:15:00,1493.0,1494.0,1491.0,1494.0,562.31927238,839844.71037161
2026-05-22 19:30:00,1494.0,1494.0,1494.0,1494.0,66.93440428,99999.99999432
2026-05-22 19:45:00,1492.0,1492.0,1492.0,1492.0,1356.52302177,2023932.34848084
2026-05-22 20:00:00,1492.0,1492.0,1490.0,1490.0,1541.41551525,2299704.5822684
2026-05-22 20:15:00,1492.0,1492.0,1492.0,1492.0,79.0,117868.0
2026-05-22 20:30:00,1492.0,1492.0,1492.0,1492.0,3641.38151902,5432941.22637784
2026-05-22 20:45:00,1492.0,1493.0,1490.0,1493.0,6461.73967196,9642231.78581825
2026-05-22 21:00:00,1490.0,1490.0,1490.0,1490.0,679.22870695,1012050.7733555
2026-05-22 21:15:00,1492.0,1492.0,1490.0,1490.0,324.01596439,482971.81886988
2026-05-22 21:30:00,1490.0,1492.0,1490.0,1490.0,481.22841822,717298.17156602
2026-05-22 21:45:00,1490.0,1492.0,1490.0,1492.0,4533.46972421,6760308.45877796
2026-05-22 22:00:00,1490.0,1492.0,1490.0,1490.0,20129.06438168,29992754.02521794
2026-05-22 22:15:00,1490.0,1492.0,1490.0,1490.0,1499.71078491,2237017.92946461
2026-05-22 22:30:00,1490.0,1492.0,1490.0,1492.0,757.89566594,1129268.64184644
2026-05-22 22:45:00,1492.0,1492.0,1492.0,1492.0,6148.91864601,9174186.61984692
2026-05-22 23:00:00,1492.0,1492.0,1490.0,1492.0,14556.57657355,21718312.2477366
2026-05-22 23:15:00,1492.0,1494.0,1491.0,1493.0,2309.69804928,3448514.4478829
2026-05-22 23:30:00,1494.0,1494.0,1490.0,1490.0,8618.96398705,12845775.63157824
2026-05-22 23:45:00,1491.0,1491.0,1491.0,1491.0,200.0,298200.0
2026-05-23 00:00:00,1494.0,1494.0,1491.0,1492.0,21349.34668909,31858252.53308359
2026-05-23 00:30:00,1493.0,1494.0,1493.0,1494.0,210.66457644,314665.89796492
2026-05-23 01:00:00,1493.0,1493.0,1493.0,1493.0,6825.22596054,10190062.35908622
2026-05-23 01:15:00,1493.0,1494.0,1493.0,1494.0,9.67669146,14454.27034978
2026-05-23 01:30:00,1494.0,1494.0,1494.0,1494.0,1412.53215721,2110323.04287174
2026-05-23 01:45:00,1494.0,1494.0,1494.0,1494.0,269.62596716,402821.19493704
2026-05-23 02:00:00,1494.0,1494.0,1491.0,1492.0,4589.61208524,6851559.1990475
2026-05-23 02:45:00,1493.0,1493.0,1493.0,1493.0,71.97923644,107465.00000492
2026-05-23 03:00:00,1494.0,1495.0,1493.0,1493.0,580.2758228,867152.39466905
2026-05-23 03:15:00,1495.0,1495.0,1495.0,1495.0,3975.82516475,5943858.62130125
2026-05-23 03:30:00,1495.0,1496.0,1493.0,1494.0,31111.98371732,46519741.90710822
2026-05-23 03:45:00,1495.0,1498.0,1495.0,1495.0,30208.50737622,45233246.24534601
2026-05-23 04:00:00,1495.0,1497.0,1495.0,1497.0,1172.38487409,1753556.15015608
2026-05-23 04:15:00,1496.0,1498.0,1495.0,1496.0,1132.09465077,1694159.20956676
2026-05-23 04:30:00,1496.0,1500.0,1496.0,1500.0,11164.60106472,16734359.96412214
2026-05-23 04:45:00,1500.0,1500.0,1499.0,1500.0,32332.52874856,48497467.75418456
2026-05-23 05:00:00,1500.0,1500.0,1498.0,1500.0,4387.27988548,6580619.15814756
2026-05-23 05:15:00,1500.0,1500.0,1499.0,1499.0,11065.16250419,16597511.50532029
2026-05-23 05:30:00,1500.0,1500.0,1499.0,1499.0,1752.42274553,2628527.78041135
2026-05-23 05:45:00,1499.0,1501.0,1499.0,1501.0,1041.55463126,1562346.30073574
2026-05-23 06:00:00,1501.0,1501.0,1501.0,1501.0,1256.58249462,1886130.32442462
2026-05-23 06:15:00,1501.0,1501.0,1499.0,1499.0,2373.14565526,3560183.11133466
2026-05-23 06:30:00,1500.0,1501.0,1500.0,1501.0,2127.74405704,3193737.16295037
2026-05-23 06:45:00,1500.0,1501.0,1500.0,1501.0,1894.70973395,2843639.8720942
2026-05-23 07:00:00,1500.0,1501.0,1498.0,1498.0,3292.26490193,4937436.18877233
2026-05-23 07:15:00,1498.0,1501.0,1498.0,1501.0,225.3127695,337994.19999678
2026-05-23 07:30:00,1501.0,1501.0,1500.0,1500.0,489.04904843,733652.05971724
2026-05-23 07:45:00,1500.0,1500.0,1498.0,1498.0,804.33001139,1206376.21006184
2026-05-23 08:00:00,1499.0,1499.0,1498.0,1499.0,225.71835636,338309.30709362
2026-05-23 08:15:00,1500.0,1501.0,1500.0,1501.0,4278.45575432,6420786.62674923
2026-05-23 08:30:00,1499.0,1502.0,1499.0,1500.0,5518.62359263,8280794.99087793
2026-05-23 08:45:00,1502.0,1503.0,1500.0,1500.0,11070.05836328,16622439.76884739
2026-05-23 09:00:00,1502.0,1504.0,1500.0,1503.0,15647.10675083,23517153.19612739
2026-05-23 09:15:00,1503.0,1503.0,1501.0,1503.0,5981.86384597,8982764.74048899
2026-05-23 09:30:00,1503.0,1504.0,1501.0,1504.0,1898.65165035,2854381.72791998
2026-05-23 09:45:00,1501.0,1501.0,1500.0,1500.0,128594.3397322,192911514.40498295
2026-05-23 10:00:00,1499.0,1502.0,1499.0,1500.0,2181.41760351,3273354.97108713
2026-05-23 10:15:00,1500.0,1502.0,1499.0,1499.0,19099.65379349,28657309.60593692
2026-05-23 10:30:00,1499.0,1499.0,1498.0,1498.0,4093.00506907,6134423.37426209
2026-05-23 10:45:00,1499.0,1499.0,1498.0,1499.0,320.78138287,480636.31953119
2026-05-23 11:00:00,1499.0,1501.0,1497.0,1501.0,22297.02521674,33419891.06513929
2026-05-23 11:30:00,1501.0,1501.0,1500.0,1500.0,147.27739448,220983.59046048
2026-05-23 11:45:00,1501.0,1501.0,1499.0,1500.0,3098.39543062,4645873.85598423
2026-05-23 12:00:00,1499.0,1499.0,1499.0,1499.0,4036.71904615,6051041.85017885
2026-05-23 12:15:00,1499.0,1501.0,1499.0,1499.0,1929.13467113,2893108.40929186
2026-05-23 12:30:00,1499.0,1501.0,1499.0,1501.0,1341.11325782,2012990.99998782
2026-05-23 12:45:00,1501.0,1502.0,1499.0,1502.0,28218.71512177,42321017.67215299
2026-05-23 13:00:00,1500.0,1500.0,1498.0,1498.0,1817.87259993,2723233.15469514
2026-05-23 13:15:00,1498.0,1499.0,1498.0,1499.0,889.4506014,1332506.45149801
2026-05-23 13:30:00,1501.0,1502.0,1501.0,1502.0,4785.79391812,7188212.46501624
2026-05-23 13:45:00,1502.0,1502.0,1500.0,1500.0,346.86427928,520457.16922736
2026-05-23 14:00:00,1500.0,1504.0,1500.0,1501.0,22922.45380679,34455881.24651852
2026-05-23 14:15:00,1501.0,1501.0,1501.0,1501.0,99.4,149199.4
2026-05-23 14:30:00,1501.0,1501.0,1501.0,1501.0,3795.72475032,5697382.85023032
2026-05-23 14:45:00,1501.0,1501.0,1501.0,1501.0,515.31079142,773481.49792142
2026-05-23 15:00:00,1501.0,1502.0,1501.0,1502.0,1190.95202202,1787732.10572928
2026-05-23 15:15:00,1501.0,1501.0,1500.0,1500.0,5904.61858666,8860826.77870095
2026-05-23 15:30:00,1500.0,1501.0,1498.0,1499.0,4640.08499575,6962228.19794577
2026-05-23 15:45:00,1501.0,1501.0,1499.0,1500.0,17032.74466881,25565417.18877602
2026-05-23 16:00:00,1502.0,1502.0,1500.0,1502.0,1420.97291481,2134161.77750698
2026-05-23 16:15:00,1499.0,1502.0,1499.0,1502.0,381.72281992,573050.67551912
2026-05-23 16:30:00,1502.0,1502.0,1502.0,1502.0,653.20697423,981116.87529346
2026-05-23 16:45:00,1502.0,1507.0,1499.0,1503.0,31784.94611029,47821293.80567416
2026-05-23 17:00:00,1506.0,1506.0,1502.0,1505.0,8019.98285401,12069523.68717845
2026-05-23 17:15:00,1505.0,1505.0,1502.0,1505.0,3007.44535083,4523055.83061108
2026-05-23 17:30:00,1505.0,1506.0,1505.0,1506.0,22344.36789115,33637653.5383779
2026-05-23 17:45:00,1504.0,1505.0,1501.0,1504.0,2638.30854595,3965244.29898705
2026-05-23 18:00:00,1503.0,1504.0,1501.0,1503.0,8395.74495143,12619865.76581383
2026-05-23 18:15:00,1503.0,1504.0,1500.0,1501.0,19769.44812495,29674064.12572328
2026-05-23 18:30:00,1501.0,1501.0,1500.0,1500.0,5153.81942061,7735817.23889944
2026-05-23 18:45:00,1504.0,1505.0,1504.0,1505.0,7840.75488891,11799869.06545561
2026-05-23 19:00:00,1503.0,1503.0,1502.0,1502.0,103.43522577,155427.67911347
2026-05-23 19:15:00,1503.0,1503.0,1502.0,1502.0,376.71569463,565888.434287
2026-05-23 19:30:00,1503.0,1503.0,1503.0,1503.0,8754.4134959,13157883.4843377
2026-05-23 19:45:00,1503.0,1503.0,1502.0,1503.0,4732.18351437,7111764.08609225
2026-05-23 20:00:00,1503.0,1503.0,1502.0,1502.0,345.16133619,518743.536622
2026-05-23 20:15:00,1502.0,1502.0,1502.0,1502.0,171.28076654,257263.71134308
2026-05-23 20:30:00,1502.0,1504.0,1500.0,1503.0,1630.53229943,2448040.74321993
2026-05-23 20:45:00,1502.0,1502.0,1502.0,1502.0,392.64322553,589750.12474606
2026-05-23 21:00:00,1502.0,1502.0,1500.0,1500.0,180.38361884,270679.28977776
2026-05-23 21:15:00,1500.0,1500.0,1500.0,1500.0,608.17497921,912262.468815
2026-05-23 21:30:00,1500.0,1501.0,1500.0,1500.0,683.70531187,1025571.29225536
2026-05-23 21:45:00,1500.0,1500.0,1499.0,1500.0,1630.25125993,2443772.23859714
2026-05-23 22:00:00,1499.0,1500.0,1498.0,1499.0,1081.62169167,1620735.55824107
2026-05-23 22:15:00,1498.0,1499.0,1498.0,1498.0,999.48318616,1497383.86424447
2026-05-23 22:30:00,1498.0,1499.0,1498.0,1498.0,2595.63433694,3889613.79277331
2026-05-23 22:45:00,1498.0,1500.0,1498.0,1500.0,11848.60368787,17749270.72393158
2026-05-23 23:00:00,1498.0,1500.0,1498.0,1500.0,2284.61937826,3426590.79981126
2026-05-23 23:15:00,1500.0,1500.0,1499.0,1500.0,3180.78846192,4769172.39288
2026-05-23 23:30:00,1500.0,1500.0,1500.0,1500.0,10080.09187128,15120137.80692
2026-05-23 23:45:00,1500.0,1500.0,1500.0,1500.0,4843.31779867,7264976.698005
2026-05-24 00:00:00,1500.0,1500.0,1500.0,1500.0,6.06973196,9104.59794
2026-05-24 00:15:00,1501.0,1501.0,1501.0,1501.0,3402.80476689,5107609.95510189
2026-05-24 00:30:00,1499.0,1500.0,1498.0,1500.0,169.17362894,253529.08798362
2026-05-24 00:45:00,1498.0,1500.0,1498.0,1500.0,609.38579017,912889.91367466
2026-05-24 01:00:00,1500.0,1500.0,1498.0,1498.0,59.49874453,89241.45012832
2026-05-24 01:15:00,1498.0,1501.0,1498.0,1501.0,231.01346727,346711.79255889
2026-05-24 01:45:00,1498.0,1498.0,1497.0,1497.0,858.35992733,1285009.26512506
2026-05-24 02:00:00,1498.0,1500.0,1497.0,1499.0,1102.60371081,1650653.81910383
2026-05-24 02:15:00,1499.0,1499.0,1497.0,1499.0,143.63087216,215086.67736676
2026-05-24 02:30:00,1499.0,1499.0,1496.0,1499.0,333.41300496,499619.51838081
2026-05-24 02:45:00,1499.0,1499.0,1499.0,1499.0,52.03468972,77999.99989028
2026-05-24 03:00:00,1499.0,1499.0,1498.0,1498.0,20.01868622,29999.99996288
2026-05-24 03:15:00,1498.0,1498.0,1496.0,1496.0,1685.52985082,2521648.78499752
2026-05-24 03:30:00,1498.0,1498.0,1496.0,1498.0,354.55083049,530473.46297372
2026-05-24 03:45:00,1498.0,1499.0,1496.0,1497.0,3845.96528649,5759920.72167038
2026-05-24 04:00:00,1497.0,1498.0,1497.0,1498.0,966.551673,1447241.43667521
2026-05-24 04:30:00,1497.0,1498.0,1496.0,1498.0,131.32617322,196529.90200671
2026-05-24 04:45:00,1498.0,1498.0,1498.0,1498.0,56.0747663,83999.9999174
2026-05-24 05:00:00,1498.0,1498.0,1498.0,1498.0,60.08010675,89999.9999115
2026-05-24 05:15:00,1498.0,1499.0,1498.0,1498.0,48.06274049,71999.99993046
2026-05-24 05:30:00,1496.0,1498.0,1494.0,1496.0,14129.44553198,21121417.89349508
2026-05-24 05:45:00,1494.0,1495.0,1493.0,1495.0,3225.61449028,4815974.64276777
2026-05-24 06:00:00,1492.0,1495.0,1492.0,1494.0,1146.19992257,1711198.4797955
2026-05-24 06:15:00,1495.0,1496.0,1494.0,1495.0,82.17934828,122819.99985986
2026-05-24 06:30:00,1492.0,1496.0,1492.0,1496.0,359.25538411,536682.01990838
2026-05-24 06:45:00,1496.0,1496.0,1495.0,1495.0,623.43058495,932506.72450025
2026-05-24 07:00:00,1496.0,1496.0,1496.0,1496.0,40.13377926,60040.13377296
2026-05-24 07:15:00,1495.0,1496.0,1495.0,1496.0,2303.55423992,3444770.22687858
2026-05-24 07:30:00,1496.0,1498.0,1494.0,1494.0,9404.75960433,14062611.97976997
2026-05-24 07:45:00,1498.0,1498.0,1496.0,1498.0,12.69158877,18999.99997746
2026-05-24 08:00:00,1495.0,1498.0,1495.0,1496.0,1048.71253839,1568655.13218199
2026-05-24 08:15:00,1498.0,1498.0,1497.0,1497.0,14.67289719,21969.99999062
2026-05-24 08:30:00,1497.0,1497.0,1497.0,1497.0,2882.31918921,4314831.82624737
2026-05-24 08:45:00,1497.0,1498.0,1496.0,1498.0,32674.39887523,48914985.91954946
2026-05-24 09:00:00,1499.0,1499.0,1498.0,1498.0,25.0042305,37467.99705689
2026-05-24 09:15:00,1498.0,1499.0,1498.0,1499.0,50.0,74926.19852708
2026-05-24 09:30:00,1499.0,1500.0,1497.0,1500.0,2274.96822942,3410371.84853523
2026-05-24 09:45:00,1500.0,1500.0,1498.0,1498.0,558.49575212,837185.13242788
2026-05-24 10:00:00,1497.0,1497.0,1497.0,1497.0,2156.74319578,3228644.56408266
2026-05-24 10:15:00,1500.0,1500.0,1500.0,1500.0,4010.00166581,6015002.498715
2026-05-24 10:30:00,1498.0,1500.0,1498.0,1500.0,279.7995238,419139.8857
2026-05-24 10:45:00,1497.0,1500.0,1497.0,1497.0,1610.54001826,2413469.97933522
2026-05-24 11:00:00,1499.0,1499.0,1498.0,1498.0,186.08389056,278823.43790544
2026-05-24 11:15:00,1498.0,1498.0,1497.0,1497.0,2260.52886558,3384229.17610042
2026-05-24 11:30:00,1497.0,1497.0,1496.0,1496.0,309.842856,463792.1136448
2026-05-24 11:45:00,1498.0,1498.0,1497.0,1498.0,374.13163184,560113.56142314
2026-05-24 12:00:00,1498.0,1498.0,1497.0,1498.0,2368.8445744,3548469.1724512
2026-05-24 12:15:00,1497.0,1498.0,1496.0,1496.0,6580.03806254,9856871.95348492
2026-05-24 12:30:00,1498.0,1499.0,1498.0,1498.0,89.96107644,134763.70718356
2026-05-24 12:45:00,1498.0,1499.0,1497.0,1498.0,814.67373773,1220282.29119915
2026-05-24 13:00:00,1497.0,1498.0,1497.0,1497.0,5436.03139868,8138602.35386839
2026-05-24 13:15:00,1498.0,1498.0,1497.0,1498.0,601.57861869,901034.77079762
2026-05-24 13:30:00,1498.0,1498.0,1496.0,1497.0,4934.948137,7383460.88101991
2026-05-24 13:45:00,1497.0,1498.0,1497.0,1498.0,100.17863921,149970.01493599
2026-05-24 14:00:00,1497.0,1497.0,1495.0,1495.0,16948.05632628,25343489.47479193
2026-05-24 14:15:00,1495.0,1497.0,1495.0,1496.0,230.28116025,344584.13559486
2026-05-24 14:30:00,1496.0,1497.0,1494.0,1497.0,68.43542247,102351.96018727
2026-05-24 14:45:00,1496.0,1496.0,1494.0,1494.0,485.51799733,725958.22400568
2026-05-24 15:00:00,1494.0,1497.0,1494.0,1497.0,5066.15437519,7573866.93626622
2026-05-24 15:15:00,1495.0,1496.0,1495.0,1495.0,20138.7311059,30107470.4188106
2026-05-24 15:30:00,1496.0,1496.0,1496.0,1496.0,314.73534623,470844.07796008
2026-05-24 15:45:00,1496.0,1496.0,1495.0,1496.0,74.17112288,110949.99982848
2026-05-24 16:00:00,1496.0,1497.0,1496.0,1497.0,342.39371215,512227.29136687
2026-05-24 16:15:00,1497.0,1497.0,1495.0,1497.0,2973.98295214,4449381.7465837
2026-05-24 16:30:00,1497.0,1497.0,1495.0,1497.0,2125.27818347,3181181.77175459
2026-05-24 16:45:00,1497.0,1497.0,1495.0,1496.0,348.83974248,521900.82218897
2026-05-24 17:00:00,1496.0,1498.0,1495.0,1496.0,502.3299386,752000.13525394
2026-05-24 17:15:00,1497.0,1498.0,1496.0,1497.0,9474.96690785,14176644.97916044
2026-05-24 17:30:00,1497.0,1497.0,1496.0,1496.0,2708.23303523,4054146.74881426
2026-05-24 17:45:00,1497.0,1497.0,1495.0,1497.0,9367.38144354,14017255.8028555
2026-05-24 18:00:00,1497.0,1497.0,1496.0,1497.0,7946.51722245,11895578.43560765
2026-05-24 18:15:00,1497.0,1497.0,1497.0,1497.0,1026.01425341,1535943.33735477
2026-05-24 18:30:00,1496.0,1497.0,1496.0,1497.0,1394.31917367,2087034.91046124
2026-05-24 18:45:00,1497.0,1497.0,1496.0,1497.0,253.94401589,380120.76932743
2026-05-24 19:00:00,1497.0,1498.0,1496.0,1496.0,7192.82640949,10768567.76060588
2026-05-24 19:15:00,1496.0,1498.0,1495.0,1498.0,9640.16783059,14414071.08474421
2026-05-24 19:30:00,1495.0,1495.0,1495.0,1495.0,6.73854447,10074.12398265
2026-05-24 19:45:00,1498.0,1498.0,1494.0,1496.0,1074.09852819,1606349.9962111
2026-05-24 20:00:00,1496.0,1496.0,1494.0,1494.0,2525.91482524,3777875.23771571
2026-05-24 20:15:00,1495.0,1496.0,1494.0,1496.0,27990.34640963,41873515.00131425
2026-05-24 20:30:00,1496.0,1496.0,1496.0,1496.0,5550.62070816,8303728.57940736
2026-05-24 20:45:00,1496.0,1497.0,1496.0,1497.0,7824.24630284,11706825.27075875
2026-05-24 21:00:00,1497.0,1497.0,1496.0,1496.0,22.0307644,32960.0543068
2026-05-24 21:15:00,1497.0,1498.0,1494.0,1494.0,691.98628836,1035547.29614818
2026-05-24 21:30:00,1496.0,1496.0,1494.0,1494.0,1066.26265277,1593468.64441666
2026-05-24 21:45:00,1496.0,1496.0,1496.0,1496.0,840.26618373,1257038.21086008
2026-05-24 22:00:00,1494.0,1496.0,1494.0,1496.0,48.08380864,71906.72882472
2026-05-24 22:15:00,1494.0,1494.0,1493.0,1493.0,8815.89961928,13162728.88763999
2026-05-24 22:30:00,1496.0,1496.0,1496.0,1496.0,668.11514029,999500.24987384
2026-05-24 22:45:00,1496.0,1496.0,1493.0,1493.0,5498.92711508,8222960.14713872
2026-05-24 23:00:00,1496.0,1496.0,1496.0,1496.0,6306.25620566,9434159.28366736
2026-05-24 23:15:00,1495.0,1497.0,1495.0,1495.0,1767.48705919,2644729.51586041
2026-05-24 23:30:00,1497.0,1498.0,1496.0,1498.0,687.63130631,1029228.07737343
2026-05-24 23:45:00,1495.0,1498.0,1495.0,1498.0,3337.43213618,4989476.34999764
2026-05-25 00:00:00,1498.0,1498.0,1495.0,1495.0,13542.15117945,20245546.03998001
2026-05-25 00:15:00,1495.0,1495.0,1495.0,1495.0,1205.12452417,1801661.16363415
2026-05-25 00:30:00,1498.0,1498.0,1498.0,1498.0,712.71057429,1067640.44028642
2026-05-25 00:45:00,1498.0,1498.0,1498.0,1498.0,206.31218183,309055.64838134
2026-05-25 01:00:00,1498.0,1498.0,1498.0,1498.0,66.72765086,99958.02098828
2026-05-25 01:15:00,1496.0,1496.0,1496.0,1496.0,83.231181,124513.846776
2026-05-25 01:30:00,1498.0,1498.0,1498.0,1498.0,30.0400534,44999.9999932
2026-05-25 02:15:00,1497.0,1497.0,1497.0,1497.0,189.0,282933.0
2026-05-25 02:45:00,1495.0,1497.0,1495.0,1497.0,2290.86969617,3425429.59932449
2026-05-25 03:00:00,1497.0,1497.0,1496.0,1496.0,31.0,46397.0
2026-05-25 04:00:00,1496.0,1496.0,1496.0,1496.0,80.05663,119764.71848
2026-05-25 05:00:00,1497.0,1497.0,1497.0,1497.0,11.0,16467.0
2026-05-25 05:15:00,1496.0,1496.0,1496.0,1496.0,7.91633199,11842.83265704
2026-05-25 05:45:00,1497.0,1498.0,1497.0,1498.0,4389.80938935,6575923.4652463
2026-05-25 06:00:00,1498.0,1498.0,1498.0,1498.0,39.74797082,59542.46028836
2026-05-25 06:15:00,1498.0,1498.0,1498.0,1498.0,7468.06288827,11187158.20662846
2026-05-25 06:30:00,1498.0,1500.0,1498.0,1500.0,7945.82103214,11915409.2543394
2026-05-25 06:45:00,1500.0,1500.0,1499.0,1500.0,15776.44910308,23660652.516005
2026-05-25 07:00:00,1499.0,1499.0,1499.0,1499.0,99.98485694,149877.30055306
2026-05-25 07:15:00,1498.0,1498.0,1497.0,1497.0,2636.153358,3946442.576926
2026-05-25 07:30:00,1497.0,1497.0,1497.0,1497.0,2454.386773,3674216.999181
2026-05-25 07:45:00,1497.0,1497.0,1497.0,1497.0,540.73297731,809477.26703307
2026-05-25 08:15:00,1497.0,1500.0,1497.0,1500.0,735.02610361,1102495.97052371
2026-05-25 08:45:00,1499.0,1499.0,1496.0,1499.0,242.16739736,362886.50443429
2026-05-25 09:00:00,1499.0,1500.0,1496.0,1498.0,1227.00076981,1838231.78251253
2026-05-25 09:15:00,1498.0,1500.0,1498.0,1498.0,325.19533552,487392.51055252
2026-05-25 09:30:00,1498.0,1498.0,1496.0,1496.0,427.54707857,639672.8055246
2026-05-25 09:45:00,1496.0,1496.0,1496.0,1496.0,1732.31592585,2591544.6250716
2026-05-25 10:00:00,1496.0,1498.0,1496.0,1496.0,10957.79966061,16399625.08745753
2026-05-25 10:15:00,1496.0,1497.0,1495.0,1497.0,11592.9792755,17340948.27274999
2026-05-25 10:30:00,1497.0,1497.0,1494.0,1496.0,14548.61343991,21763223.2676561
2026-05-25 10:45:00,1494.0,1498.0,1494.0,1494.0,5013.86465921,7499118.99160646
2026-05-25 11:00:00,1494.0,1496.0,1494.0,1496.0,8601.46113176,12859102.51807578
2026-05-25 11:15:00,1496.0,1497.0,1494.0,1497.0,1589.63576554,2375385.71457053
2026-05-25 11:30:00,1497.0,1497.0,1494.0,1496.0,1939.23712772,2900025.53741612
2026-05-25 11:45:00,1496.0,1496.0,1494.0,1496.0,343.1293331,513045.5453376
2026-05-25 12:00:00,1496.0,1496.0,1495.0,1496.0,490.42255815,733652.1469924
2026-05-25 12:15:00,1496.0,1496.0,1496.0,1496.0,82.88770039,123999.99978344
2026-05-25 12:30:00,1496.0,1497.0,1494.0,1494.0,352.49259015,526658.50211698
2026-05-25 12:45:00,1496.0,1496.0,1496.0,1496.0,77.5160427,115963.9998792
2026-05-25 13:00:00,1496.0,1496.0,1492.0,1496.0,35407.48967901,52851229.2875819
2026-05-25 13:15:00,1496.0,1496.0,1493.0,1495.0,1691.26230473,2527087.13722855
2026-05-25 13:30:00,1495.0,1496.0,1494.0,1496.0,10675.85007354,15962588.11301503
2026-05-25 13:45:00,1494.0,1495.0,1494.0,1495.0,224.24675376,335036.6902512
2026-05-25 14:00:00,1496.0,1496.0,1492.0,1495.0,337.0983541,503495.32902794
2026-05-25 14:15:00,1495.0,1495.0,1492.0,1494.0,60.40175615,90230.60080362
2026-05-25 14:30:00,1494.0,1494.0,1493.0,1493.0,131.25509394,195999.99983067
2026-05-25 14:45:00,1493.0,1493.0,1492.0,1493.0,6685.7483618,9980208.56858421
2026-05-25 15:00:00,1492.0,1495.0,1492.0,1495.0,533.42746437,795946.02694635
2026-05-25 15:15:00,1492.0,1494.0,1492.0,1494.0,175.36869125,261658.1194735
2026-05-25 15:30:00,1492.0,1494.0,1492.0,1494.0,379.67279619,566550.17871586
2026-05-25 15:45:00,1492.0,1493.0,1492.0,1493.0,5070.25255304,7565055.92771663
2026-05-25 16:00:00,1493.0,1493.0,1491.0,1493.0,348.80618868,520749.63969924
2026-05-25 16:15:00,1493.0,1493.0,1493.0,1493.0,1166.8858595,1742160.5882335
2026-05-25 16:30:00,1493.0,1493.0,1491.0,1493.0,7687.37011017,11476965.31271505
2026-05-25 16:45:00,1493.0,1493.0,1492.0,1493.0,330.50471763,493432.14916227
2026-05-25 17:00:00,1493.0,1493.0,1492.0,1492.0,545.56606438,814365.08041089
2026-05-25 17:15:00,1492.0,1493.0,1492.0,1493.0,723.15267502,1079347.49175936
2026-05-25 17:30:00,1493.0,1493.0,1492.0,1493.0,894.41344615,1335251.29300195
2026-05-25 17:45:00,1493.0,1493.0,1493.0,1493.0,68.31882106,101999.99984258
2026-05-25 18:00:00,1493.0,1493.0,1492.0,1493.0,109.09383778,162852.39980554
2026-05-25 18:15:00,1493.0,1493.0,1492.0,1493.0,791.10034891,1181028.81711116
2026-05-25 18:30:00,1493.0,1493.0,1492.0,1492.0,2894.73168499,4319849.96005656
2026-05-25 18:45:00,1492.0,1492.0,1491.0,1492.0,3096.90620903,4620532.06679729
2026-05-25 19:00:00,1492.0,1493.0,1491.0,1491.0,3622.41916915,5402906.88044177
2026-05-25 19:15:00,1491.0,1492.0,1491.0,1492.0,1743.40074393,2599591.90078765
2026-05-25 19:30:00,1492.0,1492.0,1491.0,1492.0,2333.51118687,3479322.82037381
2026-05-25 19:45:00,1492.0,1492.0,1491.0,1492.0,1196.47337185,1785098.2708002
2026-05-25 20:00:00,1492.0,1493.0,1492.0,1492.0,626.34515502,934517.68796609
2026-05-25 20:15:00,1491.0,1492.0,1491.0,1491.0,1060.48396379,1582171.41348237
2026-05-25 20:30:00,1492.0,1492.0,1491.0,1491.0,1734.86504073,2587950.26755787
2026-05-25 20:45:00,1491.0,1493.0,1491.0,1491.0,3120.06146992,4655811.75113212
2026-05-25 21:00:00,1491.0,1491.0,1491.0,1491.0,2438.79683865,3636246.08642715
2026-05-25 21:15:00,1491.0,1493.0,1491.0,1491.0,1853.44118012,2763773.29831954
2026-05-25 21:30:00,1490.0,1491.0,1490.0,1491.0,1045.17003586,1557336.91984149
2026-05-25 21:45:00,1490.0,1491.0,1490.0,1491.0,19367.42140988,28857934.20983397
2026-05-25 22:00:00,1491.0,1491.0,1490.0,1490.0,2920.05206183,4351625.75240839
2026-05-25 22:15:00,1490.0,1491.0,1490.0,1490.0,252.84719336,376745.66998307
2026-05-25 22:30:00,1490.0,1491.0,1490.0,1491.0,843.55761583,1257591.65912253
2026-05-25 22:45:00,1491.0,1491.0,1490.0,1490.0,10486.1225561,15624365.53280085
2026-05-25 23:00:00,1490.0,1490.0,1490.0,1490.0,27793.90818087,41412923.1894963
2026-05-25 23:15:00,1491.0,1491.0,1489.0,1489.0,7591.67881465,11305919.29396147
2026-05-25 23:30:00,1489.0,1491.0,1489.0,1489.0,3639.33594424,5418988.31935784
2026-05-25 23:45:00,1489.0,1490.0,1488.0,1489.0,1455.14249946,2167076.62934694
2026-05-26 00:00:00,1489.0,1490.0,1487.0,1490.0,10201.4021952,15180399.03195547
2026-05-26 00:15:00,1490.0,1490.0,1487.0,1490.0,1490.46375838,2218049.89738445
2026-05-26 00:30:00,1490.0,1490.0,1488.0,1488.0,364.45378106,542709.91078102
2026-05-26 00:45:00,1488.0,1488.0,1488.0,1488.0,2629.66700363,3912944.50140144
2026-05-26 01:00:00,1489.0,1490.0,1488.0,1490.0,591.00501702,879565.66624856
2026-05-26 01:15:00,1490.0,1490.0,1490.0,1490.0,105.0,156450.0
2026-05-26 01:30:00,1490.0,1490.0,1490.0,1490.0,24.16107378,35999.9999322
2026-05-26 01:45:00,1490.0,1490.0,1488.0,1488.0,10892.99878766,16208867.85969891
2026-05-26 02:00:00,1488.0,1490.0,1488.0,1490.0,5997.5439529,8924626.50025176
2026-05-26 02:15:00,1489.0,1489.0,1487.0,1489.0,198.78536729,295982.39350843
2026-05-26 02:30:00,1489.0,1489.0,1487.0,1489.0,137.25859206,204135.76279346
2026-05-26 02:45:00,1488.0,1490.0,1488.0,1490.0,804.02681985,1196399.9615765
2026-05-26 03:00:00,1489.0,1489.0,1487.0,1489.0,86.38790847,128555.52909561
2026-05-26 03:15:00,1487.0,1489.0,1487.0,1489.0,1539.09353391,2288841.03252341
2026-05-26 03:30:00,1489.0,1489.0,1487.0,1489.0,441.01012807,655854.59234063
2026-05-26 03:45:00,1490.0,1490.0,1487.0,1490.0,107.43845811,159892.97688444
2026-05-26 04:00:00,1487.0,1487.0,1487.0,1487.0,339.75633484,505217.66990708
2026-05-26 04:30:00,1489.0,1489.0,1489.0,1489.0,155.63755008,231744.31206912
2026-05-26 04:45:00,1487.0,1487.0,1487.0,1487.0,293.491087,436421.246369
2026-05-26 05:15:00,1489.0,1489.0,1488.0,1489.0,174.61703398,259838.02493735
2026-05-26 05:30:00,1488.0,1489.0,1488.0,1489.0,532.25020826,792510.56009914
2026-05-26 05:45:00,1489.0,1490.0,1489.0,1490.0,16.11693547,23999.99998375
2026-05-26 06:15:00,1489.0,1490.0,1489.0,1490.0,33.18825503,49440.4999947
2026-05-26 06:30:00,1490.0,1490.0,1488.0,1488.0,384.82575503,572820.72348464
2026-05-26 06:45:00,1488.0,1489.0,1488.0,1488.0,1178.03183831,1752919.43450534
2026-05-26 07:00:00,1488.0,1489.0,1488.0,1489.0,726.1265065,1080495.75987212
2026-05-26 07:15:00,1489.0,1490.0,1488.0,1488.0,1341.9525566,1996839.59613543
2026-05-26 07:30:00,1488.0,1488.0,1488.0,1488.0,154.07845675,229268.743644
2026-05-26 07:45:00,1490.0,1490.0,1489.0,1490.0,12.08590602,17999.9999698
2026-05-26 08:00:00,1490.0,1491.0,1488.0,1489.0,504.85413216,751613.07448364
2026-05-26 08:15:00,1489.0,1489.0,1488.0,1489.0,837.70315643,1247279.99992427
2026-05-26 08:30:00,1489.0,1489.0,1487.0,1489.0,1427.20879937,2122373.93160248
2026-05-26 08:45:00,1489.0,1489.0,1488.0,1488.0,337.94922812,502876.51054262
2026-05-26 09:00:00,1488.0,1490.0,1487.0,1487.0,3679.31027471,5476136.36290668
2026-05-26 09:15:00,1487.0,1488.0,1487.0,1488.0,8226.28553023,12232502.71248425
2026-05-26 09:30:00,1487.0,1488.0,1486.0,1488.0,4878.76696328,7249945.18553555
2026-05-26 09:45:00,1488.0,1488.0,1486.0,1487.0,4863.14727605,7230638.29844048
2026-05-26 10:00:00,1488.0,1489.0,1486.0,1487.0,7740.69778094,11517085.42126728
2026-05-26 10:15:00,1487.0,1488.0,1485.0,1487.0,10423.87471344,15489221.4163453
2026-05-26 10:30:00,1487.0,1488.0,1485.0,1487.0,6158.6532935,9149607.5349285
2026-05-26 10:45:00,1487.0,1487.0,1485.0,1485.0,9613.05960492,14275754.7593225
2026-05-26 11:00:00,1487.0,1487.0,1485.0,1486.0,31395.18455846,46675674.22905908
2026-05-26 11:15:00,1486.0,1487.0,1485.0,1486.0,2446.10659747,3634709.48114627
2026-05-26 11:30:00,1486.0,1486.0,1485.0,1485.0,3819.9730619,5674482.8286293
2026-05-26 11:45:00,1486.0,1486.0,1485.0,1486.0,8862.67374611,13167700.23421746
2026-05-26 12:00:00,1486.0,1486.0,1485.0,1486.0,6337.13589645,9416352.1120607
2026-05-26 12:15:00,1486.0,1487.0,1485.0,1486.0,21876.36531757,32496338.65287656
2026-05-26 12:30:00,1485.0,1487.0,1485.0,1485.0,4254.70650193,6318453.70354717
2026-05-26 12:45:00,1485.0,1486.0,1485.0,1486.0,1235.62045906,1834904.45707422
2026-05-26 13:00:00,1486.0,1487.0,1485.0,1485.0,14176.73332776,21069911.0838316
2026-05-26 13:15:00,1485.0,1486.0,1484.0,1484.0,19918.20973035,29578365.59162816
2026-05-26 13:30:00,1485.0,1485.0,1483.0,1485.0,15656.49981421,23234865.56938751
2026-05-26 13:45:00,1485.0,1485.0,1483.0,1485.0,6713.06415844,9967810.3616774
2026-05-26 14:00:00,1485.0,1485.0,1483.0,1483.0,27529.41225899,40842088.57630499
2026-05-26 14:15:00,1485.0,1485.0,1483.0,1485.0,3321.50668693,4928075.6428466
2026-05-26 14:30:00,1482.0,1485.0,1482.0,1485.0,882.57863639,1308746.20118499
2026-05-26 14:45:00,1485.0,1485.0,1485.0,1485.0,1604.7116711,2382996.8315835
2026-05-26 15:00:00,1485.0,1485.0,1483.0,1483.0,2325.36166168,3449981.9227889
2026-05-26 15:15:00,1483.0,1485.0,1482.0,1483.0,24725.33919054,36648298.49173838
2026-05-26 15:30:00,1483.0,1485.0,1483.0,1483.0,1634.17079525,2423820.33972655
2026-05-26 15:45:00,1483.0,1485.0,1483.0,1483.0,6765.06641564,10032673.62513232
2026-05-26 16:00:00,1483.0,1485.0,1483.0,1485.0,1889.72113746,2803660.47040402
2026-05-26 16:15:00,1485.0,1485.0,1483.0,1485.0,2433.84627437,3613925.49866813
2026-05-26 16:30:00,1485.0,1485.0,1484.0,1485.0,27325.72623013,40577643.95162205
2026-05-26 16:45:00,1485.0,1485.0,1484.0,1485.0,239.28736987,355252.65425695
2026-05-26 17:00:00,1485.0,1485.0,1483.0,1485.0,1890.8906955,2806889.17505664
2026-05-26 17:15:00,1485.0,1485.0,1483.0,1485.0,945.72502594,1402780.00300351
2026-05-26 17:30:00,1484.0,1485.0,1483.0,1483.0,823.78201093,1221698.09999452
2026-05-26 17:45:00,1485.0,1485.0,1483.0,1485.0,1236.78245454,1835225.66061318
2026-05-26 18:00:00,1483.0,1485.0,1483.0,1485.0,559.81818388,831100.1498332
2026-05-26 18:15:00,1485.0,1485.0,1485.0,1485.0,23165.92217503,34401394.42991955
2026-05-26 18:30:00,1485.0,1486.0,1483.0,1486.0,4533.04331666,6726298.52397174
2026-05-26 18:45:00,1483.0,1486.0,1483.0,1486.0,1455.46299384,2158798.82545893
2026-05-26 19:00:00,1482.0,1486.0,1482.0,1486.0,1444.72224082,2146459.24985852
2026-05-26 19:15:00,1483.0,1484.0,1483.0,1484.0,222.08512668,329356.28599312
2026-05-26 19:30:00,1483.0,1484.0,1481.0,1481.0,9835.79140845,14581030.73645752
2026-05-26 19:45:00,1481.0,1483.0,1480.0,1480.0,13204.80375104,19551571.25971273
2026-05-26 20:00:00,1482.0,1482.0,1480.0,1480.0,601.84788349,891436.44517548
2026-05-26 20:15:00,1481.0,1483.0,1480.0,1480.0,6110.82641103,9044914.93612027
2026-05-26 20:30:00,1480.0,1480.0,1480.0,1480.0,25.433255,37641.2174
2026-05-26 20:45:00,1483.0,1483.0,1480.0,1483.0,693.15457173,1026637.81384194
2026-05-26 21:00:00,1483.0,1484.0,1480.0,1481.0,6821.90441553,10120933.86413366
2026-05-26 21:15:00,1483.0,1484.0,1481.0,1481.0,146.24047189,216791.37641229
2026-05-26 21:30:00,1483.0,1483.0,1481.0,1481.0,36798.94494237,54504158.73639219
2026-05-26 21:45:00,1481.0,1483.0,1481.0,1483.0,4967.70578636,7357236.92107356
2026-05-26 22:00:00,1481.0,1483.0,1481.0,1481.0,13019.60133634,19282164.37348904
2026-05-26 22:15:00,1481.0,1484.0,1481.0,1482.0,1539.55409883,2281679.62633371
2026-05-26 22:30:00,1484.0,1484.0,1481.0,1484.0,5579.93192199,8274693.89957209
2026-05-26 22:45:00,1481.0,1483.0,1480.0,1480.0,2816.7646887,4172609.12615133
2026-05-26 23:00:00,1481.0,1482.0,1480.0,1480.0,14784.65021946,21882126.7922151
2026-05-26 23:15:00,1480.0,1482.0,1478.0,1481.0,23349.11604625,34536668.83358726
2026-05-26 23:30:00,1482.0,1482.0,1479.0,1482.0,922.40092926,1366479.07915341
2026-05-26 23:45:00,1482.0,1482.0,1479.0,1482.0,1027.55819017,1520740.26579124
2026-05-27 00:00:00,1480.0,1483.0,1480.0,1480.0,2618.15295276,3880203.92546516
2026-05-27 00:15:00,1481.0,1484.0,1481.0,1484.0,4272.4655815,6330314.61654061
2026-05-27 00:30:00,1484.0,1486.0,1482.0,1483.0,5678.4043178,8430724.39069576
2026-05-27 00:45:00,1483.0,1486.0,1483.0,1485.0,4533.7147059,6728436.04525156
2026-05-27 01:00:00,1485.0,1485.0,1484.0,1484.0,5486.92990181,8143163.37118224
2026-05-27 01:15:00,1486.0,1486.0,1485.0,1486.0,214.36062886,318437.3926221
2026-05-27 01:30:00,1486.0,1487.0,1486.0,1487.0,4.03683506,5999.99999754
2026-05-27 02:00:00,1487.0,1487.0,1485.0,1485.0,209.15458472,310822.91661448
2026-05-27 02:15:00,1485.0,1489.0,1485.0,1489.0,10973.36600702,16325996.67223185
2026-05-27 02:30:00,1489.0,1489.0,1488.0,1489.0,2828.72086278,4211958.64424931
2026-05-27 02:45:00,1489.0,1490.0,1489.0,1490.0,1659.24576864,2472061.1568546
2026-05-27 03:00:00,1490.0,1490.0,1487.0,1490.0,651.64476437,970248.04722241
2026-05-27 03:15:00,1487.0,1490.0,1487.0,1490.0,1515.49492781,2256908.7074569
2026-05-27 03:30:00,1490.0,1490.0,1487.0,1490.0,43031.60120261,64005569.99827417
2026-05-27 03:45:00,1490.0,1490.0,1488.0,1488.0,9078.12673624,13511339.39922164
2026-05-27 04:00:00,1490.0,1490.0,1489.0,1490.0,745.8739268,1111345.150932
2026-05-27 04:15:00,1488.0,1491.0,1488.0,1491.0,22395.38159867,33335178.59313741
2026-05-27 04:30:00,1491.0,1491.0,1488.0,1490.0,14806.05953943,22046112.12228343
2026-05-27 04:45:00,1489.0,1489.0,1487.0,1489.0,808.87768639,1203184.18879443
2026-05-27 05:00:00,1489.0,1490.0,1487.0,1490.0,723.42736664,1077831.21843301
2026-05-27 05:15:00,1490.0,1490.0,1490.0,1490.0,2985.15269119,4447877.5098731
2026-05-27 05:30:00,1490.0,1491.0,1490.0,1491.0,12.0791415,17999.9999765
2026-05-27 06:00:00,1490.0,1490.0,1490.0,1490.0,4155.12743891,6191139.8839759
2026-05-27 06:15:00,1487.0,1487.0,1487.0,1487.0,6185.61897442,9198015.41496254
2026-05-27 06:45:00,1487.0,1490.0,1487.0,1487.0,1606.7767448,2389311.10676485
2026-05-27 07:00:00,1487.0,1487.0,1487.0,1487.0,1805.72702525,2685116.08654675
2026-05-27 07:15:00,1489.0,1489.0,1489.0,1489.0,8.05910006,11999.99998934
2026-05-27 07:30:00,1487.0,1487.0,1486.0,1486.0,464.19658748,689860.79067923
2026-05-27 07:45:00,1488.0,1488.0,1487.0,1488.0,151301.18711606,224985007.64748046
2026-05-27 08:00:00,1488.0,1488.0,1486.0,1486.0,1077.66305228,1601784.99461276
2026-05-27 08:15:00,1486.0,1486.0,1485.0,1486.0,713.50678297,1060100.53452762
2026-05-27 08:30:00,1486.0,1486.0,1484.0,1484.0,7380.59993498,10957727.50296038
2026-05-27 08:45:00,1486.0,1486.0,1484.0,1484.0,836.08444183,1240789.69396428
2026-05-27 09:00:00,1484.0,1485.0,1482.0,1482.0,9952.62527651,14760107.19630605
2026-05-27 09:15:00,1482.0,1484.0,1482.0,1483.0,2349.32496271,3481748.1286143
2026-05-27 09:30:00,1483.0,1483.0,1481.0,1481.0,3330.25734085,4935177.4193981
2026-05-27 09:45:00,1482.0,1482.0,1481.0,1481.0,8505.50997265,12597713.53286248
2026-05-27 10:00:00,1482.0,1482.0,1481.0,1482.0,7461.67281694,11056766.68409315
2026-05-27 10:15:00,1482.0,1483.0,1482.0,1483.0,3894.32161192,5771453.24383509
2026-05-27 10:30:00,1483.0,1484.0,1483.0,1483.0,20212.9461228,29996007.99998785
2026-05-27 10:45:00,1482.0,1484.0,1481.0,1484.0,1160.35610528,1719427.54343956
2026-05-27 11:00:00,1481.0,1484.0,1481.0,1481.0,7307.75498069,10825159.50419839
2026-05-27 11:15:00,1483.0,1483.0,1481.0,1482.0,1438.76289097,2130928.84273898
2026-05-27 11:30:00,1482.0,1482.0,1481.0,1482.0,4461.14606187,6607358.09171683
2026-05-27 11:45:00,1482.0,1482.0,1480.0,1481.0,8831.50923639,13070776.80477429
2026-05-27 12:00:00,1481.0,1482.0,1479.0,1482.0,26748.74692316,39563229.30674236
2026-05-27 12:15:00,1480.0,1482.0,1480.0,1480.0,1792.71870132,2653434.1136679
2026-05-27 12:30:00,1479.0,1481.0,1479.0,1481.0,1447.5418698,2143033.5091738
2026-05-27 12:45:00,1481.0,1481.0,1478.0,1478.0,8435.66339688,12472634.36856783
2026-05-27 13:00:00,1480.0,1480.0,1480.0,1480.0,24.3243243,35999.999964
2026-05-27 13:15:00,1480.0,1480.0,1478.0,1478.0,695.23814811,1027618.73966328
2026-05-27 13:30:00,1480.0,1480.0,1477.0,1477.0,6763.93938365,9995760.55736012
2026-05-27 13:45:00,1479.0,1479.0,1476.0,1476.0,21661.75163595,31997117.55068908
2026-05-27 14:00:00,1479.0,1479.0,1475.0,1479.0,4347.10869694,6424523.40123732
2026-05-27 14:15:00,1478.0,1478.0,1476.0,1478.0,12599.04189836,18620911.17080198
2026-05-27 14:30:00,1476.0,1477.0,1476.0,1477.0,2437.62372231,3600280.04861156
2026-05-27 14:45:00,1477.0,1478.0,1476.0,1476.0,6967.16539938,10289411.53235279
2026-05-27 15:00:00,1479.0,1480.0,1477.0,1478.0,3450.45783958,5104821.25841239
2026-05-27 15:15:00,1477.0,1478.0,1477.0,1478.0,4955.35314396,7321058.15341436
2026-05-27 15:30:00,1477.0,1480.0,1476.0,1480.0,10753.78927164,15885059.81434693
2026-05-27 15:45:00,1477.0,1477.0,1477.0,1477.0,676.405196,999050.474492
2026-05-27 16:15:00,1477.0,1477.0,1476.0,1476.0,1424.23694027,2102357.44016579
2026-05-27 16:30:00,1477.0,1479.0,1477.0,1479.0,337.29377104,498782.27394676
2026-05-27 16:45:00,1480.0,1480.0,1480.0,1480.0,67.56756756,99999.9999888
2026-05-27 17:00:00,1478.0,1478.0,1478.0,1478.0,4818.88191364,7122307.46835992
2026-05-27 17:15:00,1479.0,1480.0,1478.0,1478.0,24899.16929158,36806466.49466198
2026-05-27 17:30:00,1480.0,1480.0,1478.0,1478.0,24058.47278942,35603815.05826204
2026-05-27 17:45:00,1478.0,1478.0,1478.0,1478.0,23712.81248108,35047536.84703624
2026-05-27 18:00:00,1478.0,1480.0,1478.0,1478.0,24842.54846878,36718099.41230954
2026-05-27 18:15:00,1478.0,1480.0,1477.0,1479.0,20880.22419165,30860697.80852664
2026-05-27 18:30:00,1478.0,1479.0,1477.0,1477.0,1492.72821649,2205540.77696597
2026-05-27 18:45:00,1479.0,1479.0,1479.0,1479.0,231.1359533,341850.0749307
2026-05-27 19:00:00,1479.0,1479.0,1477.0,1479.0,1970.31856845,2912493.20714221
2026-05-27 19:15:00,1479.0,1479.0,1479.0,1479.0,72.17038539,106739.99999181
2026-05-27 19:30:00,1478.0,1479.0,1478.0,1479.0,1825.83704804,2698650.17282448
2026-05-27 19:45:00,1479.0,1479.0,1476.0,1478.0,843.41551073,1245179.06513424
2026-05-27 20:00:00,1476.0,1478.0,1476.0,1478.0,2185.1658192,3228976.21387322
2026-05-27 20:15:00,1478.0,1478.0,1476.0,1476.0,6767.58258863,9988984.37713716
2026-05-27 20:30:00,1478.0,1478.0,1475.0,1478.0,5751.10318089,8492552.02878427
2026-05-27 20:45:00,1475.0,1476.0,1475.0,1476.0,1223.260495,1804473.60036779
2026-05-27 21:00:00,1476.0,1477.0,1475.0,1477.0,731.43254203,1079688.27742502
2026-05-27 21:15:00,1478.0,1478.0,1475.0,1477.0,16198.83306213,23894769.16501302
2026-05-27 21:30:00,1475.0,1477.0,1475.0,1475.0,1222.23689597,1804152.84098685
2026-05-27 21:45:00,1475.0,1478.0,1475.0,1478.0,4080.21049882,6027377.53951474
2026-05-27 22:00:00,1477.0,1477.0,1475.0,1475.0,1483.99406584,2189852.66301062
2026-05-27 22:15:00,1475.0,1477.0,1475.0,1475.0,2972.16817991,4385516.12353899
2026-05-27 22:30:00,1478.0,1479.0,1478.0,1479.0,224.31056445,331736.4662571
2026-05-27 22:45:00,1478.0,1479.0,1475.0,1475.0,1586.13171017,2339599.18027404
2026-05-27 23:00:00,1475.0,1478.0,1475.0,1475.0,2277.69331733,3359738.06875466
2026-05-27 23:15:00,1475.0,1478.0,1474.0,1476.0,3944.46012019,5818795.33146621
2026-05-27 23:30:00,1476.0,1476.0,1474.0,1474.0,246.42180623,363256.91228793
2026-05-27 23:45:00,1474.0,1476.0,1474.0,1475.0,5213.46529067,7685512.95904378
2026-05-28 00:00:00,1476.0,1476.0,1474.0,1475.0,2347.74292854,3463091.72142371
2026-05-28 00:15:00,1475.0,1475.0,1474.0,1475.0,1118.36772782,1649403.37005858
2026-05-28 00:30:00,1474.0,1476.0,1473.0,1473.0,1681.05578683,2477836.66980997
2026-05-28 00:45:00,1476.0,1476.0,1476.0,1476.0,16.2601626,23999.9999976
2026-05-28 01:00:00,1476.0,1476.0,1475.0,1476.0,203.07432248,299727.99998048
2026-05-28 01:15:00,1476.0,1476.0,1473.0,1476.0,2969.41684671,4379855.21513012
2026-05-28 01:30:00,1476.0,1476.0,1474.0,1474.0,993.54521788,1465909.4636743
2026-05-28 01:45:00,1474.0,1476.0,1474.0,1476.0,7562.97453867,11147873.25048738
2026-05-28 02:00:00,1476.0,1476.0,1474.0,1476.0,1813.33342809,2676220.48878052
2026-05-28 02:15:00,1475.0,1476.0,1474.0,1476.0,5389.02844569,7952610.52585621
2026-05-28 02:30:00,1477.0,1477.0,1477.0,1477.0,264.75779442,391047.26235834
2026-05-28 02:45:00,1477.0,1479.0,1477.0,1479.0,1417.11845252,2093140.19550624
2026-05-28 03:00:00,1478.0,1479.0,1478.0,1479.0,4074.42214126,6026058.34692354
2026-05-28 03:15:00,1478.0,1478.0,1478.0,1478.0,233.12092262,344552.72363236
2026-05-28 03:30:00,1477.0,1477.0,1477.0,1477.0,28.43601894,41999.99997438
2026-05-28 03:45:00,1477.0,1478.0,1475.0,1477.0,57.99110044,85585.56293132
2026-05-28 04:00:00,1475.0,1477.0,1474.0,1474.0,2621.58686526,3865079.15998902
2026-05-28 04:15:00,1476.0,1477.0,1475.0,1477.0,2846.41565743,4203143.62174265
2026-05-28 04:30:00,1477.0,1477.0,1477.0,1477.0,4.06228842,5999.99999634
2026-05-28 05:30:00,1478.0,1478.0,1476.0,1476.0,69.13227096,102045.99783682
2026-05-28 06:15:00,1476.0,1476.0,1474.0,1476.0,1411.23271445,2080880.13106269
2026-05-28 06:30:00,1477.0,1480.0,1477.0,1480.0,14181.67086862,20979743.4507329
2026-05-28 06:45:00,1480.0,1481.0,1480.0,1481.0,2750.70900837,4073451.23009459
2026-05-28 07:00:00,1482.0,1482.0,1479.0,1479.0,554.39432165,820662.08868478
2026-05-28 07:15:00,1480.0,1480.0,1478.0,1478.0,995.59298714,1472169.92200789
2026-05-28 07:30:00,1478.0,1480.0,1478.0,1480.0,156.0244917,230848.247716
2026-05-28 07:45:00,1480.0,1480.0,1477.0,1479.0,3526.83921718,5218564.88912252
2026-05-28 08:00:00,1479.0,1480.0,1476.0,1476.0,7498.5316109,11074829.23783992
2026-05-28 08:15:00,1476.0,1476.0,1474.0,1474.0,3785.49422965,5584776.45634406
2026-05-28 08:30:00,1476.0,1476.0,1473.0,1473.0,8035.28849096,11851825.54301595
2026-05-28 08:45:00,1474.0,1475.0,1473.0,1475.0,54279.27787152,79954473.30366305
2026-05-28 09:00:00,1476.0,1477.0,1476.0,1477.0,21522.07172284,31787623.69604642
2026-05-28 09:15:00,1477.0,1478.0,1475.0,1478.0,8204.63395412,12116361.75690417
2026-05-28 09:30:00,1478.0,1478.0,1475.0,1475.0,2131.81258457,3144934.77607847
2026-05-28 09:45:00,1478.0,1480.0,1478.0,1480.0,12309.47058758,18206573.16928436
2026-05-28 10:00:00,1479.0,1479.0,1476.0,1476.0,802.93010956,1185453.20771405
2026-05-28 10:15:00,1478.0,1479.0,1476.0,1476.0,1259.96567945,1862247.5428682
2026-05-28 10:30:00,1476.0,1478.0,1476.0,1477.0,1581.77057521,2335008.4236295
2026-05-28 10:45:00,1476.0,1476.0,1475.0,1475.0,2993.09385066,4417741.8576365
2026-05-28 11:00:00,1477.0,1477.0,1475.0,1475.0,216.54493938,319441.4395285
2026-05-28 11:15:00,1476.0,1477.0,1476.0,1476.0,288.96096632,426511.67568891
2026-05-28 11:30:00,1475.0,1477.0,1475.0,1477.0,199.01917497,293653.57799827
2026-05-28 11:45:00,1477.0,1477.0,1475.0,1475.0,9725.04067169,14360377.98032048
2026-05-28 12:00:00,1475.0,1477.0,1475.0,1477.0,4570.74255208,6741877.76262536
2026-05-28 12:15:00,1477.0,1481.0,1477.0,1479.0,104811.1252249,154933282.3875533
2026-05-28 12:30:00,1477.0,1479.0,1475.0,1475.0,15052.44194906,22236065.90577503
2026-05-28 12:45:00,1478.0,1478.0,1475.0,1476.0,11100.61186477,16384701.56538057
2026-05-28 13:00:00,1476.0,1478.0,1475.0,1476.0,17048.35438569,25157897.1058924
2026-05-28 13:15:00,1476.0,1478.0,1474.0,1474.0,10689.40056189,15756261.10960454
2026-05-28 13:30:00,1474.0,1476.0,1473.0,1475.0,2106.30375812,3105647.54855535
2026-05-28 13:45:00,1477.0,1478.0,1474.0,1477.0,16479.22866995,24328072.96739434
2026-05-28 14:00:00,1477.0,1478.0,1475.0,1478.0,12581.46268867,18582382.43754157
2026-05-28 14:15:00,1478.0,1478.0,1475.0,1477.0,21150.20593009,31259080.97117068
2026-05-28 14:30:00,1477.0,1478.0,1475.0,1477.0,3444.03059174,5086800.22207466
2026-05-28 14:45:00,1478.0,1479.0,1475.0,1475.0,6450.14917413,9537139.0657461
2026-05-28 15:00:00,1475.0,1475.0,1475.0,1475.0,1060.34994574,1564016.1699665
2026-05-28 15:15:00,1476.0,1478.0,1476.0,1478.0,836.3001246,1234414.30454426
2026-05-28 15:30:00,1476.0,1476.0,1476.0,1476.0,703.35490758,1038151.84358808
2026-05-28 15:45:00,1476.0,1479.0,1475.0,1479.0,2438.54722566,3599166.88955024
2026-05-28 16:00:00,1477.0,1479.0,1476.0,1478.0,1171.91381705,1732099.55543962
2026-05-28 16:15:00,1478.0,1480.0,1478.0,1478.0,32612.05711773,48234529.25841749
2026-05-28 16:30:00,1477.0,1480.0,1477.0,1480.0,1228.31847613,1817164.32625798
2026-05-28 16:45:00,1480.0,1481.0,1478.0,1478.0,4058.80445005,6009273.4839492
2026-05-28 17:15:00,1481.0,1481.0,1481.0,1481.0,1176.97127014,1743094.45107734
2026-05-28 17:30:00,1480.0,1480.0,1479.0,1479.0,109.03829625,161273.17387337
2026-05-28 17:45:00,1479.0,1480.0,1479.0,1480.0,2118.36425321,3134842.02310271
2026-05-28 18:00:00,1480.0,1481.0,1480.0,1480.0,1479.41712404,2190336.28669369
2026-05-28 18:15:00,1480.0,1481.0,1479.0,1481.0,2833.35651104,4194215.98058584
2026-05-28 18:30:00,1481.0,1481.0,1480.0,1480.0,620.75639982,918975.31585025
2026-05-28 18:45:00,1480.0,1480.0,1479.0,1480.0,5306.28832671,7848332.01703693
2026-05-28 19:00:00,1480.0,1481.0,1479.0,1479.0,2013.39660837,2979210.09095563
2026-05-28 19:15:00,1479.0,1481.0,1479.0,1479.0,2610.77078531,3865464.99697793
2026-05-28 19:30:00,1481.0,1481.0,1478.0,1478.0,14336.00899861,21222784.07196473
2026-05-28 19:45:00,1479.0,1479.0,1478.0,1479.0,2136.03374729,3158334.20025805
2026-05-28 20:00:00,1479.0,1479.0,1476.0,1476.0,2770.49872835,4089809.26850109
2026-05-28 20:15:00,1476.0,1478.0,1475.0,1478.0,805.74608545,1189038.58055985
2026-05-28 20:30:00,1478.0,1478.0,1475.0,1476.0,9401.44601008,13869691.37599554
2026-05-28 20:45:00,1476.0,1477.0,1474.0,1474.0,5051.55527204,7452014.98148153
2026-05-28 21:00:00,1477.0,1478.0,1475.0,1478.0,128.64668856,189789.99997966
2026-05-28 21:15:00,1478.0,1478.0,1478.0,1478.0,9326.81764663,13785036.48171914
2026-05-28 21:30:00,1478.0,1478.0,1478.0,1478.0,16.23815964,23999.99994792
2026-05-28 21:45:00,1478.0,1479.0,1478.0,1479.0,18531.37339335,27406354.38194176
2026-05-28 22:00:00,1479.0,1480.0,1479.0,1480.0,307.87624864,455366.77173856
2026-05-28 22:15:00,1479.0,1480.0,1478.0,1480.0,1500.4228917,2217654.33756588
2026-05-28 22:30:00,1480.0,1481.0,1477.0,1477.0,7223.71570846,10693042.52610688
2026-05-28 22:45:00,1477.0,1481.0,1477.0,1481.0,4755.0399612,7041195.91645631
2026-05-28 23:00:00,1480.0,1481.0,1480.0,1480.0,19614.09362429,29038372.65757349
2026-05-28 23:15:00,1480.0,1480.0,1478.0,1478.0,1795.2021029,2655826.9243024
2026-05-28 23:30:00,1480.0,1480.0,1477.0,1478.0,5621.00045483,8304030.70818033
2026-05-28 23:45:00,1478.0,1480.0,1476.0,1477.0,2466.64523081,3644884.11897988
2026-05-29 00:00:00,1477.0,1480.0,1476.0,1480.0,15152.48771534,22381749.98089536
2026-05-29 00:15:00,1480.0,1480.0,1475.0,1475.0,3672.25005185,5422934.61126297
2026-05-29 00:30:00,1476.0,1479.0,1475.0,1479.0,617.65286658,911432.2221921
2026-05-29 00:45:00,1476.0,1480.0,1476.0,1480.0,2721.15118942,4018851.16081592
2026-05-29 01:00:00,1480.0,1480.0,1480.0,1480.0,31.95746721,47297.0514708
2026-05-29 01:15:00,1476.0,1476.0,1476.0,1476.0,625.03220221,922547.53046196
2026-05-29 01:30:00,1476.0,1478.0,1476.0,1478.0,21.1231019,31191.2234416
2026-05-29 01:45:00,1479.0,1479.0,1479.0,1479.0,168.94929006,249875.99999874
2026-05-29 02:00:00,1478.0,1478.0,1475.0,1475.0,3890.20500737,5738319.75681666
2026-05-29 02:15:00,1475.0,1475.0,1475.0,1475.0,699.95753158,1032437.3590805
2026-05-29 02:30:00,1475.0,1477.0,1475.0,1477.0,107.82457684,159057.49999268
2026-05-29 02:45:00,1477.0,1478.0,1475.0,1475.0,244.57033108,360848.68703701
2026-05-29 03:00:00,1475.0,1477.0,1475.0,1475.0,9361.37276578,13808032.95410234
2026-05-29 03:15:00,1475.0,1478.0,1475.0,1475.0,3014.71086962,4447646.8918306
2026-05-29 03:30:00,1474.0,1477.0,1474.0,1477.0,45473.5749449,67035586.9828198
2026-05-29 03:45:00,1477.0,1477.0,1475.0,1477.0,723.75384682,1067593.79609738
2026-05-29 04:00:00,1477.0,1477.0,1477.0,1477.0,106.93304744,157940.11106888
2026-05-29 04:15:00,1477.0,1477.0,1476.0,1476.0,339.99009621,501833.5065828
2026-05-29 04:30:00,1477.0,1477.0,1477.0,1477.0,28.43601894,41999.99997438
2026-05-29 04:45:00,1477.0,1477.0,1474.0,1477.0,153.54684797,226401.66661414
2026-05-29 05:00:00,1477.0,1477.0,1475.0,1475.0,1091.07076872,1611082.31672688
2026-05-29 05:15:00,1478.0,1478.0,1475.0,1478.0,60.42343576,89161.10360519
2026-05-29 05:30:00,1478.0,1479.0,1475.0,1475.0,759.79408366,1121185.6095872
2026-05-29 05:45:00,1478.0,1478.0,1478.0,1478.0,16.23815964,23999.99994792
2026-05-29 06:00:00,1478.0,1478.0,1475.0,1477.0,190.23383945,280647.69820162
2026-05-29 06:15:00,1477.0,1478.0,1475.0,1475.0,1389.20519327,2052068.52653928
2026-05-29 06:30:00,1475.0,1476.0,1475.0,1476.0,260.40119611,384191.76426225
2026-05-29 06:45:00,1478.0,1478.0,1478.0,1478.0,12.17861973,17999.99996094
2026-05-29 07:00:00,1478.0,1479.0,1477.0,1479.0,5202.51215386,7689753.03461162
2026-05-29 07:15:00,1479.0,1479.0,1478.0,1479.0,316.73806012,468450.59091748
2026-05-29 07:30:00,1477.0,1479.0,1477.0,1479.0,359.1291413,530483.9999827
2026-05-29 07:45:00,1479.0,1479.0,1479.0,1479.0,99.97702837,147866.02495923
2026-05-29 08:00:00,1479.0,1479.0,1477.0,1479.0,174.64079846,258280.19996094
2026-05-29 08:15:00,1479.0,1479.0,1476.0,1478.0,5377.60462609,7937880.27673759
2026-05-29 08:30:00,1478.0,1478.0,1475.0,1475.0,3592.34216725,5298724.99989032
2026-05-29 08:45:00,1478.0,1478.0,1477.0,1477.0,32.47906779,47999.9999052
2026-05-29 09:00:00,1475.0,1477.0,1475.0,1477.0,21329.14335514,31460543.32086938
2026-05-29 09:15:00,1477.0,1478.0,1475.0,1477.0,32595.84833707,48144077.14385329
2026-05-29 09:30:00,1477.0,1477.0,1475.0,1475.0,9566.37382065,14110442.00834295
2026-05-29 09:45:00,1475.0,1477.0,1475.0,1475.0,7280.02768576,10739615.47709485
2026-05-29 10:00:00,1477.0,1477.0,1475.0,1475.0,4120.36293534,6084809.40486834
2026-05-29 10:15:00,1475.0,1477.0,1475.0,1476.0,398.7753585,588507.22801222
2026-05-29 10:30:00,1476.0,1477.0,1474.0,1476.0,62223.45667685,91782585.04900081
2026-05-29 10:45:00,1476.0,1476.0,1474.0,1476.0,7830.5229062,11549601.43567349
2026-05-29 11:00:00,1475.0,1476.0,1475.0,1475.0,6839.95235244,10089678.31367538
2026-05-29 11:15:00,1475.0,1477.0,1475.0,1477.0,9684.80805386,14297806.83093705
2026-05-29 11:30:00,1478.0,1478.0,1475.0,1475.0,35444.09494598,52320884.96739303
2026-05-29 11:45:00,1475.0,1475.0,1475.0,1475.0,32187.94171716,47477214.032811
2026-05-29 12:00:00,1475.0,1475.0,1474.0,1474.0,21054.32137017,31036427.35424755
2026-05-29 12:15:00,1475.0,1475.0,1474.0,1474.0,658.5737312,970832.56792439
2026-05-29 12:30:00,1474.0,1477.0,1474.0,1477.0,2315.76176661,3414241.20737551
2026-05-29 12:45:00,1474.0,1477.0,1474.0,1477.0,581.0551074,857703.92990238
2026-05-29 13:00:00,1475.0,1475.0,1475.0,1475.0,2482.97343666,3662385.8190735
2026-05-29 13:15:00,1475.0,1476.0,1474.0,1474.0,66063.57391868,97427858.64845666
2026-05-29 13:30:00,1474.0,1476.0,1474.0,1474.0,57854.27180691,85286016.42793816
2026-05-29 13:45:00,1474.0,1475.0,1474.0,1474.0,16412.69475257,24192352.73308478
2026-05-29 14:00:00,1474.0,1477.0,1473.0,1477.0,22055.86783145,32568786.16196151
2026-05-29 14:15:00,1476.0,1477.0,1474.0,1474.0,17872.90885553,26358248.52068619
2026-05-29 14:30:00,1477.0,1477.0,1474.0,1474.0,1690.63933649,2492016.59999573
2026-05-29 14:45:00,1474.0,1477.0,1474.0,1477.0,3042.62719761,4484863.67893866
2026-05-29 15:00:00,1476.0,1478.0,1474.0,1478.0,31888.89889088,47082975.28780582
2026-05-29 15:15:00,1478.0,1478.0,1478.0,1478.0,67.65899864,99999.99998992
2026-05-29 15:30:00,1479.0,1479.0,1475.0,1475.0,3156.39420905,4666628.72845943
2026-05-29 15:45:00,1475.0,1479.0,1475.0,1479.0,928.60975658,1370510.74998182
2026-05-29 16:00:00,1476.0,1479.0,1476.0,1476.0,3559.12633671,5253878.68799409
2026-05-29 16:15:00,1479.0,1480.0,1477.0,1480.0,3331.65919306,4926074.43872409
2026-05-29 16:30:00,1478.0,1480.0,1478.0,1478.0,273.43867319,404391.18403226
2026-05-29 16:45:00,1478.0,1480.0,1478.0,1478.0,5938.7615276,8780006.06211706
2026-05-29 17:00:00,1478.0,1480.0,1478.0,1478.0,2604.84956806,3853969.8083812
2026-05-29 17:15:00,1480.0,1480.0,1478.0,1480.0,7795.94927765,11533087.3429133
2026-05-29 17:30:00,1480.0,1481.0,1478.0,1481.0,3261.73493296,4828429.28292392
2026-05-29 17:45:00,1481.0,1481.0,1481.0,1481.0,647.21437099,958524.48343619
2026-05-29 18:00:00,1481.0,1482.0,1479.0,1482.0,7685.43656652,11377384.35665429
2026-05-29 18:15:00,1482.0,1482.0,1481.0,1482.0,9214.6009195,13651977.366426
2026-05-29 18:30:00,1479.0,1482.0,1479.0,1482.0,2090.97300956,3098199.46467097
2026-05-29 18:45:00,1482.0,1483.0,1482.0,1483.0,6607.69952424,9793050.24558807
2026-05-29 19:00:00,1480.0,1483.0,1479.0,1479.0,10313.80593848,15265444.98978033
2026-05-29 19:15:00,1483.0,1483.0,1481.0,1481.0,7154.63446798,10609116.406555
2026-05-29 19:30:00,1481.0,1483.0,1480.0,1482.0,1560.22625291,2309455.13160473
2026-05-29 19:45:00,1482.0,1482.0,1482.0,1482.0,24.29149794,35999.99994708
2026-05-29 20:00:00,1482.0,1482.0,1480.0,1482.0,5472.97911337,8109307.13508034
2026-05-29 20:15:00,1482.0,1482.0,1480.0,1482.0,1222.68526465,1811478.2622113
2026-05-29 20:30:00,1482.0,1483.0,1480.0,1482.0,3670.74544776,5439786.80120627
2026-05-29 20:45:00,1480.0,1483.0,1479.0,1482.0,7410.73223715,10969845.17683426
2026-05-29 21:00:00,1482.0,1483.0,1479.0,1479.0,1427.82119555,2113201.99865574
2026-05-29 21:15:00,1482.0,1482.0,1482.0,1482.0,2134.79001959,3163758.80903238
2026-05-29 21:30:00,1482.0,1483.0,1482.0,1483.0,1829.61048749,2711517.38436403
2026-05-29 21:45:00,1483.0,1483.0,1480.0,1483.0,1186.99548571,1760157.80904496
2026-05-29 22:00:00,1480.0,1483.0,1480.0,1483.0,2510.61961215,3719093.58327104
2026-05-29 22:15:00,1483.0,1483.0,1480.0,1483.0,20901.43008701,30994136.03809378
2026-05-29 22:30:00,1483.0,1484.0,1480.0,1484.0,5688.57127331,8435943.90782777
2026-05-29 22:45:00,1483.0,1484.0,1480.0,1481.0,10590.5505269,15680609.07696448
2026-05-29 23:00:00,1483.0,1484.0,1480.0,1483.0,10860.25557455,16094852.61701214
2026-05-29 23:15:00,1483.0,1485.0,1482.0,1485.0,32344.60608824,47997320.99561357
2026-05-29 23:30:00,1480.0,1481.0,1480.0,1481.0,1723.33451393,2551889.81034613
2026-05-29 23:45:00,1481.0,1483.0,1481.0,1481.0,7389.78438419,10945425.18844307
2026-05-30 00:00:00,1484.0,1484.0,1481.0,1481.0,11545.42665764,17100126.46098055
2026-05-30 00:15:00,1481.0,1482.0,1481.0,1481.0,61115.54112356,90515616.71394175
2026-05-30 00:30:00,1481.0,1482.0,1479.0,1481.0,7466.86651331,11049175.49815108
2026-05-30 00:45:00,1479.0,1482.0,1479.0,1480.0,1226.12982604,1814362.82635242
2026-05-30 01:00:00,1479.0,1482.0,1478.0,1481.0,14422.2163152,21343055.30537358
2026-05-30 01:15:00,1479.0,1481.0,1478.0,1481.0,12742.95638684,18853493.22121732
2026-05-30 01:30:00,1478.0,1480.0,1478.0,1480.0,5945.24892818,8798768.4137064
2026-05-30 01:45:00,1480.0,1481.0,1480.0,1481.0,952.69832622,1410034.03597237
2026-05-30 02:00:00,1481.0,1481.0,1481.0,1481.0,91.49223493,135499.99993133
2026-05-30 02:15:00,1480.0,1480.0,1478.0,1480.0,388.55913608,575010.6193424
2026-05-30 02:30:00,1481.0,1481.0,1480.0,1480.0,16.21347882,23999.99997027
2026-05-30 02:45:00,1480.0,1480.0,1480.0,1480.0,8.1081081,11999.999988
2026-05-30 03:00:00,1480.0,1481.0,1477.0,1481.0,1306.16130135,1930359.03265173
2026-05-30 03:15:00,1481.0,1481.0,1478.0,1478.0,10388.77955811,15365310.54356827
2026-05-30 03:30:00,1481.0,1481.0,1480.0,1480.0,32.41600812,47999.99991762
2026-05-30 03:45:00,1480.0,1481.0,1479.0,1479.0,8740.14749568,12935153.06773835
2026-05-30 04:00:00,1481.0,1481.0,1481.0,1481.0,4.05131667,5999.99998827
2026-05-30 04:15:00,1482.0,1482.0,1482.0,1482.0,8.09716598,11999.99998236
2026-05-30 04:30:00,1482.0,1482.0,1482.0,1482.0,28.34008093,41999.99993826
2026-05-30 04:45:00,1482.0,1482.0,1479.0,1479.0,1696.35761888,2509066.96350729
2026-05-30 05:00:00,1481.0,1481.0,1481.0,1481.0,12.15395001,17999.99996481
2026-05-30 05:15:00,1482.0,1482.0,1482.0,1482.0,16.19433196,23999.99996472
2026-05-30 05:30:00,1479.0,1482.0,1479.0,1479.0,4713.21025666,6970858.21798245
2026-05-30 05:45:00,1481.0,1481.0,1479.0,1479.0,6847.37780242,10127279.87241252
2026-05-30 06:00:00,1481.0,1482.0,1479.0,1479.0,26585.92408403,39375977.13626611
2026-05-30 06:15:00,1479.0,1480.0,1479.0,1480.0,5875.2170841,8690246.1562839
2026-05-30 06:30:00,1482.0,1483.0,1480.0,1482.0,152.14419931,225399.99912676
2026-05-30 06:45:00,1480.0,1483.0,1479.0,1483.0,533.62575015,791204.93480593
2026-05-30 07:00:00,1482.0,1482.0,1479.0,1480.0,20573.28780469,30449625.9575345
2026-05-30 07:15:00,1481.0,1481.0,1481.0,1481.0,24.30790002,35999.99992962
2026-05-30 07:30:00,1481.0,1483.0,1481.0,1483.0,1553.51573499,2302200.66598221
2026-05-30 07:45:00,1483.0,1483.0,1483.0,1483.0,40.42685332,59953.02347356
2026-05-30 08:00:00,1483.0,1483.0,1481.0,1481.0,3978.1948417,5898591.47350476
2026-05-30 08:15:00,1481.0,1481.0,1481.0,1481.0,109.024519,161465.312639
2026-05-30 08:30:00,1483.0,1483.0,1483.0,1483.0,249.49426837,369999.99999271
2026-05-30 08:45:00,1483.0,1483.0,1481.0,1483.0,9778.94146634,14496163.42888254
2026-05-30 09:00:00,1483.0,1484.0,1483.0,1484.0,8935.76013261,13257746.03276188
2026-05-30 09:15:00,1484.0,1484.0,1481.0,1484.0,2264.74327742,3360076.23454131
2026-05-30 09:30:00,1484.0,1485.0,1482.0,1483.0,1011.67035717,1501158.69045663
2026-05-30 09:45:00,1482.0,1484.0,1482.0,1482.0,1055.86519819,1564840.99996696
2026-05-30 10:15:00,1484.0,1485.0,1483.0,1485.0,1280.73263929,1901778.20549694
2026-05-30 10:30:00,1483.0,1485.0,1483.0,1485.0,762.99490602,1132171.05562762
2026-05-30 10:45:00,1485.0,1485.0,1481.0,1485.0,18276.12779489,27074684.06111631
2026-05-30 11:00:00,1483.0,1485.0,1481.0,1481.0,10602.74192247,15725419.25533277
2026-05-30 11:15:00,1485.0,1485.0,1482.0,1485.0,10660.66140455,15821945.66789775
2026-05-30 11:30:00,1484.0,1484.0,1481.0,1481.0,1732.485528,2567435.95969804
2026-05-30 11:45:00,1481.0,1484.0,1481.0,1484.0,7426.2184889,10998323.35834114
2026-05-30 12:00:00,1484.0,1484.0,1482.0,1482.0,5149.17983461,7631111.4690699
2026-05-30 12:15:00,1482.0,1484.0,1481.0,1481.0,1875.71440944,2779084.18319447
2026-05-30 12:30:00,1483.0,1484.0,1481.0,1484.0,26934.27741161,39916886.92498631
2026-05-30 12:45:00,1484.0,1485.0,1483.0,1484.0,11433.86190181,16966642.59764925
2026-05-30 13:00:00,1484.0,1485.0,1484.0,1485.0,1575.0048421,2338658.86774056
2026-05-30 13:15:00,1485.0,1485.0,1484.0,1484.0,3825.20090958,5677259.88045645
2026-05-30 13:30:00,1483.0,1485.0,1482.0,1484.0,724.36813251,1073613.12266798
2026-05-30 13:45:00,1484.0,1485.0,1482.0,1483.0,6610.38957902,9809528.45209915
2026-05-30 14:00:00,1485.0,1485.0,1482.0,1485.0,2061.60665753,3059314.5932703
2026-05-30 14:15:00,1485.0,1485.0,1484.0,1485.0,3861.55584821,5734073.07172585
2026-05-30 14:30:00,1485.0,1485.0,1482.0,1484.0,1937.06716591,2874551.90585405
2026-05-30 14:45:00,1484.0,1485.0,1482.0,1482.0,6149.04751389,9127580.09322009
2026-05-30 15:00:00,1482.0,1483.0,1482.0,1483.0,55.4040404,82123.7878728
2026-05-30 15:30:00,1483.0,1483.0,1483.0,1483.0,36.36795463,53933.67671629
2026-05-30 15:45:00,1484.0,1484.0,1484.0,1484.0,4098.32536078,6081914.83539752
2026-05-30 16:00:00,1484.0,1484.0,1483.0,1484.0,2865.74905319,4252102.8720178
2026-05-30 16:15:00,1484.0,1484.0,1482.0,1484.0,1157.39257751,1716356.48114061
2026-05-30 16:30:00,1484.0,1484.0,1482.0,1484.0,10692.70379154,15865170.70153506
2026-05-30 16:45:00,1484.0,1484.0,1482.0,1484.0,1043.27719136,1546915.21698411
2026-05-30 17:00:00,1484.0,1484.0,1482.0,1482.0,4139.29016887,6135775.06564252
2026-05-30 17:15:00,1482.0,1484.0,1482.0,1482.0,4769.46228895,7068534.57848536
2026-05-30 17:30:00,1484.0,1484.0,1482.0,1484.0,12611.73668676,18715084.58600558
2026-05-30 17:45:00,1484.0,1485.0,1482.0,1485.0,18052.63542039,26788594.71676391
2026-05-30 18:00:00,1482.0,1485.0,1482.0,1482.0,1811.04338694,2684060.19021133
2026-05-30 18:15:00,1482.0,1482.0,1482.0,1482.0,3067.0951518,4545435.0149676
2026-05-30 18:30:00,1482.0,1484.0,1482.0,1482.0,13091.81372408,19402481.42970244
2026-05-30 18:45:00,1482.0,1483.0,1482.0,1483.0,5681.30193699,8423943.3754972
2026-05-30 19:00:00,1483.0,1484.0,1482.0,1484.0,710.84352303,1053766.47498893
2026-05-30 19:15:00,1484.0,1484.0,1484.0,1484.0,673.51752021,999499.99999164
2026-05-30 19:30:00,1483.0,1483.0,1482.0,1483.0,125.803684,186465.334806
2026-05-30 19:45:00,1483.0,1484.0,1482.0,1482.0,524.95199647,778444.52188244
2026-05-30 20:00:00,1482.0,1484.0,1482.0,1484.0,351.77450263,521345.98540438
2026-05-30 20:15:00,1484.0,1484.0,1484.0,1484.0,179.37060506,266185.97790904
2026-05-30 20:30:00,1484.0,1484.0,1482.0,1484.0,1394.01977975,2066182.00361638
2026-05-30 20:45:00,1484.0,1484.0,1483.0,1483.0,1267.48581233,1880938.94549772
2026-05-30 21:00:00,1483.0,1483.0,1483.0,1483.0,413.05777782,612564.68450706
2026-05-30 21:15:00,1485.0,1485.0,1483.0,1483.0,7585.54300417,11251190.52773459
2026-05-30 21:30:00,1483.0,1485.0,1483.0,1485.0,3396.32070665,5043474.24937525
2026-05-30 21:45:00,1483.0,1485.0,1483.0,1483.0,5696.8180619,8451443.12439832
2026-05-30 22:00:00,1483.0,1483.0,1482.0,1483.0,7663.07068859,11364060.21520676
2026-05-30 22:15:00,1483.0,1485.0,1482.0,1482.0,5422.57587467,8044785.98331771
2026-05-30 22:45:00,1483.0,1485.0,1482.0,1484.0,19551.192357,28990112.9322855
2026-05-30 23:00:00,1485.0,1485.0,1482.0,1484.0,114.31889939,169623.90864413
2026-05-30 23:15:00,1482.0,1484.0,1482.0,1484.0,1223.89163136,1813863.04018358
2026-05-30 23:30:00,1482.0,1482.0,1482.0,1482.0,8.95687332,13274.08626024
2026-05-30 23:45:00,1484.0,1484.0,1480.0,1484.0,70601.93577502,104551394.86138499
2026-05-31 00:00:00,1484.0,1484.0,1481.0,1484.0,959.09236179,1420803.77635536
2026-05-31 00:15:00,1484.0,1484.0,1481.0,1483.0,69.69146733,103350.3213873
2026-05-31 00:30:00,1483.0,1485.0,1483.0,1485.0,3748.84431204,5563701.02402035
2026-05-31 00:45:00,1484.0,1484.0,1484.0,1484.0,8.08625336,11999.99998624
2026-05-31 01:00:00,1485.0,1485.0,1482.0,1484.0,8252.10830976,12232281.8095727
2026-05-31 01:15:00,1482.0,1484.0,1482.0,1483.0,880.95479341,1306706.83519202
2026-05-31 01:30:00,1484.0,1484.0,1482.0,1484.0,4025.20203002,5969546.62505344
2026-05-31 01:45:00,1481.0,1483.0,1481.0,1483.0,1119.92776453,1658629.20268093
2026-05-31 02:00:00,1483.0,1483.0,1481.0,1483.0,116.14634327,172069.37632487
2026-05-31 02:15:00,1483.0,1483.0,1481.0,1483.0,2949.1420336,4373364.99039878
2026-05-31 02:30:00,1483.0,1483.0,1481.0,1483.0,1296.98651381,1921032.99998023
2026-05-31 02:45:00,1483.0,1483.0,1483.0,1483.0,32.366824,47999.999992
2026-05-31 03:00:00,1481.0,1484.0,1481.0,1483.0,1602.62967007,2376577.92531486
2026-05-31 03:15:00,1481.0,1484.0,1481.0,1484.0,994.87029735,1473459.57138339
2026-05-31 03:30:00,1483.0,1483.0,1483.0,1483.0,12.137559,17999.999997
2026-05-31 03:45:00,1481.0,1483.0,1481.0,1483.0,44.47830752,65880.46514312
2026-05-31 04:15:00,1483.0,1484.0,1481.0,1483.0,98.51647026,146025.25927906
2026-05-31 04:30:00,1483.0,1483.0,1481.0,1481.0,2233.98051345,3308549.41553745
2026-05-31 04:45:00,1483.0,1483.0,1483.0,1483.0,20.229265,29999.999995
2026-05-31 05:00:00,1483.0,1483.0,1483.0,1483.0,58.59743762,86899.99999046
2026-05-31 05:15:00,1483.0,1483.0,1483.0,1483.0,20.229265,29999.999995
2026-05-31 05:30:00,1483.0,1483.0,1483.0,1483.0,8.091706,11999.999998
2026-05-31 05:45:00,1483.0,1483.0,1483.0,1483.0,16.183412,23999.999996
2026-05-31 06:00:00,1481.0,1483.0,1481.0,1483.0,148.320971,219719.999993
2026-05-31 06:15:00,1483.0,1483.0,1483.0,1483.0,12.137559,17999.999997
2026-05-31 06:30:00,1482.0,1482.0,1481.0,1482.0,5596.08915921,8292801.63196572
2026-05-31 06:45:00,1482.0,1483.0,1482.0,1483.0,1097.36887661,1627391.63118834
2026-05-31 07:00:00,1483.0,1483.0,1483.0,1483.0,2517.53142664,3733499.10570712
2026-05-31 07:15:00,1483.0,1483.0,1481.0,1483.0,712.26408541,1056273.91047789
2026-05-31 07:30:00,1483.0,1484.0,1483.0,1484.0,477.94713637,709259.3191665
2026-05-31 08:00:00,1484.0,1484.0,1484.0,1484.0,673.85444743,999999.99998612
2026-05-31 08:15:00,1484.0,1484.0,1482.0,1483.0,3240.01988314,4806198.24473963
2026-05-31 08:30:00,1483.0,1484.0,1483.0,1484.0,3746.08123492,5559138.95236141
2026-05-31 08:45:00,1484.0,1484.0,1484.0,1484.0,2707.54716979,4017999.99996836
2026-05-31 09:00:00,1484.0,1485.0,1484.0,1485.0,1005.30782923,1492764.94873836
2026-05-31 09:15:00,1483.0,1485.0,1483.0,1484.0,4356.85030865,6466524.87211738
2026-05-31 09:30:00,1485.0,1485.0,1484.0,1484.0,6262.11666679,9294107.17769797
2026-05-31 09:45:00,1484.0,1485.0,1484.0,1485.0,1175.34487407,1744916.82813671
2026-05-31 10:00:00,1485.0,1485.0,1482.0,1482.0,1070.3888112,1586397.32716846
2026-05-31 10:15:00,1482.0,1484.0,1481.0,1484.0,1440.74981478,2135846.41343354
2026-05-31 10:30:00,1484.0,1484.0,1484.0,1484.0,28.30188676,41999.99995184
2026-05-31 10:45:00,1484.0,1484.0,1483.0,1483.0,6995.5244718,10374374.92105944
2026-05-31 11:00:00,1483.0,1484.0,1483.0,1484.0,4065.7191651,6033510.63610016
2026-05-31 11:15:00,1483.0,1484.0,1483.0,1484.0,66.03000424,97976.71192132
2026-05-31 11:30:00,1484.0,1484.0,1484.0,1484.0,4122.40137457,6117643.63986188
2026-05-31 11:45:00,1483.0,1484.0,1481.0,1484.0,2975.1123578,4407159.58178361
2026-05-31 12:00:00,1483.0,1484.0,1483.0,1483.0,2215.96087017,3286481.88547928
2026-05-31 12:15:00,1482.0,1483.0,1480.0,1483.0,4200.93781793,6218674.25272678
2026-05-31 12:30:00,1483.0,1483.0,1480.0,1483.0,923.59874314,1367199.07128447
2026-05-31 12:45:00,1483.0,1483.0,1483.0,1483.0,5404.92329693,8015501.24934719
2026-05-31 13:00:00,1483.0,1483.0,1483.0,1483.0,332.94383701,493755.71028583
2026-05-31 13:15:00,1483.0,1484.0,1480.0,1483.0,1663.22878132,2461639.99999254
2026-05-31 13:30:00,1483.0,1484.0,1483.0,1483.0,136.49189919,202467.99997585
2026-05-31 13:45:00,1483.0,1483.0,1479.0,1483.0,4739.34065235,7009907.43621047
2026-05-31 14:00:00,1480.0,1483.0,1479.0,1483.0,6391.75231722,9458512.73581546
2026-05-31 14:15:00,1483.0,1483.0,1478.0,1483.0,906.20909764,1342135.82556866
2026-05-31 14:30:00,1482.0,1482.0,1480.0,1480.0,143.29349794,212156.74454026
2026-05-31 14:45:00,1482.0,1482.0,1480.0,1480.0,19079.355619,28256609.91902058
2026-05-31 15:00:00,1480.0,1480.0,1480.0,1480.0,1707.6183238,2527275.119224
2026-05-31 15:15:00,1483.0,1483.0,1480.0,1480.0,476.03942466,704747.33642474
2026-05-31 15:30:00,1482.0,1482.0,1479.0,1482.0,5252.76309749,7774779.66967074
2026-05-31 15:45:00,1480.0,1480.0,1480.0,1480.0,5375.22579,7955334.1692
2026-05-31 16:15:00,1480.0,1483.0,1480.0,1483.0,3000.86838188,4449989.31032804
2026-05-31 16:30:00,1483.0,1483.0,1480.0,1482.0,5359.0766245,7933227.3715619
2026-05-31 16:45:00,1480.0,1482.0,1480.0,1482.0,3884.11485798,5748514.28130834
2026-05-31 17:00:00,1482.0,1482.0,1480.0,1482.0,1454.61616038,2154597.93895476
2026-05-31 17:15:00,1482.0,1482.0,1480.0,1481.0,3384.22761716,5008709.51317671
2026-05-31 17:30:00,1481.0,1482.0,1480.0,1482.0,2118.90422971,3139063.4915874
2026-05-31 17:45:00,1482.0,1482.0,1480.0,1480.0,2852.67852055,4223180.8634551
2026-05-31 18:00:00,1481.0,1481.0,1481.0,1481.0,9923.45759924,14696640.70447444
2026-05-31 18:15:00,1480.0,1481.0,1480.0,1481.0,22951.17712909,33968092.80624546
2026-05-31 18:30:00,1481.0,1481.0,1480.0,1481.0,1419.09380697,2100291.24484896
2026-05-31 18:45:00,1480.0,1481.0,1480.0,1481.0,10927.43221656,16173401.08399947
2026-05-31 19:00:00,1480.0,1482.0,1480.0,1482.0,355.7018362,527033.44757856
2026-05-31 19:15:00,1482.0,1482.0,1479.0,1482.0,24568.3321187,36353383.56712442
2026-05-31 19:30:00,1480.0,1482.0,1480.0,1482.0,190.05123925,281489.9561631
2026-05-31 19:45:00,1482.0,1482.0,1480.0,1480.0,2100.49049866,3109195.49940843
2026-05-31 20:00:00,1481.0,1481.0,1480.0,1480.0,472.0066194,698623.43920401
2026-05-31 20:15:00,1481.0,1481.0,1480.0,1481.0,8475.02971274,12545060.54658111
2026-05-31 20:30:00,1480.0,1481.0,1480.0,1481.0,7087.48167871,10489589.14107415
2026-05-31 20:45:00,1482.0,1482.0,1479.0,1479.0,7191.1139287,10651361.67188466
2026-05-31 21:00:00,1481.0,1481.0,1479.0,1479.0,10651.64619273,15775005.70756893
2026-05-31 21:15:00,1480.0,1480.0,1480.0,1480.0,8588.56948799,12711082.8422252
2026-05-31 21:30:00,1480.0,1480.0,1479.0,1480.0,794.45061889,1175028.65114908
2026-05-31 21:45:00,1479.0,1481.0,1479.0,1481.0,6439.4468935,9524406.11670319
2026-05-31 22:00:00,1481.0,1481.0,1478.0,1480.0,35032.3829178,51812698.98606651
2026-05-31 22:15:00,1480.0,1481.0,1478.0,1478.0,9403.80436265,13898863.44248175
2026-05-31 22:30:00,1480.0,1480.0,1478.0,1480.0,2592.67600125,3832428.9813001
2026-05-31 22:45:00,1480.0,1480.0,1480.0,1480.0,1496.73068869,2215161.4192612
2026-05-31 23:00:00,1478.0,1480.0,1477.0,1480.0,6322.14990295,9347511.96634392
2026-05-31 23:15:00,1480.0,1481.0,1478.0,1478.0,2236.11201849,3308759.98037604
2026-05-31 23:30:00,1478.0,1479.0,1477.0,1479.0,1969.92449986,2909976.46316373
2026-05-31 23:45:00,1479.0,1479.0,1477.0,1479.0,7794.90984726,11513329.75794954
2026-06-01 00:00:00,1478.0,1479.0,1478.0,1479.0,2229.56414399,3297507.9999457
2026-06-01 00:15:00,1479.0,1479.0,1476.0,1478.0,1814.27030872,2677917.76985277
2026-06-01 00:30:00,1478.0,1478.0,1478.0,1478.0,696.88768601,1029999.99992278
2026-06-01 00:45:00,1478.0,1478.0,1478.0,1478.0,197.68329435,292175.9090493
2026-06-01 01:00:00,1478.0,1478.0,1476.0,1478.0,2649.69911326,3913538.1393981
2026-06-01 01:15:00,1478.0,1479.0,1476.0,1479.0,3083.51381723,4552133.86648705
2026-06-01 01:45:00,1478.0,1479.0,1476.0,1479.0,277.33320965,409366.79462862
2026-06-01 02:00:00,1476.0,1479.0,1476.0,1479.0,189.82305611,280491.01743093
2026-06-01 02:15:00,1479.0,1479.0,1476.0,1479.0,1028.39756591,1517999.99998089
2026-06-01 02:30:00,1479.0,1479.0,1476.0,1476.0,40.59352266,60013.44088632
2026-06-01 02:45:00,1476.0,1479.0,1476.0,1479.0,132.24340465,195392.2652634
2026-06-01 03:00:00,1476.0,1479.0,1476.0,1479.0,68.60026271,101327.0100723
2026-06-01 03:15:00,1479.0,1479.0,1479.0,1479.0,12.17038539,17999.99999181
2026-06-01 03:30:00,1479.0,1479.0,1477.0,1477.0,789.39927869,1165950.84821539
2026-06-01 03:45:00,1477.0,1479.0,1476.0,1476.0,73.07608557,107866.9123719
2026-06-01 04:15:00,1476.0,1480.0,1476.0,1480.0,573.30658614,847258.83904753
2026-06-01 04:30:00,1479.0,1479.0,1479.0,1479.0,738.49629239,1092236.01644481
2026-06-01 04:45:00,1477.0,1477.0,1476.0,1476.0,2836.856471,4187267.85600304
2026-06-01 05:00:00,1476.0,1476.0,1476.0,1476.0,738.49629239,1090020.52756764
2026-06-01 05:15:00,1476.0,1476.0,1476.0,1476.0,2030.4925043,2997006.9363468
2026-06-01 05:30:00,1476.0,1476.0,1476.0,1476.0,360.08267536,531482.02883136
2026-06-01 05:45:00,1476.0,1476.0,1476.0,1476.0,226.30070681,334019.84325156
2026-06-01 06:00:00,1476.0,1479.0,1476.0,1479.0,3095.5,4569246.0
2026-06-01 06:15:00,1478.0,1478.0,1475.0,1475.0,2879.43999198,4247186.16679023
2026-06-01 06:30:00,1479.0,1479.0,1476.0,1478.0,806.54156564,1191382.98003318
2026-06-01 06:45:00,1476.0,1479.0,1476.0,1478.0,253.15192429,373769.62731181
2026-06-01 07:00:00,1475.0,1478.0,1475.0,1478.0,167.80059819,247769.75242482
2026-06-01 07:15:00,1478.0,1478.0,1478.0,1478.0,90.71242453,134072.96345534
2026-06-01 07:30:00,1478.0,1478.0,1475.0,1477.0,353.47084508,521439.22746298
2026-06-01 07:45:00,1475.0,1477.0,1475.0,1475.0,1909.10548232,2816387.45845988
2026-06-01 08:00:00,1475.0,1477.0,1475.0,1475.0,21986.46758558,32430084.28699922
2026-06-01 08:15:00,1475.0,1476.0,1474.0,1474.0,12870.1475546,18982223.49188326
2026-06-01 08:30:00,1476.0,1478.0,1474.0,1477.0,3465.24242229,5107860.54174034
2026-06-01 08:45:00,1474.0,1477.0,1474.0,1474.0,10241.14293388,15115955.26699676
2026-06-01 09:00:00,1474.0,1477.0,1473.0,1473.0,7290.73464567,10744757.27331836
2026-06-01 09:15:00,1473.0,1476.0,1473.0,1473.0,14544.83065356,21434574.6176766
2026-06-01 09:30:00,1474.0,1475.0,1474.0,1475.0,1726.76655424,2546942.944484
2026-06-01 09:45:00,1475.0,1477.0,1473.0,1474.0,6360.99169298,9380103.41657702
2026-06-01 10:00:00,1474.0,1478.0,1474.0,1474.0,19987.47177395,29488826.08987638
2026-06-01 10:15:00,1474.0,1474.0,1474.0,1474.0,10669.86302902,15727378.10477548
2026-06-01 10:30:00,1474.0,1477.0,1473.0,1475.0,13354.29694277,19709593.55474155
2026-06-01 10:45:00,1474.0,1477.0,1474.0,1477.0,8368.41365123,12336472.59088633
2026-06-01 11:00:00,1477.0,1477.0,1473.0,1473.0,6421.01117033,9463640.33413246
2026-06-01 11:15:00,1476.0,1476.0,1473.0,1474.0,13082.53001754,19273473.31363742
2026-06-01 11:30:00,1473.0,1476.0,1472.0,1473.0,20675.99278101,30471385.27973418
2026-06-01 11:45:00,1473.0,1476.0,1472.0,1474.0,16648.57798381,24524061.96124737
2026-06-01 12:00:00,1473.0,1474.0,1473.0,1474.0,19709.60194514,29034696.73981798
2026-06-01 12:15:00,1474.0,1475.0,1473.0,1473.0,1506.2456366,2218921.77355908
2026-06-01 12:30:00,1473.0,1474.0,1472.0,1472.0,2620.27074669,3857464.6090449
2026-06-01 12:45:00,1472.0,1474.0,1472.0,1474.0,19054.11671026,28070859.25809673
2026-06-01 13:00:00,1474.0,1474.0,1472.0,1472.0,21983.3459582,32367017.01518848
2026-06-01 13:15:00,1474.0,1474.0,1472.0,1474.0,20057.62346495,29529045.55867613
2026-06-01 13:30:00,1472.0,1473.0,1472.0,1472.0,24180.46083459,35593660.07288849
2026-06-01 13:45:00,1473.0,1474.0,1472.0,1472.0,13034.72176748,19188020.15139131
2026-06-01 14:00:00,1472.0,1474.0,1472.0,1472.0,26622.18394341,39213827.88840811
2026-06-01 14:15:00,1472.0,1473.0,1472.0,1472.0,20707.76660004,30484192.45521495
2026-06-01 14:30:00,1472.0,1474.0,1472.0,1472.0,24920.01075151,36684969.53042896
2026-06-01 14:45:00,1472.0,1473.0,1472.0,1472.0,70113.25631401,103206717.36754248
2026-06-01 15:00:00,1472.0,1474.0,1472.0,1474.0,18163.94697622,26752937.04544544
2026-06-01 15:15:00,1474.0,1474.0,1471.0,1471.0,9363.81394628,13774620.71607409
2026-06-01 15:30:00,1471.0,1473.0,1471.0,1472.0,8437.50060505,12415745.79488334
2026-06-01 15:45:00,1472.0,1473.0,1470.0,1470.0,17387.48041877,25574061.49332297
2026-06-01 16:00:00,1470.0,1472.0,1470.0,1471.0,4076.81996762,5993526.74577832
2026-06-01 16:15:00,1471.0,1472.0,1470.0,1471.0,24814.38809696,36504370.03289926
2026-06-01 16:30:00,1473.0,1473.0,1470.0,1470.0,10752.72168355,15810187.34116533
2026-06-01 16:45:00,1472.0,1472.0,1470.0,1472.0,2814.15421766,4137439.95047342
2026-06-01 17:00:00,1472.0,1472.0,1469.0,1472.0,5005.90773061,7357564.3405334
2026-06-01 17:15:00,1472.0,1472.0,1469.0,1470.0,16873.89867149,24804331.92409706
2026-06-01 17:30:00,1470.0,1471.0,1469.0,1469.0,28967.77042076,42579479.13451964
2026-06-01 17:45:00,1469.0,1471.0,1469.0,1471.0,7703.65611944,11326186.41486199
2026-06-01 18:00:00,1471.0,1471.0,1467.0,1470.0,17149.95190896,25177738.79019618
2026-06-01 18:15:00,1470.0,1471.0,1469.0,1471.0,783.01850946,1151023.2208187
2026-06-01 18:30:00,1471.0,1471.0,1469.0,1471.0,6202.87701189,9123849.94506968
2026-06-01 18:45:00,1469.0,1471.0,1469.0,1470.0,1075.10710347,1580733.69536275
2026-06-01 19:00:00,1470.0,1470.0,1469.0,1469.0,34.05884764,50052.85534641
2026-06-01 19:15:00,1469.0,1469.0,1467.0,1467.0,1756.96408314,2579511.41018403
2026-06-01 19:30:00,1469.0,1469.0,1467.0,1467.0,1289.77465653,1893474.88801292
2026-06-01 19:45:00,1467.0,1469.0,1467.0,1469.0,5754.46902133,8442239.17823451
2026-06-01 20:00:00,1469.0,1469.0,1467.0,1469.0,8706.43836584,12775244.79544029
2026-06-01 20:15:00,1467.0,1469.0,1467.0,1469.0,1673.78106546,2456393.20425168
2026-06-01 20:30:00,1468.0,1469.0,1466.0,1469.0,4743.68000114,6959647.23436414
2026-06-01 20:45:00,1470.0,1471.0,1470.0,1471.0,278.76748659,409794.99998478
2026-06-01 21:00:00,1470.0,1472.0,1467.0,1472.0,3665.55382421,5391981.78776354
2026-06-01 21:15:00,1470.0,1470.0,1467.0,1470.0,1565.88618917,2299954.20847774
2026-06-01 21:30:00,1467.0,1470.0,1466.0,1469.0,3035.21350577,4453103.26873818
2026-06-01 21:45:00,1467.0,1469.0,1466.0,1468.0,108217.85124534,158653942.30763364
2026-06-01 22:00:00,1468.0,1468.0,1465.0,1468.0,22229.57595259,32586233.89459659
2026-06-01 22:15:00,1468.0,1468.0,1465.0,1467.0,28566.32140862,41880171.16895146
2026-06-01 22:30:00,1467.0,1469.0,1467.0,1469.0,1148.5734218,1686104.18334507
2026-06-01 22:45:00,1469.0,1469.0,1465.0,1466.0,4831.92303683,7084071.47580775
2026-06-01 23:00:00,1467.0,1471.0,1467.0,1471.0,5226.62875955,7673506.88343713
2026-06-01 23:15:00,1471.0,1471.0,1468.0,1468.0,10699.79537011,15715339.03228135
2026-06-01 23:30:00,1468.0,1471.0,1468.0,1469.0,1109.77004524,1630999.3865948
2026-06-01 23:45:00,1469.0,1469.0,1451.0,1469.0,94934.48029341,138662478.81311744
2026-06-02 00:00:00,1469.0,1470.0,1465.0,1465.0,458.0810252,672877.4874588
2026-06-02 00:15:00,1470.0,1470.0,1468.0,1468.0,312.49133672,459153.4495278
2026-06-02 00:30:00,1468.0,1471.0,1467.0,1468.0,9989.59976922,14662882.56981853
2026-06-02 00:45:00,1467.0,1471.0,1466.0,1470.0,96184.96599961,141108235.99351516
2026-06-02 01:00:00,1468.0,1471.0,1468.0,1471.0,853.76432482,1254527.6551834
2026-06-02 01:15:00,1471.0,1471.0,1470.0,1470.0,2845.48144508,4183265.77444033
2026-06-02 01:30:00,1470.0,1471.0,1469.0,1469.0,2559.13228285,3760400.25104809
2026-06-02 01:45:00,1469.0,1472.0,1469.0,1470.0,1936.62953979,2848651.30513713
2026-06-02 02:00:00,1471.0,1472.0,1470.0,1470.0,8072.97167162,11872435.25129118
2026-06-02 02:15:00,1470.0,1472.0,1469.0,1469.0,26509.75798171,38988606.32403093
2026-06-02 02:30:00,1469.0,1471.0,1469.0,1470.0,2530.56631525,3717437.48298132
2026-06-02 02:45:00,1470.0,1470.0,1468.0,1468.0,503.97696352,740175.68302448
2026-06-02 03:00:00,1470.0,1470.0,1468.0,1470.0,1728.43131756,2539105.16410661
2026-06-02 03:15:00,1470.0,1470.0,1468.0,1468.0,487.68560898,716240.84132954
2026-06-02 03:30:00,1468.0,1470.0,1467.0,1470.0,1150.46603857,1688594.55689506
2026-06-02 03:45:00,1467.0,1470.0,1467.0,1469.0,343.21739981,503527.48765568
2026-06-02 04:00:00,1468.0,1469.0,1467.0,1467.0,617.6535722,906290.86644824
2026-06-02 04:15:00,1467.0,1470.0,1467.0,1467.0,2063.09202626,3028516.6407356
2026-06-02 04:30:00,1469.0,1469.0,1467.0,1467.0,1608.40396736,2359544.95776176
2026-06-02 04:45:00,1467.0,1467.0,1467.0,1467.0,2236.58099516,3281064.31989972
2026-06-02 05:00:00,1467.0,1467.0,1466.0,1467.0,1543.5524445,2264289.96665264
2026-06-02 05:15:00,1467.0,1467.0,1466.0,1467.0,1521.9787182,2232700.89589626
2026-06-02 05:30:00,1467.0,1469.0,1466.0,1468.0,1124.62800209,1649822.2412901
2026-06-02 05:45:00,1469.0,1469.0,1469.0,1469.0,1565.01089176,2299000.99999544
2026-06-02 06:00:00,1466.0,1466.0,1466.0,1466.0,61.500792,90160.161072
2026-06-02 06:15:00,1468.0,1468.0,1468.0,1468.0,24.01226157,35249.99998476
2026-06-02 06:30:00,1468.0,1468.0,1465.0,1466.0,7719.813169,11314913.01049916
2026-06-02 06:45:00,1466.0,1468.0,1465.0,1465.0,16408.49141805,24051227.22855078
2026-06-02 07:00:00,1466.0,1467.0,1466.0,1467.0,2473.68608932,3627127.83011967
2026-06-02 07:15:00,1467.0,1467.0,1465.0,1465.0,1483.09860338,2173108.9182276
2026-06-02 07:30:00,1465.0,1467.0,1465.0,1466.0,91557.6707716,134222768.93487617
2026-06-02 07:45:00,1465.0,1466.0,1464.0,1464.0,8238.55403687,12067723.63715709
2026-06-02 08:00:00,1464.0,1466.0,1463.0,1463.0,8311.79195707,12169354.60494948
2026-06-02 08:15:00,1463.0,1464.0,1462.0,1462.0,38696.01228962,56616640.57414874
2026-06-02 08:30:00,1461.0,1463.0,1456.0,1460.0,60628.28488356,88415829.75481597
2026-06-02 08:45:00,1460.0,1461.0,1458.0,1461.0,39423.16628046,57546331.67115633
2026-06-02 09:00:00,1462.0,1462.0,1460.0,1461.0,2057.57999459,3005455.6838158
2026-06-02 09:15:00,1461.0,1461.0,1458.0,1458.0,30396.61987894,44344130.94296961
2026-06-02 09:30:00,1458.0,1460.0,1456.0,1456.0,119532.77062872,174196956.4702308
2026-06-02 09:45:00,1456.0,1473.0,1455.0,1457.0,90177.92277972,131596323.19904242
2026-06-02 10:00:00,1457.0,1463.0,1456.0,1456.0,49242.63318406,71721752.2585268
2026-06-02 10:15:00,1456.0,1459.0,1456.0,1458.0,7744.44833772,11285338.9824831
2026-06-02 10:30:00,1458.0,1459.0,1457.0,1457.0,5585.76029076,8144517.51752168
2026-06-02 10:45:00,1457.0,1458.0,1456.0,1457.0,43909.57834448,63959493.0487398
2026-06-02 11:00:00,1457.0,1458.0,1455.0,1456.0,83818.92943939,122004878.3616413
2026-06-02 11:15:00,1456.0,1458.0,1455.0,1458.0,46983.58681048,68388651.88449632
2026-06-02 11:30:00,1456.0,1458.0,1456.0,1456.0,4854.58091848,7069721.39451101
2026-06-02 11:45:00,1456.0,1458.0,1455.0,1458.0,14674.36340216,21381564.7114917
2026-06-02 12:00:00,1458.0,1458.0,1455.0,1458.0,5884.38962125,8571436.60596549
2026-06-02 12:15:00,1458.0,1460.0,1457.0,1457.0,3393.95821359,4949107.08072993
2026-06-02 12:30:00,1460.0,1460.0,1459.0,1460.0,3086.32762581,4505696.3336826
2026-06-02 12:45:00,1460.0,1460.0,1460.0,1460.0,7597.93321918,11092982.5000028
2026-06-02 13:00:00,1460.0,1461.0,1459.0,1461.0,3403.85495748,4971389.10491249
2026-06-02 13:15:00,1461.0,1462.0,1459.0,1462.0,1674.20830498,2446698.27964938
2026-06-02 13:30:00,1460.0,1462.0,1460.0,1461.0,4656.99839364,6807460.54438322
2026-06-02 13:45:00,1461.0,1464.0,1461.0,1462.0,13676.4921401,20014577.19161828
2026-06-02 14:00:00,1462.0,1463.0,1460.0,1460.0,15715.79783998,22953276.67480994
2026-06-02 14:15:00,1463.0,1463.0,1460.0,1460.0,6141.48167138,8967776.30695764
2026-06-02 14:30:00,1460.0,1463.0,1460.0,1460.0,11180.44177194,16338487.03440897
2026-06-02 14:45:00,1460.0,1463.0,1460.0,1462.0,6155.62073067,8990527.15192731
2026-06-02 15:00:00,1462.0,1462.0,1460.0,1462.0,10895.73578965,15912924.05553058
2026-06-02 15:15:00,1461.0,1462.0,1461.0,1461.0,2424.48473956,3542176.30846432
2026-06-02 15:30:00,1461.0,1464.0,1461.0,1464.0,8092.57617295,11836637.84568576
2026-06-02 15:45:00,1463.0,1466.0,1461.0,1464.0,46745.21797396,68437649.16633798
2026-06-02 16:00:00,1464.0,1466.0,1462.0,1463.0,1947.7845339,2849663.71777358
2026-06-02 16:15:00,1463.0,1465.0,1463.0,1465.0,5595.36223706,8195990.54512139
2026-06-02 16:30:00,1465.0,1465.0,1464.0,1464.0,862.9105133,1263408.71504843
2026-06-02 16:45:00,1466.0,1467.0,1464.0,1467.0,6630.88746043,9721052.41228379
2026-06-02 17:00:00,1467.0,1467.0,1465.0,1465.0,1686.69631489,2473448.97187855
2026-06-02 17:15:00,1467.0,1467.0,1467.0,1467.0,4389.96612862,6440080.31068554
2026-06-02 17:30:00,1467.0,1468.0,1465.0,1468.0,7944.65239971,11655299.83474264
2026-06-02 17:45:00,1468.0,1469.0,1468.0,1469.0,15188.7612419,22311205.29447943
2026-06-02 18:00:00,1468.0,1471.0,1467.0,1471.0,7984.02704555,11735663.95688827
2026-06-02 18:15:00,1468.0,1470.0,1466.0,1468.0,1942.92706577,2851701.44799005
2026-06-02 18:30:00,1467.0,1468.0,1466.0,1466.0,2831.54642164,4154080.92564441
2026-06-02 18:45:00,1466.0,1467.0,1466.0,1467.0,10108.56605387,14829231.6175082
2026-06-02 19:00:00,1467.0,1467.0,1464.0,1464.0,63268.28245419,92750663.40954322
2026-06-02 19:15:00,1464.0,1466.0,1463.0,1463.0,8091.4321867,11845326.9707471
2026-06-02 19:30:00,1465.0,1465.0,1463.0,1464.0,1010.15301583,1478173.64277492
2026-06-02 19:45:00,1464.0,1464.0,1462.0,1462.0,6433.32572495,9411865.60834432
2026-06-02 20:00:00,1462.0,1464.0,1462.0,1462.0,976.17004447,1427405.09973344
2026-06-02 20:15:00,1464.0,1464.0,1464.0,1464.0,11666.49746194,17079752.28428016
2026-06-02 20:30:00,1464.0,1466.0,1464.0,1466.0,21627.81035449,31665453.2053237
2026-06-02 20:45:00,1464.0,1467.0,1463.0,1466.0,25528.76492626,37381960.83170563
2026-06-02 21:00:00,1466.0,1466.0,1463.0,1463.0,4317.19031491,6326297.49267995
2026-06-02 21:30:00,1465.0,1467.0,1465.0,1465.0,6588.27815296,9655316.51010167
2026-06-02 21:45:00,1465.0,1465.0,1463.0,1463.0,14434.66669259,21131647.52068603
2026-06-02 22:00:00,1463.0,1464.0,1462.0,1462.0,9840.54027794,14395679.01606402
2026-06-02 22:15:00,1462.0,1464.0,1462.0,1462.0,7852.24872445,11484396.83078894
2026-06-02 22:30:00,1461.0,1464.0,1461.0,1464.0,12099.14389456,17681766.52605816
2026-06-02 22:45:00,1461.0,1464.0,1461.0,1464.0,10114.24074221,14783379.03371616
2026-06-02 23:00:00,1461.0,1464.0,1461.0,1462.0,11597.80159933,16953825.49802475
2026-06-02 23:15:00,1465.0,1472.0,1464.0,1471.0,24444.08847371,35913320.54992113
2026-06-02 23:30:00,1471.0,1472.0,1471.0,1471.0,25262.84216503,37175545.69591379
2026-06-02 23:45:00,1472.0,1473.0,1471.0,1472.0,20627.78859506,30355528.67981907
2026-06-03 00:00:00,1472.0,1473.0,1471.0,1472.0,4938.97156544,7273165.77315229
2026-06-03 00:15:00,1472.0,1474.0,1471.0,1474.0,6259.37625667,9217430.87683936
2026-06-03 00:30:00,1471.0,1476.0,1471.0,1476.0,47232.44547492,69616687.28025931
2026-06-03 00:45:00,1476.0,1476.0,1475.0,1476.0,15930.01712245,23512611.74632868
2026-06-03 01:00:00,1475.0,1477.0,1475.0,1477.0,5150.82531219,7603368.89450306
2026-06-03 01:15:00,1477.0,1477.0,1474.0,1474.0,8473.12575782,12500323.21222202
2026-06-03 01:30:00,1474.0,1476.0,1474.0,1475.0,2983.35330466,4403266.92130532
2026-06-03 01:45:00,1475.0,1475.0,1474.0,1474.0,524.85488886,773636.88584065
2026-06-03 02:00:00,1474.0,1476.0,1474.0,1476.0,8672.44596807,12798480.54143454
2026-06-03 02:15:00,1476.0,1476.0,1474.0,1476.0,234.74129184,346395.4310091
2026-06-03 02:45:00,1476.0,1476.0,1474.0,1476.0,226.26213461,333559.16690294
2026-06-03 03:00:00,1476.0,1476.0,1474.0,1476.0,1344.51733721,1984179.50481996
2026-06-03 03:15:00,1476.0,1476.0,1476.0,1476.0,3588.56531433,5296722.40395108
2026-06-03 03:30:00,1476.0,1476.0,1476.0,1476.0,12.19512195,17999.9999982
2026-06-03 03:45:00,1476.0,1477.0,1476.0,1477.0,3943.69181913,5821074.28073877
2026-06-03 04:00:00,1477.0,1477.0,1476.0,1476.0,12339.59664978,18215584.25172506
2026-06-03 04:15:00,1477.0,1477.0,1474.0,1477.0,14588.65042936,21546703.87444918
2026-06-03 04:30:00,1477.0,1479.0,1477.0,1479.0,123223.14200784,182032842.1794931
2026-06-03 04:45:00,1477.0,1479.0,1476.0,1479.0,367.75606182,543477.89073208
2026-06-03 05:15:00,1480.0,1480.0,1480.0,1480.0,5866.27942449,8682093.5482452
2026-06-03 05:30:00,1480.0,1480.0,1477.0,1478.0,111.28954232,164514.97521475
2026-06-03 05:45:00,1477.0,1480.0,1477.0,1480.0,503.89507414,744299.19477503
2026-06-03 06:00:00,1478.0,1480.0,1478.0,1480.0,4898.45790857,7241519.96438436
2026-06-03 06:15:00,1480.0,1480.0,1480.0,1480.0,298.58575499,441906.9173852
2026-06-03 06:30:00,1480.0,1480.0,1477.0,1480.0,3899.83536211,5768258.53389864
2026-06-03 06:45:00,1477.0,1477.0,1477.0,1477.0,166.1924285,245466.2168945
2026-06-03 07:00:00,1478.0,1480.0,1478.0,1480.0,7765.20077244,11487703.2650988
2026-06-03 07:15:00,1480.0,1482.0,1479.0,1482.0,485846.65041749,719930466.9975682
2026-06-03 07:30:00,1482.0,1482.0,1479.0,1479.0,941.04401851,1393982.07957033
2026-06-03 07:45:00,1482.0,1482.0,1480.0,1482.0,5593.26737258,8284407.84940663
2026-06-03 08:00:00,1482.0,1482.0,1480.0,1481.0,31211.31478314,46227154.42228198
2026-06-03 08:15:00,1481.0,1484.0,1480.0,1483.0,21297.7964667,31573408.83708133
2026-06-03 08:30:00,1483.0,1483.0,1482.0,1482.0,1171.17107216,1736843.32619412
2026-06-03 08:45:00,1482.0,1482.0,1480.0,1480.0,2587.71036055,3832153.78962865
2026-06-03 09:00:00,1480.0,1482.0,1480.0,1480.0,1329.39192821,1967710.80281072
2026-06-03 09:15:00,1480.0,1483.0,1480.0,1483.0,5920.01507682,8770176.77253461
2026-06-03 09:30:00,1483.0,1484.0,1482.0,1484.0,5400.5753689,8010827.89280961
2026-06-03 09:45:00,1484.0,1484.0,1481.0,1483.0,7915.22420113,11738488.73053892
2026-06-03 10:00:00,1483.0,1483.0,1482.0,1483.0,50555.11534413,74973136.05534479
2026-06-03 10:15:00,1483.0,1483.0,1482.0,1482.0,17844.63589192,26463533.70956284
2026-06-03 10:30:00,1482.0,1484.0,1482.0,1484.0,18103.90916923,26840489.7725827
2026-06-03 10:45:00,1483.0,1483.0,1481.0,1483.0,8372.6558257,12414252.30971048
2026-06-03 11:00:00,1483.0,1483.0,1480.0,1480.0,2957.20958719,4380091.25039198
2026-06-03 11:15:00,1483.0,1484.0,1483.0,1484.0,76080.77893846,112833619.50420256
2026-06-03 11:30:00,1484.0,1484.0,1481.0,1481.0,14862.19292205,22033044.06215958
2026-06-03 11:45:00,1481.0,1482.0,1481.0,1482.0,10887.72375114,16126759.92088284
2026-06-03 12:00:00,1482.0,1484.0,1480.0,1480.0,1359.80322952,2015429.02188711
2026-06-03 12:15:00,1480.0,1484.0,1480.0,1481.0,786.20080007,1164138.61016311
2026-06-03 12:30:00,1481.0,1484.0,1480.0,1484.0,35617.48557456,52842168.90345175
2026-06-03 12:45:00,1484.0,1485.0,1483.0,1483.0,13002.2025144,19299012.98231921
2026-06-03 13:00:00,1483.0,1483.0,1481.0,1482.0,5547.37508597,8219340.24464356
2026-06-03 13:15:00,1480.0,1480.0,1480.0,1480.0,1144.04423637,1693185.4698276
2026-06-03 13:30:00,1482.0,1482.0,1480.0,1480.0,465.06600828,689018.93306324
2026-06-03 13:45:00,1480.0,1480.0,1480.0,1480.0,43954.45103,65052587.5244
2026-06-03 14:00:00,1480.0,1480.0,1478.0,1478.0,19309.77069976,28556286.21944264
2026-06-03 14:15:00,1478.0,1481.0,1478.0,1480.0,5714.18601585,8450911.77053019
2026-06-03 14:30:00,1479.0,1483.0,1479.0,1483.0,17122.42070525,25370658.25332828
2026-06-03 14:45:00,1479.0,1482.0,1479.0,1480.0,3632.533302,5372647.124013
2026-06-03 15:00:00,1480.0,1480.0,1480.0,1480.0,425.56,629828.8
2026-06-03 15:15:00,1481.0,1482.0,1480.0,1482.0,227.68186467,337418.69898666
2026-06-03 15:30:00,1482.0,1484.0,1481.0,1484.0,4221.12976607,6257314.40455802
2026-06-03 15:45:00,1484.0,1485.0,1482.0,1485.0,20193.61327328,29963680.59334195
2026-06-03 16:00:00,1485.0,1485.0,1482.0,1482.0,134.61279525,199698.0817524
2026-06-03 16:15:00,1485.0,1485.0,1482.0,1484.0,4269.74539183,6334934.45843124
2026-06-03 16:30:00,1482.0,1484.0,1482.0,1484.0,1302.93712574,1932779.50498278
2026-06-03 16:45:00,1484.0,1485.0,1481.0,1485.0,8240.75664403,12224963.74075564
2026-06-03 17:00:00,1485.0,1485.0,1481.0,1481.0,54.20392352,80410.94945364
2026-06-03 17:15:00,1483.0,1485.0,1483.0,1485.0,2033.55973082,3018490.0489415
2026-06-03 17:30:00,1481.0,1484.0,1481.0,1484.0,367.75888907,544913.82806728
2026-06-03 17:45:00,1483.0,1484.0,1482.0,1484.0,7439.45338926,11032286.45892498
2026-06-03 18:00:00,1484.0,1484.0,1481.0,1481.0,7862.12473008,11649882.47393264
2026-06-03 18:15:00,1484.0,1484.0,1484.0,1484.0,202.05530657,299850.07494988
2026-06-03 18:30:00,1481.0,1483.0,1481.0,1483.0,2325.33132554,3447964.31328656
2026-06-03 18:45:00,1483.0,1483.0,1481.0,1481.0,3158.26456005,4677400.60237537
2026-06-03 19:00:00,1481.0,1483.0,1481.0,1482.0,7150.06929864,10594740.15943182
2026-06-03 19:15:00,1482.0,1483.0,1481.0,1482.0,5905.90034918,8756085.12102743
2026-06-03 19:30:00,1482.0,1483.0,1481.0,1483.0,17368.26759958,25747444.032966
2026-06-03 19:45:00,1483.0,1483.0,1481.0,1482.0,9651.34730508,14309192.48102092
2026-06-03 20:00:00,1482.0,1484.0,1481.0,1481.0,1871.34217072,2773111.73306643
2026-06-03 20:15:00,1481.0,1481.0,1481.0,1481.0,691.10311392,1023523.71171552
2026-06-03 20:30:00,1483.0,1483.0,1481.0,1481.0,4877.37541882,7229388.84151553
2026-06-03 20:45:00,1484.0,1484.0,1481.0,1481.0,2710.6305263,4021069.10601628
2026-06-03 21:00:00,1481.0,1485.0,1481.0,1485.0,117.41147113,174229.47170337
2026-06-03 21:15:00,1483.0,1484.0,1481.0,1481.0,6761.12534751,10019263.74855739
2026-06-03 21:30:00,1484.0,1485.0,1484.0,1485.0,508.57558675,754828.26783659
2026-06-03 21:45:00,1482.0,1483.0,1481.0,1483.0,1915.58662827,2838592.84844399
2026-06-03 22:00:00,1483.0,1484.0,1482.0,1482.0,1141.47999423,1692790.60748304
2026-06-03 22:15:00,1482.0,1484.0,1482.0,1482.0,19165.53770358,28430503.80547622
2026-06-03 22:30:00,1483.0,1484.0,1482.0,1484.0,4465.74378015,6623873.43151732
2026-06-03 22:45:00,1484.0,1484.0,1482.0,1482.0,8742.25483707,12966809.27040951
2026-06-03 23:00:00,1482.0,1484.0,1482.0,1482.0,3368.01249166,4993372.5800399
2026-06-03 23:15:00,1482.0,1484.0,1482.0,1484.0,7035.77042836,10433011.03105698
2026-06-03 23:30:00,1482.0,1484.0,1482.0,1482.0,34031.33108466,50453467.50330492
2026-06-03 23:45:00,1482.0,1484.0,1481.0,1483.0,6560.01975516,9729434.99361135
2026-06-04 00:00:00,1481.0,1481.0,1480.0,1481.0,12929.48369034,19147902.53956845
2026-06-04 00:15:00,1481.0,1483.0,1480.0,1480.0,820.36664503,1214641.1353188
2026-06-04 00:30:00,1481.0,1481.0,1480.0,1480.0,1890.63660775,2798480.01730783
2026-06-04 00:45:00,1482.0,1482.0,1482.0,1482.0,1789.54315013,2652102.94849266
2026-06-04 01:00:00,1482.0,1483.0,1480.0,1483.0,6321.12314373,9368305.69027011
2026-06-04 01:15:00,1483.0,1484.0,1481.0,1482.0,61857.76345833,91787024.43995264
2026-06-04 01:30:00,1483.0,1485.0,1483.0,1485.0,19153.86004052,28423826.77185032
2026-06-04 01:45:00,1485.0,1485.0,1483.0,1485.0,2924.59632654,4342771.42497346
2026-06-04 02:00:00,1483.0,1485.0,1483.0,1483.0,3108.21437611,4612236.74841741
2026-06-04 02:15:00,1485.0,1485.0,1485.0,1485.0,303.03030303,449999.99999955
2026-06-04 02:30:00,1483.0,1485.0,1483.0,1484.0,2628.87401513,3899966.63181879
2026-06-04 02:45:00,1485.0,1485.0,1483.0,1483.0,4161.20519892,6179213.66903935
2026-06-04 03:00:00,1483.0,1485.0,1483.0,1485.0,3615.87371592,5363043.65698742
2026-06-04 03:15:00,1485.0,1485.0,1485.0,1485.0,426.03548035,632662.68831975
2026-06-04 03:30:00,1485.0,1486.0,1483.0,1483.0,3588.4183739,5326203.22423956
2026-06-04 04:00:00,1486.0,1486.0,1486.0,1486.0,110.74689948,164569.89262728
2026-06-04 04:15:00,1483.0,1486.0,1483.0,1484.0,582.31485984,864970.35572489
2026-06-04 04:45:00,1486.0,1487.0,1486.0,1487.0,21777.81575379,32363409.83981759
2026-06-04 05:00:00,1485.0,1487.0,1485.0,1485.0,5053.46610474,7504939.57108953
2026-06-04 05:15:00,1487.0,1487.0,1486.0,1486.0,1726.9173377,2566580.85883772
2026-06-04 05:30:00,1487.0,1487.0,1487.0,1487.0,2057.39752,3059350.11224
2026-06-04 05:45:00,1487.0,1488.0,1486.0,1488.0,12586.40285987,18725432.19042011
2026-06-04 06:00:00,1485.0,1485.0,1485.0,1485.0,560.18069216,831868.3278576
2026-06-04 06:15:00,1485.0,1486.0,1483.0,1485.0,11944.1362449,17722179.2491722
2026-06-04 06:30:00,1487.0,1487.0,1485.0,1485.0,6587.90158038,9785722.48237168
2026-06-04 06:45:00,1485.0,1486.0,1484.0,1484.0,4898.36669769,7273160.02151323
2026-06-04 07:00:00,1484.0,1485.0,1484.0,1485.0,1222.805532,1815642.8363949
2026-06-04 07:15:00,1484.0,1485.0,1484.0,1485.0,256.45243374,380749.52476326
2026-06-04 07:30:00,1486.0,1486.0,1486.0,1486.0,15014.62516823,22311732.99998978
2026-06-04 07:45:00,1483.0,1484.0,1483.0,1484.0,5563.32722253,8250578.54219199
2026-06-04 08:00:00,1484.0,1484.0,1484.0,1484.0,6007.49015377,8915115.38819468
2026-06-04 08:15:00,1482.0,1484.0,1482.0,1482.0,6873.76437609,10195244.83097184
2026-06-04 08:30:00,1484.0,1484.0,1482.0,1482.0,9328.75488231,13827297.74097424
2026-06-04 08:45:00,1482.0,1484.0,1482.0,1482.0,33039.10408037,48971214.02286128
2026-06-04 09:00:00,1482.0,1484.0,1481.0,1484.0,30234.30603063,44820110.7289246
2026-06-04 09:15:00,1485.0,1487.0,1484.0,1487.0,56620.22390446,84184133.35898021
2026-06-04 09:30:00,1484.0,1487.0,1484.0,1487.0,12182.13954902,18084511.87462667
2026-06-04 09:45:00,1485.0,1487.0,1484.0,1487.0,4487.83506251,6661963.8806386
2026-06-04 10:00:00,1487.0,1487.0,1484.0,1486.0,6759.03929946,10041791.88353301
2026-06-04 10:15:00,1486.0,1487.0,1484.0,1484.0,55735.51924292,82830920.17178138
2026-06-04 10:30:00,1484.0,1485.0,1484.0,1484.0,11000.08402495,16324306.5930258
2026-06-04 10:45:00,1484.0,1488.0,1484.0,1484.0,21040.77369786,31243696.91703988
2026-06-04 11:00:00,1488.0,1491.0,1486.0,1488.0,78070.07911444,116273845.810873
2026-06-04 11:15:00,1488.0,1490.0,1486.0,1488.0,5581.54679869,8310471.65809483
2026-06-04 11:30:00,1488.0,1490.0,1486.0,1490.0,37945.42312451,56488822.41416193
2026-06-04 11:45:00,1490.0,1490.0,1490.0,1490.0,2714.27585509,4044271.0240841
2026-06-04 12:00:00,1488.0,1490.0,1488.0,1490.0,18842.17713518,28060159.47573316
2026-06-04 12:15:00,1490.0,1492.0,1488.0,1489.0,23053.41118934,34361562.29061328
2026-06-04 12:30:00,1488.0,1492.0,1488.0,1492.0,10059.63691857,14981382.69371631
2026-06-04 12:45:00,1492.0,1492.0,1489.0,1492.0,3702.59965185,5514554.51026374
2026-06-04 13:00:00,1492.0,1492.0,1490.0,1491.0,4414.35324492,6581203.97490792
2026-06-04 13:15:00,1491.0,1492.0,1491.0,1492.0,13676.72424118,20402655.62336728
2026-06-04 13:30:00,1492.0,1492.0,1489.0,1489.0,31064.05173048,46344883.47894752
2026-06-04 13:45:00,1491.0,1492.0,1489.0,1489.0,25618.78827125,38155935.25808246
2026-06-04 14:00:00,1489.0,1490.0,1487.0,1487.0,71510.05946748,106444705.72313063
2026-06-04 14:15:00,1487.0,1489.0,1487.0,1488.0,2688.35675993,4000026.42706374
2026-06-04 14:30:00,1488.0,1489.0,1486.0,1489.0,30023.28695627,44670269.54417573
2026-06-04 14:45:00,1489.0,1490.0,1487.0,1487.0,3654.57315617,5441466.71483513
2026-06-04 15:00:00,1487.0,1491.0,1487.0,1491.0,17168.44945731,25561519.29863533
2026-06-04 15:15:00,1488.0,1489.0,1488.0,1489.0,3658.18166558,5443807.52214671
2026-06-04 15:30:00,1491.0,1491.0,1488.0,1491.0,22914.68468738,34144632.09436962
2026-06-04 15:45:00,1491.0,1491.0,1489.0,1491.0,2459.02606378,3664130.17727964
2026-06-04 16:00:00,1491.0,1492.0,1489.0,1492.0,5215.03675406,7779736.81250368
2026-06-04 16:15:00,1491.0,1493.0,1491.0,1492.0,2086.84525066,3113498.18871008
2026-06-04 16:30:00,1493.0,1493.0,1490.0,1491.0,12755.68491352,19009889.01860631
2026-06-04 16:45:00,1492.0,1493.0,1492.0,1492.0,6378.55098394,9519619.8480393
2026-06-04 17:00:00,1492.0,1493.0,1491.0,1493.0,5247.70444678,7831003.57406127
2026-06-04 17:15:00,1493.0,1493.0,1493.0,1493.0,2197.39122982,3280705.10612126
2026-06-04 17:30:00,1492.0,1494.0,1492.0,1492.0,34402.8491765,51357171.4532657
2026-06-04 17:45:00,1492.0,1495.0,1492.0,1495.0,5519.05248295,8246444.98512832
2026-06-04 18:00:00,1495.0,1495.0,1492.0,1494.0,23451.50266127,35040943.1194664
2026-06-04 18:15:00,1494.0,1495.0,1492.0,1494.0,3552.12688034,5307613.68321298
2026-06-04 18:30:00,1494.0,1494.0,1492.0,1492.0,9012.35345719,13447169.1771788
2026-06-04 18:45:00,1492.0,1494.0,1492.0,1494.0,2386.40311471,3562897.28913856
2026-06-04 19:00:00,1494.0,1495.0,1494.0,1495.0,11375.62957409,17005963.33282188
2026-06-04 19:15:00,1494.0,1495.0,1492.0,1492.0,10206.65745393,15249777.5719836
2026-06-04 19:30:00,1495.0,1495.0,1492.0,1492.0,80827.3131733,120808343.90448782
2026-06-04 19:45:00,1494.0,1494.0,1493.0,1494.0,151.90486857,226935.1641389
2026-06-04 20:00:00,1494.0,1496.0,1493.0,1496.0,5196.03325631,7764091.91081136
2026-06-04 20:15:00,1493.0,1496.0,1492.0,1492.0,4607.27408836,6882986.12295406
2026-06-04 20:30:00,1493.0,1495.0,1493.0,1494.0,5420.05181609,8097718.88261402
2026-06-04 20:45:00,1494.0,1495.0,1494.0,1495.0,4241.63015322,6339101.00992891
2026-06-04 21:00:00,1495.0,1495.0,1494.0,1495.0,48854.97729707,73027419.91137874
2026-06-04 21:15:00,1495.0,1495.0,1494.0,1495.0,83985.70665875,125550968.49771814
2026-06-04 21:30:00,1495.0,1496.0,1494.0,1495.0,169367.69407249,253196098.10627747
2026-06-04 21:45:00,1496.0,1496.0,1494.0,1494.0,3109.41858149,4651371.37561922
2026-06-04 22:00:00,1494.0,1497.0,1493.0,1494.0,9236.08668015,13807032.31540195
2026-06-04 22:15:00,1497.0,1497.0,1494.0,1494.0,1693.17801433,2531279.85751155
2026-06-04 22:30:00,1495.0,1495.0,1493.0,1494.0,6802.37651438,10158355.0760478
2026-06-04 22:45:00,1494.0,1495.0,1492.0,1492.0,2272.93490224,3392571.21667504
2026-06-04 23:00:00,1492.0,1492.0,1492.0,1492.0,21733.91196027,32426996.64472284
2026-06-04 23:15:00,1492.0,1495.0,1492.0,1494.0,2092.4985682,3125884.1159929
2026-06-04 23:30:00,1495.0,1496.0,1492.0,1496.0,4348.59553734,6494403.98938879
2026-06-04 23:45:00,1493.0,1494.0,1493.0,1494.0,2191.19382653,3272887.93760916
2026-06-05 00:00:00,1494.0,1496.0,1493.0,1493.0,19264.31561849,28778630.19539265
2026-06-05 00:15:00,1493.0,1494.0,1493.0,1493.0,34657.76029436,51754445.88674916
2026-06-05 00:30:00,1493.0,1494.0,1493.0,1494.0,9991.74813068,14922203.05653287
2026-06-05 00:45:00,1494.0,1494.0,1494.0,1494.0,135.622968,202620.714192
2026-06-05 01:00:00,1494.0,1494.0,1493.0,1493.0,150.08694574,224145.80998982
2026-06-05 01:15:00,1494.0,1496.0,1492.0,1492.0,12632.31667175,18867926.3113898
2026-06-05 01:30:00,1492.0,1492.0,1492.0,1492.0,10.70234113,15967.89296596
2026-06-05 01:45:00,1492.0,1492.0,1492.0,1492.0,96.32107017,143711.03669364
2026-06-05 02:00:00,1492.0,1494.0,1492.0,1494.0,14107.51430536,21067593.4947752
2026-06-05 02:15:00,1494.0,1495.0,1494.0,1494.0,6900.33493925,10311537.59955788
2026-06-05 02:30:00,1492.0,1494.0,1492.0,1492.0,995.2447026,1485940.7819955
2026-06-05 02:45:00,1492.0,1494.0,1492.0,1494.0,4560.11115168,6807248.47574898
2026-06-05 03:00:00,1492.0,1494.0,1492.0,1494.0,977.5217809,1459923.53706742
2026-06-05 03:15:00,1492.0,1494.0,1491.0,1494.0,1002.19594829,1494366.64793876
2026-06-05 03:30:00,1491.0,1491.0,1491.0,1491.0,220.57722851,328880.64770841
2026-06-05 03:45:00,1491.0,1491.0,1491.0,1491.0,130.82135049,195054.63358059
2026-06-05 04:00:00,1491.0,1492.0,1491.0,1492.0,144.8250085,216057.50799974
2026-06-05 04:15:00,1492.0,1494.0,1492.0,1492.0,7970.62794627,11899536.00075358
2026-06-05 04:30:00,1491.0,1491.0,1491.0,1491.0,10000.00098827,14910001.47351057
2026-06-05 04:45:00,1491.0,1494.0,1491.0,1491.0,2889.36533077,4310041.76029782
2026-06-05 05:00:00,1491.0,1492.0,1491.0,1491.0,1451.09935538,2163599.84121271
2026-06-05 05:15:00,1492.0,1492.0,1492.0,1492.0,8.0,11936.0
2026-06-05 05:30:00,1494.0,1494.0,1493.0,1493.0,230.97998607,344919.58238858
2026-06-05 05:45:00,1493.0,1493.0,1493.0,1493.0,262.35486623,391695.81528139
2026-06-05 06:00:00,1493.0,1495.0,1493.0,1495.0,877.04218253,1310745.18352021
2026-06-05 06:15:00,1493.0,1496.0,1493.0,1496.0,17070.8395065,25522593.98634055
2026-06-05 06:30:00,1496.0,1496.0,1493.0,1496.0,3339.29007409,4993205.51152902
2026-06-05 06:45:00,1496.0,1496.0,1495.0,1496.0,10838.30841523,16213564.38918408
2026-06-05 07:00:00,1496.0,1496.0,1493.0,1496.0,2306.19196754,3446679.7068113
2026-06-05 07:15:00,1496.0,1497.0,1496.0,1497.0,232.39795827,347727.14904911
2026-06-05 07:30:00,1497.0,1497.0,1497.0,1497.0,9580.36090638,14341800.27685086
2026-06-05 07:45:00,1497.0,1498.0,1495.0,1495.0,3629.7096495,5434117.26565239
2026-06-05 08:00:00,1498.0,1498.0,1495.0,1496.0,1020.81746087,1527583.78868143
2026-06-05 08:15:00,1497.0,1497.0,1496.0,1496.0,3083.55676594,4613584.0199233
2026-06-05 08:30:00,1497.0,1497.0,1495.0,1495.0,15339.79243058,22948446.64019872
2026-06-05 08:45:00,1495.0,1497.0,1493.0,1495.0,2897.89266624,4333268.89396923
2026-06-05 09:00:00,1495.0,1495.0,1494.0,1494.0,11839.72893298,17689043.26285254
2026-06-05 09:15:00,1495.0,1497.0,1493.0,1493.0,1629.81167321,2435438.85129783
2026-06-05 09:30:00,1494.0,1497.0,1494.0,1494.0,1426.3502346,2132769.99869032
2026-06-05 09:45:00,1494.0,1496.0,1494.0,1494.0,2462.57153116,3680243.53284473
2026-06-05 10:00:00,1494.0,1497.0,1494.0,1496.0,19853.34192625,29711476.69514373
2026-06-05 10:15:00,1496.0,1497.0,1494.0,1497.0,114484.36868643,171267799.4778966
2026-06-05 10:30:00,1497.0,1497.0,1495.0,1496.0,9877.63274576,14777288.63830841
2026-06-05 10:45:00,1496.0,1497.0,1495.0,1497.0,15609.98200503,23350272.54933229
2026-06-05 11:00:00,1497.0,1498.0,1495.0,1497.0,13930.98931196,20860154.64001101
2026-06-05 11:15:00,1499.0,1500.0,1497.0,1499.0,32623.57536746,48892334.73131005
2026-06-05 11:30:00,1499.0,1501.0,1499.0,1501.0,48368.67756018,72538224.92760392
2026-06-05 11:45:00,1501.0,1501.0,1498.0,1500.0,39817.83925866,59698155.68171804
2026-06-05 12:00:00,1500.0,1501.0,1497.0,1497.0,20022.93497647,30008331.80367262
2026-06-05 12:15:00,1501.0,1501.0,1498.0,1500.0,24971.80161974,37448540.81781962
2026-06-05 12:30:00,1500.0,1502.0,1500.0,1500.0,18879.71868782,28323398.54567283
2026-06-05 12:45:00,1500.0,1500.0,1500.0,1500.0,7557.46699955,11336200.499325
2026-06-05 13:00:00,1500.0,1501.0,1500.0,1501.0,7784.04567178,11677259.07715178
2026-06-05 13:15:00,1502.0,1502.0,1500.0,1500.0,12624.18147694,18950642.6732122
2026-06-05 13:30:00,1500.0,1502.0,1500.0,1502.0,1056.59186795,1586906.87603462
2026-06-05 13:45:00,1502.0,1502.0,1500.0,1500.0,57935.52098451,86909179.23431158
2026-06-05 14:00:00,1500.0,1502.0,1500.0,1502.0,33793.13341181,50697599.06141896
2026-06-05 14:15:00,1500.0,1500.0,1500.0,1500.0,4185.91,6278865.0
2026-06-05 14:30:00,1500.0,1503.0,1500.0,1501.0,5931.01127863,8906586.07223633
2026-06-05 14:45:00,1503.0,1506.0,1502.0,1504.0,114759.43347502,172675039.6386372
2026-06-05 15:00:00,1504.0,1507.0,1503.0,1506.0,49958.54520217,75192457.92983828
2026-06-05 15:15:00,1506.0,1513.0,1505.0,1510.0,227466.64747137,343363289.54876494
2026-06-05 15:30:00,1510.0,1512.0,1508.0,1508.0,55290.89453283,83481353.33900025
2026-06-05 15:45:00,1508.0,1508.0,1503.0,1506.0,30240.28574342,45520332.23512156
2026-06-05 16:00:00,1506.0,1510.0,1506.0,1510.0,41301.18153598,62292679.27595481
2026-06-05 16:15:00,1510.0,1511.0,1508.0,1508.0,37127.72638329,56069992.04007671
2026-06-05 16:30:00,1508.0,1510.0,1505.0,1505.0,10681.7515945,16089104.41635523
2026-06-05 16:45:00,1505.0,1507.0,1502.0,1504.0,17721.17690268,26648323.53179035
2026-06-05 17:00:00,1504.0,1505.0,1504.0,1505.0,14519.79125913,21837775.85480589
2026-06-05 17:15:00,1502.0,1505.0,1502.0,1505.0,7341.54983724,11046109.98231474
2026-06-05 17:30:00,1505.0,1505.0,1503.0,1503.0,79775.59245566,119983994.22107966
2026-06-05 17:45:00,1504.0,1505.0,1504.0,1504.0,542.24468085,815539.9999984
2026-06-05 18:00:00,1503.0,1504.0,1503.0,1503.0,7609.49891029,11441128.99500902
2026-06-05 18:15:00,1503.0,1504.0,1502.0,1502.0,2162.33271361,3249194.987598
2026-06-05 18:30:00,1502.0,1503.0,1502.0,1503.0,10893.66351349,16369053.7711976
2026-06-05 18:45:00,1502.0,1502.0,1500.0,1502.0,3600.07389937,5406662.1010808
2026-06-05 19:00:00,1502.0,1503.0,1501.0,1503.0,139.90672884,210013.78929798
2026-06-05 19:15:00,1501.0,1503.0,1500.0,1500.0,2934.59042786,4405554.57669934
2026-06-05 19:30:00,1500.0,1503.0,1500.0,1500.0,759.84020404,1139922.6936111
2026-06-05 19:45:00,1500.0,1503.0,1500.0,1502.0,3697.72115141,5555058.04129168
2026-06-05 20:00:00,1501.0,1505.0,1501.0,1505.0,29293.33857586,44007241.69782866
2026-06-05 20:15:00,1505.0,1505.0,1502.0,1505.0,3199.14804567,4813223.19926683
2026-06-05 20:30:00,1505.0,1505.0,1503.0,1505.0,26265.86510048,39491201.86657334
2026-06-05 20:45:00,1505.0,1505.0,1504.0,1504.0,31003.07414517,46658986.88848085
2026-06-05 21:00:00,1506.0,1509.0,1504.0,1509.0,15805.80467575,23832756.99716649
2026-06-05 21:15:00,1507.0,1509.0,1506.0,1507.0,8903.22197587,13420547.39377983
2026-06-05 21:30:00,1506.0,1510.0,1506.0,1507.0,7499.05216224,11317128.85564036
2026-06-05 21:45:00,1510.0,1510.0,1510.0,1510.0,12749.42663404,19251634.2174004
2026-06-05 22:00:00,1510.0,1510.0,1506.0,1508.0,3652.50854676,5505841.78320317
2026-06-05 22:15:00,1508.0,1509.0,1505.0,1505.0,14821.21599055,22332035.76848653
2026-06-05 22:30:00,1508.0,1510.0,1506.0,1509.0,79966.91244704,120611361.90460797
2026-06-05 22:45:00,1509.0,1516.0,1509.0,1513.0,124957.65515106,188949037.02961382
2026-06-05 23:00:00,1513.0,1519.0,1513.0,1517.0,93493.90003412,141735425.57400334
2026-06-05 23:15:00,1517.0,1519.0,1515.0,1515.0,19419.11792745,29442275.1233417
2026-06-05 23:30:00,1515.0,1517.0,1515.0,1515.0,11848.81711258,17968583.17986927
2026-06-05 23:45:00,1515.0,1518.0,1515.0,1518.0,28209.92328002,42752403.33096426
2026-06-06 00:00:00,1515.0,1518.0,1515.0,1515.0,3145.53850987,4770729.98533165
2026-06-06 00:15:00,1516.0,1520.0,1516.0,1520.0,53038.85970014,80574442.66239609
2026-06-06 00:30:00,1520.0,1522.0,1517.0,1522.0,64231.97905208,97632114.96130525
2026-06-06 00:45:00,1522.0,1523.0,1521.0,1521.0,14156.57954076,21545191.44874848
2026-06-06 01:00:00,1522.0,1526.0,1521.0,1523.0,134208.22642571,204599123.53748816
2026-06-06 01:15:00,1523.0,1523.0,1519.0,1519.0,26010.13684295,39567120.14370734
2026-06-06 01:30:00,1519.0,1521.0,1519.0,1521.0,29936.70450346,45532288.98600892
2026-06-06 01:45:00,1521.0,1521.0,1518.0,1518.0,23248.1524558,35325735.28224347
2026-06-06 02:00:00,1519.0,1519.0,1517.0,1517.0,2284.2472755,3467951.19784052
2026-06-06 02:15:00,1518.0,1521.0,1518.0,1521.0,3048.30128902,4631802.86008288
2026-06-06 02:30:00,1519.0,1521.0,1518.0,1518.0,17158.20416044,26095068.675747
2026-06-06 02:45:00,1521.0,1521.0,1519.0,1519.0,7124.18497948,10828590.61540776
2026-06-06 03:00:00,1519.0,1520.0,1517.0,1517.0,7498.14584223,11389778.77019973
2026-06-06 03:15:00,1520.0,1521.0,1520.0,1521.0,19897.57615311,30259805.56082592
2026-06-06 03:30:00,1520.0,1524.0,1520.0,1524.0,11503.92957871,17523585.76930883
2026-06-06 03:45:00,1524.0,1529.0,1523.0,1528.0,11304.10945419,17254209.02816245
2026-06-06 04:00:00,1528.0,1530.0,1526.0,1529.0,6420.42697861,9815926.25816028
2026-06-06 04:15:00,1530.0,1530.0,1527.0,1529.0,13980.41519986,21384821.82263714
2026-06-06 04:30:00,1526.0,1526.0,1524.0,1524.0,5651.20380698,8613197.16289233
2026-06-06 04:45:00,1524.0,1525.0,1523.0,1525.0,5621.76478308,8572559.14658347
2026-06-06 05:00:00,1525.0,1525.0,1520.0,1522.0,6048.23135215,9194988.87756627
2026-06-06 05:15:00,1520.0,1523.0,1518.0,1520.0,6509.0807474,9893866.68405388
2026-06-06 05:30:00,1520.0,1520.0,1516.0,1519.0,1670.06456032,2536170.08512066
2026-06-06 05:45:00,1518.0,1519.0,1516.0,1516.0,4268.73224647,6478624.62720098
2026-06-06 06:00:00,1516.0,1519.0,1516.0,1519.0,2868.39073566,4349107.3303164
2026-06-06 06:15:00,1515.0,1519.0,1515.0,1517.0,3312.61822228,5027774.95207351
2026-06-06 06:30:00,1518.0,1518.0,1515.0,1518.0,18202.43677294,27612317.43763219
2026-06-06 06:45:00,1515.0,1518.0,1515.0,1518.0,916.0302927,1389988.56340092
2026-06-06 07:00:00,1518.0,1519.0,1518.0,1519.0,1307.37144812,1985890.642079
2026-06-06 07:15:00,1519.0,1519.0,1516.0,1517.0,4483.6625541,6805516.95820989
2026-06-06 07:30:00,1518.0,1520.0,1516.0,1516.0,1617.13938591,2456674.57313764
2026-06-06 07:45:00,1518.0,1519.0,1516.0,1518.0,279.62307296,423955.91216091
2026-06-06 08:00:00,1518.0,1519.0,1518.0,1519.0,772.13500126,1172869.12493937
2026-06-06 08:15:00,1518.0,1521.0,1518.0,1518.0,6605.87788307,10041016.30219664
2026-06-06 08:30:00,1521.0,1522.0,1521.0,1522.0,1793.22531967,2729275.53505153
2026-06-06 08:45:00,1521.0,1523.0,1521.0,1523.0,5278.70321746,8034558.1383444
2026-06-06 09:00:00,1524.0,1524.0,1522.0,1522.0,3237.51446501,4932056.8846281
2026-06-06 09:15:00,1522.0,1523.0,1517.0,1518.0,28892.30334521,43874003.87193579
2026-06-06 09:30:00,1520.0,1521.0,1519.0,1521.0,5527.3802974,8397050.36693938
2026-06-06 09:45:00,1521.0,1521.0,1518.0,1518.0,894.52871068,1359617.35424516
2026-06-06 10:00:00,1520.0,1522.0,1520.0,1521.0,23732.67856374,36101909.70778393
2026-06-06 10:15:00,1521.0,1522.0,1520.0,1520.0,4604.01093077,6999193.63730638
2026-06-06 10:30:00,1520.0,1520.0,1520.0,1520.0,1151.646371,1750502.48392
2026-06-06 10:45:00,1520.0,1520.0,1520.0,1520.0,940.72344812,1429899.6411424
2026-06-06 11:00:00,1521.0,1521.0,1519.0,1519.0,5940.8568683,9030027.08635389
2026-06-06 11:15:00,1521.0,1521.0,1519.0,1519.0,2424.96798443,3684926.38018343
2026-06-06 11:30:00,1520.0,1521.0,1516.0,1517.0,131343.8928821,199304184.337266
2026-06-06 11:45:00,1517.0,1520.0,1517.0,1520.0,6200.76296662,9416945.4070976
2026-06-06 12:00:00,1520.0,1522.0,1519.0,1521.0,3636.80005891,5528492.36847734
2026-06-06 12:15:00,1520.0,1522.0,1519.0,1522.0,7810.36693644,11872838.58727695
2026-06-06 12:30:00,1523.0,1523.0,1521.0,1522.0,1088.06860259,1655870.04943166
2026-06-06 12:45:00,1523.0,1524.0,1521.0,1523.0,9787.46534559,14912722.34469689
2026-06-06 13:00:00,1523.0,1524.0,1521.0,1524.0,19037.06196267,28976135.6898576
2026-06-06 13:15:00,1524.0,1527.0,1522.0,1527.0,32153.96526179,49020334.7892811
2026-06-06 13:30:00,1526.0,1528.0,1523.0,1525.0,20213.3554587,30855444.52891226
2026-06-06 13:45:00,1525.0,1528.0,1524.0,1524.0,2171.50774953,3311186.78935182
2026-06-06 14:00:00,1524.0,1526.0,1524.0,1526.0,2478.69638279,3779223.54524175
2026-06-06 14:15:00,1526.0,1527.0,1520.0,1524.0,38270.555836,58318446.5561732
2026-06-06 14:30:00,1524.0,1524.0,1520.0,1522.0,21231.63479747,32355346.20763576
2026-06-06 14:45:00,1522.0,1522.0,1518.0,1518.0,11769.68907952,17884120.40454998
2026-06-06 15:00:00,1518.0,1522.0,1518.0,1519.0,11658.906327,17701133.17090647
2026-06-06 15:15:00,1520.0,1520.0,1518.0,1518.0,10254.66365349,15574732.12551462
2026-06-06 15:30:00,1518.0,1519.0,1518.0,1519.0,7455.45514034,11317823.32505138
2026-06-06 15:45:00,1520.0,1520.0,1518.0,1518.0,241.80107587,367175.51512522
2026-06-06 16:00:00,1519.0,1519.0,1517.0,1517.0,1133.94103642,1721009.39047304
2026-06-06 16:15:00,1518.0,1519.0,1516.0,1516.0,404.33422751,613148.77203729
2026-06-06 16:30:00,1517.0,1517.0,1517.0,1517.0,113.01341802,171441.35513634
2026-06-06 16:45:00,1517.0,1519.0,1516.0,1519.0,66905.24341156,101627688.35359772
2026-06-06 17:00:00,1517.0,1517.0,1517.0,1517.0,775.70290027,1176741.29970959
2026-06-06 17:15:00,1517.0,1517.0,1516.0,1517.0,21130.15953633,32054214.90661261
2026-06-06 17:30:00,1517.0,1519.0,1517.0,1518.0,5592.69433096,8489380.95580723
2026-06-06 17:45:00,1517.0,1520.0,1517.0,1518.0,1277.40184637,1940221.87692799
2026-06-06 18:00:00,1520.0,1520.0,1519.0,1520.0,313.65244708,476674.7125616
2026-06-06 18:15:00,1520.0,1520.0,1517.0,1517.0,90.84863984,138030.95483728
2026-06-06 18:30:00,1520.0,1520.0,1520.0,1520.0,28.14078947,42773.9999944
2026-06-06 18:45:00,1518.0,1521.0,1518.0,1521.0,303.34982395,461146.45289798
2026-06-06 19:00:00,1520.0,1521.0,1518.0,1518.0,5799.44511959,8809148.85499792
2026-06-06 19:15:00,1521.0,1521.0,1519.0,1521.0,959.64116821,1459004.60052437
2026-06-06 19:30:00,1521.0,1521.0,1519.0,1519.0,878.48450079,1334912.37791813
2026-06-06 19:45:00,1522.0,1523.0,1520.0,1521.0,590.65125354,898702.3961639
2026-06-06 20:00:00,1521.0,1523.0,1521.0,1521.0,8432.36588665,12833945.2730712
2026-06-06 20:15:00,1523.0,1523.0,1523.0,1523.0,213.90151017,325771.99998891
2026-06-06 20:30:00,1520.0,1522.0,1520.0,1522.0,93.54623491,142198.16142702
2026-06-06 20:45:00,1521.0,1523.0,1519.0,1523.0,7776.44534146,11817906.21216469
2026-06-06 21:00:00,1520.0,1521.0,1520.0,1520.0,2449.130557,3723340.90883592
2026-06-06 21:15:00,1520.0,1520.0,1519.0,1520.0,1477.05369477,2244448.09839198
2026-06-06 21:30:00,1518.0,1523.0,1518.0,1520.0,1151.99857512,1751205.51578067
2026-06-06 21:45:00,1520.0,1521.0,1519.0,1521.0,5951.34234868,9045292.92808951
2026-06-06 22:00:00,1519.0,1521.0,1519.0,1519.0,5982.90731383,9093834.98771936
2026-06-06 22:15:00,1519.0,1520.0,1519.0,1519.0,5565.47257197,8455585.79915705
2026-06-06 22:30:00,1518.0,1521.0,1518.0,1518.0,15383.57330703,23397814.99999263
2026-06-06 22:45:00,1518.0,1521.0,1518.0,1521.0,32.18359121,48941.34223041
2026-06-06 23:00:00,1518.0,1520.0,1518.0,1518.0,1640.76424225,2491716.95822
2026-06-06 23:15:00,1518.0,1518.0,1518.0,1518.0,7.0,10626.0
2026-06-06 23:30:00,1518.0,1519.0,1517.0,1517.0,874.34080241,1326463.58965341
2026-06-06 23:45:00,1517.0,1519.0,1517.0,1519.0,56.20696886,85275.18835048
2026-06-07 00:00:00,1517.0,1520.0,1517.0,1520.0,2398.93220193,3644163.11734638
2026-06-07 00:15:00,1520.0,1520.0,1520.0,1520.0,18391.55022743,27955156.3456936
2026-06-07 00:30:00,1520.0,1521.0,1519.0,1519.0,3713.35828812,5643952.20098463
2026-06-07 00:45:00,1519.0,1521.0,1518.0,1521.0,1463.60682877,2223183.91970959
2026-06-07 01:00:00,1520.0,1520.0,1517.0,1517.0,1925.57958082,2922672.73266272
2026-06-07 01:15:00,1517.0,1520.0,1517.0,1519.0,682.77336887,1036010.46180365
2026-06-07 01:30:00,1518.0,1518.0,1518.0,1518.0,6316.8759206,9589017.6474708
2026-06-07 01:45:00,1518.0,1518.0,1517.0,1517.0,3144.12421147,4772322.85287939
2026-06-07 02:00:00,1517.0,1520.0,1517.0,1520.0,860.26601945,1307010.93868231
2026-06-07 02:15:00,1517.0,1520.0,1516.0,1516.0,11755.00362932,17825288.62717878
2026-06-07 02:30:00,1517.0,1520.0,1517.0,1519.0,673.69464062,1023398.67800375
2026-06-07 02:45:00,1519.0,1519.0,1517.0,1517.0,1284.751961,1949519.84958624
2026-06-07 03:00:00,1517.0,1520.0,1517.0,1520.0,2180.31795681,3307884.26420439
2026-06-07 03:15:00,1520.0,1520.0,1520.0,1520.0,145.048116,220473.13632
2026-06-07 03:30:00,1520.0,1520.0,1520.0,1520.0,672.53145612,1022247.8133024
2026-06-07 04:00:00,1520.0,1520.0,1520.0,1520.0,3.28947368,4999.9999936
2026-06-07 04:15:00,1520.0,1520.0,1520.0,1520.0,293.1501866,445588.283632
2026-06-07 04:30:00,1520.0,1520.0,1520.0,1520.0,6.57565953,9995.0024856
2026-06-07 05:00:00,1520.0,1520.0,1520.0,1520.0,404.16064989,614324.1878328
2026-06-07 05:45:00,1520.0,1520.0,1520.0,1520.0,134.77640678,204860.1383056
2026-06-07 06:15:00,1520.0,1521.0,1517.0,1517.0,828.30129655,1257820.11582948
2026-06-07 06:30:00,1517.0,1517.0,1517.0,1517.0,622.36618134,944129.49709278
2026-06-07 06:45:00,1520.0,1520.0,1518.0,1520.0,102.68724202,155982.78930946
2026-06-07 07:00:00,1520.0,1520.0,1517.0,1520.0,1992.01979754,3024098.05671024
2026-06-07 07:15:00,1520.0,1521.0,1520.0,1521.0,1529.12736866,2324392.64785485
2026-06-07 07:30:00,1521.0,1521.0,1521.0,1521.0,85.77768994,130467.86639874
2026-06-07 07:45:00,1521.0,1521.0,1518.0,1521.0,1768.40559376,2689145.80810896
2026-06-07 08:00:00,1521.0,1521.0,1518.0,1520.0,3683.96664904,5596278.58335718
2026-06-07 08:15:00,1520.0,1521.0,1520.0,1521.0,100.56333427,152918.83142467
2026-06-07 08:30:00,1518.0,1518.0,1518.0,1518.0,19.78393922,30032.01973596
2026-06-07 08:45:00,1518.0,1518.0,1518.0,1518.0,134.68404347,204450.37798746
2026-06-07 09:00:00,1521.0,1521.0,1518.0,1520.0,367.27244602,558154.12790157
2026-06-07 09:15:00,1520.0,1520.0,1518.0,1520.0,1106.10763871,1680295.4851652
2026-06-07 09:30:00,1520.0,1520.0,1518.0,1518.0,574.67249,872992.0000127
2026-06-07 09:45:00,1520.0,1521.0,1518.0,1518.0,1655.87882134,2518141.24539204
2026-06-07 10:00:00,1521.0,1521.0,1518.0,1520.0,699.34290229,1062160.23770776
2026-06-07 10:15:00,1518.0,1521.0,1518.0,1520.0,3601.44374543,5469641.63139781
2026-06-07 10:30:00,1521.0,1524.0,1518.0,1520.0,57110.28171975,86902245.66736168
2026-06-07 10:45:00,1519.0,1521.0,1518.0,1520.0,4820.99781963,7318816.26843787
2026-06-07 11:00:00,1520.0,1520.0,1518.0,1519.0,6107.34166155,9271217.76570539
2026-06-07 11:15:00,1519.0,1519.0,1519.0,1519.0,357.90395858,543656.11308302
2026-06-07 11:30:00,1518.0,1519.0,1517.0,1519.0,3801.74080493,5770750.47507974
2026-06-07 11:45:00,1517.0,1519.0,1517.0,1519.0,658.82690828,999911.56545976
2026-06-07 12:00:00,1519.0,1519.0,1519.0,1519.0,228.09386254,346474.57719826
2026-06-07 12:15:00,1519.0,1520.0,1518.0,1519.0,1236.31866621,1877797.91493348
2026-06-07 12:30:00,1519.0,1520.0,1518.0,1520.0,9401.5278872,14280577.37869472
2026-06-07 12:45:00,1520.0,1520.0,1519.0,1519.0,662.17121701,1006171.46687827
2026-06-07 13:00:00,1520.0,1521.0,1518.0,1518.0,847.42642779,1288119.74775559
2026-06-07 13:15:00,1518.0,1518.0,1518.0,1518.0,760.73041832,1154788.77500976
2026-06-07 13:30:00,1520.0,1521.0,1517.0,1521.0,8425.24891457,12788431.69358501
2026-06-07 13:45:00,1520.0,1521.0,1520.0,1521.0,676.2875705,1028600.49999366
2026-06-07 14:00:00,1519.0,1521.0,1518.0,1518.0,216.79799109,329363.55998516
2026-06-07 14:15:00,1518.0,1519.0,1518.0,1519.0,128.54897773,195141.95648907
2026-06-07 14:30:00,1519.0,1522.0,1519.0,1522.0,6655.05413403,10124542.9999798
2026-06-07 14:45:00,1522.0,1522.0,1519.0,1519.0,313.13014041,475658.48091747
2026-06-07 15:00:00,1519.0,1522.0,1519.0,1522.0,679.60127733,1034347.32631695
2026-06-07 15:15:00,1519.0,1519.0,1518.0,1519.0,1136.85103628,1726772.71374076
2026-06-07 15:30:00,1519.0,1521.0,1519.0,1521.0,1147.81731211,1745558.80058041
2026-06-07 15:45:00,1519.0,1521.0,1518.0,1518.0,3456.95674428,5250973.96472533
2026-06-07 16:00:00,1521.0,1521.0,1521.0,1521.0,1434.39754438,2181718.66500198
2026-06-07 16:15:00,1521.0,1522.0,1519.0,1519.0,2101.25832763,3196007.15231794
2026-06-07 16:30:00,1521.0,1521.0,1520.0,1521.0,3483.97089496,5299101.63703416
2026-06-07 16:45:00,1521.0,1521.0,1518.0,1519.0,781.85512139,1187573.91972099
2026-06-07 17:00:00,1520.0,1522.0,1520.0,1522.0,20072.89811965,30521849.52895092
2026-06-07 17:15:00,1522.0,1523.0,1520.0,1521.0,5656.44415825,8609110.40339608
2026-06-07 17:30:00,1521.0,1522.0,1521.0,1522.0,2439.19983358,3711214.39949092
2026-06-07 17:45:00,1521.0,1522.0,1520.0,1522.0,10073.43995978,15321648.12278904
2026-06-07 18:00:00,1521.0,1523.0,1520.0,1523.0,9835.92277851,14956442.33501728
2026-06-07 18:15:00,1523.0,1523.0,1520.0,1522.0,388.86033413,591784.33216255
2026-06-07 18:30:00,1522.0,1522.0,1519.0,1519.0,3365.32926977,5114965.66379632
2026-06-07 18:45:00,1519.0,1519.0,1519.0,1519.0,78.7262311,119585.1450409
2026-06-07 19:00:00,1519.0,1520.0,1519.0,1520.0,919.25086413,1396492.63717143
2026-06-07 19:15:00,1520.0,1522.0,1520.0,1522.0,3131.32271586,4762313.0079579
2026-06-07 19:30:00,1520.0,1520.0,1520.0,1520.0,39.47972102,60009.1759504
2026-06-07 19:45:00,1520.0,1520.0,1518.0,1520.0,4243.74623706,6442063.11812018
2026-06-07 20:00:00,1518.0,1519.0,1518.0,1518.0,1294.35659941,1964853.56189693
2026-06-07 20:15:00,1519.0,1519.0,1519.0,1519.0,305.27081732,463706.37150908
2026-06-07 20:30:00,1519.0,1520.0,1519.0,1520.0,2102.39612413,3193652.02909256
2026-06-07 20:45:00,1518.0,1520.0,1518.0,1520.0,1357.60566171,2062781.98786614
2026-06-07 21:00:00,1521.0,1521.0,1518.0,1518.0,9258.77642322,14072894.92789795
2026-06-07 21:15:00,1521.0,1521.0,1521.0,1521.0,46.44643128,70645.02197688
2026-06-07 21:30:00,1520.0,1520.0,1517.0,1520.0,4301.19139303,6531475.86592469
2026-06-07 21:45:00,1517.0,1520.0,1517.0,1519.0,1779.56029009,2702775.75440536
2026-06-07 22:00:00,1519.0,1519.0,1517.0,1517.0,845.06464194,1283160.85070644
2026-06-07 22:15:00,1517.0,1519.0,1517.0,1519.0,525.42305666,797521.73574654
2026-06-07 22:30:00,1519.0,1520.0,1516.0,1519.0,15376.20718807,23326296.25815576
2026-06-07 22:45:00,1518.0,1519.0,1518.0,1519.0,453.85720954,688960.09857226
2026-06-07 23:00:00,1517.0,1519.0,1515.0,1519.0,15148.62936354,22970132.95861908
2026-06-07 23:15:00,1519.0,1520.0,1516.0,1520.0,1819.02105549,2763601.83763019
2026-06-07 23:30:00,1516.0,1519.0,1516.0,1516.0,1565.45384584,2373243.18590878
2026-06-07 23:45:00,1517.0,1517.0,1517.0,1517.0,19.62491758,29770.99996886
2026-06-08 00:00:00,1517.0,1518.0,1517.0,1518.0,27500.21012223,41718132.02195781
2026-06-08 00:15:00,1518.0,1519.0,1516.0,1516.0,5040.75616626,7651254.29107726
2026-06-08 00:30:00,1518.0,1518.0,1516.0,1516.0,2355.20593596,3570624.12503672
2026-06-08 00:45:00,1517.0,1517.0,1516.0,1516.0,14040.26290455,21285524.16315716
2026-06-08 01:00:00,1516.0,1517.0,1515.0,1515.0,2083.70407488,3158850.12949619
2026-06-08 01:15:00,1515.0,1517.0,1515.0,1517.0,1375.89940544,2084503.41994032
2026-06-08 01:30:00,1516.0,1516.0,1515.0,1516.0,542.11244213,821767.10313286
2026-06-08 01:45:00,1516.0,1516.0,1516.0,1516.0,253.15904809,383789.11690444
2026-06-08 02:00:00,1515.0,1515.0,1515.0,1515.0,349.05856115,528823.72014225
2026-06-08 02:15:00,1516.0,1517.0,1515.0,1517.0,419.70147922,636355.05974656
2026-06-08 02:30:00,1517.0,1517.0,1517.0,1517.0,32.95978905,49999.99998885
2026-06-08 02:45:00,1517.0,1517.0,1515.0,1517.0,2714.39580046,4117292.94556488
2026-06-08 03:00:00,1515.0,1515.0,1515.0,1515.0,1046.8693361,1586007.0441915
2026-06-08 03:30:00,1516.0,1518.0,1516.0,1518.0,7.91304347,11999.99998746
2026-06-08 03:45:00,1517.0,1517.0,1517.0,1517.0,3295.0,4998515.0
2026-06-08 04:00:00,1517.0,1517.0,1515.0,1515.0,13219.75778673,20028986.71444213
2026-06-08 04:30:00,1517.0,1517.0,1517.0,1517.0,10.0,15170.0
2026-06-08 04:45:00,1518.0,1519.0,1516.0,1519.0,1944.09519971,2952856.56124007
2026-06-08 05:00:00,1519.0,1519.0,1519.0,1519.0,203.87551419,309686.90605461
2026-06-08 05:30:00,1519.0,1519.0,1519.0,1519.0,1508.2156091,2290979.5102229
2026-06-08 05:45:00,1516.0,1516.0,1516.0,1516.0,198.65563312,301161.93980992
2026-06-08 06:00:00,1516.0,1516.0,1516.0,1516.0,132.33824048,200624.77256768
2026-06-08 06:30:00,1517.0,1520.0,1517.0,1520.0,13841.92975818,20998524.15344865
2026-06-08 06:45:00,1519.0,1519.0,1518.0,1518.0,6179.80204376,9387092.95401031
2026-06-08 07:00:00,1518.0,1518.0,1512.0,1512.0,34202.7570934,51823456.44132925
2026-06-08 07:15:00,1512.0,1515.0,1510.0,1514.0,9274.88626786,14017546.22640951
2026-06-08 07:30:00,1512.0,1514.0,1510.0,1514.0,14603.37668359,22084825.28573248
2026-06-08 07:45:00,1514.0,1514.0,1509.0,1513.0,30128.68416059,45478594.22332088
2026-06-08 08:00:00,1513.0,1513.0,1509.0,1510.0,858.16578227,1295911.71341383
2026-06-08 08:15:00,1512.0,1512.0,1508.0,1508.0,1473.36604668,2226393.53163338
2026-06-08 08:30:00,1508.0,1510.0,1508.0,1509.0,4592.85961531,6934244.02021432
2026-06-08 08:45:00,1509.0,1509.0,1508.0,1508.0,8236.71760331,12421030.14579148
2026-06-08 09:00:00,1508.0,1508.0,1505.0,1507.0,22291.88953816,33592506.10536308
2026-06-08 09:15:00,1505.0,1507.0,1505.0,1507.0,7044.70400178,10615829.18089812
2026-06-08 09:30:00,1507.0,1508.0,1505.0,1507.0,18518.13087291,27895746.05814736
2026-06-08 09:45:00,1509.0,1511.0,1507.0,1511.0,14820.14772383,22359166.78037755
2026-06-08 10:00:00,1509.0,1511.0,1508.0,1509.0,20724.95578516,31274669.77247001
2026-06-08 10:15:00,1509.0,1511.0,1508.0,1511.0,2251.38921846,3399504.82863087
2026-06-08 10:30:00,1510.0,1511.0,1510.0,1510.0,3248.38244289,4907756.24496504
2026-06-08 10:45:00,1510.0,1510.0,1508.0,1510.0,1229.56141361,1855601.94200038
2026-06-08 11:00:00,1510.0,1510.0,1508.0,1510.0,2225.72488586,3356844.5776486
2026-06-08 11:15:00,1510.0,1510.0,1507.0,1509.0,1456.35646396,2195801.82688391
2026-06-08 11:30:00,1509.0,1511.0,1509.0,1510.0,7407.11816212,11188928.86553282
2026-06-08 11:45:00,1510.0,1510.0,1510.0,1510.0,282.78311603,427002.5052053
2026-06-08 12:00:00,1510.0,1510.0,1507.0,1507.0,5398.62067282,8147212.38804544
2026-06-08 12:15:00,1507.0,1510.0,1507.0,1510.0,656.5824917,991229.12180003
2026-06-08 12:30:00,1510.0,1510.0,1509.0,1510.0,1398.12134686,2111130.14309017
2026-06-08 12:45:00,1510.0,1510.0,1510.0,1510.0,693.70877472,1047500.2498272
2026-06-08 13:00:00,1510.0,1511.0,1510.0,1511.0,2061.26237456,3113897.83300207
2026-06-08 13:15:00,1511.0,1512.0,1511.0,1512.0,10909.34494101,16487271.76125986
2026-06-08 13:30:00,1511.0,1512.0,1509.0,1510.0,5891.85406196,8906739.18374689
2026-06-08 13:45:00,1510.0,1511.0,1510.0,1511.0,9941.57350157,15014883.96581507
2026-06-08 14:00:00,1511.0,1512.0,1509.0,1512.0,1019.89328999,1540504.0509535
2026-06-08 14:15:00,1510.0,1511.0,1506.0,1506.0,28343.50603494,42723471.650552
2026-06-08 14:30:00,1506.0,1507.0,1505.0,1505.0,25628.4822458,38594047.31102199
2026-06-08 14:45:00,1505.0,1507.0,1504.0,1504.0,16132.89308008,24281306.23083845
2026-06-08 15:00:00,1504.0,1506.0,1499.0,1505.0,69275.40153213,103959471.99990144
2026-06-08 15:15:00,1502.0,1505.0,1500.0,1501.0,24092.04781315,36150594.72445563
2026-06-08 15:30:00,1501.0,1501.0,1501.0,1501.0,800.0,1200800.0
2026-06-08 15:45:00,1501.0,1504.0,1500.0,1503.0,1158.74706215,1741116.81823366
2026-06-08 16:00:00,1503.0,1503.0,1501.0,1502.0,5531.08110358,8306230.46209991
2026-06-08 16:15:00,1502.0,1502.0,1499.0,1499.0,12018.88389594,18022994.70833387
2026-06-08 16:30:00,1499.0,1502.0,1499.0,1500.0,6356.52618575,9539189.15260978
2026-06-08 16:45:00,1499.0,1502.0,1499.0,1499.0,8870.99948311,13298491.58633662
2026-06-08 17:00:00,1502.0,1503.0,1502.0,1503.0,13564.16632725,20375460.17041986
2026-06-08 17:15:00,1502.0,1503.0,1502.0,1502.0,6641.10091813,9974948.21309645
2026-06-08 17:30:00,1502.0,1504.0,1502.0,1504.0,7582.81246673,11396520.44309838
2026-06-08 17:45:00,1502.0,1503.0,1502.0,1502.0,2744.23138132,4121939.27728253
2026-06-08 18:00:00,1502.0,1503.0,1502.0,1503.0,11934.50521182,17925745.55311038
2026-06-08 18:15:00,1503.0,1503.0,1500.0,1503.0,6110.64419936,9168791.17194249
2026-06-08 18:30:00,1503.0,1503.0,1500.0,1503.0,194.01048937,291151.46259768
2026-06-08 18:45:00,1503.0,1503.0,1500.0,1503.0,905.12050889,1358000.02486167
2026-06-08 19:00:00,1502.0,1502.0,1500.0,1502.0,7430.13122723,11158910.9174941
2026-06-08 19:15:00,1502.0,1502.0,1501.0,1501.0,1270.71293706,1907656.41285948
2026-06-08 19:30:00,1501.0,1503.0,1500.0,1500.0,4048.79284981,6080385.69045274
2026-06-08 19:45:00,1501.0,1501.0,1500.0,1500.0,20021.7278637,30051530.34064827
2026-06-08 20:00:00,1501.0,1502.0,1500.0,1500.0,1701.16660679,2553141.79337003
2026-06-08 20:15:00,1502.0,1502.0,1500.0,1501.0,112.98579906,169498.67994282
2026-06-08 20:30:00,1500.0,1501.0,1499.0,1501.0,380.2755879,570094.8344504
2026-06-08 20:45:00,1499.0,1499.0,1498.0,1498.0,5455.46731649,8177519.38512759
2026-06-08 21:00:00,1500.0,1501.0,1498.0,1501.0,3035.6429233,4552972.05815964
2026-06-08 21:15:00,1501.0,1501.0,1501.0,1501.0,222.99136649,334710.04110149
2026-06-08 21:30:00,1500.0,1501.0,1500.0,1501.0,7841.63131219,11765104.98916571
2026-06-08 21:45:00,1501.0,1501.0,1497.0,1499.0,14220.8864003,21295671.95503036
2026-06-08 22:00:00,1499.0,1499.0,1497.0,1499.0,2821.17732748,4228740.63362253
2026-06-08 22:15:00,1499.0,1500.0,1495.0,1496.0,27368.11725786,40997739.95543398
2026-06-08 22:30:00,1496.0,1500.0,1496.0,1498.0,1172.61705843,1757401.560514
2026-06-08 22:45:00,1498.0,1499.0,1497.0,1499.0,2130.21890474,3191456.31824613
2026-06-08 23:00:00,1499.0,1499.0,1498.0,1498.0,1425.36969747,2136472.41140742
2026-06-08 23:15:00,1497.0,1499.0,1497.0,1499.0,2147.24560516,3215947.96833506
2026-06-08 23:30:00,1499.0,1499.0,1499.0,1499.0,663.8281002,995078.3221998
2026-06-08 23:45:00,1498.0,1499.0,1495.0,1495.0,70463.76984514,105357900.1917083
2026-06-09 00:00:00,1495.0,1499.0,1495.0,1498.0,5525.25783865,8282053.55257819
2026-06-09 00:15:00,1495.0,1497.0,1494.0,1496.0,8628.62394429,12903505.86373783
2026-06-09 00:30:00,1496.0,1497.0,1496.0,1497.0,427.97277218,640632.51383001
2026-06-09 00:45:00,1498.0,1498.0,1498.0,1498.0,42.65879731,63902.87837038
2026-06-09 01:00:00,1498.0,1498.0,1498.0,1498.0,490.95465615,735450.0749127
2026-06-09 01:15:00,1496.0,1498.0,1496.0,1496.0,3559.20048946,5324571.94291306
2026-06-09 01:30:00,1498.0,1498.0,1495.0,1497.0,1667.88752581,2493717.94182375
2026-06-09 01:45:00,1497.0,1498.0,1497.0,1498.0,257.49930195,385699.99997379
2026-06-09 02:00:00,1498.0,1498.0,1498.0,1498.0,8516.40615713,12757576.42338074
2026-06-09 02:15:00,1498.0,1498.0,1497.0,1497.0,58.03040403,86925.53722091
2026-06-09 02:30:00,1497.0,1497.0,1497.0,1497.0,1018.17951268,1524214.73048196
2026-06-09 02:45:00,1498.0,1498.0,1498.0,1498.0,10.00634529,14989.50524442
2026-06-09 03:00:00,1497.0,1497.0,1496.0,1496.0,366.07618084,547665.99860076
2026-06-09 03:15:00,1496.0,1496.0,1494.0,1494.0,1059.09693772,1582334.9452834
2026-06-09 03:30:00,1493.0,1495.0,1493.0,1495.0,1665.65681476,2489504.99427854
2026-06-09 04:00:00,1496.0,1496.0,1496.0,1496.0,28.07486626,41999.99992496
2026-06-09 04:15:00,1496.0,1496.0,1493.0,1495.0,250.17200551,373946.95877741
2026-06-09 04:30:00,1493.0,1496.0,1493.0,1493.0,1057.45676254,1578825.21738028
2026-06-09 05:00:00,1496.0,1496.0,1496.0,1496.0,133.98900996,200447.55890016
2026-06-09 05:15:00,1497.0,1497.0,1497.0,1497.0,32.06412824,47999.99997528
2026-06-09 05:30:00,1497.0,1497.0,1496.0,1496.0,36.09089832,53999.99991878
2026-06-09 05:45:00,1496.0,1497.0,1496.0,1497.0,1334.77823959,1998157.76619916
2026-06-09 06:00:00,1496.0,1496.0,1493.0,1495.0,695.67496413,1039284.31784238
2026-06-09 06:15:00,1495.0,1495.0,1492.0,1495.0,11658.49466627,17402407.55353392
2026-06-09 06:30:00,1495.0,1495.0,1493.0,1494.0,6044.57904472,9025265.52569856
2026-06-09 06:45:00,1494.0,1495.0,1494.0,1495.0,1309.86145707,1957994.83673957
2026-06-09 07:00:00,1495.0,1497.0,1495.0,1497.0,2877.12207547,4304640.4635346
2026-06-09 07:15:00,1497.0,1498.0,1497.0,1498.0,815.67768769,1221788.66141282
2026-06-09 07:30:00,1498.0,1499.0,1498.0,1499.0,1557.54108488,2333201.08150781
2026-06-09 07:45:00,1499.0,1499.0,1499.0,1499.0,1840.33993341,2758669.56018159
2026-06-09 08:00:00,1497.0,1497.0,1497.0,1497.0,6363.00328009,9525415.91029473
2026-06-09 08:15:00,1499.0,1500.0,1498.0,1500.0,19663.66974797,29484980.67016676
2026-06-09 08:30:00,1500.0,1500.0,1500.0,1500.0,7070.19339053,10605290.085795
2026-06-09 08:45:00,1501.0,1501.0,1500.0,1500.0,1398.90576941,2099531.53940441
2026-06-09 09:00:00,1501.0,1503.0,1500.0,1503.0,12883.04937277,19355879.17096051
2026-06-09 09:15:00,1503.0,1505.0,1500.0,1504.0,2819.85338405,4241085.64920346
2026-06-09 09:30:00,1504.0,1515.0,1501.0,1501.0,64651.24480254,97416929.32422258
2026-06-09 09:45:00,1501.0,1502.0,1501.0,1502.0,4531.97150353,6804670.9158908
2026-06-09 10:00:00,1500.0,1500.0,1499.0,1499.0,16319.70959947,24477415.73845897
2026-06-09 10:15:00,1499.0,1499.0,1498.0,1498.0,8902.06403004,13337164.50493104
2026-06-09 10:30:00,1498.0,1499.0,1498.0,1499.0,2816.99713394,4220035.05022348
2026-06-09 10:45:00,1500.0,1500.0,1499.0,1499.0,26.68446817,40013.35112016
2026-06-09 11:00:00,1499.0,1499.0,1497.0,1497.0,2747.78434595,4113627.84074868
2026-06-09 11:15:00,1497.0,1500.0,1496.0,1496.0,10006.02282833,14985718.81774077
2026-06-09 11:30:00,1499.0,1500.0,1496.0,1496.0,4178.69253964,6264379.3603896
2026-06-09 11:45:00,1497.0,1501.0,1497.0,1500.0,2133.60420347,3199525.91119237
2026-06-09 12:00:00,1500.0,1502.0,1499.0,1499.0,12529.54115999,18806359.75197229
2026-06-09 12:15:00,1501.0,1502.0,1501.0,1502.0,271.10010661,407150.99999813
2026-06-09 12:30:00,1500.0,1500.0,1499.0,1499.0,1149.702,1723409.298
2026-06-09 12:45:00,1499.0,1501.0,1498.0,1501.0,20860.19268318,31265030.80703784
2026-06-09 13:00:00,1499.0,1499.0,1498.0,1498.0,1097.36040304,1644933.24415692
2026-06-09 13:15:00,1500.0,1500.0,1498.0,1500.0,226.0,338564.0
2026-06-09 13:30:00,1498.0,1498.0,1496.0,1496.0,5016.77072822,7509475.43565716
2026-06-09 13:45:00,1496.0,1499.0,1495.0,1499.0,1177.44592122,1761634.48153733
2026-06-09 14:00:00,1499.0,1499.0,1495.0,1499.0,1253.28950112,1874470.640607
2026-06-09 14:30:00,1495.0,1497.0,1495.0,1495.0,3426.95874738,5123330.04743998
2026-06-09 14:45:00,1494.0,1494.0,1493.0,1493.0,8926.19130428,13328994.57303942
2026-06-09 15:00:00,1493.0,1494.0,1493.0,1494.0,1010.96621004,1509414.78850371
2026-06-09 15:15:00,1493.0,1493.0,1492.0,1493.0,2730.50459336,4074252.32967457
2026-06-09 15:30:00,1493.0,1494.0,1491.0,1491.0,21062.43271108,31440790.46792152
2026-06-09 15:45:00,1491.0,1491.0,1491.0,1491.0,2169.93204657,3235368.68143587
2026-06-09 16:00:00,1494.0,1495.0,1492.0,1492.0,3271.98516625,4883108.36925962
2026-06-09 16:15:00,1494.0,1494.0,1492.0,1494.0,983.49710517,1468948.69387816
2026-06-09 16:30:00,1494.0,1494.0,1492.0,1494.0,653.7399165,975396.019675
2026-06-09 16:45:00,1494.0,1494.0,1494.0,1494.0,1727.84446016,2581399.62347904
2026-06-09 17:00:00,1495.0,1497.0,1494.0,1494.0,10990.66614181,16448445.06353244
2026-06-09 17:15:00,1494.0,1498.0,1494.0,1494.0,2702.29588589,4042437.67133958
2026-06-09 17:30:00,1494.0,1497.0,1494.0,1495.0,230.11251572,343975.65238523
2026-06-09 17:45:00,1495.0,1495.0,1494.0,1494.0,2027.72243676,3029448.75008284
2026-06-09 18:00:00,1494.0,1494.0,1494.0,1494.0,7510.48290697,11220661.46301318
2026-06-09 18:15:00,1497.0,1497.0,1497.0,1497.0,734.44022811,1099457.02148067
2026-06-09 18:30:00,1497.0,1498.0,1497.0,1498.0,137.00724653,205233.99998622
2026-06-09 18:45:00,1498.0,1498.0,1498.0,1498.0,33486.68071663,50163047.71351174
2026-06-09 19:00:00,1498.0,1498.0,1498.0,1498.0,75.9391056,113756.7801888
2026-06-09 19:15:00,1498.0,1498.0,1495.0,1498.0,1196.89463623,1789706.81648154
2026-06-09 19:30:00,1498.0,1498.0,1498.0,1498.0,28.03738315,41999.9999587
2026-06-09 19:45:00,1498.0,1498.0,1498.0,1498.0,4581.07836311,6862455.38793878
2026-06-09 20:00:00,1499.0,1500.0,1499.0,1500.0,9483.71030305,14216775.37678902
2026-06-09 20:15:00,1498.0,1498.0,1498.0,1498.0,147.3422281,220718.6576938
2026-06-09 20:30:00,1499.0,1500.0,1498.0,1498.0,1899.96073421,2846175.35789095
2026-06-09 20:45:00,1499.0,1499.0,1497.0,1497.0,212.61067376,318318.43473549
2026-06-09 21:00:00,1499.0,1499.0,1496.0,1496.0,926.00932944,1387772.87908503
2026-06-09 21:15:00,1496.0,1499.0,1496.0,1499.0,7127.2273544,10683112.19996755
2026-06-09 21:30:00,1496.0,1499.0,1495.0,1499.0,26919.77343934,40254165.08911827
2026-06-09 21:45:00,1499.0,1499.0,1499.0,1499.0,941.07224511,1410667.29541989
2026-06-09 22:00:00,1499.0,1499.0,1499.0,1499.0,3379.58639086,5065999.99989914
2026-06-09 22:15:00,1499.0,1500.0,1498.0,1500.0,1379.490416,2067495.56842631
2026-06-09 22:30:00,1500.0,1502.0,1499.0,1502.0,22111.29483355,33185769.36088496
2026-06-09 22:45:00,1501.0,1501.0,1498.0,1498.0,12611.10255292,18903549.65242261
2026-06-09 23:00:00,1500.0,1500.0,1497.0,1500.0,1801.00246494,2701256.55365942
2026-06-09 23:15:00,1500.0,1501.0,1498.0,1501.0,42172.274154,63261254.89727792
2026-06-09 23:30:00,1502.0,1503.0,1502.0,1502.0,5650.9868412,8491676.79046306
2026-06-09 23:45:00,1503.0,1503.0,1502.0,1503.0,3333.38792176,5008587.61204275
2026-06-10 00:00:00,1503.0,1504.0,1502.0,1503.0,4099.18728171,6160086.57822911
2026-06-10 00:15:00,1503.0,1504.0,1503.0,1504.0,1598.48481778,2404051.94464833
2026-06-10 00:30:00,1504.0,1505.0,1502.0,1505.0,4634.65606659,6967176.61268964
2026-06-10 00:45:00,1504.0,1505.0,1503.0,1505.0,1421.30126241,2138776.45719097
2026-06-10 01:00:00,1504.0,1507.0,1504.0,1504.0,1094.21849366,1647607.83540906
2026-06-10 01:15:00,1507.0,1507.0,1505.0,1505.0,469.5264736,707173.37295098
2026-06-10 01:30:00,1507.0,1509.0,1506.0,1508.0,20211.97575053,30479012.73465102
2026-06-10 01:45:00,1509.0,1509.0,1507.0,1507.0,3361.43555292,5072316.24935628
2026-06-10 02:00:00,1507.0,1507.0,1505.0,1505.0,261.86034405,394319.64155231
2026-06-10 02:15:00,1505.0,1505.0,1502.0,1502.0,3150.70191134,4737615.98198788
2026-06-10 02:30:00,1502.0,1502.0,1501.0,1501.0,457.41311364,686999.90260116
2026-06-10 03:00:00,1504.0,1504.0,1504.0,1504.0,610.22512157,917778.58284128
2026-06-10 03:15:00,1501.0,1501.0,1501.0,1501.0,52.92844008,79445.58856008
2026-06-10 03:30:00,1501.0,1501.0,1501.0,1501.0,90.0,135090.0
2026-06-10 04:00:00,1501.0,1501.0,1500.0,1500.0,50.0,75003.07267696
2026-06-10 04:15:00,1500.0,1500.0,1500.0,1500.0,94.638791,141958.1865
2026-06-10 04:30:00,1500.0,1500.0,1500.0,1500.0,15.0,22500.0
2026-06-10 04:45:00,1503.0,1503.0,1503.0,1503.0,503.28137497,756431.90657991
2026-06-10 05:00:00,1500.0,1500.0,1500.0,1500.0,623.59336694,935390.05041
2026-06-10 05:15:00,1500.0,1500.0,1500.0,1500.0,1576.81285578,2365219.28367
2026-06-10 05:30:00,1500.0,1500.0,1500.0,1500.0,12.85577574,19283.66361
2026-06-10 05:45:00,1500.0,1500.0,1499.0,1499.0,457.39886468,685644.89815532
2026-06-10 06:00:00,1499.0,1499.0,1499.0,1499.0,1230.18939228,1844053.89902772
2026-06-10 06:15:00,1500.0,1500.0,1499.0,1499.0,134.04452488,200962.74279512
2026-06-10 06:30:00,1499.0,1502.0,1499.0,1499.0,35.27715361,52914.27722822
2026-06-10 06:45:00,1503.0,1503.0,1502.0,1502.0,3331.65486451,5004152.22527378
2026-06-10 07:00:00,1502.0,1502.0,1499.0,1499.0,2996.5696464,4493121.26858452
2026-06-10 07:30:00,1501.0,1501.0,1501.0,1501.0,225.92133452,339107.92311452
2026-06-10 07:45:00,1501.0,1501.0,1501.0,1501.0,11960.22661566,17952300.15010566
2026-06-10 08:00:00,1501.0,1501.0,1501.0,1501.0,9783.80539187,14685491.89319687
2026-06-10 08:15:00,1501.0,1501.0,1501.0,1501.0,3496.75375138,5248627.38082138
2026-06-10 08:30:00,1501.0,1501.0,1499.0,1499.0,15435.79243405,23168457.33210143
2026-06-10 08:45:00,1499.0,1499.0,1499.0,1499.0,7797.57153463,11688559.73041037
2026-06-10 09:00:00,1501.0,1501.0,1499.0,1499.0,7790.23905336,11678865.70587816
2026-06-10 09:15:00,1499.0,1501.0,1498.0,1498.0,15597.31934722,23379732.08040966
2026-06-10 09:30:00,1497.0,1499.0,1497.0,1499.0,2033.54374092,3044542.81763888
2026-06-10 09:45:00,1499.0,1499.0,1496.0,1496.0,820.85294761,1228254.00321848
2026-06-10 10:00:00,1499.0,1499.0,1498.0,1498.0,12419.36346577,18616617.82450833
2026-06-10 10:15:00,1498.0,1498.0,1496.0,1498.0,10437.99865491,15625365.37847687
2026-06-10 10:30:00,1498.0,1499.0,1497.0,1499.0,11209.12536144,16787920.63201828
2026-06-10 10:45:00,1499.0,1499.0,1496.0,1499.0,4276.57771775,6405279.1923433
2026-06-10 11:00:00,1499.0,1501.0,1497.0,1501.0,29335.58274232,43988834.22377135
2026-06-10 11:15:00,1501.0,1501.0,1499.0,1501.0,2925.62326938,4391057.19400606
2026-06-10 11:30:00,1501.0,1501.0,1500.0,1501.0,24653.67029454,37005092.44543788
2026-06-10 11:45:00,1502.0,1502.0,1499.0,1502.0,4848.77334236,7273035.7574382
2026-06-10 12:00:00,1502.0,1502.0,1501.0,1501.0,664.20877037,997377.65379308
2026-06-10 12:15:00,1501.0,1502.0,1499.0,1499.0,3721.17420711,5588294.53801542
2026-06-10 12:30:00,1502.0,1502.0,1501.0,1501.0,255.36672932,383338.73301291
2026-06-10 12:45:00,1501.0,1501.0,1499.0,1500.0,630.50528511,945840.31550249
2026-06-10 13:00:00,1500.0,1502.0,1498.0,1502.0,24914.63891725,37377985.90833385
2026-06-10 13:15:00,1501.0,1501.0,1501.0,1501.0,1559.37180867,2340617.08481367
2026-06-10 13:30:00,1499.0,1502.0,1499.0,1502.0,367.86684003,552197.89372506
2026-06-10 14:00:00,1501.0,1502.0,1501.0,1502.0,3765.17459319,5654088.82403167
2026-06-10 14:15:00,1502.0,1502.0,1499.0,1499.0,1925.60546402,2886646.47305599
2026-06-10 14:30:00,1501.0,1501.0,1501.0,1501.0,921.59355939,1383311.93264439
2026-06-10 14:45:00,1501.0,1501.0,1499.0,1499.0,3737.62586517,5606997.05351217
2026-06-10 15:00:00,1501.0,1501.0,1499.0,1499.0,4886.36144771,7328295.56564671
2026-06-10 15:15:00,1500.0,1501.0,1499.0,1500.0,12852.77194253,19267502.64420419
2026-06-10 15:30:00,1500.0,1501.0,1499.0,1501.0,15600.10803281,23414894.38273731
2026-06-10 15:45:00,1499.0,1502.0,1499.0,1502.0,3064.39414054,4601352.40169166
2026-06-10 16:00:00,1502.0,1502.0,1500.0,1500.0,2372.09366122,3562388.29469288
2026-06-10 16:15:00,1502.0,1503.0,1501.0,1502.0,6588.6192842,9892535.04002132
2026-06-10 16:30:00,1502.0,1503.0,1500.0,1501.0,1007.00764474,1510961.31730742
2026-06-10 16:45:00,1501.0,1503.0,1501.0,1503.0,492.80910894,739719.77923882
2026-06-10 17:00:00,1502.0,1502.0,1501.0,1502.0,4019.95661378,6034960.24262265
2026-06-10 17:15:00,1502.0,1503.0,1500.0,1503.0,2469.64632686,3707171.00206676
2026-06-10 17:30:00,1503.0,1503.0,1501.0,1503.0,444.10683758,667484.59285082
2026-06-10 17:45:00,1503.0,1503.0,1502.0,1503.0,510.66298802,767118.46884206
2026-06-10 18:00:00,1502.0,1504.0,1500.0,1501.0,13853.8212713,20798331.44763922
2026-06-10 18:15:00,1504.0,1505.0,1504.0,1505.0,4331.92885161,6518241.52472529
2026-06-10 18:30:00,1505.0,1506.0,1505.0,1506.0,3517.6303525,5297352.0749348
2026-06-10 18:45:00,1504.0,1504.0,1504.0,1504.0,788.74067935,1186265.9817424
2026-06-10 19:15:00,1504.0,1504.0,1504.0,1504.0,166.14033408,249875.06245632
2026-06-10 19:30:00,1505.0,1505.0,1505.0,1505.0,33.24468085,50033.24467925
2026-06-10 19:45:00,1506.0,1506.0,1505.0,1505.0,116.55541942,175518.78307552
2026-06-10 20:00:00,1503.0,1504.0,1503.0,1504.0,5792.187461,8706307.753883
2026-06-10 20:15:00,1506.0,1506.0,1506.0,1506.0,2828.84501003,4260240.58510518
2026-06-10 20:30:00,1506.0,1507.0,1506.0,1507.0,3204.2265895,4828000.7262042
2026-06-10 20:45:00,1507.0,1507.0,1505.0,1507.0,17117.66511247,25778525.01048811
2026-06-10 21:00:00,1507.0,1508.0,1506.0,1508.0,4991.38332412,7523033.80668107
2026-06-10 21:15:00,1505.0,1508.0,1505.0,1508.0,984.27984084,1484263.99998672
2026-06-10 21:30:00,1506.0,1508.0,1504.0,1504.0,25105.95640924,37804009.40628828
2026-06-10 21:45:00,1504.0,1506.0,1503.0,1505.0,24236.80096441,36429830.73205531
2026-06-10 22:00:00,1505.0,1505.0,1502.0,1502.0,1380.58368966,2076374.6812713
2026-06-10 22:30:00,1503.0,1505.0,1503.0,1505.0,1274.77326747,1918375.76754235
2026-06-10 22:45:00,1505.0,1505.0,1505.0,1505.0,4.65116279,6999.99999895
2026-06-10 23:00:00,1503.0,1505.0,1502.0,1505.0,1935.46865197,2908306.2925985
2026-06-10 23:15:00,1502.0,1505.0,1502.0,1505.0,404.26623473,607514.35374866
2026-06-10 23:30:00,1505.0,1505.0,1502.0,1502.0,5158.25035569,7756117.75349076
2026-06-10 23:45:00,1504.0,1504.0,1503.0,1504.0,37043.69118094,55680352.77959588
2026-06-11 00:00:00,1504.0,1504.0,1504.0,1504.0,9685.75929209,14567381.97530336
2026-06-11 00:15:00,1504.0,1505.0,1503.0,1505.0,3595.6338911,5408457.62530419
2026-06-11 00:30:00,1502.0,1505.0,1502.0,1505.0,8907.45459706,13388937.41184397
2026-06-11 00:45:00,1505.0,1505.0,1502.0,1505.0,14684.63007119,22069620.05714095
2026-06-11 01:00:00,1505.0,1505.0,1503.0,1505.0,30158.85986403,45387590.44039473
2026-06-11 01:15:00,1503.0,1503.0,1503.0,1503.0,323.183011,485744.065533
2026-06-11 01:30:00,1505.0,1506.0,1505.0,1506.0,1833.75439308,2761630.96073057
2026-06-11 01:45:00,1503.0,1507.0,1503.0,1507.0,3188.80469896,4801629.1974748
2026-06-11 02:15:00,1506.0,1506.0,1506.0,1506.0,19.92031872,29999.99999232
2026-06-11 02:30:00,1506.0,1507.0,1506.0,1506.0,10988.04412373,16558762.03610149
2026-06-11 02:45:00,1506.0,1507.0,1506.0,1507.0,6384.65232948,9621668.83430402
2026-06-11 03:00:00,1507.0,1507.0,1507.0,1507.0,11255.17939581,16961555.34948567
2026-06-11 03:15:00,1508.0,1508.0,1508.0,1508.0,86.2413793,130051.9999844
2026-06-11 03:30:00,1508.0,1508.0,1508.0,1508.0,1060.53555577,1599287.61810116
2026-06-11 03:45:00,1508.0,1508.0,1507.0,1507.0,20216.63548899,30466589.68190793
2026-06-11 04:00:00,1507.0,1507.0,1507.0,1507.0,1197.62570814,1804821.94216698
2026-06-11 04:15:00,1508.0,1509.0,1508.0,1509.0,1466.45289881,2211555.97140548
2026-06-11 04:30:00,1508.0,1508.0,1507.0,1508.0,1893.50311601,2853702.99894308
2026-06-11 05:00:00,1509.0,1510.0,1508.0,1508.0,4188.3096886,6320274.83433472
2026-06-11 05:15:00,1508.0,1508.0,1507.0,1507.0,630.82384417,951216.00000769
2026-06-11 05:30:00,1507.0,1507.0,1507.0,1507.0,5.0,7535.0
2026-06-11 06:00:00,1508.0,1511.0,1507.0,1511.0,10304.89900899,15557804.92832888
2026-06-11 06:15:00,1509.0,1509.0,1509.0,1509.0,14.053796,21207.178164
2026-06-11 06:30:00,1509.0,1510.0,1509.0,1510.0,1842.87259654,2781716.99939541
2026-06-11 06:45:00,1510.0,1510.0,1507.0,1510.0,3398.36134187,5122482.39281356
2026-06-11 07:00:00,1510.0,1510.0,1506.0,1506.0,398.08131429,599558.7297452
2026-06-11 07:30:00,1506.0,1508.0,1505.0,1508.0,11588.28928512,17461601.76936754
2026-06-11 08:00:00,1508.0,1508.0,1508.0,1508.0,20.0,30160.0
2026-06-11 08:15:00,1505.0,1505.0,1505.0,1505.0,287.0920377,432073.5167385
2026-06-11 08:30:00,1505.0,1507.0,1505.0,1506.0,1061.87045245,1598515.09813036
2026-06-11 08:45:00,1506.0,1506.0,1506.0,1506.0,433.26255405,652493.4063993
2026-06-11 09:00:00,1507.0,1507.0,1507.0,1507.0,700.25709639,1055287.44425973
2026-06-11 09:15:00,1506.0,1506.0,1505.0,1505.0,744.49844668,1120626.71751036
2026-06-11 09:30:00,1505.0,1506.0,1505.0,1506.0,2949.26988292,4440463.78336302
2026-06-11 09:45:00,1508.0,1508.0,1508.0,1508.0,2034.54559042,3068094.75035336
2026-06-11 10:00:00,1508.0,1508.0,1508.0,1508.0,99.41976127,149924.99999516
2026-06-11 10:15:00,1507.0,1508.0,1507.0,1508.0,144.26657621,217454.29692459
2026-06-11 10:30:00,1506.0,1506.0,1505.0,1505.0,4002.15835791,6023265.42526809
2026-06-11 10:45:00,1505.0,1506.0,1505.0,1506.0,5223.33023379,7864190.25549928
2026-06-11 11:00:00,1506.0,1506.0,1506.0,1506.0,1024.88586382,1543478.11091292
2026-06-11 11:15:00,1506.0,1506.0,1506.0,1506.0,560.62530122,844301.70363732
2026-06-11 11:30:00,1506.0,1507.0,1505.0,1505.0,7151.00208359,10768798.30468435
2026-06-11 11:45:00,1506.0,1506.0,1505.0,1505.0,3374.19779787,5080203.26163192
2026-06-11 12:00:00,1505.0,1507.0,1505.0,1507.0,106.20393187,159849.32532809
2026-06-11 12:15:00,1507.0,1507.0,1505.0,1505.0,596.78252045,898737.69327725
2026-06-11 12:30:00,1505.0,1505.0,1503.0,1503.0,5575.09918717,8382200.16259239
2026-06-11 12:45:00,1503.0,1503.0,1502.0,1502.0,4635.37750083,6965543.87823401
2026-06-11 13:00:00,1505.0,1505.0,1502.0,1502.0,797.15554445,1197979.08239725
2026-06-11 13:15:00,1503.0,1503.0,1501.0,1501.0,5518.80875962,8284093.11469136
2026-06-11 13:30:00,1501.0,1501.0,1501.0,1501.0,299.734362,449901.277362
2026-06-11 13:45:00,1501.0,1501.0,1501.0,1501.0,705.9355896,1059609.3199896
2026-06-11 14:00:00,1501.0,1501.0,1501.0,1501.0,1407.36028586,2112447.78907586
2026-06-11 14:15:00,1503.0,1504.0,1503.0,1504.0,66.50032537,99949.99999478
2026-06-11 14:30:00,1501.0,1504.0,1501.0,1504.0,42.23337765,63483.9999856
2026-06-11 14:45:00,1501.0,1501.0,1501.0,1501.0,600.0,900600.0
2026-06-11 15:00:00,1504.0,1505.0,1502.0,1502.0,1239.74265099,1863450.51801449
2026-06-11 15:15:00,1502.0,1505.0,1502.0,1505.0,8789.23549478,13221281.14672083
2026-06-11 15:30:00,1502.0,1502.0,1502.0,1502.0,33.28894807,50000.00000114
2026-06-11 15:45:00,1505.0,1505.0,1502.0,1502.0,1352.94308734,2032280.1231647
2026-06-11 16:00:00,1505.0,1505.0,1503.0,1505.0,4442.53405425,6680013.75164625
2026-06-11 16:15:00,1505.0,1505.0,1503.0,1503.0,1877.88454676,2825796.90816964
2026-06-11 16:30:00,1506.0,1508.0,1506.0,1508.0,12518.06416501,18874344.99999066
2026-06-11 16:45:00,1508.0,1508.0,1505.0,1506.0,10178.90672701,15347315.94988097
2026-06-11 17:00:00,1506.0,1506.0,1506.0,1506.0,291.83460232,439502.91109392
2026-06-11 17:15:00,1507.0,1507.0,1506.0,1507.0,1030.23773658,1552544.72434679
2026-06-11 17:30:00,1507.0,1509.0,1506.0,1506.0,6812.37396839,10273649.74447508
2026-06-11 17:45:00,1506.0,1506.0,1505.0,1505.0,8932.63674843,13451778.87121563
2026-06-11 18:00:00,1505.0,1506.0,1504.0,1506.0,4183.00627021,6295442.08317538
2026-06-11 18:15:00,1508.0,1508.0,1508.0,1508.0,132.55971483,199900.04996364
2026-06-11 18:45:00,1506.0,1508.0,1506.0,1508.0,13262.60278349,19999991.73490344
2026-06-11 19:00:00,1508.0,1508.0,1505.0,1508.0,92.77005402,139837.33469784
2026-06-11 19:30:00,1508.0,1508.0,1508.0,1508.0,2168.55229468,3270176.86037744
2026-06-11 19:45:00,1505.0,1506.0,1505.0,1506.0,6051.10651632,9107776.6345359
2026-06-11 20:00:00,1506.0,1506.0,1504.0,1504.0,1690.44635,2542696.7819139
2026-06-11 20:15:00,1504.0,1507.0,1504.0,1507.0,1654.21231906,2489676.06636301
2026-06-11 20:45:00,1506.0,1507.0,1503.0,1507.0,5410.85140373,8146043.02012467
2026-06-11 21:00:00,1505.0,1505.0,1505.0,1505.0,52.0,78260.0
2026-06-11 21:15:00,1507.0,1507.0,1505.0,1505.0,942.44756349,1419452.03061594
2026-06-11 21:30:00,1506.0,1507.0,1506.0,1507.0,493.21603773,743171.50438809
2026-06-11 21:45:00,1506.0,1506.0,1505.0,1506.0,1822.79090681,2745056.7486552
2026-06-11 22:00:00,1506.0,1509.0,1506.0,1506.0,28801.50220445,43460090.74882176
2026-06-11 22:15:00,1506.0,1506.0,1506.0,1506.0,2155.60150888,3246335.87237328
2026-06-11 22:30:00,1505.0,1505.0,1504.0,1504.0,2917.75115582,4388344.33816324
2026-06-11 23:00:00,1507.0,1507.0,1507.0,1507.0,110.0,165770.0
2026-06-11 23:15:00,1507.0,1507.0,1504.0,1504.0,11232.83056539,16894326.46520721
2026-06-11 23:30:00,1507.0,1507.0,1504.0,1504.0,3185.42756282,4791016.38825689
2026-06-11 23:45:00,1507.0,1507.0,1504.0,1504.0,905.86711571,1364811.74337497
2026-06-12 00:00:00,1506.0,1507.0,1505.0,1505.0,11363.69601011,17122332.60959755
2026-06-12 00:15:00,1506.0,1508.0,1504.0,1505.0,13390.21470228,20172887.67844412
2026-06-12 00:30:00,1506.0,1508.0,1506.0,1508.0,55.16634924,83164.28986988
2026-06-12 00:45:00,1507.0,1507.0,1504.0,1504.0,505.14954737,761168.84298266
2026-06-12 01:00:00,1504.0,1504.0,1504.0,1504.0,100.0,150400.0
2026-06-12 01:30:00,1506.0,1507.0,1506.0,1506.0,232.3757858,350024.65543258
2026-06-12 02:00:00,1507.0,1507.0,1507.0,1507.0,99.2867866,149625.1874062
2026-06-12 02:15:00,1507.0,1508.0,1504.0,1508.0,2454.59757992,3698739.57980619
2026-06-12 02:30:00,1504.0,1504.0,1503.0,1503.0,3562.99568552,5358686.31851389
2026-06-12 02:45:00,1503.0,1505.0,1501.0,1502.0,5702.78941397,8566989.96393486
2026-06-12 03:00:00,1504.0,1504.0,1502.0,1502.0,301.81159209,453423.83450336
2026-06-12 03:15:00,1502.0,1502.0,1501.0,1501.0,998.8,1499288.91502943
2026-06-12 03:45:00,1501.0,1501.0,1501.0,1501.0,162.02392452,243197.91070452
2026-06-12 04:30:00,1501.0,1501.0,1500.0,1500.0,4058.89127575,6091530.2422568
2026-06-12 04:45:00,1500.0,1500.0,1500.0,1500.0,12.34279071,18514.186065
2026-06-12 05:00:00,1500.0,1500.0,1500.0,1500.0,7382.07520494,11073112.80741
2026-06-12 05:15:00,1500.0,1500.0,1500.0,1500.0,1223.48494586,1835227.41879
2026-06-12 05:30:00,1500.0,1500.0,1500.0,1500.0,10536.11682554,15804175.23831
2026-06-12 05:45:00,1500.0,1501.0,1500.0,1501.0,1065.0373988,1597804.45874718
2026-06-12 06:00:00,1502.0,1502.0,1502.0,1502.0,10697.39357398,16067485.14811796
2026-06-12 06:15:00,1501.0,1501.0,1501.0,1501.0,353.31003329,530318.35996829
2026-06-12 06:30:00,1501.0,1501.0,1500.0,1500.0,807.14815,1210863.67315
2026-06-12 06:45:00,1501.0,1502.0,1499.0,1502.0,1364.56606916,2045848.38742774
2026-06-12 07:00:00,1502.0,1503.0,1502.0,1503.0,1338.75605456,2010870.31487212
2026-06-12 07:15:00,1500.0,1500.0,1500.0,1500.0,1239.45953331,1859189.299965
2026-06-12 07:30:00,1503.0,1503.0,1503.0,1503.0,1624.27140013,2441279.91439539
2026-06-12 07:45:00,1503.0,1503.0,1501.0,1503.0,5812.97294575,8732644.06327905
2026-06-12 08:00:00,1503.0,1504.0,1501.0,1504.0,163511.86252813,245596033.75600365
2026-06-12 08:15:00,1504.0,1504.0,1503.0,1504.0,5408.25141648,8129010.13038592
2026-06-12 08:30:00,1504.0,1504.0,1504.0,1504.0,5.0,7520.0
2026-06-12 08:45:00,1504.0,1504.0,1502.0,1502.0,232.91223404,349967.08776212
2026-06-12 09:00:00,1503.0,1507.0,1503.0,1507.0,9076.26739274,13665490.09268356
2026-06-12 09:15:00,1506.0,1506.0,1506.0,1506.0,8119.99922022,12228718.82565132
2026-06-12 09:30:00,1504.0,1506.0,1502.0,1506.0,4061.43090591,6104933.16384498
2026-06-12 10:00:00,1505.0,1505.0,1505.0,1505.0,90.12073089,135631.69998945
2026-06-12 10:15:00,1503.0,1505.0,1503.0,1505.0,7080.58871062,10649631.2054831
2026-06-12 10:30:00,1504.0,1505.0,1504.0,1505.0,1700.41740533,2557624.76881998
2026-06-12 10:45:00,1505.0,1505.0,1503.0,1503.0,444.02930072,668106.73665654
2026-06-12 11:00:00,1503.0,1503.0,1502.0,1503.0,4213.43167998,6329287.81500994
2026-06-12 11:15:00,1502.0,1504.0,1502.0,1504.0,404.28316286,607761.58342179
2026-06-12 11:45:00,1501.0,1501.0,1501.0,1501.0,5757.27518212,8641670.04836212
2026-06-12 12:00:00,1501.0,1504.0,1501.0,1502.0,3536.09478379,5312473.34159466
2026-06-12 12:15:00,1501.0,1505.0,1501.0,1505.0,1912.45584726,2873191.01856543
2026-06-12 12:45:00,1504.0,1504.0,1504.0,1504.0,997.34042553,1499999.99999712
2026-06-12 13:00:00,1502.0,1502.0,1501.0,1501.0,841.527119,1263165.46129475
2026-06-12 13:15:00,1501.0,1503.0,1501.0,1501.0,979.69126954,1471040.99621158
2026-06-12 13:30:00,1503.0,1503.0,1503.0,1503.0,1195.55588269,1796920.49168307
2026-06-12 13:45:00,1503.0,1503.0,1503.0,1503.0,106.26844951,159721.47961353
2026-06-12 14:00:00,1503.0,1504.0,1502.0,1502.0,6618.2674006,9949812.21448119
2026-06-12 14:15:00,1502.0,1505.0,1502.0,1505.0,5040.06467415,7578295.35872519
2026-06-12 14:30:00,1504.0,1506.0,1504.0,1506.0,24538.22933184,36945729.4426258
2026-06-12 14:45:00,1506.0,1507.0,1506.0,1506.0,13825.78791315,20821646.55075399
2026-06-12 15:00:00,1505.0,1506.0,1503.0,1506.0,7647.15012384,11513106.04885398
2026-06-12 15:15:00,1506.0,1508.0,1505.0,1507.0,22243.00321868,33500966.47916755
2026-06-12 15:30:00,1507.0,1508.0,1506.0,1506.0,13641.19463183,20557354.60336689
2026-06-12 15:45:00,1505.0,1505.0,1505.0,1505.0,4482.70601088,6746472.5463744
2026-06-12 16:00:00,1507.0,1507.0,1505.0,1507.0,8833.06077063,13301915.20573151
2026-06-12 16:15:00,1507.0,1507.0,1504.0,1507.0,11805.18599138,17760401.99997312
2026-06-12 16:30:00,1507.0,1507.0,1504.0,1505.0,14159.30964506,21297841.1229326
2026-06-12 16:45:00,1506.0,1507.0,1506.0,1507.0,323.4301282,487238.39616044
2026-06-12 17:00:00,1507.0,1507.0,1507.0,1507.0,19.90710018,29999.99997126
2026-06-12 17:15:00,1507.0,1507.0,1506.0,1506.0,1727.64952517,2601870.0920062
2026-06-12 17:30:00,1506.0,1507.0,1504.0,1507.0,432.69225981,651623.94036565
2026-06-12 17:45:00,1506.0,1506.0,1504.0,1504.0,1610.20895707,2421771.53570948
2026-06-12 18:00:00,1506.0,1506.0,1506.0,1506.0,17673.20578516,26615847.91245096
2026-06-12 18:15:00,1506.0,1506.0,1503.0,1503.0,565.08393165,849333.10146117
2026-06-12 18:30:00,1503.0,1503.0,1501.0,1501.0,2715.99728524,4078977.84694302
2026-06-12 19:00:00,1503.0,1503.0,1503.0,1503.0,592.25881901,890165.00497203
2026-06-12 19:15:00,1502.0,1506.0,1501.0,1506.0,52877.40564385,79410858.8120602
2026-06-12 19:30:00,1503.0,1506.0,1503.0,1505.0,3765.95264547,5663458.89290039
2026-06-12 19:45:00,1505.0,1505.0,1505.0,1505.0,4526.24716423,6812001.98216615
2026-06-12 20:00:00,1503.0,1504.0,1503.0,1504.0,1144.63948943,1721074.86385672
2026-06-12 20:15:00,1505.0,1507.0,1505.0,1507.0,1190.64934912,1793289.52687402
2026-06-12 20:30:00,1506.0,1507.0,1505.0,1507.0,1900.24829997,2863036.5891172
2026-06-12 20:45:00,1507.0,1508.0,1507.0,1508.0,613.57308803,924825.79032168
2026-06-12 21:00:00,1508.0,1508.0,1505.0,1505.0,3698.95840176,5572757.01490398
2026-06-12 21:15:00,1507.0,1508.0,1507.0,1508.0,4522.66640983,6820170.94602364
2026-06-12 21:30:00,1506.0,1509.0,1506.0,1509.0,6437.74386788,9709108.92531376
2026-06-12 21:45:00,1509.0,1510.0,1507.0,1507.0,3232.99279649,4878380.45210431
2026-06-12 22:00:00,1507.0,1510.0,1507.0,1507.0,1645.33420855,2483920.30438828
2026-06-12 22:15:00,1507.0,1510.0,1507.0,1510.0,4537.00204894,6850801.57072066
2026-06-12 22:30:00,1510.0,1510.0,1507.0,1510.0,3680.74535141,5556339.04077494
2026-06-12 22:45:00,1509.0,1510.0,1509.0,1510.0,570.88328854,861967.54052984
2026-06-12 23:00:00,1509.0,1509.0,1506.0,1506.0,1546.30094207,2332127.48726622
2026-06-12 23:15:00,1506.0,1507.0,1506.0,1506.0,1088.45809268,1639662.4689018
2026-06-12 23:30:00,1506.0,1509.0,1505.0,1509.0,2252.38058281,3391795.21886141
2026-06-12 23:45:00,1505.0,1508.0,1505.0,1508.0,315.68622404,475117.71412978
2026-06-13 00:00:00,1505.0,1505.0,1504.0,1504.0,669.109165,1006617.25491024
2026-06-13 00:15:00,1507.0,1507.0,1506.0,1507.0,2001.15952282,3014287.57148974
2026-06-13 00:30:00,1507.0,1508.0,1507.0,1508.0,7930.70501055,11958773.59368322
2026-06-13 00:45:00,1506.0,1509.0,1506.0,1509.0,4215.32196302,6352927.97890079
2026-06-13 01:00:00,1509.0,1509.0,1509.0,1509.0,1009.92353852,1523974.61962668
2026-06-13 01:15:00,1509.0,1509.0,1507.0,1507.0,3109.21466114,4690609.49774084
2026-06-13 01:30:00,1507.0,1507.0,1506.0,1506.0,6244.58004623,9410337.54962238
2026-06-13 02:00:00,1506.0,1506.0,1506.0,1506.0,2000.01,3012015.06
2026-06-13 02:15:00,1506.0,1506.0,1506.0,1506.0,1136.82164098,1712053.39131588
2026-06-13 02:30:00,1507.0,1507.0,1507.0,1507.0,37.64291781,56727.87713967
2026-06-13 03:00:00,1509.0,1509.0,1509.0,1509.0,98.74273075,149002.78070175
2026-06-13 03:30:00,1509.0,1510.0,1509.0,1510.0,2253.95079528,3402894.47008477
2026-06-13 03:45:00,1510.0,1510.0,1510.0,1510.0,33.09603476,49975.0124876
2026-06-13 04:00:00,1508.0,1508.0,1508.0,1508.0,33.09603476,49908.82041808
2026-06-13 04:15:00,1509.0,1509.0,1509.0,1509.0,330.55790588,498811.87997292
2026-06-13 04:30:00,1509.0,1509.0,1509.0,1509.0,3.31378396,5000.49999564
2026-06-13 04:45:00,1509.0,1509.0,1509.0,1509.0,124.10841882,187279.60399938
2026-06-13 05:00:00,1509.0,1509.0,1508.0,1509.0,234.23219347,353440.03337906
2026-06-13 05:30:00,1508.0,1508.0,1508.0,1508.0,5.30833778,8004.97337224
2026-06-13 05:45:00,1508.0,1508.0,1508.0,1508.0,9.0,13572.0
2026-06-13 06:00:00,1509.0,1509.0,1507.0,1509.0,695.55621899,1048814.90783887
2026-06-13 06:15:00,1509.0,1509.0,1509.0,1509.0,36.70038436,55380.87999924
2026-06-13 06:30:00,1509.0,1509.0,1509.0,1509.0,224.10146375,338169.10879875
2026-06-13 06:45:00,1508.0,1509.0,1508.0,1509.0,14240.8092644,21481621.47997908
2026-06-13 07:00:00,1509.0,1510.0,1509.0,1509.0,127.48017467,192478.51072934
2026-06-13 07:15:00,1509.0,1509.0,1507.0,1507.0,7578.18033273,11421316.05542143
2026-06-13 07:30:00,1507.0,1509.0,1507.0,1509.0,1159.6545037,1749154.28301772
2026-06-13 07:45:00,1509.0,1510.0,1508.0,1508.0,901.45668376,1360572.03097773
2026-06-13 08:00:00,1510.0,1510.0,1510.0,1510.0,1397.43368099,2110124.8582949
2026-06-13 08:15:00,1510.0,1510.0,1510.0,1510.0,862.33366091,1302123.8279741
2026-06-13 08:30:00,1510.0,1510.0,1508.0,1508.0,30.58454156,46174.69491554
2026-06-13 08:45:00,1510.0,1510.0,1510.0,1510.0,155.36050331,234594.3599981
2026-06-13 09:00:00,1510.0,1510.0,1508.0,1510.0,12607.83320081,19037820.1796422
2026-06-13 09:15:00,1510.0,1510.0,1510.0,1510.0,3855.50046998,5821805.7096698
2026-06-13 09:30:00,1510.0,1510.0,1508.0,1510.0,1058.88077935,1598781.8814196
2026-06-13 09:45:00,1508.0,1508.0,1508.0,1508.0,686.72655,1035583.6374
2026-06-13 10:00:00,1507.0,1509.0,1507.0,1508.0,710.37980448,1070719.96633855
2026-06-13 10:15:00,1508.0,1509.0,1507.0,1507.0,14054.2774703,21194543.91880419
2026-06-13 10:30:00,1507.0,1510.0,1507.0,1510.0,28085.95195071,42375895.87410408
2026-06-13 10:45:00,1510.0,1510.0,1507.0,1507.0,1092.5807947,1649507.80152219
2026-06-13 11:00:00,1510.0,1510.0,1507.0,1507.0,1390.44833752,2097526.21969582
2026-06-13 11:15:00,1507.0,1510.0,1506.0,1507.0,10225.24302031,15408779.54777164
2026-06-13 11:30:00,1510.0,1510.0,1507.0,1510.0,8459.24602951,12769841.00777339
2026-06-13 12:15:00,1510.0,1510.0,1509.0,1509.0,4039.51597084,6096694.90964032
2026-06-13 12:30:00,1508.0,1510.0,1508.0,1510.0,1522.83383776,2297924.40795453
2026-06-13 12:45:00,1509.0,1510.0,1508.0,1510.0,3421.2706699,5165452.44249665
2026-06-13 13:00:00,1510.0,1510.0,1508.0,1510.0,1810.24802612,2733207.02831807
2026-06-13 13:15:00,1510.0,1510.0,1508.0,1509.0,1974.82816185,2978864.47903618
2026-06-13 13:30:00,1507.0,1510.0,1507.0,1507.0,359.12366242,541239.4335322
2026-06-13 13:45:00,1510.0,1510.0,1510.0,1510.0,255.82212573,386291.4098523
2026-06-13 14:00:00,1510.0,1510.0,1508.0,1510.0,1185.79131571,1790270.9436741
2026-06-13 14:15:00,1510.0,1510.0,1508.0,1510.0,61182.91476061,92337201.7756271
2026-06-13 14:30:00,1510.0,1510.0,1510.0,1510.0,1032.2338314,1558673.085414
2026-06-13 14:45:00,1510.0,1510.0,1510.0,1510.0,2377.72909157,3590370.9282707
2026-06-13 15:00:00,1510.0,1510.0,1507.0,1510.0,1369.87652843,2065961.4900876
2026-06-13 15:15:00,1510.0,1510.0,1507.0,1509.0,1636.02308968,2469095.04296051
2026-06-13 15:30:00,1509.0,1509.0,1507.0,1509.0,7833.90841464,11821120.19769176
2026-06-13 15:45:00,1509.0,1509.0,1509.0,1509.0,1513.96711605,2284576.37811945
2026-06-13 16:00:00,1509.0,1510.0,1508.0,1508.0,8121.7872796,12255497.08795751
2026-06-13 16:15:00,1509.0,1510.0,1508.0,1508.0,5241.37425232,7908913.7325209
2026-06-13 16:30:00,1508.0,1509.0,1508.0,1509.0,152.29142567,229668.83685105
2026-06-13 16:45:00,1509.0,1509.0,1509.0,1509.0,631.64473833,953151.91013997
2026-06-13 17:00:00,1508.0,1510.0,1508.0,1510.0,13798.46022833,20829491.95193084
2026-06-13 17:15:00,1508.0,1508.0,1508.0,1508.0,999.26404961,1506890.18681188
2026-06-13 17:30:00,1508.0,1510.0,1508.0,1510.0,431.83183448,651264.7905018
2026-06-13 17:45:00,1507.0,1510.0,1507.0,1507.0,9276.19470222,13979288.99240448
2026-06-13 18:00:00,1509.0,1509.0,1509.0,1509.0,5968.55654004,9006551.81892036
2026-06-13 18:15:00,1509.0,1509.0,1507.0,1508.0,503.03198364,758699.34331277
2026-06-13 18:30:00,1507.0,1508.0,1507.0,1508.0,704.79824941,1062718.48011027
2026-06-13 18:45:00,1508.0,1509.0,1508.0,1509.0,776.65676313,1171561.88328905
2026-06-13 19:00:00,1509.0,1509.0,1509.0,1509.0,164.97788269,248951.62497921
2026-06-13 19:15:00,1509.0,1509.0,1508.0,1508.0,468.43429226,706467.34702034
2026-06-13 19:30:00,1508.0,1509.0,1508.0,1509.0,3926.13515083,5924418.67410513
2026-06-13 19:45:00,1508.0,1509.0,1507.0,1509.0,590.48745773,890581.05354593
2026-06-13 20:00:00,1509.0,1509.0,1507.0,1507.0,3902.93659504,5888025.32191536
2026-06-13 20:15:00,1508.0,1509.0,1507.0,1509.0,3346.62866336,5050044.74248579
2026-06-13 20:30:00,1507.0,1509.0,1507.0,1509.0,1145.29779512,1726209.18895954
2026-06-13 20:45:00,1509.0,1509.0,1509.0,1509.0,758.56336774,1144672.12191966
2026-06-13 21:00:00,1509.0,1509.0,1508.0,1508.0,6122.24275199,9232805.68222304
2026-06-13 21:15:00,1507.0,1509.0,1507.0,1509.0,80263.80006867,121042347.1215507
2026-06-13 21:30:00,1509.0,1510.0,1509.0,1510.0,1393.0264591,2102996.54607261
2026-06-13 21:45:00,1508.0,1510.0,1507.0,1510.0,432.40274865,652275.48197974
2026-06-13 22:00:00,1507.0,1508.0,1507.0,1508.0,1475.52025029,2223809.01718703
2026-06-13 22:15:00,1510.0,1510.0,1507.0,1507.0,8044.7401619,12133876.2131629
2026-06-13 22:30:00,1510.0,1510.0,1509.0,1509.0,59033.65967181,89089435.37595627
2026-06-13 22:45:00,1510.0,1510.0,1508.0,1510.0,847.84278827,1279571.02055278
2026-06-13 23:00:00,1510.0,1510.0,1510.0,1510.0,40.528,61197.28
2026-06-13 23:15:00,1510.0,1510.0,1508.0,1510.0,1653.04791804,2496012.79863352
2026-06-13 23:30:00,1510.0,1510.0,1510.0,1510.0,357.92700662,540469.7799962
2026-06-13 23:45:00,1507.0,1508.0,1507.0,1507.0,5333.88482614,8038424.92214278
2026-06-14 00:00:00,1509.0,1509.0,1509.0,1509.0,603.81974599,911163.99669891
2026-06-14 00:15:00,1507.0,1509.0,1507.0,1509.0,990.13290126,1493548.28219882
2026-06-14 00:30:00,1509.0,1509.0,1507.0,1509.0,1589.46801434,2398111.23372596
2026-06-14 00:45:00,1509.0,1509.0,1508.0,1508.0,3375.1491943,5090250.7303987
2026-06-14 01:00:00,1508.0,1509.0,1508.0,1508.0,8276.84312487,12483243.08045634
2026-06-14 01:15:00,1508.0,1509.0,1508.0,1509.0,770.6507428,1162888.2499502
2026-06-14 01:30:00,1509.0,1509.0,1508.0,1508.0,12301.41231876,18552217.50871633
2026-06-14 01:45:00,1509.0,1510.0,1509.0,1509.0,6131.76547564,9252963.48598992
2026-06-14 02:00:00,1509.0,1509.0,1509.0,1509.0,9755.23732674,14720653.12605066
2026-06-14 02:15:00,1509.0,1509.0,1509.0,1509.0,2944.7314247,4443599.7198723
2026-06-14 02:30:00,1509.0,1509.0,1507.0,1507.0,22608.25207594,34070997.01901146
2026-06-14 02:45:00,1509.0,1509.0,1508.0,1508.0,1710.56905207,2580532.64317363
2026-06-14 03:15:00,1508.0,1509.0,1508.0,1509.0,66.34517225,100105.88205925
2026-06-14 03:30:00,1509.0,1509.0,1509.0,1509.0,521.07517883,786302.44485447
2026-06-14 03:45:00,1509.0,1509.0,1509.0,1509.0,12134.21534393,18310530.95399037
2026-06-14 04:00:00,1509.0,1509.0,1509.0,1509.0,11416.89220125,17228090.33168625
2026-06-14 04:15:00,1509.0,1509.0,1509.0,1509.0,11727.36046246,17696586.93785214
2026-06-14 04:30:00,1508.0,1509.0,1508.0,1509.0,555.14708589,837666.54809986
2026-06-14 05:00:00,1509.0,1509.0,1509.0,1509.0,5447.95552605,8220964.88880945
2026-06-14 05:15:00,1509.0,1509.0,1508.0,1509.0,57758.0747424,87156895.53117365
2026-06-14 05:30:00,1509.0,1510.0,1508.0,1510.0,6974.02810623,10524204.81630542
2026-06-14 05:45:00,1510.0,1510.0,1509.0,1509.0,151.43165764,228651.19998803
2026-06-14 06:00:00,1509.0,1510.0,1509.0,1510.0,1624.45862399,2451390.16293865
2026-06-14 06:15:00,1510.0,1510.0,1508.0,1510.0,7768.0325008,11729709.1954923
2026-06-14 06:30:00,1510.0,1510.0,1508.0,1510.0,992.88209067,1499232.08936204
2026-06-14 06:45:00,1510.0,1511.0,1510.0,1511.0,2023.94580463,3056200.52104686
2026-06-14 07:00:00,1509.0,1509.0,1509.0,1509.0,43.08207301,65010.84817209
2026-06-14 07:15:00,1511.0,1511.0,1511.0,1511.0,553.30178738,836039.00073118
2026-06-14 07:30:00,1511.0,1511.0,1510.0,1510.0,580.5678805,877174.0674355
2026-06-14 07:45:00,1510.0,1511.0,1510.0,1511.0,22607.33866991,34159686.54889715
2026-06-14 08:00:00,1511.0,1511.0,1511.0,1511.0,763.64513597,1153867.80045067
2026-06-14 08:15:00,1512.0,1512.0,1512.0,1512.0,6346.35497881,9595688.72796072
2026-06-14 08:30:00,1513.0,1513.0,1513.0,1513.0,115.00396528,174000.99946864
2026-06-14 08:45:00,1513.0,1513.0,1513.0,1513.0,152.11779576,230154.22498488
2026-06-14 09:00:00,1513.0,1515.0,1512.0,1515.0,10029.41583381,15178259.66834365
2026-06-14 09:15:00,1514.0,1515.0,1511.0,1511.0,1280.24336936,1935338.04367996
2026-06-14 09:30:00,1511.0,1511.0,1511.0,1511.0,33.00330033,49867.98679863
2026-06-14 09:45:00,1512.0,1512.0,1511.0,1511.0,466.97798532,705613.82454358
2026-06-14 10:00:00,1512.0,1512.0,1512.0,1512.0,33.37310557,50460.13562184
2026-06-14 10:15:00,1512.0,1514.0,1511.0,1511.0,11933.02549929,18039806.33632407
2026-06-14 10:30:00,1512.0,1515.0,1512.0,1515.0,1516.87641008,2296427.81419855
2026-06-14 10:45:00,1515.0,1515.0,1514.0,1514.0,6038.4970437,9142343.90041426
2026-06-14 11:00:00,1514.0,1514.0,1514.0,1514.0,5921.42585279,8965038.74112406
2026-06-14 11:15:00,1514.0,1515.0,1512.0,1515.0,7698.57560148,11661880.08673897
2026-06-14 11:30:00,1513.0,1514.0,1513.0,1514.0,1835.70213871,2778072.06266599
2026-06-14 11:45:00,1514.0,1515.0,1513.0,1513.0,5285.27868807,8001528.04227433
2026-06-14 12:00:00,1513.0,1513.0,1513.0,1513.0,369.62710697,559245.81284561
2026-06-14 12:15:00,1513.0,1515.0,1512.0,1512.0,818.36064742,1238305.55309988
2026-06-14 12:30:00,1513.0,1515.0,1513.0,1515.0,13.24092409,20051.99999635
2026-06-14 12:45:00,1515.0,1515.0,1512.0,1513.0,475.03288963,718450.08885809
2026-06-14 13:00:00,1513.0,1514.0,1512.0,1513.0,2767.66800373,4189310.97561713
2026-06-14 13:15:00,1513.0,1513.0,1512.0,1512.0,108.1316611,163543.5313403
2026-06-14 13:30:00,1512.0,1512.0,1511.0,1511.0,1145.165028,1730630.67239473
2026-06-14 13:45:00,1511.0,1512.0,1511.0,1512.0,219.17659999,331245.84258489
2026-06-14 14:00:00,1511.0,1512.0,1509.0,1512.0,19421.99941333,29335405.35898038
2026-06-14 14:15:00,1512.0,1512.0,1509.0,1510.0,2091.08811519,3158168.71843608
2026-06-14 14:30:00,1510.0,1510.0,1509.0,1509.0,807.786009,1219433.17718099
2026-06-14 14:45:00,1509.0,1512.0,1509.0,1509.0,2510.33329344,3789157.83304947
2026-06-14 15:00:00,1509.0,1511.0,1509.0,1511.0,1360.79139199,2055284.22361455
2026-06-14 15:15:00,1511.0,1512.0,1511.0,1512.0,1506.01330171,2276430.73652415
2026-06-14 15:30:00,1511.0,1511.0,1511.0,1511.0,3.74482071,5658.42409281
2026-06-14 15:45:00,1511.0,1512.0,1509.0,1509.0,689.29396562,1041654.36949686
2026-06-14 16:00:00,1512.0,1512.0,1511.0,1511.0,11.96825382,18087.99977584
2026-06-14 16:15:00,1511.0,1511.0,1510.0,1510.0,64.5957086,97549.519986
2026-06-14 16:30:00,1510.0,1510.0,1510.0,1510.0,106.01195804,160078.0566404
2026-06-14 16:45:00,1512.0,1512.0,1509.0,1509.0,891.08862493,1345912.32371876
2026-06-14 17:15:00,1512.0,1512.0,1512.0,1512.0,2713.3068783,4102519.9999896
2026-06-14 17:30:00,1510.0,1512.0,1509.0,1509.0,1843.93951097,2785307.29692895
2026-06-14 17:45:00,1509.0,1512.0,1509.0,1512.0,16915.90231486,25530174.56865621
2026-06-14 18:00:00,1512.0,1512.0,1509.0,1512.0,1034.14865773,1561517.77048776
2026-06-14 18:15:00,1512.0,1512.0,1512.0,1512.0,22147.73805405,33487379.9377236
2026-06-14 18:30:00,1512.0,1512.0,1510.0,1512.0,10530.63793716,15911754.56922798
2026-06-14 18:45:00,1512.0,1512.0,1511.0,1512.0,8505.82484012,12860803.18475151
2026-06-14 19:00:00,1512.0,1513.0,1510.0,1512.0,45306.35073399,68503122.43695886
2026-06-14 19:15:00,1512.0,1513.0,1512.0,1513.0,3770.04687053,5700525.28004205
2026-06-14 19:30:00,1513.0,1514.0,1510.0,1511.0,8934.68870992,13516236.06060332
2026-06-14 19:45:00,1513.0,1513.0,1510.0,1513.0,861.14840089,1302761.80758218
2026-06-14 20:00:00,1513.0,1514.0,1513.0,1513.0,717.61929573,1086462.30685692
2026-06-14 20:15:00,1513.0,1513.0,1510.0,1512.0,498.62159372,754147.21427471
2026-06-14 20:30:00,1512.0,1513.0,1510.0,1513.0,11679.16063246,17638251.01102504
2026-06-14 20:45:00,1512.0,1513.0,1510.0,1510.0,9085.49629298,13726405.05189009
2026-06-14 21:00:00,1512.0,1512.0,1510.0,1512.0,6370.74104174,9627875.7702864
2026-06-14 21:15:00,1512.0,1513.0,1512.0,1513.0,1666.57879022,2520495.23302769
2026-06-14 21:30:00,1510.0,1513.0,1509.0,1509.0,4145.32428805,6262539.69732327
2026-06-14 21:45:00,1509.0,1512.0,1509.0,1510.0,1560.48881993,2354989.79255583
2026-06-14 22:00:00,1510.0,1512.0,1510.0,1512.0,203.73848674,307914.75462912
2026-06-14 22:15:00,1510.0,1510.0,1509.0,1509.0,1637.36759488,2470929.24859406
2026-06-14 22:30:00,1509.0,1510.0,1508.0,1508.0,12877.86995695,19420856.782477
2026-06-14 22:45:00,1508.0,1510.0,1508.0,1510.0,316.17593549,477212.39999042
2026-06-14 23:00:00,1508.0,1508.0,1507.0,1507.0,7428.09378887,11201469.14631669
2026-06-14 23:15:00,1507.0,1507.0,1507.0,1507.0,542.64110824,817760.15011768
2026-06-14 23:30:00,1507.0,1510.0,1507.0,1507.0,9430.98114553,14230559.60468344
2026-06-14 23:45:00,1507.0,1507.0,1507.0,1507.0,46.44990047,70000.00000829
2026-06-15 00:00:00,1509.0,1509.0,1509.0,1509.0,10.0,15090.0
2026-06-15 00:15:00,1510.0,1510.0,1507.0,1507.0,4269.78022542,6434658.13745628
2026-06-15 00:30:00,1509.0,1510.0,1507.0,1507.0,9854.19929584,14870163.72968073
2026-06-15 00:45:00,1507.0,1507.0,1507.0,1507.0,839.55941051,1265216.03163857
2026-06-15 01:15:00,1510.0,1510.0,1510.0,1510.0,3.4437086,5199.999986
2026-06-15 01:30:00,1510.0,1510.0,1510.0,1510.0,595.72847682,899549.9999982
2026-06-15 02:30:00,1510.0,1510.0,1507.0,1510.0,1275.33564517,1922195.73126476
2026-06-15 02:45:00,1508.0,1508.0,1507.0,1507.0,1058.06439041,1594509.92514353
2026-06-15 03:00:00,1507.0,1507.0,1507.0,1507.0,500.0,753500.0
2026-06-15 03:15:00,1510.0,1510.0,1510.0,1510.0,47.0523257,71049.011807
2026-06-15 03:45:00,1510.0,1510.0,1507.0,1507.0,1984.64487118,2996732.1641668
2026-06-15 04:15:00,1509.0,1509.0,1509.0,1509.0,66.20281641,99900.04996269
2026-06-15 05:00:00,1509.0,1509.0,1509.0,1509.0,63.48927721,95805.31930989
2026-06-15 05:30:00,1507.0,1507.0,1507.0,1507.0,1008.73637182,1520165.71233274
2026-06-15 06:00:00,1509.0,1509.0,1507.0,1507.0,102.556584,154605.066924
2026-06-15 06:15:00,1507.0,1507.0,1506.0,1506.0,8003.3237009,12053935.89345967
2026-06-15 06:30:00,1506.0,1506.0,1504.0,1504.0,8572.21294231,12896381.03847699
2026-06-15 06:45:00,1504.0,1506.0,1504.0,1506.0,133818.18648504,201276758.78159782
2026-06-15 07:00:00,1506.0,1508.0,1506.0,1508.0,6053.20813958,9121834.61670286
2026-06-15 07:15:00,1508.0,1508.0,1504.0,1507.0,92590.56229474,139258236.0589232
2026-06-15 07:30:00,1505.0,1507.0,1504.0,1504.0,17945.07915222,27009690.9339899
2026-06-15 07:45:00,1507.0,1508.0,1505.0,1506.0,8536.2448756,12859362.17201547
2026-06-15 08:00:00,1507.0,1509.0,1507.0,1509.0,42971.4508528,64761774.09459292
2026-06-15 08:15:00,1507.0,1507.0,1507.0,1507.0,1363.11921216,2054220.65272512
2026-06-15 08:30:00,1507.0,1509.0,1506.0,1509.0,40236.09496413,60702573.18246395
2026-06-15 08:45:00,1509.0,1510.0,1508.0,1508.0,143.4719168,216368.89552935
2026-06-15 09:00:00,1507.0,1507.0,1502.0,1502.0,14116.04709172,21215599.35162387
2026-06-15 09:15:00,1502.0,1503.0,1499.0,1499.0,26487.93492026,39769440.82377531
2026-06-15 09:30:00,1502.0,1502.0,1499.0,1499.0,41808.74674724,62695927.91537598
2026-06-15 09:45:00,1499.0,1499.0,1498.0,1498.0,21194.91864873,31766474.87818003
2026-06-15 10:00:00,1500.0,1500.0,1498.0,1498.0,1033.63676959,1550143.14372956
2026-06-15 10:15:00,1500.0,1501.0,1499.0,1501.0,3415.72347435,5124045.05779533
2026-06-15 10:30:00,1501.0,1501.0,1499.0,1499.0,2392.57862634,3586566.8341157
2026-06-15 10:45:00,1500.0,1502.0,1499.0,1502.0,1934.95354221,2901465.97535039
2026-06-15 11:00:00,1501.0,1502.0,1499.0,1502.0,1367.15969664,2052273.46435088
2026-06-15 11:15:00,1499.0,1503.0,1499.0,1503.0,6637.9904821,9958020.55589814
2026-06-15 11:30:00,1501.0,1503.0,1500.0,1500.0,1538.26350991,2308151.67069577
2026-06-15 11:45:00,1503.0,1503.0,1501.0,1501.0,674.55662803,1012884.73322605
2026-06-15 12:00:00,1500.0,1502.0,1500.0,1502.0,2510.71673035,3766108.45371406
2026-06-15 12:15:00,1502.0,1502.0,1500.0,1502.0,1391.84325927,2090531.82688338
2026-06-15 12:30:00,1500.0,1500.0,1500.0,1500.0,295.70185329,443552.779935
2026-06-15 12:45:00,1499.0,1502.0,1499.0,1500.0,23823.4701049,35717070.29819514
2026-06-15 13:00:00,1502.0,1502.0,1502.0,1502.0,7433.75254815,11165496.3273213
2026-06-15 13:15:00,1500.0,1501.0,1499.0,1501.0,966.32269285,1449238.14545994
2026-06-15 13:30:00,1501.0,1501.0,1499.0,1499.0,7687.34437786,11526941.511166
2026-06-15 13:45:00,1499.0,1502.0,1499.0,1502.0,5794.58556317,8696065.45276579
2026-06-15 14:00:00,1502.0,1502.0,1501.0,1501.0,2375.92604194,3567567.11664894
2026-06-15 14:15:00,1500.0,1500.0,1500.0,1500.0,10360.21017926,15540315.26889
2026-06-15 14:30:00,1500.0,1502.0,1499.0,1499.0,2447.19878981,3670825.81282974
2026-06-15 14:45:00,1499.0,1499.0,1499.0,1499.0,2508.447068,3760162.154932
2026-06-15 15:00:00,1499.0,1499.0,1499.0,1499.0,210.0,314790.0
2026-06-15 15:15:00,1499.0,1499.0,1498.0,1498.0,2302.88522359,3450337.53612484
2026-06-15 15:30:00,1501.0,1501.0,1498.0,1499.0,7791.10359375,11678624.17315342
2026-06-15 15:45:00,1499.0,1500.0,1499.0,1500.0,1447.97514186,2171580.47800858
2026-06-15 16:00:00,1500.0,1501.0,1500.0,1501.0,6785.8842724,10181586.21940569
2026-06-15 16:30:00,1501.0,1501.0,1501.0,1501.0,2572.12814723,3860764.34899223
2026-06-15 16:45:00,1501.0,1502.0,1499.0,1502.0,4894.89606019,7346442.13842777
2026-06-15 17:00:00,1502.0,1502.0,1500.0,1500.0,16585.85159257,24911838.97204014
2026-06-15 17:15:00,1501.0,1502.0,1500.0,1502.0,16281.99198366,24439682.69890761
2026-06-15 17:30:00,1502.0,1502.0,1500.0,1500.0,554.24174626,832288.11688862
2026-06-15 17:45:00,1500.0,1500.0,1500.0,1500.0,23.25155056,34877.32584
2026-06-15 18:00:00,1500.0,1502.0,1500.0,1501.0,1821.0370724,2733191.6827448
2026-06-15 18:15:00,1501.0,1501.0,1501.0,1501.0,4.25380478,6384.96097478
2026-06-15 18:30:00,1500.0,1501.0,1499.0,1501.0,943.61951222,1416079.8144793
2026-06-15 18:45:00,1501.0,1501.0,1500.0,1500.0,1931.12305379,2897093.0783199
2026-06-15 19:00:00,1500.0,1500.0,1498.0,1500.0,49284.09762703,73842416.11233214
2026-06-15 19:15:00,1500.0,1501.0,1498.0,1499.0,14559.94279106,21836956.46091122
2026-06-15 19:30:00,1500.0,1501.0,1500.0,1500.0,2140.58595063,3212473.20496025
2026-06-15 19:45:00,1501.0,1501.0,1498.0,1499.0,12472.2368756,18699683.23245692
2026-06-15 20:00:00,1499.0,1499.0,1499.0,1499.0,1071.16709024,1605679.46826976
2026-06-15 20:15:00,1500.0,1500.0,1498.0,1500.0,12084.63235727,18116868.06123543
2026-06-15 20:30:00,1500.0,1502.0,1500.0,1502.0,7486.98116849,11240378.7840125
2026-06-15 20:45:00,1502.0,1503.0,1500.0,1501.0,3162.36935389,4749176.03060636
2026-06-15 21:00:00,1500.0,1503.0,1500.0,1501.0,21358.25431395,32055505.54043239
2026-06-15 21:15:00,1501.0,1505.0,1501.0,1505.0,6374.56526821,9580994.74458831
2026-06-15 21:30:00,1505.0,1505.0,1502.0,1502.0,7813.63308811,11737440.04704129
2026-06-15 21:45:00,1502.0,1504.0,1502.0,1504.0,2338.29585627,3512459.63224454
2026-06-15 22:00:00,1505.0,1505.0,1504.0,1504.0,3633.37811252,5467621.49998469
2026-06-15 22:15:00,1505.0,1506.0,1502.0,1504.0,4510.23501095,6787217.04690781
2026-06-15 22:30:00,1503.0,1506.0,1502.0,1503.0,9619.13064567,14469050.92769383
2026-06-15 22:45:00,1504.0,1506.0,1504.0,1504.0,1238.18568375,1862981.32338915
2026-06-15 23:00:00,1504.0,1506.0,1504.0,1504.0,1025.86613898,1543848.9054296
2026-06-15 23:15:00,1504.0,1504.0,1503.0,1504.0,112.80678503,169651.92984576
2026-06-15 23:30:00,1504.0,1504.0,1504.0,1504.0,379.07452425,570128.084472
2026-06-15 23:45:00,1504.0,1504.0,1500.0,1500.0,1483.66756241,2227292.71734097
2026-06-16 00:00:00,1500.0,1503.0,1500.0,1500.0,1394.94544092,2094257.54261751
2026-06-16 00:15:00,1504.0,1504.0,1500.0,1500.0,2879.30017744,4321793.27365319
2026-06-16 00:30:00,1503.0,1503.0,1500.0,1501.0,5097.98707683,7655556.00048221
2026-06-16 00:45:00,1501.0,1501.0,1500.0,1501.0,7528.90231574,11300802.37592574
2026-06-16 01:15:00,1501.0,1503.0,1500.0,1500.0,4944.77431235,7431846.79656293
2026-06-16 01:30:00,1500.0,1500.0,1500.0,1500.0,801.94745332,1202921.17998
2026-06-16 01:45:00,1503.0,1503.0,1502.0,1502.0,239.40452427,359818.34661787
2026-06-16 02:00:00,1503.0,1503.0,1502.0,1502.0,6861.72924198,10306363.60751074
2026-06-16 02:15:00,1502.0,1502.0,1500.0,1500.0,23476.00858787,35249625.01706626
2026-06-16 03:00:00,1502.0,1502.0,1502.0,1502.0,332.72303595,499749.9999969
2026-06-16 03:15:00,1502.0,1502.0,1499.0,1499.0,736.07050423,1103389.6592096
2026-06-16 03:30:00,1499.0,1499.0,1497.0,1497.0,6666.05559396,9986280.84796985
2026-06-16 03:45:00,1498.0,1501.0,1498.0,1501.0,7265.53183651,10889416.70116714
2026-06-16 04:00:00,1498.0,1498.0,1498.0,1498.0,400.0,599200.0
2026-06-16 04:15:00,1501.0,1503.0,1500.0,1500.0,4945.576461,7421383.40331435
2026-06-16 04:30:00,1500.0,1500.0,1500.0,1500.0,399.702,599553.0
2026-06-16 05:15:00,1500.0,1500.0,1500.0,1500.0,1162.351412,1743527.118
2026-06-16 05:30:00,1500.0,1500.0,1500.0,1500.0,200.0,300000.0
2026-06-16 05:45:00,1503.0,1503.0,1500.0,1500.0,366.70535463,550919.0773614
2026-06-16 06:00:00,1500.0,1500.0,1500.0,1500.0,2703.53499504,4055302.49256
2026-06-16 06:15:00,1500.0,1502.0,1500.0,1500.0,8135.15045729,12204056.57841152
2026-06-16 06:30:00,1502.0,1502.0,1502.0,1502.0,500.0,751000.0
2026-06-16 06:45:00,1500.0,1500.0,1500.0,1500.0,64.60327998,96904.91997
2026-06-16 07:00:00,1500.0,1500.0,1498.0,1499.0,6640.07116831,9952166.95109944
2026-06-16 07:15:00,1499.0,1499.0,1498.0,1498.0,139.27344552,208673.87794648
2026-06-16 07:30:00,1498.0,1498.0,1498.0,1498.0,6.62690523,9927.10403454
2026-06-16 07:45:00,1498.0,1499.0,1498.0,1498.0,7848.00104952,11759590.96755544
2026-06-16 08:00:00,1498.0,1499.0,1497.0,1497.0,3048.74407147,4563986.28532167
2026-06-16 08:15:00,1497.0,1499.0,1497.0,1499.0,3110.66513036,4662199.82038364
2026-06-16 08:30:00,1497.0,1500.0,1497.0,1497.0,2808.63564259,4210546.61648421
2026-06-16 08:45:00,1498.0,1500.0,1498.0,1500.0,24337.81922256,36482530.13598825
2026-06-16 09:00:00,1500.0,1503.0,1499.0,1503.0,11631.76243221,17474054.16593878
2026-06-16 09:15:00,1502.0,1503.0,1502.0,1503.0,1796.87445359,2700202.30374577
2026-06-16 09:30:00,1504.0,1504.0,1503.0,1504.0,3754.44362985,5646327.41743408
2026-06-16 09:45:00,1505.0,1505.0,1502.0,1502.0,18045.78783037,27140023.09843323
2026-06-16 10:00:00,1502.0,1505.0,1502.0,1505.0,246.33432016,370018.06913961
2026-06-16 10:15:00,1505.0,1515.0,1501.0,1503.0,63296.5894981,95485024.51560865
2026-06-16 10:30:00,1503.0,1505.0,1503.0,1503.0,1395.86561811,2098095.79754755
2026-06-16 10:45:00,1502.0,1502.0,1502.0,1502.0,983.54087056,1477278.38758112
2026-06-16 11:00:00,1502.0,1503.0,1500.0,1503.0,4331.02422295,6503397.38195335
2026-06-16 11:15:00,1503.0,1504.0,1500.0,1500.0,8356.04985939,12556516.43486978
2026-06-16 11:30:00,1500.0,1500.0,1500.0,1500.0,1511.1704744,2266755.7116
2026-06-16 11:45:00,1503.0,1503.0,1499.0,1499.0,5158.53489986,7740737.23435118
2026-06-16 12:00:00,1499.0,1502.0,1499.0,1500.0,3432.87980354,5149259.32621544
2026-06-16 12:15:00,1500.0,1503.0,1500.0,1503.0,1606.34288138,2409734.15027964
2026-06-16 12:30:00,1500.0,1503.0,1500.0,1503.0,11323.76037745,17019579.23855535
2026-06-16 12:45:00,1502.0,1502.0,1502.0,1502.0,143.86930511,216091.69627522
2026-06-16 13:00:00,1502.0,1502.0,1500.0,1502.0,2344.79076066,3519423.68691789
2026-06-16 13:15:00,1502.0,1504.0,1502.0,1504.0,23.3251122,35079.99998846
2026-06-16 13:30:00,1504.0,1504.0,1501.0,1501.0,416.83829851,626856.45521242
2026-06-16 13:45:00,1504.0,1505.0,1504.0,1504.0,14477.05223836,21776677.74084903
2026-06-16 14:00:00,1504.0,1504.0,1501.0,1501.0,2134.10456235,3206257.96513704
2026-06-16 14:15:00,1504.0,1504.0,1501.0,1504.0,4607.9971397,6925528.9151048
2026-06-16 14:30:00,1504.0,1504.0,1504.0,1504.0,2006.75374612,3018157.63416448
2026-06-16 14:45:00,1504.0,1504.0,1503.0,1503.0,1052.03009676,1581495.3614941
2026-06-16 15:00:00,1503.0,1504.0,1503.0,1504.0,1857.49990866,2793285.3152508
2026-06-16 15:15:00,1504.0,1504.0,1503.0,1503.0,7090.22353395,10663645.91746079
2026-06-16 15:30:00,1503.0,1503.0,1503.0,1503.0,380.64521715,572109.76137645
2026-06-16 15:45:00,1503.0,1505.0,1503.0,1503.0,753.04372067,1131957.53608727
2026-06-16 16:00:00,1503.0,1505.0,1503.0,1503.0,4263.3251173,6407785.61144142
2026-06-16 16:15:00,1503.0,1503.0,1502.0,1502.0,714.37266523,1073452.51830907
2026-06-16 16:30:00,1502.0,1503.0,1501.0,1503.0,11290.24292465,16960903.62745022
2026-06-16 16:45:00,1503.0,1503.0,1501.0,1501.0,6317.48466611,9483128.23962617
2026-06-16 17:00:00,1501.0,1504.0,1501.0,1501.0,8962.8870363,13469338.67984808
2026-06-16 17:15:00,1502.0,1502.0,1502.0,1502.0,7139.06722342,10722878.96957684
2026-06-16 17:30:00,1502.0,1502.0,1502.0,1502.0,156.143268,234527.188536
2026-06-16 17:45:00,1502.0,1504.0,1502.0,1504.0,5215.04993964,7833814.08027546
2026-06-16 18:00:00,1504.0,1505.0,1504.0,1505.0,2203.8042847,3316699.99998752
2026-06-16 18:15:00,1502.0,1505.0,1501.0,1505.0,2212.80318114,3324038.02748694
2026-06-16 18:30:00,1504.0,1504.0,1504.0,1504.0,841.01781638,1264890.79583552
2026-06-16 18:45:00,1502.0,1502.0,1502.0,1502.0,624.29491076,937690.95596152
2026-06-16 19:00:00,1502.0,1504.0,1502.0,1504.0,160.02276067,240376.75104194
2026-06-16 19:15:00,1504.0,1504.0,1500.0,1500.0,4380.3787144,6570729.47285236
2026-06-16 19:30:00,1503.0,1503.0,1500.0,1500.0,2083.81261909,3125981.35034757
2026-06-16 19:45:00,1503.0,1503.0,1503.0,1503.0,66740.85623679,100311506.92389537
2026-06-16 20:00:00,1503.0,1503.0,1502.0,1502.0,68939.82614684,103614119.22184676
2026-06-16 20:15:00,1502.0,1502.0,1502.0,1502.0,4.84378316,7275.36230632
2026-06-16 20:30:00,1500.0,1503.0,1500.0,1503.0,1429.47499617,2148197.30685026
2026-06-16 20:45:00,1502.0,1502.0,1502.0,1502.0,678.76172669,1019500.11348838
2026-06-16 21:00:00,1504.0,1504.0,1500.0,1502.0,1048.84334717,1576109.59904572
2026-06-16 21:15:00,1502.0,1502.0,1501.0,1501.0,940.04105814,1411471.08704719
2026-06-16 21:30:00,1501.0,1504.0,1501.0,1502.0,10816.27281252,16247384.12930452
2026-06-16 22:00:00,1501.0,1505.0,1501.0,1505.0,2034.21759219,3061044.49079412
2026-06-16 22:15:00,1503.0,1503.0,1501.0,1502.0,4128.08012754,6198736.36051818
2026-06-16 22:30:00,1502.0,1505.0,1502.0,1504.0,3126.48250978,4696686.1544383
2026-06-16 22:45:00,1501.0,1504.0,1501.0,1501.0,1423.02059723,2136676.49598718
2026-06-16 23:00:00,1504.0,1504.0,1503.0,1503.0,868.92967079,1306865.22486816
2026-06-16 23:15:00,1501.0,1503.0,1500.0,1503.0,1338.718653,2009736.20682083
2026-06-16 23:30:00,1504.0,1505.0,1502.0,1502.0,9419.44999612,14154034.48098413
2026-06-16 23:45:00,1502.0,1506.0,1502.0,1506.0,10807.71031533,16264431.28019424
2026-06-17 00:00:00,1505.0,1505.0,1502.0,1502.0,67.76857516,101801.56147904
2026-06-17 00:15:00,1502.0,1505.0,1502.0,1505.0,611.43151615,918569.37313769
2026-06-17 00:30:00,1505.0,1506.0,1502.0,1506.0,2127.11114008,3201166.05258435
2026-06-17 00:45:00,1505.0,1505.0,1502.0,1504.0,6549.55700855,9847594.25086864
2026-06-17 01:15:00,1501.0,1505.0,1501.0,1501.0,533.01096373,800551.48044529
2026-06-17 01:30:00,1504.0,1504.0,1504.0,1504.0,47.4794657,71409.1164128
2026-06-17 02:00:00,1504.0,1504.0,1504.0,1504.0,89.09798362,134003.36736448
2026-06-17 02:15:00,1504.0,1504.0,1504.0,1504.0,1158.98490661,1743113.29954144
2026-06-17 02:30:00,1504.0,1504.0,1504.0,1504.0,128.25036949,192888.55571296
2026-06-17 02:45:00,1504.0,1504.0,1504.0,1504.0,219.30524099,329835.08244896
2026-06-17 03:00:00,1501.0,1501.0,1501.0,1501.0,630.55429159,946461.99167659
2026-06-17 03:45:00,1501.0,1501.0,1501.0,1501.0,699.292546,1049638.111546
2026-06-17 04:00:00,1503.0,1503.0,1503.0,1503.0,158.26792187,237876.68657061
2026-06-17 04:30:00,1503.0,1503.0,1503.0,1503.0,1213.1198448,1823319.1267344
2026-06-17 04:45:00,1503.0,1503.0,1503.0,1503.0,40.08015968,60240.47999904
2026-06-17 05:00:00,1503.0,1503.0,1503.0,1503.0,418.32438125,628741.54501875
2026-06-17 05:15:00,1503.0,1503.0,1503.0,1503.0,162.48299277,244211.93813331
2026-06-17 05:30:00,1502.0,1502.0,1501.0,1502.0,204.06394174,306484.19922364
2026-06-17 05:45:00,1502.0,1502.0,1502.0,1502.0,82.14399476,123380.28012952
2026-06-17 06:00:00,1503.0,1503.0,1503.0,1503.0,1037.39882768,1559210.43800304
2026-06-17 06:15:00,1503.0,1503.0,1503.0,1503.0,2773.5559488,4168654.5910464
2026-06-17 06:30:00,1503.0,1503.0,1503.0,1503.0,49.75421205,74780.58071115
2026-06-17 07:00:00,1503.0,1504.0,1503.0,1504.0,774.31551602,1163962.99737805
2026-06-17 07:15:00,1504.0,1504.0,1504.0,1504.0,703.98476211,1058793.08221344
2026-06-17 07:30:00,1504.0,1504.0,1504.0,1504.0,3882.92186847,5839914.49017888
2026-06-17 07:45:00,1504.0,1504.0,1504.0,1504.0,738.70553771,1111013.12871584
2026-06-17 08:00:00,1504.0,1504.0,1504.0,1504.0,776.88737,1168438.60448
2026-06-17 08:15:00,1503.0,1503.0,1502.0,1502.0,3760.338544,5648123.10269197
2026-06-17 08:30:00,1502.0,1502.0,1502.0,1502.0,103.56117522,155548.88518044
2026-06-17 08:45:00,1502.0,1502.0,1502.0,1502.0,630.0,946260.0
2026-06-17 09:00:00,1503.0,1505.0,1502.0,1505.0,133935.69728144,201306932.78905788
2026-06-17 09:15:00,1505.0,1507.0,1505.0,1505.0,34525.66850167,51961591.49328803
2026-06-17 09:30:00,1505.0,1505.0,1503.0,1503.0,15335.64266417,23079364.36404669
2026-06-17 09:45:00,1506.0,1507.0,1502.0,1502.0,1679.99503601,2525846.85715889
2026-06-17 10:00:00,1506.0,1506.0,1506.0,1506.0,106.24169986,159999.99998916
2026-06-17 10:15:00,1506.0,1506.0,1503.0,1503.0,934.84752748,1406577.151162
2026-06-17 10:30:00,1505.0,1507.0,1505.0,1505.0,9907.26051139,14910476.29591931
2026-06-17 10:45:00,1505.0,1506.0,1504.0,1504.0,4732.61422612,7121597.8484479
2026-06-17 11:00:00,1506.0,1506.0,1503.0,1503.0,5750.10635842,8653206.72520198
2026-06-17 11:15:00,1502.0,1502.0,1502.0,1502.0,736.81222038,1106691.95501076
2026-06-17 11:30:00,1502.0,1506.0,1502.0,1506.0,166.04734917,249792.02166604
2026-06-17 11:45:00,1503.0,1503.0,1503.0,1503.0,19.96007985,30000.00001455
2026-06-17 12:00:00,1503.0,1503.0,1503.0,1503.0,33.00330033,49603.96039599
2026-06-17 12:15:00,1506.0,1506.0,1506.0,1506.0,7494.75046969,11287094.20735314
2026-06-17 12:30:00,1506.0,1506.0,1506.0,1506.0,1041.38335877,1568323.33830762
2026-06-17 12:45:00,1505.0,1506.0,1503.0,1503.0,34159.27912322,51415588.82973327
2026-06-17 13:00:00,1503.0,1503.0,1502.0,1502.0,1000.00028406,1502428.62695098
2026-06-17 13:15:00,1503.0,1506.0,1503.0,1503.0,1835.14696053,2758466.20797417
2026-06-17 13:30:00,1503.0,1506.0,1503.0,1506.0,5825.16191714,8755815.60059085
2026-06-17 13:45:00,1504.0,1506.0,1502.0,1502.0,695.82027618,1045694.12892092
2026-06-17 14:00:00,1502.0,1502.0,1502.0,1502.0,33200.90353228,49867757.10548456
2026-06-17 14:15:00,1502.0,1505.0,1501.0,1501.0,2612.52001023,3925669.93979422
2026-06-17 14:45:00,1501.0,1505.0,1501.0,1503.0,5149.73312277,7741498.86816885
2026-06-17 15:00:00,1503.0,1503.0,1503.0,1503.0,16480.89728241,24770788.61546223
2026-06-17 15:15:00,1504.0,1505.0,1502.0,1505.0,4900.35634861,7374599.24658089
2026-06-17 15:30:00,1502.0,1505.0,1502.0,1505.0,436.3873085,655892.40142003
2026-06-17 15:45:00,1505.0,1505.0,1502.0,1502.0,2202.53023173,3311787.15201413
2026-06-17 16:00:00,1502.0,1502.0,1502.0,1502.0,1454.35787089,2184445.52207678
2026-06-17 16:15:00,1502.0,1505.0,1502.0,1505.0,1830.2832273,2751601.40940565
2026-06-17 16:30:00,1505.0,1505.0,1503.0,1503.0,192.001968,288618.957904
2026-06-17 16:45:00,1502.0,1505.0,1502.0,1504.0,913.61147387,1374656.33869074
2026-06-17 17:00:00,1503.0,1505.0,1503.0,1505.0,377.21011903,567285.22914015
2026-06-17 17:15:00,1505.0,1505.0,1504.0,1504.0,120.64451827,181455.99999635
2026-06-17 17:30:00,1505.0,1505.0,1505.0,1505.0,20741.63996037,31216168.14035685
2026-06-17 17:45:00,1506.0,1506.0,1502.0,1503.0,905.97727814,1361100.65970712
2026-06-17 18:00:00,1505.0,1506.0,1505.0,1505.0,1197.01244284,1801508.37454856
2026-06-17 18:15:00,1504.0,1506.0,1504.0,1504.0,266.55722965,401002.0733936
2026-06-17 18:30:00,1504.0,1504.0,1502.0,1502.0,1047.91213929,1575034.48294416
2026-06-17 18:45:00,1503.0,1506.0,1502.0,1502.0,1054.69072288,1586414.57084757
2026-06-17 19:00:00,1502.0,1505.0,1502.0,1502.0,1160.50273192,1743518.42570258
2026-06-17 19:15:00,1502.0,1505.0,1502.0,1502.0,1314.46361055,1974369.19354443
2026-06-17 19:30:00,1505.0,1505.0,1502.0,1502.0,98.23321196,147828.99997852
2026-06-17 19:45:00,1502.0,1502.0,1502.0,1502.0,2365.77258772,3553390.42675544
2026-06-17 20:00:00,1502.0,1506.0,1502.0,1505.0,6171.71215067,9288306.92084408
2026-06-17 20:15:00,1504.0,1504.0,1504.0,1504.0,13.28903654,19986.71095616
2026-06-17 20:30:00,1502.0,1505.0,1502.0,1505.0,361.9758569,543877.40483788
2026-06-17 20:45:00,1505.0,1505.0,1502.0,1505.0,470.29715773,706512.02238365
2026-06-17 21:00:00,1505.0,1506.0,1502.0,1506.0,1657.00381845,2494422.54350063
2026-06-17 21:15:00,1506.0,1506.0,1504.0,1505.0,8472.46553698,12756307.93376863
2026-06-17 21:30:00,1503.0,1506.0,1502.0,1502.0,11129.03917689,16743976.73943771
2026-06-17 21:45:00,1502.0,1506.0,1491.0,1504.0,113534.15144788,170274495.91659483
2026-06-17 22:00:00,1505.0,1505.0,1502.0,1505.0,245.91485956,369961.54962389
2026-06-17 22:15:00,1502.0,1505.0,1502.0,1505.0,3823.49183155,5746230.22103375
2026-06-17 22:30:00,1505.0,1505.0,1505.0,1505.0,410.22933715,617395.15241075
2026-06-17 22:45:00,1502.0,1504.0,1502.0,1504.0,1014.38908703,1525626.98797252
2026-06-17 23:00:00,1504.0,1505.0,1502.0,1505.0,1822.43308459,2740855.69497067
2026-06-17 23:15:00,1505.0,1505.0,1502.0,1502.0,1117.41165873,1680973.35055461
2026-06-17 23:30:00,1502.0,1505.0,1501.0,1501.0,229.81193995,345197.45407066
2026-06-17 23:45:00,1505.0,1505.0,1503.0,1503.0,4315.93862759,6489206.06056443
2026-06-18 00:00:00,1503.0,1505.0,1502.0,1505.0,9265.49479096,13926128.24864426
2026-06-18 00:15:00,1505.0,1505.0,1505.0,1505.0,1373.36571812,2066915.4057706
2026-06-18 00:30:00,1503.0,1503.0,1502.0,1502.0,25677.76400252,38570017.49170361
2026-06-18 01:00:00,1501.0,1504.0,1501.0,1504.0,1981.46144653,2978152.91140416
2026-06-18 01:15:00,1504.0,1504.0,1501.0,1501.0,3675.20298259,5516768.25348319
2026-06-18 01:30:00,1501.0,1501.0,1501.0,1501.0,394.42717821,592035.19449321
2026-06-18 01:45:00,1502.0,1502.0,1502.0,1502.0,27.04993342,40628.99999684
2026-06-18 02:00:00,1501.0,1502.0,1501.0,1501.0,1763.0420024,2646429.9872482
2026-06-18 02:15:00,1501.0,1502.0,1501.0,1502.0,2244.51255245,3370188.91604936
2026-06-18 02:30:00,1501.0,1502.0,1500.0,1502.0,4738.77020479,7110540.3494448
2026-06-18 02:45:00,1502.0,1502.0,1502.0,1502.0,6654.46238265,9995002.4987403
2026-06-18 03:00:00,1502.0,1506.0,1502.0,1506.0,14312.54168136,21530384.30647104
2026-06-18 03:15:00,1502.0,1506.0,1502.0,1506.0,1534.98846466,2305693.82777796
2026-06-18 03:30:00,1506.0,1506.0,1501.0,1501.0,404.06224712,606514.03319272
2026-06-18 03:45:00,1501.0,1501.0,1501.0,1501.0,10.0,15010.0
2026-06-18 04:15:00,1505.0,1507.0,1505.0,1507.0,3998.49312501,6023650.00415171
2026-06-18 04:30:00,1505.0,1509.0,1505.0,1509.0,16829.92757269,25378344.71443069
2026-06-18 04:45:00,1509.0,1510.0,1507.0,1509.0,2022.21955806,3051917.7473734
2026-06-18 05:00:00,1507.0,1507.0,1507.0,1507.0,393.012561,592269.929427
2026-06-18 05:30:00,1509.0,1510.0,1509.0,1509.0,427.06100633,644660.9195583
2026-06-18 05:45:00,1510.0,1510.0,1509.0,1509.0,2821.64499202,4260051.61062892
2026-06-18 06:00:00,1510.0,1510.0,1510.0,1510.0,1168.78981757,1764872.6245307
2026-06-18 06:15:00,1510.0,1510.0,1510.0,1510.0,745.31957086,1125432.5519986
2026-06-18 06:30:00,1509.0,1510.0,1506.0,1510.0,2195.6735889,3308855.12204412
2026-06-18 06:45:00,1510.0,1510.0,1510.0,1510.0,664.01062416,1002656.0424816
2026-06-18 07:00:00,1510.0,1511.0,1510.0,1511.0,13972.47036136,21099105.98970227
2026-06-18 07:15:00,1508.0,1510.0,1507.0,1507.0,38.80460292,58518.79146629
2026-06-18 07:45:00,1507.0,1507.0,1507.0,1507.0,6.64010625,10006.64011875
2026-06-18 08:00:00,1509.0,1511.0,1509.0,1511.0,398.14200398,601557.8037887
2026-06-18 08:30:00,1510.0,1510.0,1510.0,1510.0,55.0,83050.0
2026-06-18 08:45:00,1510.0,1510.0,1510.0,1510.0,268.90066225,406039.9999975
2026-06-18 09:00:00,1510.0,1510.0,1510.0,1510.0,46.35761587,69999.9999637
2026-06-18 09:15:00,1507.0,1510.0,1507.0,1508.0,7266.84153372,10961442.27001838
2026-06-18 09:30:00,1508.0,1509.0,1507.0,1507.0,7214.48058394,10877742.01354159
2026-06-18 09:45:00,1506.0,1507.0,1506.0,1506.0,4663.24260574,7025422.36534447
2026-06-18 10:00:00,1506.0,1507.0,1506.0,1506.0,8783.96940391,13228703.15122011
2026-06-18 10:15:00,1506.0,1509.0,1506.0,1509.0,3784.47113875,5710225.41014717
2026-06-18 10:30:00,1509.0,1509.0,1507.0,1507.0,16730.13407114,25213445.38064662
2026-06-18 10:45:00,1506.0,1508.0,1506.0,1506.0,663.4971412,999723.9824456
2026-06-18 11:00:00,1508.0,1508.0,1508.0,1508.0,259.71220159,391645.99999772
2026-06-18 11:15:00,1508.0,1508.0,1506.0,1506.0,559.27187911,842934.23921344
2026-06-18 11:30:00,1506.0,1507.0,1505.0,1507.0,124.83264442,188030.39362574
2026-06-18 11:45:00,1508.0,1508.0,1507.0,1507.0,3504.19164455,5281005.35011403
2026-06-18 12:00:00,1505.0,1508.0,1505.0,1508.0,710.03483029,1070633.68313237
2026-06-18 12:15:00,1508.0,1508.0,1505.0,1507.0,18488.95372909,27848543.50973861
2026-06-18 12:30:00,1507.0,1507.0,1507.0,1507.0,252.81768117,380996.24552319
2026-06-18 12:45:00,1505.0,1508.0,1504.0,1505.0,15053.16659862,22671679.62296594
2026-06-18 13:00:00,1507.0,1508.0,1505.0,1507.0,5199.21897621,7833501.7035885
2026-06-18 13:15:00,1505.0,1508.0,1504.0,1508.0,414.3659748,623563.79010623
2026-06-18 13:30:00,1506.0,1507.0,1506.0,1507.0,183.60494271,276686.01736424
2026-06-18 13:45:00,1507.0,1507.0,1504.0,1504.0,519.27028536,781416.59350557
2026-06-18 14:00:00,1504.0,1507.0,1504.0,1504.0,3136.47892471,4720052.87589997
2026-06-18 14:15:00,1504.0,1504.0,1504.0,1504.0,1305.86394367,1964019.37127968
2026-06-18 14:30:00,1503.0,1503.0,1503.0,1503.0,66.41328903,99819.17341209
2026-06-18 14:45:00,1503.0,1506.0,1503.0,1506.0,5069.39603721,7620138.35812356
2026-06-18 15:00:00,1506.0,1506.0,1503.0,1506.0,1177.35197574,1769838.73471644
2026-06-18 15:15:00,1506.0,1506.0,1504.0,1504.0,1232.01890191,1854257.33665517
2026-06-18 15:30:00,1506.0,1507.0,1503.0,1503.0,29096.0459045,43821748.69461058
2026-06-18 15:45:00,1507.0,1507.0,1505.0,1507.0,150.00579732,225831.73156726
2026-06-18 16:00:00,1505.0,1505.0,1505.0,1505.0,7535.56588865,11341026.66241825
2026-06-18 16:15:00,1506.0,1506.0,1506.0,1506.0,406.0,611436.0
2026-06-18 16:30:00,1505.0,1505.0,1504.0,1504.0,1319.03154253,1984066.70868089
2026-06-18 16:45:00,1504.0,1506.0,1504.0,1504.0,88.83031777,133608.73286962
2026-06-18 17:00:00,1506.0,1507.0,1506.0,1506.0,394.37292883,594057.01767929
2026-06-18 17:15:00,1506.0,1507.0,1505.0,1505.0,7468.93518415,11248383.75883942
2026-06-18 17:30:00,1505.0,1507.0,1505.0,1507.0,334.22330958,503228.85351614
2026-06-18 17:45:00,1507.0,1508.0,1507.0,1508.0,10260.38059927,15468445.00955733
2026-06-18 18:00:00,1508.0,1509.0,1506.0,1506.0,243.81134699,367206.58855544
2026-06-18 18:15:00,1506.0,1507.0,1506.0,1507.0,5328.95573725,8030304.6413595
2026-06-18 18:30:00,1509.0,1509.0,1507.0,1509.0,6086.20529256,9180085.78247304
2026-06-18 18:45:00,1509.0,1510.0,1509.0,1510.0,10073.67418432,15211180.45075564
2026-06-18 19:00:00,1510.0,1513.0,1507.0,1509.0,117640.26964881,177605294.22714588
2026-06-18 19:15:00,1509.0,1512.0,1509.0,1510.0,1605.50701121,2425468.66276628
2026-06-18 19:30:00,1510.0,1511.0,1507.0,1508.0,3669.95158443,5535673.86657406
2026-06-18 19:45:00,1508.0,1508.0,1508.0,1508.0,201.74517916,304231.73017328
2026-06-18 20:00:00,1510.0,1512.0,1509.0,1509.0,5274.24105932,7968120.42031898
2026-06-18 20:15:00,1509.0,1511.0,1509.0,1511.0,718.28462963,1085215.13284893
2026-06-18 20:30:00,1511.0,1511.0,1510.0,1511.0,390.61955184,590172.92043024
2026-06-18 20:45:00,1511.0,1511.0,1509.0,1509.0,1153.3786635,1741734.26748594
2026-06-18 21:00:00,1509.0,1510.0,1509.0,1510.0,917.59041844,1385538.6782122
2026-06-18 21:15:00,1510.0,1510.0,1508.0,1508.0,430.271387,648878.86670671
2026-06-18 21:30:00,1510.0,1510.0,1509.0,1509.0,223.95235257,338070.0178617
2026-06-18 21:45:00,1509.0,1512.0,1509.0,1509.0,1383.0455802,2089066.90851896
2026-06-18 22:00:00,1510.0,1512.0,1509.0,1509.0,1510.97793106,2284268.15489656
2026-06-18 22:15:00,1512.0,1512.0,1509.0,1509.0,1120.10174601,1690583.73314175
2026-06-18 22:30:00,1512.0,1512.0,1509.0,1512.0,2567.78090924,3882351.59812788
2026-06-18 22:45:00,1512.0,1512.0,1512.0,1512.0,2643.90231088,3997580.29405056
2026-06-18 23:00:00,1510.0,1510.0,1510.0,1510.0,465.81236678,703376.6738378
2026-06-18 23:15:00,1510.0,1512.0,1510.0,1512.0,1533.15317279,2315401.56230222
2026-06-18 23:30:00,1510.0,1512.0,1510.0,1510.0,2522.22576911,3808568.84786402
2026-06-18 23:45:00,1510.0,1510.0,1510.0,1510.0,145.14340523,219166.5418973
2026-06-19 00:00:00,1512.0,1512.0,1512.0,1512.0,21.69113756,32796.99999072
2026-06-19 00:15:00,1512.0,1512.0,1512.0,1512.0,879.696855,1330101.64476
2026-06-19 00:30:00,1512.0,1516.0,1511.0,1515.0,20601.52984086,31201333.59192016
2026-06-19 00:45:00,1515.0,1516.0,1513.0,1516.0,5952.3329921,9019485.89888606
2026-06-19 01:00:00,1516.0,1517.0,1514.0,1517.0,2271.24324054,3445342.40279665
2026-06-19 01:15:00,1516.0,1518.0,1516.0,1517.0,5927.75217532,8994893.04996044
2026-06-19 01:30:00,1517.0,1517.0,1514.0,1514.0,5439.97636057,8251337.66864989
2026-06-19 01:45:00,1517.0,1517.0,1517.0,1517.0,105.47132498,159999.99999466
2026-06-19 02:00:00,1514.0,1514.0,1514.0,1514.0,50.21594389,76026.93904946
2026-06-19 02:15:00,1517.0,1517.0,1514.0,1517.0,217.16379842,329413.62146044
2026-06-19 02:30:00,1517.0,1517.0,1517.0,1517.0,1430.60889049,2170233.68687333
2026-06-19 02:45:00,1517.0,1517.0,1517.0,1517.0,12820.68720666,19448982.49250322
2026-06-19 03:00:00,1517.0,1517.0,1514.0,1514.0,942.62220148,1427156.06066291
2026-06-19 03:15:00,1514.0,1514.0,1514.0,1514.0,81.90224571,124000.00000494
2026-06-19 03:30:00,1514.0,1514.0,1514.0,1514.0,8.68254073,13145.36666522
2026-06-19 03:45:00,1516.0,1516.0,1516.0,1516.0,66.5122868,100832.6267888
2026-06-19 04:15:00,1516.0,1516.0,1516.0,1516.0,93.15743859,141226.67690244
2026-06-19 04:45:00,1516.0,1516.0,1513.0,1513.0,3851.96080846,5832459.94802183
2026-06-19 05:00:00,1516.0,1516.0,1516.0,1516.0,50.0065963,75809.9999908
2026-06-19 05:15:00,1516.0,1516.0,1513.0,1513.0,455.05831762,688562.57164513
2026-06-19 05:30:00,1513.0,1515.0,1512.0,1512.0,2125.94008156,3215575.47851908
2026-06-19 05:45:00,1515.0,1515.0,1511.0,1511.0,9526.42168679,14397289.73346586
2026-06-19 06:30:00,1511.0,1511.0,1511.0,1511.0,59.00571579,89157.63655869
2026-06-19 07:00:00,1511.0,1511.0,1511.0,1511.0,28.75232128,43444.75745408
2026-06-19 07:45:00,1511.0,1511.0,1511.0,1511.0,3366.58540347,5086910.54464317
2026-06-19 08:00:00,1512.0,1512.0,1512.0,1512.0,45.46735,68746.6332
2026-06-19 08:15:00,1512.0,1513.0,1511.0,1513.0,1875.16389829,2833728.42625763
2026-06-19 08:30:00,1511.0,1513.0,1511.0,1511.0,14665.5682006,22160982.83514579
2026-06-19 08:45:00,1511.0,1512.0,1510.0,1510.0,4889.95061085,7388283.6954931
2026-06-19 09:00:00,1510.0,1512.0,1510.0,1510.0,5633.72706927,8506989.13699766
2026-06-19 09:15:00,1510.0,1511.0,1510.0,1510.0,1236.57817914,1867931.00979987
2026-06-19 09:30:00,1510.0,1512.0,1508.0,1509.0,18586.38727626,28064874.79702022
2026-06-19 09:45:00,1509.0,1512.0,1509.0,1512.0,10686.36473757,16156051.78383438
2026-06-19 10:00:00,1510.0,1511.0,1510.0,1511.0,2982.56406939,4506155.45165438
2026-06-19 10:15:00,1511.0,1512.0,1510.0,1512.0,5196.86905189,7850548.18472667
2026-06-19 10:30:00,1510.0,1512.0,1509.0,1512.0,2672.04027886,4035526.04093067
2026-06-19 10:45:00,1512.0,1519.0,1509.0,1511.0,49596.12347398,75105522.80539544
2026-06-19 11:00:00,1511.0,1513.0,1510.0,1513.0,1500.77983968,2268606.51450615
2026-06-19 11:15:00,1513.0,1513.0,1510.0,1510.0,3425.79921077,5182404.79928567
2026-06-19 11:30:00,1513.0,1513.0,1509.0,1510.0,34899.0068949,52698870.26945628
2026-06-19 11:45:00,1510.0,1512.0,1509.0,1512.0,80457.19611706,121420610.69886401
2026-06-19 12:00:00,1511.0,1513.0,1510.0,1510.0,5947.39683223,8994138.41078235
2026-06-19 12:15:00,1513.0,1514.0,1511.0,1513.0,19372.45125244,29309403.98609797
2026-06-19 12:30:00,1511.0,1511.0,1511.0,1511.0,7856.61444562,11871344.42733182
2026-06-19 12:45:00,1511.0,1511.0,1510.0,1510.0,24620.2053427,37193357.26798429
2026-06-19 13:00:00,1513.0,1513.0,1510.0,1510.0,2635.16872506,3979648.00046931
2026-06-19 13:15:00,1510.0,1512.0,1509.0,1509.0,8105.31767867,12232238.41621208
2026-06-19 13:30:00,1510.0,1510.0,1509.0,1509.0,3749.44736697,5661227.33503587
2026-06-19 13:45:00,1509.0,1511.0,1509.0,1509.0,3553.55946507,5362334.41349345
2026-06-19 14:00:00,1509.0,1511.0,1509.0,1510.0,1817.54578172,2743438.59137768
2026-06-19 14:15:00,1509.0,1510.0,1508.0,1508.0,2057.25789495,3103180.91134602
2026-06-19 14:30:00,1509.0,1509.0,1508.0,1508.0,12102.90280902,18251188.03905053
2026-06-19 14:45:00,1508.0,1508.0,1508.0,1508.0,210.71345375,317755.888255
2026-06-19 15:00:00,1510.0,1510.0,1508.0,1508.0,1342.57472736,2024622.68885888
2026-06-19 15:15:00,1508.0,1508.0,1508.0,1508.0,5710.44131312,8611345.50018496
2026-06-19 15:30:00,1508.0,1509.0,1507.0,1507.0,41039.93446559,61888007.68779484
2026-06-19 15:45:00,1507.0,1508.0,1505.0,1505.0,20548.69780874,30943822.64851387
2026-06-19 16:00:00,1505.0,1508.0,1505.0,1505.0,8142.76086699,12255746.72373897
2026-06-19 16:15:00,1508.0,1508.0,1508.0,1508.0,549.16977317,828148.01794036
2026-06-19 16:30:00,1505.0,1508.0,1505.0,1508.0,2159.78275527,3255260.39494716
2026-06-19 16:45:00,1508.0,1508.0,1507.0,1508.0,10703.97084803,16141583.59125271
2026-06-19 17:00:00,1508.0,1509.0,1508.0,1508.0,12546.6382484,18920335.4785872
2026-06-19 17:15:00,1508.0,1509.0,1505.0,1509.0,10179.902341,15327496.66873365
2026-06-19 17:30:00,1509.0,1509.0,1508.0,1508.0,6613.62310753,9979018.19909683
2026-06-19 17:45:00,1510.0,1510.0,1510.0,1510.0,498.09015073,752116.1276023
2026-06-19 18:00:00,1510.0,1510.0,1510.0,1510.0,7762.73891445,11721735.7608195
2026-06-19 18:15:00,1510.0,1511.0,1510.0,1511.0,135.68472149,204950.07774755
2026-06-19 18:30:00,1510.0,1510.0,1510.0,1510.0,604.5888976,912929.235376
2026-06-19 18:45:00,1509.0,1509.0,1508.0,1508.0,301.79891564,455130.4745368
2026-06-19 19:00:00,1510.0,1511.0,1508.0,1511.0,1216.8418127,1838025.7051089
2026-06-19 19:15:00,1511.0,1511.0,1509.0,1511.0,8176.46168167,12354509.43184856
2026-06-19 19:30:00,1511.0,1512.0,1510.0,1512.0,5261.83492071,7954305.15101042
2026-06-19 20:00:00,1511.0,1512.0,1509.0,1512.0,4540.07696237,6861768.40652121
2026-06-19 20:15:00,1512.0,1513.0,1512.0,1513.0,16540.76748398,25025590.64534226
2026-06-19 20:30:00,1510.0,1513.0,1510.0,1510.0,700.29961645,1057782.78641191
2026-06-19 20:45:00,1511.0,1513.0,1511.0,1513.0,774.46436829,1170430.14296105
2026-06-19 21:00:00,1513.0,1513.0,1511.0,1513.0,55146.92260732,83327422.6650802
2026-06-19 21:15:00,1513.0,1513.0,1513.0,1513.0,2821.11938156,4268353.62430028
2026-06-19 21:30:00,1511.0,1513.0,1511.0,1513.0,323.50096337,489249.21117089
2026-06-19 21:45:00,1513.0,1513.0,1512.0,1512.0,1416.9091503,2143308.45831621
2026-06-19 22:00:00,1511.0,1512.0,1511.0,1512.0,1433.8021462,2166499.85270951
2026-06-19 22:15:00,1513.0,1513.0,1513.0,1513.0,305.51016626,462236.88155138
2026-06-19 22:30:00,1513.0,1514.0,1511.0,1511.0,883.33444316,1336638.45769832
2026-06-19 22:45:00,1511.0,1514.0,1510.0,1510.0,2110.70790541,3189320.81230763
2026-06-19 23:00:00,1510.0,1510.0,1510.0,1510.0,66.22516556,99999.9999956
2026-06-19 23:15:00,1514.0,1514.0,1510.0,1514.0,2585.59166332,3913777.41343548
2026-06-19 23:30:00,1511.0,1515.0,1511.0,1513.0,1835.81078567,2777810.12721364
2026-06-19 23:45:00,1510.0,1510.0,1510.0,1510.0,517.19289157,780961.2662707
2026-06-20 00:00:00,1513.0,1513.0,1513.0,1513.0,821.40389689,1242784.09599457
2026-06-20 00:15:00,1510.0,1512.0,1510.0,1510.0,31.47696415,47543.44337972
2026-06-20 00:30:00,1512.0,1512.0,1510.0,1512.0,6628.25335977,10010620.9495546
2026-06-20 00:45:00,1511.0,1511.0,1510.0,1510.0,2907.83334438,4392811.48543021
2026-06-20 01:00:00,1512.0,1512.0,1510.0,1510.0,1461.66273791,2209120.31096366
2026-06-20 01:15:00,1510.0,1510.0,1510.0,1510.0,1116.79445473,1686359.6266423
2026-06-20 01:30:00,1510.0,1510.0,1510.0,1510.0,217.99928914,329178.9266014
2026-06-20 01:45:00,1509.0,1513.0,1509.0,1509.0,180.06447365,271785.19333645
2026-06-20 02:00:00,1513.0,1513.0,1509.0,1509.0,1551.28564143,2343989.75326218
2026-06-20 02:15:00,1512.0,1512.0,1512.0,1512.0,209.06742395,316109.9450124
2026-06-20 02:45:00,1509.0,1512.0,1509.0,1512.0,65.23631118,98475.32372931
2026-06-20 03:00:00,1509.0,1509.0,1509.0,1509.0,173.74429219,262180.13691471
2026-06-20 03:15:00,1512.0,1512.0,1512.0,1512.0,10.58201058,15999.99999696
2026-06-20 03:30:00,1512.0,1512.0,1509.0,1509.0,242.39735448,365827.10394204
2026-06-20 03:45:00,1509.0,1509.0,1509.0,1509.0,3099.503357,4677150.565713
2026-06-20 04:00:00,1509.0,1512.0,1509.0,1512.0,111.38033599,168258.74100888
2026-06-20 04:15:00,1512.0,1512.0,1512.0,1512.0,566.34204722,856309.17539664
2026-06-20 04:30:00,1512.0,1512.0,1509.0,1509.0,816.20829796,1232932.21245399
2026-06-20 06:00:00,1511.0,1511.0,1511.0,1511.0,1030.54492833,1557153.38670663
2026-06-20 06:15:00,1511.0,1511.0,1511.0,1511.0,3098.5904978,4681970.2421758
2026-06-20 06:30:00,1511.0,1512.0,1511.0,1512.0,3722.92684059,5629063.99998019
2026-06-20 06:45:00,1512.0,1512.0,1512.0,1512.0,92.00844155,139116.7636236
2026-06-20 07:00:00,1512.0,1512.0,1512.0,1512.0,3321.70323632,5022415.29331584
2026-06-20 07:15:00,1512.0,1512.0,1512.0,1512.0,50.34242732,76117.75010784
2026-06-20 07:30:00,1512.0,1512.0,1512.0,1512.0,1877.21574314,2838350.20362768
2026-06-20 07:45:00,1512.0,1512.0,1512.0,1512.0,4311.63181291,6519187.30111992
2026-06-20 08:00:00,1512.0,1512.0,1512.0,1512.0,16957.60290728,25639895.59580736
2026-06-20 08:15:00,1513.0,1513.0,1513.0,1513.0,961.05083458,1454069.91271954
2026-06-20 08:30:00,1513.0,1513.0,1511.0,1513.0,2130.14629848,3222699.07650354
2026-06-20 08:45:00,1513.0,1513.0,1511.0,1511.0,5229.22348459,7908276.27272617
2026-06-20 09:00:00,1513.0,1515.0,1511.0,1511.0,871.51546052,1319309.48016781
2026-06-20 09:15:00,1511.0,1511.0,1511.0,1511.0,135.46251644,204683.86234084
2026-06-20 09:45:00,1515.0,1515.0,1515.0,1515.0,2535.11338685,3840696.78107775
2026-06-20 10:00:00,1515.0,1515.0,1515.0,1515.0,13.15447886,19929.0354729
2026-06-20 10:15:00,1512.0,1515.0,1512.0,1515.0,5654.34802658,8551228.9324407
2026-06-20 10:30:00,1515.0,1515.0,1514.0,1514.0,32.29180889,48902.99997959
2026-06-20 10:45:00,1513.0,1515.0,1512.0,1515.0,4554.8853905,6898933.11963178
2026-06-20 11:00:00,1515.0,1516.0,1515.0,1516.0,2709.27453818,4106666.19988088
2026-06-20 11:15:00,1516.0,1516.0,1513.0,1514.0,24661.27871374,37372954.3752568
2026-06-20 11:30:00,1514.0,1516.0,1514.0,1516.0,2229.37814263,3375686.24936662
2026-06-20 11:45:00,1516.0,1516.0,1514.0,1516.0,133.13078354,201618.22263836
2026-06-20 12:00:00,1514.0,1516.0,1514.0,1516.0,1292.04231539,1956890.65267124
2026-06-20 12:15:00,1515.0,1515.0,1515.0,1515.0,10.0,15150.0
2026-06-20 12:30:00,1514.0,1515.0,1514.0,1515.0,198.73037749,300919.24411391
2026-06-20 12:45:00,1515.0,1515.0,1514.0,1515.0,3286.11286711,4978283.16778365
2026-06-20 13:00:00,1515.0,1515.0,1514.0,1514.0,2271.82545923,3439550.34593428
2026-06-20 13:15:00,1514.0,1514.0,1514.0,1514.0,699.48772447,1059024.41484758
2026-06-20 13:30:00,1513.0,1513.0,1513.0,1513.0,349.7,529096.1
2026-06-20 13:45:00,1513.0,1513.0,1513.0,1513.0,162.894538,246459.435994
2026-06-20 14:00:00,1515.0,1515.0,1513.0,1515.0,3205.04946403,4849444.45953937
2026-06-20 14:15:00,1514.0,1514.0,1512.0,1514.0,3387.99393902,5123253.74899118
2026-06-20 14:30:00,1514.0,1514.0,1512.0,1512.0,410.53625733,621270.78853362
2026-06-20 14:45:00,1514.0,1514.0,1512.0,1512.0,7085.31829817,10726204.70375458
2026-06-20 15:00:00,1514.0,1515.0,1512.0,1515.0,9004.02519729,13635293.8467278
2026-06-20 15:15:00,1515.0,1515.0,1515.0,1515.0,3222.55429016,4882169.7495924
2026-06-20 15:30:00,1515.0,1515.0,1512.0,1512.0,990.09868724,1498987.53659339
2026-06-20 15:45:00,1512.0,1512.0,1512.0,1512.0,1397.4595357,2112958.8179784
2026-06-20 16:15:00,1513.0,1515.0,1513.0,1513.0,629.71428885,953579.53289143
2026-06-20 16:30:00,1515.0,1516.0,1513.0,1513.0,32286.46017494,48936006.648088
2026-06-20 16:45:00,1515.0,1515.0,1515.0,1515.0,200.0,303000.0
2026-06-20 17:00:00,1513.0,1515.0,1513.0,1513.0,3671.19157274,5555958.28330706
2026-06-20 17:15:00,1513.0,1513.0,1512.0,1512.0,22892.62679113,34616931.19299024
2026-06-20 17:30:00,1515.0,1515.0,1515.0,1515.0,1319.47194719,1998999.99999285
2026-06-20 17:45:00,1515.0,1515.0,1513.0,1513.0,2098.44251633,3177013.18949109
2026-06-20 18:00:00,1515.0,1515.0,1515.0,1515.0,1110.41971786,1682285.8725579
2026-06-20 18:15:00,1513.0,1515.0,1513.0,1515.0,289.99202327,439232.97421405
2026-06-20 18:30:00,1515.0,1515.0,1513.0,1513.0,845.11815148,1280023.6865565
2026-06-20 19:00:00,1513.0,1514.0,1512.0,1514.0,2176.67713536,3293335.57072717
2026-06-20 19:15:00,1514.0,1515.0,1513.0,1515.0,3740.1192371,5658871.91778899
2026-06-20 19:30:00,1515.0,1515.0,1512.0,1512.0,1096.23874586,1659649.1599779
2026-06-20 19:45:00,1515.0,1515.0,1512.0,1512.0,691.72415923,1047044.60420127
2026-06-20 20:00:00,1512.0,1512.0,1512.0,1512.0,80.05947194,121049.92157328
2026-06-20 20:15:00,1512.0,1512.0,1512.0,1512.0,3786.60823436,5725351.65035232
2026-06-20 20:30:00,1515.0,1515.0,1514.0,1514.0,3427.61188118,5191031.9999877
2026-06-20 20:45:00,1512.0,1512.0,1512.0,1512.0,26.61188118,40237.16434416
2026-06-20 21:00:00,1515.0,1515.0,1515.0,1515.0,659.73597359,999499.99998885
2026-06-20 21:15:00,1515.0,1515.0,1515.0,1515.0,360.35315674,545935.0324611
2026-06-20 21:30:00,1515.0,1515.0,1515.0,1515.0,693.29448091,1050341.13857865
2026-06-20 21:45:00,1515.0,1515.0,1515.0,1515.0,990.0990099,1499999.9999985
2026-06-20 22:00:00,1515.0,1515.0,1512.0,1512.0,902.94152608,1365737.0146508
2026-06-20 22:15:00,1512.0,1514.0,1512.0,1514.0,797.21965315,1206260.2737217
2026-06-20 22:30:00,1515.0,1515.0,1515.0,1515.0,457.2660066,692757.999999
2026-06-20 22:45:00,1512.0,1512.0,1512.0,1512.0,19.89830536,30086.23770432
2026-06-20 23:00:00,1515.0,1515.0,1512.0,1512.0,4061.17111378,6143684.05374373
2026-06-20 23:45:00,1512.0,1515.0,1511.0,1515.0,2646.02846732,4002797.73841955
2026-06-21 00:00:00,1514.0,1514.0,1514.0,1514.0,3.36633663,5096.63365782
2026-06-21 00:15:00,1511.0,1514.0,1511.0,1514.0,547.03802546,827175.40787659
2026-06-21 00:45:00,1511.0,1511.0,1511.0,1511.0,99.7,150646.7
2026-06-21 01:00:00,1511.0,1513.0,1511.0,1513.0,1472.63582871,2226474.61424623
2026-06-21 01:15:00,1512.0,1512.0,1511.0,1512.0,123.86001731,187263.09236225
2026-06-21 01:30:00,1512.0,1512.0,1512.0,1512.0,107.0,161784.0
2026-06-21 01:45:00,1511.0,1511.0,1511.0,1511.0,22.13346613,33443.66732243
2026-06-21 02:00:00,1511.0,1514.0,1511.0,1514.0,16.58095644,25086.53463665
2026-06-21 02:15:00,1514.0,1515.0,1511.0,1511.0,417.40998455,631240.98385107
2026-06-21 02:30:00,1515.0,1515.0,1515.0,1515.0,36.61735772,55475.2969458
2026-06-21 03:00:00,1511.0,1511.0,1511.0,1511.0,469.57460797,709527.23264267
2026-06-21 03:30:00,1511.0,1511.0,1511.0,1511.0,100.0033,151104.9863
2026-06-21 04:30:00,1514.0,1514.0,1514.0,1514.0,470.31676004,712059.57470056
2026-06-21 04:45:00,1511.0,1511.0,1511.0,1511.0,208.79771069,315493.34085259
2026-06-21 05:30:00,1514.0,1514.0,1514.0,1514.0,564.76309363,855051.32375582
2026-06-21 05:45:00,1514.0,1514.0,1512.0,1512.0,471.86650503,714135.53754052
2026-06-21 06:00:00,1511.0,1511.0,1511.0,1511.0,69.72049106,105347.66199166
2026-06-21 06:45:00,1515.0,1515.0,1512.0,1512.0,735.18056519,1113788.62248804
2026-06-21 07:00:00,1515.0,1515.0,1515.0,1515.0,54.15482508,82044.5599962
2026-06-21 07:15:00,1512.0,1512.0,1511.0,1511.0,148.79009898,224928.52830051
2026-06-21 08:15:00,1515.0,1515.0,1515.0,1515.0,3.30033003,4999.99999545
2026-06-21 08:30:00,1511.0,1511.0,1511.0,1511.0,483.6900102,730855.6054122
2026-06-21 08:45:00,1513.0,1514.0,1512.0,1514.0,11400.16851773,17237833.66290622
2026-06-21 09:00:00,1512.0,1514.0,1512.0,1514.0,21034.28428683,31844255.55026648
2026-06-21 09:15:00,1514.0,1514.0,1514.0,1514.0,6563.95836897,9937832.97062058
2026-06-21 09:30:00,1514.0,1515.0,1513.0,1515.0,649.1653319,982369.28770493
2026-06-21 09:45:00,1515.0,1515.0,1512.0,1512.0,235.09250853,355740.93874422
2026-06-21 10:00:00,1515.0,1515.0,1513.0,1513.0,3016.93443034,4567334.64800208
2026-06-21 10:15:00,1513.0,1514.0,1512.0,1512.0,1443.45548099,2183643.53259725
2026-06-21 10:30:00,1514.0,1514.0,1514.0,1514.0,179.44411786,271678.39444004
2026-06-21 10:45:00,1513.0,1514.0,1513.0,1514.0,2925.3531754,4426059.91026253
2026-06-21 11:00:00,1515.0,1515.0,1513.0,1515.0,6150.75119291,9313115.94949183
2026-06-21 11:15:00,1512.0,1515.0,1512.0,1515.0,10700.89986409,16210274.54591271
2026-06-21 11:30:00,1515.0,1515.0,1514.0,1514.0,471.03774849,713223.48786235
2026-06-21 11:45:00,1512.0,1512.0,1512.0,1512.0,2929.20184037,4428953.18263944
2026-06-21 12:00:00,1515.0,1515.0,1515.0,1515.0,2146.98383363,3252680.50794945
2026-06-21 12:30:00,1515.0,1515.0,1512.0,1515.0,880.51960882,1331866.12265365
2026-06-21 12:45:00,1515.0,1515.0,1515.0,1515.0,3.96039603,5999.99998545
2026-06-21 13:00:00,1515.0,1515.0,1512.0,1512.0,6683.82178546,10105990.00497192
2026-06-21 13:15:00,1515.0,1515.0,1511.0,1511.0,1572.59784612,2376277.21486388
2026-06-21 13:45:00,1514.0,1514.0,1514.0,1514.0,3856.24505917,5838355.01958338
2026-06-21 14:15:00,1514.0,1515.0,1512.0,1512.0,95.97361385,145310.02497157
2026-06-21 14:45:00,1515.0,1515.0,1515.0,1515.0,2090.58044541,3167229.37479615
2026-06-21 15:00:00,1515.0,1515.0,1514.0,1514.0,214.3330753,324504.23640023
2026-06-21 15:15:00,1514.0,1514.0,1514.0,1514.0,762.42356706,1154309.28052884
2026-06-21 15:30:00,1514.0,1514.0,1512.0,1512.0,2894.76628204,4377290.58407567
2026-06-21 15:45:00,1512.0,1514.0,1512.0,1512.0,741.17492972,1120664.71038128
2026-06-21 16:00:00,1512.0,1514.0,1512.0,1512.0,2947.57753767,4459489.9572517
2026-06-21 16:15:00,1513.0,1514.0,1512.0,1512.0,2551.31870666,3862486.52762354
2026-06-21 16:30:00,1512.0,1514.0,1511.0,1514.0,2821.22650216,4263897.84265528
2026-06-21 16:45:00,1512.0,1512.0,1510.0,1510.0,7941.96039653,12000600.1987452
2026-06-21 17:00:00,1510.0,1514.0,1510.0,1514.0,4578.81052631,6931421.44504374
2026-06-21 17:15:00,1513.0,1514.0,1512.0,1514.0,821.45882242,1243508.28945588
2026-06-21 17:30:00,1512.0,1514.0,1512.0,1512.0,6723.06240016,10167269.30544878
2026-06-21 17:45:00,1512.0,1512.0,1510.0,1510.0,4813.11887755,7275126.30921918
2026-06-21 18:00:00,1512.0,1512.0,1510.0,1510.0,7727.667715,11668784.84965
2026-06-21 18:15:00,1511.0,1512.0,1510.0,1510.0,109.24451388,165091.42498656
2026-06-21 18:30:00,1510.0,1513.0,1510.0,1513.0,12269.3999958,18533161.70941755
2026-06-21 18:45:00,1510.0,1510.0,1510.0,1510.0,16.7630483,25312.202933
2026-06-21 19:15:00,1510.0,1512.0,1510.0,1510.0,988.54615506,1493041.78411412
2026-06-21 19:30:00,1510.0,1510.0,1510.0,1510.0,630.00000069,951300.0010419
2026-06-21 19:45:00,1511.0,1511.0,1510.0,1510.0,331.060436,500114.25836
2026-06-21 20:00:00,1510.0,1510.0,1509.0,1510.0,105.7,159589.12235333
2026-06-21 20:15:00,1510.0,1511.0,1510.0,1511.0,505.70200023,763615.72034753
2026-06-21 20:30:00,1512.0,1513.0,1512.0,1513.0,740.7009741,1120005.26453547
2026-06-21 21:00:00,1513.0,1513.0,1511.0,1512.0,3067.41308346,4638259.5736454
2026-06-21 21:15:00,1511.0,1513.0,1511.0,1513.0,1377.43546608,2081772.66808584
2026-06-21 21:30:00,1512.0,1513.0,1512.0,1512.0,3238.63525388,4898758.86111977
2026-06-21 21:45:00,1512.0,1513.0,1511.0,1511.0,4469.48679751,6756923.77115708
2026-06-21 22:00:00,1511.0,1512.0,1510.0,1512.0,198236.66014244,299338049.161626
2026-06-21 22:15:00,1511.0,1512.0,1511.0,1511.0,362.88595822,548327.29662703
2026-06-21 22:30:00,1511.0,1512.0,1511.0,1511.0,277.06239728,418676.08298783
2026-06-21 22:45:00,1511.0,1511.0,1509.0,1511.0,830.5987664,1254983.7721404
2026-06-21 23:45:00,1509.0,1512.0,1508.0,1511.0,11570.9955457,17472618.06396679
2026-06-22 00:00:00,1509.0,1511.0,1509.0,1511.0,5600.23133739,8461349.57609723
2026-06-22 00:15:00,1510.0,1510.0,1509.0,1509.0,259.051008,390912.971072
2026-06-22 00:30:00,1511.0,1511.0,1509.0,1509.0,1754.4686393,2647501.11846412
2026-06-22 00:45:00,1509.0,1509.0,1508.0,1508.0,915.617,1381565.053
2026-06-22 01:00:00,1508.0,1510.0,1506.0,1506.0,17609.29542362,26546752.98767296
2026-06-22 01:15:00,1506.0,1506.0,1506.0,1506.0,52.87113409,79623.92793954
2026-06-22 01:45:00,1506.0,1506.0,1506.0,1506.0,77.7,117016.2
2026-06-22 02:00:00,1506.0,1507.0,1506.0,1506.0,24000.0,36144249.88532
2026-06-22 02:15:00,1506.0,1509.0,1506.0,1509.0,2145.40153392,3236812.71468528
2026-06-22 02:30:00,1509.0,1509.0,1509.0,1509.0,2506.6155235,3782482.8249615
2026-06-22 02:45:00,1509.0,1509.0,1506.0,1506.0,2585.91315754,3894708.91836558
2026-06-22 03:00:00,1509.0,1509.0,1507.0,1507.0,4889.99974338,7375963.71002642
2026-06-22 03:15:00,1509.0,1509.0,1509.0,1509.0,232.97753178,351563.09545602
2026-06-22 03:30:00,1509.0,1509.0,1509.0,1509.0,66.35300652,100126.68683868
2026-06-22 04:00:00,1507.0,1507.0,1507.0,1507.0,105.251,158613.257
2026-06-22 05:15:00,1506.0,1506.0,1506.0,1506.0,7.20461095,10850.1440907
2026-06-22 05:45:00,1509.0,1509.0,1509.0,1509.0,9684.56430718,14614007.53953462
2026-06-22 06:00:00,1509.0,1513.0,1507.0,1512.0,64900.29421324,98087419.97736587
2026-06-22 06:15:00,1513.0,1513.0,1513.0,1513.0,50.22141934,75985.00746142
2026-06-22 06:30:00,1513.0,1513.0,1513.0,1513.0,13.21877065,19999.99999345
2026-06-22 06:45:00,1512.0,1512.0,1510.0,1510.0,386.92086661,584376.11667632
2026-06-22 07:00:00,1512.0,1512.0,1510.0,1510.0,480.59035293,725704.80329466
2026-06-22 07:15:00,1510.0,1510.0,1509.0,1509.0,1016.366469,1533701.001721
2026-06-22 07:30:00,1511.0,1511.0,1509.0,1509.0,2237.44683779,3377134.80504437
2026-06-22 07:45:00,1511.0,1511.0,1509.0,1509.0,416.92270145,629953.59804991
2026-06-22 08:00:00,1511.0,1511.0,1511.0,1511.0,6.61813368,9999.99999048
2026-06-22 08:15:00,1509.0,1509.0,1509.0,1509.0,104.22773916,157279.65839244
2026-06-22 08:30:00,1509.0,1509.0,1509.0,1509.0,2021.7071871,3050756.1453339
2026-06-22 08:45:00,1509.0,1511.0,1509.0,1509.0,17610.74381963,26583031.43997054
2026-06-22 09:00:00,1509.0,1509.0,1508.0,1508.0,12867.66967602,19413405.25988777
2026-06-22 09:15:00,1509.0,1509.0,1508.0,1508.0,11120.46107365,16770764.04622308
2026-06-22 09:30:00,1508.0,1508.0,1507.0,1507.0,4950.4177275,7460883.45535209
2026-06-22 09:45:00,1507.0,1508.0,1507.0,1507.0,2390.57211804,3602752.79189956
2026-06-22 10:00:00,1507.0,1508.0,1507.0,1507.0,7630.9719159,11502175.24326184
2026-06-22 10:15:00,1507.0,1508.0,1505.0,1508.0,32241.47685093,48575065.54491949
2026-06-22 10:30:00,1506.0,1509.0,1505.0,1506.0,3842.64524106,5795913.49721359
2026-06-22 10:45:00,1506.0,1506.0,1506.0,1506.0,3621.59653475,5454124.3813335
2026-06-22 11:00:00,1506.0,1509.0,1506.0,1506.0,3570.50471739,5386524.04077102
2026-06-22 11:15:00,1506.0,1507.0,1506.0,1507.0,4092.84371208,6164029.65435148
2026-06-22 11:30:00,1509.0,1509.0,1507.0,1507.0,647.61234913,976322.12064029
2026-06-22 11:45:00,1508.0,1509.0,1507.0,1507.0,5021.04244709,7574948.72648798
2026-06-22 12:00:00,1508.0,1510.0,1508.0,1510.0,10491.8729192,15825627.4542518
2026-06-22 12:15:00,1509.0,1510.0,1509.0,1510.0,2770.23234099,4180942.5486859
2026-06-22 12:30:00,1510.0,1510.0,1510.0,1510.0,4449.32130126,6718475.1649026
2026-06-22 12:45:00,1508.0,1510.0,1507.0,1510.0,3378.41454238,5098367.36351714
2026-06-22 13:00:00,1510.0,1510.0,1507.0,1510.0,3792.86557953,5725886.86722625
2026-06-22 13:15:00,1508.0,1511.0,1508.0,1511.0,30715.98676884,46403446.93184975
2026-06-22 13:30:00,1511.0,1511.0,1508.0,1508.0,1787.84750465,2697125.80430188
2026-06-22 13:45:00,1508.0,1511.0,1508.0,1511.0,1611.34096093,2429934.58805138
2026-06-22 14:00:00,1508.0,1511.0,1508.0,1511.0,2097.07272487,3168025.74164047
2026-06-22 14:15:00,1511.0,1511.0,1508.0,1508.0,3313.83006421,5003228.93487555
2026-06-22 14:30:00,1510.0,1510.0,1508.0,1508.0,4041.66170794,6096811.61583842
2026-06-22 14:45:00,1509.0,1509.0,1508.0,1508.0,557.22452411,840432.78285564
2026-06-22 15:00:00,1509.0,1510.0,1508.0,1508.0,94.62570502,142827.19998538
2026-06-22 15:15:00,1508.0,1511.0,1508.0,1511.0,13288.2321375,20072500.97814728
2026-06-22 15:30:00,1508.0,1509.0,1508.0,1509.0,1435.98031872,2165903.60508165
2026-06-22 15:45:00,1509.0,1511.0,1509.0,1511.0,3737.69978419,5641322.54488521
2026-06-22 16:00:00,1509.0,1511.0,1509.0,1509.0,832.071779,1255608.30093022
2026-06-22 16:15:00,1509.0,1509.0,1508.0,1508.0,847.33232884,1278163.48421956
2026-06-22 16:30:00,1509.0,1510.0,1508.0,1510.0,541.49141699,817477.01059914
2026-06-22 16:45:00,1510.0,1510.0,1509.0,1509.0,5087.92199609,7679108.95150749
2026-06-22 17:00:00,1509.0,1509.0,1509.0,1509.0,1939.44725379,2926625.90596911
2026-06-22 17:15:00,1510.0,1510.0,1510.0,1510.0,3772.9479631,5697151.424281
2026-06-22 17:30:00,1510.0,1510.0,1510.0,1510.0,98.86902852,149292.2330652
2026-06-22 17:45:00,1509.0,1511.0,1509.0,1509.0,14304.80193389,21591489.2101028
2026-06-22 18:00:00,1509.0,1509.0,1509.0,1509.0,570.1393473,860340.2750757
2026-06-22 18:15:00,1509.0,1511.0,1507.0,1511.0,25332.17976936,38203083.12981313
2026-06-22 18:30:00,1511.0,1511.0,1511.0,1511.0,597.43986378,902731.63417158
2026-06-22 18:45:00,1511.0,1511.0,1507.0,1510.0,3362.08748171,5071454.25922281
2026-06-22 19:00:00,1508.0,1510.0,1508.0,1510.0,2063.88392623,3115502.35334931
2026-06-22 19:15:00,1510.0,1511.0,1509.0,1509.0,6753.97505873,10198939.62907789
2026-06-22 19:30:00,1509.0,1510.0,1509.0,1509.0,1465.7146234,2212001.6581609
2026-06-22 19:45:00,1509.0,1509.0,1509.0,1509.0,123506.29463949,186370998.6109904
2026-06-22 20:00:00,1508.0,1509.0,1507.0,1507.0,4993.05678932,7527711.84088124
2026-06-22 20:15:00,1508.0,1509.0,1508.0,1509.0,3413.82902584,5151360.99999256
2026-06-22 20:30:00,1509.0,1509.0,1506.0,1509.0,143968.78407006,216849949.35908547
2026-06-22 20:45:00,1506.0,1509.0,1505.0,1505.0,822.33013468,1237687.6547666
2026-06-22 21:00:00,1509.0,1509.0,1505.0,1506.0,852.65631757,1283979.29354913
2026-06-22 21:15:00,1509.0,1509.0,1506.0,1508.0,1731.81733335,2610735.2046479
2026-06-22 21:30:00,1508.0,1509.0,1507.0,1507.0,28.22015914,42559.02120328
2026-06-22 21:45:00,1506.0,1507.0,1506.0,1507.0,171.44920417,258252.76387727
2026-06-22 22:00:00,1507.0,1509.0,1507.0,1508.0,800.78182391,1207573.9452969
2026-06-22 22:15:00,1508.0,1508.0,1507.0,1507.0,68.38399263,103112.44376594
2026-06-22 22:30:00,1507.0,1507.0,1505.0,1506.0,2090.11137809,3146002.52274557
2026-06-22 22:45:00,1505.0,1505.0,1505.0,1505.0,2652.53499121,3992065.16177105
2026-06-22 23:00:00,1507.0,1507.0,1505.0,1505.0,1416.52002472,2134423.48473246
2026-06-22 23:15:00,1507.0,1508.0,1505.0,1505.0,8758.76997343,13193339.46457479
2026-06-22 23:30:00,1505.0,1508.0,1505.0,1506.0,4477.67916337,6749289.11948464
2026-06-22 23:45:00,1507.0,1509.0,1507.0,1508.0,908.61484941,1369668.56932993
2026-06-23 00:00:00,1508.0,1508.0,1508.0,1508.0,74.5128,112365.3024
2026-06-23 00:15:00,1508.0,1509.0,1508.0,1509.0,225.36440355,339855.12456341
2026-06-23 00:30:00,1509.0,1509.0,1506.0,1509.0,2319.70747787,3500394.91755474
2026-06-23 00:45:00,1509.0,1509.0,1509.0,1509.0,90.0,135810.0
2026-06-23 01:00:00,1509.0,1509.0,1509.0,1509.0,6777.45452963,10227178.88521167
2026-06-23 01:15:00,1509.0,1509.0,1506.0,1506.0,1223.67870103,1844655.81437505
2026-06-23 02:15:00,1509.0,1509.0,1509.0,1509.0,290.49154817,438351.74618853
2026-06-23 02:30:00,1509.0,1509.0,1508.0,1508.0,1997.93621316,3014876.74565844
2026-06-23 02:45:00,1507.0,1509.0,1507.0,1509.0,5946.38068837,8965855.50453702
2026-06-23 03:00:00,1509.0,1509.0,1509.0,1509.0,58.48836978,88258.94999802
2026-06-23 03:15:00,1509.0,1509.0,1509.0,1509.0,364.29754804,549724.99999236
2026-06-23 03:30:00,1509.0,1509.0,1509.0,1509.0,1896.20013426,2861366.00259834
2026-06-23 03:45:00,1509.0,1509.0,1509.0,1509.0,6430.05580922,9702954.21611298
2026-06-23 04:00:00,1509.0,1509.0,1507.0,1507.0,4307.37382863,6499715.65941467
2026-06-23 04:30:00,1509.0,1509.0,1509.0,1509.0,142.60372939,215189.02764951
2026-06-23 05:00:00,1509.0,1509.0,1509.0,1509.0,443.37314015,669050.06848635
2026-06-23 05:15:00,1510.0,1510.0,1510.0,1510.0,5867.36799183,8859725.6676633
2026-06-23 05:30:00,1510.0,1510.0,1510.0,1510.0,446.5527152,674294.599952
2026-06-23 05:45:00,1510.0,1510.0,1510.0,1510.0,14276.41331594,21557384.1070694
2026-06-23 06:00:00,1510.0,1510.0,1510.0,1510.0,2482.75523052,3748960.3980852
2026-06-23 06:30:00,1509.0,1512.0,1509.0,1512.0,8930.54294336,13496840.42366663
2026-06-23 06:45:00,1511.0,1512.0,1510.0,1512.0,1069.66981069,1616007.86145303
2026-06-23 07:00:00,1512.0,1512.0,1510.0,1510.0,771.19543058,1165305.5231196
2026-06-23 07:15:00,1511.0,1513.0,1510.0,1513.0,6444.33912836,9742493.57576068
2026-06-23 07:30:00,1512.0,1513.0,1512.0,1513.0,8301.57683035,12560282.42431955
2026-06-23 07:45:00,1513.0,1513.0,1513.0,1513.0,20.97224058,31730.99999754
2026-06-23 08:00:00,1512.0,1512.0,1512.0,1512.0,94.004,142134.048
2026-06-23 08:15:00,1513.0,1513.0,1512.0,1512.0,129.71426643,196203.28870859
2026-06-23 08:30:00,1512.0,1512.0,1512.0,1512.0,184.75460693,279348.96567816
2026-06-23 08:45:00,1512.0,1513.0,1512.0,1513.0,718.4865996,1087013.97918673
2026-06-23 09:00:00,1513.0,1513.0,1512.0,1512.0,6913.13862303,10452672.20410199
2026-06-23 09:15:00,1512.0,1512.0,1511.0,1512.0,39.52450292,59753.11452989
2026-06-23 09:30:00,1512.0,1512.0,1510.0,1510.0,3006.1253155,4541422.22917256
2026-06-23 09:45:00,1511.0,1512.0,1510.0,1512.0,1494.31200072,2257160.62215148
2026-06-23 10:00:00,1512.0,1512.0,1512.0,1512.0,152.44734411,230500.38429432
2026-06-23 10:15:00,1510.0,1510.0,1510.0,1510.0,815.00543445,1230658.2060195
2026-06-23 10:30:00,1510.0,1512.0,1510.0,1510.0,12591.10190018,19014550.25683792
2026-06-23 10:45:00,1510.0,1511.0,1510.0,1510.0,10037.40735516,15159130.43764888
2026-06-23 11:00:00,1509.0,1511.0,1509.0,1509.0,17828.30504395,26902999.34826537
2026-06-23 11:15:00,1509.0,1510.0,1508.0,1510.0,3433.86036393,5181312.77176698
2026-06-23 11:30:00,1510.0,1510.0,1508.0,1509.0,26657.76081042,40216502.51744867
2026-06-23 11:45:00,1507.0,1509.0,1507.0,1507.0,2613.08260342,3938228.0171008
2026-06-23 12:00:00,1508.0,1508.0,1507.0,1507.0,12109.54075648,18249165.45317184
2026-06-23 12:15:00,1508.0,1508.0,1507.0,1507.0,13463.87482784,20290158.78531615
2026-06-23 12:30:00,1507.0,1508.0,1506.0,1507.0,79137.69697753,119262679.63854755
2026-06-23 12:45:00,1507.0,1507.0,1505.0,1505.0,8227.6720506,12387871.99061496
2026-06-23 13:00:00,1505.0,1505.0,1505.0,1505.0,1515.72923495,2281172.49859975
2026-06-23 13:15:00,1505.0,1505.0,1505.0,1505.0,2648.21703688,3985566.6405044
2026-06-23 13:30:00,1505.0,1507.0,1505.0,1507.0,8965.3486518,13502387.39454094
2026-06-23 13:45:00,1505.0,1507.0,1504.0,1504.0,17990.58415755,27078365.17737262
2026-06-23 14:00:00,1504.0,1505.0,1504.0,1505.0,2238.03184612,3367485.18925977
2026-06-23 14:15:00,1507.0,1507.0,1505.0,1507.0,7050.01039615,10623763.61961797
2026-06-23 14:30:00,1507.0,1507.0,1505.0,1507.0,18086.63170123,27246226.26509437
2026-06-23 14:45:00,1505.0,1506.0,1504.0,1504.0,3510.25324611,5279569.55030601
2026-06-23 15:00:00,1504.0,1506.0,1503.0,1503.0,7639.02615743,11491085.42376156
2026-06-23 15:15:00,1504.0,1508.0,1504.0,1508.0,15332.8266317,23099892.5171535
2026-06-23 15:30:00,1508.0,1508.0,1505.0,1508.0,2367.25682653,3568940.93451236
2026-06-23 15:45:00,1508.0,1508.0,1506.0,1506.0,1374.31261972,2070171.50494532
2026-06-23 16:00:00,1506.0,1506.0,1506.0,1506.0,1060.337173,1596867.782538
2026-06-23 16:15:00,1509.0,1509.0,1509.0,1509.0,5078.66261296,7663701.88295664
2026-06-23 16:30:00,1509.0,1509.0,1509.0,1509.0,1685.64287105,2543635.09241445
2026-06-23 16:45:00,1509.0,1510.0,1509.0,1510.0,2252.75470338,3399999.99627192
2026-06-23 17:00:00,1510.0,1510.0,1506.0,1507.0,604.76684105,911300.0199855
2026-06-23 17:15:00,1509.0,1512.0,1506.0,1511.0,39503.8476847,59635118.91007146
2026-06-23 17:30:00,1511.0,1512.0,1509.0,1509.0,1421.86518002,2148416.82194184
2026-06-23 17:45:00,1512.0,1512.0,1509.0,1512.0,1527.50735253,2307272.83537926
2026-06-23 18:00:00,1510.0,1512.0,1510.0,1510.0,8064.78215578,12185817.74925835
2026-06-23 18:15:00,1512.0,1512.0,1510.0,1512.0,25729.95534872,38903454.48728834
2026-06-23 18:30:00,1511.0,1513.0,1510.0,1512.0,21672.58004672,32779948.1084147
2026-06-23 18:45:00,1512.0,1512.0,1510.0,1510.0,7070.19996369,10677562.19135549
2026-06-23 19:00:00,1510.0,1510.0,1509.0,1510.0,10649.46930514,16080564.07972326
2026-06-23 19:15:00,1510.0,1511.0,1509.0,1509.0,10276.11173196,15512418.86206442
2026-06-23 19:30:00,1509.0,1510.0,1509.0,1510.0,591.61045412,892803.0712442
2026-06-23 19:45:00,1511.0,1512.0,1508.0,1508.0,16778.56044869,25362664.10507222
2026-06-23 20:00:00,1508.0,1512.0,1508.0,1512.0,5866.75605495,8866049.1912024
2026-06-23 20:15:00,1512.0,1512.0,1511.0,1512.0,311.66250587,471197.02497544
2026-06-23 20:30:00,1509.0,1512.0,1509.0,1510.0,1564.62723179,2364553.89179575
2026-06-23 20:45:00,1512.0,1512.0,1509.0,1512.0,1823.14262304,2756294.96050548
2026-06-23 21:00:00,1512.0,1512.0,1510.0,1512.0,315.23622305,476625.6053696
2026-06-23 21:15:00,1509.0,1512.0,1509.0,1511.0,911.2201847,1377279.00143713
2026-06-23 21:30:00,1511.0,1512.0,1509.0,1512.0,982.23208902,1483741.01043028
2026-06-23 21:45:00,1512.0,1512.0,1509.0,1512.0,3973.75232463,6003205.56783395
2026-06-23 22:00:00,1509.0,1511.0,1509.0,1511.0,3746.24787516,5659047.62036254
2026-06-23 22:15:00,1512.0,1513.0,1511.0,1511.0,11049.60497331,16704629.62915851
2026-06-23 22:30:00,1511.0,1511.0,1510.0,1510.0,8761.20471333,13237271.00505104
2026-06-23 22:45:00,1510.0,1510.0,1509.0,1509.0,862.00394134,1300855.03816173
2026-06-23 23:00:00,1511.0,1511.0,1509.0,1511.0,2047.39519531,3090810.89383541
2026-06-23 23:15:00,1509.0,1512.0,1509.0,1510.0,1381.38852427,2085495.17960749
2026-06-23 23:30:00,1510.0,1510.0,1510.0,1510.0,862.29298657,1302062.4097207
2026-06-23 23:45:00,1510.0,1512.0,1510.0,1510.0,6260.00294976,9453265.82979896
2026-06-24 00:00:00,1512.0,1512.0,1510.0,1512.0,1585.31640874,2395539.03170393
2026-06-24 00:15:00,1511.0,1513.0,1511.0,1513.0,4674.84358812,7070347.81028453
2026-06-24 00:30:00,1513.0,1513.0,1513.0,1513.0,6127.08582919,9270280.85956447
2026-06-24 00:45:00,1510.0,1510.0,1510.0,1510.0,3.97350993,5999.9999943
2026-06-24 01:00:00,1510.0,1512.0,1510.0,1510.0,1686.74740743,2547221.87562869
2026-06-24 01:30:00,1510.0,1512.0,1510.0,1512.0,4280.72357546,6464818.07971976
2026-06-24 01:45:00,1512.0,1512.0,1510.0,1510.0,1078.50591873,1628692.74911976
2026-06-24 02:30:00,1510.0,1510.0,1510.0,1510.0,4.5,6795.0
2026-06-24 03:30:00,1510.0,1510.0,1510.0,1510.0,2856.90986394,4313933.8945494
2026-06-24 03:45:00,1510.0,1510.0,1510.0,1510.0,99.7001,150547.151
2026-06-24 04:00:00,1512.0,1512.0,1512.0,1512.0,36.50793649,55199.99997288
2026-06-24 04:15:00,1512.0,1512.0,1510.0,1510.0,132.27513226,199867.72484486
2026-06-24 05:00:00,1511.0,1512.0,1511.0,1512.0,226.41269841,342307.99999592
2026-06-24 05:15:00,1512.0,1512.0,1510.0,1510.0,4596.31003818,6941806.20738352
2026-06-24 05:45:00,1510.0,1510.0,1510.0,1510.0,270.37712869,408269.4643219
2026-06-24 06:00:00,1510.0,1510.0,1510.0,1510.0,159.01254004,240108.9354604
2026-06-24 06:15:00,1510.0,1510.0,1510.0,1510.0,671.82257366,1014452.0862266
2026-06-24 06:30:00,1510.0,1510.0,1510.0,1510.0,123.01501492,185752.6725292
2026-06-24 07:00:00,1512.0,1512.0,1512.0,1512.0,396.62698412,599699.99998944
2026-06-24 07:15:00,1512.0,1512.0,1510.0,1510.0,708.09056112,1070608.0655865
2026-06-24 07:30:00,1510.0,1510.0,1510.0,1510.0,5875.82028025,8872488.6231775
2026-06-24 07:45:00,1510.0,1512.0,1509.0,1509.0,1273.17368575,1923639.91523472
2026-06-24 08:00:00,1510.0,1511.0,1510.0,1511.0,5397.41372966,8150098.04085344
2026-06-24 08:15:00,1510.0,1510.0,1508.0,1508.0,4586.0336241,6920137.98509745
2026-06-24 08:30:00,1509.0,1509.0,1508.0,1508.0,2027.29743238,3058605.20364184
2026-06-24 08:45:00,1508.0,1509.0,1508.0,1509.0,4073.81000863,6143730.37041629
2026-06-24 09:00:00,1509.0,1509.0,1508.0,1508.0,5975.30764049,9011026.21814616
2026-06-24 09:15:00,1510.0,1510.0,1508.0,1508.0,302.65382004,456608.4682604
2026-06-24 09:30:00,1508.0,1509.0,1508.0,1509.0,1926.55646906,2907025.35327566
2026-06-24 09:45:00,1508.0,1510.0,1507.0,1507.0,986.01434261,1486586.97841147
2026-06-24 10:00:00,1507.0,1507.0,1507.0,1507.0,1032.45808521,1555914.33441147
2026-06-24 10:15:00,1507.0,1509.0,1507.0,1509.0,8466.84437139,12768314.77252237
2026-06-24 10:30:00,1509.0,1509.0,1507.0,1509.0,5549.49692206,8371052.10831626
2026-06-24 10:45:00,1509.0,1509.0,1507.0,1508.0,5115.39969493,7714029.36354787
2026-06-24 11:00:00,1508.0,1508.0,1507.0,1507.0,4754.32851237,7168902.09843774
2026-06-24 11:15:00,1509.0,1509.0,1507.0,1507.0,1136.01955253,1712115.16865117
2026-06-24 11:30:00,1507.0,1508.0,1507.0,1507.0,3097.95645902,4668991.17048601
2026-06-24 11:45:00,1508.0,1508.0,1508.0,1508.0,8.4,12667.2
2026-06-24 12:00:00,1507.0,1508.0,1507.0,1507.0,2565.66212545,3866784.22234024
2026-06-24 12:15:00,1507.0,1508.0,1507.0,1507.0,6950.3308854,10477474.63700337
2026-06-24 12:30:00,1507.0,1509.0,1507.0,1509.0,3052.79204638,4601169.33010875
2026-06-24 12:45:00,1507.0,1507.0,1507.0,1507.0,2864.66829541,4317055.12118287
2026-06-24 13:00:00,1507.0,1509.0,1507.0,1507.0,8592.03574703,12948264.13982655
2026-06-24 13:15:00,1509.0,1510.0,1506.0,1506.0,8058.58607604,12143666.00359356
2026-06-24 13:30:00,1506.0,1506.0,1506.0,1506.0,4608.720474,6940733.033844
2026-06-24 13:45:00,1509.0,1509.0,1508.0,1508.0,5933.9437146,8952961.64888593
2026-06-24 14:00:00,1508.0,1510.0,1507.0,1507.0,20986.84135684,31665844.3098183
2026-06-24 14:15:00,1507.0,1510.0,1507.0,1508.0,1908.93225097,2882127.82067141
2026-06-24 14:30:00,1510.0,1511.0,1510.0,1510.0,6682.32328789,10091911.47458846
2026-06-24 14:45:00,1510.0,1510.0,1510.0,1510.0,158.34802508,239105.5178708
2026-06-24 15:00:00,1510.0,1511.0,1508.0,1511.0,3349.0147183,5056943.32934972
2026-06-24 15:15:00,1511.0,1511.0,1509.0,1509.0,1584.61476225,2391191.61799567
2026-06-24 15:30:00,1509.0,1511.0,1509.0,1511.0,1223.11317452,1847187.4944638
2026-06-24 15:45:00,1511.0,1511.0,1511.0,1511.0,355.67259387,537421.28933757
2026-06-24 16:00:00,1511.0,1512.0,1511.0,1511.0,6003.82228865,9072041.54708948
2026-06-24 16:15:00,1511.0,1512.0,1511.0,1511.0,1738.49168839,2627188.15874988
2026-06-24 16:30:00,1512.0,1512.0,1512.0,1512.0,1994.71943164,3016015.78063968
2026-06-24 16:45:00,1511.0,1511.0,1510.0,1510.0,410.01846174,619534.90070592
2026-06-24 17:00:00,1511.0,1512.0,1510.0,1510.0,995.81854365,1505140.81209064
2026-06-24 17:15:00,1512.0,1513.0,1510.0,1510.0,9827.57368938,14859470.14284861
2026-06-24 17:30:00,1512.0,1513.0,1510.0,1510.0,685.85480501,1037649.99998013
2026-06-24 17:45:00,1513.0,1513.0,1510.0,1511.0,3479.18643725,5256974.10853276
2026-06-24 18:00:00,1513.0,1513.0,1513.0,1513.0,6.60608228,9995.00248964
2026-06-24 18:15:00,1513.0,1514.0,1512.0,1514.0,16020.86454684,24239146.18407992
2026-06-24 18:30:00,1514.0,1514.0,1510.0,1514.0,4089.67962307,6179552.5341259
2026-06-24 18:45:00,1511.0,1514.0,1510.0,1513.0,35075.20311583,52973305.71755593
2026-06-24 19:00:00,1513.0,1514.0,1513.0,1514.0,9622.06822523,14565010.093903
2026-06-24 19:15:00,1514.0,1514.0,1514.0,1514.0,2583.94179314,3912087.87481396
2026-06-24 19:30:00,1514.0,1514.0,1514.0,1514.0,1221.44207471,1849263.30111094
2026-06-24 19:45:00,1514.0,1515.0,1513.0,1515.0,17144.2872561,25949634.3096166
2026-06-24 20:00:00,1514.0,1515.0,1513.0,1515.0,13501.53111349,20454482.24217631
2026-06-24 20:15:00,1515.0,1515.0,1513.0,1513.0,2402.09281783,3639130.61901245
2026-06-24 20:30:00,1515.0,1515.0,1515.0,1515.0,31.97118114,48436.3394271
2026-06-24 20:45:00,1513.0,1515.0,1512.0,1515.0,5840.70958633,8832958.22384857
2026-06-24 21:00:00,1513.0,1514.0,1512.0,1512.0,6655.7372688,10075355.9409605
2026-06-24 21:15:00,1512.0,1515.0,1512.0,1515.0,20631.80516274,31231780.4883875
2026-06-24 21:30:00,1515.0,1515.0,1513.0,1513.0,31145.65076657,47185132.42477067
2026-06-24 21:45:00,1513.0,1516.0,1512.0,1516.0,169.54409364,256980.30153345
2026-06-24 22:00:00,1516.0,1516.0,1513.0,1516.0,9092.10138744,13780205.28992904
2026-06-24 22:15:00,1516.0,1517.0,1514.0,1514.0,10366.95511764,15713217.85632521
2026-06-24 22:30:00,1517.0,1517.0,1517.0,1517.0,9313.51619159,14128604.06264203
2026-06-24 22:45:00,1517.0,1518.0,1515.0,1518.0,25161.88000745,38171516.77689823
2026-06-24 23:00:00,1518.0,1519.0,1517.0,1517.0,2000.64605301,3036622.67518125
2026-06-24 23:15:00,1519.0,1519.0,1516.0,1517.0,1584.10900243,2404766.66047161
2026-06-24 23:30:00,1517.0,1519.0,1516.0,1517.0,7235.8007501,10970466.00072409
2026-06-24 23:45:00,1518.0,1518.0,1516.0,1516.0,2160.46616541,3277711.07038689
2026-06-25 00:00:00,1518.0,1519.0,1517.0,1518.0,8173.0699196,12406795.40545227
2026-06-25 00:15:00,1519.0,1519.0,1519.0,1519.0,2759.05520826,4191004.86134694
2026-06-25 00:30:00,1519.0,1520.0,1519.0,1520.0,12253.62633567,18621188.52893465
2026-06-25 00:45:00,1520.0,1521.0,1519.0,1521.0,33312.83571868,50649034.11070277
2026-06-25 01:00:00,1520.0,1522.0,1520.0,1521.0,11063.49394769,16838389.62536366
2026-06-25 01:15:00,1523.0,1523.0,1520.0,1520.0,675.05150616,1027113.37457826
2026-06-25 01:30:00,1520.0,1520.0,1520.0,1520.0,1999.0,3038480.0
2026-06-25 01:45:00,1523.0,1526.0,1520.0,1523.0,43389.29182737,66116700.59525797
2026-06-25 02:00:00,1526.0,1526.0,1526.0,1526.0,735.2487881,1121989.6506406
2026-06-25 02:15:00,1526.0,1530.0,1524.0,1529.0,60444.68163989,92245855.50013515
2026-06-25 02:30:00,1529.0,1530.0,1526.0,1530.0,2322.41642458,3546699.1260839
2026-06-25 02:45:00,1530.0,1531.0,1530.0,1530.0,27444.53921229,41996406.96336722
2026-06-25 03:00:00,1530.0,1532.0,1529.0,1532.0,839.65752759,1284664.71760646
2026-06-25 03:15:00,1531.0,1531.0,1527.0,1527.0,1841.40091427,2812716.12603504
2026-06-25 03:30:00,1527.0,1529.0,1527.0,1529.0,3104.56448227,4741322.36927243
2026-06-25 03:45:00,1529.0,1529.0,1529.0,1529.0,3590.0,5489110.0
2026-06-25 04:00:00,1526.0,1528.0,1526.0,1528.0,2367.357485,3616990.458376
2026-06-25 04:15:00,1528.0,1528.0,1528.0,1528.0,661.78691332,1011210.40355296
2026-06-25 04:30:00,1528.0,1528.0,1528.0,1528.0,357.0387,545555.1336
2026-06-25 04:45:00,1528.0,1528.0,1528.0,1528.0,455.08407362,695368.46449136
2026-06-25 05:00:00,1529.0,1529.0,1526.0,1526.0,4741.60842179,7248055.54680555
2026-06-25 05:15:00,1525.0,1525.0,1524.0,1525.0,4683.61858354,7142498.5509803
2026-06-25 05:30:00,1524.0,1524.0,1524.0,1524.0,1761.4749,2684487.7476
2026-06-25 05:45:00,1525.0,1525.0,1521.0,1524.0,7520.95117422,11445704.59516369
2026-06-25 06:00:00,1520.0,1520.0,1520.0,1520.0,39.71051457,60359.9821464
2026-06-25 06:15:00,1524.0,1524.0,1520.0,1523.0,2286.88514809,3477882.81268038
2026-06-25 06:30:00,1520.0,1520.0,1520.0,1520.0,448.19098086,681250.2909072
2026-06-25 06:45:00,1523.0,1523.0,1520.0,1522.0,158.73123082,241520.86105178
2026-06-25 07:00:00,1520.0,1521.0,1520.0,1521.0,862.10983269,1310429.79453748
2026-06-25 07:15:00,1521.0,1521.0,1521.0,1521.0,11.0,16731.0
2026-06-25 07:30:00,1523.0,1523.0,1518.0,1518.0,2025.37852274,3076621.04636444
2026-06-25 07:45:00,1521.0,1521.0,1518.0,1520.0,1418.1977949,2156115.3139059
2026-06-25 08:00:00,1518.0,1518.0,1517.0,1517.0,839.96305565,1275036.9184767
2026-06-25 08:15:00,1520.0,1520.0,1518.0,1520.0,18.42105262,27992.10524556
2026-06-25 08:30:00,1520.0,1521.0,1518.0,1518.0,3016.33720907,4584395.53699708
2026-06-25 08:45:00,1519.0,1521.0,1518.0,1518.0,713.83691641,1084919.63182818
2026-06-25 09:00:00,1518.0,1521.0,1517.0,1521.0,4007.19718417,6084535.53531704
2026-06-25 09:15:00,1518.0,1521.0,1517.0,1521.0,7996.16200819,12139115.97644625
2026-06-25 09:30:00,1521.0,1521.0,1519.0,1519.0,7287.40495679,11082753.19179342
2026-06-25 09:45:00,1522.0,1522.0,1519.0,1519.0,8034.8051068,12206600.80311763
2026-06-25 10:00:00,1522.0,1522.0,1519.0,1522.0,3494.72887652,5308730.37051193
2026-06-25 10:15:00,1522.0,1522.0,1519.0,1519.0,668.54138587,1017492.36030022
2026-06-25 10:30:00,1520.0,1522.0,1520.0,1521.0,25560.83454915,38879989.78322544
2026-06-25 10:45:00,1521.0,1521.0,1520.0,1520.0,24223.80947305,36842797.78030383
2026-06-25 11:00:00,1520.0,1522.0,1520.0,1522.0,8549.50951425,13002091.2553525
2026-06-25 11:15:00,1520.0,1522.0,1519.0,1522.0,30810.03946117,46832658.82034375
2026-06-25 11:30:00,1521.0,1521.0,1520.0,1521.0,4622.80186729,7030281.94014809
2026-06-25 11:45:00,1519.0,1519.0,1519.0,1519.0,5824.10933271,8846822.07638649
2026-06-25 12:00:00,1521.0,1521.0,1518.0,1520.0,5144.80247024,7816271.22816334
2026-06-25 12:15:00,1518.0,1518.0,1518.0,1518.0,1246.49762172,1892183.38977096
2026-06-25 12:30:00,1518.0,1521.0,1518.0,1521.0,3216.2752982,4885460.24389047
2026-06-25 12:45:00,1521.0,1521.0,1518.0,1518.0,1016.54079304,1543201.44364974
2026-06-25 13:00:00,1518.0,1521.0,1518.0,1518.0,1924.33025831,2921313.11210887
2026-06-25 13:15:00,1518.0,1518.0,1518.0,1518.0,1950.85399286,2961396.36116148
2026-06-25 13:30:00,1518.0,1519.0,1516.0,1519.0,25251.130252,38287879.82822896
2026-06-25 13:45:00,1519.0,1519.0,1519.0,1519.0,660.62748843,1003493.15492517
2026-06-25 14:00:00,1518.0,1518.0,1515.0,1517.0,4173.07287804,6324637.62371846
2026-06-25 14:15:00,1518.0,1518.0,1517.0,1517.0,36.03874505,54681.31313148
2026-06-25 14:30:00,1516.0,1517.0,1515.0,1515.0,16567.53452524,25104897.01302185
2026-06-25 14:45:00,1515.0,1516.0,1513.0,1516.0,19153.29190099,29000982.75592744
2026-06-25 15:00:00,1516.0,1516.0,1513.0,1516.0,5552.61452531,8406675.1597168
2026-06-25 15:15:00,1516.0,1516.0,1515.0,1515.0,62.0943813,94110.6499386
2026-06-25 15:30:00,1515.0,1516.0,1513.0,1515.0,4164.96949967,6309941.18688659
2026-06-25 15:45:00,1513.0,1516.0,1513.0,1516.0,330.1608955,500477.24207196
2026-06-25 16:00:00,1516.0,1516.0,1515.0,1516.0,937.03544762,1420389.29956099
2026-06-25 16:15:00,1515.0,1516.0,1513.0,1514.0,1662.03650243,2517886.89639598
2026-06-25 16:30:00,1516.0,1516.0,1513.0,1516.0,1783.8553032,2699697.31178096
2026-06-25 16:45:00,1513.0,1516.0,1513.0,1513.0,3308.79700464,5009075.53178118
2026-06-25 17:00:00,1513.0,1513.0,1513.0,1513.0,407.62964923,616743.65928499
2026-06-25 17:15:00,1513.0,1516.0,1513.0,1514.0,4210.29279446,6372179.95469902
2026-06-25 17:30:00,1513.0,1513.0,1513.0,1513.0,10641.26461454,16100233.36179902
2026-06-25 17:45:00,1513.0,1515.0,1513.0,1514.0,9618.74149189,14555134.36076388
2026-06-25 18:00:00,1513.0,1514.0,1513.0,1513.0,2427.03950595,3673093.60875837
2026-06-25 18:15:00,1513.0,1513.0,1513.0,1513.0,7308.343209,11057523.275217
2026-06-25 18:30:00,1513.0,1516.0,1513.0,1513.0,527.54387601,798471.11029479
2026-06-25 18:45:00,1515.0,1515.0,1513.0,1515.0,674.8225122,1021048.705183
2026-06-25 19:00:00,1515.0,1516.0,1515.0,1516.0,187.86571465,284773.29469653
2026-06-25 19:15:00,1515.0,1515.0,1513.0,1513.0,2575.8142846,3897333.745273
2026-06-25 19:30:00,1515.0,1516.0,1513.0,1513.0,17279.22993666,26161626.90027317
2026-06-25 19:45:00,1513.0,1513.0,1513.0,1513.0,1058.06016637,1600845.03171781
2026-06-25 20:00:00,1513.0,1515.0,1513.0,1513.0,13648.56839366,20650327.15189224
2026-06-25 20:15:00,1513.0,1515.0,1513.0,1515.0,1075.74761739,1629337.32450973
2026-06-25 20:30:00,1513.0,1515.0,1513.0,1515.0,1593.69414246,2413886.07856754
2026-06-25 20:45:00,1514.0,1516.0,1514.0,1516.0,6430.12791446,9747301.17339399
2026-06-25 21:00:00,1516.0,1517.0,1514.0,1517.0,23200.61065305,35168719.52453261
2026-06-25 21:15:00,1515.0,1516.0,1514.0,1514.0,1459.60443784,2210772.48884764
2026-06-25 21:30:00,1514.0,1517.0,1514.0,1517.0,985.94105379,1494722.55441332
2026-06-25 21:45:00,1517.0,1517.0,1515.0,1515.0,444.20985288,673652.61810939
2026-06-25 22:00:00,1517.0,1517.0,1516.0,1517.0,2832.80293221,4297347.04816257
2026-06-25 22:15:00,1517.0,1518.0,1517.0,1518.0,646.04809416,980108.2434257
2026-06-25 22:30:00,1517.0,1520.0,1515.0,1520.0,18499.90805979,28087650.64196091
2026-06-25 22:45:00,1520.0,1533.0,1519.0,1533.0,75382.5616749,115090055.4352766
2026-06-25 23:00:00,1530.0,1530.0,1522.0,1524.0,27193.02763523,41489716.97966343
2026-06-25 23:15:00,1524.0,1526.0,1522.0,1522.0,51527.92757661,78576964.80953602
2026-06-25 23:30:00,1522.0,1524.0,1521.0,1524.0,8323.49674832,12667253.72059726
2026-06-25 23:45:00,1522.0,1523.0,1522.0,1523.0,1828.1753739,2782811.0944497
2026-06-26 00:00:00,1524.0,1526.0,1523.0,1526.0,89503.88996059,136402495.3893179
2026-06-26 00:15:00,1526.0,1526.0,1523.0,1526.0,7465.99441165,11382326.80654116
2026-06-26 00:30:00,1524.0,1527.0,1523.0,1527.0,3653.67931162,5570147.78578167
2026-06-26 00:45:00,1523.0,1527.0,1523.0,1523.0,365.64791207,557505.31161889
2026-06-26 01:00:00,1523.0,1523.0,1523.0,1523.0,116.13408951,176872.21832373
2026-06-26 01:15:00,1523.0,1525.0,1523.0,1523.0,151.52098876,230897.54788146
2026-06-26 01:30:00,1523.0,1525.0,1523.0,1525.0,14044.35048644,21389906.352759
2026-06-26 01:45:00,1525.0,1525.0,1523.0,1523.0,4710.67780852,7180156.48756148
2026-06-26 02:00:00,1523.0,1526.0,1523.0,1526.0,976.3005477,1487516.68467904
2026-06-26 02:15:00,1526.0,1526.0,1526.0,1526.0,26230.67496394,40028009.99497244
2026-06-26 02:30:00,1526.0,1526.0,1525.0,1525.0,904.60627451,1379544.22786759
2026-06-26 02:45:00,1525.0,1525.0,1525.0,1525.0,2621.63999967,3998000.99949675
2026-06-26 03:00:00,1522.0,1522.0,1521.0,1522.0,8648.42109943,13158478.77882682
2026-06-26 03:15:00,1526.0,1526.0,1522.0,1522.0,401.68523708,612109.61117741
2026-06-26 03:45:00,1523.0,1523.0,1523.0,1523.0,525.27905449,799999.99998827
2026-06-26 04:00:00,1523.0,1523.0,1523.0,1523.0,6443.0444,9812756.6212
2026-06-26 04:15:00,1525.0,1525.0,1524.0,1524.0,176.84296546,269559.935569
2026-06-26 04:30:00,1524.0,1524.0,1524.0,1524.0,1469.05773187,2238843.98336988
2026-06-26 04:45:00,1524.0,1524.0,1522.0,1522.0,285.92094925,435194.936727
2026-06-26 05:30:00,1522.0,1524.0,1522.0,1524.0,300.60942465,457666.4138325
2026-06-26 05:45:00,1524.0,1524.0,1524.0,1524.0,104.1521,158727.8004
2026-06-26 06:00:00,1522.0,1522.0,1522.0,1522.0,1962.0,2986164.0
2026-06-26 06:15:00,1522.0,1522.0,1522.0,1522.0,65.70302234,100000.00000148
2026-06-26 06:30:00,1522.0,1522.0,1521.0,1521.0,808.68455412,1230797.31473364
2026-06-26 06:45:00,1522.0,1522.0,1521.0,1521.0,197.03575,299791.37575
2026-06-26 07:00:00,1521.0,1522.0,1521.0,1522.0,917.87912713,1396145.62631857
2026-06-26 07:15:00,1521.0,1522.0,1520.0,1522.0,3052.56002434,4642369.05971269
2026-06-26 07:30:00,1522.0,1523.0,1520.0,1523.0,1081.53541388,1646630.58458128
2026-06-26 07:45:00,1523.0,1524.0,1520.0,1520.0,1199.54560566,1827209.62688065
2026-06-26 08:00:00,1520.0,1523.0,1520.0,1520.0,1531.82164434,2329176.12218067
2026-06-26 08:15:00,1520.0,1522.0,1520.0,1520.0,11076.83981197,16836804.39855708
2026-06-26 08:30:00,1520.0,1522.0,1518.0,1522.0,17942.53825564,27265851.03502881
2026-06-26 08:45:00,1522.0,1522.0,1519.0,1522.0,6492.89586993,9882099.30969705
2026-06-26 09:00:00,1522.0,1523.0,1520.0,1520.0,14754.36006695,22438582.30809866
2026-06-26 09:15:00,1520.0,1522.0,1520.0,1520.0,333.16631907,506775.7925547
2026-06-26 09:30:00,1523.0,1523.0,1520.0,1520.0,7131.99255459,10859515.17376811
2026-06-26 09:45:00,1520.0,1522.0,1520.0,1520.0,5759.38491198,8755132.2195413
2026-06-26 10:00:00,1520.0,1522.0,1520.0,1520.0,4286.66916061,6516657.61263456
2026-06-26 10:15:00,1520.0,1520.0,1519.0,1519.0,5473.15070938,8316076.68915433
2026-06-26 10:30:00,1522.0,1522.0,1520.0,1522.0,3819.51708986,5811929.40531958
2026-06-26 10:45:00,1520.0,1522.0,1520.0,1520.0,1763.97567072,2681257.54725228
2026-06-26 11:00:00,1520.0,1525.0,1520.0,1525.0,55497.97686834,84486426.0514422
2026-06-26 11:15:00,1522.0,1526.0,1522.0,1524.0,26677.87686763,40630754.59780741
2026-06-26 11:30:00,1523.0,1525.0,1522.0,1522.0,25118.05192826,38284689.25800438
2026-06-26 11:45:00,1524.0,1525.0,1521.0,1521.0,10437.97167209,15900096.16835022
2026-06-26 12:00:00,1522.0,1525.0,1521.0,1521.0,12060.52170934,18352515.48167994
2026-06-26 12:15:00,1524.0,1524.0,1524.0,1524.0,151.26098367,230521.73911308
2026-06-26 12:30:00,1524.0,1524.0,1520.0,1520.0,7268.41680944,11062729.56081006
2026-06-26 12:45:00,1520.0,1522.0,1520.0,1520.0,28972.42149023,44038087.23545182
2026-06-26 13:00:00,1520.0,1522.0,1519.0,1522.0,33860.82396361,51457596.80120966
2026-06-26 13:15:00,1522.0,1522.0,1520.0,1521.0,2846.1247638,4329312.12244705
2026-06-26 13:30:00,1521.0,1521.0,1518.0,1518.0,1227.33715917,1863809.55469678
2026-06-26 13:45:00,1521.0,1521.0,1517.0,1517.0,6675.7603943,10133828.19051624
2026-06-26 14:00:00,1517.0,1518.0,1517.0,1518.0,4551.56401485,6908772.3067983
2026-06-26 14:15:00,1518.0,1520.0,1517.0,1520.0,2217.47917586,3367349.63075128
2026-06-26 14:30:00,1520.0,1520.0,1519.0,1519.0,1287.10526315,1956329.999988
2026-06-26 14:45:00,1519.0,1519.0,1516.0,1519.0,11376.65537851,17257440.30203644
2026-06-26 15:00:00,1519.0,1519.0,1517.0,1517.0,2455.40606898,3725081.38898294
2026-06-26 15:15:00,1517.0,1519.0,1515.0,1515.0,24649.82971529,37380396.73915009
2026-06-26 15:30:00,1515.0,1517.0,1514.0,1514.0,10964.57086143,16609790.4390709
2026-06-26 15:45:00,1516.0,1517.0,1514.0,1517.0,6814.12621043,10336607.18055271
2026-06-26 16:00:00,1517.0,1517.0,1514.0,1515.0,1714.62231502,2600350.02112937
2026-06-26 16:15:00,1514.0,1517.0,1514.0,1517.0,4796.10712867,7275460.77668753
2026-06-26 16:30:00,1517.0,1519.0,1517.0,1519.0,6042.10411181,9173541.07053497
2026-06-26 16:45:00,1517.0,1519.0,1516.0,1516.0,13556.82443429,20591720.13643223
2026-06-26 17:00:00,1517.0,1519.0,1516.0,1516.0,42155.37727614,63952493.39923229
2026-06-26 17:15:00,1516.0,1517.0,1516.0,1517.0,109.90662452,166694.90948288
2026-06-26 17:30:00,1517.0,1517.0,1515.0,1517.0,928.26950994,1406585.2980971
2026-06-26 17:45:00,1515.0,1517.0,1515.0,1517.0,549.71701894,833151.54473536
2026-06-26 18:00:00,1517.0,1517.0,1515.0,1517.0,779.20850383,1181440.10031011
2026-06-26 18:15:00,1518.0,1518.0,1515.0,1515.0,2768.31647213,4196083.91477428
2026-06-26 18:30:00,1515.0,1515.0,1515.0,1515.0,1444.29951299,2188113.76217985
2026-06-26 18:45:00,1518.0,1519.0,1518.0,1519.0,3108.55497273,4718897.99839667
2026-06-26 19:00:00,1518.0,1518.0,1516.0,1516.0,249.226916,378093.23821381
2026-06-26 19:15:00,1518.0,1518.0,1517.0,1517.0,921.79179999,1398461.95238482
2026-06-26 19:30:00,1517.0,1517.0,1517.0,1517.0,1400.0,2123800.0
2026-06-26 19:45:00,1518.0,1519.0,1517.0,1519.0,7991.66026818,12131304.39997078
2026-06-26 20:00:00,1519.0,1520.0,1517.0,1520.0,1923.44084838,2921755.08949512
2026-06-26 20:15:00,1520.0,1520.0,1517.0,1520.0,755.52110672,1148100.03686399
2026-06-26 20:30:00,1518.0,1520.0,1518.0,1520.0,914.12279944,1387715.32040992
2026-06-26 20:45:00,1520.0,1521.0,1520.0,1521.0,5340.26319673,8117203.11353063
2026-06-26 21:00:00,1521.0,1521.0,1518.0,1518.0,4567.03148091,6932832.64403715
2026-06-26 21:15:00,1521.0,1521.0,1521.0,1521.0,158.52017093,241109.17998453
2026-06-26 21:30:00,1521.0,1521.0,1519.0,1521.0,10284.11863292,15639839.26651532
2026-06-26 21:45:00,1521.0,1521.0,1520.0,1521.0,2779.70362505,4225330.16053305
2026-06-26 22:00:00,1520.0,1520.0,1520.0,1520.0,3326.10708125,5055682.7635
2026-06-26 22:15:00,1521.0,1522.0,1520.0,1520.0,1546.67857755,2353881.29148934
2026-06-26 22:30:00,1522.0,1522.0,1522.0,1522.0,160.4653088,244228.1999936
2026-06-26 22:45:00,1522.0,1522.0,1518.0,1518.0,15202.44378524,23102185.24744674
2026-06-26 23:00:00,1518.0,1520.0,1518.0,1518.0,10727.32600428,16297997.63019088
2026-06-26 23:15:00,1518.0,1519.0,1517.0,1517.0,8999.23170977,13655144.90892837
2026-06-26 23:30:00,1517.0,1520.0,1516.0,1516.0,4569.13946301,6932639.51505081
2026-06-26 23:45:00,1516.0,1517.0,1516.0,1517.0,17.13523662,25980.95922977
2026-06-27 00:00:00,1516.0,1519.0,1516.0,1519.0,4412.91337382,6697432.79979458
2026-06-27 00:30:00,1518.0,1518.0,1518.0,1518.0,3.3,5009.4
2026-06-27 00:45:00,1518.0,1518.0,1516.0,1516.0,6059.73899905,9191839.45179768
2026-06-27 01:00:00,1516.0,1517.0,1514.0,1514.0,18392.32100173,27865921.48715896
2026-06-27 01:15:00,1514.0,1515.0,1514.0,1515.0,698.6155815,1057742.103991
2026-06-27 01:30:00,1515.0,1515.0,1515.0,1515.0,42.70743234,64701.7599951
2026-06-27 01:45:00,1517.0,1517.0,1517.0,1517.0,2237.33118509,3394031.40778153
2026-06-27 02:00:00,1515.0,1515.0,1515.0,1515.0,451.92576444,684667.5331266
2026-06-27 02:15:00,1515.0,1515.0,1515.0,1515.0,868.22033195,1315353.80290425
2026-06-27 02:30:00,1514.0,1514.0,1514.0,1514.0,44.02034346,66646.79999844
2026-06-27 02:45:00,1514.0,1517.0,1514.0,1514.0,329.97586632,499789.89997365
2026-06-27 03:00:00,1514.0,1514.0,1514.0,1514.0,77.63085865,117533.1199961
2026-06-27 03:15:00,1514.0,1514.0,1514.0,1514.0,149.64562747,226563.47998958
2026-06-27 03:30:00,1514.0,1517.0,1514.0,1517.0,5255.86930702,7970553.38305604
2026-06-27 03:45:00,1514.0,1516.0,1514.0,1516.0,659.38068813,998365.68636702
2026-06-27 04:00:00,1516.0,1516.0,1514.0,1516.0,601.26932199,910447.98167138
2026-06-27 04:15:00,1516.0,1516.0,1514.0,1514.0,484.118265,732983.19507586
2026-06-27 04:30:00,1514.0,1516.0,1514.0,1514.0,1173.78268149,1777128.08795526
2026-06-27 04:45:00,1514.0,1516.0,1514.0,1514.0,601.07822324,910053.53816476
2026-06-27 05:00:00,1514.0,1516.0,1514.0,1514.0,2167.65000419,3281864.32270246
2026-06-27 05:15:00,1514.0,1514.0,1514.0,1514.0,2270.82817578,3438033.85813092
2026-06-27 05:30:00,1516.0,1516.0,1516.0,1516.0,10.5540897,15999.9999852
2026-06-27 05:45:00,1514.0,1514.0,1514.0,1514.0,2018.73880797,3056370.55526658
2026-06-27 06:00:00,1514.0,1514.0,1514.0,1514.0,10.0,15140.0
2026-06-27 06:15:00,1517.0,1517.0,1514.0,1514.0,300.98148978,456288.91999626
2026-06-27 06:30:00,1518.0,1518.0,1514.0,1514.0,3140.83907734,4760497.82159012
2026-06-27 07:00:00,1518.0,1518.0,1518.0,1518.0,1567.65482541,2379700.02497238
2026-06-27 07:15:00,1518.0,1518.0,1518.0,1518.0,910.05606509,1381465.10680662
2026-06-27 07:45:00,1516.0,1516.0,1516.0,1516.0,417.79064643,633370.61998788
2026-06-27 08:00:00,1516.0,1518.0,1516.0,1516.0,43054.38251423,65271759.43834474
2026-06-27 08:15:00,1516.0,1518.0,1516.0,1518.0,1626.43679388,2465717.68545092
2026-06-27 08:30:00,1518.0,1518.0,1515.0,1518.0,253.04776902,383826.51337236
2026-06-27 08:45:00,1516.0,1518.0,1516.0,1518.0,503.52032637,764206.61761902
2026-06-27 09:00:00,1517.0,1519.0,1515.0,1519.0,2173.07777251,3300081.92882894
2026-06-27 09:15:00,1516.0,1518.0,1516.0,1518.0,1436.19748597,2179752.26623378
2026-06-27 09:30:00,1519.0,1519.0,1519.0,1519.0,1974.9835418,2999999.9999942
2026-06-27 09:45:00,1517.0,1517.0,1517.0,1517.0,1419.4650399,2153328.4655283
2026-06-27 10:00:00,1518.0,1518.0,1517.0,1517.0,501.6016043,760938.11696501
2026-06-27 10:15:00,1516.0,1516.0,1516.0,1516.0,93.13912159,141198.90833044
2026-06-27 10:30:00,1516.0,1516.0,1516.0,1516.0,149.66689143,226895.00740788
2026-06-27 10:45:00,1517.0,1519.0,1516.0,1519.0,136.84748108,207572.63121852
2026-06-27 11:00:00,1516.0,1516.0,1516.0,1516.0,927.97198514,1406805.52947224
2026-06-27 11:15:00,1516.0,1516.0,1516.0,1516.0,185.08251977,280585.09997132
2026-06-27 11:45:00,1519.0,1519.0,1517.0,1519.0,1747.11575609,2653829.62508521
2026-06-27 12:00:00,1519.0,1520.0,1518.0,1520.0,4998.19174203,7591886.85953248
2026-06-27 12:15:00,1519.0,1519.0,1518.0,1518.0,2010.30745716,3051689.15639673
2026-06-27 12:30:00,1518.0,1520.0,1517.0,1520.0,5040.6391576,7653850.14690706
2026-06-27 12:45:00,1520.0,1520.0,1520.0,1520.0,170.05641915,258485.757108
2026-06-27 13:00:00,1519.0,1519.0,1519.0,1519.0,3631.75230566,5516631.75229754
2026-06-27 13:15:00,1519.0,1519.0,1517.0,1517.0,584.42447971,887166.34427349
2026-06-27 13:30:00,1520.0,1520.0,1518.0,1518.0,469.04738485,712152.024972
2026-06-27 13:45:00,1518.0,1520.0,1517.0,1520.0,1445.74428773,2193739.87449904
2026-06-27 14:00:00,1520.0,1520.0,1520.0,1520.0,788.57945099,1198640.7655048
2026-06-27 14:15:00,1520.0,1520.0,1517.0,1517.0,2007.97298718,3050607.09840834
2026-06-27 14:30:00,1517.0,1517.0,1517.0,1517.0,74.88974757,113607.74706369
2026-06-27 15:00:00,1518.0,1518.0,1517.0,1517.0,623.45,946102.86615608
2026-06-27 15:15:00,1517.0,1517.0,1517.0,1517.0,329.21615623,499420.90900091
2026-06-27 15:30:00,1520.0,1520.0,1520.0,1520.0,184.77800572,280862.5686944
2026-06-27 15:45:00,1520.0,1520.0,1517.0,1517.0,16467.59210524,24981942.39020492
2026-06-27 16:00:00,1520.0,1520.0,1518.0,1518.0,1513.870037,2298234.716166
2026-06-27 16:30:00,1520.0,1520.0,1520.0,1520.0,5503.34687457,8365087.2493464
2026-06-27 16:45:00,1520.0,1521.0,1517.0,1520.0,23897.04339678,36324888.76811702
2026-06-27 17:00:00,1519.0,1521.0,1517.0,1521.0,13054.69969821,19824792.01142075
2026-06-27 17:15:00,1521.0,1521.0,1521.0,1521.0,1971.50077163,2998652.67364923
2026-06-27 17:30:00,1518.0,1521.0,1518.0,1518.0,2420.60117826,3674699.28879591
2026-06-27 17:45:00,1518.0,1518.0,1517.0,1517.0,2436.19852,3698130.56328336
2026-06-27 18:00:00,1517.0,1517.0,1517.0,1517.0,748.0,1134716.0
2026-06-27 18:15:00,1520.0,1521.0,1518.0,1518.0,1230.15737514,1870400.81174206
2026-06-27 18:30:00,1521.0,1521.0,1518.0,1518.0,1968.66544446,2989959.26526427
2026-06-27 19:00:00,1518.0,1518.0,1518.0,1518.0,1059.22012465,1607896.1492187
2026-06-27 19:15:00,1521.0,1521.0,1518.0,1518.0,3173.19918121,4825650.66522441
2026-06-27 19:30:00,1521.0,1521.0,1521.0,1521.0,1312.62661417,1996505.08015257
2026-06-27 19:45:00,1518.0,1518.0,1518.0,1518.0,3.94477317,5988.16567206
2026-06-27 20:00:00,1518.0,1521.0,1518.0,1518.0,4764.96668361,7236822.25546881
2026-06-27 20:15:00,1518.0,1520.0,1518.0,1520.0,1358.44013154,2063667.7414268
2026-06-27 20:30:00,1520.0,1520.0,1518.0,1518.0,1703.10668946,2585602.3328512
2026-06-27 20:45:00,1521.0,1521.0,1521.0,1521.0,2231.05400928,3393433.14811488
2026-06-27 21:00:00,1518.0,1521.0,1518.0,1521.0,1358.82303111,2063462.04852273
2026-06-27 21:15:00,1520.0,1520.0,1518.0,1518.0,1437.43644289,2183739.0466228
2026-06-27 21:30:00,1518.0,1518.0,1518.0,1518.0,1976.28458499,3000000.00001482
2026-06-27 21:45:00,1521.0,1521.0,1518.0,1518.0,2313.75588944,3514974.90211743
2026-06-27 22:00:00,1518.0,1518.0,1518.0,1518.0,1026.50491165,1558234.4558847
2026-06-27 22:15:00,1518.0,1520.0,1517.0,1517.0,2851.48527879,4329225.59909153
2026-06-27 22:30:00,1517.0,1520.0,1517.0,1517.0,401.34395285,608937.41134186
2026-06-27 22:45:00,1520.0,1520.0,1520.0,1520.0,545.83978689,829676.4760728
2026-06-27 23:00:00,1517.0,1517.0,1516.0,1516.0,16218.53154574,24592834.19203842
2026-06-27 23:15:00,1516.0,1516.0,1516.0,1516.0,145.26431397,220220.69997852
2026-06-27 23:30:00,1517.0,1519.0,1517.0,1519.0,650.09198485,986314.35803701
2026-06-27 23:45:00,1519.0,1519.0,1517.0,1517.0,2544.63746356,3860902.86381478
2026-06-28 00:00:00,1517.0,1517.0,1516.0,1516.0,1867.68084751,2831979.32487761
2026-06-28 00:15:00,1518.0,1518.0,1518.0,1518.0,20564.98266016,31217643.67812288
2026-06-28 00:30:00,1516.0,1518.0,1515.0,1518.0,2624.26883065,3975878.94529383
2026-06-28 00:45:00,1515.0,1515.0,1515.0,1515.0,815.73198679,1235833.95998685
2026-06-28 01:00:00,1515.0,1515.0,1515.0,1515.0,627.65565486,950898.3171129
2026-06-28 01:15:00,1515.0,1518.0,1515.0,1518.0,1612.596588,2446416.82866
2026-06-28 01:30:00,1515.0,1518.0,1515.0,1518.0,596.22011811,903426.47893665
2026-06-28 01:45:00,1518.0,1518.0,1515.0,1515.0,106.46228862,161496.33709548
2026-06-28 02:00:00,1515.0,1515.0,1515.0,1515.0,118.5,179527.5
2026-06-28 03:00:00,1516.0,1518.0,1516.0,1516.0,400.16781516,606888.9179591
2026-06-28 03:15:00,1516.0,1518.0,1516.0,1518.0,1683.08399993,2553192.52793514
2026-06-28 03:30:00,1516.0,1518.0,1516.0,1518.0,283.71633832,430245.4613323
2026-06-28 04:00:00,1516.0,1516.0,1516.0,1516.0,303.25686015,459737.3999874
2026-06-28 04:15:00,1518.0,1519.0,1518.0,1519.0,4317.55841889,6556221.13634817
2026-06-28 04:30:00,1519.0,1520.0,1519.0,1520.0,3819.64567009,5802715.94852458
2026-06-28 04:45:00,1520.0,1520.0,1520.0,1520.0,5260.52763157,7996001.9999864
2026-06-28 05:00:00,1517.0,1517.0,1517.0,1517.0,3.92198156,5949.64602652
2026-06-28 05:15:00,1518.0,1518.0,1518.0,1518.0,501.70120005,761582.4216759
2026-06-28 05:45:00,1520.0,1520.0,1520.0,1520.0,15.12401693,22988.5057336
2026-06-28 06:00:00,1520.0,1520.0,1520.0,1520.0,123.30156051,187418.3719752
2026-06-28 06:15:00,1520.0,1520.0,1520.0,1520.0,1533.33690068,2330672.0890336
2026-06-28 06:30:00,1518.0,1520.0,1518.0,1520.0,1920.16806144,2917455.4533888
2026-06-28 06:45:00,1520.0,1521.0,1519.0,1521.0,50458.98899114,76699535.52895442
2026-06-28 07:00:00,1521.0,1521.0,1519.0,1519.0,1599.99288995,2433150.93925195
2026-06-28 07:15:00,1521.0,1522.0,1520.0,1520.0,3198.67570381,4865311.32379614
2026-06-28 08:00:00,1522.0,1522.0,1519.0,1519.0,1124.13985127,1710929.88677294
2026-06-28 08:15:00,1519.0,1519.0,1519.0,1519.0,7439.0,11299841.0
2026-06-28 08:30:00,1519.0,1519.0,1518.0,1518.0,1277.810882,1939980.2500149
2026-06-28 09:00:00,1518.0,1520.0,1518.0,1520.0,1749.87724442,2656513.65702956
2026-06-28 09:15:00,1521.0,1521.0,1518.0,1518.0,1035.41722525,1571796.87850146
2026-06-28 09:30:00,1520.0,1520.0,1518.0,1518.0,387.19050723,587834.0978896
2026-06-28 09:45:00,1518.0,1518.0,1518.0,1518.0,122.48,185924.64
2026-06-28 10:00:00,1518.0,1518.0,1518.0,1518.0,269.22240396,408679.60921128
2026-06-28 10:15:00,1521.0,1521.0,1518.0,1518.0,1013.94477317,1542198.16567206
2026-06-28 10:30:00,1520.0,1520.0,1520.0,1520.0,716.95174246,1089766.6485392
2026-06-28 10:45:00,1520.0,1520.0,1520.0,1520.0,90.69583458,137857.6685616
2026-06-28 11:00:00,1520.0,1520.0,1520.0,1520.0,364.89522092,554640.7357984
2026-06-28 11:15:00,1520.0,1521.0,1518.0,1518.0,4353.54368332,6614677.5707074
2026-06-28 11:30:00,1521.0,1522.0,1519.0,1519.0,14368.62901238,21860851.66593082
2026-06-28 11:45:00,1522.0,1522.0,1521.0,1521.0,4026.28534516,6127980.00998836
2026-06-28 12:00:00,1519.0,1521.0,1519.0,1519.0,6394.9027039,9720428.5445022
2026-06-28 12:15:00,1519.0,1521.0,1519.0,1521.0,3845.01199656,5844573.22277464
2026-06-28 12:30:00,1521.0,1522.0,1518.0,1521.0,1837.24265807,2793178.2153825
2026-06-28 12:45:00,1521.0,1521.0,1521.0,1521.0,94.18961209,143262.39998889
2026-06-28 13:00:00,1518.0,1518.0,1518.0,1518.0,2120.12931428,3218356.29907704
2026-06-28 13:30:00,1521.0,1521.0,1518.0,1518.0,2983.42635208,4529097.51414378
2026-06-28 14:15:00,1518.0,1521.0,1518.0,1521.0,5987.538281,9095467.136199
2026-06-28 14:30:00,1518.0,1521.0,1517.0,1520.0,40921.24696645,62094668.64738532
2026-06-28 14:45:00,1518.0,1520.0,1518.0,1518.0,969.64715087,1472085.60992794
2026-06-28 15:00:00,1518.0,1519.0,1518.0,1518.0,1796.71187861,2728132.56206237
2026-06-28 15:15:00,1518.0,1520.0,1518.0,1519.0,4539.43787279,6895556.24079074
2026-06-28 15:30:00,1519.0,1519.0,1518.0,1518.0,517.32607754,785388.14146897
2026-06-28 15:45:00,1518.0,1518.0,1517.0,1517.0,738.87760016,1121336.99563808
2026-06-28 16:00:00,1519.0,1520.0,1517.0,1520.0,1559.31957661,2369864.85659767
2026-06-28 16:15:00,1520.0,1520.0,1517.0,1517.0,1149.20684648,1743357.64137331
2026-06-28 16:30:00,1520.0,1520.0,1520.0,1520.0,511.33756217,777233.0944984
2026-06-28 16:45:00,1520.0,1520.0,1517.0,1517.0,5727.06115659,8703054.59464746
2026-06-28 17:00:00,1517.0,1520.0,1517.0,1520.0,157.62647003,239282.60734827
2026-06-28 17:15:00,1520.0,1520.0,1517.0,1517.0,497.46536168,754852.3220896
2026-06-28 17:30:00,1517.0,1520.0,1517.0,1520.0,1702.81205889,2583195.89333613
2026-06-28 17:45:00,1520.0,1520.0,1517.0,1517.0,964.41418378,1464043.61745212
2026-06-28 18:15:00,1519.0,1519.0,1519.0,1519.0,5.0,7595.0
2026-06-28 18:30:00,1518.0,1518.0,1517.0,1517.0,676.98774712,1027023.35045745
2026-06-28 18:45:00,1517.0,1519.0,1516.0,1516.0,3254.77873457,4938225.50479201
2026-06-28 19:00:00,1516.0,1519.0,1516.0,1516.0,320.02567342,485756.72813884
2026-06-28 19:15:00,1520.0,1520.0,1520.0,1520.0,63.66842105,96775.999996
2026-06-28 19:30:00,1519.0,1519.0,1516.0,1516.0,218.99993416,332081.66966591
2026-06-28 19:45:00,1516.0,1516.0,1516.0,1516.0,466.27562497,706873.84745452
2026-06-28 20:00:00,1519.0,1519.0,1519.0,1519.0,64.02764975,97257.99997025
2026-06-28 20:15:00,1519.0,1519.0,1516.0,1519.0,2481.30577143,3769075.75093617
2026-06-28 20:30:00,1519.0,1519.0,1516.0,1516.0,2554.72441905,3880272.59913495
2026-06-28 21:15:00,1520.0,1520.0,1516.0,1516.0,9135.24653468,13873597.93078536
2026-06-28 21:30:00,1516.0,1519.0,1516.0,1519.0,3282.56444177,4981135.46380258
2026-06-28 21:45:00,1519.0,1519.0,1516.0,1517.0,324.47997199,492453.07745281
2026-06-28 22:00:00,1517.0,1517.0,1516.0,1516.0,1008.08861274,1528280.22354863
2026-06-28 22:15:00,1519.0,1519.0,1516.0,1516.0,283.19856581,429644.93165339
2026-06-28 22:30:00,1516.0,1516.0,1516.0,1516.0,2006.87103944,3042416.49579104
2026-06-28 22:45:00,1516.0,1516.0,1516.0,1516.0,547.94778077,830688.83564732
