,open,high,low,close,volume,value
2026-05-15 13:15:00,52.3,52.5,52.0,52.4,274534.25342051,14331949.54495553
2026-05-15 13:30:00,52.4,52.4,52.0,52.4,205559.75281658,10718286.30992808
2026-05-15 13:45:00,52.3,52.4,52.1,52.1,110956.79377875,5791438.80736991
2026-05-15 14:00:00,52.2,52.3,52.0,52.2,242897.70049514,12662853.64602713
2026-05-15 14:15:00,52.2,52.3,51.5,51.7,736399.6790651,38163315.64063731
2026-05-15 14:30:00,51.7,51.7,51.2,51.4,658676.77135352,33848336.77572343
2026-05-15 14:45:00,51.4,51.5,50.9,51.2,1799079.6931862,91998959.42341794
2026-05-15 15:00:00,51.0,51.9,51.0,51.8,1089561.60538382,55994621.21231979
2026-05-15 15:15:00,52.0,52.0,51.4,51.6,517155.0778879,26690286.22064243
2026-05-15 15:30:00,51.7,51.8,51.2,51.2,655121.25708495,33706879.84220945
2026-05-15 15:45:00,51.3,51.9,51.2,51.9,864055.36192648,44403817.12679029
2026-05-15 16:00:00,51.9,51.9,51.6,51.6,208625.21272345,10800272.69925068
2026-05-15 16:15:00,51.6,51.9,51.5,51.9,168991.06908071,8742010.47095167
2026-05-15 16:30:00,52.0,52.1,51.6,51.7,394190.4161505,20410323.50196613
2026-05-15 16:45:00,51.8,51.8,51.4,51.7,275779.55327005,14214271.93962616
2026-05-15 17:00:00,51.6,51.8,51.5,51.7,141093.04065116,7275767.66151145
2026-05-15 17:15:00,51.7,51.9,51.3,51.3,288281.7198598,14873384.04970107
2026-05-15 17:30:00,51.3,51.3,50.8,51.1,1121393.9040261,57133566.71873663
2026-05-15 17:45:00,51.2,51.2,50.5,50.9,1305681.98605238,66183553.627774
2026-05-15 18:00:00,50.9,51.1,50.6,50.6,336111.76173683,17060222.9539286
2026-05-15 18:15:00,50.6,50.8,50.5,50.5,1353877.17582209,68455514.91405676
2026-05-15 18:30:00,50.6,51.0,50.5,50.9,802499.54651813,40700902.50202197
2026-05-15 18:45:00,51.0,51.2,50.7,50.7,461360.55463252,23518042.82520714
2026-05-15 19:00:00,50.8,50.8,50.1,50.3,1304005.25305579,65653035.23289609
2026-05-15 19:15:00,50.3,50.5,50.1,50.4,398426.26190301,20025331.22773586
2026-05-15 19:30:00,50.3,50.8,50.2,50.8,333517.9983167,16772577.81997244
2026-05-15 19:45:00,50.8,50.9,50.4,50.5,358745.5106984,18157316.67061465
2026-05-15 20:00:00,50.5,50.9,50.5,50.6,404321.79894514,20492938.12574008
2026-05-15 20:15:00,50.6,50.7,50.4,50.7,125817.31546887,6356252.66797985
2026-05-15 20:30:00,50.7,50.8,50.4,50.6,1263217.82179873,63955048.74398461
2026-05-15 20:45:00,50.6,50.7,50.4,50.7,924542.88554542,46733654.64280388
2026-05-15 21:00:00,50.7,50.8,50.0,50.3,1248138.03745278,62880818.86120901
2026-05-15 21:15:00,50.3,50.3,49.5,49.9,1521336.86375892,75818157.19348
2026-05-15 21:30:00,50.0,50.7,49.6,50.7,1153756.05119059,57456044.60951594
2026-05-15 21:45:00,50.5,50.5,49.7,50.1,871562.28871351,43618274.74299514
2026-05-15 22:00:00,50.2,50.5,50.2,50.5,418266.51057358,21060020.65989599
2026-05-15 22:15:00,50.5,50.6,49.9,50.4,625714.37218944,31455224.97369184
2026-05-15 22:30:00,50.3,50.3,49.7,50.0,745236.11280245,37197659.95799981
2026-05-15 22:45:00,49.7,49.8,48.8,48.8,3221711.55455043,159021180.45716116
2026-05-15 23:00:00,48.8,49.5,48.6,49.4,1950930.66061095,95645167.94305918
2026-05-15 23:15:00,49.4,49.6,49.4,49.5,918514.84226724,45377720.89904534
2026-05-15 23:30:00,49.4,49.9,49.3,49.9,577981.20023152,28674689.10071108
2026-05-15 23:45:00,49.8,50.2,49.8,50.2,800457.06729103,40020904.9797456
2026-05-16 00:00:00,50.2,50.2,49.9,50.1,354201.38721061,17729411.10197469
2026-05-16 00:15:00,49.9,50.2,49.9,50.2,118097.51024053,5919083.86128054
2026-05-16 00:30:00,50.1,50.1,49.2,49.4,751895.54676887,37297882.15218461
2026-05-16 00:45:00,49.5,49.5,49.1,49.4,418896.55595664,20636701.47589314
2026-05-16 01:00:00,49.5,49.6,49.3,49.3,303605.8239769,15016887.73559382
2026-05-16 01:15:00,49.3,49.5,49.2,49.4,82504.12850946,4071824.79112746
2026-05-16 01:30:00,49.5,49.5,49.2,49.2,79535.78216723,3925723.95204546
2026-05-16 01:45:00,49.5,49.6,49.3,49.5,215367.87841785,10667049.84181255
2026-05-16 02:00:00,49.6,49.7,49.2,49.2,464434.06817818,22940699.49484899
2026-05-16 02:15:00,49.2,49.5,49.2,49.4,107295.79255033,5304725.12406566
2026-05-16 02:30:00,49.2,49.4,49.2,49.2,328503.22286046,16173189.8875151
2026-05-16 02:45:00,49.2,49.2,49.1,49.2,145139.0334095,7127149.44512609
2026-05-16 03:00:00,49.4,49.5,49.4,49.5,103792.49050179,5135978.16061745
2026-05-16 03:15:00,49.5,49.8,49.5,49.8,260923.4404235,12943409.96816675
2026-05-16 03:30:00,49.7,49.8,49.7,49.7,58300.42559042,2902351.01963647
2026-05-16 04:00:00,49.9,49.9,49.7,49.9,44235.95136371,2207282.76914913
2026-05-16 04:15:00,49.8,49.8,49.8,49.8,23776.59715721,1184074.53842906
2026-05-16 04:30:00,49.9,49.9,49.9,49.9,7974.95116514,397950.06314049
2026-05-16 04:45:00,49.8,49.9,49.7,49.7,80927.2635389,4031299.360416
2026-05-16 05:00:00,49.9,50.3,49.7,50.3,364610.56570996,18245103.85596042
2026-05-16 05:15:00,50.2,50.2,49.6,49.6,242367.09519797,12111725.93643849
2026-05-16 05:30:00,49.8,50.1,49.8,50.0,49097.78730465,2450651.86072322
2026-05-16 05:45:00,50.0,50.2,50.0,50.2,180669.51896707,9047422.52785704
2026-05-16 06:00:00,50.2,50.6,50.2,50.3,254396.07759641,12818739.37739132
2026-05-16 06:15:00,50.1,50.1,49.9,50.0,139145.80602156,6958341.13860829
2026-05-16 06:30:00,49.9,50.1,49.3,49.5,388508.45807451,19350488.53604776
2026-05-16 06:45:00,49.5,49.7,49.5,49.7,57496.15782456,2847081.3587115
2026-05-16 07:00:00,49.9,50.3,49.8,50.3,293635.42150818,14691308.95511503
2026-05-16 07:15:00,50.2,50.3,50.2,50.2,71898.57247094,3610394.54371405
2026-05-16 07:30:00,50.3,50.4,50.2,50.4,99285.85423046,4992785.16837479
2026-05-16 07:45:00,50.4,50.6,50.4,50.6,112568.86088781,5683357.423185
2026-05-16 08:00:00,50.5,50.7,50.4,50.5,171537.32349618,8665525.92281583
2026-05-16 08:15:00,50.5,50.5,49.5,49.9,2341231.49208491,117006263.5729868
2026-05-16 08:30:00,49.9,50.0,49.6,50.0,403506.41878093,20131252.35268328
2026-05-16 08:45:00,50.0,50.5,49.9,50.2,830093.21840436,41689728.82770955
2026-05-16 09:00:00,50.2,52.7,49.1,52.2,15140351.90265473,780392094.2902372
2026-05-16 09:15:00,52.2,52.5,50.0,50.6,12341077.57156114,631737735.2349815
2026-05-16 09:30:00,50.6,50.9,50.4,50.7,1817233.03323066,91794044.28034513
2026-05-16 09:45:00,50.7,50.7,49.2,49.4,3334406.41040923,165982188.26500604
2026-05-16 10:00:00,49.4,49.7,49.2,49.2,1101891.90736809,54376489.53306169
2026-05-16 10:15:00,49.3,49.3,49.1,49.2,1003247.23474263,49372630.40064786
2026-05-16 10:30:00,49.2,49.8,49.1,49.3,448556.4906118,22153938.83583824
2026-05-16 10:45:00,49.5,49.5,49.0,49.1,515367.40989706,25337740.36868011
2026-05-16 11:00:00,49.2,49.5,48.9,49.4,842637.89272273,41445090.56026026
2026-05-16 11:15:00,49.3,49.4,49.3,49.4,69744.45924536,3438411.96427803
2026-05-16 11:30:00,49.4,49.4,48.7,48.8,1699176.25348328,83241149.3633964
2026-05-16 11:45:00,48.8,48.8,47.8,47.8,1949954.23920301,94145678.46020848
2026-05-16 12:00:00,47.8,48.1,47.8,48.0,764373.79105831,36599632.42097666
2026-05-16 12:15:00,48.0,48.1,47.1,47.4,3037521.19308058,143821764.41934323
2026-05-16 12:30:00,47.4,47.8,47.4,47.6,1540525.11462951,73231817.54354298
2026-05-16 12:45:00,47.5,47.6,47.4,47.5,521081.26189326,24723929.51231498
2026-05-16 13:00:00,47.5,47.5,47.4,47.5,138344.0551688,6571267.13528593
2026-05-16 13:15:00,47.5,47.7,47.4,47.4,474596.46515763,22528266.04632168
2026-05-16 13:30:00,47.6,47.6,47.4,47.4,597830.63428127,28374141.55771197
2026-05-16 13:45:00,47.5,47.7,47.4,47.6,210428.83152816,10006186.36434909
2026-05-16 14:00:00,47.6,47.9,47.6,47.9,798292.33884681,38113038.70103185
2026-05-16 14:15:00,47.9,47.9,47.8,47.9,250265.84679969,11983331.06095743
2026-05-16 14:30:00,47.9,47.9,47.7,47.7,226129.58322183,10804460.91745849
2026-05-16 14:45:00,47.7,47.9,47.6,47.7,189640.64501885,9044922.00110717
2026-05-16 15:00:00,47.8,47.9,47.5,47.5,487237.33497832,23225065.26098529
2026-05-16 15:15:00,47.6,47.8,47.4,47.6,229322.29588323,10901657.30501706
2026-05-16 15:30:00,47.4,47.6,47.3,47.3,539865.48836386,25581085.56737389
2026-05-16 15:45:00,47.3,47.4,47.2,47.3,604919.6452103,28613324.77979242
2026-05-16 16:00:00,47.3,47.4,45.7,46.2,2568039.15774658,119454047.53251253
2026-05-16 16:15:00,46.0,46.4,45.4,46.3,2182907.87885694,100369486.6245469
2026-05-16 16:30:00,46.3,46.4,46.0,46.3,623988.60208928,28790638.8102449
2026-05-16 16:45:00,46.3,46.3,46.1,46.3,541183.59612407,25023201.72795124
2026-05-16 17:00:00,46.3,46.3,45.5,45.8,2271425.10084305,103862312.17929664
2026-05-16 17:15:00,45.8,46.1,45.6,45.9,1054314.19671261,48187252.90970217
2026-05-16 17:30:00,45.9,46.1,45.8,45.9,327399.20076597,15030091.55704279
2026-05-16 17:45:00,46.1,46.2,45.6,46.1,471994.57919729,21604694.67562683
2026-05-16 18:00:00,45.8,46.6,45.8,46.6,763977.33043007,35289509.82294409
2026-05-16 18:15:00,46.4,46.6,45.6,45.9,1970227.39662899,90674934.08406857
2026-05-16 18:30:00,45.8,45.8,45.4,45.7,541071.61948484,24663089.24334337
2026-05-16 18:45:00,45.7,46.1,45.6,46.0,671033.16082317,30730338.63037047
2026-05-16 19:00:00,46.0,46.1,45.7,45.9,566587.7921723,25979040.22111205
2026-05-16 19:15:00,45.9,46.6,45.9,46.0,1046678.90275306,48450003.79956646
2026-05-16 19:30:00,46.1,46.6,46.0,46.6,358480.17218905,16591147.23156361
2026-05-16 19:45:00,46.6,46.7,46.3,46.5,714116.94043662,33203556.79894019
2026-05-16 20:00:00,46.5,46.9,46.5,46.8,652244.83649204,30497682.41010141
2026-05-16 20:15:00,46.7,46.8,46.5,46.8,329105.38317518,15368356.66926599
2026-05-16 20:30:00,46.8,46.8,46.5,46.7,405726.81266106,18911812.14685517
2026-05-16 20:45:00,46.7,46.8,46.5,46.5,126994.56597096,5913257.54112092
2026-05-16 21:00:00,46.5,46.5,46.1,46.4,609943.65424106,28271961.33462753
2026-05-16 21:15:00,46.4,46.4,46.2,46.2,103342.12357363,4782326.44344274
2026-05-16 21:30:00,46.1,46.1,45.3,45.8,1852713.58203663,84546549.88122985
2026-05-16 21:45:00,45.8,46.2,45.8,46.2,140412.43648545,6462924.06265067
2026-05-16 22:00:00,46.2,46.3,46.1,46.3,126441.44677805,5843516.89914598
2026-05-16 22:15:00,46.3,46.4,46.2,46.3,33935.74920745,1570137.39025327
2026-05-16 22:30:00,46.3,46.3,46.2,46.2,179466.73715571,8297615.10334053
2026-05-16 22:45:00,46.3,46.3,46.0,46.3,345724.48445027,15938789.06836939
2026-05-16 23:00:00,46.3,46.3,46.1,46.3,158800.53022756,7343770.67109857
2026-05-16 23:15:00,46.3,46.5,46.2,46.5,344453.53651053,15965668.94198113
2026-05-16 23:30:00,46.3,46.7,46.3,46.7,253004.02482215,11786730.60918368
2026-05-16 23:45:00,46.7,46.8,46.7,46.8,86025.60530612,4023442.50415494
2026-05-17 00:00:00,46.8,46.9,46.5,46.5,480746.20621999,22440039.2961671
2026-05-17 00:15:00,46.5,46.5,46.4,46.5,33900.58688971,1576313.05055696
2026-05-17 00:30:00,46.5,46.7,46.4,46.7,53355.7283003,2481762.74939175
2026-05-17 00:45:00,46.7,46.7,46.7,46.7,9547.85990301,445885.05747057
2026-05-17 01:00:00,46.7,46.9,46.4,46.7,241816.80852052,11272817.72326283
2026-05-17 01:15:00,46.7,46.7,46.7,46.7,14460.43007516,675302.08450997
2026-05-17 01:30:00,46.8,46.8,46.8,46.8,7047.75817219,329835.08245849
2026-05-17 01:45:00,46.8,46.8,46.6,46.8,211672.64704683,9899011.60482967
2026-05-17 02:00:00,46.8,46.8,46.8,46.8,10836.388888,507142.9999584
2026-05-17 02:15:00,46.8,47.3,46.8,47.2,303828.92401331,14275826.2901639
2026-05-17 02:30:00,47.2,47.2,47.2,47.2,38777.62161291,1830303.74012935
2026-05-17 02:45:00,47.1,47.3,47.1,47.3,17033.07236466,804667.38846517
2026-05-17 03:00:00,47.2,47.4,47.2,47.3,98192.51160823,4651978.96870622
2026-05-17 03:15:00,47.4,47.4,47.4,47.4,1915.56962025,90797.99999985
2026-05-17 03:30:00,47.4,47.6,47.4,47.6,95481.88236238,4532155.36975617
2026-05-17 03:45:00,47.4,47.4,47.4,47.4,33911.10894964,1607386.56421294
2026-05-17 04:00:00,47.5,47.5,47.5,47.5,9847.24210526,467743.99999985
2026-05-17 04:15:00,47.3,47.4,47.2,47.3,21759.32597339,1028664.68280711
2026-05-17 04:30:00,47.2,47.2,47.1,47.1,33974.51219961,1601116.41167912
2026-05-17 04:45:00,47.0,47.0,47.0,47.0,18255.36112973,858001.97309731
2026-05-17 05:00:00,47.3,47.3,47.0,47.1,42472.88321684,1997100.68502431
2026-05-17 05:15:00,47.0,47.0,47.0,47.0,340.04802553,15982.25719991
2026-05-17 05:45:00,47.0,47.1,47.0,47.1,1939.05170556,91308.10390937
2026-05-17 06:00:00,47.1,47.4,47.1,47.4,31620.08353658,1491105.93457292
2026-05-17 06:15:00,47.4,47.4,47.3,47.3,131238.63340537,6211680.08570644
2026-05-17 06:30:00,47.3,47.8,47.3,47.6,270215.25443873,12849843.03830914
2026-05-17 06:45:00,47.7,48.2,47.7,48.2,378857.48849835,18162496.64256828
2026-05-17 07:00:00,48.2,48.7,48.2,48.6,340309.56408471,16481553.36405328
2026-05-17 07:15:00,48.6,48.8,48.1,48.5,477180.25336394,23107054.30498505
2026-05-17 07:30:00,48.5,48.8,48.2,48.6,524292.93750786,25500148.58900615
2026-05-17 07:45:00,48.7,48.9,48.6,48.6,411511.74840746,20075941.42475967
2026-05-17 08:00:00,48.6,48.9,48.4,48.8,1040154.17522779,50680649.3637902
2026-05-17 08:15:00,48.8,48.8,48.3,48.5,460781.5377663,22328187.20964184
2026-05-17 08:30:00,48.4,48.5,48.1,48.2,529749.24532689,25585923.34402238
2026-05-17 08:45:00,48.2,48.7,48.1,48.4,1203359.20007764,58173277.34559946
2026-05-17 09:00:00,48.3,48.5,47.2,47.5,1866949.23017263,89076094.22517955
2026-05-17 09:15:00,47.5,48.5,47.5,48.1,961506.03223683,46201546.60034137
2026-05-17 09:30:00,48.0,48.0,47.1,47.3,650001.11418527,30830344.91894894
2026-05-17 09:45:00,47.4,47.5,47.1,47.2,763221.32284079,36017507.71001454
2026-05-17 10:00:00,47.1,47.2,46.6,47.1,594036.39425805,27868342.54307336
2026-05-17 10:15:00,46.9,47.2,46.9,47.1,547574.50087198,25741752.76111589
2026-05-17 10:30:00,46.9,47.1,46.7,46.7,596577.86342465,27945182.83745202
2026-05-17 10:45:00,46.7,46.9,46.5,46.5,521586.66303118,24325512.93782096
2026-05-17 11:00:00,46.5,46.5,46.3,46.5,536727.31039931,24893769.22718637
2026-05-17 11:15:00,46.4,46.8,46.4,46.4,389848.50290902,18184422.8270149
2026-05-17 11:30:00,46.5,46.6,46.5,46.6,72685.6065369,3379891.54087572
2026-05-17 11:45:00,46.7,46.7,46.5,46.7,204527.43751082,9515092.14801728
2026-05-17 12:00:00,46.7,46.8,46.7,46.7,55394.11377209,2591125.54223491
2026-05-17 12:15:00,46.7,46.7,46.4,46.5,375233.82295493,17480149.5255689
2026-05-17 12:30:00,46.5,46.8,46.5,46.7,129313.30674609,6024480.23091107
2026-05-17 12:45:00,46.7,46.7,46.5,46.6,80035.0389076,3728974.58186054
2026-05-17 13:00:00,46.7,46.8,46.5,46.8,223856.11205433,10446415.52023194
2026-05-17 13:15:00,46.8,47.2,46.8,47.2,679117.7290153,31933819.44099637
2026-05-17 13:30:00,47.2,47.2,46.9,47.0,235022.72962429,11035234.62405179
2026-05-17 13:45:00,47.0,47.2,46.9,46.9,328375.3404156,15466043.68025934
2026-05-17 14:00:00,47.1,47.2,47.0,47.2,169008.93363638,7966799.19874638
2026-05-17 14:15:00,47.1,47.1,47.0,47.1,80357.45419198,3784812.78241895
2026-05-17 14:30:00,47.1,47.1,46.9,46.9,153903.23547581,7228121.64282801
2026-05-17 14:45:00,47.1,47.2,47.0,47.0,158431.62482254,7448503.9991344
2026-05-17 15:00:00,47.0,47.4,47.0,47.3,218274.73014365,10305518.82303586
2026-05-17 15:15:00,47.4,47.6,47.4,47.5,386627.71633489,18372980.65588471
2026-05-17 15:30:00,47.7,48.0,47.7,47.7,150150.15502529,7180518.1309086
2026-05-17 15:45:00,47.6,47.6,47.3,47.4,437190.40610791,20736436.71353435
2026-05-17 16:00:00,47.5,47.5,47.5,47.5,58854.21262583,2795575.09972693
2026-05-17 16:15:00,47.4,47.5,47.4,47.4,16426.70237082,778636.21974476
2026-05-17 16:30:00,47.5,48.1,47.5,48.0,341266.41667666,16327741.9349673
2026-05-17 16:45:00,47.9,48.1,47.9,48.1,393454.16664134,18895618.17444265
2026-05-17 17:00:00,47.9,48.3,47.9,48.3,256387.20845961,12363105.64218997
2026-05-17 17:15:00,48.3,48.3,48.0,48.1,104808.31567686,5043805.82444735
2026-05-17 17:30:00,48.0,48.1,48.0,48.1,68039.82737104,3266069.04470788
2026-05-17 17:45:00,48.1,48.1,47.5,47.8,412364.31880978,19654845.48246413
2026-05-17 18:00:00,47.7,47.7,47.7,47.7,57621.22673676,2748532.51534345
2026-05-17 18:15:00,47.6,47.7,47.6,47.7,130876.51716926,6239589.37031674
2026-05-17 18:30:00,47.8,47.8,47.6,47.6,25843.47981139,1232021.81087536
2026-05-17 18:45:00,47.6,47.9,47.6,47.9,9119.39720583,436777.11444254
2026-05-17 19:00:00,47.9,48.0,47.8,48.0,66754.85640966,3195108.69578785
2026-05-17 19:15:00,48.0,48.0,47.9,48.0,53118.37831083,2546509.08588343
2026-05-17 19:30:00,47.9,48.0,47.9,48.0,202098.91354182,9699208.12455474
2026-05-17 19:45:00,48.0,48.4,47.9,48.4,342100.32368365,16475249.5008955
2026-05-17 20:00:00,48.4,48.4,47.9,48.3,372507.89891322,17970266.46670883
2026-05-17 20:15:00,48.3,48.3,48.1,48.1,9830.01856971,474092.66823147
2026-05-17 20:30:00,48.2,48.3,48.1,48.1,39364.76176083,1894708.58214839
2026-05-17 20:45:00,48.2,48.3,48.0,48.3,236843.0331967,11419584.62082804
2026-05-17 21:00:00,48.3,48.3,48.3,48.3,20981.73296737,1013417.70232397
2026-05-17 21:15:00,48.3,48.3,48.2,48.3,121630.73114898,5873490.17105586
2026-05-17 21:30:00,48.4,49.2,48.3,49.2,809276.45773898,39515972.4352834
2026-05-17 21:45:00,49.0,49.2,49.0,49.1,696537.53605484,34200151.1251402
2026-05-17 22:00:00,49.1,49.1,48.8,49.0,357526.78555263,17506069.05988331
2026-05-17 22:15:00,49.0,49.0,48.8,48.8,244581.94512145,11971921.78159495
2026-05-17 22:30:00,48.9,48.9,48.4,48.6,288131.23157575,13996792.47317281
2026-05-17 22:45:00,48.5,48.5,47.6,48.2,636080.63659914,30492098.57262582
2026-05-17 23:00:00,48.3,49.8,48.3,48.7,2651755.85959416,130121245.58441652
2026-05-17 23:15:00,48.5,49.0,48.1,49.0,301495.67608384,14623705.9631068
2026-05-17 23:30:00,49.0,49.0,48.8,49.0,222600.38177899,10907377.97397295
2026-05-17 23:45:00,48.8,48.8,48.5,48.5,202249.18398581,9820836.91628314
2026-05-18 00:00:00,48.5,48.6,48.2,48.2,217855.0930012,10536577.68277579
2026-05-18 00:15:00,48.3,48.3,48.0,48.2,151270.30138451,7283101.23294417
2026-05-18 00:30:00,48.2,48.2,47.8,48.0,339028.60875073,16258969.43133224
2026-05-18 00:45:00,48.0,48.1,48.0,48.1,18076.88067001,868093.52579873
2026-05-18 01:00:00,48.1,48.2,48.0,48.0,11120.53519205,534888.62058114
2026-05-18 01:15:00,48.1,48.1,48.0,48.0,127234.15165771,6119605.85728845
2026-05-18 01:30:00,48.0,48.2,48.0,48.2,55330.33802975,2655947.47024127
2026-05-18 01:45:00,48.2,48.2,48.2,48.2,247.28215767,11918.99999969
2026-05-18 02:00:00,48.0,48.2,48.0,48.1,701.39004147,33712.13277894
2026-05-18 02:30:00,48.1,48.2,47.9,47.9,129504.60476436,6217207.0870643
2026-05-18 02:45:00,47.9,47.9,47.8,47.9,269367.62762414,12875974.63329787
2026-05-18 03:15:00,48.1,48.1,48.0,48.0,35292.61806013,1697370.48264884
2026-05-18 04:00:00,47.9,47.9,47.9,47.9,64020.43669042,3066578.91747112
2026-05-18 04:15:00,47.8,47.8,47.8,47.8,14024.59726718,670375.7493712
2026-05-18 04:30:00,47.8,47.8,47.8,47.8,18096.21505036,864999.07940721
2026-05-18 04:45:00,48.0,48.0,48.0,48.0,1754.26869898,84204.89755104
2026-05-18 05:00:00,48.0,48.1,48.0,48.1,145670.15085765,7003366.55468708
2026-05-18 05:15:00,48.1,48.1,48.1,48.1,37319.40262692,1795063.26635485
2026-05-18 05:30:00,48.0,48.1,48.0,48.1,4990.2318649,239542.2295152
2026-05-18 05:45:00,48.0,48.1,48.0,48.1,8350.9927669,400951.60291515
2026-05-18 06:00:00,48.1,48.5,48.1,48.3,76779.49831318,3703941.12719938
2026-05-18 06:15:00,48.5,48.7,48.5,48.7,1475.22409002,71711.70928547
2026-05-18 06:30:00,48.7,48.7,48.3,48.3,53911.65232937,2621169.79995928
2026-05-18 06:45:00,48.5,48.5,48.4,48.4,54012.40821562,2618767.66471443
2026-05-18 07:00:00,48.4,48.4,48.3,48.3,206553.99822021,9986563.98861706
2026-05-18 07:15:00,48.2,48.4,48.0,48.4,102052.00853459,4922630.42272721
2026-05-18 07:30:00,48.4,48.7,48.1,48.4,425703.6538352,20596958.91124072
2026-05-18 07:45:00,48.3,48.3,47.9,47.9,272367.71329744,13098925.855807
2026-05-18 08:00:00,47.9,47.9,47.0,47.2,669915.79941057,31707718.93651763
2026-05-18 08:15:00,47.2,47.4,47.1,47.4,394287.90098076,18627348.86969738
2026-05-18 08:30:00,47.3,47.3,46.7,47.0,1776368.0502979,83299337.81112249
2026-05-18 08:45:00,46.9,47.1,46.6,46.7,817884.29132649,38292855.91832991
2026-05-18 09:00:00,46.8,47.0,45.6,46.2,2421794.4111335,112228945.6893694
2026-05-18 09:15:00,46.0,46.7,46.0,46.4,423904.25116796,19629882.36627696
2026-05-18 09:30:00,46.5,46.5,45.4,45.5,1784182.84198986,81568276.19651616
2026-05-18 09:45:00,45.5,45.5,45.0,45.1,1421839.29764342,64341527.48305353
2026-05-18 10:00:00,45.2,45.5,45.0,45.3,791034.68706142,35787397.27558762
2026-05-18 10:15:00,45.4,45.6,44.4,44.4,1560737.62716468,70075411.11148594
2026-05-18 10:30:00,44.4,44.9,44.2,44.6,1295231.63676202,57727217.64018832
2026-05-18 10:45:00,44.7,44.8,44.5,44.8,786847.23270766,35159052.33727452
2026-05-18 11:00:00,44.8,45.1,44.7,45.1,374277.34633459,16815522.26500695
2026-05-18 11:15:00,44.8,45.0,44.7,45.0,73940.13033851,3309124.26176101
2026-05-18 11:30:00,45.0,45.4,45.0,45.3,373854.73097188,16893028.53111515
2026-05-18 11:45:00,45.1,45.1,44.9,44.9,75974.31406099,3411739.68041196
2026-05-18 12:00:00,44.9,45.1,44.9,45.1,157422.24500874,7073737.49852412
2026-05-18 12:15:00,45.1,45.1,44.6,44.7,541129.02653198,24248573.59497813
2026-05-18 12:30:00,44.7,44.7,44.3,44.4,961306.26647477,42739161.93006771
2026-05-18 12:45:00,44.5,44.8,44.5,44.7,119483.42416597,5333376.0771466
2026-05-18 13:00:00,44.7,44.7,44.4,44.4,428181.43041517,19080870.45850759
2026-05-18 13:15:00,44.5,45.0,44.5,45.0,12972.60559448,579899.36703622
2026-05-18 13:30:00,44.7,44.9,44.7,44.7,329612.65642167,14747090.39000321
2026-05-18 13:45:00,44.7,44.8,44.7,44.8,91842.41653775,4112140.30578667
2026-05-18 14:00:00,44.8,44.8,44.6,44.6,456970.4924817,20416376.9020198
2026-05-18 14:15:00,44.6,44.6,44.1,44.3,1122756.51354318,49801536.77702951
2026-05-18 14:30:00,44.2,44.3,44.1,44.3,248067.33550483,10943937.45986611
2026-05-18 14:45:00,44.1,44.3,44.1,44.2,295497.49294471,13058080.89536914
2026-05-18 15:00:00,44.3,44.3,44.1,44.2,114479.23484314,5058747.98605087
2026-05-18 15:15:00,44.1,44.2,44.0,44.2,145699.15644707,6419732.66048305
2026-05-18 15:30:00,44.1,44.3,43.9,44.2,318318.36163565,14028052.99098355
2026-05-18 15:45:00,44.0,44.1,43.4,43.7,1038606.69152707,45449609.34766859
2026-05-18 16:00:00,43.8,44.9,43.8,44.6,1322597.57274823,58940187.27721176
2026-05-18 16:15:00,44.6,44.8,44.5,44.7,157419.54586103,7049612.66653815
2026-05-18 16:30:00,44.7,44.7,44.6,44.6,183931.79793343,8215202.25282705
2026-05-18 16:45:00,44.5,44.5,43.6,44.2,801669.78307529,35256225.99108771
2026-05-18 17:00:00,44.2,44.5,44.2,44.2,353574.08079873,15690615.00292095
2026-05-18 17:15:00,44.3,44.3,43.9,44.0,424672.51275855,18692710.51062247
2026-05-18 17:30:00,44.0,44.1,43.9,44.1,206129.74552012,9076373.09308379
2026-05-18 17:45:00,44.2,44.2,44.0,44.1,88700.37466142,3906823.85509354
2026-05-18 18:00:00,44.2,44.2,44.1,44.1,273269.74762344,12078112.10517011
2026-05-18 18:15:00,44.1,44.1,43.9,43.9,82139.75970343,3612392.26744592
2026-05-18 18:30:00,43.9,44.1,43.9,44.1,132333.10411757,5824518.30816153
2026-05-18 18:45:00,44.0,44.0,43.8,43.8,271208.74061928,11900843.91723568
2026-05-18 19:00:00,43.8,44.1,43.8,44.1,69597.44168757,3059841.05867369
2026-05-18 19:15:00,44.0,44.3,43.9,44.3,290671.87813868,12835714.91586448
2026-05-18 19:30:00,44.3,44.3,44.1,44.1,78911.86348134,3493743.85922111
2026-05-18 19:45:00,44.3,44.3,44.1,44.1,31923.05631765,1409330.78360837
2026-05-18 20:00:00,44.1,44.2,44.0,44.0,236795.12527826,10420683.26956776
2026-05-18 20:15:00,44.0,44.1,43.9,44.1,190444.5329644,8383730.42990054
2026-05-18 20:30:00,44.2,44.3,44.1,44.3,73481.47563832,3250693.05034538
2026-05-18 20:45:00,44.3,44.5,44.3,44.3,220551.38138547,9789585.49386799
2026-05-18 21:00:00,44.3,45.2,44.3,44.9,950395.51541997,42601485.38977114
2026-05-18 21:15:00,45.0,45.6,45.0,45.3,849916.39368247,38504275.72444947
2026-05-18 21:30:00,45.1,45.4,45.1,45.4,218354.84983234,9868100.27471427
2026-05-18 21:45:00,45.4,45.4,44.7,44.9,527391.19584102,23801476.13267915
2026-05-18 22:00:00,44.9,45.1,44.9,44.9,89634.62829914,4030177.3667299
2026-05-18 22:15:00,44.9,45.3,44.8,44.8,619065.35382707,27814411.21182818
2026-05-18 22:30:00,44.8,44.9,44.5,44.5,289341.95785419,12928684.69524897
2026-05-18 22:45:00,44.4,44.8,44.3,44.8,184639.33408348,8233598.0155555
2026-05-18 23:00:00,44.8,44.9,44.7,44.9,54125.3438561,2426979.2748806
2026-05-18 23:15:00,44.8,44.9,44.4,44.6,326750.06684132,14590372.98318755
2026-05-18 23:30:00,44.3,44.6,44.0,44.1,767945.36997163,33943726.022726
2026-05-18 23:45:00,44.3,44.3,43.7,43.8,963683.85127345,42214526.79960752
2026-05-19 00:00:00,43.9,44.1,43.6,44.1,438218.58517254,19199667.37432944
2026-05-19 00:15:00,44.1,44.2,43.8,43.8,221394.63772209,9741240.85212803
2026-05-19 00:30:00,44.0,44.6,44.0,44.3,208144.53838598,9228097.52514283
2026-05-19 00:45:00,44.3,44.3,44.3,44.3,42391.09029883,1877925.30023817
2026-05-19 01:00:00,44.4,44.4,44.3,44.3,812.81531531,36064.99999976
2026-05-19 01:15:00,44.3,44.5,44.3,44.4,90753.33071804,4034394.31145138
2026-05-19 01:30:00,44.5,44.5,44.5,44.5,47929.39325841,2132857.99999925
2026-05-19 01:45:00,44.6,44.6,44.6,44.6,7929.11620268,353638.58263953
2026-05-19 02:00:00,44.6,45.3,44.6,45.2,109524.75670151,4902446.01491477
2026-05-19 02:15:00,45.1,45.1,45.1,45.1,31600.47122639,1425181.25231019
2026-05-19 02:30:00,45.1,45.1,44.8,44.8,117918.97113418,5310045.59815152
2026-05-19 02:45:00,44.5,44.5,44.5,44.5,7041.74813822,313357.79215079
2026-05-19 03:00:00,44.7,44.8,44.6,44.8,59945.1910231,2681360.28200611
2026-05-19 03:15:00,44.8,45.0,44.8,44.8,70197.64096516,3144898.95809631
2026-05-19 03:30:00,44.9,45.0,44.7,44.7,156078.08118504,6994592.99514999
2026-05-19 03:45:00,44.6,44.6,44.6,44.6,14965.54897609,667463.48433361
2026-05-19 04:00:00,44.7,44.8,44.7,44.8,26500.0,1185727.63078683
2026-05-19 04:15:00,45.0,45.1,44.8,44.8,71412.12946691,3215187.93961361
2026-05-19 04:30:00,44.8,44.8,44.8,44.8,3601.06025939,161327.49962067
2026-05-19 04:45:00,45.0,45.1,45.0,45.1,81539.32486593,3674897.08321032
2026-05-19 05:00:00,45.1,45.1,44.7,44.7,108786.62468413,4878218.34232309
2026-05-19 05:15:00,44.9,44.9,44.5,44.7,284629.63297166,12698532.9273941
2026-05-19 05:30:00,44.7,45.2,44.0,45.2,330645.42853537,14678925.97232467
2026-05-19 05:45:00,45.0,45.0,45.0,45.0,24511.09913333,1102999.46099985
2026-05-19 06:00:00,45.0,45.0,44.8,44.8,40128.61471906,1801901.79948857
2026-05-19 06:15:00,45.0,45.3,45.0,45.2,66974.01274536,3024307.69230685
2026-05-19 06:30:00,45.3,45.3,44.9,45.3,189478.54181468,8537531.03443638
2026-05-19 06:45:00,45.3,45.3,45.0,45.0,91018.03070844,4103223.00867796
2026-05-19 07:00:00,45.1,45.4,45.1,45.4,168698.99900666,7646472.85490186
2026-05-19 07:15:00,45.4,45.7,45.4,45.7,231016.43352039,10506542.3760053
2026-05-19 07:30:00,45.7,45.8,45.7,45.8,114684.03628077,5250942.45506118
2026-05-19 07:45:00,45.8,45.8,45.5,45.7,198378.57991817,9048199.5608002
2026-05-19 08:00:00,45.7,46.2,45.6,46.0,233938.41381802,10736701.48440501
2026-05-19 08:15:00,45.9,46.0,45.7,45.8,379813.38003549,17402439.66363973
2026-05-19 08:30:00,45.8,45.8,45.4,45.6,1054527.21914196,48172480.24597394
2026-05-19 08:45:00,45.5,46.0,45.5,45.8,547672.7300493,25099282.03216388
2026-05-19 09:00:00,45.7,46.0,45.6,46.0,673952.07837618,30867640.04588183
2026-05-19 09:15:00,46.0,46.2,45.4,45.6,775888.65900759,35579478.99968347
2026-05-19 09:30:00,45.5,45.8,44.1,45.7,3680094.70402322,165108691.51188788
2026-05-19 09:45:00,45.8,45.9,44.9,45.6,504531.38944163,22828125.1051278
2026-05-19 10:00:00,45.5,45.6,45.2,45.4,182158.5524465,8270302.87132461
2026-05-19 10:15:00,45.4,45.4,45.0,45.2,424300.52866265,19144558.67609068
2026-05-19 10:30:00,45.1,45.9,45.0,45.4,548286.52784362,24895194.72100702
2026-05-19 11:00:00,45.5,45.6,45.0,45.3,335371.67741173,15169902.23487423
2026-05-19 11:15:00,45.1,45.1,44.4,44.8,1086393.962116,48500490.12599326
2026-05-19 11:30:00,44.7,44.7,44.5,44.5,154683.18352094,6904409.87006
2026-05-19 11:45:00,44.5,44.7,44.5,44.5,207294.12583707,9242721.48565674
2026-05-19 12:00:00,44.5,44.7,44.5,44.7,131657.70688134,5859689.65644334
2026-05-19 12:15:00,44.8,45.2,44.8,45.1,127993.92224276,5760285.09924181
2026-05-19 12:30:00,45.1,45.2,45.1,45.1,125241.53615421,5653459.56432677
2026-05-19 12:45:00,45.1,45.2,45.1,45.1,16978.03304322,765794.29594225
2026-05-19 13:00:00,45.2,45.2,45.1,45.2,63987.50032046,2889575.55701442
2026-05-19 13:15:00,45.2,45.4,45.1,45.2,211792.08891378,9581932.26490616
2026-05-19 13:30:00,45.0,45.2,44.9,45.2,162176.86508168,7301999.53026723
2026-05-19 13:45:00,45.2,45.3,45.2,45.2,101688.37955087,4601452.14901746
2026-05-19 14:00:00,45.2,45.3,44.9,45.3,119852.87811166,5399286.61357554
2026-05-19 14:15:00,45.3,45.3,44.7,44.7,150613.27617882,6797710.78204354
2026-05-19 14:30:00,44.9,45.0,44.7,45.0,37833.25052725,1697680.51689953
2026-05-19 14:45:00,45.1,45.1,44.8,44.8,82547.09531852,3699432.86097867
2026-05-19 15:00:00,44.8,45.1,44.8,45.1,80083.48585138,3599635.63519861
2026-05-19 15:15:00,45.0,45.0,44.8,44.8,56139.35628996,2523269.62806442
2026-05-19 15:30:00,45.1,45.2,45.0,45.0,97749.54375896,4403778.60564535
2026-05-19 15:45:00,45.1,45.2,45.0,45.0,77115.44959895,3476066.90575991
2026-05-19 16:00:00,45.0,45.2,45.0,45.0,51005.14979389,2296114.65159461
2026-05-19 16:15:00,45.0,45.0,44.7,44.9,118769.77236304,5323573.34120684
2026-05-19 16:30:00,44.9,45.3,44.9,45.2,76275.96258648,3444726.81527534
2026-05-19 16:45:00,45.1,45.2,45.0,45.1,115512.85437128,5212243.4200767
2026-05-19 17:00:00,45.1,45.4,45.0,45.0,163072.92408668,7362335.85307795
2026-05-19 17:15:00,45.0,45.2,45.0,45.2,85698.94743898,3860216.03561477
2026-05-19 17:30:00,45.2,45.2,45.0,45.1,299915.61423905,13506551.16586944
2026-05-19 17:45:00,45.0,45.1,45.0,45.1,35100.90397802,1580617.69853177
2026-05-19 18:00:00,45.1,45.3,44.9,45.0,180281.89954053,8128966.65055824
2026-05-19 18:15:00,45.0,45.0,44.5,44.7,423385.43937734,18930961.91830302
2026-05-19 18:30:00,44.7,44.9,44.7,44.9,2604.40229004,116915.2646125
2026-05-19 18:45:00,44.9,44.9,44.7,44.7,204714.86654022,9169542.68461389
2026-05-19 19:00:00,44.7,44.7,44.5,44.5,247945.59848419,11065838.96016589
2026-05-19 19:15:00,44.5,44.7,44.5,44.7,110972.2653298,4939302.9127779
2026-05-19 19:30:00,44.8,45.0,44.8,44.9,95479.49990678,4281378.13974295
2026-05-19 19:45:00,44.8,45.0,44.7,45.0,373967.14763827,16756693.07948433
2026-05-19 20:00:00,45.0,45.2,45.0,45.0,86894.2268526,3912551.29061021
2026-05-19 20:15:00,44.9,44.9,44.5,44.5,124238.86392534,5552266.9302509
2026-05-19 20:30:00,44.5,44.9,44.5,44.8,45892.98762707,2055809.33547054
2026-05-19 20:45:00,44.7,44.7,44.6,44.6,79729.79609759,3557343.09357827
2026-05-19 21:00:00,44.7,44.7,43.6,43.8,1192607.00591149,52718589.42431941
2026-05-19 21:15:00,44.0,44.4,43.9,44.3,578645.93547838,25500951.0487201
2026-05-19 21:30:00,44.2,44.2,44.0,44.1,231437.94010301,10202736.37551595
2026-05-19 21:45:00,44.2,44.2,44.1,44.1,24351.12245686,1074319.61259321
2026-05-19 22:00:00,44.1,44.2,44.1,44.1,151657.21894308,6688733.86846631
2026-05-19 22:15:00,44.2,44.2,44.1,44.2,38571.24691443,1701471.22603044
2026-05-19 22:30:00,44.2,44.3,44.2,44.2,97271.01975158,4301650.66496848
2026-05-19 22:45:00,44.1,44.3,43.8,44.3,899331.6893803,39624759.54381619
2026-05-19 23:00:00,44.1,44.3,44.0,44.0,385765.6834317,17041690.52185031
2026-05-19 23:15:00,44.0,44.3,44.0,44.3,143951.44004818,6356320.36332212
2026-05-19 23:30:00,44.4,44.5,44.0,44.1,222361.67487726,9862122.66957888
2026-05-19 23:45:00,44.1,44.1,43.9,44.0,212945.36534029,9374211.49316728
2026-05-20 00:00:00,44.1,44.2,44.0,44.0,32341.88195536,1423971.52589047
2026-05-20 00:15:00,44.2,44.4,44.2,44.4,102582.67661316,4534776.83107532
2026-05-20 00:30:00,44.4,44.4,44.4,44.4,1126.12612612,49999.99999973
2026-05-20 00:45:00,44.4,44.4,44.2,44.2,91450.63554534,4042518.09110403
2026-05-20 01:00:00,44.1,44.2,43.9,44.2,261875.12393031,11536035.54187928
2026-05-20 01:15:00,44.2,44.3,44.2,44.2,78942.30916318,3494156.27325155
2026-05-20 01:30:00,44.3,44.8,44.3,44.4,1282324.56728781,57004260.33928873
2026-05-20 01:45:00,44.3,44.6,44.2,44.3,174283.08784868,7744826.33243331
2026-05-20 02:00:00,44.4,44.7,44.4,44.6,1639117.3841583,73053831.7110863
2026-05-20 02:15:00,44.6,45.0,44.5,44.8,985055.34204365,43988133.93849485
2026-05-20 03:00:00,44.8,45.3,44.8,45.3,260318.05930721,11748087.3827272
2026-05-20 03:15:00,45.2,45.4,45.2,45.4,229970.16531643,10422606.32398695
2026-05-20 03:30:00,45.5,45.5,45.5,45.5,28030.58388165,1275391.56661508
2026-05-20 03:45:00,45.4,45.4,45.4,45.4,174103.12098427,7904281.69268586
2026-05-20 04:00:00,45.4,45.6,45.4,45.5,100705.42805995,4581113.1988544
2026-05-20 04:15:00,45.4,45.8,45.4,45.8,321324.7770606,14697896.23429645
2026-05-20 04:30:00,45.6,45.8,45.6,45.7,92912.66061979,4253142.024026
2026-05-20 04:45:00,45.6,45.6,45.1,45.3,296472.66789363,13483287.51425994
2026-05-20 05:00:00,45.3,45.3,45.3,45.3,25943.32777666,1175232.7482827
2026-05-20 05:15:00,45.4,45.4,45.1,45.3,142058.6327483,6427428.9736111
2026-05-20 05:30:00,45.3,45.4,45.2,45.2,43079.99403784,1951508.02976989
2026-05-20 05:45:00,45.2,45.4,45.2,45.4,143311.2759906,6490956.59616101
2026-05-20 06:00:00,45.3,45.5,45.3,45.4,61487.81962822,2789882.69196616
2026-05-20 06:15:00,45.5,45.5,45.4,45.4,67332.53200808,3061693.86030887
2026-05-20 06:30:00,45.5,45.7,45.5,45.7,85470.96271225,3895206.09676198
2026-05-20 06:45:00,45.7,45.8,45.3,45.5,439645.05510594,20041504.81801654
2026-05-20 07:00:00,45.4,45.4,45.4,45.4,64325.81734796,2920392.10759738
2026-05-20 07:15:00,45.5,45.5,45.3,45.3,106411.0980719,4825652.64160698
2026-05-20 07:30:00,45.3,45.5,45.3,45.5,27539.11443017,1247742.63423858
2026-05-20 07:45:00,45.3,45.7,45.3,45.7,249299.06915448,11358893.05201566
2026-05-20 08:00:00,45.5,45.6,45.3,45.3,130587.50563065,5922226.25705901
2026-05-20 08:15:00,45.3,45.3,45.2,45.2,162044.58158319,7332943.01553648
2026-05-20 08:30:00,45.2,45.2,44.6,44.7,301784.14739204,13514547.00358908
2026-05-20 08:45:00,44.7,44.8,44.0,44.4,1012329.47150695,44956931.46668253
2026-05-20 09:00:00,44.2,44.5,43.7,43.7,814764.83791771,35775660.70629372
2026-05-20 09:15:00,43.8,44.3,43.6,44.0,624269.75034081,27410933.39762794
2026-05-20 09:30:00,44.0,44.0,43.6,43.8,244642.64321713,10714357.35550764
2026-05-20 09:45:00,43.8,44.0,43.7,43.9,237724.51601536,10425388.56118771
2026-05-20 10:00:00,43.8,44.0,43.5,43.7,296938.42369547,12959685.58126447
2026-05-20 10:15:00,43.7,43.8,43.5,43.6,286208.24709094,12471330.05425171
2026-05-20 10:30:00,43.6,43.8,43.5,43.8,253033.35741424,11014277.68638258
2026-05-20 10:45:00,43.7,44.9,43.7,44.7,891620.38375145,39577580.40449861
2026-05-20 11:00:00,44.6,46.5,44.5,46.3,4625354.42950378,211825072.3815946
2026-05-20 11:15:00,46.3,46.5,45.1,45.6,1993008.86759711,91318903.15415116
2026-05-20 11:30:00,45.6,45.9,45.2,45.4,1139439.16179457,51870267.4259848
2026-05-20 11:45:00,45.4,45.6,45.0,45.1,841271.64693263,37965375.77932731
2026-05-20 12:00:00,45.1,45.3,44.8,44.8,413835.16300738,18614231.61862813
2026-05-20 12:15:00,44.8,44.8,44.3,44.8,593781.39377092,26432957.7605407
2026-05-20 12:30:00,44.7,45.1,44.6,44.7,326975.31051673,14676107.46443557
2026-05-20 12:45:00,44.7,44.9,44.7,44.8,364202.84518221,16328483.04336005
2026-05-20 13:00:00,44.8,45.0,44.7,44.7,220025.47704298,9848833.70400446
2026-05-20 13:15:00,44.7,44.7,44.5,44.6,261208.70314597,11643836.72329537
2026-05-20 13:30:00,44.7,44.9,44.7,44.9,198994.3004845,8929060.30168651
2026-05-20 13:45:00,44.9,45.2,44.9,45.2,245313.91724571,11043995.83570735
2026-05-20 14:00:00,45.2,45.3,44.8,45.1,202812.37284006,9118751.78956212
2026-05-20 14:15:00,45.2,45.6,45.1,45.4,641066.37918361,29066562.05493926
2026-05-20 14:30:00,45.4,45.5,45.3,45.5,85610.75370375,3885337.34120381
2026-05-20 14:45:00,45.5,45.5,45.2,45.3,264571.55425416,12002807.41413416
2026-05-20 15:00:00,45.4,45.7,45.4,45.7,205813.22947938,9384753.67345677
2026-05-20 15:15:00,45.6,45.9,45.6,45.6,328583.82340819,15016284.05351046
2026-05-20 15:30:00,45.6,45.9,45.4,45.9,290750.23411246,13270454.58845958
2026-05-20 15:45:00,46.0,46.0,45.5,45.6,532779.75564674,24336724.06377051
2026-05-20 16:00:00,45.6,45.6,45.1,45.5,510589.60864594,23124631.45572517
2026-05-20 16:15:00,45.5,45.5,45.2,45.4,210316.67695031,9546427.77344208
2026-05-20 16:30:00,45.3,45.5,45.2,45.5,83318.28833636,3775414.60824754
2026-05-20 16:45:00,45.3,45.4,45.1,45.2,147864.97774548,6677488.40669447
2026-05-20 17:00:00,45.2,45.2,44.8,44.8,297954.46593925,13396957.00555801
2026-05-20 17:15:00,44.8,44.9,44.7,44.7,199774.38858411,8951128.49478799
2026-05-20 17:30:00,44.7,44.8,44.5,44.6,403418.71566502,18004162.89174495
2026-05-20 17:45:00,44.5,44.9,44.5,44.7,208570.97249304,9296008.4039204
2026-05-20 18:00:00,44.7,44.9,44.7,44.9,63820.84180625,2861455.79710063
2026-05-20 18:15:00,44.9,45.2,44.9,45.2,183460.88534909,8253301.08283897
2026-05-20 18:30:00,45.2,45.2,45.0,45.1,76834.66862156,3460992.67554177
2026-05-20 18:45:00,45.1,45.2,45.1,45.1,142223.42947228,6416846.41559389
2026-05-20 19:00:00,45.1,45.1,44.7,44.7,322163.23452634,14464817.83120936
2026-05-20 19:15:00,44.8,44.9,44.8,44.9,74096.20593012,3325849.0914089
2026-05-20 19:30:00,44.8,44.8,44.3,44.8,844745.72475881,37621364.85108618
2026-05-20 19:45:00,44.6,44.8,44.6,44.6,176624.99380376,7893605.47247111
2026-05-20 20:00:00,44.6,44.9,44.6,44.8,261568.07936948,11701305.51300052
2026-05-20 20:15:00,44.9,45.2,44.9,45.2,143815.53177468,6484923.70900806
2026-05-20 20:30:00,45.2,45.5,45.2,45.5,351091.49952261,15956390.70697718
2026-05-20 20:45:00,45.6,45.8,45.5,45.7,848346.1184451,38720387.62366606
2026-05-20 21:00:00,45.6,45.6,45.4,45.5,194745.07088309,8867914.25925085
2026-05-20 21:15:00,45.5,45.6,45.5,45.6,155386.98596324,7080146.60599113
2026-05-20 21:30:00,45.5,45.6,45.3,45.5,282881.13719981,12836417.0446145
2026-05-20 21:45:00,45.4,45.5,45.3,45.5,130764.33413197,5926243.34293809
2026-05-20 22:00:00,45.5,45.5,45.3,45.4,74075.64478047,3366829.69276179
2026-05-20 22:15:00,45.4,45.4,45.3,45.4,149239.75220355,6770658.59608518
2026-05-20 22:30:00,45.4,45.4,45.3,45.3,12337.86743834,559239.18170064
2026-05-20 22:45:00,45.4,45.6,45.4,45.4,15542.1439732,706926.24666774
2026-05-20 23:00:00,45.3,45.5,45.3,45.5,40947.98887546,1862855.84268411
2026-05-20 23:15:00,45.5,45.5,45.5,45.5,15671.05305587,713032.91404209
2026-05-20 23:30:00,45.5,45.5,45.3,45.3,48878.63332808,2214293.78861653
2026-05-20 23:45:00,45.3,45.3,45.3,45.3,8412.40002915,381081.7213205
2026-05-21 00:00:00,45.3,45.9,45.3,45.9,264572.18723938,12026633.67981274
2026-05-21 00:15:00,45.8,46.1,45.8,46.0,124486.03380792,5715150.27583179
2026-05-21 00:30:00,45.9,46.0,45.8,45.8,303067.00535379,13899859.54318292
2026-05-21 00:45:00,45.8,45.8,45.7,45.7,58392.12816588,2672098.92567558
2026-05-21 01:00:00,45.8,45.8,45.7,45.7,11777.45284582,538299.93784873
2026-05-21 01:15:00,45.7,45.7,45.7,45.7,2188.18380743,99999.99999955
2026-05-21 01:30:00,45.6,45.7,45.6,45.6,151151.58057466,6897991.0824039
2026-05-21 01:45:00,45.7,45.7,45.7,45.7,74474.55852451,3403487.32457011
2026-05-21 02:00:00,45.8,45.8,45.8,45.8,10855.317286,497173.5316988
2026-05-21 02:15:00,45.8,45.8,45.8,45.8,156549.03719755,7169945.90364779
2026-05-21 02:30:00,45.9,46.1,45.9,46.1,115715.71772001,5334363.82872253
2026-05-21 02:45:00,46.2,46.4,46.2,46.3,361408.39404921,16730739.06270406
2026-05-21 03:00:00,46.3,46.3,46.0,46.1,203074.82353704,9374605.10771904
2026-05-21 03:15:00,46.2,46.4,46.2,46.4,62063.60966138,2872149.03748111
2026-05-21 03:30:00,46.3,46.3,46.3,46.3,22395.66634676,1036919.35185499
2026-05-21 03:45:00,46.3,46.3,46.0,46.2,426763.97045607,19675876.22775576
2026-05-21 04:00:00,46.1,46.2,45.9,46.0,173422.31001022,7983905.45111922
2026-05-21 04:15:00,46.1,46.1,45.9,45.9,260.32085288,11974.75751595
2026-05-21 04:30:00,46.1,46.3,46.1,46.3,132913.96725877,6141870.28398827
2026-05-21 04:45:00,46.3,46.4,45.7,45.9,376361.91868955,17334349.58531639
2026-05-21 05:00:00,45.9,45.9,45.5,45.8,436355.71054038,19926258.99298447
2026-05-21 05:15:00,45.7,45.8,45.5,45.8,265318.7128244,12100943.66330628
2026-05-21 05:30:00,45.9,46.1,45.9,46.1,63757.62569999,2934276.54476954
2026-05-21 05:45:00,46.1,46.2,46.0,46.0,63713.01248151,2937030.29458123
2026-05-21 06:00:00,46.1,46.2,46.1,46.2,16375.08614348,755130.20714516
2026-05-21 06:15:00,46.2,46.2,46.0,46.2,102683.08359736,4738596.00069842
2026-05-21 06:30:00,46.2,46.2,46.1,46.2,48546.98560601,2241636.46109189
2026-05-21 06:45:00,46.3,46.3,46.1,46.2,24685.33760456,1139141.79387495
2026-05-21 07:00:00,46.2,46.3,46.1,46.3,176156.59331537,8148725.29328535
2026-05-21 07:15:00,46.3,46.7,46.2,46.7,374655.09987136,17406021.51679829
2026-05-21 07:30:00,46.7,46.9,46.7,46.7,440983.72431439,20633950.92514237
2026-05-21 07:45:00,46.8,46.9,46.2,46.3,808300.23015716,37603205.86147856
2026-05-21 08:00:00,46.5,46.8,46.5,46.6,493291.96807363,23005219.85100066
2026-05-21 08:15:00,46.7,46.7,46.4,46.7,535359.44218089,24900005.09002718
2026-05-21 08:30:00,46.6,47.0,46.5,46.9,897457.80746429,41884267.70838522
2026-05-21 08:45:00,47.0,47.0,46.7,46.9,1008378.48851451,47257705.29162323
2026-05-21 09:00:00,46.7,46.9,46.5,46.6,786691.27256575,36709394.84772956
2026-05-21 09:15:00,46.6,46.8,46.5,46.7,582507.35978472,27151691.18714243
2026-05-21 09:30:00,46.8,47.3,46.7,47.3,1539317.67709828,72567397.02162276
2026-05-21 09:45:00,47.3,47.3,46.7,47.0,743060.16173455,34934181.4158583
2026-05-21 10:00:00,47.0,47.2,47.0,47.1,342488.1688668,16141751.48094538
2026-05-21 10:15:00,47.0,47.0,47.0,47.0,250590.56473403,11777756.54249941
2026-05-21 10:30:00,47.0,47.0,46.8,46.9,297117.32761009,13938339.24233445
2026-05-21 10:45:00,46.9,46.9,46.7,46.7,330753.94353714,15463208.23144355
2026-05-21 11:00:00,46.7,46.8,46.7,46.8,117377.57358408,5489070.60788695
2026-05-21 11:15:00,46.9,47.1,46.9,47.0,466268.5449018,21892485.11474823
2026-05-21 11:30:00,47.0,47.1,47.0,47.0,499817.23265269,23497481.6696164
2026-05-21 11:45:00,47.0,47.1,47.0,47.1,101299.70590335,4765599.28409224
2026-05-21 12:00:00,47.0,47.1,46.9,46.9,92059.34515762,4331490.67824678
2026-05-21 12:15:00,46.9,47.1,46.9,47.0,462920.95200555,21738074.22992504
2026-05-21 12:30:00,47.0,47.1,47.0,47.1,134537.99000952,6330544.43181041
2026-05-21 12:45:00,47.1,47.2,47.0,47.0,103744.55170664,4885617.49153104
2026-05-21 13:00:00,47.0,47.1,46.8,47.0,613855.34074443,28794233.26180745
2026-05-21 13:15:00,46.8,47.0,46.8,46.8,320703.35362329,15015161.51522238
2026-05-21 13:30:00,47.0,47.0,46.8,46.9,305839.68127918,14319625.53857264
2026-05-21 13:45:00,46.9,47.1,46.9,47.1,313691.20782639,14758624.70356506
2026-05-21 14:00:00,47.1,47.2,47.1,47.2,137764.43737157,6490285.60769546
2026-05-21 14:15:00,47.1,47.1,46.9,47.0,80879.07900944,3799437.86974239
2026-05-21 14:30:00,47.1,47.1,47.1,47.1,19780.90576016,931680.66130354
2026-05-21 14:45:00,47.1,47.2,46.9,46.9,262630.08378859,12359545.14603077
2026-05-21 15:00:00,47.1,47.2,47.1,47.2,292823.46414728,13801019.39644924
2026-05-21 15:15:00,47.2,47.3,47.2,47.3,161085.35209902,7604552.46928235
2026-05-21 15:30:00,47.2,47.2,47.0,47.2,295783.57842098,13912322.64622024
2026-05-21 15:45:00,47.1,47.2,46.5,46.5,1036220.92463466,48399928.88006453
2026-05-21 16:00:00,46.5,46.7,46.3,46.5,526684.69699253,24466943.02336552
2026-05-21 16:15:00,46.4,46.5,46.2,46.4,665294.23879344,30808434.56394307
2026-05-21 16:30:00,46.5,46.7,46.2,46.7,129279.782603,6014193.72157653
2026-05-21 16:45:00,46.7,46.7,46.4,46.7,396258.22173307,18467031.73897307
2026-05-21 17:00:00,46.8,46.9,46.6,46.9,205821.58753659,9634049.71982955
2026-05-21 17:15:00,46.8,46.8,46.4,46.8,208341.47776454,9729437.65358603
2026-05-21 17:30:00,46.9,47.2,46.8,47.1,421505.54218808,19851537.52253698
2026-05-21 17:45:00,46.9,47.2,46.8,47.1,139869.66895702,6586123.3930942
2026-05-21 18:00:00,47.1,47.4,46.9,47.4,742960.24520533,35040059.34326762
2026-05-21 18:15:00,47.4,47.5,47.2,47.5,384454.98178713,18190407.13815454
2026-05-21 18:30:00,47.5,47.6,47.2,47.5,328970.14487379,15613094.86112754
2026-05-21 18:45:00,47.5,47.5,47.3,47.3,45267.67997138,2146687.34601469
2026-05-21 19:00:00,47.5,47.6,47.3,47.5,263167.0502637,12478571.58739469
2026-05-21 19:15:00,47.3,47.6,47.3,47.6,358191.95837765,16962231.30422346
2026-05-21 19:30:00,47.5,47.6,47.3,47.3,249665.02178698,11826864.79736602
2026-05-21 19:45:00,47.3,47.6,47.2,47.5,99412.2063497,4717287.09692376
2026-05-21 20:00:00,47.5,47.5,47.4,47.4,133116.8769037,6310519.66418275
2026-05-21 20:15:00,47.4,47.5,47.2,47.5,120377.01111528,5689653.55035092
2026-05-21 20:30:00,47.5,47.5,47.3,47.5,67472.69791962,3202073.99992045
2026-05-21 20:45:00,47.5,47.7,47.3,47.5,426555.6908216,20281927.04849692
2026-05-21 21:00:00,47.6,47.7,47.2,47.2,971651.50716446,45948542.92040343
2026-05-21 21:15:00,47.2,47.2,46.7,47.0,644175.72274814,30247051.98592145
2026-05-21 21:30:00,47.0,47.3,46.7,47.3,65379.29397589,3077591.57169577
2026-05-21 21:45:00,47.1,47.4,47.1,47.4,131835.15694356,6241623.15098915
2026-05-21 22:00:00,47.5,47.5,47.5,47.5,180.0,8550.0
2026-05-21 22:15:00,47.3,47.4,47.3,47.3,86279.17825417,4084418.51942682
2026-05-21 22:30:00,47.3,47.3,46.9,46.9,249967.65150401,11752580.5753227
2026-05-21 22:45:00,46.8,47.4,46.7,47.4,305511.90328427,14415525.15600043
2026-05-21 23:00:00,47.4,47.4,47.2,47.3,418375.98718094,19778328.13773853
2026-05-21 23:15:00,47.1,47.4,47.1,47.4,190826.01539573,9005939.99105253
2026-05-21 23:30:00,47.1,47.4,47.1,47.4,122262.74166429,5758674.27795768
2026-05-21 23:45:00,47.4,47.4,47.1,47.1,51367.10126582,2422800.59999987
2026-05-22 00:00:00,47.3,47.6,47.1,47.3,334867.79980797,15863967.78630338
2026-05-22 00:15:00,47.3,47.5,47.3,47.5,154138.46786769,7296442.87989844
2026-05-22 00:30:00,47.4,47.6,47.4,47.5,138204.85098637,6564248.81692648
2026-05-22 00:45:00,47.7,47.7,47.6,47.7,28803.83971593,1373266.08831796
2026-05-22 01:00:00,47.7,48.2,47.7,48.2,1015668.83085227,48530032.6831763
2026-05-22 01:15:00,47.9,48.1,47.8,48.1,367723.86702416,17651951.06928593
2026-05-22 01:30:00,47.8,48.0,47.8,47.9,21404.19262201,1026102.18219978
2026-05-22 01:45:00,47.9,47.9,47.4,47.4,117451.13371337,5602077.20043888
2026-05-22 02:00:00,47.7,47.7,47.7,47.7,3373.51768147,160916.79340612
2026-05-22 02:30:00,47.6,47.6,47.5,47.6,129525.87817508,6152793.60559583
2026-05-22 02:45:00,47.6,47.7,47.3,47.3,63666.71310749,3027154.36252038
2026-05-22 03:00:00,47.5,47.5,47.5,47.5,55752.90273304,2648262.8798194
2026-05-22 03:15:00,47.5,48.1,47.5,48.1,256382.3104418,12248169.15953591
2026-05-22 03:30:00,48.1,48.1,48.0,48.1,76084.98203998,3652186.29378182
2026-05-22 03:45:00,48.0,48.1,48.0,48.0,28400.52173305,1363307.01917813
2026-05-22 04:00:00,48.0,48.0,48.0,48.0,2573.76789713,123540.85906224
2026-05-22 04:15:00,48.0,48.0,47.8,48.0,59615.62969114,2860724.83359631
2026-05-22 04:30:00,48.0,48.0,48.0,48.0,2083.33333333,99999.99999984
2026-05-22 04:45:00,48.0,48.1,48.0,48.1,130023.99435414,6246074.27785527
2026-05-22 05:00:00,48.0,48.1,48.0,48.1,151986.67875131,7309743.36643152
2026-05-22 05:15:00,48.0,48.4,48.0,48.2,177556.78844411,8570985.78314637
2026-05-22 05:30:00,48.5,48.5,48.1,48.3,176946.31286709,8576257.15599729
2026-05-22 05:45:00,48.6,48.7,48.3,48.3,714914.28348092,34706521.31919885
2026-05-22 06:00:00,48.5,48.7,48.5,48.7,39600.34980906,1924875.59830572
2026-05-22 06:15:00,48.6,48.8,48.5,48.8,242806.77469312,11821927.51946246
2026-05-22 06:30:00,48.7,48.8,48.6,48.6,54301.71401857,2646115.23776782
2026-05-22 06:45:00,48.6,48.8,48.6,48.7,205542.61630899,10009871.47544369
2026-05-22 07:00:00,48.6,49.3,48.2,48.7,1133739.11354573,55186906.68659281
2026-05-22 07:15:00,48.4,48.7,48.3,48.3,438627.03946586,21224339.14291291
2026-05-22 07:30:00,48.3,49.0,48.0,48.7,1472897.40704515,71462900.62578706
2026-05-22 07:45:00,48.7,48.7,48.4,48.5,282027.56029994,13675562.64219649
2026-05-22 08:00:00,48.7,48.7,48.3,48.5,448979.49344894,21694989.09034861
2026-05-22 08:15:00,48.4,49.3,48.4,48.8,1577566.60264718,76844424.5968826
2026-05-22 08:30:00,48.5,48.9,48.4,48.9,841343.13625869,40817451.93716395
2026-05-22 08:45:00,48.7,48.9,48.5,48.8,394889.25368622,19189366.29789219
2026-05-22 09:00:00,48.7,48.9,48.3,48.9,1226336.07675312,59627169.24819914
2026-05-22 09:15:00,48.8,48.9,48.4,48.5,369039.59996028,17938509.74176037
2026-05-22 09:30:00,48.5,48.7,48.3,48.3,353982.95195769,17159336.35638127
2026-05-22 09:45:00,48.5,48.7,48.0,48.6,1198491.73584612,57880739.90876391
2026-05-22 10:00:00,48.6,48.8,48.3,48.6,150121.18707187,7285934.51480445
2026-05-22 10:15:00,48.4,48.8,48.4,48.8,135471.10078285,6591129.59080127
2026-05-22 10:30:00,48.7,48.8,48.6,48.8,162508.82655013,7911266.41141764
2026-05-22 10:45:00,48.6,48.7,48.3,48.6,486852.20263672,23593125.24451634
2026-05-22 11:00:00,48.5,48.9,48.4,48.8,545230.84697801,26532640.67668158
2026-05-22 11:15:00,48.8,48.8,48.4,48.8,487971.32083717,23709485.37452173
2026-05-22 11:30:00,48.8,48.9,48.7,48.9,110718.25992503,5399413.28434146
2026-05-22 11:45:00,48.8,48.9,48.7,48.7,166891.42034224,8136997.01068068
2026-05-22 12:00:00,48.6,48.8,48.6,48.8,26244.47154521,1278862.58656442
2026-05-22 12:15:00,48.5,48.6,48.1,48.3,490651.63017958,23684404.98780717
2026-05-22 12:30:00,48.3,48.6,48.3,48.5,129506.66103272,6262273.48704841
2026-05-22 12:45:00,48.3,48.7,48.3,48.7,67616.02161887,3282317.72703182
2026-05-22 13:00:00,48.7,48.7,48.3,48.6,217368.35753576,10517056.48097291
2026-05-22 13:15:00,48.4,48.7,48.3,48.7,219751.51559845,10651285.91678327
2026-05-22 13:30:00,48.7,48.8,48.2,48.8,961472.18881317,46612376.6597707
2026-05-22 13:45:00,48.8,48.8,48.4,48.4,181195.70644887,8772368.7805823
2026-05-22 14:00:00,48.4,48.7,48.4,48.5,33756.10258653,1640534.43884546
2026-05-22 14:15:00,48.5,48.7,48.4,48.7,270098.27529074,13125963.13814604
2026-05-22 14:30:00,48.8,48.8,48.5,48.5,78923.83279123,3836088.39181518
2026-05-22 14:45:00,48.5,48.7,48.4,48.7,187138.42699544,9071428.59751741
2026-05-22 15:00:00,48.7,48.8,48.6,48.7,225763.55571951,11007201.56252133
2026-05-22 15:15:00,48.7,48.7,48.7,48.7,4489.92915811,218659.54999996
2026-05-22 15:30:00,48.5,48.7,48.5,48.6,241863.75668296,11731516.65914434
2026-05-22 15:45:00,48.6,48.6,48.3,48.6,350129.63294073,16951861.16092217
2026-05-22 16:00:00,48.5,48.6,48.3,48.6,381325.85906882,18490725.09446088
2026-05-22 16:15:00,48.4,48.6,48.1,48.4,381139.72517188,18387042.67549073
2026-05-22 16:30:00,48.2,48.6,48.2,48.6,1210107.00826655,58521196.25112535
2026-05-22 16:45:00,48.5,48.7,48.1,48.5,1012265.25219666,48908772.49328018
2026-05-22 17:00:00,48.5,48.5,48.3,48.5,61257.1513183,2962223.09602506
2026-05-22 17:15:00,48.3,48.5,48.0,48.3,610516.78085499,29397338.12678166
2026-05-22 17:30:00,48.0,48.3,47.9,48.2,258710.17541865,12417467.66220223
2026-05-22 17:45:00,48.2,48.4,48.0,48.3,95275.20729498,4578433.05698656
2026-05-22 18:00:00,48.4,48.5,48.1,48.1,129684.41193432,6261354.55343319
2026-05-22 18:15:00,48.2,48.2,47.9,47.9,385150.45269964,18484284.04065249
2026-05-22 18:30:00,48.1,48.1,47.9,47.9,42908.65642018,2057469.66433628
2026-05-22 18:45:00,47.9,48.1,47.8,48.0,231378.65605906,11079694.6562774
2026-05-22 19:00:00,47.9,48.0,47.8,48.0,124860.26174628,5982358.0249204
2026-05-22 19:15:00,48.0,48.2,47.5,47.7,1052785.82118977,50310999.21077174
2026-05-22 19:30:00,47.7,47.9,47.3,47.4,660522.88443303,31425731.54634327
2026-05-22 19:45:00,47.6,47.8,47.5,47.8,293423.77661849,13974092.85486571
2026-05-22 20:00:00,47.8,47.8,47.5,47.5,401543.01514307,19120113.07284842
2026-05-22 20:15:00,47.7,47.7,47.5,47.6,126988.90242889,6048503.04345317
2026-05-22 20:30:00,47.7,47.7,47.7,47.7,159990.57372159,7631550.36651984
2026-05-22 20:45:00,47.8,47.8,47.7,47.7,131416.07100178,6276344.79765867
2026-05-22 21:00:00,47.7,47.9,47.3,47.6,865191.18115215,41168286.50042483
2026-05-22 21:15:00,47.6,47.8,47.6,47.8,342526.73221712,16305928.00192168
2026-05-22 21:30:00,47.8,48.2,47.7,47.8,684252.61846567,32857906.12153232
2026-05-22 21:45:00,48.0,48.1,47.8,47.9,330755.85087378,15872650.39636433
2026-05-22 22:00:00,47.9,48.1,47.8,48.1,949331.50262456,45501987.33897432
2026-05-22 22:15:00,48.0,48.4,47.9,48.4,992608.97944604,47851405.92146722
2026-05-22 22:30:00,48.4,48.4,48.1,48.2,358978.33455843,17327544.91320745
2026-05-22 22:45:00,48.2,48.3,48.2,48.3,22980.46922791,1109656.66651574
2026-05-22 23:00:00,48.3,49.1,48.2,49.1,676474.22221768,32916023.73760446
2026-05-22 23:15:00,48.7,49.2,48.2,48.3,1294160.16148294,63091857.99200903
2026-05-22 23:30:00,48.3,48.7,48.3,48.7,324921.67887353,15779280.47012731
2026-05-22 23:45:00,48.5,48.7,48.5,48.5,40358.23965339,1960497.54583949
2026-05-23 00:00:00,48.5,48.8,48.5,48.8,88330.53589904,4303758.59275499
2026-05-23 00:15:00,48.8,48.9,48.5,48.9,177402.59506076,8638870.47599331
2026-05-23 00:30:00,48.7,48.8,48.4,48.4,162688.0829603,7889302.38726808
2026-05-23 00:45:00,48.3,48.4,47.0,47.6,1462022.53371601,69507305.66950355
2026-05-23 01:00:00,47.6,47.9,47.6,47.6,35525.7838816,1695000.87650824
2026-05-23 01:15:00,47.6,47.9,47.6,47.9,49500.12485973,2356776.99761904
2026-05-23 01:30:00,47.6,47.9,47.6,47.9,118343.65183035,5633427.3698952
2026-05-23 01:45:00,47.9,47.9,47.7,47.9,13079.09161586,626129.54690324
2026-05-23 02:00:00,47.7,48.1,47.7,48.0,37798.74875678,1811407.83282341
2026-05-23 02:15:00,48.0,48.0,47.7,47.8,108244.54854575,5187219.64648739
2026-05-23 02:30:00,47.8,48.0,47.8,48.0,79440.53301753,3805202.40836641
2026-05-23 02:45:00,47.8,47.9,47.6,47.9,127330.83210952,6073022.79352175
2026-05-23 03:00:00,47.8,48.0,47.7,47.8,152667.77031286,7307044.89019155
2026-05-23 03:15:00,47.8,47.8,47.6,47.8,73961.14092167,3529964.57069643
2026-05-23 03:30:00,47.7,47.8,47.6,47.8,79372.48862431,3779096.90874389
2026-05-23 03:45:00,47.6,47.8,47.1,47.3,568893.75123509,26909690.47802585
2026-05-23 04:00:00,47.4,47.4,46.9,47.0,268633.41281686,12643207.44309921
2026-05-23 04:15:00,47.1,47.4,47.0,47.2,213206.2877882,10040236.58755403
2026-05-23 04:30:00,46.9,47.1,46.4,46.4,552697.0841951,25786083.72803863
2026-05-23 04:45:00,46.4,46.7,46.4,46.5,189775.39739044,8831482.16255019
2026-05-23 05:00:00,46.4,46.6,46.2,46.6,748259.35795842,34664784.78056577
2026-05-23 05:15:00,46.3,46.3,46.1,46.2,369194.43251386,17058786.13068443
2026-05-23 05:30:00,46.2,46.5,46.1,46.5,133913.14859668,6184980.91330414
2026-05-23 05:45:00,46.5,46.5,46.2,46.2,201201.75140139,9309888.05681878
2026-05-23 06:00:00,46.4,46.4,46.2,46.2,22143.04104674,1025064.07413326
2026-05-23 06:15:00,46.4,46.4,46.1,46.4,238212.1454888,11004744.62341052
2026-05-23 06:30:00,46.4,46.5,46.2,46.4,563437.6043168,26156349.45599114
2026-05-23 06:45:00,46.3,46.5,46.2,46.3,501185.32694691,23214185.83660035
2026-05-23 07:00:00,46.3,46.3,46.3,46.3,110501.60097054,5116224.124936
2026-05-23 07:15:00,46.3,46.4,46.3,46.4,49544.19342053,2294367.84211421
2026-05-23 07:30:00,46.4,46.8,46.3,46.5,766571.24640558,35674909.8069506
2026-05-23 07:45:00,46.2,46.4,46.2,46.4,97265.21880226,4503610.66502345
2026-05-23 08:00:00,46.4,46.5,46.3,46.3,147618.64082862,6844207.0869299
2026-05-23 08:15:00,46.4,46.5,46.3,46.3,235806.24052359,10959542.31436714
2026-05-23 08:30:00,46.5,46.9,46.2,46.9,958673.01155623,44589487.53434731
2026-05-23 08:45:00,46.9,47.4,46.5,46.7,1285460.32628654,60306567.17953992
2026-05-23 09:00:00,46.4,46.7,46.1,46.4,603058.25668677,27983201.39246624
2026-05-23 09:15:00,46.5,46.5,45.5,46.1,1497040.80204912,68632560.1630272
2026-05-23 09:30:00,45.9,46.7,45.8,46.1,670334.93567517,30916837.90507784
2026-05-23 09:45:00,46.4,46.5,46.1,46.4,82424.47737794,3824257.40816017
2026-05-23 10:00:00,46.4,46.4,46.2,46.3,114256.11103715,5293447.36073191
2026-05-23 10:15:00,46.4,46.4,45.8,46.3,537013.18053584,24731456.93188171
2026-05-23 10:30:00,46.3,46.5,46.1,46.4,100489.74216436,4650129.88995327
2026-05-23 10:45:00,46.4,46.5,46.2,46.5,46142.6955019,2136077.75194611
2026-05-23 11:00:00,46.5,46.9,46.3,46.6,516731.20260086,24070389.56397066
2026-05-23 11:15:00,46.6,47.0,46.6,47.0,206083.95820002,9641908.28540316
2026-05-23 11:30:00,46.9,47.2,46.8,47.2,279559.47416928,13146018.22066336
2026-05-23 11:45:00,46.9,47.2,46.9,47.2,12630.62531353,592440.29308942
2026-05-23 12:00:00,47.1,47.5,47.0,47.4,306174.75930622,14477040.70432958
2026-05-23 12:15:00,47.3,47.3,47.0,47.3,94661.35932221,4467272.56020723
2026-05-23 12:30:00,47.1,47.2,47.0,47.2,167651.66260745,7879891.65067015
2026-05-23 12:45:00,47.2,47.3,47.1,47.2,107280.84071992,5056018.03701081
2026-05-23 13:00:00,47.2,47.3,46.8,46.9,387737.36853454,18219402.99926042
2026-05-23 13:15:00,46.9,46.9,46.3,46.7,654113.73967209,30454935.53781096
2026-05-23 13:30:00,46.7,46.7,46.5,46.7,50171.25274062,2342970.25219883
2026-05-23 13:45:00,46.7,46.7,46.5,46.7,193064.34416787,8985172.86365125
2026-05-23 14:00:00,46.5,46.6,46.5,46.6,354341.16737392,16483121.99450367
2026-05-23 14:15:00,46.7,46.7,46.6,46.7,36420.73196509,1700748.1827697
2026-05-23 14:30:00,46.8,47.0,46.7,46.7,413922.68326036,19404047.00039301
2026-05-23 14:45:00,46.7,47.0,46.4,46.8,314308.08172281,14647236.57961408
2026-05-23 15:00:00,46.8,46.9,46.7,46.9,525531.78065894,24568167.56211243
2026-05-23 15:15:00,46.8,46.8,46.7,46.8,76124.19176471,3557373.33404444
2026-05-23 15:30:00,46.7,46.7,46.6,46.6,70016.08162318,3269396.85772526
2026-05-23 15:45:00,46.5,46.7,46.4,46.7,140925.27588911,6543097.78611652
2026-05-23 16:00:00,46.6,46.6,46.3,46.6,260241.43658956,12085613.82190695
2026-05-23 16:15:00,46.4,46.6,46.2,46.6,149916.76539225,6944441.05173475
2026-05-23 16:30:00,46.4,46.5,46.2,46.2,131124.55212638,6073990.32186842
2026-05-23 16:45:00,46.4,46.4,45.3,45.7,1283430.43020998,58838294.22853269
2026-05-23 17:00:00,45.4,45.8,45.3,45.6,384467.38281265,17481042.42803155
2026-05-23 17:15:00,45.6,45.7,45.3,45.7,228489.72337191,10393681.7663441
2026-05-23 17:30:00,45.7,45.7,44.5,44.9,1585133.87798144,71476641.84921539
2026-05-23 17:45:00,44.9,44.9,44.5,44.9,1299304.44224125,57998551.09862132
2026-05-23 18:00:00,44.8,44.9,44.6,44.9,343165.16387918,15380376.12682489
2026-05-23 18:15:00,45.0,45.0,44.7,45.0,210148.58852699,9403081.72595676
2026-05-23 18:30:00,45.0,45.0,44.9,44.9,182146.3268383,8191907.5362313
2026-05-23 18:45:00,45.0,45.5,45.0,45.3,200090.13397782,9033618.79326268
2026-05-23 19:00:00,45.2,45.2,45.0,45.1,134616.93236761,6070808.40158765
2026-05-23 19:15:00,45.2,45.2,45.0,45.2,61786.27016765,2782630.58358963
2026-05-23 19:30:00,45.0,45.2,45.0,45.2,120315.91803278,5414238.5114751
2026-05-23 19:45:00,45.2,45.2,44.9,44.9,272477.73255318,12263283.67164894
2026-05-23 20:00:00,44.9,45.1,44.9,45.1,49623.04385038,2229410.97177739
2026-05-23 20:15:00,45.1,45.2,45.1,45.2,24225.87324784,1093947.80365497
2026-05-23 20:30:00,45.2,45.2,45.0,45.0,24565.76038942,1106494.40996036
2026-05-23 20:45:00,45.0,45.2,45.0,45.1,9431.79672096,424958.041281
2026-05-23 21:00:00,45.1,45.1,44.9,45.0,213017.07250596,9583482.62707924
2026-05-23 21:15:00,44.9,45.1,44.8,45.0,201171.56406649,9032180.60929176
2026-05-23 21:30:00,45.0,45.0,45.0,45.0,5920.863388,266438.85246
2026-05-23 21:45:00,45.0,45.2,44.8,44.8,90642.81243454,4065609.11367684
2026-05-23 22:00:00,44.9,45.4,44.9,45.2,392012.41564939,17676103.15176399
2026-05-23 22:15:00,45.2,45.4,45.1,45.1,79540.02080486,3590495.77707055
2026-05-23 22:30:00,45.2,45.4,45.1,45.1,12420.0,560186.0
2026-05-23 22:45:00,45.2,45.3,45.1,45.3,26740.04926564,1208867.06160622
2026-05-23 23:00:00,45.3,45.4,45.3,45.3,189719.2038306,8602150.32735898
2026-05-23 23:15:00,45.2,46.4,45.1,46.0,1178990.99663738,54006527.4852388
2026-05-23 23:30:00,46.3,46.5,46.2,46.5,707357.13647316,32820430.21532633
2026-05-23 23:45:00,46.4,46.4,46.3,46.3,397134.98062607,18423372.19203102
2026-05-24 00:00:00,46.3,46.5,46.0,46.0,531543.36034661,24590057.80325441
2026-05-24 00:15:00,46.0,46.1,45.8,46.0,658527.8988101,30237129.78217827
2026-05-24 00:30:00,46.0,46.5,45.9,46.5,123786.08395109,5718453.27623516
2026-05-24 00:45:00,46.4,47.0,46.4,47.0,1326575.7352365,62011785.21791266
2026-05-24 01:00:00,47.0,47.3,47.0,47.1,661031.88948598,31131633.15263476
2026-05-24 01:15:00,47.1,47.2,46.7,46.7,170600.10578036,7999206.45995344
2026-05-24 01:30:00,46.7,46.8,46.6,46.8,96137.63616618,4498062.8535219
2026-05-24 01:45:00,46.8,46.8,46.8,46.8,9791.09187926,458223.09994937
2026-05-24 02:00:00,46.7,46.9,46.5,46.9,199437.57138971,9307341.12161904
2026-05-24 02:15:00,46.6,46.6,46.5,46.5,549283.18282085,25596087.85487939
2026-05-24 02:30:00,46.5,46.5,46.5,46.5,26594.24168181,1236632.23820417
2026-05-24 02:45:00,46.5,46.5,46.5,46.5,215.0967742,10002.0000003
2026-05-24 03:00:00,46.5,46.7,46.5,46.7,20515.41352917,957889.2661724
2026-05-24 03:15:00,46.8,46.8,46.8,46.8,35768.1,1673947.08
2026-05-24 03:30:00,46.8,46.9,46.8,46.9,39666.93,1858580.154166
2026-05-24 03:45:00,46.9,46.9,46.8,46.8,45964.80558569,2154259.90741029
2026-05-24 04:00:00,46.9,46.9,46.7,46.7,62997.96755706,2947935.80828671
2026-05-24 04:30:00,46.9,46.9,46.9,46.9,19500.0,914550.0
2026-05-24 04:45:00,46.9,46.9,46.7,46.7,272861.98463667,12790127.07945982
2026-05-24 05:30:00,46.9,46.9,46.7,46.8,47267.53919115,2214769.97668949
2026-05-24 05:45:00,46.8,46.8,46.4,46.8,655077.48253031,30487373.10545817
2026-05-24 06:00:00,46.7,46.8,46.7,46.8,212469.41421425,9922957.22511548
2026-05-24 06:15:00,46.8,46.8,46.7,46.7,5935.05305726,277679.54187661
2026-05-24 06:30:00,46.8,47.0,46.8,46.9,410247.97929554,19257744.85428851
2026-05-24 06:45:00,47.0,47.0,46.8,47.0,114062.48388095,5357826.81348961
2026-05-24 07:00:00,46.9,47.1,46.9,47.1,23466.02460423,1105049.75885923
2026-05-24 07:15:00,47.2,47.3,47.2,47.2,92507.81894737,4371133.32112347
2026-05-24 07:30:00,47.4,47.4,47.0,47.0,210148.67713624,9912315.88994335
2026-05-24 07:45:00,47.0,47.2,47.0,47.2,235829.04573235,11107010.99124432
2026-05-24 08:00:00,47.2,47.2,47.0,47.1,225863.28583455,10651748.823429
2026-05-24 08:15:00,47.1,47.1,47.0,47.1,380498.32297384,17900158.59521432
2026-05-24 08:30:00,47.1,47.3,47.1,47.3,173055.94241945,8162760.56711557
2026-05-24 08:45:00,47.0,47.1,46.9,47.1,614927.1851142,28894217.94702085
2026-05-24 09:00:00,47.1,47.3,46.8,47.1,828478.86701256,38958434.97023141
2026-05-24 09:15:00,46.9,47.0,46.8,47.0,88978.48011035,4170637.93056385
2026-05-24 09:30:00,47.0,47.0,46.9,47.0,144655.73076094,6797907.14870649
2026-05-24 09:45:00,46.9,47.0,46.8,46.9,188610.44940945,8850321.77823496
2026-05-24 10:00:00,46.9,46.9,46.8,46.8,245698.33518062,11507524.22051129
2026-05-24 10:15:00,46.7,46.8,46.4,46.7,402905.22507995,18786801.73580072
2026-05-24 10:30:00,46.7,46.9,46.6,46.9,414314.93730054,19358083.63428264
2026-05-24 10:45:00,46.9,46.9,46.8,46.9,41380.1355679,1938818.03434318
2026-05-24 11:00:00,46.9,46.9,46.6,46.8,115899.8803745,5427551.95901396
2026-05-24 11:15:00,46.8,46.9,46.6,46.9,248274.28407957,11616709.08606106
2026-05-24 11:30:00,46.9,47.0,46.9,46.9,78137.85475291,3664797.37395585
2026-05-24 11:45:00,46.9,46.9,46.7,46.8,165609.12944233,7742221.64987555
2026-05-24 12:00:00,46.8,47.0,46.8,46.9,230238.11975284,10798497.29833969
2026-05-24 12:15:00,46.9,46.9,46.8,46.8,209636.77537244,9826398.47498587
2026-05-24 12:30:00,46.7,46.8,46.5,46.5,262172.74842026,12238429.02463985
2026-05-24 12:45:00,46.6,46.8,46.5,46.7,351030.15987099,16372712.76494412
2026-05-24 13:00:00,46.8,46.8,46.5,46.5,166977.13555289,7785321.88824091
2026-05-24 13:15:00,46.8,47.0,46.7,46.9,647650.86353359,30376921.26647394
2026-05-24 13:30:00,46.9,47.0,46.8,47.0,42953.65596245,2010738.41070865
2026-05-24 13:45:00,46.8,47.0,46.7,46.7,257440.25314566,12030207.92136424
2026-05-24 14:00:00,46.7,46.9,46.7,46.9,15111.0,705705.9
2026-05-24 14:45:00,46.7,46.9,46.7,46.9,770.33005666,35999.99999997
2026-05-24 15:00:00,46.8,46.9,46.7,46.9,72068.25178609,3374244.11546646
2026-05-24 15:30:00,46.9,46.9,46.9,46.9,7269.44562899,340936.99999963
2026-05-24 15:45:00,46.8,46.9,46.7,46.7,90734.77110286,4237368.3691968
2026-05-24 16:00:00,46.9,47.1,46.8,47.1,234072.99316732,10991834.95210801
2026-05-24 16:15:00,47.1,47.1,46.8,47.1,238214.78590436,11194551.98032405
2026-05-24 16:30:00,47.1,47.1,47.1,47.1,58569.37670067,2758617.64260156
2026-05-24 16:45:00,46.9,47.0,46.9,47.0,21423.29424307,1005752.49999998
2026-05-24 17:00:00,46.9,47.0,46.8,47.0,69171.1249431,3248973.03153013
2026-05-24 17:15:00,46.9,47.1,46.9,47.1,44708.98637832,2099028.77204904
2026-05-24 17:30:00,47.1,47.2,47.1,47.1,128331.84043699,6044483.15746358
2026-05-24 17:45:00,47.2,47.2,46.9,46.9,114630.09709224,5393630.61905792
2026-05-24 18:00:00,47.1,47.1,47.0,47.1,87612.47469176,4123361.85031162
2026-05-24 18:15:00,47.0,47.0,46.9,46.9,55287.04285726,2595977.73124062
2026-05-24 18:30:00,47.0,47.1,47.0,47.0,60403.35559879,2838968.71314313
2026-05-24 18:45:00,47.0,47.1,47.0,47.1,44155.1005254,2075323.12809083
2026-05-24 19:00:00,47.0,47.1,46.8,46.8,213886.50550191,10042223.20573594
2026-05-24 19:15:00,46.8,46.9,46.2,46.6,874230.95836698,40680354.61085814
2026-05-24 19:30:00,46.6,46.8,46.5,46.6,123384.0593235,5746225.52584169
2026-05-24 19:45:00,46.7,46.9,46.6,46.9,124621.93943708,5827094.81811884
2026-05-24 20:00:00,46.9,47.1,46.7,46.9,187844.71754995,8811013.98641117
2026-05-24 20:15:00,46.9,47.0,46.9,47.0,293398.88476284,13779823.39800651
2026-05-24 20:30:00,47.0,47.1,46.9,46.9,113354.23852409,5316459.24911928
2026-05-24 20:45:00,47.0,47.0,46.9,47.0,300352.67827968,14096878.09730607
2026-05-24 21:00:00,46.9,47.0,46.9,47.0,133617.86572462,6268624.48087922
2026-05-24 21:15:00,47.0,47.0,46.5,46.9,376997.61101117,17635264.45285292
2026-05-24 21:30:00,46.9,46.9,46.9,46.9,28895.05673601,1355178.16091887
2026-05-24 21:45:00,46.9,46.9,46.8,46.8,62339.31614673,2917574.01400385
2026-05-24 22:00:00,46.9,46.9,46.7,46.8,214519.73459407,10020549.19139936
2026-05-24 22:15:00,46.8,46.9,46.7,46.7,124957.4343226,5847191.82923568
2026-05-24 22:30:00,46.9,47.1,46.9,47.1,161333.73509346,7594465.72637
2026-05-24 22:45:00,47.0,47.0,46.8,46.8,67133.83052435,3147373.54377796
2026-05-24 23:00:00,46.8,47.0,46.8,47.0,82589.87953513,3875267.88925728
2026-05-24 23:15:00,46.9,46.9,46.5,46.5,426545.83527762,19878424.33549388
2026-05-24 23:30:00,46.7,46.7,46.5,46.5,69931.88116781,3258882.41379549
2026-05-24 23:45:00,46.5,46.7,46.5,46.7,65633.67749893,3062015.68694079
2026-05-25 00:00:00,46.7,46.9,46.7,46.9,64929.32496142,3039318.97407352
2026-05-25 00:15:00,46.9,46.9,46.8,46.8,160536.01230143,7519844.43754061
2026-05-25 00:30:00,46.8,46.8,46.8,46.8,47243.7412581,2211007.09087908
2026-05-25 00:45:00,46.8,46.8,46.6,46.8,199165.78096379,9301959.86440688
2026-05-25 01:00:00,46.8,46.9,46.7,46.8,157868.99988777,7389829.99965056
2026-05-25 01:15:00,46.7,46.7,46.7,46.7,5420.429907,253134.0766569
2026-05-25 01:30:00,46.7,46.7,46.7,46.7,25717.624892,1201013.0824564
2026-05-25 01:45:00,46.7,46.9,46.6,46.9,56144.64931267,2628531.61752103
2026-05-25 02:00:00,46.6,46.7,46.6,46.7,26675.07548268,1244107.28212686
2026-05-25 02:15:00,46.7,46.7,46.4,46.4,196778.31465478,9153064.42828309
2026-05-25 02:30:00,46.5,46.5,46.4,46.4,1420.1322,65973.84730709
2026-05-25 02:45:00,46.5,46.7,46.4,46.4,25681.79266868,1192409.96282675
2026-05-25 03:00:00,46.7,46.8,46.7,46.7,66127.40747763,3089230.90350932
2026-05-25 03:15:00,46.7,46.7,46.7,46.7,18235.332743,851590.0390981
2026-05-25 03:45:00,46.7,46.7,46.7,46.7,53977.41109771,2520745.09826306
2026-05-25 04:15:00,46.9,46.9,46.4,46.4,229916.31494953,10764629.40860342
2026-05-25 04:30:00,46.5,46.5,46.5,46.5,5511.66878379,256292.59844624
2026-05-25 05:00:00,46.7,46.7,46.7,46.7,3000.0,140100.0
2026-05-25 05:15:00,46.7,46.7,46.7,46.7,38198.10160312,1783851.3448657
2026-05-25 05:30:00,46.7,46.7,46.7,46.7,97755.88978181,4565200.05281053
2026-05-25 06:00:00,46.8,46.8,46.6,46.8,16824.01525169,787266.78110875
2026-05-25 06:15:00,46.8,46.8,46.6,46.6,7765.18782194,362052.7690435
2026-05-25 06:30:00,46.6,46.8,46.6,46.6,33204.81679323,1547378.82162452
2026-05-25 06:45:00,46.6,46.6,46.6,46.6,133375.71554958,6215308.34461043
2026-05-25 07:00:00,46.6,46.6,46.6,46.6,64845.66960266,3021808.20348396
2026-05-25 07:15:00,46.6,46.6,46.5,46.5,14683.76068376,683194.87179484
2026-05-25 07:30:00,46.6,46.7,46.4,46.4,520960.34646231,24277900.40282737
2026-05-25 07:45:00,46.5,46.6,46.3,46.4,682551.18733939,31652390.95029016
2026-05-25 08:00:00,46.5,46.6,46.3,46.5,51205.08980819,2381815.6842988
2026-05-25 08:15:00,46.5,46.5,46.3,46.5,453475.70852534,21011426.28718306
2026-05-25 08:30:00,46.4,46.4,46.2,46.2,341597.38062404,15809060.03193253
2026-05-25 08:45:00,46.2,46.2,46.1,46.2,466773.48402316,21545010.93314231
2026-05-25 09:00:00,46.5,49.0,46.5,48.5,18996963.28832189,916977782.5459372
2026-05-25 09:15:00,48.5,53.6,48.2,52.1,36201713.43020334,1864335736.708889
2026-05-25 09:30:00,52.2,53.1,50.9,51.4,28960548.04200484,1508351682.1520948
2026-05-25 09:45:00,51.3,54.5,51.1,54.1,43648810.87749404,2323284121.8345313
2026-05-25 10:00:00,54.3,54.3,52.2,52.8,25294553.18778136,1347407520.2172897
2026-05-25 10:15:00,52.7,54.0,52.4,53.6,18715218.98209628,995505445.5256795
2026-05-25 10:30:00,53.4,53.9,52.7,52.9,9511674.61096516,506926902.7854222
2026-05-25 10:45:00,52.9,53.4,52.8,53.0,4356642.68969988,231247786.51991227
2026-05-25 11:00:00,52.9,53.2,51.5,51.9,11727514.78784612,612134688.8961207
2026-05-25 11:15:00,51.9,52.1,50.8,51.5,11540782.64231,594319045.1543188
2026-05-25 11:30:00,51.5,51.6,50.4,51.6,14162804.22306771,721275667.6529866
2026-05-25 11:45:00,51.6,51.8,50.9,51.5,7736012.75106216,397389832.5871643
2026-05-25 12:00:00,51.7,51.9,51.3,51.6,5003343.07230325,258190409.58867654
2026-05-25 12:15:00,51.5,51.7,51.2,51.5,2790795.36269746,143505476.32778785
2026-05-25 12:30:00,51.5,52.6,51.3,52.3,7652767.95389773,398153999.1162436
2026-05-25 12:45:00,52.3,52.8,52.2,52.2,8755918.95217757,459873947.1299649
2026-05-25 13:00:00,52.2,52.5,51.6,52.0,4686839.57122214,243797645.44071776
2026-05-25 13:15:00,52.0,52.9,51.7,52.2,4252615.11620441,222550416.02925172
2026-05-25 13:30:00,52.2,52.6,52.0,52.4,3103677.98207561,162339360.013733
2026-05-25 13:45:00,52.5,52.6,50.7,50.7,8789535.65162274,451886905.5477354
2026-05-25 14:00:00,50.9,51.4,50.5,51.4,7179577.66159224,365721459.28956985
2026-05-25 14:15:00,51.5,51.5,50.8,51.2,3311278.77847093,169122106.73703998
2026-05-25 14:30:00,51.2,51.3,50.9,51.2,2389326.24691657,122058937.08867683
2026-05-25 14:45:00,51.2,51.3,50.7,51.0,1321360.22946203,67291023.32848957
2026-05-25 15:00:00,50.9,51.0,50.6,50.7,3239293.6493943,164419709.46143973
2026-05-25 15:15:00,50.7,50.9,49.2,49.6,11962883.44532432,597609878.6687347
2026-05-25 15:30:00,49.7,49.7,48.8,48.9,8260612.37936414,407242133.2138956
2026-05-25 15:45:00,48.9,49.4,48.6,48.6,5048395.82654146,247173297.6945217
2026-05-25 16:00:00,48.6,49.2,48.6,49.0,4584849.55163321,224173723.91036442
2026-05-25 16:15:00,49.0,49.5,48.7,49.2,2642470.40813817,129743535.4298673
2026-05-25 16:30:00,49.3,49.5,49.1,49.1,2586515.66896431,127392594.99189053
2026-05-25 16:45:00,49.1,49.3,48.9,49.2,1909361.42760811,93781106.24286717
2026-05-25 17:00:00,49.2,49.2,48.8,49.1,2241154.14476217,109841454.99777424
2026-05-25 17:15:00,49.1,49.7,49.1,49.3,1963560.671656,96801486.74092537
2026-05-25 17:30:00,49.1,49.3,49.0,49.1,1091914.57597257,53646380.21585237
2026-05-25 17:45:00,49.2,49.2,48.8,49.0,1341745.91846729,65691902.81508515
2026-05-25 18:00:00,49.0,49.2,48.9,49.0,1154658.38632669,56574469.94959428
2026-05-25 18:15:00,48.9,49.3,48.9,49.0,968770.88517603,47572191.3309847
2026-05-25 18:30:00,49.0,49.5,49.0,49.4,759816.16442359,37508044.92805483
2026-05-25 18:45:00,49.4,49.8,48.9,49.7,2518010.06217863,124358822.03988627
2026-05-25 19:00:00,49.7,50.2,49.6,49.7,4909371.91891195,244684976.1902117
2026-05-25 19:15:00,49.7,50.5,49.6,49.7,5616630.67504792,281140718.39005053
2026-05-25 19:30:00,49.6,49.9,49.4,49.8,1425265.48431766,70688951.23606984
2026-05-25 19:45:00,49.8,49.8,49.4,49.7,1140476.07608632,56513352.30763371
2026-05-25 20:00:00,49.7,49.8,49.4,49.6,1497380.46703306,74259748.9704565
2026-05-25 20:15:00,49.5,49.7,49.3,49.5,1148769.91222455,56791671.02345907
2026-05-25 20:30:00,49.4,49.6,48.9,49.0,2812932.47623234,138777809.6970064
2026-05-25 20:45:00,48.9,49.3,48.8,48.8,2379408.05099092,116637457.59200391
2026-05-25 21:00:00,48.8,49.2,48.8,49.2,2351377.84695952,115215205.65740477
2026-05-25 21:15:00,49.2,49.2,48.5,48.7,3085350.0037128,150642772.37546548
2026-05-25 21:30:00,48.8,48.8,48.0,48.4,4564722.4614963,220748911.63710055
2026-05-25 21:45:00,48.4,48.5,48.0,48.1,1783979.14401711,86067033.99589373
2026-05-25 22:00:00,48.1,48.6,48.0,48.6,2033585.62483668,98303984.77960047
2026-05-25 22:15:00,48.6,48.9,48.4,48.7,3310167.37554799,160902793.32161748
2026-05-25 22:30:00,48.7,48.9,48.4,48.6,674900.39826968,32789549.45125119
2026-05-25 22:45:00,48.6,48.6,48.3,48.6,603377.56177094,29232195.24903751
2026-05-25 23:00:00,48.6,48.6,48.4,48.6,428381.43687246,20778471.71749882
2026-05-25 23:15:00,48.5,48.6,48.3,48.6,1062782.79853224,51477672.24492665
2026-05-25 23:30:00,48.6,48.8,48.5,48.7,684443.02677266,33277856.96994695
2026-05-25 23:45:00,48.7,48.8,48.4,48.7,628997.32406512,30596884.82800207
2026-05-26 00:00:00,48.7,48.7,48.5,48.5,380425.50200304,18479616.19659362
2026-05-26 00:15:00,48.5,48.7,48.4,48.5,738566.93168815,35849486.7824995
2026-05-26 00:30:00,48.5,48.9,48.4,48.8,1041482.02674304,50653437.78552686
2026-05-26 00:45:00,48.8,48.8,48.6,48.8,329799.31370079,16052871.86093909
2026-05-26 01:00:00,48.7,49.0,48.6,48.7,478951.98519773,23349898.78480743
2026-05-26 01:15:00,48.7,48.8,48.5,48.8,625028.96061804,30419551.58495265
2026-05-26 01:30:00,48.8,49.0,48.8,48.9,329453.43789241,16107772.12581907
2026-05-26 01:45:00,48.9,49.0,48.7,48.7,603098.4778588,29483592.97875933
2026-05-26 02:00:00,49.0,49.0,48.8,48.8,155459.95616721,7606640.94630777
2026-05-26 02:15:00,48.8,49.2,48.7,48.8,741381.67616215,36317944.92613837
2026-05-26 02:30:00,49.0,49.5,49.0,49.2,561752.13524667,27726263.09323008
2026-05-26 02:45:00,49.4,49.5,49.3,49.3,255168.73541822,12597192.84362965
2026-05-26 03:00:00,49.3,49.5,49.2,49.5,261763.62704043,12919337.16353859
2026-05-26 03:15:00,49.3,49.5,49.1,49.5,521354.93953666,25753663.59472991
2026-05-26 03:30:00,49.5,49.5,49.1,49.2,123775.77439396,6084586.49674212
2026-05-26 03:45:00,49.2,49.5,49.2,49.2,448831.53243977,22086391.69047364
2026-05-26 04:00:00,49.3,49.5,49.3,49.5,192566.12179234,9499251.87473658
2026-05-26 04:15:00,49.5,49.6,49.3,49.6,215075.96768126,10633232.82897046
2026-05-26 04:30:00,49.5,49.7,49.4,49.4,376306.45436826,18629736.27762406
2026-05-26 04:45:00,49.4,49.6,49.4,49.5,268256.36004038,13280367.37203424
2026-05-26 05:00:00,49.5,49.7,49.3,49.6,506210.82411264,25022729.72177801
2026-05-26 05:15:00,49.5,49.6,49.3,49.6,296191.29660586,14678394.78843236
2026-05-26 05:30:00,49.6,49.7,49.4,49.6,436032.8541609,21600921.28769687
2026-05-26 05:45:00,49.5,49.8,49.5,49.8,296812.04961302,14740933.44909516
2026-05-26 06:00:00,49.7,49.8,49.4,49.6,321040.33639839,15917568.21252319
2026-05-26 06:15:00,49.6,50.1,49.6,50.0,560670.58084291,27947865.5402598
2026-05-26 06:30:00,50.0,50.1,49.7,49.8,948826.54527824,47394779.14171515
2026-05-26 06:45:00,49.8,50.1,49.8,50.0,515412.19048492,25737194.59207268
2026-05-26 07:00:00,49.9,50.3,49.9,50.2,568213.1231089,28447973.80612969
2026-05-26 07:15:00,50.2,50.3,49.7,50.0,713059.65365952,35637346.01335007
2026-05-26 07:30:00,50.0,50.0,49.7,50.0,681553.29009975,33951720.80804029
2026-05-26 07:45:00,50.0,50.0,49.8,50.0,443749.05338634,22149754.82891985
2026-05-26 08:00:00,49.9,50.1,49.7,49.7,715501.81985768,35636275.78320763
2026-05-26 08:15:00,49.7,50.3,49.7,49.8,1724252.77830533,86297497.86572938
2026-05-26 08:30:00,49.8,50.3,49.7,50.0,1361324.06726645,68095031.44486137
2026-05-26 08:45:00,50.0,50.4,49.9,50.3,2290024.78617649,114900231.28087784
2026-05-26 09:00:00,50.1,50.4,48.7,48.8,6908130.0017174,340491210.41912484
2026-05-26 09:15:00,48.8,48.9,48.3,48.9,3938737.09356256,191289630.6516406
2026-05-26 09:30:00,48.9,48.9,48.0,48.0,2732687.21514128,131979687.84973635
2026-05-26 09:45:00,48.0,48.4,47.9,48.0,2901488.18013183,139468555.19038686
2026-05-26 10:00:00,48.0,48.2,47.5,47.9,2561742.27307003,122393639.45944189
2026-05-26 10:15:00,47.9,48.2,47.7,47.9,857442.92769319,41072159.21342316
2026-05-26 10:30:00,48.0,48.2,47.7,48.1,1023302.50330931,49058882.23239767
2026-05-26 10:45:00,47.8,48.1,47.8,48.1,714459.61271498,34214125.04163071
2026-05-26 11:00:00,47.9,48.1,47.7,47.7,897929.16079291,42895209.20430208
2026-05-26 11:15:00,47.6,47.8,47.5,47.6,819249.96336595,39012904.22260889
2026-05-26 11:30:00,47.6,47.9,46.7,46.9,2681205.50323935,126649440.86460474
2026-05-26 11:45:00,47.2,47.2,46.8,47.1,1431454.05992537,67349530.79290913
2026-05-26 12:00:00,47.1,47.4,46.7,47.1,1882287.09727586,88405713.85707045
2026-05-26 12:15:00,47.1,47.2,46.6,46.9,1253202.80442117,58776719.32452706
2026-05-26 12:30:00,46.8,47.1,46.6,47.1,1044725.58189102,48906715.84743938
2026-05-26 12:45:00,47.0,47.3,46.7,47.2,1179633.16105144,55552582.8480791
2026-05-26 13:00:00,47.3,47.6,47.2,47.2,1466784.41766785,69563266.37515572
2026-05-26 13:15:00,47.3,47.3,46.8,47.3,1015873.06921799,47859151.56617441
2026-05-26 13:30:00,47.2,47.3,47.0,47.3,671406.78321555,31596298.45909177
2026-05-26 13:45:00,47.2,47.3,47.0,47.2,304704.87815656,14366682.40266428
2026-05-26 14:00:00,47.2,47.4,47.1,47.4,491070.44128499,23212722.51391007
2026-05-26 14:15:00,47.4,47.5,47.2,47.3,1037484.50675028,49095757.75190123
2026-05-26 14:30:00,47.3,47.9,47.2,47.7,1189264.17244088,56612212.1601096
2026-05-26 14:45:00,47.7,48.1,47.7,48.0,1278539.299182,61252668.26244309
2026-05-26 15:00:00,47.9,48.0,47.9,48.0,225623.60806418,10810405.18252422
2026-05-26 15:15:00,47.9,48.0,47.7,47.8,771742.41561037,36922570.86352737
2026-05-26 15:30:00,47.7,47.9,47.7,47.8,315999.55686879,15088224.86151365
2026-05-26 15:45:00,47.9,47.9,47.6,47.8,559788.54833363,26681995.83849089
2026-05-26 16:00:00,47.8,48.2,47.7,48.2,1605108.17503902,77040937.86283462
2026-05-26 16:15:00,48.2,48.2,47.8,47.8,836982.42303612,40131638.18059284
2026-05-26 16:30:00,47.8,47.9,47.5,47.5,913368.41940236,43527326.25312178
2026-05-26 16:45:00,47.6,47.7,47.4,47.6,799508.19922124,37992748.25861183
2026-05-26 17:00:00,47.4,47.6,47.2,47.2,1158356.53041569,54837453.58091003
2026-05-26 17:15:00,47.3,47.4,47.1,47.3,705370.62808136,33347264.12170905
2026-05-26 17:30:00,47.2,47.3,46.8,47.1,1202125.80491941,56571359.58663022
2026-05-26 17:45:00,47.2,47.2,46.8,46.9,816200.63960007,38290269.84005232
2026-05-26 18:00:00,46.8,47.4,46.8,47.4,668949.36301299,31469247.49496267
2026-05-26 18:15:00,47.2,47.5,47.2,47.4,314818.00867549,14895752.75804028
2026-05-26 18:30:00,47.3,47.4,47.1,47.3,362037.04698929,17110283.91694833
2026-05-26 18:45:00,47.1,47.3,47.0,47.1,243539.40616667,11485781.3057382
2026-05-26 19:00:00,47.1,47.5,47.1,47.5,241927.37001081,11437981.61051984
2026-05-26 19:15:00,47.5,48.0,47.5,47.8,623042.89199424,29764659.89594676
2026-05-26 19:30:00,47.8,48.0,47.5,47.8,1753379.85240296,83566645.87272367
2026-05-26 19:45:00,47.6,47.8,47.5,47.7,1084386.9715445,51620711.00834025
2026-05-26 20:00:00,47.7,47.8,47.5,47.5,417628.40505465,19867779.83484928
2026-05-26 20:15:00,47.5,47.9,47.5,47.7,615689.61707141,29358983.49674309
2026-05-26 20:30:00,47.7,47.8,47.4,47.4,701371.04001141,33315379.19723004
2026-05-26 20:45:00,47.6,47.7,47.5,47.6,353574.31131642,16830583.83428365
2026-05-26 21:00:00,47.7,47.7,47.4,47.5,349048.28077983,16576004.10419297
2026-05-26 21:15:00,47.6,47.6,47.4,47.5,291296.10628877,13816963.15564945
2026-05-26 21:30:00,47.3,47.5,47.2,47.5,670493.39993885,31716997.38041685
2026-05-26 21:45:00,47.5,47.5,47.3,47.4,260565.92051118,12363786.2108289
2026-05-26 22:00:00,47.5,47.7,47.4,47.7,323057.07393562,15377061.3739799
2026-05-26 22:15:00,47.7,47.7,47.4,47.4,428386.74007477,20338575.4584931
2026-05-26 22:30:00,47.3,47.4,47.0,47.3,771302.06912862,36394162.78715848
2026-05-26 22:45:00,47.2,47.6,47.2,47.5,328137.50267917,15577860.35031357
2026-05-26 23:00:00,47.5,47.7,47.4,47.7,272635.17652395,12963655.7191329
2026-05-26 23:15:00,47.7,48.1,47.6,47.9,751570.15443242,35923342.15936997
2026-05-26 23:30:00,47.9,48.0,47.7,47.7,175281.36422505,8382994.93243694
2026-05-26 23:45:00,47.8,47.8,47.6,47.8,103272.1819836,4928209.84113418
2026-05-27 00:00:00,47.8,47.9,47.4,47.7,514279.07278377,24486093.50533088
2026-05-27 00:15:00,47.6,47.8,47.6,47.6,334791.65172658,15965801.23845757
2026-05-27 00:30:00,47.6,47.9,47.6,47.9,422205.51692959,20183946.69052024
2026-05-27 00:45:00,47.8,47.8,47.7,47.8,100311.95125357,4789478.4991188
2026-05-27 01:00:00,47.8,48.0,47.8,48.0,314492.86866317,15061981.79666033
2026-05-27 01:15:00,48.0,48.0,47.7,47.8,142098.7095321,6798924.56586942
2026-05-27 01:30:00,47.8,47.9,47.7,47.7,65585.97132236,3138098.34408939
2026-05-27 01:45:00,47.7,47.9,47.7,47.9,195854.54676177,9361932.19391761
2026-05-27 02:00:00,47.9,47.9,47.6,47.6,371502.91734953,17720190.5565932
2026-05-27 02:15:00,47.6,47.7,47.4,47.4,276678.75602197,13151993.4967737
2026-05-27 02:30:00,47.4,47.4,47.3,47.3,289248.97063173,13690492.16683474
2026-05-27 02:45:00,47.3,47.4,47.3,47.3,397262.26299613,18801307.60971708
2026-05-27 03:00:00,47.3,47.3,47.3,47.3,78456.8281067,3711007.96944691
2026-05-27 03:15:00,47.3,47.4,47.3,47.3,24066.85588908,1139872.55198536
2026-05-27 03:30:00,47.3,47.5,47.3,47.5,31341.83565397,1482607.98343323
2026-05-27 03:45:00,47.5,47.6,47.5,47.5,152204.6798835,7232259.06179687
2026-05-27 04:00:00,47.5,47.5,47.3,47.3,49720.44157676,2358648.17052208
2026-05-27 04:15:00,47.3,47.3,47.3,47.3,38715.94619944,1831264.25523351
2026-05-27 04:30:00,47.3,47.3,47.3,47.3,10188.73541881,481927.18530971
2026-05-27 04:45:00,47.3,47.5,47.2,47.5,201809.0832461,9539939.40308147
2026-05-27 05:00:00,47.5,47.5,47.2,47.2,130753.75353859,6175000.00000242
2026-05-27 05:30:00,47.3,47.5,47.3,47.5,126221.46034978,5992153.15674104
2026-05-27 05:45:00,47.5,47.6,47.5,47.6,202911.78483967,9640288.81276304
2026-05-27 06:00:00,47.6,47.6,47.5,47.5,40000.0,1900210.08403361
2026-05-27 06:15:00,47.6,47.6,47.4,47.4,227164.06194138,10767597.53602141
2026-05-27 06:30:00,47.4,47.7,47.4,47.5,158125.88341133,7519956.87625314
2026-05-27 06:45:00,47.7,47.7,47.4,47.4,207423.69338348,9872288.63640476
2026-05-27 07:00:00,47.4,47.6,47.3,47.4,233045.31720686,11046172.73873047
2026-05-27 07:15:00,47.4,47.5,47.2,47.3,366181.02479274,17318626.18929572
2026-05-27 07:30:00,47.2,47.3,47.2,47.3,117163.31665257,5531772.08849602
2026-05-27 07:45:00,47.3,47.3,47.2,47.2,226707.62161396,10705635.97407169
2026-05-27 08:00:00,47.2,47.4,47.1,47.4,514486.21499554,24295868.79006155
2026-05-27 08:15:00,47.4,47.5,47.2,47.2,575489.71381037,27236077.48535319
2026-05-27 08:30:00,47.2,47.3,47.1,47.2,569544.42401079,26864786.34066632
2026-05-27 08:45:00,47.2,47.3,46.9,47.1,1420766.60925016,66860492.02675293
2026-05-27 09:00:00,47.1,47.4,46.7,47.2,1854263.08666205,87314091.45888336
2026-05-27 09:15:00,47.2,47.3,46.4,46.9,2511389.62601127,117505832.93561421
2026-05-27 09:30:00,46.9,47.2,46.7,47.1,396738.99264355,18627607.36441535
2026-05-27 09:45:00,46.9,47.3,46.8,47.3,773497.62926999,36359749.91281772
2026-05-27 10:00:00,47.0,47.4,47.0,47.4,448372.95512152,21192469.84944277
2026-05-27 10:15:00,47.3,47.4,47.2,47.2,250309.7004919,11836342.78948323
2026-05-27 10:30:00,47.2,47.4,47.1,47.2,494814.57284429,23319628.96863324
2026-05-27 10:45:00,47.1,47.2,46.8,47.0,423626.55532487,19880606.30383327
2026-05-27 11:00:00,47.0,47.1,46.7,47.0,1057174.03631258,49455919.64927556
2026-05-27 11:15:00,47.0,47.0,46.6,46.9,276509.59942659,12946317.21494047
2026-05-27 11:30:00,46.8,46.8,46.5,46.8,205828.37215796,9594659.33850696
2026-05-27 11:45:00,46.8,46.9,46.5,46.6,687508.78443969,32070530.49037831
2026-05-27 12:00:00,46.7,46.7,46.4,46.5,340475.08532708,15835708.51322931
2026-05-27 12:15:00,46.5,46.5,45.1,45.5,3162464.47052124,144516710.27400488
2026-05-27 12:30:00,45.6,45.7,45.1,45.2,1108057.42689082,50270740.92421815
2026-05-27 12:45:00,45.2,45.6,45.1,45.2,966233.77170267,43759615.33948936
2026-05-27 13:00:00,45.2,45.6,45.2,45.6,381470.31368158,17301610.95656712
2026-05-27 13:15:00,45.5,45.6,45.4,45.5,195764.84432135,8906458.47955204
2026-05-27 13:30:00,45.4,45.5,44.5,44.8,1628761.84635047,73251521.4516027
2026-05-27 13:45:00,44.8,45.3,44.6,45.2,1933737.12797526,86865661.59990329
2026-05-27 14:00:00,45.2,45.2,44.9,45.1,674361.57116216,30354965.20174683
2026-05-27 14:15:00,45.1,45.2,45.0,45.0,164802.735635,7424830.53748146
2026-05-27 14:30:00,45.0,45.1,44.7,44.9,1028548.02066368,46141502.00756727
2026-05-27 14:45:00,44.9,45.3,44.7,45.3,536233.43610502,24094256.10886633
2026-05-27 15:00:00,45.3,45.3,45.0,45.2,274574.90773123,12376773.72590583
2026-05-27 15:15:00,45.2,45.2,45.1,45.2,176119.84701426,7959828.84551389
2026-05-27 15:30:00,45.2,45.3,45.2,45.2,526949.16735246,23823238.1259206
2026-05-27 15:45:00,45.2,45.3,45.2,45.3,72441.79196469,3279999.03798759
2026-05-27 16:00:00,45.3,45.8,45.3,45.8,375897.8552292,17133239.11997611
2026-05-27 16:15:00,45.6,45.8,45.5,45.7,96912.97218949,4424213.88923084
2026-05-27 16:30:00,45.7,45.7,45.4,45.5,149001.76136297,6783442.9261579
2026-05-27 16:45:00,45.5,45.6,45.4,45.5,139883.47071445,6352633.98142504
2026-05-27 17:00:00,45.5,45.8,45.5,45.8,177964.27091472,8111557.12946804
2026-05-27 17:15:00,45.8,46.2,45.8,46.0,622896.93787445,28595966.91047558
2026-05-27 17:30:00,46.1,46.1,45.6,45.8,881930.25559301,40470890.42806575
2026-05-27 17:45:00,45.8,45.9,45.7,45.8,50716.79220493,2322805.21336952
2026-05-27 18:00:00,45.7,45.8,45.7,45.8,88946.88512135,4069688.79075263
2026-05-27 18:15:00,45.8,45.8,45.5,45.6,159771.85306401,7305270.02217192
2026-05-27 18:30:00,45.8,45.9,45.7,45.9,177573.05696898,8127473.16978938
2026-05-27 18:45:00,45.9,45.9,45.9,45.9,55202.37645306,2533789.07919545
2026-05-27 19:00:00,45.8,45.9,45.6,45.8,153028.78506492,6997070.19502031
2026-05-27 19:15:00,45.6,45.8,45.6,45.8,38965.88944688,1781081.4985694
2026-05-27 19:30:00,45.7,45.8,45.6,45.6,89366.20752421,4081956.93527552
2026-05-27 19:45:00,45.9,45.9,45.7,45.8,7227.65897885,330801.09903448
2026-05-27 20:00:00,45.8,46.0,45.8,46.0,134644.09193399,6178062.41000073
2026-05-27 20:15:00,45.9,46.0,45.9,46.0,276349.17644345,12709764.94672337
2026-05-27 20:30:00,46.0,46.0,45.9,45.9,175040.50188491,8034416.01912606
2026-05-27 20:45:00,45.9,45.9,45.7,45.8,254461.44988517,11648589.89736866
2026-05-27 21:00:00,45.9,46.0,45.9,45.9,232728.98049835,10682284.12009166
2026-05-27 21:15:00,45.9,45.9,45.9,45.9,25064.82943397,1150475.67101922
2026-05-27 21:30:00,45.9,46.0,45.8,45.9,193496.10390075,8879892.45589651
2026-05-27 21:45:00,46.0,46.0,45.8,46.0,104299.32884063,4787293.86108083
2026-05-27 22:00:00,45.8,45.9,45.5,45.5,336016.54523226,15332862.0781556
2026-05-27 22:15:00,45.6,45.8,45.6,45.6,30155.12775864,1375117.90763206
2026-05-27 22:30:00,45.6,45.8,45.6,45.6,152897.97497015,6972476.13436159
2026-05-27 22:45:00,45.7,45.7,45.5,45.5,214412.12438183,9763718.05158159
2026-05-27 23:00:00,45.7,45.9,45.5,45.8,583663.21056733,26660265.64265011
2026-05-27 23:15:00,45.9,45.9,45.3,45.3,378636.48556764,17198759.17004115
2026-05-27 23:30:00,45.3,45.3,45.0,45.3,938529.44745794,42345485.24834601
2026-05-27 23:45:00,45.3,45.6,45.3,45.6,449707.38330644,20418374.31701215
2026-05-28 00:00:00,45.6,45.7,45.5,45.5,240587.5397725,10965814.98226182
2026-05-28 00:15:00,45.6,45.6,45.5,45.5,14144.34978421,643579.09939208
2026-05-28 00:30:00,45.6,45.7,45.5,45.5,39674.40754459,1811740.06136615
2026-05-28 00:45:00,45.7,45.7,45.6,45.6,28588.76503273,1304847.68549249
2026-05-28 01:00:00,45.7,45.7,45.5,45.5,511.43107221,23292.0
2026-05-28 01:15:00,45.6,45.7,45.6,45.7,3002.1509463,136979.0000003
2026-05-28 01:30:00,45.7,45.7,45.5,45.5,102205.45462077,4659636.18878562
2026-05-28 01:45:00,45.5,45.5,45.3,45.5,76193.79866855,3460842.04661436
2026-05-28 02:00:00,45.3,45.5,45.3,45.4,77129.398345,3494750.09988758
2026-05-28 02:15:00,45.2,45.4,45.0,45.0,249989.54537921,11291443.46503257
2026-05-28 02:30:00,45.3,45.3,45.0,45.3,167030.21805043,7549595.01848141
2026-05-28 02:45:00,45.4,45.5,45.4,45.4,65632.57738923,2979762.969515
2026-05-28 03:00:00,45.2,45.5,45.1,45.1,101148.57062814,4568458.69714859
2026-05-28 03:15:00,45.4,45.4,45.2,45.2,5848.36792792,264470.2939585
2026-05-28 03:30:00,45.2,45.3,45.0,45.3,153936.5188149,6943564.98282071
2026-05-28 04:15:00,45.3,45.8,45.0,45.3,109198.05892616,4977781.83625635
2026-05-28 04:30:00,45.3,45.3,45.2,45.2,17657.95396132,798508.40391536
2026-05-28 05:00:00,45.2,45.2,45.1,45.2,10067.90003407,454312.38123528
2026-05-28 05:30:00,45.2,45.5,45.2,45.3,22708.61043678,1033054.58941993
2026-05-28 05:45:00,45.3,45.3,45.3,45.3,39586.13015504,1793251.69602331
2026-05-28 06:00:00,45.3,45.6,45.3,45.6,43559.24087022,1985663.89549321
2026-05-28 06:15:00,45.6,45.8,45.6,45.6,77006.84274249,3519699.27063017
2026-05-28 06:30:00,45.6,45.6,45.1,45.1,746763.42699405,33884838.87545358
2026-05-28 06:45:00,45.2,45.2,45.0,45.2,326824.31526694,14738717.26086162
2026-05-28 07:00:00,45.1,45.2,45.0,45.2,62605.76705619,2824044.74487476
2026-05-28 07:15:00,45.2,45.6,45.0,45.6,394837.08837046,17867893.47955524
2026-05-28 07:30:00,45.6,45.7,45.3,45.3,55919.46786373,2546722.11670264
2026-05-28 07:45:00,45.3,45.4,45.2,45.2,159510.50983457,7228545.10809367
2026-05-28 08:00:00,45.2,45.3,45.0,45.2,282718.27659437,12778055.01838205
2026-05-28 08:15:00,45.1,45.2,44.9,45.0,1373021.75511617,61805789.76617919
2026-05-28 08:30:00,45.0,45.2,44.7,45.2,647580.48474972,29106650.37872991
2026-05-28 08:45:00,45.0,45.6,44.9,45.2,651370.65061209,29413369.89522058
2026-05-28 09:00:00,45.4,48.0,45.4,46.8,13116758.72037512,613110762.348654
2026-05-28 09:15:00,46.7,49.4,46.7,48.6,19189357.35996193,927928469.8992779
2026-05-28 09:30:00,48.5,49.0,46.2,47.0,16071095.39145075,764934575.6066118
2026-05-28 09:45:00,47.0,49.7,46.9,49.7,9421100.57078074,456094468.2125476
2026-05-28 10:00:00,49.6,49.9,48.4,49.3,17133462.56547174,842703825.0483662
2026-05-28 10:15:00,49.3,49.4,47.8,48.2,8940059.26414437,433553314.4432903
2026-05-28 10:30:00,48.2,48.2,46.3,46.7,11808123.70267013,554722155.3159465
2026-05-28 10:45:00,46.7,47.3,46.6,47.0,4971622.88959516,233609356.7579769
2026-05-28 11:00:00,47.0,47.2,46.3,46.5,4035139.64132777,188088464.25751597
2026-05-28 11:15:00,46.7,46.8,46.5,46.8,1154667.19554799,53868294.80818833
2026-05-28 11:30:00,46.8,47.6,46.7,47.6,2191687.51920686,103429923.73195739
2026-05-28 11:45:00,47.7,47.7,47.3,47.3,1780230.28033992,84660861.5281075
2026-05-28 12:00:00,47.4,47.4,47.0,47.4,656964.56455395,31005585.53992855
2026-05-28 12:15:00,47.3,48.5,47.1,48.3,4080838.98873787,194870130.00215316
2026-05-28 12:30:00,48.3,49.2,47.8,48.3,8858521.32245546,430425419.8919439
2026-05-28 12:45:00,48.3,49.4,48.1,48.2,10784426.46533909,526401031.04767543
2026-05-28 13:00:00,48.1,48.8,47.2,48.4,6338137.05723917,303235702.2833386
2026-05-28 13:15:00,48.4,48.5,47.6,48.3,5562078.45733733,267082826.2463039
2026-05-28 13:30:00,48.3,48.6,47.8,48.0,4365649.96157806,210891137.71260327
2026-05-28 13:45:00,48.0,48.5,47.8,48.2,3657404.27344951,176212924.32900316
2026-05-28 14:00:00,48.2,48.4,46.7,47.3,6443201.51477012,305346565.66029453
2026-05-28 14:15:00,47.3,47.3,46.3,47.0,4799093.55001037,224430053.03247923
2026-05-28 14:30:00,46.8,47.3,46.7,46.8,1767529.30949618,82902974.45763876
2026-05-28 14:45:00,46.8,46.9,43.8,43.9,11445562.36510076,514916698.069316
2026-05-28 15:00:00,44.0,45.2,43.7,44.7,5864205.90607664,260819773.5786425
2026-05-28 15:15:00,44.6,44.6,43.5,44.3,3303144.11792083,145558394.4697546
2026-05-28 15:30:00,44.3,44.7,44.0,44.2,1207190.24932724,53666967.95477443
2026-05-28 15:45:00,44.2,44.7,44.2,44.2,854156.17087998,38009099.24036317
2026-05-28 16:00:00,44.4,44.7,44.1,44.6,700596.31472295,31086594.4413742
2026-05-28 16:15:00,44.5,44.8,44.3,44.8,773964.78886488,34471203.56297768
2026-05-28 16:30:00,44.6,44.8,44.6,44.8,564990.49821151,25233475.66567485
2026-05-28 16:45:00,44.7,45.1,44.5,45.1,399683.03211615,17902023.14433865
2026-05-28 17:00:00,45.0,45.5,44.8,45.3,1138136.29869383,51543536.25617796
2026-05-28 17:15:00,45.3,45.6,45.1,45.1,1123083.14666854,50928262.2891456
2026-05-28 17:30:00,45.1,45.5,45.0,45.2,278783.99830757,12612710.17760146
2026-05-28 17:45:00,45.4,45.4,45.2,45.2,106591.74200426,4824000.0772836
2026-05-28 18:00:00,45.4,45.4,45.1,45.3,443406.15445922,20028198.66929653
2026-05-28 18:15:00,45.3,45.3,44.8,45.2,844786.05421643,38034364.1171517
2026-05-28 18:30:00,45.1,45.2,45.1,45.2,84949.54743289,3835747.21729249
2026-05-28 18:45:00,45.2,45.2,44.7,45.0,263212.47975785,11839322.72572333
2026-05-28 19:00:00,45.0,45.0,44.7,45.0,421694.55333782,18913086.41507787
2026-05-28 19:15:00,45.0,45.1,44.9,45.0,83903.22753292,3768408.77605166
2026-05-28 19:30:00,45.0,45.0,44.7,44.9,730443.42476641,32694721.81204003
2026-05-28 19:45:00,44.8,44.8,44.1,44.3,2524981.2093396,112148390.84872109
2026-05-28 20:00:00,44.2,44.7,43.9,44.7,1285774.23654952,56699556.79977804
2026-05-28 20:15:00,44.5,44.5,44.1,44.3,295730.13680749,13093402.56077195
2026-05-28 20:30:00,44.1,44.5,44.1,44.5,143313.69466528,6334724.79753307
2026-05-28 20:45:00,44.5,44.5,44.3,44.3,196469.84374844,8715625.86446543
2026-05-28 21:00:00,44.4,44.5,44.2,44.2,465824.57806744,20671245.20129768
2026-05-28 21:15:00,44.3,44.4,44.1,44.1,445314.44261132,19678070.86659884
2026-05-28 21:30:00,44.1,44.6,44.1,44.6,552167.58414617,24458743.26883818
2026-05-28 21:45:00,44.5,45.2,44.2,44.7,827266.50632849,37169602.49835335
2026-05-28 22:00:00,44.6,45.0,44.6,44.7,240868.99219638,10812677.87146045
2026-05-28 22:15:00,44.5,44.8,44.4,44.5,303803.49659891,13522545.05989395
2026-05-28 22:30:00,44.5,45.0,44.0,44.9,1000706.00899656,44322843.99923312
2026-05-28 22:45:00,44.7,44.9,43.3,43.8,1438394.49839812,63190700.08854425
2026-05-28 23:00:00,43.8,44.9,43.6,44.2,2373518.8836806,105127839.57081626
2026-05-28 23:15:00,44.1,44.8,44.1,44.2,625477.87672438,27784018.6920211
2026-05-28 23:30:00,44.4,44.5,43.7,43.9,973833.43921015,42890596.92418063
2026-05-28 23:45:00,44.2,44.3,43.7,44.0,741305.71701288,32629654.12435232
2026-05-29 00:00:00,44.0,44.1,44.0,44.0,50602.33977573,2227359.65240482
2026-05-29 00:15:00,44.0,44.0,43.6,43.8,339861.09510615,14893403.5538187
2026-05-29 00:30:00,43.8,43.8,43.1,43.4,882804.6404003,38362697.75531935
2026-05-29 00:45:00,43.3,43.9,43.2,43.6,188337.26270579,8207774.40423799
2026-05-29 01:00:00,43.5,43.7,43.5,43.7,48578.20504195,2119718.10870127
2026-05-29 01:15:00,43.7,43.7,43.7,43.7,22982.44897959,1004333.02040808
2026-05-29 01:30:00,43.7,43.8,43.5,43.8,485444.46274191,21205864.41448097
2026-05-29 01:45:00,44.0,44.4,44.0,44.2,284271.78786754,12553616.52342046
2026-05-29 02:00:00,44.3,44.3,44.2,44.3,265464.5346969,11754171.00144291
2026-05-29 02:15:00,44.4,44.6,44.4,44.5,83267.8806872,3706252.40050305
2026-05-29 02:30:00,44.5,44.6,44.4,44.4,148846.72172524,6623673.74263533
2026-05-29 02:45:00,44.4,44.7,44.4,44.5,190397.14785027,8476916.2820176
2026-05-29 03:00:00,44.7,44.7,44.2,44.2,313553.58337925,13938537.0773975
2026-05-29 03:15:00,44.4,44.4,44.3,44.3,19780.34612339,877414.56245339
2026-05-29 03:30:00,44.4,44.5,44.4,44.5,47077.01282642,2091662.99034875
2026-05-29 03:45:00,44.6,44.8,44.6,44.8,70243.60003853,3139602.99536086
2026-05-29 04:00:00,44.6,44.9,44.6,44.9,37981.38725222,1705298.20832952
2026-05-29 04:15:00,44.8,44.8,44.7,44.7,3968.11882124,177474.11666657
2026-05-29 04:30:00,44.7,45.0,44.7,44.8,109358.7998792,4915367.54012424
2026-05-29 04:45:00,45.0,45.1,45.0,45.1,143327.60985894,6452924.02543425
2026-05-29 05:00:00,45.1,45.2,44.9,45.1,90405.59931928,4076324.41017036
2026-05-29 05:15:00,44.9,44.9,44.9,44.9,95430.95851177,4284850.03717847
2026-05-29 05:30:00,44.9,45.1,44.8,44.8,71361.02043374,3202884.69394219
2026-05-29 05:45:00,45.0,45.3,44.8,45.3,624731.33729172,28215125.33663548
2026-05-29 06:00:00,45.4,45.5,45.0,45.2,468785.76683868,21214334.93883785
2026-05-29 06:15:00,45.2,45.4,45.2,45.3,66187.89788548,2994826.54709746
2026-05-29 06:30:00,45.3,45.3,45.0,45.3,59575.54679283,2687731.19854994
2026-05-29 06:45:00,45.3,45.5,45.3,45.4,272303.81309837,12376938.42828196
2026-05-29 07:00:00,45.5,46.1,45.5,45.5,1445608.54793889,66332924.57434379
2026-05-29 07:15:00,45.8,46.1,45.6,46.0,381735.9329161,17492350.77968647
2026-05-29 07:30:00,46.0,46.2,45.8,45.8,831711.5544801,38264310.24485977
2026-05-29 07:45:00,45.8,46.4,45.8,46.2,733344.60928901,33925583.1474423
2026-05-29 08:00:00,46.1,46.5,46.1,46.4,374869.05360948,17361331.60604815
2026-05-29 08:15:00,46.3,46.5,46.0,46.3,649109.09364527,29980582.73523235
2026-05-29 08:30:00,46.2,46.5,45.7,46.0,974348.93065857,44903614.33073245
2026-05-29 08:45:00,46.1,46.4,45.9,45.9,1489139.3852919,68739477.3260759
2026-05-29 09:00:00,46.1,46.1,44.6,44.6,2194644.90972733,99185552.13472866
2026-05-29 09:15:00,44.6,45.4,44.6,45.1,1412949.72499135,63503883.93853488
2026-05-29 09:30:00,45.2,45.6,45.2,45.4,329968.03563323,15002907.31615939
2026-05-29 09:45:00,45.4,45.8,45.1,45.5,851938.40468512,38664376.19169924
2026-05-29 10:00:00,45.3,46.4,45.3,46.4,1726577.96674648,79445949.00187573
2026-05-29 10:15:00,46.1,47.2,45.3,46.1,2387750.39736939,110470781.24029246
2026-05-29 10:30:00,46.1,46.3,45.4,45.7,817973.98134678,37457906.80057274
2026-05-29 10:45:00,45.6,45.7,45.5,45.5,187717.05953054,8543650.49564116
2026-05-29 11:00:00,45.4,45.5,44.9,45.1,649306.73593135,29301492.61668419
2026-05-29 11:15:00,45.1,45.9,45.0,45.9,1222147.99573652,55625457.87677404
2026-05-29 11:30:00,45.6,45.8,44.9,45.8,1059211.27636964,48038238.43956231
2026-05-29 11:45:00,45.8,45.8,45.1,45.6,165096.85281017,7492508.97091286
2026-05-29 12:00:00,45.4,45.5,45.2,45.5,105881.46959549,4805287.69201028
2026-05-29 12:15:00,45.5,45.5,45.2,45.3,387882.3926384,17557498.58246972
2026-05-29 12:30:00,45.4,45.4,45.1,45.2,248246.56277522,11225294.26761781
2026-05-29 12:45:00,45.1,45.1,44.1,44.6,2076964.48993486,92489853.62771556
2026-05-29 13:00:00,44.2,44.6,44.1,44.4,354004.72965553,15702403.66203329
2026-05-29 13:15:00,44.4,44.6,43.7,44.1,774460.22799254,34098703.64811472
2026-05-29 13:30:00,44.0,44.5,44.0,44.5,470109.63206322,20790257.07984466
2026-05-29 13:45:00,44.4,44.8,44.2,44.8,374145.90957038,16624433.01904688
2026-05-29 14:00:00,44.5,45.2,43.9,44.9,3237878.02386855,143538441.64846787
2026-05-29 14:15:00,44.7,44.8,44.4,44.7,278027.02619416,12395310.75638948
2026-05-29 14:30:00,44.6,45.0,44.4,44.8,245364.29681824,10960707.95860518
2026-05-29 14:45:00,44.8,45.0,44.6,44.9,99129.05459415,4435408.34359982
2026-05-29 15:00:00,44.7,45.1,44.7,45.0,331132.39063241,14852950.51358675
2026-05-29 15:15:00,44.9,45.1,44.9,45.1,297012.93366218,13371789.47950157
2026-05-29 15:30:00,45.0,45.1,44.9,45.1,139602.14259829,6295181.62304674
2026-05-29 15:45:00,44.9,45.0,44.7,45.0,198468.65412096,8899328.93625189
2026-05-29 16:00:00,45.0,45.1,44.9,45.1,604885.33634726,27251230.61277741
2026-05-29 16:15:00,44.9,45.2,44.9,45.1,305715.06217763,13762188.73029732
2026-05-29 16:30:00,45.1,45.1,44.7,45.1,266272.9904091,11938027.02884375
2026-05-29 16:45:00,44.8,45.1,44.7,44.8,234440.72411352,10517792.7287044
2026-05-29 17:00:00,45.0,46.7,44.8,45.5,4161509.24622487,189951330.72944936
2026-05-29 17:15:00,45.5,46.5,45.5,46.4,762374.57570966,34973578.85590349
2026-05-29 17:30:00,46.0,46.6,45.6,45.6,1147438.67013758,52994623.23818431
2026-05-29 17:45:00,45.6,45.9,45.3,45.7,559439.36007428,25444485.46536422
2026-05-29 18:00:00,45.7,45.9,45.4,45.5,561063.03408272,25550889.08749239
2026-05-29 18:15:00,45.5,46.3,45.4,45.8,959907.60584649,43960945.89576916
2026-05-29 18:30:00,45.8,46.0,45.6,46.0,309917.71110717,14190953.25561934
2026-05-29 18:45:00,45.9,45.9,45.1,45.2,1217636.42651241,55371993.11566946
2026-05-29 19:00:00,45.2,45.6,44.5,44.8,2062750.56936112,92413319.90787326
2026-05-29 19:15:00,44.7,45.2,44.7,45.0,203295.35839257,9127586.72824529
2026-05-29 19:30:00,45.0,45.6,45.0,45.2,439963.59453369,19836526.92212408
2026-05-29 19:45:00,45.0,45.2,44.8,45.0,181243.88357387,8132853.29674874
2026-05-29 20:00:00,45.0,45.0,44.8,44.8,111072.53768265,4979021.09137001
2026-05-29 20:15:00,44.8,45.1,44.3,44.4,915411.07272946,40790787.01247091
2026-05-29 20:30:00,44.5,44.6,44.3,44.3,574791.64689438,25562134.85054984
2026-05-29 20:45:00,44.3,44.5,44.0,44.2,969337.76403153,42823088.15167569
2026-05-29 21:00:00,44.4,45.0,44.2,45.0,336256.18318068,14976064.4243514
2026-05-29 21:15:00,44.8,44.9,44.5,44.7,233380.10198665,10440193.15827749
2026-05-29 21:30:00,44.7,45.0,44.2,44.3,471492.21194925,21079992.19514676
2026-05-29 21:45:00,44.3,44.8,44.3,44.7,135448.79706582,6026865.45479036
2026-05-29 22:00:00,44.7,44.9,44.6,44.6,121708.34952408,5448363.99696405
2026-05-29 22:15:00,44.6,44.8,44.6,44.8,39457.97298739,1759885.59523759
2026-05-29 22:30:00,44.8,45.3,44.4,45.1,536026.30378123,24116845.01865175
2026-05-29 22:45:00,45.1,45.1,44.8,45.1,109642.28983994,4914537.55931214
2026-05-29 23:00:00,45.1,45.1,45.1,45.1,94157.17960087,4246488.79999924
2026-05-29 23:15:00,45.1,45.3,44.9,45.3,258092.62156882,11672169.9503651
2026-05-29 23:30:00,45.3,45.3,44.6,45.0,565448.32741609,25269745.90955245
2026-05-29 23:45:00,44.8,44.9,44.4,44.9,881371.98706443,39342851.92937956
2026-05-30 00:00:00,44.7,44.9,44.4,44.8,515949.40460015,23024268.77958702
2026-05-30 00:15:00,44.8,44.8,43.9,44.3,1167682.57808484,51658943.22891926
2026-05-30 00:30:00,44.8,44.8,44.8,44.8,15587.01675945,698298.35082336
2026-05-30 00:45:00,44.8,45.0,44.7,45.0,177792.82814184,7969264.02847911
2026-05-30 01:00:00,44.7,44.9,44.7,44.8,154254.36129378,6908632.80850967
2026-05-30 01:15:00,44.9,44.9,44.9,44.9,96286.35807719,4323257.47766583
2026-05-30 01:30:00,45.0,45.1,45.0,45.0,66324.02852366,2987698.69352759
2026-05-30 01:45:00,45.0,45.1,45.0,45.1,87301.6772752,3930214.6000572
2026-05-30 02:00:00,45.1,45.2,45.1,45.1,28283.890252,1276654.6011412
2026-05-30 02:15:00,45.1,45.2,44.8,44.8,376606.95376691,16971542.99376548
2026-05-30 02:30:00,44.9,45.2,44.9,45.1,213726.42300075,9600242.86650301
2026-05-30 02:45:00,45.2,45.2,44.9,44.9,199483.90692565,8972824.38262543
2026-05-30 03:00:00,45.0,45.2,45.0,45.0,72526.41201415,3267102.70118228
2026-05-30 03:15:00,45.0,45.0,44.9,44.9,20515.62380129,923045.09728305
2026-05-30 03:45:00,44.9,44.9,44.9,44.9,13580.95205045,609784.74706521
2026-05-30 04:00:00,44.9,45.2,44.8,44.8,5004.57117593,224363.77445774
2026-05-30 04:15:00,44.8,44.8,44.8,44.8,33660.22369421,1507978.02150061
2026-05-30 04:30:00,45.1,45.1,45.1,45.1,2107.76097538,95060.01998964
2026-05-30 04:45:00,44.8,44.8,44.8,44.8,70338.697318,3151173.6398464
2026-05-30 05:15:00,44.9,45.1,44.9,45.1,68141.70881623,3067868.68203821
2026-05-30 05:30:00,45.1,45.1,45.0,45.0,23085.80896288,1040534.8705871
2026-05-30 05:45:00,45.1,45.1,45.1,45.1,150.0,6765.0
2026-05-30 06:15:00,45.0,45.1,44.8,45.1,124333.28921922,5573286.55922573
2026-05-30 06:45:00,45.1,45.1,45.1,45.1,36443.52989802,1643603.1984007
2026-05-30 07:00:00,45.0,45.0,45.0,45.0,66878.93333332,3009551.9999994
2026-05-30 07:15:00,45.1,45.1,45.1,45.1,4150.0824,187168.71624
2026-05-30 07:30:00,45.1,45.2,45.0,45.2,90253.34158812,4068705.34972143
2026-05-30 07:45:00,45.2,45.4,45.2,45.4,294178.34318081,13354450.96136061
2026-05-30 08:00:00,45.4,45.7,45.2,45.7,431471.99256872,19659166.05920202
2026-05-30 08:15:00,45.4,45.6,45.2,45.4,908396.62178885,41159407.04114094
2026-05-30 08:30:00,45.4,45.4,44.8,44.8,305015.81750261,13726428.3302919
2026-05-30 08:45:00,44.9,45.4,44.8,45.3,778753.85187635,35009632.59806759
2026-05-30 09:00:00,45.2,48.0,44.9,47.4,29625782.95365204,1392109540.0555444
2026-05-30 09:15:00,47.4,49.7,46.8,48.0,39370305.03917557,1901166242.8223598
2026-05-30 09:30:00,48.3,49.3,46.8,48.3,23236324.69536699,1120179139.527353
2026-05-30 09:45:00,48.4,49.5,47.6,47.9,11369451.17303236,551285536.60077
2026-05-30 10:00:00,47.9,48.7,47.1,48.4,6607564.4492468,317103476.0606434
2026-05-30 10:15:00,48.4,49.0,48.0,48.8,4979208.2743864,241424081.40073168
2026-05-30 10:30:00,48.8,48.8,47.5,48.2,4959484.6957634,238575150.4330535
2026-05-30 10:45:00,48.2,48.7,46.1,47.1,4267525.83788482,202840600.83694136
2026-05-30 11:00:00,47.1,48.1,46.9,47.7,2507735.67196877,119179318.79299425
2026-05-30 11:15:00,47.7,47.9,47.2,47.2,1702168.05259988,80782808.6817098
2026-05-30 11:30:00,47.1,47.4,46.4,47.2,2248850.28628447,105458041.41222723
2026-05-30 11:45:00,47.3,47.5,47.0,47.5,1180753.43555373,55797141.30154295
2026-05-30 12:00:00,47.5,48.0,47.4,47.9,1507244.99273386,71826842.32027344
2026-05-30 12:15:00,47.9,48.7,47.6,48.1,5809359.72516378,280031116.92365915
2026-05-30 12:30:00,48.1,48.4,47.8,48.4,1781503.0288577,85609032.1777577
2026-05-30 12:45:00,48.3,48.7,47.8,48.1,1849494.88315539,89313329.89915323
2026-05-30 13:00:00,47.9,48.3,46.4,46.5,5576352.8244603,263442205.36911044
2026-05-30 13:15:00,46.5,47.3,46.4,46.9,3506664.59328405,163838089.41815588
2026-05-30 13:30:00,46.9,47.6,46.7,47.3,2210476.25378103,103863471.01918606
2026-05-30 13:45:00,47.2,47.2,46.7,47.1,850890.41322965,39908342.28260129
2026-05-30 14:00:00,47.1,48.5,47.0,47.8,5760234.95085673,274564890.6994977
2026-05-30 14:15:00,47.9,48.3,47.4,48.0,2696431.93761895,128971105.29850645
2026-05-30 14:30:00,47.6,48.1,47.2,48.1,1971097.39505293,94205936.01608412
2026-05-30 14:45:00,47.8,48.1,47.2,47.2,2114298.0491708,100787826.70584328
2026-05-30 15:00:00,47.4,47.8,47.2,47.5,637261.78891857,30246216.27988872
2026-05-30 15:15:00,47.3,47.7,47.2,47.6,1433920.31897833,67980698.85110609
2026-05-30 15:30:00,47.5,47.9,47.3,47.8,1061188.59352573,50578226.24285018
2026-05-30 15:45:00,47.8,47.8,47.4,47.8,970967.77295656,46264477.66202253
2026-05-30 16:00:00,47.8,47.8,47.4,47.8,958209.88971746,45625111.48288215
2026-05-30 16:15:00,47.8,47.9,47.5,47.8,333130.16797703,15890155.90207579
2026-05-30 16:30:00,47.8,47.8,47.4,47.5,674011.21809151,32108215.08585398
2026-05-30 16:45:00,47.6,47.6,47.2,47.4,709540.32871001,33605256.20360082
2026-05-30 17:00:00,47.3,47.6,47.1,47.1,710849.13246707,33634890.65239518
2026-05-30 17:15:00,47.1,47.6,47.0,47.5,772145.57830998,36466785.05375966
2026-05-30 17:30:00,47.1,47.7,47.1,47.4,757935.34718491,35812033.84949816
2026-05-30 17:45:00,47.2,47.4,46.6,47.1,737149.66719578,34631486.40215727
2026-05-30 18:00:00,46.8,47.0,46.7,46.8,375176.14078725,17561242.13642201
2026-05-30 18:15:00,47.0,47.3,46.7,47.3,366859.14496877,17258355.18742865
2026-05-30 18:30:00,46.9,47.1,46.8,47.0,255411.54284796,11979479.06491946
2026-05-30 18:45:00,46.8,47.1,46.7,47.0,357714.04153926,16735033.18268933
2026-05-30 19:00:00,47.0,47.1,46.6,47.0,415828.26594723,19436408.46079641
2026-05-30 19:15:00,46.8,47.1,46.7,47.1,460516.3943339,21604984.46624639
2026-05-30 19:30:00,47.1,47.4,47.1,47.4,464420.24130398,21941211.09712989
2026-05-30 19:45:00,47.2,47.3,47.2,47.3,70484.46604842,3328329.94414919
2026-05-30 20:00:00,47.2,47.5,47.2,47.4,474697.55897175,22483244.12222476
2026-05-30 20:15:00,47.2,47.4,47.2,47.3,93634.1843137,4428895.55685719
2026-05-30 20:30:00,47.3,47.4,47.1,47.2,191631.92135103,9065310.51595068
2026-05-30 20:45:00,47.2,47.2,46.7,47.1,308033.44666677,14470213.74720166
2026-05-30 21:00:00,47.1,47.6,46.8,47.5,483025.81629144,22780517.95851972
2026-05-30 21:15:00,47.5,47.8,47.1,47.5,894670.13133132,42552763.84163086
2026-05-30 21:30:00,47.4,47.5,47.3,47.3,59709.27966644,2824323.08627996
2026-05-30 21:45:00,47.3,47.6,46.9,47.3,523284.05304791,24664756.87254034
2026-05-30 22:00:00,47.3,47.5,47.2,47.5,159311.44914391,7536916.93140075
2026-05-30 22:15:00,47.2,47.5,47.1,47.4,113633.6051071,5358795.84502214
2026-05-30 22:30:00,47.2,47.4,47.1,47.2,362534.77028684,17119572.80208849
2026-05-30 22:45:00,47.2,47.2,46.9,47.1,829754.07640599,39026690.36415804
2026-05-30 23:00:00,47.1,47.4,46.9,47.4,329018.08394277,15488072.63760752
2026-05-30 23:15:00,47.4,47.4,47.3,47.4,64693.43915594,3064608.01335142
2026-05-30 23:30:00,47.5,47.5,47.4,47.4,1694.63698138,80346.82133846
2026-05-30 23:45:00,47.2,47.4,47.0,47.1,102694.59088848,4840133.92105612
2026-05-31 00:00:00,47.2,47.3,46.9,47.0,432975.20618745,20382439.15309563
2026-05-31 00:15:00,47.0,47.3,47.0,47.3,120648.44994399,5696367.78405274
2026-05-31 00:30:00,47.3,47.8,47.3,47.4,1638795.9390475,77967607.7715904
2026-05-31 00:45:00,47.7,47.7,47.5,47.5,103691.05397538,4940578.86942031
2026-05-31 01:00:00,47.7,47.7,47.4,47.4,196844.9699328,9343265.45407426
2026-05-31 01:15:00,47.4,47.6,47.4,47.4,141255.41740866,6704989.50309321
2026-05-31 01:30:00,47.3,47.8,47.3,47.8,772938.07811861,36893339.71938013
2026-05-31 01:45:00,47.8,47.8,47.4,47.4,186698.39981886,8905227.53739749
2026-05-31 02:00:00,47.5,47.8,47.5,47.8,23045.28421174,1096533.84524593
2026-05-31 02:15:00,47.8,47.9,47.7,47.7,215014.11764841,10291132.01208819
2026-05-31 02:30:00,47.6,47.6,47.6,47.6,24553.58075706,1168750.44403606
2026-05-31 02:45:00,47.9,47.9,47.9,47.9,30592.26594426,1465369.53873005
2026-05-31 03:00:00,47.8,47.8,47.5,47.5,49973.45766559,2376930.31272097
2026-05-31 03:15:00,47.5,47.6,47.5,47.6,21577.24167566,1026499.81112984
2026-05-31 03:30:00,47.6,47.9,47.6,47.7,152299.54430022,7280369.24014303
2026-05-31 03:45:00,47.7,47.7,47.5,47.6,54875.11145388,2613902.88359544
2026-05-31 04:00:00,47.7,47.8,47.7,47.8,8352.21254139,399216.89155391
2026-05-31 04:15:00,47.6,47.6,47.6,47.6,31698.12991376,1508830.98389498
2026-05-31 04:30:00,47.8,47.8,47.6,47.6,31560.00314045,1504205.43818835
2026-05-31 04:45:00,47.5,47.8,47.5,47.8,138087.84886831,6579694.86814927
2026-05-31 05:00:00,47.8,47.8,47.8,47.8,16032.73,766364.494
2026-05-31 05:15:00,47.8,47.8,47.5,47.5,26489.1918178,1264120.59832016
2026-05-31 05:30:00,47.5,47.8,47.5,47.8,6017.44112527,285861.71704865
2026-05-31 05:45:00,47.7,47.7,47.4,47.4,387731.22418028,18424561.21815228
2026-05-31 06:00:00,47.5,47.5,46.9,47.1,833260.96744515,39368240.23336366
2026-05-31 06:15:00,47.1,47.1,46.6,46.9,348020.93557138,16297591.53710715
2026-05-31 06:30:00,46.9,47.3,46.7,47.3,88306.65352809,4148770.75483646
2026-05-31 06:45:00,47.2,47.2,47.0,47.0,28547.62492465,1343433.27876177
2026-05-31 07:00:00,47.0,47.2,46.8,46.8,91716.560856,4310560.18646094
2026-05-31 07:15:00,46.8,47.0,46.7,46.9,279643.51949383,13074710.7505339
2026-05-31 07:30:00,46.7,46.9,46.4,46.9,619179.17204448,28863490.06558609
2026-05-31 07:45:00,46.7,46.8,46.5,46.5,203127.64001017,9479440.93655101
2026-05-31 08:00:00,46.8,46.8,46.7,46.7,28856.62750618,1347647.2826369
2026-05-31 08:15:00,46.8,46.8,46.7,46.7,103789.2606329,4851401.54914633
2026-05-31 08:30:00,46.8,47.2,46.6,47.1,287018.89426683,13429632.33322348
2026-05-31 08:45:00,47.1,47.5,47.0,47.5,1281575.37756081,60454951.39130788
2026-05-31 09:00:00,47.5,47.6,46.5,47.2,1949254.10595106,91467420.08408435
2026-05-31 09:15:00,47.2,47.4,46.4,46.4,1522242.08453226,71190858.4004347
2026-05-31 09:30:00,46.6,46.8,46.2,46.7,1280420.30835992,59385504.82065328
2026-05-31 09:45:00,46.7,47.1,46.4,47.1,624913.63275731,29245252.18381577
2026-05-31 10:00:00,47.0,47.0,46.8,46.8,169010.33542662,7913075.39067016
2026-05-31 10:15:00,46.8,47.0,46.6,46.6,593694.05409479,27749205.45770865
2026-05-31 10:30:00,46.8,46.8,46.4,46.4,933378.08989548,43510175.68648058
2026-05-31 10:45:00,46.5,46.9,46.5,46.7,118466.68296479,5541674.95393431
2026-05-31 11:00:00,46.7,46.9,46.5,46.8,395730.31151277,18478591.39337357
2026-05-31 11:15:00,46.6,46.7,45.7,46.4,2529033.40874782,116948159.03607236
2026-05-31 11:30:00,46.5,46.6,46.1,46.4,354500.19558042,16440487.58627059
2026-05-31 11:45:00,46.3,46.5,46.2,46.3,199943.72903192,9256675.03647391
2026-05-31 12:00:00,46.3,46.4,45.7,46.2,1653794.2006947,75988289.9713706
2026-05-31 12:15:00,46.2,46.3,46.2,46.2,75492.2640195,3491642.10004735
2026-05-31 12:30:00,46.2,46.3,46.0,46.0,473069.12944489,21835768.11314482
2026-05-31 12:45:00,46.2,46.3,46.2,46.3,135833.76756001,6283032.05047332
2026-05-31 13:00:00,46.2,46.4,46.1,46.4,263575.39795365,12181591.54344987
2026-05-31 13:15:00,46.2,46.4,46.2,46.4,58095.43846966,2689595.16550941
2026-05-31 13:30:00,46.2,46.3,46.1,46.3,66203.66894002,3054528.67015912
2026-05-31 13:45:00,46.2,46.2,46.0,46.2,117098.81766713,5391793.6056136
2026-05-31 14:00:00,46.2,46.2,46.0,46.2,278594.20622832,12837229.9405252
2026-05-31 14:15:00,46.1,46.2,45.5,45.9,2215833.57519833,101393258.10172352
2026-05-31 14:30:00,45.9,45.9,45.7,45.9,413920.65057423,18953625.77123957
2026-05-31 14:45:00,45.9,46.1,45.9,45.9,218057.2444033,10029034.56923057
2026-05-31 15:00:00,45.9,45.9,45.8,45.9,317690.3249559,14577827.23273438
2026-05-31 15:15:00,45.8,46.0,45.7,46.0,284573.22096247,13022074.14746332
2026-05-31 15:30:00,46.0,46.1,45.9,46.0,468287.95922399,21553592.90090162
2026-05-31 15:45:00,45.9,46.1,45.8,46.0,133029.87225974,6107629.38556667
2026-05-31 16:00:00,46.0,46.1,45.9,45.9,626534.5125605,28795719.4819426
2026-05-31 16:15:00,46.1,46.1,45.8,46.0,177962.29836565,8156325.74824018
2026-05-31 16:30:00,45.9,46.1,45.8,45.9,128907.26519549,5907275.37920905
2026-05-31 16:45:00,45.8,45.8,45.4,45.6,893963.98785449,40730793.55658018
2026-05-31 17:00:00,45.6,45.7,45.2,45.4,760265.00237047,34495369.23242035
2026-05-31 17:15:00,45.2,45.5,45.2,45.3,316236.59718034,14376082.13240536
2026-05-31 17:30:00,45.3,45.5,45.3,45.5,136199.49751207,6171394.27465941
2026-05-31 17:45:00,45.5,45.7,45.4,45.7,572879.45660773,26106246.32599776
2026-05-31 18:00:00,45.7,45.7,45.6,45.6,22883.61390008,1044405.56232921
2026-05-31 18:15:00,45.6,45.6,45.4,45.4,109873.45172178,4990311.70160555
2026-05-31 18:30:00,45.4,45.6,45.4,45.5,52985.04935014,2406734.31020744
2026-05-31 18:45:00,45.6,45.6,45.5,45.5,33610.12249436,1529568.20623161
2026-05-31 19:00:00,45.6,45.7,45.5,45.6,165693.72058752,7544799.00271061
2026-05-31 19:15:00,45.4,45.6,45.4,45.6,173487.76874377,7887834.93460911
2026-05-31 19:30:00,45.6,45.6,45.3,45.4,168466.86964245,7643135.80090772
2026-05-31 19:45:00,45.6,45.7,45.6,45.7,57278.71864067,2611920.37001455
2026-05-31 20:00:00,45.4,45.6,45.4,45.4,95469.97285731,4334358.36772187
2026-05-31 20:15:00,45.4,45.5,45.2,45.4,145792.70024792,6602294.6029995
2026-05-31 20:30:00,45.4,45.5,45.3,45.4,222799.57548118,10111502.53537343
2026-05-31 20:45:00,45.5,45.5,45.4,45.5,140554.2358215,6382159.16291498
2026-05-31 21:00:00,45.5,46.0,45.5,45.7,585855.14380863,26796219.06632542
2026-05-31 21:15:00,45.9,46.0,45.8,46.0,68113.69710795,3132736.02687846
2026-05-31 21:30:00,45.8,46.0,45.8,46.0,18194.38198423,836520.60792121
2026-05-31 21:45:00,46.0,46.0,45.8,46.0,97960.00802461,4495876.43375802
2026-05-31 22:00:00,45.9,46.0,45.8,46.0,83742.50606067,3840977.61931781
2026-05-31 22:15:00,45.8,46.0,45.8,46.0,2304.17850979,105575.94655448
2026-05-31 22:30:00,45.8,46.0,45.7,46.0,38891.44625261,1782973.94740699
2026-05-31 23:00:00,45.8,45.9,45.7,45.9,88208.66058679,4035876.76179774
2026-05-31 23:15:00,45.7,45.9,45.5,45.8,218839.02118977,9979460.27128511
2026-05-31 23:30:00,45.5,45.7,45.5,45.5,82593.58901844,3760128.33228584
2026-05-31 23:45:00,45.5,45.8,45.5,45.5,115761.96832112,5279217.17354682
2026-06-01 00:00:00,45.5,45.6,45.5,45.6,185663.54160952,8447702.11033842
2026-06-01 00:15:00,45.7,45.9,45.6,45.9,141354.01658237,6466263.28392814
2026-06-01 00:30:00,45.9,45.9,45.9,45.9,455.15620913,20891.66999907
2026-06-01 00:45:00,45.8,46.0,45.8,46.0,87470.00404071,4009993.30367562
2026-06-01 01:00:00,45.9,46.0,45.9,45.9,101179.9031104,4645187.23250586
2026-06-01 01:15:00,45.8,45.8,45.6,45.6,51975.6651228,2375632.08631152
2026-06-01 01:30:00,45.6,45.6,45.6,45.6,21886.31706482,998016.05815579
2026-06-01 01:45:00,45.9,45.9,45.8,45.8,12179.35458747,558926.83008434
2026-06-01 02:00:00,45.8,46.0,45.8,45.8,89359.03765973,4099104.65020547
2026-06-01 02:15:00,45.8,45.8,45.8,45.8,21440.75790996,981986.71227617
2026-06-01 02:45:00,45.8,45.8,45.6,45.6,39514.32783272,1809712.5466163
2026-06-01 03:00:00,45.8,45.8,45.8,45.8,114.9373,5264.12834
2026-06-01 03:45:00,45.9,45.9,45.8,45.8,88911.99560773,4075437.37269024
2026-06-01 04:00:00,45.7,45.7,45.6,45.7,75472.88173632,3448009.5228862
2026-06-01 04:30:00,45.6,45.6,45.6,45.6,49646.14425162,2263864.17787387
2026-06-01 04:45:00,45.7,45.7,45.7,45.7,877.19298246,40087.71929842
2026-06-01 05:00:00,45.8,45.8,45.6,45.6,269435.89334982,12289780.51482498
2026-06-01 05:30:00,45.7,45.7,45.7,45.7,9264.15741683,423371.99394913
2026-06-01 05:45:00,45.8,45.8,45.8,45.8,1378.1871174,63120.96997692
2026-06-01 06:00:00,45.8,45.9,45.7,45.9,18865.40203675,862696.92875633
2026-06-01 06:15:00,45.8,46.0,45.8,46.0,107911.63130364,4947790.24692496
2026-06-01 06:30:00,45.9,46.0,45.9,46.0,106822.19403914,4903171.70639653
2026-06-01 06:45:00,46.0,46.0,45.9,45.9,25761.7542849,1182497.60863343
2026-06-01 07:00:00,46.0,46.0,45.9,46.0,298413.44043408,13714623.54566356
2026-06-01 07:15:00,46.0,46.1,45.9,46.0,89851.92884222,4131609.31279876
2026-06-01 07:30:00,46.1,46.1,46.0,46.0,56749.21094433,2610539.77936109
2026-06-01 07:45:00,46.0,46.1,45.9,46.0,98864.40203909,4554632.67622671
2026-06-01 08:00:00,46.1,46.4,46.1,46.4,177560.57889474,8193155.26456039
2026-06-01 08:15:00,46.3,46.3,46.2,46.3,219414.34891019,10144117.35725964
2026-06-01 08:30:00,46.1,46.2,45.6,45.8,616952.3646571,28252175.8192428
2026-06-01 08:45:00,45.7,46.2,45.7,45.9,680814.18348776,31191197.39359913
2026-06-01 09:00:00,46.2,46.3,45.6,45.7,706134.16373488,32427544.07261457
2026-06-01 09:15:00,45.9,45.9,45.6,45.8,495688.2127624,22649916.66740132
2026-06-01 09:30:00,45.6,45.9,45.6,45.9,236603.88315019,10833603.9851494
2026-06-01 09:45:00,45.7,45.9,45.7,45.9,290510.22928418,13284532.64476197
2026-06-01 10:00:00,45.9,46.0,45.8,46.0,242336.82215481,11130357.82842651
2026-06-01 10:15:00,45.9,46.0,45.5,45.6,681861.18192637,31144827.76523962
2026-06-01 10:30:00,45.6,45.6,45.1,45.2,660895.85269025,29928167.86117319
2026-06-01 10:45:00,45.2,45.4,44.7,45.0,1016921.96452144,45812861.92206314
2026-06-01 11:00:00,45.0,45.0,44.5,44.8,897536.14084383,40051897.45272723
2026-06-01 11:15:00,44.7,45.2,44.6,45.2,443926.43343006,19915445.56712229
2026-06-01 11:30:00,45.1,45.3,45.0,45.3,279289.62413923,12585449.41842773
2026-06-01 11:45:00,45.3,45.3,45.2,45.3,36110.88162488,1633661.82052625
2026-06-01 12:00:00,45.3,45.4,45.1,45.3,214314.12718807,9703344.5104196
2026-06-01 12:15:00,45.1,45.3,44.7,45.2,628446.7076082,28247323.50862697
2026-06-01 12:30:00,45.2,45.3,45.0,45.3,313524.86489955,14165358.58618288
2026-06-01 12:45:00,45.3,45.3,44.7,44.9,865003.93933524,38894543.62788289
2026-06-01 13:00:00,44.8,44.8,44.6,44.8,624564.14490842,27890673.44284953
2026-06-01 13:15:00,44.8,44.8,44.8,44.8,77193.84524917,3458284.26716282
2026-06-01 13:30:00,44.8,44.8,44.5,44.7,453085.6244239,20227586.60156999
2026-06-01 13:45:00,44.6,44.8,44.6,44.8,82261.9192103,3676813.79460556
2026-06-01 14:00:00,44.7,44.8,44.5,44.7,336172.88034348,14993266.70070488
2026-06-01 14:15:00,44.7,44.7,44.5,44.6,189790.11950941,8456792.30647119
2026-06-01 14:30:00,44.5,44.6,44.2,44.3,562181.38700467,24929490.6132801
2026-06-01 14:45:00,44.3,44.3,43.5,44.2,1139482.91884793,50058686.50930806
2026-06-01 15:00:00,44.2,44.2,43.8,44.1,429073.81993833,18839497.73331617
2026-06-01 15:15:00,43.9,44.1,43.6,44.1,642076.90944208,28151756.40834057
2026-06-01 15:30:00,43.8,44.3,43.8,44.2,309864.09150647,13678582.0054469
2026-06-01 15:45:00,44.2,44.5,44.2,44.5,271423.36226463,12040606.93101058
2026-06-01 16:00:00,44.5,44.7,44.4,44.6,873765.67025611,38917296.33186546
2026-06-01 16:15:00,44.6,44.7,44.5,44.7,158145.45151511,7040498.68851128
2026-06-01 16:30:00,44.5,44.7,44.3,44.3,269005.18743537,11959134.09490999
2026-06-01 16:45:00,44.3,44.3,44.1,44.2,135881.51714903,6000687.66192833
2026-06-01 17:00:00,44.1,44.1,43.6,43.6,708396.8782575,31037997.25017147
2026-06-01 17:15:00,43.8,43.8,43.1,43.3,1324419.12241892,57365910.66171345
2026-06-01 17:30:00,43.4,44.5,43.4,44.1,843667.81886337,37116235.2802746
2026-06-01 17:45:00,43.9,45.0,43.7,44.8,1905090.03915692,84778034.64495093
2026-06-01 18:00:00,44.5,45.2,44.5,44.9,1469892.1249854,65898694.94339101
2026-06-01 18:15:00,44.9,45.1,44.5,44.9,538428.56299727,24079702.59828562
2026-06-01 18:30:00,44.6,44.9,44.6,44.9,14582.02826007,650662.56714427
2026-06-01 18:45:00,44.9,44.9,44.0,44.6,324035.32731557,14370146.43973576
2026-06-01 19:00:00,44.5,44.5,44.1,44.1,135378.00452031,5993035.60896976
2026-06-01 19:15:00,44.1,44.4,44.1,44.4,70500.92964601,3111830.96614637
2026-06-01 19:30:00,44.5,44.6,44.0,44.3,97042.22762462,4283017.60964585
2026-06-01 19:45:00,44.3,44.6,44.1,44.5,215283.92905627,9534363.04637384
2026-06-01 20:00:00,44.3,44.3,44.0,44.0,340405.01458694,15015018.9944073
2026-06-01 20:15:00,44.0,44.0,43.5,43.5,664848.11690089,28981117.31938948
2026-06-01 20:30:00,43.5,43.6,43.3,43.6,944425.52983941,41051891.92230826
2026-06-01 20:45:00,43.7,43.8,43.6,43.8,410544.37378026,17937508.43157116
2026-06-01 21:00:00,43.8,43.8,43.4,43.6,248623.45019851,10829876.4665927
2026-06-01 21:15:00,43.6,43.8,43.4,43.8,167158.79230592,7288842.29770169
2026-06-01 21:30:00,43.7,44.0,43.6,43.7,45301.4611988,1983345.61170363
2026-06-01 21:45:00,43.5,43.7,43.5,43.6,70670.81601216,3074317.14567966
2026-06-01 22:00:00,43.6,43.8,43.4,43.6,303636.95039493,13231421.43080148
2026-06-01 22:15:00,43.5,43.5,42.7,43.2,2209853.6849503,95070877.91023368
2026-06-01 22:30:00,43.2,43.2,43.0,43.1,43640.85152852,1878934.08051298
2026-06-01 22:45:00,43.0,43.5,43.0,43.3,271547.18446179,11754090.10706926
2026-06-01 23:00:00,43.4,43.6,43.3,43.4,126725.55372135,5508234.51335311
2026-06-01 23:15:00,43.5,43.5,43.5,43.5,45265.39629903,1969044.73900781
2026-06-01 23:30:00,43.6,43.6,43.5,43.6,138736.64051957,6047663.21947332
2026-06-01 23:45:00,43.6,43.6,43.5,43.5,21899.39379807,952636.58026276
2026-06-02 00:00:00,43.5,43.7,43.5,43.7,51524.19043916,2246807.4920459
2026-06-02 00:15:00,43.7,43.7,43.5,43.5,120775.37662235,5261298.22148686
2026-06-02 00:30:00,43.5,43.7,43.5,43.5,140944.74487685,6142396.49631013
2026-06-02 00:45:00,43.5,43.5,43.5,43.5,170400.85209106,7412437.06596111
2026-06-02 01:00:00,43.5,43.5,43.5,43.5,111376.71106984,4844886.93153804
2026-06-02 01:15:00,43.6,43.6,43.6,43.6,6800.0,296480.0
2026-06-02 01:30:00,43.6,43.8,43.6,43.8,281091.7690229,12270219.47951229
2026-06-02 01:45:00,43.7,43.9,43.7,43.9,105495.78412765,4618953.06954099
2026-06-02 02:00:00,43.9,43.9,43.8,43.9,63959.47489468,2803210.92145438
2026-06-02 02:15:00,43.9,43.9,43.9,43.9,50168.35545778,2202390.80459654
2026-06-02 02:30:00,44.0,44.0,44.0,44.0,113750.02272726,5005000.99999944
2026-06-02 02:45:00,43.8,44.2,43.8,44.2,96575.99336802,4248400.65710735
2026-06-02 03:00:00,44.3,44.4,44.2,44.3,71599.68526324,3172054.73647053
2026-06-02 03:15:00,44.4,44.5,44.3,44.3,22535.98388021,998678.03191715
2026-06-02 03:30:00,44.1,44.1,44.1,44.1,109107.53184092,4811642.15418457
2026-06-02 03:45:00,44.1,44.1,44.1,44.1,45351.47392291,2000000.00000033
2026-06-02 04:00:00,44.1,44.1,44.1,44.1,13166.56392615,580645.46914322
2026-06-02 04:15:00,44.0,44.0,44.0,44.0,61597.04870992,2710270.14323648
2026-06-02 04:30:00,44.2,44.3,44.2,44.2,26091.88534139,1155050.20402708
2026-06-02 04:45:00,44.1,44.1,44.0,44.0,50175.29119627,2208868.44122635
2026-06-02 05:00:00,44.0,44.0,44.0,44.0,105343.11184908,4635096.92135952
2026-06-02 05:30:00,44.1,44.1,44.0,44.0,19049.34687953,840065.36326808
2026-06-02 05:45:00,44.1,44.3,44.1,44.1,99102.53727134,4375550.56183765
2026-06-02 06:00:00,44.1,44.5,44.1,44.4,139458.05172423,6186734.28162781
2026-06-02 06:15:00,44.3,44.3,44.3,44.3,81757.22618401,3621845.11995164
2026-06-02 06:30:00,44.3,44.5,44.3,44.3,22011.16252822,975117.50000015
2026-06-02 06:45:00,44.5,44.5,44.3,44.3,39821.32635655,1764129.70141539
2026-06-02 07:00:00,44.3,44.3,44.2,44.2,109847.18851212,4860541.9627519
2026-06-02 07:15:00,44.2,44.3,44.2,44.3,17863.23437686,790397.74839626
2026-06-02 07:30:00,44.5,44.5,44.5,44.5,32308.72336303,1437738.18965484
2026-06-02 07:45:00,44.3,44.4,44.2,44.4,228300.87234069,10104149.01792436
2026-06-02 08:00:00,44.3,44.4,44.1,44.4,124216.71609733,5499261.82397788
2026-06-02 08:15:00,44.2,44.4,44.1,44.4,65265.27326761,2884011.39629834
2026-06-02 08:30:00,44.1,44.1,44.0,44.1,134967.25924436,5952033.40085809
2026-06-02 08:45:00,44.0,44.1,43.8,43.9,198203.76254708,8717379.30917034
2026-06-02 09:00:00,43.9,44.1,43.7,43.9,866435.55506146,38051694.34042911
2026-06-02 09:15:00,43.7,43.9,43.0,43.3,987140.66128758,42868201.29152602
2026-06-02 09:30:00,43.2,44.0,43.0,43.8,3864706.63992641,167834118.11364815
2026-06-02 09:45:00,43.6,44.7,43.6,44.3,6101247.45611163,269715171.1417818
2026-06-02 10:00:00,44.2,44.7,43.9,44.2,1319132.06989942,58454039.38626864
2026-06-02 10:15:00,44.1,44.5,43.5,44.3,1651200.12348163,72525128.4291858
2026-06-02 10:30:00,44.2,44.3,44.0,44.1,147294.22323641,6497770.30081412
2026-06-02 10:45:00,44.1,44.3,43.1,43.1,2266272.30075513,98657345.49323116
2026-06-02 11:00:00,43.2,43.2,42.2,42.5,1160661.64841451,49535124.86486285
2026-06-02 11:15:00,42.6,43.0,42.3,43.0,475195.37883935,20220768.38626112
2026-06-02 11:30:00,43.0,43.0,42.4,42.5,374519.37682308,15923051.60029749
2026-06-02 11:45:00,42.6,43.4,42.3,43.2,1888689.15674297,80963456.61942223
2026-06-02 12:00:00,43.2,43.9,43.1,43.4,1078759.53504801,46740444.07911415
2026-06-02 12:15:00,43.4,43.7,43.4,43.6,225582.08419184,9821726.86512264
2026-06-02 12:30:00,43.5,43.8,43.5,43.8,109837.54123179,4792911.5403876
2026-06-02 12:45:00,43.8,44.3,43.4,43.6,2033445.26001613,89112763.35193907
2026-06-02 13:00:00,43.7,45.0,43.7,44.8,3487285.69168626,154775956.66322717
2026-06-02 13:15:00,44.4,45.3,44.0,44.4,5718799.12989664,254356549.00775108
2026-06-02 13:30:00,44.4,45.0,44.4,44.8,1175631.91184054,52442451.68097071
2026-06-02 13:45:00,44.9,45.3,44.3,44.6,2202064.56942285,98464589.88834544
2026-06-02 14:00:00,44.6,45.3,43.8,44.8,4746757.91599572,210755021.71107155
2026-06-02 14:15:00,44.5,45.7,43.8,44.6,10085128.79063349,450669464.3230268
2026-06-02 14:30:00,44.6,45.4,44.0,44.2,6638592.90648703,296657248.13481414
2026-06-02 14:45:00,44.2,44.8,43.9,44.5,2242509.08892835,99464582.82293996
2026-06-02 15:00:00,44.6,44.7,44.3,44.6,194147.79580683,8633354.15702541
2026-06-02 15:15:00,44.6,44.6,44.2,44.4,184661.82433945,8197549.74564087
2026-06-02 15:30:00,44.5,44.5,43.8,44.2,388536.1927932,17148029.91958242
2026-06-02 15:45:00,44.2,44.5,43.8,44.1,265043.45331085,11723616.73244567
2026-06-02 16:00:00,43.9,44.4,43.4,44.3,1546371.39645034,67980601.8687381
2026-06-02 16:15:00,44.3,44.4,43.9,44.4,383244.41048619,16905170.28911869
2026-06-02 16:30:00,44.4,44.9,43.7,44.4,1646257.5070364,72669749.29456337
2026-06-02 16:45:00,44.4,44.6,44.1,44.5,297935.38793142,13211788.16696102
2026-06-02 17:00:00,44.5,44.5,44.3,44.4,174393.01940761,7748819.73015783
2026-06-02 17:15:00,44.2,44.4,44.0,44.1,136851.10757447,6040861.89508382
2026-06-02 17:30:00,44.1,44.2,43.7,44.1,247976.53699293,10913145.87415328
2026-06-02 17:45:00,43.9,44.0,43.2,43.4,752644.81198744,32758749.37783031
2026-06-02 18:00:00,43.5,43.8,43.3,43.8,223782.9659685,9736121.89692494
2026-06-02 18:15:00,43.8,43.8,43.1,43.6,470453.99867249,20350170.36071891
2026-06-02 18:30:00,43.6,43.8,43.4,43.7,132136.30694397,5758458.75616732
2026-06-02 18:45:00,43.4,43.6,43.1,43.6,155429.60178505,6738455.16203847
2026-06-02 19:00:00,43.7,43.8,43.7,43.8,4645.84931506,203276.69999963
2026-06-02 19:15:00,43.8,44.0,43.7,44.0,80730.24637307,3540504.73541678
2026-06-02 19:30:00,43.7,43.7,43.7,43.7,15607.61696623,682052.86142425
2026-06-02 19:45:00,43.7,44.2,43.7,44.2,142115.3873138,6257047.87389392
2026-06-02 20:00:00,44.2,44.2,44.0,44.0,26105.59878431,1153067.4662665
2026-06-02 20:15:00,44.2,44.3,43.6,43.6,469409.20986002,20577113.51425401
2026-06-02 20:30:00,43.6,43.9,43.6,43.9,10707.55227409,466894.27915032
2026-06-02 20:45:00,43.5,44.1,43.5,44.1,375273.37607937,16394716.44387492
2026-06-02 21:00:00,44.0,44.0,43.7,43.7,50927.81412785,2229297.7807808
2026-06-02 21:15:00,43.7,43.8,43.6,43.6,47229.24914685,2064301.27365214
2026-06-02 21:30:00,43.6,44.0,43.6,44.0,32619.90618316,1433685.15732099
2026-06-02 21:45:00,43.7,43.9,43.7,43.9,38329.32823602,1676574.90765122
2026-06-02 22:00:00,43.8,43.9,43.7,43.9,242853.81457372,10632251.00170782
2026-06-02 22:15:00,43.8,44.1,43.7,44.1,290406.0358189,12731886.97245455
2026-06-02 22:30:00,43.9,44.3,43.9,44.0,486994.44449374,21484523.13405796
2026-06-02 22:45:00,44.0,44.2,43.9,44.0,346107.19665915,15227412.80719733
2026-06-02 23:00:00,44.0,44.0,43.5,43.9,444804.00996578,19476461.63083481
2026-06-02 23:15:00,43.8,43.9,42.9,43.0,1069680.12056858,46346208.26990713
2026-06-02 23:30:00,43.0,43.2,42.8,43.0,226457.05730101,9723595.92349126
2026-06-02 23:45:00,43.0,43.1,43.0,43.0,166342.09456046,7159762.80191516
2026-06-03 00:00:00,42.9,43.2,42.9,43.2,367175.48911652,15796581.87593866
2026-06-03 00:15:00,43.3,43.3,42.3,42.3,985098.5543652,41869839.17046286
2026-06-03 00:30:00,42.3,42.3,40.4,40.6,2661075.79468388,109566805.90005878
2026-06-03 00:45:00,40.5,41.1,39.8,40.5,2848391.11794214,114884146.09549843
2026-06-03 01:00:00,40.5,42.3,40.5,42.2,1844324.93390487,76302713.32685426
2026-06-03 01:15:00,42.2,42.2,41.0,41.3,1030891.2294822,42749290.54011854
2026-06-03 01:30:00,41.3,41.5,41.3,41.3,34115.56362551,1413561.02688262
2026-06-03 01:45:00,41.3,41.5,41.3,41.3,156682.91371022,6486894.53602036
2026-06-03 02:00:00,41.3,41.4,41.2,41.4,29150.47652457,1203747.03110835
2026-06-03 02:15:00,41.6,41.6,41.2,41.2,79493.68903253,3293603.39549835
2026-06-03 02:30:00,41.3,41.5,41.2,41.4,63493.91827991,2623233.67187583
2026-06-03 03:00:00,41.5,41.9,41.5,41.7,459470.33631827,19199141.68154398
2026-06-03 03:15:00,41.9,42.0,41.9,41.9,12988.36968714,544356.32283779
2026-06-03 03:30:00,41.8,41.8,41.7,41.7,72145.73755576,3015350.77466952
2026-06-03 03:45:00,41.7,41.7,41.7,41.7,51000.0,2126700.0
2026-06-03 04:15:00,41.8,41.8,41.6,41.6,151455.83041958,6302097.72705609
2026-06-03 04:30:00,41.5,41.5,40.6,41.1,322780.69309708,13220651.68010275
2026-06-03 04:45:00,40.9,40.9,40.5,40.5,213627.80812729,8712973.83954288
2026-06-03 05:00:00,41.0,41.2,40.8,41.0,299040.14545868,12272154.13733685
2026-06-03 05:15:00,41.0,41.0,40.8,40.8,41685.76655573,1705126.94474646
2026-06-03 05:30:00,40.9,41.0,40.7,40.9,223967.1290718,9144058.89036685
2026-06-03 05:45:00,41.0,41.9,41.0,41.9,334977.110064,13816205.91213515
2026-06-03 06:00:00,41.8,42.3,41.7,42.3,359219.5687176,15123467.30082885
2026-06-03 06:15:00,42.3,42.6,42.3,42.6,163243.67566249,6917168.64676767
2026-06-03 06:30:00,42.6,42.9,42.6,42.7,170720.46196423,7292659.18372843
2026-06-03 06:45:00,42.3,42.6,41.8,42.2,274157.38831928,11545590.89052719
2026-06-03 07:00:00,42.2,42.7,42.2,42.7,143937.61025239,6132770.98979316
2026-06-03 07:15:00,42.6,43.1,42.4,43.0,115375.21131634,4933525.49860363
2026-06-03 07:30:00,42.8,42.8,42.5,42.5,54755.00120378,2334096.89695504
2026-06-03 07:45:00,42.5,42.5,42.4,42.4,113686.00410364,4827884.5907456
2026-06-03 08:00:00,42.3,42.6,41.7,42.1,418749.09526635,17621136.20143264
2026-06-03 08:15:00,42.1,42.4,41.3,41.7,326926.57131962,13725567.21727722
2026-06-03 08:30:00,41.7,41.8,41.0,41.0,449628.20483107,18600477.05197507
2026-06-03 08:45:00,41.0,41.5,40.8,41.4,1170691.55456008,48047373.60761141
2026-06-03 09:00:00,41.4,43.3,41.3,41.7,7954156.14916239,337603128.0775995
2026-06-03 09:15:00,41.5,42.4,41.1,42.0,1257425.98782374,52226453.65732309
2026-06-03 09:30:00,42.0,42.0,41.6,41.9,87500.80088559,3659137.8997724
2026-06-03 09:45:00,41.8,41.8,41.2,41.2,411294.68234244,17099834.81934211
2026-06-03 10:00:00,41.2,41.6,41.2,41.3,191965.42821938,7923195.6123326
2026-06-03 10:15:00,41.5,41.5,41.3,41.3,122552.32952296,5072216.96341545
2026-06-03 10:30:00,41.2,41.6,41.2,41.5,26529.52923701,1094964.78916588
2026-06-03 10:45:00,41.4,41.5,41.2,41.5,98783.5703404,4089452.31209256
2026-06-03 11:00:00,41.5,41.5,41.3,41.3,232394.80163268,9598659.95432903
2026-06-03 11:15:00,41.3,41.5,41.3,41.5,75233.19946049,3107854.0292845
2026-06-03 11:30:00,41.5,41.9,41.4,41.8,108376.03383997,4508903.87785604
2026-06-03 11:45:00,41.8,41.8,41.5,41.5,7612.88923763,316534.66807259
2026-06-03 12:00:00,41.7,41.7,41.6,41.6,42409.9604044,1768444.78760565
2026-06-03 12:15:00,41.6,41.6,41.3,41.3,146021.39855789,6042321.46406297
2026-06-03 12:30:00,41.3,41.5,41.2,41.5,103400.68958501,4268334.31869509
2026-06-03 12:45:00,41.3,41.4,41.0,41.4,218265.66915643,8977226.65444804
2026-06-03 13:00:00,41.1,41.5,41.0,41.5,8179.83427596,337398.17647729
2026-06-03 13:30:00,41.3,41.6,41.3,41.6,250041.72853898,10371098.54318529
2026-06-03 13:45:00,41.4,42.0,41.3,42.0,63668.28865093,2640654.22766703
2026-06-03 14:00:00,41.9,42.3,41.8,42.2,232907.37241397,9796009.01455972
2026-06-03 14:15:00,41.8,42.2,41.6,42.2,117290.94002883,4925393.26230443
2026-06-03 14:30:00,42.2,42.2,41.8,42.2,142471.65599639,5988053.47821308
2026-06-03 14:45:00,42.2,42.2,41.8,41.8,64563.55596178,2719692.9642873
2026-06-03 15:00:00,41.8,42.2,41.8,42.2,74201.25919254,3112494.74736633
2026-06-03 15:15:00,42.0,42.1,41.7,42.1,154324.20123639,6469102.32618906
2026-06-03 15:30:00,42.1,42.2,41.8,42.2,101503.05562483,4272853.31398705
2026-06-03 15:45:00,42.1,42.5,42.1,42.5,173448.08642025,7319347.72688327
2026-06-03 16:00:00,42.4,42.4,42.4,42.4,1165.09433962,49399.99999989
2026-06-03 16:15:00,42.2,42.4,42.2,42.2,18126.92824296,768099.05051358
2026-06-03 16:30:00,42.3,42.5,42.3,42.5,25214.90566037,1069012.83018837
2026-06-03 16:45:00,42.4,42.5,42.4,42.5,24131.55955041,1023185.25837733
2026-06-03 17:00:00,42.3,42.8,42.3,42.5,134718.35186615,5712931.27569017
2026-06-03 17:15:00,42.5,42.5,42.4,42.5,91941.51056199,3903104.78621252
2026-06-03 17:30:00,42.5,42.5,42.2,42.2,68153.00460583,2882634.21247367
2026-06-03 17:45:00,42.5,42.5,42.0,42.1,193714.88228459,8158972.61166202
2026-06-03 18:00:00,42.1,42.4,42.1,42.1,70882.79009809,2987385.90652581
2026-06-03 18:15:00,42.4,42.4,42.1,42.4,31672.98948317,1333522.85724146
2026-06-03 18:30:00,42.4,42.4,42.4,42.4,235.8490566,9999.99999984
2026-06-03 18:45:00,42.4,42.4,42.1,42.4,94142.71297688,3977836.91392142
2026-06-03 19:00:00,42.2,42.3,42.2,42.3,92959.95652854,3931235.30126947
2026-06-03 19:15:00,42.2,42.2,42.2,42.2,16571.09833707,699300.34982435
2026-06-03 19:30:00,42.2,42.2,42.1,42.1,152076.4437052,6408314.2115038
2026-06-03 19:45:00,42.3,42.3,42.2,42.3,21467.5642509,907168.76027112
2026-06-03 20:00:00,42.3,42.4,42.1,42.1,356904.60281779,15098083.15761442
2026-06-03 20:15:00,42.1,42.4,42.1,42.4,87929.85321397,3713313.08429241
2026-06-03 20:30:00,42.4,42.4,42.4,42.4,2358.49056603,99999.99999967
2026-06-03 20:45:00,42.2,42.4,42.2,42.4,16102.19986426,679567.83427177
2026-06-03 21:00:00,42.3,42.3,42.2,42.3,4385.12842758,185255.08343003
2026-06-03 21:15:00,42.2,42.3,42.1,42.3,97937.37905253,4130758.8673485
2026-06-03 21:30:00,42.1,42.3,42.1,42.3,78002.41744018,3299478.4999999
2026-06-03 21:45:00,42.2,42.2,42.1,42.1,130064.06613352,5481960.66859275
2026-06-03 22:00:00,42.1,42.3,42.1,42.3,48225.79278769,2033364.18789139
2026-06-03 22:15:00,42.2,42.3,42.2,42.2,55181.75575083,2328838.09268503
2026-06-03 22:30:00,42.2,42.3,42.2,42.3,32838.70402758,1385825.76684644
2026-06-03 22:45:00,42.2,42.3,42.1,42.2,108569.60126232,4571288.25791423
2026-06-03 23:00:00,42.3,42.3,42.2,42.3,12324.66090782,520569.63450786
2026-06-03 23:15:00,42.3,42.6,42.2,42.4,260097.92553873,11017064.68320803
2026-06-03 23:30:00,42.4,42.7,42.2,42.6,37856.62221114,1601217.81485135
2026-06-03 23:45:00,42.6,42.8,42.6,42.6,33697.22688508,1437362.41802878
2026-06-04 00:00:00,42.6,42.9,42.6,42.6,230022.82325499,9819319.1960718
2026-06-04 00:15:00,42.8,42.9,42.6,42.7,26093.32623705,1112268.70200067
2026-06-04 00:30:00,42.5,42.6,42.5,42.6,3433.09480322,145918.26857347
2026-06-04 00:45:00,42.6,42.6,42.3,42.6,23612.42572431,999887.46408898
2026-06-04 01:00:00,42.5,42.6,42.5,42.5,84876.72832641,3607272.69330904
2026-06-04 01:15:00,42.4,42.4,42.1,42.1,90225.4933404,3810460.4411478
2026-06-04 01:30:00,42.4,42.4,42.1,42.1,73507.1468606,3098774.76622818
2026-06-04 01:45:00,42.3,42.4,42.2,42.4,1201.90272325,50791.1195565
2026-06-04 02:15:00,42.3,42.7,42.3,42.7,88529.4075762,3752488.71137366
2026-06-04 03:00:00,42.5,42.6,42.5,42.6,7558.46232848,321976.27718377
2026-06-04 03:15:00,42.6,42.6,42.6,42.6,15521.38535067,661211.01593854
2026-06-04 03:30:00,42.7,42.7,42.5,42.5,595.65816263,25338.89579936
2026-06-04 04:00:00,42.5,42.5,42.4,42.4,32436.34890361,1378346.81420298
2026-06-04 04:15:00,42.4,42.4,42.4,42.4,1365.47292391,57896.05197378
2026-06-04 04:30:00,42.2,42.2,42.2,42.2,131047.97464223,5530224.52990211
2026-06-04 05:00:00,42.1,42.1,42.1,42.1,42885.75215779,1805490.16584296
2026-06-04 05:15:00,42.1,42.1,42.1,42.1,333983.03753198,14060685.88009636
2026-06-04 05:30:00,42.0,42.1,42.0,42.1,104525.65254408,4390107.09806276
2026-06-04 05:45:00,41.8,41.8,41.5,41.6,146151.84536693,6077149.79333135
2026-06-04 06:00:00,41.7,41.7,41.7,41.7,120.0,5004.0
2026-06-04 06:15:00,41.5,41.5,41.5,41.5,12867.42748099,533998.24046109
2026-06-04 06:30:00,41.5,42.1,41.4,42.1,195634.44403861,8176123.17231692
2026-06-04 06:45:00,42.0,42.1,41.8,41.8,53504.1099195,2243604.80684828
2026-06-04 07:00:00,42.0,42.1,42.0,42.1,13735.8490566,578229.63755436
2026-06-04 07:15:00,42.1,42.4,42.1,42.4,75702.8946221,3202199.1758631
2026-06-04 07:30:00,42.1,42.4,42.1,42.4,3210.60133254,135436.48004727
2026-06-04 08:00:00,42.1,42.5,42.0,42.5,221942.88004056,9407664.52818889
2026-06-04 08:15:00,42.5,42.5,42.5,42.5,37647.05882352,1599999.9999996
2026-06-04 08:30:00,42.2,42.4,42.2,42.4,354773.6029093,15030999.48265785
2026-06-04 08:45:00,42.4,42.8,42.3,42.8,585705.71057687,24937672.96041363
2026-06-04 09:00:00,42.8,46.8,42.8,45.7,54660826.20951828,2491153270.5376725
2026-06-04 09:15:00,45.6,46.3,45.1,46.0,13788687.80947814,630814407.4187703
2026-06-04 09:30:00,45.7,46.2,43.5,45.1,23649517.35353758,1065435630.1993644
2026-06-04 09:45:00,45.2,45.5,42.8,43.7,15402399.26694742,685656214.7178032
2026-06-04 10:00:00,43.7,45.5,43.5,43.7,4532701.3706251,200439124.4026991
2026-06-04 10:15:00,43.7,45.2,43.7,45.0,4427640.04396591,197108516.65403464
2026-06-04 10:30:00,45.0,45.9,44.9,45.6,5023947.50900057,228529388.4806553
2026-06-04 10:45:00,45.5,45.6,43.5,44.0,5916609.02311606,262361967.05632865
2026-06-04 11:00:00,44.6,44.6,42.9,43.8,6216406.52623983,270458257.45026296
2026-06-04 11:15:00,43.8,44.1,43.0,43.3,2555725.18671079,110697975.17289943
2026-06-04 11:30:00,43.3,43.6,41.5,42.9,10273058.38679612,434172951.9334045
2026-06-04 11:45:00,42.9,43.4,42.1,42.1,3263938.99445194,138910693.1203578
2026-06-04 12:00:00,42.0,42.2,40.4,41.1,3533308.01377584,145885964.26733026
2026-06-04 12:15:00,41.1,41.1,40.1,40.6,5196262.06490656,210315627.9569908
2026-06-04 12:30:00,40.5,40.8,39.8,40.7,4357696.76896785,176036415.26156166
2026-06-04 12:45:00,40.6,41.1,40.1,40.8,1673372.84119136,67833574.15498921
2026-06-04 13:00:00,40.7,41.1,40.5,40.9,1660870.5648445,67627650.64365646
2026-06-04 13:15:00,40.8,40.9,40.3,40.6,1573875.32291418,63873989.83622344
2026-06-04 13:30:00,40.4,40.8,40.1,40.3,1465384.61894037,59105572.49914617
2026-06-04 13:45:00,40.3,40.4,40.1,40.3,333860.61475881,13427638.5421729
2026-06-04 14:00:00,40.2,40.3,39.3,39.5,2590507.58432549,102978879.76839907
2026-06-04 14:15:00,39.5,39.8,39.1,39.6,1031424.22626738,40650427.69498365
2026-06-04 14:30:00,39.6,39.7,38.9,39.5,1201743.06505254,47147825.38930684
2026-06-04 14:45:00,39.5,39.6,39.3,39.3,706328.92946038,27872368.81991588
2026-06-04 15:00:00,39.5,40.2,39.5,40.1,1487764.97946835,59369005.46954186
2026-06-04 15:15:00,39.8,40.1,39.7,40.0,701398.35348806,27915579.60288403
2026-06-04 15:30:00,39.8,40.1,39.7,40.0,273338.2020072,10898834.60234677
2026-06-04 15:45:00,39.9,40.0,39.4,39.6,319031.85665003,12626727.52251852
2026-06-04 16:00:00,39.6,39.6,38.8,39.2,1078366.35976348,42246388.26936813
2026-06-04 16:15:00,39.1,39.3,37.8,37.8,3547722.73461783,136277617.46551788
2026-06-04 16:30:00,37.8,38.3,37.8,38.3,1283590.73879352,49006232.31196144
2026-06-04 16:45:00,38.0,38.5,37.9,38.3,3097018.77713993,118293381.9978424
2026-06-04 17:00:00,38.2,38.9,38.0,38.1,1306534.72588735,50107367.19319361
2026-06-04 17:15:00,38.1,38.3,38.0,38.3,1053168.64957011,40140360.72708215
2026-06-04 17:30:00,38.3,38.4,38.0,38.1,794530.62586055,30277656.97038266
2026-06-04 17:45:00,37.9,38.3,37.8,38.1,442446.37323859,16833055.24987397
2026-06-04 18:00:00,38.4,38.4,37.9,37.9,191939.03504064,7302057.97903412
2026-06-04 18:15:00,37.9,38.0,37.4,37.5,1821298.25154091,68527061.20769037
2026-06-04 18:30:00,37.4,37.7,37.4,37.7,549815.50803726,20635656.31490393
2026-06-04 18:45:00,37.7,38.1,37.6,37.9,1162402.77485332,43946520.91875507
2026-06-04 19:00:00,38.0,38.0,37.6,37.7,472182.10168613,17837536.43000423
2026-06-04 19:15:00,37.7,37.8,37.6,37.8,365938.54676584,13780750.61687442
2026-06-04 19:30:00,37.7,38.2,37.7,38.0,341000.48236417,12924625.35231183
2026-06-04 19:45:00,38.0,38.0,37.4,37.4,650012.01111436,24463302.8081783
2026-06-04 20:00:00,37.5,37.7,37.5,37.5,417481.39124275,15685334.01116939
2026-06-04 20:15:00,37.5,37.7,37.4,37.7,465876.53735866,17442396.84553997
2026-06-04 20:30:00,37.7,37.8,37.4,37.6,355105.02611807,13335560.91937501
2026-06-04 20:45:00,37.5,37.7,37.5,37.7,17856.25034863,671877.88462253
2026-06-04 21:00:00,37.6,37.8,37.6,37.8,86381.23895308,3256489.8561455
2026-06-04 21:15:00,37.8,38.4,37.7,38.4,641690.67456625,24441612.72078024
2026-06-04 21:30:00,38.4,38.6,38.2,38.3,1558809.78146894,59748661.00603632
2026-06-04 21:45:00,38.4,38.7,38.2,38.6,808722.1425743,31062665.42576751
2026-06-04 22:00:00,38.7,39.1,38.5,39.1,809743.78713527,31453943.21156682
2026-06-04 22:15:00,39.0,39.0,38.6,38.7,120429.61807899,4681464.47435613
2026-06-04 22:30:00,38.6,38.8,38.5,38.6,172875.02572628,6667585.02044451
2026-06-04 22:45:00,38.6,39.3,38.6,39.1,500699.54507017,19505535.81451666
2026-06-04 23:00:00,39.0,39.0,38.5,38.8,512183.66125778,19848789.65374076
2026-06-04 23:15:00,38.9,39.9,38.6,39.5,1553066.71106468,61152280.00114809
2026-06-04 23:30:00,39.8,39.8,39.2,39.2,371068.84085571,14685735.2978021
2026-06-04 23:45:00,39.3,39.4,38.7,38.9,534866.1045796,20910413.3674294
2026-06-05 00:00:00,38.9,39.8,38.2,39.1,1484525.12643994,57435498.27211984
2026-06-05 00:15:00,39.0,39.6,38.5,39.0,1548173.14623253,60144741.45995382
2026-06-05 00:30:00,39.0,40.0,39.0,39.6,1231672.41802652,48581311.06528547
2026-06-05 00:45:00,39.4,39.6,39.1,39.4,325677.33922789,12844712.05146398
2026-06-05 01:00:00,39.4,40.0,39.1,39.7,472104.55134464,18682818.53537835
2026-06-05 01:15:00,39.8,40.1,39.7,40.0,532000.90454819,21228047.05637847
2026-06-05 01:30:00,39.9,39.9,39.5,39.8,203945.31263751,8104752.91039054
2026-06-05 01:45:00,39.7,39.7,39.1,39.5,264311.38877472,10411881.11586898
2026-06-05 02:00:00,39.5,39.5,39.1,39.5,190325.2885515,7474432.39151527
2026-06-05 02:15:00,39.3,39.3,39.0,39.0,244494.58208913,9552488.76151194
2026-06-05 02:30:00,39.0,39.2,39.0,39.2,171955.8128945,6723172.34182801
2026-06-05 02:45:00,39.1,39.3,39.1,39.2,90833.90359215,3563500.98327762
2026-06-05 03:00:00,39.3,39.3,39.3,39.3,59436.22614995,2335843.68769304
2026-06-05 03:15:00,39.1,39.1,39.1,39.1,59055.90540966,2309085.90151771
2026-06-05 03:30:00,39.3,39.3,39.3,39.3,129.15601023,5075.83120204
2026-06-05 03:45:00,39.3,39.3,39.3,39.3,74158.95105882,2914446.77661163
2026-06-05 04:00:00,39.4,39.4,39.2,39.3,4977.33265711,195609.16748045
2026-06-05 04:30:00,39.3,39.3,39.1,39.1,27517.34540797,1079831.67453322
2026-06-05 04:45:00,39.1,39.1,38.9,38.9,232855.82734118,9067376.56469836
2026-06-05 05:00:00,38.9,39.1,38.8,38.9,308029.36699295,11957153.16603924
2026-06-05 05:15:00,39.0,39.0,39.0,39.0,51.41388174,2005.14138786
2026-06-05 05:30:00,39.2,39.6,39.0,39.6,283007.95971281,11172401.51865689
2026-06-05 05:45:00,39.3,39.3,38.8,39.3,440209.59523167,17203985.2235447
2026-06-05 06:00:00,39.3,39.5,39.3,39.5,15550.88658004,611701.73120317
2026-06-05 06:15:00,39.4,39.4,39.3,39.3,63383.32133029,2492531.09056009
2026-06-05 06:30:00,39.3,39.3,39.3,39.3,13321.85915269,523549.06470072
2026-06-05 06:45:00,39.2,39.4,39.2,39.4,134410.46724378,5274163.92128549
2026-06-05 07:00:00,39.2,39.7,39.2,39.6,380205.69139554,14972144.80306479
2026-06-05 07:15:00,39.4,39.5,39.1,39.5,469347.43204271,18406057.10350886
2026-06-05 07:30:00,39.2,39.4,38.9,39.1,159264.80111529,6227375.46391506
2026-06-05 07:45:00,39.2,40.1,39.1,39.6,504128.47321105,19903283.03788623
2026-06-05 08:00:00,39.3,39.9,39.2,39.7,280000.48834325,11079789.83346407
2026-06-05 08:15:00,39.6,39.7,39.1,39.5,560067.48269964,22073531.87882942
2026-06-05 08:30:00,39.4,39.4,39.1,39.3,275208.66452519,10809368.78306201
2026-06-05 08:45:00,39.2,39.6,39.1,39.2,759733.53986767,29815616.1949937
2026-06-05 09:00:00,39.6,40.8,38.5,38.6,10866079.30372623,433927256.4630074
2026-06-05 09:15:00,38.7,38.9,37.5,38.0,4113890.42082376,156435871.29773164
2026-06-05 09:30:00,38.0,39.2,37.7,38.5,2062973.98919712,78583685.57604507
2026-06-05 09:45:00,38.4,38.4,37.8,38.0,615227.93374064,23449666.49285273
2026-06-05 10:00:00,37.8,38.2,37.5,37.8,1708858.45482731,64282907.31394996
2026-06-05 10:15:00,37.8,37.9,37.6,37.8,488564.17453668,18409892.69847475
2026-06-05 10:30:00,37.8,37.8,36.7,37.1,1395365.83839614,51940091.08560229
2026-06-05 10:45:00,37.0,37.1,36.7,36.9,853945.28015175,31508307.58692041
2026-06-05 11:00:00,36.8,37.1,36.7,36.9,1569344.90858623,57709083.37150137
2026-06-05 11:15:00,36.8,36.8,35.8,36.0,1720513.4205384,62552068.5815797
2026-06-05 11:30:00,35.9,35.9,35.6,35.7,1392786.11649401,49873420.87633877
2026-06-05 11:45:00,35.7,35.8,34.9,35.5,3867649.89979075,136526094.3283265
2026-06-05 12:00:00,35.5,35.5,34.7,35.2,2033216.85422137,71356093.66822042
2026-06-05 12:15:00,35.2,35.7,35.2,35.4,1079162.25491115,38225414.36220824
2026-06-05 12:30:00,35.4,35.8,35.4,35.6,505965.15990136,18023075.21386756
2026-06-05 12:45:00,35.5,35.7,35.4,35.7,128749.82018295,4586964.29032731
2026-06-05 13:00:00,35.7,35.9,35.6,35.9,94874.76862727,3391549.50376968
2026-06-05 13:15:00,35.8,36.2,35.6,36.2,783233.54237168,28127542.3630538
2026-06-05 13:30:00,36.3,36.6,36.1,36.1,453661.01394734,16461985.51990271
2026-06-05 13:45:00,36.1,36.4,35.9,36.4,235898.05623961,8516385.48192809
2026-06-05 14:00:00,36.4,36.5,36.2,36.5,299991.70947179,10931967.53632653
2026-06-05 14:15:00,36.4,36.5,36.2,36.3,158958.07403691,5781799.93981974
2026-06-05 14:30:00,36.5,36.5,36.2,36.2,208191.88778307,7538962.06616307
2026-06-05 14:45:00,36.2,36.2,35.8,35.8,377248.53043509,13540890.60772329
2026-06-05 15:00:00,35.8,36.0,35.6,35.7,492016.26765235,17585641.92380502
2026-06-05 15:15:00,35.7,35.7,35.0,35.4,823590.9464746,29019592.77043185
2026-06-05 15:30:00,35.4,35.7,35.3,35.6,422756.65191697,14996853.26952034
2026-06-05 15:45:00,35.6,35.9,35.6,35.8,666410.94688873,23825386.70575265
2026-06-05 16:00:00,35.8,36.1,35.6,35.6,826356.0381761,29664502.67843557
2026-06-05 16:15:00,35.6,35.9,35.6,35.8,187270.28422159,6696896.64866457
2026-06-05 16:30:00,35.8,35.8,35.5,35.6,737069.66788729,26270668.94241863
2026-06-05 16:45:00,35.6,36.0,35.5,35.8,1262246.80784233,45173608.36827383
2026-06-05 17:00:00,35.8,36.0,35.6,35.8,583628.25509313,20840043.1868813
2026-06-05 17:15:00,35.5,35.5,35.2,35.4,503604.01572863,17810963.1795637
2026-06-05 17:30:00,35.3,35.3,35.1,35.3,537572.94014434,18948727.47625487
2026-06-05 17:45:00,35.2,35.5,34.9,35.1,1198278.31004724,42083391.93376853
2026-06-05 18:00:00,35.1,35.4,34.9,35.4,440251.93771916,15444106.57345382
2026-06-05 18:15:00,35.2,35.4,35.1,35.2,676935.7724443,23859891.65376109
2026-06-05 18:30:00,35.2,35.3,34.6,34.6,627667.26375805,21977736.8483527
2026-06-05 18:45:00,34.7,35.0,34.4,34.5,2040405.45503877,70640256.7878756
2026-06-05 19:00:00,34.5,34.8,34.4,34.5,1279880.44711596,44232894.23449625
2026-06-05 19:15:00,34.5,34.5,34.0,34.3,1822858.6423021,62400021.27470436
2026-06-05 19:30:00,34.3,34.5,34.2,34.2,457542.86574843,15661343.93804564
2026-06-05 19:45:00,34.2,34.4,33.9,34.2,1111316.51182451,37872076.96847721
2026-06-05 20:00:00,34.1,34.4,34.0,34.4,440780.24340559,15065821.75294373
2026-06-05 20:15:00,34.1,34.4,34.0,34.4,500906.05641979,17093738.85218177
2026-06-05 20:30:00,34.2,34.4,34.1,34.3,547522.68657379,18711501.37856478
2026-06-05 20:45:00,34.2,34.4,34.2,34.4,324837.37243424,11136461.1100076
2026-06-05 21:00:00,34.4,34.6,34.3,34.6,217888.79427712,7491781.56743474
2026-06-05 21:15:00,34.3,34.6,34.3,34.3,420009.69140152,14456510.88717718
2026-06-05 21:30:00,34.3,34.3,34.2,34.2,504347.73220637,17285927.4061051
2026-06-05 21:45:00,34.5,34.5,34.3,34.5,99771.02981137,3434157.38614018
2026-06-05 22:00:00,34.5,34.7,34.4,34.4,293802.50385594,10150279.83671238
2026-06-05 22:15:00,34.4,34.5,33.7,34.3,1556182.77637706,53000008.75014899
2026-06-05 22:30:00,34.3,34.4,33.9,34.0,428400.32488461,14606341.73604784
2026-06-05 22:45:00,34.1,34.4,34.0,34.0,752704.37515476,25660600.15254185
2026-06-05 23:00:00,34.1,34.3,33.8,34.2,1875606.45002493,63785118.91001575
2026-06-05 23:15:00,34.2,34.2,33.7,34.0,571765.19294962,19383019.60615488
2026-06-05 23:30:00,33.9,34.6,33.9,34.2,512179.30290815,17601764.7498705
2026-06-05 23:45:00,34.2,34.4,34.1,34.3,153131.93234322,5237469.19567232
2026-06-06 00:00:00,34.3,34.4,33.8,33.8,447417.87056505,15258637.34611723
2026-06-06 00:15:00,33.8,34.1,33.8,34.1,218970.00754271,7420281.55505089
2026-06-06 00:30:00,34.0,34.1,33.7,34.0,105885.08236662,3576611.85526096
2026-06-06 00:45:00,33.9,34.1,33.9,34.0,97793.72550161,3324061.1603253
2026-06-06 01:00:00,34.0,34.0,33.7,34.0,101027.99416469,3411044.0937164
2026-06-06 01:15:00,33.8,34.2,33.7,34.2,348508.67390088,11866733.92993121
2026-06-06 01:30:00,34.1,34.3,33.8,34.2,679511.80960417,23126163.03242415
2026-06-06 01:45:00,34.1,34.6,34.1,34.3,449514.08723291,15507285.01701227
2026-06-06 02:00:00,34.3,34.7,34.3,34.7,123394.69417138,4272802.1572105
2026-06-06 02:15:00,34.7,34.8,34.5,34.5,264482.49161366,9177500.0032104
2026-06-06 02:30:00,34.3,34.5,34.3,34.5,30956.26971687,1061878.26145892
2026-06-06 02:45:00,34.3,34.3,34.2,34.2,198311.79752987,6789944.79075263
2026-06-06 03:00:00,34.6,34.6,34.3,34.4,76319.51961774,2624618.22362031
2026-06-06 03:15:00,34.2,34.2,34.1,34.1,30870.81053979,1054696.67341234
2026-06-06 03:30:00,34.3,34.5,34.2,34.2,168515.31160395,5791612.3603712
2026-06-06 03:45:00,34.4,34.4,34.0,34.1,183542.90968724,6263226.05377655
2026-06-06 04:00:00,34.1,34.1,34.0,34.0,248702.93186962,8458658.57212331
2026-06-06 04:15:00,34.0,34.0,34.0,34.0,29565.91403109,1005241.07705706
2026-06-06 04:30:00,34.0,34.0,34.0,34.0,31348.05429655,1065833.8460827
2026-06-06 04:45:00,34.0,34.1,34.0,34.0,351760.23529411,11967990.15542496
2026-06-06 05:00:00,34.1,34.4,34.1,34.4,95568.9252939,3283737.67293924
2026-06-06 05:15:00,34.5,34.7,34.5,34.7,158272.24914156,5490481.07847287
2026-06-06 05:30:00,34.8,34.8,34.8,34.8,67087.25763169,2334636.56558281
2026-06-06 05:45:00,34.8,34.9,34.8,34.9,73112.82408571,2548620.47596204
2026-06-06 06:00:00,34.9,35.0,34.7,34.7,224099.09785309,7801563.71217631
2026-06-06 06:15:00,34.7,34.8,34.6,34.6,39094.73470331,1355481.16880078
2026-06-06 06:30:00,34.9,35.0,34.8,35.0,263447.20401293,9195465.28786735
2026-06-06 06:45:00,35.0,35.2,34.9,35.2,209952.07982958,7355079.70552408
2026-06-06 07:00:00,35.2,35.4,35.2,35.4,114886.01608595,4048074.53802967
2026-06-06 07:15:00,35.4,35.7,35.3,35.6,156387.73771418,5565930.45398798
2026-06-06 07:30:00,35.6,35.9,35.5,35.9,124997.55734488,4462044.00857682
2026-06-06 07:45:00,35.9,35.9,35.6,35.9,142684.27729172,5121570.93977014
2026-06-06 08:00:00,35.8,35.8,35.4,35.4,544760.45109731,19324994.00731548
2026-06-06 08:15:00,35.4,35.5,35.1,35.2,445332.22607623,15737677.65974653
2026-06-06 08:30:00,35.0,35.2,34.6,34.9,1162484.75450749,40426707.39982104
2026-06-06 08:45:00,34.8,35.4,34.7,35.4,596429.55642505,20977752.8923673
2026-06-06 09:00:00,35.4,35.6,35.1,35.5,1075419.70581123,38021494.62853172
2026-06-06 09:15:00,35.4,35.5,34.6,34.8,814992.46571768,28462118.77844876
2026-06-06 09:30:00,34.9,35.1,34.9,34.9,113427.43059495,3959746.08527039
2026-06-06 09:45:00,34.9,35.1,34.6,34.7,507353.94558903,17652657.47339264
2026-06-06 10:00:00,34.7,35.1,34.6,34.6,904171.14444395,31397596.98135888
2026-06-06 10:15:00,34.6,34.9,34.5,34.8,348068.7892932,12072080.75984493
2026-06-06 10:30:00,34.8,34.8,34.7,34.7,154114.6789789,5352395.70938138
2026-06-06 10:45:00,34.6,34.8,34.6,34.8,247647.33578384,8585179.66437072
2026-06-06 11:00:00,34.6,34.7,34.4,34.5,919732.45922857,31762010.80811201
2026-06-06 11:15:00,34.3,34.5,34.1,34.2,617125.41584997,21106187.9575476
2026-06-06 11:30:00,34.2,34.4,34.2,34.4,43938.48008964,1502792.29645913
2026-06-06 11:45:00,34.2,34.3,34.1,34.3,210019.43761008,7176089.17831004
2026-06-06 12:00:00,34.2,34.2,33.9,34.0,394646.28205403,13452317.02050389
2026-06-06 12:15:00,34.0,34.0,33.4,33.9,1561029.15603448,52466860.644591
2026-06-06 12:30:00,33.9,34.0,33.8,33.8,422442.88434388,14308647.52454524
2026-06-06 12:45:00,33.7,34.0,33.6,33.8,555531.5553956,18675090.98339294
2026-06-06 13:00:00,33.6,33.8,33.0,33.0,611451.10404969,20359436.73970949
2026-06-06 13:15:00,32.9,33.5,32.9,33.2,549450.74336205,18156265.47140281
2026-06-06 13:30:00,33.0,33.1,32.1,32.3,1282417.79906728,41650682.39130714
2026-06-06 13:45:00,32.1,32.3,31.6,32.2,721886.74454175,23014817.4071276
2026-06-06 14:00:00,32.2,32.3,31.5,32.3,2770922.44416561,87982384.01211043
2026-06-06 14:15:00,32.4,32.8,32.2,32.8,378699.62040337,12308611.19005924
2026-06-06 14:30:00,32.6,32.6,32.3,32.6,60894.4785737,1973819.11916687
2026-06-06 14:45:00,32.6,32.8,32.4,32.7,326588.53168374,10640529.65951792
2026-06-06 15:00:00,32.6,32.9,32.5,32.9,205141.7053612,6724486.94100492
2026-06-06 15:15:00,32.9,33.6,32.6,33.3,742074.11543542,24529342.65332519
2026-06-06 15:30:00,33.3,33.3,33.1,33.3,62872.6867108,2088387.79999976
2026-06-06 15:45:00,33.1,33.3,33.1,33.3,20763.75706033,690685.37527649
2026-06-06 16:00:00,33.2,33.3,33.1,33.3,172531.03786585,5721083.77150526
2026-06-06 16:15:00,33.4,33.4,33.1,33.2,35173.46301423,1164503.85519494
2026-06-06 16:30:00,33.2,33.3,33.2,33.3,57501.05421687,1909541.54137985
2026-06-06 16:45:00,33.3,33.4,33.1,33.3,33102.42007961,1100851.57874174
2026-06-06 17:00:00,33.2,33.2,33.0,33.2,220568.61313322,7282497.51310014
2026-06-06 17:15:00,33.2,33.7,33.2,33.6,235079.43867573,7879069.38331187
2026-06-06 17:30:00,33.6,34.0,33.5,34.0,804400.90960528,27192564.02241486
2026-06-06 17:45:00,34.0,34.2,33.7,34.1,468652.15675765,15903114.1726996
2026-06-06 18:00:00,34.0,34.0,33.8,33.9,37004.09231912,1252032.4666093
2026-06-06 18:15:00,33.8,33.9,33.8,33.9,56769.29425836,1924389.86077939
2026-06-06 18:30:00,33.9,34.0,33.9,34.0,11443.31242409,388903.00000018
2026-06-06 18:45:00,33.7,33.8,33.5,33.7,33029.18975154,1112871.4385293
2026-06-06 19:00:00,33.6,33.7,33.3,33.3,93907.44934045,3133971.02903701
2026-06-06 19:15:00,33.3,33.3,32.9,33.0,377576.5320126,12464331.96708693
2026-06-06 19:30:00,33.0,33.2,32.9,33.0,306712.0609948,10103197.78386222
2026-06-06 19:45:00,33.0,33.3,33.0,33.3,47892.93541037,1589083.85855623
2026-06-06 20:00:00,33.3,33.3,33.2,33.3,1266.85933338,42164.91042521
2026-06-06 20:15:00,33.3,33.5,33.2,33.3,44667.16106825,1489757.46035703
2026-06-06 20:30:00,33.3,33.4,33.3,33.4,14696.75792194,489471.4142925
2026-06-06 20:45:00,33.4,33.6,33.4,33.5,35039.97198525,1171381.69051612
2026-06-06 21:00:00,33.5,33.6,33.5,33.5,21602.34410816,723808.64067418
2026-06-06 21:15:00,33.6,33.6,33.2,33.2,74982.05824811,2498920.24588667
2026-06-06 21:30:00,33.5,33.5,33.2,33.2,6506.5612519,216179.02759293
2026-06-06 21:45:00,33.2,33.6,33.1,33.3,174115.97573434,5799099.07813903
2026-06-06 22:00:00,33.6,33.6,33.6,33.6,148.83928571,5000.99999986
2026-06-06 22:15:00,33.6,33.6,33.4,33.6,307624.03923309,10335097.64058003
2026-06-06 22:30:00,33.5,33.7,33.5,33.7,112266.17658685,3760946.60705413
2026-06-06 23:00:00,33.6,34.0,33.6,33.7,134732.64625972,4558314.0126758
2026-06-06 23:15:00,33.7,33.7,33.7,33.7,15425.0592716,519824.49745292
2026-06-06 23:30:00,33.5,33.6,33.5,33.5,111198.30473226,3726212.83076202
2026-06-06 23:45:00,33.7,33.7,33.5,33.5,56814.90019572,1903328.83608184
2026-06-07 00:00:00,33.7,33.7,33.4,33.7,74237.31500672,2479675.34199596
2026-06-07 00:15:00,33.5,33.5,33.5,33.5,18825.86026098,630666.31874283
2026-06-07 00:30:00,33.5,33.5,33.5,33.5,20512.29102398,687161.74930333
2026-06-07 00:45:00,33.6,33.6,33.6,33.6,148.98809523,5005.99999973
2026-06-07 01:15:00,33.5,33.6,33.5,33.6,30548.38652102,1024925.78710627
2026-06-07 01:30:00,33.5,33.5,33.5,33.5,10487.67480136,351337.10584556
2026-06-07 02:00:00,33.5,33.5,33.5,33.5,38417.07498565,1286972.01201928
2026-06-07 02:15:00,33.7,33.7,33.3,33.4,63674.38125896,2131565.83448383
2026-06-07 02:30:00,33.5,33.5,33.3,33.4,16264.03911759,542718.01100512
2026-06-07 02:45:00,33.4,33.5,33.4,33.5,4748.3308038,158922.44295882
2026-06-07 03:00:00,33.6,33.6,33.4,33.4,17742.50228461,594817.55660154
2026-06-07 03:45:00,33.4,33.4,33.3,33.3,293970.66172795,9799080.9898231
2026-06-07 04:15:00,33.6,33.6,33.6,33.6,148.89880952,5002.99999987
2026-06-07 04:45:00,33.6,33.6,33.4,33.4,581.93431902,19496.13006479
2026-06-07 05:00:00,33.6,33.6,33.6,33.6,148.39762611,4986.1602373
2026-06-07 05:15:00,33.5,33.5,33.5,33.5,29850.74626865,999999.99999978
2026-06-07 05:30:00,33.5,33.5,33.5,33.5,20000.0,670000.0
2026-06-07 05:45:00,33.4,33.4,33.4,33.4,11089.90147783,370402.70935952
2026-06-07 06:00:00,33.6,33.6,33.4,33.4,30050.19304017,1008854.88808331
2026-06-07 06:30:00,33.7,33.7,33.6,33.6,20000.0,673000.0
2026-06-07 07:15:00,33.6,33.7,33.6,33.7,10668.69088287,359034.88275272
2026-06-07 07:30:00,33.8,33.8,33.7,33.8,6635.47220773,223778.96062127
2026-06-07 07:45:00,33.8,33.9,33.6,33.9,134331.92778141,4528512.56885664
2026-06-07 08:00:00,33.9,34.0,33.9,34.0,14749.26253687,500768.89580897
2026-06-07 08:15:00,33.9,33.9,33.8,33.8,62763.88188828,2121472.25799494
2026-06-07 08:30:00,33.7,33.9,33.7,33.7,211552.84327911,7154974.11644111
2026-06-07 08:45:00,33.7,34.0,33.5,33.9,955033.32643072,32143739.30248297
2026-06-07 09:00:00,33.7,34.0,33.6,34.0,305873.91968421,10333461.9855562
2026-06-07 09:15:00,33.7,33.9,33.5,33.8,212645.39749831,7146383.51333557
2026-06-07 09:30:00,33.8,36.5,31.9,34.2,4282410.08392653,147501815.44043285
2026-06-07 09:45:00,34.1,34.3,33.6,34.0,388593.22830746,13158956.1034472
2026-06-07 10:00:00,34.0,34.2,33.8,34.0,124784.47521367,4235098.44397712
2026-06-07 10:15:00,34.0,34.2,33.8,34.2,807129.53905324,27422712.06258327
2026-06-07 10:30:00,34.2,34.2,33.9,34.2,848566.36234353,28790134.39416577
2026-06-07 10:45:00,34.1,34.1,34.1,34.1,4395.79826179,149896.72072704
2026-06-07 11:00:00,34.0,34.4,34.0,34.2,467689.65357668,15975484.03829129
2026-06-07 11:15:00,34.1,34.2,34.0,34.2,282599.06823411,9610308.12490034
2026-06-07 11:30:00,34.2,34.2,33.9,34.2,101809.8678799,3480540.37489774
2026-06-07 11:45:00,34.1,34.2,33.9,34.2,71956.85892495,2458905.78833054
2026-06-07 12:00:00,34.0,34.2,33.9,34.2,28128.42740859,954552.3627523
2026-06-07 12:15:00,33.9,34.2,33.9,34.2,32332.3669589,1105591.51139789
2026-06-07 12:30:00,34.2,34.2,34.2,34.2,50036.31887475,1711242.10551645
2026-06-07 12:45:00,34.0,34.2,34.0,34.2,93804.71424067,3197105.85962049
2026-06-07 13:00:00,34.0,34.2,34.0,34.2,15386.1299426,523187.1930742
2026-06-07 13:15:00,34.2,34.2,34.0,34.2,324642.5187598,11060003.72869523
2026-06-07 13:30:00,34.2,34.2,34.1,34.1,89475.8293,3060045.77913
2026-06-07 13:45:00,34.0,34.2,34.0,34.2,266330.97070168,9064483.23390497
2026-06-07 14:00:00,34.2,34.2,34.2,34.2,400995.97826756,13714062.45675055
2026-06-07 14:15:00,34.3,34.6,34.3,34.6,41074.37001264,1412636.89564576
2026-06-07 14:30:00,34.5,34.5,34.3,34.3,132362.14428702,4554150.22557608
2026-06-07 14:45:00,34.5,34.7,34.4,34.7,101853.82044284,3519048.75366162
2026-06-07 15:00:00,34.6,34.6,34.4,34.6,44882.75003743,1544788.25499101
2026-06-07 15:15:00,34.6,34.6,34.4,34.4,73301.53094577,2522376.81159391
2026-06-07 15:30:00,34.4,34.6,34.2,34.6,477025.07924389,16390519.80898786
2026-06-07 15:45:00,34.6,34.6,34.4,34.5,181489.56341966,6272433.58320768
2026-06-07 16:00:00,34.5,34.5,34.3,34.5,67119.58135566,2309431.82998414
2026-06-07 16:15:00,34.3,34.6,34.3,34.6,169730.20274695,5860152.84106299
2026-06-07 16:30:00,34.6,34.8,34.6,34.8,132964.12654116,4604404.48757525
2026-06-07 16:45:00,34.6,34.8,34.6,34.6,36853.85212296,1279117.64941884
2026-06-07 17:00:00,34.4,34.7,34.4,34.7,95085.13242855,3274182.12779123
2026-06-07 17:15:00,34.4,34.7,34.4,34.7,44617.55761417,1534945.188824
2026-06-07 17:30:00,34.6,34.6,34.3,34.5,441708.76490762,15202255.43517514
2026-06-07 17:45:00,34.6,34.8,34.3,34.8,273041.79790615,9431658.02481176
2026-06-07 18:00:00,34.8,35.2,34.6,34.7,473214.66620486,16517727.34139774
2026-06-07 18:15:00,35.0,35.1,34.9,35.1,246673.23968834,8618726.39416521
2026-06-07 18:30:00,34.9,34.9,34.8,34.8,31247.44798948,1088612.59970559
2026-06-07 18:45:00,34.7,34.8,34.6,34.6,167877.05972732,5813342.45767793
2026-06-07 19:00:00,34.6,34.6,34.2,34.5,497034.78782384,17101826.35344711
2026-06-07 19:15:00,34.4,34.5,34.2,34.5,147585.3821335,5060168.17345706
2026-06-07 19:30:00,34.5,34.5,34.2,34.5,89603.86332374,3075524.37749921
2026-06-07 19:45:00,34.2,34.5,34.2,34.5,556.66666667,19082.03508783
2026-06-07 20:00:00,34.4,34.5,34.3,34.4,36308.13643284,1251988.46986712
2026-06-07 20:15:00,34.5,34.8,34.5,34.8,27847.29533121,967410.44189211
2026-06-07 20:30:00,34.6,34.8,34.6,34.8,32873.46034184,1137760.9422087
2026-06-07 20:45:00,34.7,34.7,34.6,34.7,81750.49491537,2834227.67854107
2026-06-07 21:00:00,34.6,34.7,34.3,34.3,122303.45073012,4221160.51982947
2026-06-07 21:15:00,34.5,34.5,33.9,34.5,409790.5857578,13959291.78525308
2026-06-07 21:30:00,34.1,34.3,34.0,34.3,231980.12493745,7924107.28328924
2026-06-07 21:45:00,34.1,34.3,34.0,34.3,39174.10460064,1339146.37405721
2026-06-07 22:00:00,34.1,34.2,34.0,34.2,14303.57524316,487566.10592607
2026-06-07 22:15:00,34.0,34.1,33.7,34.1,142416.41811563,4826726.43762682
2026-06-07 22:30:00,34.0,34.0,33.9,34.0,92028.77654872,3128856.27286297
2026-06-07 22:45:00,34.0,34.2,33.9,34.2,49739.35691298,1688808.18358651
2026-06-07 23:00:00,34.0,34.2,34.0,34.1,365794.66829926,12440653.39389859
2026-06-07 23:15:00,34.1,34.4,34.1,34.4,51310.05784896,1757697.95644137
2026-06-07 23:30:00,34.5,34.7,34.4,34.5,123687.45440849,4275710.03612314
2026-06-07 23:45:00,34.7,34.7,34.3,34.5,183561.68780747,6314026.38450802
2026-06-08 00:00:00,34.3,34.5,34.1,34.3,97040.64745455,3317024.28490342
2026-06-08 00:15:00,34.3,34.3,34.0,34.3,75519.95559715,2568756.77171715
2026-06-08 00:30:00,34.3,34.3,34.0,34.0,986.56096724,33645.53644301
2026-06-08 00:45:00,34.0,34.3,34.0,34.3,18740.61733385,642628.30984517
2026-06-08 01:00:00,34.2,34.2,34.1,34.1,75558.57355358,2584038.64075238
2026-06-08 01:15:00,34.1,34.1,34.1,34.1,29408.6662084,1002835.51770644
2026-06-08 01:45:00,34.4,34.4,34.4,34.4,148.09384164,5094.42815242
2026-06-08 02:00:00,34.4,34.4,34.2,34.2,22772.49975348,781900.88691785
2026-06-08 02:45:00,34.2,34.2,34.2,34.2,175.4385965,6000.0000003
2026-06-08 03:30:00,34.2,34.2,34.2,34.2,33800.0,1155960.0
2026-06-08 04:00:00,34.2,34.2,34.1,34.1,214723.95679833,7335101.80329315
2026-06-08 04:15:00,34.1,34.1,33.3,33.4,478739.58866184,16172394.99010713
2026-06-08 04:30:00,33.5,33.5,33.4,33.5,10546.92303488,352332.84848475
2026-06-08 04:45:00,33.5,33.5,33.4,33.4,216773.55883892,7244741.72931922
2026-06-08 05:00:00,33.4,33.5,33.4,33.5,7755.23891294,259150.90997981
2026-06-08 05:15:00,33.5,33.5,33.5,33.5,3000.0,100500.0
2026-06-08 05:30:00,33.4,33.5,33.3,33.4,186799.00801668,6227351.75202006
2026-06-08 05:45:00,33.3,33.5,33.3,33.5,170420.13336947,5689101.81741022
2026-06-08 06:00:00,33.6,33.8,33.5,33.8,46177.49933325,1551068.37971722
2026-06-08 06:15:00,33.9,33.9,33.6,33.9,867.17833164,29205.55085969
2026-06-08 06:30:00,33.9,33.9,33.8,33.9,73147.4896755,2474285.89175067
2026-06-08 07:00:00,33.9,33.9,33.9,33.9,58374.30178065,1978888.83036404
2026-06-08 07:15:00,34.1,34.6,33.9,34.5,319230.39147824,10938541.17644992
2026-06-08 07:30:00,34.3,34.3,34.2,34.3,12790.26897368,438023.04440481
2026-06-08 07:45:00,34.2,34.3,33.8,34.1,730364.04537932,24836480.98387982
2026-06-08 08:00:00,34.3,34.3,34.1,34.2,83849.28540128,2859290.63218365
2026-06-08 08:15:00,34.2,34.3,34.1,34.1,227317.21225384,7773254.80318152
2026-06-08 08:30:00,34.3,34.3,34.3,34.3,167921.66180757,5759712.99999965
2026-06-08 08:45:00,34.3,34.4,34.1,34.4,228094.84684306,7806309.67553124
2026-06-08 09:00:00,34.4,34.5,34.0,34.2,448526.00727494,15315484.99725748
2026-06-08 09:15:00,34.1,34.3,34.1,34.3,137035.3930368,4677975.58513621
2026-06-08 09:30:00,34.3,34.3,34.0,34.3,2031222.2811407,69203307.33244298
2026-06-08 09:45:00,34.3,34.8,34.3,34.8,606217.69677235,20899837.19240539
2026-06-08 10:00:00,34.8,34.9,34.2,34.2,541106.79022899,18688701.33875984
2026-06-08 10:15:00,34.5,34.5,34.1,34.4,181420.30315115,6192320.79875787
2026-06-08 10:30:00,34.2,34.4,34.0,34.4,407175.06520316,13974720.08002151
2026-06-08 10:45:00,34.0,34.3,34.0,34.2,34246.14397142,1165585.88567155
2026-06-08 11:00:00,34.1,34.3,33.9,34.3,303231.36416403,10319258.94969586
2026-06-08 11:15:00,34.1,34.2,33.8,34.2,172205.00732207,5852431.99329485
2026-06-08 11:30:00,34.0,34.0,33.8,33.8,85784.0215834,2899530.87087892
2026-06-08 11:45:00,33.7,34.0,33.6,34.0,469725.06882823,15821218.50623481
2026-06-08 12:00:00,34.0,34.0,34.0,34.0,29397.06617279,999500.24987486
2026-06-08 12:15:00,34.0,34.1,33.7,34.0,74221.39581261,2519565.05338849
2026-06-08 12:30:00,34.0,34.1,33.7,34.0,75971.49430703,2584205.34595199
2026-06-08 12:45:00,33.8,33.8,33.8,33.8,1156.03,39073.814
2026-06-08 13:00:00,33.9,34.0,33.8,34.0,106810.41338572,3618881.24741636
2026-06-08 13:30:00,33.8,34.0,33.7,33.9,92871.795416,3131551.28062623
2026-06-08 13:45:00,33.7,33.9,33.5,33.5,122407.4745529,4117130.43365908
2026-06-08 14:00:00,33.5,33.5,33.0,33.2,558425.72982617,18554386.39031571
2026-06-08 14:15:00,33.1,33.2,32.8,32.9,404278.99474584,13352194.62670654
2026-06-08 14:30:00,32.9,33.0,32.6,32.8,451374.48767391,14800348.88718603
2026-06-08 14:45:00,32.7,32.9,32.2,32.8,700074.05576128,22785047.9923988
2026-06-08 15:00:00,32.8,33.1,32.8,33.1,732146.91815505,24052669.12849899
2026-06-08 15:15:00,33.1,33.4,33.0,33.1,1279281.19752917,42262608.67302112
2026-06-08 15:30:00,33.1,33.5,33.1,33.2,259057.70931352,8647696.0762089
2026-06-08 16:00:00,33.2,33.2,33.1,33.2,130080.92832085,4318454.05672048
2026-06-08 16:15:00,33.1,33.3,32.9,33.1,1012246.15846551,33422879.07458895
2026-06-08 16:30:00,33.1,33.2,33.0,33.0,14336.24303213,473159.07291768
2026-06-08 16:45:00,33.0,33.5,33.0,33.5,256176.48218871,8516295.73072469
2026-06-08 17:00:00,33.3,33.5,33.2,33.5,44469.6969511,1479953.66446277
2026-06-08 17:15:00,33.4,33.5,33.4,33.5,49521.82423115,1654903.06538671
2026-06-08 17:30:00,33.5,33.5,33.5,33.5,17988.39904522,602611.36801487
2026-06-08 17:45:00,33.3,33.5,33.3,33.5,28104.79148194,937227.5140231
2026-06-08 18:00:00,33.3,33.5,32.9,33.2,526044.23881031,17436543.1607935
2026-06-08 18:15:00,33.2,33.3,33.0,33.0,47323.18692579,1573172.21432955
2026-06-08 18:30:00,33.2,33.3,33.1,33.3,165592.47462751,5512320.15062646
2026-06-08 18:45:00,33.4,33.6,33.4,33.5,115611.9511857,3872063.73602928
2026-06-08 19:00:00,33.5,33.6,33.4,33.5,55419.13196248,1854519.65132329
2026-06-08 19:15:00,33.4,33.4,33.3,33.3,16889.87926301,563689.9453265
2026-06-08 19:30:00,33.3,33.3,33.3,33.3,48471.51175301,1614101.34137523
2026-06-08 19:45:00,33.3,33.4,33.3,33.4,102079.87161366,3399274.94861548
2026-06-08 20:00:00,33.4,33.7,33.2,33.7,349159.51400416,11700298.82423787
2026-06-08 20:15:00,33.7,33.9,33.6,33.8,180783.44678305,6100140.4744792
2026-06-08 20:30:00,33.8,33.8,33.6,33.8,73650.19587559,2478858.43252353
2026-06-08 20:45:00,33.8,33.8,33.5,33.8,178732.74292283,5995498.73881424
2026-06-08 21:00:00,33.4,33.6,33.3,33.5,243754.73780028,8140961.92260865
2026-06-08 21:15:00,33.3,33.6,33.3,33.6,62244.2963418,2075115.11862673
2026-06-08 21:30:00,33.5,33.7,33.4,33.4,813548.69228375,27188080.99793254
2026-06-08 21:45:00,33.7,33.7,33.5,33.6,119604.12510324,4010363.82566556
2026-06-08 22:00:00,33.5,33.7,33.5,33.7,90488.1343441,3038820.98476968
2026-06-08 22:15:00,33.7,33.7,33.6,33.7,60329.29690618,2027712.79029097
2026-06-08 22:30:00,33.7,33.8,33.6,33.8,174524.96152086,5872624.31690304
2026-06-08 22:45:00,33.8,33.8,33.8,33.8,633.65384615,21417.49999987
2026-06-08 23:00:00,33.8,34.2,33.8,34.2,159002.15791578,5407080.71704478
2026-06-08 23:15:00,34.2,34.2,33.7,34.1,91607.63346601,3112820.26660004
2026-06-08 23:30:00,34.1,34.4,34.1,34.4,114334.98675065,3916177.7201864
2026-06-08 23:45:00,34.4,34.6,34.4,34.6,76545.67429098,2640922.09445321
2026-06-09 00:00:00,34.5,34.6,34.2,34.6,201708.00716177,6960640.71939757
2026-06-09 00:15:00,34.5,34.7,34.3,34.3,557549.32454802,19173931.31320747
2026-06-09 00:30:00,34.4,34.5,34.1,34.3,185723.79404878,6374414.08983154
2026-06-09 00:45:00,34.4,34.5,34.2,34.5,154369.51447795,5309006.39917565
2026-06-09 01:00:00,34.5,34.5,34.3,34.4,59099.11971178,2027554.06255959
2026-06-09 01:15:00,34.3,34.4,34.2,34.2,179792.41234576,6153392.7214835
2026-06-09 01:30:00,34.3,34.4,34.1,34.2,374525.31896041,12820907.15868829
2026-06-09 01:45:00,34.2,34.2,34.2,34.2,30562.08465892,1045223.29533506
2026-06-09 02:00:00,34.2,34.2,34.1,34.1,31519.55582172,1077732.3054157
2026-06-09 02:15:00,34.1,34.1,34.1,34.1,150275.49288418,5124394.30735054
2026-06-09 02:30:00,34.1,34.1,34.0,34.0,55010.72444262,1874865.48698739
2026-06-09 02:45:00,34.3,34.3,34.3,34.3,145.91836734,5004.99999976
2026-06-09 03:00:00,34.3,34.3,34.3,34.3,8746.35568513,299999.99999996
2026-06-09 03:30:00,34.1,34.3,34.1,34.3,730.57291622,24971.18746949
2026-06-09 04:00:00,34.3,34.3,34.2,34.2,91843.03777259,3141899.8932803
2026-06-09 04:30:00,34.2,34.2,34.2,34.2,11231.90204922,384131.05008332
2026-06-09 04:45:00,34.1,34.1,34.0,34.0,12942.28133851,440052.72394934
2026-06-09 05:00:00,34.1,34.2,33.9,34.2,507.88847654,17315.91492993
2026-06-09 05:30:00,34.0,34.2,34.0,34.2,12508.07289836,425304.47854424
2026-06-09 05:45:00,34.2,34.4,34.2,34.4,20400.0,697747.55497478
2026-06-09 06:00:00,34.4,34.4,34.4,34.4,40236.34302325,1384130.1999998
2026-06-09 06:15:00,34.3,34.5,34.3,34.5,42689.85507246,1469638.78479533
2026-06-09 06:30:00,34.5,34.5,34.4,34.4,21713.16196495,749089.55000008
2026-06-09 06:45:00,34.5,34.5,34.4,34.5,174868.37193129,6029531.73413174
2026-06-09 07:00:00,34.6,34.7,34.4,34.5,297038.40127871,10276384.74971073
2026-06-09 07:15:00,34.5,34.5,34.4,34.5,12276.73455727,423410.43688603
2026-06-09 07:30:00,34.5,34.7,34.5,34.6,87897.36393052,3039969.07094841
2026-06-09 07:45:00,34.5,34.6,34.5,34.6,17406.7126186,600546.13606634
2026-06-09 08:00:00,34.6,34.7,34.4,34.6,388673.21616073,13446884.14919986
2026-06-09 08:15:00,34.5,34.6,34.4,34.6,129534.24054508,4464788.84658367
2026-06-09 08:30:00,34.5,34.5,34.4,34.5,207280.21476028,7140548.13028194
2026-06-09 08:45:00,34.2,34.4,34.2,34.4,79454.62855802,2728312.57521789
2026-06-09 09:00:00,34.3,36.5,34.3,36.1,22883288.88791933,819383042.8920616
2026-06-09 09:15:00,36.1,36.8,35.2,36.3,23404859.32069395,844269193.0829111
2026-06-09 09:30:00,36.2,37.6,35.8,36.6,25678224.2009867,947228638.4103746
2026-06-09 09:45:00,36.6,37.9,36.5,37.7,16818100.87270636,627839715.1639372
2026-06-09 10:00:00,37.7,40.2,37.5,39.6,49851223.11629827,1938282263.6766622
2026-06-09 10:15:00,39.6,39.9,38.3,39.6,28107763.14882369,1100598206.5752
2026-06-09 10:30:00,39.6,40.4,37.1,37.4,26744752.56521628,1042232310.8686647
2026-06-09 10:45:00,37.4,37.6,35.8,36.2,19374467.69054983,705388485.6729046
2026-06-09 11:00:00,36.0,36.3,35.5,35.8,8528710.06411476,305882470.48432046
2026-06-09 11:15:00,35.8,36.0,33.9,34.2,16615506.16368872,575802451.6671385
2026-06-09 11:30:00,34.2,34.5,33.3,33.8,8363888.70278299,282817307.44615465
2026-06-09 11:45:00,33.8,33.9,32.9,33.5,5722901.0675361,190327119.47239318
2026-06-09 12:00:00,33.4,33.6,32.3,32.9,7265253.73134124,237499770.1742709
2026-06-09 12:15:00,32.8,33.1,32.1,32.5,3596579.01990906,116817469.58011527
2026-06-09 12:30:00,32.5,33.2,32.3,32.7,1081055.86978723,35383204.59027883
2026-06-09 12:45:00,32.7,32.7,32.4,32.6,545631.1362712,17745941.69869365
2026-06-09 13:00:00,32.4,32.6,32.4,32.5,461109.70243169,14949535.14461418
2026-06-09 13:15:00,32.4,33.0,32.4,32.4,704664.55900891,22904692.53612308
2026-06-09 13:30:00,32.4,32.9,32.4,32.8,311381.67238919,10172079.64444461
2026-06-09 13:45:00,32.8,33.2,32.7,32.9,989562.56113512,32595437.85616403
2026-06-09 14:00:00,32.9,32.9,32.5,32.9,2401518.55635566,78436015.25026137
2026-06-09 14:15:00,32.9,33.0,32.8,32.8,258503.095364,8499685.14531686
2026-06-09 14:30:00,32.7,32.9,32.6,32.9,230749.04236921,7558844.60963742
2026-06-09 14:45:00,32.9,32.9,32.7,32.9,87130.15236076,2863809.5618356
2026-06-09 15:00:00,32.9,32.9,32.6,32.8,128158.15552602,4188805.81518066
2026-06-09 15:15:00,32.5,32.7,32.4,32.6,352719.45805141,11460625.43314832
2026-06-09 15:30:00,32.7,33.1,32.6,33.0,1047805.06474832,34416818.11590792
2026-06-09 15:45:00,33.0,33.1,32.9,33.1,466147.93957075,15409894.03869075
2026-06-09 16:00:00,33.0,33.1,32.6,32.9,476208.28261577,15650494.28105137
2026-06-09 16:15:00,32.9,33.0,32.7,32.9,472256.71897482,15479754.67843258
2026-06-09 16:30:00,32.8,33.2,32.8,33.0,792629.24345952,26124344.47286468
2026-06-09 16:45:00,33.0,33.2,33.0,33.1,126398.73735543,4174007.79922649
2026-06-09 17:00:00,33.1,33.2,33.0,33.1,318886.90661165,10543993.37373167
2026-06-09 17:15:00,33.0,33.2,32.9,33.1,432659.38190017,14296001.1716468
2026-06-09 17:30:00,33.0,33.2,32.8,33.1,336053.02229438,11096882.75393927
2026-06-09 17:45:00,33.0,33.0,32.8,33.0,491108.60320468,16146126.72244099
2026-06-09 18:00:00,33.0,33.0,32.8,33.0,422853.25748445,13931659.9035359
2026-06-09 18:15:00,33.1,33.3,33.0,33.2,308764.85005505,10229965.7544138
2026-06-09 18:30:00,33.2,33.3,33.0,33.2,33454.21997015,1104824.41947661
2026-06-09 18:45:00,33.0,33.2,32.9,33.1,524937.8908093,17294145.27404677
2026-06-09 19:00:00,33.0,33.2,33.0,33.2,320952.64768834,10613569.33218104
2026-06-09 19:15:00,33.1,33.3,33.1,33.3,142945.77694299,4741580.49007992
2026-06-09 19:30:00,33.1,33.4,33.0,33.3,369700.05840093,12265647.12671913
2026-06-09 19:45:00,33.3,33.3,32.9,33.2,174802.66246205,5781244.30075181
2026-06-09 20:00:00,33.0,33.3,32.9,33.2,611880.57843356,20205652.10090151
2026-06-09 20:15:00,33.1,33.2,33.0,33.2,176539.54591082,5839861.14623608
2026-06-09 20:30:00,33.2,33.3,33.0,33.3,850210.11809316,28184989.98360426
2026-06-09 20:45:00,33.1,33.3,33.0,33.1,444385.42110138,14699346.74766072
2026-06-09 21:00:00,33.1,33.3,33.0,33.3,466307.84947216,15440909.44985488
2026-06-09 21:15:00,33.3,33.4,33.2,33.4,486955.04041248,16221000.29542987
2026-06-09 21:30:00,33.3,33.4,33.1,33.4,126906.42373702,4204725.68189009
2026-06-09 21:45:00,33.3,33.5,33.3,33.4,401412.62414703,13384933.86289445
2026-06-09 22:00:00,33.4,33.4,33.2,33.4,436234.05441443,14516104.18594505
2026-06-09 22:15:00,33.4,33.5,33.2,33.5,461338.28534354,15369549.36490098
2026-06-09 22:30:00,33.5,33.5,33.3,33.5,253907.5238368,8481463.55746689
2026-06-09 22:45:00,33.4,33.7,33.3,33.7,398810.53939797,13350973.58430351
2026-06-09 23:00:00,33.7,33.8,33.4,33.4,1163170.64504846,39024481.68296468
2026-06-09 23:15:00,33.4,33.8,33.4,33.4,176086.84384126,5923870.90490457
2026-06-09 23:30:00,33.4,33.6,33.0,33.2,464586.19871554,15466730.5858977
2026-06-09 23:45:00,33.3,33.4,33.0,33.1,330553.19791293,10938911.67978087
2026-06-10 00:00:00,33.3,33.3,33.0,33.3,415702.28291813,13791802.5242841
2026-06-10 00:15:00,33.2,33.4,33.1,33.2,81524.48002876,2708034.98372437
2026-06-10 00:30:00,33.1,33.3,33.1,33.3,32674.87125253,1085438.18440469
2026-06-10 00:45:00,33.1,33.3,33.1,33.3,141786.25542612,4700488.09846497
2026-06-10 01:00:00,33.2,33.3,33.2,33.2,53555.51046333,1779611.47724295
2026-06-10 01:15:00,33.2,33.2,33.0,33.1,224257.69742186,7407710.51416132
2026-06-10 01:30:00,33.0,33.4,33.0,33.3,151153.33213568,5006543.48866694
2026-06-10 02:00:00,33.2,33.4,33.2,33.4,145538.24992985,4834099.2472571
2026-06-10 02:15:00,33.4,33.4,33.4,33.4,89562.91724805,2991401.43608487
2026-06-10 02:30:00,33.4,33.4,33.4,33.4,1624.71607049,54265.51675437
2026-06-10 02:45:00,33.4,33.4,33.4,33.4,173695.90653774,5801443.27836052
2026-06-10 03:00:00,33.5,33.5,33.3,33.3,58548.88158161,1956917.75666761
2026-06-10 03:15:00,33.5,33.7,33.5,33.7,98221.9984808,3296419.71490507
2026-06-10 03:30:00,33.6,33.6,33.6,33.6,74183.97626112,2492581.60237363
2026-06-10 04:00:00,33.6,33.6,33.4,33.4,3360.17971309,112265.71670292
2026-06-10 04:15:00,33.4,33.4,33.4,33.4,18545.99406528,619436.20178035
2026-06-10 04:30:00,33.6,33.6,33.4,33.4,34652.79964779,1164181.26816574
2026-06-10 04:45:00,33.4,33.4,33.4,33.4,1373.62637362,45879.12087891
2026-06-10 05:00:00,33.4,33.6,33.4,33.6,175331.87020414,5891117.57538605
2026-06-10 05:15:00,33.4,33.6,33.4,33.6,18858.26163833,629898.97577312
2026-06-10 05:30:00,33.4,33.4,33.4,33.4,598.80239521,20000.00000001
2026-06-10 05:45:00,33.4,33.6,33.4,33.6,89768.47095168,3016166.66835397
2026-06-10 06:00:00,33.6,33.6,33.6,33.6,57080.12065395,1917892.05397272
2026-06-10 06:15:00,33.5,33.5,33.2,33.2,237622.86852218,7930484.95180373
2026-06-10 06:30:00,33.2,33.4,33.2,33.4,52418.61211264,1747389.33499609
2026-06-10 06:45:00,33.4,33.4,33.2,33.4,284010.10759273,9457509.80223652
2026-06-10 07:00:00,33.2,33.3,33.1,33.3,279147.41342616,9264295.26367471
2026-06-10 07:15:00,33.3,33.4,33.2,33.2,44405.55904999,1477894.79365622
2026-06-10 07:30:00,33.3,33.6,33.3,33.5,1255121.74604393,42046957.06841914
2026-06-10 07:45:00,33.5,33.6,33.2,33.2,182347.68166365,6077163.7735675
2026-06-10 08:00:00,33.4,33.6,33.3,33.6,243997.83266549,8171372.80755898
2026-06-10 08:15:00,33.6,33.7,33.4,33.5,580479.89336106,19479838.38225137
2026-06-10 08:30:00,33.4,33.8,33.3,33.6,854941.02503646,28696632.4300731
2026-06-10 08:45:00,33.5,34.0,33.5,33.9,2245925.21562858,75870340.46713853
2026-06-10 09:00:00,33.9,34.2,33.3,33.8,2294198.35713956,77234265.4441209
2026-06-10 09:15:00,33.8,35.0,33.4,33.7,7079231.62741397,242285657.67644617
2026-06-10 09:30:00,33.7,35.0,33.5,35.0,7402905.33936084,254137232.94449764
2026-06-10 09:45:00,34.8,35.1,34.3,34.4,9166048.90226603,318601537.7412981
2026-06-10 10:00:00,34.5,34.8,34.1,34.4,1530826.90034177,52626130.39321239
2026-06-10 10:15:00,34.4,34.5,33.3,33.3,4810886.41943269,162533599.5361207
2026-06-10 10:30:00,33.3,34.0,32.9,33.5,3021702.64372844,100309474.93843456
2026-06-10 10:45:00,33.2,33.5,32.9,33.3,1858349.40542305,61520603.68932363
2026-06-10 11:00:00,33.2,33.5,33.1,33.4,666050.00641872,22148033.93557389
2026-06-10 11:15:00,33.4,33.5,33.1,33.4,547044.39072008,18172971.63524654
2026-06-10 11:30:00,33.4,33.4,33.1,33.2,287824.97719519,9555861.31457893
2026-06-10 11:45:00,33.1,33.1,32.7,33.1,1946520.48280701,64055727.2775762
2026-06-10 12:00:00,32.9,33.2,32.9,33.2,603637.46220389,19904090.65117706
2026-06-10 12:15:00,33.1,33.1,33.0,33.1,237171.02694608,7836108.20382391
2026-06-10 12:30:00,33.0,33.0,32.8,32.8,488755.33680462,16074841.24212919
2026-06-10 12:45:00,32.8,33.0,32.6,32.6,563845.21733912,18462230.27507311
2026-06-10 13:00:00,32.6,32.8,32.6,32.7,224300.29642148,7332243.77074927
2026-06-10 13:15:00,32.8,32.9,32.7,32.9,344432.40706795,11313366.07809785
2026-06-10 13:30:00,32.9,33.1,32.7,33.1,647341.4791196,21273259.70010493
2026-06-10 13:45:00,32.9,33.1,32.5,32.6,771177.498384,25315784.72600714
2026-06-10 14:00:00,32.6,32.9,32.6,32.8,107964.65056378,3540896.3411509
2026-06-10 14:15:00,32.7,32.8,32.6,32.7,504541.52515805,16494687.52319349
2026-06-10 14:30:00,32.7,33.0,32.7,33.0,173441.58825335,5692225.9032187
2026-06-10 14:45:00,33.0,33.0,32.8,32.9,92197.06153469,3028724.77109687
2026-06-10 15:00:00,32.8,32.8,32.7,32.7,356366.60775824,11656331.30668956
2026-06-10 15:15:00,32.7,33.0,32.7,33.0,424640.42406284,13962348.33675098
2026-06-10 15:30:00,33.0,33.1,32.9,33.1,166890.23597721,5499959.9072207
2026-06-10 15:45:00,32.9,33.2,32.9,33.2,243608.44889287,8062159.64497656
2026-06-10 16:00:00,33.0,33.2,33.0,33.2,37867.8528816,1250274.98379995
2026-06-10 16:15:00,33.1,33.2,33.0,33.2,109059.21669465,3604613.27374908
2026-06-10 16:30:00,33.2,33.5,33.1,33.5,259265.0542495,8622941.25505056
2026-06-10 16:45:00,33.4,33.4,33.2,33.2,91677.11247512,3045490.86036574
2026-06-10 17:00:00,33.3,33.4,33.0,33.0,430531.63843379,14249310.95530979
2026-06-10 17:15:00,33.1,33.2,33.1,33.2,127100.33445348,4207071.31674295
2026-06-10 17:30:00,33.2,33.2,33.0,33.0,413863.84813641,13687875.58194305
2026-06-10 17:45:00,32.9,33.0,32.9,33.0,172184.95833141,5675043.01887592
2026-06-10 18:00:00,32.9,33.1,32.9,32.9,239684.47070377,7899525.31518996
2026-06-10 18:15:00,32.9,32.9,32.8,32.8,1765519.85888459,57976568.0598047
2026-06-10 18:30:00,32.8,33.5,32.8,33.5,1826737.75130531,60733687.10085599
2026-06-10 18:45:00,33.4,33.5,33.1,33.2,896485.06953402,29948279.03442779
2026-06-10 19:00:00,33.5,33.6,33.2,33.6,433091.36285887,14460479.16699015
2026-06-10 19:15:00,33.3,33.6,33.3,33.6,641772.07949733,21474792.03936145
2026-06-10 19:30:00,33.6,33.8,33.4,33.4,159122.68460386,5360279.32977026
2026-06-10 19:45:00,33.6,33.6,33.3,33.5,523400.67322982,17501159.25564488
2026-06-10 20:00:00,33.3,33.9,33.3,33.9,680356.81709112,22904807.89887804
2026-06-10 20:15:00,33.8,33.9,33.4,33.4,309227.86149063,10423418.1186229
2026-06-10 20:30:00,33.8,33.9,33.4,33.9,148383.99634549,5007415.2692452
2026-06-10 20:45:00,33.8,34.3,33.7,34.1,1951082.71200027,66090703.81325824
2026-06-10 21:00:00,34.1,34.2,33.8,34.0,579545.342943,19700928.91372851
2026-06-10 21:15:00,33.9,34.0,33.4,34.0,924351.07133461,31154053.73763361
2026-06-10 21:30:00,34.0,34.3,33.7,34.2,1517163.54753219,51654382.49273181
2026-06-10 21:45:00,34.3,34.6,34.3,34.4,242474.83860656,8345583.54953368
2026-06-10 22:00:00,34.5,34.7,34.2,34.5,410468.50877226,14157898.28099152
2026-06-10 22:15:00,34.5,34.6,33.9,34.6,737498.23401324,25326387.66711281
2026-06-10 22:30:00,34.6,35.2,34.6,35.0,1873044.98864386,65351114.5044544
2026-06-10 22:45:00,34.7,35.0,34.2,34.5,619772.09765998,21416605.83465996
2026-06-10 23:00:00,34.4,34.7,34.2,34.6,560563.84943661,19334084.54133485
2026-06-10 23:15:00,34.6,34.7,34.5,34.5,596660.43020511,20606521.30574325
2026-06-10 23:30:00,34.7,35.1,34.6,35.0,1039564.08621003,36230400.0576196
2026-06-10 23:45:00,34.8,34.9,34.6,34.9,59418.54112625,2065175.91515424
2026-06-11 00:00:00,34.6,34.8,34.6,34.8,52163.63176407,1808287.15983588
2026-06-11 00:15:00,34.7,34.8,34.7,34.8,15416.28791038,534959.74380431
2026-06-11 00:30:00,34.7,35.1,34.7,35.0,964151.15386065,33671008.0190117
2026-06-11 00:45:00,34.8,35.0,34.8,35.0,266474.08020095,9317110.63675354
2026-06-11 01:00:00,35.1,35.1,34.7,34.7,140688.61653754,4918023.15601114
2026-06-11 01:15:00,34.7,34.9,34.6,34.9,51716.4600775,1795122.38518195
2026-06-11 01:30:00,34.9,34.9,34.7,34.9,61093.33423724,2122989.40863394
2026-06-11 01:45:00,34.9,34.9,34.2,34.3,748298.61852606,25678492.37137106
2026-06-11 02:00:00,34.4,34.6,34.4,34.5,73500.82837636,2535892.9678839
2026-06-11 02:15:00,34.4,34.5,34.4,34.4,42261.89731213,1455385.65461862
2026-06-11 02:30:00,34.4,34.4,34.4,34.4,78303.44983388,2693638.67428547
2026-06-11 02:45:00,34.4,34.5,34.4,34.5,59263.7933575,2040620.19009025
2026-06-11 03:30:00,34.5,34.6,34.5,34.6,321.39672938,11104.22538727
2026-06-11 03:45:00,34.5,34.5,34.5,34.5,32493.97238392,1121042.04724524
2026-06-11 04:00:00,34.5,34.5,34.5,34.5,6894.77746333,237869.82248489
2026-06-11 04:15:00,34.5,34.5,34.5,34.5,7072.27299688,243993.41839236
2026-06-11 04:30:00,34.5,34.8,34.3,34.8,124555.44404695,4293995.18630921
2026-06-11 04:45:00,34.6,34.8,34.6,34.6,9576.92307692,331461.53846143
2026-06-11 05:00:00,34.6,34.6,34.6,34.6,6008.12951465,207881.28120689
2026-06-11 05:15:00,34.6,34.9,34.6,34.9,33852.30040418,1175593.20084808
2026-06-11 05:30:00,34.9,34.9,34.7,34.7,231511.31665461,8069428.46300168
2026-06-11 05:45:00,34.7,34.7,34.7,34.7,64034.18932537,2221986.36959034
2026-06-11 06:00:00,34.7,34.7,34.3,34.3,140551.28756879,4853856.25524176
2026-06-11 06:15:00,34.3,34.5,34.2,34.5,522667.71805371,17895785.97816439
2026-06-11 06:30:00,34.3,34.5,34.2,34.5,91302.4435049,3133811.46010568
2026-06-11 06:45:00,34.2,34.2,33.9,34.0,1198083.10530286,40764422.15842142
2026-06-11 07:00:00,34.0,34.1,33.8,34.0,144955.43603032,4906990.59524253
2026-06-11 07:15:00,34.0,34.2,33.7,34.2,856583.34762775,29100431.09872063
2026-06-11 07:30:00,34.2,34.6,34.0,34.6,314361.06800305,10786588.07772846
2026-06-11 07:45:00,34.5,34.6,34.3,34.5,268242.05009803,9250353.19945299
2026-06-11 08:00:00,34.5,34.6,34.3,34.3,111257.19362908,3827888.56356176
2026-06-11 08:15:00,34.3,34.8,34.3,34.8,406151.1258437,14046301.93950557
2026-06-11 08:30:00,34.8,34.8,34.6,34.8,32569.28424148,1132231.6916035
2026-06-11 08:45:00,34.7,34.7,34.6,34.7,247928.78788497,8600402.27534984
2026-06-11 09:00:00,34.7,34.7,33.6,34.2,2293133.74708649,78052474.7470183
2026-06-11 09:15:00,34.2,34.3,33.8,34.2,205117.54592252,6969679.12214202
2026-06-11 09:30:00,34.2,34.2,33.9,34.2,112304.50122202,3823047.05643512
2026-06-11 09:45:00,34.2,34.3,33.9,34.2,139985.51666165,4771575.32217853
2026-06-11 10:00:00,34.2,34.5,34.0,34.3,340018.54726443,11621754.9343584
2026-06-11 10:15:00,34.5,34.8,34.4,34.7,231436.07105195,8001720.15978468
2026-06-11 10:30:00,34.7,34.7,34.4,34.4,204021.77119919,7025722.05470127
2026-06-11 10:45:00,34.5,34.8,34.5,34.6,182375.89448015,6324871.06934617
2026-06-11 11:00:00,34.7,34.7,34.6,34.6,10236.41484612,354590.87839736
2026-06-11 11:15:00,34.4,34.7,34.2,34.6,147514.5611235,5077754.50085622
2026-06-11 11:30:00,34.6,34.7,34.6,34.7,28844.40400349,999999.99999996
2026-06-11 11:45:00,34.7,34.7,34.5,34.5,131420.75573984,4548921.54595083
2026-06-11 12:00:00,34.7,34.7,34.7,34.7,14513.83285302,503629.99999979
2026-06-11 12:15:00,34.5,34.7,34.3,34.6,155986.98274714,5353254.05853971
2026-06-11 12:30:00,34.4,34.5,34.2,34.5,158101.19241037,5428644.89758276
2026-06-11 12:45:00,34.5,34.6,34.3,34.5,153308.54803811,5266725.67768996
2026-06-11 13:00:00,34.6,34.6,34.4,34.4,144519.49612662,4984506.91394593
2026-06-11 13:15:00,34.4,34.7,34.4,34.7,135364.4971021,4686158.50222842
2026-06-11 13:30:00,34.7,34.7,34.3,34.3,464968.57552005,16005152.40060308
2026-06-11 13:45:00,34.4,34.4,34.4,34.4,166812.12397047,5738337.06458417
2026-06-11 14:00:00,34.6,34.7,34.5,34.7,482259.35341466,16688152.75090693
2026-06-11 14:15:00,34.7,34.8,34.5,34.8,435000.06227397,15088934.92091209
2026-06-11 14:30:00,34.6,34.8,34.5,34.8,131921.52797979,4570661.00876399
2026-06-11 14:45:00,34.8,34.8,34.6,34.8,282778.32740402,9815202.3244792
2026-06-11 15:00:00,34.7,34.9,34.6,34.9,571840.69681568,19871553.62423594
2026-06-11 15:15:00,34.9,35.1,34.7,34.9,489546.08899941,17106241.44680165
2026-06-11 15:30:00,34.7,35.0,34.7,34.9,63720.57976096,2213937.76929379
2026-06-11 15:45:00,34.9,34.9,34.8,34.9,25298.19886491,880939.2404621
2026-06-11 16:00:00,34.7,34.9,34.6,34.9,383174.08609422,13276132.64036868
2026-06-11 16:15:00,34.6,34.9,34.6,34.9,28802.09113572,997954.09484332
2026-06-11 16:30:00,34.6,34.8,34.6,34.8,125281.99687531,4337782.50065342
2026-06-11 16:45:00,34.7,34.9,34.7,34.9,487787.46296031,16956250.38022921
2026-06-11 17:00:00,34.8,35.0,34.8,35.0,161705.79730444,5642234.60280346
2026-06-11 17:15:00,35.0,35.0,34.7,34.9,562713.96647518,19593861.34637376
2026-06-11 17:30:00,34.9,34.9,34.6,34.8,307063.39862334,10659562.34496386
2026-06-11 17:45:00,34.7,34.9,34.7,34.8,54331.2275669,1892904.25792338
2026-06-11 18:00:00,34.8,35.0,34.8,35.0,447991.4995772,15631851.07448142
2026-06-11 18:15:00,35.0,35.0,34.9,35.0,222799.18687051,7787370.08142122
2026-06-11 18:30:00,34.8,35.2,34.8,35.2,124755.60907747,4371118.65466671
2026-06-11 18:45:00,35.2,35.4,35.0,35.1,182980.76454312,6419217.1669567
2026-06-11 19:00:00,35.1,35.3,34.9,35.2,344823.87576471,12116707.25639543
2026-06-11 19:15:00,35.2,35.2,34.8,35.2,296750.68586305,10398170.50521886
2026-06-11 19:30:00,35.0,35.1,34.9,35.1,119224.67161833,4163483.14119891
2026-06-11 19:45:00,35.1,35.1,35.0,35.0,89624.959836,3138381.91619732
2026-06-11 20:00:00,35.0,35.2,34.9,35.2,15892.14555466,556491.17606995
2026-06-11 20:15:00,35.4,35.4,35.4,35.4,142.61363636,5048.52272714
2026-06-11 20:30:00,35.1,35.3,35.0,35.2,270092.57199125,9479417.17854348
2026-06-11 20:45:00,35.0,35.0,35.0,35.0,17863.17854476,625211.2490666
2026-06-11 21:00:00,35.0,35.2,35.0,35.2,82030.76548502,2879713.11423436
2026-06-11 21:15:00,35.1,35.1,34.7,34.7,220777.53835107,7709362.06111722
2026-06-11 21:30:00,34.6,34.9,34.4,34.9,245381.65033298,8482237.1668447
2026-06-11 22:00:00,34.9,34.9,34.7,34.9,77056.13421635,2673940.10869666
2026-06-11 22:15:00,34.9,34.9,34.8,34.8,19855.40181198,692378.81059442
2026-06-11 22:30:00,34.7,34.9,34.6,34.8,382283.86843082,13254548.60591734
2026-06-11 22:45:00,34.8,35.0,34.6,35.0,138099.69655558,4812654.91400415
2026-06-11 23:00:00,35.0,35.0,35.0,35.0,3400.1428571,119004.9999985
2026-06-11 23:15:00,35.0,35.1,35.0,35.1,13736.61282842,480786.4489947
2026-06-11 23:30:00,35.0,35.1,34.9,35.1,412062.61865446,14418848.82074024
2026-06-11 23:45:00,34.9,34.9,34.7,34.7,28985.34461229,1007831.24597485
2026-06-12 00:00:00,34.9,34.9,34.8,34.8,21955.87274854,764269.15919253
2026-06-12 00:15:00,34.7,34.7,34.7,34.7,19907.99731519,690807.50683709
2026-06-12 00:30:00,34.8,34.8,34.7,34.7,188800.33242911,6551502.81910173
2026-06-12 00:45:00,34.8,34.8,34.8,34.8,311.50594095,10840.40674506
2026-06-12 01:00:00,34.8,35.0,34.8,35.0,94556.74716214,3309454.22538754
2026-06-12 01:15:00,34.8,34.8,34.8,34.8,14800.0,515040.0
2026-06-12 01:30:00,34.8,34.8,34.8,34.8,143167.99743127,4982246.3106082
2026-06-12 01:45:00,34.7,35.1,34.7,34.7,17888.07011574,621953.89097099
2026-06-12 02:15:00,34.7,34.7,34.6,34.6,42773.46380699,1483067.46490332
2026-06-12 02:30:00,34.7,35.0,34.7,35.0,319.55534413,11136.27230467
2026-06-12 02:45:00,35.0,35.3,35.0,35.3,141010.32273287,4957844.74760082
2026-06-12 03:00:00,35.2,35.2,35.2,35.2,160.54913295,5651.32947984
2026-06-12 03:15:00,35.2,35.3,35.2,35.3,166215.20894586,5857924.3922736
2026-06-12 03:30:00,35.3,35.5,35.2,35.5,164756.00503308,5830979.09104121
2026-06-12 04:00:00,35.4,35.4,35.4,35.4,47689.57627118,1688210.99999977
2026-06-12 04:30:00,35.2,35.4,35.1,35.4,34113.8236471,1200953.57056805
2026-06-12 05:00:00,35.4,35.4,35.4,35.4,3053.10734463,108079.9999999
2026-06-12 05:15:00,35.2,35.4,35.2,35.2,32838.13406758,1156024.51917882
2026-06-12 05:30:00,35.4,35.5,35.2,35.2,87511.05246208,3085073.33363405
2026-06-12 05:45:00,35.2,35.4,35.0,35.1,143384.04937698,5036623.64370263
2026-06-12 06:00:00,35.3,35.4,35.1,35.2,393655.6512389,13895293.71420274
2026-06-12 06:15:00,35.4,35.4,35.4,35.4,50108.87351803,1773854.12253826
2026-06-12 06:30:00,35.3,35.5,35.3,35.5,45885.47301622,1623394.3547353
2026-06-12 06:45:00,35.5,35.5,35.4,35.4,31829.57062146,1128766.79999968
2026-06-12 07:00:00,35.4,35.6,35.3,35.5,361645.21260697,12820844.59712913
2026-06-12 07:15:00,35.5,35.7,35.5,35.6,68206.75037018,2427030.80933346
2026-06-12 07:30:00,35.6,35.7,35.5,35.7,83355.96974196,2963068.59788663
2026-06-12 07:45:00,35.7,35.8,35.5,35.7,277233.01314067,9897581.95194501
2026-06-12 08:15:00,35.7,35.8,35.7,35.8,55805.76380939,1992561.61419224
2026-06-12 08:30:00,35.7,35.8,35.7,35.8,148435.37407275,5310400.35260088
2026-06-12 08:45:00,35.7,35.7,35.4,35.4,349155.01709718,12403492.75958382
2026-06-12 09:00:00,35.4,35.6,35.3,35.6,702629.60691111,24978293.60671405
2026-06-12 09:15:00,35.6,35.8,35.1,35.4,1230434.91257574,43623429.88460762
2026-06-12 09:30:00,35.4,35.5,35.1,35.1,222653.76269692,7852607.75656662
2026-06-12 09:45:00,35.1,35.3,35.0,35.0,360867.20062576,12653416.39443232
2026-06-12 10:00:00,35.2,35.3,35.0,35.3,130020.24819522,4564327.39188084
2026-06-12 10:15:00,35.2,35.3,35.0,35.0,817015.10715003,28800435.41754109
2026-06-12 10:30:00,35.1,35.3,35.1,35.3,295935.14124144,10429100.64712654
2026-06-12 10:45:00,35.3,35.3,35.3,35.3,96016.55263019,3389384.30784571
2026-06-12 11:00:00,35.3,35.4,35.3,35.3,196076.56032862,6926206.28701776
2026-06-12 11:15:00,35.3,35.4,35.3,35.4,21942.93592355,774604.38296617
2026-06-12 11:30:00,35.3,35.4,35.3,35.3,36089.49403985,1274926.36221009
2026-06-12 11:45:00,35.4,35.5,35.1,35.1,209374.82687717,7401387.3058665
2026-06-12 12:00:00,35.1,35.4,35.0,35.3,186145.53054589,6535651.62388317
2026-06-12 12:15:00,35.3,35.3,35.2,35.3,92145.96044673,3246392.57740762
2026-06-12 12:45:00,35.3,35.3,35.3,35.3,14164.305949,499999.9999997
2026-06-12 13:00:00,35.3,35.4,35.3,35.4,73553.86229972,2596456.23918012
2026-06-12 13:15:00,35.3,35.4,35.2,35.4,246071.35714294,8669990.70127897
2026-06-12 13:30:00,35.4,35.5,35.4,35.4,118691.90987488,4201707.79036171
2026-06-12 13:45:00,35.4,35.5,35.4,35.4,104490.03376304,3698975.92760598
2026-06-12 14:00:00,35.4,35.4,35.4,35.4,12537.40883596,443824.27279298
2026-06-12 14:30:00,35.4,35.5,35.0,35.2,274502.33392844,9652587.91981604
2026-06-12 14:45:00,35.2,35.3,35.0,35.3,31907.32562991,1119626.70613776
2026-06-12 15:00:00,35.1,35.2,35.0,35.0,228374.17634733,8010146.34643121
2026-06-12 15:15:00,34.9,35.0,34.7,34.8,967555.93827723,33674412.32803496
2026-06-12 15:30:00,34.9,34.9,34.4,34.4,697814.36387285,24110993.23066685
2026-06-12 15:45:00,34.7,34.7,34.5,34.5,203871.55447671,7041362.16067661
2026-06-12 16:00:00,34.5,34.7,34.5,34.7,162909.12131768,5629500.65373175
2026-06-12 16:15:00,34.6,34.6,34.6,34.6,373675.65998524,12929177.8354893
2026-06-12 16:30:00,34.6,34.6,34.6,34.6,68161.43958748,2358385.80972681
2026-06-12 16:45:00,34.8,34.9,34.6,34.6,102068.31380798,3542871.65166494
2026-06-12 17:00:00,34.6,35.1,34.6,35.1,365544.10104474,12707312.92387166
2026-06-12 17:15:00,35.1,35.2,34.9,35.2,27941.06508694,978275.94447111
2026-06-12 17:30:00,35.1,35.3,35.0,35.3,700484.59028275,24718487.67933513
2026-06-12 17:45:00,35.3,35.3,35.3,35.3,27955.59727218,986832.58370795
2026-06-12 18:00:00,35.1,35.3,35.1,35.1,32939.78097982,1160186.31239168
2026-06-12 18:15:00,35.3,35.3,35.3,35.3,1000.0,35300.0
2026-06-12 18:30:00,35.3,35.3,35.2,35.2,122390.23041289,4317941.73167237
2026-06-12 18:45:00,35.2,35.6,35.2,35.6,572636.41493627,20268770.73213486
2026-06-12 19:00:00,35.6,36.0,35.6,36.0,599145.35691492,21447418.6515843
2026-06-12 19:15:00,36.0,36.6,35.5,35.6,522992.29391082,18801443.10489705
2026-06-12 19:30:00,35.7,35.8,35.6,35.8,97236.75618268,3470921.39098492
2026-06-12 19:45:00,36.0,36.1,35.7,36.0,154887.0161778,5575930.51638071
2026-06-12 20:00:00,35.8,35.9,35.8,35.9,157559.90673829,5640765.77335078
2026-06-12 20:15:00,35.8,35.8,35.6,35.6,95443.8768288,3406313.70132772
2026-06-12 20:30:00,35.7,35.8,35.7,35.8,109096.87261148,3897275.05468027
2026-06-12 20:45:00,35.8,35.8,35.8,35.8,122992.48486391,4403130.95812798
2026-06-12 21:00:00,35.8,36.1,35.7,36.1,285282.19655217,10273590.05208194
2026-06-12 21:15:00,36.1,36.1,36.0,36.1,286373.34146697,10313955.47139271
2026-06-12 21:30:00,36.1,36.4,36.1,36.4,503927.39394816,18246336.58477861
2026-06-12 21:45:00,36.4,36.4,36.3,36.3,246400.84792587,8964484.95844106
2026-06-12 22:00:00,36.3,36.6,36.2,36.2,364217.23000986,13245790.49298931
2026-06-12 22:15:00,36.1,36.1,36.1,36.1,98348.75525867,3550390.06483799
2026-06-12 22:30:00,36.1,36.3,36.1,36.3,32830.10827102,1189235.65107208
2026-06-12 22:45:00,36.1,36.1,36.1,36.1,12524.87776383,452148.08727426
2026-06-12 23:00:00,36.3,36.4,36.2,36.4,212927.89254598,7740637.21918741
2026-06-12 23:15:00,36.4,36.4,36.4,36.4,48911.5483467,1780380.35981988
2026-06-12 23:30:00,36.3,36.4,36.3,36.4,164213.05185636,5976832.9495715
2026-06-12 23:45:00,36.3,36.3,36.1,36.2,150529.59199064,5464125.21123825
2026-06-13 00:00:00,36.3,36.4,36.3,36.4,104665.91123858,3807729.88306798
2026-06-13 00:15:00,36.5,36.5,36.5,36.5,115782.71262603,4226069.0108501
2026-06-13 00:30:00,36.5,36.5,36.5,36.5,142749.88670048,5210370.86456752
2026-06-13 00:45:00,36.5,36.5,36.5,36.5,191.78082191,6999.99999972
2026-06-13 01:00:00,36.4,36.4,36.3,36.3,190060.73265642,6916009.91249006
2026-06-13 01:15:00,36.5,36.5,36.3,36.3,43200.84033612,1576270.50420116
2026-06-13 01:45:00,36.5,36.8,36.5,36.7,138267.41213181,5065459.28749628
2026-06-13 02:00:00,36.7,37.0,36.6,37.0,234088.40798494,8643877.54578891
2026-06-13 02:15:00,37.0,37.0,36.8,36.8,16028.49815837,590009.1600355
2026-06-13 02:30:00,36.8,36.8,36.8,36.8,5460.33825524,200940.44779283
2026-06-13 02:45:00,36.7,36.7,36.3,36.5,206523.54293848,7505877.88653513
2026-06-13 03:00:00,36.3,36.3,36.3,36.3,511.72796883,18575.72526853
2026-06-13 03:30:00,36.4,36.4,36.4,36.4,22664.65062745,824993.28283918
2026-06-13 04:00:00,36.5,36.5,36.4,36.4,23421.2669482,853721.76537054
2026-06-13 04:15:00,36.4,36.4,36.4,36.4,7373.769312,268405.2029568
2026-06-13 04:30:00,36.3,36.5,36.3,36.5,47917.30403203,1742221.5971691
2026-06-13 04:45:00,36.3,36.3,36.3,36.3,46847.36156659,1700559.22486722
2026-06-13 05:15:00,36.4,36.4,36.4,36.4,152.3806,5546.65384
2026-06-13 05:30:00,36.3,36.3,36.3,36.3,6742.991724,244770.5995812
2026-06-13 05:45:00,36.3,36.3,36.0,36.0,274147.80714843,9918540.97714465
2026-06-13 06:00:00,36.3,36.3,36.3,36.3,3382.75761431,122794.10139945
2026-06-13 06:15:00,36.0,36.1,36.0,36.1,31978.54415813,1154123.32930487
2026-06-13 06:30:00,36.2,36.8,36.2,36.7,72784.60246778,2657734.00402072
2026-06-13 06:45:00,36.4,36.8,36.4,36.7,177790.49964929,6529949.07396262
2026-06-13 07:00:00,36.7,36.7,36.7,36.7,27220.72206403,999000.4997499
2026-06-13 07:15:00,36.7,37.0,36.4,36.5,192598.4243997,7070981.24084245
2026-06-13 07:30:00,36.4,36.5,36.4,36.5,63112.83217225,2298027.0910699
2026-06-13 07:45:00,36.5,36.5,36.5,36.5,328.76712328,11999.99999972
2026-06-13 08:00:00,36.5,36.6,36.5,36.5,80640.13097368,2943975.74393227
2026-06-13 08:15:00,36.5,36.6,36.4,36.4,48563.5747762,1772096.33561166
2026-06-13 08:30:00,36.4,36.4,36.4,36.4,59192.47453589,2154606.0731064
2026-06-13 08:45:00,36.4,36.5,36.4,36.5,19418.6914865,706922.52081407
2026-06-13 09:00:00,36.5,36.5,36.0,36.5,473227.93546322,17186628.66337689
2026-06-13 09:15:00,36.5,36.5,36.3,36.3,231810.87200763,8418866.56184538
2026-06-13 09:30:00,36.3,36.3,36.0,36.0,380827.41432308,13784220.66802713
2026-06-13 09:45:00,36.1,36.3,36.1,36.2,42846.19420041,1550434.43945152
2026-06-13 10:00:00,36.2,36.9,36.2,36.5,541254.17119206,19825429.28037594
2026-06-13 10:15:00,36.5,36.7,36.5,36.7,70256.22361843,2567704.84327161
2026-06-13 10:30:00,36.6,36.6,36.5,36.5,94146.24053881,3444396.62183018
2026-06-13 10:45:00,36.6,36.7,36.6,36.6,91923.47862787,3364426.56573645
2026-06-13 11:00:00,36.6,36.6,36.6,36.6,163.40599455,5980.65940053
2026-06-13 11:15:00,36.6,36.6,36.6,36.6,29999.99999959,1097999.99998499
2026-06-13 11:30:00,36.6,36.6,36.6,36.6,7803.08561928,285592.93366565
2026-06-13 11:45:00,36.6,36.7,36.4,36.7,446404.48340259,16281742.53213916
2026-06-13 12:00:00,36.5,36.5,36.5,36.5,437.61643835,15972.99999978
2026-06-13 12:15:00,36.4,36.4,36.3,36.3,1694.46841725,61655.6505242
2026-06-13 12:30:00,36.3,36.3,36.2,36.2,87354.36342665,3165235.25921133
2026-06-13 12:45:00,36.3,36.4,36.2,36.3,171968.8393022,6241246.93458772
2026-06-13 13:00:00,36.4,36.4,36.4,36.4,137.47252747,5003.99999991
2026-06-13 13:15:00,36.2,36.4,36.1,36.4,109277.0781313,3960372.59614749
2026-06-13 13:30:00,36.4,36.4,36.4,36.4,17857.668124,650019.1197136
2026-06-13 13:45:00,36.4,36.4,36.4,36.4,2747.25274725,99999.9999999
2026-06-13 14:00:00,36.3,36.3,36.2,36.3,13768.21874186,499723.31184376
2026-06-13 14:15:00,36.3,36.3,36.3,36.3,34174.50614306,1240534.57299308
2026-06-13 14:30:00,36.3,36.4,36.3,36.4,69094.79350794,2508168.48785471
2026-06-13 14:45:00,36.3,36.4,36.3,36.4,126156.10279552,4579480.27598287
2026-06-13 15:00:00,36.4,36.4,36.3,36.3,21185.86906834,770408.64208758
2026-06-13 15:15:00,36.3,36.3,36.3,36.3,2071.95327823,75211.90399975
2026-06-13 15:30:00,36.3,36.3,36.0,36.2,311163.47689923,11222441.25326392
2026-06-13 15:45:00,36.1,36.3,36.1,36.2,37707.67451918,1362767.376985
2026-06-13 16:00:00,36.3,36.3,36.1,36.3,23191.33470907,838547.37483646
2026-06-13 16:15:00,36.1,36.1,36.1,36.1,148978.78420039,5378134.10963408
2026-06-13 16:30:00,36.3,36.6,36.3,36.4,380953.84516054,13872246.92463567
2026-06-13 16:45:00,36.6,36.7,36.6,36.6,2396.04033587,87724.57410894
2026-06-13 17:00:00,36.7,36.7,36.4,36.6,117252.41659724,4286322.7520438
2026-06-13 17:15:00,36.6,36.6,36.6,36.6,126672.89442039,4636227.93578627
2026-06-13 17:30:00,36.5,36.5,36.5,36.5,10000.0,365000.0
2026-06-13 17:45:00,36.5,36.5,36.5,36.5,276.243,10082.8695
2026-06-13 18:00:00,36.5,36.5,36.5,36.5,101358.85063931,3699598.04833482
2026-06-13 18:15:00,36.5,36.8,36.5,36.7,115183.79668801,4224369.54897236
2026-06-13 18:30:00,36.7,36.7,36.5,36.5,111555.55167679,4092324.41579722
2026-06-13 18:45:00,36.5,36.5,36.5,36.5,830.0,30295.0
2026-06-13 19:00:00,36.6,36.6,36.5,36.5,31062.98615589,1135722.22979374
2026-06-13 19:15:00,36.5,36.6,36.5,36.6,69559.30363501,2545814.58267787
2026-06-13 19:30:00,36.6,36.7,36.6,36.7,47050.31820641,1723841.64635461
2026-06-13 19:45:00,36.6,36.7,36.6,36.7,133791.00766092,4907639.53687887
2026-06-13 20:00:00,36.5,37.1,36.5,37.1,175354.38631732,6467013.55798507
2026-06-13 20:15:00,36.6,37.0,36.6,36.9,12193.68670968,449874.5759192
2026-06-13 20:30:00,36.9,37.3,36.9,37.2,505834.06111122,18783902.98258163
2026-06-13 20:45:00,37.3,37.3,37.2,37.2,119930.03924961,4461461.80324903
2026-06-13 21:00:00,37.2,37.2,37.0,37.0,15368.58634981,571259.86557808
2026-06-13 21:15:00,37.0,37.1,37.0,37.1,127876.44776961,4731445.48085177
2026-06-13 21:30:00,37.1,37.1,37.0,37.0,2123.11770003,78765.94232977
2026-06-13 21:45:00,37.0,37.0,37.0,37.0,83915.47474196,3104872.56545252
2026-06-13 22:00:00,37.0,37.1,37.0,37.1,1366.53333181,50672.94539697
2026-06-13 22:15:00,37.1,37.1,37.0,37.0,15582.96323532,577917.34860172
2026-06-13 22:30:00,37.0,37.0,37.0,37.0,12384.09285849,458211.43576413
2026-06-13 22:45:00,37.0,37.0,37.0,37.0,51474.95789127,1904573.44197699
2026-06-13 23:00:00,37.0,37.0,36.9,36.9,58981.01902108,2176413.38566164
2026-06-13 23:15:00,36.6,36.9,36.5,36.9,132681.53672622,4851794.339705
2026-06-13 23:30:00,36.6,36.8,36.6,36.8,58163.84925384,2132324.03690187
2026-06-13 23:45:00,37.0,37.0,37.0,37.0,198.48648648,7343.99999976
2026-06-14 00:00:00,37.0,37.0,36.9,36.9,5539.60066768,204558.72063912
2026-06-14 00:15:00,37.0,37.1,36.8,36.8,105234.90682005,3886447.77908595
2026-06-14 00:30:00,36.8,36.8,36.8,36.8,21493.56940075,790963.3539476
2026-06-14 00:45:00,36.8,36.8,36.8,36.8,42104.73215939,1549454.14346555
2026-06-14 01:00:00,36.8,36.8,36.8,36.8,15169.71449564,558245.49343955
2026-06-14 01:15:00,36.8,36.8,36.7,36.7,2064.65895514,75977.39403278
2026-06-14 01:30:00,36.7,36.7,36.7,36.7,500.0,18350.0
2026-06-14 02:00:00,36.7,36.7,36.4,36.7,284356.67683886,10373131.60829765
2026-06-14 02:15:00,36.7,36.7,36.6,36.6,550.87829744,20189.48901055
2026-06-14 02:30:00,36.5,36.5,36.4,36.4,36539.68924716,1330777.3666921
2026-06-14 02:45:00,36.4,36.7,36.4,36.7,87504.77276092,3185501.76664462
2026-06-14 03:00:00,36.7,36.7,36.7,36.7,549.10081743,20151.99999968
2026-06-14 04:45:00,36.5,36.5,36.5,36.5,27247.95640327,994550.40871936
2026-06-14 05:45:00,36.8,36.8,36.8,36.8,27173.91304347,999999.9999997
2026-06-14 06:15:00,36.8,36.9,36.8,36.9,58094.47797869,2143052.76983352
2026-06-14 06:30:00,36.9,37.1,36.9,37.1,99140.22010183,3673734.84757587
2026-06-14 06:45:00,37.2,37.2,37.1,37.1,33477.08894878,1243999.99999974
2026-06-14 07:00:00,37.2,37.2,36.9,37.1,55801.62958589,2065532.65180199
2026-06-14 07:30:00,37.1,37.1,37.1,37.1,20183.87032898,748821.58920516
2026-06-14 07:45:00,37.1,37.3,37.1,37.2,50710.67833286,1883895.78412463
2026-06-14 08:00:00,37.3,37.3,37.1,37.2,5274.60760781,196010.86926078
2026-06-14 08:15:00,37.2,37.7,37.2,37.2,274685.75729779,10262183.81104217
2026-06-14 08:30:00,37.2,37.3,37.2,37.3,53102.63182407,1977918.66955834
2026-06-14 08:45:00,37.3,37.5,37.3,37.3,169721.7433275,6348718.10629052
2026-06-14 09:00:00,37.4,37.5,37.2,37.2,239732.08320155,8957689.86362591
2026-06-14 09:15:00,37.2,37.2,36.5,36.7,954737.1940776,35118214.6834163
2026-06-14 09:30:00,36.9,37.0,36.5,36.8,543782.64594379,19932120.32415604
2026-06-14 09:45:00,36.8,36.8,36.5,36.8,482773.62762169,17667283.65338752
2026-06-14 10:00:00,36.8,36.9,36.6,36.6,24484.01084011,900892.72454162
2026-06-14 10:15:00,36.9,36.9,36.7,36.7,62473.88759192,2293297.35132441
2026-06-14 10:30:00,36.7,36.8,36.7,36.8,54302.90631298,1998238.55123365
2026-06-14 10:45:00,36.8,36.8,36.8,36.8,65055.85614294,2394055.50606019
2026-06-14 11:00:00,36.9,36.9,36.7,36.7,220004.46099095,8097236.5271763
2026-06-14 11:15:00,36.7,36.8,36.7,36.8,274480.31336191,10073432.4003821
2026-06-14 11:30:00,36.7,37.0,36.7,37.0,26827.77680005,986999.50667781
2026-06-14 12:00:00,36.9,36.9,36.4,36.9,764000.16898801,27879231.11081953
2026-06-14 12:15:00,36.9,36.9,36.7,36.7,67352.57543898,2472784.62743527
2026-06-14 12:30:00,36.6,36.7,36.3,36.7,663396.83827967,24153089.03973792
2026-06-14 12:45:00,36.8,36.8,36.6,36.8,12446.4395207,457760.35656604
2026-06-14 13:00:00,36.5,36.8,36.5,36.8,515.9574468,18912.23404224
2026-06-14 13:15:00,36.8,36.9,36.8,36.9,50000.0,1840758.40185601
2026-06-14 13:30:00,36.9,36.9,36.9,36.9,6775.06775067,249999.99999972
2026-06-14 13:45:00,36.7,36.7,36.4,36.4,327492.6821816,11964251.5003848
2026-06-14 14:00:00,36.4,36.4,36.4,36.4,129912.88303569,4728828.94249912
2026-06-14 14:15:00,36.3,36.5,36.2,36.4,224953.47242581,8171149.98822358
2026-06-14 14:30:00,36.4,36.6,36.3,36.3,88528.8639363,3221010.44079087
2026-06-14 14:45:00,36.3,36.4,36.2,36.3,644407.38397887,23389825.32848969
2026-06-14 15:00:00,36.4,36.4,36.4,36.4,23127.35724554,841835.80373766
2026-06-14 15:15:00,36.6,36.6,36.4,36.6,14677.55725491,537035.6464939
2026-06-14 15:30:00,36.6,36.6,36.3,36.3,29125.2389792,1057875.0687516
2026-06-14 15:45:00,36.4,36.6,36.4,36.6,12588.65767893,458787.90370038
2026-06-14 16:00:00,36.5,36.5,36.5,36.5,1498.2622363,54686.57162495
2026-06-14 16:15:00,36.5,36.5,36.5,36.5,9849.79657621,359517.57503167
2026-06-14 16:30:00,36.6,36.6,36.3,36.3,31449.0,1143331.68739091
2026-06-14 16:45:00,36.3,36.3,36.3,36.3,146727.98959636,5326226.02234787
2026-06-14 17:00:00,36.3,36.6,36.3,36.6,38098.21422952,1383253.39999889
2026-06-14 17:30:00,36.6,36.6,36.6,36.6,49.0,1793.4
2026-06-14 17:45:00,36.6,36.6,36.3,36.3,17336.61202185,629359.99999971
2026-06-14 18:00:00,36.3,36.5,36.0,36.5,455221.89980588,16428600.19509872
2026-06-14 18:15:00,36.3,36.5,36.0,36.4,200275.03376015,7231101.64936162
2026-06-14 18:30:00,36.3,36.3,36.2,36.2,23309.64187327,844359.9999997
2026-06-14 18:45:00,36.4,36.9,36.3,36.8,301722.63850858,11059114.05262601
2026-06-14 19:00:00,36.8,36.8,36.4,36.7,124322.04279462,4548344.59931507
2026-06-14 19:15:00,36.6,36.7,36.6,36.6,23196.72131147,850272.62411994
2026-06-14 19:45:00,36.5,36.5,36.5,36.5,20146.82379171,735359.06839742
2026-06-14 20:00:00,36.6,36.6,36.5,36.6,1881.36104764,68774.31823886
2026-06-14 20:15:00,36.6,36.6,36.3,36.3,497482.88261494,18138124.01584109
2026-06-14 20:30:00,36.2,36.2,36.2,36.2,151474.81091608,5483388.1551621
2026-06-14 21:00:00,36.4,36.4,36.3,36.3,61894.2234091,2252588.52086956
2026-06-14 21:15:00,36.5,36.6,36.5,36.6,35172.9109589,1286292.9059636
2026-06-14 21:30:00,36.5,36.6,36.4,36.4,488345.31053862,17849245.19896077
2026-06-14 21:45:00,36.5,36.7,36.4,36.7,49788.22232719,1816558.29607672
2026-06-14 22:00:00,36.5,36.5,36.5,36.5,5479.45205478,199999.99999947
2026-06-14 22:15:00,36.5,36.6,36.4,36.4,378095.62787394,13800546.051157
2026-06-14 22:30:00,36.4,36.5,36.4,36.5,117336.7614406,4276285.45315262
2026-06-14 23:15:00,36.4,36.4,36.4,36.4,51782.16434773,1884870.78225737
2026-06-14 23:30:00,36.3,36.3,36.0,36.1,242389.5410198,8758857.75900432
2026-06-14 23:45:00,36.0,36.0,35.8,35.8,187786.58752258,6751301.46872775
2026-06-15 00:00:00,35.8,35.8,35.6,35.7,495716.2386991,17725637.39957897
2026-06-15 00:15:00,35.7,35.7,35.6,35.7,35684.64726086,1273924.70123797
2026-06-15 00:30:00,35.6,35.9,35.6,35.8,20896.8887627,747159.26011457
2026-06-15 01:30:00,35.9,35.9,35.9,35.9,20391.6964331,732061.90194829
2026-06-15 02:00:00,35.8,35.8,35.8,35.8,6177.99751212,221172.3109339
2026-06-15 02:15:00,35.8,35.8,35.6,35.6,153836.19309011,5486735.33750715
2026-06-15 03:15:00,35.6,35.6,35.6,35.6,137398.03693231,4891370.11479024
2026-06-15 03:30:00,35.5,35.5,35.0,35.1,715930.93357017,25242571.3890982
2026-06-15 04:00:00,35.0,35.0,35.0,35.0,407.37258951,14258.04063285
2026-06-15 04:30:00,35.1,35.5,35.1,35.5,912157.34443408,32262317.27534614
2026-06-15 04:45:00,35.5,35.6,35.5,35.6,74437.29333583,2644047.64275555
2026-06-15 05:00:00,35.7,36.1,35.7,35.7,515243.28477673,18472159.99620381
2026-06-15 05:15:00,35.6,35.6,35.4,35.4,118638.78972643,4218475.12694823
2026-06-15 05:30:00,35.5,35.5,35.4,35.5,55195.64053025,1954193.88412788
2026-06-15 05:45:00,35.7,35.7,35.7,35.7,11587.49667002,413673.63111971
2026-06-15 06:00:00,35.5,35.5,35.5,35.5,4266.73720853,151469.17090282
2026-06-15 06:15:00,35.5,35.7,35.5,35.7,48320.23718216,1724985.81943945
2026-06-15 06:30:00,35.7,36.3,35.7,36.2,139093.34961579,5001209.56422683
2026-06-15 06:45:00,36.3,36.5,36.1,36.4,81923.97959065,2983710.21042404
2026-06-15 07:00:00,36.4,36.6,36.4,36.5,58020.90186175,2117245.8277298
2026-06-15 07:15:00,36.6,36.8,36.5,36.7,113075.76062512,4149046.70120655
2026-06-15 07:30:00,36.8,36.8,36.8,36.8,20920.38495969,769870.16651659
2026-06-15 07:45:00,36.8,36.9,36.7,36.7,71427.7014409,2630002.5999259
2026-06-15 08:00:00,36.8,37.0,36.8,37.0,212286.91320185,7841991.51525506
2026-06-15 08:30:00,37.0,37.0,36.9,37.0,218739.92142764,8092653.64778177
2026-06-15 08:45:00,37.1,37.3,36.8,37.2,410952.62633343,15250759.19726641
2026-06-15 09:00:00,37.3,37.3,36.9,37.2,603263.31827697,22274620.44623926
2026-06-15 09:15:00,37.2,37.2,36.3,36.4,350716.27899956,12842060.21406562
2026-06-15 09:30:00,36.4,36.5,36.1,36.5,311124.75153394,11290208.25140009
2026-06-15 09:45:00,36.4,36.9,36.2,36.9,186592.9201931,6794630.06861144
2026-06-15 10:00:00,36.9,36.9,36.2,36.2,185475.79694041,6760141.79764544
2026-06-15 10:15:00,36.2,36.7,36.2,36.7,229365.8352371,8398877.76319223
2026-06-15 10:30:00,36.6,36.6,36.4,36.5,20459.1090725,746808.54703009
2026-06-15 10:45:00,36.5,36.7,36.4,36.7,141336.21025903,5173140.45858966
2026-06-15 11:00:00,36.5,36.5,36.4,36.4,42381.01767777,1546036.04683783
2026-06-15 11:15:00,36.4,36.6,36.4,36.6,52372.89281342,1910937.95056574
2026-06-15 11:30:00,36.4,36.6,36.4,36.5,65991.97984268,2407917.07686521
2026-06-15 11:45:00,36.4,36.6,36.3,36.6,76866.3964064,2794656.43898255
2026-06-15 12:00:00,36.6,36.6,36.4,36.4,52751.9253353,1920213.56089344
2026-06-15 12:15:00,36.4,36.6,36.4,36.6,100472.54588203,3659719.09243977
2026-06-15 12:30:00,36.6,36.6,36.5,36.6,75790.68578633,2770434.09294908
2026-06-15 12:45:00,36.6,36.7,36.6,36.7,421002.77968686,15414220.75632074
2026-06-15 13:00:00,36.6,36.6,36.4,36.4,243954.62260432,8925277.55256099
2026-06-15 13:15:00,36.6,36.6,36.5,36.6,5013.19631898,183044.62911028
2026-06-15 13:30:00,36.5,36.6,36.4,36.6,54648.52269663,1989490.21318365
2026-06-15 13:45:00,36.6,36.6,36.4,36.4,8656.17728946,315113.37355492
2026-06-15 14:00:00,36.6,36.6,36.3,36.3,264404.53435809,9613032.70126707
2026-06-15 14:15:00,36.3,36.5,36.3,36.3,185811.732263,6744975.8811469
2026-06-15 14:30:00,36.5,36.7,36.5,36.7,227053.93134336,8302974.4356291
2026-06-15 14:45:00,36.7,36.7,36.5,36.7,4935.97262365,180712.99091488
2026-06-15 15:00:00,36.7,36.7,36.7,36.7,1361.71696168,49975.01249366
2026-06-15 15:15:00,36.7,36.7,36.5,36.5,17180.29128769,628979.24371731
2026-06-15 15:30:00,36.7,36.7,36.6,36.6,8405.68448677,307680.67891878
2026-06-15 15:45:00,36.7,36.7,36.5,36.6,12857.43106188,470073.35071405
2026-06-15 16:00:00,36.5,36.5,36.3,36.4,446320.626775,16259395.84028255
2026-06-15 16:15:00,36.3,36.5,36.3,36.5,139645.91677418,5084034.80239474
2026-06-15 16:30:00,36.5,36.5,36.4,36.4,88067.86757223,3212736.76544877
2026-06-15 16:45:00,36.4,36.5,36.4,36.5,24014.96393689,874149.6873028
2026-06-15 17:00:00,36.4,36.5,36.4,36.5,129275.21135677,4705727.28242752
2026-06-15 17:15:00,36.4,36.4,36.3,36.4,165086.16992803,5998437.14866944
2026-06-15 17:30:00,36.3,36.4,36.2,36.4,81581.96597915,2955076.67388292
2026-06-15 17:45:00,36.4,36.4,36.2,36.3,74449.36724664,2695718.95493443
2026-06-15 18:00:00,36.4,36.4,36.2,36.2,26828.79341561,971212.12164508
2026-06-15 18:15:00,36.2,36.2,36.2,36.2,127311.88267533,4608690.15284695
2026-06-15 18:30:00,36.1,36.2,36.1,36.1,57546.04454975,2081933.74305868
2026-06-15 18:45:00,36.3,36.3,36.3,36.3,49.0,1778.7
2026-06-15 19:00:00,36.3,36.3,36.3,36.3,23430.73480663,850535.67348067
2026-06-15 19:15:00,36.3,36.4,36.3,36.3,816.00601774,29648.49097143
2026-06-15 19:30:00,36.3,36.4,36.3,36.3,179631.70760296,6520635.88598745
2026-06-15 19:45:00,36.3,36.6,36.3,36.5,118687.51875943,4318851.69901841
2026-06-15 20:00:00,36.5,36.5,36.4,36.4,102729.85044424,3745503.00077636
2026-06-15 20:15:00,36.6,36.7,36.6,36.7,327761.82591983,12017195.24118925
2026-06-15 20:30:00,36.8,36.9,36.8,36.8,76157.72153548,2808877.60418777
2026-06-15 20:45:00,36.8,37.0,36.7,37.0,69808.69616728,2573898.1772637
2026-06-15 21:00:00,37.0,37.0,36.7,37.0,108046.23767011,3972352.73902463
2026-06-15 21:15:00,37.0,37.0,36.7,36.8,383393.7080813,14100780.10294661
2026-06-15 21:30:00,36.8,36.8,36.6,36.6,122152.18891808,4482595.39754204
2026-06-15 21:45:00,36.6,36.6,36.5,36.6,365958.76143003,13368995.71382211
2026-06-15 22:00:00,36.6,36.7,36.6,36.7,83705.2739921,3067358.69206362
2026-06-15 22:15:00,36.7,36.9,36.6,36.7,713135.92296794,26237118.02906213
2026-06-15 22:30:00,36.9,36.9,36.7,36.9,577444.56844916,21235821.81721
2026-06-15 22:45:00,36.9,37.1,36.9,37.1,278795.16288405,10305000.37805457
2026-06-15 23:00:00,36.9,37.1,36.9,37.1,97563.65108702,3607081.77812496
2026-06-15 23:15:00,37.1,37.2,37.1,37.1,250899.69525062,9325062.8642281
2026-06-15 23:30:00,37.1,37.6,37.1,37.2,360326.62525278,13421043.13107991
2026-06-15 23:45:00,37.2,37.5,37.2,37.3,50456.01925651,1888848.93437424
2026-06-16 00:00:00,37.3,37.3,37.3,37.3,45808.03313593,1708639.63597019
2026-06-16 00:15:00,37.3,37.6,37.3,37.6,175899.46377318,6601941.16032345
2026-06-16 00:30:00,37.5,37.6,37.3,37.6,27146.07083414,1012860.78278008
2026-06-16 00:45:00,37.5,37.6,37.2,37.6,251786.11279708,9378954.27367946
2026-06-16 01:00:00,37.6,37.6,37.6,37.6,996.07111337,37452.27386271
2026-06-16 01:15:00,37.5,37.5,37.5,37.5,31758.93199998,1190959.94999925
2026-06-16 01:30:00,37.6,37.6,37.5,37.5,29790.74072623,1117157.27723363
2026-06-16 01:45:00,37.4,37.4,37.2,37.2,76844.6501305,2869115.23469422
2026-06-16 02:00:00,37.5,37.5,37.3,37.5,5237.72728876,195424.22787075
2026-06-16 02:30:00,37.3,37.4,37.3,37.4,18196.76210486,679558.90272176
2026-06-16 02:45:00,37.4,37.4,37.4,37.4,25653.72108466,959449.16856628
2026-06-16 03:00:00,37.4,37.4,37.4,37.4,19294.83673632,721626.89393837
2026-06-16 03:15:00,37.3,37.3,37.3,37.3,29849.26956088,1113377.75462082
2026-06-16 03:30:00,37.3,37.3,37.0,37.0,144593.73127436,5366220.67529337
2026-06-16 03:45:00,37.2,37.2,37.2,37.2,87216.47988598,3244453.05175846
2026-06-16 04:15:00,37.4,37.4,37.1,37.4,47004.10204527,1746135.36281652
2026-06-16 04:30:00,37.2,37.5,37.0,37.5,206295.60045245,7681939.76733031
2026-06-16 04:45:00,37.5,37.5,37.5,37.5,533.33333333,19999.99999988
2026-06-16 05:00:00,37.4,37.4,37.4,37.4,29641.31267699,1108585.09411943
2026-06-16 05:15:00,37.5,37.5,37.5,37.5,259.74025974,9740.25974025
2026-06-16 05:30:00,37.5,37.5,37.5,37.5,8000.0,300000.0
2026-06-16 05:45:00,37.3,37.3,37.1,37.1,29098.72141677,1081730.91065773
2026-06-16 06:00:00,37.1,37.2,36.8,37.2,124838.9574894,4621841.03707884
2026-06-16 06:15:00,36.9,37.1,36.9,37.1,24351.12779503,902634.53509548
2026-06-16 06:30:00,37.1,37.2,36.9,36.9,108482.72425229,4014664.4988325
2026-06-16 06:45:00,37.0,37.0,37.0,37.0,544.89189188,20160.99999956
2026-06-16 07:00:00,37.0,37.0,36.9,36.9,44759.88435515,1652556.96868164
2026-06-16 07:15:00,36.9,36.9,36.9,36.9,53001.45112011,1955753.54633206
2026-06-16 07:30:00,36.9,37.0,36.8,37.0,278579.09018962,10257203.51751097
2026-06-16 07:45:00,36.9,36.9,36.8,36.8,144790.04437985,5332012.61644594
2026-06-16 08:00:00,36.8,36.9,36.8,36.9,214178.6709516,7881784.89101888
2026-06-16 08:15:00,36.9,36.9,36.9,36.9,8135.61887363,300204.33643695
2026-06-16 08:30:00,36.9,37.2,36.8,37.2,304655.60365617,11278609.94703118
2026-06-16 08:45:00,37.3,37.4,37.2,37.4,92896.12341186,3470153.10043148
2026-06-16 09:00:00,37.5,37.6,37.1,37.2,218687.12180005,8180961.53936631
2026-06-16 09:15:00,37.0,37.2,37.0,37.0,100334.89052212,3713415.79083537
2026-06-16 09:30:00,37.1,37.2,37.1,37.2,21466.06312325,796660.48365155
2026-06-16 09:45:00,37.3,37.4,37.2,37.4,78828.61769236,2933578.66676183
2026-06-16 10:00:00,37.3,37.3,37.3,37.3,5241.47453083,195506.99999996
2026-06-16 10:15:00,37.3,37.3,37.1,37.1,133374.29554108,4953897.29157615
2026-06-16 10:30:00,37.1,37.1,37.1,37.1,133073.78061814,4937037.26093299
2026-06-16 10:45:00,37.3,37.3,37.3,37.3,6835.7908847,254974.99999931
2026-06-16 11:00:00,37.2,37.2,37.0,37.0,165059.85844349,6116328.68763654
2026-06-16 11:15:00,37.0,37.0,36.8,37.0,561511.62628901,20685603.87633319
2026-06-16 11:30:00,36.9,36.9,36.6,36.6,389274.85564067,14275191.67098386
2026-06-16 11:45:00,36.6,36.6,36.6,36.6,117989.5819672,4318418.69999952
2026-06-16 12:00:00,36.6,36.7,36.5,36.7,18144.28126418,663844.10773272
2026-06-16 12:15:00,36.6,37.0,36.6,37.0,15020.54206058,550441.36804025
2026-06-16 12:30:00,37.0,37.0,36.8,37.0,28420.17117116,1051439.66666625
2026-06-16 12:45:00,37.0,37.3,37.0,37.3,297875.52475317,11079059.10248652
2026-06-16 13:00:00,37.1,37.1,37.0,37.0,55318.81702244,2048498.16878442
2026-06-16 13:15:00,36.9,36.9,36.7,36.7,205647.96937792,7565364.24322441
2026-06-16 13:30:00,36.7,36.7,36.6,36.6,159396.94500369,5835165.11744496
2026-06-16 13:45:00,36.5,36.6,36.5,36.5,1079081.72710326,39386624.93826485
2026-06-16 14:00:00,36.5,36.7,36.3,36.4,281215.56625153,10229127.08014327
2026-06-16 14:15:00,36.5,36.5,36.5,36.5,6392.96524509,233343.23144579
2026-06-16 14:30:00,36.5,36.6,36.5,36.6,449.35155373,16416.26686652
2026-06-16 14:45:00,36.5,36.6,36.4,36.6,214809.51949246,7848659.18198591
2026-06-16 15:00:00,36.7,36.7,36.6,36.6,88745.67040067,3248908.97535662
2026-06-16 15:15:00,36.7,36.7,36.7,36.7,13185.68813413,483914.75452257
2026-06-16 15:30:00,36.7,36.7,36.3,36.4,732045.04775421,26693885.26876796
2026-06-16 15:45:00,36.4,36.6,36.4,36.6,29548.40427197,1075741.63334428
2026-06-16 16:00:00,36.6,36.6,36.5,36.5,76128.13461458,2785365.51247588
2026-06-16 16:15:00,36.5,36.7,36.3,36.4,552546.89448342,20088294.96021225
2026-06-16 16:30:00,36.4,36.5,36.4,36.4,100839.1694471,3672267.78705252
2026-06-16 16:45:00,36.5,36.7,36.5,36.7,37895.86067158,1385945.92699094
2026-06-16 17:00:00,36.5,36.7,36.4,36.7,166954.56149553,6095086.18293562
2026-06-16 17:15:00,36.7,36.9,36.6,36.6,35676.01897018,1309120.37904811
2026-06-16 17:30:00,36.8,36.9,36.6,36.9,298688.33563813,11012510.38813037
2026-06-16 17:45:00,36.9,37.0,36.7,37.0,130095.96780158,4799158.97673631
2026-06-16 18:00:00,37.0,37.0,37.0,37.0,354858.30972464,13129757.45981168
2026-06-16 18:15:00,37.1,37.1,36.7,36.7,400351.35808732,14707322.85699063
2026-06-16 18:30:00,36.8,36.8,36.8,36.8,45430.73354627,1671850.99450274
2026-06-16 18:45:00,36.7,36.8,36.7,36.8,47357.89017886,1739341.19999894
2026-06-16 19:00:00,36.8,36.8,36.6,36.6,41279.23195119,1512070.62443324
2026-06-16 19:15:00,36.8,36.8,36.5,36.5,110279.28479025,4034972.9603241
2026-06-16 19:30:00,36.7,36.7,36.7,36.7,267.37967914,9812.83422444
2026-06-16 20:00:00,36.7,36.7,36.6,36.6,41192.29771896,1510370.36354391
2026-06-16 20:15:00,36.7,36.7,36.5,36.5,175318.50268122,6433456.35085309
2026-06-16 20:30:00,36.5,36.6,36.5,36.6,171590.97966228,6267375.56538151
2026-06-16 20:45:00,36.5,36.8,36.5,36.8,137589.0,5022013.5
2026-06-16 21:00:00,36.6,37.0,36.4,36.4,528029.97888326,19351995.58332127
2026-06-16 21:15:00,36.7,36.7,36.3,36.6,162100.34559747,5890504.50246976
2026-06-16 21:30:00,36.6,36.8,36.6,36.8,191587.47260245,7012191.56399864
2026-06-16 21:45:00,36.7,36.7,36.5,36.6,228116.36308948,8333086.70175159
2026-06-16 22:00:00,36.6,36.7,36.5,36.5,31893.86714262,1165318.55356479
2026-06-16 22:15:00,36.5,36.7,36.4,36.7,42925.96342564,1565009.91553684
2026-06-16 22:30:00,36.5,36.6,36.4,36.4,221339.62404081,8056831.21119528
2026-06-16 22:45:00,36.6,36.6,36.6,36.6,136.72131147,5003.9999998
2026-06-16 23:00:00,36.5,36.6,36.5,36.6,19718.03639911,720623.11212912
2026-06-16 23:15:00,36.5,36.5,36.5,36.5,102299.0691828,3733916.0251722
2026-06-16 23:30:00,36.4,36.4,36.3,36.3,81016.14837051,2942948.20290132
2026-06-16 23:45:00,36.4,36.5,36.3,36.3,219134.08257765,7956095.77388963
2026-06-17 00:00:00,36.4,36.5,36.4,36.4,67058.77323293,2441673.18359065
2026-06-17 00:15:00,36.5,36.9,36.5,36.5,321664.7580029,11747008.89347497
2026-06-17 00:30:00,36.7,36.7,36.7,36.7,139.72602739,5127.94520521
2026-06-17 00:45:00,36.5,36.8,36.5,36.6,72799.1825613,2661374.99999971
2026-06-17 01:00:00,36.8,36.8,36.6,36.6,23290.23522015,852432.66325359
2026-06-17 01:15:00,36.7,36.7,36.7,36.7,1850.0,67895.0
2026-06-17 01:30:00,36.5,36.7,36.2,36.5,470690.87869764,17140463.37031353
2026-06-17 01:45:00,36.6,36.6,36.4,36.6,6751.7076836,245799.72725061
2026-06-17 02:00:00,36.4,36.6,36.4,36.6,19250.0,700710.0
2026-06-17 02:45:00,36.4,36.4,36.4,36.4,8217.7049568,299124.46042752
2026-06-17 03:00:00,36.5,36.5,36.4,36.4,19885.94233461,724865.92237672
2026-06-17 03:15:00,36.4,36.4,36.4,36.4,9800.0,356720.0
2026-06-17 03:30:00,36.4,36.6,36.4,36.6,6993.37868524,255823.73062476
2026-06-17 03:45:00,36.5,36.5,36.5,36.5,5163.966521,188484.7780165
2026-06-17 04:00:00,36.5,36.5,36.5,36.5,9122.547945,332972.9999925
2026-06-17 04:45:00,36.5,36.5,36.5,36.5,42810.34980898,1562577.76802777
2026-06-17 05:30:00,36.5,36.7,36.5,36.7,12385.17073898,452098.83343177
2026-06-17 05:45:00,36.7,36.7,36.7,36.7,67212.60623094,2466702.6486755
2026-06-17 06:00:00,36.6,36.8,36.5,36.7,379601.38930539,13882311.56126598
2026-06-17 06:15:00,36.7,36.8,36.7,36.7,54595.91280653,2003679.99999965
2026-06-17 06:30:00,36.5,36.5,36.5,36.5,41719.69233286,1522768.77014939
2026-06-17 06:45:00,36.7,36.7,36.7,36.7,330.0,12111.0
2026-06-17 07:15:00,36.8,36.9,36.8,36.9,161.0,5924.86782
2026-06-17 07:30:00,36.8,36.9,36.8,36.9,247.512689,9113.4669552
2026-06-17 07:45:00,36.7,36.9,36.7,36.9,2956.55757922,108968.82232031
2026-06-17 08:00:00,36.7,37.1,36.7,37.1,122872.84184458,4522152.70812759
2026-06-17 08:15:00,36.9,37.2,36.9,37.2,148332.47235857,5499878.72609473
2026-06-17 08:30:00,37.2,37.2,37.1,37.1,109776.11345038,4075396.3018487
2026-06-17 08:45:00,37.1,37.1,36.9,36.9,307339.54029235,11371777.37272964
2026-06-17 09:00:00,36.8,36.8,36.5,36.8,278260.03374965,10202303.21273764
2026-06-17 09:15:00,36.5,36.7,36.4,36.6,160597.49861314,5869547.2865015
2026-06-17 09:30:00,36.6,36.6,36.5,36.6,49686.0892946,1818037.57926623
2026-06-17 09:45:00,36.6,36.7,36.5,36.7,76091.24256493,2782264.96035345
2026-06-17 10:00:00,36.5,36.5,36.4,36.4,264497.42401003,9646552.12620538
2026-06-17 10:15:00,36.4,36.5,36.4,36.5,45570.51210167,1658771.64050079
2026-06-17 10:30:00,36.5,36.5,36.4,36.4,312763.9403933,11406008.28203467
2026-06-17 10:45:00,36.4,36.6,36.4,36.5,34073.4667866,1242718.38369145
2026-06-17 11:00:00,36.6,36.7,36.5,36.7,43334.69828021,1585763.09348315
2026-06-17 11:15:00,36.6,36.7,36.5,36.7,65278.08036642,2388796.58807092
2026-06-17 11:30:00,36.7,36.7,36.5,36.5,31984.30718185,1167959.59861182
2026-06-17 11:45:00,36.7,36.7,36.4,36.7,258281.59363095,9441823.19279142
2026-06-17 12:00:00,36.6,37.0,36.6,36.9,256712.94075463,9415637.06058673
2026-06-17 12:30:00,36.8,36.9,36.6,36.6,345387.60307984,12691663.58355129
2026-06-17 12:45:00,36.7,36.7,36.7,36.7,250.0,9175.0
2026-06-17 13:00:00,36.6,36.7,36.5,36.7,185637.42629418,6777926.43410887
2026-06-17 13:15:00,36.5,36.7,36.5,36.7,28658.77463175,1046327.43770457
2026-06-17 13:45:00,36.5,36.7,36.5,36.7,22048.66548263,804786.290116
2026-06-17 14:00:00,36.6,36.6,36.6,36.6,34000.0,1244400.0
2026-06-17 14:15:00,36.5,36.6,36.5,36.5,123612.30425406,4511875.8432411
2026-06-17 14:30:00,36.8,36.8,36.8,36.8,321.73913043,11839.99999982
2026-06-17 15:15:00,36.6,36.6,36.6,36.6,2818.61312088,103161.24022421
2026-06-17 15:30:00,36.6,36.8,36.6,36.8,16807.8281336,617985.42273324
2026-06-17 15:45:00,36.8,36.8,36.8,36.8,1545.15133737,56861.56921522
2026-06-17 16:00:00,36.6,36.8,36.5,36.8,64266.36038475,2346854.34470731
2026-06-17 16:15:00,36.7,36.7,36.7,36.7,272.47956403,9999.9999999
2026-06-17 16:30:00,36.7,36.7,36.4,36.7,86063.66165668,3141348.7037703
2026-06-17 17:00:00,36.6,36.6,36.6,36.6,2654.96284116,97171.63998646
2026-06-17 17:15:00,36.6,36.6,36.6,36.6,106975.27433236,3915295.04056438
2026-06-17 17:30:00,36.7,36.7,36.4,36.4,245427.92134524,8959386.45451427
2026-06-17 17:45:00,36.4,36.6,36.2,36.4,488170.86045574,17743402.66734537
2026-06-17 18:00:00,36.4,36.4,36.1,36.2,164888.41865556,5965557.68122959
2026-06-17 18:15:00,36.2,36.4,36.1,36.4,124520.15828085,4508035.79711734
2026-06-17 18:30:00,36.3,36.4,35.9,35.9,752974.00361118,27153656.9354294
2026-06-17 18:45:00,35.9,36.1,35.9,36.0,60607.802842,2183540.79946212
2026-06-17 19:00:00,36.1,36.1,36.1,36.1,145537.35829149,5253898.63432279
2026-06-17 19:15:00,36.2,36.3,35.9,36.3,411043.7937498,14806997.82533442
2026-06-17 19:30:00,36.1,36.3,36.1,36.3,6227.7641194,224886.28471034
2026-06-17 19:45:00,36.1,36.3,36.1,36.3,27051.19339097,981752.1345252
2026-06-17 20:00:00,36.3,36.3,36.2,36.2,141813.20620223,5141970.17774387
2026-06-17 20:15:00,36.2,36.2,36.1,36.1,35328.8139,1277993.17515906
2026-06-17 20:45:00,36.1,36.1,36.0,36.0,138316.01472761,4992407.88213095
2026-06-17 21:00:00,36.0,36.1,35.9,36.1,319250.87182099,11483297.80073708
2026-06-17 21:15:00,36.0,36.3,36.0,36.3,130354.53031887,4707235.77803642
2026-06-17 21:45:00,36.1,36.2,36.1,36.2,55894.47249444,2018795.19624321
2026-06-17 22:00:00,36.2,36.3,36.1,36.1,2220513.56870089,80166333.25333723
2026-06-17 22:15:00,36.2,36.4,36.2,36.3,198285.7459968,7178273.34609333
2026-06-17 22:30:00,36.2,36.3,36.2,36.3,4136.30427262,150047.50117022
2026-06-17 22:45:00,36.3,36.4,36.3,36.4,12744.916901,462645.56971401
2026-06-17 23:00:00,36.4,36.4,36.4,36.4,4064.752747,147956.9999908
2026-06-17 23:15:00,36.3,36.4,36.3,36.4,456.09513757,16561.25349379
2026-06-17 23:30:00,36.3,36.3,36.2,36.2,21157.84213155,767269.69892295
2026-06-17 23:45:00,36.2,36.2,36.2,36.2,3038.67403316,110000.00000039
2026-06-18 00:00:00,36.3,36.3,36.3,36.3,828.72928177,30082.87292825
2026-06-18 00:45:00,36.3,36.3,36.3,36.3,8782.96288264,318821.55263983
2026-06-18 01:00:00,36.4,36.6,36.4,36.5,29128.46445955,1061530.65077097
2026-06-18 01:15:00,36.6,36.8,36.6,36.8,52908.96530601,1936668.13019997
2026-06-18 01:30:00,36.6,36.6,36.6,36.6,20000.0,732000.0
2026-06-18 01:45:00,36.6,36.7,36.6,36.7,17459.32519462,639396.71704506
2026-06-18 02:00:00,36.6,36.6,36.6,36.6,29966.21846178,1096763.59570115
2026-06-18 02:15:00,36.7,36.8,36.7,36.8,27334.33923365,1003175.24987496
2026-06-18 02:30:00,36.8,36.8,36.5,36.5,32817.25658908,1199215.04247814
2026-06-18 02:45:00,36.7,36.7,36.7,36.7,50.0,1835.0
2026-06-18 03:00:00,36.8,36.8,36.5,36.8,6764.14773675,246921.39239138
2026-06-18 03:15:00,36.6,36.6,36.6,36.6,14466.98308746,529491.58100104
2026-06-18 03:30:00,36.6,36.8,36.5,36.8,23088.23257918,843106.90587821
2026-06-18 03:45:00,36.8,36.8,36.8,36.8,7868.6200378,289565.21739104
2026-06-18 04:30:00,36.5,36.5,36.5,36.5,35279.72287966,1287709.88510759
2026-06-18 04:45:00,36.4,36.4,36.2,36.2,245564.79615951,8898346.68697447
2026-06-18 05:00:00,36.2,36.3,36.2,36.3,37963.0,1374260.69586944
2026-06-18 05:15:00,36.2,36.3,36.2,36.3,15680.15469613,567626.59999991
2026-06-18 05:45:00,36.2,36.3,36.1,36.2,76509.87631352,2769693.38954275
2026-06-18 06:00:00,36.3,36.4,36.1,36.4,42554.46768385,1539093.22981582
2026-06-18 06:15:00,36.4,36.4,36.4,36.4,140.1098901,5099.99999964
2026-06-18 06:30:00,36.2,36.4,36.1,36.4,15498.20014108,559598.92449592
2026-06-18 06:45:00,36.2,36.4,36.1,36.3,302177.88497793,10909884.32312542
2026-06-18 07:00:00,36.2,36.3,36.1,36.3,28453.78674137,1029563.58169073
2026-06-18 07:15:00,36.2,36.3,36.2,36.3,5611.95868655,203157.90445311
2026-06-18 07:30:00,36.3,36.3,36.3,36.3,4853.88159914,176195.90204878
2026-06-18 07:45:00,36.3,36.3,36.3,36.3,180619.67538612,6556494.21651616
2026-06-18 08:00:00,36.4,36.5,36.4,36.4,53078.86040636,1932085.72488709
2026-06-18 08:15:00,36.3,36.3,36.3,36.3,181.818,6599.9934
2026-06-18 08:30:00,36.2,36.3,36.2,36.2,126132.05299973,4565985.31859023
2026-06-18 08:45:00,36.2,36.3,36.1,36.2,284080.05418313,10294494.91538154
2026-06-18 09:00:00,36.1,36.7,36.0,36.5,395130.59958242,14267369.75444995
2026-06-18 09:15:00,36.3,36.5,36.0,36.0,318627.55932943,11481764.55747163
2026-06-18 09:30:00,36.0,36.1,35.9,36.1,5982.19142161,215348.69117796
2026-06-18 09:45:00,36.1,36.1,36.1,36.1,69923.04401814,2524221.88905485
2026-06-18 10:00:00,36.1,36.3,36.1,36.3,48400.9481397,1751507.67530335
2026-06-18 10:15:00,36.2,36.3,36.2,36.3,132555.91939163,4798646.75197701
2026-06-18 10:30:00,36.2,36.3,36.2,36.3,65881.18965246,2384909.06541905
2026-06-18 10:45:00,36.1,36.3,36.1,36.3,92320.3476985,3332774.55191585
2026-06-18 11:15:00,36.1,36.1,36.0,36.1,122431.78945412,4413199.26934388
2026-06-18 11:30:00,36.1,36.1,35.9,35.9,794105.97834708,28543728.96137541
2026-06-18 11:45:00,36.0,36.1,35.7,36.1,581086.69848897,20813378.41523935
2026-06-18 12:15:00,36.1,36.1,35.9,35.9,73571.36975599,2646762.14044503
2026-06-18 12:30:00,36.0,36.1,35.6,35.7,483514.67024431,17293035.39292436
2026-06-18 12:45:00,35.7,35.9,35.7,35.9,34189.63585434,1220589.99999994
2026-06-18 13:00:00,35.9,35.9,35.7,35.9,26494.29262086,946072.6065847
2026-06-18 13:15:00,35.8,35.8,35.8,35.8,26417.32206522,945740.12993488
2026-06-18 13:30:00,35.7,35.8,35.7,35.7,151916.87384746,5423437.39635432
2026-06-18 13:45:00,35.8,35.8,35.6,35.6,16378.96638973,584615.27630158
2026-06-18 14:00:00,35.6,35.6,35.2,35.5,544244.39017999,19327101.65559173
2026-06-18 14:15:00,35.3,35.5,35.0,35.2,290217.31035286,10195419.29412082
2026-06-18 14:30:00,35.5,35.5,35.2,35.2,2865.90140846,100915.67520069
2026-06-18 14:45:00,35.4,35.5,35.3,35.3,9366.87845759,330682.16393003
2026-06-18 15:00:00,35.5,35.5,35.3,35.5,6067.93456129,214217.69001354
2026-06-18 15:15:00,35.3,35.5,35.3,35.4,54353.99183895,1925439.81473184
2026-06-18 15:30:00,35.4,35.5,35.2,35.5,80229.07164816,2827130.10797234
2026-06-18 16:00:00,35.4,35.5,35.3,35.5,88827.62591361,3136439.50091962
2026-06-18 16:15:00,35.3,35.5,35.3,35.5,865.0,30644.5
2026-06-18 16:30:00,35.5,35.5,35.5,35.5,819.17829113,29080.82933512
2026-06-18 16:45:00,35.4,35.5,35.4,35.5,28728.47033544,1016992.84987458
2026-06-18 17:00:00,35.5,35.5,35.5,35.5,49.0,1739.5
2026-06-18 17:15:00,35.5,35.6,35.4,35.5,38099.53560712,1351470.81544133
2026-06-18 17:30:00,35.4,35.5,35.4,35.5,425066.80573648,15059242.87281272
2026-06-18 17:45:00,35.5,35.5,35.5,35.5,47195.58087472,1675443.12105256
2026-06-18 18:00:00,35.6,35.6,35.5,35.6,17750.95774648,630169.00000004
2026-06-18 18:15:00,35.5,35.6,35.4,35.4,297891.34859873,10560877.00318344
2026-06-18 18:30:00,35.4,35.5,35.3,35.5,329728.60002141,11651918.69261902
2026-06-18 18:45:00,35.5,35.6,35.5,35.6,53173.56179774,1887680.49999955
2026-06-18 19:00:00,35.5,35.6,35.4,35.4,17203.94180543,610064.93409277
2026-06-18 19:15:00,35.6,35.6,35.6,35.6,50.0,1780.0
2026-06-18 19:30:00,35.4,35.4,35.4,35.4,138237.22764696,4893597.85870238
2026-06-18 19:45:00,35.4,35.6,35.4,35.4,13390.28388561,474026.04955059
2026-06-18 20:00:00,35.6,35.6,35.4,35.4,38137.33147627,1350071.53425996
2026-06-18 20:15:00,35.4,35.4,35.4,35.4,2884.61914294,102115.51766008
2026-06-18 20:30:00,35.4,35.4,35.3,35.3,107145.579116,3784825.99512463
2026-06-18 20:45:00,35.3,35.4,35.2,35.4,97072.26080624,3417521.28122798
2026-06-18 21:00:00,35.3,35.5,35.2,35.5,15629.1327241,551207.61719288
2026-06-18 21:15:00,35.3,35.5,35.3,35.4,8145.73650084,287572.68027965
2026-06-18 21:30:00,35.5,35.5,35.3,35.3,34092.72906022,1203493.33582577
2026-06-18 21:45:00,35.3,35.4,35.1,35.2,170720.94630647,6009554.69155128
2026-06-18 22:00:00,35.3,35.3,34.7,34.7,556054.56962796,19454645.68694758
2026-06-18 22:15:00,34.9,34.9,34.7,34.7,76714.27859997,2662052.58547053
2026-06-18 22:30:00,34.8,35.2,34.8,35.1,597614.86549555,20919897.20786634
2026-06-18 22:45:00,35.0,35.1,34.9,35.0,309298.11255146,10806170.2982922
2026-06-18 23:00:00,35.0,35.0,34.8,34.9,250069.0542927,8715751.2625347
2026-06-18 23:15:00,34.9,34.9,34.8,34.8,35000.0,1220000.0
2026-06-18 23:30:00,34.8,34.9,34.8,34.9,141369.04160485,4919647.64784878
2026-06-18 23:45:00,34.8,34.9,34.6,34.6,6535.25178243,226757.65093195
2026-06-19 00:00:00,34.7,34.8,34.6,34.6,178675.75873224,6191626.1231501
2026-06-19 00:15:00,34.5,34.5,34.1,34.4,458140.41216073,15727841.47967669
2026-06-19 00:30:00,34.4,34.4,33.6,33.7,397533.57650717,13510814.04089354
2026-06-19 00:45:00,33.7,34.0,33.1,33.3,586925.79865775,19690036.27510079
2026-06-19 01:00:00,33.6,34.3,33.4,34.3,317411.29057822,10819418.71159294
2026-06-19 01:15:00,34.1,34.3,34.0,34.3,50778.61980183,1730568.5459081
2026-06-19 01:30:00,34.2,34.4,34.2,34.4,65330.59453181,2236751.83102682
2026-06-19 01:45:00,34.2,34.3,33.9,33.9,21237.69742429,722979.13424054
2026-06-19 02:00:00,34.0,34.3,34.0,34.2,11766.84422814,401970.2287323
2026-06-19 02:15:00,34.3,34.3,34.2,34.2,18064.54263857,617812.35823909
2026-06-19 02:30:00,34.2,34.2,34.2,34.2,1985.45736143,67902.64176091
2026-06-19 02:45:00,34.2,34.2,33.9,33.9,118329.11713157,4029925.63199956
2026-06-19 03:45:00,34.1,34.1,33.9,33.9,38189.52785461,1298806.6348246
2026-06-19 04:00:00,33.9,33.9,33.9,33.9,25928.318584,878969.9999976
2026-06-19 04:30:00,34.1,34.1,34.1,34.1,50.0,1705.0
2026-06-19 04:45:00,34.1,34.2,33.9,34.2,33543.18499298,1146291.32474918
2026-06-19 05:00:00,34.3,34.3,34.3,34.3,503.49854226,17269.99999952
2026-06-19 05:15:00,34.3,34.6,34.3,34.5,119988.85987653,4126696.88167268
2026-06-19 05:30:00,34.5,34.9,34.5,34.9,82721.26675006,2859755.16614023
2026-06-19 05:45:00,34.4,34.4,34.4,34.4,29069.76744188,1000000.00000067
2026-06-19 06:00:00,34.9,34.9,34.4,34.6,24142.37400294,830750.58453158
2026-06-19 06:15:00,34.4,34.6,34.4,34.4,27030.89698755,929887.85637172
2026-06-19 06:30:00,34.5,34.7,34.1,34.6,69718.87444296,2389813.03761782
2026-06-19 06:45:00,34.3,34.8,34.3,34.7,115076.75207059,3959496.09171271
2026-06-19 07:00:00,34.6,34.9,34.3,34.3,5545.41982014,191689.38259758
2026-06-19 07:15:00,34.4,34.6,34.4,34.6,1387.68470109,47958.38261923
2026-06-19 07:30:00,34.6,34.7,34.6,34.7,95797.81328632,3319981.85984644
2026-06-19 07:45:00,34.7,34.9,34.6,34.9,21953.14476328,762228.06335055
2026-06-19 08:45:00,34.9,34.9,34.1,34.3,117149.18954462,4026654.07878955
2026-06-19 09:00:00,34.3,36.3,34.3,35.8,12282542.25305068,437734514.56691265
2026-06-19 09:15:00,35.8,35.8,34.4,34.8,5223368.61198653,183173945.53181332
2026-06-19 09:30:00,34.8,34.8,34.3,34.6,1441753.4568386,49750474.50981406
2026-06-19 09:45:00,34.6,34.8,34.6,34.6,299739.73245836,10409927.70161503
2026-06-19 10:00:00,34.6,34.7,34.2,34.2,1424565.11421469,49044681.70079961
2026-06-19 10:15:00,34.2,34.8,34.2,34.8,479202.09110493,16461536.66929816
2026-06-19 10:30:00,34.6,34.8,34.6,34.6,78558.6299151,2718234.00787329
2026-06-19 10:45:00,34.6,34.6,34.4,34.4,132864.99836627,4584425.59785994
2026-06-19 11:00:00,34.4,34.4,34.4,34.4,125660.83946154,4322732.87747698
2026-06-19 11:15:00,34.7,34.7,34.3,34.4,432424.18383187,14874705.82268855
2026-06-19 11:30:00,34.3,34.4,34.3,34.4,16313.73042865,561122.77644406
2026-06-19 11:45:00,34.4,34.4,34.3,34.3,419329.33867795,14411859.47406395
2026-06-19 12:00:00,34.3,34.7,34.3,34.7,74852.89596535,2585042.0820277
2026-06-19 12:15:00,34.4,34.6,34.2,34.3,483860.11929765,16605071.7135693
2026-06-19 12:30:00,34.3,34.3,34.0,34.0,690358.428473,23612334.27119321
2026-06-19 12:45:00,34.0,34.0,34.0,34.0,715092.7823807,24313154.6009438
2026-06-19 13:00:00,34.1,34.1,33.9,34.0,163354.24237822,5553392.03487587
2026-06-19 13:15:00,34.0,34.1,33.9,33.9,224735.70372706,7624883.66554031
2026-06-19 13:30:00,33.9,34.0,33.4,33.4,1779034.29281188,59765650.77050295
2026-06-19 13:45:00,33.3,33.5,33.2,33.3,585581.05705266,19498340.48028819
2026-06-19 14:00:00,33.2,33.3,33.0,33.0,786016.59938706,26024900.55143551
2026-06-19 14:15:00,33.2,33.3,33.0,33.1,291264.3339713,9655539.4832357
2026-06-19 14:30:00,33.1,33.3,33.0,33.0,584203.75744102,19283906.72917835
2026-06-19 14:45:00,33.2,33.4,33.1,33.4,24121.87599146,800916.95452039
2026-06-19 15:00:00,33.5,33.5,33.3,33.3,597.20054158,19930.59224848
2026-06-19 15:15:00,33.4,33.4,33.3,33.3,4753.32786397,158740.04481631
2026-06-19 15:30:00,33.4,33.4,33.3,33.4,56023.49712012,1865642.50918982
2026-06-19 15:45:00,33.4,33.6,33.4,33.6,151069.17201297,5066881.93932053
2026-06-19 16:00:00,33.5,33.6,33.5,33.6,68023.92733295,2280024.94899611
2026-06-19 16:15:00,33.6,33.7,33.5,33.7,28509.96402856,959364.10685257
2026-06-19 16:30:00,33.5,33.5,33.3,33.5,271707.91196376,9066043.59996527
2026-06-19 16:45:00,33.2,33.5,33.2,33.2,38049.01369278,1263242.5546003
2026-06-19 17:00:00,33.2,33.5,33.1,33.4,304909.8929399,10099931.30140002
2026-06-19 17:15:00,33.2,33.3,33.1,33.3,235787.97071791,7824885.60188088
2026-06-19 17:30:00,33.1,33.3,33.1,33.3,10969.18507713,363273.86306843
2026-06-19 17:45:00,33.1,33.2,33.1,33.2,302617.56086824,10016832.48393505
2026-06-19 18:00:00,33.2,33.2,33.2,33.2,185552.58221632,6160345.72958182
2026-06-19 18:15:00,33.1,33.2,33.1,33.1,157935.65497134,5227709.29882666
2026-06-19 18:30:00,33.1,33.2,33.1,33.2,115508.9251415,3825147.63599857
2026-06-19 18:45:00,33.3,33.3,33.2,33.2,11397.41958928,378784.52565684
2026-06-19 19:00:00,33.3,33.3,33.2,33.2,78499.04867831,2606173.46611989
2026-06-19 19:15:00,33.3,33.4,33.3,33.4,67676.2432286,2253639.99951238
2026-06-19 19:45:00,33.3,33.3,33.1,33.1,101680.29573952,3385030.7933201
2026-06-19 20:15:00,33.3,33.3,33.2,33.3,67617.55977574,2246070.30742737
2026-06-19 20:30:00,33.2,33.3,33.2,33.3,2797.56643355,92994.01295122
2026-06-19 20:45:00,33.2,33.3,33.1,33.1,24236.002728,803640.3905696
2026-06-19 21:00:00,33.3,33.3,33.1,33.1,10941.04950495,363178.07516374
2026-06-19 21:15:00,33.1,33.3,33.1,33.2,27497.24582011,912389.66122765
2026-06-19 21:30:00,33.3,33.3,33.3,33.3,12910.30608269,429913.19255358
2026-06-19 21:45:00,33.2,33.2,33.2,33.2,25977.78250965,862462.37932038
2026-06-19 22:00:00,33.2,33.3,33.2,33.3,188420.06338788,6272888.1108164
2026-06-19 22:15:00,33.4,33.4,33.3,33.4,40935.5015015,1363182.3501501
2026-06-19 22:30:00,33.4,33.6,33.4,33.6,83014.71617009,2779261.14931981
2026-06-19 22:45:00,33.6,33.7,33.4,33.7,90702.26926453,3052180.76265597
2026-06-19 23:00:00,33.8,33.8,33.7,33.7,20839.78982669,702315.81330189
2026-06-19 23:15:00,33.7,33.8,33.4,33.7,50249.37603768,1685418.42046433
2026-06-19 23:30:00,33.5,33.7,33.3,33.7,159383.9486926,5320167.44897999
2026-06-20 00:00:00,33.6,33.6,33.5,33.6,19893.6914532,666933.9999917
2026-06-20 00:15:00,33.6,33.6,33.6,33.6,14229.95128505,478126.36317768
2026-06-20 00:30:00,33.7,33.8,33.6,33.8,22554.74235955,758051.56107765
2026-06-20 01:00:00,33.7,33.7,33.7,33.7,10563.25701387,355981.76136742
2026-06-20 01:15:00,33.7,33.7,33.6,33.6,147018.235736,4945720.40087891
2026-06-20 01:30:00,33.6,33.6,33.6,33.6,7234.33923365,243073.79825064
2026-06-20 02:00:00,33.7,33.7,33.6,33.6,69013.77595864,2321567.68035561
2026-06-20 02:15:00,33.7,33.7,33.7,33.7,50.0,1685.0
2026-06-20 02:30:00,33.7,33.7,33.7,33.7,296.73590504,9999.99999985
2026-06-20 02:45:00,33.7,33.7,33.7,33.7,14836.79525221,499999.99999948
2026-06-20 03:00:00,33.7,33.7,33.7,33.7,1569.4169792,52889.35219904
2026-06-20 03:30:00,33.8,33.8,33.7,33.7,34948.78767125,1180972.82328825
2026-06-20 03:45:00,33.7,33.9,33.7,33.9,18123.2346579,610875.78246163
2026-06-20 04:30:00,33.7,33.8,33.7,33.8,17777.8167963,599422.21177836
2026-06-20 05:00:00,33.8,34.0,33.8,34.0,16627.46850762,562038.84491428
2026-06-20 05:15:00,33.9,34.1,33.9,34.1,13521.48480074,458408.74410181
2026-06-20 05:30:00,34.0,34.1,34.0,34.1,16502.27971014,561082.51014476
2026-06-20 05:45:00,34.0,34.1,33.9,34.1,130186.77331817,4424901.09386259
2026-06-20 06:00:00,34.1,34.2,34.1,34.2,243020.87307858,8301922.00528537
2026-06-20 06:15:00,34.3,34.5,34.3,34.3,192836.02528569,6618743.15567782
2026-06-20 06:30:00,34.4,34.4,34.4,34.4,7895.04306381,271589.48139506
2026-06-20 06:45:00,34.4,34.4,34.4,34.4,26305.306649,904902.5487256
2026-06-20 07:00:00,34.4,34.4,34.4,34.4,2405.2238372,82739.69999968
2026-06-20 07:15:00,34.4,34.5,34.4,34.5,49028.94347072,1687937.84527444
2026-06-20 07:30:00,34.4,34.4,34.1,34.2,95332.71769884,3257522.51244028
2026-06-20 07:45:00,34.2,34.3,34.2,34.3,27541.61570173,943137.6298466
2026-06-20 08:00:00,34.4,34.5,34.4,34.5,145565.75435642,5020612.36290433
2026-06-20 08:15:00,34.4,34.4,34.3,34.3,63768.11594203,2191055.24643834
2026-06-20 08:30:00,34.5,34.6,34.5,34.6,43687.2212245,1507296.08876699
2026-06-20 08:45:00,34.4,34.4,34.1,34.1,102512.80032882,3512246.86312531
2026-06-20 09:00:00,34.3,34.3,34.1,34.1,209854.14322958,7172933.03868577
2026-06-20 09:15:00,34.2,34.2,33.8,33.9,88035.67461332,2992436.28175059
2026-06-20 09:30:00,33.8,33.8,33.6,33.7,910665.16264406,30669386.96525346
2026-06-20 09:45:00,33.7,34.0,33.7,34.0,12537.7078461,424978.49687117
2026-06-20 10:30:00,34.0,34.0,34.0,34.0,882.35294115,29999.9999991
2026-06-20 10:45:00,33.9,33.9,33.8,33.8,76259.99997849,2582212.07366644
2026-06-20 11:00:00,33.7,33.9,33.6,33.9,237773.46776108,7993035.73370864
2026-06-20 11:15:00,33.9,33.9,33.6,33.9,61848.12218049,2081233.44779649
2026-06-20 12:15:00,33.6,33.6,33.4,33.4,348541.77221994,11658090.56256989
2026-06-20 12:30:00,33.4,33.4,33.4,33.4,1000.0,33400.0
2026-06-20 12:45:00,33.7,33.7,33.5,33.5,11501.97408937,387154.18431177
2026-06-20 13:00:00,33.8,33.8,33.5,33.8,4856.14930105,162757.58509323
2026-06-20 13:15:00,33.5,33.8,33.4,33.6,135748.42334592,4534993.38203115
2026-06-20 14:00:00,33.6,33.6,33.6,33.6,20088.87648436,674986.2498745
2026-06-20 14:15:00,33.5,33.7,33.5,33.7,393972.17706248,13227378.14942992
2026-06-20 14:30:00,33.7,33.7,33.7,33.7,178.04154302,5999.99999977
2026-06-20 14:45:00,33.6,33.7,33.6,33.7,114019.25912059,3831064.91060613
2026-06-20 15:00:00,33.7,33.7,33.4,33.6,268013.85428958,8997155.763957
2026-06-20 15:15:00,33.4,33.6,33.3,33.6,862952.47209256,28800168.32884402
2026-06-20 15:30:00,33.6,33.6,33.5,33.6,1658.28952089,55658.82640937
2026-06-20 15:45:00,33.5,33.6,33.5,33.5,18704.04600198,626590.54106633
2026-06-20 16:00:00,33.6,33.6,33.4,33.4,19616.08203846,655261.11502615
2026-06-20 16:15:00,33.4,33.6,33.3,33.6,309969.67405894,10331065.15621028
2026-06-20 16:30:00,33.6,33.6,33.5,33.6,105927.74454273,3550063.47086228
2026-06-20 16:45:00,33.6,33.6,33.5,33.6,20722.80317941,695927.31642653
2026-06-20 17:00:00,33.5,33.6,33.4,33.4,247607.9691949,8295300.64381031
2026-06-20 17:15:00,33.5,33.5,33.5,33.5,68632.87858513,2299201.43260186
2026-06-20 17:30:00,33.6,33.6,33.5,33.6,43121.67587634,1447888.30944502
2026-06-20 17:45:00,33.5,33.6,33.4,33.6,36499.20170319,1222292.49873419
2026-06-20 18:00:00,33.5,33.6,33.4,33.6,157372.70302037,5258323.3714071
2026-06-20 18:15:00,33.4,33.7,33.4,33.7,132331.28458609,4450730.06118176
2026-06-20 19:00:00,33.4,33.4,33.4,33.4,1000.0,33400.0
2026-06-20 19:15:00,33.6,33.7,33.6,33.7,10716.20955307,361115.42860513
2026-06-20 19:30:00,33.7,33.7,33.5,33.5,55579.33011327,1869507.52617381
2026-06-20 19:45:00,33.5,33.6,33.4,33.5,439771.70429293,14691987.65826958
2026-06-20 20:00:00,33.5,33.6,33.5,33.5,81120.08605087,2717553.44933999
2026-06-20 20:15:00,33.5,33.6,33.5,33.6,84948.54490784,2845791.47829324
2026-06-20 20:30:00,33.6,33.6,33.4,33.6,214729.1006531,7183038.39133987
2026-06-20 20:45:00,33.5,33.5,33.5,33.5,7800.0,261300.0
2026-06-20 21:00:00,33.5,33.5,33.5,33.5,1443.87507738,48369.81509223
2026-06-20 21:15:00,33.5,33.6,33.5,33.6,15934.69635119,533830.18490772
2026-06-20 21:30:00,33.5,33.6,33.5,33.6,30151.33531157,1010084.86646875
2026-06-20 22:00:00,33.6,33.6,33.6,33.6,30654.76190477,1030000.00000027
2026-06-20 22:15:00,33.7,33.7,33.7,33.7,2150.88757396,72484.91124245
2026-06-20 22:30:00,33.7,33.7,33.7,33.7,25936.88319045,874072.96351817
2026-06-20 23:00:00,33.6,33.6,33.5,33.5,36164.32153481,1215054.50951732
2026-06-20 23:15:00,33.5,33.5,33.5,33.5,20000.0,670000.0
2026-06-20 23:45:00,33.5,33.6,33.5,33.6,30155.57068925,1010367.30558988
2026-06-21 00:00:00,33.6,33.7,33.6,33.7,44116.40497144,1485039.04931697
2026-06-21 00:15:00,33.8,33.9,33.7,33.9,6669.48521022,224812.38207714
2026-06-21 00:30:00,33.8,33.9,33.8,33.9,7006.8126164,236845.22244605
2026-06-21 00:45:00,33.9,33.9,33.9,33.9,31042.41389629,1052337.83108423
2026-06-21 01:00:00,33.8,33.9,33.8,33.9,9421.83069713,319087.7085617
2026-06-21 01:15:00,33.8,34.0,33.8,33.8,47191.29156595,1595128.20336078
2026-06-21 01:30:00,34.0,34.0,34.0,34.0,46393.47973072,1577378.31084448
2026-06-21 01:45:00,33.8,34.0,33.7,34.0,9256.16634653,313201.37175835
2026-06-21 02:00:00,34.0,34.0,34.0,34.0,4685.39635124,159303.47594216
2026-06-21 02:30:00,33.9,33.9,33.9,33.9,294.98525073,9999.99999975
2026-06-21 02:45:00,33.7,33.7,33.7,33.7,45028.79946928,1517470.54211474
2026-06-21 03:00:00,33.7,33.9,33.7,33.9,37762.10089,1272582.83271211
2026-06-21 03:15:00,34.0,34.0,34.0,34.0,35474.01828497,1206116.62168898
2026-06-21 04:15:00,34.0,34.0,34.0,34.0,317.05882352,10779.99999968
2026-06-21 04:30:00,34.0,34.0,34.0,34.0,296.0,10064.0
2026-06-21 04:45:00,33.7,34.0,33.7,34.0,90627.06275261,3054162.01476296
2026-06-21 05:30:00,34.0,34.0,34.0,34.0,444.0,15096.0
2026-06-21 05:45:00,34.0,34.0,34.0,34.0,3939.53023488,133944.02798592
2026-06-21 06:00:00,33.7,34.0,33.7,34.0,25986.88319045,875772.96351817
2026-06-21 06:30:00,34.0,34.0,34.0,34.0,5638.6512626,191714.1429284
2026-06-21 06:45:00,34.0,34.0,34.0,34.0,29397.06617279,999500.24987486
2026-06-21 07:00:00,34.1,34.1,34.1,34.1,50.0,1705.0
2026-06-21 07:15:00,34.1,34.1,34.1,34.1,6332.08322524,215924.03798068
2026-06-21 08:15:00,33.9,34.2,33.9,34.2,19990.85722797,677710.68355759
2026-06-21 08:45:00,34.1,34.1,33.9,34.1,82007.43210849,2783807.51878059
2026-06-21 09:00:00,34.1,34.2,33.7,33.7,276237.54727666,9338701.69252075
2026-06-21 09:15:00,33.9,34.0,33.7,34.0,80735.3047351,2730188.72727696
2026-06-21 09:30:00,33.8,33.8,33.8,33.8,80934.77070988,2735595.24999394
2026-06-21 09:45:00,33.8,33.8,33.5,33.6,714489.9304887,23990648.63359823
2026-06-21 10:00:00,33.8,33.8,33.8,33.8,15377.2189349,519749.99999962
2026-06-21 10:15:00,33.8,33.9,33.6,33.6,248892.15128803,8405460.16366221
2026-06-21 10:30:00,33.6,33.7,33.4,33.5,859677.22737249,28776453.37199881
2026-06-21 10:45:00,33.5,33.6,33.5,33.6,11869.0544382,398004.3207041
2026-06-21 11:00:00,33.5,33.6,33.5,33.6,332174.09051209,11132083.73959437
2026-06-21 11:15:00,33.6,33.6,33.5,33.5,15000.58184254,503562.21419533
2026-06-21 11:30:00,33.5,33.6,33.5,33.6,74932.78305922,2517650.3730875
2026-06-21 11:45:00,33.7,33.7,33.6,33.7,76761.47774408,2585821.38988648
2026-06-21 12:00:00,33.7,33.7,33.6,33.6,74760.43909598,2512661.40941128
2026-06-21 12:15:00,33.6,33.6,33.6,33.6,47653.40503162,1601154.40906243
2026-06-21 12:30:00,33.6,33.7,33.6,33.6,316367.22466972,10635565.64207767
2026-06-21 12:45:00,33.6,33.7,33.6,33.7,28917.76080464,971725.78380742
2026-06-21 13:15:00,33.7,33.7,33.6,33.7,44822.55416662,1508725.35224247
2026-06-21 13:45:00,33.5,33.5,33.5,33.5,5652.42922012,189356.37887402
2026-06-21 14:00:00,33.7,33.7,33.7,33.7,150.0,5055.0
2026-06-21 14:30:00,33.6,33.7,33.5,33.7,7676.53413649,258086.99221809
2026-06-21 14:45:00,33.7,33.7,33.6,33.6,64245.13865944,2163280.75739286
2026-06-21 15:00:00,33.7,33.7,33.7,33.7,150.0,5055.0
2026-06-21 15:30:00,33.7,33.8,33.7,33.8,50112.45908593,1693756.71710443
2026-06-21 15:45:00,33.8,33.9,33.8,33.9,5515.44745061,186453.58198444
2026-06-21 16:00:00,33.8,33.8,33.8,33.8,25443.61495306,859994.18541343
2026-06-21 16:15:00,33.7,34.0,33.7,34.0,63311.18621413,2142701.01243808
2026-06-21 16:30:00,33.7,33.7,33.7,33.7,22594.1411463,761422.55663031
2026-06-21 16:45:00,33.8,33.8,33.7,33.7,153135.46443825,5162885.35334944
2026-06-21 17:00:00,33.7,33.7,33.7,33.7,5196.24460766,175113.44327814
2026-06-21 17:15:00,33.6,33.7,33.6,33.7,176093.81088476,5930784.64806929
2026-06-21 17:30:00,33.6,33.8,33.6,33.8,42870.24195285,1447446.6718476
2026-06-21 17:45:00,33.8,33.8,33.8,33.8,76437.48845909,2583587.10991724
2026-06-21 18:00:00,33.8,33.8,33.6,33.8,86870.93578868,2921184.71881415
2026-06-21 18:15:00,33.6,33.6,33.6,33.6,2050.59830149,68900.10293006
2026-06-21 18:30:00,33.8,33.8,33.8,33.8,50.0,1690.0
2026-06-21 18:45:00,33.8,33.8,33.8,33.8,30000.0,1014000.0
2026-06-21 19:00:00,33.8,33.8,33.8,33.8,10772.60355029,364113.9999998
2026-06-21 19:15:00,33.8,34.0,33.8,34.0,11327.0,382852.67328383
2026-06-21 20:15:00,34.0,34.0,34.0,34.0,27457.35955551,933550.22488734
2026-06-21 20:30:00,33.8,34.2,33.8,34.2,121626.08726397,4146985.45412033
2026-06-21 20:45:00,33.9,34.2,33.9,34.1,216874.63544977,7360131.51329324
2026-06-21 21:00:00,33.9,34.1,33.8,34.1,38083.77017901,1287673.28559952
2026-06-21 21:15:00,34.1,34.2,34.1,34.2,282434.80898846,9631041.64926308
2026-06-21 21:30:00,34.2,34.2,34.2,34.2,12230.75467322,418291.80982412
2026-06-21 21:45:00,34.1,34.3,34.1,34.3,636885.38860522,21733446.08777855
2026-06-21 22:00:00,34.3,34.4,34.2,34.2,343180.31054185,11763918.25452164
2026-06-21 22:15:00,34.4,34.4,34.1,34.4,767.36184676,26303.15268021
2026-06-21 22:30:00,34.3,34.3,34.0,34.0,40954.86017577,1398369.33766211
2026-06-21 22:45:00,34.0,34.2,34.0,34.0,21310.67652491,726449.8394223
2026-06-21 23:00:00,34.0,34.0,33.9,33.9,30116.65753605,1020972.33753092
2026-06-21 23:15:00,33.8,33.8,33.8,33.8,104449.10361264,3530379.70210723
2026-06-21 23:30:00,33.7,33.7,33.7,33.7,30916.36520948,1041881.50755948
2026-06-21 23:45:00,33.8,33.8,33.8,33.8,20482.71722127,692315.84207893
2026-06-22 00:00:00,33.8,33.8,33.8,33.8,24312.65733675,821767.81798215
2026-06-22 00:15:00,33.7,33.8,33.7,33.8,11241.53271543,379761.11404845
2026-06-22 00:30:00,33.7,34.1,33.7,34.1,137643.57917252,4643493.23446849
2026-06-22 00:45:00,34.2,34.2,33.8,34.1,764.55171662,26011.78165349
2026-06-22 01:00:00,34.0,34.0,34.0,34.0,1000.0,34000.0
2026-06-22 01:30:00,34.0,34.1,34.0,34.1,14800.0,504460.0
2026-06-22 02:30:00,33.7,33.7,33.7,33.7,10772.60355029,363036.73964477
2026-06-22 03:00:00,33.8,33.8,33.8,33.8,32441.483679,1096522.1483502
2026-06-22 04:15:00,33.8,34.0,33.8,34.0,1150.0,38900.0
2026-06-22 05:00:00,34.0,34.0,34.0,34.0,202.57518299,6887.55622166
2026-06-22 05:15:00,33.8,33.8,33.8,33.8,10184.91097922,344249.99109764
2026-06-22 05:30:00,33.8,33.8,33.8,33.8,88757.39644971,3000000.0000002
2026-06-22 05:45:00,33.8,33.8,33.8,33.8,101263.28785809,3422699.12960344
2026-06-22 06:15:00,33.8,33.8,33.6,33.6,16217.99327144,546690.05225972
2026-06-22 06:30:00,33.7,33.7,33.6,33.6,507178.9844632,17050901.08777108
2026-06-22 06:45:00,33.6,33.6,33.6,33.6,220600.24749998,7412168.31599933
2026-06-22 07:00:00,33.6,33.9,33.5,33.7,291156.22709971,9790711.96332708
2026-06-22 07:15:00,33.7,33.7,33.6,33.6,195780.77860802,6585907.47718551
2026-06-22 07:30:00,33.6,33.6,33.2,33.3,1089101.87859354,36337510.32965958
2026-06-22 07:45:00,33.3,33.6,33.3,33.6,149105.32457675,4965290.08694807
2026-06-22 08:00:00,33.4,33.5,33.3,33.5,96953.28079983,3234981.87154179
2026-06-22 08:15:00,33.3,33.4,32.7,33.0,1396237.71058395,45965227.28256629
2026-06-22 08:30:00,32.8,33.0,30.9,31.3,5454898.25765897,172248576.92473093
2026-06-22 08:45:00,31.5,32.0,31.5,32.0,1009374.6967745,32123793.68103161
2026-06-22 09:00:00,31.9,32.1,31.4,31.8,1705007.20109146,54089858.91597398
2026-06-22 09:15:00,31.6,32.1,31.6,31.9,375283.5371783,11922846.46506553
2026-06-22 09:30:00,32.1,32.1,31.8,32.1,275631.95727159,8792641.51385027
2026-06-22 09:45:00,32.1,32.1,31.7,32.0,312821.35372154,9951368.80178078
2026-06-22 10:00:00,32.0,32.0,31.7,31.7,303782.16303995,9664901.33910235
2026-06-22 10:15:00,31.7,32.1,31.7,32.0,675603.65312265,21557960.905759
2026-06-22 10:30:00,32.2,32.4,31.9,32.2,532485.61023552,17065589.61428636
2026-06-22 10:45:00,32.2,32.3,31.8,32.3,290128.60103948,9294767.85391365
2026-06-22 11:00:00,32.1,32.2,31.9,32.2,129147.08568197,4134381.01215247
2026-06-22 11:15:00,32.1,32.2,32.0,32.2,188762.15751366,6077156.08463383
2026-06-22 11:30:00,32.2,32.3,32.2,32.3,185666.63312693,5997000.99999984
2026-06-22 11:45:00,32.3,32.3,32.3,32.3,58194.61786134,1879686.15692128
2026-06-22 12:00:00,32.3,32.3,32.1,32.3,105387.93236101,3391807.6432657
2026-06-22 12:15:00,32.0,32.1,32.0,32.0,110293.32988984,3529733.26677082
2026-06-22 12:30:00,32.0,32.1,31.9,32.1,38209.31522777,1220037.86634251
2026-06-22 12:45:00,31.9,32.0,31.8,32.0,75362.85028183,2405768.68719435
2026-06-22 13:00:00,32.0,32.0,31.8,32.0,44585.80286418,1420666.40004956
2026-06-22 13:30:00,31.7,31.9,31.7,31.9,7861.76868502,249947.73502673
2026-06-22 13:45:00,32.0,32.0,32.0,32.0,156.375,5004.0
2026-06-22 14:00:00,31.9,31.9,31.9,31.9,300626.95924764,9589999.99999972
2026-06-22 14:15:00,31.8,31.9,31.3,31.6,483727.54504218,15282487.35877332
2026-06-22 14:30:00,31.7,31.7,31.2,31.5,309411.59597357,9740410.64180359
2026-06-22 14:45:00,31.7,31.7,31.4,31.4,574813.38137479,18167505.52253853
2026-06-22 15:00:00,31.4,32.1,31.4,32.1,1031649.90360527,32877871.96868451
2026-06-22 15:15:00,32.1,32.1,32.0,32.0,211497.02887709,6772618.70911361
2026-06-22 15:30:00,32.0,32.1,32.0,32.0,235820.71087449,7546278.33676873
2026-06-22 15:45:00,31.9,32.0,31.9,32.0,26022.39192791,830345.07941956
2026-06-22 16:00:00,32.0,32.1,32.0,32.1,45096.06146889,1443105.11965246
2026-06-22 16:15:00,32.0,32.0,31.9,32.0,155130.04290693,4958053.11531047
2026-06-22 16:30:00,32.0,32.1,32.0,32.1,22770.23023944,728677.16390947
2026-06-22 16:45:00,32.0,32.0,31.9,31.9,36653.62027692,1169292.97026493
2026-06-22 17:00:00,31.9,32.0,31.9,32.0,27159.91403119,868405.85444442
2026-06-22 17:15:00,31.9,32.0,31.8,31.8,68013.15071598,2173126.07134633
2026-06-22 17:30:00,32.0,32.2,31.9,32.1,593553.33721078,19031951.91525657
2026-06-22 17:45:00,31.8,32.0,31.8,32.0,33556.44293528,1067129.56800057
2026-06-22 18:00:00,32.0,32.1,31.8,32.1,35686.18480649,1145174.45416333
2026-06-22 18:30:00,31.9,32.2,31.8,32.2,303680.98574927,9694593.79791836
2026-06-22 18:45:00,31.9,31.9,31.8,31.9,64224.61712514,2047890.70293937
2026-06-22 19:00:00,31.9,32.1,31.8,32.1,10422.19930658,332347.10986821
2026-06-22 19:15:00,31.9,31.9,31.9,31.9,15000.0,478500.0
2026-06-22 19:30:00,32.0,32.0,31.9,31.9,22283.24900049,711878.88243347
2026-06-22 19:45:00,31.9,31.9,31.8,31.8,62050.08048182,1976275.75572081
2026-06-22 20:00:00,31.8,32.2,31.8,32.2,380916.64534547,12225110.97473989
2026-06-22 20:15:00,32.1,32.3,32.0,32.0,45098.54341143,1447076.2682747
2026-06-22 20:30:00,32.1,32.2,32.1,32.2,94094.48019422,3022465.85187713
2026-06-22 20:45:00,32.1,32.1,32.0,32.1,336400.7038978,10780322.58266075
2026-06-22 21:00:00,32.1,32.4,32.1,32.4,277116.1826668,8939787.84607646
2026-06-22 21:15:00,32.4,32.5,32.3,32.5,701243.99568499,22710243.2097694
2026-06-22 21:30:00,32.5,32.5,32.4,32.5,202155.7,6549960.25
2026-06-22 21:45:00,32.5,32.5,32.4,32.5,63950.4041808,2076388.99011059
2026-06-22 22:00:00,32.5,32.6,32.4,32.6,210454.63646039,6846777.87637349
2026-06-22 22:15:00,32.5,32.6,32.4,32.6,205904.50358137,6695435.15691274
2026-06-22 22:30:00,32.6,32.6,32.5,32.5,158495.58568204,5159263.13620424
2026-06-22 22:45:00,32.5,32.7,32.5,32.7,308702.09351579,10061022.45879805
2026-06-22 23:00:00,32.7,32.7,32.4,32.7,244054.04725144,7950551.34193098
2026-06-22 23:15:00,32.6,32.6,32.6,32.6,116749.42587059,3806031.28338123
2026-06-22 23:30:00,32.6,32.6,32.6,32.6,45787.82208588,1492682.99999969
2026-06-22 23:45:00,32.6,32.6,32.6,32.6,12500.0,407500.0
2026-06-23 00:00:00,32.7,32.7,32.6,32.7,78396.21729946,2562300.17513693
2026-06-23 00:15:00,32.7,32.7,32.6,32.7,2430.87922676,79460.12762418
2026-06-23 00:30:00,32.7,32.9,32.7,32.9,301564.66282576,9894575.52576078
2026-06-23 00:45:00,32.6,32.6,32.1,32.3,377888.1037491,12215272.42797289
2026-06-23 01:15:00,32.1,32.1,32.1,32.1,31000.0,995100.0
2026-06-23 01:30:00,32.3,32.3,32.0,32.0,146063.81670675,4679123.84110424
2026-06-23 02:30:00,32.1,32.1,32.1,32.1,727.69470404,23358.99999968
2026-06-23 02:45:00,32.0,32.0,32.0,32.0,627.83154,20090.60928
2026-06-23 03:00:00,32.0,32.0,32.0,32.0,23339.34987999,746859.19615968
2026-06-23 04:00:00,32.1,32.4,32.1,32.4,30711.51614281,985931.92972266
2026-06-23 04:30:00,32.1,32.1,32.0,32.0,45800.0,1469888.537974
2026-06-23 05:30:00,32.3,32.3,32.3,32.3,44891.64086687,1449999.9999999
2026-06-23 06:45:00,32.2,32.2,32.2,32.2,67337.3839396,2168263.76285512
2026-06-23 07:30:00,32.0,32.3,32.0,32.3,33224.51382237,1069769.2211866
2026-06-23 07:45:00,32.3,32.5,32.3,32.5,39897.32438396,1291450.90513386
2026-06-23 08:00:00,32.4,32.8,32.4,32.8,247909.55329178,8099716.4294179
2026-06-23 08:15:00,32.8,33.0,32.8,32.8,573648.93040492,18839254.6173448
2026-06-23 08:30:00,32.8,32.9,32.8,32.9,82636.94329302,2711948.92647599
2026-06-23 08:45:00,32.9,33.1,32.7,32.8,1357666.20230621,44622033.88604278
2026-06-23 09:00:00,33.1,33.1,32.2,32.2,917615.50151078,29848264.98264482
2026-06-23 09:15:00,32.3,32.3,31.8,31.9,420450.57775428,13461414.6356791
2026-06-23 09:30:00,31.9,32.3,31.9,32.3,351887.27658758,11319308.73124959
2026-06-23 09:45:00,32.3,32.4,32.1,32.4,16984.64558863,548603.80581979
2026-06-23 10:00:00,32.3,32.4,32.1,32.1,84077.9680709,2706015.49830098
2026-06-23 10:15:00,32.1,32.1,32.1,32.1,152729.79989677,4902626.57668632
2026-06-23 10:30:00,32.0,32.1,32.0,32.0,196162.7967464,6277826.83433939
2026-06-23 10:45:00,32.0,32.0,31.6,31.9,766207.16623377,24362824.15406645
2026-06-23 11:00:00,32.0,32.0,31.6,31.6,375936.57407199,11972042.02766758
2026-06-23 11:15:00,31.9,31.9,31.7,31.7,31409.90536277,995733.99999981
2026-06-23 11:30:00,31.7,31.7,31.5,31.5,127238.09586872,4011343.03958063
2026-06-23 11:45:00,31.5,31.7,31.4,31.4,154458.85547239,4854431.58923944
2026-06-23 12:00:00,31.5,31.7,31.4,31.7,231204.39425257,7275408.77210566
2026-06-23 12:15:00,31.4,31.4,31.4,31.4,1018.49267304,31980.66993346
2026-06-23 12:30:00,31.5,31.7,31.5,31.7,116525.67362574,3687088.87684492
2026-06-23 12:45:00,31.5,31.5,31.3,31.5,502379.51224364,15779286.90744206
2026-06-23 13:00:00,31.3,31.5,31.2,31.4,520875.12314243,16309006.37790748
2026-06-23 13:15:00,31.4,31.6,31.3,31.3,79822.39973852,2512740.12858672
2026-06-23 13:30:00,31.6,31.9,31.6,31.7,481250.5424388,15308481.87836036
2026-06-23 13:45:00,31.7,31.9,31.6,31.6,72481.52789406,2308948.09842165
2026-06-23 14:00:00,31.6,31.9,31.5,31.6,374369.36557835,11826017.69715767
2026-06-23 14:15:00,31.7,31.8,31.3,31.4,604266.60741632,19005403.02768961
2026-06-23 14:30:00,31.4,31.5,31.2,31.4,583677.9890844,18290974.13959503
2026-06-23 14:45:00,31.4,31.7,31.4,31.7,246721.49818871,7787120.89539787
2026-06-23 15:00:00,31.4,31.4,31.3,31.4,247413.01148301,7757234.18581999
2026-06-23 15:15:00,31.3,31.3,30.9,31.1,1300452.48056916,40507465.68910534
2026-06-23 15:30:00,31.1,31.2,30.7,31.2,409868.20946422,12641098.1641814
2026-06-23 15:45:00,31.2,31.2,30.9,30.9,386463.71398794,11992618.94326001
2026-06-23 16:00:00,30.9,31.2,30.9,31.1,287295.2423268,8880727.05039051
2026-06-23 16:15:00,31.1,31.2,30.8,31.1,417020.13871133,12913616.77409404
2026-06-23 16:30:00,30.9,31.1,30.7,31.0,792773.86257134,24514405.64371231
2026-06-23 16:45:00,31.0,31.1,30.8,31.0,297455.0556336,9180961.78645899
2026-06-23 17:00:00,30.9,31.0,30.4,30.4,765401.99478586,23456629.14891521
2026-06-23 17:15:00,30.6,30.7,30.3,30.3,571886.48492344,17391121.75015183
2026-06-23 17:30:00,30.6,30.9,30.2,30.3,1117811.69630672,34159050.26476743
2026-06-23 17:45:00,30.4,30.5,30.3,30.3,400026.39909709,12149721.7425436
2026-06-23 18:00:00,30.5,30.7,30.2,30.4,512477.1585374,15579040.86906439
2026-06-23 18:15:00,30.4,30.6,30.3,30.3,442692.44408663,13457057.83226409
2026-06-23 18:30:00,30.3,30.5,30.2,30.2,493729.1949656,14945936.40373567
2026-06-23 18:45:00,30.2,30.8,30.2,30.5,835694.72404063,25325022.74978209
2026-06-23 19:00:00,30.2,30.5,30.1,30.2,757151.05160593,22849009.56361172
2026-06-23 19:15:00,30.2,30.4,29.6,30.2,1816706.83326177,54394294.4021667
2026-06-23 19:30:00,30.2,30.3,29.9,30.1,432962.76708115,12999548.14594292
2026-06-23 19:45:00,29.9,30.1,29.8,30.0,519470.83391135,15506377.26689358
2026-06-23 20:00:00,29.8,30.1,29.8,30.1,358233.86260078,10703480.04374758
2026-06-23 20:15:00,30.0,30.4,29.9,30.1,1010125.20030957,30465494.0432982
2026-06-23 20:30:00,30.4,30.4,30.1,30.1,403398.82764831,12143486.22379299
2026-06-23 20:45:00,30.1,30.4,30.0,30.0,549624.44344753,16562633.81526322
2026-06-23 21:00:00,30.2,30.3,30.0,30.0,429608.14463894,12944669.53811573
2026-06-23 21:15:00,30.0,30.3,29.9,29.9,470114.27469424,14097321.93361995
2026-06-23 21:30:00,29.9,30.3,29.9,30.0,391635.02348342,11764938.18844868
2026-06-23 21:45:00,30.2,30.3,29.7,29.8,827928.35391608,24688535.155954
2026-06-23 22:00:00,29.7,30.0,29.4,29.6,804530.05005417,23843424.1952935
2026-06-23 22:15:00,29.8,29.8,29.5,29.6,744350.31217552,22054692.36274395
2026-06-23 22:30:00,29.7,30.1,29.6,29.8,920277.73905385,27369464.58050868
2026-06-23 22:45:00,29.9,30.0,29.7,29.9,565062.86443003,16851841.62291995
2026-06-23 23:00:00,30.0,30.0,29.9,29.9,189095.83867176,5654015.58628562
2026-06-23 23:15:00,29.9,29.9,29.8,29.9,173395.70245335,5167258.99999946
2026-06-23 23:30:00,29.9,30.3,29.9,30.1,190823.89339147,5738246.60393493
2026-06-23 23:45:00,30.1,30.1,30.0,30.0,22581.1292683,677467.10064036
2026-06-24 00:00:00,30.0,30.2,30.0,30.2,48370.73306275,1456546.61609976
2026-06-24 00:15:00,30.1,30.2,30.1,30.2,6619.20695281,199600.04997486
2026-06-24 00:30:00,30.1,30.2,30.1,30.2,13301.03311259,400366.69668896
2026-06-24 00:45:00,30.1,30.2,30.0,30.2,46024.20957228,1384118.77904753
2026-06-24 01:00:00,30.2,30.3,30.2,30.2,125025.23779264,3775932.79783938
2026-06-24 01:15:00,30.1,30.2,30.1,30.1,10107.45583138,304835.9970146
2026-06-24 01:30:00,30.1,30.1,29.9,30.1,113393.81869842,3400062.3130687
2026-06-24 01:45:00,29.9,30.2,29.9,30.2,10226.78214097,305797.586015
2026-06-24 02:00:00,30.2,30.3,30.2,30.3,298006.02076005,9009391.87716635
2026-06-24 03:15:00,30.3,30.3,30.3,30.3,59457.00417118,1801547.22638675
2026-06-24 04:45:00,30.1,30.3,30.1,30.3,18470.8919939,555984.94901639
2026-06-24 05:45:00,30.2,30.2,30.1,30.2,26989.47119882,815061.9512964
2026-06-24 06:00:00,30.2,30.2,30.2,30.2,27687.38410594,836158.99999939
2026-06-24 06:15:00,30.1,30.1,30.1,30.1,284.76821193,8571.52317909
2026-06-24 06:30:00,30.1,30.2,30.1,30.2,137517.95457376,4139307.11041104
2026-06-24 06:45:00,30.2,30.2,30.2,30.2,65153.27814569,1967628.99999984
2026-06-24 07:00:00,30.1,30.2,30.1,30.2,66065.87308939,1991524.91547234
2026-06-24 07:15:00,30.2,30.3,30.2,30.3,125862.20734329,3801055.28428391
2026-06-24 07:30:00,30.3,30.3,30.3,30.3,50672.46266305,1535375.61869042
2026-06-24 07:45:00,30.3,30.3,30.2,30.3,169950.72005932,5149478.06258093
2026-06-24 08:00:00,30.2,30.2,29.9,30.2,203035.32718935,6119770.60751029
2026-06-24 08:15:00,30.2,30.2,29.9,30.1,44473.88306888,1337148.55223951
2026-06-24 08:30:00,30.0,30.2,30.0,30.2,65405.86738667,1963533.05652782
2026-06-24 08:45:00,30.2,30.3,30.0,30.3,309103.87070054,9340005.06635928
2026-06-24 09:00:00,30.3,30.5,30.2,30.2,584573.80453271,17744491.70712821
2026-06-24 09:15:00,30.1,30.2,29.7,30.0,580868.38172169,17395664.85092163
2026-06-24 09:30:00,30.1,30.1,30.0,30.1,82932.56691933,2488010.26339385
2026-06-24 09:45:00,30.0,30.1,30.0,30.1,50232.55813953,1506999.99999985
2026-06-24 10:00:00,30.0,30.2,29.8,29.8,379342.64405346,11337990.29339771
2026-06-24 10:15:00,30.0,30.0,29.8,29.8,125240.22993769,3741236.38244117
2026-06-24 10:30:00,29.9,30.1,29.9,30.1,189315.02453221,5663671.41791877
2026-06-24 10:45:00,30.1,30.1,29.9,30.1,68327.25906221,2050532.9845363
2026-06-24 11:00:00,29.9,30.1,29.2,29.5,1111077.08934225,32763526.00982558
2026-06-24 11:15:00,29.6,29.6,29.2,29.3,948347.89361233,27817347.23635763
2026-06-24 11:30:00,29.2,29.5,29.2,29.5,240951.6544731,7074921.10622179
2026-06-24 11:45:00,29.4,29.5,29.3,29.5,235466.40466592,6908277.83731717
2026-06-24 12:00:00,29.4,29.5,29.3,29.5,124258.08197259,3652125.89391912
2026-06-24 12:15:00,29.5,29.5,29.3,29.3,353257.64043381,10359371.29613434
2026-06-24 12:30:00,29.4,29.4,29.3,29.4,306825.79123421,8997916.3365515
2026-06-24 12:45:00,29.5,29.7,29.3,29.6,167556.49173347,4941876.94110596
2026-06-24 13:00:00,29.4,29.6,29.4,29.6,11402.24017296,337331.85567962
2026-06-24 13:15:00,29.6,29.6,29.6,29.6,43885.15201858,1299000.49974997
2026-06-24 13:30:00,29.6,29.7,29.5,29.7,213074.90316251,6307364.36224819
2026-06-24 13:45:00,29.7,29.7,29.7,29.7,64192.63804709,1906521.34999857
2026-06-24 14:00:00,29.7,30.0,29.7,29.8,325898.12684438,9733750.47094522
2026-06-24 14:15:00,29.9,30.0,29.9,30.0,544612.56757489,16309073.44007379
2026-06-24 14:30:00,30.0,30.0,29.8,30.0,64976.0715362,1942941.98645394
2026-06-24 14:45:00,30.0,30.0,29.9,29.9,18931.66275434,566237.99571509
2026-06-24 15:00:00,30.0,30.0,29.9,30.0,6535.23715102,195438.8193985
2026-06-24 15:15:00,29.9,30.0,29.9,30.0,87869.64063135,2634810.23704013
2026-06-24 15:30:00,29.9,29.9,29.8,29.8,52451.06037616,1563377.42349446
2026-06-24 15:45:00,29.8,30.2,29.8,30.2,38641.95499845,1157120.13459072
2026-06-24 16:00:00,30.0,30.1,30.0,30.1,15985.73146954,479937.63666649
2026-06-24 16:15:00,30.1,30.1,29.8,30.0,56186.67654174,1688533.43254983
2026-06-24 16:30:00,30.0,30.2,30.0,30.2,99196.37656734,2985332.66178927
2026-06-24 17:15:00,30.0,30.2,30.0,30.2,13299.68733333,399057.28666657
2026-06-24 17:30:00,30.0,30.2,30.0,30.2,175922.59056412,5310553.33871535
2026-06-24 17:45:00,30.2,30.2,30.0,30.2,48094.30080667,1446224.68424425
2026-06-24 18:00:00,30.0,30.2,30.0,30.1,151349.18931431,4543530.67187793
2026-06-24 18:15:00,30.1,30.1,29.9,29.9,194397.09110974,5814498.05278932
2026-06-24 18:30:00,30.1,30.1,30.1,30.1,8643.29900332,260163.29999993
2026-06-24 18:45:00,30.1,30.1,30.1,30.1,516.22029516,15538.23088432
2026-06-24 19:00:00,30.1,30.1,30.1,30.1,3229.64763465,97212.39380297
2026-06-24 19:15:00,30.1,30.1,30.1,30.1,774.33044274,23307.34632647
2026-06-24 19:30:00,30.0,30.1,30.0,30.1,12959.66666667,388806.73333343
2026-06-24 19:45:00,30.0,30.1,29.9,30.1,19981.77181881,598559.42765507
2026-06-24 20:00:00,29.9,29.9,29.4,29.7,543692.92315425,16147401.77831592
2026-06-24 20:15:00,29.5,29.8,29.3,29.6,563102.32994702,16622830.9694946
2026-06-24 20:30:00,29.6,29.6,29.4,29.6,18000.78186172,530742.89518691
2026-06-24 20:45:00,29.6,29.9,29.6,29.9,186650.68850489,5551310.22684618
2026-06-24 21:00:00,29.8,29.9,29.8,29.9,10437.47444063,311036.78339389
2026-06-24 21:15:00,29.9,30.0,29.9,29.9,323687.51255041,9678262.32525726
2026-06-24 21:30:00,30.0,30.0,29.9,30.0,24069.15525668,719904.3180414
2026-06-24 21:45:00,29.9,30.0,29.7,29.9,391002.51102164,11665276.18856268
2026-06-24 22:00:00,29.7,29.9,29.3,29.6,574435.14114384,16882054.77941206
2026-06-24 22:15:00,29.5,29.6,29.0,29.2,1345611.82245323,39190150.72168605
2026-06-24 22:30:00,29.2,29.4,28.8,28.9,461489.69265854,13386257.15950415
2026-06-24 22:45:00,28.8,29.4,28.8,29.1,365162.1426999,10600358.13492945
2026-06-24 23:00:00,28.9,29.2,28.8,29.1,437492.27801471,12658590.4288913
2026-06-24 23:15:00,29.1,29.1,28.8,29.1,137912.87224701,3993698.03571879
2026-06-24 23:30:00,29.2,29.2,29.1,29.1,71018.4129442,2069757.65797064
2026-06-24 23:45:00,29.1,29.3,29.0,29.2,5440.69085695,157883.84597135
2026-06-25 00:00:00,29.0,29.2,28.9,29.2,20346.02739725,588159.46792711
2026-06-25 00:15:00,29.1,29.2,29.1,29.2,10790.13580536,315037.48275789
2026-06-25 00:30:00,29.0,29.0,28.3,28.3,517297.24397521,14759088.0706416
2026-06-25 00:45:00,28.3,28.5,28.3,28.5,309144.29771127,8762596.92357261
2026-06-25 01:00:00,28.5,28.7,28.4,28.7,335633.39504516,9600476.35929448
2026-06-25 01:15:00,28.7,28.9,28.5,28.9,149151.96972869,4277235.22835057
2026-06-25 01:30:00,28.8,28.8,28.6,28.7,989.22266615,28400.84418949
2026-06-25 01:45:00,28.6,28.8,28.3,28.3,143187.61657923,4073605.86365693
2026-06-25 02:00:00,28.5,28.7,28.5,28.7,38657.2289545,1102951.14654532
2026-06-25 02:30:00,28.7,28.7,28.5,28.5,16642.38958087,475003.56995375
2026-06-25 03:00:00,28.6,28.7,28.4,28.7,83463.31298889,2381155.72237075
2026-06-25 03:15:00,28.8,28.8,28.5,28.5,1367.99986836,39039.94088494
2026-06-25 03:30:00,28.8,28.8,28.8,28.8,173.71527777,5002.99999978
2026-06-25 04:30:00,28.9,28.9,28.9,28.9,2138.02957589,61789.05474322
2026-06-25 04:45:00,28.9,29.1,28.9,29.1,6872.85223367,199413.91337528
2026-06-25 05:15:00,29.1,29.2,28.8,29.2,13643.36523686,393025.20560157
2026-06-25 05:30:00,28.9,28.9,28.9,28.9,151768.05843839,4386096.88886947
2026-06-25 05:45:00,29.0,29.0,28.9,28.9,13978.58480565,404273.19439491
2026-06-25 06:00:00,29.2,29.2,29.2,29.2,58.0,1693.6
2026-06-25 06:30:00,29.2,29.3,29.2,29.3,22000.0,642600.0
2026-06-25 06:45:00,29.3,29.3,29.3,29.3,82351.34821667,2412894.50274843
2026-06-25 07:15:00,29.2,29.3,29.2,29.3,15925.2616292,465023.43957264
2026-06-25 07:30:00,29.3,29.5,29.1,29.1,247293.77368089,7241504.65336065
2026-06-25 07:45:00,29.4,29.4,29.2,29.2,17810.04293459,521131.07496233
2026-06-25 08:00:00,29.2,29.3,29.2,29.3,343.0,10015.65342466
2026-06-25 08:15:00,29.3,29.4,29.3,29.4,62566.08942809,1833342.13571923
2026-06-25 08:30:00,29.4,29.5,29.3,29.4,303092.72797891,8912733.50050171
2026-06-25 08:45:00,29.4,29.7,29.4,29.5,255648.97861056,7544554.03553352
2026-06-25 09:00:00,29.4,29.6,29.2,29.6,355823.17961369,10443105.85611389
2026-06-25 09:15:00,29.6,29.8,29.3,29.5,243060.38844716,7174296.85335533
2026-06-25 09:30:00,29.4,29.5,29.0,29.2,672558.66783856,19609051.07371032
2026-06-25 09:45:00,29.0,29.1,28.9,29.0,588014.06477826,16996631.04342239
2026-06-25 10:00:00,28.8,29.0,28.6,28.6,806909.20658962,23148586.90547399
2026-06-25 10:15:00,28.5,28.8,28.5,28.8,870493.2958439,24840545.41558222
2026-06-25 10:30:00,28.8,28.8,28.6,28.6,375036.93888785,10731924.23987882
2026-06-25 10:45:00,28.6,28.7,28.5,28.7,275192.12084299,7860179.3220704
2026-06-25 11:00:00,28.7,28.8,28.7,28.7,179496.05100234,5154224.47894117
2026-06-25 11:15:00,28.7,28.9,28.7,28.9,75817.04787621,2188873.13392697
2026-06-25 11:30:00,28.6,28.9,28.6,28.9,164223.42091304,4714920.8177929
2026-06-25 11:45:00,28.7,28.9,28.6,28.9,92534.86940296,2650086.32856474
2026-06-25 12:00:00,28.9,28.9,28.9,28.9,10000.0,289000.0
2026-06-25 12:15:00,28.7,28.9,28.6,28.7,74392.38505894,2131329.35487572
2026-06-25 12:30:00,28.8,28.8,28.6,28.6,95921.70770086,2745341.96550974
2026-06-25 12:45:00,28.5,28.7,28.4,28.7,232610.23245329,6641881.37115536
2026-06-25 13:00:00,28.7,28.8,28.7,28.8,47713.95204364,1369413.7882358
2026-06-25 13:15:00,28.6,28.8,28.5,28.8,145376.95490278,4150977.53329096
2026-06-25 13:30:00,28.6,28.8,28.6,28.8,12208.16126935,349188.19702563
2026-06-25 13:45:00,28.8,28.9,28.7,28.9,136894.36319815,3942312.51333154
2026-06-25 14:00:00,28.9,28.9,28.8,28.9,92656.83257599,2668606.79874664
2026-06-25 14:15:00,28.8,28.8,28.7,28.8,213200.05059933,6134863.90294797
2026-06-25 14:30:00,28.7,28.7,28.5,28.7,152057.05492781,4346036.82674321
2026-06-25 15:00:00,28.7,28.8,28.7,28.8,239161.15965368,6882963.3492455
2026-06-25 15:15:00,28.7,28.8,28.7,28.8,341466.05586871,9800081.70343198
2026-06-25 15:30:00,28.6,28.7,28.5,28.7,233611.02784574,6662270.08745336
2026-06-25 15:45:00,28.7,29.0,28.7,29.0,409158.65381608,11768873.83921521
2026-06-25 16:00:00,28.8,29.0,28.8,29.0,93999.66331892,2722410.6188047
2026-06-25 16:15:00,29.1,29.2,29.0,29.2,61359.76970112,1782760.87981404
2026-06-25 16:30:00,29.2,29.3,29.0,29.3,115436.00358584,3370403.69351608
2026-06-25 16:45:00,29.3,29.3,29.3,29.3,6825.93856654,199999.99999962
2026-06-25 17:00:00,29.3,29.3,29.1,29.3,13479.90949193,393254.86347191
2026-06-25 17:15:00,29.0,29.5,29.0,29.5,456064.61202343,13343736.69720905
2026-06-25 17:30:00,29.5,29.5,29.2,29.5,215197.53342659,6306083.04755366
2026-06-25 18:00:00,29.5,29.5,29.2,29.3,56395.80668941,1651539.30909371
2026-06-25 18:15:00,29.1,29.3,28.7,29.3,345131.56475162,9977393.09426313
2026-06-25 18:30:00,29.3,29.4,29.1,29.2,174081.7491926,5090455.13358988
2026-06-25 18:45:00,29.1,29.1,29.0,29.0,34661.31774706,1005196.07057738
2026-06-25 19:00:00,29.1,29.2,28.5,28.8,627565.2542659,18038081.98822461
2026-06-25 19:15:00,28.8,28.9,28.7,28.7,83533.25020705,2403417.45125972
2026-06-25 19:30:00,28.8,29.0,28.6,29.0,178423.20723744,5136634.01010699
2026-06-25 19:45:00,28.9,28.9,28.7,28.9,61755.36158612,1772533.3582392
2026-06-25 20:00:00,28.9,28.9,28.6,28.9,73274.33969686,2112805.86074814
2026-06-25 20:15:00,28.7,28.9,28.7,28.9,63491.24678721,1822233.4056303
2026-06-25 20:30:00,28.7,28.9,28.6,28.6,231412.26038863,6661252.62065887
2026-06-25 20:45:00,28.9,29.0,28.9,29.0,409091.655597,11826004.83944015
2026-06-25 21:00:00,28.9,29.1,28.8,29.1,11068.35531725,319578.26499913
2026-06-25 21:15:00,28.9,29.3,28.9,29.2,245812.01391341,7145149.4288479
2026-06-25 21:30:00,29.1,29.1,29.0,29.0,54738.27239547,1587753.54208031
2026-06-25 21:45:00,29.1,29.1,28.8,29.1,166801.99424387,4807564.70669845
2026-06-25 22:00:00,29.1,29.3,29.0,29.0,204969.21861401,5969879.25583264
2026-06-25 22:15:00,29.2,29.2,29.0,29.2,755.46575342,22022.96426103
2026-06-25 22:30:00,29.0,29.0,28.6,28.6,652789.69692753,18747761.62418469
2026-06-25 22:45:00,28.6,29.1,28.2,28.7,1235864.55555231,35304416.66443262
2026-06-25 23:00:00,28.2,28.5,28.0,28.4,1888468.7263637,53023514.16600764
2026-06-25 23:15:00,28.1,28.7,28.0,28.6,501052.29313937,14184722.50058792
2026-06-25 23:30:00,28.5,29.0,28.3,28.6,151539.08626393,4317606.14003376
2026-06-25 23:45:00,28.6,28.6,28.2,28.3,201279.49638533,5689872.25707803
2026-06-26 00:00:00,28.4,28.4,28.0,28.2,143011.06898385,4015011.80911993
2026-06-26 00:15:00,28.1,28.1,27.5,28.1,1409111.54957468,39325807.29178172
2026-06-26 00:30:00,28.1,28.3,27.9,28.3,55313.7485834,1554042.24492733
2026-06-26 00:45:00,28.0,28.2,28.0,28.2,20337.41330755,569503.32580289
2026-06-26 01:00:00,28.2,28.8,28.2,28.8,68154.63547943,1927654.6418175
2026-06-26 01:15:00,28.9,28.9,28.6,28.6,40101.71780691,1150854.06338835
2026-06-26 01:30:00,28.9,28.9,28.5,28.8,10256.14064793,292344.40846601
2026-06-26 01:45:00,28.8,28.8,28.8,28.8,6944.44444444,199999.99999987
2026-06-26 02:00:00,28.7,28.7,28.7,28.7,34843.20557491,999999.99999992
2026-06-26 03:15:00,28.6,28.6,28.6,28.6,14214.60802467,406537.78950556
2026-06-26 03:45:00,28.5,28.7,28.5,28.7,621.92479529,17768.9461193
2026-06-26 04:00:00,28.5,28.5,28.5,28.5,7064.35638714,201334.15703349
2026-06-26 04:15:00,28.7,29.2,28.7,28.8,11560.63888889,332476.31231518
2026-06-26 04:30:00,28.8,29.0,28.8,29.0,63081.85897892,1822078.65988627
2026-06-26 04:45:00,28.8,29.3,28.8,29.2,200706.05040968,5832426.67612897
2026-06-26 05:00:00,29.3,29.7,29.3,29.5,745398.77215254,21997008.3545184
2026-06-26 05:15:00,29.4,29.5,29.3,29.5,125443.72529257,3679104.69015446
2026-06-26 05:30:00,29.4,29.4,29.1,29.1,739019.10885111,21509096.38569099
2026-06-26 05:45:00,29.0,29.2,28.8,29.2,92508.52447097,2675303.29585631
2026-06-26 06:00:00,29.1,29.1,29.1,29.1,3424.65753424,99657.53424638
2026-06-26 06:15:00,28.8,28.8,28.8,28.8,141372.56156054,4071529.77294355
2026-06-26 06:30:00,28.8,29.0,28.8,29.0,74975.08738889,2159323.89860003
2026-06-26 06:45:00,28.7,28.9,28.7,28.9,51642.78641913,1483194.19998682
2026-06-26 07:00:00,28.9,28.9,28.7,28.8,262957.269154,7579400.89737572
2026-06-26 07:15:00,28.6,28.7,28.5,28.6,337287.26880459,9616380.10115102
2026-06-26 07:30:00,28.6,28.6,28.6,28.6,22734.61171512,650209.89505243
2026-06-26 07:45:00,28.6,28.6,28.5,28.6,58711.66990646,1678427.11882506
2026-06-26 08:00:00,28.6,28.6,28.6,28.6,122316.46414554,3498250.87456244
2026-06-26 08:15:00,28.6,28.6,28.5,28.6,10168.93605962,290640.81894218
2026-06-26 08:30:00,28.5,28.6,28.5,28.6,4021.15384616,114655.34965053
2026-06-26 08:45:00,28.5,28.6,28.5,28.6,45122.59614947,1289506.24987484
2026-06-26 09:00:00,28.5,28.5,28.2,28.3,293011.58338216,8307083.30532749
2026-06-26 09:15:00,28.3,28.5,28.3,28.5,141408.75618374,4001880.99999984
2026-06-26 09:30:00,28.4,28.8,28.4,28.8,288390.03610236,8218180.61642829
2026-06-26 09:45:00,28.7,28.9,28.7,28.8,341512.33069054,9831495.63777408
2026-06-26 10:00:00,28.9,29.1,28.7,29.1,236644.26516609,6832341.00246256
2026-06-26 10:15:00,28.9,29.2,28.9,29.2,952030.43697833,27666010.20924138
2026-06-26 10:30:00,28.8,29.1,28.8,28.8,55819.59307244,1618626.79595019
2026-06-26 10:45:00,29.0,29.0,28.7,28.9,350267.79154136,10128518.04722451
2026-06-26 11:00:00,28.9,29.1,28.6,28.6,843606.63274863,24346031.01438677
2026-06-26 11:15:00,28.6,28.6,27.8,28.3,733237.71131672,20667188.73839893
2026-06-26 11:30:00,28.0,28.2,27.8,28.2,54959.27431521,1533261.7802556
2026-06-26 11:45:00,27.9,28.2,27.9,28.0,105506.3312621,2945618.75764187
2026-06-26 12:00:00,28.0,28.2,27.8,28.2,483888.37409824,13540997.81806643
2026-06-26 12:15:00,28.1,28.1,27.8,28.1,122049.32631587,3406125.1639352
2026-06-26 12:30:00,28.1,28.3,27.9,28.3,62773.21755084,1762541.77660527
2026-06-26 12:45:00,28.3,28.5,28.0,28.3,271488.81792966,7641535.12486396
2026-06-26 13:15:00,28.2,28.2,27.9,28.0,212775.69340108,5948049.9115716
2026-06-26 13:30:00,28.3,28.3,27.8,28.0,463875.81781668,12943871.63329291
2026-06-26 13:45:00,28.2,28.2,28.0,28.1,47073.52193526,1319664.36401371
2026-06-26 14:00:00,28.1,28.6,28.1,28.5,403644.41034419,11460387.20873716
2026-06-26 14:15:00,28.6,28.9,28.6,28.8,676238.77965468,19413850.98525883
2026-06-26 14:30:00,28.9,29.2,28.8,29.0,2293276.8927099,66766461.29285188
2026-06-26 14:45:00,29.0,29.1,28.5,29.1,1185714.01580861,34067444.67825074
2026-06-26 15:00:00,29.1,29.1,29.0,29.0,376945.00057048,10932909.9060625
2026-06-26 15:15:00,28.8,29.1,28.6,28.9,708656.74829682,20377143.89763454
2026-06-26 15:30:00,28.8,28.8,28.6,28.6,684738.47472753,19645670.41052536
2026-06-26 15:45:00,28.8,29.0,28.8,29.0,282646.32599868,8140982.05248447
2026-06-26 16:00:00,29.0,29.3,29.0,29.3,976769.68054356,28501360.99708269
2026-06-26 16:15:00,29.3,29.9,29.3,29.8,1117916.58131074,32995534.06491498
2026-06-26 16:30:00,29.5,29.8,29.3,29.6,160438.05987979,4723060.00648582
2026-06-26 16:45:00,29.3,29.5,29.3,29.5,25626.19843674,754006.81345053
2026-06-26 17:00:00,29.3,29.4,29.2,29.4,121576.10317762,3556095.22478289
2026-06-26 17:15:00,29.4,29.6,29.1,29.6,359855.91904202,10548034.21455018
2026-06-26 17:30:00,29.4,29.4,29.1,29.4,252319.60771422,7380013.52337486
2026-06-26 17:45:00,29.4,29.4,29.2,29.2,28889.09091581,843728.40565735
2026-06-26 18:00:00,29.2,29.2,29.0,29.2,468656.87356056,13623813.57730613
2026-06-26 18:15:00,28.9,29.2,28.8,28.8,284375.04070081,8206505.17665518
2026-06-26 18:30:00,28.8,29.1,28.8,29.1,1058.0,30487.8
2026-06-26 18:45:00,28.8,29.1,28.8,29.1,135511.72652439,3902837.57393006
2026-06-26 19:00:00,28.8,28.9,28.5,28.8,251256.64528259,7219060.46526438
2026-06-26 19:15:00,28.7,28.8,28.7,28.8,95260.78780053,2735560.52831877
2026-06-26 19:30:00,28.7,28.8,28.5,28.8,58570.75048442,1676702.38091501
2026-06-26 19:45:00,28.7,28.8,28.4,28.6,71802.10154695,2047683.6643739
2026-06-26 20:00:00,28.3,28.7,28.3,28.4,25459.8387101,725105.68574052
2026-06-26 20:15:00,28.5,28.5,28.5,28.5,1654.43593992,47151.42428772
2026-06-26 20:30:00,28.6,28.6,28.6,28.6,8001.41,228840.326
2026-06-26 20:45:00,28.5,28.7,28.5,28.5,302241.52688971,8616448.31932111
2026-06-26 21:00:00,28.4,28.6,28.4,28.4,331643.12399866,9418975.5381816
2026-06-26 21:15:00,28.4,28.6,28.4,28.6,13507.97940466,385864.68657199
2026-06-26 21:30:00,28.6,28.6,28.5,28.5,216071.14436395,6160412.89060527
2026-06-26 21:45:00,28.4,28.6,28.4,28.6,104082.75792534,2964407.52683147
2026-06-26 22:00:00,28.5,28.5,28.5,28.5,48103.81087716,1370958.60999906
2026-06-26 22:15:00,28.4,28.6,28.3,28.3,726255.79113132,20601589.77351537
2026-06-26 22:30:00,28.6,28.6,28.2,28.5,117643.4677868,3324070.46844011
2026-06-26 22:45:00,28.5,28.5,28.4,28.5,98090.49224124,2786928.5098442
2026-06-26 23:00:00,28.5,28.9,28.5,28.9,77374.31653406,2218875.40292893
2026-06-26 23:30:00,28.9,29.0,28.7,29.0,48118.07821067,1388044.64966863
2026-06-27 00:00:00,28.9,28.9,28.9,28.9,22000.0,635800.0
2026-06-27 00:15:00,28.9,28.9,28.7,28.7,41515.45194707,1195173.47088091
2026-06-27 00:30:00,28.9,28.9,28.7,28.7,208806.98919825,6004559.62018921
2026-06-27 01:00:00,28.9,29.0,28.8,28.9,190482.29134595,5491594.41269691
2026-06-27 01:15:00,29.0,29.1,29.0,29.1,18478.22846521,535969.29004569
2026-06-27 01:30:00,29.1,29.2,29.1,29.2,109953.26925948,3199694.20925917
2026-06-27 01:45:00,29.1,29.1,29.1,29.1,1498.20194797,43597.67668593
2026-06-27 02:00:00,29.1,29.1,29.1,29.1,394.80259647,11488.75555728
2026-06-27 02:30:00,29.0,29.0,29.0,29.0,7440.1445742,215764.1926518
2026-06-27 02:45:00,29.2,29.2,29.2,29.2,58.0,1693.6
2026-06-27 03:00:00,29.2,29.2,29.2,29.2,1030.27210884,30083.94557813
2026-06-27 03:15:00,29.0,29.0,29.0,29.0,8474.1139248,245749.3038192
2026-06-27 03:30:00,29.0,29.0,28.9,28.9,9707.44043495,281494.42039676
2026-06-27 03:45:00,28.9,28.9,28.9,28.9,1631.62315747,47153.90925088
2026-06-27 04:00:00,29.1,29.2,29.1,29.2,26575.9928255,775903.68012431
2026-06-27 04:30:00,28.9,28.9,28.9,28.9,39206.6548464,1133072.32506096
2026-06-27 05:00:00,29.2,29.2,29.2,29.2,56737.02716066,1656721.19309127
2026-06-27 05:15:00,29.3,29.4,29.3,29.4,108112.27109099,3168369.81507485
2026-06-27 05:30:00,29.4,29.4,29.4,29.4,100000.0,2940000.0
2026-06-27 05:45:00,29.3,29.5,29.3,29.5,316930.70265342,9318237.48707996
2026-06-27 06:00:00,29.5,29.5,29.3,29.3,191302.02695262,5635489.79510229
2026-06-27 06:15:00,29.5,29.5,29.2,29.4,150909.55237635,4407003.51598215
2026-06-27 06:30:00,29.4,29.4,29.4,29.4,100000.0,2940000.0
2026-06-27 06:45:00,29.3,29.3,29.3,29.3,1155.29266083,33850.07496232
2026-06-27 07:00:00,29.2,29.3,29.1,29.3,187408.21133994,5461887.42250296
2026-06-27 08:00:00,29.2,29.4,29.2,29.4,87718.73515203,2568520.43389119
2026-06-27 08:15:00,29.4,29.5,29.3,29.3,163133.85836505,4789373.51397679
2026-06-27 08:30:00,29.3,29.3,29.1,29.2,199688.90179536,5828682.12438454
2026-06-27 08:45:00,29.2,29.2,29.1,29.2,148313.61506936,4329045.23125819
2026-06-27 09:00:00,29.2,31.6,29.2,31.2,18424967.37396653,565680903.1248925
2026-06-27 09:15:00,31.2,31.5,30.3,30.6,9416133.26259796,291025867.94926274
2026-06-27 09:30:00,30.6,31.4,29.6,29.8,5674754.93075397,172993307.97847468
2026-06-27 09:45:00,29.9,30.3,29.9,30.3,805932.49749977,24201821.9611415
2026-06-27 10:00:00,30.2,30.2,29.5,29.6,2561499.95936073,76152040.89677685
2026-06-27 10:15:00,29.6,30.0,29.5,30.0,655585.8932915,19460466.05981062
2026-06-27 10:30:00,30.0,30.1,29.9,30.0,252659.13567924,7579194.87582843
2026-06-27 10:45:00,30.0,30.3,29.9,30.3,328899.07700771,9914152.99874591
2026-06-27 11:00:00,30.2,30.2,28.5,29.5,2211992.60998204,65032853.21269143
2026-06-27 11:15:00,29.5,29.7,29.3,29.7,1508538.95955631,44428829.90362888
2026-06-27 11:30:00,29.6,29.8,29.4,29.8,718952.54584127,21220879.13974031
2026-06-27 11:45:00,29.7,29.7,29.4,29.7,233653.58778354,6925527.19742777
2026-06-27 12:00:00,29.7,29.7,29.5,29.5,1021235.35762616,30218444.46214825
2026-06-27 12:15:00,29.6,29.6,29.5,29.6,608812.61333035,18016629.78128846
2026-06-27 12:30:00,29.6,29.6,29.5,29.5,710956.2278504,21016811.12063056
2026-06-27 12:45:00,29.5,29.5,29.2,29.5,1208270.47005576,35420198.43497886
2026-06-27 13:00:00,29.5,29.5,29.3,29.5,261964.79605767,7709972.39024527
2026-06-27 13:15:00,29.3,29.5,29.3,29.5,119625.48730763,3506069.01943276
2026-06-27 13:30:00,29.4,29.5,29.3,29.5,68901.52335728,2023294.62065019
2026-06-27 13:45:00,29.4,29.5,29.3,29.3,134907.29695421,3956399.91313427
2026-06-27 14:00:00,29.5,29.5,29.2,29.3,355537.94933,10409339.25660155
2026-06-27 14:15:00,29.2,29.4,29.1,29.4,683069.41676691,19964637.55596783
2026-06-27 14:30:00,29.2,29.4,29.2,29.4,45262.15834607,1330622.60697446
2026-06-27 14:45:00,29.4,29.5,29.2,29.4,85749.00777481,2520881.84068368
2026-06-27 15:00:00,29.4,29.4,29.2,29.2,329776.92436638,9650014.26626675
2026-06-27 15:15:00,29.4,29.5,29.3,29.4,58090.59787119,1707246.60047121
2026-06-27 15:30:00,29.4,29.5,29.3,29.5,187514.91217768,5517561.93139136
2026-06-27 15:45:00,29.3,29.5,29.3,29.5,218680.08136679,6409207.45890458
2026-06-27 16:00:00,29.5,29.5,29.3,29.4,71681.60474272,2103314.85156428
2026-06-27 16:15:00,29.4,29.5,29.3,29.5,26718.34477876,784721.31728204
2026-06-27 16:30:00,29.5,29.5,29.4,29.4,530851.37777805,15643351.43540236
2026-06-27 16:45:00,29.3,29.4,29.3,29.4,160277.72132479,4701524.2056186
2026-06-27 17:00:00,29.5,29.6,29.5,29.6,233927.8474576,6900871.55182124
2026-06-27 17:15:00,29.6,29.7,29.5,29.5,286880.18312022,8488910.97963836
2026-06-27 17:30:00,29.5,29.7,29.5,29.7,310919.07274786,9204547.26721333
2026-06-27 17:45:00,29.7,30.0,29.7,30.0,993299.59714692,29575624.92567395
2026-06-27 18:00:00,30.0,30.1,29.8,29.9,317998.03567246,9551469.72813549
2026-06-27 18:15:00,29.9,30.1,29.8,30.1,86000.45126138,2577439.95435404
2026-06-27 18:30:00,29.9,30.2,29.9,30.1,55317.49318309,1664940.37575703
2026-06-27 18:45:00,30.0,30.1,29.8,30.0,324980.34665389,9695704.0299938
2026-06-27 19:00:00,29.9,30.0,29.5,29.6,678491.94683143,20091622.31988093
2026-06-27 19:15:00,29.7,29.8,29.7,29.8,90186.61886193,2678782.89038121
2026-06-27 19:30:00,29.8,29.8,29.7,29.8,154778.03127121,4598440.0811046
2026-06-27 19:45:00,29.7,30.0,29.7,30.0,246700.52892416,7381723.94739091
2026-06-27 20:00:00,30.0,30.2,29.9,29.9,594748.04094453,17937070.34616047
2026-06-27 20:15:00,30.2,30.2,29.9,30.2,16810.07529058,503869.01114926
2026-06-27 20:45:00,30.1,30.1,29.9,30.1,8828.19823679,264305.60687936
2026-06-27 21:30:00,30.1,30.1,30.0,30.1,83964.49296594,2524212.61915244
2026-06-27 21:45:00,30.0,30.1,30.0,30.1,15015.86048602,450492.53589208
2026-06-27 22:00:00,30.1,30.7,30.1,30.7,1212299.66109053,36902896.22026131
2026-06-27 22:15:00,30.5,31.2,30.5,30.9,4735742.71829133,146158565.4792842
2026-06-27 22:30:00,30.7,31.0,30.7,30.9,530811.73311504,16385327.6337123
2026-06-27 22:45:00,30.6,30.8,30.0,30.5,1085254.36122613,32793728.47912349
2026-06-27 23:00:00,30.1,30.5,29.7,30.4,966258.31879528,29014766.6679092
2026-06-27 23:15:00,30.4,30.8,30.1,30.5,614511.10172882,18621372.37165476
2026-06-27 23:30:00,30.3,30.5,30.1,30.5,470421.02942702,14231203.51217122
2026-06-27 23:45:00,30.2,30.4,30.2,30.4,34900.57802295,1054030.42339835
2026-06-28 00:00:00,30.4,30.5,30.2,30.5,99248.0744399,3006229.26278541
2026-06-28 00:15:00,30.4,30.4,30.0,30.3,312255.32948423,9420583.98035282
2026-06-28 00:30:00,30.1,30.4,30.0,30.3,165122.57821079,4993765.52824246
2026-06-28 00:45:00,30.3,30.6,30.3,30.5,22926.83747963,694773.17727213
2026-06-28 01:00:00,30.4,30.4,30.0,30.0,333932.45924894,10089848.04084139
2026-06-28 01:15:00,30.2,30.3,30.0,30.3,65042.64134895,1959378.26207927
2026-06-28 01:30:00,30.0,30.0,30.0,30.0,25856.79515696,775703.8547088
2026-06-28 01:45:00,30.0,30.3,30.0,30.3,43415.26891416,1302527.62139331
2026-06-28 02:15:00,30.3,30.3,30.1,30.3,7036.44742589,213160.6101704
2026-06-28 02:30:00,30.3,30.6,30.3,30.6,124945.6862745,3799209.87481018
2026-06-28 02:45:00,30.6,30.6,30.3,30.4,87002.82360537,2652489.06040257
2026-06-28 03:00:00,30.4,30.4,30.1,30.1,158620.47863431,4788399.99106145
2026-06-28 03:15:00,30.0,30.0,29.7,29.8,271023.41600058,8094781.67682837
2026-06-28 03:30:00,29.8,29.8,29.6,29.6,322468.91753604,9586493.86628741
2026-06-28 04:15:00,29.6,29.8,29.6,29.8,74297.54030403,2208464.43694049
2026-06-28 04:30:00,29.9,29.9,29.7,29.7,62352.07377518,1853863.28008606
2026-06-28 04:45:00,29.8,30.1,29.8,30.0,31330.70841229,937647.20144811
2026-06-28 05:00:00,29.8,29.9,29.8,29.8,77573.02391281,2313960.67531077
2026-06-28 05:15:00,29.9,29.9,29.8,29.9,110526.12452896,3299364.05445956
2026-06-28 05:30:00,30.1,30.1,30.1,30.1,7182.72425249,216199.99999995
2026-06-28 05:45:00,29.9,30.1,29.9,30.1,50635.21367377,1517394.39199533
2026-06-28 06:00:00,30.1,30.4,29.9,30.3,180855.54323927,5466367.30638121
2026-06-28 06:15:00,30.0,30.2,29.9,30.2,31011.23294971,929984.44101698
2026-06-28 06:45:00,30.1,30.1,30.1,30.1,10000.0,301000.0
2026-06-28 07:00:00,29.9,30.1,29.8,30.1,511366.61614013,15252280.13270996
2026-06-28 07:45:00,30.0,30.0,30.0,30.0,3550.46666666,106513.9999998
2026-06-28 08:00:00,29.9,30.2,29.9,30.2,351075.80656689,10533324.56811599
2026-06-28 08:15:00,30.2,30.3,30.2,30.3,176576.90272411,5341274.13014959
2026-06-28 08:30:00,30.3,30.3,30.2,30.3,84815.36069014,2568257.43860532
2026-06-28 08:45:00,30.3,30.4,30.2,30.3,507410.5942292,15372919.1819851
2026-06-28 09:00:00,30.3,30.7,29.7,30.3,813932.23805369,24446708.15442088
2026-06-28 09:15:00,30.2,30.3,30.0,30.0,489475.4613616,14685008.73568374
2026-06-28 09:30:00,29.9,30.1,29.6,30.1,536330.37901027,15945209.93481975
2026-06-28 09:45:00,30.0,30.1,30.0,30.1,118332.95232442,3550022.5697326
2026-06-28 10:00:00,30.0,30.0,29.7,29.9,342317.99946539,10246924.81507131
2026-06-28 10:15:00,29.7,29.9,29.7,29.9,37754.52501237,1121332.19286739
2026-06-28 10:30:00,29.9,29.9,29.9,29.9,66571.27832403,1990481.2218885
2026-06-28 10:45:00,29.8,29.9,29.7,29.9,176859.12775534,5254225.98990945
2026-06-28 11:00:00,29.7,29.8,29.3,29.7,839115.97878781,24730685.67616745
2026-06-28 11:15:00,29.6,29.8,29.6,29.8,204157.38875146,6059696.34970021
2026-06-28 11:30:00,29.7,29.7,29.6,29.6,275895.54273485,8183514.89323439
2026-06-28 11:45:00,29.6,29.8,29.5,29.7,248354.64492111,7341299.37790167
2026-06-28 12:00:00,29.7,30.2,29.7,29.8,180900.28572313,5399302.61580647
2026-06-28 12:15:00,30.0,30.1,29.8,30.1,164111.74367312,4929678.37047778
2026-06-28 12:30:00,29.9,29.9,29.9,29.9,10988.41883406,328553.72313839
2026-06-28 12:45:00,29.7,30.0,29.7,30.0,71399.06215997,2127208.94615111
2026-06-28 13:00:00,29.8,29.9,29.7,29.7,147378.31232317,4378926.44681542
2026-06-28 13:15:00,30.0,30.0,29.6,29.9,53574.39195573,1589543.16189599
2026-06-28 13:30:00,29.6,29.9,29.5,29.6,214609.04019979,6340375.33940759
2026-06-28 13:45:00,29.7,30.4,29.5,30.3,580215.3393835,17425594.41162182
2026-06-28 14:00:00,30.2,30.3,30.0,30.2,373981.72903096,11276908.68610102
2026-06-28 14:15:00,30.0,30.0,29.5,29.6,686297.38788608,20369949.66326826
2026-06-28 14:30:00,29.8,29.9,29.6,29.9,76903.04635617,2285288.92590925
2026-06-28 14:45:00,29.7,29.8,29.7,29.8,9658.0,286848.4
2026-06-28 15:00:00,29.8,29.8,29.8,29.8,21534.40058494,641725.13743121
2026-06-28 15:15:00,29.6,29.8,29.2,29.6,406876.48819189,11977049.23497868
2026-06-28 15:30:00,29.5,29.5,29.3,29.3,200651.85448981,5884496.89530809
2026-06-28 15:45:00,29.2,29.7,29.2,29.6,529492.85498319,15559077.44309721
2026-06-28 16:00:00,29.3,29.3,29.3,29.3,172.29729729,5048.3108106
2026-06-28 16:15:00,29.5,29.5,29.4,29.4,82537.06953618,2426607.25050704
2026-06-28 16:30:00,29.4,29.5,29.4,29.4,113343.52826273,3332503.81255692
2026-06-28 16:45:00,29.4,29.6,29.4,29.6,58755.19439732,1732886.77842914
2026-06-28 17:00:00,29.6,29.6,29.6,29.6,165141.38201169,4888184.90754602
2026-06-28 17:15:00,29.5,29.6,29.5,29.6,13050.02026075,384981.29769213
2026-06-28 17:45:00,29.6,29.6,29.6,29.6,15451.18243243,457354.99999993
2026-06-28 18:00:00,29.5,29.6,29.5,29.5,17567.37424297,518254.46922167
2026-06-28 18:15:00,29.5,29.8,29.5,29.8,59866.79422783,1771508.80477591
2026-06-28 18:30:00,29.8,29.8,29.5,29.8,8873.05364246,261856.28715055
2026-06-28 18:45:00,29.7,29.7,29.5,29.5,141914.51139796,4186544.03163982
2026-06-28 19:00:00,29.7,29.7,29.6,29.6,29697.62456022,879393.65701618
2026-06-28 19:15:00,29.5,29.6,29.2,29.2,473519.42317365,13883685.13323315
2026-06-28 19:30:00,29.2,29.4,29.2,29.4,573355.58088385,16752843.37086322
2026-06-28 19:45:00,29.4,29.4,29.2,29.4,19470.42618538,569364.10787838
2026-06-28 20:00:00,29.4,29.4,29.4,29.4,2863.19425321,84177.91104437
2026-06-28 20:15:00,29.4,29.4,29.3,29.3,34999.32176768,1026330.05996979
2026-06-28 20:30:00,29.4,29.4,29.4,29.4,54794.36751012,1610954.40479753
2026-06-28 20:45:00,29.4,29.5,29.4,29.5,61547.9229706,1809514.73533564
2026-06-28 21:00:00,29.5,29.6,29.4,29.6,119242.7898002,3521075.82704145
2026-06-28 21:15:00,29.7,29.8,29.2,29.5,405654.55121992,11920068.60602634
2026-06-28 21:30:00,29.5,29.6,29.3,29.3,145439.85034501,4264884.32138221
2026-06-28 21:45:00,29.4,29.5,29.2,29.5,575101.33755135,16824748.49790677
2026-06-28 22:00:00,29.4,29.7,29.3,29.4,568476.09423989,16714684.13635816
2026-06-28 22:15:00,29.4,29.5,29.4,29.5,20611.49152541,607292.47123247
2026-06-28 22:30:00,29.5,29.5,29.5,29.5,146044.22626203,4308304.67472989
2026-06-28 22:45:00,29.5,29.8,29.5,29.8,54971.96135272,1632649.72538702
2026-06-28 23:00:00,29.5,29.5,29.3,29.4,399979.13235146,11734246.15465924
