,open,high,low,close,volume,value
2026-05-04 21:45:00,30.9,30.9,30.9,30.9,162932.327874,5034608.9313066
2026-05-04 22:00:00,30.9,30.9,30.9,30.9,972.43723414,30048.31053493
2026-05-04 22:15:00,30.9,30.9,30.9,30.9,38918.77063708,1202590.01268577
2026-05-04 22:30:00,30.9,31.1,30.9,30.9,104262.92666536,3235373.0448921
2026-05-04 22:45:00,31.0,31.0,30.9,31.0,24296.21206436,753150.41965432
2026-05-04 23:00:00,31.0,31.0,31.0,31.0,5423.935483,168141.999973
2026-05-04 23:15:00,31.0,31.1,31.0,31.1,150400.59500541,4664793.88124388
2026-05-04 23:30:00,31.1,31.1,31.1,31.1,55892.66460017,1738261.86906529
2026-05-04 23:45:00,31.1,31.1,31.0,31.1,16532.41974761,514135.67350551
2026-05-05 00:00:00,31.1,31.1,31.0,31.1,83148.67498722,2585277.67503163
2026-05-05 00:15:00,31.1,31.1,31.1,31.1,26722.22249004,831061.11944024
2026-05-05 00:45:00,31.1,31.1,31.1,31.1,50820.57097723,1580519.75739185
2026-05-05 01:00:00,31.1,31.1,31.1,31.1,31064.14638339,966094.95252343
2026-05-05 01:15:00,31.1,31.1,31.0,31.0,1470.883891,45725.05154098
2026-05-05 02:30:00,31.1,31.2,31.1,31.2,38330.62157621,1192723.35666116
2026-05-05 02:45:00,31.2,31.2,31.1,31.1,56572.32252316,1763393.74282948
2026-05-05 03:15:00,31.2,31.2,31.2,31.2,50635.00304771,1579812.09508855
2026-05-05 04:45:00,31.2,31.3,31.2,31.3,195129.11120976,6088092.16750809
2026-05-05 05:00:00,31.3,31.3,31.3,31.3,15974.44089456,499999.99999973
2026-05-05 05:15:00,31.3,31.3,31.3,31.3,3609.56869008,112979.4999995
2026-05-05 05:30:00,31.2,31.3,31.2,31.3,70944.02235536,2218893.24726091
2026-05-05 06:00:00,31.3,31.3,31.3,31.3,13789.33536426,431606.19690134
2026-05-05 06:15:00,31.2,31.2,31.2,31.2,590.1233,18411.84696
2026-05-05 07:00:00,31.2,31.2,31.2,31.2,3249.7348,101391.72576
2026-05-05 07:15:00,31.2,31.2,31.2,31.2,89757.0899,2800421.20488
2026-05-05 07:30:00,31.2,31.3,31.1,31.1,135268.10744144,4218919.56176186
2026-05-05 07:45:00,31.2,31.2,31.2,31.2,759.2627923,23688.99911976
2026-05-05 08:00:00,31.2,31.2,31.2,31.2,1592.35668789,49681.52866217
2026-05-05 08:15:00,31.2,31.2,31.2,31.2,320.5128205,9999.9999996
2026-05-05 08:30:00,31.2,31.2,31.2,31.2,16025.64102564,499999.99999997
2026-05-05 08:45:00,31.1,31.1,31.0,31.1,85803.08354189,2667587.26020069
2026-05-05 09:00:00,31.1,31.2,31.0,31.2,169335.2938676,5262389.5304317
2026-05-05 09:15:00,31.1,31.2,31.0,31.0,685496.01907038,21298559.69601751
2026-05-05 09:30:00,31.0,31.0,30.9,30.9,509458.15506184,15742541.33633517
2026-05-05 09:45:00,31.0,31.0,31.0,31.0,15923.56687898,493630.57324838
2026-05-05 10:00:00,31.0,31.0,31.0,31.0,1524.06381543,47245.97827833
2026-05-05 10:15:00,31.0,31.0,31.0,31.0,4104.59987397,127242.59609307
2026-05-05 10:30:00,31.0,31.0,31.0,31.0,187728.14057403,5819572.35779493
2026-05-05 10:45:00,31.0,31.0,31.0,31.0,69353.46478099,2149957.40821069
2026-05-05 11:00:00,31.0,31.0,31.0,31.0,5425.12768551,168178.95825081
2026-05-05 11:15:00,31.1,31.1,31.1,31.1,5675.63665594,176512.29999973
2026-05-05 11:30:00,31.1,31.1,31.1,31.1,5126.7170418,159440.89999998
2026-05-05 11:45:00,31.1,31.2,31.1,31.2,560265.81730769,17464790.01889138
2026-05-05 12:15:00,31.2,31.3,31.1,31.3,793330.14914188,24756291.57403734
2026-05-05 12:30:00,31.3,31.3,31.2,31.2,10401.32632395,325208.69260367
2026-05-05 13:00:00,31.2,31.2,31.2,31.2,23903.14086844,745777.99509533
2026-05-05 13:15:00,31.2,31.2,31.2,31.2,27400.0762105,854882.3777676
2026-05-05 13:30:00,31.2,31.2,31.2,31.2,320.51282051,9999.99999991
2026-05-05 13:45:00,31.2,31.2,31.2,31.2,22279.75755711,695128.43578183
2026-05-05 14:00:00,31.2,31.2,31.2,31.2,16708.58412605,521307.82473276
2026-05-05 14:15:00,31.3,31.4,31.3,31.4,326669.19809452,10239532.00093876
2026-05-05 14:30:00,31.4,31.4,31.4,31.4,20270.56535426,636495.75212376
2026-05-05 14:45:00,31.3,31.4,31.3,31.4,366485.15720402,11488308.52418054
2026-05-05 15:00:00,31.3,31.4,31.3,31.3,146607.61657726,4590290.97530136
2026-05-05 15:30:00,31.3,31.3,31.3,31.3,56181.39811882,1758477.76111907
2026-05-05 15:45:00,31.2,31.3,31.2,31.3,62488.5362347,1954078.23399996
2026-05-05 16:00:00,31.4,31.4,31.3,31.3,32970.99645439,1035176.9023982
2026-05-05 16:15:00,31.3,31.4,31.3,31.3,102850.45609822,3220269.75382003
2026-05-05 16:30:00,31.4,31.4,31.4,31.4,20000.0,628000.0
2026-05-05 16:45:00,31.4,31.5,31.4,31.5,283507.54778472,8902487.60678941
2026-05-05 17:00:00,31.4,31.4,31.3,31.3,68568.76378554,2151097.74597785
2026-05-05 17:15:00,31.3,31.4,31.3,31.4,51272.10100366,1604986.76141456
2026-05-05 17:30:00,31.4,31.4,31.4,31.4,89793.79454267,2819525.14863984
2026-05-05 17:45:00,31.4,31.4,31.3,31.4,335136.83170259,10491245.23341004
2026-05-05 18:00:00,31.3,31.3,31.3,31.3,49196.03833865,1539835.99999975
2026-05-05 18:15:00,31.4,31.4,31.2,31.2,31955.41401273,997263.8977633
2026-05-05 18:30:00,31.2,31.2,31.2,31.2,21383.23277909,667156.86270761
2026-05-05 18:45:00,31.3,31.3,31.3,31.3,269135.38298203,8423937.48733754
2026-05-05 19:00:00,31.4,31.4,31.3,31.3,83485.68217329,2621414.17038709
2026-05-05 19:15:00,31.3,31.3,31.3,31.3,180323.75394082,5644133.49834767
2026-05-05 19:45:00,31.2,31.2,31.2,31.2,111571.95287706,3481044.92976427
2026-05-05 20:30:00,31.2,31.3,31.2,31.3,33302.54777069,1042319.7452226
2026-05-05 20:45:00,31.3,31.3,31.3,31.3,14605.88754326,457164.28010404
2026-05-05 21:15:00,31.3,31.4,31.3,31.3,17221.47188345,539351.55876988
2026-05-05 21:30:00,31.3,31.3,31.2,31.2,215078.29881138,6712885.6414517
2026-05-05 22:00:00,31.2,31.4,31.2,31.4,117138.55889486,3674465.71780784
2026-05-05 22:15:00,31.4,31.4,31.2,31.3,23858.42496377,745513.88725114
2026-05-05 22:30:00,31.4,31.4,31.3,31.3,288366.13973432,9031890.67611682
2026-05-05 22:45:00,31.4,31.4,31.4,31.4,530948.47133536,16671781.9999303
2026-05-05 23:00:00,31.4,31.4,31.4,31.4,18766.95500689,589282.38721635
2026-05-05 23:15:00,31.3,31.3,31.3,31.3,22719.60826048,711123.73855302
2026-05-05 23:30:00,31.3,31.3,31.3,31.3,134980.28005364,4224882.76567893
2026-05-05 23:45:00,31.4,31.4,31.4,31.4,16045.763292,503836.9673688
2026-05-06 00:00:00,31.4,31.4,31.4,31.4,36174.87261136,1135890.9999967
2026-05-06 00:15:00,31.3,31.3,31.3,31.3,22433.92135178,702181.73831071
2026-05-06 00:45:00,31.3,31.3,31.3,31.3,15000.0,469500.0
2026-05-06 01:00:00,31.3,31.3,31.3,31.3,7534.51753087,235830.39871623
2026-05-06 02:00:00,31.3,31.3,31.3,31.3,66553.03441536,2083109.97720077
2026-05-06 02:15:00,31.3,31.3,31.3,31.3,65186.62998597,2040341.51856086
2026-05-06 02:45:00,31.3,31.3,31.3,31.3,946.10576923,29613.1105769
2026-05-06 04:15:00,31.4,31.4,31.3,31.3,1142.85714284,35828.57142803
2026-05-06 05:00:00,31.3,31.3,31.3,31.3,1327.08444705,41537.74319267
2026-05-06 05:15:00,31.3,31.3,31.3,31.3,48496.55998392,1517942.3274967
2026-05-06 05:45:00,31.3,31.3,31.3,31.3,19073.22865898,596992.05702607
2026-05-06 06:00:00,31.3,31.3,31.3,31.3,1319.48730271,41299.95257482
2026-05-06 06:15:00,31.4,31.4,31.4,31.4,80925.33351158,2541055.47226361
2026-05-06 06:30:00,31.4,31.4,31.4,31.4,4764.1147579,149593.20339806
2026-05-06 06:45:00,31.4,31.4,31.4,31.4,719.9903233,22607.69615162
2026-05-06 07:00:00,31.4,31.4,31.4,31.4,676.71974521,21248.99999959
2026-05-06 07:30:00,31.4,31.4,31.4,31.4,160159.55414012,5029009.99999977
2026-05-06 07:45:00,31.4,31.4,31.4,31.4,81099.45957342,2546523.03060539
2026-05-06 08:15:00,31.4,31.4,31.4,31.4,1062.54715779,33363.98075461
2026-05-06 08:30:00,31.4,31.4,31.4,31.4,42850.51225196,1345506.08471154
2026-05-06 08:45:00,31.3,31.4,31.3,31.3,101744.916755,3192899.27276765
2026-05-06 09:00:00,31.4,31.4,31.3,31.3,123087.9556059,3858151.62733843
2026-05-06 09:15:00,31.3,31.3,31.3,31.3,2435.31232754,76225.275852
2026-05-06 09:30:00,31.3,31.3,31.3,31.3,127327.60812567,3985354.13433347
2026-05-06 09:45:00,31.3,31.3,31.3,31.3,86316.63389387,2701710.64087813
2026-05-06 10:00:00,31.3,31.3,31.3,31.3,73145.87801702,2289465.98193273
2026-05-06 10:15:00,31.3,31.3,31.0,31.0,989693.63102373,30764657.54714717
2026-05-06 10:30:00,31.2,31.2,31.1,31.1,170108.52314312,5303162.34509378
2026-05-06 10:45:00,31.1,31.1,31.1,31.1,5104.20127795,158740.65974425
2026-05-06 11:00:00,31.2,31.2,31.2,31.2,11945.63607478,372703.84553314
2026-05-06 11:15:00,31.2,31.3,31.2,31.3,261990.81652845,8198894.18105843
2026-05-06 11:30:00,31.3,31.3,31.3,31.3,869093.84008271,27202637.19458882
2026-05-06 11:45:00,31.3,31.4,31.3,31.3,50770.53874166,1589136.97089421
2026-05-06 12:00:00,31.3,31.3,31.3,31.3,151703.1454774,4748308.45344262
2026-05-06 12:15:00,31.3,31.4,31.3,31.3,185697.28392442,5812644.47565224
2026-05-06 12:30:00,31.4,31.5,31.4,31.5,300407.73660501,9445233.26511374
2026-05-06 12:45:00,31.4,31.5,31.3,31.4,208544.02677733,6547860.33189096
2026-05-06 13:00:00,31.4,31.5,31.3,31.4,353099.26781372,11061997.28477571
2026-05-06 13:15:00,31.4,31.4,31.4,31.4,19028.74929094,597502.72773552
2026-05-06 13:30:00,31.4,31.4,31.4,31.4,831866.50730966,26120608.32952332
2026-05-06 13:45:00,31.4,31.4,31.4,31.4,34164.29734803,1072758.93672814
2026-05-06 14:00:00,31.3,31.4,31.3,31.4,76043.25159818,2381510.49475234
2026-05-06 14:15:00,31.3,31.4,31.3,31.3,37912.60580669,1186682.30935323
2026-05-06 14:30:00,31.4,31.4,31.3,31.3,18684.61247287,585630.63805681
2026-05-06 14:45:00,31.3,31.3,31.3,31.3,113615.52810542,3556166.02969965
2026-05-06 15:00:00,31.3,31.3,31.3,31.3,352250.30375984,11025434.50768299
2026-05-06 15:15:00,31.3,31.3,31.3,31.3,14910.47944876,466698.00674619
2026-05-06 15:30:00,31.2,31.4,31.2,31.4,1493.54717683,46751.16108712
2026-05-06 16:00:00,31.2,31.3,31.2,31.3,496.51620937,15509.11021952
2026-05-06 16:30:00,31.2,31.2,31.2,31.2,12843.33027236,400711.90449763
2026-05-06 16:45:00,31.2,31.2,31.2,31.2,289785.5188825,9041308.189134
2026-05-06 17:00:00,31.2,31.2,31.2,31.2,320.51282051,9999.99999991
2026-05-06 17:15:00,31.1,31.3,31.0,31.2,222571.27933479,6922707.37174166
2026-05-06 17:30:00,31.2,31.2,31.2,31.2,13220.06123971,412465.91067895
2026-05-06 17:45:00,31.2,31.2,31.2,31.2,17185.02928022,536172.91354286
2026-05-06 18:00:00,31.2,31.2,31.2,31.2,160.40056894,5004.49775093
2026-05-06 18:15:00,31.1,31.3,31.1,31.3,49723.29096241,1549459.65879642
2026-05-06 18:30:00,31.2,31.2,31.2,31.2,19383.51212743,604765.57837582
2026-05-06 18:45:00,31.2,31.2,31.2,31.2,74804.80938492,2333910.0528095
2026-05-06 19:00:00,31.3,31.3,31.2,31.2,3655.69291818,114391.13705698
2026-05-06 19:15:00,31.3,31.3,31.2,31.3,143651.4028964,4495296.32308014
2026-05-06 19:30:00,31.3,31.3,31.3,31.3,5742.8154932,179750.12493716
2026-05-06 19:45:00,31.3,31.3,31.2,31.2,30433.67360609,951928.8225803
2026-05-06 20:00:00,31.3,31.3,31.3,31.3,600.0,18780.0
2026-05-06 20:15:00,31.2,31.4,31.2,31.4,115025.85311206,3611432.87086348
2026-05-06 20:30:00,31.3,31.3,31.3,31.3,17161.19151309,537145.29435972
2026-05-06 20:45:00,31.3,31.4,31.3,31.4,30932.63082987,968844.22872414
2026-05-06 21:00:00,31.3,31.3,31.3,31.3,31948.88178914,1000000.00000008
2026-05-06 21:15:00,31.3,31.3,31.3,31.3,120258.48564555,3764090.60070572
2026-05-06 21:30:00,31.2,31.3,31.2,31.2,39566.03135894,1234585.86852672
2026-05-06 21:45:00,31.3,31.3,31.3,31.3,26112.92415801,817334.52614571
2026-05-06 22:00:00,31.3,31.3,31.2,31.2,56696.38915155,1773936.88371679
2026-05-06 22:15:00,31.2,31.2,31.2,31.2,21523.36,671528.832
2026-05-06 22:30:00,31.2,31.2,31.2,31.2,81526.18655109,2543617.02039401
2026-05-06 22:45:00,31.2,31.3,31.2,31.3,123825.95267265,3865501.32597098
2026-05-06 23:00:00,31.3,31.3,31.1,31.1,572611.34493472,17864573.94678344
2026-05-06 23:15:00,31.1,31.2,31.1,31.2,288369.43785819,8981819.75824503
2026-05-06 23:45:00,31.2,31.3,31.2,31.3,58177.49837609,1818212.46246162
2026-05-07 00:00:00,31.3,31.3,31.2,31.2,19846.52360657,620277.33844188
2026-05-07 00:15:00,31.2,31.2,31.2,31.2,38461.53846154,1200000.00000005
2026-05-07 00:45:00,31.3,31.3,31.3,31.3,15974.44089456,499999.99999973
2026-05-07 01:00:00,31.3,31.3,31.2,31.3,21980.83067091,685999.99999948
2026-05-07 01:45:00,31.2,31.2,31.2,31.2,18927.60293997,590541.21172706
2026-05-07 02:15:00,31.2,31.3,31.1,31.3,77790.47208902,2422186.97856522
2026-05-07 02:45:00,31.3,31.3,31.3,31.3,28309.82428115,886097.5
2026-05-07 03:00:00,31.3,31.3,31.2,31.2,6731.8565152,210049.91527824
2026-05-07 05:30:00,31.2,31.3,31.2,31.3,6165.31499408,192399.0883352
2026-05-07 06:30:00,31.2,31.2,31.1,31.1,121152.11736855,3779840.41946116
2026-05-07 06:45:00,31.1,31.3,31.1,31.3,116903.57122037,3654561.32693434
2026-05-07 07:00:00,31.3,31.3,31.3,31.3,159.88810706,5004.49775098
2026-05-07 07:15:00,31.3,31.3,31.3,31.3,159.92003998,5005.49725137
2026-05-07 07:30:00,31.3,31.3,31.3,31.3,335.46325878,10499.99999981
2026-05-07 07:45:00,31.3,31.3,31.3,31.3,320.44680535,10029.98500746
2026-05-07 08:15:00,31.1,31.1,31.1,31.1,39415.21612685,1225813.22154504
2026-05-07 08:30:00,31.1,31.2,31.1,31.1,344689.18481697,10721307.26997104
2026-05-07 08:45:00,31.2,31.2,31.1,31.1,53451.19605258,1662348.30656
2026-05-07 09:00:00,31.1,31.2,31.1,31.1,332227.14943869,10332280.69369711
2026-05-07 09:15:00,31.2,31.2,31.1,31.2,295594.14157628,9218546.3873199
2026-05-07 09:30:00,31.2,31.2,31.2,31.2,322347.05576266,10057228.13979499
2026-05-07 09:45:00,31.2,31.2,31.0,31.2,355777.25246007,11074651.14374905
2026-05-07 10:00:00,31.1,31.1,31.0,31.0,79092.28681813,2455986.11400712
2026-05-07 10:15:00,31.0,31.2,31.0,31.2,349102.305664,10880322.74147392
2026-05-07 10:30:00,31.2,31.3,31.2,31.2,110318.56155313,3444403.37076062
2026-05-07 10:45:00,31.3,31.4,31.3,31.3,779419.27171356,24402189.44667264
2026-05-07 11:00:00,31.3,31.3,31.1,31.1,136727.29668378,4276279.98983343
2026-05-07 11:15:00,31.2,31.3,31.2,31.3,112821.92846214,3525003.21898262
2026-05-07 11:30:00,31.3,31.3,31.1,31.3,103529.2007001,3234620.54236333
2026-05-07 11:45:00,31.2,31.3,31.2,31.3,52399.89972969,1638909.61557771
2026-05-07 12:00:00,31.3,31.3,31.3,31.3,79670.80357583,2493696.15192348
2026-05-07 12:15:00,31.2,31.3,31.2,31.2,42115.96922108,1314920.01245349
2026-05-07 12:30:00,31.3,31.4,31.3,31.4,1003228.9179686,31474428.03882606
2026-05-07 12:45:00,31.5,31.5,31.4,31.5,165041.09728318,5192304.21078269
2026-05-07 13:00:00,31.5,31.5,31.3,31.5,934442.06258582,29372331.07661038
2026-05-07 13:15:00,31.5,31.5,31.5,31.5,11100.00555277,349650.17491226
2026-05-07 13:30:00,31.4,31.4,31.4,31.4,30355.86807434,953174.25753428
2026-05-07 13:45:00,31.5,31.5,31.5,31.5,35632.07734257,1122410.43629096
2026-05-07 14:00:00,31.4,31.4,31.1,31.1,668596.50079805,20898300.82795816
2026-05-07 14:15:00,31.1,31.1,31.1,31.1,88368.24765894,2748252.50219303
2026-05-07 14:30:00,31.3,31.3,31.2,31.2,3391.15293345,105821.54340862
2026-05-07 14:45:00,31.2,31.3,31.1,31.3,146988.27183208,4586137.20891688
2026-05-07 15:00:00,31.3,31.3,31.3,31.3,38799.93100904,1214437.84058295
2026-05-07 15:15:00,31.3,31.3,31.2,31.2,98909.91784857,3090076.57222145
2026-05-07 15:30:00,31.2,31.2,31.2,31.2,19421.60498498,605954.07553138
2026-05-07 15:45:00,31.1,31.1,31.1,31.1,19912.65505222,619283.57212404
2026-05-07 16:00:00,31.2,31.2,31.1,31.1,121057.61694239,3765983.39966817
2026-05-07 16:15:00,31.3,31.3,31.3,31.3,2162.05631383,67672.36262288
2026-05-07 16:30:00,31.3,31.3,31.3,31.3,6802.04464061,212903.99725109
2026-05-07 16:45:00,31.3,31.3,31.3,31.3,115595.55983545,3618141.02284959
2026-05-07 17:00:00,31.3,31.3,31.3,31.3,200.0,6260.0
2026-05-07 17:15:00,31.3,31.3,31.3,31.3,104577.64070967,3273280.15421267
2026-05-07 17:30:00,31.2,31.3,31.2,31.3,95583.33240154,2982215.94856383
2026-05-07 17:45:00,31.3,31.3,31.3,31.3,63865.83066294,1999000.49975002
2026-05-07 18:00:00,31.3,31.3,31.3,31.3,2000.0,62600.0
2026-05-07 18:30:00,31.3,31.3,31.3,31.3,36416.71423226,1139843.15546974
2026-05-07 18:45:00,31.3,31.3,31.2,31.2,148799.67491558,4642749.8573661
2026-05-07 19:00:00,31.2,31.2,31.2,31.2,22250.5041409,694215.72919608
2026-05-07 19:15:00,31.2,31.3,31.2,31.3,7992.31646799,249468.89999937
2026-05-07 19:30:00,31.3,31.3,31.3,31.3,51357.01744236,1607474.64594587
2026-05-07 19:45:00,31.3,31.3,31.3,31.3,322.69121849,10100.23513874
2026-05-07 20:00:00,31.3,31.3,31.3,31.3,322.69121849,10100.23513874
2026-05-07 20:15:00,31.3,31.3,31.3,31.3,13487.03853201,422144.30605191
2026-05-07 20:30:00,31.3,31.3,31.3,31.3,1011.44359992,31658.1846775
2026-05-07 21:00:00,31.4,31.4,31.4,31.4,18159.8085102,570217.98722028
2026-05-07 21:15:00,31.4,31.4,31.3,31.4,36863.59535859,1153957.02370957
2026-05-07 21:30:00,31.4,31.4,31.3,31.3,27018.23817968,848339.01616061
2026-05-07 21:45:00,31.3,31.3,31.2,31.2,104508.53271719,3268407.9900191
2026-05-07 22:00:00,31.2,31.3,31.2,31.3,76300.13085028,2380695.04922109
2026-05-07 22:15:00,31.3,31.3,31.2,31.2,4319.84951143,134827.23127419
2026-05-07 22:45:00,31.3,31.3,31.2,31.3,16591.65227651,519291.71270476
2026-05-07 23:00:00,31.3,31.3,31.3,31.3,42698.59424913,1336465.99999777
2026-05-07 23:15:00,31.3,31.5,31.3,31.5,561369.60910726,17624553.41591912
2026-05-07 23:30:00,31.4,31.4,31.2,31.2,408026.47484219,12785815.65945587
2026-05-07 23:45:00,31.3,31.3,31.3,31.3,34692.44795821,1085873.62109197
2026-05-08 00:00:00,31.3,31.3,31.3,31.3,46256.07367509,1447815.10603032
2026-05-08 00:15:00,31.2,31.2,31.2,31.2,41403.82749801,1291799.41793791
2026-05-08 00:30:00,31.3,31.3,31.3,31.3,25101.85340897,785688.01170076
2026-05-08 01:00:00,31.3,31.3,31.3,31.3,1587.3015873,49682.53968249
2026-05-08 01:30:00,31.4,31.4,31.4,31.4,12576.43312101,394899.99999971
2026-05-08 01:45:00,31.4,31.4,31.4,31.4,318.47133757,9999.9999997
2026-05-08 02:00:00,31.4,31.4,31.2,31.2,383394.11269484,12014595.38741129
2026-05-08 02:15:00,31.2,31.2,31.2,31.2,84019.4422,2621406.59664
2026-05-08 02:30:00,31.2,31.2,31.2,31.2,166563.45657688,5196779.84519866
2026-05-08 03:00:00,31.2,31.2,31.2,31.2,82982.98612129,2589069.16698425
2026-05-08 05:45:00,31.3,31.3,31.3,31.3,11773.86981049,368522.12506834
2026-05-08 06:00:00,31.2,31.2,31.2,31.2,4823.1511254,150482.31511248
2026-05-08 06:15:00,31.3,31.3,31.3,31.3,8557.09753749,267837.15292344
2026-05-08 06:30:00,31.3,31.3,31.3,31.3,1597.44408945,49999.99999979
2026-05-08 07:15:00,31.3,31.3,31.3,31.3,12000.0,375600.0
2026-05-08 07:30:00,31.3,31.4,31.3,31.4,34979.82714836,1096868.58974367
2026-05-08 07:45:00,31.4,31.4,31.4,31.4,17233.32601214,541126.4367812
2026-05-08 08:00:00,31.4,31.4,31.4,31.4,659.67016491,20713.64317817
2026-05-08 08:15:00,31.4,31.4,31.4,31.4,79617.8343949,2499999.99999986
2026-05-08 08:45:00,31.3,31.3,31.2,31.2,53748.55902093,1679168.02998351
2026-05-08 09:00:00,31.3,31.4,31.3,31.4,145232.88813495,4555889.1350889
2026-05-08 09:15:00,31.4,31.4,31.4,31.4,97407.7772658,3058604.20614612
2026-05-08 09:30:00,31.4,31.5,31.4,31.5,170382.03954345,5350779.66016953
2026-05-08 09:45:00,31.5,31.5,31.5,31.5,12645.73164729,398340.54688964
2026-05-08 10:00:00,31.4,31.4,31.3,31.4,31027.66512844,973034.89240552
2026-05-08 10:15:00,31.4,31.4,31.4,31.4,4280.50955414,134408.0
2026-05-08 10:30:00,31.3,31.3,31.3,31.3,115671.30041143,3620511.70287776
2026-05-08 10:45:00,31.3,31.3,31.3,31.3,31894.84097902,998308.52264333
2026-05-08 11:00:00,31.4,31.4,31.4,31.4,3198.91009909,100445.77711143
2026-05-08 11:15:00,31.3,31.4,31.3,31.3,287488.213106,9000199.49221699
2026-05-08 11:30:00,31.4,31.4,31.4,31.4,273451.1089216,8586364.82013824
2026-05-08 11:45:00,31.4,31.4,31.4,31.4,40522.92828466,1272419.94813832
2026-05-08 12:00:00,31.4,31.4,31.4,31.4,45175.70924728,1418517.27036459
2026-05-08 12:15:00,31.4,31.4,31.4,31.4,40203.6635189,1262395.03449346
2026-05-08 12:30:00,31.5,31.5,31.5,31.5,22426.86593211,706446.27686147
2026-05-08 13:00:00,31.5,31.5,31.4,31.4,90645.23372351,2846529.62713477
2026-05-08 13:15:00,31.4,31.4,31.4,31.4,41000.0,1287400.0
2026-05-08 13:30:00,31.4,31.4,31.4,31.4,73065.49626397,2294256.58268866
2026-05-08 13:45:00,31.5,31.5,31.4,31.5,131264.93116934,4134631.3063565
2026-05-08 14:00:00,31.5,31.6,31.4,31.6,108437.13605994,3416012.62585246
2026-05-08 14:15:00,31.6,31.6,31.5,31.5,416401.92791721,13146936.72040847
2026-05-08 14:30:00,31.5,31.5,31.5,31.5,156715.74743608,4936546.04423652
2026-05-08 14:45:00,31.5,31.5,31.5,31.5,26902.37140045,847424.69911418
2026-05-08 15:00:00,31.5,31.5,31.5,31.5,9520.63492063,299899.99999985
2026-05-08 15:15:00,31.5,31.5,31.4,31.4,10569.66199001,331987.38648631
2026-05-08 15:45:00,31.4,31.4,31.3,31.3,659056.51603587,20640659.99515111
2026-05-08 16:00:00,31.5,31.5,31.5,31.5,1587.3015873,49999.99999995
2026-05-08 16:30:00,31.3,31.3,31.3,31.3,206.33340574,6458.23559966
2026-05-08 16:45:00,31.5,31.5,31.5,31.5,23658.37777777,745238.89999976
2026-05-08 17:15:00,31.5,31.5,31.4,31.4,9118.67719364,287161.38451522
2026-05-08 17:30:00,31.4,31.4,31.4,31.4,6369.4267516,200000.00000024
2026-05-08 17:45:00,31.5,31.5,31.4,31.4,20797.59076563,653203.08019951
2026-05-08 18:15:00,31.5,31.5,31.4,31.4,27038.09400912,850900.28260672
2026-05-08 18:30:00,31.4,31.4,31.2,31.3,754914.31835194,23594901.84890446
2026-05-08 18:45:00,31.3,31.3,31.0,31.1,1239739.67792881,38632269.54976556
2026-05-08 19:00:00,31.1,31.4,31.1,31.2,214328.51203288,6670520.80022859
2026-05-08 19:30:00,31.3,31.4,31.3,31.4,21268.18626412,665722.43301698
2026-05-08 19:45:00,31.4,31.4,31.4,31.4,31793.43449294,998313.84307832
2026-05-08 20:00:00,31.4,31.4,31.4,31.4,131287.59004255,4122430.32733607
2026-05-08 20:15:00,31.3,31.3,31.3,31.3,121361.44874405,3798613.34568877
2026-05-08 20:30:00,31.4,31.4,31.2,31.2,149721.19380616,4698157.9607094
2026-05-08 20:45:00,31.2,31.2,31.2,31.2,955.41401273,29808.91719718
2026-05-08 21:30:00,31.3,31.3,31.2,31.2,82964.63681717,2595799.74678213
2026-05-08 21:45:00,31.2,31.3,31.2,31.3,22502.63706801,702151.59968781
2026-05-08 22:15:00,31.3,31.4,31.3,31.3,63494.54692087,1988841.20078884
2026-05-08 22:30:00,31.3,31.3,31.3,31.3,2452.25128946,76755.4653601
2026-05-08 22:45:00,31.3,31.3,31.3,31.3,75199.55322798,2353746.01603577
2026-05-08 23:00:00,31.3,31.4,31.3,31.4,28443.54297,892984.265568
2026-05-08 23:15:00,31.4,31.4,31.3,31.4,108753.15800954,3405819.83832331
2026-05-08 23:30:00,31.3,31.3,31.3,31.3,163.46153846,5116.3461538
2026-05-08 23:45:00,31.3,31.4,31.3,31.3,182029.22298731,5698046.3242312
2026-05-09 00:00:00,31.4,31.4,31.4,31.4,57528.39722823,1806391.67296642
2026-05-09 00:15:00,31.4,31.4,31.3,31.4,112393.12533972,3527978.4176078
2026-05-09 00:30:00,31.4,31.4,31.4,31.4,121577.28064991,3817526.61240717
2026-05-09 00:45:00,31.4,31.4,31.4,31.4,39280.79477775,1233416.95602135
2026-05-09 01:00:00,31.4,31.4,31.4,31.4,3056.49681528,95973.99999979
2026-05-09 01:30:00,31.4,31.5,31.4,31.4,44355.49883451,1395963.2624937
2026-05-09 01:45:00,31.4,31.4,31.4,31.4,1312.5,41212.5
2026-05-09 02:00:00,31.4,31.5,31.4,31.5,7346.82829096,231252.82554024
2026-05-09 02:30:00,31.5,31.5,31.5,31.5,158.95238095,5006.99999993
2026-05-09 02:45:00,31.4,31.4,31.4,31.4,90233.70121123,2833338.21803262
2026-05-09 03:00:00,31.5,31.5,31.4,31.4,67933.07149694,2133117.49262296
2026-05-09 03:15:00,31.4,31.5,31.4,31.5,89673.19927416,2824232.19348403
2026-05-09 03:30:00,31.5,31.5,31.4,31.4,34915.95712745,1096393.45030209
2026-05-09 03:45:00,31.4,31.4,31.4,31.4,50542.85533563,1587045.65753878
2026-05-09 04:00:00,31.4,31.5,31.4,31.5,1708.26799774,53767.00366407
2026-05-09 04:15:00,31.5,31.5,31.5,31.5,13823.76190475,435448.49999963
2026-05-09 05:00:00,31.5,31.5,31.5,31.5,317.46031746,9999.99999999
2026-05-09 05:45:00,31.5,31.5,31.5,31.5,150585.69128133,4743449.2753619
2026-05-09 06:00:00,31.5,31.6,31.4,31.6,67426.09560297,2119105.15753265
2026-05-09 06:15:00,31.4,31.5,31.4,31.5,16255.18147811,511999.99999996
2026-05-09 06:30:00,31.6,31.6,31.5,31.6,9724.11554689,306961.53846121
2026-05-09 06:45:00,31.6,31.6,31.4,31.6,96002.7727395,3023398.1104249
2026-05-09 07:00:00,31.4,31.6,31.4,31.6,4987.3232578,157535.92288299
2026-05-09 07:15:00,31.6,31.6,31.5,31.6,67303.93669999,2126589.89354968
2026-05-09 07:45:00,31.5,31.5,31.5,31.5,127349.8844192,4011521.3592048
2026-05-09 08:00:00,31.5,31.6,31.5,31.6,439081.63957178,13856992.92565947
2026-05-09 08:15:00,31.6,31.6,31.5,31.6,204953.91178485,6476506.06602231
2026-05-09 08:30:00,31.7,31.8,31.6,31.8,160536.63311409,5097232.568426
2026-05-09 08:45:00,31.8,32.1,31.6,31.6,1500904.73650285,47952534.01333118
2026-05-09 09:00:00,31.6,32.1,31.6,31.7,389575.9590972,12358260.50753562
2026-05-09 09:15:00,31.9,32.1,31.9,32.1,687276.40617807,22027399.11915609
2026-05-09 09:30:00,32.1,32.1,32.0,32.0,291631.08177545,9345176.13918963
2026-05-09 09:45:00,32.0,32.1,31.9,32.0,651863.4553494,20843856.21197371
2026-05-09 10:00:00,32.0,32.0,32.0,32.0,183927.17952436,5885669.74477952
2026-05-09 10:15:00,32.0,32.0,31.7,31.9,374516.1761093,11913782.50333131
2026-05-09 10:30:00,32.0,32.0,31.8,31.8,42988.4847559,1373828.74366113
2026-05-09 10:45:00,31.9,31.9,31.7,31.9,669522.86225212,21251892.6127209
2026-05-09 11:00:00,31.9,32.0,31.9,32.0,104087.97610569,3328032.95100708
2026-05-09 11:15:00,31.9,31.9,31.9,31.9,559317.32470278,17842222.65801868
2026-05-09 11:30:00,31.9,32.0,31.9,32.0,63907.01779241,2043146.99999984
2026-05-09 11:45:00,32.0,32.0,32.0,32.0,250141.18661667,8004517.97173344
2026-05-09 12:00:00,31.8,31.8,31.8,31.8,31308.63039399,995614.44652888
2026-05-09 12:15:00,31.9,32.0,31.9,32.0,705.30503145,22553.88050326
2026-05-09 12:30:00,31.9,32.0,31.8,31.9,112869.37459188,3599364.77876304
2026-05-09 12:45:00,31.8,31.9,31.8,31.8,223039.64537663,7096940.73344182
2026-05-09 13:00:00,31.8,32.0,31.8,32.0,127945.72311797,4071624.81746324
2026-05-09 13:15:00,32.0,32.0,32.0,32.0,18882.77736131,604248.87556192
2026-05-09 13:30:00,32.0,32.0,31.9,32.0,91506.30248875,2927439.49111401
2026-05-09 13:45:00,32.0,32.0,32.0,32.0,67726.86443594,2167259.66195008
2026-05-09 14:00:00,32.0,32.0,31.9,32.0,187637.38968307,5992199.97772314
2026-05-09 14:15:00,32.0,32.0,32.0,32.0,596.76496126,19096.47876032
2026-05-09 14:30:00,31.9,32.0,31.9,32.0,16389.01019633,524131.87058636
2026-05-09 14:45:00,32.0,32.1,32.0,32.1,28823.92501627,923112.45777042
2026-05-09 15:00:00,31.9,32.1,31.9,31.9,179514.65727733,5738096.35591929
2026-05-09 15:15:00,31.9,31.9,31.8,31.9,101475.30637923,3227270.4583824
2026-05-09 15:30:00,31.7,31.8,31.7,31.8,134343.98288,4271449.202459
2026-05-09 15:45:00,31.7,31.7,31.7,31.7,166267.44551477,5270678.02281821
2026-05-09 16:00:00,31.7,31.7,31.7,31.7,62697.64804116,1987515.44290477
2026-05-09 16:15:00,31.8,31.8,31.8,31.8,48939.64109929,1556280.58695742
2026-05-09 16:30:00,31.8,31.8,31.7,31.7,311149.54852764,9867572.01315854
2026-05-09 16:45:00,31.7,31.7,31.7,31.7,33744.80471837,1069710.30957233
2026-05-09 17:00:00,31.7,31.7,31.7,31.7,182609.26851003,5788713.81176795
2026-05-09 17:15:00,31.6,31.7,31.4,31.4,1001606.53293983,31588780.87825231
2026-05-09 17:30:00,31.6,31.6,31.5,31.5,254353.25443186,8012447.13485675
2026-05-09 17:45:00,31.6,31.6,31.6,31.6,18707.87480348,591168.84378997
2026-05-09 18:00:00,31.7,31.8,31.6,31.6,266529.53253571,8445685.80687201
2026-05-09 18:15:00,31.7,31.7,31.6,31.6,7154.5741325,226484.542587
2026-05-09 18:30:00,31.6,31.6,31.6,31.6,31722.13288516,1002419.39917106
2026-05-09 18:45:00,31.7,31.7,31.7,31.7,10911.81114185,345904.41319665
2026-05-09 19:15:00,31.7,31.7,31.7,31.7,3943.24921133,125000.99999916
2026-05-09 19:30:00,31.6,31.6,31.6,31.6,52201.60801962,1649570.81341999
2026-05-09 19:45:00,31.7,31.7,31.7,31.7,5000.0,158500.0
2026-05-09 20:00:00,31.8,31.8,31.6,31.6,11215.34158359,354530.58020496
2026-05-09 20:15:00,31.8,31.8,31.8,31.8,37893.20754716,1205003.99999969
2026-05-09 20:30:00,31.6,31.6,31.6,31.6,2636.90071818,83326.06269449
2026-05-09 20:45:00,31.7,31.8,31.7,31.7,145059.14648534,4601659.58742688
2026-05-09 21:15:00,31.7,31.7,31.7,31.7,117203.38781163,3715347.39362867
2026-05-09 21:45:00,31.7,31.8,31.7,31.8,175496.2596101,5565278.70474476
2026-05-09 22:00:00,31.7,31.8,31.7,31.8,17415.74521036,552176.19832564
2026-05-09 22:30:00,31.8,31.8,31.8,31.8,3144.65408805,99999.99999999
2026-05-09 22:45:00,31.7,31.7,31.7,31.7,18900.42400183,599143.44085801
2026-05-09 23:00:00,31.8,31.8,31.8,31.8,27532.97086028,875548.4733569
2026-05-09 23:15:00,31.8,31.8,31.8,31.8,15715.41273388,499750.12493738
2026-05-09 23:30:00,31.8,31.8,31.8,31.8,218284.37607997,6941443.15934305
2026-05-09 23:45:00,31.8,31.9,31.8,31.9,30066.07547706,957694.87622961
2026-05-10 00:00:00,31.9,31.9,31.8,31.8,138214.5416585,4396697.22127319
2026-05-10 00:15:00,31.8,31.8,31.8,31.8,44471.17082967,1414183.23238351
2026-05-10 00:30:00,31.8,31.8,31.8,31.8,8334.79486671,265046.47676138
2026-05-10 00:45:00,31.8,31.8,31.8,31.8,84382.82107686,2683373.71024415
2026-05-10 01:00:00,31.7,31.8,31.7,31.8,41452.32889475,1317992.66979638
2026-05-10 01:15:00,31.8,31.8,31.8,31.8,16361.25786163,520287.99999983
2026-05-10 01:45:00,31.7,31.8,31.7,31.8,10066.0062893,319470.06918213
2026-05-10 02:00:00,31.8,31.8,31.8,31.8,315.09433962,10019.99999992
2026-05-10 02:15:00,31.8,31.8,31.8,31.8,13211.88914976,420138.07496237
2026-05-10 02:30:00,31.8,31.8,31.8,31.8,17428.00509733,554210.56209509
2026-05-10 03:00:00,31.7,31.7,31.7,31.7,112145.88265423,3555024.48013909
2026-05-10 03:15:00,31.9,31.9,31.9,31.9,635.98746081,20287.99999984
2026-05-10 03:30:00,31.9,31.9,31.9,31.9,25065.83698746,799600.19989997
2026-05-10 03:45:00,31.9,31.9,31.9,31.9,12539.0411244,399995.41186836
2026-05-10 04:00:00,31.9,31.9,31.7,31.9,28537.54103822,908255.76656472
2026-05-10 04:15:00,31.9,31.9,31.9,31.9,635.98746081,20287.99999984
2026-05-10 04:30:00,31.9,31.9,31.9,31.9,30278.9106583,965897.24999977
2026-05-10 05:15:00,31.9,31.9,31.9,31.9,635.98746081,20287.99999984
2026-05-10 05:45:00,31.8,31.8,31.8,31.8,1439.48397609,45775.59043966
2026-05-10 06:00:00,31.8,31.9,31.8,31.9,81740.11063637,2603725.74643281
2026-05-10 06:15:00,31.9,31.9,31.9,31.9,152656.2467473,4869734.27123887
2026-05-10 06:30:00,31.9,31.9,31.8,31.8,29602.66111364,941381.86479306
2026-05-10 06:45:00,31.8,31.8,31.8,31.8,3638.61538461,115707.9692306
2026-05-10 07:15:00,31.8,31.9,31.8,31.9,15251.50608448,485061.49223255
2026-05-10 07:30:00,31.9,31.9,31.9,31.9,50742.52267436,1618686.47331208
2026-05-10 07:45:00,31.9,31.9,31.9,31.9,74285.64530218,2369712.08513954
2026-05-10 08:00:00,32.0,32.0,32.0,32.0,9673.184375,309541.9
2026-05-10 08:15:00,32.0,32.0,32.0,32.0,16251.19140429,520038.12493728
2026-05-10 08:30:00,31.9,31.9,31.9,31.9,36404.38871474,1161300.00000021
2026-05-10 08:45:00,31.9,31.9,31.8,31.8,54792.17248284,1746426.5661564
2026-05-10 09:00:00,31.8,32.7,31.8,32.3,4008337.67008775,129572540.6496017
2026-05-10 09:15:00,32.4,32.7,32.3,32.5,1591604.32251235,51768394.11056039
2026-05-10 09:30:00,32.5,33.0,32.4,32.4,5657278.55665532,185327038.24838865
2026-05-10 09:45:00,32.4,32.5,32.0,32.0,1831887.58861393,58926055.79197545
2026-05-10 10:00:00,32.0,32.2,31.8,32.2,1033976.24084715,33075044.52067838
2026-05-10 10:15:00,32.2,32.4,32.1,32.2,316828.28313006,10223425.62351449
2026-05-10 10:30:00,32.2,32.8,32.2,32.7,2028384.28250517,65761218.32177185
2026-05-10 10:45:00,32.6,32.7,32.3,32.5,1618614.15693177,52822960.86509855
2026-05-10 11:00:00,32.5,32.5,32.3,32.4,1149862.29919404,37315368.89265048
2026-05-10 11:15:00,32.4,32.5,32.2,32.5,861619.51978632,27863635.07786403
2026-05-10 11:30:00,32.5,32.5,32.4,32.5,440594.38161658,14287670.45527372
2026-05-10 11:45:00,32.5,32.5,32.4,32.4,619331.92986103,20068570.53299156
2026-05-10 12:00:00,32.4,32.5,32.4,32.4,312572.71429726,10127448.25092353
2026-05-10 12:15:00,32.4,32.6,32.4,32.6,78515.93421093,2547973.72149925
2026-05-10 12:30:00,32.5,32.5,32.2,32.3,574539.93913755,18563225.96156883
2026-05-10 12:45:00,32.2,32.3,32.1,32.3,363383.98612813,11703058.52127198
2026-05-10 13:00:00,32.2,32.5,32.2,32.5,197010.63011631,6350434.52161529
2026-05-10 13:15:00,32.3,32.5,32.2,32.5,216213.62702399,7008299.30729951
2026-05-10 13:30:00,32.5,32.6,32.3,32.4,752419.34885039,24388446.03437374
2026-05-10 13:45:00,32.4,32.5,32.3,32.3,142757.00776958,4625921.63616564
2026-05-10 14:00:00,32.3,32.3,32.2,32.2,379104.18374325,12225455.04496391
2026-05-10 14:15:00,32.2,32.4,32.1,32.3,392002.98597096,12643827.8083626
2026-05-10 14:30:00,32.3,32.7,32.2,32.6,1204244.98632227,39101882.71688689
2026-05-10 14:45:00,32.6,32.8,32.5,32.7,411273.45801193,13434136.03088997
2026-05-10 15:00:00,32.7,32.8,32.3,32.6,585665.82681204,19112895.23254956
2026-05-10 15:15:00,32.4,32.8,32.4,32.8,279206.69130378,9127581.75218794
2026-05-10 15:30:00,32.8,34.0,32.8,33.8,7721656.91078151,258222798.31758434
2026-05-10 15:45:00,33.8,34.0,32.7,33.4,6590969.99295488,220678389.1117465
2026-05-10 16:00:00,33.4,33.5,32.8,32.9,1818552.11016461,60057673.260643
2026-05-10 16:15:00,32.9,33.4,32.8,33.2,465128.99818025,15340225.85491773
2026-05-10 16:30:00,33.1,33.2,32.8,33.0,728025.55925577,23960528.5551778
2026-05-10 16:45:00,32.9,33.0,32.8,32.9,491020.22896412,16120589.7738331
2026-05-10 17:00:00,32.9,33.0,32.9,32.9,78832.41185839,2597630.60306541
2026-05-10 17:15:00,33.0,33.1,32.9,32.9,505974.88738046,16682368.80227022
2026-05-10 17:30:00,32.9,32.9,32.8,32.8,554206.81999171,18188887.68541155
2026-05-10 17:45:00,32.8,32.9,32.7,32.8,413983.69979737,13541254.5209065
2026-05-10 18:00:00,32.8,32.8,32.8,32.8,329963.86503086,10822814.77301221
2026-05-10 18:15:00,32.7,32.7,32.5,32.5,1070132.82753114,34890517.18778865
2026-05-10 18:30:00,32.5,32.5,32.4,32.5,1104394.40329526,35852631.30910511
2026-05-10 18:45:00,32.5,32.6,32.4,32.4,436833.6712799,14160507.0895885
2026-05-10 19:00:00,32.4,32.5,32.2,32.3,507920.8783886,16394308.55975044
2026-05-10 19:15:00,32.3,32.5,32.3,32.5,106072.84892246,3437590.33061351
2026-05-10 19:30:00,32.5,32.6,32.5,32.6,56853.11166407,1851857.08379625
2026-05-10 19:45:00,32.5,32.6,32.5,32.6,104475.50519045,3405593.77690098
2026-05-10 20:00:00,32.6,32.6,32.4,32.4,1051926.85262257,34176134.54423402
2026-05-10 20:15:00,32.6,32.6,32.4,32.5,147818.242363,4795058.31853101
2026-05-10 20:30:00,32.6,32.6,32.4,32.6,67810.7571009,2197135.39426669
2026-05-10 20:45:00,32.4,32.4,32.3,32.4,82553.62861123,2673663.27167393
2026-05-10 21:00:00,32.4,32.5,32.4,32.5,70452.98147896,2288845.87817092
2026-05-10 21:15:00,32.4,32.6,32.4,32.5,89216.16741694,2899534.67167155
2026-05-10 21:30:00,32.5,32.5,32.2,32.4,328770.52592311,10620082.91273647
2026-05-10 21:45:00,32.4,32.5,32.4,32.5,114909.88506264,3723095.7081283
2026-05-10 22:00:00,32.3,32.5,32.2,32.5,298824.72297014,9655344.23062789
2026-05-10 22:15:00,32.5,32.5,32.4,32.5,47773.9807059,1551770.94524944
2026-05-10 22:30:00,32.5,32.6,32.5,32.6,94798.92185916,3082047.78342883
2026-05-10 22:45:00,32.5,32.6,32.5,32.6,107003.20142816,3477635.33475876
2026-05-10 23:00:00,32.4,32.6,32.4,32.6,113337.49369368,3685204.72652786
2026-05-10 23:15:00,32.5,32.5,32.4,32.4,14851.67609604,481656.5861552
2026-05-10 23:30:00,32.4,32.5,32.4,32.4,2940.27284251,95509.66208732
2026-05-10 23:45:00,32.4,32.4,32.4,32.4,116195.84694073,3764745.44087965
2026-05-11 00:00:00,32.4,32.4,32.3,32.3,402768.10808643,13026289.70706638
2026-05-11 00:15:00,32.2,32.4,32.2,32.4,172859.6339277,5575083.41544767
2026-05-11 00:30:00,32.4,32.4,32.2,32.4,247213.94911835,7977076.89302507
2026-05-11 00:45:00,32.4,32.4,32.3,32.4,9465.8919753,305794.89999972
2026-05-11 01:00:00,32.3,32.4,32.3,32.4,146252.57912663,4731631.76519455
2026-05-11 01:15:00,32.3,32.3,32.3,32.3,86662.52391851,2799199.52256787
2026-05-11 01:30:00,32.3,32.4,32.3,32.3,77525.64511915,2505621.54722509
2026-05-11 01:45:00,32.3,32.4,32.3,32.4,75090.05947698,2431732.99672297
2026-05-11 02:15:00,32.4,32.4,32.3,32.4,16021.5030864,519076.69999936
2026-05-11 02:30:00,32.5,32.5,32.3,32.3,243623.02898933,7869083.43635536
2026-05-11 03:15:00,32.3,32.4,32.3,32.4,17966.62500106,580374.80766981
2026-05-11 03:30:00,32.4,32.4,32.3,32.4,34901.38699628,1130573.45719799
2026-05-11 03:45:00,32.4,32.4,32.3,32.4,53878.56904878,1742173.96181445
2026-05-11 04:15:00,32.4,32.4,32.4,32.4,6008.9,194688.36
2026-05-11 04:30:00,32.4,32.4,32.4,32.4,617.28395061,19999.99999976
2026-05-11 04:45:00,32.4,32.4,32.4,32.4,22287.31313354,722108.9455267
2026-05-11 05:00:00,32.3,32.3,32.3,32.3,287057.8970001,9271970.07310323
2026-05-11 05:45:00,32.2,32.4,32.2,32.4,1135065.83702373,36728253.99172917
2026-05-11 06:00:00,32.4,32.4,32.3,32.4,973698.30415135,31504661.35059825
2026-05-11 06:15:00,32.4,32.6,32.3,32.6,520710.01381839,16907990.00098958
2026-05-11 06:30:00,32.5,32.5,32.5,32.5,12332.6029293,400809.59520225
2026-05-11 06:45:00,32.5,32.5,32.4,32.4,53122.87592466,1724656.45770473
2026-05-11 07:00:00,32.4,32.5,32.3,32.5,69997.10837924,2265547.55574618
2026-05-11 07:30:00,32.3,32.5,32.3,32.4,81519.50354272,2640979.58003982
2026-05-11 07:45:00,32.4,32.4,32.2,32.2,505226.71384674,16295450.43838413
2026-05-11 08:00:00,32.3,32.3,32.3,32.3,9059.50464394,292621.99999926
2026-05-11 08:15:00,32.3,32.5,32.2,32.3,341192.78580215,11029631.26648727
2026-05-11 08:30:00,32.3,32.3,32.3,32.3,92418.64766986,2985122.31973648
2026-05-11 08:45:00,32.3,32.3,32.3,32.3,253657.76455676,8193145.79518335
2026-05-11 09:00:00,32.3,32.3,32.0,32.0,1793661.6187144,57532945.40572961
2026-05-11 09:15:00,32.0,32.6,32.0,32.6,1849330.98600366,59719809.38493614
2026-05-11 09:30:00,32.6,32.9,32.6,32.7,804986.22570446,26358119.3374634
2026-05-11 09:45:00,32.7,32.7,32.6,32.6,328053.50562065,10700268.84898242
2026-05-11 10:00:00,32.6,32.6,32.4,32.6,449424.26846775,14596259.10680901
2026-05-11 10:15:00,32.6,32.6,32.3,32.3,546785.02810671,17690740.99470661
2026-05-11 10:30:00,32.4,32.6,32.4,32.6,123648.63703525,4012410.81292834
2026-05-11 10:45:00,32.6,32.8,32.5,32.7,710235.02290793,23216630.93436684
2026-05-11 11:00:00,32.7,32.8,32.7,32.7,149084.24913273,4888992.21984935
2026-05-11 11:15:00,32.7,32.8,32.6,32.8,541963.66030111,17743843.6188423
2026-05-11 11:30:00,32.7,33.0,32.7,32.9,1019943.66706886,33506817.02881626
2026-05-11 11:45:00,32.9,33.6,32.8,33.6,4321032.14775185,144168349.78415856
2026-05-11 12:00:00,33.5,33.6,33.0,33.1,3983894.04815461,133117348.77045996
2026-05-11 12:15:00,33.1,33.1,32.9,33.0,1234422.1073772,40737438.50884577
2026-05-11 12:30:00,33.0,33.1,32.8,32.9,1259513.15735572,41496628.69795124
2026-05-11 12:45:00,32.8,33.0,32.8,33.0,544487.8377525,17886758.8684877
2026-05-11 13:00:00,33.0,33.0,32.7,32.7,1219675.01647625,39966712.48481417
2026-05-11 13:15:00,32.8,32.8,32.7,32.8,834791.01893711,27316427.02749209
2026-05-11 13:30:00,32.7,32.8,32.7,32.7,284108.06488137,9291597.43503543
2026-05-11 13:45:00,32.7,32.9,32.6,32.6,469347.03917562,15352721.60072379
2026-05-11 14:00:00,32.6,32.7,32.6,32.7,249209.66857768,8124421.89288007
2026-05-11 14:15:00,32.6,32.9,32.6,32.9,103371.73446784,3389214.12665105
2026-05-11 14:30:00,32.9,32.9,32.8,32.8,585067.30896462,19242620.72971647
2026-05-11 14:45:00,32.9,32.9,32.7,32.7,453060.67370745,14883799.95460743
2026-05-11 15:00:00,32.7,33.1,32.6,32.6,1108631.72943884,36421819.13830494
2026-05-11 15:15:00,32.6,32.7,32.3,32.7,1314836.31558827,42643044.9129414
2026-05-11 15:30:00,32.5,32.7,32.5,32.7,40647.73890243,1321955.1633143
2026-05-11 15:45:00,32.7,32.8,32.6,32.8,307342.88022084,10062637.82656912
2026-05-11 16:00:00,32.8,32.9,32.7,32.7,311927.94364391,10221309.12885227
2026-05-11 16:15:00,32.8,32.8,32.5,32.7,521099.8010023,16977685.28890943
2026-05-11 16:30:00,32.7,32.9,32.7,32.7,601981.42821056,19717346.59420389
2026-05-11 16:45:00,32.8,32.8,32.8,32.8,176882.65013832,5801750.9245369
2026-05-11 17:00:00,32.7,32.9,32.6,32.9,525114.49160761,17218919.04465284
2026-05-11 17:15:00,32.9,33.0,32.8,33.0,902733.32832711,29724999.80332979
2026-05-11 17:30:00,33.0,33.1,32.8,32.8,392842.80412866,12931674.75138492
2026-05-11 17:45:00,33.0,33.0,32.9,33.0,94051.6133751,3103135.52372198
2026-05-11 18:00:00,32.9,32.9,32.8,32.8,605077.45257997,19868441.92583156
2026-05-11 18:15:00,32.8,33.1,32.7,33.1,635919.32012055,20959109.34620332
2026-05-11 18:30:00,33.1,33.1,33.0,33.0,16316.7371601,538573.42598118
2026-05-11 18:45:00,33.0,33.0,32.9,33.0,30303.49317838,997504.33878387
2026-05-11 19:00:00,33.0,33.1,33.0,33.0,75171.02118436,2483795.40312686
2026-05-11 19:15:00,33.0,33.0,33.0,33.0,85926.44402397,2835572.65279101
2026-05-11 19:45:00,33.0,33.1,32.8,32.8,571034.1088033,18833215.22334459
2026-05-11 20:00:00,32.8,33.0,32.8,33.0,94125.55822798,3096419.06418544
2026-05-11 20:15:00,33.0,33.0,32.8,33.0,81512.81646863,2684351.17301769
2026-05-11 20:30:00,32.8,32.9,32.7,32.7,911516.68571575,29828991.37861455
2026-05-11 20:45:00,32.7,32.8,32.7,32.8,57396.24636341,1880074.07192598
2026-05-11 21:00:00,32.8,32.9,32.7,32.8,20976.56362156,687681.44178153
2026-05-11 21:15:00,32.7,32.7,32.6,32.7,284394.15308284,9279494.49622425
2026-05-11 21:30:00,32.7,32.7,32.7,32.7,89945.97505526,2941233.384307
2026-05-11 21:45:00,32.7,32.8,32.7,32.8,61350.84994509,2010528.72823815
2026-05-11 22:00:00,32.8,32.8,32.6,32.8,349646.2756429,11411218.24519324
2026-05-11 22:15:00,32.8,33.0,32.8,33.0,982999.14244904,32336573.00598261
2026-05-11 22:30:00,33.0,33.0,32.8,33.0,615184.63602209,20262052.18518604
2026-05-11 22:45:00,33.0,33.1,33.0,33.0,45387.31449874,1499336.92997352
2026-05-11 23:00:00,33.1,33.5,33.0,33.3,3142647.72792552,104417585.7114187
2026-05-11 23:15:00,33.3,33.5,33.2,33.3,892352.14750268,29824895.44241829
2026-05-11 23:30:00,33.3,33.3,32.8,33.0,1007083.88752011,33234723.50395146
2026-05-11 23:45:00,33.0,33.2,32.9,33.2,105310.30820346,3487703.45346333
2026-05-12 00:00:00,33.2,33.3,33.0,33.0,171509.52783543,5689449.45182504
2026-05-12 00:15:00,33.1,33.2,33.0,33.0,129990.6311775,4296618.95454192
2026-05-12 00:30:00,33.0,33.0,33.0,33.0,33002.85726479,1089094.28973807
2026-05-12 00:45:00,33.0,33.1,33.0,33.1,22817.70756798,753427.21194517
2026-05-12 01:00:00,33.1,33.1,33.0,33.1,6245.91110604,206648.19419529
2026-05-12 01:15:00,33.1,33.1,33.1,33.1,32756.3106664,1084233.88305784
2026-05-12 01:30:00,33.1,33.2,33.1,33.2,174393.75301298,5777141.66319816
2026-05-12 01:45:00,33.2,33.3,33.2,33.3,87627.5317543,2909272.37978508
2026-05-12 02:00:00,33.3,33.3,33.2,33.2,694.77949962,23081.6944024
2026-05-12 02:30:00,33.3,33.3,33.2,33.2,31516.70515956,1046384.64132742
2026-05-12 02:45:00,33.2,33.2,33.2,33.2,2611.47344334,86700.91831889
2026-05-12 03:15:00,33.3,33.3,33.3,33.3,4030.82300345,134226.40601489
2026-05-12 03:30:00,33.2,33.2,33.2,33.2,3007.97173657,99864.66165412
2026-05-12 04:00:00,33.2,33.2,33.2,33.2,3896.41445454,129360.95989073
2026-05-12 05:15:00,33.2,33.2,33.2,33.2,1718.04330426,57039.03770143
2026-05-12 05:30:00,33.2,33.2,33.2,33.2,31446.5408805,1044025.1572326
2026-05-12 06:00:00,33.3,33.4,33.2,33.2,137872.3803225,4591204.00000008
2026-05-12 06:15:00,33.4,33.4,33.4,33.4,33551.75078412,1120628.47618961
2026-05-12 06:30:00,33.3,33.4,33.3,33.3,58616.30601138,1951982.87041847
2026-05-12 06:45:00,33.3,33.3,33.3,33.3,3593.61274755,119667.30449342
2026-05-12 07:00:00,33.2,33.3,33.0,33.3,104226.5488255,3450995.82432666
2026-05-12 07:15:00,33.2,33.3,33.1,33.3,213209.42636298,7064526.78534894
2026-05-12 07:30:00,33.1,33.2,33.1,33.1,8329.93602838,275736.01849104
2026-05-12 07:45:00,33.1,33.1,33.1,33.1,83439.43117453,2761845.17187694
2026-05-12 08:00:00,33.1,33.2,33.0,33.2,52072.38897887,1728066.81897202
2026-05-12 08:15:00,33.2,33.3,33.2,33.2,70804.02037225,2352904.2072504
2026-05-12 08:30:00,33.2,33.8,33.2,33.4,1640626.3304609,55034630.98679924
2026-05-12 08:45:00,33.5,33.6,33.3,33.5,128688.21670836,4295814.35360314
2026-05-12 09:00:00,33.5,33.6,32.6,32.6,3083067.28599434,101704329.8650769
2026-05-12 09:15:00,32.7,33.0,32.6,33.0,329399.39341911,10834252.89259455
2026-05-12 09:30:00,33.0,33.0,32.7,32.8,329341.19184669,10819560.78631711
2026-05-12 09:45:00,32.8,33.0,32.7,32.7,514151.67810366,16865340.76428928
2026-05-12 10:00:00,32.8,33.1,32.7,33.0,427479.7258183,14103173.01280496
2026-05-12 10:15:00,33.1,33.1,33.0,33.0,288990.31340687,9562567.32557463
2026-05-12 10:30:00,33.0,33.0,32.8,32.9,1195673.18003626,39272620.99303274
2026-05-12 10:45:00,32.9,33.0,32.8,32.9,839490.42383383,27577565.75715565
2026-05-12 11:00:00,32.9,33.0,32.9,33.0,122584.27767881,4037466.33548668
2026-05-12 11:15:00,33.0,33.0,32.9,32.9,290125.98295058,9552486.19210438
2026-05-12 11:30:00,32.9,32.9,32.8,32.9,178929.29985999,5878061.78264177
2026-05-12 11:45:00,32.9,32.9,32.8,32.9,152735.0938107,5024930.45103368
2026-05-12 12:00:00,32.9,32.9,32.9,32.9,61051.78978178,2008603.88382056
2026-05-12 12:15:00,32.9,33.0,32.9,33.0,228968.5115165,7548561.16791633
2026-05-12 12:30:00,33.1,33.1,33.1,33.1,30513.59516615,1009999.99999957
2026-05-12 12:45:00,33.0,33.1,32.9,33.1,103344.56363626,3411754.63486709
2026-05-12 13:00:00,33.1,33.1,32.9,32.9,377355.39861273,12429209.56457488
2026-05-12 13:15:00,32.9,32.9,32.9,32.9,25694.16376226,845337.98777835
2026-05-12 13:30:00,32.9,32.9,32.9,32.9,500.0,16450.0
2026-05-12 13:45:00,32.9,32.9,32.8,32.8,249330.72044804,8179022.11913538
2026-05-12 14:00:00,32.8,32.8,32.8,32.8,105354.16038432,3455616.4606057
2026-05-12 14:15:00,32.8,32.9,32.7,32.8,1165688.10787517,38166044.85077754
2026-05-12 14:30:00,32.8,32.9,32.8,32.9,123925.3214337,4068133.90909309
2026-05-12 14:45:00,32.8,32.8,32.8,32.8,8301.19268723,272279.12014114
2026-05-12 15:00:00,32.8,32.9,32.7,32.9,446324.59791303,14627340.32901294
2026-05-12 15:15:00,32.8,32.8,32.8,32.8,21766.04416018,713926.2484539
2026-05-12 15:30:00,32.9,32.9,32.8,32.9,172163.08462182,5660584.12934663
2026-05-12 15:45:00,32.9,32.9,32.7,32.7,188130.47760126,6170659.19389874
2026-05-12 16:00:00,32.7,32.8,32.7,32.8,218340.47657271,7151922.61136512
2026-05-12 16:15:00,32.7,32.8,32.7,32.7,35595.18299274,1163978.50931992
2026-05-12 16:30:00,32.7,32.8,32.7,32.8,270291.88226127,8852573.18501624
2026-05-12 16:45:00,32.7,32.7,32.7,32.7,79974.29811436,2615159.54833957
2026-05-12 17:00:00,32.7,32.7,32.7,32.7,111845.24164199,3657339.40169307
2026-05-12 17:15:00,32.7,32.8,32.7,32.8,97354.07233851,3190502.5985858
2026-05-12 17:30:00,32.8,32.8,32.7,32.7,211317.05630142,6911996.13249374
2026-05-12 17:45:00,32.8,32.8,32.7,32.8,166046.90315142,5440546.99361206
2026-05-12 18:00:00,32.9,32.9,32.7,32.7,326857.29983666,10689715.22719842
2026-05-12 18:15:00,32.7,32.7,32.7,32.7,147908.09969229,4836594.85993788
2026-05-12 18:30:00,32.7,32.8,32.7,32.8,354344.33616342,11590212.8073855
2026-05-12 18:45:00,32.8,32.8,32.7,32.7,24780.50656426,810962.80855374
2026-05-12 19:00:00,32.7,32.8,32.7,32.7,49891.25153248,1631459.16901454
2026-05-12 19:15:00,32.7,32.7,32.7,32.7,35027.9350859,1145413.47730893
2026-05-12 19:30:00,32.7,32.7,32.7,32.7,118746.1926529,3883000.49974983
2026-05-12 19:45:00,32.7,32.8,32.6,32.8,407437.15499521,13301390.87655126
2026-05-12 20:30:00,32.6,32.8,32.6,32.7,294102.53131319,9588490.81555607
2026-05-12 20:45:00,32.7,32.7,32.7,32.7,866.55129854,28336.22746226
2026-05-12 21:00:00,32.6,32.6,32.6,32.6,37583.72441336,1225229.41587554
2026-05-12 21:15:00,32.6,32.7,32.6,32.7,46024.33105021,1501875.11349748
2026-05-12 21:30:00,32.7,32.7,32.6,32.6,150487.40762848,4912596.79100059
2026-05-12 21:45:00,32.6,32.6,32.5,32.6,180317.18087682,5870449.03283868
2026-05-12 22:00:00,32.8,32.8,32.8,32.8,288377.6451463,9458786.76079864
2026-05-12 22:15:00,32.8,32.8,32.8,32.8,305147.51105723,10008838.36267714
2026-05-12 22:30:00,32.7,32.7,32.7,32.7,9573.22420344,313044.43145249
2026-05-12 22:45:00,32.7,32.7,32.5,32.5,186205.30851421,6064842.5802041
2026-05-12 23:00:00,32.6,32.6,32.6,32.6,51172.32056308,1668217.65035641
2026-05-12 23:15:00,32.8,32.8,32.5,32.5,23275.3014628,759088.52021061
2026-05-12 23:30:00,32.6,32.6,32.5,32.5,374430.65548283,12171806.21206206
2026-05-12 23:45:00,32.7,32.7,32.7,32.7,23224.01313485,759425.2295096
2026-05-13 00:00:00,32.6,32.6,32.5,32.5,106724.44263229,3471120.88707843
2026-05-13 00:15:00,32.6,32.6,32.6,32.6,1444.76591457,47099.36881498
2026-05-13 00:30:00,32.5,32.5,32.5,32.5,13546.22081056,440252.1763432
2026-05-13 00:45:00,32.5,32.6,32.5,32.5,41126.49934947,1336635.74935778
2026-05-13 01:00:00,32.5,32.5,32.5,32.5,155.38461539,5050.00000018
2026-05-13 01:15:00,32.7,32.7,32.5,32.5,2121.46123842,69192.13856669
2026-05-13 01:30:00,32.7,32.7,32.7,32.7,3055.04739984,99900.04997477
2026-05-13 01:45:00,32.7,32.7,32.7,32.7,305.81039755,9999.99999989
2026-05-13 02:00:00,32.7,32.7,32.7,32.7,5045.36722464,164983.50824573
2026-05-13 02:30:00,32.7,32.7,32.5,32.5,8181.16983355,266377.68713403
2026-05-13 02:45:00,32.5,32.5,32.5,32.5,3269.37714809,106254.75731293
2026-05-13 03:15:00,32.6,32.7,32.6,32.7,7678.38012232,250982.13999986
2026-05-13 03:30:00,32.7,32.7,32.7,32.7,1529.05198776,49999.99999975
2026-05-13 03:45:00,32.7,32.7,32.6,32.6,5124.8623853,167430.09480053
2026-05-13 04:00:00,32.7,32.7,32.7,32.7,3058.10397553,99999.99999983
2026-05-13 04:30:00,32.7,32.7,32.7,32.7,5911.41737999,193303.34832567
2026-05-13 04:45:00,32.7,32.7,32.7,32.7,15290.51987767,499999.99999981
2026-05-13 05:15:00,32.7,32.7,32.7,32.7,200.0,6540.0
2026-05-13 05:30:00,32.7,32.7,32.7,32.7,30581.03975535,999999.99999995
2026-05-13 05:45:00,32.7,32.7,32.7,32.7,47591.48243213,1556241.47553065
2026-05-13 06:30:00,32.7,32.8,32.7,32.8,49014.97371885,1602864.95463079
2026-05-13 06:45:00,32.7,32.8,32.7,32.8,23179.60019558,758772.92639547
2026-05-13 07:15:00,32.8,32.8,32.8,32.8,36169.76021897,1186368.13518222
2026-05-13 07:30:00,32.8,32.8,32.8,32.8,194149.4416839,6368101.68723192
2026-05-13 07:45:00,32.8,32.8,32.6,32.6,60975.6097561,1991106.73422408
2026-05-13 08:00:00,32.9,32.9,32.9,32.9,6500.0,213850.0
2026-05-13 08:15:00,32.9,32.9,32.9,32.9,179868.10334344,5917660.59999918
2026-05-13 08:30:00,32.8,32.8,32.8,32.8,21341.46341463,699999.99999986
2026-05-13 08:45:00,32.7,32.7,32.6,32.7,158318.73292767,5172531.95212611
2026-05-13 09:00:00,32.6,32.7,32.6,32.7,117377.77105317,3833117.53981875
2026-05-13 09:15:00,32.7,32.9,32.7,32.9,234031.49389944,7678384.55182495
2026-05-13 09:30:00,32.9,32.9,32.9,32.9,87586.63791369,2881600.3873604
2026-05-13 09:45:00,32.9,32.9,32.9,32.9,208707.35790068,6866472.07493237
2026-05-13 10:00:00,32.7,32.8,32.7,32.8,27101.35023706,886851.34787381
2026-05-13 10:15:00,32.8,32.8,32.7,32.8,48283.44972883,1583176.04047216
2026-05-13 10:30:00,32.9,32.9,32.9,32.9,21564.49475084,709471.87730264
2026-05-13 10:45:00,32.9,32.9,32.9,32.9,17845.28184186,587109.77259719
2026-05-13 11:00:00,32.9,32.9,32.9,32.9,53545.17450317,1761636.24115429
2026-05-13 11:15:00,32.8,32.8,32.8,32.8,304.87804878,9999.99999998
2026-05-13 11:45:00,32.8,32.8,32.7,32.7,198781.49713022,6503209.73237663
2026-05-13 12:00:00,32.8,32.8,32.8,32.8,32910.37408125,1079460.269865
2026-05-13 12:15:00,32.8,32.8,32.8,32.8,24390.24390242,799999.99999938
2026-05-13 13:00:00,32.8,32.8,32.8,32.8,152.46951219,5000.99999983
2026-05-13 13:15:00,32.8,32.8,32.7,32.8,57688.16859893,1888887.2862033
2026-05-13 13:30:00,32.8,32.9,32.7,32.9,407046.50948725,13322842.70195814
2026-05-13 14:00:00,32.7,32.9,32.7,32.8,30883.04828324,1014492.74178542
2026-05-13 14:15:00,32.8,32.9,32.7,32.9,22589.10560644,740931.61920496
2026-05-13 14:30:00,32.8,32.8,32.8,32.8,384.84756097,12622.99999982
2026-05-13 14:45:00,32.8,32.8,32.8,32.8,155.33231707,5094.8999999
2026-05-13 15:15:00,32.7,32.8,32.7,32.7,1111.99005357,36377.91134564
2026-05-13 15:30:00,32.8,32.9,32.8,32.9,10655.5816287,350114.69821647
2026-05-13 15:45:00,32.8,32.8,32.8,32.8,67909.40911719,2227428.61904383
2026-05-13 16:00:00,32.8,32.8,32.8,32.8,38641.96646341,1267456.49999985
2026-05-13 16:15:00,32.8,32.8,32.8,32.8,152.43902439,4999.99999999
2026-05-13 16:30:00,32.7,32.8,32.7,32.8,132231.55968121,4326419.7280824
2026-05-13 17:00:00,32.7,32.8,32.7,32.8,48163.8946074,1575185.5340341
2026-05-13 17:15:00,32.8,32.8,32.8,32.8,1219.51219512,39999.99999994
2026-05-13 17:30:00,32.8,32.8,32.7,32.7,99849.40302448,3273191.31092269
2026-05-13 17:45:00,32.8,32.8,32.8,32.8,158.53658536,5199.99999981
2026-05-13 18:00:00,32.8,32.8,32.7,32.8,331323.23400309,10837238.5124286
2026-05-13 18:15:00,32.8,32.9,32.7,32.7,262272.2890049,8593405.10660666
2026-05-13 18:30:00,32.7,32.9,32.7,32.7,50990.14474389,1667985.63586077
2026-05-13 18:45:00,32.9,32.9,32.7,32.7,31765.72547686,1039347.12582888
2026-05-13 19:00:00,32.8,32.8,32.7,32.7,118105.22133755,3863912.99108659
2026-05-13 19:15:00,32.7,32.7,32.7,32.7,11932.72727272,390200.18181794
2026-05-13 19:30:00,32.7,32.7,32.6,32.7,168538.196225,5503056.17689528
2026-05-13 19:45:00,32.6,32.6,32.6,32.6,180600.89728594,5887589.25152164
2026-05-13 20:00:00,32.6,32.6,32.6,32.6,122142.45058406,3981843.88904036
2026-05-13 20:15:00,32.6,32.9,32.6,32.8,798228.81612428,26028439.14624256
2026-05-13 20:30:00,32.8,32.8,32.8,32.8,155.33231707,5094.8999999
2026-05-13 20:45:00,32.7,32.7,32.7,32.7,335.92526292,10984.75609748
2026-05-13 21:00:00,32.7,32.7,32.7,32.7,10745.26282911,351370.0945119
2026-05-13 21:15:00,32.6,32.6,32.5,32.5,94786.77005826,3081314.16118949
2026-05-13 21:30:00,32.5,32.6,32.4,32.5,578639.58142982,18797589.36890583
2026-05-13 21:45:00,32.4,32.5,32.4,32.4,180176.16910583,5845737.1574666
2026-05-13 22:00:00,32.4,32.4,32.4,32.4,60033.29969697,1945078.91018183
2026-05-13 22:15:00,32.4,32.4,32.4,32.4,31949.5619228,1035165.80629872
2026-05-13 22:30:00,32.4,32.5,32.3,32.5,122276.0784529,3969675.03455308
2026-05-13 22:45:00,32.4,32.4,32.3,32.3,521322.87859885,16840645.09247069
2026-05-13 23:00:00,32.3,32.4,32.2,32.2,197082.91448391,6360191.51485391
2026-05-13 23:15:00,32.3,32.3,32.2,32.2,11000.0,354222.15236
2026-05-13 23:30:00,32.2,32.2,32.2,32.2,45966.26566957,1480113.75456015
2026-05-13 23:45:00,32.2,32.2,32.2,32.2,3030.3030303,97575.75757566
2026-05-14 00:00:00,32.3,32.4,32.3,32.3,71482.65732254,2313035.33592633
2026-05-14 00:15:00,32.2,32.3,32.1,32.2,157374.96937682,5065800.14356719
2026-05-14 00:30:00,32.2,32.2,32.1,32.1,141428.74656601,4540147.09401579
2026-05-14 00:45:00,32.1,32.1,32.0,32.0,559808.12823199,17966576.4793958
2026-05-14 01:00:00,32.0,32.1,32.0,32.1,127764.3621355,4092100.54205741
2026-05-14 01:15:00,32.1,32.1,32.1,32.1,10555.21028037,338822.24999988
2026-05-14 01:30:00,32.1,32.2,32.1,32.2,27294.2883926,878660.8325829
2026-05-14 01:45:00,32.0,32.0,32.0,32.0,1000.0,32000.0
2026-05-14 02:30:00,32.1,32.3,32.1,32.3,49827.82536261,1608186.86488078
2026-05-14 02:45:00,32.3,32.3,32.3,32.3,309.59752321,9999.99999968
2026-05-14 03:00:00,32.1,32.1,32.0,32.0,110927.49139969,3549698.70727008
2026-05-14 04:00:00,32.2,32.2,32.1,32.1,30415.23682602,976950.22012766
2026-05-14 04:15:00,32.1,32.1,32.1,32.1,39027.76275957,1252791.1845822
2026-05-14 05:00:00,32.2,32.2,32.1,32.1,17019.5297488,546357.9608371
2026-05-14 05:30:00,32.2,32.2,32.2,32.2,1718.8317757,55346.38317754
2026-05-14 06:00:00,32.2,32.2,32.2,32.2,14546.25776397,468389.49999983
2026-05-14 06:15:00,32.2,32.2,32.2,32.2,56204.5624228,1809786.91001416
2026-05-14 06:45:00,32.2,32.2,32.2,32.2,58312.45304484,1877660.98804385
2026-05-14 07:00:00,32.1,32.1,32.1,32.1,112722.42666545,3618389.89596095
2026-05-14 07:15:00,32.2,32.2,32.1,32.1,114526.62049278,3677727.95104805
2026-05-14 07:30:00,32.2,32.2,32.1,32.1,55530.9009,1782675.19386742
2026-05-14 07:45:00,32.1,32.3,32.1,32.1,59193.46681082,1901996.20963397
2026-05-14 08:00:00,32.1,32.3,32.1,32.3,19624.58715507,630166.99999973
2026-05-14 08:15:00,32.3,32.3,32.1,32.1,23000.0,738600.0
2026-05-14 08:30:00,32.3,32.3,32.3,32.3,12966.00927089,418802.09944975
2026-05-14 08:45:00,32.1,32.1,32.1,32.1,120822.90280884,3878415.18016376
2026-05-14 09:00:00,32.2,32.2,32.1,32.1,2308.71810935,74169.85131014
2026-05-14 09:15:00,32.1,32.1,32.0,32.1,70325.5932057,2257216.1958466
2026-05-14 09:30:00,32.1,32.1,32.1,32.1,3205.12820512,102884.61538435
2026-05-14 09:45:00,32.1,32.3,32.1,32.3,131478.86794749,4232707.43470393
2026-05-14 10:00:00,32.3,32.3,32.2,32.2,75420.1871027,2428861.22867641
2026-05-14 10:15:00,32.2,32.2,32.2,32.2,3320.64729041,106924.8427512
2026-05-14 10:30:00,32.2,32.2,31.9,32.1,399517.67220173,12799386.72467475
2026-05-14 10:45:00,32.0,32.0,31.9,32.0,38008.5394616,1216243.14228927
2026-05-14 11:00:00,32.1,33.0,32.1,32.9,840352.95596655,27509461.4141631
2026-05-14 11:15:00,32.8,32.9,31.9,32.4,405590.9785959,13112501.21716216
2026-05-14 11:30:00,32.5,32.5,32.4,32.5,191053.16695716,6208727.9261077
2026-05-14 11:45:00,32.4,32.9,32.4,32.9,516421.48891006,16871514.73823953
2026-05-14 12:00:00,32.8,33.1,32.7,32.9,499763.71080565,16464967.6538453
2026-05-14 12:15:00,32.8,33.1,32.5,32.6,949415.922125,31234867.20588203
2026-05-14 12:30:00,32.4,32.6,32.3,32.6,274061.52457904,8881445.33600269
2026-05-14 12:45:00,32.6,32.6,32.5,32.5,514504.12110112,16734168.8226441
2026-05-14 13:00:00,32.5,32.7,32.5,32.6,259185.23648144,8441272.0269788
2026-05-14 13:15:00,32.5,32.6,32.2,32.6,981082.04951908,31798680.36852921
2026-05-14 13:30:00,32.4,32.5,32.4,32.5,100232.75279816,3247806.98794038
2026-05-14 13:45:00,32.3,32.4,32.2,32.4,414300.72748219,13359109.84016492
2026-05-14 14:00:00,32.4,32.4,32.3,32.3,234528.08324965,7578832.77025885
2026-05-14 14:15:00,32.3,32.5,32.2,32.2,349887.71823865,11272057.53219701
2026-05-14 14:30:00,32.4,32.5,32.0,32.2,573130.59784189,18428346.9656586
2026-05-14 14:45:00,32.3,32.3,32.3,32.3,4080.82642321,131810.69346968
2026-05-14 15:00:00,32.3,32.4,32.1,32.4,89363.05055961,2871218.05304239
2026-05-14 15:15:00,32.2,32.2,32.2,32.2,198.4741325,6390.8670665
2026-05-14 15:30:00,32.4,32.6,32.1,32.6,560697.08023225,18201652.03749016
2026-05-14 15:45:00,32.6,32.7,32.4,32.7,803948.79572594,26215763.308965
2026-05-14 16:00:00,32.6,32.7,32.5,32.6,309959.73583334,10082042.12990402
2026-05-14 16:15:00,32.4,32.6,32.4,32.6,94619.48606238,3084417.74426067
2026-05-14 16:30:00,32.6,32.7,32.3,32.3,86065.00170696,2790420.16640077
2026-05-14 16:45:00,32.4,32.4,32.4,32.4,40716.21741011,1319205.44408756
2026-05-14 17:00:00,32.5,32.5,32.2,32.4,824266.21288132,26656028.86727669
2026-05-14 17:15:00,32.4,32.6,32.3,32.5,219114.95854457,7119619.37466239
2026-05-14 17:30:00,32.3,32.5,32.3,32.5,7081.53985113,229687.79554694
2026-05-14 17:45:00,32.5,32.5,32.1,32.2,45043.37416003,1454201.03032552
2026-05-14 18:00:00,32.2,32.3,32.2,32.3,69665.30263596,2245235.71476999
2026-05-14 18:15:00,32.2,32.2,32.2,32.2,170000.0,5474000.0
2026-05-14 18:30:00,32.4,32.4,32.0,32.1,387497.89771524,12435451.40279615
2026-05-14 18:45:00,32.1,32.1,32.0,32.0,137434.83362404,4397935.31686928
2026-05-14 19:00:00,32.2,32.9,32.2,32.7,1389527.96193855,45345258.27684083
2026-05-14 19:15:00,32.6,32.7,32.5,32.5,327537.00829547,10681388.37570813
2026-05-14 19:30:00,32.5,32.5,32.4,32.4,545378.4616493,17687845.52438309
2026-05-14 19:45:00,32.4,32.6,32.4,32.6,30349.56823372,986961.51950306
2026-05-14 20:00:00,32.6,32.6,32.5,32.5,78399.47852757,2554227.90797425
2026-05-14 20:15:00,32.5,32.5,32.5,32.5,24330.83198534,790752.03952355
2026-05-14 20:30:00,32.5,32.5,32.5,32.5,67119.4273401,2181381.38855325
2026-05-14 20:45:00,32.5,32.5,32.5,32.5,19413.86229961,630950.52473733
2026-05-14 21:00:00,32.4,32.4,32.1,32.1,1145610.4529573,36966395.40243679
2026-05-14 21:15:00,32.2,32.4,32.2,32.4,186082.65395401,6012206.56727495
2026-05-14 21:30:00,32.3,32.4,32.3,32.4,37426.22819644,1210885.65563362
2026-05-14 21:45:00,32.3,32.3,32.3,32.3,29567.90123457,955043.20987661
2026-05-14 22:15:00,32.3,32.3,32.2,32.2,73125.1096,2356603.82142299
2026-05-14 22:30:00,32.3,32.3,32.3,32.3,36930.64624879,1192859.87383592
2026-05-14 22:45:00,32.2,32.2,32.2,32.2,98643.19871621,3176310.99866196
2026-05-14 23:15:00,32.3,32.3,32.3,32.3,15673.98119122,506269.59247641
2026-05-14 23:45:00,32.3,32.3,32.2,32.2,50859.33851479,1641988.79601549
2026-05-15 00:00:00,32.3,33.0,32.3,32.4,2097478.82709977,68597042.95792913
2026-05-15 00:15:00,32.4,32.6,32.3,32.5,921995.92069646,29880943.46383706
2026-05-15 00:30:00,32.5,32.5,32.5,32.5,137602.3209491,4472075.43084575
2026-05-15 00:45:00,32.5,32.5,32.5,32.5,17230.76923076,559999.9999997
2026-05-15 01:00:00,32.4,32.6,32.4,32.6,58280.87387545,1890257.29147869
2026-05-15 01:15:00,32.6,32.6,32.4,32.5,23415.38575345,758880.80385829
2026-05-15 01:30:00,32.5,32.5,32.5,32.5,14687.12037495,477331.41218588
2026-05-15 01:45:00,32.5,32.5,32.5,32.5,2566.2323,83402.54975
2026-05-15 02:00:00,32.5,32.5,32.5,32.5,4629.05487804,150444.2835363
2026-05-15 02:15:00,32.5,32.5,32.5,32.5,25410.63793447,825845.73287028
2026-05-15 02:30:00,32.4,32.4,32.4,32.4,84373.95195998,2733716.04350335
2026-05-15 03:15:00,32.5,32.5,32.5,32.5,204260.25541446,6638458.30096995
2026-05-15 04:15:00,32.7,32.7,32.7,32.7,183.48623853,5999.99999993
2026-05-15 04:30:00,32.7,32.7,32.7,32.7,155.80733944,5094.89999969
2026-05-15 04:45:00,32.7,32.7,32.7,32.7,155.80733944,5094.89999969
2026-05-15 05:15:00,32.7,32.8,32.7,32.8,34482.48928346,1127607.88737402
2026-05-15 05:30:00,32.8,32.8,32.8,32.8,13845.16685122,454121.47272002
2026-05-15 06:00:00,32.8,32.8,32.8,32.8,304.87804878,9999.99999998
2026-05-15 06:15:00,32.8,32.8,32.8,32.8,4760.79598597,156154.10833982
2026-05-15 06:30:00,32.9,32.9,32.8,32.8,81996.69763834,2689582.43638998
2026-05-15 07:00:00,32.7,32.7,32.6,32.6,26771.70194381,873905.60157482
2026-05-15 07:15:00,32.6,32.6,32.6,32.6,1057.87999201,34486.88773953
2026-05-15 07:30:00,32.6,32.6,32.6,32.6,172579.01807332,5626075.98919023
2026-05-15 07:45:00,32.7,32.7,32.6,32.6,12269.93862515,400613.49611241
2026-05-15 08:00:00,32.6,32.6,32.6,32.6,4500.0,146700.0
2026-05-15 08:15:00,32.8,32.8,32.6,32.6,538588.53111496,17621313.45631919
2026-05-15 08:30:00,32.6,32.6,32.6,32.6,156721.23443216,5109112.24248842
2026-05-15 08:45:00,32.5,32.5,32.3,32.3,397219.40653272,12899112.86344044
2026-05-15 09:00:00,32.3,32.3,32.1,32.1,1196566.64017995,38489163.55940681
2026-05-15 09:15:00,32.1,32.2,32.0,32.0,220176.56985333,7075303.58639778
2026-05-15 09:30:00,32.0,32.2,31.7,31.7,527357.2363261,16804043.27591505
2026-05-15 09:45:00,31.7,32.4,31.7,32.2,182084.80145534,5808331.32264185
2026-05-15 10:00:00,32.2,32.4,32.2,32.4,135305.10332734,4372893.24179407
2026-05-15 10:15:00,32.3,32.3,32.2,32.2,45424.33841571,1462694.929184
2026-05-15 10:30:00,32.2,32.2,32.0,32.0,66720.36740983,2138583.6978153
2026-05-15 10:45:00,32.0,32.0,31.8,32.0,64463.16593585,2052696.88287514
2026-05-15 11:00:00,31.8,31.9,31.8,31.9,256864.6160882,8169799.49379912
2026-05-15 11:15:00,31.8,32.0,31.8,32.0,32371.38914119,1029489.23406484
2026-05-15 11:30:00,31.8,32.0,31.8,32.0,40769.99230445,1304463.06662584
2026-05-15 11:45:00,32.0,32.0,31.9,31.9,107093.36740709,3417683.96751256
2026-05-15 12:00:00,31.9,31.9,31.9,31.9,65401.56102613,2086309.79673355
2026-05-15 12:30:00,32.0,32.0,32.0,32.0,624.99999999,19999.99999968
2026-05-15 13:00:00,32.0,32.0,31.9,31.9,9786.07571213,313091.92278816
2026-05-15 13:15:00,31.9,31.9,31.9,31.9,6573.82924634,209705.15295825
2026-05-15 13:30:00,31.9,31.9,31.8,31.8,49472.86357466,1575911.52934041
2026-05-15 13:45:00,31.8,31.9,31.8,31.8,142442.00516203,4530655.76415255
2026-05-15 14:00:00,31.8,31.8,31.8,31.8,375525.69996183,11941717.25878619
2026-05-15 14:15:00,31.8,31.8,31.7,31.7,34107.52723326,1081308.61329434
2026-05-15 14:30:00,31.7,31.7,31.6,31.7,354708.72074654,11235348.18743471
2026-05-15 14:45:00,31.6,31.6,31.6,31.6,15822.78481013,500000.00000011
2026-05-15 15:00:00,31.6,31.8,31.2,31.6,788976.60010609,24805961.50044408
2026-05-15 15:15:00,31.6,31.6,31.2,31.3,211227.79366338,6610795.30628243
2026-05-15 15:30:00,31.3,31.7,31.3,31.7,109579.0757985,3458740.09154187
2026-05-15 15:45:00,31.8,32.0,31.5,31.6,161628.20853338,5141107.41359964
2026-05-15 16:00:00,31.6,31.6,31.6,31.6,5339.86322996,168739.67806674
2026-05-15 16:15:00,31.6,31.6,31.6,31.6,20272.86147554,640622.42262706
2026-05-15 16:30:00,31.6,31.6,31.6,31.6,2232.36678874,70542.79052418
2026-05-15 16:45:00,31.6,31.6,31.4,31.4,332936.55924331,10464364.84720547
2026-05-15 17:00:00,31.4,31.8,31.4,31.8,163275.30836391,5140182.49417814
2026-05-15 17:15:00,31.7,31.7,31.4,31.4,75729.45002648,2383998.6949424
2026-05-15 17:30:00,31.3,31.3,31.2,31.2,247224.4214809,7733620.77689356
2026-05-15 17:45:00,31.3,31.3,31.2,31.2,171478.49380118,5350245.23449682
2026-05-15 18:00:00,31.3,31.4,31.3,31.4,2934.90753175,91949.48472467
2026-05-15 18:15:00,31.4,31.4,31.2,31.2,154900.13067352,4836640.43338812
2026-05-15 18:30:00,31.3,31.3,31.2,31.2,92966.98767165,2900685.45665624
2026-05-15 18:45:00,31.4,31.4,31.2,31.2,13333.90683691,417509.08628485
2026-05-15 19:00:00,31.2,31.2,31.2,31.2,702214.21047125,21909083.366703
2026-05-15 19:15:00,31.2,31.3,31.1,31.3,118953.72012585,3710363.12793763
2026-05-15 19:30:00,31.3,31.3,31.1,31.1,217351.80927438,6768960.55252074
2026-05-15 19:45:00,31.3,31.3,31.3,31.3,79995.48740505,2503858.75577807
2026-05-15 20:00:00,31.3,31.3,31.3,31.3,88170.06243138,2759722.95410219
2026-05-15 20:15:00,31.4,31.4,31.3,31.4,213375.22826116,6699659.06563042
2026-05-15 20:45:00,31.4,31.4,31.2,31.2,224622.70964668,7041186.3608317
2026-05-15 21:00:00,31.4,31.4,31.3,31.3,45427.11872554,1426392.95213056
2026-05-15 21:15:00,31.3,31.3,31.3,31.3,41166.7872212,1288520.44002356
2026-05-15 21:30:00,31.3,31.3,31.2,31.2,56360.24913305,1764059.1311978
2026-05-15 21:45:00,31.2,31.3,31.2,31.2,120130.14371482,3749656.66983498
2026-05-15 22:00:00,31.2,31.4,31.0,31.4,459818.91416637,14305641.09061192
2026-05-15 22:15:00,31.3,31.3,31.2,31.2,24782.27805052,773570.85702081
2026-05-15 22:30:00,31.3,31.3,30.8,31.0,670368.74745108,20739767.0464217
2026-05-15 22:45:00,30.8,30.9,30.0,30.4,2004453.46056567,60894907.62560948
2026-05-15 23:00:00,30.3,30.6,30.3,30.6,501164.80966568,15227592.78554645
2026-05-15 23:15:00,30.5,30.6,30.3,30.5,173416.14891517,5283613.53619119
2026-05-15 23:30:00,30.3,30.4,30.1,30.4,413055.6873755,12459682.69191763
2026-05-15 23:45:00,30.4,30.4,30.3,30.4,134082.10197307,4064170.01521423
2026-05-16 00:00:00,30.3,30.4,30.3,30.3,50204.10750271,1524131.64058722
2026-05-16 00:15:00,30.3,30.4,30.3,30.3,32534.70051006,986933.94037252
2026-05-16 00:30:00,30.4,30.4,30.1,30.3,105373.90220531,3190603.4618561
2026-05-16 00:45:00,30.2,30.3,30.2,30.3,12939.7857084,390814.53169401
2026-05-16 01:00:00,30.3,30.3,30.3,30.3,235814.62163727,7145183.03560928
2026-05-16 01:30:00,30.3,30.4,30.3,30.4,48125.71307863,1460291.42865091
2026-05-16 01:45:00,30.3,30.4,30.3,30.4,65704.11804873,1993905.18868139
2026-05-16 02:15:00,30.4,30.4,30.4,30.4,3742.53822629,113773.16207922
2026-05-16 02:30:00,30.4,30.4,30.4,30.4,5484.4197,166726.35888
2026-05-16 02:45:00,30.5,30.6,30.4,30.4,379234.06482549,11598211.26087845
2026-05-16 04:00:00,30.5,30.5,30.5,30.5,16550.82376843,504800.12493712
2026-05-16 05:15:00,30.5,30.5,30.5,30.5,163.93442623,5000.00000002
2026-05-16 05:30:00,30.5,30.5,30.4,30.4,64268.09260646,1956500.44526337
2026-05-16 05:45:00,30.5,30.5,30.5,30.5,10874.46074202,331671.05263161
2026-05-16 06:00:00,30.5,30.5,30.5,30.5,506.58978429,15450.98842085
2026-05-16 06:15:00,30.5,30.5,30.4,30.4,52039.16554595,1582744.73095753
2026-05-16 06:45:00,30.4,30.4,30.4,30.4,44578.11063964,1355174.56344506
2026-05-16 07:00:00,30.5,30.5,30.5,30.5,650.48524589,19839.79999965
2026-05-16 07:15:00,30.5,30.6,30.5,30.6,59413.70799958,1814188.75588181
2026-05-16 07:30:00,30.6,30.7,30.6,30.7,76174.54555296,2330980.18186846
2026-05-16 07:45:00,30.6,30.6,30.6,30.6,24933.13831524,762954.03244634
2026-05-16 08:00:00,30.6,30.7,30.6,30.7,45626.56920671,1396498.75062435
2026-05-16 08:15:00,30.7,30.7,30.5,30.7,68895.5469295,2109336.30464195
2026-05-16 08:30:00,30.7,30.8,30.6,30.7,89355.88049378,2741658.6813422
2026-05-16 08:45:00,30.6,30.6,30.5,30.6,187661.6602827,5737768.90292572
2026-05-16 09:00:00,30.6,31.7,30.6,31.4,2611693.19876997,81798339.67663428
2026-05-16 09:15:00,31.4,31.8,31.1,31.4,1315980.22774063,41282893.23781509
2026-05-16 09:30:00,31.4,31.4,31.3,31.4,290931.38135444,9116427.81485838
2026-05-16 09:45:00,31.4,32.0,31.3,31.6,2365748.78884551,74935363.84400627
2026-05-16 10:00:00,31.8,31.9,31.5,31.8,2182563.31920619,69118587.79831044
2026-05-16 10:15:00,31.7,31.7,30.9,31.4,2038820.2184428,63783808.82690523
2026-05-16 10:30:00,31.2,31.4,31.0,31.2,458537.73629072,14262972.46137022
2026-05-16 10:45:00,31.3,31.3,31.1,31.1,505472.57795894,15754671.53722333
2026-05-16 11:00:00,31.1,31.1,31.0,31.1,59207.36848182,1841332.9597846
2026-05-16 11:15:00,31.1,31.1,31.0,31.1,140072.79497479,4345853.43119031
2026-05-16 11:30:00,31.0,31.2,31.0,31.1,411514.52115712,12769409.93319961
2026-05-16 11:45:00,31.1,31.2,31.0,31.0,116572.57101847,3620342.94635359
2026-05-16 12:00:00,31.1,31.1,30.9,31.1,93990.10607747,2912407.67227449
2026-05-16 12:15:00,31.0,31.1,30.8,31.0,363736.32905286,11262614.8020666
2026-05-16 12:30:00,31.0,31.1,31.0,31.1,61535.59285202,1907620.34749218
2026-05-16 13:00:00,31.0,31.1,31.0,31.1,110586.01237446,3438982.30348518
2026-05-16 13:15:00,31.1,31.1,31.1,31.1,2000.0,62200.0
2026-05-16 13:45:00,31.0,31.0,31.0,31.0,24387.76798738,756020.80760878
2026-05-16 14:00:00,31.0,31.0,31.0,31.0,227644.68517414,7056985.24039834
2026-05-16 14:15:00,31.0,31.1,31.0,31.1,37287.46999615,1155927.73117097
2026-05-16 14:30:00,31.0,31.1,31.0,31.1,5741.13482293,178390.05732433
2026-05-16 15:00:00,31.1,31.1,31.0,31.0,16008.79354949,497718.64067946
2026-05-16 15:15:00,31.0,31.0,31.0,31.0,32119.13102946,995693.06191326
2026-05-16 15:30:00,30.9,30.9,30.8,30.9,103063.07691927,3176101.92136108
2026-05-16 15:45:00,31.0,31.1,30.8,30.8,287686.98949311,8897585.5634262
2026-05-16 16:00:00,30.9,31.0,30.8,30.8,5240.55124539,162013.10295348
2026-05-16 16:15:00,30.8,31.4,30.5,31.3,1068397.36948465,32878817.74800784
2026-05-16 16:30:00,31.3,32.1,30.9,31.7,6062271.1525418,191623396.78518933
2026-05-16 16:45:00,31.8,32.0,31.3,31.7,2056201.82294163,64892822.66356009
2026-05-16 17:00:00,31.6,32.1,31.4,31.8,4811050.98088513,153121675.36541638
2026-05-16 17:15:00,31.8,33.4,31.6,33.0,23873069.79093888,782566576.599081
2026-05-16 17:30:00,33.0,33.2,31.1,31.4,21398436.98543004,688513726.417877
2026-05-16 17:45:00,31.3,31.4,30.5,30.6,6551684.85443909,202208083.68906337
2026-05-16 18:00:00,30.6,30.7,30.3,30.6,3724581.30538552,113448937.78105882
2026-05-16 18:15:00,30.6,30.7,30.4,30.7,1388309.32763657,42391583.55683446
2026-05-16 18:30:00,30.5,30.8,30.1,30.2,1505511.31036598,45688222.10283583
2026-05-16 18:45:00,30.2,30.5,30.2,30.4,171866.4371798,5207594.71627884
2026-05-16 19:00:00,30.4,30.4,30.2,30.3,442950.93666327,13425801.82928971
2026-05-16 19:15:00,30.3,30.4,30.2,30.4,601786.34607209,18213761.50191159
2026-05-16 19:30:00,30.3,30.5,30.3,30.5,189167.05629605,5738157.22681935
2026-05-16 19:45:00,30.3,30.3,30.1,30.1,440632.72878194,13271811.48660209
2026-05-16 20:00:00,30.4,30.5,30.4,30.5,148248.54472632,4510239.27485617
2026-05-16 20:15:00,30.5,30.5,30.3,30.3,168993.74949047,5142728.52591355
2026-05-16 20:30:00,30.3,30.3,30.2,30.2,89988.79616675,2726411.69566399
2026-05-16 20:45:00,30.4,30.4,30.4,30.4,11782.85958645,358198.93142808
2026-05-16 21:00:00,30.4,30.4,30.4,30.4,79207.92079207,2407920.79207893
2026-05-16 21:15:00,30.4,30.4,30.2,30.4,119940.19175104,3630416.78787591
2026-05-16 21:30:00,30.4,30.6,30.4,30.6,21059.76378663,642236.56505805
2026-05-16 21:45:00,30.6,30.8,30.6,30.7,1241137.09294493,38177660.90420073
2026-05-16 22:00:00,30.7,30.7,30.6,30.6,212254.3100407,6495617.00616804
2026-05-16 22:15:00,30.6,30.6,30.6,30.6,43022.90089999,1316500.76753969
2026-05-16 22:30:00,30.6,30.7,30.5,30.6,77160.90715603,2364877.81419077
2026-05-16 22:45:00,30.6,30.6,30.4,30.4,227465.0398923,6933057.41790067
2026-05-16 23:15:00,30.5,30.7,30.5,30.6,429828.12359374,13180177.14044509
2026-05-16 23:30:00,30.6,30.6,30.5,30.5,60621.76842088,1849441.87801331
2026-05-16 23:45:00,30.7,30.7,30.5,30.6,58834.4718155,1798728.07630135
2026-05-17 00:00:00,30.6,30.6,30.5,30.6,32304.845,987340.0412
2026-05-17 00:15:00,30.7,30.7,30.7,30.7,328.85667752,10095.89999986
2026-05-17 00:30:00,30.7,30.7,30.7,30.7,104196.62492696,3198836.38525767
2026-05-17 00:45:00,30.8,30.8,30.7,30.7,118156.52560592,3628010.66012772
2026-05-17 01:15:00,30.6,30.6,30.5,30.5,173240.28610694,5293160.34994951
2026-05-17 01:30:00,30.5,30.5,30.4,30.4,179089.95365075,5458581.53640799
2026-05-17 01:45:00,30.4,30.4,30.3,30.3,189588.40477832,5748054.05064803
2026-05-17 02:00:00,30.3,30.3,30.3,30.3,68474.92497459,2074790.22673008
2026-05-17 02:45:00,30.5,30.5,30.5,30.5,6003.40983606,183103.99999983
2026-05-17 03:00:00,30.4,30.4,30.4,30.4,1010.42607542,30716.95269277
2026-05-17 03:15:00,30.6,30.7,30.5,30.5,21829.58218002,667501.38999851
2026-05-17 03:30:00,30.6,30.6,30.6,30.6,17893.978,547555.7268
2026-05-17 03:45:00,30.6,30.6,30.6,30.6,117160.90169515,3585123.59187159
2026-05-17 04:00:00,30.7,30.8,30.7,30.8,197282.2604182,6066305.654579
2026-05-17 04:15:00,30.8,30.8,30.8,30.8,202500.67359489,6237020.74672261
2026-05-17 04:30:00,30.7,30.7,30.6,30.6,77444.93452645,2377188.47777524
2026-05-17 05:15:00,30.8,30.8,30.8,30.8,18538.03617671,570971.51424267
2026-05-17 05:30:00,30.8,30.8,30.8,30.8,324.67532467,9999.99999984
2026-05-17 05:45:00,30.8,30.8,30.8,30.8,324.67532467,9999.99999984
2026-05-17 06:15:00,30.7,30.7,30.6,30.6,37215.65550813,1140734.51835923
2026-05-17 06:45:00,30.8,30.8,30.8,30.8,10961.37007792,337610.19839994
2026-05-17 07:00:00,30.8,30.8,30.8,30.8,5.194e-05,0.00159975
2026-05-17 07:15:00,30.8,30.8,30.8,30.8,171.57288961,5284.44499999
2026-05-17 07:30:00,30.7,30.8,30.7,30.8,141814.6120963,4358665.1586269
2026-05-17 07:45:00,30.9,31.0,30.8,30.8,93220.46847132,2883263.77882025
2026-05-17 08:00:00,30.9,30.9,30.8,30.9,113586.39749894,3505058.88056037
2026-05-17 08:15:00,30.9,30.9,30.8,30.8,67704.09396388,2091892.83736389
2026-05-17 08:30:00,30.8,30.8,30.8,30.8,12149.0072466,374189.42319528
2026-05-17 08:45:00,30.9,30.9,30.6,30.7,32349.08103478,992163.95991478
2026-05-17 09:00:00,30.6,30.6,30.4,30.6,256357.53945701,7834776.69001003
2026-05-17 09:15:00,30.6,30.6,30.4,30.4,475428.14569897,14465783.9913603
2026-05-17 09:30:00,30.4,30.4,30.4,30.4,187651.35898378,5704601.31310691
2026-05-17 09:45:00,30.6,30.6,30.6,30.6,326.79738562,9999.99999997
2026-05-17 10:00:00,30.4,30.4,30.4,30.4,9794.11764704,297741.17647002
2026-05-17 10:15:00,30.4,30.5,30.3,30.3,1050017.22161821,31882153.71292727
2026-05-17 10:30:00,30.5,30.9,30.5,30.9,311709.58338267,9569449.87487877
2026-05-17 10:45:00,30.9,31.0,30.8,30.8,349187.68630923,10810191.0328608
2026-05-17 11:00:00,30.8,30.8,30.7,30.8,208838.7136953,6426650.22773555
2026-05-17 11:15:00,30.7,31.0,30.7,30.9,228917.90210751,7056214.1785638
2026-05-17 11:30:00,31.0,31.0,30.7,30.7,241454.60938107,7438757.58562207
2026-05-17 11:45:00,30.7,30.7,30.7,30.7,1515.16245133,46515.48725583
2026-05-17 12:00:00,30.7,30.7,30.4,30.4,179964.71311869,5488832.7094349
2026-05-17 12:15:00,30.3,30.4,30.2,30.4,584715.84860736,17685774.06739759
2026-05-17 12:30:00,30.4,30.4,30.3,30.3,44127.72039827,1337836.59783387
2026-05-17 12:45:00,30.3,30.9,30.3,30.9,389151.60035006,11914833.02703215
2026-05-17 13:00:00,30.9,31.0,30.7,30.7,1368489.18796459,42280041.62010138
2026-05-17 13:15:00,30.7,30.7,30.4,30.4,283845.7777004,8653736.02678332
2026-05-17 13:30:00,30.4,30.5,30.4,30.5,28552.36244002,870586.52227497
2026-05-17 13:45:00,30.5,30.5,30.5,30.5,9992.89670736,304783.34957448
2026-05-17 14:00:00,30.5,30.5,30.4,30.4,90254.19816174,2743808.1093628
2026-05-17 14:15:00,30.5,30.5,30.4,30.4,29515.65181249,898838.3150997
2026-05-17 14:30:00,30.5,30.5,30.2,30.2,932468.46140737,28274124.92865553
2026-05-17 14:45:00,30.6,30.6,30.5,30.6,30845.82648552,940899.71728548
2026-05-17 15:00:00,30.6,30.6,30.5,30.5,7691.08986621,235149.85053943
2026-05-17 15:15:00,30.6,30.6,30.6,30.6,113212.11943047,3464290.85457238
2026-05-17 15:30:00,30.5,30.5,30.4,30.4,161974.74588276,4934862.03922636
2026-05-17 15:45:00,30.4,30.4,30.4,30.4,53897.70394736,1638490.19999974
2026-05-17 16:00:00,30.4,30.6,30.3,30.6,43321.91954125,1315312.59407487
2026-05-17 16:30:00,30.6,30.6,30.6,30.6,10333.0,316189.8
2026-05-17 16:45:00,30.4,30.6,30.4,30.6,8470.09518368,259120.18770152
2026-05-17 17:00:00,30.6,30.6,30.6,30.6,163.54567814,5004.49775108
2026-05-17 17:30:00,30.6,30.6,30.6,30.6,109249.11733027,3343022.99030626
2026-05-17 17:45:00,30.5,30.5,30.4,30.4,21594.02866555,656908.22204713
2026-05-17 18:30:00,30.4,30.4,30.3,30.3,17491.74917492,531618.13658301
2026-05-17 18:45:00,30.5,30.5,30.4,30.4,45459.47349099,1382046.68265069
2026-05-17 19:00:00,30.5,30.5,30.4,30.4,48992.73087361,1492600.66006616
2026-05-17 19:15:00,30.5,30.6,30.4,30.6,18699.54178157,570204.90000008
2026-05-17 19:30:00,30.4,30.4,30.4,30.4,55921.05263158,1700000.00000003
2026-05-17 20:15:00,30.6,30.6,30.6,30.6,82.824,2534.4144
2026-05-17 20:30:00,30.4,30.4,30.4,30.4,57234.64217258,1739933.12204643
2026-05-17 20:45:00,30.4,30.4,30.4,30.4,44381.18713308,1349188.08884563
2026-05-17 21:00:00,30.4,30.5,30.4,30.5,17601.19287729,535771.63381723
2026-05-17 21:30:00,30.5,30.5,30.5,30.5,41985.93763315,1280571.09781108
2026-05-17 22:00:00,30.5,30.5,30.4,30.4,22304.26589983,678180.10994482
2026-05-17 22:15:00,30.4,30.4,30.3,30.3,21051.25822368,639687.97449132
2026-05-17 22:30:00,30.3,30.3,30.3,30.3,8787.50794905,266261.49085622
2026-05-17 22:45:00,30.4,30.4,30.3,30.3,16339.86928104,495653.57650921
2026-05-17 23:00:00,30.5,30.5,30.5,30.5,11445.10864836,349075.81377498
2026-05-17 23:15:00,30.5,30.5,30.5,30.5,110221.61441791,3361759.23974626
2026-05-17 23:30:00,30.4,30.4,30.3,30.3,69333.46879998,2106138.75819696
2026-05-18 00:00:00,30.4,30.4,30.4,30.4,63265.95250177,1923284.95605381
2026-05-18 00:15:00,30.3,30.3,30.3,30.3,30628.83792048,928053.78899054
2026-05-18 00:45:00,30.3,30.3,30.3,30.3,68481.84818482,2075000.00000005
2026-05-18 01:00:00,30.4,30.4,30.4,30.4,7505.89442119,228179.19040418
2026-05-18 02:30:00,30.4,30.4,30.3,30.3,1212.8540305,36770.75371989
2026-05-18 03:45:00,30.3,30.3,30.3,30.3,629.92282204,19086.66150781
2026-05-18 05:45:00,30.4,30.4,30.4,30.4,5918.09358478,179910.04497731
2026-05-18 06:00:00,30.4,30.4,30.4,30.4,32894.7368421,999999.99999984
2026-05-18 06:30:00,30.5,30.5,30.5,30.5,914.29694988,27886.05697134
2026-05-18 07:30:00,30.3,30.3,30.3,30.3,35237.06424733,1067683.0466941
2026-05-18 08:00:00,30.3,30.3,30.3,30.3,71696.53976115,2172405.15476285
2026-05-18 08:15:00,30.4,30.4,30.3,30.3,9552.11918915,289899.20340894
2026-05-18 08:30:00,30.3,30.3,30.1,30.2,578928.37044196,17476509.29383686
2026-05-18 08:45:00,30.3,30.6,30.1,30.1,325153.80595369,9838276.01531813
2026-05-18 09:00:00,30.2,30.7,30.1,30.6,329530.21081159,10015755.40739894
2026-05-18 09:15:00,30.5,30.6,30.5,30.6,96212.50446671,2943259.23221113
2026-05-18 09:30:00,30.6,30.6,30.3,30.3,604172.49935665,18448758.45836165
2026-05-18 09:45:00,30.4,30.4,30.4,30.4,64413.1400923,1958159.45880592
2026-05-18 10:00:00,30.4,30.4,30.3,30.3,496.94736842,15090.39999997
2026-05-18 10:15:00,30.3,30.3,30.1,30.1,705669.50368181,21273467.9577122
2026-05-18 10:30:00,30.1,30.2,29.9,30.1,902746.03893048,27088273.9396342
2026-05-18 10:45:00,30.0,30.1,29.9,29.9,55788.59441045,1673836.0118409
2026-05-18 11:00:00,29.9,29.9,29.6,29.6,934125.85072038,27746842.564932
2026-05-18 11:15:00,29.9,30.0,29.7,29.9,417937.40225618,12473132.59306093
2026-05-18 11:30:00,29.9,29.9,29.8,29.8,8981.67696205,268081.86477344
2026-05-18 11:45:00,29.8,29.8,29.4,29.6,1033137.28718471,30469371.3396885
2026-05-18 12:00:00,29.6,29.7,29.6,29.7,6952.78642765,206061.70554715
2026-05-18 12:15:00,29.7,29.9,29.7,29.7,10790.11675695,321096.70227352
2026-05-18 12:30:00,29.7,29.7,29.6,29.6,16217.44029259,480089.4206655
2026-05-18 12:45:00,29.8,29.8,29.3,29.7,666450.05031264,19614912.09610352
2026-05-18 13:00:00,29.4,29.5,29.3,29.5,588132.0,17249292.3035693
2026-05-18 13:15:00,29.5,29.5,29.4,29.4,153939.87808263,4529226.40343759
2026-05-18 13:30:00,29.5,29.5,29.3,29.3,84306.84469291,2471631.63397155
2026-05-18 13:45:00,29.3,29.4,29.3,29.4,170941.41755488,5008593.93435798
2026-05-18 14:00:00,29.4,29.5,29.4,29.5,149660.05887997,4400260.83311193
2026-05-18 14:15:00,29.5,29.5,29.4,29.4,75787.28058197,2228787.52159401
2026-05-18 14:30:00,29.3,29.4,29.3,29.4,56382.61177758,1655481.20405734
2026-05-18 14:45:00,29.4,29.4,29.3,29.4,18815.63889855,553152.48361737
2026-05-18 15:00:00,29.3,29.4,29.2,29.2,718971.20962682,21011034.89342257
2026-05-18 15:15:00,29.2,29.2,29.2,29.2,40576.3196448,1184828.53362816
2026-05-18 15:30:00,29.2,29.3,29.2,29.2,66346.40991524,1937333.94620501
2026-05-18 15:45:00,29.2,29.2,29.1,29.2,851870.2946861,24855739.97999643
2026-05-18 16:00:00,29.1,29.2,29.1,29.2,55240.67120994,1611457.73436677
2026-05-18 16:15:00,29.2,29.2,29.1,29.2,116465.97632657,3397552.937396
2026-05-18 16:30:00,29.2,29.2,29.2,29.2,145060.15724157,4235756.59145384
2026-05-18 16:45:00,29.2,29.2,29.1,29.2,150984.60959186,4408691.07206119
2026-05-18 17:00:00,29.2,29.2,29.1,29.1,161724.78605499,4722020.11019402
2026-05-18 17:15:00,29.2,29.3,29.2,29.3,19654.16432786,573911.99837351
2026-05-18 17:30:00,29.3,29.3,29.2,29.2,78686.76091134,2298359.4520651
2026-05-18 17:45:00,29.3,29.3,29.2,29.3,4478.40079011,131131.39999954
2026-05-18 18:00:00,29.1,29.2,29.1,29.2,4396.58824472,128346.13017048
2026-05-18 18:15:00,29.2,29.2,29.1,29.2,94550.48436892,2757162.83142032
2026-05-18 18:30:00,29.2,29.3,29.2,29.2,56994.15157393,1668042.90272847
2026-05-18 18:45:00,29.2,29.2,29.2,29.2,1708.68411947,49893.57628852
2026-05-18 19:15:00,29.2,29.2,29.2,29.2,2509.47188208,73276.57895674
2026-05-18 19:30:00,29.2,30.1,29.2,29.3,247995.46726957,7375116.35363838
2026-05-18 19:45:00,29.4,29.6,29.4,29.6,71776.896589,2121241.63300381
2026-05-18 20:00:00,29.6,29.7,29.6,29.6,99940.9261035,2965336.22101363
2026-05-18 20:15:00,29.5,29.7,29.4,29.4,58193.17227622,1716341.4424874
2026-05-18 20:30:00,29.4,29.5,29.3,29.4,317460.7780704,9309300.10248227
2026-05-18 20:45:00,29.4,29.4,29.4,29.4,15027.38426705,441805.09745127
2026-05-18 21:00:00,29.4,29.5,29.4,29.5,181156.05637887,5332216.41124701
2026-05-18 21:15:00,29.4,29.4,29.4,29.4,1552.79503105,45652.17391287
2026-05-18 21:30:00,29.5,29.6,29.5,29.6,72985.65402173,2158867.69548741
2026-05-18 21:45:00,29.6,29.7,29.6,29.7,117221.36165314,3469802.81335045
2026-05-18 22:00:00,29.7,29.8,29.5,29.5,161070.06830547,4771887.19958458
2026-05-18 22:15:00,29.5,29.5,29.5,29.5,5812.07510766,171456.21567597
2026-05-18 22:30:00,29.5,29.5,29.5,29.5,272.0,8024.0
2026-05-18 22:45:00,29.5,29.5,29.5,29.5,111493.11186241,3289046.7999411
2026-05-18 23:00:00,29.5,29.5,29.5,29.5,39074.15611772,1152687.60547274
2026-05-18 23:30:00,29.4,29.4,29.4,29.4,24928.07535913,732885.41555842
2026-05-19 00:00:00,29.4,29.4,28.1,28.5,2467705.82809172,71040355.51812331
2026-05-19 00:15:00,28.5,28.6,28.1,28.3,959306.1682527,27277165.92784237
2026-05-19 00:30:00,28.2,28.4,28.1,28.4,563442.58022579,15858103.94250344
2026-05-19 00:45:00,28.4,28.6,28.3,28.6,258235.17462696,7361540.793477
2026-05-19 01:15:00,28.6,28.8,28.6,28.7,314686.88673813,9052034.89329393
2026-05-19 01:30:00,28.7,28.7,28.7,28.7,46629.85557371,1338276.85496548
2026-05-19 01:45:00,28.7,28.7,28.7,28.7,21152.8298,607086.21526
2026-05-19 02:00:00,28.7,28.8,28.6,28.6,55457.43593031,1592595.06269564
2026-05-19 02:30:00,28.6,28.6,28.6,28.6,42065.12036037,1203062.44230658
2026-05-19 02:45:00,28.7,28.7,28.5,28.5,93202.84911242,2665601.29032434
2026-05-19 03:00:00,28.5,28.7,28.5,28.7,11518.85452709,330323.32237282
2026-05-19 04:00:00,28.8,28.8,28.8,28.8,3723.26388888,107229.99999974
2026-05-19 04:30:00,28.7,28.7,28.7,28.7,56781.18010306,1629619.86895782
2026-05-19 05:00:00,29.0,29.0,28.9,29.0,2551.51154884,73961.27436273
2026-05-19 05:15:00,29.0,29.0,29.0,29.0,605.62068964,17562.99999956
2026-05-19 05:30:00,29.0,29.2,29.0,29.2,10369.22798677,301890.11161633
2026-05-19 05:45:00,29.2,29.2,29.2,29.2,5892.47260273,172060.19999972
2026-05-19 06:00:00,29.1,29.1,29.0,29.0,15801.31877558,459195.2499901
2026-05-19 06:15:00,29.1,29.1,29.0,29.0,6441.19506424,186815.64999011
2026-05-19 06:30:00,29.1,29.1,29.0,29.0,22648.69743703,658706.69646425
2026-05-19 07:00:00,29.1,29.1,29.1,29.1,1220.625,35520.1875
2026-05-19 07:15:00,29.2,29.3,29.2,29.3,35953.31683342,1053007.50000003
2026-05-19 07:45:00,29.3,29.3,29.3,29.3,53142.52559725,1557075.99999943
2026-05-19 08:00:00,29.3,29.3,29.3,29.3,68941.97952216,2019999.99999929
2026-05-19 08:15:00,29.3,29.3,29.3,29.3,68033.7607474,1993389.18989882
2026-05-19 08:30:00,29.4,29.4,29.1,29.3,241505.46092495,7037781.61732643
2026-05-19 08:45:00,29.3,29.3,29.3,29.3,377.38417354,11057.35628472
2026-05-19 09:00:00,29.3,29.4,29.1,29.1,239975.2702146,7028722.66186191
2026-05-19 09:15:00,29.2,29.2,29.2,29.2,10996.56357389,321099.65635759
2026-05-19 09:30:00,29.3,29.3,29.3,29.3,1026.88381836,30087.69587795
2026-05-19 09:45:00,29.3,29.3,29.3,29.3,682.59385664,19999.99999955
2026-05-19 10:00:00,29.4,29.4,29.4,29.4,4236.16919431,124543.37431271
2026-05-19 10:15:00,29.4,29.4,29.3,29.3,2102.37074829,61782.39999973
2026-05-19 10:30:00,29.3,29.3,29.3,29.3,20866.7544069,611395.90412217
2026-05-19 10:45:00,29.2,29.2,29.0,29.0,336538.82370238,9770743.41455181
2026-05-19 11:00:00,29.2,29.2,29.2,29.2,1467.95035342,42864.15031986
2026-05-19 11:15:00,29.0,29.0,29.0,29.0,103026.10229712,2987756.96661648
2026-05-19 11:30:00,29.0,29.0,28.8,28.8,446363.08776416,12913316.45420477
2026-05-19 11:45:00,28.8,28.9,28.8,28.9,64565.97088451,1865683.4983819
2026-05-19 12:00:00,28.9,28.9,28.8,28.9,157237.18933193,4529399.61032285
2026-05-19 12:15:00,29.1,29.1,29.1,29.1,206.18556701,5999.99999999
2026-05-19 12:30:00,29.1,29.2,29.1,29.2,2362.26804123,68761.99999979
2026-05-19 13:00:00,29.2,29.2,29.1,29.2,50488.58010954,1474162.57159857
2026-05-19 13:15:00,29.2,29.2,29.0,29.0,16629.28351082,482413.74736446
2026-05-19 13:45:00,29.1,29.1,29.1,29.1,175.86206896,5117.58620674
2026-05-19 14:00:00,29.0,29.0,29.0,29.0,59112.44194714,1714260.81646706
2026-05-19 14:15:00,29.0,29.0,29.0,29.0,10344.8275862,299999.9999998
2026-05-19 14:30:00,29.0,29.0,28.9,28.9,36778.41762626,1063757.90754536
2026-05-19 14:45:00,29.0,29.0,29.0,29.0,34041.50346926,987203.60060854
2026-05-19 15:00:00,29.0,29.0,29.0,29.0,13806.88959192,400399.79816568
2026-05-19 15:15:00,29.0,29.0,29.0,29.0,9521.05435952,276110.57642608
2026-05-19 15:30:00,29.0,29.0,29.0,29.0,13793.10344826,399999.99999954
2026-05-19 16:00:00,29.0,29.0,28.9,28.9,37945.16110796,1097045.98360625
2026-05-19 16:15:00,29.0,29.0,28.9,29.0,69368.16131029,2005966.68880088
2026-05-19 16:30:00,29.0,29.0,29.0,29.0,20204.70615861,585936.47859969
2026-05-19 16:45:00,29.0,29.0,28.9,29.0,35770.02359302,1037302.25238059
2026-05-19 17:00:00,29.0,29.0,29.0,29.0,48268.96896378,1399800.09994962
2026-05-19 17:15:00,29.0,29.0,28.9,28.9,14147.46158704,410077.51813322
2026-05-19 17:30:00,28.9,28.9,28.9,28.9,342.46575342,9897.26027384
2026-05-19 17:45:00,29.0,29.2,29.0,29.2,255547.86808853,7414029.67008126
2026-05-19 18:00:00,29.2,29.2,29.2,29.2,16115.83904109,470582.49999983
2026-05-19 18:15:00,29.1,29.2,29.1,29.2,684.9589041,19973.39999972
2026-05-19 18:30:00,29.1,29.1,29.1,29.1,35140.87783694,1022599.54505495
2026-05-19 19:00:00,29.0,29.2,28.9,29.0,181068.81717048,5245958.98506391
2026-05-19 19:15:00,29.0,29.0,29.0,29.0,5172.4137931,149999.9999999
2026-05-19 19:30:00,28.9,28.9,28.9,28.9,840.33613445,24285.71428561
2026-05-19 19:45:00,28.9,28.9,28.9,28.9,28425.25092063,821489.75160621
2026-05-19 20:15:00,29.0,29.0,29.0,29.0,13793.10344827,399999.99999983
2026-05-19 20:45:00,29.1,29.1,28.9,28.9,35121.65671339,1015222.06458398
2026-05-19 21:00:00,28.9,28.9,28.9,28.9,343.64261168,9931.27147755
2026-05-19 21:30:00,28.9,28.9,28.9,28.9,35000.0,1011500.0
2026-05-19 22:00:00,29.0,29.0,29.0,29.0,158424.20812437,4594302.03560673
2026-05-19 22:15:00,29.0,29.0,28.9,28.9,173516.26223093,5015243.0195405
2026-05-19 23:00:00,28.9,28.9,28.9,28.9,451.85248608,13058.53684771
2026-05-19 23:15:00,29.0,29.1,29.0,29.1,17114.14868728,496355.09199985
2026-05-19 23:45:00,29.1,29.1,29.1,29.1,687.28522336,19999.99999978
2026-05-20 00:00:00,29.1,29.9,28.9,28.9,1181331.60814971,34791298.48284783
2026-05-20 00:15:00,29.0,29.1,29.0,29.1,12805.87474673,372616.59086868
2026-05-20 00:30:00,29.2,29.2,29.2,29.2,1027.39726027,29999.99999988
2026-05-20 01:00:00,29.0,29.0,29.0,29.0,5895.27216215,170962.89270235
2026-05-20 01:15:00,29.1,29.1,29.0,29.0,559.59121168,16262.50939989
2026-05-20 01:30:00,29.0,29.0,28.9,28.9,51502.01608795,1488427.55745964
2026-05-20 02:15:00,29.1,29.1,29.0,29.0,8538.45961167,247649.6929996
2026-05-20 03:15:00,29.0,29.1,29.0,29.1,5218.86483892,151682.13187507
2026-05-20 04:00:00,29.0,29.0,29.0,29.0,175.86206897,5100.00000013
2026-05-20 04:15:00,29.1,29.1,29.1,29.1,6326.45876373,184099.95002454
2026-05-20 04:45:00,29.0,29.0,29.0,29.0,3436.42611683,99656.35738807
2026-05-20 05:15:00,29.0,29.0,29.0,29.0,130137.1966732,3773978.7035228
2026-05-20 05:30:00,29.0,29.0,29.0,29.0,179.31034483,5200.00000007
2026-05-20 06:15:00,29.0,29.0,28.9,28.9,73862.71573029,2137884.94316371
2026-05-20 07:15:00,28.9,28.9,28.8,28.8,283431.63211664,8163165.44742435
2026-05-20 07:30:00,28.9,28.9,28.9,28.9,2552.35703947,73763.11844068
2026-05-20 07:45:00,28.8,28.8,28.7,28.7,93732.12329169,2690529.24301053
2026-05-20 08:00:00,28.8,28.8,28.8,28.8,48194.44444444,1387999.99999987
2026-05-20 08:15:00,28.9,28.9,28.9,28.9,173.04498269,5000.99999974
2026-05-20 08:30:00,28.9,28.9,28.9,28.9,692.04152249,19999.99999996
2026-05-20 08:45:00,28.9,29.1,28.9,28.9,174654.14954971,5055203.35729925
2026-05-20 09:00:00,28.8,29.0,28.8,29.0,35219.59420945,1021220.8649563
2026-05-20 09:15:00,29.0,29.8,28.6,28.8,1987671.25518203,58240152.52557241
2026-05-20 09:30:00,28.7,29.1,28.5,29.1,475629.61614304,13598647.62174873
2026-05-20 10:00:00,28.9,28.9,28.7,28.8,105109.06127816,3020115.15629848
2026-05-20 10:15:00,28.8,28.8,28.7,28.8,945.51144893,27196.9459454
2026-05-20 10:30:00,28.7,28.8,28.7,28.8,111935.55365997,3212567.75462447
2026-05-20 10:45:00,28.7,28.8,28.7,28.8,104036.37764311,2992284.9511694
2026-05-20 11:00:00,28.9,28.9,28.8,28.8,65996.27541149,1903692.73185091
2026-05-20 11:15:00,28.8,28.8,28.7,28.7,135755.31067558,3900877.06587442
2026-05-20 11:30:00,28.8,28.8,28.8,28.8,173.64583333,5000.9999999
2026-05-20 12:00:00,28.8,28.8,28.8,28.8,41011.54533632,1181132.50568602
2026-05-20 12:15:00,28.9,28.9,28.9,28.9,173.04498269,5000.99999974
2026-05-20 12:45:00,28.9,28.9,28.9,28.9,346.02076124,9999.99999984
2026-05-20 13:45:00,28.9,28.9,28.9,28.9,14532.87197231,419999.99999976
2026-05-20 14:30:00,28.8,28.8,28.8,28.8,7489.85476803,215707.81731926
2026-05-20 14:45:00,28.8,28.8,28.8,28.8,23140.02020396,666432.58187405
2026-05-20 15:00:00,28.9,28.9,28.9,28.9,46179.64374214,1334591.70414785
2026-05-20 15:15:00,28.9,28.9,28.8,28.8,11100.69444343,320063.30274846
2026-05-20 15:30:00,28.8,28.8,28.8,28.8,128535.03292349,3701808.94819651
2026-05-20 15:45:00,28.8,28.8,28.8,28.8,13160.33943907,379017.77584522
2026-05-20 16:15:00,28.8,28.8,28.8,28.8,3048.7804878,87804.87804864
2026-05-20 16:45:00,28.8,29.4,28.8,29.4,311866.44970118,9134572.49877477
2026-05-20 17:00:00,29.4,29.5,29.4,29.4,141027.89939357,4147084.83614516
2026-05-20 17:30:00,29.3,29.4,29.0,29.1,102235.18252763,2986829.50521582
2026-05-20 17:45:00,29.3,29.3,29.3,29.3,4173.90383305,122295.38230837
2026-05-20 18:00:00,29.1,29.1,29.1,29.1,66676.84020145,1940296.0498622
2026-05-20 18:15:00,29.1,29.1,29.0,29.0,101582.01805284,2946175.02009593
2026-05-20 18:45:00,29.0,29.0,29.0,29.0,57540.69621198,1668680.19014742
2026-05-20 19:00:00,28.9,28.9,28.8,28.8,97915.41771183,2820033.34964967
2026-05-20 19:15:00,28.8,28.8,28.8,28.8,3472.22222222,99999.99999994
2026-05-20 19:30:00,28.7,28.7,28.7,28.7,19990.0049975,573713.14342825
2026-05-20 20:00:00,28.8,29.0,28.7,29.0,48222.74914526,1388532.07875278
2026-05-20 20:15:00,29.0,29.0,28.9,29.0,1269.13946204,36731.86236432
2026-05-20 20:30:00,28.9,28.9,28.9,28.9,2149.19122214,62111.62631985
2026-05-20 21:30:00,28.9,28.9,28.7,28.7,37085.2912202,1068370.56610776
2026-05-20 21:45:00,28.7,28.8,28.7,28.8,12196.04975563,350794.62005892
2026-05-20 22:00:00,28.9,29.0,28.9,29.0,5579.75203268,161599.66133066
2026-05-20 22:15:00,29.0,29.0,28.9,28.9,491.9221029,14234.54877381
2026-05-20 23:00:00,29.0,29.0,29.0,29.0,28609.446366,829673.944614
2026-05-20 23:15:00,29.0,29.0,29.0,29.0,34547.67241379,1001882.49999991
2026-05-20 23:30:00,29.0,29.0,29.0,29.0,34075.99003482,988203.71100978
2026-05-20 23:45:00,29.1,29.1,29.1,29.1,10344.8275862,301034.48275842
2026-05-21 00:00:00,29.1,29.2,29.1,29.2,28517.928918,832703.1816856
2026-05-21 00:15:00,29.1,29.1,28.9,28.9,46198.12199159,1336793.20227801
2026-05-21 00:45:00,28.9,28.9,28.8,28.8,42291.57627118,1218699.70787982
2026-05-21 01:15:00,28.8,28.8,28.7,28.7,130935.0,3768524.76622602
2026-05-21 01:30:00,28.7,28.7,28.3,28.7,734935.57758751,20961033.54258902
2026-05-21 01:45:00,28.4,28.6,28.4,28.6,8437.5669529,241162.88560704
2026-05-21 02:15:00,28.7,28.7,28.7,28.7,7599.80690049,218114.45804406
2026-05-21 02:45:00,28.9,28.9,28.9,28.9,4000.0,115600.0
2026-05-21 04:00:00,28.9,28.9,28.9,28.9,346.02076124,9999.99999984
2026-05-21 04:15:00,28.9,28.9,28.9,28.9,30309.82698961,875953.99999973
2026-05-21 04:30:00,28.9,28.9,28.9,28.9,174.74048442,5049.99999974
2026-05-21 05:00:00,28.9,28.9,28.9,28.9,10000.0,289000.0
2026-05-21 06:00:00,28.8,28.8,28.8,28.8,3484.3205575,100348.432056
2026-05-21 06:30:00,28.8,28.9,28.8,28.9,19241.09116171,555804.32511123
2026-05-21 07:15:00,29.0,29.0,29.0,29.0,10000.0,290000.0
2026-05-21 07:30:00,28.9,28.9,28.9,28.9,9590.70860443,277171.47866803
2026-05-21 07:45:00,29.0,29.5,29.0,29.1,206822.33946337,6052510.96847732
2026-05-21 08:00:00,29.1,29.6,29.1,29.4,460612.04048277,13609039.74948859
2026-05-21 08:15:00,29.4,29.4,29.4,29.4,61874.19195391,1819101.24344495
2026-05-21 08:30:00,29.4,29.4,29.3,29.4,68418.56094071,2009955.69165687
2026-05-21 08:45:00,29.4,29.4,29.2,29.2,170718.09074863,5009734.93794437
2026-05-21 09:00:00,29.5,29.5,29.1,29.1,131084.37005412,3821701.67250671
2026-05-21 09:15:00,29.1,29.1,28.9,28.9,734832.5253222,21296025.05919451
2026-05-21 09:30:00,28.9,29.1,28.9,29.1,178491.506134,5172190.96577794
2026-05-21 09:45:00,29.1,29.2,29.1,29.2,23604.98096614,687970.12052507
2026-05-21 10:00:00,29.2,29.2,29.2,29.2,2553.84612838,74572.3069487
2026-05-21 10:15:00,29.2,29.2,29.0,29.0,304508.18493994,8840190.95208703
2026-05-21 10:30:00,29.0,29.3,29.0,29.3,57733.84733001,1674367.63225251
2026-05-21 10:45:00,29.2,29.2,29.2,29.2,209.76819855,6125.23139766
2026-05-21 11:15:00,29.1,29.2,29.1,29.2,3253.53190835,94746.27168367
2026-05-21 11:30:00,29.1,29.1,29.0,29.0,110592.31854147,3215575.60225152
2026-05-21 11:45:00,29.1,29.1,29.1,29.1,1300.0,37830.0
2026-05-21 12:00:00,29.1,29.2,29.1,29.2,891.24552255,25990.00499729
2026-05-21 12:15:00,29.1,29.1,29.0,29.0,169432.02053383,4915198.99081776
2026-05-21 12:30:00,29.1,29.1,29.0,29.1,11079.10278418,322381.34307443
2026-05-21 12:45:00,29.1,29.1,29.1,29.1,3392.61482317,98725.09135425
2026-05-21 13:00:00,29.2,29.2,29.2,29.2,6938.95393911,202617.45502201
2026-05-21 13:15:00,29.2,29.3,29.2,29.3,55423.11259177,1618900.73409607
2026-05-21 13:30:00,29.3,29.4,29.3,29.4,190214.10890849,5585802.93235013
2026-05-21 13:45:00,29.3,29.4,29.3,29.4,297988.57493703,8748820.34769579
2026-05-21 14:00:00,29.4,29.4,29.4,29.4,27571.45228338,810600.69713137
2026-05-21 14:15:00,29.4,29.4,29.2,29.2,49595.9417533,1454536.31820271
2026-05-21 14:30:00,29.2,29.2,29.1,29.1,276006.8809432,8042816.45976219
2026-05-21 15:00:00,29.2,29.2,29.2,29.2,21516.73579186,628288.68512231
2026-05-21 15:30:00,29.2,29.2,29.2,29.2,4077.10260516,119051.39607067
2026-05-21 15:45:00,29.2,29.2,29.2,29.2,14386.38095567,420082.32390556
2026-05-21 16:00:00,29.2,29.4,29.2,29.4,198108.39317106,5792734.25169007
2026-05-21 16:15:00,29.4,29.5,29.4,29.5,29565.7730891,871178.99999995
2026-05-21 16:30:00,29.4,29.4,29.4,29.4,51020.40816326,1499999.99999984
2026-05-21 16:45:00,29.3,29.3,29.2,29.2,358379.74256841,10494521.1441231
2026-05-21 17:00:00,29.2,29.2,29.2,29.2,112392.40832741,3281858.32316037
2026-05-21 17:15:00,29.2,29.3,29.2,29.2,50740.69356635,1481645.65828076
2026-05-21 17:30:00,29.3,29.3,29.2,29.2,31694.7440273,925505.99999989
2026-05-21 17:45:00,29.3,29.3,29.3,29.3,9439.45717945,276576.09535789
2026-05-21 18:00:00,29.3,29.3,29.2,29.3,77407.76192531,2263985.23450107
2026-05-21 18:15:00,29.3,29.3,29.3,29.3,37939.52750673,1111628.15594719
2026-05-21 18:30:00,29.3,29.3,29.3,29.3,178308.51697438,5224439.54734933
2026-05-21 18:45:00,29.4,29.4,29.2,29.3,43070.51511795,1262284.666386
2026-05-21 19:00:00,29.3,29.3,29.3,29.3,113818.28075699,3334875.62617981
2026-05-21 19:15:00,29.3,29.3,29.2,29.2,54654.09672779,1599651.8984851
2026-05-21 19:30:00,29.2,29.4,29.0,29.0,457454.56284328,13337306.30388824
2026-05-21 20:15:00,29.1,29.1,29.1,29.1,6853.73895309,199443.80353492
2026-05-21 20:30:00,29.1,29.2,29.1,29.2,35641.40787592,1037184.21803927
2026-05-21 21:00:00,29.2,29.3,29.2,29.3,2468.29042779,72244.72895563
2026-05-21 22:00:00,29.2,29.3,29.0,29.3,118674.57813457,3452714.72853496
2026-05-21 22:15:00,29.2,29.2,29.1,29.1,86733.41589535,2523959.52926701
2026-05-21 22:30:00,29.1,29.1,29.0,29.0,19796.48271102,575832.66578172
2026-05-21 22:45:00,29.1,29.1,29.1,29.1,24734.11748071,719762.81868866
2026-05-21 23:00:00,29.1,29.1,29.0,29.0,238557.37433872,6929956.91849585
2026-05-21 23:15:00,29.0,29.0,28.9,28.9,122229.40164268,3536177.79939191
2026-05-21 23:45:00,29.0,29.0,29.0,29.0,641.05198273,18590.50749917
2026-05-22 00:00:00,29.0,29.1,29.0,29.1,29051.99171187,845388.14240283
2026-05-22 00:15:00,29.1,29.1,29.0,29.1,2215.80162753,64447.25407122
2026-05-22 00:30:00,29.0,29.0,29.0,29.0,254.57704538,7382.73431602
2026-05-22 01:00:00,29.2,29.2,29.2,29.2,675.67567567,19729.72972956
2026-05-22 01:15:00,29.2,29.2,29.2,29.2,68458.9212241,1999000.49974372
2026-05-22 01:30:00,29.3,29.3,29.2,29.2,14579.85895751,426926.42080844
2026-05-22 02:30:00,29.1,29.1,29.1,29.1,3412.96928327,99317.40614316
2026-05-22 03:45:00,29.3,29.3,29.3,29.3,11864.40677966,347627.11864404
2026-05-22 04:45:00,29.3,29.3,29.3,29.3,333.0,9756.9
2026-05-22 05:00:00,29.3,29.3,29.3,29.3,18486.39963543,541651.5093181
2026-05-22 05:15:00,29.3,29.3,29.3,29.3,492.738,14437.2234
2026-05-22 06:00:00,29.3,29.3,29.3,29.3,24468.19887387,716918.22700439
2026-05-22 06:15:00,29.3,29.3,29.2,29.2,8924.35505966,261436.65083001
2026-05-22 06:30:00,29.2,29.2,29.2,29.2,394.89289461,11530.87252261
2026-05-22 07:30:00,29.3,29.3,29.3,29.3,17550.73007463,514236.39118666
2026-05-22 07:45:00,29.3,29.3,29.3,29.3,6348.88086662,186022.20939197
2026-05-22 08:00:00,29.4,29.5,29.3,29.4,150573.27054083,4428620.40606506
2026-05-22 08:30:00,29.3,29.3,29.2,29.2,16799.00260576,491156.16091667
2026-05-22 08:45:00,29.3,29.4,29.2,29.4,57678.78185857,1685933.10589308
2026-05-22 09:00:00,29.3,29.4,29.2,29.4,40461.12657354,1185264.57216222
2026-05-22 09:15:00,29.4,29.4,29.2,29.2,11065.79610954,323138.25660265
2026-05-22 09:30:00,29.2,29.2,29.2,29.2,124070.74613798,3622865.78722902
2026-05-22 09:45:00,29.2,29.2,29.2,29.2,53210.26566018,1553739.75727726
2026-05-22 10:00:00,29.2,29.2,29.2,29.2,3681.88512518,107511.04565526
2026-05-22 10:15:00,29.3,29.8,29.3,29.8,909736.71694725,26953166.32732682
2026-05-22 10:30:00,29.7,29.9,29.5,29.8,457379.49484361,13602099.13341937
2026-05-22 10:45:00,29.9,29.9,29.7,29.7,368131.77156528,10950901.60307479
2026-05-22 11:00:00,29.7,29.7,29.4,29.5,446241.47262543,13146226.11628968
2026-05-22 11:15:00,29.4,29.4,29.2,29.3,283236.09838397,8294656.91541243
2026-05-22 11:30:00,29.3,29.3,29.3,29.3,219817.09379543,6440640.8482061
2026-05-22 12:00:00,29.4,29.5,29.3,29.5,148037.39773621,4353643.94388675
2026-05-22 12:15:00,29.5,29.8,29.5,29.6,369538.06510929,10969105.71396124
2026-05-22 12:30:00,29.6,29.6,29.6,29.6,66682.48695075,1973801.6137422
2026-05-22 12:45:00,29.6,29.6,29.6,29.6,635.95247989,18824.19340474
2026-05-22 13:00:00,29.6,29.7,29.6,29.6,34154.87485577,1011004.49775099
2026-05-22 13:15:00,29.5,29.6,29.4,29.6,136282.48468195,4016817.56354384
2026-05-22 13:45:00,29.6,29.6,29.4,29.4,268949.72009437,7917489.33974995
2026-05-22 14:15:00,29.4,29.4,29.4,29.4,201.29645099,5918.11565911
2026-05-22 14:30:00,29.5,29.5,29.4,29.4,198740.39065107,5843330.44954824
2026-05-22 15:00:00,29.4,29.4,29.4,29.4,22472.91901296,660703.81898102
2026-05-22 15:15:00,29.5,29.5,29.5,29.5,40847.61009324,1205004.49775058
2026-05-22 15:30:00,29.5,29.6,29.5,29.6,83181.8461917,2454202.30049299
2026-05-22 15:45:00,29.5,29.6,29.5,29.6,124149.41349273,3674104.22477217
2026-05-22 16:00:00,29.6,29.6,29.6,29.6,341.36816726,10104.4977509
2026-05-22 16:30:00,29.6,29.6,29.6,29.6,33513.51351351,991999.9999999
2026-05-22 16:45:00,29.6,29.6,29.6,29.6,4471.91944568,132368.81559213
2026-05-22 17:00:00,29.6,29.6,29.5,29.6,24823.78033178,732372.50980039
2026-05-22 17:15:00,29.5,29.6,29.5,29.6,58758.61486485,1733567.16216172
2026-05-22 17:45:00,29.5,29.5,29.5,29.5,56118.56353571,1655497.62430345
2026-05-22 18:15:00,29.5,29.5,29.5,29.5,201.29645099,5938.24530421
2026-05-22 18:30:00,29.5,29.5,29.4,29.4,175905.8181347,5174833.33201685
2026-05-22 19:00:00,29.6,29.6,29.6,29.6,21463.61486486,635322.99999986
2026-05-22 19:15:00,29.6,29.6,29.6,29.6,6603.11736023,195452.27386281
2026-05-22 20:00:00,29.4,29.4,29.4,29.4,95407.24519009,2804973.00858865
2026-05-22 20:30:00,29.5,29.5,29.5,29.5,12287.04596702,362467.85602709
2026-05-22 21:15:00,29.5,29.6,29.4,29.6,499542.11789791,14712231.29277771
2026-05-22 21:30:00,29.6,29.6,29.6,29.6,3716.65540539,110012.99999954
2026-05-22 21:45:00,29.5,29.5,29.5,29.5,46216.34098204,1363382.05897018
2026-05-22 22:00:00,29.5,29.5,29.4,29.4,48177.37408028,1416448.78101108
2026-05-22 22:30:00,29.5,29.5,29.4,29.4,141947.0490899,4173354.34324306
2026-05-22 22:45:00,29.4,29.4,29.4,29.4,79942.19280742,2350300.46853815
2026-05-22 23:00:00,29.4,29.6,29.3,29.6,113441.47858287,3325995.20977818
2026-05-22 23:15:00,29.6,29.6,29.5,29.5,46756.75675675,1379999.9999998
2026-05-22 23:45:00,29.4,29.4,29.4,29.4,2323.27863691,68304.39192515
2026-05-23 00:00:00,29.5,29.5,29.5,29.5,28667.891156,845702.789102
2026-05-23 00:15:00,29.4,29.4,29.4,29.4,2670.94017094,78525.64102564
2026-05-23 00:30:00,29.5,29.5,29.5,29.5,37793.32367714,1114903.04847563
2026-05-23 00:45:00,29.5,29.5,29.5,29.5,8169.49152543,241000.00000019
2026-05-23 01:00:00,29.6,29.6,29.6,29.6,2606.79997838,77161.27936005
2026-05-23 01:15:00,29.5,29.5,29.5,29.5,48292.49774988,1424628.68362146
2026-05-23 01:30:00,29.6,29.6,29.6,29.6,5065.03378378,149924.99999989
2026-05-23 02:00:00,29.5,29.5,29.5,29.5,12404.30034129,365926.86006806
2026-05-23 03:15:00,29.6,29.6,29.6,29.6,10344.96621621,306210.99999982
2026-05-23 03:30:00,29.5,29.5,29.5,29.5,7694.59902248,226990.67116316
2026-05-23 03:45:00,29.5,29.5,29.5,29.5,38822.25331704,1145256.47285268
2026-05-23 04:15:00,29.4,29.4,29.4,29.4,91551.64151454,2691618.26052748
2026-05-23 04:30:00,29.3,29.3,29.3,29.3,226493.49250476,6636259.33038947
2026-05-23 05:00:00,29.3,29.3,29.3,29.3,1677.85234899,49161.07382541
2026-05-23 05:15:00,29.4,29.4,29.4,29.4,53872.58428294,1583853.97791844
2026-05-23 05:30:00,29.4,29.4,29.4,29.4,150871.24494047,4435614.60124982
2026-05-23 06:00:00,29.4,29.4,29.4,29.4,13275.05238009,390286.53997465
2026-05-23 06:15:00,29.4,29.6,29.4,29.6,11476.85864097,337648.2730967
2026-05-23 06:30:00,29.4,29.4,29.4,29.4,70293.95266481,2066642.20834541
2026-05-23 06:45:00,29.5,29.5,29.5,29.5,389.22239759,11482.06072891
2026-05-23 07:00:00,29.5,29.5,29.5,29.5,12713.8645668,375059.0047206
2026-05-23 07:15:00,29.5,29.5,29.3,29.3,35793.32367714,1048990.71253524
2026-05-23 07:45:00,29.4,29.4,29.3,29.4,174517.18297584,5124330.0814744
2026-05-23 08:00:00,29.5,29.5,29.5,29.5,2255.64072931,66541.40151465
2026-05-23 08:15:00,29.5,29.5,29.5,29.5,46684.00037997,1377178.01120912
2026-05-23 08:30:00,29.4,29.4,29.4,29.4,49130.77037997,1444444.64917112
2026-05-23 08:45:00,29.5,29.6,29.4,29.4,222458.15758497,6552845.0917114
2026-05-23 09:00:00,29.4,29.5,29.4,29.4,115469.5257649,3394911.91352329
2026-05-23 09:30:00,29.4,29.5,29.4,29.5,114719.53340085,3383059.33851032
2026-05-23 09:45:00,29.5,29.5,29.4,29.4,131537.35786538,3867414.25899512
2026-05-23 10:00:00,29.3,29.4,29.3,29.4,328461.7226917,9646014.00687611
2026-05-23 10:15:00,29.5,29.5,29.4,29.5,55363.89768288,1632340.4846322
2026-05-23 10:30:00,29.6,29.6,29.5,29.5,52894.79647972,1563611.42922574
2026-05-23 10:45:00,29.5,29.6,29.4,29.4,40816.68715769,1200542.51487723
2026-05-23 11:15:00,29.6,29.6,29.4,29.6,175443.95844276,5182245.10551908
2026-05-23 11:30:00,29.5,29.7,29.5,29.5,80372.54013526,2371023.61075785
2026-05-23 11:45:00,29.6,29.7,29.6,29.6,76381.14169557,2261662.83795992
2026-05-23 12:00:00,29.6,29.7,29.6,29.7,45968.30652853,1361858.70389734
2026-05-23 12:30:00,29.6,29.7,29.6,29.7,70263.58760874,2079819.03160254
2026-05-23 12:45:00,29.6,29.7,29.6,29.7,34336.7003367,1016399.99999999
2026-05-23 13:00:00,29.5,29.5,29.5,29.5,68920.53637534,2033155.82307253
2026-05-23 13:15:00,29.5,29.5,29.5,29.5,17783.32950855,524608.22050223
2026-05-23 13:30:00,29.5,29.5,29.5,29.5,18987.70384496,560137.26342632
2026-05-23 14:30:00,29.6,29.6,29.6,29.6,202.7027027,5999.99999992
2026-05-23 14:45:00,29.5,29.5,29.5,29.5,111966.69157145,3303017.40135778
2026-05-23 15:00:00,29.5,29.5,29.4,29.4,63339.14860751,1865616.38872384
2026-05-23 15:30:00,29.4,29.5,29.4,29.4,263516.87144426,7748073.88491884
2026-05-23 16:00:00,29.5,29.5,29.4,29.4,49242.59540008,1447765.29836656
2026-05-23 16:15:00,29.5,29.5,29.5,29.5,156792.65452019,4625383.30834561
2026-05-23 16:45:00,29.4,29.4,29.2,29.2,1086327.58646236,31756435.43338487
2026-05-23 17:00:00,29.2,29.2,29.2,29.2,109298.98543217,3191530.37461936
2026-05-23 17:15:00,29.2,29.3,29.1,29.3,85358.96092534,2499312.16866854
2026-05-23 17:30:00,29.2,29.2,29.1,29.1,530253.89430243,15443274.53623637
2026-05-23 17:45:00,29.2,29.4,29.1,29.1,52440.81393406,1530766.33429063
2026-05-23 18:00:00,29.1,29.1,28.9,28.9,475788.00296919,13800476.06288436
2026-05-23 18:15:00,29.0,29.0,28.9,28.9,17055.02201866,492918.25423927
2026-05-23 18:30:00,29.0,29.0,29.0,29.0,32282.64729097,936196.77143813
2026-05-23 18:45:00,29.1,29.1,29.1,29.1,232.7118644,6771.91525404
2026-05-23 19:15:00,29.1,29.1,29.1,29.1,92220.47308301,2683615.76671559
2026-05-23 19:30:00,29.2,29.2,29.2,29.2,171.74831081,5015.05067565
2026-05-23 20:00:00,29.2,29.2,29.1,29.1,1447.54545454,42158.67272711
2026-05-23 20:15:00,29.1,29.2,29.1,29.1,681.56704227,19851.06668348
2026-05-23 20:30:00,29.1,29.3,29.1,29.3,40914.96815287,1195844.63715515
2026-05-23 20:45:00,29.1,29.1,29.0,29.0,69491.20924817,2021116.39183242
2026-05-23 21:00:00,29.1,29.1,29.0,29.0,20675.67567567,600594.59459443
2026-05-23 21:30:00,29.2,29.2,29.2,29.2,10000.0,292000.0
2026-05-23 21:45:00,29.1,29.1,29.1,29.1,34555.58762457,1005567.59987499
2026-05-23 22:00:00,29.0,29.0,28.7,29.0,469102.42801308,13528847.49265475
2026-05-23 22:30:00,29.0,29.0,29.0,29.0,10000.0,290000.0
2026-05-23 22:45:00,29.0,29.0,29.0,29.0,34456.8824886,999249.5921694
2026-05-23 23:00:00,29.2,29.2,29.2,29.2,28384.482758,828826.8965336
2026-05-23 23:15:00,29.1,29.2,29.1,29.2,30789.83009844,898989.86750844
2026-05-23 23:45:00,29.2,29.2,29.2,29.2,2773.97260273,80999.99999972
2026-05-24 00:00:00,29.2,29.2,29.2,29.2,27995.650684,817472.9999728
2026-05-24 01:00:00,29.2,29.2,29.2,29.2,6849.31506849,199999.99999991
2026-05-24 01:30:00,29.1,29.1,29.1,29.1,28865.97938145,840000.0000002
2026-05-24 02:15:00,29.1,29.1,28.8,28.8,167843.02119136,4850480.66268377
2026-05-24 04:00:00,29.1,29.1,29.1,29.1,3637.77930917,105859.37789685
2026-05-24 04:30:00,29.2,29.2,29.2,29.2,9124.47825425,266434.7650241
2026-05-24 05:30:00,29.2,29.2,29.2,29.2,3186.6552201,93050.33242692
2026-05-24 05:45:00,29.2,29.3,29.2,29.3,102279.0410085,2993623.45435156
2026-05-24 06:00:00,29.5,29.5,29.5,29.5,338.98305084,9999.99999978
2026-05-24 06:15:00,29.5,29.5,29.5,29.5,169491.52542372,4999999.99999974
2026-05-24 06:45:00,29.5,29.5,29.5,29.5,10625.19587663,313443.27836059
2026-05-24 07:30:00,29.5,29.6,29.5,29.5,137827.81273128,4072866.10327404
2026-05-24 07:45:00,29.5,29.5,29.5,29.5,1542.37288135,45499.99999983
2026-05-24 08:00:00,29.5,29.5,29.5,29.5,11858.57918498,349828.08595691
2026-05-24 08:15:00,29.5,29.5,29.5,29.5,34419.77316426,1015383.30834567
2026-05-24 08:30:00,29.5,29.5,29.4,29.4,8081.98625428,238014.49518855
2026-05-24 08:45:00,29.4,29.4,29.3,29.3,56380.13344209,1657123.83435005
2026-05-24 09:00:00,29.3,29.4,29.3,29.4,86077.28781304,2523596.80480002
2026-05-24 09:15:00,29.3,29.3,29.1,29.1,102877.13286214,3002022.11254839
2026-05-24 09:30:00,29.3,29.5,29.3,29.5,107799.2904817,3169197.2888355
2026-05-24 09:45:00,29.3,29.3,29.3,29.3,204.08163265,5979.59183665
2026-05-24 10:15:00,29.3,29.5,29.3,29.5,2476.05148377,72906.99999988
2026-05-24 10:45:00,29.4,29.4,29.4,29.4,3401.36054422,100000.00000007
2026-05-24 11:00:00,29.4,29.4,29.4,29.4,3401.36054421,99999.99999977
2026-05-24 11:15:00,29.3,29.4,29.3,29.4,38848.22216136,1139239.30388567
2026-05-24 11:30:00,29.4,29.4,29.4,29.4,1184.76352835,34832.04773349
2026-05-24 11:45:00,29.4,29.4,29.4,29.4,3389.83050847,99661.01694902
2026-05-24 12:15:00,29.3,29.3,29.3,29.3,34430.0,1008799.0
2026-05-24 12:30:00,29.3,29.3,29.3,29.3,64768.45189232,1897715.64044498
2026-05-24 12:45:00,29.3,29.3,29.3,29.3,34931.39243527,1023489.79835341
2026-05-24 13:15:00,29.3,29.3,29.3,29.3,2933.53147278,85952.47215245
2026-05-24 13:30:00,29.3,29.3,29.3,29.3,27168.92170831,796049.40605348
2026-05-24 14:30:00,29.2,29.2,29.2,29.2,1018.86238544,29750.78165485
2026-05-24 15:00:00,29.3,29.3,29.3,29.3,600.001536,17580.0450048
2026-05-24 15:15:00,29.3,29.3,29.3,29.3,200.0,5860.0
2026-05-24 15:45:00,29.2,29.2,29.1,29.1,650553.04038783,18947909.32782092
2026-05-24 16:00:00,29.3,29.3,29.3,29.3,14677.23732842,430043.05372271
2026-05-24 16:15:00,29.3,29.4,29.3,29.4,30731.87752328,900502.8011521
2026-05-24 16:45:00,29.4,29.4,29.4,29.4,307.46546924,9039.48479566
2026-05-24 17:00:00,29.3,29.3,29.3,29.3,15374.76319658,450480.56165979
2026-05-24 17:45:00,29.2,29.2,29.2,29.2,40181.29270131,1173293.74687825
2026-05-24 19:00:00,29.3,29.4,29.3,29.4,41288.21709054,1210184.68246188
2026-05-24 19:15:00,29.4,29.4,29.4,29.4,2059.73288402,60556.14679019
2026-05-24 19:30:00,29.4,29.6,29.4,29.6,618888.29542314,18286134.754526
2026-05-24 19:45:00,29.6,29.6,29.3,29.4,268946.33995705,7910307.32721079
2026-05-24 20:00:00,29.5,29.5,29.5,29.5,25000.0,737500.0
2026-05-24 20:15:00,29.4,29.4,29.4,29.4,68114.6854563,2002571.75241522
2026-05-24 20:30:00,29.4,29.4,29.4,29.4,31847.13375796,936305.73248402
2026-05-24 20:45:00,29.4,29.4,29.4,29.4,58602.36909263,1722909.65132332
2026-05-24 21:00:00,29.4,29.4,29.4,29.4,48527.60694482,1426711.64417771
2026-05-24 21:45:00,29.5,29.5,29.5,29.5,84710.3234927,2498954.54303465
2026-05-24 22:00:00,29.5,29.6,29.5,29.6,67789.08476379,2004869.35779532
2026-05-24 22:15:00,29.5,29.6,29.5,29.6,218144.38635928,6450396.33637951
2026-05-24 22:30:00,29.6,29.7,29.6,29.6,217663.0309219,6447938.17605785
2026-05-24 22:45:00,29.7,29.7,29.6,29.6,238916.37751536,7094500.9278561
2026-05-24 23:00:00,29.7,29.9,29.7,29.8,278218.05308286,8285326.16327137
2026-05-24 23:15:00,29.8,29.8,29.7,29.7,148499.77771393,4411520.4352479
2026-05-24 23:30:00,29.6,29.6,29.4,29.4,229912.60383137,6773485.17217774
2026-05-25 00:00:00,29.4,29.4,29.4,29.4,11261.09201781,331076.10532361
2026-05-25 00:15:00,29.4,29.5,29.3,29.3,73315.50676287,2152285.46758618
2026-05-25 00:45:00,29.3,29.4,29.3,29.4,355.32515434,10429.46222216
2026-05-25 01:30:00,29.4,29.4,29.3,29.3,33064.28712726,969143.72403537
2026-05-25 02:45:00,29.3,29.3,29.3,29.3,34605.5495742,1013942.60252406
2026-05-25 03:45:00,29.4,29.4,29.3,29.3,3367.003367,98671.6366531
2026-05-25 04:30:00,29.3,29.3,29.3,29.3,204.08163265,5979.59183665
2026-05-25 06:15:00,29.5,29.5,29.4,29.4,4829.52920123,142157.65004159
2026-05-25 06:30:00,29.4,29.5,29.3,29.4,40149.24467021,1180612.7542955
2026-05-25 06:45:00,29.3,29.3,29.3,29.3,75857.04654357,2222611.4637266
2026-05-25 07:15:00,29.4,29.4,29.4,29.4,18245.78231292,536425.99999985
2026-05-25 07:30:00,29.3,29.4,29.2,29.4,218976.27270928,6394614.42663025
2026-05-25 07:45:00,29.4,29.7,29.4,29.7,476431.06797743,14125814.04040295
2026-05-25 08:00:00,29.6,29.6,29.6,29.6,4980.85416751,147433.2833583
2026-05-25 08:15:00,29.6,29.6,29.6,29.6,10135.13513513,299999.99999985
2026-05-25 08:30:00,29.6,29.7,29.6,29.7,490622.83435673,14570443.76159928
2026-05-25 08:45:00,29.8,29.8,29.6,29.6,172907.08439185,5133976.75602127
2026-05-25 09:00:00,29.6,29.6,29.3,29.4,540547.15098485,15925148.57489291
2026-05-25 09:15:00,29.5,29.5,29.4,29.4,292905.55738022,8611440.33613101
2026-05-25 09:30:00,29.4,29.5,29.4,29.4,145951.24899582,4290986.41197711
2026-05-25 09:45:00,29.4,29.4,29.3,29.3,58276.50244255,1708651.71517739
2026-05-25 10:00:00,29.3,29.3,29.3,29.3,22874.63776644,670226.88655669
2026-05-25 10:15:00,29.3,29.3,29.3,29.3,63973.06397306,1874410.77441066
2026-05-25 10:30:00,29.3,29.3,29.2,29.2,193200.72075528,5657580.53323697
2026-05-25 10:45:00,29.2,29.2,29.0,29.2,629622.72671982,18378472.03282114
2026-05-25 11:15:00,29.2,29.2,29.2,29.2,3595.91307339,105000.66174299
2026-05-25 11:30:00,29.2,29.2,29.2,29.2,39380.61477735,1149913.95149862
2026-05-25 12:00:00,29.2,29.2,29.2,29.2,2040.47217537,59581.7875208
2026-05-25 12:30:00,29.3,29.3,29.3,29.3,3500.0,102550.0
2026-05-25 12:45:00,29.3,29.3,29.3,29.3,109638.71089446,3212414.22920768
2026-05-25 13:15:00,29.3,29.3,29.3,29.3,812.44002571,23804.4927533
2026-05-25 13:30:00,29.3,29.3,29.3,29.3,7535.44729341,220788.60569691
2026-05-25 13:45:00,29.2,29.2,29.2,29.2,9304.15302076,271681.26820619
2026-05-25 14:00:00,29.3,29.3,29.2,29.2,611.41925624,17883.58420783
2026-05-25 14:15:00,29.2,29.2,29.2,29.2,10135.13513513,295945.9459458
2026-05-25 14:30:00,29.3,29.3,29.3,29.3,37268.89734332,1091978.69215928
2026-05-25 14:45:00,29.3,29.4,29.3,29.3,36046.11416402,1056219.17221667
2026-05-25 15:00:00,29.3,29.4,29.3,29.4,14051.70541899,411732.00619137
2026-05-25 15:15:00,29.4,29.5,29.4,29.4,118849.77667269,3494712.71214319
2026-05-25 15:30:00,29.3,29.5,29.3,29.5,42741.75546717,1255181.3202333
2026-05-25 15:45:00,29.5,29.8,29.4,29.5,572702.16778491,16989652.71232982
2026-05-25 16:00:00,29.5,29.6,29.4,29.5,427438.49783708,12609334.60463035
2026-05-25 16:15:00,29.4,29.5,29.4,29.4,138947.73448656,4085080.37017605
2026-05-25 16:45:00,29.5,29.5,29.5,29.5,15398.57190049,454257.87106446
2026-05-25 17:00:00,29.5,29.5,29.5,29.5,2442.33323429,72048.83041156
2026-05-25 17:15:00,29.4,29.4,29.4,29.4,2032.20249149,59746.75324981
2026-05-25 17:30:00,29.3,29.4,29.3,29.4,45605.68818868,1339648.02447254
2026-05-25 17:45:00,29.3,29.3,29.3,29.3,11592.0827465,339648.02447245
2026-05-25 18:00:00,29.4,29.4,29.3,29.4,76186.00446367,2238288.22914565
2026-05-25 18:15:00,29.4,29.4,29.4,29.4,32513.85998965,955907.48369571
2026-05-25 18:30:00,29.4,29.4,29.4,29.4,28290.18762939,831731.51630407
2026-05-25 18:45:00,29.4,29.4,29.4,29.4,76318.83439021,2243773.73107217
2026-05-25 19:00:00,29.4,29.4,29.4,29.4,680.27210885,20000.00000019
2026-05-25 19:15:00,29.5,29.5,29.5,29.5,14319.67277758,422430.34693861
2026-05-25 19:30:00,29.4,29.5,29.4,29.5,20829.68417392,612652.88632236
2026-05-25 19:45:00,29.4,29.4,29.4,29.4,100000.0,2940000.0
2026-05-25 20:00:00,29.4,29.5,29.4,29.4,90870.56901238,2672155.93574363
2026-05-25 20:45:00,29.4,29.4,29.4,29.4,10100.95845733,296968.1786455
2026-05-25 21:00:00,29.4,29.5,29.3,29.3,43683.36669548,1287072.90547658
2026-05-25 21:30:00,29.4,29.4,29.4,29.4,3127.68785675,91954.02298845
2026-05-25 21:45:00,29.3,29.3,29.3,29.3,208.64988381,6113.44159563
2026-05-25 22:00:00,29.3,29.3,29.3,29.3,225600.94946917,6610107.81944668
2026-05-25 22:15:00,29.3,29.4,29.2,29.4,282564.31036596,8280141.70041324
2026-05-25 22:30:00,29.4,29.4,29.4,29.4,51156.9376279,1504013.96626026
2026-05-25 23:00:00,29.4,29.4,29.4,29.4,27900.47619,820273.999986
2026-05-25 23:15:00,29.4,29.4,29.4,29.4,39236.6741799,1153558.22088906
2026-05-25 23:30:00,29.4,29.4,29.3,29.4,18309.13559741,537880.42329855
2026-05-25 23:45:00,29.4,29.4,29.4,29.4,3843.55865307,113000.62440026
2026-05-26 00:00:00,29.4,29.5,29.4,29.5,81645.99547082,2406902.08012761
2026-05-26 01:00:00,29.5,29.5,29.5,29.5,5976.90985015,176318.84057943
2026-05-26 01:15:00,29.5,29.5,29.5,29.5,6621.57057064,195336.33183388
2026-05-26 01:30:00,29.4,29.4,29.3,29.3,7009.34579439,205473.54393169
2026-05-26 02:15:00,29.3,29.5,29.3,29.5,39345.96233324,1154603.41771986
2026-05-26 02:30:00,29.5,29.6,29.5,29.6,6516.94410075,192583.52535115
2026-05-26 03:00:00,29.4,29.4,29.4,29.4,6516.94410075,191598.15656205
2026-05-26 03:45:00,29.4,29.4,29.3,29.3,7187.612,210713.32926226
2026-05-26 06:00:00,29.3,29.4,29.3,29.4,5214.52767857,152814.9609821
2026-05-26 06:15:00,29.4,29.5,29.4,29.5,290337.81920495,8535955.68524451
2026-05-26 06:30:00,29.5,29.5,29.5,29.5,203.3898305,5999.99999975
2026-05-26 06:45:00,29.3,29.3,29.3,29.3,71541.97867916,2096179.97529939
2026-05-26 07:00:00,29.3,29.3,29.3,29.3,81439.08431056,2386165.17029941
2026-05-26 07:15:00,29.3,29.3,29.3,29.3,136927.6525291,4011980.21910263
2026-05-26 07:45:00,29.2,29.3,29.2,29.3,27825.93856655,814199.99999992
2026-05-26 08:00:00,29.3,29.3,29.3,29.3,3367.53125143,98668.6656669
2026-05-26 08:15:00,29.3,29.4,29.3,29.4,36224.97363177,1062033.30899574
2026-05-26 08:45:00,29.2,29.2,29.2,29.2,55769.165568,1628459.6345856
2026-05-26 09:00:00,29.4,29.4,29.2,29.2,96309.36853052,2812496.78585309
2026-05-26 09:15:00,29.2,29.2,29.2,29.2,96122.16231678,2806767.13964998
2026-05-26 09:30:00,29.2,29.3,29.1,29.1,548453.15400343,15975590.37904418
2026-05-26 09:45:00,29.1,29.1,29.0,29.0,107782.5643156,3125802.60673316
2026-05-26 10:00:00,29.0,29.0,29.0,29.0,63118.69100019,1830442.03900551
2026-05-26 10:15:00,29.0,29.0,29.0,29.0,84797.49920957,2459127.47707753
2026-05-26 10:30:00,29.0,29.1,29.0,29.1,114102.49882012,3309006.9485421
2026-05-26 10:45:00,29.1,29.1,29.0,29.0,35691.67848704,1035119.07204304
2026-05-26 11:00:00,29.0,29.1,28.9,28.9,137823.2395457,3990679.98900765
2026-05-26 11:30:00,29.0,29.0,28.9,28.9,56570.2330733,1634897.02161837
2026-05-26 11:45:00,28.9,28.9,28.9,28.9,3894.85622485,112561.34489817
2026-05-26 12:00:00,28.9,28.9,28.9,28.9,109038.42918656,3151210.60349158
2026-05-26 12:15:00,28.8,29.0,28.8,29.0,402710.52518801,11627808.08418867
2026-05-26 12:30:00,29.0,29.0,28.8,29.0,63021.259916,1816644.31534178
2026-05-26 12:45:00,29.0,29.0,28.9,29.0,107295.04466367,3110638.86405377
2026-05-26 13:00:00,29.0,29.0,29.0,29.0,4000.0,116000.0
2026-05-26 13:15:00,29.0,29.0,29.0,29.0,7000.0,203000.0
2026-05-26 13:30:00,29.0,29.0,28.9,28.9,3274.8213419,94872.82458579
2026-05-26 14:00:00,28.9,28.9,28.9,28.9,5480.42627883,158384.31945819
2026-05-26 14:15:00,28.9,28.9,28.9,28.9,44704.92775121,1291972.41200997
2026-05-26 14:30:00,28.9,29.1,28.9,29.1,88644.24847077,2566341.39456146
2026-05-26 14:45:00,28.9,28.9,28.8,28.8,99946.81861985,2879236.36832402
2026-05-26 15:15:00,28.8,28.8,28.8,28.8,53684.04129104,1546100.38918195
2026-05-26 15:30:00,28.9,28.9,28.9,28.9,210.772,6091.3108
2026-05-26 16:00:00,28.8,28.8,28.7,28.7,387147.19712136,11116300.84819704
2026-05-26 16:15:00,28.6,28.7,28.6,28.7,19350.13728322,553840.72434774
2026-05-26 16:30:00,28.7,28.8,28.7,28.7,8413.30361926,241500.29998387
2026-05-26 16:45:00,28.8,28.8,28.8,28.8,12894.62662914,371365.24691923
2026-05-26 17:15:00,28.8,28.8,28.7,28.7,84705.91822732,2434978.7237945
2026-05-26 17:30:00,28.7,28.9,28.6,28.9,18778.26850044,539025.73824709
2026-05-26 17:45:00,28.7,28.7,28.5,28.5,122051.71390454,3487859.91791574
2026-05-26 18:00:00,28.5,28.7,28.5,28.7,29875.55998007,856408.16326475
2026-05-26 18:30:00,28.7,28.8,28.7,28.7,48365.74487586,1390221.99999938
2026-05-26 18:45:00,28.6,28.6,28.5,28.5,44966.97377141,1281680.97175798
2026-05-26 19:00:00,28.6,28.6,28.6,28.6,4899.7583916,140133.08999976
2026-05-26 19:15:00,28.6,28.7,28.6,28.7,51230.95053065,1467373.97298064
2026-05-26 19:30:00,28.8,28.9,28.8,28.9,49453.61342981,1424858.86456957
2026-05-26 19:45:00,28.9,29.2,28.9,29.2,259385.29751858,7551095.6898316
2026-05-26 20:30:00,28.8,29.1,28.8,29.1,44343.71894296,1277238.50229032
2026-05-26 20:45:00,28.9,28.9,28.9,28.9,33969.34750617,981714.14292831
2026-05-26 21:00:00,28.8,28.8,28.5,28.7,196454.31528986,5639356.1377981
2026-05-26 21:30:00,28.7,28.7,28.7,28.7,5000.0,143500.0
2026-05-26 21:45:00,28.7,28.7,28.7,28.7,127775.27377973,3667150.35747825
2026-05-26 22:00:00,28.7,28.7,28.7,28.7,216534.99831418,6214554.45161697
2026-05-26 22:15:00,28.7,28.7,28.6,28.6,94309.05574913,2697262.2344948
2026-05-26 23:00:00,28.7,28.7,28.7,28.7,6993.00699301,200699.30069939
2026-05-26 23:15:00,28.8,28.8,28.8,28.8,19819.19095038,570792.69937094
2026-05-26 23:30:00,28.8,28.8,28.8,28.8,14377.31429913,414066.65181494
2026-05-27 00:00:00,28.9,28.9,28.9,28.9,49930.91659424,1443003.48957354
2026-05-27 00:30:00,28.8,28.8,28.7,28.7,61763.05334826,1772691.25748892
2026-05-27 00:45:00,28.7,28.7,28.7,28.7,41354.89008297,1186885.34538124
2026-05-27 02:15:00,28.7,28.7,28.7,28.7,329543.02157264,9457884.71913477
2026-05-27 03:00:00,28.7,28.7,28.7,28.7,200.0,5740.0
2026-05-27 05:00:00,28.7,28.7,28.7,28.7,16742.63962355,480513.75719589
2026-05-27 06:45:00,28.7,28.7,28.7,28.7,6045.29616724,173499.99999979
2026-05-27 07:00:00,28.7,28.8,28.6,28.8,80694.72114391,2309254.19319747
2026-05-27 07:30:00,28.5,28.6,28.4,28.5,200804.51177459,5712336.0392411
2026-05-27 07:45:00,28.8,28.8,28.8,28.8,416.66666666,11999.99999981
2026-05-27 08:00:00,28.8,28.8,28.8,28.8,121839.88565643,3508988.70690518
2026-05-27 08:15:00,28.6,28.6,28.5,28.5,69169.5674654,1972106.2358632
2026-05-27 08:30:00,28.5,28.8,28.5,28.8,7663.39484994,218495.84697329
2026-05-27 08:45:00,28.7,28.7,28.4,28.4,57253.37651022,1628066.10966218
2026-05-27 09:00:00,28.4,28.6,28.2,28.5,359929.160381,10201230.89401227
2026-05-27 09:15:00,28.5,28.5,28.4,28.4,111184.23678778,3157702.50021155
2026-05-27 09:30:00,28.4,28.5,28.4,28.5,43609.34335105,1238887.54702606
2026-05-27 09:45:00,28.5,28.5,28.4,28.4,71440.77531898,2030290.2091677
2026-05-27 10:00:00,28.4,28.4,28.3,28.4,165634.02852859,4703083.79821854
2026-05-27 10:30:00,28.3,28.3,28.3,28.3,17667.84452297,500000.00000005
2026-05-27 10:45:00,28.3,28.3,28.2,28.3,272301.8196043,7693955.26476688
2026-05-27 11:00:00,28.2,28.3,28.1,28.2,139208.8459014,3922682.43502975
2026-05-27 11:15:00,28.3,28.3,28.3,28.3,354.60992907,10035.46099268
2026-05-27 11:45:00,28.2,28.2,28.2,28.2,2706.84250354,76332.95859983
2026-05-27 12:00:00,28.1,28.2,28.1,28.2,108108.26430427,3039767.99999963
2026-05-27 12:15:00,28.1,28.1,25.0,26.7,7382605.38513249,196618066.31584284
2026-05-27 12:30:00,27.1,27.4,26.6,27.2,708926.01171156,19181985.57431351
2026-05-27 12:45:00,27.2,27.5,27.1,27.2,1245828.13522791,33986807.43900718
2026-05-27 13:00:00,27.1,27.4,27.1,27.4,3297.34317342,89801.73431702
2026-05-27 13:15:00,27.3,27.4,27.2,27.4,96759.91476163,2641573.77003539
2026-05-27 13:30:00,27.3,27.4,27.1,27.2,34337.6763857,933480.85977301
2026-05-27 13:45:00,27.2,27.2,27.1,27.1,2877.35849056,78119.82159418
2026-05-27 14:00:00,27.1,27.3,27.1,27.1,96176.54876055,2614663.50405575
2026-05-27 14:15:00,27.1,27.3,27.0,27.2,71583.48485446,1941847.94405013
2026-05-27 14:30:00,27.3,27.3,27.3,27.3,59983.4823985,1637549.06947905
2026-05-27 14:45:00,27.4,27.4,27.3,27.3,71014.27948329,1938799.31894491
2026-05-27 15:00:00,27.4,27.4,27.1,27.1,96223.66741959,2625270.96171025
2026-05-27 15:15:00,27.3,27.3,27.3,27.3,630.84249084,17221.99999993
2026-05-27 15:30:00,27.3,27.3,27.0,27.3,219843.56776208,5960045.35977866
2026-05-27 16:00:00,27.3,27.3,27.3,27.3,51852.68997368,1415578.43628146
2026-05-27 16:15:00,27.3,27.3,27.2,27.2,132670.90148418,3618575.86987626
2026-05-27 16:30:00,27.3,27.3,27.3,27.3,136990.90214048,3739851.6284351
2026-05-27 16:45:00,27.3,27.3,27.3,27.3,183.15018315,5000.0
2026-05-27 17:00:00,27.3,27.3,27.2,27.3,13282.29620039,362131.7992101
2026-05-27 17:15:00,27.3,27.3,27.3,27.3,1318.68131868,35999.99999996
2026-05-27 17:30:00,27.2,27.2,27.2,27.2,8500.0,231200.0
2026-05-27 17:45:00,27.3,27.3,27.3,27.3,1098.35164835,29984.99999996
2026-05-27 18:00:00,27.3,27.3,27.2,27.2,113401.7571931,3088180.45499298
2026-05-27 18:15:00,27.1,27.1,27.1,27.1,86216.74451193,2336473.7762733
2026-05-27 18:30:00,27.1,27.1,27.0,27.0,131015.05902159,3537797.73749437
2026-05-27 18:45:00,27.1,27.1,27.1,27.1,2230.62730625,60449.99999938
2026-05-27 19:00:00,27.1,27.3,27.1,27.3,211484.68717377,5735819.15529586
2026-05-27 19:15:00,27.3,27.3,27.3,27.3,57874.15521476,1579964.43736295
2026-05-27 19:30:00,27.2,27.4,27.2,27.4,12883.06225848,352956.2
2026-05-27 19:45:00,27.3,27.3,27.3,27.3,2000.0,54600.0
2026-05-27 20:15:00,27.3,27.4,27.2,27.4,40062.90840674,1092776.05520167
2026-05-27 20:30:00,27.4,27.5,27.3,27.5,169299.79344422,4627661.06326666
2026-05-27 20:45:00,27.5,27.5,27.4,27.4,20998.54014597,575999.99999958
2026-05-27 21:00:00,27.3,27.5,27.3,27.5,61849.95912867,1692591.15693996
2026-05-27 21:15:00,27.5,27.5,27.5,27.5,64486.45636921,1773377.55015328
2026-05-27 21:30:00,27.5,27.5,27.5,27.5,50864.66165116,1398778.1954069
2026-05-27 21:45:00,27.5,27.7,27.5,27.6,30166.98868572,831389.78605946
2026-05-27 22:00:00,27.7,27.7,27.5,27.7,34546.41903584,953455.83831169
2026-05-27 22:15:00,27.7,27.7,27.4,27.4,25587.26239704,704606.52191473
2026-05-27 22:30:00,27.4,27.6,27.3,27.3,372700.05080769,10174857.37245139
2026-05-27 22:45:00,27.3,27.3,27.0,27.1,828929.84377301,22590269.6726456
2026-05-27 23:15:00,27.3,27.3,26.7,26.8,139253.2643424,3751117.17884867
2026-05-27 23:30:00,26.8,26.8,26.6,26.8,72323.84093259,1938205.13626101
2026-05-27 23:45:00,27.0,27.0,26.9,26.9,15448.47842143,415593.38450861
2026-05-28 00:00:00,27.0,27.3,27.0,27.3,110171.0288994,2996459.01600299
2026-05-28 00:15:00,27.3,27.3,27.0,27.0,140177.49367332,3795684.07506423
2026-05-28 00:45:00,27.1,27.1,27.0,27.0,123492.19070569,3345106.09482429
2026-05-28 01:00:00,27.0,27.0,27.0,27.0,1090.9090909,29454.5454543
2026-05-28 01:30:00,27.1,27.1,27.0,27.0,3016.53601241,81615.74932019
2026-05-28 01:45:00,27.0,27.0,27.0,27.0,6252.15366813,168808.14903951
2026-05-28 02:45:00,27.1,27.3,27.1,27.3,27119.3777281,736595.99999995
2026-05-28 03:00:00,27.3,27.4,27.2,27.2,14533.6164317,396877.53296567
2026-05-28 03:15:00,27.2,27.2,27.2,27.2,3381.69117647,91981.99999998
2026-05-28 03:30:00,27.2,27.2,26.9,26.9,41364.28109474,1113337.06849997
2026-05-28 03:45:00,27.0,27.0,27.0,27.0,3703.7037037,99999.9999999
2026-05-28 04:15:00,27.0,27.0,27.0,27.0,211.11111111,5699.99999997
2026-05-28 04:30:00,26.9,26.9,26.9,26.9,373.13432835,10037.31343262
2026-05-28 04:45:00,27.0,27.0,27.0,27.0,771.74721189,20837.17472103
2026-05-28 05:00:00,27.0,27.0,27.0,27.0,92288.74451663,2491796.10194901
2026-05-28 05:15:00,27.0,27.0,26.8,26.8,107103.55933143,2873453.74491602
2026-05-28 05:45:00,26.9,27.0,26.8,27.0,23233.00059014,623501.35613614
2026-05-28 06:15:00,27.1,27.1,26.9,27.1,4343.49542992,117282.83149289
2026-05-28 06:30:00,27.0,27.0,26.7,26.9,12663.20203789,340563.2615948
2026-05-28 06:45:00,26.7,26.7,26.7,26.7,13963.5636727,372827.15006109
2026-05-28 07:00:00,26.8,27.0,26.8,27.0,53233.51513244,1435417.87049074
2026-05-28 07:15:00,27.0,27.0,26.8,26.8,31980.02530822,858865.30273694
2026-05-28 07:45:00,26.8,27.1,26.7,27.1,144748.79906002,3881283.6133565
2026-05-28 08:00:00,27.0,27.0,27.0,27.0,3955.4072,106795.9944
2026-05-28 08:15:00,27.1,27.2,27.1,27.1,1142.84024688,31041.01759339
2026-05-28 08:30:00,27.1,27.2,26.7,26.7,102072.96907084,2744658.61471369
2026-05-28 08:45:00,27.1,27.6,27.1,27.6,354567.26859934,9692408.16671832
2026-05-28 09:00:00,27.4,27.6,26.8,26.9,233299.52080576,6325382.03448111
2026-05-28 09:15:00,26.9,26.9,26.9,26.9,1423.88361099,38302.46913563
2026-05-28 09:45:00,26.9,26.9,26.9,26.9,87874.08229374,2363812.81370161
2026-05-28 10:00:00,26.9,26.9,26.9,26.9,2784.0588154,74891.18213426
2026-05-28 10:15:00,26.9,26.9,26.9,26.9,12333.74426182,331777.72064296
2026-05-28 10:30:00,27.0,27.1,27.0,27.1,98152.82046812,2658339.99222895
2026-05-28 11:00:00,27.1,27.1,27.1,27.1,60625.1326845,1642941.09574995
2026-05-28 11:15:00,27.1,27.1,27.0,27.0,576617.5902692,15568708.49431538
2026-05-28 11:30:00,27.0,27.1,26.5,26.8,665968.17966766,17719406.45810977
2026-05-28 11:45:00,26.8,26.8,26.8,26.8,4477.61194029,119999.99999977
2026-05-28 12:00:00,26.7,26.8,26.6,26.8,28700.53858413,767190.65952144
2026-05-28 12:15:00,26.6,26.7,26.6,26.7,551.98222829,14701.56185898
2026-05-28 12:30:00,26.7,27.1,26.7,26.9,352354.95420134,9527217.63766549
2026-05-28 12:45:00,26.7,26.7,25.2,25.9,2532388.41681763,65457850.63204767
2026-05-28 13:00:00,26.0,26.3,25.9,26.2,1030958.17808875,26746933.06045607
2026-05-28 13:15:00,26.0,26.2,26.0,26.2,323932.56243618,8438403.08541523
2026-05-28 13:30:00,26.2,26.4,26.1,26.2,33242.49560586,870027.95304262
2026-05-28 13:45:00,26.2,26.3,26.2,26.3,2639.63554343,69288.41479221
2026-05-28 14:00:00,26.2,26.3,26.1,26.2,199499.28053677,5208889.17866884
2026-05-28 14:15:00,26.3,26.6,26.3,26.4,89048.67022412,2347571.71501119
2026-05-28 14:30:00,26.3,26.4,26.3,26.4,44292.3235352,1168256.73526867
2026-05-28 14:45:00,26.4,26.4,26.2,26.2,614874.46303899,16156380.91467177
2026-05-28 15:00:00,26.2,26.3,26.1,26.1,382987.01765403,10040572.24690108
2026-05-28 15:15:00,26.1,26.2,26.1,26.2,1360.07060082,35557.22138899
2026-05-28 15:30:00,26.2,26.2,26.0,26.1,87342.73302093,2272921.6836529
2026-05-28 15:45:00,26.2,26.2,26.2,26.2,1366.09931303,35791.80200139
2026-05-28 16:00:00,26.3,26.3,26.2,26.2,75566.47002426,1980223.19402492
2026-05-28 16:15:00,26.3,26.3,26.2,26.3,4478.05509094,117736.88195003
2026-05-28 16:30:00,26.3,26.3,26.3,26.3,760.45627376,19999.99999989
2026-05-28 16:45:00,26.3,26.3,26.2,26.3,32227.41385032,845708.06608922
2026-05-28 17:00:00,26.3,26.8,26.3,26.7,224280.86684679,5966079.92679845
2026-05-28 17:15:00,26.7,26.7,26.7,26.7,15571.41046991,415756.6595466
2026-05-28 17:30:00,26.7,26.7,26.6,26.6,13932.77625892,370962.98112515
2026-05-28 18:45:00,26.6,26.6,26.6,26.6,2841.95488721,75595.99999979
2026-05-28 19:15:00,26.5,26.5,26.5,26.5,3396.22641508,89999.99999962
2026-05-28 19:30:00,26.5,26.5,26.5,26.5,89403.67552073,2369197.40129935
2026-05-28 19:45:00,26.5,27.0,26.5,26.8,33273.02322571,884153.92659456
2026-05-28 20:00:00,26.5,26.7,26.4,26.6,24813.39737259,657356.70528541
2026-05-28 20:15:00,26.6,26.6,26.6,26.6,940.2255639,25009.99999974
2026-05-28 21:00:00,26.6,26.6,26.5,26.5,38886.71184962,1030535.45799989
2026-05-28 21:30:00,26.4,26.4,26.4,26.4,38257.57575756,1009999.99999958
2026-05-28 22:00:00,26.3,26.3,26.2,26.3,6191.45823012,162710.91054914
2026-05-28 22:15:00,26.2,26.3,26.2,26.3,7837.98190353,205530.5835607
2026-05-28 22:30:00,26.3,26.3,26.2,26.3,4306.43855532,112931.8428576
2026-05-28 22:45:00,26.2,26.3,26.1,26.3,45042.1945988,1176949.84588799
2026-05-28 23:00:00,26.3,26.3,25.9,26.1,391613.99555988,10169989.11175523
2026-05-28 23:15:00,26.1,26.1,26.0,26.1,54313.9500607,1417483.80246662
2026-05-28 23:30:00,26.1,26.2,26.1,26.2,7085.90028359,185224.5618817
2026-05-28 23:45:00,26.3,26.3,26.3,26.3,9842.98725162,258870.56471761
2026-05-29 00:00:00,26.3,26.3,26.3,26.3,94130.24227358,2475625.37179515
2026-05-29 00:15:00,26.3,26.4,26.2,26.4,8204.57081077,215353.19148303
2026-05-29 00:30:00,26.3,26.4,26.3,26.4,210931.7516026,5550131.89963702
2026-05-29 01:00:00,26.3,26.4,26.3,26.4,45899.02927324,1207164.37281354
2026-05-29 02:00:00,26.3,26.3,26.3,26.3,347.23417024,9132.25867731
2026-05-29 02:30:00,26.4,26.4,26.4,26.4,227.27272727,5999.99999993
2026-05-29 03:00:00,26.4,26.4,26.4,26.4,12574.15530303,331957.69999999
2026-05-29 03:30:00,26.3,26.3,26.3,26.3,23000.0,604900.0
2026-05-29 03:45:00,26.4,26.4,26.4,26.4,380.22813688,10038.02281363
2026-05-29 04:45:00,26.4,26.4,26.4,26.4,528.67081407,13956.90949145
2026-05-29 05:00:00,26.4,26.4,26.4,26.4,57133.78159405,1508331.83408292
2026-05-29 05:15:00,26.3,26.3,26.3,26.3,5323.19391636,140000.00000027
2026-05-29 05:30:00,26.4,26.7,26.4,26.6,197787.46770333,5221858.03160234
2026-05-29 05:45:00,26.6,26.6,26.6,26.6,38132.7757174,1014331.83408284
2026-05-29 06:00:00,26.3,26.3,26.3,26.3,1651.84541985,43443.53454206
2026-05-29 06:15:00,26.4,26.6,26.3,26.6,21251.88909304,559322.39495062
2026-05-29 06:30:00,26.6,26.6,26.6,26.6,13263.38345864,352805.99999982
2026-05-29 06:45:00,26.6,26.6,26.4,26.4,19129.67421996,505775.27910619
2026-05-29 07:00:00,26.3,26.3,26.2,26.2,37597.19735714,986989.46324203
2026-05-29 07:15:00,26.5,26.6,26.5,26.5,106376.81858028,2826359.89241232
2026-05-29 07:30:00,26.5,26.5,26.5,26.5,90365.37196439,2394682.35705634
2026-05-29 08:00:00,26.4,26.5,26.4,26.5,17504.85803064,462171.17771585
2026-05-29 08:30:00,26.4,26.4,26.4,26.4,17075.27359476,450787.22290166
2026-05-29 08:45:00,26.5,26.5,26.5,26.5,149641.24767149,3965493.06329449
2026-05-29 09:00:00,26.6,27.0,26.6,26.6,265307.53540391,7101349.09820415
2026-05-29 09:15:00,26.7,27.1,26.7,27.1,116876.25223902,3160516.55268311
2026-05-29 09:30:00,27.2,27.2,27.0,27.0,162125.4068991,4379745.06574395
2026-05-29 09:45:00,27.0,27.0,26.7,26.9,9350.1737016,252091.57613942
2026-05-29 10:00:00,26.9,27.0,26.8,27.0,190853.92740435,5146247.30155457
2026-05-29 10:15:00,27.2,27.2,26.8,26.9,131304.59064693,3551292.81331895
2026-05-29 10:30:00,26.8,27.7,26.4,26.5,1072629.18742999,28739921.19877483
2026-05-29 10:45:00,26.7,26.7,26.3,26.6,155587.41659277,4116884.58876225
2026-05-29 11:00:00,26.6,26.9,26.6,26.9,143129.35478098,3837895.67522833
2026-05-29 11:15:00,26.9,26.9,26.5,26.5,151675.39685512,4027290.56231858
2026-05-29 11:30:00,26.5,26.5,26.5,26.5,26117.486302,692113.387003
2026-05-29 12:00:00,26.6,26.8,26.5,26.8,123549.73116039,3304421.81645288
2026-05-29 12:15:00,26.7,26.7,26.6,26.6,49937.64604747,1329951.69082083
2026-05-29 12:30:00,26.6,26.6,26.5,26.5,134468.73279416,3567081.62277796
2026-05-29 12:45:00,26.5,26.8,26.5,26.6,31443.539529,836319.44224391
2026-05-29 13:00:00,26.7,26.8,26.6,26.6,246219.95470774,6576211.88660271
2026-05-29 13:15:00,26.7,26.7,26.7,26.7,4931.46067415,131669.99999981
2026-05-29 13:30:00,26.7,26.7,26.7,26.7,5243.44569289,140000.00000016
2026-05-29 14:15:00,26.8,26.8,26.8,26.8,16103.0595813,431561.99677884
2026-05-29 14:30:00,26.8,26.8,26.8,26.8,16103.0595813,431561.99677884
2026-05-29 14:45:00,26.7,26.7,26.7,26.7,2396.7390789,63992.93340663
2026-05-29 15:15:00,26.7,26.7,26.7,26.7,25065.83698746,669257.84756518
2026-05-29 15:30:00,26.8,26.8,26.8,26.8,522.3880597,13999.99999996
2026-05-29 15:45:00,26.8,26.8,26.8,26.8,9539.46534194,255657.67116399
2026-05-29 16:00:00,26.8,26.9,26.7,26.7,6303.59822527,168815.53827273
2026-05-29 16:15:00,26.8,26.8,26.8,26.8,37537.65974155,1006009.28107354
2026-05-29 16:30:00,26.8,26.8,26.8,26.8,11963.02921884,320609.18306491
2026-05-29 16:45:00,26.9,26.9,26.9,26.9,23821.62078811,640801.59920016
2026-05-29 17:00:00,26.9,26.9,26.9,26.9,14864.12927365,399845.07746119
2026-05-29 17:15:00,26.9,26.9,26.9,26.9,10303.64111341,277167.94595073
2026-05-29 17:30:00,27.3,27.3,27.3,27.3,219.78021978,5999.99999999
2026-05-29 17:45:00,27.3,27.5,27.3,27.5,14924.68462061,409863.99999997
2026-05-29 18:00:00,27.0,27.1,27.0,27.1,43966.74702717,1187127.99999186
2026-05-29 18:15:00,27.1,27.1,26.9,26.9,4101.64550299,110385.92454704
2026-05-29 18:30:00,26.9,26.9,26.9,26.9,76559.44803479,2059449.15213585
2026-05-29 18:45:00,26.9,26.9,26.6,26.8,824510.51373466,22019788.24807225
2026-05-29 19:00:00,26.8,26.8,26.8,26.8,51474.18543783,1379508.16973384
2026-05-29 19:15:00,26.8,26.8,26.7,26.7,2663.36694108,71340.35523307
2026-05-29 19:30:00,26.7,26.7,26.7,26.7,19388.40706893,517670.46874043
2026-05-29 19:45:00,26.7,26.8,26.7,26.8,50354.2890621,1346940.20209644
2026-05-29 20:00:00,26.8,26.9,26.8,26.9,417.360988,11203.96850825
2026-05-29 20:15:00,26.9,27.1,26.9,26.9,255919.83372382,6905364.86204156
2026-05-29 20:30:00,26.9,26.9,26.9,26.9,6588.70202856,177236.08456826
2026-05-29 20:45:00,26.9,27.0,26.9,27.0,240451.66484963,6491978.71556616
2026-05-29 21:00:00,27.0,27.4,27.0,27.1,200986.6601344,5450693.31893622
2026-05-29 21:15:00,27.3,27.3,27.3,27.3,26336.98606464,718999.71956467
2026-05-29 21:30:00,27.3,27.5,27.2,27.2,634424.32326162,17314863.46574774
2026-05-29 21:45:00,27.2,27.2,26.9,26.9,116076.43166157,3131321.38421771
2026-05-29 22:15:00,26.9,27.1,26.9,27.1,4404.92418065,119123.06747701
2026-05-29 22:30:00,27.1,27.1,27.0,27.0,38000.67166086,1028207.89605118
2026-05-29 22:45:00,27.0,27.0,27.0,27.0,30698.57012111,828861.39326997
2026-05-29 23:00:00,26.9,26.9,26.6,26.7,439237.43427993,11735592.94309861
2026-05-29 23:15:00,26.9,27.0,26.9,27.0,867.24894074,23384.57057998
2026-05-29 23:30:00,27.1,27.1,27.1,27.1,369.00369003,9999.99999981
2026-05-29 23:45:00,27.1,27.1,27.1,27.1,37843.91936872,1025570.21489231
2026-05-30 00:15:00,26.9,26.9,26.9,26.9,23000.0,618700.0
2026-05-30 00:30:00,27.1,27.1,27.1,27.1,369.00369003,9999.99999981
2026-05-30 01:15:00,26.9,26.9,26.9,26.9,1021.85885893,27488.00330522
2026-05-30 01:45:00,27.1,27.1,27.1,27.1,1115.24163568,30223.04832693
2026-05-30 02:15:00,27.1,27.1,27.1,27.1,221.40221402,5999.99999994
2026-05-30 02:30:00,27.0,27.0,27.0,27.0,221.40221402,5977.85977854
2026-05-30 03:15:00,27.1,27.2,27.1,27.2,116730.12806113,3172357.52015873
2026-05-30 03:30:00,27.3,27.3,27.3,27.3,2294.01782625,62626.68665663
2026-05-30 03:45:00,27.3,27.5,27.3,27.5,3642.04224145,99999.99999988
2026-05-30 04:00:00,27.5,27.5,27.5,27.5,1454.54545454,39999.99999985
2026-05-30 04:15:00,27.4,27.4,27.4,27.4,6400.0,175360.0
2026-05-30 05:00:00,27.3,27.3,27.2,27.2,16888.2743642,459583.06270624
2026-05-30 05:15:00,27.4,27.4,27.4,27.4,16227.33941603,444629.09999922
2026-05-30 05:30:00,27.5,27.6,27.3,27.3,102650.59291845,2828511.92141625
2026-05-30 05:45:00,27.3,27.3,26.6,26.9,406854.77906833,10991679.64381113
2026-05-30 06:00:00,27.0,27.0,26.6,26.6,249497.58573279,6661586.41222074
2026-05-30 06:15:00,26.7,27.1,26.7,27.1,25656.48376879,691600.3675492
2026-05-30 06:30:00,26.9,26.9,26.9,26.9,1851.85185185,49814.81481477
2026-05-30 06:45:00,26.9,26.9,26.9,26.9,12530.43256616,337068.6360297
2026-05-30 07:00:00,26.9,26.9,26.8,26.8,4670.00499359,125249.99999921
2026-05-30 07:15:00,26.8,26.8,26.7,26.7,28937.04080116,774433.59859754
2026-05-30 07:45:00,26.7,26.8,26.7,26.7,19018.89794835,507825.87990095
2026-05-30 08:00:00,26.8,26.8,26.8,26.8,7490.63670412,200749.06367042
2026-05-30 08:15:00,26.8,27.0,26.8,27.0,424.96159327,11433.96301829
2026-05-30 08:30:00,26.8,27.0,26.8,27.0,23931.48634197,641422.71481982
2026-05-30 08:45:00,27.0,27.1,27.0,27.1,88482.41176069,2389048.8234601
2026-05-30 09:00:00,27.2,27.2,27.0,27.2,25682.35758469,693608.58125721
2026-05-30 09:15:00,26.9,26.9,26.8,26.9,69247.36068378,1860142.06209517
2026-05-30 09:30:00,26.8,27.1,26.8,27.1,109336.11836883,2933145.09471599
2026-05-30 09:45:00,26.9,27.2,26.6,27.2,430468.46949184,11602159.98592798
2026-05-30 10:00:00,27.4,27.4,27.3,27.3,31664.69256747,867457.59769699
2026-05-30 10:15:00,27.3,27.4,27.0,27.4,113939.8689152,3089968.13341322
2026-05-30 10:30:00,27.4,27.4,27.3,27.3,23495.03716925,642874.36873512
2026-05-30 10:45:00,27.3,27.4,27.3,27.4,41444.17459966,1131445.87632387
2026-05-30 11:00:00,27.4,27.4,27.4,27.4,128048.44153402,3508527.29803215
2026-05-30 11:15:00,27.4,27.5,27.3,27.5,8776.03435045,240416.03396942
2026-05-30 11:30:00,27.5,27.5,27.3,27.3,51614.68504595,1409131.81084534
2026-05-30 11:45:00,27.3,27.4,27.1,27.4,88739.64971017,2415248.37556246
2026-05-30 12:00:00,27.2,27.2,27.1,27.1,560901.98497631,15202455.55756388
2026-05-30 12:15:00,27.1,27.1,26.9,27.0,598341.90846302,16204165.80306168
2026-05-30 12:30:00,27.1,27.3,27.1,27.3,67874.04363351,1839430.53851208
2026-05-30 13:00:00,27.2,27.2,27.0,27.2,83005.57913925,2247459.21446877
2026-05-30 13:15:00,27.0,27.2,27.0,27.2,745.56744228,20179.89909366
2026-05-30 13:30:00,27.0,27.3,27.0,27.3,30367.41328625,824179.15813503
2026-05-30 14:15:00,27.3,27.3,27.3,27.3,56766.04465268,1549713.01901816
2026-05-30 14:30:00,27.3,27.4,27.3,27.4,681.37192352,18644.59070445
2026-05-30 15:00:00,27.4,27.4,27.4,27.4,3908.75,107099.75
2026-05-30 15:15:00,27.2,27.2,27.1,27.1,5037.73102399,136565.9228676
2026-05-30 15:30:00,27.3,27.3,27.3,27.3,4285.43969773,116992.50374803
2026-05-30 16:00:00,27.2,27.5,27.2,27.5,94874.89982075,2601291.60369785
2026-05-30 16:30:00,27.2,27.2,27.2,27.2,970.066604,26385.8116288
2026-05-30 16:45:00,27.2,27.4,27.2,27.4,497.94172256,13593.60319814
2026-05-30 17:15:00,27.2,27.2,26.9,27.0,378545.37138317,10229654.95522486
2026-05-30 17:30:00,27.0,27.1,27.0,27.1,3452.38605971,93307.52272013
2026-05-30 17:45:00,27.0,27.1,27.0,27.1,4489.57919857,121292.10699608
2026-05-30 18:00:00,27.1,27.1,27.1,27.1,81383.17506248,2205484.04419321
2026-05-30 18:15:00,27.2,27.2,27.1,27.1,1116.65284425,30279.85825565
2026-05-30 18:30:00,27.2,27.2,27.2,27.2,17385.866,472895.5552
2026-05-30 19:45:00,27.2,27.2,27.2,27.2,1592.56036317,43317.64187822
2026-05-30 20:15:00,27.2,27.3,27.2,27.3,9341.30623063,254108.41446654
2026-05-30 20:30:00,27.3,27.3,27.3,27.3,183.18681318,5000.99999981
2026-05-30 20:45:00,27.3,27.4,27.3,27.3,31716.32574328,865874.20908084
2026-05-30 21:00:00,27.3,27.3,27.3,27.3,10198.94840855,278431.29155342
2026-05-30 21:15:00,27.3,27.3,27.3,27.3,16968.13358026,463230.0467411
2026-05-30 21:30:00,27.3,27.3,27.3,27.3,4010.12716048,109476.4714811
2026-05-30 21:45:00,27.3,27.3,27.3,27.3,4321.0,117963.3
2026-05-30 22:15:00,27.3,27.3,27.3,27.3,1000.0,27300.0
2026-05-30 23:00:00,27.3,27.3,27.3,27.3,2621.2457412,71560.00873476
2026-05-30 23:15:00,27.4,27.4,27.4,27.4,3164.23357664,86699.99999994
2026-05-30 23:45:00,27.3,27.3,27.3,27.3,5895.322381,160942.3010013
2026-05-31 00:00:00,27.4,27.4,27.3,27.3,53079.51821855,1454286.98656052
2026-05-31 00:30:00,27.4,27.4,27.4,27.4,255.47445255,6999.99999987
2026-05-31 00:45:00,27.4,27.4,27.3,27.3,7965.14366046,217880.49421558
2026-05-31 01:00:00,27.3,27.3,27.2,27.2,137334.08598259,3742405.31157095
2026-05-31 01:15:00,27.2,27.2,27.1,27.2,30887.3849,839622.26938813
2026-05-31 01:30:00,27.2,27.2,27.1,27.1,44730.33722772,1212198.34475356
2026-05-31 01:45:00,27.1,27.1,27.1,27.1,20960.4033,568026.92943
2026-05-31 02:30:00,27.1,27.1,27.0,27.0,209154.50276923,5665087.02504613
2026-05-31 02:45:00,27.1,27.1,27.1,27.1,783.50553505,21232.99999986
2026-05-31 03:45:00,27.0,27.0,27.0,27.0,18518.51851852,500000.00000004
2026-05-31 04:00:00,27.1,27.2,27.1,27.2,59958.93472489,1625254.77810334
2026-05-31 04:30:00,27.2,27.2,27.2,27.2,183.82352941,4999.99999995
2026-05-31 04:45:00,27.2,27.2,27.0,27.0,119890.71889547,3243426.29934694
2026-05-31 05:00:00,26.9,27.1,26.8,27.1,511525.32934215,13756042.40947675
2026-05-31 05:45:00,27.1,27.1,26.8,27.1,1308.87145102,35313.09764031
2026-05-31 06:00:00,27.1,27.1,27.1,27.1,11701.56619107,317112.443778
2026-05-31 06:45:00,27.1,27.1,27.1,27.1,9225.09225092,249999.99999993
2026-05-31 07:30:00,27.1,27.1,27.1,27.1,186.34686346,5049.99999977
2026-05-31 08:15:00,27.1,27.2,27.1,27.2,47365.95346118,1287650.23044039
2026-05-31 08:45:00,27.2,27.2,26.9,26.9,61298.35914188,1659090.6524277
2026-05-31 09:00:00,27.0,28.1,26.8,27.5,3031062.39383092,83172927.8676027
2026-05-31 09:15:00,27.5,27.9,27.1,27.6,2405781.44218466,66469829.34370435
2026-05-31 09:30:00,27.5,28.0,27.1,27.4,1342065.88001587,36991086.76474463
2026-05-31 09:45:00,27.4,27.4,27.2,27.4,310491.35013379,8471743.79208706
2026-05-31 10:00:00,27.5,27.7,27.5,27.7,107790.86365993,2972629.53103515
2026-05-31 10:15:00,27.4,27.7,27.4,27.4,116620.54105498,3199247.57942871
2026-05-31 10:30:00,27.4,27.8,27.4,27.7,121999.942182,3366156.74064916
2026-05-31 10:45:00,27.6,27.9,27.6,27.6,661925.41344825,18330624.05433558
2026-05-31 11:00:00,27.5,27.5,27.1,27.2,1046904.75005151,28553778.34696792
2026-05-31 11:15:00,27.2,27.5,27.2,27.5,108540.87512286,2977932.10193794
2026-05-31 11:30:00,27.4,27.4,27.4,27.4,8129.59232229,222750.82963075
2026-05-31 11:45:00,27.4,27.4,27.4,27.4,95195.47825531,2608356.10419549
2026-05-31 12:00:00,27.4,27.4,27.4,27.4,154201.75601412,4225128.11478689
2026-05-31 12:15:00,27.4,27.4,27.4,27.4,14979.91010837,410449.53696934
2026-05-31 12:30:00,27.5,27.6,27.2,27.2,125449.98523994,3442759.252255
2026-05-31 12:45:00,27.4,27.6,27.4,27.6,104527.85770876,2874473.2869573
2026-05-31 13:00:00,27.4,27.4,27.4,27.4,5878.33187518,161066.29337993
2026-05-31 13:15:00,27.5,27.5,27.5,27.5,200.0,5500.0
2026-05-31 13:45:00,27.4,27.4,27.4,27.4,18461.24087592,505838.00000021
2026-05-31 14:15:00,27.4,27.4,27.4,27.4,37609.36936235,1030496.72052839
2026-05-31 14:30:00,27.4,27.4,27.4,27.4,39637.77199522,1086074.95266903
2026-05-31 14:45:00,27.4,27.5,27.3,27.3,81027.55190423,2225223.4520699
2026-05-31 15:00:00,27.4,27.5,27.4,27.5,174752.36645526,4797871.47230663
2026-05-31 15:15:00,27.4,27.4,27.4,27.4,6030.88638027,165246.2868194
2026-05-31 15:30:00,27.6,27.9,27.6,27.9,174613.74193056,4835791.38390319
2026-05-31 15:45:00,27.8,27.9,27.7,27.8,91490.25049922,2548678.10536457
2026-05-31 16:00:00,27.9,28.2,27.8,28.2,927601.18059796,25934529.75429867
2026-05-31 16:15:00,28.2,28.4,28.1,28.3,1237891.72346808,35056285.67017471
2026-05-31 16:30:00,28.2,28.6,28.1,28.5,984260.01462699,27882557.51604781
2026-05-31 16:45:00,28.5,31.1,28.3,30.1,54056064.39131878,1609405859.829243
2026-05-31 17:00:00,30.1,31.8,29.6,30.5,64435200.78182869,1991662623.1830854
2026-05-31 17:15:00,30.5,30.7,27.6,27.6,35212536.63620818,1008630722.4324892
2026-05-31 17:30:00,27.7,27.8,27.4,27.8,8320065.88337266,229776562.31117818
2026-05-31 17:45:00,27.8,27.8,27.5,27.7,2414227.23719038,66764201.75083861
2026-05-31 18:00:00,27.5,27.7,26.9,27.2,7462869.99539647,203201783.7656114
2026-05-31 18:15:00,27.2,27.5,27.2,27.5,989060.55123469,27046534.02889715
2026-05-31 18:30:00,27.5,27.6,27.3,27.5,1402870.5954482,38512496.64094934
2026-05-31 18:45:00,27.5,27.5,27.3,27.4,422482.35540612,11569255.42341738
2026-05-31 19:00:00,27.4,27.4,27.1,27.2,517789.64447169,14144096.04681334
2026-05-31 19:15:00,27.2,27.5,27.1,27.4,992902.02467448,26991602.10887191
2026-05-31 19:30:00,27.4,27.4,27.2,27.2,353556.49033725,9650423.0092809
2026-05-31 19:45:00,27.3,27.5,27.3,27.5,392251.43651377,10778314.71584141
2026-05-31 20:00:00,27.4,27.5,27.3,27.4,329267.03695596,9020800.22315172
2026-05-31 20:15:00,27.4,27.5,27.3,27.3,852027.53002798,23315397.70409571
2026-05-31 20:30:00,27.3,27.5,27.3,27.4,514701.58410761,14098024.49459674
2026-05-31 20:45:00,27.5,27.5,27.3,27.5,507603.29206044,13920807.71355219
2026-05-31 21:00:00,27.5,27.5,27.3,27.5,384944.67972832,10542141.5277797
2026-05-31 21:15:00,27.5,27.5,27.3,27.4,85300.83068881,2335947.78215015
2026-05-31 21:30:00,27.3,27.4,27.3,27.3,179977.48036891,4914049.2227696
2026-05-31 21:45:00,27.4,27.5,27.4,27.5,154484.40578787,4237863.86956309
2026-05-31 22:00:00,27.5,27.5,27.3,27.5,332081.3031746,9100284.01300205
2026-05-31 22:30:00,27.5,27.5,27.4,27.4,94151.87255714,2580817.86806564
2026-05-31 22:45:00,27.4,27.4,27.2,27.3,668735.94643268,18257624.02475234
2026-05-31 23:00:00,27.3,27.4,27.2,27.3,266623.33283829,7262487.38720694
2026-05-31 23:15:00,27.2,27.4,27.2,27.4,614158.01078702,16713216.16274223
2026-05-31 23:30:00,27.3,27.4,27.3,27.3,170281.16191386,4649583.59554048
2026-05-31 23:45:00,27.1,27.2,27.0,27.2,186967.08852108,5051549.16374098
2026-06-01 00:00:00,27.2,27.3,27.2,27.2,54075.56710537,1473751.40320716
2026-06-01 00:15:00,27.2,27.3,27.2,27.3,35996.99661033,979140.28582295
2026-06-01 00:30:00,27.1,27.3,27.1,27.3,66403.21597442,1810560.11993975
2026-06-01 00:45:00,27.2,27.2,27.0,27.0,129234.19713719,3492142.76209776
2026-06-01 01:00:00,27.3,27.3,27.3,27.3,366.3003663,9999.99999999
2026-06-01 01:15:00,27.0,27.2,27.0,27.2,87890.91993975,2381507.87656004
2026-06-01 01:30:00,27.1,27.1,27.1,27.1,48883.4328909,1324741.03134339
2026-06-01 01:45:00,27.2,27.2,27.0,27.0,35764.02809564,967227.67745914
2026-06-01 02:00:00,27.1,27.1,27.1,27.1,30508.0,826766.8
2026-06-01 02:15:00,27.2,27.2,27.1,27.1,29844.48790595,808821.7968912
2026-06-01 02:30:00,27.2,27.3,27.2,27.3,14854.24558284,404181.99999977
2026-06-01 02:45:00,27.1,27.1,27.1,27.1,51865.89264989,1405565.69081202
2026-06-01 03:00:00,27.1,27.1,27.1,27.1,15594.39448681,422608.09059255
2026-06-01 03:15:00,27.1,27.3,27.1,27.3,4652.76403595,126414.91636326
2026-06-01 04:00:00,27.3,27.3,27.3,27.3,6051.35531135,165201.99999986
2026-06-01 04:15:00,27.4,27.4,27.4,27.4,11496.67883208,315008.99999899
2026-06-01 05:00:00,27.4,27.4,27.3,27.3,1237.01824817,33823.34999986
2026-06-01 05:30:00,27.4,27.4,27.3,27.3,35386.63374568,968346.51759269
2026-06-01 06:15:00,27.2,27.2,27.2,27.2,68390.55203251,1860223.01528427
2026-06-01 06:30:00,27.2,27.2,27.2,27.2,81192.72563189,2208442.13718741
2026-06-01 06:45:00,27.2,27.2,27.2,27.2,272.66544117,7416.49999982
2026-06-01 07:00:00,27.2,27.2,27.1,27.1,181133.16548716,4911868.36667575
2026-06-01 07:15:00,27.2,27.4,27.2,27.4,234202.93982287,6384557.12395958
2026-06-01 07:30:00,27.4,27.6,27.4,27.4,223997.62615106,6161317.90813035
2026-06-01 07:45:00,27.6,27.6,27.4,27.6,234555.80358932,6467326.86362762
2026-06-01 08:00:00,27.5,27.6,27.4,27.4,136872.25152087,3762097.57834994
2026-06-01 08:15:00,27.5,27.5,27.4,27.4,125919.33688897,3455371.98715433
2026-06-01 08:30:00,27.5,27.7,27.5,27.6,672788.6277853,18554135.36685438
2026-06-01 08:45:00,27.6,27.6,27.3,27.6,325467.70466969,8953885.49677438
2026-06-01 09:00:00,27.5,27.7,27.1,27.7,1066515.31499714,29194986.54909428
2026-06-01 09:15:00,27.3,27.3,27.2,27.2,610499.41136583,16624705.94555864
2026-06-01 09:30:00,27.2,27.3,27.1,27.3,260853.44236857,7070321.05033112
2026-06-01 09:45:00,27.2,27.3,27.2,27.3,217894.48465152,5941071.7881796
2026-06-01 10:00:00,27.3,27.3,27.0,27.0,1307095.62962235,35390850.17524309
2026-06-01 10:15:00,27.0,27.2,27.0,27.1,307501.99994318,8317953.21457669
2026-06-01 10:30:00,27.0,27.2,26.9,27.0,633086.56471389,17131829.09089424
2026-06-01 10:45:00,27.0,27.0,26.9,27.0,264768.37947952,7131547.82702105
2026-06-01 11:00:00,27.0,27.1,26.8,27.1,184977.26100782,4962395.70347169
2026-06-01 11:15:00,27.1,27.2,27.1,27.2,95193.38218351,2583693.5244913
2026-06-01 11:30:00,27.1,27.1,26.8,26.8,92096.5869398,2478334.01337982
2026-06-01 11:45:00,26.8,27.0,26.8,27.0,379313.4116809,10240450.88522557
2026-06-01 12:00:00,27.0,27.2,27.0,27.1,100673.55170052,2733277.54986574
2026-06-01 12:15:00,27.1,27.1,27.0,27.0,66952.06887892,1809502.56005761
2026-06-01 12:30:00,27.0,27.1,26.9,27.0,105067.37766399,2834668.19020708
2026-06-01 12:45:00,27.1,27.1,27.1,27.1,6290.74023873,170479.06046958
2026-06-01 13:00:00,27.1,27.2,27.0,27.2,87825.23564679,2380661.67565829
2026-06-01 13:15:00,27.2,27.2,27.2,27.2,735.29411764,19999.99999981
2026-06-01 13:30:00,27.1,27.1,27.0,27.1,84178.45932749,2274312.73528369
2026-06-01 13:45:00,27.0,27.0,27.0,27.0,168454.69941403,4548276.88417881
2026-06-01 14:00:00,26.9,27.0,26.1,26.3,1806686.26965718,47878561.24006705
2026-06-01 14:15:00,26.3,26.3,26.1,26.3,445110.57539362,11657873.36530985
2026-06-01 14:30:00,26.3,26.4,26.3,26.3,83502.27683207,2196208.03105006
2026-06-01 14:45:00,26.4,26.5,26.1,26.5,588735.85494731,15520698.52075015
2026-06-01 15:00:00,26.5,26.5,25.3,26.0,2841128.89949121,73571136.59775782
2026-06-01 15:15:00,26.0,26.1,25.9,25.9,339833.25440039,8815996.83188052
2026-06-01 15:30:00,25.8,26.0,25.7,26.0,796313.21573853,20546113.95599915
2026-06-01 15:45:00,25.9,26.1,25.9,26.1,257058.98413159,6682998.51188699
2026-06-01 16:00:00,26.1,26.4,26.0,26.3,1216365.71575268,31932810.2695749
2026-06-01 16:15:00,26.1,26.3,26.0,26.3,879920.64557931,23067042.35112576
2026-06-01 16:30:00,26.3,26.5,26.3,26.5,52677.92707173,1386368.37139577
2026-06-01 16:45:00,26.3,26.4,26.3,26.3,324585.9002854,8545575.90399118
2026-06-01 17:00:00,26.4,26.4,26.3,26.4,85500.80318162,2249839.92442849
2026-06-01 17:15:00,26.4,26.5,26.3,26.3,241560.65731373,6377413.96753052
2026-06-01 17:30:00,26.6,26.6,26.5,26.6,170431.55172881,4526817.38037165
2026-06-01 17:45:00,26.6,26.8,26.5,26.6,272158.16717178,7252921.63392583
2026-06-01 18:00:00,26.6,26.6,26.5,26.5,163615.00449334,4338805.1378705
2026-06-01 18:15:00,26.6,26.7,26.6,26.7,414426.90895074,11023778.2499998
2026-06-01 18:30:00,26.7,26.7,26.7,26.7,31448.02326931,839662.22129058
2026-06-01 18:45:00,26.7,26.8,26.7,26.8,8646.17833628,230968.51574189
2026-06-01 19:00:00,26.7,26.8,26.7,26.8,17157.3647865,458559.37207567
2026-06-01 19:15:00,26.8,26.8,26.7,26.7,104664.75885611,2802008.01854676
2026-06-01 19:30:00,26.7,26.7,26.5,26.5,211873.68174227,5647905.34680186
2026-06-01 19:45:00,26.6,26.7,26.6,26.6,198043.82241917,5271027.81569224
2026-06-01 20:00:00,26.6,26.7,26.6,26.7,37790.41353382,1005244.64285675
2026-06-01 20:15:00,26.8,26.9,26.8,26.9,56054.7525008,1506249.77544548
2026-06-01 20:45:00,26.9,26.9,26.7,26.7,393.64206642,10549.5715867
2026-06-01 21:00:00,26.7,26.7,26.6,26.6,78387.87830419,2091662.92441487
2026-06-01 21:15:00,26.6,26.6,26.3,26.3,304778.13920061,8065615.85551925
2026-06-01 21:30:00,26.2,26.6,26.1,26.3,427579.29121891,11209261.47195071
2026-06-01 21:45:00,26.3,26.3,26.3,26.3,283346.6205,7452016.11915
2026-06-01 22:15:00,26.3,26.3,26.3,26.3,56715.90106803,1491628.19808919
2026-06-01 22:30:00,26.2,26.2,26.1,26.1,271311.69694157,7086693.70173236
2026-06-01 22:45:00,26.1,26.3,26.1,26.2,49558.88770657,1296717.22393798
2026-06-01 23:00:00,26.1,26.2,26.1,26.2,113998.05243089,2979290.0166007
2026-06-01 23:15:00,26.1,26.2,26.1,26.2,56053.41391083,1468018.04911491
2026-06-01 23:30:00,26.2,26.2,26.1,26.1,34775.65136085,908788.47051792
2026-06-01 23:45:00,26.2,26.2,26.1,26.1,102143.81794657,2666664.6759946
2026-06-02 00:00:00,26.2,26.2,26.2,26.2,31667.44274724,829686.99997769
2026-06-02 00:15:00,26.2,26.2,26.2,26.2,66731.870229,1748374.9999998
2026-06-02 00:30:00,26.2,26.2,26.2,26.2,6485.30696483,169915.04247855
2026-06-02 00:45:00,26.1,26.1,26.1,26.1,486.88718492,12707.75552641
2026-06-02 01:00:00,26.1,26.2,26.1,26.2,99489.87695061,2596797.28609719
2026-06-02 01:15:00,26.2,26.3,26.2,26.3,147331.74255381,3865169.72905929
2026-06-02 01:30:00,26.4,26.8,26.4,26.5,65439.49166418,1741053.64372968
2026-06-02 01:45:00,26.6,26.7,26.5,26.5,167930.61591844,4478698.2494297
2026-06-02 02:30:00,26.6,26.6,26.6,26.6,1800.85612907,47902.77303326
2026-06-02 03:30:00,26.7,26.8,26.7,26.7,164047.391529,4386151.34423767
2026-06-02 03:45:00,26.8,26.8,26.8,26.8,43345.43642357,1161657.69615168
2026-06-02 04:00:00,26.7,26.7,26.7,26.7,104097.0924897,2779392.36947499
2026-06-02 05:15:00,26.6,26.6,26.6,26.6,3666.16801558,97520.06921443
2026-06-02 05:30:00,26.7,26.8,26.7,26.8,128862.98660795,3447956.99999985
2026-06-02 05:45:00,26.6,26.6,26.6,26.6,5645.86857106,150180.1039902
2026-06-02 06:00:00,26.8,26.8,26.8,26.8,23886.19869168,640150.12493702
2026-06-02 06:15:00,26.7,26.7,26.5,26.5,70959.84430992,1882961.51517086
2026-06-02 07:15:00,26.5,26.5,26.5,26.5,188182.06145398,4986824.62853047
2026-06-02 07:30:00,26.8,26.9,26.8,26.9,156244.22065814,4199740.16889863
2026-06-02 07:45:00,26.9,26.9,26.9,26.9,39754.1710037,1069387.19999953
2026-06-02 08:00:00,26.7,26.7,26.7,26.7,39453.18352059,1053399.99999975
2026-06-02 08:15:00,26.7,26.7,26.7,26.7,116282.3568825,3104738.92876275
2026-06-02 08:45:00,26.7,26.7,26.5,26.5,223584.03057948,5965683.49280268
2026-06-02 09:00:00,26.5,26.5,26.5,26.5,18188.22384243,481987.9318244
2026-06-02 09:15:00,26.5,26.5,26.5,26.5,60354.09799159,1599383.59677714
2026-06-02 09:30:00,26.5,26.8,26.5,26.7,231352.8533044,6174571.97027862
2026-06-02 09:45:00,26.8,26.8,26.8,26.8,669192.13424575,17934349.1977861
2026-06-02 10:00:00,26.9,27.2,26.7,26.9,405171.33922329,10900003.79232751
2026-06-02 10:15:00,26.9,27.1,26.8,27.1,22882.10677074,613925.81032152
2026-06-02 10:30:00,27.1,27.1,26.5,26.6,314322.94431824,8359973.81140133
2026-06-02 10:45:00,26.7,26.7,26.6,26.6,126196.16229281,3360338.12692123
2026-06-02 11:00:00,26.6,26.7,26.6,26.6,1137744.53608901,30278642.46591625
2026-06-02 11:15:00,26.6,26.6,26.5,26.5,471833.49216766,12539507.47979543
2026-06-02 11:30:00,26.5,26.6,26.5,26.6,110252.62777683,2931807.41804088
2026-06-02 11:45:00,26.6,26.6,26.6,26.6,86763.80832768,2307917.30151629
2026-06-02 12:00:00,26.6,26.6,26.5,26.6,161230.43850957,4285981.90289695
2026-06-02 12:15:00,26.6,26.6,26.3,26.5,522614.68162991,13817879.62736677
2026-06-02 12:30:00,26.4,26.5,26.4,26.4,133493.35839086,3524246.11871463
2026-06-02 12:45:00,26.3,26.4,26.3,26.4,82512.11962257,2178105.7342927
2026-06-02 13:00:00,26.4,26.4,26.2,26.2,381836.9095882,10031082.54215001
2026-06-02 13:15:00,26.4,26.4,26.4,26.4,1678.97718748,44324.99774947
2026-06-02 13:30:00,26.3,26.3,26.2,26.2,39968.57579178,1048883.46698794
2026-06-02 13:45:00,26.2,26.4,26.2,26.4,110076.50181474,2885985.57288896
2026-06-02 14:15:00,26.4,26.4,26.4,26.4,6094.51212121,160895.11999994
2026-06-02 14:30:00,26.3,26.3,26.1,26.3,191267.1138667,4998141.87786124
2026-06-02 14:45:00,26.3,26.3,26.2,26.2,5791.87371306,151967.50192856
2026-06-02 15:15:00,26.2,26.2,26.2,26.2,194.65648854,5099.99999975
2026-06-02 15:30:00,26.2,26.2,26.2,26.2,34119.39004376,893928.01914651
2026-06-02 15:45:00,26.3,26.3,26.2,26.2,55992.92453475,1471003.6093058
2026-06-02 16:00:00,26.2,26.2,26.2,26.2,19508.0534351,511110.99999962
2026-06-02 16:15:00,26.1,26.2,26.1,26.2,105889.7,2765421.34
2026-06-02 16:30:00,26.1,26.2,26.0,26.1,220971.4750355,5763313.20881317
2026-06-02 16:45:00,26.3,26.3,26.3,26.3,5931.55893535,155999.99999971
2026-06-02 17:15:00,26.3,26.3,26.3,26.3,3802.28136882,99999.99999997
2026-06-02 17:30:00,26.3,26.3,26.3,26.3,3802.28136882,99999.99999997
2026-06-02 18:00:00,26.2,26.2,26.1,26.1,42423.56551076,1107862.87092737
2026-06-02 18:15:00,26.1,26.1,26.1,26.1,73719.87804401,1924088.81694866
2026-06-02 18:30:00,26.3,26.4,26.2,26.4,66095.3578836,1736564.52868624
2026-06-02 18:45:00,26.2,26.2,26.2,26.2,2613.27438461,68467.78887678
2026-06-02 19:00:00,26.2,26.2,26.1,26.1,250.87096774,6556.98064322
2026-06-02 20:15:00,26.1,26.1,26.1,26.1,4998.91995521,130471.81083098
2026-06-02 20:30:00,26.1,26.3,26.0,26.3,50485.1133,1314936.53879552
2026-06-02 21:15:00,26.3,26.6,26.2,26.2,93170.32445778,2459256.30213915
2026-06-02 21:30:00,26.2,26.2,25.8,25.8,129706.34915437,3371801.0681063
2026-06-02 21:45:00,26.0,26.0,25.5,25.7,706784.81331479,18127434.5033125
2026-06-02 22:00:00,25.7,25.9,25.7,25.9,89040.22985222,2292120.34748496
2026-06-02 22:15:00,25.8,25.8,25.8,25.8,8123.84683555,209595.24835719
2026-06-02 22:30:00,25.9,26.0,25.9,25.9,13400.5473456,347112.78628965
2026-06-02 23:00:00,26.0,26.4,25.9,25.9,233276.26735712,6078984.35196534
2026-06-02 23:15:00,25.9,25.9,25.8,25.8,59449.44398003,1535113.80813446
2026-06-02 23:30:00,25.8,26.5,25.8,26.4,223254.3948935,5806463.82969525
2026-06-02 23:45:00,26.1,26.1,26.1,26.1,16103.0595813,420289.85507193
2026-06-03 00:00:00,26.0,26.0,25.9,25.9,54834.50864411,1422112.9435284
2026-06-03 00:15:00,26.0,26.1,25.8,25.8,139470.1783931,3614129.45408472
2026-06-03 00:30:00,26.1,26.6,26.0,26.0,625812.53460014,16538295.51869172
2026-06-03 00:45:00,26.2,26.2,26.1,26.1,3845.93701824,100398.04014553
2026-06-03 01:00:00,26.3,26.3,26.3,26.3,1200.0,31560.0
2026-06-03 01:15:00,26.3,26.3,26.3,26.3,769.23076923,20230.76923075
2026-06-03 01:30:00,26.6,26.6,26.6,26.6,14981.53179049,398508.74562703
2026-06-03 02:00:00,26.5,26.6,26.5,26.6,18741.9663894,496925.99999991
2026-06-03 02:30:00,26.5,26.5,26.4,26.4,22650.6677,599043.85265788
2026-06-03 03:00:00,26.4,26.4,26.4,26.4,59570.51620964,1572661.6279345
2026-06-03 03:30:00,26.3,26.3,26.3,26.3,210.41666666,5533.95833316
2026-06-03 03:45:00,26.2,26.2,26.2,26.2,32500.0,851500.0
2026-06-03 04:00:00,26.2,26.2,26.2,26.2,980.0,25676.0
2026-06-03 04:30:00,26.3,26.3,26.0,26.0,42396.59410646,1108995.67520093
2026-06-03 04:45:00,26.2,26.2,26.0,26.1,241711.31783382,6296513.46645184
2026-06-03 05:00:00,26.0,26.1,26.0,26.1,12631.58109138,329113.9242797
2026-06-03 05:30:00,26.3,26.3,26.1,26.1,187027.56439842,4912853.33464582
2026-06-03 05:45:00,26.1,26.1,26.1,26.1,20583.69322548,537234.39318503
2026-06-03 06:15:00,26.2,26.2,26.2,26.2,81152.67175571,2126199.9999996
2026-06-03 06:30:00,26.2,26.2,26.2,26.2,16103.0595813,421900.16103006
2026-06-03 06:45:00,26.1,26.1,26.1,26.1,53658.75373326,1400493.47243809
2026-06-03 07:15:00,26.1,26.1,26.1,26.1,3825.99722459,99858.5275618
2026-06-03 07:30:00,26.0,26.0,25.9,25.9,118603.17884913,3079940.65620945
2026-06-03 07:45:00,25.8,25.8,25.6,25.7,104432.93106726,2688985.27304808
2026-06-03 08:00:00,25.6,25.6,25.6,25.6,148025.69083824,3789457.68545894
2026-06-03 08:15:00,25.6,25.6,25.4,25.6,262014.35870426,6698197.0420209
2026-06-03 08:30:00,25.4,25.6,25.4,25.6,517863.27240527,13248838.52072282
2026-06-03 08:45:00,25.4,25.8,25.4,25.8,101595.49367155,2602299.8974074
2026-06-03 09:00:00,25.9,25.9,25.8,25.8,81530.13497857,2107223.04351899
2026-06-03 09:15:00,25.5,25.7,25.4,25.7,116538.29293593,2970670.80363877
2026-06-03 09:30:00,25.7,25.7,25.7,25.7,7782.10116731,199999.99999987
2026-06-03 09:45:00,25.6,25.6,25.3,25.4,300647.37976262,7630907.09649211
2026-06-03 10:00:00,25.4,25.4,25.3,25.3,152595.01284768,3868062.74557136
2026-06-03 10:15:00,25.3,25.6,25.3,25.5,180502.28546493,4597333.77707654
2026-06-03 10:30:00,25.4,25.5,25.4,25.4,18433.97143392,468247.74825916
2026-06-03 10:45:00,25.3,25.4,25.3,25.4,218235.00034248,5521395.26331498
2026-06-03 11:00:00,25.4,25.5,25.3,25.5,1389455.95022684,35296659.33403001
2026-06-03 11:15:00,25.4,25.6,25.4,25.4,110265.61194962,2801392.39854475
2026-06-03 11:30:00,25.4,25.6,25.3,25.6,184888.33425495,4695755.21969553
2026-06-03 11:45:00,25.4,25.8,25.4,25.7,1480.38751941,37917.50279676
2026-06-03 12:30:00,25.6,25.6,25.4,25.4,110047.3164479,2800842.75468634
2026-06-03 12:45:00,25.4,25.6,25.4,25.6,172138.14709995,4387175.21804777
2026-06-03 13:00:00,25.6,25.7,25.6,25.7,5590.22655681,143224.71814227
2026-06-03 13:15:00,25.5,25.5,25.5,25.5,3921.56862746,100000.00000023
2026-06-03 13:30:00,25.6,25.7,25.6,25.6,68317.64021323,1748956.46806997
2026-06-03 13:45:00,25.6,25.7,25.6,25.7,29620.63075709,758472.22599278
2026-06-03 14:00:00,25.7,25.9,25.6,25.7,96256.16966324,2478687.37373248
2026-06-03 14:15:00,25.7,25.9,25.7,25.7,5081.27858604,130704.74401844
2026-06-03 14:30:00,26.0,26.1,25.7,26.1,47683.56594064,1234825.00034386
2026-06-03 14:45:00,26.1,26.3,26.0,26.0,353099.21696789,9227541.86020128
2026-06-03 15:00:00,26.0,26.0,26.0,26.0,80167.11646906,2084345.02819556
2026-06-03 15:15:00,26.0,26.2,26.0,26.2,497.81502378,12992.75362304
2026-06-03 15:30:00,26.2,26.2,26.0,26.2,4299.23345726,112247.65289115
2026-06-03 15:45:00,26.0,26.0,25.9,26.0,36212.6332896,938584.4763328
2026-06-03 16:00:00,26.0,26.1,25.9,26.1,5496.56899658,142935.45873384
2026-06-03 16:15:00,26.1,26.1,25.9,25.9,2699.74407906,70000.00000014
2026-06-03 16:30:00,25.8,25.8,25.7,25.7,27185.6905693,700261.39491783
2026-06-03 16:45:00,25.9,26.1,25.9,26.1,18234.54229626,475871.55393239
2026-06-03 17:00:00,26.1,26.2,26.1,26.2,9330.22451879,244043.74062985
2026-06-03 17:15:00,26.2,26.2,26.1,26.2,16541.91645222,432789.03124816
2026-06-03 17:30:00,26.1,26.1,26.1,26.1,49109.96836931,1281770.17443899
2026-06-03 18:00:00,26.1,26.1,26.1,26.1,47210.52936791,1232194.81650245
2026-06-03 18:15:00,26.1,26.1,26.1,26.1,250.0,6525.0
2026-06-03 18:30:00,26.2,26.2,26.2,26.2,248.80689426,6518.74062961
2026-06-03 18:45:00,26.2,26.4,26.2,26.4,196517.60566814,5152983.50205067
2026-06-03 19:00:00,26.4,26.4,26.3,26.3,70114.68169507,1848210.24884216
2026-06-03 19:15:00,26.4,26.5,26.3,26.5,11792.05604606,311310.06345048
2026-06-03 19:30:00,26.5,26.5,26.3,26.3,29805.17810818,788027.12764136
2026-06-03 19:45:00,26.3,26.3,26.1,26.3,231028.03542584,6072995.13164356
2026-06-03 21:00:00,26.1,26.1,26.1,26.1,34208.95609283,892853.75402286
2026-06-03 21:45:00,26.1,26.1,26.1,26.1,11494.25287356,299999.99999992
2026-06-03 22:00:00,26.0,26.1,26.0,26.1,34304.78463634,892307.54230729
2026-06-03 22:30:00,26.0,26.1,26.0,26.1,16974.33268997,441357.53021939
2026-06-03 23:45:00,26.0,26.1,25.9,26.1,66862.15521585,1736406.34496481
2026-06-04 00:00:00,25.9,25.9,25.9,25.9,1777.73972602,46043.45890392
2026-06-04 00:15:00,25.9,25.9,25.9,25.9,250.0,6475.0
2026-06-04 00:30:00,26.1,26.1,26.1,26.1,247.80713091,6467.76611675
2026-06-04 00:45:00,25.9,25.9,25.9,25.9,40877.13643178,1058717.8335831
2026-06-04 01:15:00,25.9,25.9,25.9,25.9,114169.08661558,2956979.34334352
2026-06-04 01:45:00,25.8,25.9,25.8,25.9,40759.68992248,1051799.99999998
2026-06-04 02:00:00,25.9,25.9,25.9,25.9,5000.0,129500.0
2026-06-04 02:15:00,25.8,25.8,25.8,25.8,54618.03755136,1409145.36882509
2026-06-04 02:30:00,25.8,25.8,25.7,25.8,191676.19204915,4936173.18883602
2026-06-04 03:00:00,25.8,25.8,25.8,25.8,38005.42036673,980539.84546163
2026-06-04 03:15:00,26.0,26.0,26.0,26.0,807.69230769,20999.99999994
2026-06-04 04:45:00,25.9,25.9,25.8,25.8,325810.98328313,8417173.80306769
2026-06-04 05:00:00,25.8,25.8,25.8,25.8,82085.19309221,2117797.98177902
2026-06-04 05:45:00,25.7,25.7,25.7,25.7,387.59689922,9961.24030995
2026-06-04 06:15:00,25.6,25.7,25.6,25.7,152228.20960374,3897242.16585574
2026-06-04 07:00:00,25.7,25.9,25.7,25.9,497.82975307,12843.79060451
2026-06-04 07:15:00,25.9,26.0,25.9,26.0,73206.45766223,1897657.55940989
2026-06-04 07:30:00,26.0,26.0,26.0,26.0,37383.35909078,971967.33636028
2026-06-04 08:00:00,26.0,26.0,26.0,26.0,3661.47695383,95198.40079958
2026-06-04 08:15:00,26.0,26.0,25.8,25.8,654.30047617,16946.35228519
2026-06-04 08:30:00,25.9,26.1,25.9,26.0,172190.79407852,4476960.52632169
2026-06-04 08:45:00,26.0,26.1,25.9,25.9,178654.20431253,4642757.96377124
2026-06-04 09:00:00,26.0,26.0,25.7,25.7,134836.46480786,3475731.55631507
2026-06-04 09:15:00,25.8,25.8,25.7,25.8,36397.60859026,935831.01670226
2026-06-04 09:30:00,25.8,26.2,25.7,25.8,244552.55595284,6371156.49750275
2026-06-04 09:45:00,25.9,25.9,25.7,25.7,133255.43190476,3437844.08425182
2026-06-04 10:00:00,25.7,25.7,25.2,25.2,466779.42670308,11850969.07172149
2026-06-04 10:15:00,25.5,25.6,24.2,24.8,1128701.20847971,27910733.12949879
2026-06-04 10:30:00,25.0,25.3,24.8,25.3,122325.95028808,3044114.24730517
2026-06-04 10:45:00,25.2,25.2,24.5,24.5,67920.50804181,1680713.79313136
2026-06-04 11:00:00,24.5,24.9,23.6,24.9,1748421.3664706,42402170.51572785
2026-06-04 11:15:00,24.9,25.0,24.8,24.9,20516.4496337,510845.20963101
2026-06-04 11:30:00,25.0,25.2,25.0,25.1,61202.16781419,1531862.5767097
2026-06-04 11:45:00,25.1,25.1,25.0,25.0,6883.42512573,172125.4687807
2026-06-04 12:00:00,24.9,24.9,24.9,24.9,19853.0595813,494341.18357437
2026-06-04 12:15:00,24.9,25.1,24.9,25.1,33573.38508211,836320.44056096
2026-06-04 12:30:00,25.1,25.5,25.0,25.1,103676.97671577,2606910.25134375
2026-06-04 12:45:00,25.1,25.5,25.1,25.3,206935.92636228,5234159.0060837
2026-06-04 13:00:00,25.3,25.3,25.1,25.2,57850.76040627,1453919.15029591
2026-06-04 13:15:00,25.1,25.3,25.1,25.3,3301.37641442,82911.97883198
2026-06-04 14:00:00,25.1,25.1,25.0,25.1,227880.15917979,5715524.13664033
2026-06-04 14:30:00,25.0,25.0,25.0,25.0,13894.0,347350.0
2026-06-04 14:45:00,25.0,25.1,25.0,25.1,7506.77194238,187822.40612922
2026-06-04 15:00:00,25.0,25.1,25.0,25.1,2079.73123431,52135.52115476
2026-06-04 15:15:00,25.0,25.1,24.9,25.1,30239.0438247,753079.97999997
2026-06-04 15:30:00,24.9,25.1,24.9,25.1,34629.09451589,862312.2622106
2026-06-04 15:45:00,25.1,25.4,25.1,25.4,393157.01266491,9939350.51550942
2026-06-04 16:00:00,25.3,25.5,25.0,25.3,112748.65135367,2830366.84752108
2026-06-04 16:15:00,25.3,25.3,24.9,25.0,113536.93464492,2832467.62838787
2026-06-04 16:30:00,25.0,25.1,25.0,25.1,59430.31872509,1487773.90438223
2026-06-04 16:45:00,25.0,25.1,24.9,24.9,76495.65184838,1905139.21408442
2026-06-04 17:00:00,25.0,25.0,24.7,24.9,93364.61897139,2313394.74561786
2026-06-04 17:15:00,24.8,24.9,24.8,24.9,2865.64550324,71144.0307102
2026-06-04 17:30:00,24.9,24.9,24.9,24.9,266.81438397,6643.67816085
2026-06-04 17:45:00,24.8,24.9,24.6,24.9,144378.69331879,3569144.31998576
2026-06-04 18:00:00,24.9,24.9,24.8,24.8,2249.96761238,55999.99999988
2026-06-04 18:15:00,24.9,24.9,24.5,24.5,251887.8038331,6201470.44378578
2026-06-04 18:30:00,24.5,24.5,24.0,24.1,494324.94066489,11984868.68198293
2026-06-04 18:45:00,24.1,24.5,24.0,24.5,154321.57028124,3748212.96657664
2026-06-04 19:00:00,24.6,24.6,24.4,24.6,12192.20004305,297620.42875134
2026-06-04 19:15:00,24.5,24.6,24.5,24.5,7025.24416532,172334.20516019
2026-06-04 19:30:00,24.5,24.5,24.4,24.4,39918.76879509,975267.32167376
2026-06-04 19:45:00,24.3,24.4,24.3,24.4,1265.62265906,30779.22077909
2026-06-04 20:00:00,24.4,24.4,24.3,24.3,67334.45504198,1636247.75342175
2026-06-04 20:15:00,24.3,24.4,24.3,24.4,65059.18209378,1581122.54701205
2026-06-04 20:30:00,24.3,24.4,24.2,24.2,66710.71107798,1616466.01382181
2026-06-04 20:45:00,24.2,24.2,24.2,24.2,12277.8570502,297124.14061484
2026-06-04 21:00:00,24.2,24.2,24.2,24.2,978.74177963,23685.55106705
2026-06-04 21:15:00,24.3,24.3,24.2,24.2,47575.13479502,1151343.93233191
2026-06-04 21:30:00,24.2,24.8,24.2,24.7,360971.73276196,8770781.88429435
2026-06-04 21:45:00,24.5,24.8,24.5,24.7,204221.21863458,5043949.4973076
2026-06-04 22:00:00,24.7,24.7,24.6,24.7,28944.14506131,714773.83841436
2026-06-04 22:30:00,24.7,24.7,24.7,24.7,4132.23140495,102066.11570227
2026-06-04 22:45:00,24.8,24.8,24.6,24.8,12138.85043859,299724.5427896
2026-06-04 23:15:00,24.7,24.8,24.6,24.8,4777.39954771,118045.85928321
2026-06-04 23:30:00,24.7,24.7,24.7,24.7,500.0,12350.0
2026-06-05 00:00:00,24.7,24.7,24.6,24.6,14681.47450009,361204.75853217
2026-06-05 00:15:00,24.5,24.7,24.3,24.7,137725.26709688,3359356.88714213
2026-06-05 00:30:00,24.6,24.6,24.5,24.6,75363.35546298,1848036.90504504
2026-06-05 00:45:00,24.5,24.6,24.5,24.6,32764.22764228,802747.96747976
2026-06-05 01:00:00,24.5,24.7,24.5,24.7,26414.53540041,647386.46738616
2026-06-05 01:45:00,24.7,24.7,24.7,24.7,3801.86425006,93906.04697648
2026-06-05 02:15:00,24.5,24.7,24.5,24.7,14896.39114984,365010.16616703
2026-06-05 02:30:00,24.5,24.5,24.5,24.5,2097.94513259,51399.65574846
2026-06-05 02:45:00,24.7,24.7,24.7,24.7,32332.20341567,798605.42436705
2026-06-05 03:00:00,24.7,24.7,24.7,24.7,3520.91254752,86966.53992374
2026-06-05 03:15:00,24.7,24.7,24.7,24.7,60000.0,1482000.0
2026-06-05 03:30:00,24.7,24.7,24.7,24.7,1213.0376344,29962.02956968
2026-06-05 03:45:00,24.8,24.8,24.8,24.8,21892.50478317,542934.11862262
2026-06-05 04:15:00,24.8,24.8,24.8,24.8,21298.2848937,528197.46536376
2026-06-05 05:30:00,24.9,24.9,24.9,24.9,562.24899598,13999.9999999
2026-06-05 06:00:00,24.9,24.9,24.9,24.9,4042.91829988,100668.66566701
2026-06-05 06:15:00,24.9,24.9,24.8,24.8,6216.81919644,154477.11607171
2026-06-05 06:45:00,24.9,25.1,24.9,25.1,61936.94511375,1542787.15890405
2026-06-05 07:00:00,24.9,25.1,24.9,25.1,102744.58296397,2558389.66075149
2026-06-05 07:15:00,25.1,25.2,25.1,25.2,59609.30218055,1498798.96267742
2026-06-05 07:45:00,25.2,25.2,25.1,25.1,156705.30374717,3933803.97699053
2026-06-05 08:00:00,25.3,25.3,24.9,25.2,101416.48619721,2555657.65802936
2026-06-05 08:15:00,25.2,25.3,25.2,25.3,498.76889618,12593.85307335
2026-06-05 08:30:00,25.2,25.2,25.2,25.2,37690.78597404,949807.80654581
2026-06-05 08:45:00,25.1,25.1,24.6,24.8,209621.68979219,5177007.4547287
2026-06-05 09:00:00,24.8,25.1,24.8,24.9,316094.68340288,7926773.45760885
2026-06-05 09:15:00,24.8,24.8,24.7,24.7,243671.93397337,6035060.87178557
2026-06-05 09:30:00,24.8,25.3,24.8,25.2,23090.57856955,580053.74513892
2026-06-05 09:45:00,25.0,25.3,25.0,25.2,136713.74221901,3442750.31838294
2026-06-05 10:00:00,25.2,25.2,24.6,24.6,202597.43259981,5045494.07837662
2026-06-05 10:15:00,24.6,24.6,24.5,24.5,133983.97980583,3283077.39410788
2026-06-05 10:30:00,24.4,24.8,24.4,24.7,59632.32491155,1456928.59694109
2026-06-05 10:45:00,24.5,24.5,24.5,24.5,28779.18183765,705089.95502243
2026-06-05 11:00:00,24.5,24.6,24.5,24.5,14214.97706787,348291.81190481
2026-06-05 11:15:00,24.5,24.5,24.4,24.4,30445.52781101,745689.90215722
2026-06-05 11:30:00,24.4,24.7,24.4,24.7,290177.97835595,7080416.68750895
2026-06-05 11:45:00,24.4,24.4,24.3,24.3,38983.92364805,947465.05968626
2026-06-05 12:00:00,24.3,24.5,24.3,24.3,103940.32628667,2525799.47134173
2026-06-05 12:15:00,24.4,24.5,24.3,24.5,39348.20912224,958838.35607197
2026-06-05 12:30:00,24.5,24.6,24.3,24.6,8125.25901533,198265.36830197
2026-06-05 12:45:00,24.6,24.6,24.3,24.3,1767.23577235,43323.99999981
2026-06-05 13:00:00,24.3,24.3,24.3,24.3,12008.571936,291808.2980448
2026-06-05 13:15:00,24.4,24.6,24.4,24.6,76771.84865899,1888537.47701115
2026-06-05 13:30:00,24.6,24.6,24.5,24.5,123451.21951219,3036749.99999987
2026-06-05 13:45:00,24.5,24.6,24.5,24.6,528.47864685,12975.57471251
2026-06-05 14:00:00,24.6,25.0,24.6,25.0,211746.46303814,5225472.77246733
2026-06-05 14:15:00,25.0,25.2,25.0,25.2,68911.46264068,1723538.5506234
2026-06-05 14:30:00,25.0,25.0,25.0,25.0,20573.5099474,514337.748685
2026-06-05 14:45:00,24.9,25.0,24.9,24.9,66805.62444343,1663484.92420363
2026-06-05 15:00:00,24.8,24.9,24.8,24.8,36370.28469295,902032.80659639
2026-06-05 15:15:00,24.7,24.7,23.3,23.7,1867887.95228598,44090156.90352096
2026-06-05 15:30:00,23.8,24.2,23.8,24.1,124374.96533502,2992464.44878821
2026-06-05 15:45:00,24.2,24.4,24.2,24.3,140593.77394066,3412458.6118522
2026-06-05 16:00:00,24.3,24.3,23.9,23.9,79880.67254276,1917906.34299227
2026-06-05 16:15:00,23.9,24.0,23.8,24.0,281312.87997793,6735287.98438167
2026-06-05 16:30:00,24.0,24.0,23.9,23.9,342793.1391413,8219138.0919733
2026-06-05 16:45:00,24.0,24.1,24.0,24.1,11513.65157669,276454.00299823
2026-06-05 17:00:00,24.1,24.1,23.9,24.1,13312.09868449,319567.80710934
2026-06-05 17:30:00,23.9,23.9,23.5,23.5,413077.39225976,9789117.40701039
2026-06-05 17:45:00,23.6,23.8,23.5,23.7,153496.88869766,3617459.53963419
2026-06-05 18:00:00,23.7,23.8,23.7,23.8,18802.37486913,445637.29700342
2026-06-05 18:30:00,23.8,24.0,23.6,23.8,254073.14688876,6041863.89035439
2026-06-05 18:45:00,23.8,24.0,23.8,23.8,2056.63425267,49022.30337209
2026-06-05 19:00:00,23.8,24.1,23.8,24.1,42774.58884549,1028332.76367027
2026-06-05 19:15:00,24.1,24.1,24.1,24.1,3778.16182572,91053.69999985
2026-06-05 19:45:00,23.8,23.8,23.7,23.8,110207.37833367,2617977.60682394
2026-06-05 20:00:00,23.8,23.8,23.5,23.5,652310.93283527,15377091.01204983
2026-06-05 20:15:00,23.4,23.4,22.6,23.3,939518.93866709,21545238.44916043
2026-06-05 20:30:00,23.2,23.4,22.9,23.0,752666.89976122,17281904.46454317
2026-06-05 20:45:00,23.0,23.0,23.0,23.0,261027.13860461,6003624.18790603
2026-06-05 21:00:00,22.9,23.1,22.8,23.1,80179.80139166,1842028.41214735
2026-06-05 21:15:00,23.1,23.1,23.1,23.1,406018.84198592,9379035.24987475
2026-06-05 21:30:00,23.0,23.1,22.8,23.1,56629.53415593,1292770.74684579
2026-06-05 21:45:00,23.0,23.0,23.0,23.0,2164.5021645,49783.5497835
2026-06-05 22:00:00,23.0,23.0,23.0,23.0,22722.17391304,522609.99999992
2026-06-05 22:15:00,23.0,23.1,23.0,23.1,99535.14655977,2292108.37087471
2026-06-05 22:30:00,23.1,23.1,23.1,23.1,18599.15469345,429640.4734187
2026-06-05 22:45:00,23.1,23.1,22.8,22.8,542077.5412535,12423501.04717625
2026-06-05 23:00:00,22.8,22.9,22.7,22.9,223674.06161322,5077642.71295065
2026-06-05 23:15:00,23.0,23.0,22.8,22.8,37020.81224737,847761.62793569
2026-06-05 23:30:00,22.9,23.0,22.8,23.0,134937.44992117,3079779.04243863
2026-06-05 23:45:00,22.9,23.0,22.8,22.8,28211.4017951,647388.29573596
2026-06-06 00:00:00,23.0,23.0,22.7,23.0,1748.69034296,39957.86415811
2026-06-06 00:15:00,22.8,22.8,22.7,22.7,56291.69873994,1278021.56139664
2026-06-06 00:30:00,22.8,22.8,22.8,22.8,9483.11946902,216215.12389366
2026-06-06 00:45:00,23.0,23.0,23.0,23.0,1086.95652173,24999.99999979
2026-06-06 01:15:00,22.8,22.8,22.7,22.8,64679.80573568,1472488.49757622
2026-06-06 01:30:00,22.8,22.8,22.6,22.6,166180.33027803,3772952.31202628
2026-06-06 01:45:00,22.6,22.9,22.6,22.8,97995.79805589,2234065.70383718
2026-06-06 02:15:00,22.8,22.9,22.8,22.9,5021.1724,114882.73072
2026-06-06 02:30:00,22.8,22.8,22.8,22.8,3306.34726333,75384.71760392
2026-06-06 02:45:00,22.8,22.8,22.8,22.8,7027.40688685,160224.87702018
2026-06-06 03:15:00,22.8,22.9,22.8,22.9,132534.4557913,3028655.12709365
2026-06-06 03:30:00,22.9,22.9,22.9,22.9,31741.3307026,726876.47308954
2026-06-06 03:45:00,22.9,22.9,22.9,22.9,111801.3104,2560250.00816
2026-06-06 04:00:00,23.0,23.0,23.0,23.0,436.6812227,10043.6681221
2026-06-06 04:15:00,22.9,22.9,22.9,22.9,6635.42101595,151951.14126526
2026-06-06 04:30:00,22.8,22.8,22.8,22.8,243672.25883504,5555727.50143891
2026-06-06 05:15:00,22.8,22.8,22.8,22.8,548.24561403,12499.99999988
2026-06-06 05:30:00,22.8,22.8,22.7,22.7,2226.00584376,50553.99187637
2026-06-06 06:15:00,22.9,22.9,22.9,22.9,1936.24454148,44339.99999989
2026-06-06 06:30:00,22.9,22.9,22.9,22.9,1500.0,34350.0
2026-06-06 06:45:00,23.0,23.0,22.8,22.8,1089.89130434,24961.49999982
2026-06-06 07:00:00,22.8,23.0,22.8,22.9,13974.94692061,319178.30416316
2026-06-06 07:15:00,22.9,22.9,22.9,22.9,10194.14051839,233445.81787113
2026-06-06 07:45:00,23.0,23.1,23.0,23.1,59269.62521173,1363709.99999966
2026-06-06 08:00:00,23.0,23.1,23.0,23.0,28227.79787411,650408.46351802
2026-06-06 08:15:00,23.1,23.1,23.0,23.0,21195.51912355,487540.22988494
2026-06-06 08:30:00,23.0,23.0,22.8,22.8,628406.04112829,14337339.2417949
2026-06-06 09:00:00,22.9,23.0,22.6,22.9,354175.52040131,8044225.84455533
2026-06-06 09:15:00,22.9,22.9,22.9,22.9,1392927.20451999,31898032.98350777
2026-06-06 09:30:00,22.9,22.9,22.8,22.8,1039512.72728231,23700975.3348751
2026-06-06 09:45:00,22.8,22.9,22.8,22.9,8865.46519316,202557.47170066
2026-06-06 10:00:00,22.9,22.9,22.9,22.9,2000.0,45800.0
2026-06-06 10:15:00,22.8,22.8,22.8,22.8,129023.15311707,2941727.8910692
2026-06-06 10:45:00,22.7,22.7,22.2,22.4,533205.06713797,11920717.5266358
2026-06-06 11:00:00,22.5,22.5,22.4,22.4,38939.75424831,872370.46849548
2026-06-06 11:15:00,22.4,22.5,22.4,22.5,20010.45900035,448691.41545564
2026-06-06 11:30:00,22.7,22.7,22.7,22.7,128781.14824744,2923332.06521689
2026-06-06 11:45:00,22.7,22.7,22.6,22.7,9498.75480276,215501.76068932
2026-06-06 12:00:00,22.7,22.7,22.4,22.6,37093.52574416,831979.64847527
2026-06-06 12:15:00,22.6,22.6,22.4,22.6,5293.91515987,119577.30542619
2026-06-06 12:30:00,22.4,22.4,22.3,22.3,69009.45442772,1543022.63970833
2026-06-06 12:45:00,22.6,22.6,22.6,22.6,75310.5428624,1702018.26869024
2026-06-06 13:00:00,22.5,22.5,22.4,22.4,75943.59184207,1701236.45726237
2026-06-06 13:15:00,22.5,24.7,22.5,23.0,9073749.21556654,215158363.1029528
2026-06-06 13:30:00,23.0,24.1,22.9,23.4,3511286.30965349,82396061.39637893
2026-06-06 13:45:00,23.4,23.8,23.0,23.8,2195947.25894193,51227292.26381257
2026-06-06 14:00:00,23.8,23.8,23.1,23.2,2351468.50411168,55242402.7685457
2026-06-06 14:15:00,23.1,23.1,21.4,21.7,3480527.11683231,77179802.58429655
2026-06-06 14:30:00,21.7,22.4,21.5,21.6,720153.67549009,15571609.72061108
2026-06-06 14:45:00,22.0,22.4,21.5,22.3,92485.93096158,2042702.90667366
2026-06-06 15:00:00,22.1,22.2,21.6,22.2,593772.51204879,12926258.29133893
2026-06-06 15:15:00,22.0,22.0,21.7,21.7,513289.79341381,11162703.64529572
2026-06-06 15:30:00,21.7,21.7,21.6,21.7,164861.94867937,3577473.27419863
2026-06-06 15:45:00,21.7,21.7,21.6,21.6,55888.13808428,1207766.1279057
2026-06-06 16:00:00,21.6,22.0,21.6,21.9,20666.9667838,452423.63689586
2026-06-06 16:15:00,21.9,21.9,21.9,21.9,16374.49015973,358601.33449809
2026-06-06 16:45:00,21.9,22.1,21.8,22.0,143706.54798352,3159635.36295329
2026-06-06 17:00:00,22.0,22.0,21.8,21.8,144124.78340756,3154779.06808077
2026-06-06 17:15:00,21.8,21.8,21.7,21.7,161508.38403215,3511633.76195605
2026-06-06 17:30:00,21.9,22.0,21.8,21.8,247686.80785541,5399842.2045448
2026-06-06 17:45:00,21.8,22.0,21.8,22.0,18842.61117149,412911.81335725
2026-06-06 18:00:00,22.0,22.0,21.9,21.9,6921.25237592,151607.24521447
2026-06-06 18:15:00,22.0,22.0,22.0,22.0,30207.72205614,664569.88523508
2026-06-06 18:30:00,22.0,22.2,22.0,22.1,117102.71786235,2587080.80830718
2026-06-06 18:45:00,22.1,22.8,22.0,22.4,841799.61120486,18781433.37490544
2026-06-06 19:00:00,22.4,22.4,22.3,22.3,29392.21707639,657762.18501222
2026-06-06 19:15:00,22.2,22.4,22.2,22.4,28481.86726712,632371.82685758
2026-06-06 19:30:00,22.4,22.5,22.2,22.2,43249.90261775,969053.42499199
2026-06-06 19:45:00,22.2,22.3,22.2,22.3,498.62008457,11094.22788591
2026-06-06 20:00:00,22.5,22.7,22.4,22.5,470462.79323842,10644492.44383607
2026-06-06 20:15:00,22.5,22.6,22.2,22.2,134709.07231107,3030170.89791989
2026-06-06 20:30:00,22.2,22.2,22.1,22.1,146654.18442129,3242079.13625904
2026-06-06 20:45:00,22.1,22.4,22.1,22.4,496.39465981,11044.24037974
2026-06-06 21:00:00,22.1,22.1,21.9,21.9,728993.34215079,15981193.26844
2026-06-06 21:15:00,22.1,22.2,21.9,21.9,383738.50227456,8471014.53707286
2026-06-06 21:30:00,22.0,22.0,22.0,22.0,456.62100456,10045.66210032
2026-06-06 21:45:00,22.0,22.1,22.0,22.1,205579.83145234,4526114.47407818
2026-06-06 22:00:00,22.2,22.4,22.1,22.1,44244.74022521,982124.83003416
2026-06-06 22:15:00,22.2,22.2,22.2,22.2,10271.22872722,228021.27774428
2026-06-06 22:30:00,22.2,22.4,22.2,22.2,23103.00225504,512936.15209658
2026-06-06 22:45:00,22.2,22.2,22.1,22.2,16736.22648132,371491.20034502
2026-06-06 23:00:00,22.2,22.2,22.2,22.2,1528.10981894,33924.03798047
2026-06-06 23:15:00,22.2,22.2,22.1,22.2,1850.92332151,40999.99999996
2026-06-06 23:30:00,22.2,22.3,22.1,22.2,45665.11153828,1011559.97002654
2026-06-06 23:45:00,22.3,22.3,22.1,22.3,17762.97025464,392865.36718428
2026-06-07 00:00:00,22.3,22.4,22.3,22.4,164797.53325133,3689340.5187368
2026-06-07 00:15:00,22.4,22.4,22.4,22.4,350458.17338492,7850263.08382221
2026-06-07 00:30:00,22.4,22.4,22.4,22.4,90359.67171641,2024056.64644758
2026-06-07 00:45:00,22.4,22.4,22.4,22.4,12974.68132136,290632.86159846
2026-06-07 01:00:00,22.5,22.5,22.5,22.5,426.40901771,9594.20289848
2026-06-07 01:15:00,22.4,22.4,22.4,22.4,3858.58076836,86432.20921126
2026-06-07 01:30:00,22.4,22.4,22.4,22.4,899.59445563,20150.91580611
2026-06-07 01:45:00,22.5,22.5,22.5,22.5,29201.92369441,657043.28312423
2026-06-07 02:15:00,22.5,22.5,22.5,22.5,2897.9518,65203.9155
2026-06-07 02:30:00,22.5,22.5,22.5,22.5,468.38396252,10538.6391567
2026-06-07 03:00:00,22.5,22.5,22.5,22.5,171188.95044475,3851751.38500688
2026-06-07 03:30:00,22.7,22.8,22.7,22.8,50601.49749686,1153349.05898216
2026-06-07 03:45:00,22.7,22.7,22.4,22.4,1762.11453744,39735.68281927
2026-06-07 06:00:00,22.5,22.5,22.4,22.4,59669.15276538,1339150.30876991
2026-06-07 06:15:00,22.6,22.6,22.6,22.6,1337.4706,30226.83556
2026-06-07 06:30:00,22.6,22.6,22.6,22.6,139.78603716,3159.16443982
2026-06-07 06:45:00,22.6,22.6,22.6,22.6,360.21396284,8140.83556018
2026-06-07 07:15:00,22.6,22.6,22.6,22.6,442.47787611,10000.00000009
2026-06-07 07:45:00,22.6,22.6,22.4,22.5,292602.19042519,6572927.705194
2026-06-07 08:00:00,22.5,22.5,22.5,22.5,66866.73199399,1504501.46986478
2026-06-07 08:15:00,22.5,22.5,22.5,22.5,49832.9497751,1121241.36993975
2026-06-07 08:45:00,22.6,22.7,22.6,22.7,20322.43074496,461294.17791059
2026-06-07 09:00:00,22.6,22.7,22.6,22.7,80856.2126813,1828386.83391015
2026-06-07 09:15:00,22.7,22.7,22.6,22.7,63634.10783844,1444223.98361541
2026-06-07 09:30:00,22.7,22.8,22.7,22.8,498.69144375,11345.1649175
2026-06-07 09:45:00,22.7,22.7,22.6,22.7,42483.20135571,962966.73094732
2026-06-07 10:00:00,22.7,22.7,22.7,22.7,51927.05909493,1178744.24145491
2026-06-07 10:15:00,22.8,23.0,22.8,23.0,141098.17729738,3226676.43359341
2026-06-07 10:30:00,23.0,23.2,22.7,22.8,430702.13520646,9877434.27377065
2026-06-07 10:45:00,22.7,23.2,22.7,23.2,494.36057833,11344.16541726
2026-06-07 11:00:00,22.9,23.0,22.6,22.8,428380.81000476,9744609.08303857
2026-06-07 11:15:00,22.9,23.3,22.8,23.0,402817.58608135,9234361.99399476
2026-06-07 11:30:00,23.1,23.1,23.1,23.1,158506.33129207,3661496.25284682
2026-06-07 11:45:00,23.1,23.1,22.9,22.9,24329.004329,557999.9999999
2026-06-07 12:00:00,23.1,23.1,22.9,23.1,12293.39605088,283727.44877533
2026-06-07 12:15:00,23.1,23.1,23.1,23.1,259.74025974,5999.99999999
2026-06-07 12:45:00,23.1,23.2,23.1,23.2,294139.43890123,6822557.18064625
2026-06-07 13:00:00,23.2,23.4,23.1,23.1,91075.01733246,2108845.55051128
2026-06-07 13:15:00,23.3,23.3,23.2,23.2,1809.04987419,41999.99999966
2026-06-07 13:30:00,23.2,23.2,23.2,23.2,3645.97716981,84586.67033959
2026-06-07 14:15:00,23.2,23.2,23.2,23.2,35075.24207709,813745.61618849
2026-06-07 14:30:00,23.2,23.2,23.1,23.2,64848.97046597,1504403.06137028
2026-06-07 15:45:00,23.1,23.1,23.1,23.1,2095.18151815,48398.69306927
2026-06-07 16:00:00,23.2,23.4,23.2,23.4,143254.38030587,3349611.1863701
2026-06-07 16:15:00,23.4,23.4,23.1,23.4,123281.60896838,2867254.02252741
2026-06-07 16:30:00,23.2,23.2,23.2,23.2,25960.58492493,602285.57025838
2026-06-07 16:45:00,23.4,23.4,23.4,23.4,256.41025641,5999.99999999
2026-06-07 17:00:00,23.2,23.4,23.2,23.4,754.02149352,17542.82089709
2026-06-07 18:00:00,23.4,23.4,23.4,23.4,43964.03956635,1028758.52585259
2026-06-07 18:15:00,23.2,23.4,23.2,23.4,27979.18447514,649166.60207067
2026-06-07 18:30:00,23.2,23.3,23.0,23.3,973904.15217057,22444113.48878943
2026-06-07 18:45:00,23.2,23.2,23.2,23.2,1086.4841,25206.43112
2026-06-07 19:30:00,23.2,23.3,23.2,23.2,14014.63199282,325164.33391775
2026-06-07 20:00:00,23.2,23.3,23.2,23.3,200498.67394629,4651594.10294856
2026-06-07 20:30:00,23.2,23.2,23.2,23.2,112657.69917183,2613658.62078646
2026-06-07 20:45:00,23.3,23.3,23.2,23.2,5672.42327332,131653.54949942
2026-06-07 21:00:00,23.2,23.2,23.2,23.2,5229.88398441,121333.30843831
2026-06-07 21:15:00,23.1,23.1,23.1,23.1,14686.61045603,339260.70153429
2026-06-07 21:30:00,23.0,23.0,23.0,23.0,138717.30372974,3190497.98578402
2026-06-07 21:45:00,23.0,23.0,23.0,23.0,5773.86625418,132798.92384614
2026-06-07 22:00:00,23.0,23.0,22.9,22.9,45348.98172055,1040574.00410552
2026-06-07 23:15:00,23.0,23.0,23.0,23.0,305274.37280923,7021310.57461229
2026-06-07 23:30:00,23.0,23.0,23.0,23.0,830478.53211188,19101006.23857324
2026-06-07 23:45:00,22.9,22.9,22.9,22.9,684.93150684,15684.93150664
2026-06-08 00:00:00,23.1,23.1,22.8,23.1,53625.51806188,1229542.61302053
2026-06-08 00:15:00,23.0,23.0,23.0,23.0,2482.18795986,57090.32307678
2026-06-08 00:30:00,23.0,23.0,23.0,23.0,2076.562698,47760.942054
2026-06-08 02:00:00,23.0,23.0,23.0,23.0,8036.77639796,184845.85715308
2026-06-08 02:45:00,23.0,23.1,23.0,23.1,1531.06614441,35342.62793587
2026-06-08 03:45:00,23.0,23.0,23.0,23.0,16475.09458578,378927.17547294
2026-06-08 04:00:00,23.0,23.0,23.0,23.0,11000.0,253000.0
2026-06-08 04:15:00,23.0,23.1,23.0,23.1,498.66354701,11494.12793593
2026-06-08 05:45:00,23.1,23.1,23.0,23.0,36232.75570881,834305.76225501
2026-06-08 06:00:00,22.9,22.9,22.9,22.9,80115.80582765,1834651.95345319
2026-06-08 06:15:00,23.0,23.0,23.0,23.0,10000.0,230000.0
2026-06-08 06:30:00,23.0,23.0,23.0,23.0,34782.60869565,799999.99999995
2026-06-08 07:00:00,23.0,23.0,23.0,23.0,15148.66782608,348419.35999984
2026-06-08 07:15:00,23.1,23.2,23.0,23.1,312663.40525571,7210921.32313294
2026-06-08 07:30:00,23.0,23.0,23.0,23.0,4582.54426428,105398.51807844
2026-06-08 07:45:00,22.9,23.1,22.9,23.1,497.58183678,11444.14042962
2026-06-08 08:15:00,22.9,23.1,22.9,23.1,38169.87998432,876687.65423833
2026-06-08 08:30:00,23.0,23.0,22.7,22.9,407570.83339649,9336489.6773528
2026-06-08 08:45:00,22.9,22.9,22.7,22.9,108366.95442545,2461892.55778441
2026-06-08 09:00:00,22.9,22.9,22.4,22.9,627252.57576051,14133454.15499825
2026-06-08 09:15:00,22.6,22.9,22.6,22.9,1609.32033982,36647.43141507
2026-06-08 09:30:00,22.8,22.9,22.8,22.9,505242.76673113,11559595.36929873
2026-06-08 10:30:00,22.9,22.9,22.9,22.9,851.06382978,19489.36170196
2026-06-08 10:45:00,22.6,22.6,22.6,22.6,12671.33868562,286372.25429501
2026-06-08 11:00:00,22.6,22.9,22.6,22.9,496.47065113,11294.17791088
2026-06-08 11:15:00,22.9,22.9,22.9,22.9,3631.73728813,83166.78389818
2026-06-08 11:30:00,22.9,22.9,22.9,22.9,1540.34118312,35273.81309345
2026-06-08 12:00:00,22.9,22.9,22.9,22.9,230.0,5267.0
2026-06-08 12:15:00,22.7,22.7,22.7,22.7,15969.02507621,362496.86922997
2026-06-08 12:30:00,22.6,22.6,22.5,22.5,302870.99284332,6826735.47625375
2026-06-08 12:45:00,22.5,22.7,22.5,22.6,17274.85855588,392006.86557848
2026-06-08 13:00:00,22.6,22.8,22.5,22.7,523501.97649738,11827728.05552505
2026-06-08 13:15:00,22.4,22.6,22.2,22.2,643226.49307717,14335228.30910447
2026-06-08 13:30:00,22.4,22.4,22.4,22.4,13958.02098949,312659.67016458
2026-06-08 14:00:00,22.2,22.2,22.2,22.2,461532.05462133,10246011.61259353
2026-06-08 14:30:00,22.4,22.4,22.4,22.4,814.90504747,18253.87306333
2026-06-08 14:45:00,22.4,22.4,22.2,22.3,9861.16746551,219921.69069729
2026-06-08 15:00:00,22.3,22.3,22.3,22.3,119082.88379969,2655548.30873309
2026-06-08 15:15:00,22.3,22.3,22.3,22.3,11660.23545604,260023.25066969
2026-06-08 15:45:00,22.3,22.4,22.3,22.4,13891.52745055,311145.21489232
2026-06-08 16:00:00,22.3,22.3,22.2,22.2,671973.04266315,14932676.55899679
2026-06-08 16:15:00,22.2,22.4,22.2,22.4,402396.18351903,8933244.77615716
2026-06-08 16:30:00,22.3,22.3,22.2,22.2,30177.03221365,669954.66097303
2026-06-08 16:45:00,22.4,22.4,22.4,22.4,312.5,7000.0
2026-06-08 17:15:00,22.4,22.4,22.3,22.4,51719.30349359,1157809.73047577
2026-06-08 18:30:00,22.3,22.3,22.3,22.3,267.85714285,5973.21428556
2026-06-08 18:45:00,22.3,22.3,22.3,22.3,3968.44978775,88496.43026683
2026-06-08 19:00:00,22.3,22.3,22.3,22.3,8968.60986548,200000.0000002
2026-06-08 19:30:00,22.3,22.4,22.3,22.4,6498.62568715,144944.21539216
2026-06-08 19:45:00,22.3,22.3,22.3,22.3,6000.0,133800.0
2026-06-08 20:00:00,22.4,22.7,22.4,22.7,62637.97362524,1403774.11412875
2026-06-08 20:15:00,22.7,22.7,22.7,22.7,32530.89314373,738451.27436267
2026-06-08 20:30:00,22.6,22.6,22.6,22.6,2990.30549372,67580.90415807
2026-06-08 20:45:00,22.6,22.7,22.6,22.6,17692.82817948,399883.05847046
2026-06-08 21:00:00,22.6,22.6,22.5,22.5,16741.70730844,378259.84111594
2026-06-08 21:30:00,22.5,22.7,22.5,22.7,1335.12153897,30139.260004
2026-06-08 21:45:00,22.6,22.7,22.6,22.7,44361.23348017,1006118.94273114
2026-06-08 22:00:00,22.7,22.7,22.7,22.7,19813.88160545,449775.11244372
2026-06-08 22:15:00,22.7,22.7,22.6,22.7,140390.69312694,3186538.91907248
2026-06-08 22:30:00,22.7,22.7,22.7,22.7,88096.7005484,1999795.10244868
2026-06-08 22:45:00,22.6,22.6,22.6,22.6,8554.89258942,193340.57252089
2026-06-08 23:15:00,22.6,22.6,22.6,22.6,227.25663716,5135.99999982
2026-06-08 23:45:00,22.5,22.6,22.5,22.6,10351.67842358,232937.62820491
2026-06-09 00:00:00,22.6,22.7,22.6,22.7,23697.67771835,535665.84386834
2026-06-09 00:15:00,22.7,22.7,22.7,22.7,320.27753303,7270.29999978
2026-06-09 00:45:00,22.6,22.8,22.6,22.8,497.55166276,11294.17791093
2026-06-09 01:15:00,22.8,22.8,22.8,22.8,10000.0,228000.0
2026-06-09 01:30:00,22.7,22.7,22.7,22.7,350.74973526,7962.0189904
2026-06-09 01:45:00,22.6,22.8,22.6,22.8,797.55166276,18074.17791093
2026-06-09 06:00:00,22.8,22.8,22.8,22.8,120573.26754385,2749070.49999978
2026-06-09 06:15:00,22.6,22.8,22.5,22.8,105799.98283133,2380651.58248363
2026-06-09 08:15:00,22.6,22.6,22.6,22.6,18279.34649436,413113.23077254
2026-06-09 08:45:00,22.6,22.7,22.6,22.7,11607.55544157,262359.24637155
2026-06-09 09:00:00,22.7,22.8,22.7,22.8,283.41092611,6436.48232938
2026-06-09 09:15:00,22.7,22.7,22.7,22.7,1537.29302749,34896.55172402
2026-06-09 09:30:00,22.6,22.8,22.5,22.6,132797.43466899,3009615.641568
2026-06-09 09:45:00,22.6,23.2,22.6,23.1,463840.81849122,10667729.81946736
2026-06-09 10:00:00,23.1,23.7,23.0,23.6,3519172.02097459,82419321.23176359
2026-06-09 10:15:00,23.5,23.6,23.0,23.2,2483592.71416984,58039209.02907072
2026-06-09 10:30:00,23.2,23.3,23.0,23.1,543495.90192851,12590279.76219456
2026-06-09 10:45:00,23.2,23.4,23.2,23.2,475447.05220565,11068773.38693994
2026-06-09 11:00:00,23.2,23.2,22.9,22.9,395546.92811697,9105718.30637405
2026-06-09 11:15:00,23.0,23.0,22.8,22.8,543029.12118091,12412144.19908134
2026-06-09 11:30:00,22.8,22.8,22.3,22.3,1065189.62284782,24019836.85698755
2026-06-09 11:45:00,22.5,22.6,22.3,22.3,471049.69361526,10527021.31332925
2026-06-09 12:00:00,22.3,22.5,22.1,22.3,1033555.57491543,22959837.32163192
2026-06-09 12:15:00,22.3,22.4,22.2,22.4,413925.151714,9222589.88284543
2026-06-09 12:30:00,22.4,22.9,22.3,22.5,183347.42089921,4112782.44103383
2026-06-09 12:45:00,22.3,22.4,22.2,22.4,183947.88534351,4099901.41961629
2026-06-09 13:00:00,22.2,22.8,22.2,22.8,709745.82849631,15958585.33017776
2026-06-09 13:15:00,22.7,22.7,22.7,22.7,135680.78274273,3079953.76825997
2026-06-09 13:30:00,22.7,22.9,22.7,22.8,370925.45745022,8442150.35551905
2026-06-09 13:45:00,22.8,22.8,22.8,22.8,323536.64502794,7376635.50663703
2026-06-09 14:00:00,22.8,22.8,22.8,22.8,14714.46158616,335489.72416445
2026-06-09 14:15:00,22.8,23.1,22.8,22.9,87814.08780992,2012045.62617499
2026-06-09 14:30:00,22.8,22.8,22.8,22.8,1152.01144657,26265.8609818
2026-06-09 14:45:00,22.8,22.8,22.8,22.8,6116.26545454,139450.85236351
2026-06-09 15:00:00,22.8,23.0,22.7,23.0,141762.1093848,3223629.23839652
2026-06-09 15:15:00,23.0,23.1,22.7,23.0,172676.5926354,3965099.48616231
2026-06-09 15:30:00,22.8,22.8,22.8,22.8,25315.43477015,577191.91275942
2026-06-09 15:45:00,22.8,23.0,22.8,23.0,497.57186624,11394.15292352
2026-06-09 16:00:00,23.0,23.0,22.7,22.8,154361.93210784,3512861.33823442
2026-06-09 16:15:00,22.8,22.9,22.6,22.9,67196.75771515,1518993.41303491
2026-06-09 16:30:00,22.9,22.9,22.3,22.6,455715.79135904,10264286.43540005
2026-06-09 16:45:00,22.6,22.7,22.6,22.7,26464.83333982,598250.83144139
2026-06-09 17:15:00,22.6,22.7,22.4,22.7,35433.3597104,796470.15205406
2026-06-09 17:45:00,22.5,22.7,22.5,22.7,36364.06912163,818498.57278053
2026-06-09 18:00:00,22.7,22.7,22.7,22.7,13213.65748843,299950.02498736
2026-06-09 18:45:00,22.7,22.7,22.4,22.7,109346.56780552,2467159.77841045
2026-06-09 19:00:00,22.6,22.6,22.3,22.6,280071.69696027,6284546.35081052
2026-06-09 19:30:00,22.6,22.6,22.6,22.6,20632.29447223,466289.8550724
2026-06-09 19:45:00,22.6,22.8,22.6,22.8,10589.9206345,239381.71667225
2026-06-09 20:00:00,22.6,22.6,22.6,22.6,47114.6096,1064790.17696
2026-06-09 20:15:00,22.6,22.6,22.6,22.6,775.2922,17521.60372
2026-06-09 20:30:00,22.7,23.1,22.6,22.8,240445.06786992,5524106.95645884
2026-06-09 20:45:00,22.8,23.0,22.8,23.0,25520.74255073,585875.25942679
2026-06-09 21:00:00,22.7,22.8,22.5,22.6,560637.86313129,12636341.2112624
2026-06-09 21:15:00,22.6,22.6,22.6,22.6,165013.45690076,3729304.12595718
2026-06-09 21:30:00,22.6,22.6,22.5,22.5,101394.55313644,2281546.79624976
2026-06-09 21:45:00,22.5,22.5,22.5,22.5,247.841,5576.4225
2026-06-09 22:00:00,22.5,22.5,22.5,22.5,444.44444444,9999.9999999
2026-06-09 22:15:00,22.4,22.4,22.4,22.4,159090.60769768,3563629.61242803
2026-06-09 22:30:00,22.4,22.5,22.4,22.5,4498.67566216,101195.2023986
2026-06-09 22:45:00,22.5,22.5,22.5,22.5,4444.44444444,99999.9999999
2026-06-09 23:00:00,22.4,22.4,22.3,22.3,433451.04265024,9668207.18500848
2026-06-09 23:15:00,22.3,22.5,22.3,22.5,497.5206841,11144.21539225
2026-06-09 23:30:00,22.3,22.4,22.3,22.4,40603.45259462,905481.46368003
2026-06-09 23:45:00,22.3,22.6,22.3,22.6,496.42545983,11144.21539216
2026-06-10 00:30:00,22.6,22.6,22.6,22.6,225.0,5085.0
2026-06-10 00:45:00,22.4,22.4,22.4,22.4,570.0,12768.0
2026-06-10 01:00:00,22.4,22.4,22.3,22.3,57078.14693368,1278463.44041774
2026-06-10 02:15:00,22.3,22.3,22.3,22.3,7602.24025974,169529.9577922
2026-06-10 02:45:00,22.3,22.3,22.3,22.3,2173.91304347,48478.26086938
2026-06-10 03:15:00,22.4,22.4,22.4,22.4,252.5146,5656.32704
2026-06-10 03:30:00,22.4,22.4,22.4,22.4,122091.74542193,2734855.09745123
2026-06-10 03:45:00,22.4,22.4,22.4,22.4,26785.71428571,599999.9999999
2026-06-10 05:15:00,22.4,22.4,22.4,22.4,5267.90176339,118000.99949994
2026-06-10 05:45:00,22.4,22.9,22.4,22.6,689627.97246464,15643112.94658685
2026-06-10 06:00:00,22.6,22.8,22.6,22.8,1390.40880561,31472.74933934
2026-06-10 07:00:00,22.6,22.7,22.5,22.7,54145.14386442,1218988.56077083
2026-06-10 07:15:00,22.5,22.7,22.5,22.7,1382.8425839,31284.0997119
2026-06-10 08:30:00,22.5,22.7,22.5,22.7,52101.03658562,1172713.85181081
2026-06-10 08:45:00,22.5,22.6,22.3,22.5,886697.44799804,19825071.97183809
2026-06-10 09:00:00,22.3,22.5,22.2,22.4,190035.52943771,4242168.94300466
2026-06-10 09:15:00,22.5,22.6,22.5,22.5,62165.9973611,1398889.25334937
2026-06-10 09:30:00,22.4,22.5,22.1,22.5,787278.10553272,17508707.63014541
2026-06-10 09:45:00,22.3,22.5,22.2,22.5,106546.4342114,2371249.63885019
2026-06-10 10:00:00,22.5,22.6,22.5,22.6,83214.76363565,1872552.72879455
2026-06-10 10:15:00,22.6,22.7,22.6,22.6,170226.3730454,3848290.77052304
2026-06-10 11:00:00,22.4,22.4,22.4,22.4,4456.09992431,99816.63830454
2026-06-10 11:15:00,22.6,22.6,22.6,22.6,56086.15052342,1267547.00182929
2026-06-10 11:30:00,22.5,22.6,22.4,22.6,21442.78703094,481598.72731223
2026-06-10 11:45:00,22.6,22.6,22.5,22.6,23556.19108591,530305.41301655
2026-06-10 12:00:00,22.6,22.7,22.6,22.6,101292.72508404,2289346.59126612
2026-06-10 12:15:00,22.5,22.6,22.5,22.6,6842.51666811,154387.62939929
2026-06-10 12:30:00,22.4,22.6,22.4,22.4,52134.65472984,1168342.59186266
2026-06-10 12:45:00,22.6,22.6,22.3,22.3,583732.71761074,13094626.78156332
2026-06-10 13:00:00,22.4,22.6,22.4,22.6,101427.03933868,2272407.38874173
2026-06-10 13:15:00,22.6,22.7,22.6,22.6,106850.23750648,2414947.52623676
2026-06-10 13:30:00,22.5,22.5,22.3,22.3,322541.8784149,7229551.67399552
2026-06-10 13:45:00,22.6,22.8,22.5,22.7,189646.73668713,4296777.10309237
2026-06-10 14:00:00,22.7,22.8,22.7,22.8,201126.82095951,4584965.94686813
2026-06-10 14:15:00,22.8,23.2,22.7,23.0,578732.7511557,13315988.60998276
2026-06-10 14:30:00,22.9,23.4,22.9,23.3,1217365.70714643,28174832.12650521
2026-06-10 14:45:00,23.3,23.6,22.9,23.1,2716446.78922674,63674150.54022491
2026-06-10 15:00:00,23.0,23.3,23.0,23.3,366715.32063504,8487060.50980035
2026-06-10 15:15:00,23.1,23.3,22.8,23.1,640457.88206666,14742045.72211025
2026-06-10 15:30:00,23.2,23.2,22.3,22.8,367787.5601218,8356742.96686544
2026-06-10 15:45:00,22.6,22.9,22.1,22.8,993949.01718242,22240316.70481517
2026-06-10 16:00:00,22.6,22.7,22.6,22.7,36973.53302533,835634.94854876
2026-06-10 16:15:00,22.7,22.7,22.5,22.6,137592.33205833,3098844.69686044
2026-06-10 16:30:00,22.5,22.5,22.5,22.5,49367.30972795,1110764.46887888
2026-06-10 16:45:00,22.5,22.7,22.5,22.6,165230.80510976,3720425.56744145
2026-06-10 17:00:00,22.6,22.7,22.6,22.6,95350.97173153,2156206.68263347
2026-06-10 17:15:00,22.6,22.7,22.5,22.5,355735.55033303,8022096.98978965
2026-06-10 17:30:00,22.6,22.6,22.5,22.5,61510.56496019,1386009.41690483
2026-06-10 17:45:00,22.5,22.6,22.5,22.6,28552.63963831,642478.63964959
2026-06-10 18:00:00,22.6,22.7,22.6,22.6,52927.48990206,1196236.08540253
2026-06-10 18:15:00,22.6,22.7,22.6,22.6,16544.93862554,374109.75279458
2026-06-10 18:30:00,22.6,22.6,22.4,22.5,416554.85444892,9362207.85280869
2026-06-10 18:45:00,22.4,22.5,22.3,22.5,186626.5232484,4173939.52224612
2026-06-10 19:00:00,22.4,22.5,22.3,22.5,54160.20151456,1209125.87423321
2026-06-10 19:30:00,22.5,22.5,22.5,22.5,51223.33361853,1152525.00641693
2026-06-10 19:45:00,22.6,22.7,22.6,22.7,1581.32704717,35825.32751058
2026-06-10 20:00:00,22.6,22.6,22.4,22.6,56083.55303386,1261195.54540201
2026-06-10 20:30:00,22.5,22.5,22.5,22.5,25382.911061,571115.4988725
2026-06-10 20:45:00,22.4,22.6,22.3,22.6,4795.74307297,107816.25212622
2026-06-10 21:30:00,22.6,22.7,22.6,22.7,84666.60294802,1920190.59016011
2026-06-10 21:45:00,22.7,22.9,22.5,22.8,213131.52503263,4848001.37950689
2026-06-10 22:00:00,22.9,22.9,22.8,22.8,51406.07416769,1173162.8639491
2026-06-10 22:15:00,22.7,22.8,22.7,22.8,15490.23213053,353154.5851525
2026-06-10 22:30:00,22.8,22.8,22.8,22.8,37902.29002273,864172.21251824
2026-06-10 22:45:00,22.8,22.8,22.8,22.8,98778.89912277,2252158.89999916
2026-06-10 23:00:00,22.8,22.8,22.6,22.6,155875.4592022,3528325.46529541
2026-06-10 23:15:00,22.6,22.9,22.6,22.6,106411.69826592,2406386.95124602
2026-06-10 23:30:00,22.8,22.8,22.6,22.8,46658.3247893,1054695.90388118
2026-06-10 23:45:00,22.7,22.7,22.7,22.7,264.31718061,5999.99999985
2026-06-11 00:00:00,22.8,22.8,22.8,22.8,263.15789473,5999.99999984
2026-06-11 00:30:00,22.8,22.8,22.8,22.8,4385.96491228,99999.99999998
2026-06-11 01:00:00,22.8,22.8,22.6,22.8,55207.21219213,1252510.28974568
2026-06-11 01:45:00,22.7,22.8,22.7,22.8,2991.2045735,67925.50229184
2026-06-11 02:15:00,22.8,22.8,22.7,22.8,148245.21558297,3379867.36780778
2026-06-11 02:30:00,22.8,23.1,22.8,23.1,90208.81092636,2064168.44639538
2026-06-11 02:45:00,23.0,23.1,23.0,23.1,4774.89177489,109902.49053207
2026-06-11 03:15:00,23.1,23.1,23.1,23.1,12595.73676365,290961.51924032
2026-06-11 04:00:00,23.0,23.0,23.0,23.0,19246.08225108,442659.89177484
2026-06-11 05:30:00,23.0,23.0,23.0,23.0,2205.90434782,50735.79999986
2026-06-11 05:45:00,22.9,23.0,22.9,23.0,21469.49494888,492350.25506641
2026-06-11 06:00:00,22.9,23.0,22.9,23.0,27724.34010862,637482.17109609
2026-06-11 06:15:00,23.0,23.0,23.0,23.0,20534.95652166,472303.99999818
2026-06-11 06:30:00,23.0,23.0,23.0,23.0,34017.73113434,782407.81608982
2026-06-11 06:45:00,23.0,23.0,23.0,23.0,22001.73913035,506039.99999805
2026-06-11 07:00:00,23.0,23.0,23.0,23.0,67492.95652165,1552337.99999795
2026-06-11 07:15:00,23.0,23.0,22.9,22.9,47323.28197769,1084475.01381084
2026-06-11 07:30:00,22.8,22.8,22.8,22.8,66109.83874083,1507304.32329092
2026-06-11 07:45:00,22.8,23.0,22.8,22.9,106916.08017776,2444101.30869466
2026-06-11 08:00:00,22.9,23.0,22.8,22.9,162258.3414134,3712757.74739051
2026-06-11 08:15:00,22.9,23.0,22.9,23.0,81065.2173913,1856681.48754505
2026-06-11 08:30:00,23.0,23.3,22.8,23.2,325634.72482457,7492757.9221882
2026-06-11 08:45:00,23.2,23.4,23.1,23.1,533429.12125547,12422580.38076972
2026-06-11 09:00:00,23.4,23.7,23.0,23.4,1342545.92602765,31444700.19416964
2026-06-11 09:15:00,23.4,23.4,23.0,23.0,90724.86835279,2101880.3639942
2026-06-11 09:30:00,23.2,23.2,22.9,23.0,230801.17215816,5306089.02006139
2026-06-11 09:45:00,23.0,23.0,22.6,23.0,170480.53192841,3878745.46329591
2026-06-11 10:00:00,23.0,23.0,23.0,23.0,26105.06521739,600416.49999997
2026-06-11 10:15:00,22.9,23.0,22.8,22.8,84436.16220109,1928858.58837722
2026-06-11 10:30:00,23.0,23.0,22.9,23.0,121313.11431235,2785920.66074979
2026-06-11 10:45:00,23.0,23.0,23.0,23.0,11086.95652173,254999.99999979
2026-06-11 11:00:00,23.0,23.0,22.9,22.9,8413.75139662,192957.11181658
2026-06-11 11:15:00,22.9,23.1,22.9,23.1,194864.84107761,4466710.8274074
2026-06-11 11:45:00,23.1,23.4,23.1,23.4,176002.08611476,4083989.3603232
2026-06-11 12:00:00,23.4,23.7,23.0,23.5,1067318.79572623,25083133.66480654
2026-06-11 12:15:00,23.4,23.4,23.1,23.1,397676.00242643,9196180.61526919
2026-06-11 12:30:00,23.2,23.2,23.1,23.1,11077.58620689,256624.99999985
2026-06-11 12:45:00,23.1,23.4,23.1,23.4,126544.32840611,2923446.63790214
2026-06-11 13:00:00,23.3,23.3,23.1,23.1,55722.98408943,1297783.02928372
2026-06-11 13:15:00,23.1,23.3,23.1,23.3,42494.18239195,985864.90317757
2026-06-11 13:30:00,23.2,23.2,23.2,23.2,39775.26893794,922786.23936021
2026-06-11 13:45:00,23.2,23.2,23.2,23.2,5169.8137,119939.67784
2026-06-11 14:00:00,23.2,23.2,23.0,23.1,114775.76609108,2642773.17251252
2026-06-11 14:15:00,23.2,23.2,23.2,23.2,21791.16379312,505555.00000038
2026-06-11 14:30:00,23.3,23.3,23.3,23.3,1172.32079117,27315.07443426
2026-06-11 14:45:00,23.2,23.2,23.2,23.2,250.0,5800.0
2026-06-11 15:00:00,23.2,23.3,23.2,23.3,1359.91867202,31574.98058549
2026-06-11 15:15:00,23.3,23.3,23.3,23.3,48659.06102742,1133756.12193889
2026-06-11 15:30:00,23.2,23.2,23.1,23.2,486424.27223931,11238140.62274902
2026-06-11 15:45:00,23.3,23.3,23.1,23.1,97964.33832454,2275449.79231739
2026-06-11 16:00:00,23.1,23.1,23.1,23.1,14000.0,323400.0
2026-06-11 16:15:00,23.1,23.3,23.0,23.1,43972.34912616,1014606.93682622
2026-06-11 16:30:00,23.1,23.1,23.1,23.1,98262.51615769,2269864.12324264
2026-06-11 16:45:00,23.1,23.3,23.1,23.3,18560.6833922,432255.48087006
2026-06-11 17:00:00,23.2,23.2,23.2,23.2,11290.94827586,261949.99999995
2026-06-11 17:15:00,23.1,23.4,23.1,23.4,183851.88520229,4278865.85194309
2026-06-11 17:30:00,23.2,23.4,23.2,23.3,183118.65816314,4257641.29819733
2026-06-11 17:45:00,23.3,23.4,23.2,23.4,124367.92040192,2895334.68979066
2026-06-11 18:00:00,23.3,23.4,23.2,23.3,135688.89122071,3154275.5642501
2026-06-11 18:15:00,23.3,23.3,23.3,23.3,84422.25239311,1967038.48075946
2026-06-11 18:30:00,23.3,23.4,23.2,23.2,620990.35816747,14426159.2985956
2026-06-11 18:45:00,23.4,23.4,23.3,23.4,9192.66286255,215049.38059485
2026-06-11 19:00:00,23.3,23.4,23.3,23.4,52631.91233204,1230466.24856974
2026-06-11 19:15:00,23.5,23.5,23.3,23.5,15067.76594426,353012.31884036
2026-06-11 19:30:00,23.3,23.5,23.3,23.5,132943.83785722,3112610.59501376
2026-06-11 19:45:00,23.3,23.5,23.3,23.5,82313.60090811,1926860.56971475
2026-06-11 20:00:00,23.4,23.4,23.4,23.4,2637.892,61726.6728
2026-06-11 20:15:00,23.5,23.5,23.4,23.5,180824.2504243,4231632.14077968
2026-06-11 20:45:00,23.4,23.5,23.4,23.5,8821.76414651,206854.81294323
2026-06-11 21:00:00,23.4,23.5,23.3,23.5,447790.67912664,10478872.41233987
2026-06-11 21:15:00,23.5,23.6,23.4,23.6,159850.60582263,3758972.64425201
2026-06-11 21:30:00,23.4,23.6,23.4,23.6,5929.42805573,139596.0741312
2026-06-11 21:45:00,23.6,23.6,23.6,23.6,4237.28813559,99999.99999992
2026-06-11 22:15:00,23.4,23.6,23.4,23.6,7278.28277143,171159.27447858
2026-06-11 23:45:00,23.6,23.6,23.6,23.6,3097.34963026,73097.45127414
2026-06-12 00:00:00,23.6,23.6,23.4,23.4,40209.7727755,948821.09961972
2026-06-12 00:15:00,23.6,23.6,23.6,23.6,508.47457627,11999.99999997
2026-06-12 00:30:00,23.6,23.6,23.6,23.6,421.22881355,9940.99999978
2026-06-12 00:45:00,23.5,23.5,23.5,23.5,96326.28837297,2263667.7767648
2026-06-12 01:00:00,23.6,23.6,23.6,23.6,8621.91954869,203477.30134908
2026-06-12 01:15:00,23.5,23.5,23.5,23.5,38826.69460915,912427.32331503
2026-06-12 01:30:00,23.5,23.6,23.5,23.6,60618.74981395,1424590.35847077
2026-06-12 02:00:00,23.5,23.5,23.5,23.5,48909.12369276,1149364.40677986
2026-06-12 02:15:00,23.5,23.5,23.5,23.5,63112.72639732,1483149.07033702
2026-06-12 02:45:00,23.5,23.5,23.5,23.5,425.5319149,10000.00000015
2026-06-12 03:00:00,23.5,23.5,23.5,23.5,9461.79070525,222352.08157338
2026-06-12 03:15:00,23.5,23.5,23.5,23.5,75652.47701458,1777833.20984263
2026-06-12 03:30:00,23.5,23.5,23.5,23.5,90728.55732018,2132121.09702423
2026-06-12 03:45:00,23.5,23.5,23.5,23.5,79807.63416918,1875479.40297573
2026-06-12 04:15:00,23.6,23.6,23.6,23.6,42194.092827,995780.5907172
2026-06-12 05:00:00,23.6,23.6,23.6,23.6,230.0,5428.0
2026-06-12 05:30:00,23.6,23.7,23.5,23.5,546282.41746644,12884657.45727128
2026-06-12 05:45:00,23.5,23.7,23.5,23.7,9291.57823862,219486.99999997
2026-06-12 06:00:00,23.6,23.7,23.6,23.7,122362.86919833,2899156.11814388
2026-06-12 06:15:00,23.7,23.8,23.4,23.6,686009.11807159,16149706.90576887
2026-06-12 06:30:00,23.5,23.5,23.5,23.5,384150.0034491,9027525.08105385
2026-06-12 06:45:00,23.5,23.5,23.5,23.5,150034.41191551,3525808.68001449
2026-06-12 07:15:00,23.5,23.5,23.4,23.4,37981.7261961,890442.90603388
2026-06-12 07:30:00,23.4,23.4,23.4,23.4,216042.57752866,5055396.31417064
2026-06-12 07:45:00,23.4,23.4,23.4,23.4,9623.38573202,225187.22612927
2026-06-12 08:00:00,23.4,23.4,23.4,23.4,1546.21207396,36181.36253066
2026-06-12 08:15:00,23.7,23.7,23.7,23.7,403.84870855,9571.21439264
2026-06-12 08:30:00,23.4,23.4,23.4,23.4,250.0,5850.0
2026-06-12 08:45:00,23.6,23.6,23.4,23.4,8067.49167786,190014.67138701
2026-06-12 09:00:00,23.6,23.7,23.6,23.6,585572.4417705,13861448.55483921
2026-06-12 09:15:00,23.5,23.7,23.4,23.5,106894.26096299,2503548.58857551
2026-06-12 09:30:00,23.5,23.7,23.5,23.5,38893.73961335,914136.79707801
2026-06-12 09:45:00,23.5,23.7,23.5,23.7,1603.94092827,37929.01181435
2026-06-12 10:00:00,23.7,23.7,23.6,23.6,304895.9040333,7219244.87260282
2026-06-12 10:15:00,23.6,23.6,23.6,23.6,225760.30146606,5327943.11459902
2026-06-12 10:30:00,23.6,23.9,23.6,23.9,424518.33746208,10093548.96974747
2026-06-12 10:45:00,23.8,23.8,23.8,23.8,413215.27309046,9834523.49955295
2026-06-12 11:00:00,23.7,23.8,23.7,23.7,64289.6133396,1524588.20589642
2026-06-12 11:15:00,23.6,23.8,23.6,23.7,399551.33100869,9429487.14842885
2026-06-12 11:30:00,23.7,23.7,23.7,23.7,843.88185654,20000.0
2026-06-12 11:45:00,23.7,23.7,23.7,23.7,164806.96202531,3905924.99999985
2026-06-12 12:00:00,23.8,23.8,23.7,23.7,8652.54788837,205890.25487235
2026-06-12 12:15:00,23.7,23.8,23.7,23.8,8923.47838685,212353.78560703
2026-06-12 12:30:00,23.7,23.7,23.6,23.6,23890.23975406,564141.34077225
2026-06-12 13:00:00,23.6,23.6,23.6,23.6,18667.93928658,440563.36716329
2026-06-12 13:15:00,23.6,23.6,23.6,23.6,59327.45831123,1400128.01614503
2026-06-12 13:30:00,23.5,23.5,23.4,23.4,477271.60818855,11204846.74515349
2026-06-12 13:45:00,23.6,23.7,23.6,23.7,245773.23152769,5824794.82438574
2026-06-12 14:15:00,23.5,23.5,23.4,23.4,283361.98795168,6644719.61123252
2026-06-12 14:30:00,23.4,23.9,23.4,23.9,1030679.19830136,24377063.82097809
2026-06-12 14:45:00,23.9,24.0,23.5,23.7,374023.13717209,8899570.8816959
2026-06-12 15:00:00,23.5,23.5,23.0,23.3,884368.78759651,20556272.95514491
2026-06-12 15:15:00,23.4,23.4,23.3,23.3,4641.6963,108215.91073274
2026-06-12 15:30:00,23.3,23.4,23.3,23.4,30307.03558477,706196.66416788
2026-06-12 15:45:00,23.3,23.4,23.2,23.2,4316.12698026,100436.10659694
2026-06-12 16:00:00,23.4,23.7,23.2,23.5,527589.06988228,12377330.10788515
2026-06-12 16:15:00,23.2,23.5,23.2,23.5,45523.68385808,1062630.62473098
2026-06-12 16:30:00,23.3,23.5,23.3,23.5,76758.01212651,1788617.74263352
2026-06-12 16:45:00,23.5,23.5,23.5,23.5,430.59574468,10118.99999998
2026-06-12 17:00:00,23.5,23.6,23.3,23.6,369729.27316456,8671016.07523994
2026-06-12 17:15:00,23.6,23.6,23.6,23.6,174729.61586198,4123618.93434273
2026-06-12 17:30:00,23.7,23.7,23.7,23.7,10118.90679133,239818.09095452
2026-06-12 17:45:00,23.7,23.7,23.6,23.7,10827.13303329,256545.20900747
2026-06-12 18:15:00,23.6,23.7,23.6,23.7,50601.66318375,1199170.257868
2026-06-12 18:30:00,23.6,23.6,23.6,23.6,611.3017,14426.72012
2026-06-12 18:45:00,23.6,23.6,23.6,23.6,305736.55257817,7215382.64084481
2026-06-12 19:00:00,23.6,23.6,23.2,23.5,1061256.97823969,24766392.98525096
2026-06-12 19:15:00,23.6,23.6,23.6,23.6,1737.28813559,40999.99999992
2026-06-12 19:45:00,23.5,23.5,23.5,23.5,17021.27659574,399999.99999989
2026-06-12 20:30:00,23.5,23.5,23.5,23.5,21273.61702127,499929.99999985
2026-06-12 20:45:00,23.4,23.4,23.3,23.3,184848.52265331,4308145.61423554
2026-06-12 21:45:00,23.5,23.6,23.4,23.6,120340.047504,2827947.13140781
2026-06-12 23:45:00,23.5,23.5,23.5,23.5,117657.47285572,2764950.61210942
2026-06-13 00:00:00,23.5,23.7,23.5,23.7,524376.42130828,12415359.96275947
2026-06-13 00:15:00,23.7,23.7,23.7,23.7,414.93775933,9834.02489612
2026-06-13 00:30:00,23.7,23.7,23.7,23.7,100000.0,2370000.0
2026-06-13 00:45:00,23.7,23.9,23.7,23.9,171324.45454731,4071068.35132024
2026-06-13 01:00:00,23.9,23.9,23.7,23.7,629.38050597,14958.15899567
2026-06-13 01:15:00,23.7,23.8,23.7,23.8,33951.96603613,804871.67908989
2026-06-13 01:45:00,23.8,23.8,23.8,23.8,4201.68067226,99999.99999979
2026-06-13 05:15:00,23.8,23.8,23.7,23.7,142474.44008511,3389284.25874224
2026-06-13 05:30:00,23.7,23.7,23.6,23.6,18998.58912826,448402.19284764
2026-06-13 05:45:00,23.7,23.7,23.6,23.6,9424.20563687,222445.77678423
2026-06-13 06:15:00,23.6,23.6,23.6,23.6,8240.50550451,194475.92990644
2026-06-13 06:45:00,23.8,23.8,23.8,23.8,700.131748,16663.1356024
2026-06-13 07:15:00,23.9,23.9,23.9,23.9,210.41666666,5028.95833317
2026-06-13 07:30:00,23.8,23.8,23.8,23.8,37640.28004422,895838.66505244
2026-06-13 08:00:00,23.9,23.9,23.9,23.9,502.0920502,11999.99999978
2026-06-13 08:15:00,23.8,24.0,23.7,24.0,277652.58061125,6613742.30161816
2026-06-13 08:45:00,24.0,24.0,23.7,23.9,104337.94556349,2489053.58270319
2026-06-13 09:00:00,23.9,24.0,23.7,23.9,140176.40562908,3341839.75554425
2026-06-13 09:15:00,23.9,24.0,23.9,24.0,43364.17475012,1036428.77652787
2026-06-13 09:30:00,24.0,24.0,24.0,24.0,244560.7138336,5869457.1320064
2026-06-13 09:45:00,24.0,24.0,24.0,24.0,2083.33333333,49999.99999992
2026-06-13 10:00:00,23.9,24.0,23.9,24.0,69340.09581034,1661644.95653379
2026-06-13 10:15:00,23.9,24.0,23.9,23.9,140499.50277237,3361692.3760592
2026-06-13 10:30:00,24.0,24.0,23.8,23.8,138475.12663457,3314826.66860256
2026-06-13 10:45:00,23.9,24.0,23.9,23.9,7498.70897884,179244.01549216
2026-06-13 11:00:00,23.9,23.9,23.9,23.9,5623.71129706,134406.69999973
2026-06-13 11:15:00,23.8,23.9,23.5,23.8,182951.11927064,4333818.26001308
2026-06-13 11:30:00,23.8,23.8,23.8,23.8,4681.09243697,111409.99999989
2026-06-13 12:00:00,23.8,23.8,23.8,23.8,42742.38536189,1017268.77161298
2026-06-13 12:30:00,23.7,23.8,23.7,23.8,6214.78759032,147758.57513428
2026-06-13 12:45:00,23.8,23.8,23.8,23.8,42985.86001116,1023063.46826561
2026-06-13 14:15:00,23.8,23.8,23.7,23.8,328984.06135166,7817180.63144438
2026-06-13 15:15:00,23.7,23.7,23.4,23.4,181341.03205381,4267893.18667514
2026-06-13 15:30:00,23.7,23.7,23.7,23.7,1124.08011558,26640.69873925
2026-06-13 15:45:00,23.7,23.7,23.5,23.5,496.08213634,11700.12429682
2026-06-13 16:00:00,23.6,23.6,23.5,23.6,59015.85123387,1388518.7699704
2026-06-13 16:15:00,23.7,23.7,23.7,23.7,13836.23457258,327918.75937015
2026-06-13 16:30:00,23.7,23.7,23.5,23.6,46668.62866314,1101403.2039948
2026-06-13 16:45:00,23.6,23.7,23.6,23.6,87118.26991227,2057303.40410784
2026-06-13 17:00:00,23.7,23.7,23.6,23.7,5351.14668029,126706.2764669
2026-06-13 17:15:00,23.6,23.7,23.6,23.7,28233.30041089,668924.96759202
2026-06-13 17:30:00,23.7,23.8,23.7,23.8,78553.1112789,1865848.43870713
2026-06-13 17:45:00,23.7,23.8,23.5,23.8,325764.99908371,7686819.95850292
2026-06-13 18:00:00,23.7,23.8,23.6,23.8,47027.06018364,1114554.87903477
2026-06-13 18:30:00,23.7,23.8,23.7,23.8,5754.77837284,136619.83192452
2026-06-13 19:45:00,23.6,23.6,23.6,23.6,27435.17408667,647470.10844541
2026-06-13 20:00:00,23.6,23.8,23.6,23.8,497.6492846,11794.05297348
2026-06-13 20:15:00,23.8,23.8,23.8,23.8,5070.0,120666.0
2026-06-13 20:30:00,23.8,23.8,23.8,23.8,4201.68067226,99999.99999979
2026-06-13 20:45:00,23.7,23.7,23.7,23.7,27189.92998509,644401.34064663
2026-06-13 21:15:00,23.7,23.8,23.7,23.8,498.69917982,11844.04047972
2026-06-13 21:30:00,23.7,23.8,23.7,23.8,131851.68956847,3137051.22438781
2026-06-13 21:45:00,23.7,23.8,23.7,23.8,249315.8761848,5923977.73287132
2026-06-13 22:00:00,23.8,23.8,23.8,23.8,967.20547289,23019.49025478
2026-06-13 22:15:00,23.8,23.8,23.8,23.8,55063.3926734,1310508.74562692
2026-06-13 22:30:00,23.8,23.8,23.8,23.8,1588978.70392532,37817693.15342262
2026-06-13 22:45:00,23.7,23.7,23.7,23.7,43999.26294999,1042782.53191476
2026-06-13 23:00:00,23.7,23.8,23.7,23.8,997.39835964,23688.08095943
2026-06-14 00:45:00,23.8,23.8,23.8,23.8,24201.59668065,575998.00099947
2026-06-14 01:00:00,23.8,23.8,23.8,23.8,158414.82574888,3770272.85282334
2026-06-14 01:15:00,23.8,23.9,23.8,23.9,563680.22020163,13417262.25366475
2026-06-14 01:30:00,23.8,23.8,23.8,23.8,37001.86344675,880644.35003265
2026-06-14 02:15:00,23.8,23.8,23.8,23.8,34923.79765432,831186.38417282
2026-06-14 02:45:00,23.9,23.9,23.9,23.9,5110.79188439,122147.92603692
2026-06-14 03:30:00,23.8,23.8,23.8,23.8,655.0,15589.0
2026-06-14 04:45:00,23.9,23.9,23.9,23.9,46841.0041841,1119499.99999999
2026-06-14 05:30:00,23.9,23.9,23.9,23.9,4879.27584324,116614.69265344
2026-06-14 05:45:00,23.9,23.9,23.9,23.9,158385.62761505,3785416.4999997
2026-06-14 06:30:00,23.9,23.9,23.9,23.9,2089.95920449,49950.02498731
2026-06-14 07:00:00,23.9,24.0,23.9,24.0,131859.69716019,3153946.76212854
2026-06-14 07:15:00,24.0,24.1,24.0,24.1,648882.87418567,15578207.84126332
2026-06-14 07:30:00,24.0,24.0,24.0,24.0,131516.91996034,3156406.07904816
2026-06-14 07:45:00,24.0,24.0,24.0,24.0,14500.0,348000.0
2026-06-14 08:00:00,24.0,24.0,24.0,24.0,62499.99999999,1499999.99999976
2026-06-14 08:15:00,23.9,24.0,23.9,23.9,110572.31469284,2644753.72095898
2026-06-14 08:30:00,23.9,24.0,23.8,24.0,7303.93368142,174563.78176921
2026-06-14 08:45:00,24.0,24.0,24.0,24.0,113896.47916666,2733515.49999984
2026-06-14 09:00:00,23.9,24.0,23.7,24.0,418401.63072573,9972461.39664573
2026-06-14 09:15:00,23.8,23.8,23.8,23.8,50293.70829048,1196990.25731342
2026-06-14 09:30:00,23.8,24.0,23.8,24.0,657.44864135,15689.77766413
2026-06-14 10:15:00,24.0,24.0,24.0,24.0,54498.25087456,1307958.02098944
2026-06-14 10:45:00,23.9,23.9,23.9,23.9,2695.82046526,64430.10911971
2026-06-14 11:00:00,23.8,24.0,23.7,24.0,177571.90669656,4220942.49437974
2026-06-14 12:00:00,23.8,23.8,23.8,23.8,22721.01121525,540760.06692295
2026-06-14 12:15:00,23.8,24.0,23.8,24.0,505.70548059,12086.93153416
2026-06-14 12:30:00,23.8,24.0,23.8,24.0,56630.84573654,1347863.6620962
2026-06-14 13:00:00,23.9,24.0,23.9,24.0,1562.53876607,37369.54740696
2026-06-14 13:15:00,24.0,24.1,24.0,24.1,259351.80773699,6224940.04410129
2026-06-14 13:30:00,23.9,24.0,23.9,24.0,42339.71316294,1011944.01549215
2026-06-14 13:45:00,24.0,24.0,23.9,23.9,68470.75,1643173.0
2026-06-14 14:30:00,23.9,24.0,23.9,24.0,498.70897884,11944.01549216
2026-06-14 14:45:00,23.9,23.9,23.9,23.9,3546.85575621,84769.85257342
2026-06-14 15:00:00,23.8,24.0,23.8,24.0,497.66783275,11894.027986
2026-06-14 15:15:00,23.8,24.0,23.8,24.0,5042.00583324,120049.27239766
2026-06-14 16:30:00,24.0,24.0,24.0,24.0,6362.36048642,152696.65167408
2026-06-14 17:30:00,23.8,23.8,23.8,23.8,4201.68067227,100000.00000003
2026-06-14 18:00:00,23.8,24.0,23.8,23.8,8901.02917729,211894.02798605
2026-06-14 18:15:00,24.0,24.0,23.8,23.8,37121.8487395,890000.0000001
2026-06-14 18:30:00,23.9,23.9,23.9,23.9,210.6003,5033.34717
2026-06-14 18:45:00,23.9,24.0,23.9,24.0,120092.83279744,2876571.06934274
2026-06-14 19:15:00,23.8,23.8,23.8,23.8,259142.26416853,6167585.88721101
2026-06-14 20:15:00,23.8,23.8,23.8,23.8,79167.99032095,1884198.16963861
2026-06-14 20:30:00,23.8,23.8,23.8,23.8,841.0937,20018.03006
2026-06-14 20:45:00,23.8,24.0,23.8,24.0,306286.94469941,7350307.16324584
2026-06-14 21:30:00,23.8,23.8,23.8,23.8,35030.58158085,833727.84162423
2026-06-14 22:00:00,23.8,23.8,23.8,23.8,26823.75032534,638405.25774309
2026-06-14 22:15:00,23.7,24.0,23.7,24.0,1738.69212669,41653.61104056
2026-06-14 23:00:00,24.0,24.0,24.0,24.0,48722.54865595,1169341.1677428
2026-06-14 23:15:00,24.1,24.2,24.1,24.1,140013.7581488,3379117.60398961
2026-06-14 23:30:00,24.1,24.1,23.8,24.1,494697.11577932,11854752.93742086
2026-06-15 00:00:00,24.1,24.1,23.8,23.8,23393.89946056,563199.4122092
2026-06-15 00:30:00,24.1,24.1,24.1,24.1,22554.59327532,543565.69793521
2026-06-15 03:15:00,23.9,23.9,23.9,23.9,14942.90392624,357135.40383714
2026-06-15 03:30:00,23.9,24.1,23.9,24.1,497.67699137,11944.01549202
2026-06-15 05:00:00,24.0,24.1,24.0,24.1,40000.0,963583.33333333
2026-06-15 05:15:00,24.1,24.1,24.1,24.1,43881.17144747,1057536.23188403
2026-06-15 06:30:00,24.0,24.0,24.0,24.0,49329.75179077,1183914.04297848
2026-06-15 06:45:00,24.0,24.0,24.0,24.0,94129.72593768,2259113.42250432
2026-06-15 07:00:00,24.0,24.1,23.9,24.0,232594.59082306,5582945.33331833
2026-06-15 07:15:00,24.0,24.1,24.0,24.1,42079.24224723,1014051.19152688
2026-06-15 07:30:00,24.1,24.1,24.1,24.1,9128.63070539,219999.9999999
2026-06-15 07:45:00,24.1,24.1,24.1,24.1,10000.0,241000.0
2026-06-15 08:00:00,24.1,24.1,24.0,24.0,146679.12856733,3530962.98603086
2026-06-15 08:15:00,24.0,24.0,24.0,24.0,48896.051974,1173505.247376
2026-06-15 08:30:00,23.9,23.9,23.9,23.9,26725.02935998,638728.20170352
2026-06-15 08:45:00,24.0,24.0,24.0,24.0,8577.23577235,205853.6585364
2026-06-15 09:00:00,24.0,24.0,23.9,23.9,21978.45423066,525782.90153584
2026-06-15 09:15:00,23.9,23.9,23.7,23.9,98747.10024405,2353004.58751132
2026-06-15 09:30:00,23.8,23.9,23.8,23.8,47360.72052912,1127394.38708678
2026-06-15 09:45:00,23.8,23.9,23.7,23.9,117200.78041276,2779982.66053992
2026-06-15 10:00:00,23.8,23.9,23.8,23.9,14968.84937238,356730.49999988
2026-06-15 10:15:00,23.9,23.9,23.9,23.9,8000.0,191200.0
2026-06-15 10:30:00,23.8,23.9,23.7,23.9,123607.13945315,2935018.88718867
2026-06-15 10:45:00,23.9,23.9,23.9,23.9,20936.10878661,500372.99999998
2026-06-15 11:00:00,23.9,23.9,23.9,23.9,6918.41004184,165349.99999998
2026-06-15 11:15:00,23.9,23.9,23.9,23.9,6500.0,155350.0
2026-06-15 11:30:00,23.9,24.0,23.9,24.0,48056.42173404,1148735.97944356
2026-06-15 11:45:00,24.0,24.0,23.8,23.8,118066.63819377,2821342.57510588
2026-06-15 12:00:00,23.8,23.9,23.7,23.9,169551.3258432,4021810.71685949
2026-06-15 12:15:00,23.8,23.8,23.8,23.8,82743.34477287,1969291.60559431
2026-06-15 12:30:00,23.9,23.9,23.9,23.9,98125.94361812,2345210.05247307
2026-06-15 12:45:00,23.8,23.8,23.8,23.8,25000.0,595000.0
2026-06-15 13:15:00,23.8,23.9,23.8,23.9,498.70409983,11894.02798594
2026-06-15 13:45:00,23.8,23.8,23.8,23.8,10922.53978898,259956.44697772
2026-06-15 14:00:00,23.8,23.9,23.6,23.6,176774.31737442,4188303.65674278
2026-06-15 14:30:00,23.7,23.8,23.7,23.8,37014.41855491,879092.44067911
2026-06-15 14:45:00,23.8,23.8,23.8,23.8,31112.25129427,740471.58080363
2026-06-15 15:00:00,23.8,23.8,23.8,23.8,44863.80199867,1067758.48756835
2026-06-15 15:30:00,23.7,23.9,23.7,23.9,497.65859747,11844.04047953
2026-06-15 16:15:00,23.9,23.9,23.6,23.7,56104.27091371,1328761.77507018
2026-06-15 16:30:00,23.7,23.8,23.6,23.8,130042.44236184,3072631.06107314
2026-06-15 16:45:00,23.7,23.8,23.6,23.8,1622.52547712,38354.42073721
2026-06-15 17:00:00,23.8,23.8,23.8,23.8,28557.14999643,679660.16991503
2026-06-15 17:15:00,23.7,23.7,23.7,23.7,59937.5210084,1420519.24789908
2026-06-15 17:45:00,23.7,23.8,23.7,23.8,499.32911695,11859.03298341
2026-06-15 18:00:00,23.7,23.7,23.7,23.7,42194.09282701,1000000.00000014
2026-06-15 18:15:00,23.7,23.7,23.7,23.7,90000.0,2133000.0
2026-06-15 18:30:00,23.7,23.7,23.7,23.7,135071.32509694,3201190.40479748
2026-06-15 19:00:00,23.8,23.8,23.7,23.7,840.33613444,19957.98319295
2026-06-15 19:15:00,23.8,23.8,23.8,23.8,420.16806722,9999.99999984
2026-06-15 19:30:00,23.7,23.7,23.7,23.7,33497.1151,793881.62787
2026-06-15 19:45:00,23.7,23.8,23.7,23.8,498.69917982,11844.04047972
2026-06-15 20:15:00,23.8,23.9,23.8,23.9,35681.55325936,851480.3817987
2026-06-15 20:30:00,23.7,24.0,23.7,23.9,111806.71046883,2670932.77900564
2026-06-15 20:45:00,23.9,23.9,23.9,23.9,85909.54308847,2053238.07981443
2026-06-15 21:00:00,23.9,23.9,23.7,23.7,878.70292886,20950.79079473
2026-06-15 21:15:00,23.9,23.9,23.8,23.8,375846.95679761,8945324.93579985
2026-06-15 21:30:00,23.9,23.9,23.9,23.9,18770.91460544,448624.85907002
2026-06-15 21:45:00,23.9,24.0,23.9,24.0,179977.57455647,4306488.90279752
2026-06-15 22:00:00,24.0,24.0,23.8,23.8,3581.22362869,85316.45569615
2026-06-15 22:15:00,23.8,24.1,23.7,24.1,217088.58264538,5195657.67293749
2026-06-15 22:30:00,24.1,24.2,24.1,24.2,72891.92537197,1758918.09467573
2026-06-15 22:45:00,24.2,24.2,24.1,24.1,394616.45210451,9545349.7961759
2026-06-15 23:00:00,24.1,24.1,23.9,24.0,196007.1896813,4687943.42530149
2026-06-15 23:15:00,24.0,24.0,24.0,24.0,22563.62738209,541527.05717016
2026-06-15 23:30:00,24.0,24.1,24.0,24.1,12864.79944674,309999.99999977
2026-06-15 23:45:00,24.0,24.0,23.9,24.0,77001.91942288,1847916.30761037
2026-06-16 00:00:00,24.0,24.1,24.0,24.1,87351.14947218,2099324.43915331
2026-06-16 00:15:00,24.1,24.1,24.1,24.1,41880.71939134,1009325.33733129
2026-06-16 00:30:00,24.1,24.2,24.1,24.1,354386.66925758,8541177.40679363
2026-06-16 00:45:00,24.1,24.1,24.0,24.0,450861.73810837,10821511.59011955
2026-06-16 01:00:00,24.1,24.2,24.1,24.2,47858.29696807,1153984.39081478
2026-06-16 01:15:00,24.1,24.1,24.1,24.1,261.02137537,6290.61514642
2026-06-16 01:30:00,24.1,24.1,24.1,24.1,84843.09712362,2044718.64067924
2026-06-16 02:00:00,23.9,23.9,23.9,23.9,1673.64016737,40000.00000014
2026-06-16 02:15:00,24.1,24.1,24.1,24.1,2074.68879668,49999.99999999
2026-06-16 03:45:00,24.1,24.1,24.1,24.1,14211.61825726,342499.99999997
2026-06-16 04:00:00,24.0,24.0,24.0,24.0,39301.78138425,943242.753222
2026-06-16 04:15:00,24.1,24.1,24.1,24.1,4000.0,96400.0
2026-06-16 05:15:00,24.1,24.1,24.1,24.1,207942.41883206,5011412.29385265
2026-06-16 05:30:00,24.0,24.1,24.0,24.1,5290.99164306,127208.67081518
2026-06-16 06:00:00,24.1,24.2,24.1,24.2,24243.00366927,584344.04151769
2026-06-16 06:45:00,24.2,24.2,24.2,24.2,404.85829959,9797.57085008
2026-06-16 07:00:00,24.2,24.2,24.2,24.2,15646.42561983,378643.49999989
2026-06-16 07:15:00,24.2,24.2,24.0,24.0,84681.75757576,2033465.20000006
2026-06-16 07:30:00,24.0,24.1,24.0,24.1,2617.36745734,63024.28785583
2026-06-16 07:45:00,24.1,24.1,24.1,24.1,41493.7759336,999999.99999976
2026-06-16 08:15:00,24.1,24.1,24.1,24.1,879.60169292,21198.40079937
2026-06-16 08:45:00,24.0,24.0,24.0,24.0,70404.68879507,1689712.53108168
2026-06-16 09:00:00,24.0,24.1,24.0,24.1,1947.95961704,46775.9021907
2026-06-16 10:15:00,24.0,24.0,23.9,23.9,65215.09226144,1560292.59190428
2026-06-16 10:30:00,23.9,23.9,23.8,23.8,451072.60155835,10746893.75532085
2026-06-16 10:45:00,23.9,23.9,23.9,23.9,30000.0,717000.0
2026-06-16 11:00:00,23.9,24.1,23.9,24.1,497.67699137,11944.01549202
2026-06-16 11:30:00,24.0,24.0,23.8,24.0,709562.13743465,16926522.14559745
2026-06-16 12:00:00,23.8,23.9,23.8,23.9,12987.86748086,309136.35064698
2026-06-16 12:15:00,23.8,23.9,23.7,23.9,78266.66386601,1860179.55221969
2026-06-16 12:30:00,23.9,23.9,23.9,23.9,4393.34728033,105000.99999989
2026-06-16 12:45:00,23.7,23.9,23.7,23.9,4435.14644351,105163.17991621
2026-06-16 13:30:00,23.8,23.9,23.7,23.9,42269.47612166,1001893.84114085
2026-06-16 13:45:00,23.7,23.7,23.7,23.7,1202.33261403,28495.28295251
2026-06-16 14:15:00,23.8,23.8,23.8,23.8,105028.70413532,2499683.15842062
2026-06-16 15:15:00,23.8,23.8,23.8,23.8,233.40336134,5554.99999989
2026-06-16 15:30:00,23.8,23.9,23.8,23.9,49522.42546425,1178711.97500312
2026-06-16 15:45:00,23.9,23.9,23.8,23.8,10635.18377874,253359.4411849
2026-06-16 16:15:00,23.8,23.9,23.8,23.9,547.4245095,13058.44577705
2026-06-16 16:30:00,23.8,23.9,23.8,23.9,42050.20920502,1000815.89958157
2026-06-16 17:00:00,23.8,23.8,23.8,23.8,31087.2760163,739877.16918794
2026-06-16 17:15:00,23.8,23.9,23.7,23.9,197688.77013149,4690894.4401512
2026-06-16 17:30:00,23.9,23.9,23.9,23.9,430.96234309,10299.99999985
2026-06-16 17:45:00,23.7,23.7,23.7,23.7,24517.66091216,581068.56361819
2026-06-16 18:00:00,23.7,23.7,23.7,23.7,4201.68067226,99579.83193256
2026-06-16 18:15:00,23.7,23.9,23.7,23.9,497.65859747,11844.04047953
2026-06-16 18:30:00,23.7,23.9,23.7,23.9,652.66736401,15556.24999984
2026-06-16 19:15:00,23.8,23.8,23.7,23.7,43273.49901705,1026758.39729232
2026-06-16 19:45:00,23.7,23.9,23.6,23.6,789522.72614632,18669247.55711687
2026-06-16 20:00:00,23.6,23.9,23.6,23.9,475.71562862,11302.20264296
2026-06-16 20:15:00,23.7,23.7,23.7,23.7,251.0460251,5949.79079487
2026-06-16 20:45:00,23.7,23.9,23.7,23.7,20391.6199832,487047.08397841
2026-06-16 21:00:00,23.7,23.9,23.7,23.9,497.65859747,11844.04047953
2026-06-16 21:15:00,23.9,23.9,23.9,23.9,1255.23012552,29999.99999993
2026-06-16 21:30:00,23.9,23.9,23.9,23.9,20920.50209205,500000.0
2026-06-16 22:00:00,23.8,23.8,23.7,23.7,99151.15335396,2353839.89215655
2026-06-16 22:45:00,23.7,23.7,23.7,23.7,13843.62440627,328093.8984286
2026-06-16 23:00:00,23.8,23.8,23.8,23.8,1035.25210083,24638.99999975
2026-06-16 23:15:00,23.7,23.7,23.7,23.7,824.75548319,19546.7049516
2026-06-16 23:30:00,23.7,23.7,23.7,23.7,151091.18820474,3580861.16045234
2026-06-17 00:00:00,23.6,23.7,23.6,23.6,1268.8186853,29986.31506591
2026-06-17 00:15:00,23.6,23.6,23.6,23.6,35000.0,826000.0
2026-06-17 00:30:00,23.6,23.6,23.6,23.6,35000.0,826000.0
2026-06-17 00:45:00,23.6,23.8,23.6,23.8,513.58649246,12171.75852055
2026-06-17 06:00:00,23.8,23.9,23.8,23.9,498.70409983,11894.02798594
2026-06-17 07:15:00,23.9,23.9,23.9,23.9,10000.0,239000.0
2026-06-17 07:45:00,23.8,23.8,23.8,23.8,27167.86249732,646595.12743622
2026-06-17 08:00:00,23.7,23.8,23.6,23.8,72281.48063713,1710233.30997589
2026-06-17 08:30:00,23.7,23.8,23.7,23.8,749.74520492,17793.83127459
2026-06-17 09:15:00,23.7,23.7,23.7,23.7,253.16455697,6000.00000019
2026-06-17 09:30:00,23.8,23.8,23.7,23.7,4750.67230169,112939.95036005
2026-06-17 09:45:00,23.7,23.8,23.7,23.8,498.69917982,11844.04047972
2026-06-17 10:30:00,23.7,23.8,23.7,23.8,40487.96413157,962769.66447483
2026-06-17 10:45:00,23.8,23.8,23.7,23.8,127508.93799115,3023944.01235364
2026-06-17 11:00:00,23.8,23.9,23.7,23.7,13980.77319279,333954.78492017
2026-06-17 11:30:00,23.7,23.9,23.7,23.9,497.65859747,11844.04047953
2026-06-17 11:45:00,23.9,23.9,23.7,23.7,7077.44769874,168443.25523001
2026-06-17 12:15:00,23.7,23.9,23.7,23.9,18421.39081504,440221.24047946
2026-06-17 12:45:00,23.8,23.8,23.8,23.8,1666.78710675,39669.53314065
2026-06-17 13:45:00,23.8,23.8,23.8,23.8,210.08403361,4999.99999992
2026-06-17 14:45:00,23.7,23.7,23.7,23.7,13375.33307859,316995.39396258
2026-06-17 15:00:00,23.7,23.8,23.7,23.8,498.69917982,11844.04047972
2026-06-17 15:15:00,23.8,23.8,23.8,23.8,2894.85509346,68897.55122435
2026-06-17 15:30:00,23.7,23.8,23.7,23.7,150506.72440318,3567034.23827335
2026-06-17 15:45:00,23.7,23.7,23.7,23.7,9647.34461248,228642.06731578
2026-06-17 16:00:00,23.7,23.7,23.7,23.7,63973.09844824,1516162.43322329
2026-06-17 16:15:00,23.7,23.7,23.7,23.7,55162.08098396,1307341.31931985
2026-06-17 17:00:00,23.7,23.8,23.7,23.8,498.69917982,11844.04047972
2026-06-17 17:45:00,23.8,23.8,23.8,23.8,1579.83193277,37599.99999993
2026-06-17 18:00:00,23.7,23.7,23.7,23.7,67388.7776243,1597114.02969591
2026-06-17 18:15:00,23.7,23.8,23.7,23.8,4682.79959823,111007.22039603
2026-06-17 18:45:00,23.8,23.8,23.7,23.7,1706.50112494,40527.58433193
2026-06-17 19:00:00,23.7,23.7,23.7,23.7,13509.84817085,320183.40164915
2026-06-17 19:15:00,23.7,23.7,23.7,23.7,2221.82482697,52657.24839919
2026-06-17 19:30:00,23.7,23.7,23.7,23.7,250.0,5925.0
2026-06-17 19:45:00,23.8,23.8,23.8,23.8,248.69917982,5919.04047972
2026-06-17 20:30:00,23.8,23.8,23.8,23.8,262.4318093,6245.87706134
2026-06-17 20:45:00,23.7,23.7,23.7,23.7,84388.18565401,2000000.00000004
2026-06-17 21:15:00,23.7,23.7,23.7,23.7,162807.93424645,3858548.04164087
2026-06-17 21:45:00,23.7,23.7,23.7,23.7,57665.44353873,1366671.0118679
2026-06-17 22:15:00,23.7,23.7,23.7,23.7,224668.09541114,5324633.86124402
2026-06-17 22:30:00,23.6,23.8,23.6,23.8,15924.86109886,376702.69582853
2026-06-17 22:45:00,23.8,23.8,23.8,23.8,21008.40336132,499999.99999942
2026-06-17 23:45:00,23.8,23.8,23.8,23.8,212.18487394,5049.99999977
2026-06-18 01:15:00,23.8,23.8,23.7,23.7,940.27459929,22326.50381199
2026-06-18 01:30:00,23.8,23.8,23.8,23.8,35045.53726854,834083.78699125
2026-06-18 01:45:00,23.8,23.8,23.8,23.8,30281.4979065,720699.6501747
2026-06-18 02:15:00,23.8,23.9,23.8,23.8,52713.68941121,1254607.25986964
2026-06-18 02:30:00,23.8,23.8,23.8,23.8,9422.13767066,224246.87656171
2026-06-18 03:00:00,23.8,23.8,23.7,23.8,9596.77154988,227947.68741283
2026-06-18 04:30:00,23.7,23.7,23.6,23.6,35565.85377965,839396.34329257
2026-06-18 05:30:00,23.8,23.8,23.8,23.8,16806.72268907,399999.99999987
2026-06-18 05:45:00,23.8,23.8,23.8,23.8,250.0,5950.0
2026-06-18 08:15:00,23.8,23.8,23.8,23.8,634.4537815,15099.9999997
2026-06-18 08:30:00,23.8,23.8,23.6,23.8,1387.42431305,32884.69865059
2026-06-18 09:15:00,23.6,23.6,23.6,23.6,65789.47368421,1552631.57894736
2026-06-18 09:45:00,23.6,23.6,23.6,23.6,9422.13767066,222362.44902758
2026-06-18 10:00:00,23.7,23.8,23.6,23.8,44419.77164746,1052740.56520955
2026-06-18 10:15:00,23.6,23.6,23.6,23.6,13841.80790961,326666.6666668
2026-06-18 10:30:00,23.6,23.6,23.6,23.6,386.0138896,9109.92779456
2026-06-18 10:45:00,23.6,23.6,23.6,23.6,11860.19433426,279900.58628854
2026-06-18 11:15:00,23.6,23.8,23.6,23.8,497.98525107,11802.04897547
2026-06-18 11:30:00,23.6,23.6,23.6,23.6,164724.61575532,3887500.93182555
2026-06-18 12:00:00,23.8,23.8,23.8,23.8,16806.72268907,399999.99999987
2026-06-18 12:30:00,23.8,23.8,23.6,23.6,833.33333332,19749.99999968
2026-06-18 12:45:00,23.6,23.6,23.6,23.6,62742.0316294,1480711.94645384
2026-06-18 13:00:00,23.6,23.8,23.6,23.8,497.6492846,11794.05297348
2026-06-18 13:30:00,23.8,23.8,23.8,23.8,1260.50420168,29999.99999998
2026-06-18 13:45:00,23.6,23.6,23.6,23.6,1005.9245,23739.8182
2026-06-18 14:00:00,23.6,23.8,23.5,23.7,150266.5149856,3546353.63617139
2026-06-18 14:15:00,23.5,23.5,23.5,23.5,13001.96436295,305546.16252933
2026-06-18 14:30:00,23.5,23.6,23.5,23.6,63388.43995501,1490253.22056972
2026-06-18 14:45:00,23.6,23.6,23.6,23.6,2779.46610169,65595.39999988
2026-06-18 15:00:00,23.5,23.6,23.5,23.6,754.44369041,17754.29564611
2026-06-18 15:15:00,23.6,23.6,23.6,23.6,24237.28813559,571999.99999992
2026-06-18 15:45:00,23.6,23.6,23.5,23.5,79134.61884996,1860163.54297406
2026-06-18 16:00:00,23.5,23.5,23.5,23.5,234.0,5499.0
2026-06-18 16:15:00,23.5,23.6,23.4,23.6,72930.47429584,1707229.0287183
2026-06-18 16:30:00,23.4,23.6,23.2,23.3,214107.5801712,4991831.00962598
2026-06-18 16:45:00,23.3,23.5,23.1,23.5,323962.65207061,7518616.30366294
2026-06-18 17:00:00,23.4,23.4,23.4,23.4,4558.0,106657.2
2026-06-18 17:15:00,23.5,23.5,23.4,23.4,3700.33891564,86613.76451754
2026-06-18 17:30:00,23.4,23.4,23.4,23.4,4000.0,93600.0
2026-06-18 17:45:00,23.3,23.4,23.0,23.1,641369.63969457,14793011.92836496
2026-06-18 18:00:00,23.2,23.2,23.2,23.2,6892.864772,159914.4627104
2026-06-18 18:15:00,23.3,23.3,23.3,23.3,214.63519313,5000.99999993
2026-06-18 19:30:00,23.3,23.3,23.0,23.0,122130.95358378,2812894.71179903
2026-06-18 19:45:00,22.9,23.0,22.9,23.0,21323.67149758,490355.55555545
2026-06-18 20:00:00,22.9,23.0,22.9,23.0,35268.85170807,808478.90443625
2026-06-18 20:15:00,23.0,23.0,23.0,23.0,11318.06521738,260315.49999974
2026-06-18 20:30:00,23.0,23.0,23.0,23.0,8852.34782608,203603.99999984
2026-06-18 20:45:00,22.9,22.9,22.9,22.9,2362.6282097,54104.18600213
2026-06-18 21:00:00,23.0,23.0,22.9,22.9,60534.28749433,1387287.50679921
2026-06-18 21:15:00,22.9,22.9,22.9,22.9,6897.07811585,157943.08885297
2026-06-18 21:30:00,22.9,22.9,22.8,22.8,170238.75831307,3884752.06004228
2026-06-18 21:45:00,22.7,22.8,21.4,22.2,2865482.49594803,63124214.88779896
2026-06-18 22:00:00,22.2,22.2,22.0,22.2,139774.40972227,3094506.76528813
2026-06-18 22:15:00,22.2,22.4,22.1,22.2,56123.85474865,1245351.1422274
2026-06-18 22:30:00,22.3,23.1,22.2,22.4,689221.56399979,15542182.24858416
2026-06-18 22:45:00,22.5,22.6,22.4,22.6,45463.48504871,1021469.30391876
2026-06-18 23:00:00,22.4,22.4,22.4,22.4,8620.68965517,193103.44827581
2026-06-18 23:15:00,22.6,22.6,22.4,22.4,830.7079646,18744.7698035
2026-06-18 23:30:00,22.4,22.4,22.3,22.3,9348.73949579,209369.74789897
2026-06-18 23:45:00,22.3,22.4,22.2,22.4,34901.39540079,777744.49830378
2026-06-19 00:00:00,22.3,22.6,22.3,22.6,75394.64640564,1690472.20590384
2026-06-19 00:15:00,22.4,22.4,22.4,22.4,55803.57142858,1250000.00000019
2026-06-19 00:30:00,22.3,22.5,22.3,22.5,51743.1079286,1153916.64014111
2026-06-19 00:45:00,22.3,22.3,22.3,22.3,78165.95874135,1743100.87993211
2026-06-19 01:00:00,22.2,22.2,22.2,22.2,5409.53653561,120091.71109054
2026-06-19 01:15:00,22.2,22.3,22.0,22.3,97989.19194942,2166021.02173752
2026-06-19 02:15:00,22.4,22.4,22.4,22.4,894.85906469,20044.84304906
2026-06-19 03:00:00,22.3,22.3,22.3,22.3,25672.64573992,572500.00000022
2026-06-19 03:15:00,22.3,22.3,22.2,22.2,796.48337266,17721.57921032
2026-06-19 04:00:00,22.3,22.3,22.3,22.3,417.3895,9307.78585
2026-06-19 05:00:00,22.3,22.3,22.3,22.3,97731.82735425,2179419.74999978
2026-06-19 05:30:00,22.2,22.3,22.2,22.3,352614.55031589,7828132.70311141
2026-06-19 05:45:00,22.2,22.5,22.2,22.2,27139.85274023,605323.87010599
2026-06-19 06:00:00,22.3,22.3,22.3,22.3,95573.70476664,2131293.61629607
2026-06-19 06:15:00,22.5,22.5,22.5,22.5,227.55555555,5119.99999988
2026-06-19 06:45:00,22.5,22.5,22.5,22.5,44400.02221111,999000.49974998
2026-06-19 08:15:00,22.5,22.5,22.5,22.5,68888.88888888,1549999.9999998
2026-06-19 08:45:00,22.5,22.5,22.3,22.3,74016.05038957,1658341.54571958
2026-06-19 09:00:00,22.3,22.6,22.3,22.3,320223.03908229,7141108.30068305
2026-06-19 09:15:00,22.4,22.4,22.3,22.3,4484.30493274,100022.4669401
2026-06-19 09:45:00,22.3,22.5,22.2,22.4,76190.36973332,1693002.31676201
2026-06-19 10:00:00,22.5,22.5,22.4,22.4,15842.10829,354889.89236267
2026-06-19 10:15:00,22.4,22.4,22.4,22.4,50000.0,1120000.0
2026-06-19 10:45:00,22.5,22.5,22.5,22.5,2222.22222222,49999.99999995
2026-06-19 11:00:00,22.5,22.5,22.5,22.5,2130.33333332,47932.4999997
2026-06-19 11:15:00,22.5,22.5,22.5,22.5,4370.89713904,98345.1856284
2026-06-19 11:30:00,22.5,22.5,22.4,22.4,147046.09878393,3295144.36549557
2026-06-19 11:45:00,22.5,22.5,22.5,22.5,2860.292,64356.57
2026-06-19 12:15:00,22.4,22.4,22.4,22.4,134924.6060481,3022311.17547744
2026-06-19 13:00:00,22.4,22.5,22.4,22.5,63814.62602032,1433829.1684963
2026-06-19 13:15:00,22.4,22.4,22.4,22.4,10000.0,224000.0
2026-06-19 13:30:00,22.4,22.4,22.2,22.2,104944.49594713,2329904.8274008
2026-06-19 13:45:00,22.2,22.3,22.1,22.3,167026.97958286,3705391.90275317
2026-06-19 14:15:00,22.2,22.2,22.0,22.0,45522.77417295,1006391.67801077
2026-06-19 14:30:00,22.0,22.0,22.0,22.0,80408.60214689,1768989.24723158
2026-06-19 14:45:00,21.9,21.9,21.9,21.9,5190.1203816,113663.63635704
2026-06-19 15:00:00,21.9,22.0,21.9,21.9,82075.96631384,1797488.9122731
2026-06-19 15:15:00,22.0,22.0,22.0,22.0,13636.36363635,299999.9999997
2026-06-19 15:30:00,21.9,22.3,21.8,21.9,15762.81633829,346966.92169535
2026-06-19 15:45:00,21.9,21.9,21.9,21.9,11080.4989662,242662.92735978
2026-06-19 16:00:00,21.9,22.0,21.5,21.9,528528.84617136,11459470.43371199
2026-06-19 16:15:00,21.6,21.8,21.5,21.8,52784.10095377,1136321.57882582
2026-06-19 16:45:00,21.8,21.8,20.3,20.9,1591923.02987307,33369035.56027885
2026-06-19 17:00:00,21.0,21.4,20.9,21.4,35969.78435998,761668.5402439
2026-06-19 17:15:00,21.4,21.4,21.4,21.4,268.25553639,5740.66847875
2026-06-19 17:30:00,21.4,21.4,21.3,21.4,24571.44523269,525782.99840957
2026-06-19 17:45:00,21.4,21.4,21.2,21.4,20543.908469,439549.55113905
2026-06-19 18:00:00,21.4,21.4,21.3,21.4,19961.38826728,425999.99999961
2026-06-19 18:15:00,21.4,21.5,21.4,21.5,21219.49032818,454109.96472456
2026-06-19 18:30:00,21.4,21.4,21.2,21.4,2522.49052063,53751.12030417
2026-06-19 18:45:00,21.4,21.4,21.3,21.4,1225.05683249,26169.41146661
2026-06-19 19:15:00,21.4,21.4,21.4,21.4,9345.79439252,199999.99999993
2026-06-19 19:30:00,21.4,21.4,21.3,21.3,1724.95503514,36778.19214783
2026-06-19 19:45:00,21.3,21.3,21.3,21.3,2347.41784037,49999.99999988
2026-06-19 20:15:00,21.2,21.4,21.2,21.4,175206.74877606,3717219.22756899
2026-06-19 20:45:00,21.4,21.4,21.4,21.4,1401.86915887,29999.99999982
2026-06-19 21:00:00,21.3,21.4,21.3,21.4,6087.67966354,129723.65159976
2026-06-19 21:15:00,21.3,21.4,21.3,21.4,30938.18815296,659039.4824244
2026-06-19 21:30:00,21.3,21.4,21.1,21.3,135048.1993088,2860464.59261926
2026-06-19 21:45:00,21.3,21.4,21.3,21.4,24848.9184327,529309.99999969
2026-06-19 22:00:00,21.1,21.4,21.1,21.4,31971.06333291,674813.73538982
2026-06-19 22:15:00,21.4,21.4,21.2,21.3,41440.10710178,880343.82808505
2026-06-19 22:30:00,21.1,21.3,21.0,21.1,232226.82779994,4889909.26728076
2026-06-19 22:45:00,21.1,21.2,21.1,21.2,387121.38937223,8194082.19800256
2026-06-19 23:15:00,21.3,21.3,21.3,21.3,3286.38497652,69999.99999988
2026-06-19 23:30:00,21.3,21.4,21.3,21.4,1624.72324876,34653.02591346
2026-06-19 23:45:00,21.4,21.4,21.2,21.3,147387.82681824,3132822.53521352
2026-06-20 00:00:00,21.2,21.3,21.2,21.3,14367.56551126,304852.08367439
2026-06-20 00:15:00,21.3,21.3,21.3,21.3,7589.37432691,161653.67316318
2026-06-20 00:30:00,21.3,21.3,21.3,21.3,610.32863849,12999.99999984
2026-06-20 00:45:00,21.3,21.3,21.2,21.2,63262.26836025,1346447.73180099
2026-06-20 01:15:00,21.4,21.4,21.4,21.4,14018.69158878,299999.99999989
2026-06-20 01:30:00,21.4,21.4,21.3,21.3,23607.71466486,503778.90180077
2026-06-20 01:45:00,21.3,21.4,21.3,21.4,498.61401075,10645.33983005
2026-06-20 02:00:00,21.3,21.3,21.3,21.3,171394.86365739,3650710.59590241
2026-06-20 02:30:00,21.3,21.3,21.3,21.3,27726.70250736,590578.76340677
2026-06-20 02:45:00,21.4,21.4,21.4,21.4,15500.0,331700.0
2026-06-20 03:00:00,21.4,22.2,21.4,21.4,133513.76143895,2870014.01745714
2026-06-20 03:15:00,21.9,21.9,21.4,21.5,9223.7442921,200186.4891892
2026-06-20 03:30:00,21.9,22.0,21.6,21.8,94427.93074137,2065972.93542105
2026-06-20 03:45:00,22.0,22.0,21.6,21.8,25897.93812195,566162.39953132
2026-06-20 04:00:00,21.6,21.8,21.6,21.6,1264.84212447,27411.35492922
2026-06-20 04:30:00,22.0,22.0,21.6,21.6,77733.93869829,1693258.30358035
2026-06-20 05:00:00,21.6,21.8,21.6,21.7,27022.49865961,585433.50810673
2026-06-20 05:15:00,22.0,22.0,21.7,21.7,921.1590909,20127.4999998
2026-06-20 05:45:00,21.7,22.0,21.7,22.0,496.33137976,10844.29035472
2026-06-20 06:00:00,21.9,21.9,21.8,21.8,5547.54937953,121390.73947814
2026-06-20 06:30:00,21.9,21.9,21.8,21.8,76347.75943416,1664837.54847285
2026-06-20 07:00:00,21.8,21.8,21.8,21.8,36411.39842585,793768.48568353
2026-06-20 07:15:00,21.9,21.9,21.9,21.9,770.51148123,16874.20143894
2026-06-20 07:30:00,21.9,22.0,21.8,22.0,30926.71801207,674774.84909837
2026-06-20 07:45:00,21.9,21.9,21.9,21.9,2336.4357,51167.94183
2026-06-20 08:00:00,21.9,21.9,21.9,21.9,15199.27112472,332864.03763137
2026-06-20 08:15:00,21.9,21.9,21.9,21.9,94956.43391551,2079545.90274967
2026-06-20 08:30:00,21.8,21.8,21.8,21.8,855500.0,18649900.0
2026-06-20 08:45:00,21.8,21.8,21.7,21.8,10261.80704717,223607.39362831
2026-06-20 09:00:00,21.8,21.8,21.8,21.8,120643.79491388,2630034.72912258
2026-06-20 09:15:00,21.8,21.8,21.6,21.6,214992.6146789,4686747.25688075
2026-06-20 09:45:00,21.6,21.6,21.6,21.6,98698.70182161,2131891.95934678
2026-06-20 10:00:00,21.6,21.6,21.6,21.6,2602.59635678,56216.08130645
2026-06-20 10:30:00,21.6,21.6,21.5,21.5,23584.90566037,509380.5270653
2026-06-20 11:00:00,21.5,21.5,21.5,21.5,8617.37677155,185273.60058833
2026-06-20 11:15:00,21.7,21.7,21.7,21.7,41419.38247465,898800.59969991
2026-06-20 11:45:00,21.6,21.7,21.6,21.6,19098.58478883,412576.32083965
2026-06-20 12:00:00,21.6,21.7,21.5,21.5,37513.10570897,806646.11564924
2026-06-20 12:15:00,21.6,21.6,21.6,21.6,23564.90740739,509001.99999962
2026-06-20 12:45:00,21.7,21.7,21.7,21.7,46059.91934908,999500.24987504
2026-06-20 13:15:00,21.7,21.8,21.7,21.8,33108.29493087,718938.92463618
2026-06-20 13:30:00,21.8,21.8,21.8,21.8,40982.3132,893414.42776
2026-06-20 14:15:00,21.8,21.8,21.8,21.8,504.58715596,10999.99999993
2026-06-20 14:30:00,21.6,21.8,21.6,21.8,767.71535506,16632.14068625
2026-06-20 15:30:00,21.8,21.8,21.7,21.7,563.60709762,12257.67127863
2026-06-20 15:45:00,21.7,21.8,21.7,21.8,498.63714931,10845.28985496
2026-06-20 16:00:00,21.8,21.8,21.8,21.8,1261.4678899,27499.99999982
2026-06-20 16:30:00,21.8,21.8,21.8,21.8,229.35779816,4999.99999989
2026-06-20 16:45:00,21.7,21.7,21.7,21.7,316.54991243,6869.13309973
2026-06-20 17:15:00,21.8,21.8,21.8,21.8,25809.38888353,562644.67766095
2026-06-20 17:45:00,21.7,21.8,21.7,21.8,8490.14761833,184373.81799666
2026-06-20 18:00:00,21.7,21.7,21.7,21.7,18828.45188284,408577.40585763
2026-06-20 18:15:00,21.6,21.8,21.6,21.8,880.78095376,19074.35761817
2026-06-20 19:15:00,21.7,21.7,21.7,21.7,17545.85071398,380744.96049337
2026-06-20 19:45:00,21.6,21.7,21.6,21.7,199292.82954748,4308226.67306428
2026-06-20 20:00:00,21.6,21.8,21.6,21.8,158017.83105435,3413218.59561508
2026-06-20 20:15:00,21.8,21.8,21.8,21.8,2241.90656965,48873.56321837
2026-06-20 20:30:00,21.8,21.9,21.8,21.9,57471.94874183,1252920.44604221
2026-06-20 20:45:00,21.9,21.9,21.9,21.9,68493.15068493,1499999.99999997
2026-06-20 21:00:00,21.8,21.8,21.8,21.8,51509.38205488,1122904.52879638
2026-06-20 21:30:00,21.8,21.8,21.8,21.8,22914.15818117,499528.64834951
2026-06-20 21:45:00,21.7,21.9,21.7,21.7,47496.82978434,1030730.69755629
2026-06-20 22:00:00,21.7,21.7,21.7,21.7,15545.85071398,337344.96049337
2026-06-20 22:15:00,21.7,21.7,21.7,21.7,6108.57450975,132556.06686158
2026-06-20 22:30:00,21.7,21.7,21.7,21.7,14725.30416723,319539.10042889
2026-06-20 23:00:00,21.6,21.6,21.6,21.6,1286.01764531,27777.9811387
2026-06-20 23:15:00,21.6,21.7,21.6,21.7,498.63144464,10795.30234869
2026-06-20 23:45:00,21.7,21.7,21.6,21.6,33229.61558436,717809.69662218
2026-06-21 01:00:00,21.9,21.9,21.9,21.9,280.04262708,6132.93353305
2026-06-21 02:00:00,21.8,21.8,21.8,21.8,37382.91548925,814947.55766565
2026-06-21 02:15:00,21.8,21.8,21.8,21.8,7479.68926896,163057.22606333
2026-06-21 04:00:00,21.9,21.9,21.9,21.9,881.36986301,19301.99999992
2026-06-21 04:45:00,21.9,21.9,21.9,21.9,246.3532,5395.13508
2026-06-21 05:00:00,21.8,22.0,21.8,22.0,497.4671755,10894.277861
2026-06-21 05:30:00,22.0,22.0,22.0,22.0,40870.48863636,899150.74999992
2026-06-21 05:45:00,22.0,22.0,22.0,22.0,315.7512153,6946.5267366
2026-06-21 06:15:00,22.0,22.0,21.9,21.9,82032.75745851,1801880.36334137
2026-06-21 06:30:00,21.9,21.9,21.9,21.9,31716.34653913,694587.98920695
2026-06-21 07:00:00,21.9,21.9,21.9,21.9,118575.20845343,2596797.06513012
2026-06-21 07:15:00,21.9,21.9,21.9,21.9,1365.3196347,29900.49999993
2026-06-21 07:30:00,21.9,21.9,21.9,21.9,228.65296803,5007.49999986
2026-06-21 07:45:00,21.9,22.0,21.9,22.0,26042.44905692,571628.13963936
2026-06-21 08:30:00,22.0,22.1,22.0,22.1,217533.96643749,4800323.28582987
2026-06-21 08:45:00,22.1,22.1,22.1,22.1,226.24434389,4999.99999997
2026-06-21 09:00:00,22.1,22.1,22.1,22.1,15700.6564591,346984.50774611
2026-06-21 09:15:00,22.1,22.1,22.1,22.1,45248.86877828,999999.99999999
2026-06-21 09:30:00,22.1,22.1,21.9,21.9,13612.60093585,300789.21004229
2026-06-21 09:45:00,21.9,21.9,21.7,21.7,229455.79363773,5002928.67299828
2026-06-21 10:00:00,21.7,22.0,21.7,22.0,42041.54105438,920743.33500588
2026-06-21 10:15:00,21.9,21.9,21.9,21.9,4566.21004566,99999.99999995
2026-06-21 10:30:00,22.0,22.0,22.0,22.0,5000.0,110000.0
2026-06-21 10:45:00,21.9,21.9,21.9,21.9,4998.4394036,109465.82293884
2026-06-21 11:00:00,21.9,22.0,21.9,22.0,1598.44388033,35140.76536726
2026-06-21 11:30:00,21.9,22.0,21.9,21.9,2809.27845072,61614.10716168
2026-06-21 11:45:00,21.9,22.0,21.9,22.0,6498.64840307,142945.26486754
2026-06-21 12:00:00,22.0,22.0,22.0,22.0,41847.64078534,920648.09727748
2026-06-21 12:15:00,22.0,22.0,22.0,22.0,17835.56894208,392382.51672576
2026-06-21 12:30:00,22.1,22.1,22.1,22.1,2271.60633484,50202.49999996
2026-06-21 13:45:00,22.0,22.1,22.0,22.0,51663.37966056,1136644.07427778
2026-06-21 14:00:00,22.0,22.1,22.0,22.0,39980.33715286,879592.27823565
2026-06-21 15:15:00,21.9,22.0,21.9,22.0,8430.64146632,185017.49125447
2026-06-21 15:45:00,22.0,22.0,22.0,22.0,283.63091181,6239.88005982
2026-06-21 16:15:00,22.0,22.0,22.0,22.0,16307.31818181,358760.99999982
2026-06-21 17:00:00,21.9,21.9,21.9,21.9,31829.38969644,697063.63435204
2026-06-21 17:15:00,21.9,21.9,21.9,21.9,701826.02331382,15369989.91057266
2026-06-21 17:30:00,21.9,21.9,21.9,21.9,5000.06463294,109501.41546139
2026-06-21 18:00:00,21.9,21.9,21.9,21.9,200000.0,4380000.0
2026-06-21 18:15:00,21.9,22.0,21.9,22.0,514.59897324,11295.37741128
2026-06-21 18:30:00,21.9,21.9,21.9,21.9,13072.52254371,286288.24370725
2026-06-21 19:00:00,21.9,21.9,21.9,21.9,91282.4611872,1999085.89999968
2026-06-21 19:30:00,21.9,21.9,21.7,21.7,16221.48723982,352626.96602647
2026-06-21 20:00:00,21.8,21.8,21.8,21.8,1382.48847927,30138.24884809
2026-06-21 22:00:00,21.9,21.9,21.8,21.8,16768.25525616,367125.6084199
2026-06-21 23:45:00,21.8,21.8,21.7,21.7,158333.69648339,3440472.70748521
2026-06-22 00:15:00,21.7,21.7,21.7,21.7,42462.8738911,921444.36343687
2026-06-22 01:00:00,21.7,21.7,21.7,21.7,10012.6493396,217274.49066932
2026-06-22 04:15:00,21.8,21.8,21.8,21.8,9843.48623853,214587.99999995
2026-06-22 05:30:00,21.9,21.9,21.9,21.9,5210.18029797,114102.94852554
2026-06-22 06:30:00,21.9,21.9,21.9,21.9,10000.0,219000.0
2026-06-22 06:45:00,21.9,22.3,21.9,21.9,414317.79211348,9177737.81146949
2026-06-22 07:00:00,21.9,21.9,21.9,21.9,6849.31506849,149999.99999993
2026-06-22 07:15:00,21.8,22.1,21.8,22.1,14890.78424588,325441.77522417
2026-06-22 07:45:00,21.8,21.8,21.8,21.8,35790.14726765,780225.21043477
2026-06-22 08:30:00,22.0,22.0,22.0,22.0,36486.15410936,802695.39040592
2026-06-22 08:45:00,21.9,21.9,21.9,21.9,190718.20254256,4176728.63568206
2026-06-22 09:00:00,21.8,21.8,21.8,21.8,89438.48024128,1949758.8692599
2026-06-22 09:15:00,21.8,21.8,21.8,21.8,3882.59100288,84640.48386278
2026-06-22 09:45:00,21.8,22.0,21.7,22.0,18078.75968359,392810.76126694
2026-06-22 10:15:00,22.0,22.0,21.8,21.8,781.17784382,17084.22244928
2026-06-22 10:30:00,22.0,22.0,22.0,22.0,454.54545454,9999.99999988
2026-06-22 10:45:00,21.8,21.8,21.3,21.6,430913.57039497,9285993.76338694
2026-06-22 11:00:00,21.6,21.9,21.6,21.9,23993.7669,518415.36504
2026-06-22 11:15:00,21.9,21.9,21.9,21.9,1064.51369862,23312.84999978
2026-06-22 11:30:00,21.9,21.9,21.9,21.9,131221.30506892,2873746.58100935
2026-06-22 11:45:00,21.8,21.8,21.7,21.7,56113.3905466,1217888.7712653
2026-06-22 12:00:00,21.7,21.7,21.4,21.4,414070.85615268,8925426.24276616
2026-06-22 12:15:00,21.5,21.5,21.4,21.4,344548.77553833,7396655.96234375
2026-06-22 12:30:00,21.4,21.4,21.4,21.4,12002.390565,256851.158091
2026-06-22 12:45:00,21.5,21.5,21.4,21.4,10975.54357441,235093.44253888
2026-06-22 13:00:00,21.5,21.5,21.5,21.5,1937.35690292,41653.17341278
2026-06-22 13:15:00,21.4,21.4,21.4,21.4,15809.27877527,338318.56579078
2026-06-22 13:30:00,21.4,21.6,21.4,21.6,641.58346752,13772.93017143
2026-06-22 13:45:00,21.4,21.5,21.4,21.5,43052.55004735,921500.71004329
2026-06-22 14:00:00,21.6,21.8,21.6,21.8,68346.06602071,1476330.07191889
2026-06-22 14:15:00,21.6,21.7,21.6,21.6,82623.26679294,1784708.64567681
2026-06-22 14:30:00,21.6,21.6,21.4,21.4,183116.0451463,3924393.60215924
2026-06-22 14:45:00,21.4,21.5,21.3,21.5,78001.7971947,1669036.60238412
2026-06-22 15:00:00,21.4,21.4,21.4,21.4,1401.86915888,30000.00000003
2026-06-22 15:15:00,21.4,21.4,21.4,21.4,47000.0,1005800.0
2026-06-22 15:30:00,21.4,21.5,21.4,21.4,73315.10180764,1569111.11821838
2026-06-22 15:45:00,21.4,21.4,21.4,21.4,53593.47824788,1146900.43450463
2026-06-22 16:00:00,21.4,21.5,21.3,21.5,275894.76560906,5904337.19930189
2026-06-22 16:15:00,21.5,21.5,21.5,21.5,755.71516566,16247.87606169
2026-06-22 16:30:00,21.5,21.5,21.4,21.4,46968.55905161,1005155.0706812
2026-06-22 16:45:00,21.5,21.5,21.4,21.5,2121.18059772,45445.93148112
2026-06-22 17:00:00,21.5,21.5,21.4,21.4,31559.28615969,678270.25496394
2026-06-22 17:15:00,21.4,21.4,21.4,21.4,4500.0,96300.0
2026-06-22 17:30:00,21.4,21.4,21.4,21.4,7469.5875983,159849.17460362
2026-06-22 17:45:00,21.4,21.5,21.4,21.5,21333.52531601,456673.50340707
2026-06-22 18:30:00,21.4,21.4,21.4,21.4,35097.60870725,751088.82633515
2026-06-22 18:45:00,21.4,21.4,21.4,21.4,26323.20653044,563316.61975142
2026-06-22 19:00:00,21.4,21.4,21.4,21.4,78969.61959134,1689949.85925468
2026-06-22 19:45:00,21.4,21.4,21.4,21.4,1478.41818362,31638.14912947
2026-06-22 20:00:00,21.5,21.7,21.5,21.7,201519.64535167,4333238.37930172
2026-06-22 20:15:00,21.7,22.0,21.5,21.9,371781.31270096,8144526.45167939
2026-06-22 20:30:00,22.0,22.2,21.7,21.7,267825.18050505,5900622.17057376
2026-06-22 20:45:00,21.7,21.9,21.6,21.7,39658.77203398,857655.01643836
2026-06-22 21:00:00,21.7,21.7,21.7,21.7,7000.0,151900.0
2026-06-22 21:15:00,21.9,21.9,21.7,21.9,86342.76082687,1874089.51515036
2026-06-22 21:30:00,21.8,21.8,21.8,21.8,7798.76900839,170013.1643829
2026-06-22 21:45:00,21.8,22.2,21.8,22.2,347678.28608165,7673120.63146019
2026-06-22 22:00:00,22.1,22.4,21.9,22.4,628604.56170052,13965068.87128571
2026-06-22 22:15:00,22.5,22.8,21.8,22.2,2859520.18910119,63972660.91452395
2026-06-22 22:30:00,22.2,22.2,21.9,22.2,160534.47423482,3529571.59549296
2026-06-22 22:45:00,22.0,22.1,21.9,22.1,22489.28356087,494909.15701347
2026-06-22 23:00:00,21.9,22.0,21.9,21.9,37720.7337485,826132.3145467
2026-06-22 23:15:00,21.9,22.1,21.9,22.1,212818.43706096,4665646.24252627
2026-06-22 23:30:00,22.1,22.1,22.1,22.1,271.49321266,5999.99999979
2026-06-22 23:45:00,22.1,22.1,21.8,21.8,35641.36483794,783249.45359026
2026-06-23 00:45:00,21.9,21.9,21.9,21.9,1847.7809463,40466.40272397
2026-06-23 01:45:00,21.9,21.9,21.9,21.9,228.31050229,5000.00000015
2026-06-23 02:15:00,21.9,22.1,21.9,22.1,497.47807091,10944.26536711
2026-06-23 02:30:00,21.9,21.9,21.9,21.9,17456.58235417,382299.15355632
2026-06-23 02:45:00,21.9,21.9,21.8,21.8,164283.79402806,3583409.21817079
2026-06-23 03:00:00,21.8,21.9,21.8,21.9,45912.10045662,1005449.99999998
2026-06-23 04:30:00,21.9,21.9,21.9,21.9,25428.53887578,556885.00137958
2026-06-23 04:45:00,21.9,21.9,21.9,21.9,19921.28380254,436276.11527563
2026-06-23 05:45:00,21.9,21.9,21.9,21.9,2299.40823166,50357.04027335
2026-06-23 06:15:00,21.9,21.9,21.9,21.9,5728.77944589,125460.26986499
2026-06-23 06:45:00,21.9,21.9,21.9,21.9,16548.7475991,362417.57242029
2026-06-23 07:00:00,21.9,21.9,21.8,21.8,74161.74580194,1618272.83403878
2026-06-23 07:15:00,22.0,22.0,21.9,22.0,15086.80748759,331794.45107698
2026-06-23 07:30:00,22.0,22.0,22.0,22.0,136521.87542592,3003481.25937024
2026-06-23 07:45:00,21.9,21.9,21.9,21.9,383732.03106849,8403731.48039993
2026-06-23 08:00:00,21.9,21.9,21.9,21.9,1369.8630137,30000.00000003
2026-06-23 08:15:00,21.9,22.0,21.9,22.0,498.60297124,10944.26536728
2026-06-23 08:30:00,22.0,22.0,22.0,22.0,60163.1911317,1323590.2048974
2026-06-23 08:45:00,22.0,22.0,21.9,21.9,21746.73308427,476708.00000006
2026-06-23 09:00:00,22.0,23.2,22.0,22.7,10808346.5803707,245053786.2012124
2026-06-23 09:15:00,22.7,23.7,22.3,22.4,8243493.37676229,188844704.32006627
2026-06-23 09:30:00,22.4,22.6,22.1,22.4,2675992.776092,59613772.39511944
2026-06-23 09:45:00,22.4,22.5,22.1,22.1,1346709.80753037,29850141.37498667
2026-06-23 10:00:00,22.0,22.4,22.0,22.1,731584.54367694,16151187.52733186
2026-06-23 10:15:00,22.2,22.2,22.1,22.1,127524.11863526,2826375.39695526
2026-06-23 10:30:00,22.1,22.3,22.0,22.2,503882.354746,11167095.0319513
2026-06-23 10:45:00,22.1,22.2,22.0,22.1,157874.69331137,3488805.06284512
2026-06-23 11:00:00,22.3,22.4,22.1,22.4,316086.10837768,7026703.25490177
2026-06-23 11:15:00,22.3,22.6,22.2,22.5,606378.15488419,13593417.15893817
2026-06-23 11:30:00,22.4,22.4,22.4,22.4,18506.46205356,414544.74999974
2026-06-23 11:45:00,22.3,22.4,22.2,22.4,106796.800483,2377023.1252452
2026-06-23 12:00:00,22.2,22.3,21.9,22.2,814004.92934748,17955003.26709246
2026-06-23 12:15:00,22.2,22.2,22.0,22.0,132072.77690669,2913594.93319051
2026-06-23 12:30:00,22.0,22.0,21.9,21.9,474509.69597937,10404853.55943667
2026-06-23 12:45:00,22.0,22.0,22.0,22.0,84139.70287583,1851073.46326826
2026-06-23 13:00:00,22.0,22.0,21.8,21.9,281126.70531401,6158323.25295433
2026-06-23 13:15:00,21.9,21.9,21.7,21.7,304521.72375186,6634851.98464068
2026-06-23 13:30:00,21.7,21.7,21.7,21.7,83042.64297789,1802025.35262021
2026-06-23 13:45:00,21.8,21.8,21.8,21.8,4862.38532109,105999.99999976
2026-06-23 14:00:00,21.8,21.8,21.6,21.6,519426.27055528,11247629.45471193
2026-06-23 14:15:00,21.6,21.8,21.6,21.8,11675.9778532,252292.86474839
2026-06-23 14:30:00,21.8,22.3,21.8,22.1,2074381.93265148,45874890.60315702
2026-06-23 14:45:00,22.1,22.8,21.8,22.6,1418150.32671609,31855687.22018686
2026-06-23 15:00:00,22.6,24.6,21.7,22.3,37991489.3810095,891672616.7801956
2026-06-23 15:15:00,22.3,22.3,21.2,21.9,7772394.5719466,169264285.4096037
2026-06-23 15:30:00,21.9,22.4,21.5,21.5,1139190.13323225,24817607.68955005
2026-06-23 15:45:00,21.7,22.7,21.7,21.8,1452948.65569237,31972448.02466783
2026-06-23 16:00:00,21.9,22.0,21.8,21.9,327187.68221809,7135163.95873585
2026-06-23 16:15:00,21.7,22.0,21.6,21.8,958348.84675072,20799309.63055407
2026-06-23 16:30:00,21.9,22.3,21.9,22.1,228515.41849972,5034592.99329068
2026-06-23 16:45:00,22.1,22.3,22.0,22.0,578684.92293244,12774391.08800305
2026-06-23 17:00:00,22.0,22.2,22.0,22.1,65172.56298794,1435076.92339568
2026-06-23 17:15:00,22.1,22.1,21.7,21.7,676813.73124959,14809018.85517261
2026-06-23 17:30:00,21.7,22.6,21.7,22.0,1037880.93534736,22787700.98315259
2026-06-23 17:45:00,21.8,22.0,21.8,21.8,5481.76767911,119612.03792606
2026-06-23 18:00:00,22.0,22.3,22.0,22.3,75028.38573779,1654519.55558739
2026-06-23 18:15:00,22.1,22.3,21.7,21.7,206300.84736833,4500880.91030488
2026-06-23 18:30:00,22.0,22.0,21.7,21.7,405965.15542561,8846813.2533779
2026-06-23 18:45:00,21.9,22.3,21.7,22.2,1450651.6000188,31913335.08928641
2026-06-23 19:00:00,22.2,23.0,22.2,22.5,2244093.38689613,50592899.2717587
2026-06-23 19:15:00,22.8,22.8,22.1,22.8,1421587.4569925,32103360.16665836
2026-06-23 19:30:00,22.8,22.8,22.4,22.5,72336.78160919,1625284.17124759
2026-06-23 19:45:00,22.5,22.5,22.0,22.1,468695.23969209,10325740.41573207
2026-06-23 20:00:00,22.1,22.6,21.7,22.0,818214.17418457,17991369.70915693
2026-06-23 20:15:00,22.2,22.3,21.9,21.9,241890.78125084,5356585.40660968
2026-06-23 20:30:00,21.8,22.1,21.6,22.0,959191.64293911,20839065.93249622
2026-06-23 20:45:00,21.7,22.2,21.5,22.0,1009634.52885396,21849899.22818634
2026-06-23 21:00:00,22.1,22.2,21.7,22.2,207586.90848942,4545619.00265266
2026-06-23 21:15:00,22.1,22.1,21.7,22.0,156938.1374853,3445316.83373541
2026-06-23 21:30:00,22.0,22.0,21.7,21.7,100525.93637243,2197607.26661625
2026-06-23 21:45:00,21.6,22.0,21.5,22.0,303880.80474002,6571260.67709422
2026-06-23 22:00:00,22.0,22.2,21.7,21.8,582899.95561934,12740906.09328115
2026-06-23 22:15:00,21.7,21.7,21.6,21.7,40807.16295305,882546.55199141
2026-06-23 22:30:00,21.6,21.8,21.5,21.8,182450.21896383,3924594.56017437
2026-06-23 22:45:00,21.8,21.9,21.8,21.9,103745.30414977,2261829.85786281
2026-06-23 23:00:00,21.9,21.9,21.8,21.8,23248.4582106,506843.78625135
2026-06-23 23:15:00,21.9,21.9,21.6,21.8,17306.14031317,374590.99059095
2026-06-23 23:30:00,21.8,21.8,21.8,21.8,837.99018267,18268.18598221
2026-06-23 23:45:00,21.8,21.9,21.6,21.9,32453.82220596,709419.06815559
2026-06-24 00:00:00,21.7,21.9,21.6,21.9,103277.62899056,2241276.51281289
2026-06-24 00:15:00,21.9,22.5,21.6,22.2,2642891.37835034,58730402.77884063
2026-06-24 00:30:00,22.0,22.2,21.5,21.8,1007611.24540062,21862817.53961506
2026-06-24 00:45:00,21.7,21.8,21.4,21.4,931911.16406533,20028930.24775199
2026-06-24 01:00:00,21.4,21.6,21.3,21.6,680008.64030217,14543425.40376058
2026-06-24 01:15:00,21.6,21.6,21.6,21.6,699.07407407,15099.99999991
2026-06-24 01:30:00,21.5,21.5,21.4,21.4,10405.24782653,223625.90347588
2026-06-24 01:45:00,21.4,21.6,21.4,21.6,116180.29295537,2509444.32783599
2026-06-24 02:00:00,21.6,21.6,21.6,21.6,46296.29629629,999999.99999986
2026-06-24 02:30:00,21.5,21.6,21.5,21.6,46794.92198344,1006115.68521268
2026-06-24 02:45:00,21.6,21.6,21.6,21.6,1064.81481481,22999.9999999
2026-06-24 03:15:00,21.5,21.6,21.5,21.6,132347.76939164,2845726.94474662
2026-06-24 03:45:00,21.6,21.6,21.6,21.6,19682.36111111,425138.99999998
2026-06-24 04:00:00,21.6,21.6,21.5,21.5,90286.03188541,1942638.5744252
2026-06-24 04:15:00,21.5,21.5,21.4,21.5,469757.92316006,10089992.25824646
2026-06-24 05:15:00,21.6,21.6,21.6,21.6,34370.76324071,742408.48599934
2026-06-24 05:30:00,21.6,22.1,21.5,21.7,229027.06858618,4957862.05237962
2026-06-24 05:45:00,21.6,21.7,21.6,21.7,1181.91670933,25575.69721782
2026-06-24 06:15:00,21.6,21.6,21.5,21.5,6281.43149585,135078.42693036
2026-06-24 06:30:00,21.6,21.7,21.6,21.7,27543.9699505,597685.50139914
2026-06-24 06:45:00,21.7,21.7,21.7,21.7,55131.37850752,1196350.91361318
2026-06-24 07:15:00,21.7,21.7,21.7,21.7,8985.45114093,194984.28975818
2026-06-24 07:30:00,21.7,21.7,21.7,21.7,50691.24423963,1099999.99999997
2026-06-24 07:45:00,21.6,21.6,21.6,21.6,2568.37396031,55476.8775427
2026-06-24 08:00:00,21.8,21.8,21.7,21.7,97224.7464021,2113522.49692557
2026-06-24 08:15:00,21.7,21.7,21.7,21.7,230414.74654377,4999999.99999981
2026-06-24 08:30:00,21.6,21.6,21.6,21.6,6734.52069762,145465.64706859
2026-06-24 08:45:00,21.7,22.0,21.7,22.0,526402.61963086,11527872.84402655
2026-06-24 09:00:00,22.0,22.1,21.7,21.9,54383.74791966,1190891.64357128
2026-06-24 09:15:00,21.8,22.0,21.7,22.0,89114.98525799,1941843.6633754
2026-06-24 09:30:00,22.1,22.2,22.1,22.1,413076.91793789,9129782.51052366
2026-06-24 09:45:00,22.1,22.2,21.9,21.9,292541.3721097,6465119.06595196
2026-06-24 10:00:00,22.1,22.2,22.0,22.2,271343.20869968,5994908.698366
2026-06-24 10:15:00,22.2,22.3,21.9,22.3,679805.98395771,15099366.45763398
2026-06-24 10:30:00,22.4,22.8,22.2,22.5,1441835.49945178,32392417.56359373
2026-06-24 10:45:00,22.4,22.7,22.3,22.5,411028.49036821,9250592.57409901
2026-06-24 11:00:00,22.3,22.5,22.2,22.4,216188.95620298,4837508.56727748
2026-06-24 11:15:00,22.3,22.3,22.3,22.3,269.05829596,5999.99999991
2026-06-24 11:30:00,22.3,22.5,22.3,22.3,102045.40257732,2277127.27563071
2026-06-24 11:45:00,22.3,22.4,22.2,22.2,79181.38511134,1757982.19385854
2026-06-24 12:00:00,22.2,22.3,22.1,22.3,117004.00933714,2595858.65273732
2026-06-24 12:15:00,22.4,22.7,22.4,22.4,277579.42922818,6248268.93217449
2026-06-24 12:45:00,22.4,22.6,22.3,22.3,406051.0131301,9114658.40148963
2026-06-24 13:00:00,22.3,22.6,22.3,22.5,243614.95653684,5479091.65157199
2026-06-24 13:15:00,22.5,22.6,22.3,22.6,318694.56818102,7123951.38222408
2026-06-24 13:30:00,22.6,22.7,22.6,22.7,196866.61156308,4457517.40736701
2026-06-24 13:45:00,22.7,22.7,22.6,22.6,9752.14529103,220980.50974481
2026-06-24 14:00:00,22.6,22.8,22.5,22.7,308463.41871127,6999706.71542472
2026-06-24 14:15:00,22.8,22.8,22.6,22.7,862749.91056896,19565203.32495736
2026-06-24 14:30:00,22.7,22.8,22.7,22.8,475194.15956461,10821198.44984839
2026-06-24 14:45:00,22.6,22.8,22.6,22.6,138162.7333308,3128169.97503046
2026-06-24 15:00:00,22.6,22.6,22.3,22.4,439078.07453741,9853270.39706835
2026-06-24 15:15:00,22.5,22.5,22.4,22.4,385982.26544105,8652789.59689845
2026-06-24 15:30:00,22.4,22.7,22.4,22.7,181069.43381865,4070287.46240471
2026-06-24 15:45:00,22.7,22.7,22.5,22.5,106726.37014173,2410272.35902593
2026-06-24 16:00:00,22.5,22.6,22.4,22.6,169770.42898846,3818085.3747117
2026-06-24 16:15:00,22.6,22.7,22.4,22.6,416509.67089769,9364205.38381032
2026-06-24 16:30:00,22.4,22.6,22.3,22.6,526410.69395875,11757406.80069114
2026-06-24 16:45:00,22.5,22.6,22.4,22.4,76786.3051881,1722475.48031509
2026-06-24 17:00:00,22.6,22.6,22.3,22.3,94763.3121117,2118378.75375697
2026-06-24 17:15:00,22.6,22.6,22.6,22.6,448.43049327,10134.5291479
2026-06-24 17:30:00,22.6,22.6,22.3,22.6,191212.77230483,4264258.99756339
2026-06-24 17:45:00,22.6,22.6,22.6,22.6,265.48672566,5999.99999992
2026-06-24 18:00:00,22.5,22.6,22.5,22.6,8732.7948366,197188.99999997
2026-06-24 18:15:00,22.6,22.6,22.6,22.6,221.23893805,4999.99999993
2026-06-24 18:30:00,22.6,22.6,22.4,22.6,9794.22444787,221302.52416506
2026-06-24 18:45:00,22.6,22.6,22.6,22.6,54333.93922507,1227947.02648658
2026-06-24 19:00:00,22.6,22.6,22.5,22.5,77360.11993175,1741710.16945749
2026-06-24 19:15:00,22.5,22.6,22.5,22.5,84189.10425738,1894299.29023549
2026-06-24 19:30:00,22.5,22.5,22.3,22.3,136015.25592837,3043587.36040107
2026-06-24 19:45:00,22.5,22.5,22.3,22.3,390777.94792503,8727365.63494682
2026-06-24 20:00:00,22.3,22.5,22.3,22.5,161086.9469196,3592328.60240573
2026-06-24 20:15:00,22.3,22.3,22.3,22.3,78756.77039905,1756275.97989882
2026-06-24 20:30:00,22.4,22.4,22.4,22.4,448.43049327,10044.84304925
2026-06-24 21:00:00,22.4,22.5,22.4,22.5,130525.27823646,2923810.87535385
2026-06-24 21:15:00,22.5,22.5,22.5,22.5,236223.9324782,5315038.4807595
2026-06-24 21:30:00,22.3,22.5,22.3,22.3,186178.55599731,4151870.6876289
2026-06-24 21:45:00,22.4,22.4,22.3,22.3,16543.79324794,368948.91085763
2026-06-24 22:00:00,22.3,22.7,22.3,22.7,440885.43412176,9960017.96935543
2026-06-24 22:15:00,22.5,22.7,22.2,22.5,1128300.39779332,25173390.23412278
2026-06-24 22:30:00,22.3,22.5,22.3,22.3,113322.44777959,2527140.08962168
2026-06-24 22:45:00,22.5,22.5,22.5,22.5,12249.29757343,275609.19540218
2026-06-24 23:00:00,22.5,22.5,22.5,22.5,3155.02222222,70987.99999995
2026-06-24 23:15:00,22.4,22.4,22.4,22.4,154954.19700863,3470974.01299331
2026-06-24 23:30:00,22.3,22.3,22.1,22.1,489643.31209052,10884341.93947834
2026-06-24 23:45:00,22.0,22.0,21.9,21.9,107356.62916152,2356695.86015079
2026-06-25 00:00:00,21.8,21.8,21.5,21.6,750679.50609343,16174289.11369453
2026-06-25 00:15:00,21.7,21.7,21.7,21.7,28893.47024644,626988.30434775
2026-06-25 00:30:00,21.7,21.7,21.6,21.6,66595.89621038,1441758.50310221
2026-06-25 00:45:00,21.6,21.6,21.3,21.4,154548.58786292,3316247.36299421
2026-06-25 01:15:00,21.7,22.1,21.7,21.7,120056.98250448,2609247.41155396
2026-06-25 01:45:00,21.8,21.8,21.8,21.8,2587.87361885,56415.64489093
2026-06-25 02:15:00,21.6,21.6,21.6,21.6,421866.40531425,9112314.3547878
2026-06-25 02:30:00,21.8,21.8,21.8,21.8,19785.04168488,431313.90873038
2026-06-25 02:45:00,21.6,21.6,21.6,21.6,84217.68048575,1819101.8984922
2026-06-25 03:00:00,21.6,21.6,21.6,21.6,826.43863253,17851.07446265
2026-06-25 03:15:00,21.6,21.6,21.6,21.6,1388.88888888,29999.99999981
2026-06-25 04:00:00,21.6,21.6,21.6,21.6,4907.40740739,105999.99999962
2026-06-25 04:45:00,21.5,21.6,19.4,20.3,2324477.88023716,47464023.63593933
2026-06-25 05:00:00,20.2,20.6,20.1,20.6,184215.09232105,3758562.08470521
2026-06-25 05:15:00,20.6,20.8,20.4,20.4,220414.13341844,4533560.10420356
2026-06-25 05:30:00,20.3,21.0,20.3,21.0,96828.24469971,1998972.25564228
2026-06-25 05:45:00,20.8,20.9,20.8,20.8,20147.13764111,419547.4814492
2026-06-25 06:00:00,20.9,21.3,20.9,21.3,117575.60996532,2468383.19397075
2026-06-25 06:15:00,21.0,21.2,20.9,21.0,108823.20363097,2285294.15656435
2026-06-25 06:30:00,21.0,21.2,21.0,21.2,27898.31148925,585912.87821689
2026-06-25 06:45:00,21.0,21.1,20.9,21.0,505478.27941562,10566857.76538124
2026-06-25 07:00:00,21.0,21.1,21.0,21.1,28398.46784444,596415.21809817
2026-06-25 07:15:00,21.0,21.0,21.0,21.0,135620.70982446,2848034.90631366
2026-06-25 07:30:00,21.0,21.1,21.0,21.1,12162.7363468,255442.4225013
2026-06-25 07:45:00,21.1,21.2,21.0,21.0,169920.08028062,3569767.14332863
2026-06-25 08:00:00,21.1,21.1,21.0,21.0,13913.05409242,292654.13594082
2026-06-25 08:15:00,21.0,21.0,21.0,21.0,750.0,15750.0
2026-06-25 08:30:00,21.0,21.0,21.0,21.0,23711.22546834,497935.73483514
2026-06-25 08:45:00,21.0,21.2,21.0,21.1,196303.88622187,4146058.73066574
2026-06-25 09:00:00,21.1,21.6,21.1,21.4,547554.33798892,11704120.01599649
2026-06-25 09:15:00,21.2,21.4,21.1,21.4,172244.09379653,3635381.46960116
2026-06-25 09:30:00,21.2,21.2,21.1,21.1,224083.19975787,4732255.84979672
2026-06-25 09:45:00,21.0,21.0,20.8,20.8,276640.99981985,5798084.27045561
2026-06-25 10:00:00,20.8,21.0,20.7,20.7,44795.66341168,927541.19337463
2026-06-25 10:15:00,20.6,20.9,20.3,20.9,324592.35408452,6659171.57353141
2026-06-25 10:30:00,20.8,20.8,20.7,20.7,3317.41556031,68976.85786765
2026-06-25 10:45:00,20.8,20.8,20.3,20.4,480099.71923675,9816945.19529875
2026-06-25 11:00:00,20.7,20.7,20.5,20.5,112280.68835071,2320990.28396879
2026-06-25 11:15:00,20.4,20.5,20.4,20.5,49177.66206945,1006250.62187778
2026-06-25 11:30:00,20.5,20.5,20.5,20.5,8732.7948366,179022.2941503
2026-06-25 11:45:00,20.4,20.4,20.4,20.4,104407.27490282,2129908.40801753
2026-06-25 12:00:00,20.6,20.7,20.5,20.7,58942.11056404,1219715.63980985
2026-06-25 12:15:00,20.4,20.7,20.3,20.5,270933.04889915,5550674.49016103
2026-06-25 12:30:00,20.7,20.7,20.5,20.5,11024.94019979,226281.08085898
2026-06-25 12:45:00,20.5,20.5,20.5,20.5,119541.88229156,2450608.58697698
2026-06-25 13:00:00,20.5,20.5,20.3,20.3,203835.56740034,4146792.91768079
2026-06-25 13:15:00,20.2,20.2,19.9,20.2,607774.70429748,12126980.64902013
2026-06-25 13:30:00,20.5,20.5,20.1,20.1,325527.68488751,6579732.59596685
2026-06-25 13:45:00,20.1,20.2,19.9,20.2,281263.32560618,5635643.93879619
2026-06-25 14:00:00,20.2,20.2,20.2,20.2,413558.43309073,8353880.34843275
2026-06-25 14:15:00,20.2,20.2,20.2,20.2,62066.13108021,1253735.84782024
2026-06-25 14:30:00,20.3,20.4,20.3,20.3,454559.23782455,9237422.40172495
2026-06-25 14:45:00,20.3,20.3,20.3,20.3,214187.12841829,4347998.70689129
2026-06-25 15:00:00,20.3,20.4,20.3,20.4,22398.68246982,454729.19502433
2026-06-25 15:15:00,20.3,20.3,20.3,20.3,44058.25191264,894382.51382659
2026-06-25 15:30:00,20.3,20.4,20.2,20.4,23131.87618211,469709.17212073
2026-06-25 16:00:00,20.3,20.3,20.3,20.3,490.19607843,9950.98039213
2026-06-25 16:15:00,20.3,20.3,20.3,20.3,202777.3600014,4116380.40802842
2026-06-25 16:30:00,20.4,20.4,20.4,20.4,5679.74031083,115866.70234093
2026-06-25 16:45:00,20.4,20.5,20.4,20.4,48565.4711093,994771.93363065
2026-06-25 17:00:00,20.4,20.4,20.0,20.2,917782.57241041,18483434.76634192
2026-06-25 17:15:00,20.3,20.5,20.3,20.5,339285.97189928,6927780.56534452
2026-06-25 17:30:00,20.7,20.8,20.7,20.8,306895.60394897,6363094.14722324
2026-06-25 17:45:00,20.9,21.1,20.6,20.8,1055177.86670296,22124971.49554815
2026-06-25 18:45:00,20.8,20.8,20.8,20.8,72079.34494291,1499250.37481253
2026-06-25 19:00:00,20.5,20.7,20.5,20.7,27160.19512194,559783.99999977
2026-06-25 19:15:00,20.7,20.7,20.6,20.6,266779.13947441,5513745.17741155
2026-06-25 19:30:00,20.6,20.6,20.6,20.6,27232.03505618,560979.92215731
2026-06-25 19:45:00,20.5,20.6,20.5,20.5,6575.349028,134914.655074
2026-06-25 20:45:00,20.5,20.5,20.5,20.5,4482.38297872,91888.85106376
2026-06-25 21:15:00,20.6,20.6,20.6,20.6,55219.82095914,1137528.31175828
2026-06-25 21:30:00,20.6,20.6,20.6,20.6,50802.42466655,1046529.94813093
2026-06-25 21:45:00,20.5,20.5,20.5,20.5,214242.92364903,4391979.93480512
2026-06-25 22:00:00,20.5,20.5,20.5,20.5,48072.80209015,985492.44284808
2026-06-25 22:15:00,20.5,20.6,20.5,20.6,9758.71035744,200346.24525435
2026-06-25 22:30:00,20.6,20.7,20.5,20.6,319684.23221941,6587630.28306749
2026-06-25 22:45:00,20.7,20.8,20.3,20.6,838886.44646602,17194087.87245608
2026-06-25 23:00:00,20.6,20.6,20.3,20.4,852023.06692861,17504538.14010662
2026-06-25 23:15:00,20.3,20.3,20.0,20.1,81024.09587942,1634217.79082974
2026-06-25 23:30:00,20.1,20.2,20.1,20.1,87418.71910501,1758145.956981
2026-06-25 23:45:00,20.1,20.6,20.1,20.6,65809.2504135,1332546.84475994
2026-06-26 00:00:00,20.6,21.3,20.0,20.0,825082.1711464,16884523.41022151
2026-06-26 00:15:00,20.0,20.1,19.1,19.9,1123105.78823476,22025112.24899753
2026-06-26 00:30:00,19.9,19.9,19.6,19.9,30390.76245495,603220.76982168
2026-06-26 00:45:00,19.9,20.1,19.8,20.0,53741.44592533,1066621.65523011
2026-06-26 01:00:00,19.9,19.9,19.9,19.9,15450.1701,307458.38499
2026-06-26 01:15:00,20.0,20.1,19.9,19.9,2670.0,53374.37373737
2026-06-26 01:30:00,19.9,19.9,19.9,19.9,66448.56260606,1322326.39586059
2026-06-26 02:15:00,19.9,19.9,19.5,19.5,353617.64870477,6993369.98376245
2026-06-26 02:30:00,19.8,20.0,19.8,20.0,34862.47443762,690426.99386488
2026-06-26 02:45:00,19.9,19.9,19.9,19.9,5086.46998982,101220.75279742
2026-06-26 03:00:00,19.9,19.9,19.9,19.9,65849.69231018,1310408.87697258
2026-06-26 04:30:00,19.9,19.9,19.9,19.9,58124.82412058,1156683.99999954
2026-06-26 05:15:00,20.0,20.0,20.0,20.0,20000.0,400000.0
2026-06-26 05:30:00,20.0,20.0,20.0,20.0,10000.0,200000.0
2026-06-26 06:00:00,20.0,20.0,20.0,20.0,1759.3544,35187.088
2026-06-26 06:30:00,19.8,20.0,19.8,19.8,29824.90537564,590615.30425424
2026-06-26 06:45:00,19.8,19.8,19.7,19.7,56000.54199131,1106115.62083237
2026-06-26 07:00:00,19.7,20.0,19.7,20.0,22658.35901754,452363.76644423
2026-06-26 07:15:00,19.9,20.0,19.9,20.0,51467.34140629,1028244.56461849
2026-06-26 07:30:00,20.0,20.0,20.0,20.0,1500.0,30000.0
2026-06-26 07:45:00,20.1,20.1,20.1,20.1,1326.74219282,26667.51807568
2026-06-26 08:15:00,20.1,20.1,20.1,20.1,298.50746268,5999.99999987
2026-06-26 08:30:00,19.9,19.9,19.9,19.9,4933.62199678,98179.07773592
2026-06-26 08:45:00,20.1,20.1,19.9,19.9,3171.61028161,63214.5470916
2026-06-26 09:00:00,19.9,20.8,19.9,20.3,1857430.19593824,38027852.98290731
2026-06-26 09:15:00,20.3,20.3,20.2,20.3,6039.69808384,122578.96178304
2026-06-26 09:30:00,20.2,20.2,20.0,20.1,318797.38814601,6406237.71189909
2026-06-26 09:45:00,20.1,20.1,20.1,20.1,73454.67813355,1476439.03048436
2026-06-26 10:00:00,20.1,20.2,20.1,20.2,23015.11806619,464089.02164527
2026-06-26 10:15:00,20.3,20.9,20.2,20.8,1113615.20316053,23061679.16637745
2026-06-26 10:30:00,20.8,21.3,20.2,20.8,4998034.59950682,104508528.92480007
2026-06-26 10:45:00,20.9,21.0,20.1,20.6,2180585.72003682,44782748.93446223
2026-06-26 11:00:00,20.4,20.4,20.1,20.2,695006.49835484,14074827.42661849
2026-06-26 11:15:00,20.1,20.2,20.0,20.1,1271898.82547485,25518640.22480614
2026-06-26 11:30:00,20.1,20.3,20.1,20.3,241864.86249657,4896382.23705791
2026-06-26 11:45:00,20.3,20.6,20.2,20.2,883183.53619385,18030624.22032435
2026-06-26 12:00:00,20.2,20.2,20.2,20.2,2770.38702928,55961.81799146
2026-06-26 12:15:00,20.3,20.4,20.2,20.2,412196.34689764,8356382.14793076
2026-06-26 12:30:00,20.2,20.4,20.1,20.3,306149.32963351,6202802.30758525
2026-06-26 12:45:00,20.3,20.3,20.3,20.3,77644.99024981,1576193.30207114
2026-06-26 13:00:00,20.4,20.4,20.4,20.4,17102.625158,348893.5532232
2026-06-26 13:15:00,20.2,20.2,20.2,20.2,109907.84978856,2220138.56572891
2026-06-26 13:30:00,20.1,20.1,19.9,19.9,198442.1613725,3964516.27802548
2026-06-26 14:00:00,20.0,20.3,20.0,20.3,529784.31158571,10639552.88247586
2026-06-26 14:15:00,20.0,20.5,20.0,20.5,267473.79793854,5430756.08883238
2026-06-26 14:30:00,20.3,20.5,20.3,20.5,198447.05259643,4047766.39576029
2026-06-26 14:45:00,20.5,20.7,20.4,20.5,592924.262327,12138553.68746865
2026-06-26 15:00:00,20.4,21.0,20.4,21.0,1233726.61588271,25565202.02948263
2026-06-26 15:15:00,21.0,21.1,20.9,21.0,1502630.54827084,31558007.44541293
2026-06-26 15:30:00,20.9,21.0,20.7,20.9,609926.76079299,12685732.97327082
2026-06-26 15:45:00,20.9,21.1,20.9,21.1,238623.48495138,5008851.66131674
2026-06-26 16:00:00,21.1,21.4,21.1,21.4,1884128.82873895,39962465.8418521
2026-06-26 16:15:00,21.4,21.9,21.1,21.2,7153888.68803452,153491889.8632604
2026-06-26 16:30:00,21.2,21.2,20.8,21.0,1237685.87273069,25957925.40749548
2026-06-26 16:45:00,21.0,21.7,20.8,21.7,2192250.09549212,46844100.84597398
2026-06-26 17:00:00,21.6,21.6,20.7,20.8,1273027.41324241,26736359.12311673
2026-06-26 17:15:00,20.8,20.8,20.3,20.3,1122438.3108826,22963700.66225085
2026-06-26 17:30:00,20.3,20.3,20.1,20.1,504521.80872219,10186997.56771043
2026-06-26 17:45:00,20.2,20.4,20.2,20.4,85468.84989688,1729694.31847621
2026-06-26 18:00:00,20.3,20.4,20.3,20.4,119660.70502509,2438103.42000184
2026-06-26 18:15:00,20.5,20.7,20.5,20.6,201929.33047858,4157201.13071521
2026-06-26 18:30:00,20.5,20.7,20.4,20.7,123525.79502637,2544869.05554856
2026-06-26 18:45:00,20.5,20.6,20.5,20.6,104402.06130441,2146244.23422739
2026-06-26 19:00:00,20.5,20.5,20.2,20.2,474424.2278401,9641355.56534675
2026-06-26 19:15:00,20.5,20.7,20.5,20.6,242736.558204,5005411.56970996
2026-06-26 19:30:00,20.6,20.6,20.5,20.5,73501.02867017,1507049.44845821
2026-06-26 19:45:00,20.3,20.3,20.0,20.1,637101.00653834,12813769.34418635
2026-06-26 20:00:00,20.1,20.1,19.9,20.1,218572.46870164,4376511.60682541
2026-06-26 20:15:00,20.2,20.2,20.2,20.2,207779.7272356,4197150.49015912
2026-06-26 20:30:00,20.2,20.2,20.2,20.2,64230.62190432,1297458.56246726
2026-06-26 20:45:00,20.2,20.2,20.1,20.1,256413.25828983,5171638.59286885
2026-06-26 21:00:00,20.1,20.6,20.1,20.6,219879.11280971,4489948.43730109
2026-06-26 21:15:00,20.6,20.6,20.3,20.5,113601.28624804,2307107.4230449
2026-06-26 21:30:00,20.3,20.5,20.2,20.2,120886.40489613,2442266.77673576
2026-06-26 21:45:00,20.1,20.1,20.1,20.1,1584.15841585,31841.58415859
2026-06-26 22:00:00,20.2,20.2,20.2,20.2,521.1288,10526.80176
2026-06-26 22:15:00,20.1,20.2,20.1,20.1,36276.96251211,729194.17421618
2026-06-26 22:30:00,20.2,20.2,20.1,20.1,123355.25734215,2484440.67257722
2026-06-26 22:45:00,20.1,20.3,20.1,20.1,94380.2921527,1898592.25756036
2026-06-26 23:00:00,20.2,20.2,20.2,20.2,18081.09963709,365238.21266922
2026-06-26 23:15:00,20.2,20.2,20.2,20.2,231663.87003041,4679610.17461428
2026-06-26 23:30:00,20.4,20.4,20.2,20.2,136845.80752175,2765020.48350798
2026-06-26 23:45:00,20.2,20.5,20.2,20.5,69661.15735816,1420994.65661382
2026-06-27 00:00:00,20.4,20.4,20.4,20.4,45609.50894671,930433.98251288
2026-06-27 00:30:00,20.3,20.3,20.2,20.3,243487.75040702,4926702.59391824
2026-06-27 00:45:00,20.3,20.5,20.3,20.5,320956.95061559,6544428.12560007
2026-06-27 01:00:00,20.5,20.5,20.5,20.5,585.36585365,11999.99999983
2026-06-27 01:15:00,20.5,20.5,20.5,20.5,50203.92508239,1029180.464189
2026-06-27 01:45:00,20.6,20.6,20.5,20.5,128443.3581125,2633600.97722858
2026-06-27 02:15:00,20.5,20.5,20.5,20.5,54783.18881964,1123055.37080262
2026-06-27 02:30:00,20.5,20.5,20.5,20.5,28147.5359881,577024.48775605
2026-06-27 05:15:00,20.6,20.6,20.6,20.6,70202.0834243,1446162.91854058
2026-06-27 06:15:00,20.5,20.5,20.5,20.5,116569.06690108,2389665.87147214
2026-06-27 06:30:00,20.5,20.5,20.4,20.4,76021.79624835,1553568.77431069
2026-06-27 07:00:00,20.6,20.6,20.6,20.6,75248.15262271,1550111.94402783
2026-06-27 07:15:00,20.6,20.6,20.6,20.6,150.83005997,3107.09923538
2026-06-27 07:45:00,20.7,20.7,20.6,20.6,13682.07127595,282911.77541217
2026-06-27 08:00:00,20.6,20.6,20.6,20.6,13500.0,278100.0
2026-06-27 08:15:00,20.6,20.8,20.6,20.8,23673.07692307,490549.99999986
2026-06-27 08:30:00,20.7,20.7,20.7,20.7,2801.93236714,57999.9999998
2026-06-27 08:45:00,20.7,20.8,20.7,20.8,180624.32732161,3741221.78702851
2026-06-27 09:00:00,20.7,20.7,20.5,20.5,273878.17455205,5636068.39427444
2026-06-27 09:15:00,20.5,20.6,20.5,20.6,49785.97606198,1024571.47180805
2026-06-27 09:30:00,20.6,20.6,20.6,20.6,34189.17948385,704297.09736731
2026-06-27 09:45:00,20.6,20.6,20.6,20.6,37479.20150251,772071.55095171
2026-06-27 10:00:00,20.6,20.8,20.6,20.8,113115.98231048,2330237.31251896
2026-06-27 10:15:00,20.8,20.8,20.8,20.8,30255.19711538,629308.0999999
2026-06-27 10:45:00,20.8,20.8,20.8,20.8,1042.2259615,21678.2999992
2026-06-27 11:00:00,20.8,20.9,20.5,20.5,409866.2939287,8489679.37477537
2026-06-27 11:15:00,20.8,21.3,20.8,21.3,671178.50583553,14202938.93405862
2026-06-27 11:30:00,21.3,21.3,21.1,21.1,25757.01091717,546866.91626778
2026-06-27 11:45:00,21.3,21.3,21.1,21.1,8974.24946882,190038.96426158
2026-06-27 12:00:00,21.1,21.1,21.0,21.0,271650.9086209,5708083.77117857
2026-06-27 12:30:00,21.0,21.3,21.0,21.3,28163.79141516,592003.00000005
2026-06-27 12:45:00,21.3,21.4,21.1,21.1,319476.13975588,6789547.22018088
2026-06-27 13:00:00,21.1,21.4,21.1,21.4,362727.41928543,7741236.93752785
2026-06-27 13:15:00,21.3,21.3,21.3,21.3,35390.6691514,753821.25292482
2026-06-27 13:30:00,21.3,21.4,21.3,21.4,71529.76126406,1529675.78392329
2026-06-27 13:45:00,21.3,21.3,21.3,21.3,48126.94986696,1025104.03216625
2026-06-27 14:00:00,21.3,21.3,21.2,21.2,82181.71470203,1749242.01678648
2026-06-27 14:15:00,21.2,21.2,21.1,21.1,86947.06070396,1843249.64954078
2026-06-27 14:30:00,21.3,21.3,21.3,21.3,118648.9354886,2527222.32590718
2026-06-27 14:45:00,21.4,21.4,21.3,21.4,205406.24049148,4394676.75840282
2026-06-27 15:00:00,21.4,21.4,21.3,21.3,224369.49265277,4780894.17431554
2026-06-27 15:15:00,21.3,21.3,21.3,21.3,13197.79362655,281113.00424552
2026-06-27 15:30:00,21.3,21.3,21.3,21.3,39093.04143862,832681.78264261
2026-06-27 16:00:00,21.3,21.3,21.3,21.3,262708.70373877,5595695.3896358
2026-06-27 16:15:00,21.4,21.4,21.4,21.4,34979.83508245,748568.47076443
2026-06-27 16:30:00,21.4,21.5,21.2,21.4,451159.73484272,9623324.11484298
2026-06-27 16:45:00,21.2,21.3,20.5,21.3,533440.3101399,11122101.04601978
2026-06-27 17:00:00,21.2,21.2,20.9,21.0,56535.02603295,1188360.16968613
2026-06-27 17:15:00,21.0,21.0,20.5,20.5,432778.44593247,9006352.65722054
2026-06-27 17:30:00,20.7,20.8,20.7,20.7,274480.46592522,5682989.01815761
2026-06-27 17:45:00,20.7,21.2,20.7,21.2,83944.31620051,1770392.64748082
2026-06-27 18:15:00,21.2,21.2,21.2,21.2,16699.41037735,354027.49999982
2026-06-27 18:30:00,21.2,21.2,21.0,21.0,61642.47711111,1295959.05726581
2026-06-27 19:00:00,21.2,22.1,21.1,21.6,3549178.25239905,76701521.89460386
2026-06-27 19:15:00,21.6,21.9,21.5,21.8,924342.60584904,20029262.29821007
2026-06-27 19:30:00,21.7,21.9,21.5,21.8,596593.36795301,12896500.55674455
2026-06-27 19:45:00,21.9,22.8,21.9,22.7,4936305.3895308,110813600.97358404
2026-06-27 20:00:00,22.7,23.0,21.8,22.2,6603220.18272477,148525135.73094866
2026-06-27 20:15:00,22.0,22.3,21.7,21.9,1930741.23428038,42334731.81072845
2026-06-27 20:30:00,22.0,22.5,21.8,21.8,791683.40131849,17556361.35571509
2026-06-27 20:45:00,22.1,22.3,21.4,22.2,856828.95944694,18664855.75421681
2026-06-27 21:00:00,22.1,22.1,21.1,21.1,952216.61773754,20361482.46636785
2026-06-27 21:15:00,21.1,21.4,20.9,21.0,573725.67290587,12056514.76430999
2026-06-27 21:30:00,21.1,21.5,20.9,21.5,412677.14919562,8714659.51499501
2026-06-27 21:45:00,21.2,21.4,21.1,21.2,345358.0133863,7341849.2555361
2026-06-27 22:00:00,21.3,21.4,21.3,21.4,105706.52652339,2260376.4269677
2026-06-27 22:15:00,21.6,21.8,21.6,21.7,105425.31994893,2286845.11232985
2026-06-27 22:30:00,21.7,21.7,21.6,21.6,94105.88061519,2033240.61766705
2026-06-27 22:45:00,21.6,21.6,21.6,21.6,61541.06053496,1329286.90755514
2026-06-27 23:15:00,21.6,21.6,21.5,21.5,55331.16034252,1192353.96026179
2026-06-27 23:45:00,21.5,21.5,21.5,21.5,133143.7673197,2862590.99737355
2026-06-28 00:00:00,21.7,21.7,21.4,21.4,73848.29459976,1584281.97230075
2026-06-28 00:15:00,21.4,21.4,21.4,21.4,3272.28949052,70026.99509713
2026-06-28 01:30:00,21.6,21.7,21.6,21.7,100000.0,2164312.37506247
2026-06-28 01:45:00,21.7,21.7,21.5,21.5,30146.82241989,649999.99999999
2026-06-28 02:00:00,21.5,21.7,21.5,21.7,7109.90070528,153146.32138472
2026-06-28 02:15:00,21.5,21.5,21.5,21.5,9216.58986175,198156.68202763
2026-06-28 02:45:00,21.6,21.6,21.6,21.6,5055.75471698,109204.30188677
2026-06-28 03:00:00,21.6,21.6,21.6,21.6,3393.51351351,73299.89189182
2026-06-28 03:15:00,21.7,21.8,21.5,21.5,77446.25650884,1672780.14693546
2026-06-28 03:30:00,21.7,21.7,21.5,21.5,57238.3583522,1233454.54512529
2026-06-28 04:15:00,21.6,21.6,21.5,21.5,22947.67830308,495427.26113112
2026-06-28 05:00:00,21.6,21.6,21.6,21.6,62048.83101851,1340254.74999982
2026-06-28 05:45:00,21.6,21.6,21.6,21.6,2263.19444444,48884.9999999
2026-06-28 06:15:00,21.5,21.5,21.5,21.5,411.34259259,8843.86574069
2026-06-28 06:45:00,21.6,21.6,21.6,21.6,35687.97453705,770860.25000028
2026-06-28 07:00:00,21.6,21.6,21.6,21.6,431.86483476,9328.28043082
2026-06-28 07:15:00,21.7,21.7,21.7,21.7,72891.98050408,1581755.97693854
2026-06-28 07:30:00,21.8,21.8,21.8,21.8,55506.83373909,1210048.97551216
2026-06-28 07:45:00,21.8,21.8,21.6,21.6,13766.78189853,298371.19826288
2026-06-28 08:00:00,21.8,21.8,21.7,21.7,6829.52432369,148840.67782407
2026-06-28 08:15:00,21.7,21.7,21.7,21.7,13309.6319,288819.01223
2026-06-28 08:30:00,21.7,21.9,21.7,21.9,74872.98538806,1639663.08045934
2026-06-28 08:45:00,21.9,21.9,21.7,21.7,317804.12827969,6910743.75693823
2026-06-28 09:00:00,21.7,23.2,21.7,23.1,5620492.60501598,127036144.12634084
2026-06-28 09:15:00,23.1,23.2,22.2,22.5,3842939.11816467,86752042.18374118
2026-06-28 09:30:00,22.5,23.1,22.3,22.6,2521951.98375227,57348578.31939192
2026-06-28 09:45:00,22.6,22.8,22.6,22.6,875306.33671002,19850175.06467095
2026-06-28 10:00:00,22.6,22.9,22.3,22.9,1512186.80380042,34237495.45507167
2026-06-28 10:15:00,22.8,23.5,22.4,22.7,3487952.71670478,80088430.04336606
2026-06-28 10:30:00,22.5,23.1,22.5,22.9,1500629.20707631,34430764.0884136
2026-06-28 10:45:00,23.0,23.3,22.8,23.3,1614744.75212774,37159243.66133546
2026-06-28 11:00:00,23.2,23.2,22.9,23.1,1580273.58030181,36284584.19401996
2026-06-28 11:15:00,22.9,23.0,22.7,22.7,1044659.49430297,23859112.40152187
2026-06-28 11:30:00,22.7,22.7,22.5,22.7,1105548.3585335,24969754.5404972
2026-06-28 11:45:00,22.6,22.6,22.5,22.5,353044.15511339,7949545.28210128
2026-06-28 12:00:00,22.9,22.9,22.4,22.5,246524.5964808,5555300.36025226
2026-06-28 12:15:00,22.4,22.5,22.4,22.5,228111.61262438,5115378.90561692
2026-06-28 12:30:00,22.4,22.6,22.4,22.6,255331.74476343,5733950.13692028
2026-06-28 12:45:00,22.6,22.6,22.4,22.4,31520.10592222,707645.14538697
2026-06-28 13:00:00,22.4,22.6,22.3,22.6,150464.27877426,3366473.89000625
2026-06-28 13:15:00,22.3,22.6,22.3,22.3,228947.21254785,5106078.24996325
2026-06-28 13:30:00,22.3,22.5,22.2,22.4,185454.66070181,4124566.03822058
2026-06-28 13:45:00,22.4,22.7,22.3,22.7,273241.86817585,6182789.86479916
2026-06-28 14:00:00,22.7,22.7,22.5,22.7,94745.24639664,2147100.9626725
2026-06-28 14:15:00,22.7,23.3,22.5,22.5,8052587.34051044,185116574.2518397
2026-06-28 14:30:00,22.5,23.1,22.5,23.0,1431478.78772737,32908446.95010277
2026-06-28 14:45:00,23.0,25.0,22.4,24.3,29715031.34575975,719898111.7021843
2026-06-28 15:00:00,24.3,24.6,22.1,22.2,26246021.32905797,613371335.8661638
2026-06-28 15:15:00,22.3,22.6,22.2,22.3,1161100.37027141,25935625.48858266
2026-06-28 15:30:00,22.3,22.3,21.9,21.9,2869845.55761138,63419842.5710315
2026-06-28 15:45:00,21.9,22.0,21.5,21.8,1318155.91452512,28703216.63155867
2026-06-28 16:00:00,21.7,21.8,21.5,21.8,704456.37713038,15228779.50570745
2026-06-28 16:15:00,21.6,21.8,21.6,21.8,58674.08637917,1267553.47679922
2026-06-28 16:30:00,21.7,21.8,21.5,21.5,423225.25804111,9106774.29752577
2026-06-28 16:45:00,21.5,21.7,21.5,21.5,404796.16808883,8715603.15181001
2026-06-28 17:00:00,21.5,21.8,21.5,21.5,349278.24964532,7535629.17973194
2026-06-28 17:15:00,21.6,21.6,21.5,21.5,71042.72564964,1527907.90774005
2026-06-28 17:30:00,21.5,21.8,21.4,21.8,1092948.16356905,23493710.31138185
2026-06-28 17:45:00,21.8,21.8,21.8,21.8,156585.85389539,3413571.6149195
2026-06-28 18:00:00,21.7,21.8,21.7,21.8,69974.98679439,1524954.7121177
2026-06-28 18:15:00,21.8,21.9,21.8,21.9,72281.38646087,1582689.19835544
2026-06-28 18:30:00,22.0,22.1,22.0,22.0,666879.37277254,14681719.23366821
2026-06-28 18:45:00,22.0,22.0,22.0,22.0,78755.12059351,1732612.65305722
2026-06-28 19:00:00,22.0,22.0,21.8,21.8,358673.38734664,7851360.48231911
2026-06-28 19:15:00,21.9,21.9,21.8,21.8,68265.74566967,1490256.80041181
2026-06-28 19:30:00,21.8,21.8,21.6,21.7,232438.91029251,5050491.73543763
2026-06-28 19:45:00,21.6,21.8,21.6,21.6,153080.72729651,3317388.70294046
2026-06-28 20:00:00,21.8,21.8,21.8,21.8,462.1559633,10074.99999994
2026-06-28 20:15:00,21.7,21.7,21.6,21.6,211223.05412327,4569380.96134437
2026-06-28 20:30:00,21.6,21.6,21.6,21.6,43440.81234491,938321.54665006
2026-06-28 20:45:00,21.6,21.6,21.6,21.6,10000.0,216000.0
2026-06-28 21:00:00,21.6,21.6,21.6,21.6,180333.48035282,3895203.17562091
2026-06-28 21:15:00,21.6,21.7,21.6,21.7,239037.54161906,5165239.14752023
2026-06-28 21:30:00,21.7,21.7,21.5,21.5,405995.00414673,8728939.59376299
2026-06-28 21:45:00,21.6,21.6,21.5,21.5,54013.35277376,1161333.72815436
2026-06-28 22:00:00,21.5,21.6,21.5,21.6,4929.12502788,106169.23823831
2026-06-28 22:15:00,21.6,21.6,21.5,21.6,95186.10945851,2052070.48267116
2026-06-28 22:30:00,21.6,21.6,21.5,21.5,151164.01373781,3256815.05753965
2026-06-28 22:45:00,21.5,21.5,21.5,21.5,29000.0,623500.0
