,open,high,low,close,volume,value
2026-05-16 08:45:00,215.0,215.0,214.0,215.0,66067.21183122,14144807.9415835
2026-05-16 09:00:00,214.0,215.0,213.0,213.0,522483.28339671,111576778.15053841
2026-05-16 09:15:00,214.0,214.0,213.0,214.0,465241.2808414,99118737.90842007
2026-05-16 09:30:00,213.0,214.0,213.0,213.0,207676.1269091,44442353.34761074
2026-05-16 09:45:00,214.0,215.0,213.0,214.0,191026.770419,40879704.5080236
2026-05-16 10:00:00,214.0,214.0,212.0,213.0,388426.66953004,82785961.04606616
2026-05-16 10:15:00,213.0,213.0,211.0,212.0,264796.9462874,56195175.46962901
2026-05-16 10:30:00,212.0,212.0,211.0,212.0,155782.78921661,33020796.60708779
2026-05-16 10:45:00,212.0,213.0,212.0,213.0,106768.54034277,22669036.34372329
2026-05-16 11:00:00,213.0,213.0,212.0,213.0,128420.13107373,27283017.55130526
2026-05-16 11:15:00,213.0,213.0,212.0,212.0,121065.38585166,25710878.79660844
2026-05-16 11:30:00,213.0,213.0,213.0,213.0,242.74178403,51703.99999839
2026-05-16 11:45:00,212.0,213.0,212.0,213.0,1575.40756762,334040.73297393
2026-05-16 12:00:00,213.0,213.0,213.0,213.0,112396.65523734,23940487.56555342
2026-05-16 12:30:00,213.0,213.0,212.0,212.0,35001.4624413,7431311.4999969
2026-05-16 12:45:00,212.0,213.0,212.0,212.0,7455.70281071,1587061.1031502
2026-05-16 13:00:00,212.0,212.0,212.0,212.0,187247.01565697,39696367.31927764
2026-05-16 13:15:00,212.0,213.0,211.0,211.0,100675.80002422,21382472.3775319
2026-05-16 13:30:00,211.0,211.0,210.0,211.0,189608.52529279,39967946.0481755
2026-05-16 13:45:00,211.0,211.0,211.0,211.0,21558.27099861,4548795.18070671
2026-05-16 14:00:00,211.0,211.0,211.0,211.0,17089.70903702,3605928.60681122
2026-05-16 14:15:00,211.0,211.0,211.0,211.0,57773.69555438,12190249.76197418
2026-05-16 14:30:00,211.0,211.0,211.0,211.0,49800.36522022,10507877.06146642
2026-05-16 14:45:00,211.0,211.0,210.0,210.0,24930.11351506,5260153.95167766
2026-05-16 15:00:00,210.0,210.0,209.0,209.0,126404.34907081,26512211.4396075
2026-05-16 15:15:00,210.0,210.0,209.0,209.0,97397.95840858,20369195.92167892
2026-05-16 15:30:00,209.0,211.0,209.0,209.0,113682.188226,23830762.36142942
2026-05-16 15:45:00,209.0,209.0,208.0,209.0,133182.85371722,27753582.63415985
2026-05-16 16:00:00,209.0,209.0,205.0,205.0,268138.25186827,55442980.58510961
2026-05-16 16:15:00,206.0,206.0,203.0,206.0,496310.78606296,101432967.15560043
2026-05-16 16:30:00,206.0,207.0,205.0,207.0,47918.27960624,9861137.27597886
2026-05-16 16:45:00,207.0,207.0,206.0,206.0,55191.22589836,11378947.61259585
2026-05-16 17:00:00,205.0,206.0,205.0,206.0,122203.19170717,25060166.96676438
2026-05-16 17:15:00,206.0,207.0,206.0,207.0,30245.97330441,6231220.54453431
2026-05-16 17:30:00,206.0,207.0,206.0,207.0,16835.030883,3476422.04767927
2026-05-16 17:45:00,207.0,207.0,206.0,206.0,129656.35765045,26711879.64507482
2026-05-16 18:00:00,206.0,206.0,205.0,206.0,42453.5477089,8742684.43954778
2026-05-16 18:15:00,205.0,205.0,202.0,203.0,286377.86461026,58164694.84161526
2026-05-16 18:30:00,203.0,205.0,203.0,204.0,398259.19605685,80934983.39187223
2026-05-16 18:45:00,203.0,204.0,202.0,204.0,55225.51933004,11218941.49762871
2026-05-16 19:00:00,203.0,203.0,201.0,202.0,242860.75273442,49068755.0871683
2026-05-16 19:15:00,201.0,202.0,201.0,202.0,61067.63981199,12334722.55755884
2026-05-16 19:30:00,202.0,203.0,202.0,202.0,70875.52511568,14316880.70390923
2026-05-16 19:45:00,202.0,203.0,202.0,203.0,13377.88493942,2715542.83517694
2026-05-16 20:00:00,204.0,204.0,204.0,204.0,4686.42066675,956029.816017
2026-05-16 20:15:00,204.0,205.0,204.0,204.0,11507.09436174,2349207.63789358
2026-05-16 20:30:00,203.0,205.0,203.0,204.0,141606.26746944,28953700.29062988
2026-05-16 20:45:00,204.0,204.0,204.0,204.0,14837.71911764,3026894.69999856
2026-05-16 21:00:00,204.0,205.0,204.0,205.0,1169.4959346,238762.32198517
2026-05-16 21:15:00,205.0,205.0,203.0,203.0,16232.95345516,3310418.61008458
2026-05-16 21:30:00,204.0,205.0,204.0,205.0,24620.38942539,5031593.60297847
2026-05-16 21:45:00,205.0,205.0,204.0,205.0,23944.16023636,4905728.35944144
2026-05-16 22:00:00,204.0,206.0,204.0,205.0,13148.19770375,2690679.28697008
2026-05-16 22:15:00,205.0,206.0,205.0,206.0,32439.53157013,6650249.60294461
2026-05-16 22:30:00,206.0,206.0,206.0,206.0,62137.76941746,12800380.49999676
2026-05-16 22:45:00,206.0,206.0,206.0,206.0,114854.43685923,23660013.99300138
2026-05-16 23:00:00,206.0,206.0,204.0,204.0,41245.98795342,8455633.8607131
2026-05-16 23:15:00,204.0,205.0,204.0,205.0,2675.20005935,548366.01216675
2026-05-16 23:30:00,205.0,206.0,205.0,206.0,5701.25676397,1171775.64697393
2026-05-16 23:45:00,207.0,207.0,206.0,206.0,24751.86578163,5113886.50801331
2026-05-17 00:00:00,206.0,207.0,206.0,207.0,23255.31496035,4798202.87070924
2026-05-17 00:15:00,208.0,211.0,208.0,211.0,162685.00931781,34100030.43628301
2026-05-17 00:30:00,211.0,212.0,211.0,211.0,151770.99406152,32137086.83423583
2026-05-17 00:45:00,211.0,212.0,211.0,211.0,157402.69763418,33366848.77695433
2026-05-17 01:00:00,212.0,212.0,211.0,211.0,2540.90595099,536254.99999851
2026-05-17 01:30:00,210.0,210.0,210.0,210.0,1891.42677326,397199.6223846
2026-05-17 01:45:00,210.0,210.0,210.0,210.0,476.19047619,99999.9999999
2026-05-17 02:00:00,211.0,211.0,211.0,211.0,201785.89021069,42576822.83445559
2026-05-17 02:30:00,212.0,212.0,212.0,212.0,1577.06249999,334337.24999788
2026-05-17 02:45:00,212.0,212.0,212.0,212.0,117656.71699575,24943224.003099
2026-05-17 03:00:00,211.0,212.0,211.0,212.0,69670.95102677,14736007.75942282
2026-05-17 03:15:00,211.0,211.0,211.0,211.0,3269.04675763,689768.86585993
2026-05-17 03:30:00,211.0,211.0,211.0,211.0,1609.26448168,339554.80563448
2026-05-17 04:30:00,211.0,211.0,211.0,211.0,7280.25898483,1536134.64579913
2026-05-17 05:00:00,211.0,211.0,210.0,210.0,10919.771907,2303312.37104561
2026-05-17 05:30:00,211.0,211.0,210.0,211.0,26773.43454691,5628773.07944827
2026-05-17 05:45:00,211.0,211.0,211.0,211.0,993.25592417,209576.99999987
2026-05-17 06:00:00,211.0,211.0,211.0,211.0,336.08767772,70914.49999892
2026-05-17 06:15:00,211.0,211.0,211.0,211.0,40201.82819398,8482585.74892978
2026-05-17 06:30:00,212.0,212.0,210.0,210.0,5165.25748959,1085647.4690403
2026-05-17 06:45:00,211.0,211.0,211.0,211.0,8237.4454976,1738100.9999936
2026-05-17 07:00:00,210.0,210.0,210.0,210.0,6802.75332881,1428578.1990501
2026-05-17 07:15:00,210.0,211.0,210.0,211.0,130142.18009478,27329999.99999858
2026-05-17 07:30:00,210.0,210.0,210.0,210.0,142.85714285,29999.9999985
2026-05-17 07:45:00,209.0,209.0,209.0,209.0,471.6981132,98584.9056588
2026-05-17 08:00:00,209.0,210.0,209.0,210.0,16219.16405538,3389917.74522119
2026-05-17 08:15:00,210.0,210.0,209.0,209.0,6499.03486852,1360249.71656805
2026-05-17 08:30:00,210.0,210.0,210.0,210.0,8.4,1764.0
2026-05-17 08:45:00,209.0,209.0,209.0,209.0,3505.06866001,732559.34994209
2026-05-17 09:00:00,209.0,210.0,209.0,209.0,38230.64821416,8001071.45805449
2026-05-17 09:15:00,209.0,210.0,209.0,210.0,19530.35451359,4082275.98760536
2026-05-17 09:30:00,209.0,210.0,209.0,210.0,42638.26430791,8925381.40961141
2026-05-17 09:45:00,209.0,209.0,207.0,207.0,168850.00824491,35107978.43039196
2026-05-17 10:00:00,207.0,209.0,207.0,209.0,14582.16377194,3022041.33237052
2026-05-17 10:15:00,208.0,208.0,207.0,207.0,19703.01171273,4090961.30718895
2026-05-17 10:30:00,207.0,207.0,206.0,207.0,276415.13165459,57130423.24410287
2026-05-17 10:45:00,207.0,207.0,206.0,206.0,42038.08612118,8660095.74096308
2026-05-17 11:00:00,207.0,207.0,207.0,207.0,43807.2047533,9068091.3839331
2026-05-17 11:15:00,208.0,208.0,207.0,207.0,6601.91381832,1372908.2191381
2026-05-17 11:30:00,207.0,207.0,207.0,207.0,24.64251207,5100.99999849
2026-05-17 11:45:00,207.0,207.0,207.0,207.0,82696.55979441,17118187.87744287
2026-05-17 12:00:00,208.0,209.0,208.0,209.0,506.89222559,105441.68292272
2026-05-17 12:15:00,208.0,209.0,208.0,209.0,67440.47255617,14090722.87874488
2026-05-17 12:30:00,210.0,211.0,209.0,209.0,9063.060142,1903177.62312712
2026-05-17 12:45:00,210.0,210.0,210.0,210.0,38683.25444145,8123483.4327045
2026-05-17 13:00:00,209.0,209.0,209.0,209.0,95.69377991,20000.00000119
2026-05-17 13:15:00,210.0,211.0,210.0,211.0,14110.05922841,2963207.22469595
2026-05-17 13:30:00,211.0,211.0,210.0,211.0,33725.6635071,7106114.9999981
2026-05-17 13:45:00,211.0,211.0,210.0,210.0,21504.21684397,4536567.07572423
2026-05-17 14:15:00,211.0,211.0,211.0,211.0,1771.55687203,373798.49999833
2026-05-17 14:30:00,210.0,210.0,210.0,210.0,7952.38095238,1669999.9999998
2026-05-17 14:45:00,210.0,210.0,210.0,210.0,7173.96769683,1506533.2163343
2026-05-17 15:00:00,209.0,209.0,209.0,209.0,1944.19109511,406335.93887799
2026-05-17 15:30:00,210.0,210.0,210.0,210.0,4780.79825791,1003967.6341611
2026-05-17 15:45:00,210.0,210.0,210.0,210.0,37676.63257572,7912092.8409012
2026-05-17 16:15:00,209.0,211.0,209.0,211.0,1282.28999003,269216.71752452
2026-05-17 16:30:00,211.0,211.0,210.0,210.0,13235.08619233,2781368.1003893
2026-05-17 16:45:00,211.0,211.0,211.0,211.0,20317.5612881,4287005.4317891
2026-05-17 17:00:00,210.0,211.0,210.0,211.0,67545.56436454,14248258.32502336
2026-05-17 17:15:00,211.0,211.0,211.0,211.0,21896.45409541,4620151.81413151
2026-05-17 17:45:00,210.0,210.0,210.0,210.0,1135.99949571,238559.8940991
2026-05-17 18:00:00,210.0,210.0,210.0,210.0,411.6195519,86440.105899
2026-05-17 18:30:00,210.0,211.0,209.0,211.0,28123.31433133,5902093.58314083
2026-05-17 18:45:00,210.0,211.0,210.0,211.0,594.51275108,124966.00000168
2026-05-17 19:15:00,211.0,211.0,210.0,210.0,30508.41380906,6433096.96430752
2026-05-17 19:30:00,210.0,211.0,210.0,211.0,46651.82892552,9797742.60328472
2026-05-17 19:45:00,210.0,210.0,210.0,210.0,431.96681245,90713.0306145
2026-05-17 20:00:00,210.0,210.0,210.0,210.0,1190.95937802,250101.4693842
2026-05-17 20:15:00,209.0,209.0,209.0,209.0,22041.69817293,4606714.91814237
2026-05-17 20:30:00,209.0,210.0,209.0,210.0,43336.54975766,9063705.35897826
2026-05-17 21:00:00,211.0,211.0,210.0,210.0,4685.0038894,983919.52032301
2026-05-17 21:15:00,209.0,209.0,209.0,209.0,2897.10217355,605494.35427195
2026-05-17 21:45:00,210.0,210.0,210.0,210.0,8262.04516789,1735029.4852569
2026-05-17 22:00:00,209.0,210.0,209.0,209.0,51320.69197728,10726058.08747179
2026-05-17 22:15:00,209.0,210.0,209.0,210.0,61064.03465594,12773260.29185041
2026-05-17 22:30:00,210.0,210.0,210.0,210.0,5937.28458388,1246829.7626148
2026-05-17 22:45:00,210.0,210.0,209.0,209.0,35942.82720222,7522437.95406393
2026-05-17 23:00:00,209.0,209.0,208.0,208.0,15837.58208751,3305262.082116
2026-05-17 23:15:00,208.0,209.0,208.0,209.0,156065.46462744,32466243.62456624
2026-05-17 23:30:00,208.0,208.0,208.0,208.0,66.31763254,13794.06756832
2026-05-17 23:45:00,209.0,209.0,208.0,208.0,41430.48769847,8651110.64158126
2026-05-18 00:00:00,208.0,208.0,208.0,208.0,46653.88678341,9704008.45094928
2026-05-18 00:15:00,209.0,209.0,208.0,208.0,1453.36227409,303015.85122094
2026-05-18 00:30:00,208.0,209.0,208.0,209.0,28081.32329847,5845993.50780423
2026-05-18 00:45:00,209.0,209.0,209.0,209.0,7111.38952581,1486280.41089429
2026-05-18 01:00:00,209.0,209.0,209.0,209.0,70780.39470381,14793102.49309629
2026-05-18 01:15:00,210.0,210.0,210.0,210.0,15940.65505259,3347537.5610439
2026-05-18 01:45:00,208.0,208.0,208.0,208.0,42143.8925297,8765929.6461776
2026-05-18 02:00:00,208.0,208.0,208.0,208.0,7861.39230769,1635169.59999952
2026-05-18 02:15:00,207.0,207.0,207.0,207.0,72144.30107948,14933870.32345236
2026-05-18 02:30:00,207.0,207.0,207.0,207.0,28906.66858331,5983680.39674517
2026-05-18 02:45:00,207.0,207.0,207.0,207.0,6199.209,1283236.263
2026-05-18 03:00:00,207.0,207.0,207.0,207.0,6605.1840952,1367273.1077064
2026-05-18 03:15:00,208.0,208.0,207.0,207.0,2584.68095238,535081.33809504
2026-05-18 03:30:00,207.0,207.0,207.0,207.0,24392.22230763,5049190.01767941
2026-05-18 03:45:00,206.0,207.0,206.0,207.0,143520.76147143,29696965.84915344
2026-05-18 04:00:00,207.0,207.0,207.0,207.0,3179.10445679,658074.62255553
2026-05-18 04:15:00,208.0,208.0,208.0,208.0,110.78194556,23042.64467648
2026-05-18 04:30:00,208.0,208.0,207.0,208.0,5553.58429918,1154420.89654828
2026-05-18 04:45:00,208.0,208.0,208.0,208.0,4277.29363889,889677.07688912
2026-05-18 05:00:00,208.0,208.0,208.0,208.0,28297.82707062,5885948.03068896
2026-05-18 05:15:00,207.0,207.0,207.0,207.0,241.54589372,50000.00000004
2026-05-18 05:30:00,207.0,207.0,207.0,207.0,1434.42288517,296925.53723019
2026-05-18 05:45:00,208.0,208.0,208.0,208.0,197.49259985,41078.4607688
2026-05-18 06:15:00,208.0,208.0,208.0,208.0,11331.03640484,2356855.57220672
2026-05-18 06:45:00,209.0,209.0,209.0,209.0,4796.02304111,1002368.81559199
2026-05-18 07:00:00,208.0,208.0,208.0,208.0,34415.15740791,7158352.74084528
2026-05-18 07:15:00,207.0,207.0,206.0,206.0,7616.4567891,1573907.73293623
2026-05-18 07:30:00,206.0,207.0,206.0,207.0,17936.81482555,3704983.8540633
2026-05-18 07:45:00,207.0,207.0,206.0,206.0,115469.62059487,23791241.84254322
2026-05-18 08:00:00,206.0,206.0,205.0,205.0,73618.3534452,15165285.1159313
2026-05-18 08:15:00,205.0,205.0,205.0,205.0,28311.6513106,5803888.518673
2026-05-18 08:30:00,204.0,205.0,198.0,200.0,336825.67463886,67546485.1374383
2026-05-18 08:45:00,200.0,203.0,200.0,202.0,47153.07785079,9480682.67947231
2026-05-18 09:00:00,202.0,202.0,200.0,201.0,253310.89742041,50905738.9463909
2026-05-18 09:15:00,202.0,202.0,201.0,201.0,157124.85760296,31589933.6517098
2026-05-18 09:30:00,201.0,202.0,201.0,201.0,29420.86648755,5941918.09927166
2026-05-18 09:45:00,201.0,203.0,201.0,202.0,132480.56784674,26681809.08768978
2026-05-18 10:00:00,202.0,203.0,202.0,203.0,164813.10580312,33292298.16533368
2026-05-18 10:15:00,202.0,202.0,200.0,202.0,300217.51072019,60309635.90454704
2026-05-18 10:30:00,201.0,201.0,200.0,200.0,64486.4647974,12921543.44336796
2026-05-18 10:45:00,200.0,202.0,200.0,202.0,190280.25187311,38329350.08081744
2026-05-18 11:00:00,203.0,204.0,203.0,204.0,47638.77951118,9691143.39458673
2026-05-18 11:15:00,204.0,204.0,204.0,204.0,18642.64901981,3803100.40004124
2026-05-18 11:30:00,204.0,204.0,203.0,203.0,2783.69978629,567428.32783174
2026-05-18 11:45:00,203.0,203.0,203.0,203.0,10734.48001504,2179099.44305312
2026-05-18 12:00:00,204.0,204.0,203.0,204.0,32268.04881394,6574954.19941654
2026-05-18 12:15:00,203.0,203.0,203.0,203.0,58967.63555212,11970430.01708036
2026-05-18 12:30:00,203.0,203.0,202.0,203.0,11308.34621245,2293061.67028992
2026-05-18 12:45:00,203.0,203.0,202.0,203.0,18673.81452866,3789205.61532784
2026-05-18 13:15:00,203.0,203.0,202.0,203.0,40249.50187764,8169209.73346577
2026-05-18 13:30:00,203.0,204.0,203.0,204.0,25254.20438527,5132015.39899412
2026-05-18 13:45:00,204.0,204.0,204.0,204.0,75413.55978854,15384366.19686216
2026-05-18 14:00:00,204.0,204.0,204.0,204.0,17835.89932782,3638523.46287528
2026-05-18 14:15:00,204.0,204.0,203.0,203.0,86541.90062281,17573278.30522534
2026-05-18 14:30:00,203.0,203.0,202.0,202.0,14127.50593511,2861648.02145384
2026-05-18 14:45:00,202.0,202.0,202.0,202.0,8964.56955124,1810843.04935048
2026-05-18 15:00:00,202.0,203.0,202.0,202.0,63123.79518486,12751996.72635162
2026-05-18 15:15:00,202.0,202.0,201.0,201.0,22116.5719291,4446612.48373919
2026-05-18 15:30:00,201.0,201.0,201.0,201.0,39486.5023579,7936786.9739379
2026-05-18 15:45:00,201.0,201.0,201.0,201.0,9316.34440145,1872585.22469145
2026-05-18 16:00:00,201.0,201.0,201.0,201.0,86924.08733964,17471741.55526764
2026-05-18 16:15:00,200.0,201.0,200.0,201.0,57461.83857013,11528407.12638108
2026-05-18 16:30:00,200.0,200.0,199.0,199.0,13061.70941402,2608365.63868983
2026-05-18 16:45:00,200.0,201.0,200.0,200.0,24670.26892551,4934194.30749005
2026-05-18 17:00:00,201.0,201.0,200.0,201.0,2775.86022282,556695.88536001
2026-05-18 17:15:00,201.0,201.0,201.0,201.0,497.51243781,99999.99999981
2026-05-18 17:30:00,200.0,201.0,200.0,200.0,67583.755799,13520511.55360457
2026-05-18 17:45:00,200.0,200.0,200.0,200.0,14054.28231676,2810856.463352
2026-05-18 18:00:00,201.0,201.0,200.0,200.0,57127.11589842,11432144.79162429
2026-05-18 18:15:00,200.0,201.0,199.0,199.0,32603.75466809,6516334.51019458
2026-05-18 18:30:00,200.0,200.0,200.0,200.0,107235.3968441,21447079.36882
2026-05-18 18:45:00,201.0,201.0,201.0,201.0,21161.24027537,4253409.29534937
2026-05-18 19:00:00,200.0,200.0,199.0,199.0,54022.81922914,10761908.7977133
2026-05-18 19:15:00,199.0,199.0,199.0,199.0,10172.206047,2024269.003353
2026-05-18 19:30:00,200.0,200.0,199.0,199.0,2877.41,575424.695
2026-05-18 19:45:00,199.0,199.0,199.0,199.0,44595.97911446,8874599.84377754
2026-05-18 20:00:00,199.0,199.0,199.0,199.0,90103.74496016,17930645.24707184
2026-05-18 20:15:00,199.0,199.0,199.0,199.0,30827.58672858,6134689.75898742
2026-05-18 20:30:00,200.0,202.0,200.0,202.0,43089.5853044,8695728.94265166
2026-05-18 20:45:00,203.0,203.0,201.0,202.0,16294.95641727,3292930.89686539
2026-05-18 21:00:00,202.0,203.0,201.0,202.0,12889.59876862,2606171.58772198
2026-05-18 21:15:00,203.0,204.0,203.0,203.0,79181.62088281,16078770.99999474
2026-05-18 21:30:00,202.0,204.0,202.0,204.0,94265.29274492,19069723.51821452
2026-05-18 21:45:00,204.0,204.0,204.0,204.0,200.0,40800.0
2026-05-18 22:00:00,203.0,203.0,203.0,203.0,4534.53903897,920511.42491091
2026-05-18 22:15:00,203.0,203.0,202.0,202.0,9743.7108771,1973183.17845498
2026-05-18 22:30:00,202.0,202.0,201.0,201.0,78069.11838373,15691978.79512973
2026-05-18 22:45:00,202.0,202.0,202.0,202.0,15923.46246038,3216539.41699676
2026-05-18 23:00:00,202.0,202.0,201.0,201.0,24459.82238093,4921045.04078881
2026-05-18 23:15:00,200.0,200.0,200.0,200.0,5458.00025127,1091600.050254
2026-05-18 23:30:00,200.0,200.0,200.0,200.0,17483.7548981,3496750.97962
2026-05-18 23:45:00,200.0,200.0,198.0,198.0,31547.04808955,6278360.27405685
2026-05-19 00:00:00,198.0,200.0,198.0,200.0,2134.3299975,425237.3495
2026-05-19 00:15:00,199.0,200.0,199.0,199.0,7149.67404488,1424384.55771972
2026-05-19 00:30:00,199.0,199.0,198.0,199.0,48990.74509744,9704963.08266393
2026-05-19 00:45:00,199.0,200.0,199.0,200.0,2244.55457577,446910.86057823
2026-05-19 01:00:00,200.0,201.0,200.0,201.0,50143.58595868,10028877.73994841
2026-05-19 01:15:00,201.0,201.0,201.0,201.0,5047.94368984,1014636.68165784
2026-05-19 01:30:00,200.0,200.0,200.0,200.0,4225.11353794,845022.707588
2026-05-19 02:00:00,201.0,201.0,201.0,201.0,2140.34720624,430209.78845424
2026-05-19 02:15:00,201.0,201.0,201.0,201.0,4796.52487562,964101.49999962
2026-05-19 02:30:00,201.0,201.0,201.0,201.0,100.0,20100.0
2026-05-19 02:45:00,200.0,200.0,200.0,200.0,1219.51219512,243902.439024
2026-05-19 03:00:00,200.0,200.0,199.0,199.0,38961.59835451,7753458.07254749
2026-05-19 03:15:00,199.0,200.0,199.0,199.0,102358.62640099,20399967.99125328
2026-05-19 03:45:00,199.0,199.0,199.0,199.0,10020.0,1993980.0
2026-05-19 04:00:00,199.0,202.0,199.0,201.0,105571.45161488,21171644.05645434
2026-05-19 04:45:00,203.0,203.0,203.0,203.0,1257.55775709,255284.22468927
2026-05-19 05:00:00,203.0,203.0,203.0,203.0,1827.56382891,370995.45726873
2026-05-19 05:15:00,203.0,203.0,203.0,203.0,17551.54957352,3562964.56342456
2026-05-19 05:30:00,204.0,204.0,204.0,204.0,921.90755488,188069.14119552
2026-05-19 05:45:00,203.0,203.0,203.0,203.0,5554.92118226,1127648.99999878
2026-05-19 06:00:00,203.0,203.0,203.0,203.0,1729.79520091,351148.42578473
2026-05-19 06:15:00,203.0,203.0,202.0,203.0,4670.55797829,944053.22412738
2026-05-19 06:45:00,203.0,205.0,203.0,205.0,11255.60352035,2306659.8054156
2026-05-19 07:00:00,204.0,205.0,204.0,205.0,84251.465368,17268761.22344
2026-05-19 07:15:00,205.0,205.0,205.0,205.0,136725.50123404,28028727.7529782
2026-05-19 07:30:00,205.0,205.0,205.0,205.0,10000.00095476,2050000.1957258
2026-05-19 07:45:00,204.0,204.0,203.0,204.0,46727.27422932,9532314.68169754
2026-05-19 08:00:00,205.0,206.0,205.0,206.0,16902.53222257,3474789.04737441
2026-05-19 08:15:00,205.0,205.0,205.0,205.0,52800.8583629,10824175.9643945
2026-05-19 08:30:00,206.0,206.0,206.0,206.0,485.4368932,99999.9999992
2026-05-19 08:45:00,206.0,206.0,205.0,205.0,4779.32991826,982675.25460252
2026-05-19 09:00:00,205.0,205.0,204.0,204.0,141845.63299732,29049633.38185914
2026-05-19 09:15:00,204.0,205.0,204.0,204.0,9037.91517382,1851162.81805802
2026-05-19 09:30:00,206.0,206.0,205.0,205.0,84141.23568879,17305929.47375424
2026-05-19 09:45:00,205.0,205.0,204.0,205.0,32181.96882379,6597102.19133307
2026-05-19 10:00:00,205.0,206.0,204.0,206.0,12759.72611057,2603195.95994486
2026-05-19 10:15:00,205.0,205.0,203.0,203.0,15476.10542466,3155327.67257871
2026-05-19 10:30:00,203.0,204.0,203.0,204.0,45143.13171276,9209064.04789077
2026-05-19 10:45:00,205.0,205.0,203.0,204.0,325756.94528988,66697530.20988629
2026-05-19 11:00:00,204.0,204.0,203.0,203.0,239036.61966878,48579958.68821165
2026-05-19 11:15:00,203.0,204.0,203.0,204.0,4473.77360113,910468.4651139
2026-05-19 11:30:00,203.0,203.0,203.0,203.0,10877.6176434,2208156.3816102
2026-05-19 11:45:00,203.0,203.0,202.0,202.0,355868.336497,71889894.00610407
2026-05-19 12:00:00,202.0,202.0,202.0,202.0,10923.92042238,2206631.92532076
2026-05-19 12:15:00,202.0,203.0,202.0,202.0,38943.91133003,7900334.99999609
2026-05-19 12:30:00,202.0,203.0,202.0,203.0,21583.92902158,4380450.63485901
2026-05-19 12:45:00,203.0,204.0,202.0,202.0,89389.41049236,18142458.43684881
2026-05-19 13:00:00,204.0,204.0,204.0,204.0,568.62745097,115999.99999788
2026-05-19 13:15:00,204.0,204.0,203.0,203.0,1538.15002703,313076.45793807
2026-05-19 13:30:00,203.0,203.0,203.0,203.0,32652.93102954,6628544.99899662
2026-05-19 13:45:00,204.0,204.0,204.0,204.0,3064.55245766,625168.70136264
2026-05-19 14:00:00,203.0,203.0,203.0,203.0,1937.69040984,393351.15319752
2026-05-19 14:15:00,203.0,203.0,201.0,202.0,86564.7160968,17498073.54970141
2026-05-19 14:30:00,204.0,205.0,204.0,204.0,25916.86701736,5298001.52779866
2026-05-19 14:45:00,204.0,204.0,204.0,204.0,28989.57869221,5913874.05321084
2026-05-19 15:00:00,204.0,204.0,204.0,204.0,2017.74133413,411619.23216252
2026-05-19 15:30:00,204.0,204.0,204.0,204.0,41.07445264,8379.18833856
2026-05-19 15:45:00,204.0,204.0,204.0,204.0,660.00249875,134640.509745
2026-05-19 16:00:00,204.0,205.0,204.0,205.0,158069.73321914,32382650.26889967
2026-05-19 16:15:00,205.0,206.0,205.0,206.0,45302.56188657,9295426.91605505
2026-05-19 16:30:00,206.0,206.0,206.0,206.0,111826.43411498,23036245.42768588
2026-05-19 17:00:00,206.0,206.0,204.0,204.0,55276.39847749,11300203.30273138
2026-05-19 17:15:00,204.0,205.0,204.0,204.0,10943.87047827,2235860.47025
2026-05-19 17:30:00,204.0,205.0,204.0,205.0,3607.4950409,737148.58956309
2026-05-19 17:45:00,205.0,205.0,205.0,205.0,9756.09756097,1999999.99999885
2026-05-19 18:00:00,204.0,204.0,203.0,204.0,38081.02662101,7739793.45284551
2026-05-19 18:15:00,203.0,203.0,202.0,202.0,125302.03432111,25331792.49802445
2026-05-19 18:30:00,202.0,203.0,202.0,203.0,56975.67677355,11510814.81909453
2026-05-19 18:45:00,202.0,203.0,202.0,203.0,4655.64026244,944171.02370903
2026-05-19 19:00:00,203.0,203.0,202.0,203.0,45537.62879112,9230389.95483968
2026-05-19 19:15:00,203.0,203.0,202.0,203.0,72075.46885164,14575079.80123324
2026-05-19 19:30:00,203.0,203.0,202.0,202.0,133158.19496849,27006318.71920855
2026-05-19 19:45:00,202.0,202.0,202.0,202.0,5568.37983542,1124812.72675484
2026-05-19 20:00:00,202.0,203.0,202.0,203.0,24815.27709051,5037304.20503856
2026-05-19 20:15:00,202.0,203.0,202.0,203.0,25615.76354679,5175369.45812645
2026-05-19 20:30:00,202.0,202.0,202.0,202.0,56238.28211403,11360132.98703406
2026-05-19 20:45:00,202.0,202.0,202.0,202.0,481.25442229,97213.39330258
2026-05-19 21:00:00,202.0,202.0,202.0,202.0,24327.47590735,4914150.1332847
2026-05-19 21:15:00,202.0,202.0,202.0,202.0,5141.82717929,1038649.09021658
2026-05-19 21:30:00,202.0,202.0,202.0,202.0,2227.72277227,449999.99999854
2026-05-19 21:45:00,202.0,203.0,202.0,203.0,374.64851485,75953.64851455
2026-05-19 22:00:00,203.0,203.0,203.0,203.0,3039.66582963,617052.16341489
2026-05-19 22:15:00,203.0,203.0,203.0,203.0,87087.62739072,17678788.36031616
2026-05-19 22:30:00,204.0,204.0,204.0,204.0,2767.72031053,564614.94334812
2026-05-19 22:45:00,202.0,204.0,202.0,204.0,58036.71302654,11832630.41275656
2026-05-19 23:00:00,203.0,203.0,203.0,203.0,100290.71683627,20359015.51776281
2026-05-19 23:15:00,203.0,203.0,202.0,202.0,84821.43855886,17174310.99474589
2026-05-19 23:30:00,202.0,202.0,202.0,202.0,20446.42857142,4130178.57142684
2026-05-19 23:45:00,201.0,201.0,200.0,201.0,78212.2689183,15705524.79311095
2026-05-20 00:00:00,201.0,203.0,201.0,201.0,39357.53546139,7925058.42514712
2026-05-20 00:15:00,201.0,201.0,200.0,200.0,1798.10028728,361244.81856095
2026-05-20 00:45:00,202.0,202.0,201.0,201.0,19726.34616213,3969943.59962711
2026-05-20 01:00:00,202.0,202.0,202.0,202.0,34804.0475282,7030417.6006964
2026-05-20 01:15:00,201.0,201.0,201.0,201.0,34515.78298298,6937672.37957898
2026-05-20 01:30:00,202.0,202.0,202.0,202.0,6690.0,1351380.0
2026-05-20 02:30:00,202.0,202.0,202.0,202.0,4453.21893508,899550.22488616
2026-05-20 02:45:00,203.0,203.0,203.0,203.0,1164.59622438,236413.03354914
2026-05-20 03:00:00,204.0,204.0,204.0,204.0,77.0078,15709.5912
2026-05-20 03:15:00,204.0,204.0,203.0,203.0,4223.1919888,859773.0157152
2026-05-20 03:30:00,203.0,203.0,203.0,203.0,1536.93725886,311998.26354858
2026-05-20 03:45:00,203.0,203.0,203.0,203.0,1000.0,203000.0
2026-05-20 04:00:00,202.0,202.0,202.0,202.0,14888.61331849,3007499.89033498
2026-05-20 04:15:00,202.0,202.0,201.0,201.0,3076.5,621298.44059405
2026-05-20 05:00:00,201.0,201.0,201.0,201.0,52.80520448,10613.84610048
2026-05-20 05:15:00,202.0,202.0,202.0,202.0,1460.97029702,295115.99999804
2026-05-20 05:30:00,202.0,202.0,202.0,202.0,880.44904377,177850.70684154
2026-05-20 05:45:00,202.0,203.0,202.0,203.0,102179.53867946,20650266.81325092
2026-05-20 06:15:00,203.0,203.0,202.0,202.0,12325.40346484,2501965.07541287
2026-05-20 06:45:00,203.0,203.0,203.0,203.0,341.74045981,69373.31334143
2026-05-20 07:00:00,202.0,202.0,202.0,202.0,60349.41604638,12190582.04136876
2026-05-20 07:15:00,201.0,201.0,201.0,201.0,18075.5627112,3633188.1049512
2026-05-20 07:30:00,201.0,201.0,201.0,201.0,278.60696516,55999.99999716
2026-05-20 07:45:00,201.0,201.0,200.0,200.0,1210.56821922,242884.22372818
2026-05-20 08:15:00,201.0,201.0,201.0,201.0,24875.62189054,4999999.99999854
2026-05-20 08:30:00,201.0,202.0,201.0,202.0,2401.79553097,482790.60469526
2026-05-20 08:45:00,201.0,202.0,200.0,201.0,5174.13301131,1036241.5458911
2026-05-20 09:00:00,200.0,201.0,200.0,201.0,1318.33533543,263693.287686
2026-05-20 09:15:00,200.0,201.0,200.0,200.0,7711.66296593,1543311.94641982
2026-05-20 09:30:00,200.0,200.0,199.0,200.0,152698.48500088,30539426.86414594
2026-05-20 09:45:00,200.0,200.0,200.0,200.0,36603.51510069,7320703.020138
2026-05-20 10:00:00,200.0,201.0,200.0,201.0,81114.3925471,16223115.9379694
2026-05-20 10:15:00,201.0,201.0,200.0,200.0,26060.86615311,5214608.70442738
2026-05-20 10:30:00,200.0,200.0,199.0,200.0,19854.35455052,3954314.00532862
2026-05-20 10:45:00,200.0,201.0,200.0,201.0,36759.10069525,7351969.3878087
2026-05-20 11:00:00,201.0,201.0,201.0,201.0,83338.61924756,16751062.46875956
2026-05-20 11:15:00,201.0,201.0,201.0,201.0,9945.27611815,1999000.49974815
2026-05-20 11:30:00,201.0,201.0,200.0,200.0,9440.22356729,1888827.59405499
2026-05-20 11:45:00,200.0,200.0,200.0,200.0,5112.5,1022500.0
2026-05-20 12:00:00,199.0,200.0,199.0,200.0,14922.59634369,2969697.17490687
2026-05-20 12:15:00,200.0,201.0,199.0,201.0,37307.86470551,7473111.14973221
2026-05-20 12:30:00,200.0,200.0,200.0,200.0,12279.3535793,2455870.71586
2026-05-20 12:45:00,201.0,201.0,201.0,201.0,14937.81094525,3002499.99999525
2026-05-20 13:00:00,201.0,201.0,200.0,201.0,7014.16781333,1409792.14303868
2026-05-20 13:15:00,201.0,201.0,200.0,201.0,240326.68800881,48280893.27666086
2026-05-20 13:30:00,200.0,200.0,200.0,200.0,24131.34512622,4826269.025244
2026-05-20 13:45:00,202.0,202.0,202.0,202.0,197.92084155,39980.0099931
2026-05-20 14:00:00,202.0,202.0,202.0,202.0,229412.58809378,46341342.79494356
2026-05-20 14:15:00,203.0,203.0,203.0,203.0,26109.53234588,5300235.06621364
2026-05-20 14:30:00,203.0,203.0,203.0,203.0,10530.59171702,2137710.11855506
2026-05-20 14:45:00,203.0,203.0,203.0,203.0,20465.97341006,4154592.60224218
2026-05-20 15:00:00,203.0,203.0,203.0,203.0,1795.2434571,364434.4217913
2026-05-20 15:15:00,203.0,203.0,203.0,203.0,1002.6911421,203546.3018463
2026-05-20 15:30:00,203.0,203.0,203.0,203.0,17663.06684957,3585602.57046271
2026-05-20 16:00:00,204.0,204.0,203.0,203.0,12566.4209228,2552620.82109004
2026-05-20 16:15:00,204.0,205.0,204.0,205.0,78254.38476362,15964381.80909543
2026-05-20 16:30:00,205.0,205.0,204.0,204.0,11920.83171926,2436776.49999733
2026-05-20 16:45:00,203.0,203.0,203.0,203.0,5348.15812617,1085676.09961251
2026-05-20 17:00:00,203.0,204.0,203.0,204.0,49638.18406833,10091329.69099414
2026-05-20 17:15:00,203.0,204.0,203.0,204.0,50132.28846152,10179854.55768856
2026-05-20 17:30:00,203.0,204.0,203.0,204.0,17010.6222775,3467535.87641436
2026-05-20 17:45:00,204.0,204.0,204.0,204.0,3340.60420769,681483.25836876
2026-05-20 18:00:00,203.0,203.0,203.0,203.0,38600.0,7835800.0
2026-05-20 18:15:00,203.0,203.0,203.0,203.0,45100.0,9155300.0
2026-05-20 18:30:00,204.0,205.0,204.0,204.0,114754.81087928,23410995.24671329
2026-05-20 18:45:00,203.0,203.0,203.0,203.0,40.98360655,8319.67212965
2026-05-20 19:00:00,204.0,204.0,204.0,204.0,2668.94022407,544463.80571028
2026-05-20 19:15:00,203.0,205.0,203.0,205.0,10633.75023758,2168507.33488408
2026-05-20 19:30:00,204.0,204.0,203.0,203.0,189738.62681056,38701679.86935424
2026-05-20 19:45:00,203.0,203.0,203.0,203.0,3201.97044334,649999.99999802
2026-05-20 20:00:00,203.0,204.0,202.0,202.0,44443.98123574,8985410.79193247
2026-05-20 20:15:00,203.0,203.0,203.0,203.0,14956.76925495,3036224.15875485
2026-05-20 20:30:00,203.0,203.0,203.0,203.0,103915.30835566,21094807.59619898
2026-05-20 20:45:00,203.0,203.0,203.0,203.0,8470.17911298,1719446.35993494
2026-05-20 21:00:00,203.0,203.0,203.0,203.0,13929.17081274,2827621.67498622
2026-05-20 21:15:00,204.0,204.0,202.0,202.0,3449.38305613,697627.13592201
2026-05-20 21:30:00,203.0,204.0,203.0,203.0,29189.9486086,5925568.07264784
2026-05-20 21:45:00,204.0,205.0,203.0,204.0,65391.87263461,13347945.85855611
2026-05-20 22:00:00,204.0,204.0,204.0,204.0,6870.46078429,1401573.99999516
2026-05-20 22:15:00,203.0,204.0,203.0,204.0,2263.95095058,460072.23904617
2026-05-20 22:30:00,203.0,203.0,202.0,202.0,22812.70592698,4626821.32106724
2026-05-20 22:45:00,203.0,204.0,202.0,202.0,110280.65354451,22381256.97445643
2026-05-20 23:00:00,202.0,203.0,202.0,203.0,13285.510021,2684043.024242
2026-05-20 23:15:00,204.0,206.0,204.0,206.0,111479.84861668,22869601.3566129
2026-05-20 23:30:00,205.0,207.0,205.0,207.0,145231.91550647,29838721.445712
2026-05-20 23:45:00,206.0,207.0,206.0,207.0,19252.62020979,3966323.06659838
2026-05-21 00:00:00,206.0,206.0,206.0,206.0,13185.27025088,2716165.67168128
2026-05-21 00:15:00,206.0,209.0,206.0,208.0,247968.05655215,51596919.02989575
2026-05-21 00:30:00,209.0,210.0,209.0,210.0,75255.87315976,15729667.49038984
2026-05-21 00:45:00,210.0,211.0,210.0,211.0,119491.37438374,25093217.20826312
2026-05-21 01:00:00,210.0,211.0,209.0,210.0,90535.27066706,19011750.66240059
2026-05-21 01:15:00,210.0,210.0,208.0,208.0,13693.73556045,2864603.42011999
2026-05-21 01:30:00,208.0,210.0,208.0,210.0,24384.25012432,5088511.73434059
2026-05-21 01:45:00,210.0,210.0,210.0,210.0,1905.60329131,400176.6911751
2026-05-21 02:00:00,211.0,213.0,211.0,213.0,64272.94178934,13607050.82037047
2026-05-21 02:15:00,213.0,213.0,212.0,212.0,87636.7928807,18579538.65174126
2026-05-21 02:30:00,212.0,217.0,211.0,215.0,409596.08009963,88084687.68981741
2026-05-21 02:45:00,216.0,216.0,215.0,216.0,43790.26081925,9452566.82956356
2026-05-21 03:00:00,217.0,217.0,216.0,216.0,67079.95307904,14520303.75797623
2026-05-21 03:15:00,216.0,216.0,214.0,215.0,51247.33340823,11041963.48838639
2026-05-21 03:30:00,215.0,215.0,212.0,212.0,97377.20654435,20798098.44940776
2026-05-21 03:45:00,212.0,213.0,212.0,213.0,48595.85605708,10309732.41204221
2026-05-21 04:00:00,213.0,213.0,213.0,213.0,2533.55675103,539647.58796939
2026-05-21 04:15:00,214.0,214.0,214.0,214.0,8981.96301332,1922140.08485048
2026-05-21 04:30:00,214.0,214.0,214.0,214.0,7484.64446331,1601713.91514834
2026-05-21 04:45:00,214.0,214.0,214.0,214.0,2020.3555289,432356.0831846
2026-05-21 05:00:00,214.0,218.0,213.0,218.0,254978.45956358,54847077.85415201
2026-05-21 05:15:00,218.0,220.0,217.0,218.0,228524.28550458,49978349.65361582
2026-05-21 05:30:00,219.0,221.0,219.0,221.0,248217.23778729,54550398.83888678
2026-05-21 05:45:00,221.0,223.0,221.0,223.0,231602.84815862,51453441.87253527
2026-05-21 06:00:00,223.0,225.0,221.0,222.0,743206.91406785,165673746.75233912
2026-05-21 06:15:00,222.0,222.0,219.0,219.0,209156.12419843,46256217.19656123
2026-05-21 06:30:00,218.0,220.0,217.0,218.0,194651.2965212,42474698.30827661
2026-05-21 06:45:00,218.0,218.0,217.0,217.0,286067.24577612,62086600.31506941
2026-05-21 07:00:00,217.0,217.0,215.0,216.0,92902.73672884,20068608.49972537
2026-05-21 07:15:00,215.0,218.0,215.0,218.0,47089.19668506,10183063.07163047
2026-05-21 07:30:00,218.0,219.0,218.0,218.0,80673.38177038,17654599.09005152
2026-05-21 07:45:00,218.0,219.0,218.0,218.0,51503.25490433,11232499.67637342
2026-05-21 08:00:00,218.0,220.0,218.0,219.0,161538.0634757,35387228.13172273
2026-05-21 08:15:00,218.0,218.0,217.0,217.0,48225.69936634,10482030.27041057
2026-05-21 08:30:00,217.0,217.0,217.0,217.0,66798.93424121,14495368.73034257
2026-05-21 08:45:00,216.0,217.0,216.0,216.0,128681.25411789,27823335.31264085
2026-05-21 09:00:00,217.0,218.0,216.0,218.0,106485.06358077,23171651.46429295
2026-05-21 09:15:00,219.0,220.0,218.0,220.0,201616.31355404,44304368.55445095
2026-05-21 09:30:00,220.0,227.0,220.0,226.0,354920.1914433,79502624.96860819
2026-05-21 09:45:00,225.0,228.0,224.0,227.0,775690.96878274,175456116.83600923
2026-05-21 10:00:00,227.0,230.0,225.0,230.0,951233.41435296,215909570.49332935
2026-05-21 10:15:00,229.0,232.0,229.0,232.0,1395918.53267787,321584451.5900709
2026-05-21 10:30:00,232.0,235.0,229.0,232.0,2346846.54626891,543896006.7656393
2026-05-21 10:45:00,233.0,235.0,231.0,234.0,1041065.96337745,243325910.40907347
2026-05-21 11:00:00,234.0,235.0,228.0,229.0,1439859.01669897,333604067.4283962
2026-05-21 11:15:00,229.0,230.0,228.0,229.0,479212.44218913,109850068.78876927
2026-05-21 11:30:00,228.0,229.0,227.0,227.0,452577.88190798,103276224.86200161
2026-05-21 11:45:00,227.0,228.0,226.0,228.0,298699.0675344,67784657.39302018
2026-05-21 12:00:00,229.0,230.0,228.0,229.0,217982.73985219,49955990.42990155
2026-05-21 12:15:00,229.0,232.0,229.0,231.0,475778.6827693,109599311.15814984
2026-05-21 12:30:00,231.0,231.0,229.0,229.0,249737.98339687,57356494.99626692
2026-05-21 12:45:00,231.0,231.0,229.0,231.0,356601.21126838,82033710.69122592
2026-05-21 13:00:00,230.0,232.0,230.0,230.0,378247.43469237,87319328.80558047
2026-05-21 13:15:00,229.0,230.0,226.0,226.0,553867.8140136,125967614.51464976
2026-05-21 13:30:00,226.0,227.0,222.0,223.0,461366.86016863,103417358.48741993
2026-05-21 13:45:00,222.0,224.0,222.0,224.0,141551.46430627,31560371.37377795
2026-05-21 14:00:00,223.0,224.0,223.0,223.0,371287.80834145,82966154.36293212
2026-05-21 14:15:00,223.0,224.0,222.0,223.0,203052.89683436,45237957.26125564
2026-05-21 14:30:00,223.0,223.0,223.0,223.0,364540.8700196,81292614.0143708
2026-05-21 14:45:00,223.0,223.0,220.0,221.0,255316.75198639,56475135.82963503
2026-05-21 15:00:00,221.0,222.0,221.0,221.0,49011.85479741,10831922.70477628
2026-05-21 15:15:00,222.0,222.0,221.0,222.0,230833.13822767,51206375.11338704
2026-05-21 15:30:00,221.0,222.0,220.0,221.0,457632.82716262,100954067.01890343
2026-05-21 15:45:00,221.0,222.0,220.0,222.0,183680.5152705,40725153.72714758
2026-05-21 16:00:00,222.0,224.0,222.0,222.0,400373.58573759,89245583.4515916
2026-05-21 16:15:00,222.0,225.0,222.0,224.0,317798.53365968,71039927.53954482
2026-05-21 16:30:00,224.0,225.0,224.0,224.0,389456.97180346,87238406.12841947
2026-05-21 16:45:00,225.0,226.0,224.0,224.0,115809.42224323,26039305.72370672
2026-05-21 17:00:00,223.0,225.0,223.0,224.0,12106.91727555,2713091.94246158
2026-05-21 17:15:00,224.0,224.0,221.0,222.0,204969.36706395,45573767.43012532
2026-05-21 17:30:00,222.0,224.0,221.0,224.0,161429.29103762,35889285.91321259
2026-05-21 17:45:00,223.0,225.0,223.0,224.0,234405.44801078,52405448.8554481
2026-05-21 18:00:00,224.0,236.0,224.0,236.0,1896012.28576002,438936070.30565286
2026-05-21 18:15:00,236.0,248.0,234.0,246.0,8481762.78170127,2052040713.4621387
2026-05-21 18:30:00,247.0,250.0,240.0,246.0,9296136.72301079,2288474450.2268825
2026-05-21 18:45:00,247.0,247.0,237.0,240.0,5943349.39927792,1429330827.2265937
2026-05-21 19:00:00,240.0,244.0,238.0,244.0,2530016.17547838,610131553.6927835
2026-05-21 19:15:00,244.0,254.0,243.0,250.0,10044994.39511807,2512000366.5347753
2026-05-21 19:30:00,251.0,254.0,241.0,244.0,7447447.98566832,1844776254.2356951
2026-05-21 19:45:00,244.0,246.0,241.0,245.0,2405670.38028153,585326898.1277866
2026-05-21 20:00:00,245.0,246.0,240.0,242.0,2668274.68568401,645123550.0571747
2026-05-21 20:15:00,243.0,243.0,237.0,238.0,2070470.2539765,495550576.40765446
2026-05-21 20:30:00,238.0,238.0,232.0,233.0,3141939.76212548,737408900.7579976
2026-05-21 20:45:00,233.0,234.0,229.0,230.0,1911398.2007162,442216869.3966056
2026-05-21 21:00:00,230.0,230.0,225.0,225.0,2029012.59934101,461250700.6965772
2026-05-21 21:15:00,225.0,225.0,222.0,224.0,1234248.06510586,276160811.28460807
2026-05-21 21:30:00,224.0,225.0,222.0,222.0,904741.70684042,201542972.78948566
2026-05-21 21:45:00,223.0,225.0,222.0,224.0,625377.99743421,139826654.70657927
2026-05-21 22:00:00,224.0,225.0,223.0,225.0,828627.20697524,185659352.66927764
2026-05-21 22:15:00,224.0,226.0,223.0,225.0,593605.76541521,133504201.63235728
2026-05-21 22:30:00,225.0,225.0,220.0,222.0,1383066.71039206,307741562.64842933
2026-05-21 22:45:00,222.0,227.0,222.0,226.0,856665.40598262,192735563.33735615
2026-05-21 23:00:00,227.0,229.0,227.0,229.0,584860.69569948,133422875.59759651
2026-05-21 23:15:00,229.0,230.0,224.0,227.0,495034.60060074,112107408.7641324
2026-05-21 23:30:00,227.0,229.0,226.0,228.0,165131.27337867,37542228.00137864
2026-05-21 23:45:00,228.0,230.0,227.0,230.0,290759.27811548,66535168.12541015
2026-05-22 00:00:00,230.0,232.0,228.0,231.0,351111.81975773,80758767.8750807
2026-05-22 00:15:00,231.0,236.0,231.0,235.0,676602.13195496,157918052.162647
2026-05-22 00:30:00,236.0,237.0,233.0,234.0,392988.68469756,92218785.46892665
2026-05-22 00:45:00,234.0,235.0,233.0,233.0,222805.56188616,52124501.1109527
2026-05-22 01:00:00,233.0,236.0,233.0,235.0,95273.90206876,22330504.6431519
2026-05-22 01:15:00,234.0,235.0,232.0,233.0,90365.51184139,21044454.67418123
2026-05-22 01:30:00,233.0,234.0,229.0,230.0,205781.75468911,47607173.21117023
2026-05-22 01:45:00,230.0,231.0,229.0,230.0,112097.19921041,25789561.96055356
2026-05-22 02:00:00,230.0,232.0,229.0,231.0,167117.90648024,38477957.12289635
2026-05-22 02:15:00,232.0,233.0,231.0,231.0,63628.74590203,14737581.28638597
2026-05-22 02:30:00,231.0,232.0,231.0,232.0,56853.01732065,13171116.09786579
2026-05-22 02:45:00,231.0,233.0,231.0,232.0,52395.97699564,12151893.47095945
2026-05-22 03:00:00,232.0,232.0,230.0,231.0,230788.66953123,53362371.12562006
2026-05-22 03:15:00,231.0,232.0,231.0,231.0,88358.62855453,20416062.83627634
2026-05-22 03:30:00,232.0,233.0,231.0,231.0,247818.38915549,57436791.16435899
2026-05-22 03:45:00,230.0,231.0,230.0,230.0,141743.734865,32603924.07208852
2026-05-22 04:00:00,230.0,230.0,228.0,228.0,42129.22917882,9642629.95520508
2026-05-22 04:15:00,229.0,230.0,228.0,228.0,204509.70059136,46681338.17665127
2026-05-22 04:30:00,228.0,229.0,227.0,227.0,51709.40658191,11743063.24551334
2026-05-22 04:45:00,229.0,230.0,227.0,230.0,83417.48567107,19149584.24391815
2026-05-22 05:00:00,230.0,232.0,230.0,232.0,95186.84846686,21894729.04556515
2026-05-22 05:15:00,232.0,233.0,231.0,232.0,115082.56685978,26672699.60993304
2026-05-22 05:30:00,232.0,233.0,231.0,233.0,39422.14479545,9153495.55938836
2026-05-22 05:45:00,233.0,234.0,233.0,234.0,114237.18248903,26642493.86662945
2026-05-22 06:00:00,234.0,235.0,233.0,233.0,102833.71253803,24052251.22107744
2026-05-22 06:15:00,233.0,235.0,233.0,233.0,85310.07641174,19898363.92511637
2026-05-22 06:30:00,234.0,235.0,233.0,234.0,61881.6461298,14455356.42339682
2026-05-22 06:45:00,234.0,235.0,233.0,233.0,225021.64672494,52546659.06966037
2026-05-22 07:00:00,233.0,234.0,231.0,232.0,381383.58108143,88486169.15080445
2026-05-22 07:15:00,232.0,232.0,231.0,232.0,88319.54243835,20468352.68343281
2026-05-22 07:30:00,232.0,233.0,232.0,232.0,70975.29297026,16480018.08000942
2026-05-22 07:45:00,232.0,233.0,231.0,231.0,35602.31423182,8262173.73701859
2026-05-22 08:00:00,231.0,233.0,231.0,233.0,148404.59423308,34387401.94323441
2026-05-22 08:15:00,232.0,235.0,232.0,233.0,183685.31284875,42756937.08627505
2026-05-22 08:30:00,233.0,235.0,233.0,233.0,155394.02214939,36306504.34100776
2026-05-22 08:45:00,233.0,234.0,232.0,233.0,259372.58608527,60288159.36081083
2026-05-22 09:00:00,233.0,234.0,230.0,233.0,510584.20087843,118404611.40083899
2026-05-22 09:15:00,233.0,235.0,231.0,233.0,651855.48033698,152245654.93942976
2026-05-22 09:30:00,233.0,234.0,230.0,230.0,523890.93006969,121011025.4385574
2026-05-22 09:45:00,231.0,231.0,229.0,229.0,326326.67316046,74868083.48110084
2026-05-22 10:00:00,229.0,235.0,229.0,235.0,304056.8542928,70877467.82166657
2026-05-22 10:15:00,235.0,235.0,231.0,233.0,602699.75593482,140928530.3566335
2026-05-22 10:30:00,233.0,234.0,230.0,230.0,163560.84321214,37868894.35361605
2026-05-22 10:45:00,229.0,232.0,229.0,232.0,179836.13248413,41484781.02319461
2026-05-22 11:00:00,231.0,231.0,229.0,230.0,93628.26463658,21497484.72495324
2026-05-22 11:15:00,229.0,230.0,228.0,229.0,326288.42122512,74650540.8144948
2026-05-22 11:30:00,229.0,230.0,228.0,229.0,82911.23268807,18966583.00920352
2026-05-22 11:45:00,229.0,230.0,228.0,229.0,385859.02474413,88127701.64413618
2026-05-22 12:00:00,228.0,229.0,228.0,228.0,50548.26739202,11536183.5609081
2026-05-22 12:15:00,227.0,228.0,227.0,227.0,114874.11871918,26081294.67220377
2026-05-22 12:30:00,228.0,228.0,227.0,228.0,273444.43067289,62192250.77396918
2026-05-22 12:45:00,227.0,229.0,227.0,228.0,152539.37180889,34716591.9624614
2026-05-22 13:00:00,227.0,230.0,227.0,229.0,203848.30768888,46664109.30248808
2026-05-22 13:15:00,229.0,231.0,229.0,230.0,216778.42475101,49892467.9962243
2026-05-22 13:30:00,231.0,231.0,230.0,231.0,125871.7093651,29076309.97021214
2026-05-22 13:45:00,230.0,231.0,229.0,229.0,151889.73251684,34847362.57442764
2026-05-22 14:00:00,229.0,230.0,228.0,230.0,198233.38624433,45355397.47067971
2026-05-22 14:15:00,229.0,230.0,228.0,228.0,58271.60367112,13349496.04163504
2026-05-22 14:30:00,228.0,229.0,228.0,229.0,159433.06544538,36363287.41435931
2026-05-22 14:45:00,229.0,231.0,229.0,230.0,95812.20319585,22029789.96286927
2026-05-22 15:00:00,229.0,230.0,228.0,230.0,96947.611633,22242517.11731488
2026-05-22 15:15:00,229.0,229.0,227.0,228.0,217831.55984028,49718188.13375599
2026-05-22 15:30:00,228.0,228.0,227.0,227.0,101098.28487831,22984428.65084513
2026-05-22 15:45:00,228.0,228.0,226.0,227.0,135958.97145414,30833966.91302348
2026-05-22 16:00:00,227.0,227.0,225.0,226.0,116298.42042768,26279280.84269116
2026-05-22 16:15:00,226.0,229.0,226.0,229.0,204665.69934553,46546939.63713497
2026-05-22 16:30:00,229.0,229.0,227.0,228.0,80658.8786009,18383531.32620758
2026-05-22 16:45:00,228.0,229.0,227.0,227.0,58952.39366632,13437852.42472448
2026-05-22 17:00:00,228.0,232.0,227.0,231.0,637328.95342925,146319294.5850682
2026-05-22 17:15:00,231.0,233.0,231.0,233.0,434141.23012539,100573936.1705642
2026-05-22 17:30:00,233.0,233.0,228.0,228.0,289652.40008094,66541986.87030408
2026-05-22 17:45:00,228.0,232.0,228.0,231.0,74029.19770635,17008487.92525175
2026-05-22 18:00:00,232.0,234.0,231.0,231.0,612742.58425518,142235939.2092671
2026-05-22 18:15:00,231.0,237.0,231.0,237.0,544260.15107216,128083104.36270899
2026-05-22 18:30:00,237.0,238.0,235.0,236.0,399462.41706929,94430266.55397579
2026-05-22 18:45:00,237.0,239.0,237.0,238.0,206224.67103466,49016782.80894589
2026-05-22 19:00:00,237.0,241.0,237.0,241.0,493779.62866466,118631135.53255054
2026-05-22 19:15:00,240.0,241.0,236.0,237.0,1248899.4223892,297097989.1517245
2026-05-22 19:30:00,238.0,238.0,233.0,234.0,486958.35229688,114186168.64298356
2026-05-22 19:45:00,234.0,235.0,233.0,233.0,347720.33414448,81590245.90934862
2026-05-22 20:00:00,233.0,234.0,233.0,233.0,149567.42417722,34856601.97831142
2026-05-22 20:15:00,233.0,233.0,232.0,232.0,130352.37931178,30268049.93566719
2026-05-22 20:30:00,232.0,234.0,232.0,233.0,197132.57040412,45777252.59755745
2026-05-22 20:45:00,233.0,235.0,233.0,235.0,102488.56560077,23974533.72897014
2026-05-22 21:00:00,234.0,239.0,234.0,236.0,264163.69421993,62535159.76366616
2026-05-22 21:15:00,236.0,237.0,235.0,235.0,87017.78052631,20528250.56003273
2026-05-22 21:30:00,235.0,235.0,234.0,235.0,75683.69918426,17712056.36097492
2026-05-22 21:45:00,235.0,240.0,235.0,240.0,301126.5075521,71958123.70939744
2026-05-22 22:00:00,240.0,242.0,239.0,241.0,239484.85468806,57553877.87076181
2026-05-22 22:15:00,242.0,242.0,235.0,235.0,337264.18470255,80357441.22309372
2026-05-22 22:30:00,237.0,237.0,234.0,234.0,372950.33801214,87739457.01713502
2026-05-22 22:45:00,234.0,234.0,232.0,233.0,222169.60282826,51813214.76390646
2026-05-22 23:00:00,233.0,235.0,232.0,234.0,235731.18185999,54881889.02677884
2026-05-22 23:15:00,234.0,235.0,230.0,232.0,637612.01150402,148131809.93935132
2026-05-22 23:30:00,232.0,233.0,232.0,232.0,37463.50671095,8724270.94891073
2026-05-22 23:45:00,232.0,232.0,232.0,232.0,12349.01868407,2864972.33470424
2026-05-23 00:00:00,232.0,233.0,232.0,232.0,329749.82520237,76659907.3779779
2026-05-23 00:15:00,233.0,234.0,232.0,233.0,38761.79454912,9028662.4091992
2026-05-23 00:30:00,234.0,234.0,232.0,232.0,11979.76568148,2781586.01389585
2026-05-23 00:45:00,233.0,234.0,232.0,234.0,7950.27009987,1847438.95754837
2026-05-23 01:00:00,234.0,234.0,232.0,233.0,74864.17419567,17390424.94933657
2026-05-23 01:15:00,232.0,232.0,232.0,232.0,6976.85320705,1618629.9440356
2026-05-23 01:30:00,231.0,232.0,231.0,231.0,87456.22542016,20209575.47291902
2026-05-23 01:45:00,232.0,232.0,232.0,232.0,6774.31478921,1571641.03109672
2026-05-23 02:00:00,231.0,231.0,231.0,231.0,40341.05262942,9318783.15739602
2026-05-23 02:15:00,231.0,233.0,231.0,233.0,15755.1305232,3645930.06965014
2026-05-23 02:30:00,233.0,233.0,232.0,232.0,20276.01983568,4724113.71679908
2026-05-23 02:45:00,232.0,232.0,230.0,230.0,24635.95160156,5680292.40981398
2026-05-23 03:00:00,230.0,230.0,228.0,228.0,31223.6792794,7149277.15595274
2026-05-23 03:15:00,230.0,230.0,228.0,228.0,211763.22482452,48688024.61632258
2026-05-23 03:30:00,228.0,228.0,224.0,224.0,122678.58949343,27669577.34082112
2026-05-23 03:45:00,224.0,224.0,222.0,224.0,458372.88724362,102432572.67790128
2026-05-23 04:00:00,223.0,224.0,218.0,222.0,201313.47165533,44235984.9544848
2026-05-23 04:15:00,222.0,222.0,220.0,220.0,50409.39165716,11140036.01929542
2026-05-23 04:30:00,220.0,220.0,217.0,218.0,114463.92854566,24964605.88448708
2026-05-23 04:45:00,219.0,219.0,218.0,218.0,428075.98130081,93667748.69099168
2026-05-23 05:00:00,219.0,220.0,218.0,220.0,47296.56249657,10365025.98078738
2026-05-23 05:15:00,220.0,220.0,218.0,218.0,63886.45935413,14023509.69267102
2026-05-23 05:30:00,218.0,219.0,218.0,219.0,54574.70357213,11901303.60343802
2026-05-23 05:45:00,219.0,221.0,219.0,221.0,191950.3051798,42306221.56921598
2026-05-23 06:00:00,221.0,221.0,221.0,221.0,16208.67049195,3582116.17872095
2026-05-23 06:15:00,221.0,222.0,221.0,222.0,80808.33276868,17869616.79888818
2026-05-23 06:30:00,222.0,222.0,221.0,221.0,233965.92858358,51732696.17292291
2026-05-23 06:45:00,221.0,221.0,220.0,220.0,73417.50318835,16168543.42306259
2026-05-23 07:00:00,220.0,220.0,219.0,220.0,54717.35915997,12017967.84966611
2026-05-23 07:15:00,220.0,220.0,219.0,219.0,73964.19298654,16266817.49383736
2026-05-23 07:30:00,219.0,220.0,218.0,220.0,94271.01805159,20644516.00642942
2026-05-23 07:45:00,220.0,220.0,219.0,220.0,40327.01398966,8856308.176483
2026-05-23 08:00:00,220.0,220.0,219.0,219.0,88226.43141558,19408504.75181927
2026-05-23 08:15:00,220.0,220.0,218.0,219.0,113032.15713643,24765258.8954792
2026-05-23 08:30:00,218.0,219.0,218.0,219.0,91361.17992305,19978600.75304445
2026-05-23 08:45:00,218.0,218.0,215.0,217.0,198152.56834248,42908641.58123338
2026-05-23 09:00:00,217.0,217.0,215.0,215.0,115480.9166328,24951368.94524853
2026-05-23 09:15:00,215.0,217.0,215.0,215.0,99217.92078601,21412168.52044246
2026-05-23 09:30:00,215.0,216.0,215.0,216.0,241795.21552412,52029499.9482167
2026-05-23 09:45:00,216.0,219.0,216.0,219.0,244736.52914364,53297544.95821294
2026-05-23 10:00:00,219.0,219.0,219.0,219.0,91249.37746948,19983613.66581612
2026-05-23 10:15:00,218.0,220.0,217.0,219.0,121392.30327871,26487444.72483492
2026-05-23 10:30:00,219.0,221.0,219.0,221.0,260873.13460321,57240366.23505653
2026-05-23 10:45:00,220.0,220.0,219.0,219.0,115396.21950918,25274034.51594933
2026-05-23 11:00:00,220.0,221.0,219.0,220.0,21010.76053502,4631805.8005495
2026-05-23 11:15:00,219.0,221.0,218.0,218.0,97856.09650985,21445203.9595104
2026-05-23 11:30:00,218.0,220.0,218.0,220.0,215961.97024416,47484270.22514467
2026-05-23 11:45:00,220.0,222.0,219.0,222.0,137797.63760123,30478439.85141839
2026-05-23 12:00:00,221.0,221.0,220.0,220.0,153828.05039572,33913231.73722199
2026-05-23 12:15:00,220.0,221.0,219.0,219.0,90086.12543172,19791878.12891797
2026-05-23 12:30:00,219.0,219.0,219.0,219.0,1499.40338119,328369.34048061
2026-05-23 12:45:00,219.0,220.0,218.0,218.0,96512.9441281,21144787.40076895
2026-05-23 13:00:00,218.0,218.0,217.0,217.0,112918.5944985,24572309.76457205
2026-05-23 13:15:00,217.0,217.0,216.0,217.0,22275.96102018,4833362.02584907
2026-05-23 13:30:00,217.0,217.0,216.0,216.0,61585.90105507,13316618.02077289
2026-05-23 13:45:00,217.0,217.0,216.0,216.0,9451.87320941,2046258.30447679
2026-05-23 14:00:00,216.0,217.0,216.0,217.0,8196.4598682,1777721.19090566
2026-05-23 14:15:00,216.0,216.0,215.0,215.0,94830.87448537,20482725.66196768
2026-05-23 14:30:00,216.0,216.0,216.0,216.0,10762.17579713,2324629.97218008
2026-05-23 14:45:00,216.0,216.0,216.0,216.0,47541.55552792,10268975.99403072
2026-05-23 15:00:00,216.0,216.0,215.0,215.0,37137.56676007,7993676.1819915
2026-05-23 15:15:00,215.0,215.0,215.0,215.0,15361.04285293,3302624.21337995
2026-05-23 15:30:00,216.0,216.0,214.0,214.0,102974.87333169,22122732.07423333
2026-05-23 15:45:00,215.0,215.0,214.0,215.0,101618.08132806,21748647.89257692
2026-05-23 16:00:00,214.0,214.0,213.0,214.0,86865.65918139,18589223.15784072
2026-05-23 16:15:00,215.0,216.0,215.0,215.0,16644.29818734,3580586.54927661
2026-05-23 16:30:00,215.0,215.0,213.0,213.0,83874.11010875,17982400.63728695
2026-05-23 16:45:00,213.0,213.0,206.0,209.0,1284208.65443929,269986838.68636894
2026-05-23 17:00:00,208.0,210.0,208.0,210.0,87479.87052889,18218017.89881575
2026-05-23 17:15:00,209.0,210.0,209.0,210.0,109588.46943926,22934209.42947196
2026-05-23 17:30:00,209.0,209.0,207.0,208.0,29723.63162389,6188529.92236548
2026-05-23 17:45:00,208.0,210.0,208.0,209.0,43643.24938711,9127960.73927
2026-05-23 18:00:00,209.0,210.0,209.0,209.0,22372.52350979,4691486.50164133
2026-05-23 18:15:00,209.0,210.0,208.0,210.0,109949.99585499,23075115.53013681
2026-05-23 18:30:00,210.0,211.0,210.0,210.0,98084.72483706,20688635.46714268
2026-05-23 18:45:00,211.0,212.0,210.0,210.0,321047.24461068,67915549.86986881
2026-05-23 19:00:00,211.0,211.0,210.0,210.0,34473.43905399,7244232.62787817
2026-05-23 19:15:00,210.0,210.0,210.0,210.0,607.84648326,127647.7614846
2026-05-23 19:30:00,210.0,213.0,210.0,213.0,125243.61636517,26495823.5053871
2026-05-23 19:45:00,213.0,213.0,211.0,211.0,41103.47604711,8705970.4036201
2026-05-23 20:00:00,211.0,212.0,211.0,211.0,87581.16913697,18480918.502995
2026-05-23 20:15:00,211.0,211.0,210.0,211.0,55181.94775714,11643219.95797328
2026-05-23 20:30:00,211.0,211.0,211.0,211.0,30461.57016277,6427391.30434447
2026-05-23 20:45:00,210.0,210.0,210.0,210.0,37337.97961372,7840975.7188812
2026-05-23 21:00:00,210.0,210.0,210.0,210.0,127693.22774017,26815577.8254357
2026-05-23 21:15:00,211.0,211.0,209.0,210.0,134711.44973387,28290074.29700171
2026-05-23 21:30:00,209.0,212.0,209.0,211.0,382757.31319569,80423864.58079667
2026-05-23 21:45:00,211.0,213.0,211.0,213.0,122612.86829288,25989517.5979717
2026-05-23 22:00:00,213.0,214.0,213.0,213.0,46643.64493789,9935469.88514351
2026-05-23 22:15:00,214.0,215.0,214.0,215.0,206640.33489669,44422009.08281209
2026-05-23 22:30:00,215.0,215.0,214.0,214.0,8681.65713514,1866530.19709858
2026-05-23 22:45:00,215.0,215.0,214.0,214.0,6249.24878799,1343524.12493188
2026-05-23 23:00:00,214.0,215.0,214.0,215.0,25359.65421094,5428931.71595817
2026-05-23 23:15:00,215.0,215.0,215.0,215.0,52666.88591887,11323380.47255705
2026-05-23 23:30:00,215.0,216.0,215.0,215.0,201045.61363888,43238914.91013126
2026-05-23 23:45:00,215.0,217.0,215.0,217.0,112752.81191696,24374823.22211841
2026-05-24 00:00:00,217.0,219.0,217.0,218.0,154648.49588164,33707654.46590939
2026-05-24 00:15:00,218.0,218.0,217.0,217.0,81570.25041149,17734190.31741703
2026-05-24 00:30:00,217.0,218.0,217.0,218.0,56075.47395896,12170212.71147964
2026-05-24 00:45:00,217.0,217.0,217.0,217.0,223.44549763,48487.67298571
2026-05-24 01:00:00,218.0,220.0,218.0,219.0,24148.96130382,5282119.46756791
2026-05-24 01:15:00,219.0,219.0,218.0,218.0,212113.84893011,46275590.52950816
2026-05-24 01:30:00,218.0,219.0,218.0,219.0,57824.07815725,12662899.11643775
2026-05-24 01:45:00,219.0,219.0,219.0,219.0,27306.73951337,5980175.95342803
2026-05-24 02:00:00,218.0,220.0,218.0,219.0,5644.65211978,1238858.41042317
2026-05-24 02:15:00,220.0,220.0,219.0,219.0,49634.27682344,10874113.93008957
2026-05-24 02:30:00,220.0,220.0,220.0,220.0,908.6875,199911.25
2026-05-24 02:45:00,219.0,220.0,219.0,220.0,13868.71391576,3049975.0614672
2026-05-24 03:00:00,220.0,220.0,220.0,220.0,19480.26324786,4285657.9145292
2026-05-24 03:15:00,221.0,222.0,220.0,220.0,13819.413604,3063968.820088
2026-05-24 03:30:00,222.0,226.0,222.0,226.0,43719.39957884,9767473.50598604
2026-05-24 03:45:00,226.0,226.0,224.0,224.0,9638.56046635,2166288.51549266
2026-05-24 04:00:00,224.0,224.0,223.0,223.0,5968.92075662,1335589.41801054
2026-05-24 04:15:00,224.0,225.0,224.0,224.0,162598.2627733,36422190.1607792
2026-05-24 04:30:00,224.0,224.0,222.0,223.0,360.64408845,80223.92213015
2026-05-24 04:45:00,223.0,224.0,223.0,223.0,7171.48153533,1604319.90928214
2026-05-24 05:00:00,224.0,224.0,223.0,224.0,22499.37270534,5028759.48599616
2026-05-24 05:15:00,224.0,224.0,222.0,222.0,203374.23486527,45365220.63159104
2026-05-24 05:30:00,222.0,228.0,222.0,226.0,107250.8903728,24178143.18487042
2026-05-24 05:45:00,228.0,229.0,227.0,228.0,76542.08277959,17436748.58397509
2026-05-24 06:00:00,229.0,230.0,228.0,230.0,148788.37299437,34051564.77381631
2026-05-24 06:15:00,229.0,229.0,226.0,226.0,151202.30378144,34437329.30092801
2026-05-24 06:30:00,226.0,226.0,225.0,225.0,51122.14077967,11552186.52553968
2026-05-24 06:45:00,226.0,226.0,225.0,226.0,9500.03077356,2146852.05193692
2026-05-24 07:00:00,226.0,226.0,225.0,225.0,16816.3028324,3795095.0070039
2026-05-24 07:15:00,225.0,225.0,225.0,225.0,294794.81794764,66328834.038219
2026-05-24 07:30:00,224.0,224.0,223.0,224.0,54362.74876523,12169912.21825136
2026-05-24 07:45:00,225.0,225.0,224.0,224.0,7070.24267154,1589131.38923826
2026-05-24 08:00:00,224.0,225.0,224.0,225.0,66592.61234085,14977543.84879484
2026-05-24 08:15:00,226.0,226.0,226.0,226.0,4297.61504423,971260.99999598
2026-05-24 08:30:00,227.0,228.0,226.0,228.0,53186.6951466,12067268.39429659
2026-05-24 08:45:00,227.0,227.0,225.0,225.0,93406.25834124,21154149.64212317
2026-05-24 09:00:00,225.0,227.0,225.0,227.0,128458.76766422,28981070.36768925
2026-05-24 09:15:00,227.0,228.0,226.0,227.0,223219.44107667,50597703.6166338
2026-05-24 09:30:00,227.0,229.0,226.0,228.0,141180.47864728,32057854.30802399
2026-05-24 09:45:00,228.0,233.0,228.0,233.0,135537.26265888,31122626.3008884
2026-05-24 10:00:00,233.0,235.0,232.0,235.0,368933.72063444,86212901.05514179
2026-05-24 10:15:00,235.0,238.0,235.0,235.0,1021499.74941775,241549623.13688388
2026-05-24 10:30:00,236.0,238.0,234.0,237.0,618466.89086964,145914258.03657442
2026-05-24 10:45:00,237.0,239.0,236.0,237.0,1067668.68957316,253972095.57184273
2026-05-24 11:00:00,237.0,240.0,236.0,239.0,632143.1723955,150696747.80748525
2026-05-24 11:15:00,240.0,240.0,236.0,236.0,730287.68355838,173557553.29375535
2026-05-24 11:30:00,236.0,239.0,235.0,239.0,540200.74894508,128198477.36130917
2026-05-24 11:45:00,240.0,240.0,236.0,237.0,696902.10186266,165702763.90652406
2026-05-24 12:00:00,238.0,239.0,237.0,238.0,329237.19684175,78522260.54771504
2026-05-24 12:15:00,238.0,239.0,236.0,238.0,284611.52192924,67501722.34217612
2026-05-24 12:30:00,238.0,239.0,236.0,237.0,169934.25315788,40382624.79032593
2026-05-24 12:45:00,237.0,237.0,235.0,237.0,180382.49165236,42609387.45658449
2026-05-24 13:00:00,237.0,239.0,237.0,239.0,306806.38162771,72846266.38055754
2026-05-24 13:15:00,239.0,240.0,237.0,238.0,72477.87275224,17260669.34841221
2026-05-24 13:30:00,238.0,238.0,235.0,235.0,373062.27949396,88103680.83574773
2026-05-24 13:45:00,235.0,236.0,233.0,236.0,385645.44458714,90374990.06955764
2026-05-24 14:00:00,236.0,236.0,233.0,235.0,238566.15285602,56006148.88527693
2026-05-24 14:15:00,235.0,236.0,231.0,233.0,256414.32430803,59735623.3023736
2026-05-24 14:30:00,233.0,234.0,232.0,232.0,60838.96985378,14215359.13285558
2026-05-24 14:45:00,233.0,236.0,233.0,235.0,68717.86045964,16079680.31971872
2026-05-24 15:00:00,235.0,236.0,235.0,236.0,139394.98199235,32840551.79718052
2026-05-24 15:15:00,235.0,237.0,235.0,237.0,82642.91263541,19515585.27787403
2026-05-24 15:30:00,237.0,240.0,236.0,239.0,278818.68891533,66406855.29820781
2026-05-24 15:45:00,239.0,240.0,238.0,240.0,195692.9359398,46738646.2577918
2026-05-24 16:00:00,241.0,241.0,239.0,239.0,405727.60168966,97580181.69846138
2026-05-24 16:15:00,239.0,241.0,238.0,241.0,257601.57375569,61791883.58458968
2026-05-24 16:30:00,242.0,242.0,239.0,239.0,366135.83813758,88159994.09304446
2026-05-24 16:45:00,240.0,241.0,238.0,239.0,336761.0508359,80588511.45793949
2026-05-24 17:00:00,239.0,239.0,237.0,238.0,221675.41724316,52652888.93005593
2026-05-24 17:15:00,238.0,241.0,238.0,241.0,695263.98169694,166884500.49615365
2026-05-24 17:30:00,241.0,241.0,239.0,241.0,471359.18396198,113217442.0092827
2026-05-24 17:45:00,241.0,243.0,240.0,240.0,522314.41995002,126118705.704587
2026-05-24 18:00:00,239.0,241.0,239.0,241.0,283399.82341991,68122899.77188976
2026-05-24 18:15:00,241.0,242.0,239.0,240.0,70252.82858781,16894877.17481637
2026-05-24 18:30:00,240.0,240.0,237.0,238.0,423012.50491475,100825435.38069458
2026-05-24 18:45:00,237.0,239.0,237.0,238.0,77527.68186645,18470020.87315948
2026-05-24 19:00:00,238.0,238.0,236.0,237.0,157141.9667795,37287999.44289569
2026-05-24 19:15:00,237.0,237.0,235.0,236.0,234246.58739737,55251253.20323971
2026-05-24 19:30:00,235.0,238.0,234.0,237.0,192783.13907347,45404769.44645171
2026-05-24 19:45:00,236.0,236.0,235.0,235.0,193539.16354163,45585770.76799123
2026-05-24 20:00:00,235.0,237.0,235.0,237.0,163510.31314607,38563499.80280274
2026-05-24 20:15:00,237.0,237.0,234.0,235.0,373934.62265605,87634616.08322105
2026-05-24 20:30:00,234.0,236.0,234.0,236.0,159927.84249314,37667527.09405582
2026-05-24 20:45:00,236.0,236.0,233.0,235.0,243987.60304173,57064512.28799228
2026-05-24 21:00:00,234.0,236.0,234.0,236.0,93335.48527663,21904092.85401174
2026-05-24 21:15:00,236.0,236.0,234.0,236.0,78182.36757374,18332814.40535885
2026-05-24 21:30:00,236.0,237.0,235.0,235.0,103215.2051432,24296389.9462961
2026-05-24 21:45:00,236.0,236.0,235.0,235.0,61786.00872999,14581473.4559126
2026-05-24 22:00:00,235.0,237.0,234.0,237.0,89423.83391834,21059583.93777247
2026-05-24 22:15:00,237.0,238.0,237.0,237.0,236838.75241262,56316739.43540689
2026-05-24 22:30:00,237.0,239.0,236.0,239.0,264628.1141242,62920258.41823307
2026-05-24 22:45:00,239.0,239.0,233.0,236.0,934124.26092508,222309495.25179836
2026-05-24 23:00:00,236.0,236.0,232.0,234.0,582276.37554795,136492188.74020553
2026-05-24 23:15:00,233.0,234.0,228.0,233.0,1185920.56317201,273832191.29494184
2026-05-24 23:30:00,232.0,234.0,231.0,232.0,643458.53235884,149381242.9242065
2026-05-24 23:45:00,232.0,234.0,232.0,233.0,132253.26130905,30747670.16298999
2026-05-25 00:00:00,232.0,235.0,232.0,234.0,66858.66754622,15617056.76125455
2026-05-25 00:15:00,234.0,234.0,232.0,233.0,122467.724488,28451676.30285229
2026-05-25 00:30:00,233.0,233.0,231.0,232.0,31025.05476992,7191296.14403115
2026-05-25 00:45:00,232.0,233.0,232.0,233.0,2771.44632187,645086.99299571
2026-05-25 01:00:00,233.0,234.0,232.0,234.0,22654.11661471,5276220.59202806
2026-05-25 01:15:00,234.0,234.0,231.0,232.0,94814.23444917,22022874.13944246
2026-05-25 01:30:00,232.0,232.0,230.0,232.0,177171.09395869,40927475.2892728
2026-05-25 01:45:00,231.0,233.0,231.0,233.0,38639.32775865,8964070.56105253
2026-05-25 02:00:00,233.0,233.0,231.0,231.0,12871.91845493,2982285.4095158
2026-05-25 02:15:00,231.0,232.0,231.0,231.0,384916.36815314,88918267.25027189
2026-05-25 02:30:00,231.0,231.0,230.0,231.0,80234.83705283,18513528.2979315
2026-05-25 02:45:00,231.0,231.0,229.0,231.0,36914.61922515,8489113.68738104
2026-05-25 03:00:00,231.0,231.0,230.0,230.0,33105.63029652,7619314.98118661
2026-05-25 03:15:00,230.0,230.0,229.0,229.0,39144.90143653,8964207.27696537
2026-05-25 03:30:00,229.0,229.0,229.0,229.0,10747.66473805,2461215.22501345
2026-05-25 03:45:00,229.0,229.0,228.0,229.0,8141.71496864,1857547.67588236
2026-05-25 04:15:00,228.0,228.0,228.0,228.0,84727.27417821,19317818.51263188
2026-05-25 04:30:00,227.0,227.0,227.0,227.0,6361.36806129,1444030.54991283
2026-05-25 04:45:00,228.0,228.0,228.0,228.0,7886.9122807,1798215.9999996
2026-05-25 05:00:00,227.0,227.0,227.0,227.0,52482.08670604,11913433.68227108
2026-05-25 05:15:00,227.0,227.0,227.0,227.0,6356.07516703,1442829.06291581
2026-05-25 05:30:00,227.0,227.0,227.0,227.0,9547.54659835,2167293.07782545
2026-05-25 05:45:00,227.0,227.0,227.0,227.0,11169.66802942,2535514.64267834
2026-05-25 06:00:00,227.0,228.0,227.0,227.0,440.85954617,100096.96850897
2026-05-25 06:15:00,228.0,228.0,226.0,226.0,208954.76111895,47412691.9625085
2026-05-25 06:30:00,227.0,227.0,223.0,223.0,325349.61532787,72853063.80391158
2026-05-25 06:45:00,223.0,224.0,222.0,223.0,386472.09111133,85987042.58811554
2026-05-25 07:00:00,225.0,228.0,225.0,228.0,109300.99253636,24874656.40125958
2026-05-25 07:15:00,228.0,228.0,227.0,228.0,23372.52155169,5324861.42584673
2026-05-25 07:30:00,228.0,228.0,225.0,226.0,516642.30192582,116472336.42195256
2026-05-25 07:45:00,225.0,227.0,225.0,225.0,228891.48760342,51526545.63940913
2026-05-25 08:00:00,226.0,227.0,226.0,227.0,245938.02886257,55592542.61035085
2026-05-25 08:15:00,226.0,227.0,226.0,227.0,5348.48900357,1212291.63370991
2026-05-25 08:30:00,226.0,228.0,226.0,227.0,41856.37014404,9500973.23274993
2026-05-25 08:45:00,227.0,228.0,227.0,227.0,100168.30780851,22750557.15741564
2026-05-25 09:00:00,228.0,228.0,226.0,227.0,214467.88486414,48602584.54827312
2026-05-25 09:15:00,227.0,227.0,226.0,227.0,69110.53843899,15662275.83919411
2026-05-25 09:30:00,227.0,228.0,227.0,228.0,221891.95499421,50376052.73105409
2026-05-25 09:45:00,228.0,229.0,228.0,229.0,150381.81274862,34287079.50755872
2026-05-25 10:00:00,229.0,229.0,227.0,228.0,161002.32018463,36740905.62857728
2026-05-25 10:15:00,227.0,227.0,227.0,227.0,60857.85573968,13814733.25290736
2026-05-25 10:30:00,227.0,228.0,227.0,227.0,28315.91574759,6428228.24640522
2026-05-25 10:45:00,227.0,227.0,226.0,226.0,264376.23858211,59816327.30764715
2026-05-25 11:00:00,226.0,229.0,225.0,228.0,259441.64719948,59061103.36676039
2026-05-25 11:15:00,229.0,229.0,228.0,228.0,57141.3618879,13069958.05862193
2026-05-25 11:30:00,228.0,228.0,227.0,228.0,114021.78275077,25966471.4129532
2026-05-25 11:45:00,227.0,228.0,226.0,227.0,89070.9263135,20218204.53138017
2026-05-25 12:00:00,227.0,227.0,227.0,227.0,74674.24246817,16951053.04027459
2026-05-25 12:15:00,226.0,227.0,226.0,226.0,62357.66412605,14105166.89424941
2026-05-25 12:30:00,227.0,227.0,226.0,226.0,24731.34894002,5589334.86044452
2026-05-25 12:45:00,226.0,226.0,225.0,226.0,67613.74884444,15262102.58768065
2026-05-25 13:00:00,225.0,226.0,225.0,226.0,99357.58030821,22431489.13950242
2026-05-25 13:15:00,226.0,226.0,226.0,226.0,14502.55580564,3277577.61207464
2026-05-25 13:30:00,227.0,228.0,227.0,228.0,9205.04888649,2098706.89833211
2026-05-25 13:45:00,228.0,231.0,228.0,230.0,290778.05313264,66830990.40243194
2026-05-25 14:00:00,230.0,230.0,228.0,230.0,272408.2626373,62472833.84414939
2026-05-25 14:15:00,230.0,230.0,229.0,229.0,111023.78565588,25510125.12364101
2026-05-25 14:30:00,229.0,230.0,229.0,230.0,53117.75925489,12184050.01475363
2026-05-25 14:45:00,230.0,230.0,228.0,228.0,122092.1654151,28002402.49058205
2026-05-25 15:00:00,229.0,229.0,228.0,229.0,55947.40609243,12790772.15035612
2026-05-25 15:15:00,228.0,232.0,228.0,232.0,236574.62703708,54427746.60608467
2026-05-25 15:30:00,232.0,232.0,231.0,231.0,76777.19866917,17806465.18972642
2026-05-25 15:45:00,231.0,232.0,231.0,232.0,74225.22981242,17201120.9195184
2026-05-25 16:00:00,232.0,232.0,231.0,232.0,59877.37619104,13863251.98738
2026-05-25 16:15:00,232.0,232.0,230.0,230.0,185855.9132023,42857260.47398156
2026-05-25 16:30:00,230.0,231.0,230.0,230.0,46754.98275217,10768106.05099138
2026-05-25 16:45:00,230.0,231.0,230.0,231.0,112686.55914156,26020198.89896902
2026-05-25 17:00:00,230.0,232.0,230.0,232.0,9652.65855665,2237082.58908933
2026-05-25 17:15:00,232.0,232.0,230.0,230.0,275553.90856701,63518480.488883
2026-05-25 17:30:00,230.0,230.0,229.0,229.0,77929.02229963,17916686.75647301
2026-05-25 17:45:00,229.0,231.0,229.0,231.0,27543.77834639,6329582.7735639
2026-05-25 18:00:00,230.0,231.0,230.0,230.0,48211.47320691,11089468.69106083
2026-05-25 18:15:00,230.0,231.0,230.0,230.0,58440.26067729,13443575.5386182
2026-05-25 18:30:00,230.0,230.0,228.0,230.0,206282.99843673,47247184.98905659
2026-05-25 18:45:00,230.0,230.0,230.0,230.0,68368.57471603,15724772.1846869
2026-05-25 19:00:00,229.0,229.0,228.0,229.0,128725.28389205,29446545.64838506
2026-05-25 19:15:00,230.0,230.0,229.0,229.0,24434.70305663,5615570.88802424
2026-05-25 19:30:00,229.0,230.0,229.0,230.0,22208.27548403,5107779.90453678
2026-05-25 19:45:00,230.0,230.0,229.0,230.0,40562.57254033,9302359.37651622
2026-05-25 20:00:00,230.0,230.0,229.0,229.0,48666.28834187,11166628.25868596
2026-05-25 20:15:00,229.0,230.0,229.0,229.0,38603.85186432,8847201.0739525
2026-05-25 20:30:00,229.0,229.0,229.0,229.0,210068.65429393,48105721.83330997
2026-05-25 20:45:00,229.0,229.0,228.0,228.0,169154.04749207,38624452.36866186
2026-05-25 21:00:00,227.0,228.0,227.0,228.0,117562.71704071,26799696.14694453
2026-05-25 21:15:00,228.0,229.0,228.0,228.0,14804.25230758,3384981.39897582
2026-05-25 21:30:00,230.0,230.0,229.0,230.0,6969.17485665,1599654.862825
2026-05-25 21:45:00,230.0,231.0,229.0,230.0,111428.47766711,25640920.8919969
2026-05-25 22:00:00,231.0,231.0,229.0,230.0,28549.92414712,6564034.83700654
2026-05-25 22:15:00,229.0,230.0,229.0,229.0,128239.03615796,29383675.3251938
2026-05-25 22:30:00,229.0,230.0,229.0,229.0,14447.01824365,3308410.65605671
2026-05-25 22:45:00,229.0,230.0,229.0,230.0,32887.92413298,7546337.96120675
2026-05-25 23:00:00,230.0,231.0,229.0,231.0,88401.9703405,20370049.75335949
2026-05-25 23:15:00,231.0,231.0,231.0,231.0,71429.77628551,16500278.32195281
2026-05-25 23:30:00,231.0,231.0,230.0,231.0,302377.14431202,69831819.6726897
2026-05-25 23:45:00,230.0,231.0,230.0,231.0,115149.23685924,26596416.09995038
2026-05-26 00:00:00,231.0,232.0,231.0,231.0,35572.10801599,8217158.22253772
2026-05-26 00:15:00,231.0,231.0,230.0,230.0,89512.07494274,20615695.87520047
2026-05-26 00:30:00,230.0,231.0,230.0,230.0,105667.6235848,24309489.600947
2026-05-26 00:45:00,231.0,232.0,231.0,231.0,9966.20990702,2305933.67065469
2026-05-26 01:00:00,232.0,232.0,231.0,231.0,450.20874456,104021.21999336
2026-05-26 01:15:00,231.0,231.0,231.0,231.0,51894.91315721,11987724.93931551
2026-05-26 01:45:00,231.0,232.0,231.0,232.0,101937.5127798,23645603.91689411
2026-05-26 02:00:00,232.0,232.0,232.0,232.0,429.91379309,99739.99999688
2026-05-26 02:15:00,231.0,232.0,231.0,232.0,1073.89569339,248278.00000067
2026-05-26 02:30:00,232.0,233.0,232.0,233.0,437000.94564785,101808715.53226133
2026-05-26 02:45:00,233.0,233.0,231.0,231.0,44512.84596872,10330869.96538628
2026-05-26 03:00:00,231.0,233.0,231.0,233.0,55382.36909342,12844152.0753838
2026-05-26 03:15:00,232.0,232.0,232.0,232.0,1129.043237,261938.030984
2026-05-26 03:30:00,231.0,232.0,231.0,232.0,4353.61084921,1005708.71268772
2026-05-26 03:45:00,233.0,234.0,233.0,233.0,32317.42130398,7543673.6778397
2026-05-26 04:00:00,233.0,233.0,233.0,233.0,6493.8496305,1513066.9639065
2026-05-26 04:15:00,233.0,233.0,232.0,233.0,89305.53279618,20805364.06350994
2026-05-26 04:30:00,233.0,233.0,232.0,232.0,59458.98116151,13846563.59069973
2026-05-26 04:45:00,232.0,232.0,232.0,232.0,38870.35590704,9017922.57043328
2026-05-26 05:00:00,233.0,233.0,233.0,233.0,59696.71360002,13909334.26880466
2026-05-26 05:15:00,234.0,235.0,234.0,234.0,66496.74306048,15560437.33998209
2026-05-26 05:30:00,233.0,233.0,230.0,231.0,94571.27775479,21892504.63473451
2026-05-26 05:45:00,232.0,232.0,231.0,231.0,5523.15182761,1277042.21967651
2026-05-26 06:00:00,232.0,233.0,231.0,233.0,26766.60647963,6204270.45142164
2026-05-26 06:15:00,233.0,233.0,231.0,232.0,89273.7653146,20666545.06837594
2026-05-26 06:30:00,231.0,233.0,231.0,232.0,23662.5122484,5470459.90019584
2026-05-26 06:45:00,231.0,231.0,231.0,231.0,18793.77351954,4341361.68301374
2026-05-26 07:00:00,231.0,231.0,231.0,231.0,686.58008658,158599.99999998
2026-05-26 07:15:00,230.0,231.0,230.0,230.0,94544.24711336,21771271.3382373
2026-05-26 07:30:00,230.0,230.0,228.0,229.0,169776.21102532,38872719.53345042
2026-05-26 07:45:00,229.0,229.0,229.0,229.0,164779.95249431,37734609.12119699
2026-05-26 08:00:00,229.0,229.0,228.0,229.0,35752.10689936,8182866.48504938
2026-05-26 08:15:00,230.0,230.0,229.0,229.0,33152.43114406,7593096.91746596
2026-05-26 08:30:00,229.0,229.0,229.0,229.0,372168.4536369,85226575.8828501
2026-05-26 08:45:00,229.0,229.0,228.0,229.0,62703.11229477,14299487.52768198
2026-05-26 09:00:00,228.0,230.0,228.0,229.0,73901.77557244,16925809.36435296
2026-05-26 09:15:00,229.0,230.0,228.0,229.0,160309.09383114,36683853.84251577
2026-05-26 09:30:00,229.0,229.0,225.0,225.0,180627.19280475,40866789.21473666
2026-05-26 09:45:00,226.0,227.0,224.0,226.0,446422.16655267,100383530.25671767
2026-05-26 10:00:00,225.0,227.0,224.0,226.0,188197.55126156,42359925.42801588
2026-05-26 10:15:00,226.0,226.0,225.0,225.0,104535.0448578,23574074.5401873
2026-05-26 10:30:00,225.0,225.0,223.0,224.0,339798.63307951,75892971.0700288
2026-05-26 10:45:00,224.0,226.0,224.0,226.0,86338.10791309,19429095.72608509
2026-05-26 11:00:00,224.0,224.0,223.0,224.0,228534.81472137,51092693.33056391
2026-05-26 11:15:00,225.0,225.0,224.0,224.0,66731.71711101,14954213.82302814
2026-05-26 11:30:00,224.0,224.0,223.0,223.0,153615.06367642,34354454.42575838
2026-05-26 11:45:00,223.0,224.0,223.0,224.0,93267.55426245,20850898.77516518
2026-05-26 12:00:00,224.0,225.0,223.0,224.0,40230.43285853,9037617.63024284
2026-05-26 12:15:00,223.0,224.0,223.0,223.0,89078.49637108,19866950.73985798
2026-05-26 12:30:00,224.0,224.0,223.0,223.0,173800.67145351,38758323.75612216
2026-05-26 12:45:00,223.0,224.0,223.0,224.0,38257.85554939,8567472.64754766
2026-05-26 13:00:00,224.0,224.0,223.0,224.0,61079.57121393,13669468.65166815
2026-05-26 13:15:00,224.0,226.0,223.0,226.0,26736.45548589,5997749.80849543
2026-05-26 13:30:00,227.0,229.0,227.0,228.0,118831.50697246,27085682.21014502
2026-05-26 13:45:00,228.0,229.0,227.0,227.0,150575.16932751,34320236.45860347
2026-05-26 14:00:00,227.0,228.0,226.0,226.0,95736.06897947,21731696.69742018
2026-05-26 14:15:00,226.0,228.0,226.0,228.0,439760.47718597,99734288.0911896
2026-05-26 14:30:00,227.0,227.0,226.0,226.0,64776.26242262,14688928.41601031
2026-05-26 14:45:00,226.0,226.0,225.0,226.0,328617.9310635,74264652.420351
2026-05-26 15:00:00,226.0,226.0,225.0,225.0,119213.73541817,26916882.33132595
2026-05-26 15:15:00,225.0,226.0,224.0,224.0,75117.87744022,16871932.79233166
2026-05-26 15:30:00,224.0,225.0,224.0,225.0,162722.97115358,36450744.99173524
2026-05-26 15:45:00,224.0,224.0,224.0,224.0,34711.86301871,7775457.31619104
2026-05-26 16:00:00,224.0,224.0,222.0,222.0,212405.13564002,47382378.72564599
2026-05-26 16:15:00,222.0,223.0,222.0,223.0,215288.62978811,47833895.77741764
2026-05-26 16:30:00,222.0,222.0,221.0,222.0,329695.14884844,73001900.84903124
2026-05-26 16:45:00,222.0,223.0,222.0,223.0,77622.42779488,17263745.83289941
2026-05-26 17:00:00,223.0,223.0,222.0,222.0,71570.56628374,15908361.24711233
2026-05-26 17:15:00,222.0,223.0,222.0,222.0,85068.10366864,18905377.16335672
2026-05-26 17:30:00,221.0,221.0,221.0,221.0,138040.89253167,30507037.24949907
2026-05-26 17:45:00,221.0,221.0,220.0,221.0,125860.58064863,27807017.66473108
2026-05-26 18:00:00,220.0,220.0,219.0,220.0,134092.65652483,29387198.41062622
2026-05-26 18:15:00,220.0,221.0,219.0,219.0,98241.12300569,21551301.00013035
2026-05-26 18:30:00,220.0,220.0,219.0,220.0,50517.47554103,11066884.52925627
2026-05-26 18:45:00,220.0,220.0,219.0,219.0,164661.57330427,36088896.97015413
2026-05-26 19:00:00,219.0,221.0,219.0,221.0,49421.02254117,10835432.33667576
2026-05-26 19:15:00,221.0,224.0,221.0,224.0,83690.84402991,18579016.29011429
2026-05-26 19:30:00,224.0,225.0,223.0,225.0,77636.03411794,17391181.35073775
2026-05-26 19:45:00,224.0,225.0,223.0,223.0,191270.66316342,42792817.32010811
2026-05-26 20:00:00,223.0,223.0,223.0,223.0,20353.6096341,4538854.9484043
2026-05-26 20:15:00,224.0,224.0,223.0,223.0,125067.4397536,27891294.85523137
2026-05-26 20:30:00,224.0,224.0,223.0,224.0,54690.46044604,12213828.7062526
2026-05-26 20:45:00,223.0,225.0,223.0,224.0,58176.41978611,13014477.05814616
2026-05-26 21:00:00,223.0,223.0,222.0,222.0,57295.57716368,12756483.56311314
2026-05-26 21:15:00,223.0,224.0,223.0,223.0,23401.31255088,5218939.70645438
2026-05-26 21:30:00,223.0,223.0,222.0,223.0,119537.07733092,26537302.67322628
2026-05-26 21:45:00,223.0,223.0,223.0,223.0,105176.04242052,23454257.45977596
2026-05-26 22:00:00,224.0,224.0,224.0,224.0,79682.27228111,17848828.99096864
2026-05-26 22:15:00,224.0,224.0,222.0,223.0,24635.87794741,5481160.63794203
2026-05-26 22:30:00,222.0,223.0,222.0,223.0,90324.83179266,20068716.31095696
2026-05-26 22:45:00,223.0,225.0,223.0,224.0,283040.34304032,63398816.1865589
2026-05-26 23:00:00,224.0,225.0,224.0,224.0,211204.80280371,47334183.03887005
2026-05-26 23:15:00,225.0,226.0,224.0,226.0,46832.47440688,10549018.39579511
2026-05-26 23:30:00,226.0,226.0,222.0,222.0,254222.68414688,57263989.71870002
2026-05-26 23:45:00,223.0,225.0,223.0,225.0,53558.2566968,11996558.9612622
2026-05-27 00:00:00,223.0,224.0,222.0,222.0,312125.21477844,69341002.63929547
2026-05-27 00:15:00,222.0,222.0,222.0,222.0,95276.30020218,21151338.64488396
2026-05-27 00:30:00,221.0,221.0,220.0,221.0,46065.05251413,10172143.43659352
2026-05-27 00:45:00,222.0,222.0,220.0,220.0,98545.5632558,21719040.7892095
2026-05-27 01:00:00,220.0,220.0,218.0,220.0,136659.33320634,29909251.54797759
2026-05-27 01:15:00,220.0,220.0,220.0,220.0,32391.94675275,7126228.285605
2026-05-27 01:30:00,220.0,220.0,219.0,219.0,55395.30369947,12132245.86391615
2026-05-27 01:45:00,218.0,219.0,217.0,219.0,200192.41030632,43647593.50336437
2026-05-27 02:00:00,219.0,219.0,219.0,219.0,7951.8408443,1741453.1449017
2026-05-27 02:15:00,218.0,218.0,216.0,216.0,127281.11415367,27581391.33116911
2026-05-27 02:30:00,216.0,217.0,215.0,216.0,22442.28781039,4845810.24999354
2026-05-27 02:45:00,217.0,217.0,216.0,217.0,157908.67134474,34262833.21340858
2026-05-27 03:00:00,216.0,216.0,216.0,216.0,68152.95649579,14721038.60309064
2026-05-27 03:15:00,216.0,218.0,216.0,217.0,50210.12619406,10892347.84317048
2026-05-27 03:30:00,216.0,217.0,215.0,216.0,63931.16328815,13765124.22549089
2026-05-27 03:45:00,216.0,217.0,216.0,216.0,393436.22920069,85045754.5162603
2026-05-27 04:00:00,216.0,216.0,216.0,216.0,12364.7718149,2670790.7120184
2026-05-27 04:15:00,215.0,216.0,215.0,216.0,19224.36514573,4142678.32114673
2026-05-27 04:30:00,216.0,216.0,215.0,216.0,19066.92886964,4112108.77698624
2026-05-27 04:45:00,217.0,217.0,217.0,217.0,4776.75908588,1036556.72163596
2026-05-27 05:00:00,217.0,217.0,217.0,217.0,21347.45181924,4632397.04477508
2026-05-27 05:15:00,217.0,218.0,217.0,218.0,24951.91680013,5419122.49149976
2026-05-27 05:30:00,218.0,218.0,217.0,217.0,33289.05463034,7234837.08414157
2026-05-27 05:45:00,217.0,219.0,217.0,219.0,22083.33699619,4824007.81199548
2026-05-27 06:00:00,218.0,219.0,216.0,216.0,22606.0632204,4927324.52364633
2026-05-27 06:15:00,216.0,219.0,216.0,219.0,24344.10845682,5284980.44321969
2026-05-27 06:30:00,219.0,220.0,219.0,219.0,336489.14627127,73691145.56043515
2026-05-27 06:45:00,219.0,220.0,216.0,216.0,126506.38869834,27467773.24315403
2026-05-27 07:00:00,217.0,217.0,217.0,217.0,42356.5716097,9191376.0393049
2026-05-27 07:15:00,217.0,218.0,217.0,218.0,2833.21114261,616202.89363444
2026-05-27 07:30:00,218.0,219.0,217.0,217.0,43471.198941,9480332.90641636
2026-05-27 07:45:00,217.0,217.0,216.0,217.0,146451.89356206,31776935.57190673
2026-05-27 08:00:00,217.0,219.0,217.0,218.0,12953.50441103,2835237.29320358
2026-05-27 08:15:00,219.0,219.0,217.0,218.0,57570.07626625,12588595.21417873
2026-05-27 08:30:00,218.0,219.0,218.0,218.0,42929.99011876,9358921.92808146
2026-05-27 08:45:00,218.0,219.0,217.0,217.0,52025.13634349,11317308.53659231
2026-05-27 09:00:00,217.0,219.0,217.0,218.0,200153.62049745,43589794.72013902
2026-05-27 09:15:00,218.0,220.0,218.0,220.0,78961.11449285,17250548.87763806
2026-05-27 09:30:00,220.0,221.0,219.0,221.0,219037.81967932,48369387.64147116
2026-05-27 09:45:00,221.0,221.0,219.0,221.0,232577.93942309,51359498.39256775
2026-05-27 10:00:00,221.0,222.0,221.0,222.0,55244.35256919,12211541.18419381
2026-05-27 10:15:00,221.0,221.0,219.0,220.0,139336.92252894,30674551.67965634
2026-05-27 10:30:00,219.0,220.0,219.0,220.0,106060.43179014,23280991.29735117
2026-05-27 10:45:00,220.0,222.0,220.0,221.0,211358.22320292,46644121.78696981
2026-05-27 11:00:00,220.0,220.0,217.0,217.0,191143.59351524,41813055.194629
2026-05-27 11:15:00,217.0,218.0,216.0,218.0,223155.81515192,48295750.28827256
2026-05-27 11:30:00,217.0,218.0,217.0,217.0,86968.72310722,18903887.52151702
2026-05-27 11:45:00,218.0,220.0,218.0,219.0,13401.88191836,2934565.46317879
2026-05-27 12:00:00,219.0,222.0,219.0,221.0,19803.08074873,4367690.17893194
2026-05-27 12:15:00,222.0,223.0,222.0,223.0,486111.18873348,108262551.51726586
2026-05-27 12:30:00,223.0,223.0,221.0,221.0,42003.30321517,9302458.02102001
2026-05-27 12:45:00,221.0,221.0,218.0,219.0,471315.8011771,103223279.00766847
2026-05-27 13:00:00,219.0,219.0,217.0,219.0,107780.62352244,23524314.33290133
2026-05-27 13:15:00,219.0,219.0,217.0,217.0,353655.88253645,76817491.79597944
2026-05-27 13:30:00,217.0,217.0,215.0,215.0,311635.52563749,67116020.25854605
2026-05-27 13:45:00,216.0,218.0,216.0,218.0,94352.9278188,20516957.51216746
2026-05-27 14:00:00,218.0,218.0,217.0,217.0,189579.94207282,41328159.04282912
2026-05-27 14:15:00,217.0,217.0,216.0,217.0,65210.33876103,14086606.24657982
2026-05-27 14:30:00,217.0,217.0,216.0,216.0,29616.61464475,6421013.6480586
2026-05-27 14:45:00,216.0,217.0,216.0,217.0,42481.25649737,9181951.40343192
2026-05-27 15:00:00,218.0,218.0,217.0,217.0,44747.58012698,9728658.06727816
2026-05-27 15:15:00,216.0,216.0,216.0,216.0,43695.64839579,9438260.05349064
2026-05-27 15:30:00,217.0,217.0,217.0,217.0,36879.60963602,8002875.29101634
2026-05-27 15:45:00,217.0,218.0,217.0,218.0,25182.86524374,5487606.07554926
2026-05-27 16:00:00,218.0,218.0,217.0,217.0,126860.17538927,27607111.43193417
2026-05-27 16:15:00,216.0,217.0,216.0,217.0,237241.82444907,51336353.91969728
2026-05-27 16:30:00,217.0,218.0,217.0,217.0,5309.82584585,1154775.7865311
2026-05-27 16:45:00,217.0,219.0,217.0,219.0,26366.32104046,5734319.2590766
2026-05-27 17:00:00,218.0,219.0,218.0,218.0,73844.86235413,16098202.82881677
2026-05-27 17:15:00,218.0,219.0,218.0,218.0,23596.46572812,5144529.52873016
2026-05-27 17:30:00,217.0,218.0,217.0,217.0,25268.487806,5492872.27592034
2026-05-27 17:45:00,218.0,218.0,216.0,217.0,45292.302623,9798049.62477437
2026-05-27 18:00:00,216.0,216.0,215.0,215.0,25203.22357859,5434543.62958492
2026-05-27 18:15:00,215.0,216.0,215.0,215.0,438924.36032847,94368968.95210253
2026-05-27 18:30:00,215.0,215.0,215.0,215.0,3525.95033993,758079.32308495
2026-05-27 18:45:00,215.0,215.0,213.0,214.0,96137.19614464,20585737.47850286
2026-05-27 19:00:00,213.0,214.0,213.0,214.0,58451.30749811,12507360.82713497
2026-05-27 19:15:00,215.0,215.0,214.0,214.0,6650.20346215,1429599.23142572
2026-05-27 19:30:00,214.0,215.0,213.0,214.0,23081.01307738,4938438.87879826
2026-05-27 19:45:00,214.0,214.0,213.0,214.0,37739.51296185,8064220.57682353
2026-05-27 20:00:00,214.0,215.0,213.0,215.0,70190.05088857,15019455.06750672
2026-05-27 20:15:00,214.0,214.0,214.0,214.0,25021.49141695,5354599.1632273
2026-05-27 20:30:00,214.0,214.0,214.0,214.0,254611.88555876,54486943.50957464
2026-05-27 20:45:00,214.0,214.0,214.0,214.0,104621.89859533,22389086.29940062
2026-05-27 21:00:00,213.0,214.0,213.0,213.0,34175.46046144,7279471.20912783
2026-05-27 21:15:00,213.0,217.0,213.0,216.0,291880.35760135,62728873.32352912
2026-05-27 21:30:00,216.0,217.0,216.0,217.0,168799.57173197,36554922.0596338
2026-05-27 21:45:00,216.0,216.0,216.0,216.0,27978.25013319,6043302.02876904
2026-05-27 22:00:00,216.0,216.0,214.0,215.0,24001.41167437,5151740.41006282
2026-05-27 22:15:00,214.0,215.0,214.0,214.0,528949.9574603,113247339.56751752
2026-05-27 22:30:00,213.0,214.0,212.0,213.0,177717.26030053,37833596.20648141
2026-05-27 22:45:00,212.0,214.0,212.0,213.0,80311.87614367,17101713.78579343
2026-05-27 23:00:00,213.0,214.0,211.0,211.0,270751.50296627,57448697.71136063
2026-05-27 23:15:00,211.0,211.0,209.0,211.0,262146.42008104,54949724.68668953
2026-05-27 23:30:00,211.0,211.0,210.0,211.0,45796.34928799,9633745.36482089
2026-05-27 23:45:00,211.0,212.0,211.0,212.0,7899.90816918,1673867.36380935
2026-05-28 00:00:00,212.0,215.0,212.0,215.0,245498.43724405,52524728.32259511
2026-05-28 00:15:00,215.0,216.0,215.0,216.0,98960.27127686,21347494.43467923
2026-05-28 00:30:00,216.0,216.0,216.0,216.0,30683.85895337,6627713.53392792
2026-05-28 00:45:00,216.0,216.0,215.0,216.0,64482.03134386,13928030.07455319
2026-05-28 01:00:00,216.0,218.0,216.0,217.0,40164.43580288,8692744.92030681
2026-05-28 01:15:00,216.0,216.0,216.0,216.0,1701.07464706,367432.12376496
2026-05-28 01:30:00,215.0,215.0,215.0,215.0,3212.76116119,690743.64965585
2026-05-28 02:00:00,215.0,215.0,214.0,214.0,3433.70211825,735550.87656131
2026-05-28 02:15:00,214.0,214.0,214.0,214.0,2489.92982479,532844.98250506
2026-05-28 02:45:00,214.0,214.0,213.0,213.0,15435.76072449,3287863.73993552
2026-05-28 03:00:00,212.0,212.0,212.0,212.0,2101.84070188,445590.22879856
2026-05-28 03:15:00,212.0,212.0,211.0,212.0,5861.52569633,1241810.80378933
2026-05-28 03:45:00,212.0,212.0,212.0,212.0,24766.51651039,5250501.50020268
2026-05-28 04:00:00,214.0,214.0,214.0,214.0,3795.03350073,812137.16915622
2026-05-28 04:15:00,214.0,215.0,214.0,215.0,1116.62516333,238985.69192936
2026-05-28 04:30:00,215.0,215.0,215.0,215.0,2500.0,537500.0
2026-05-28 05:00:00,214.0,214.0,213.0,213.0,10036.41506726,2141714.42011175
2026-05-28 05:30:00,213.0,213.0,213.0,213.0,2041.45453412,434829.81576756
2026-05-28 05:45:00,214.0,214.0,214.0,214.0,62576.72027337,13391418.13850118
2026-05-28 06:00:00,214.0,214.0,214.0,214.0,27331.69460413,5848982.64528382
2026-05-28 06:15:00,213.0,213.0,211.0,211.0,32296.68490198,6827880.49408915
2026-05-28 06:30:00,212.0,212.0,207.0,208.0,269153.38578214,56163949.52903981
2026-05-28 06:45:00,208.0,208.0,206.0,207.0,81717.98491543,16847743.6573813
2026-05-28 07:00:00,207.0,209.0,207.0,208.0,52984.69394351,11025644.63107259
2026-05-28 07:15:00,208.0,209.0,208.0,209.0,36510.12607194,7601349.55823368
2026-05-28 07:30:00,209.0,209.0,208.0,208.0,108072.45417751,22483916.46055543
2026-05-28 07:45:00,208.0,208.0,206.0,207.0,139826.70960076,28950120.23110732
2026-05-28 08:00:00,206.0,207.0,205.0,207.0,74031.33825598,15259806.1656343
2026-05-28 08:15:00,206.0,207.0,204.0,205.0,435542.4684951,89358529.50111389
2026-05-28 08:30:00,205.0,206.0,204.0,206.0,57940.7751363,11877596.23999039
2026-05-28 08:45:00,206.0,207.0,206.0,206.0,70748.11053395,14576057.56709514
2026-05-28 09:00:00,206.0,208.0,205.0,206.0,309572.74661935,63780785.13486627
2026-05-28 09:15:00,206.0,206.0,205.0,205.0,230957.01371872,47446089.78835927
2026-05-28 09:30:00,205.0,206.0,205.0,206.0,33424.00701871,6873371.49679323
2026-05-28 09:45:00,206.0,206.0,205.0,206.0,91420.02834532,18754388.18553291
2026-05-28 10:00:00,206.0,206.0,206.0,206.0,38632.01730686,7958195.56521316
2026-05-28 10:15:00,205.0,206.0,204.0,204.0,529234.59940547,108216515.95635828
2026-05-28 10:30:00,204.0,205.0,204.0,205.0,110836.1049897,22643345.42746359
2026-05-28 10:45:00,205.0,206.0,205.0,205.0,27108.14844344,5557852.66406046
2026-05-28 11:00:00,205.0,207.0,205.0,207.0,46664.8978579,9622926.40610152
2026-05-28 11:15:00,207.0,207.0,205.0,205.0,87773.95332868,18016315.44296462
2026-05-28 11:30:00,205.0,206.0,205.0,206.0,83260.08043784,17117161.95341512
2026-05-28 11:45:00,206.0,207.0,206.0,207.0,14673.52550345,3024042.08405637
2026-05-28 12:00:00,207.0,207.0,206.0,206.0,164218.63847194,33871577.81792834
2026-05-28 12:15:00,207.0,207.0,202.0,203.0,660721.25478355,134683043.83227172
2026-05-28 12:30:00,203.0,204.0,201.0,202.0,1038548.85920292,210091519.3239307
2026-05-28 12:45:00,202.0,203.0,199.0,200.0,241889.73115469,48468582.06308158
2026-05-28 13:00:00,199.0,200.0,196.0,197.0,487699.81453552,96496056.64312272
2026-05-28 13:15:00,197.0,198.0,195.0,197.0,760005.91590876,149057275.74588925
2026-05-28 13:30:00,197.0,199.0,197.0,199.0,34513.51957358,6848390.19989297
2026-05-28 13:45:00,198.0,199.0,198.0,199.0,59060.35900325,11725621.82108079
2026-05-28 14:00:00,198.0,199.0,197.0,197.0,43430.32026623,8591689.6434253
2026-05-28 14:15:00,196.0,196.0,195.0,195.0,211898.64640857,41332427.67933692
2026-05-28 14:30:00,195.0,196.0,195.0,196.0,49061.13210598,9615800.53831139
2026-05-28 14:45:00,196.0,198.0,195.0,198.0,220596.22671378,43438485.1592302
2026-05-28 15:00:00,197.0,198.0,197.0,197.0,244725.38165002,48315141.2462214
2026-05-28 15:15:00,197.0,197.0,196.0,197.0,5858.33706313,1153252.0832825
2026-05-28 15:30:00,197.0,197.0,197.0,197.0,29607.95957983,5832768.03722651
2026-05-28 15:45:00,197.0,198.0,197.0,197.0,33022.16434712,6532355.63613996
2026-05-28 16:00:00,198.0,199.0,198.0,199.0,245552.30575827,48623688.52254949
2026-05-28 16:15:00,199.0,200.0,199.0,200.0,85305.87705485,16994407.54392143
2026-05-28 16:30:00,200.0,201.0,199.0,200.0,200124.23791227,39972968.3241805
2026-05-28 16:45:00,199.0,199.0,198.0,199.0,131899.87859476,26246546.86536416
2026-05-28 17:00:00,198.0,199.0,197.0,199.0,103254.77357684,20343843.57367633
2026-05-28 17:15:00,199.0,199.0,197.0,197.0,32740.28842926,6508678.86289516
2026-05-28 17:30:00,197.0,198.0,197.0,198.0,63702.33061755,12551418.32665735
2026-05-28 17:45:00,198.0,198.0,197.0,197.0,20303.73131931,3999885.57495457
2026-05-28 18:00:00,197.0,198.0,196.0,197.0,48078.08733395,9472970.11576126
2026-05-28 18:15:00,197.0,198.0,197.0,197.0,8046.87682344,1585396.63811421
2026-05-28 18:30:00,197.0,198.0,197.0,198.0,25499.64734422,5039113.10655553
2026-05-28 18:45:00,199.0,200.0,198.0,199.0,226989.1030517,45161358.16836992
2026-05-28 19:00:00,199.0,200.0,199.0,200.0,46392.64498837,9260012.75274809
2026-05-28 19:15:00,199.0,199.0,197.0,197.0,144727.64249297,28599090.21899311
2026-05-28 19:30:00,198.0,198.0,197.0,198.0,121984.6516991,24048243.31358197
2026-05-28 19:45:00,197.0,197.0,195.0,195.0,202156.82407473,39671684.68320957
2026-05-28 20:00:00,195.0,196.0,195.0,196.0,77905.27543147,15225472.74298635
2026-05-28 20:15:00,196.0,196.0,194.0,194.0,233531.65556229,45677755.5172072
2026-05-28 20:30:00,195.0,195.0,193.0,195.0,246828.29880093,48044270.17231815
2026-05-28 20:45:00,195.0,195.0,194.0,195.0,10048.4302591,1959441.8805218
2026-05-28 21:00:00,195.0,195.0,194.0,194.0,139163.48939707,27100406.73790337
2026-05-28 21:15:00,195.0,195.0,194.0,195.0,129765.64855821,25257847.34763161
2026-05-28 21:30:00,195.0,197.0,195.0,197.0,52482.15348931,10295305.47845273
2026-05-28 21:45:00,198.0,198.0,197.0,197.0,47846.98950859,9431904.9142522
2026-05-28 22:00:00,197.0,197.0,195.0,195.0,10657.41624364,2095548.43111952
2026-05-28 22:15:00,195.0,195.0,195.0,195.0,90257.07308656,17600129.2518792
2026-05-28 22:30:00,195.0,196.0,195.0,196.0,123975.93912345,24289562.78365347
2026-05-28 22:45:00,196.0,197.0,196.0,196.0,159976.36132994,31361201.84731699
2026-05-28 23:00:00,196.0,197.0,193.0,195.0,1014830.35584454,196469558.8265305
2026-05-28 23:15:00,195.0,197.0,195.0,195.0,146008.53434336,28561272.01256019
2026-05-28 23:30:00,196.0,196.0,195.0,195.0,26030.82538452,5101786.02086592
2026-05-28 23:45:00,195.0,197.0,195.0,197.0,2321.52325544,457235.75423353
2026-05-29 00:00:00,197.0,197.0,194.0,194.0,34910.11022425,6834265.41908679
2026-05-29 00:15:00,194.0,195.0,193.0,194.0,66621.92919598,12919987.28302345
2026-05-29 00:30:00,194.0,196.0,194.0,196.0,11996.43824187,2335246.60442583
2026-05-29 00:45:00,196.0,197.0,195.0,195.0,8751.06562195,1712670.64766297
2026-05-29 01:00:00,195.0,197.0,195.0,197.0,8356.98230634,1631212.57617738
2026-05-29 01:15:00,196.0,197.0,196.0,197.0,36301.71676073,7125851.77342855
2026-05-29 01:30:00,197.0,198.0,197.0,198.0,39067.12808658,7722406.49694514
2026-05-29 01:45:00,198.0,199.0,198.0,199.0,35225.13860813,6976539.87946665
2026-05-29 02:00:00,198.0,200.0,198.0,200.0,17626.4000049,3504361.16036764
2026-05-29 02:15:00,200.0,200.0,199.0,199.0,19170.10007322,3824543.91457078
2026-05-29 02:30:00,200.0,200.0,199.0,200.0,32438.07500016,6469577.80994936
2026-05-29 02:45:00,200.0,200.0,200.0,200.0,44817.93054307,8963586.108614
2026-05-29 03:15:00,201.0,201.0,201.0,201.0,20303.07272636,4080917.61799836
2026-05-29 03:30:00,201.0,201.0,201.0,201.0,812.32338306,163276.99999506
2026-05-29 03:45:00,200.0,200.0,200.0,200.0,934.28028367,186856.056734
2026-05-29 04:00:00,200.0,200.0,199.0,199.0,29314.48363639,5857845.96585669
2026-05-29 04:30:00,200.0,200.0,199.0,199.0,147260.29887919,29409115.10244606
2026-05-29 04:45:00,198.0,199.0,198.0,199.0,12311.20171319,2439426.52421287
2026-05-29 05:00:00,198.0,198.0,198.0,198.0,1000.0,198000.0
2026-05-29 05:15:00,198.0,200.0,198.0,200.0,48570.65526653,9647558.41613977
2026-05-29 05:30:00,200.0,201.0,200.0,200.0,157166.59569746,31458528.51089998
2026-05-29 05:45:00,200.0,200.0,199.0,199.0,11182.6744081,2226915.6472119
2026-05-29 06:00:00,200.0,200.0,200.0,200.0,1507.53768844,301507.537688
2026-05-29 06:15:00,200.0,201.0,200.0,201.0,29222.55878853,5848855.32718473
2026-05-29 06:30:00,201.0,202.0,200.0,200.0,361057.36376383,72579145.18475229
2026-05-29 06:45:00,201.0,201.0,201.0,201.0,2057.7151741,413600.7499941
2026-05-29 07:00:00,201.0,201.0,201.0,201.0,18427.72944437,3703973.61831837
2026-05-29 07:15:00,200.0,200.0,200.0,200.0,18853.16559391,3770633.118782
2026-05-29 07:30:00,199.0,200.0,198.0,199.0,37016.70686873,7359799.6773228
2026-05-29 07:45:00,199.0,199.0,199.0,199.0,84588.28167148,16833068.05262452
2026-05-29 08:00:00,199.0,199.0,198.0,199.0,6495.61007153,1286581.12707751
2026-05-29 08:15:00,199.0,199.0,199.0,199.0,2297.43419746,457189.40529454
2026-05-29 08:30:00,199.0,199.0,198.0,199.0,190569.42321621,37918872.14873297
2026-05-29 08:45:00,199.0,199.0,199.0,199.0,37732.09108007,7508686.12493393
2026-05-29 09:00:00,199.0,199.0,198.0,199.0,34101.74121854,6769394.53083889
2026-05-29 09:15:00,199.0,199.0,199.0,199.0,10095.47989824,2009000.49974976
2026-05-29 09:30:00,199.0,200.0,199.0,200.0,121183.85033113,24115711.24089487
2026-05-29 09:45:00,200.0,200.0,199.0,199.0,60422.74545502,12029746.25108473
2026-05-29 10:00:00,199.0,199.0,199.0,199.0,12022.78894408,2392534.99987192
2026-05-29 10:15:00,199.0,199.0,197.0,198.0,135062.27537481,26806714.19849877
2026-05-29 10:30:00,198.0,198.0,197.0,198.0,30350.03514927,5982607.11910681
2026-05-29 10:45:00,198.0,198.0,197.0,198.0,49135.98960534,9686405.84191825
2026-05-29 11:00:00,198.0,199.0,198.0,198.0,44782.87309369,8867537.01325413
2026-05-29 11:15:00,198.0,199.0,197.0,197.0,90439.34544546,17835819.25700464
2026-05-29 11:30:00,196.0,198.0,196.0,197.0,65140.34453776,12836477.5376927
2026-05-29 11:45:00,197.0,197.0,195.0,195.0,115329.73026454,22607520.09638768
2026-05-29 12:00:00,196.0,197.0,195.0,197.0,45546.32545333,8951464.1457442
2026-05-29 12:15:00,197.0,197.0,195.0,195.0,6181.19654944,1210932.99096827
2026-05-29 12:30:00,195.0,196.0,195.0,195.0,73081.08553329,14260636.28843325
2026-05-29 12:45:00,195.0,196.0,194.0,196.0,44732.19951061,8723613.29226908
2026-05-29 13:00:00,195.0,196.0,195.0,195.0,43385.85703584,8461005.38729488
2026-05-29 13:15:00,195.0,196.0,195.0,196.0,86373.35211148,16844861.28113807
2026-05-29 13:30:00,196.0,197.0,196.0,197.0,126294.48523182,24777151.29796988
2026-05-29 13:45:00,196.0,197.0,196.0,197.0,21063.67797894,4128639.33510682
2026-05-29 14:00:00,197.0,198.0,197.0,198.0,24655.04079527,4874786.73801194
2026-05-29 14:15:00,197.0,197.0,196.0,197.0,26508.01697752,5219951.68499698
2026-05-29 14:30:00,197.0,197.0,196.0,196.0,10476.40876606,2062540.63202793
2026-05-29 14:45:00,197.0,197.0,197.0,197.0,357956.8853829,70517506.4204313
2026-05-29 15:00:00,198.0,198.0,198.0,198.0,1779.66316998,352373.30765604
2026-05-29 15:15:00,198.0,199.0,198.0,199.0,98563.86854423,19614179.84030177
2026-05-29 15:30:00,198.0,198.0,198.0,198.0,32118.52014173,6359466.98806254
2026-05-29 15:45:00,198.0,200.0,198.0,199.0,71515.4679517,14230934.07417511
2026-05-29 16:00:00,199.0,199.0,199.0,199.0,3475.35607476,691595.85887724
2026-05-29 16:15:00,199.0,201.0,199.0,201.0,109715.45844251,21952970.63799448
2026-05-29 16:30:00,200.0,200.0,198.0,198.0,20781.11017362,4131052.84867199
2026-05-29 16:45:00,198.0,199.0,197.0,199.0,96239.92769586,19113344.49443533
2026-05-29 17:00:00,199.0,200.0,199.0,200.0,50123.19086812,9981577.46151649
2026-05-29 17:15:00,199.0,201.0,199.0,200.0,290910.69964963,58169303.21482062
2026-05-29 17:30:00,200.0,200.0,199.0,200.0,22232.72895422,4446289.38058759
2026-05-29 17:45:00,200.0,200.0,199.0,199.0,19136.32068428,3826847.1110955
2026-05-29 18:00:00,201.0,202.0,200.0,201.0,100886.90556527,20238183.46677023
2026-05-29 18:15:00,201.0,201.0,200.0,200.0,13164.97804968,2641016.23279529
2026-05-29 18:30:00,200.0,200.0,200.0,200.0,12566.259,2513251.8
2026-05-29 18:45:00,200.0,200.0,200.0,200.0,59174.61169964,11834922.339928
2026-05-29 19:00:00,200.0,200.0,198.0,199.0,77576.73122184,15431640.63072547
2026-05-29 19:15:00,199.0,199.0,198.0,199.0,21143.71441855,4196312.2249803
2026-05-29 19:30:00,198.0,198.0,198.0,198.0,51070.22148745,10111903.8545151
2026-05-29 19:45:00,199.0,199.0,199.0,199.0,11949.67096359,2377984.52175441
2026-05-29 20:00:00,199.0,201.0,199.0,201.0,436909.98975658,87608078.90178268
2026-05-29 20:15:00,201.0,203.0,201.0,202.0,97550.11354442,19708282.70431529
2026-05-29 20:30:00,202.0,202.0,199.0,199.0,86045.88748206,17174382.60276135
2026-05-29 20:45:00,199.0,200.0,198.0,199.0,353422.24869673,70141048.43764044
2026-05-29 21:00:00,199.0,200.0,198.0,199.0,201016.20123666,40002224.04609534
2026-05-29 21:15:00,199.0,201.0,199.0,199.0,185026.80787625,36985937.53691765
2026-05-29 21:30:00,199.0,199.0,197.0,197.0,38768.0160525,7660638.32682544
2026-05-29 21:45:00,198.0,199.0,198.0,199.0,39890.37193853,7901095.6716567
2026-05-29 22:00:00,198.0,198.0,196.0,196.0,224335.37487597,44037376.87719994
2026-05-29 22:15:00,196.0,198.0,196.0,198.0,25485.84547252,5011790.93045147
2026-05-29 22:30:00,197.0,198.0,196.0,197.0,120201.01289304,23659949.82605718
2026-05-29 22:45:00,198.0,198.0,196.0,196.0,140204.66308161,27592682.80769354
2026-05-29 23:00:00,196.0,197.0,196.0,197.0,33181.97409069,6503717.9421834
2026-05-29 23:15:00,196.0,196.0,192.0,194.0,164979.67757055,31989129.27151049
2026-05-29 23:30:00,194.0,195.0,193.0,193.0,121436.08219188,23517009.51961391
2026-05-29 23:45:00,193.0,197.0,193.0,197.0,78668.41353223,15359545.29101632
2026-05-30 00:00:00,196.0,199.0,196.0,199.0,214715.90543916,42391794.73697371
2026-05-30 00:15:00,199.0,200.0,198.0,200.0,428533.19502127,85184126.93374062
2026-05-30 00:30:00,201.0,203.0,201.0,201.0,224647.97569769,45374062.14150162
2026-05-30 00:45:00,201.0,201.0,200.0,200.0,6278.40945838,1260916.74839832
2026-05-30 01:00:00,201.0,201.0,201.0,201.0,29317.40808643,5892799.02537243
2026-05-30 01:15:00,201.0,201.0,199.0,199.0,135576.70490928,26995564.51031051
2026-05-30 01:30:00,198.0,203.0,198.0,203.0,11923.89157813,2395247.99760883
2026-05-30 01:45:00,202.0,203.0,201.0,203.0,39493.48409573,7977487.37708105
2026-05-30 02:00:00,203.0,204.0,202.0,204.0,21473.26454021,4368231.0647112
2026-05-30 02:15:00,204.0,206.0,203.0,206.0,78968.38807496,16170368.39766356
2026-05-30 02:30:00,206.0,206.0,205.0,205.0,141538.96851976,29085807.58632214
2026-05-30 02:45:00,205.0,205.0,204.0,204.0,70255.44164777,14341866.19370605
2026-05-30 03:00:00,203.0,204.0,202.0,204.0,26424.75875289,5339021.21930028
2026-05-30 03:15:00,203.0,203.0,202.0,202.0,5620.54589429,1138705.7632574
2026-05-30 03:30:00,202.0,204.0,202.0,204.0,30285.49842986,6133823.97028786
2026-05-30 03:45:00,203.0,203.0,201.0,202.0,35103.21657824,7085550.19314027
2026-05-30 04:00:00,202.0,202.0,201.0,201.0,396.364,80038.394
2026-05-30 04:15:00,200.0,201.0,199.0,201.0,3904.72079388,778987.24804158
2026-05-30 04:30:00,201.0,202.0,201.0,202.0,21571.46716103,4336070.44392148
2026-05-30 04:45:00,201.0,201.0,201.0,201.0,1526.73370845,306873.47539845
2026-05-30 05:00:00,202.0,202.0,202.0,202.0,2789.90070358,563559.94212316
2026-05-30 05:15:00,202.0,202.0,202.0,202.0,63947.04664087,12917303.42145574
2026-05-30 05:30:00,202.0,203.0,202.0,203.0,199118.4240491,40420896.72034368
2026-05-30 05:45:00,203.0,203.0,203.0,203.0,40586.66622096,8239093.24285488
2026-05-30 06:00:00,204.0,204.0,203.0,203.0,40635.68787092,8258897.82044912
2026-05-30 06:15:00,204.0,205.0,203.0,203.0,30869.42603508,6268012.98030024
2026-05-30 06:30:00,203.0,203.0,202.0,202.0,1492.14013386,302836.42256815
2026-05-30 07:00:00,201.0,201.0,201.0,201.0,757.66550222,152290.76594622
2026-05-30 07:15:00,202.0,202.0,202.0,202.0,6778.68676003,1369294.72552606
2026-05-30 07:30:00,203.0,203.0,201.0,201.0,958.04980444,192793.7939238
2026-05-30 07:45:00,202.0,202.0,202.0,202.0,290293.80854126,58639349.32533452
2026-05-30 08:00:00,203.0,204.0,203.0,203.0,1508.19289467,306190.10492866
2026-05-30 08:15:00,204.0,204.0,202.0,203.0,17199.75743143,3491611.53609624
2026-05-30 08:30:00,203.0,203.0,202.0,202.0,60035.75268488,12184962.25105911
2026-05-30 08:45:00,203.0,204.0,203.0,203.0,104970.87228027,21355619.61054755
2026-05-30 09:00:00,204.0,206.0,203.0,205.0,110529.62247949,22538379.66641901
2026-05-30 09:15:00,204.0,206.0,204.0,206.0,272288.56241026,55874417.33864169
2026-05-30 09:30:00,205.0,206.0,204.0,206.0,115795.53648871,23711560.21065989
2026-05-30 09:45:00,206.0,207.0,205.0,206.0,176524.06435418,36305116.84404806
2026-05-30 10:00:00,206.0,208.0,206.0,208.0,21353.03607096,4413211.41842939
2026-05-30 10:15:00,208.0,209.0,208.0,209.0,43960.99781699,9166639.09151936
2026-05-30 10:30:00,209.0,210.0,208.0,209.0,245499.6837389,51196689.27822448
2026-05-30 10:45:00,209.0,209.0,207.0,208.0,385001.82405078,79793103.44525036
2026-05-30 11:00:00,207.0,208.0,207.0,208.0,15149.7639913,3140834.03321712
2026-05-30 11:15:00,207.0,207.0,206.0,206.0,30482.53068822,6297409.45865949
2026-05-30 11:30:00,206.0,207.0,206.0,207.0,46104.76136831,9525029.07457511
2026-05-30 11:45:00,208.0,209.0,208.0,209.0,115207.94083917,24023163.27894976
2026-05-30 12:00:00,210.0,210.0,208.0,210.0,179317.1355017,37607450.02778949
2026-05-30 12:15:00,209.0,209.0,207.0,207.0,110709.72185954,23073856.26075647
2026-05-30 12:30:00,207.0,207.0,206.0,206.0,422660.27180454,87076357.79184967
2026-05-30 12:45:00,205.0,207.0,205.0,206.0,146620.56823557,30111406.1968688
2026-05-30 13:00:00,207.0,207.0,204.0,206.0,181546.01017196,37269095.89291534
2026-05-30 13:15:00,207.0,207.0,204.0,204.0,112726.79236686,23047632.16446037
2026-05-30 13:30:00,204.0,204.0,204.0,204.0,100649.64316777,20532527.20622508
2026-05-30 13:45:00,205.0,209.0,205.0,209.0,112392.74728603,23292030.8129116
2026-05-30 14:00:00,208.0,209.0,207.0,207.0,115275.31255228,24031129.85732299
2026-05-30 14:15:00,207.0,208.0,207.0,208.0,8117.48084531,1686020.5568873
2026-05-30 14:30:00,208.0,208.0,207.0,207.0,49677.39127215,10306914.36188539
2026-05-30 14:45:00,209.0,210.0,208.0,208.0,121680.55335662,25411957.73310213
2026-05-30 15:00:00,208.0,208.0,208.0,208.0,5032.17049297,1046691.46253776
2026-05-30 15:15:00,207.0,208.0,207.0,207.0,6234.75097634,1295668.34152544
2026-05-30 15:30:00,207.0,209.0,207.0,208.0,54726.28312737,11406755.35142751
2026-05-30 15:45:00,207.0,207.0,206.0,206.0,54143.19834353,11188262.45564931
2026-05-30 16:00:00,206.0,206.0,206.0,206.0,41354.24508425,8518974.4873555
2026-05-30 16:15:00,206.0,208.0,206.0,208.0,62119.34759518,12881676.7129594
2026-05-30 16:30:00,208.0,208.0,207.0,207.0,13829.05625001,2862933.10529045
2026-05-30 16:45:00,207.0,207.0,207.0,207.0,5333.4011738,1104014.0429766
2026-05-30 17:00:00,206.0,206.0,205.0,206.0,152364.37562043,31386484.01473185
2026-05-30 17:15:00,207.0,207.0,205.0,206.0,4341.25934561,891521.77211616
2026-05-30 17:30:00,206.0,206.0,206.0,206.0,886.12975065,182542.7286339
2026-05-30 17:45:00,206.0,206.0,205.0,206.0,71826.32592726,14724687.65510518
2026-05-30 18:00:00,205.0,205.0,205.0,205.0,56222.36041039,11525583.88412995
2026-05-30 18:15:00,205.0,205.0,205.0,205.0,536.58536586,110000.0000013
2026-05-30 18:30:00,205.0,205.0,205.0,205.0,26448.19115342,5421879.1864511
2026-05-30 18:45:00,205.0,206.0,205.0,205.0,1451.94548756,297745.27640611
2026-05-30 19:00:00,206.0,206.0,205.0,205.0,9370.95907424,1927417.56929344
2026-05-30 19:15:00,205.0,205.0,205.0,205.0,61921.98903309,12694007.75178345
2026-05-30 19:45:00,205.0,205.0,204.0,204.0,20017.623369,4103290.52057831
2026-05-30 20:00:00,205.0,205.0,205.0,205.0,20992.87046719,4303538.44577395
2026-05-30 20:15:00,204.0,204.0,204.0,204.0,1970.2911359,401939.3917236
2026-05-30 20:30:00,204.0,205.0,204.0,205.0,62859.58203914,12838279.3665674
2026-05-30 20:45:00,205.0,205.0,204.0,204.0,53117.18931894,10888968.56162517
2026-05-30 21:00:00,205.0,205.0,205.0,205.0,24.87804878,5099.9999999
2026-05-30 21:15:00,205.0,205.0,205.0,205.0,6809.48551044,1395944.5296402
2026-05-30 21:45:00,204.0,205.0,203.0,204.0,189001.99188247,38554349.14742951
2026-05-30 22:00:00,204.0,205.0,204.0,205.0,5478.29268292,1118049.9999986
2026-05-30 22:30:00,205.0,205.0,203.0,203.0,62360.71804976,12721212.87638647
2026-05-30 22:45:00,203.0,204.0,203.0,204.0,50310.05736176,10237986.96857692
2026-05-30 23:00:00,205.0,205.0,204.0,204.0,81.3151206,16614.73698335
2026-05-30 23:15:00,205.0,206.0,204.0,205.0,31244.57122643,6405097.02495296
2026-05-30 23:30:00,205.0,206.0,205.0,205.0,22648.8574811,4643070.05547016
2026-05-30 23:45:00,204.0,204.0,203.0,204.0,35403.67178363,7191970.49770503
2026-05-31 00:00:00,203.0,205.0,203.0,205.0,29267.05845837,5980891.89792425
2026-05-31 00:15:00,205.0,205.0,204.0,205.0,193453.0386827,39655147.079024
2026-05-31 00:30:00,205.0,206.0,205.0,206.0,46320.0238,9511481.6623
2026-05-31 00:45:00,206.0,206.0,205.0,206.0,78351.5733098,16140167.69156239
2026-05-31 01:00:00,205.0,206.0,205.0,206.0,24867.14757037,5107765.25192585
2026-05-31 01:15:00,205.0,205.0,205.0,205.0,1955.94174757,400968.05825185
2026-05-31 01:30:00,205.0,206.0,205.0,205.0,20331.4814023,4173230.7934715
2026-05-31 01:45:00,205.0,205.0,205.0,205.0,12204.28404274,2501878.2287617
2026-05-31 02:00:00,205.0,205.0,205.0,205.0,46734.10952556,9580492.4527398
2026-05-31 02:15:00,205.0,226.0,205.0,225.0,1125918.97506161,243245706.05046266
2026-05-31 02:30:00,224.0,224.0,215.0,218.0,1882065.84363264,410970563.07164377
2026-05-31 02:45:00,218.0,223.0,217.0,219.0,797972.40937625,176057434.74935007
2026-05-31 03:00:00,220.0,233.0,220.0,229.0,2573432.31610338,584127066.6168919
2026-05-31 03:15:00,229.0,232.0,221.0,222.0,1502190.3495585,338378068.45278853
2026-05-31 03:30:00,222.0,224.0,220.0,221.0,318183.98148869,70577303.94301286
2026-05-31 03:45:00,221.0,222.0,219.0,219.0,533119.93728805,117307124.98032422
2026-05-31 04:00:00,220.0,224.0,219.0,222.0,154050.52168708,34102407.97057071
2026-05-31 04:15:00,223.0,223.0,220.0,222.0,88421.6133984,19555807.05693949
2026-05-31 04:30:00,222.0,222.0,220.0,221.0,63363.84548062,14004215.40413004
2026-05-31 04:45:00,221.0,223.0,221.0,223.0,23787.92147086,5271653.15159683
2026-05-31 05:00:00,224.0,229.0,223.0,229.0,512595.90024272,115917886.35695782
2026-05-31 05:15:00,229.0,229.0,222.0,222.0,291150.01861446,65487778.31796869
2026-05-31 05:30:00,222.0,222.0,220.0,222.0,423795.27536091,94048133.392131
2026-05-31 05:45:00,222.0,223.0,219.0,219.0,145458.50617375,32027929.79558714
2026-05-31 06:00:00,221.0,221.0,220.0,221.0,42009.02953735,9261930.77131917
2026-05-31 06:15:00,221.0,222.0,221.0,221.0,103388.55573598,22906215.04904862
2026-05-31 06:30:00,221.0,221.0,219.0,220.0,167160.37756968,36647045.04514391
2026-05-31 06:45:00,219.0,220.0,219.0,219.0,161003.3822238,35261266.1950122
2026-05-31 07:00:00,219.0,219.0,214.0,216.0,565285.29699786,122622326.70340386
2026-05-31 07:15:00,216.0,216.0,215.0,215.0,188684.55086043,40576795.38454451
2026-05-31 07:30:00,215.0,215.0,212.0,212.0,173298.96276257,37067187.32580399
2026-05-31 07:45:00,213.0,214.0,213.0,214.0,48021.00144271,10265395.60986212
2026-05-31 08:00:00,214.0,214.0,213.0,213.0,56326.92443919,12017326.60080497
2026-05-31 08:15:00,213.0,214.0,213.0,213.0,157470.59324745,33665495.12478091
2026-05-31 08:30:00,213.0,214.0,212.0,213.0,311755.63388472,66226267.34789187
2026-05-31 08:45:00,213.0,214.0,213.0,213.0,223262.46142275,47703102.89124211
2026-05-31 09:00:00,214.0,214.0,211.0,213.0,363458.00243764,76874920.2431144
2026-05-31 09:15:00,213.0,214.0,212.0,214.0,110573.20172668,23463484.32468007
2026-05-31 09:30:00,213.0,213.0,210.0,212.0,1096288.89609232,231836734.19065443
2026-05-31 09:45:00,211.0,212.0,211.0,211.0,178054.92683743,37702377.50990105
2026-05-31 10:00:00,211.0,212.0,211.0,211.0,60325.61894875,12774682.66452946
2026-05-31 10:15:00,212.0,214.0,211.0,213.0,91223.90242822,19402719.44485713
2026-05-31 10:30:00,213.0,213.0,212.0,212.0,52574.47017813,11187168.50360879
2026-05-31 10:45:00,212.0,213.0,211.0,211.0,109139.17975427,23118435.45022331
2026-05-31 11:00:00,212.0,212.0,211.0,212.0,30579.72959683,6469612.25705229
2026-05-31 11:15:00,212.0,212.0,210.0,210.0,184950.34145019,38966466.63260619
2026-05-31 11:30:00,210.0,210.0,209.0,209.0,223891.53870623,46844102.14547607
2026-05-31 11:45:00,210.0,212.0,209.0,211.0,48853.59916338,10261776.04895054
2026-05-31 12:00:00,210.0,211.0,210.0,210.0,976.47012821,205808.60591953
2026-05-31 12:15:00,211.0,211.0,210.0,210.0,14793.88817402,3107537.23692334
2026-05-31 12:30:00,210.0,210.0,209.0,210.0,31406.15529764,6569053.47540769
2026-05-31 12:45:00,211.0,211.0,210.0,211.0,27861.34881616,5878549.23896819
2026-05-31 13:00:00,211.0,214.0,211.0,211.0,94827.1526593,20103128.67601034
2026-05-31 13:15:00,211.0,213.0,211.0,212.0,27267.76182898,5776721.4410771
2026-05-31 13:30:00,212.0,213.0,212.0,213.0,4136.16548073,878874.99999978
2026-05-31 13:45:00,213.0,213.0,212.0,212.0,311442.73275331,66312143.87570559
2026-05-31 14:00:00,213.0,213.0,212.0,212.0,143465.29134605,30414688.7137194
2026-05-31 14:15:00,212.0,213.0,212.0,212.0,33284.02693024,7064638.55548725
2026-05-31 14:30:00,213.0,213.0,212.0,213.0,46988.25768288,10007975.96930449
2026-05-31 14:45:00,212.0,213.0,212.0,213.0,41610.16090429,8839211.03320178
2026-05-31 15:00:00,212.0,214.0,212.0,214.0,189401.99113017,40406365.48763182
2026-05-31 15:15:00,214.0,216.0,214.0,215.0,399929.59620856,86040889.1114094
2026-05-31 15:30:00,215.0,216.0,214.0,216.0,339593.57014755,73060873.83732574
2026-05-31 15:45:00,216.0,218.0,216.0,218.0,52745.39449654,11418155.33330035
2026-05-31 16:00:00,217.0,217.0,214.0,214.0,375122.93391032,80540845.6323834
2026-05-31 16:15:00,214.0,215.0,212.0,212.0,50457.89897301,10765287.09076672
2026-05-31 16:30:00,212.0,212.0,211.0,211.0,159914.12558953,33861330.24465108
2026-05-31 16:45:00,212.0,215.0,212.0,214.0,43285.21472981,9208044.76446878
2026-05-31 17:00:00,214.0,216.0,213.0,215.0,168546.8102609,36139005.42810487
2026-05-31 17:15:00,215.0,218.0,215.0,217.0,936479.0868561,202888224.1958053
2026-05-31 17:30:00,216.0,217.0,214.0,214.0,99174.93633687,21342885.06428406
2026-05-31 17:45:00,216.0,216.0,214.0,215.0,32065.27087218,6886364.54578958
2026-05-31 18:00:00,215.0,216.0,214.0,214.0,59408.15715062,12750803.65325383
2026-05-31 18:15:00,214.0,216.0,214.0,215.0,89488.16773512,19230170.70247794
2026-05-31 18:30:00,215.0,215.0,214.0,214.0,72307.4881217,15533042.62256854
2026-05-31 18:45:00,214.0,214.0,212.0,212.0,88784.49881783,18929164.95193601
2026-05-31 19:00:00,211.0,212.0,211.0,212.0,9845.94791348,2085124.96936366
2026-05-31 19:15:00,212.0,212.0,211.0,212.0,22856.16788588,4838752.43667844
2026-05-31 19:30:00,212.0,213.0,212.0,212.0,48362.19364573,10273282.15288874
2026-05-31 19:45:00,213.0,213.0,212.0,212.0,158426.58795041,33586513.59384372
2026-05-31 20:00:00,212.0,212.0,212.0,212.0,26805.27612586,5682718.53868232
2026-05-31 20:15:00,213.0,213.0,211.0,213.0,44595.76568913,9448212.28532761
2026-05-31 20:30:00,212.0,213.0,212.0,213.0,1246.8077849,264638.02030619
2026-05-31 20:45:00,212.0,213.0,211.0,213.0,30113.15285416,6400692.80014201
2026-05-31 21:00:00,212.0,213.0,211.0,212.0,56605.20106611,12001532.23055793
2026-05-31 21:15:00,213.0,214.0,212.0,214.0,42771.53599377,9142196.79905419
2026-05-31 21:30:00,214.0,214.0,213.0,213.0,28051.15238327,5994444.5277276
2026-05-31 21:45:00,214.0,214.0,212.0,212.0,8999.32073014,1913685.3108875
2026-05-31 22:00:00,213.0,214.0,211.0,211.0,47764.61520243,10129365.02894368
2026-05-31 22:15:00,212.0,213.0,212.0,213.0,6479.24727134,1373925.00434361
2026-05-31 22:30:00,212.0,212.0,211.0,211.0,73469.09308197,15507875.75877717
2026-05-31 22:45:00,211.0,211.0,210.0,211.0,64682.7422214,13637297.35484465
2026-05-31 23:00:00,210.0,211.0,210.0,210.0,24733.7706592,5196935.28866895
2026-05-31 23:15:00,210.0,210.0,206.0,206.0,160526.57034958,33199327.48210382
2026-05-31 23:30:00,206.0,208.0,206.0,207.0,30591.78584538,6332436.70107277
2026-05-31 23:45:00,206.0,207.0,206.0,206.0,67739.96856796,13978030.60109136
2026-06-01 00:00:00,206.0,207.0,205.0,206.0,116573.01376062,24016578.65275445
2026-06-01 00:15:00,206.0,206.0,204.0,205.0,1259616.08086313,258793001.31933266
2026-06-01 00:30:00,206.0,207.0,206.0,206.0,67230.45137346,13903408.32725559
2026-06-01 00:45:00,207.0,207.0,206.0,206.0,15475.75974849,3202016.00881668
2026-06-01 01:00:00,206.0,207.0,205.0,206.0,28709.64638007,5914041.42062785
2026-06-01 01:15:00,205.0,205.0,203.0,204.0,79644.92984096,16249455.8258757
2026-06-01 01:30:00,205.0,205.0,204.0,205.0,85477.65236984,17470972.86244325
2026-06-01 01:45:00,204.0,205.0,204.0,204.0,19470.73525445,3973630.0659078
2026-06-01 02:00:00,205.0,205.0,204.0,205.0,23943.72550117,4885333.5369529
2026-06-01 02:15:00,205.0,205.0,205.0,205.0,682.61947457,139936.99228685
2026-06-01 02:30:00,206.0,208.0,206.0,208.0,10628.58213642,2195793.74477536
2026-06-01 02:45:00,207.0,207.0,207.0,207.0,482.04343581,99782.99121267
2026-06-01 03:00:00,206.0,206.0,206.0,206.0,96.76114286,19932.79542916
2026-06-01 03:15:00,206.0,206.0,206.0,206.0,5028.69679144,1035911.53903664
2026-06-01 03:30:00,206.0,206.0,206.0,206.0,32276.29842981,6648917.47654086
2026-06-01 03:45:00,205.0,205.0,205.0,205.0,4645.95401829,952420.57374945
2026-06-01 04:00:00,205.0,205.0,205.0,205.0,9389.67030666,1924882.4128653
2026-06-01 04:15:00,204.0,204.0,204.0,204.0,21315.52335545,4348366.7645118
2026-06-01 04:30:00,205.0,205.0,203.0,205.0,78987.98846355,16131140.53281328
2026-06-01 04:45:00,204.0,205.0,204.0,205.0,1696.44548779,347238.35999696
2026-06-01 05:00:00,205.0,206.0,205.0,205.0,18338.40666545,3764258.0694961
2026-06-01 05:15:00,205.0,205.0,205.0,205.0,10155.04207802,2081783.6259941
2026-06-01 05:30:00,205.0,205.0,205.0,205.0,2.16093902,442.9924991
2026-06-01 05:45:00,204.0,204.0,204.0,204.0,13872.16279069,2829921.20930076
2026-06-01 06:00:00,206.0,206.0,206.0,206.0,16426.1430395,3383785.466137
2026-06-01 06:15:00,206.0,206.0,206.0,206.0,11963.85787688,2464554.72263728
2026-06-01 06:30:00,205.0,206.0,205.0,206.0,11716.57852834,2402483.46628224
2026-06-01 06:45:00,207.0,208.0,207.0,208.0,74222.07963917,15436546.23919855
2026-06-01 07:00:00,208.0,209.0,207.0,208.0,45374.80933612,9438005.24020383
2026-06-01 07:15:00,209.0,209.0,209.0,209.0,4782.29784629,999500.24987461
2026-06-01 07:30:00,209.0,209.0,209.0,209.0,20770.85677495,4341109.06596455
2026-06-01 07:45:00,209.0,209.0,208.0,209.0,958.77070297,200334.99999766
2026-06-01 08:00:00,209.0,209.0,208.0,208.0,23770.07159938,4949038.69394536
2026-06-01 08:15:00,208.0,208.0,207.0,208.0,38177.97311158,7913958.65860145
2026-06-01 08:30:00,207.0,207.0,206.0,207.0,174499.73961917,36007946.64480481
2026-06-01 08:45:00,207.0,208.0,207.0,207.0,43021.54282444,8905590.31185395
2026-06-01 09:00:00,208.0,209.0,207.0,209.0,74288.25769649,15421063.77697595
2026-06-01 09:15:00,210.0,211.0,208.0,211.0,55746.43737831,11662440.77989574
2026-06-01 09:30:00,211.0,211.0,209.0,210.0,54005.83208386,11343916.02668111
2026-06-01 09:45:00,210.0,211.0,209.0,209.0,44447.66121499,9330960.1780522
2026-06-01 10:00:00,209.0,210.0,208.0,208.0,30472.69514989,6369702.82774097
2026-06-01 10:15:00,208.0,208.0,207.0,207.0,162208.6311078,33728700.33965117
2026-06-01 10:30:00,207.0,208.0,207.0,208.0,23222.00778261,4817821.23545508
2026-06-01 10:45:00,207.0,207.0,206.0,207.0,20639.37619617,4262970.83185834
2026-06-01 11:00:00,206.0,211.0,205.0,210.0,339924.70397789,70859755.4086523
2026-06-01 11:15:00,211.0,211.0,209.0,211.0,157650.69971641,33101623.5456999
2026-06-01 11:30:00,211.0,213.0,209.0,212.0,268989.4616898,56743027.66020581
2026-06-01 11:45:00,212.0,213.0,210.0,212.0,244367.59543218,51584097.1572184
2026-06-01 12:00:00,212.0,212.0,211.0,212.0,16505.57851274,3495691.05964947
2026-06-01 12:15:00,213.0,213.0,212.0,213.0,134578.73785195,28600964.12249072
2026-06-01 12:30:00,213.0,213.0,211.0,211.0,11781.0077429,2505131.0745101
2026-06-01 12:45:00,211.0,213.0,211.0,212.0,33913.48174387,7189345.47702205
2026-06-01 13:00:00,213.0,213.0,210.0,211.0,83767.88003768,17684282.29947846
2026-06-01 13:15:00,210.0,210.0,209.0,209.0,202645.124335,42393741.26023801
2026-06-01 13:30:00,210.0,210.0,209.0,209.0,48484.62744421,10154220.25509454
2026-06-01 13:45:00,209.0,210.0,208.0,209.0,143821.20162344,29944270.08016435
2026-06-01 14:00:00,209.0,209.0,208.0,208.0,69954.77687108,14570784.47959017
2026-06-01 14:15:00,208.0,209.0,208.0,209.0,90352.36960239,18848308.70843797
2026-06-01 14:30:00,208.0,208.0,207.0,207.0,196718.96499368,40730568.50591176
2026-06-01 14:45:00,207.0,209.0,207.0,207.0,25404.28733566,5283727.00633095
2026-06-01 15:00:00,207.0,207.0,205.0,206.0,379729.38095558,78054131.81075048
2026-06-01 15:15:00,206.0,206.0,204.0,205.0,165279.81291404,33999829.27115699
2026-06-01 15:30:00,204.0,205.0,203.0,203.0,98054.28704322,19989964.56778644
2026-06-01 15:45:00,203.0,205.0,203.0,204.0,376410.81435041,76716890.09586339
2026-06-01 16:00:00,204.0,205.0,204.0,204.0,46181.82355414,9425555.41967869
2026-06-01 16:15:00,204.0,204.0,204.0,204.0,231858.42717047,47299119.14277588
2026-06-01 16:30:00,203.0,204.0,203.0,203.0,41570.34025218,8438806.03197685
2026-06-01 16:45:00,203.0,203.0,201.0,202.0,502149.37696351,101504655.05813171
2026-06-01 17:00:00,202.0,203.0,201.0,203.0,49953.19729214,10126802.81268066
2026-06-01 17:15:00,203.0,203.0,202.0,202.0,202233.71875872,40861737.45117811
2026-06-01 17:30:00,202.0,203.0,202.0,203.0,107383.76335275,21731625.26006836
2026-06-01 17:45:00,203.0,203.0,202.0,202.0,162144.87664817,32769523.40912511
2026-06-01 18:00:00,202.0,204.0,202.0,204.0,3417.36252633,696741.95537132
2026-06-01 18:15:00,203.0,203.0,202.0,203.0,93301.31483496,18922398.52364162
2026-06-01 18:30:00,202.0,202.0,201.0,201.0,40310.20666557,8139845.47925407
2026-06-01 18:45:00,202.0,203.0,202.0,202.0,14643.68558295,2967796.48726328
2026-06-01 19:00:00,202.0,202.0,202.0,202.0,3463.73842781,699675.16241762
2026-06-01 19:15:00,203.0,203.0,201.0,201.0,71539.16490029,14386853.91835727
2026-06-01 19:30:00,201.0,201.0,201.0,201.0,100146.06281741,20129358.62629941
2026-06-01 19:45:00,203.0,203.0,202.0,203.0,4999.39832088,1010741.69365791
2026-06-01 20:00:00,203.0,203.0,202.0,202.0,1357.79062848,274815.57887413
2026-06-01 20:15:00,202.0,202.0,202.0,202.0,16254.9465777,3283499.2086954
2026-06-01 20:30:00,202.0,203.0,202.0,202.0,939.3081761,190440.2515722
2026-06-01 20:45:00,202.0,202.0,201.0,201.0,284766.6893648,57437085.1478705
2026-06-01 21:00:00,201.0,201.0,198.0,199.0,351061.75330823,70144828.1571612
2026-06-01 21:15:00,199.0,201.0,199.0,201.0,113984.60010984,22788802.49140364
2026-06-01 21:30:00,201.0,202.0,200.0,201.0,28228.80366863,5676538.80973902
2026-06-01 21:45:00,201.0,201.0,200.0,200.0,51524.00069409,10304854.77649915
2026-06-01 22:00:00,199.0,200.0,198.0,198.0,155222.79694203,30799529.01455759
2026-06-01 22:15:00,198.0,199.0,198.0,198.0,58182.65460219,11566173.53715174
2026-06-01 22:30:00,199.0,200.0,199.0,199.0,101881.59062223,20307199.45486324
2026-06-01 22:45:00,200.0,200.0,197.0,198.0,268991.6453565,53236172.60126799
2026-06-01 23:00:00,198.0,198.0,198.0,198.0,21088.68961864,4175560.54449072
2026-06-01 23:15:00,198.0,199.0,198.0,198.0,54041.05803739,10711016.13853189
2026-06-01 23:30:00,198.0,198.0,198.0,198.0,140638.34207003,27846391.72986594
2026-06-01 23:45:00,198.0,199.0,198.0,198.0,20715.68366526,4102060.57677675
2026-06-02 00:00:00,198.0,200.0,197.0,199.0,142663.93258825,28365834.1106488
2026-06-02 00:15:00,199.0,199.0,197.0,197.0,107767.82870901,21353032.55270598
2026-06-02 00:30:00,198.0,200.0,198.0,200.0,100351.76132255,20028262.7404833
2026-06-02 00:45:00,200.0,200.0,199.0,199.0,36650.55777418,7311350.71255281
2026-06-02 01:00:00,199.0,199.0,198.0,198.0,29168.73852256,5775510.72997944
2026-06-02 01:15:00,198.0,200.0,198.0,200.0,27268.8354333,5408773.4458527
2026-06-02 01:30:00,200.0,202.0,200.0,202.0,15993.41078781,3214248.2231065
2026-06-02 01:45:00,202.0,202.0,202.0,202.0,15132.56561409,3056778.25404618
2026-06-02 02:00:00,203.0,203.0,203.0,203.0,2643.62404688,536655.68151664
2026-06-02 02:15:00,202.0,202.0,201.0,202.0,45225.84772263,9092823.21164815
2026-06-02 02:30:00,203.0,204.0,202.0,204.0,53902.29425283,10944801.24569732
2026-06-02 03:00:00,204.0,204.0,202.0,202.0,35157.76991674,7147104.71647768
2026-06-02 03:30:00,205.0,205.0,205.0,205.0,625.54089052,128235.8825566
2026-06-02 04:00:00,204.0,204.0,203.0,203.0,1746.82706605,355534.44097677
2026-06-02 04:15:00,203.0,204.0,203.0,204.0,23447.06764539,4780886.26588416
2026-06-02 04:30:00,204.0,204.0,204.0,204.0,53.68319715,10951.3722186
2026-06-02 04:45:00,204.0,204.0,204.0,204.0,2795.62671726,570307.85032104
2026-06-02 05:15:00,203.0,204.0,203.0,204.0,6407.91027474,1303195.11927515
2026-06-02 05:30:00,203.0,203.0,203.0,203.0,70060.07584129,14222195.39578187
2026-06-02 05:45:00,203.0,203.0,202.0,202.0,6280.59861524,1273718.51889372
2026-06-02 06:00:00,202.0,202.0,202.0,202.0,13180.22278728,2662405.00303056
2026-06-02 06:15:00,201.0,202.0,200.0,201.0,59588.13626122,11970002.39466435
2026-06-02 06:30:00,202.0,202.0,201.0,201.0,60405.33390051,12154096.11400251
2026-06-02 06:45:00,201.0,202.0,200.0,200.0,19732.82533271,3954721.93521386
2026-06-02 07:00:00,200.0,201.0,199.0,199.0,2877.7844039,574124.93766936
2026-06-02 07:15:00,199.0,200.0,199.0,200.0,44869.26754698,8969088.49273145
2026-06-02 07:30:00,200.0,200.0,199.0,200.0,217767.47269644,43454359.57286155
2026-06-02 07:45:00,202.0,202.0,202.0,202.0,20146.72473785,4069638.3970457
2026-06-02 08:00:00,202.0,203.0,202.0,202.0,25790.09053738,5211076.28855076
2026-06-02 08:15:00,203.0,203.0,201.0,201.0,16469.1217141,3322293.4645341
2026-06-02 08:30:00,201.0,201.0,200.0,200.0,36608.74484956,7349361.969912
2026-06-02 08:45:00,202.0,202.0,200.0,201.0,20117.99842629,4026704.28879673
2026-06-02 09:00:00,202.0,202.0,201.0,201.0,137681.59688172,27810476.57532142
2026-06-02 09:15:00,201.0,202.0,201.0,202.0,1548.43653268,311755.54999937
2026-06-02 09:30:00,201.0,201.0,200.0,200.0,466321.27068177,93727023.06703576
2026-06-02 09:45:00,200.0,201.0,200.0,201.0,21149.86823105,4235313.11444105
2026-06-02 10:00:00,201.0,201.0,199.0,199.0,111000.76506545,22167009.36342253
2026-06-02 10:15:00,199.0,201.0,199.0,200.0,64733.48581799,12926673.98599961
2026-06-02 10:30:00,199.0,199.0,197.0,199.0,148774.8174928,29580281.15753633
2026-06-02 10:45:00,199.0,199.0,197.0,197.0,50777.30611442,10043472.24774678
2026-06-02 11:00:00,197.0,197.0,195.0,196.0,65957.72286246,12917228.51774461
2026-06-02 11:15:00,196.0,199.0,196.0,198.0,79020.23166221,15591111.27131902
2026-06-02 11:30:00,198.0,199.0,197.0,197.0,328547.80775683,65051141.96511583
2026-06-02 11:45:00,197.0,198.0,197.0,198.0,29517.54304092,5822165.56017024
2026-06-02 12:00:00,200.0,200.0,200.0,200.0,92.84529702,18569.059404
2026-06-02 12:15:00,200.0,202.0,200.0,202.0,93656.06144366,18800738.58760089
2026-06-02 12:30:00,202.0,202.0,202.0,202.0,10464.71318795,2113872.0639659
2026-06-02 12:45:00,202.0,202.0,202.0,202.0,155078.60955494,31325879.13009788
2026-06-02 13:00:00,202.0,202.0,200.0,200.0,119825.62904898,24051795.98869917
2026-06-02 13:15:00,202.0,202.0,201.0,201.0,1807.40841584,365005.49999968
2026-06-02 13:30:00,201.0,201.0,201.0,201.0,601.25630254,120852.51681054
2026-06-02 13:45:00,201.0,201.0,200.0,200.0,56102.94400418,11224442.11083736
2026-06-02 14:00:00,200.0,200.0,199.0,200.0,188074.096014,37445340.30975819
2026-06-02 14:15:00,200.0,200.0,200.0,200.0,500.0,100000.0
2026-06-02 14:30:00,199.0,200.0,198.0,199.0,63165.30041001,12539047.4704787
2026-06-02 14:45:00,198.0,199.0,197.0,198.0,25011.72369191,4945671.94858604
2026-06-02 15:00:00,197.0,197.0,197.0,197.0,123399.89975607,24309780.25194579
2026-06-02 15:15:00,198.0,198.0,198.0,198.0,4137.75637685,819275.7626163
2026-06-02 15:30:00,198.0,198.0,198.0,198.0,50479.82069571,9995004.49775058
2026-06-02 15:45:00,197.0,198.0,196.0,197.0,53938.98034497,10667716.54629697
2026-06-02 16:00:00,196.0,197.0,196.0,197.0,90186.56995163,17717156.553154
2026-06-02 16:15:00,198.0,198.0,198.0,198.0,7086.16368835,1403060.4102933
2026-06-02 16:30:00,197.0,198.0,197.0,198.0,40429.66551158,8002406.77068148
2026-06-02 16:45:00,198.0,198.0,197.0,198.0,37060.17516936,7329151.15349005
2026-06-02 17:00:00,198.0,198.0,197.0,197.0,11001.17520242,2167610.30275552
2026-06-02 17:15:00,198.0,198.0,197.0,197.0,84084.15357976,16644092.0639649
2026-06-02 17:30:00,198.0,198.0,197.0,197.0,102311.29816656,20256730.03697888
2026-06-02 17:45:00,198.0,198.0,197.0,198.0,86562.19244325,17109561.88259721
2026-06-02 18:00:00,198.0,198.0,196.0,196.0,51221.86737797,10083564.97088764
2026-06-02 18:15:00,196.0,197.0,195.0,195.0,170130.08719779,33235056.8796112
2026-06-02 18:30:00,195.0,195.0,194.0,195.0,27555.61183009,5361856.49050295
2026-06-02 18:45:00,195.0,196.0,195.0,195.0,66288.54087315,12926334.51108057
2026-06-02 19:00:00,195.0,196.0,195.0,196.0,83965.70562517,16402497.69142352
2026-06-02 19:15:00,197.0,197.0,196.0,196.0,12158.1696373,2383062.16261638
2026-06-02 19:30:00,197.0,197.0,196.0,196.0,23548.18103863,4615942.98001615
2026-06-02 19:45:00,197.0,198.0,196.0,197.0,73584.03759974,14546373.29074852
2026-06-02 20:00:00,196.0,197.0,196.0,197.0,23121.80394606,4553974.96921055
2026-06-02 20:15:00,197.0,197.0,195.0,195.0,149415.94527957,29363659.98069749
2026-06-02 20:30:00,196.0,196.0,196.0,196.0,82315.71848954,16133880.82394984
2026-06-02 20:45:00,197.0,197.0,197.0,197.0,16449.59082188,3240569.39191036
2026-06-02 21:00:00,196.0,197.0,196.0,196.0,51568.36751141,10110415.26066275
2026-06-02 21:15:00,196.0,197.0,196.0,197.0,71753.26168824,14097638.02756727
2026-06-02 21:30:00,196.0,198.0,196.0,198.0,52348.54966412,10314170.61364733
2026-06-02 21:45:00,197.0,198.0,197.0,197.0,34392.10131211,6775302.90293011
2026-06-02 22:00:00,197.0,199.0,197.0,198.0,31695.00706659,6277355.07116684
2026-06-02 22:15:00,198.0,201.0,198.0,200.0,72577.13854195,14476652.53421857
2026-06-02 22:30:00,200.0,201.0,200.0,200.0,57207.08969917,11472798.93147715
2026-06-02 22:45:00,200.0,201.0,199.0,200.0,28997.16261679,5796234.72040018
2026-06-02 23:00:00,199.0,200.0,199.0,200.0,58151.4528646,11590638.9100554
2026-06-02 23:15:00,199.0,200.0,192.0,193.0,490305.96741115,95154602.0413391
2026-06-02 23:30:00,193.0,196.0,192.0,193.0,161709.58312398,31384099.17513769
2026-06-02 23:45:00,194.0,196.0,194.0,195.0,125965.32941299,24585935.32490672
2026-06-03 00:00:00,194.0,195.0,193.0,195.0,16533.52582939,3205674.72301867
2026-06-03 00:15:00,194.0,194.0,190.0,190.0,194129.06005103,37118836.46519198
2026-06-03 00:30:00,190.0,191.0,188.0,190.0,361253.13809715,68371448.68798065
2026-06-03 00:45:00,190.0,192.0,190.0,192.0,68243.43395054,13015099.47832016
2026-06-03 01:00:00,192.0,195.0,191.0,195.0,35803.69459197,6881118.01350157
2026-06-03 01:15:00,196.0,197.0,195.0,196.0,86800.70052237,16993950.98042471
2026-06-03 01:30:00,196.0,196.0,196.0,196.0,28544.33039793,5594688.75799428
2026-06-03 01:45:00,196.0,196.0,195.0,195.0,123489.86598511,24081641.28546379
2026-06-03 02:00:00,195.0,197.0,195.0,197.0,243284.72089103,47904111.01615885
2026-06-03 02:15:00,197.0,198.0,197.0,198.0,180035.12506269,35487024.8668848
2026-06-03 02:30:00,198.0,199.0,197.0,197.0,126567.98730446,24974522.01632637
2026-06-03 02:45:00,197.0,197.0,197.0,197.0,7500.9967296,1477696.3557312
2026-06-03 03:00:00,197.0,197.0,197.0,197.0,2164.10280566,426328.25271502
2026-06-03 03:15:00,195.0,195.0,195.0,195.0,22412.3634214,4370410.867173
2026-06-03 03:30:00,195.0,195.0,194.0,195.0,45946.83004712,8957821.8591884
2026-06-03 03:45:00,195.0,195.0,194.0,194.0,38202.41557727,7415821.82199038
2026-06-03 04:00:00,194.0,195.0,194.0,194.0,19944.42398744,3869249.02279412
2026-06-03 04:15:00,193.0,193.0,191.0,192.0,39156.59857969,7522977.16878715
2026-06-03 04:30:00,192.0,192.0,189.0,191.0,41347.56826213,7872258.81223847
2026-06-03 04:45:00,191.0,195.0,191.0,194.0,41233.26476635,8006060.91742367
2026-06-03 05:00:00,193.0,196.0,193.0,196.0,12532.55186131,2455095.47013001
2026-06-03 05:15:00,194.0,194.0,193.0,194.0,55525.31827668,10770127.05883609
2026-06-03 05:30:00,194.0,194.0,193.0,194.0,10826.38865978,2100008.39999732
2026-06-03 05:45:00,194.0,195.0,194.0,195.0,2025.97423179,394596.22777636
2026-06-03 06:00:00,194.0,195.0,194.0,195.0,10131.12624361,1975522.9010091
2026-06-03 06:15:00,195.0,195.0,195.0,195.0,20910.39910782,4077527.8260249
2026-06-03 06:30:00,195.0,197.0,195.0,197.0,1544.93127334,303024.67431476
2026-06-03 07:00:00,195.0,195.0,195.0,195.0,2564.1025641,499999.9999995
2026-06-03 07:15:00,193.0,195.0,193.0,195.0,320407.88600633,62471751.39500229
2026-06-03 07:30:00,194.0,195.0,193.0,194.0,203550.95800914,39488743.07026801
2026-06-03 07:45:00,194.0,194.0,190.0,192.0,166782.87142523,31854215.60442549
2026-06-03 08:00:00,189.0,192.0,189.0,191.0,16547.93268439,3158519.76880706
2026-06-03 08:15:00,191.0,191.0,187.0,188.0,511839.53014521,96320177.15997288
2026-06-03 08:30:00,187.0,190.0,187.0,190.0,279816.14328018,52935837.80910563
2026-06-03 08:45:00,191.0,192.0,190.0,192.0,17679.74407276,3378242.49799877
2026-06-03 09:00:00,192.0,193.0,191.0,193.0,242423.957042,46737661.97162907
2026-06-03 09:15:00,193.0,194.0,193.0,194.0,59936.61909346,11614715.57120672
2026-06-03 09:30:00,194.0,194.0,194.0,194.0,34558.15713808,6704282.48478752
2026-06-03 09:45:00,195.0,196.0,195.0,196.0,337160.60307411,65764669.95885335
2026-06-03 10:00:00,195.0,195.0,193.0,193.0,104719.27050664,20332772.53377319
2026-06-03 10:15:00,194.0,195.0,194.0,194.0,68775.665778,13345408.61221404
2026-06-03 10:30:00,194.0,194.0,192.0,193.0,4729.09099769,910815.08974873
2026-06-03 10:45:00,192.0,195.0,192.0,195.0,26002.38006162,5039768.89866278
2026-06-03 11:00:00,194.0,195.0,194.0,195.0,5092.52241734,992010.94354624
2026-06-03 11:15:00,195.0,196.0,195.0,195.0,109296.18711288,21326472.24879892
2026-06-03 11:30:00,195.0,196.0,195.0,196.0,135061.66105004,26457451.25732106
2026-06-03 11:45:00,195.0,196.0,195.0,195.0,293656.33649873,57263015.61725235
2026-06-03 12:00:00,195.0,195.0,194.0,194.0,234020.30204979,45620029.8762455
2026-06-03 12:15:00,195.0,195.0,193.0,193.0,176126.39787801,34179629.07414503
2026-06-03 12:30:00,193.0,194.0,191.0,191.0,97043.39056558,18618153.01045457
2026-06-03 12:45:00,191.0,192.0,190.0,192.0,39438.57767944,7541332.9253147
2026-06-03 13:00:00,192.0,196.0,192.0,194.0,658012.08034364,127286161.79330447
2026-06-03 13:15:00,194.0,196.0,194.0,196.0,224587.29464908,43988992.53208808
2026-06-03 13:30:00,196.0,197.0,195.0,197.0,19306.64101078,3774111.24999902
2026-06-03 13:45:00,196.0,197.0,196.0,197.0,50983.69916263,10013099.92931758
2026-06-03 14:00:00,197.0,200.0,197.0,199.0,205654.88274816,40878507.89328812
2026-06-03 14:15:00,200.0,201.0,199.0,199.0,41505.08324088,8270064.8266764
2026-06-03 14:30:00,199.0,199.0,199.0,199.0,5628.44479019,1120060.51324781
2026-06-03 14:45:00,199.0,200.0,199.0,200.0,61181.17770011,12185347.31612341
2026-06-03 15:00:00,200.0,201.0,200.0,201.0,7638.53737415,1531772.56168955
2026-06-03 15:15:00,201.0,201.0,200.0,200.0,61011.65406695,12224357.70044398
2026-06-03 15:30:00,201.0,201.0,201.0,201.0,3651.71232115,733994.17655115
2026-06-03 15:45:00,201.0,201.0,200.0,201.0,87469.04122993,17581186.42898666
2026-06-03 16:00:00,201.0,201.0,201.0,201.0,4226.74235021,849575.21239221
2026-06-03 16:15:00,201.0,202.0,201.0,202.0,5482.85836383,1102902.80055734
2026-06-03 16:30:00,202.0,202.0,201.0,201.0,2905.30204151,586663.71034351
2026-06-03 16:45:00,202.0,202.0,201.0,201.0,4917.23369688,988413.48792436
2026-06-03 17:00:00,201.0,201.0,200.0,200.0,14788.81825152,2970598.62240168
2026-06-03 17:15:00,200.0,200.0,200.0,200.0,292.9359073,58587.18146
2026-06-03 17:30:00,201.0,202.0,200.0,201.0,58113.69193973,11644826.04824946
2026-06-03 17:45:00,201.0,201.0,200.0,200.0,6057.78217821,1217556.435642
2026-06-03 18:00:00,200.0,200.0,200.0,200.0,14756.0,2951200.0
2026-06-03 18:15:00,200.0,200.0,199.0,199.0,53353.89051281,10619385.476417
2026-06-03 18:30:00,199.0,200.0,199.0,200.0,5075.59144129,1014496.49741641
2026-06-03 18:45:00,199.0,201.0,198.0,200.0,29863.98018964,5944169.72716006
2026-06-03 19:00:00,199.0,201.0,199.0,201.0,68924.73290886,13853314.79073429
2026-06-03 19:15:00,201.0,202.0,201.0,202.0,15043.5517439,3035238.26686051
2026-06-03 19:30:00,202.0,203.0,202.0,202.0,58035.69821429,11750714.78252577
2026-06-03 19:45:00,201.0,202.0,201.0,202.0,52091.39513017,10470868.95902395
2026-06-03 20:00:00,202.0,202.0,202.0,202.0,137.42436451,27759.72163102
2026-06-03 20:15:00,202.0,202.0,202.0,202.0,54533.86085187,11015839.89207774
2026-06-03 20:30:00,202.0,203.0,202.0,202.0,306785.78539701,61970758.61078715
2026-06-03 20:45:00,201.0,201.0,200.0,200.0,38273.24452671,7692082.39414484
2026-06-03 21:00:00,201.0,201.0,201.0,201.0,242.282,48698.682
2026-06-03 21:15:00,200.0,200.0,200.0,200.0,37078.84672468,7415769.344936
2026-06-03 21:30:00,201.0,201.0,201.0,201.0,15181.14371614,3051409.88694414
2026-06-03 21:45:00,201.0,202.0,201.0,202.0,151284.30855844,30523485.51493593
2026-06-03 22:00:00,203.0,204.0,202.0,204.0,63977.03071487,12945730.70486969
2026-06-03 22:15:00,204.0,205.0,203.0,204.0,243895.86448489,49761155.32922697
2026-06-03 22:30:00,204.0,204.0,203.0,203.0,26418.03310715,5384541.23833577
2026-06-03 22:45:00,202.0,204.0,202.0,203.0,33126.16368855,6730752.44714088
2026-06-03 23:00:00,203.0,204.0,203.0,203.0,51235.81728167,10400920.16926275
2026-06-03 23:15:00,202.0,202.0,202.0,202.0,53927.54617041,10893364.32642282
2026-06-03 23:30:00,202.0,203.0,201.0,203.0,13166.35276084,2672413.48077191
2026-06-03 23:45:00,203.0,204.0,203.0,204.0,65502.19064422,13297936.65288569
2026-06-04 00:00:00,204.0,204.0,203.0,204.0,86305.199524,17595516.51077758
2026-06-04 00:15:00,204.0,204.0,203.0,203.0,48196.7506852,9812255.66074736
2026-06-04 00:30:00,203.0,203.0,201.0,202.0,34394.14265379,6950376.61415309
2026-06-04 00:45:00,203.0,203.0,202.0,202.0,72692.326892,14698347.94010818
2026-06-04 01:00:00,202.0,202.0,201.0,201.0,128325.6659459,25851122.63468763
2026-06-04 01:15:00,200.0,200.0,198.0,199.0,9980.8758961,1986281.03735227
2026-06-04 01:30:00,199.0,200.0,199.0,200.0,27120.04150209,5401888.25891591
2026-06-04 01:45:00,200.0,200.0,200.0,200.0,17243.58168316,3448716.336632
2026-06-04 02:00:00,199.0,199.0,198.0,198.0,17681.56363105,3512325.96050526
2026-06-04 02:15:00,199.0,199.0,199.0,199.0,2922.56201726,581589.84143474
2026-06-04 02:30:00,202.0,202.0,202.0,202.0,542.586132,109602.398664
2026-06-04 02:45:00,202.0,202.0,200.0,201.0,15243.86680159,3063973.65313825
2026-06-04 03:00:00,201.0,201.0,201.0,201.0,12298.60305613,2472019.21428213
2026-06-04 03:15:00,200.0,201.0,200.0,201.0,50807.4699789,10161645.9360785
2026-06-04 03:45:00,202.0,203.0,202.0,203.0,276.61613685,56000.35799055
2026-06-04 04:00:00,204.0,205.0,204.0,205.0,184.9418956,37785.707678
2026-06-04 04:15:00,201.0,201.0,201.0,201.0,151.9402985,30539.9999985
2026-06-04 04:30:00,202.0,203.0,202.0,203.0,8654.38983479,1756346.08695741
2026-06-04 04:45:00,204.0,205.0,202.0,204.0,198715.09978857,40312716.13827552
2026-06-04 05:00:00,202.0,204.0,202.0,204.0,18062.86654811,3656697.13300694
2026-06-04 05:15:00,204.0,204.0,202.0,203.0,43149.38832325,8756079.54619846
2026-06-04 05:30:00,203.0,204.0,200.0,200.0,172477.96062639,34709826.88190488
2026-06-04 05:45:00,200.0,200.0,197.0,198.0,93021.14350248,18468376.02963167
2026-06-04 06:00:00,199.0,202.0,198.0,202.0,40525.83930692,8125640.22407171
2026-06-04 06:15:00,202.0,202.0,202.0,202.0,2577.3470623,520624.1065846
2026-06-04 06:30:00,203.0,204.0,203.0,204.0,21744.50429837,4429673.62970303
2026-06-04 06:45:00,205.0,207.0,205.0,205.0,181159.8121693,37247638.62759404
2026-06-04 07:00:00,205.0,207.0,205.0,206.0,12807.83434737,2637066.93894321
2026-06-04 07:15:00,205.0,205.0,204.0,204.0,14608.13256868,2980644.40986437
2026-06-04 07:30:00,204.0,204.0,204.0,204.0,9518.88940103,1941853.43781012
2026-06-04 07:45:00,203.0,203.0,203.0,203.0,106287.58327934,21576379.40570602
2026-06-04 08:00:00,203.0,203.0,203.0,203.0,83.3671834,16923.5382302
2026-06-04 08:15:00,203.0,203.0,201.0,201.0,23083.80417261,4639943.16086209
2026-06-04 08:30:00,202.0,203.0,201.0,201.0,36177.32014161,7308371.15870424
2026-06-04 08:45:00,201.0,201.0,200.0,200.0,258419.75959214,51813247.76939419
2026-06-04 09:00:00,201.0,202.0,201.0,202.0,215499.64081179,43483328.29112505
2026-06-04 09:15:00,202.0,204.0,199.0,199.0,186212.92955893,37230317.15538218
2026-06-04 09:30:00,200.0,200.0,197.0,200.0,1153463.07329778,228853405.56967235
2026-06-04 09:45:00,199.0,199.0,198.0,199.0,7934.40793216,1577932.12355684
2026-06-04 10:00:00,198.0,200.0,197.0,197.0,167146.55629564,33084434.70665513
2026-06-04 10:15:00,196.0,196.0,191.0,192.0,612993.54524059,119391943.5304305
2026-06-04 10:30:00,192.0,195.0,192.0,193.0,129137.94463491,24994681.86633801
2026-06-04 10:45:00,193.0,193.0,188.0,189.0,638080.45409602,121684373.90381138
2026-06-04 11:00:00,190.0,190.0,180.0,186.0,1976301.82798037,363140893.97558624
2026-06-04 11:15:00,186.0,190.0,184.0,189.0,410697.27030964,77058163.21220563
2026-06-04 11:30:00,188.0,191.0,187.0,191.0,815547.9987442,155231574.9991053
2026-06-04 11:45:00,191.0,192.0,190.0,190.0,269668.92007658,51477899.04027328
2026-06-04 12:00:00,190.0,193.0,189.0,193.0,73379.21032133,14084487.80445428
2026-06-04 12:15:00,194.0,195.0,193.0,193.0,68492.12427936,13293083.71131297
2026-06-04 12:30:00,193.0,196.0,193.0,195.0,56327.63668482,10995160.47342908
2026-06-04 12:45:00,195.0,196.0,194.0,196.0,15040.26412068,2932696.52358716
2026-06-04 13:00:00,196.0,196.0,196.0,196.0,153307.52934373,30048275.75137108
2026-06-04 13:15:00,195.0,196.0,195.0,195.0,65171.3938665,12712737.05450548
2026-06-04 13:30:00,194.0,194.0,192.0,192.0,156847.40779984,30162091.9490961
2026-06-04 13:45:00,192.0,192.0,190.0,190.0,12468.06816944,2389628.81735903
2026-06-04 14:00:00,190.0,190.0,188.0,188.0,506575.42221195,95954290.36368485
2026-06-04 14:15:00,188.0,189.0,187.0,188.0,381629.8562147,72051240.96530302
2026-06-04 14:30:00,188.0,190.0,188.0,190.0,18874.81774444,3564362.89997498
2026-06-04 14:45:00,190.0,190.0,188.0,188.0,22148.17499145,4204340.01155128
2026-06-04 15:00:00,188.0,190.0,188.0,190.0,7409.20797391,1394120.57277926
2026-06-04 15:15:00,190.0,192.0,190.0,191.0,87284.13166081,16698768.92304827
2026-06-04 15:30:00,190.0,192.0,190.0,191.0,443400.2218015,84735754.48875853
2026-06-04 15:45:00,190.0,190.0,189.0,189.0,9820.37677409,1861426.0844316
2026-06-04 16:00:00,188.0,188.0,186.0,187.0,148716.46070976,27904132.00192128
2026-06-04 16:15:00,187.0,187.0,185.0,185.0,517366.85372177,95833392.62024651
2026-06-04 16:30:00,186.0,187.0,185.0,186.0,63869.62954007,11879887.98731749
2026-06-04 16:45:00,186.0,186.0,183.0,184.0,572599.62312692,105382751.28707989
2026-06-04 17:00:00,182.0,184.0,182.0,182.0,294675.08312906,53696434.65795542
2026-06-04 17:15:00,181.0,183.0,181.0,183.0,175684.04326685,31923969.89056498
2026-06-04 17:30:00,183.0,183.0,182.0,182.0,50929.05689663,9307899.49999538
2026-06-04 17:45:00,183.0,184.0,183.0,184.0,129545.98185903,23803887.95439824
2026-06-04 18:00:00,183.0,183.0,180.0,181.0,356727.03033557,64620274.31735864
2026-06-04 18:15:00,181.0,181.0,178.0,178.0,1076447.62320065,192409545.5707027
2026-06-04 18:30:00,178.0,179.0,177.0,178.0,157250.52905687,27998564.34037017
2026-06-04 18:45:00,179.0,180.0,178.0,179.0,96059.77386964,17194847.28047924
2026-06-04 19:00:00,180.0,180.0,178.0,179.0,241162.23393161,43206143.84797214
2026-06-04 19:15:00,179.0,180.0,179.0,180.0,466390.4866263,83541604.27757157
2026-06-04 19:30:00,179.0,181.0,179.0,180.0,44919.88452424,8083261.69049634
2026-06-04 19:45:00,179.0,180.0,178.0,178.0,518508.26516756,92395006.53529619
2026-06-04 20:00:00,178.0,179.0,177.0,177.0,128842.30604229,22933256.32519946
2026-06-04 20:15:00,178.0,179.0,178.0,179.0,83526.40987541,14929392.7355775
2026-06-04 20:30:00,179.0,180.0,178.0,179.0,142903.86093338,25577453.53790713
2026-06-04 20:45:00,179.0,181.0,179.0,181.0,118343.52806953,21401765.2472516
2026-06-04 21:00:00,181.0,182.0,180.0,181.0,40331.87720426,7288090.44570116
2026-06-04 21:15:00,181.0,184.0,180.0,183.0,360796.17118616,65967867.03363643
2026-06-04 21:30:00,184.0,186.0,184.0,185.0,107451.8428188,19867321.41619919
2026-06-04 21:45:00,186.0,187.0,185.0,185.0,275027.09020162,51149357.3349182
2026-06-04 22:00:00,185.0,187.0,185.0,185.0,191127.53233006,35454673.87763689
2026-06-04 22:15:00,184.0,185.0,182.0,183.0,167730.50146017,30700717.23190896
2026-06-04 22:30:00,184.0,187.0,184.0,187.0,82473.33244848,15282988.57169619
2026-06-04 22:45:00,185.0,186.0,185.0,185.0,393400.855781,72779324.84582908
2026-06-04 23:00:00,186.0,186.0,185.0,185.0,360227.61602572,66643278.29647861
2026-06-04 23:15:00,185.0,185.0,184.0,185.0,22768.50939117,4211365.11032192
2026-06-04 23:30:00,184.0,185.0,183.0,185.0,23739.27415324,4357563.33457931
2026-06-04 23:45:00,184.0,185.0,183.0,184.0,135408.80189169,24913756.46855051
2026-06-05 00:00:00,184.0,186.0,184.0,186.0,153405.10985902,28386078.98518697
2026-06-05 00:15:00,186.0,186.0,185.0,186.0,35226.10014936,6545504.93280359
2026-06-05 00:30:00,186.0,186.0,185.0,185.0,9006.75799633,1674656.98731738
2026-06-05 00:45:00,185.0,185.0,185.0,185.0,98098.38622437,18148201.45150845
2026-06-05 01:00:00,185.0,185.0,184.0,184.0,1578.82393391,290571.85519079
2026-06-05 01:15:00,184.0,184.0,183.0,183.0,7048.95962175,1296975.96170635
2026-06-05 01:30:00,183.0,185.0,183.0,184.0,4361.7477595,799135.98480923
2026-06-05 01:45:00,184.0,184.0,184.0,184.0,83539.38791473,15371247.37631032
2026-06-05 02:00:00,185.0,186.0,185.0,186.0,44593.27118577,8280592.96274226
2026-06-05 02:15:00,185.0,185.0,183.0,183.0,3170.44463819,585532.25806515
2026-06-05 02:30:00,183.0,183.0,181.0,181.0,182157.75000217,33027762.9847385
2026-06-05 02:45:00,181.0,183.0,181.0,183.0,367998.13413658,66985109.3166233
2026-06-05 03:00:00,182.0,182.0,181.0,181.0,109.81505494,19931.46999908
2026-06-05 03:15:00,182.0,185.0,182.0,185.0,46894.27163009,8539504.11477919
2026-06-05 03:30:00,186.0,186.0,186.0,186.0,29597.30334192,5505098.42159712
2026-06-05 03:45:00,186.0,186.0,186.0,186.0,1033.08064516,192152.99999976
2026-06-05 04:00:00,186.0,186.0,186.0,186.0,26881.7204301,4999999.9999986
2026-06-05 04:30:00,184.0,184.0,184.0,184.0,223.20317547,41069.38428648
2026-06-05 04:45:00,184.0,184.0,184.0,184.0,21470.99819655,3950663.6681652
2026-06-05 05:00:00,183.0,183.0,183.0,183.0,33241.06030165,6083114.03520195
2026-06-05 05:15:00,183.0,183.0,183.0,183.0,9354.95546818,1711956.85067694
2026-06-05 05:30:00,183.0,183.0,183.0,183.0,351335.84457084,64294459.55646372
2026-06-05 06:00:00,183.0,183.0,183.0,183.0,2833.30601091,518494.99999653
2026-06-05 06:15:00,183.0,183.0,181.0,181.0,113720.05055383,20622251.50927759
2026-06-05 06:30:00,180.0,180.0,177.0,179.0,155831.96922902,27824686.34545004
2026-06-05 06:45:00,179.0,179.0,178.0,178.0,282263.64333067,50489442.95817449
2026-06-05 07:00:00,178.0,179.0,178.0,178.0,109247.43765696,19447368.26310516
2026-06-05 07:15:00,178.0,178.0,178.0,178.0,12845.40015271,2286481.22718238
2026-06-05 07:30:00,178.0,178.0,176.0,178.0,88561.01659119,15712395.67078889
2026-06-05 07:45:00,177.0,178.0,177.0,178.0,103747.39637208,18456018.27747528
2026-06-05 08:00:00,179.0,179.0,179.0,179.0,12258.69775617,2194306.89835443
2026-06-05 08:15:00,179.0,179.0,177.0,177.0,103706.20996212,18416696.1717506
2026-06-05 08:30:00,177.0,178.0,177.0,178.0,209731.38456594,37314683.84531696
2026-06-05 08:45:00,178.0,179.0,178.0,179.0,82871.8030351,14805349.32532897
2026-06-05 09:00:00,179.0,179.0,178.0,178.0,173491.5312228,30908999.99739828
2026-06-05 09:15:00,178.0,178.0,177.0,178.0,108161.64014306,19203264.10774624
2026-06-05 09:30:00,179.0,180.0,178.0,179.0,20512.84740921,3671477.54366819
2026-06-05 09:45:00,179.0,179.0,176.0,177.0,71668.68579489,12740795.95054645
2026-06-05 10:00:00,176.0,176.0,174.0,176.0,676117.93473241,118298115.0662053
2026-06-05 10:15:00,175.0,176.0,175.0,176.0,100284.08658706,17596071.08250727
2026-06-05 10:30:00,177.0,178.0,176.0,176.0,54093.80383216,9563762.44048485
2026-06-05 10:45:00,176.0,177.0,176.0,176.0,27292.28777484,4809751.09625216
2026-06-05 11:00:00,176.0,176.0,174.0,175.0,114342.0015168,19999755.81772924
2026-06-05 11:15:00,175.0,175.0,172.0,172.0,334101.52006879,57993824.59477498
2026-06-05 11:30:00,173.0,173.0,171.0,172.0,216521.68217184,37357688.13614562
2026-06-05 11:45:00,172.0,172.0,169.0,170.0,394204.07328776,67064323.03297987
2026-06-05 12:00:00,169.0,169.0,168.0,169.0,337887.83702837,56984373.09673142
2026-06-05 12:15:00,168.0,171.0,168.0,169.0,593443.46457517,100487915.11024015
2026-06-05 12:30:00,170.0,171.0,170.0,170.0,49406.90205773,8410869.25624684
2026-06-05 12:45:00,169.0,170.0,169.0,169.0,82121.07364186,13892259.47032023
2026-06-05 13:00:00,169.0,170.0,168.0,170.0,379633.43468278,63945710.15836932
2026-06-05 13:15:00,170.0,171.0,169.0,171.0,45603.53524499,7735174.30652439
2026-06-05 13:30:00,171.0,171.0,168.0,168.0,219498.90055814,37308039.71475819
2026-06-05 13:45:00,168.0,171.0,167.0,171.0,132468.34320305,22387410.24535449
2026-06-05 14:00:00,171.0,172.0,171.0,171.0,51980.69103228,8890933.88890359
2026-06-05 14:15:00,171.0,171.0,169.0,170.0,81707.98061257,13883834.17120863
2026-06-05 14:30:00,171.0,171.0,168.0,168.0,214650.5081984,36378766.30481054
2026-06-05 14:45:00,168.0,169.0,165.0,166.0,333243.36051224,55705583.03147356
2026-06-05 15:00:00,166.0,167.0,163.0,164.0,690754.08797783,114247358.57978766
2026-06-05 15:15:00,164.0,164.0,158.0,162.0,2119213.09653117,341129612.98945856
2026-06-05 15:30:00,161.0,163.0,160.0,163.0,659242.44009729,106552220.83589043
2026-06-05 15:45:00,163.0,163.0,161.0,162.0,237279.56700724,38471075.42898491
2026-06-05 16:00:00,162.0,162.0,158.0,158.0,439061.79824967,69955933.98377706
2026-06-05 16:15:00,158.0,164.0,158.0,164.0,1001059.40410258,160725057.51446503
2026-06-05 16:30:00,163.0,165.0,163.0,164.0,370595.97916086,60564781.02563218
2026-06-05 16:45:00,165.0,165.0,164.0,165.0,103421.37147048,17009230.34883741
2026-06-05 17:00:00,165.0,165.0,163.0,163.0,185206.0329184,30274870.71958272
2026-06-05 17:15:00,162.0,164.0,161.0,164.0,98166.52403027,15934098.65907603
2026-06-05 17:30:00,163.0,163.0,163.0,163.0,59463.76504998,9692593.70314674
2026-06-05 17:45:00,162.0,162.0,161.0,162.0,37582.18329483,6067707.27669452
2026-06-05 18:00:00,162.0,165.0,162.0,165.0,106354.97589195,17355753.00850377
2026-06-05 18:15:00,165.0,166.0,164.0,165.0,136685.39005403,22489089.73463261
2026-06-05 18:30:00,165.0,166.0,165.0,165.0,29564.99483176,4878350.92625979
2026-06-05 18:45:00,165.0,166.0,165.0,165.0,44846.9785648,7406669.51747994
2026-06-05 19:00:00,166.0,167.0,165.0,165.0,139873.27739218,23104025.84169113
2026-06-05 19:15:00,164.0,165.0,164.0,164.0,6489.96550202,1066372.52414945
2026-06-05 19:30:00,166.0,166.0,164.0,166.0,12224.64768235,2017060.00011714
2026-06-05 19:45:00,166.0,166.0,164.0,165.0,94616.93418334,15554556.38250133
2026-06-05 20:00:00,165.0,166.0,163.0,166.0,819909.16927741,135345255.72551757
2026-06-05 20:15:00,166.0,168.0,166.0,166.0,76024.98767712,12691463.42886738
2026-06-05 20:30:00,166.0,167.0,164.0,164.0,5647.1993818,936025.74092292
2026-06-05 20:45:00,165.0,166.0,165.0,166.0,644634.33389825,106735515.46665633
2026-06-05 21:00:00,165.0,167.0,163.0,166.0,42776.55965122,7027272.85034125
2026-06-05 21:15:00,166.0,167.0,164.0,165.0,25373.00873447,4201020.92832237
2026-06-05 21:30:00,165.0,165.0,163.0,165.0,117759.17697162,19315532.35852814
2026-06-05 21:45:00,163.0,164.0,162.0,163.0,54308.34281926,8845971.9425355
2026-06-05 22:00:00,163.0,164.0,163.0,164.0,59040.53864123,9647196.35093742
2026-06-05 22:15:00,164.0,165.0,164.0,165.0,86337.42585711,14162707.85456604
2026-06-05 22:30:00,165.0,167.0,165.0,165.0,40406.06470963,6677149.66757766
2026-06-05 22:45:00,164.0,164.0,160.0,160.0,128640.11651503,20769240.85326775
2026-06-05 23:00:00,160.0,164.0,160.0,163.0,255903.52343212,41012365.39531582
2026-06-05 23:15:00,163.0,163.0,162.0,162.0,100170.53644792,16290157.17684819
2026-06-05 23:30:00,163.0,163.0,162.0,162.0,71770.86059056,11641601.67256754
2026-06-05 23:45:00,162.0,163.0,161.0,161.0,63075.42911434,10183215.44120997
2026-06-06 00:00:00,161.0,161.0,158.0,159.0,316453.17218719,50482323.86874601
2026-06-06 00:15:00,159.0,160.0,158.0,159.0,61495.81832659,9800839.42737744
2026-06-06 00:30:00,159.0,160.0,157.0,159.0,24059.6166138,3798890.8349768
2026-06-06 00:45:00,158.0,159.0,158.0,159.0,20287.94148983,3208762.61517393
2026-06-06 01:00:00,158.0,158.0,155.0,158.0,229068.1841246,35816686.31310563
2026-06-06 01:15:00,160.0,161.0,159.0,160.0,1119550.77050022,179815402.7947971
2026-06-06 01:30:00,160.0,160.0,159.0,159.0,62973.59348691,10013778.19410619
2026-06-06 01:45:00,160.0,164.0,160.0,164.0,59763.31972929,9663877.65341384
2026-06-06 02:00:00,163.0,164.0,163.0,163.0,95856.34272831,15625803.37690965
2026-06-06 02:15:00,163.0,163.0,161.0,161.0,68772.77262752,11138301.55656081
2026-06-06 02:30:00,161.0,164.0,161.0,163.0,37213.43842837,6050507.83870891
2026-06-06 02:45:00,162.0,162.0,160.0,160.0,1030777.08012496,166314746.0175993
2026-06-06 03:00:00,160.0,162.0,159.0,159.0,34304.47283297,5492998.66780214
2026-06-06 03:15:00,160.0,160.0,158.0,158.0,51400.56601785,8169856.67825788
2026-06-06 03:30:00,158.0,158.0,157.0,157.0,90601.16498217,14286505.42767935
2026-06-06 03:45:00,156.0,156.0,155.0,156.0,512011.56351756,79792208.5768987
2026-06-06 04:00:00,155.0,156.0,154.0,155.0,346320.6478867,53573705.05779707
2026-06-06 04:15:00,155.0,157.0,154.0,157.0,440493.14502553,68314158.508006
2026-06-06 04:30:00,157.0,157.0,156.0,157.0,7135.20759772,1119793.28333349
2026-06-06 04:45:00,158.0,160.0,158.0,159.0,51095.93374842,8112126.16504037
2026-06-06 05:00:00,159.0,161.0,158.0,160.0,77636.52003006,12381361.60542321
2026-06-06 05:15:00,161.0,162.0,161.0,162.0,36545.8593,5885889.3294
2026-06-06 05:30:00,162.0,163.0,162.0,163.0,10395.87507616,1689346.4862643
2026-06-06 05:45:00,162.0,163.0,161.0,162.0,61286.1878394,9929855.2171828
2026-06-06 06:00:00,163.0,163.0,162.0,163.0,16969.6237899,2764478.6777537
2026-06-06 06:15:00,163.0,163.0,163.0,163.0,2599.97880627,423796.54542201
2026-06-06 06:30:00,164.0,166.0,164.0,166.0,516987.7585601,85507372.2920716
2026-06-06 06:45:00,166.0,166.0,166.0,166.0,176203.43667192,29249770.48753872
2026-06-06 07:00:00,166.0,166.0,164.0,164.0,336752.02745975,55591103.26209065
2026-06-06 07:15:00,165.0,165.0,165.0,165.0,214072.27749494,35321925.7866651
2026-06-06 07:30:00,164.0,165.0,164.0,164.0,205609.02024518,33748833.76682076
2026-06-06 07:45:00,164.0,164.0,164.0,164.0,68895.6,11298878.4
2026-06-06 08:00:00,164.0,165.0,162.0,162.0,1612.11217738,262824.56453092
2026-06-06 08:15:00,162.0,162.0,161.0,161.0,11849.23666988,1907727.10385116
2026-06-06 08:30:00,161.0,161.0,159.0,160.0,26763.48508263,4282871.1740912
2026-06-06 08:45:00,161.0,163.0,160.0,163.0,9634.23439558,1550594.93716006
2026-06-06 09:00:00,164.0,165.0,164.0,165.0,223278.25074973,36840159.63923437
2026-06-06 09:15:00,165.0,165.0,163.0,164.0,65810.00903384,10795418.23194195
2026-06-06 09:30:00,164.0,165.0,164.0,165.0,1321.35233725,217570.02192254
2026-06-06 09:45:00,165.0,165.0,165.0,165.0,127416.14009093,21023663.11500345
2026-06-06 10:00:00,164.0,164.0,164.0,164.0,284457.4330177,46651019.0149028
2026-06-06 10:15:00,163.0,163.0,163.0,163.0,25825.37481757,4209536.09526391
2026-06-06 10:30:00,162.0,162.0,162.0,162.0,7673.97165613,1243183.40829306
2026-06-06 10:45:00,161.0,161.0,161.0,161.0,31959.24823996,5145438.96663356
2026-06-06 11:00:00,161.0,161.0,160.0,161.0,51555.88371169,8255185.38752574
2026-06-06 11:15:00,159.0,160.0,159.0,159.0,64682.94854853,10287995.0227495
2026-06-06 11:30:00,159.0,159.0,159.0,159.0,12081.88656258,1921019.96345022
2026-06-06 11:45:00,159.0,160.0,159.0,159.0,91023.72499369,14516656.7101851
2026-06-06 12:00:00,159.0,160.0,158.0,160.0,68491.43694412,10859573.16947648
2026-06-06 12:15:00,160.0,160.0,158.0,159.0,133570.91610191,21214298.29537276
2026-06-06 12:30:00,158.0,159.0,158.0,159.0,88257.33026744,13960669.79400708
2026-06-06 12:45:00,158.0,158.0,158.0,158.0,203101.26440335,32089999.7757293
2026-06-06 13:00:00,158.0,159.0,155.0,155.0,654909.02480456,103379304.43588819
2026-06-06 13:15:00,155.0,156.0,152.0,153.0,921061.41400726,141876547.09479994
2026-06-06 13:30:00,153.0,153.0,150.0,151.0,710774.30720385,107511071.08006592
2026-06-06 13:45:00,151.0,153.0,151.0,152.0,574841.81878706,87328116.80593918
2026-06-06 14:00:00,151.0,153.0,150.0,152.0,408336.99964481,61623521.75681986
2026-06-06 14:15:00,152.0,156.0,152.0,155.0,128040.09579685,19646635.15183965
2026-06-06 14:30:00,154.0,156.0,154.0,156.0,54837.00225859,8465025.63589765
2026-06-06 14:45:00,156.0,156.0,156.0,156.0,8349.64146081,1302544.06788636
2026-06-06 15:00:00,156.0,157.0,156.0,157.0,109400.78150545,17152391.26357943
2026-06-06 15:15:00,157.0,158.0,157.0,157.0,68820.94311242,10804951.35978918
2026-06-06 15:30:00,158.0,158.0,156.0,156.0,67102.90440382,10520958.40136771
2026-06-06 15:45:00,156.0,156.0,156.0,156.0,9669.25082069,1508403.12802764
2026-06-06 16:00:00,155.0,157.0,155.0,157.0,100721.56839249,15612715.4337245
2026-06-06 16:15:00,157.0,157.0,156.0,156.0,12126.70755998,1903636.67666044
2026-06-06 16:30:00,156.0,157.0,156.0,157.0,12240.42658718,1915265.22214901
2026-06-06 16:45:00,157.0,158.0,157.0,157.0,21502.06853969,3376014.63414905
2026-06-06 17:00:00,157.0,157.0,157.0,157.0,24338.1769859,3821093.7867863
2026-06-06 17:15:00,158.0,159.0,157.0,159.0,48813.05743697,7757737.59986784
2026-06-06 17:30:00,159.0,160.0,158.0,159.0,129761.80334728,20751828.21905912
2026-06-06 17:45:00,159.0,160.0,158.0,159.0,13883.92242932,2214666.07420347
2026-06-06 18:00:00,159.0,160.0,158.0,158.0,39896.04217371,6349249.00750668
2026-06-06 18:15:00,160.0,160.0,159.0,159.0,32803.23103821,5215813.73507539
2026-06-06 18:30:00,159.0,160.0,158.0,158.0,10614.18418119,1693998.93561459
2026-06-06 18:45:00,159.0,159.0,157.0,157.0,24761.97974819,3911134.41408441
2026-06-06 19:00:00,156.0,156.0,154.0,154.0,1111.93987123,172398.96545564
2026-06-06 19:15:00,155.0,155.0,155.0,155.0,931.63021677,144402.68359935
2026-06-06 19:30:00,154.0,154.0,153.0,153.0,17167.766534,2639929.36830964
2026-06-06 19:45:00,154.0,155.0,154.0,155.0,47477.36645624,7316980.38258521
2026-06-06 20:00:00,155.0,156.0,155.0,156.0,1363.52280542,211980.65342824
2026-06-06 20:15:00,155.0,156.0,154.0,154.0,17664.20172547,2748472.79560557
2026-06-06 20:30:00,155.0,156.0,155.0,156.0,18579.22643516,2895088.36581561
2026-06-06 20:45:00,156.0,156.0,156.0,156.0,1550.79143442,241923.46376952
2026-06-06 21:00:00,157.0,158.0,157.0,158.0,5701.91345824,895240.41294368
2026-06-06 21:15:00,156.0,156.0,155.0,155.0,16464.03589615,2559708.8997994
2026-06-06 21:30:00,155.0,156.0,155.0,156.0,21275.61993729,3298421.09027995
2026-06-06 21:45:00,156.0,156.0,156.0,156.0,1752.57532524,273401.75073744
2026-06-06 22:00:00,157.0,158.0,157.0,157.0,18788.43897864,2952947.89512076
2026-06-06 22:15:00,156.0,157.0,156.0,157.0,9659.24680971,1515682.89103759
2026-06-06 22:30:00,156.0,156.0,156.0,156.0,19205.66539025,2996083.800879
2026-06-06 22:45:00,157.0,157.0,156.0,156.0,10292.91123667,1614027.48625384
2026-06-06 23:00:00,157.0,158.0,157.0,158.0,7690.68339813,1207447.99350641
2026-06-06 23:15:00,157.0,157.0,156.0,156.0,41648.7631561,6531280.0877245
2026-06-06 23:30:00,157.0,157.0,156.0,157.0,956.57943925,149248.392523
2026-06-06 23:45:00,156.0,157.0,156.0,157.0,171.09943746,26702.51224376
2026-06-07 00:00:00,155.0,155.0,154.0,155.0,17706.0037251,2729820.10560309
2026-06-07 00:15:00,154.0,154.0,153.0,153.0,71619.78485398,10960420.34766027
2026-06-07 00:30:00,154.0,155.0,153.0,155.0,7751.63186963,1192687.59576864
2026-06-07 00:45:00,155.0,155.0,155.0,155.0,609.97419354,94545.9999987
2026-06-07 01:00:00,155.0,155.0,154.0,154.0,7804.74838593,1206735.99986637
2026-06-07 01:15:00,155.0,155.0,153.0,153.0,425231.98370269,65360515.50651157
2026-06-07 01:30:00,153.0,153.0,152.0,153.0,225491.90915613,34498762.10088789
2026-06-07 01:45:00,153.0,153.0,153.0,153.0,61079.0234876,9345090.5936028
2026-06-07 02:00:00,154.0,154.0,153.0,153.0,3708.89363684,567471.92643652
2026-06-07 02:15:00,152.0,152.0,152.0,152.0,22711.43033453,3452137.41084856
2026-06-07 02:30:00,153.0,153.0,152.0,152.0,62236.83551398,9464429.86162496
2026-06-07 03:00:00,152.0,152.0,152.0,152.0,10580.06808543,1608170.34898536
2026-06-07 03:15:00,152.0,154.0,152.0,154.0,23893.57822639,3663560.18133978
2026-06-07 03:30:00,154.0,154.0,154.0,154.0,75518.45846886,11629842.60420444
2026-06-07 03:45:00,153.0,153.0,153.0,153.0,16411.11941252,2510901.27011556
2026-06-07 04:00:00,154.0,154.0,154.0,154.0,17261.76202549,2658311.35192546
2026-06-07 04:15:00,154.0,154.0,154.0,154.0,3715.8,572233.2
2026-06-07 04:30:00,154.0,154.0,153.0,153.0,15200.87259229,2326057.85743197
2026-06-07 04:45:00,153.0,153.0,153.0,153.0,95821.61323258,14660706.82458474
2026-06-07 05:00:00,152.0,152.0,152.0,152.0,11865.94164789,1803623.13047928
2026-06-07 05:15:00,152.0,152.0,152.0,152.0,10880.81447368,1653883.79999936
2026-06-07 05:30:00,152.0,152.0,152.0,152.0,1507.55304166,229148.06233232
2026-06-07 05:45:00,153.0,153.0,153.0,153.0,71399.50652777,10924124.49874881
2026-06-07 06:15:00,153.0,153.0,153.0,153.0,12500.0,1912500.0
2026-06-07 06:30:00,154.0,154.0,154.0,154.0,28046.9904402,4319236.5277908
2026-06-07 06:45:00,154.0,155.0,154.0,155.0,6148.35925778,947090.87408521
2026-06-07 07:15:00,155.0,155.0,154.0,154.0,6812.42134477,1055564.4999978
2026-06-07 07:30:00,154.0,154.0,154.0,154.0,9888.63717491,1522850.12493614
2026-06-07 07:45:00,153.0,153.0,153.0,153.0,316.26996164,48389.30413092
2026-06-07 08:00:00,154.0,154.0,154.0,154.0,46923.85692867,7226273.96701518
2026-06-07 08:15:00,154.0,154.0,154.0,154.0,21275.00560653,3276350.86340562
2026-06-07 08:30:00,154.0,155.0,154.0,155.0,3821.42919974,588758.16127604
2026-06-07 08:45:00,155.0,155.0,155.0,155.0,832.6095017,129054.4727635
2026-06-07 09:00:00,155.0,155.0,155.0,155.0,74171.77199461,11496624.65916455
2026-06-07 09:15:00,155.0,156.0,155.0,156.0,41512.07373278,6437908.53566796
2026-06-07 09:30:00,156.0,157.0,156.0,156.0,98142.83606526,15310611.57920595
2026-06-07 09:45:00,156.0,156.0,155.0,155.0,51492.10439227,7981380.90887877
2026-06-07 10:00:00,155.0,158.0,155.0,158.0,51058.47199897,8006528.83653527
2026-06-07 10:15:00,158.0,159.0,158.0,159.0,174866.67485717,27669395.11700605
2026-06-07 10:30:00,160.0,160.0,159.0,159.0,127764.38199151,20314574.23665009
2026-06-07 10:45:00,159.0,160.0,159.0,159.0,34231.34426612,5442794.43831308
2026-06-07 11:00:00,159.0,160.0,159.0,159.0,23667.06349626,3771705.43049653
2026-06-07 11:15:00,158.0,158.0,157.0,157.0,273088.35766462,42964115.53133757
2026-06-07 11:30:00,158.0,158.0,156.0,157.0,5020.11761271,784115.76159547
2026-06-07 11:45:00,157.0,158.0,157.0,158.0,51340.16365628,8060454.6687195
2026-06-07 12:00:00,157.0,158.0,156.0,158.0,78133.04630604,12268829.8662837
2026-06-07 12:15:00,158.0,159.0,158.0,158.0,6507.9205309,1029861.02299579
2026-06-07 12:30:00,159.0,159.0,157.0,157.0,20682.22882124,3287142.02493468
2026-06-07 12:45:00,157.0,158.0,157.0,157.0,82998.31822402,13032654.19724677
2026-06-07 13:00:00,157.0,157.0,156.0,156.0,48277.27733856,7542133.07815035
2026-06-07 13:15:00,156.0,157.0,155.0,155.0,38965.46842357,6054348.30565335
2026-06-07 13:30:00,156.0,157.0,155.0,157.0,59927.27093254,9346066.68738758
2026-06-07 13:45:00,156.0,156.0,156.0,156.0,119890.84621861,18702972.01010316
2026-06-07 14:00:00,156.0,156.0,156.0,156.0,18979.36224261,2960780.50984716
2026-06-07 14:15:00,157.0,157.0,156.0,157.0,110600.80832689,17308698.04479084
2026-06-07 14:30:00,158.0,158.0,157.0,157.0,3955.40506329,624623.99999982
2026-06-07 14:45:00,157.0,158.0,157.0,157.0,6524.81204449,1024433.46566847
2026-06-07 15:00:00,157.0,157.0,156.0,157.0,74107.01063684,11602953.53622591
2026-06-07 15:15:00,158.0,159.0,158.0,158.0,65755.46323499,10389551.8703737
2026-06-07 15:30:00,159.0,159.0,159.0,159.0,56967.56993801,9057843.62014359
2026-06-07 15:45:00,160.0,160.0,159.0,159.0,16590.70112028,2640223.49999952
2026-06-07 16:00:00,158.0,160.0,158.0,160.0,113108.93104733,17896380.13223399
2026-06-07 16:15:00,159.0,160.0,158.0,160.0,9416.1735849,1494057.2999991
2026-06-07 16:30:00,159.0,159.0,158.0,159.0,188372.1045799,29796194.29247592
2026-06-07 16:45:00,159.0,159.0,159.0,159.0,452.19326229,71898.72870411
2026-06-07 17:00:00,158.0,158.0,157.0,158.0,25837.45815039,4082280.65191257
2026-06-07 17:15:00,158.0,159.0,158.0,159.0,5302.47546779,837801.82391082
2026-06-07 17:30:00,159.0,160.0,159.0,160.0,12146.53728842,1932492.12260878
2026-06-07 17:45:00,160.0,160.0,159.0,160.0,181865.37227578,29096171.91513456
2026-06-07 18:00:00,161.0,162.0,161.0,161.0,9739.87628123,1569474.71577829
2026-06-07 18:15:00,160.0,161.0,160.0,160.0,11109.5325165,1784989.23121142
2026-06-07 18:30:00,159.0,160.0,159.0,159.0,6211.75238818,987715.65166419
2026-06-07 18:45:00,159.0,159.0,159.0,159.0,1470.99257436,233887.81932324
2026-06-07 19:00:00,158.0,158.0,157.0,158.0,163238.53396288,25641080.18146427
2026-06-07 19:15:00,158.0,158.0,158.0,158.0,47445.38249111,7496370.43359538
2026-06-07 19:30:00,157.0,157.0,157.0,157.0,34118.08815748,5356539.84072436
2026-06-07 19:45:00,157.0,157.0,156.0,157.0,18241.55513683,2863837.86355703
2026-06-07 20:00:00,156.0,157.0,156.0,157.0,23247.30089164,3627019.81569949
2026-06-07 20:15:00,156.0,157.0,156.0,157.0,26953.59645017,4217890.37646585
2026-06-07 20:30:00,157.0,158.0,157.0,158.0,84626.01211094,13286294.60141758
2026-06-07 20:45:00,158.0,158.0,157.0,157.0,288883.22365666,45358020.04036144
2026-06-07 21:00:00,157.0,157.0,154.0,154.0,205952.67030215,32101055.9714368
2026-06-07 21:15:00,155.0,155.0,153.0,154.0,155884.85590707,24013955.93005435
2026-06-07 21:30:00,154.0,154.0,153.0,153.0,143728.67318732,22031443.30495993
2026-06-07 21:45:00,155.0,155.0,154.0,154.0,19205.78097594,2959784.62674555
2026-06-07 22:00:00,155.0,156.0,155.0,156.0,77724.22771057,12047349.50090758
2026-06-07 22:15:00,156.0,156.0,155.0,155.0,664.67622267,103345.32733436
2026-06-07 22:30:00,156.0,156.0,155.0,156.0,24932.79088489,3883836.06839003
2026-06-07 22:45:00,156.0,157.0,156.0,156.0,243449.48747419,37979393.29469959
2026-06-07 23:00:00,156.0,156.0,156.0,156.0,3954.35949573,616880.08133388
2026-06-07 23:15:00,157.0,157.0,157.0,157.0,1357.62240729,213146.71794453
2026-06-07 23:30:00,157.0,158.0,157.0,158.0,13547.31600741,2140281.21304176
2026-06-07 23:45:00,157.0,157.0,157.0,157.0,698.72706958,109700.14992406
2026-06-08 00:00:00,157.0,158.0,157.0,157.0,4317.5045654,681847.24999563
2026-06-08 00:15:00,157.0,157.0,157.0,157.0,2649.68152864,415999.99999648
2026-06-08 00:30:00,158.0,158.0,156.0,157.0,11559.54061733,1814847.87692081
2026-06-08 00:45:00,157.0,157.0,156.0,156.0,18540.05869933,2898615.40072525
2026-06-08 01:00:00,156.0,156.0,156.0,156.0,7694.37717039,1200322.83858084
2026-06-08 01:30:00,157.0,157.0,156.0,156.0,26843.77882228,4190814.20965147
2026-06-08 02:00:00,156.0,156.0,155.0,156.0,847575.73541592,131796954.3633562
2026-06-08 02:15:00,155.0,155.0,154.0,154.0,145754.19430967,22591861.65646039
2026-06-08 02:30:00,155.0,155.0,155.0,155.0,12604.0909,1953634.0895
2026-06-08 02:45:00,155.0,155.0,155.0,155.0,2627.71290322,407295.4999991
2026-06-08 03:00:00,154.0,154.0,154.0,154.0,254263.49037121,39156577.51716634
2026-06-08 03:15:00,154.0,154.0,154.0,154.0,51437.85238351,7921429.26706054
2026-06-08 03:30:00,154.0,154.0,153.0,153.0,323496.71682322,49517631.56823155
2026-06-08 03:45:00,153.0,153.0,152.0,152.0,80467.67106583,12294699.50381093
2026-06-08 04:00:00,152.0,152.0,151.0,151.0,107308.38509102,16210980.64065767
2026-06-08 04:15:00,151.0,151.0,150.0,150.0,73751.09950134,11062861.90537653
2026-06-08 04:30:00,150.0,150.0,150.0,150.0,233.33333332,34999.999998
2026-06-08 04:45:00,149.0,151.0,149.0,151.0,195839.37794184,29218864.12201328
2026-06-08 05:00:00,150.0,151.0,150.0,151.0,136706.66703926,20642668.50870205
2026-06-08 05:15:00,152.0,152.0,151.0,152.0,53601.14004675,8146073.29853636
2026-06-08 05:30:00,152.0,152.0,151.0,152.0,131536.93587604,19876762.81892512
2026-06-08 05:45:00,152.0,153.0,152.0,153.0,6219.15784112,945334.31185024
2026-06-08 06:00:00,152.0,153.0,151.0,153.0,39159.34759344,5951523.23420288
2026-06-08 06:15:00,152.0,153.0,152.0,152.0,3634.9319235,552520.852372
2026-06-08 06:30:00,152.0,152.0,150.0,151.0,32768.2550644,4946760.00040961
2026-06-08 06:45:00,150.0,151.0,150.0,151.0,152598.05266444,22904081.50951271
2026-06-08 07:00:00,151.0,157.0,151.0,157.0,180983.86546639,27945717.19866512
2026-06-08 07:15:00,158.0,159.0,156.0,156.0,226547.32892053,35656854.15923694
2026-06-08 07:30:00,155.0,155.0,155.0,155.0,38032.3067029,5895007.5389495
2026-06-08 07:45:00,155.0,156.0,154.0,154.0,44390.57358822,6883400.2711585
2026-06-08 08:00:00,154.0,155.0,154.0,155.0,7549.47182575,1169107.04987437
2026-06-08 08:15:00,155.0,155.0,154.0,155.0,39215.39070073,6052199.16791242
2026-06-08 08:30:00,154.0,154.0,154.0,154.0,41750.46932076,6429572.27539704
2026-06-08 08:45:00,154.0,154.0,153.0,153.0,52095.43654744,7981256.98688801
2026-06-08 09:00:00,154.0,154.0,153.0,153.0,42606.97635739,6521033.3889756
2026-06-08 09:15:00,153.0,154.0,152.0,154.0,265734.46546233,40741758.7869276
2026-06-08 09:30:00,154.0,155.0,153.0,155.0,75972.75209535,11700731.71757839
2026-06-08 09:45:00,155.0,157.0,155.0,156.0,276756.82109038,42989714.82391698
2026-06-08 10:00:00,155.0,156.0,153.0,153.0,204567.45874951,31466813.49423076
2026-06-08 10:15:00,152.0,153.0,152.0,152.0,165919.34919663,25226337.98311651
2026-06-08 10:30:00,151.0,153.0,151.0,153.0,122974.80870317,18706921.84134854
2026-06-08 10:45:00,153.0,154.0,152.0,152.0,14517.07110669,2220837.36951968
2026-06-08 11:00:00,153.0,153.0,152.0,153.0,50490.72491996,7714826.49096858
2026-06-08 11:15:00,152.0,153.0,152.0,153.0,137737.85415619,20936165.03174088
2026-06-08 11:30:00,152.0,152.0,152.0,152.0,118589.34051352,18025579.75805504
2026-06-08 11:45:00,152.0,153.0,152.0,153.0,9879.60451574,1501732.56613104
2026-06-08 12:00:00,152.0,153.0,152.0,153.0,13641.44514554,2077178.39153384
2026-06-08 12:15:00,152.0,153.0,152.0,153.0,205.63350336,31332.85198784
2026-06-08 12:45:00,153.0,154.0,153.0,154.0,61181.54681364,9361787.86248692
2026-06-08 13:00:00,153.0,154.0,153.0,153.0,13689.85704323,2097804.4582956
2026-06-08 13:15:00,152.0,152.0,152.0,152.0,87569.60669316,13310580.21736032
2026-06-08 13:30:00,151.0,152.0,150.0,151.0,48830.32049333,7365086.79390549
2026-06-08 13:45:00,151.0,152.0,151.0,152.0,1658.83604759,250723.93331766
2026-06-08 14:00:00,151.0,151.0,150.0,151.0,15110.48351693,2274290.65504475
2026-06-08 14:15:00,151.0,152.0,150.0,152.0,181726.9029195,27434117.09916912
2026-06-08 14:30:00,151.0,151.0,149.0,150.0,40306.12816109,6038633.68736819
2026-06-08 14:45:00,149.0,150.0,149.0,150.0,41876.61412241,6244711.25371015
2026-06-08 15:00:00,150.0,151.0,150.0,151.0,72438.95109773,10923634.53816145
2026-06-08 15:15:00,151.0,152.0,151.0,152.0,2537.18937319,383126.89535169
2026-06-08 15:30:00,152.0,152.0,151.0,151.0,568.73347662,86011.58391698
2026-06-08 15:45:00,151.0,152.0,150.0,150.0,10459.89978123,1576109.13230591
2026-06-08 16:00:00,150.0,150.0,149.0,150.0,73622.9499723,11030536.79266034
2026-06-08 16:15:00,151.0,151.0,150.0,150.0,14906.72755842,2236020.433763
2026-06-08 16:30:00,151.0,152.0,151.0,152.0,50270.38891204,7590879.39940225
2026-06-08 16:45:00,151.0,152.0,151.0,152.0,40244.00916649,6077798.25311602
2026-06-08 17:00:00,150.0,151.0,150.0,151.0,4854.50916924,732897.55122191
2026-06-08 17:15:00,151.0,151.0,149.0,150.0,71868.05654544,10782258.78516358
2026-06-08 17:30:00,150.0,150.0,149.0,150.0,4989.57495343,745692.9006281
2026-06-08 17:45:00,149.0,149.0,148.0,149.0,185091.42786957,27546015.21153153
2026-06-08 18:00:00,149.0,150.0,149.0,150.0,463.20289357,69219.35114193
2026-06-08 18:15:00,150.0,151.0,150.0,151.0,2900.71964531,435521.79160153
2026-06-08 18:30:00,151.0,151.0,149.0,150.0,39151.39497385,5866348.19198972
2026-06-08 18:45:00,151.0,151.0,151.0,151.0,61724.34011949,9320375.35804299
2026-06-08 19:00:00,151.0,151.0,151.0,151.0,14531.98018489,2194329.00791839
2026-06-08 19:15:00,151.0,151.0,150.0,151.0,7462.6849395,1126305.8148645
2026-06-08 19:30:00,152.0,152.0,151.0,151.0,78595.39964584,11941313.03915039
2026-06-08 19:45:00,151.0,151.0,150.0,151.0,25061.4974545,3772864.46182932
2026-06-08 20:00:00,152.0,153.0,152.0,153.0,97602.25140513,14872384.33746095
2026-06-08 20:15:00,152.0,154.0,152.0,153.0,187749.36001371,28756397.04895772
2026-06-08 20:30:00,153.0,154.0,153.0,154.0,172432.73018593,26554518.60196656
2026-06-08 20:45:00,153.0,153.0,153.0,153.0,102865.27390687,15738386.90775111
2026-06-08 21:00:00,153.0,153.0,152.0,152.0,177343.96603225,27110143.04646115
2026-06-08 21:15:00,152.0,152.0,152.0,152.0,2439.0284359,370732.3222568
2026-06-08 21:30:00,152.0,153.0,152.0,153.0,116832.70492276,17862867.99462965
2026-06-08 21:45:00,153.0,153.0,152.0,152.0,11957.3458196,1824465.46921184
2026-06-08 22:00:00,153.0,154.0,153.0,153.0,49799.09099108,7649175.44293005
2026-06-08 22:15:00,153.0,154.0,153.0,154.0,23385.36414168,3598845.48512658
2026-06-08 22:30:00,154.0,154.0,153.0,153.0,115313.37298007,17650372.62518212
2026-06-08 22:45:00,153.0,153.0,153.0,153.0,29885.6887892,4572510.3847476
2026-06-08 23:00:00,153.0,153.0,153.0,153.0,7360.3953527,1126140.4889631
2026-06-08 23:15:00,153.0,153.0,153.0,153.0,9370.43243083,1433676.16191699
2026-06-08 23:30:00,154.0,154.0,154.0,154.0,3416.57922077,526153.19999858
2026-06-08 23:45:00,154.0,154.0,153.0,153.0,831.63636363,127565.03896006
2026-06-09 00:00:00,154.0,155.0,154.0,155.0,137330.95581421,21151187.69538833
2026-06-09 00:15:00,155.0,155.0,154.0,155.0,64470.78648285,9930342.5154023
2026-06-09 00:30:00,154.0,155.0,153.0,154.0,316805.83087174,48788097.95424796
2026-06-09 00:45:00,154.0,154.0,154.0,154.0,7197.73230267,1108450.77461118
2026-06-09 01:00:00,154.0,159.0,154.0,159.0,274985.041123,43249060.3543375
2026-06-09 01:15:00,159.0,160.0,159.0,159.0,36834.63173967,5858032.50410753
2026-06-09 01:30:00,159.0,160.0,157.0,157.0,43932.94702606,6945850.57714354
2026-06-09 01:45:00,157.0,157.0,157.0,157.0,216103.27934055,33928214.85646635
2026-06-09 02:00:00,156.0,156.0,156.0,156.0,60087.23559816,9373608.75331296
2026-06-09 02:15:00,156.0,157.0,156.0,157.0,10324.18377483,1610622.66887348
2026-06-09 02:30:00,155.0,155.0,155.0,155.0,2350.12513999,364269.39669845
2026-06-09 02:45:00,157.0,157.0,156.0,156.0,68251.62363229,10647386.98090475
2026-06-09 03:00:00,157.0,157.0,156.0,157.0,3544.1663563,554870.77960827
2026-06-09 03:15:00,157.0,157.0,157.0,157.0,90613.34301002,14226294.85257314
2026-06-09 03:30:00,157.0,157.0,157.0,157.0,3503.0,549971.0
2026-06-09 03:45:00,156.0,156.0,156.0,156.0,12159.47261764,1896877.72835184
2026-06-09 04:00:00,157.0,157.0,156.0,157.0,279730.94300546,43917713.24901098
2026-06-09 04:30:00,156.0,156.0,156.0,156.0,220996.85999731,34475510.15958036
2026-06-09 04:45:00,156.0,156.0,156.0,156.0,14547.87468266,2269468.45049496
2026-06-09 05:00:00,155.0,155.0,155.0,155.0,105950.82742889,16422378.25147795
2026-06-09 05:15:00,154.0,155.0,154.0,155.0,95520.16628113,14755688.35787678
2026-06-09 05:30:00,156.0,156.0,156.0,156.0,65224.59791869,10175037.27531564
2026-06-09 05:45:00,156.0,157.0,155.0,155.0,124234.89600754,19300346.34703094
2026-06-09 06:00:00,155.0,156.0,155.0,156.0,11995.53413773,1867977.09134815
2026-06-09 06:15:00,157.0,157.0,156.0,156.0,27731.36352444,4326137.68095764
2026-06-09 06:30:00,156.0,157.0,156.0,157.0,14332.20882234,2240156.78510738
2026-06-09 06:45:00,156.0,156.0,156.0,156.0,341646.0699554,53296786.9130424
2026-06-09 07:00:00,155.0,155.0,154.0,154.0,88082.63769558,13577554.13056806
2026-06-09 07:15:00,154.0,154.0,154.0,154.0,7484.15402688,1152559.72013952
2026-06-09 07:30:00,153.0,154.0,153.0,154.0,23560.86501411,3604823.54715883
2026-06-09 07:45:00,153.0,154.0,153.0,153.0,15617.31219375,2389773.44096842
2026-06-09 08:00:00,153.0,154.0,153.0,154.0,51146.82842564,7875393.23307842
2026-06-09 08:15:00,153.0,153.0,152.0,153.0,38951.76455205,5958196.33779513
2026-06-09 08:30:00,153.0,154.0,153.0,153.0,3836.3214803,588027.9297662
2026-06-09 08:45:00,153.0,153.0,152.0,153.0,70051.67028556,10674866.17302603
2026-06-09 09:00:00,152.0,153.0,152.0,152.0,178681.32167249,27159583.29421848
2026-06-09 09:15:00,152.0,153.0,151.0,151.0,572270.48097207,86980279.52435474
2026-06-09 09:30:00,151.0,151.0,149.0,150.0,159298.61087099,23893034.41616619
2026-06-09 09:45:00,150.0,150.0,149.0,149.0,47003.32969201,7011784.53323825
2026-06-09 10:00:00,150.0,152.0,150.0,152.0,482552.72915915,72661108.58444592
2026-06-09 10:15:00,153.0,153.0,152.0,153.0,272468.64481875,41687408.04526875
2026-06-09 10:30:00,153.0,154.0,153.0,153.0,549556.97903668,84390150.31842703
2026-06-09 10:45:00,154.0,154.0,154.0,154.0,63474.27585231,9775038.48125574
2026-06-09 11:00:00,154.0,154.0,152.0,153.0,279037.92238216,42694907.25481012
2026-06-09 11:15:00,153.0,153.0,150.0,151.0,475316.41455913,72214539.92590038
2026-06-09 11:30:00,150.0,151.0,147.0,148.0,688227.85546283,102349610.22918665
2026-06-09 11:45:00,148.0,149.0,148.0,149.0,217989.52814264,32395440.58211951
2026-06-09 12:00:00,149.0,150.0,149.0,150.0,226822.29323622,33820459.74786094
2026-06-09 12:15:00,150.0,150.0,149.0,149.0,125275.87435122,18727974.91468358
2026-06-09 12:30:00,149.0,149.0,147.0,148.0,911113.49556138,135020444.95680898
2026-06-09 12:45:00,149.0,149.0,149.0,149.0,136.29060401,20307.29999749
2026-06-09 13:00:00,148.0,148.0,148.0,148.0,27455.21935922,4063372.46516456
2026-06-09 13:15:00,148.0,148.0,147.0,147.0,41514.94043789,6141704.40224738
2026-06-09 13:30:00,148.0,150.0,148.0,150.0,203460.7823859,30191126.51804592
2026-06-09 13:45:00,150.0,150.0,150.0,150.0,13933.38120486,2090007.180729
2026-06-09 14:00:00,150.0,151.0,150.0,150.0,4195.74485835,629373.0287525
2026-06-09 14:15:00,150.0,151.0,150.0,151.0,8910.51034482,1344413.23656447
2026-06-09 14:30:00,151.0,152.0,151.0,151.0,141181.52609171,21329710.35432188
2026-06-09 14:45:00,151.0,151.0,150.0,151.0,396217.90027116,59700521.35466704
2026-06-09 15:00:00,150.0,151.0,150.0,151.0,48844.7867008,7335118.00512
2026-06-09 15:15:00,151.0,151.0,151.0,151.0,115124.7471029,17383836.8125379
2026-06-09 15:30:00,151.0,152.0,151.0,152.0,102724.22510037,15553614.01717854
2026-06-09 15:45:00,152.0,152.0,152.0,152.0,95247.39985135,14477604.7774052
2026-06-09 16:00:00,152.0,152.0,152.0,152.0,131049.7890545,19919567.936284
2026-06-09 16:15:00,151.0,152.0,151.0,151.0,93260.35237526,14104375.44661875
2026-06-09 16:30:00,151.0,154.0,151.0,153.0,222223.68427258,33865050.59279588
2026-06-09 16:45:00,153.0,154.0,153.0,154.0,80733.98903063,12426615.50900741
2026-06-09 17:00:00,154.0,155.0,153.0,154.0,328006.22968176,50485127.26345774
2026-06-09 17:15:00,154.0,155.0,153.0,155.0,538750.20000754,82628804.5727097
2026-06-09 17:30:00,155.0,156.0,153.0,155.0,364632.4195489,56388208.83681284
2026-06-09 17:45:00,155.0,155.0,153.0,153.0,217300.79611953,33477225.82821407
2026-06-09 18:00:00,154.0,155.0,154.0,154.0,102650.94091019,15869934.90123671
2026-06-09 18:15:00,153.0,153.0,152.0,153.0,95867.63251335,14667551.36434429
2026-06-09 18:30:00,152.0,152.0,152.0,152.0,130755.89825177,19874896.53426904
2026-06-09 18:45:00,152.0,152.0,152.0,152.0,21767.31694553,3308632.17572056
2026-06-09 19:00:00,153.0,154.0,153.0,153.0,135034.05152403,20667859.88317659
2026-06-09 19:15:00,153.0,153.0,153.0,153.0,69503.10563238,10633975.16175414
2026-06-09 19:30:00,153.0,153.0,152.0,153.0,46713.27150705,7145814.75110496
2026-06-09 19:45:00,153.0,154.0,153.0,154.0,13640.95048607,2087447.09319987
2026-06-09 20:00:00,154.0,154.0,153.0,153.0,85838.06511059,13133435.16192027
2026-06-09 20:15:00,153.0,153.0,153.0,153.0,1463.618,223933.554
2026-06-09 20:30:00,152.0,153.0,152.0,153.0,69077.53866809,10523457.49227695
2026-06-09 20:45:00,154.0,154.0,154.0,154.0,1736.84902596,267474.74999784
2026-06-09 21:00:00,154.0,155.0,154.0,155.0,315605.80053049,48879236.15793318
2026-06-09 21:15:00,155.0,155.0,153.0,153.0,105273.20280525,16229825.76549849
2026-06-09 21:30:00,154.0,155.0,154.0,155.0,39559.23401606,6096389.35633946
2026-06-09 21:45:00,154.0,154.0,154.0,154.0,276028.50964737,42508390.48569498
2026-06-09 22:00:00,154.0,155.0,154.0,155.0,193548.25696829,29817286.48021342
2026-06-09 22:15:00,154.0,154.0,153.0,154.0,92414.11097576,14180281.85160627
2026-06-09 22:30:00,154.0,154.0,153.0,154.0,56227.1127948,8630476.1716191
2026-06-09 22:45:00,154.0,154.0,153.0,153.0,210617.20342662,32424558.37187869
2026-06-09 23:00:00,154.0,154.0,153.0,153.0,89055.05444619,13627712.20689044
2026-06-09 23:15:00,152.0,152.0,150.0,151.0,217982.78091574,32968700.59919633
2026-06-09 23:30:00,150.0,151.0,150.0,151.0,60255.55118917,9087780.00757041
2026-06-09 23:45:00,150.0,153.0,150.0,153.0,114175.91756095,17194047.9144601
2026-06-10 00:00:00,153.0,153.0,153.0,153.0,82171.74726525,12572277.33158325
2026-06-10 00:15:00,153.0,153.0,152.0,152.0,83729.69092616,12744777.06417257
2026-06-10 00:30:00,152.0,152.0,149.0,151.0,371007.90277823,55648478.56994256
2026-06-10 00:45:00,150.0,151.0,149.0,149.0,2263.26827682,340430.15285677
2026-06-10 01:00:00,150.0,150.0,149.0,149.0,75487.0847259,11255177.4171591
2026-06-10 01:15:00,149.0,149.0,148.0,149.0,212631.03650347,31629355.42171712
2026-06-10 01:30:00,149.0,151.0,149.0,149.0,55080.82184077,8211517.06424604
2026-06-10 01:45:00,151.0,151.0,150.0,151.0,27639.233,4160724.183
2026-06-10 02:00:00,151.0,152.0,151.0,152.0,26892.14647368,4086816.26399936
2026-06-10 02:15:00,153.0,154.0,153.0,154.0,831.70770722,127338.80907478
2026-06-10 02:30:00,154.0,154.0,153.0,154.0,2363.75462184,361917.37142723
2026-06-10 02:45:00,153.0,153.0,153.0,153.0,16763.28522666,2564782.63967898
2026-06-10 03:00:00,152.0,153.0,151.0,152.0,95309.47020939,14473386.56377754
2026-06-10 03:15:00,153.0,154.0,152.0,152.0,5195.999,793703.846
2026-06-10 03:30:00,153.0,154.0,153.0,153.0,450029.86434164,68857183.6233559
2026-06-10 03:45:00,153.0,153.0,153.0,153.0,38040.07466701,5820131.42405253
2026-06-10 04:00:00,153.0,154.0,153.0,154.0,17509.57702966,2691174.86256764
2026-06-10 04:15:00,153.0,153.0,153.0,153.0,17625.41077288,2696687.84825064
2026-06-10 04:30:00,154.0,154.0,153.0,153.0,17606.81057509,2711360.59506386
2026-06-10 04:45:00,153.0,153.0,153.0,153.0,8727.28104575,1335273.99999975
2026-06-10 05:00:00,154.0,154.0,153.0,154.0,27617.04286425,4251384.6010945
2026-06-10 05:15:00,154.0,154.0,153.0,153.0,8827.04453595,1350721.81400035
2026-06-10 05:30:00,154.0,154.0,154.0,154.0,18934.62490524,2915932.23540696
2026-06-10 05:45:00,154.0,154.0,154.0,154.0,3058.33506493,470983.59999922
2026-06-10 06:00:00,154.0,154.0,153.0,154.0,16594.06466112,2553515.40879288
2026-06-10 06:15:00,153.0,153.0,152.0,153.0,46147.04294121,7052822.78596225
2026-06-10 06:30:00,153.0,153.0,152.0,152.0,27219.37821576,4137378.82212885
2026-06-10 06:45:00,153.0,153.0,152.0,152.0,4195.76356829,637886.21952373
2026-06-10 07:00:00,152.0,153.0,152.0,153.0,32264.17731749,4908097.53345915
2026-06-10 07:15:00,153.0,153.0,152.0,152.0,6818.19590552,1043124.3755918
2026-06-10 07:30:00,153.0,153.0,152.0,152.0,23913.83227515,3644246.74873402
2026-06-10 07:45:00,152.0,152.0,152.0,152.0,74782.65059828,11366962.89093856
2026-06-10 08:00:00,152.0,152.0,152.0,152.0,39037.12238222,5933642.60209744
2026-06-10 08:15:00,152.0,152.0,151.0,152.0,23150.6555887,3513840.22622248
2026-06-10 08:30:00,151.0,152.0,151.0,152.0,1225.88386574,185621.62162147
2026-06-10 08:45:00,151.0,151.0,151.0,151.0,14372.78453159,2170290.46427009
2026-06-10 09:00:00,151.0,151.0,150.0,151.0,315264.44688711,47572128.64647588
2026-06-10 09:15:00,151.0,151.0,150.0,151.0,84892.46697474,12803956.11573924
2026-06-10 09:30:00,151.0,152.0,151.0,151.0,238026.15825473,35945107.61356949
2026-06-10 09:45:00,151.0,153.0,151.0,153.0,139978.68376354,21279636.90683825
2026-06-10 10:00:00,153.0,154.0,152.0,154.0,215873.07421699,33080950.82855607
2026-06-10 10:15:00,154.0,155.0,153.0,153.0,200211.96510827,30681275.59438564
2026-06-10 10:30:00,153.0,153.0,152.0,152.0,199857.79235241,30378532.41142252
2026-06-10 10:45:00,152.0,153.0,152.0,152.0,61436.6694982,9344161.30936644
2026-06-10 11:00:00,153.0,153.0,152.0,153.0,41425.19271322,6337844.48512266
2026-06-10 11:15:00,153.0,153.0,152.0,152.0,28365.81319066,4315112.9614132
2026-06-10 11:30:00,152.0,152.0,150.0,151.0,493432.13852707,74505482.08555625
2026-06-10 11:45:00,151.0,151.0,151.0,151.0,34168.82626517,5159492.76604067
2026-06-10 12:00:00,152.0,152.0,152.0,152.0,57049.82344352,8671573.16341504
2026-06-10 12:15:00,151.0,153.0,151.0,153.0,71209.46867051,10878706.35562891
2026-06-10 12:30:00,153.0,155.0,153.0,155.0,306831.21625606,46971322.77532011
2026-06-10 12:45:00,154.0,154.0,153.0,154.0,182720.50630787,28088984.3413439
2026-06-10 13:00:00,154.0,156.0,153.0,155.0,1178796.90904016,182564685.6572401
2026-06-10 13:15:00,155.0,156.0,154.0,156.0,345324.16936639,53542785.57625523
2026-06-10 13:30:00,156.0,156.0,154.0,156.0,762231.79495035,117903679.34360002
2026-06-10 13:45:00,155.0,157.0,155.0,156.0,318944.96255274,49758070.57135046
2026-06-10 14:00:00,156.0,157.0,155.0,155.0,308962.22945414,47963600.18828973
2026-06-10 14:15:00,155.0,157.0,154.0,156.0,100567.66298749,15568412.6573974
2026-06-10 14:30:00,157.0,158.0,156.0,158.0,610142.08676564,95870256.17746411
2026-06-10 14:45:00,158.0,160.0,156.0,159.0,942988.12580808,149135022.68313026
2026-06-10 15:00:00,159.0,165.0,159.0,163.0,3128152.91459368,507009325.27765465
2026-06-10 15:15:00,162.0,165.0,161.0,165.0,1249360.22724106,203143372.18781537
2026-06-10 15:30:00,165.0,166.0,162.0,165.0,895150.2822621,147064893.20797342
2026-06-10 15:45:00,165.0,167.0,161.0,163.0,1388612.82970612,226161075.55248
2026-06-10 16:00:00,163.0,164.0,159.0,161.0,512952.39596641,82633886.77782819
2026-06-10 16:15:00,161.0,163.0,161.0,162.0,211076.82599651,34180469.85987898
2026-06-10 16:30:00,162.0,162.0,158.0,158.0,1301173.74239679,207184145.7538848
2026-06-10 16:45:00,158.0,159.0,157.0,159.0,225564.68076734,35663636.79184029
2026-06-10 17:00:00,159.0,159.0,157.0,157.0,252614.6576251,39820199.02586268
2026-06-10 17:15:00,157.0,159.0,155.0,155.0,301480.96506711,47435335.28381058
2026-06-10 17:30:00,155.0,156.0,154.0,156.0,533033.61011669,82669221.53347336
2026-06-10 17:45:00,156.0,156.0,155.0,155.0,362081.59298362,56233403.57084402
2026-06-10 18:00:00,154.0,157.0,154.0,156.0,160047.78732359,24896327.68630933
2026-06-10 18:15:00,155.0,158.0,155.0,158.0,398446.73587113,62427154.77101478
2026-06-10 18:30:00,158.0,161.0,158.0,160.0,146023.81170765,23263844.20345763
2026-06-10 18:45:00,160.0,161.0,159.0,161.0,258170.66483314,41104576.81565439
2026-06-10 19:00:00,161.0,161.0,158.0,160.0,189968.56999577,30252454.69485379
2026-06-10 19:15:00,159.0,163.0,159.0,162.0,511162.20255581,82442868.94706531
2026-06-10 19:30:00,162.0,164.0,162.0,164.0,551398.67651404,89760677.10525624
2026-06-10 19:45:00,164.0,164.0,161.0,162.0,239797.75771254,38763705.71191671
2026-06-10 20:00:00,162.0,162.0,158.0,160.0,251352.08545134,40083820.80107659
2026-06-10 20:15:00,160.0,160.0,158.0,159.0,58128.47379464,9206847.40728927
2026-06-10 20:30:00,159.0,159.0,156.0,158.0,241828.46596201,38111281.63328381
2026-06-10 20:45:00,158.0,159.0,156.0,156.0,496160.68427026,78357613.93063012
2026-06-10 21:00:00,156.0,158.0,156.0,158.0,319825.89206741,50044112.13945464
2026-06-10 21:15:00,157.0,157.0,156.0,157.0,102400.35652213,16075355.97397441
2026-06-10 21:30:00,159.0,161.0,159.0,159.0,340344.40202727,54393703.313545
2026-06-10 21:45:00,159.0,160.0,159.0,160.0,47508.41168701,7592097.16141026
2026-06-10 22:00:00,160.0,161.0,160.0,161.0,75790.37293235,12169078.41421905
2026-06-10 22:15:00,160.0,161.0,159.0,161.0,308956.08427658,49446758.49218349
2026-06-10 22:30:00,161.0,162.0,160.0,162.0,145042.84746894,23402225.09256744
2026-06-10 22:45:00,163.0,163.0,160.0,160.0,115288.44540748,18589535.75507861
2026-06-10 23:00:00,161.0,162.0,160.0,160.0,49175.95633493,7926815.46463678
2026-06-10 23:15:00,160.0,161.0,159.0,160.0,112511.2814742,17969679.13590843
2026-06-10 23:30:00,159.0,160.0,159.0,160.0,11152.55320263,1779731.47146204
2026-06-10 23:45:00,160.0,161.0,159.0,161.0,144277.14069813,23053108.42145961
2026-06-11 00:00:00,161.0,161.0,159.0,160.0,13868.30896468,2219177.88155377
2026-06-11 00:15:00,160.0,161.0,160.0,161.0,29108.17949378,4682199.39112836
2026-06-11 00:30:00,161.0,162.0,160.0,162.0,87819.90768989,14077409.62263025
2026-06-11 00:45:00,160.0,160.0,158.0,160.0,97121.14030067,15410097.23283963
2026-06-11 01:00:00,159.0,161.0,159.0,161.0,28884.66416862,4606806.63557692
2026-06-11 01:15:00,161.0,162.0,160.0,162.0,155237.82754579,24941426.09725602
2026-06-11 01:30:00,162.0,165.0,162.0,164.0,378422.05560823,62016494.97829808
2026-06-11 01:45:00,164.0,164.0,161.0,163.0,220383.92168436,35797312.85665977
2026-06-11 02:00:00,163.0,163.0,161.0,161.0,50992.48420502,8240997.05565279
2026-06-11 02:15:00,160.0,161.0,159.0,159.0,136209.52696157,21728391.22963759
2026-06-11 02:30:00,160.0,160.0,160.0,160.0,413.21,66113.6
2026-06-11 02:45:00,160.0,161.0,160.0,160.0,87988.83574174,14078434.2186784
2026-06-11 03:00:00,161.0,161.0,159.0,159.0,27940.27201209,4469509.31909774
2026-06-11 03:15:00,159.0,159.0,159.0,159.0,51.07572795,8121.04074405
2026-06-11 03:30:00,159.0,159.0,158.0,159.0,68743.8278326,10929798.79846442
2026-06-11 03:45:00,159.0,159.0,158.0,159.0,67152.91809914,10622251.42559226
2026-06-11 04:00:00,158.0,158.0,158.0,158.0,33.1474,5237.2892
2026-06-11 04:15:00,157.0,158.0,156.0,156.0,63386.56575413,9950292.7679275
2026-06-11 04:30:00,156.0,156.0,156.0,156.0,5532.72330426,863104.83546456
2026-06-11 04:45:00,156.0,156.0,155.0,156.0,202433.57473922,31577137.65931832
2026-06-11 05:00:00,155.0,156.0,155.0,156.0,8502.53167563,1320736.92191777
2026-06-11 05:15:00,156.0,157.0,156.0,157.0,154390.15418155,24098731.62365936
2026-06-11 05:30:00,156.0,156.0,155.0,155.0,56145.9217774,8758686.7412941
2026-06-11 05:45:00,155.0,155.0,154.0,154.0,228619.53214711,35432328.18191409
2026-06-11 06:00:00,155.0,155.0,153.0,153.0,126376.16601297,19419957.57737341
2026-06-11 06:15:00,153.0,154.0,152.0,153.0,125642.31293786,19265458.75019063
2026-06-11 06:30:00,153.0,154.0,153.0,154.0,72920.5203082,11227930.3074628
2026-06-11 06:45:00,154.0,155.0,151.0,151.0,679666.48640318,102986356.543481
2026-06-11 07:00:00,151.0,151.0,150.0,150.0,198872.11391109,29874267.85275357
2026-06-11 07:15:00,151.0,151.0,149.0,151.0,664283.24268112,99524765.73061223
2026-06-11 07:30:00,150.0,152.0,150.0,152.0,255978.0334496,38646136.10222835
2026-06-11 07:45:00,151.0,152.0,151.0,152.0,120821.45481059,18364686.69828286
2026-06-11 08:00:00,151.0,152.0,150.0,151.0,28392.68391791,4287803.14995873
2026-06-11 08:15:00,151.0,152.0,150.0,152.0,268440.7605917,40375402.2551616
2026-06-11 08:30:00,153.0,154.0,153.0,153.0,1519.74474205,232751.46501416
2026-06-11 08:45:00,154.0,154.0,152.0,152.0,80191.0145152,12299021.24373985
2026-06-11 09:00:00,153.0,155.0,153.0,155.0,989762.05612989,152937256.1559036
2026-06-11 09:15:00,156.0,160.0,155.0,160.0,903585.09150589,142437109.65058082
2026-06-11 09:30:00,160.0,162.0,159.0,161.0,1133240.04406581,181953455.52074227
2026-06-11 09:45:00,161.0,161.0,158.0,160.0,759909.72877116,121386351.74288544
2026-06-11 10:00:00,160.0,163.0,159.0,162.0,341828.66006377,55191773.47364517
2026-06-11 10:15:00,162.0,162.0,160.0,162.0,495970.66467423,80047359.64818367
2026-06-11 10:30:00,162.0,162.0,160.0,161.0,404872.34904784,65128665.04394194
2026-06-11 10:45:00,161.0,162.0,160.0,162.0,298556.49417364,48118218.7129076
2026-06-11 11:00:00,162.0,163.0,161.0,161.0,288842.25258595,46858071.55855485
2026-06-11 11:15:00,161.0,164.0,160.0,163.0,304386.05429003,49078712.55437866
2026-06-11 11:30:00,163.0,165.0,162.0,163.0,479355.95899925,78419327.4597887
2026-06-11 11:45:00,162.0,164.0,162.0,163.0,142817.36576485,23254890.00720913
2026-06-11 12:00:00,163.0,164.0,160.0,162.0,435954.51385612,70139842.56112863
2026-06-11 12:15:00,161.0,162.0,161.0,161.0,51562.19497999,8303535.65957734
2026-06-11 12:30:00,161.0,162.0,161.0,161.0,104577.54519025,16879167.958312
2026-06-11 12:45:00,160.0,163.0,160.0,163.0,103366.47324064,16602061.985433
2026-06-11 13:00:00,161.0,162.0,161.0,162.0,187387.12332949,30329196.43532243
2026-06-11 13:15:00,162.0,162.0,161.0,162.0,26832.06899478,4344785.6785627
2026-06-11 13:30:00,161.0,171.0,161.0,171.0,1235081.45618942,207146610.7851614
2026-06-11 13:45:00,171.0,172.0,166.0,169.0,3203905.29432823,540049192.4135948
2026-06-11 14:00:00,168.0,168.0,165.0,166.0,877441.09800214,145830554.2586532
2026-06-11 14:15:00,166.0,166.0,163.0,164.0,716982.72377385,117574114.51598145
2026-06-11 14:30:00,163.0,164.0,162.0,162.0,378520.22232701,61755583.68936639
2026-06-11 14:45:00,162.0,163.0,162.0,163.0,479424.83876651,77812362.66918936
2026-06-11 15:00:00,163.0,164.0,162.0,164.0,359867.07129416,58883053.50475515
2026-06-11 15:15:00,163.0,164.0,163.0,164.0,93462.41266964,15310395.23873155
2026-06-11 15:30:00,163.0,164.0,162.0,163.0,508944.12592155,82721459.3907327
2026-06-11 15:45:00,163.0,164.0,162.0,164.0,201415.80289869,32899435.99414459
2026-06-11 16:00:00,164.0,164.0,162.0,164.0,250237.80531831,40958476.57282038
2026-06-11 16:15:00,163.0,164.0,162.0,163.0,114244.41437734,18621839.88710212
2026-06-11 16:30:00,163.0,163.0,161.0,163.0,146743.18763483,23789345.037216
2026-06-11 16:45:00,162.0,164.0,162.0,164.0,73428.28093175,11968752.23047343
2026-06-11 17:00:00,163.0,164.0,163.0,164.0,87536.56240338,14302561.43998872
2026-06-11 17:15:00,164.0,165.0,163.0,165.0,117663.15341165,19195999.43344206
2026-06-11 17:30:00,165.0,165.0,162.0,163.0,188154.14340029,30625133.00378933
2026-06-11 17:45:00,162.0,164.0,162.0,163.0,59094.98110356,9584636.01837419
2026-06-11 18:00:00,162.0,163.0,161.0,161.0,152478.32663352,24673304.81615756
2026-06-11 18:15:00,161.0,163.0,161.0,163.0,189439.50358961,30695822.85714527
2026-06-11 18:45:00,163.0,163.0,163.0,163.0,41139.36487388,6705716.47444244
2026-06-11 19:00:00,163.0,163.0,162.0,162.0,27877.55721922,4531541.89223451
2026-06-11 19:15:00,162.0,163.0,160.0,161.0,115949.86328197,18671230.61255233
2026-06-11 19:30:00,161.0,161.0,160.0,161.0,197362.31052847,31582142.41429086
2026-06-11 19:45:00,160.0,162.0,160.0,161.0,172723.6947582,27642320.77198448
2026-06-11 20:00:00,161.0,162.0,161.0,162.0,126245.08085607,20430294.8925041
2026-06-11 20:15:00,162.0,162.0,161.0,162.0,29018.54922829,4677859.58846959
2026-06-11 20:30:00,161.0,162.0,161.0,162.0,14304.33557822,2303683.21327858
2026-06-11 20:45:00,162.0,163.0,162.0,163.0,39289.56876343,6383041.28450138
2026-06-11 21:00:00,162.0,163.0,162.0,163.0,11212.76938215,1825681.40929045
2026-06-11 21:15:00,163.0,167.0,163.0,165.0,395835.44425759,65375824.36329175
2026-06-11 21:30:00,165.0,169.0,164.0,167.0,786647.1675841,131711923.79993857
2026-06-11 21:45:00,167.0,167.0,165.0,166.0,98881.04854784,16411494.66919432
2026-06-11 22:00:00,165.0,167.0,165.0,167.0,88439.73823092,14603905.58397974
2026-06-11 22:15:00,167.0,167.0,166.0,167.0,27627.77685924,4603090.46955149
2026-06-11 22:30:00,166.0,166.0,164.0,165.0,45051.51532592,7471644.70414947
2026-06-11 22:45:00,166.0,167.0,165.0,166.0,36250.94105859,5995779.06962584
2026-06-11 23:00:00,166.0,166.0,165.0,166.0,40364.67766731,6660605.5500459
2026-06-11 23:15:00,166.0,168.0,165.0,168.0,127325.40104088,21221324.69193562
2026-06-11 23:30:00,168.0,169.0,167.0,169.0,222321.50559187,37268392.01360821
2026-06-11 23:45:00,169.0,170.0,168.0,168.0,586548.04608671,99011079.5298112
2026-06-12 00:00:00,167.0,168.0,165.0,167.0,595548.88655281,99053042.69414183
2026-06-12 00:15:00,167.0,168.0,166.0,168.0,118614.54179652,19792963.3913447
2026-06-12 00:30:00,168.0,168.0,167.0,167.0,13859.11392715,2316554.55559593
2026-06-12 00:45:00,167.0,171.0,166.0,171.0,589195.57932585,99733821.26884684
2026-06-12 01:00:00,172.0,172.0,169.0,170.0,49533.53801832,8420611.60880159
2026-06-12 01:15:00,170.0,170.0,168.0,169.0,155065.65191243,26204149.52425466
2026-06-12 01:30:00,169.0,170.0,169.0,169.0,45060.14377571,7652737.27337203
2026-06-12 01:45:00,169.0,169.0,166.0,166.0,72216.49491477,12082422.5190176
2026-06-12 02:00:00,167.0,171.0,166.0,168.0,267200.84865287,45294815.57801439
2026-06-12 02:15:00,168.0,168.0,166.0,168.0,26348.33618864,4405916.51734511
2026-06-12 02:30:00,170.0,171.0,169.0,169.0,193685.9716096,32814436.06833356
2026-06-12 02:45:00,170.0,170.0,170.0,170.0,18525.76888026,3149380.7096442
2026-06-12 03:00:00,170.0,170.0,169.0,169.0,23435.65984042,3965237.58046172
2026-06-12 03:15:00,169.0,169.0,169.0,169.0,46537.2343414,7864792.6036966
2026-06-12 03:30:00,169.0,170.0,169.0,170.0,37727.1980508,6380599.99999696
2026-06-12 03:45:00,170.0,174.0,170.0,171.0,353538.78703783,60874385.87988927
2026-06-12 04:00:00,171.0,171.0,170.0,170.0,9008.40665815,1533083.82486795
2026-06-12 04:15:00,171.0,171.0,164.0,165.0,4390734.53149389,733670860.1199657
2026-06-12 04:30:00,165.0,165.0,164.0,165.0,845615.444416,139521190.22941712
2026-06-12 04:45:00,165.0,165.0,165.0,165.0,32206.87736933,5314134.76593945
2026-06-12 05:00:00,165.0,168.0,164.0,164.0,595204.0461162,98409061.04844755
2026-06-12 05:15:00,164.0,166.0,164.0,164.0,262405.15534356,43181622.32357221
2026-06-12 05:30:00,164.0,165.0,163.0,164.0,190714.82530468,31283848.57640193
2026-06-12 05:45:00,164.0,164.0,164.0,164.0,78169.54650791,12819805.62729724
2026-06-12 06:00:00,165.0,165.0,164.0,165.0,111317.27832897,18353964.3320744
2026-06-12 06:15:00,165.0,165.0,165.0,165.0,77239.0821066,12744448.547589
2026-06-12 06:30:00,164.0,164.0,164.0,164.0,1955.73993125,320741.348725
2026-06-12 06:45:00,164.0,165.0,164.0,165.0,22429.92116321,3699107.72363696
2026-06-12 07:00:00,165.0,165.0,164.0,164.0,65115.60348891,10679347.78936306
2026-06-12 07:15:00,164.0,165.0,164.0,165.0,64822.54228609,10654507.51644082
2026-06-12 07:30:00,164.0,165.0,163.0,164.0,72061.08310574,11817114.88166279
2026-06-12 07:45:00,164.0,164.0,163.0,164.0,68852.47770781,11291745.36847108
2026-06-12 08:00:00,164.0,164.0,163.0,164.0,370330.74225737,60733573.45255889
2026-06-12 08:15:00,165.0,165.0,165.0,165.0,60.6060606,9999.999999
2026-06-12 08:30:00,165.0,166.0,164.0,166.0,20353.58361476,3356062.61047717
2026-06-12 08:45:00,165.0,166.0,164.0,165.0,166627.15588598,27485961.06493259
2026-06-12 09:00:00,166.0,168.0,164.0,166.0,99049.6193936,16364865.81351851
2026-06-12 09:15:00,167.0,168.0,166.0,166.0,726757.83077877,121430867.23577365
2026-06-12 09:30:00,166.0,167.0,166.0,166.0,82780.05435196,13742091.43206391
2026-06-12 09:45:00,167.0,168.0,166.0,167.0,108829.61164399,18177447.13318002
2026-06-12 10:00:00,166.0,167.0,166.0,166.0,276742.16152284,45944645.21997706
2026-06-12 10:15:00,166.0,168.0,166.0,167.0,191238.92184461,31937087.52305794
2026-06-12 10:30:00,166.0,167.0,166.0,167.0,68865.69170835,11474063.65399875
2026-06-12 10:45:00,167.0,168.0,166.0,167.0,79617.60710933,13307188.79830422
2026-06-12 11:00:00,167.0,170.0,167.0,169.0,121722.57359336,20488522.45112199
2026-06-12 11:15:00,168.0,170.0,168.0,169.0,120643.31534945,20447419.19024756
2026-06-12 11:30:00,169.0,170.0,168.0,169.0,439546.48090291,73933063.92579669
2026-06-12 11:45:00,168.0,169.0,168.0,169.0,537532.81411548,90642425.24661769
2026-06-12 12:00:00,169.0,170.0,169.0,169.0,92676.97818992,15673817.73889684
2026-06-12 12:15:00,169.0,169.0,169.0,169.0,196962.67332908,33286691.79261452
2026-06-12 12:30:00,169.0,169.0,168.0,168.0,106041.56194481,17920435.25014974
2026-06-12 12:45:00,169.0,169.0,169.0,169.0,23659.59198563,3998471.04557147
2026-06-12 13:00:00,169.0,169.0,167.0,167.0,21651.26072601,3621482.29197957
2026-06-12 13:15:00,168.0,168.0,167.0,168.0,60495.0068788,10161489.10632838
2026-06-12 13:30:00,167.0,168.0,167.0,167.0,33183.28610872,5542394.49444191
2026-06-12 13:45:00,167.0,168.0,167.0,167.0,299343.92534783,49990533.7473733
2026-06-12 14:00:00,166.0,167.0,165.0,165.0,196388.42886788,32581625.58139176
2026-06-12 14:15:00,165.0,167.0,165.0,167.0,338442.47411404,56249147.1629513
2026-06-12 14:30:00,168.0,169.0,167.0,167.0,12487.77251424,2098182.08416746
2026-06-12 14:45:00,168.0,168.0,167.0,168.0,222630.78383805,37203476.96047811
2026-06-12 15:00:00,167.0,168.0,165.0,165.0,191698.50435788,31990117.33391978
2026-06-12 15:15:00,166.0,166.0,164.0,165.0,150213.20275856,24772543.45315118
2026-06-12 15:30:00,164.0,166.0,163.0,166.0,571762.90306963,93905690.19248971
2026-06-12 15:45:00,166.0,167.0,166.0,167.0,47107.76335097,7826840.65870945
2026-06-12 16:00:00,166.0,167.0,166.0,167.0,21165.33636504,3515379.06114754
2026-06-12 16:15:00,166.0,167.0,165.0,166.0,47388.98623492,7866566.89582421
2026-06-12 16:30:00,166.0,167.0,165.0,166.0,52477.59303552,8704337.32558114
2026-06-12 16:45:00,166.0,166.0,165.0,166.0,72506.97268642,12023603.92582528
2026-06-12 17:00:00,166.0,168.0,166.0,167.0,73858.51352104,12333566.20159698
2026-06-12 17:15:00,167.0,168.0,166.0,167.0,102814.86083877,17174065.83935785
2026-06-12 17:30:00,167.0,168.0,167.0,167.0,55360.17505139,9260833.38239164
2026-06-12 17:45:00,167.0,168.0,167.0,168.0,69140.17261946,11605056.61541794
2026-06-12 18:00:00,167.0,168.0,167.0,167.0,300268.5394299,50156172.76715068
2026-06-12 18:15:00,168.0,168.0,167.0,167.0,44170.67665902,7377005.49015157
2026-06-12 18:30:00,167.0,169.0,167.0,168.0,66281.84732196,11110093.28918226
2026-06-12 18:45:00,168.0,169.0,168.0,169.0,74543.06984852,12525365.91206615
2026-06-12 19:00:00,169.0,169.0,169.0,169.0,40791.73816326,6893803.74959094
2026-06-12 19:15:00,169.0,171.0,169.0,170.0,123569.28476791,21007949.12143154
2026-06-12 19:30:00,170.0,171.0,169.0,169.0,139964.72207582,23723841.09460993
2026-06-12 19:45:00,169.0,171.0,169.0,170.0,48311.41260024,8210442.08092099
2026-06-12 20:00:00,169.0,169.0,169.0,169.0,269.18902439,45492.94512191
2026-06-12 20:15:00,169.0,170.0,169.0,170.0,83914.26320071,14231371.13151629
2026-06-12 20:30:00,170.0,170.0,169.0,169.0,149435.97634692,25267929.3510313
2026-06-12 20:45:00,169.0,169.0,168.0,169.0,163304.84292665,27466772.38251795
2026-06-12 21:00:00,168.0,169.0,168.0,168.0,74888.55228068,12590654.02598548
2026-06-12 21:15:00,169.0,169.0,167.0,167.0,59569.89350538,10037907.38103678
2026-06-12 21:30:00,167.0,168.0,167.0,168.0,55955.97708974,9382243.05214397
2026-06-12 21:45:00,168.0,169.0,168.0,169.0,27064.11149226,4546889.07389494
2026-06-12 22:00:00,169.0,169.0,168.0,168.0,1626.10142564,274486.81465544
2026-06-12 22:15:00,168.0,168.0,166.0,167.0,110094.49897574,18382349.09133546
2026-06-12 22:30:00,166.0,167.0,166.0,166.0,285876.4465857,47455730.51047168
2026-06-12 22:45:00,167.0,167.0,165.0,166.0,59318.06382833,9833706.15706691
2026-06-12 23:00:00,167.0,167.0,167.0,167.0,90980.23893798,15193699.90264266
2026-06-12 23:15:00,167.0,167.0,166.0,167.0,267868.50488187,44661085.01853877
2026-06-12 23:30:00,168.0,168.0,167.0,167.0,21086.90095404,3527339.17691826
2026-06-12 23:45:00,167.0,169.0,166.0,168.0,22932.21015194,3841283.06903229
2026-06-13 00:00:00,169.0,169.0,169.0,169.0,3172.52894864,536157.39232016
2026-06-13 00:15:00,168.0,169.0,168.0,168.0,305326.69887941,51301844.55938599
2026-06-13 00:30:00,168.0,168.0,167.0,167.0,90199.91267664,15063418.48247507
2026-06-13 00:45:00,167.0,167.0,165.0,166.0,10184.64082018,1686146.7649846
2026-06-13 01:00:00,165.0,167.0,164.0,167.0,35796.4868252,5898524.76030406
2026-06-13 01:15:00,166.0,166.0,165.0,165.0,9199.47093532,1519417.14885252
2026-06-13 01:30:00,165.0,166.0,165.0,166.0,1712.59441477,284050.37843705
2026-06-13 01:45:00,167.0,168.0,167.0,168.0,6007.18922714,1003805.77117047
2026-06-13 02:00:00,168.0,168.0,167.0,168.0,155399.83213993,26102171.79950824
2026-06-13 02:30:00,167.0,167.0,166.0,167.0,50971.25904165,8507496.73054379
2026-06-13 02:45:00,167.0,167.0,166.0,166.0,4912.1063587,816004.89363943
2026-06-13 03:00:00,166.0,166.0,164.0,164.0,9920.99615972,1631058.23007215
2026-06-13 03:15:00,164.0,165.0,164.0,165.0,2821.4998926,462908.61268942
2026-06-13 03:30:00,165.0,166.0,165.0,166.0,1832.37575756,303991.9999974
2026-06-13 03:45:00,166.0,166.0,166.0,166.0,7024.11634652,1166003.31352232
2026-06-13 04:15:00,166.0,166.0,166.0,166.0,5641.06024095,936415.9999977
2026-06-13 04:30:00,165.0,165.0,164.0,164.0,2472.81778154,406727.99021122
2026-06-13 05:00:00,165.0,165.0,164.0,164.0,29615.56164346,4876294.16152744
2026-06-13 05:15:00,165.0,165.0,164.0,165.0,32651.84565622,5387063.33982392
2026-06-13 05:30:00,165.0,165.0,164.0,165.0,97573.83803557,16098183.27586905
2026-06-13 05:45:00,164.0,164.0,163.0,163.0,93251.20622703,15282193.43636994
2026-06-13 06:00:00,164.0,164.0,163.0,163.0,14242.21375812,2322645.08989063
2026-06-13 06:15:00,164.0,164.0,163.0,163.0,17693.299,2900156.036
2026-06-13 06:30:00,164.0,164.0,164.0,164.0,3281.14591743,538107.93045852
2026-06-13 06:45:00,163.0,163.0,163.0,163.0,33195.70361838,5410899.68979594
2026-06-13 07:00:00,163.0,164.0,163.0,164.0,41112.06442623,6741786.84992539
2026-06-13 07:15:00,164.0,164.0,164.0,164.0,22092.62688235,3623190.8087054
2026-06-13 07:30:00,164.0,164.0,163.0,164.0,11513.41455203,1882175.89014738
2026-06-13 07:45:00,164.0,164.0,163.0,164.0,14545.93691389,2377680.69257382
2026-06-13 08:00:00,164.0,164.0,162.0,163.0,15131.41533452,2456440.88429624
2026-06-13 08:15:00,162.0,162.0,161.0,162.0,106644.14652976,17274851.73787112
2026-06-13 08:30:00,162.0,162.0,162.0,162.0,10565.15054743,1711554.38868366
2026-06-13 08:45:00,162.0,163.0,162.0,163.0,74392.70794207,12122924.97480432
2026-06-13 09:00:00,163.0,164.0,162.0,163.0,49153.89157021,8010511.62942721
2026-06-13 09:15:00,163.0,165.0,163.0,165.0,45776.95323593,7489846.02071428
2026-06-13 09:30:00,165.0,166.0,164.0,165.0,39543.2049157,6522583.6367285
2026-06-13 09:45:00,165.0,165.0,163.0,164.0,42297.30035011,6945296.02138733
2026-06-13 10:00:00,165.0,165.0,164.0,165.0,29586.55080825,4867202.18252173
2026-06-13 10:15:00,165.0,166.0,164.0,166.0,17004.32358308,2805406.17882011
2026-06-13 10:30:00,166.0,166.0,165.0,166.0,24008.35881546,3982016.42326975
2026-06-13 10:45:00,166.0,166.0,165.0,166.0,9950.70995778,1647766.10319216
2026-06-13 11:00:00,165.0,165.0,164.0,164.0,39837.01621937,6559343.06053981
2026-06-13 11:15:00,165.0,165.0,163.0,163.0,61146.15519921,9993820.4874855
2026-06-13 11:30:00,163.0,164.0,163.0,164.0,4293.99822786,703615.88201
2026-06-13 11:45:00,164.0,164.0,162.0,163.0,135326.26971405,22016694.19865512
2026-06-13 12:00:00,163.0,164.0,163.0,164.0,62091.78418929,10130658.19368104
2026-06-13 12:15:00,163.0,163.0,163.0,163.0,94100.0241074,15338303.9295062
2026-06-13 12:30:00,162.0,163.0,162.0,163.0,115469.9328403,18755295.01703008
2026-06-13 12:45:00,163.0,164.0,163.0,164.0,13003.21901132,2132296.21552583
2026-06-13 13:00:00,164.0,164.0,162.0,162.0,28278.1096263,4599040.26551924
2026-06-13 13:15:00,162.0,164.0,162.0,164.0,253910.06524568,41406415.73319846
2026-06-13 13:30:00,163.0,163.0,163.0,163.0,4386.34628909,714974.44512167
2026-06-13 13:45:00,163.0,163.0,162.0,162.0,43309.49204445,7053668.72501459
2026-06-13 14:00:00,162.0,162.0,162.0,162.0,102921.74304513,16673322.37331106
2026-06-13 14:15:00,162.0,163.0,162.0,163.0,2449.07710071,398599.56741573
2026-06-13 14:30:00,163.0,163.0,163.0,163.0,16475.60680456,2685523.90914328
2026-06-13 14:45:00,164.0,166.0,164.0,166.0,165914.60344878,27275700.44199913
2026-06-13 15:00:00,165.0,165.0,164.0,165.0,218533.87462243,36055975.81576844
2026-06-13 15:15:00,164.0,164.0,163.0,163.0,210061.43198107,34297584.3056008
2026-06-13 15:30:00,164.0,166.0,164.0,166.0,21022.87276137,3453895.35186468
2026-06-13 15:45:00,166.0,167.0,166.0,167.0,72155.39280391,11999335.53479037
2026-06-13 16:00:00,167.0,167.0,166.0,166.0,210855.60314775,35080597.40597456
2026-06-13 16:15:00,166.0,166.0,166.0,166.0,18106.11838337,3005615.65163942
2026-06-13 16:30:00,166.0,166.0,166.0,166.0,21540.32934131,3575694.67065746
2026-06-13 16:45:00,166.0,168.0,166.0,168.0,79595.80041495,13252683.58989397
2026-06-13 17:00:00,168.0,168.0,167.0,167.0,7028.24337792,1177349.67790972
2026-06-13 17:15:00,167.0,167.0,166.0,166.0,182430.23530446,30348757.90794274
2026-06-13 17:30:00,167.0,167.0,166.0,167.0,41164.77958624,6873818.19090208
2026-06-13 17:45:00,166.0,166.0,165.0,165.0,19673.35293844,3263865.74732617
2026-06-13 18:00:00,166.0,166.0,166.0,166.0,9699.19535015,1610066.4281249
2026-06-13 18:15:00,166.0,166.0,166.0,166.0,18583.78404491,3084908.15145506
2026-06-13 18:30:00,167.0,167.0,167.0,167.0,7828.60149301,1307376.44933267
2026-06-13 19:00:00,167.0,167.0,167.0,167.0,6351.00701058,1060618.17076686
2026-06-13 19:15:00,167.0,167.0,167.0,167.0,844.34298942,141005.27923314
2026-06-13 19:30:00,166.0,166.0,166.0,166.0,2864.13345689,475446.15384374
2026-06-13 19:45:00,166.0,166.0,166.0,166.0,67018.53853735,11125077.3972001
2026-06-13 20:00:00,167.0,168.0,167.0,167.0,2958.58001779,495186.06025236
2026-06-13 20:15:00,168.0,168.0,167.0,168.0,48154.11148039,8047890.71636602
2026-06-13 20:30:00,168.0,168.0,168.0,168.0,3460.14661652,581304.63157536
2026-06-13 21:00:00,167.0,168.0,167.0,168.0,25488.671637,4261429.59195042
2026-06-13 21:15:00,167.0,168.0,167.0,167.0,19298.38648332,3222901.97128586
2026-06-13 21:30:00,167.0,167.0,167.0,167.0,33506.81456469,5595638.03230323
2026-06-13 21:45:00,167.0,168.0,167.0,168.0,60906.07998691,10227521.43780088
2026-06-13 22:00:00,167.0,168.0,167.0,168.0,2513.9234762,422212.9535254
2026-06-13 22:15:00,167.0,168.0,167.0,168.0,53238.13653551,8912849.23096739
2026-06-13 22:30:00,168.0,168.0,168.0,168.0,78955.91454219,13264593.64308792
2026-06-13 22:45:00,168.0,168.0,168.0,168.0,39055.6463378,6561348.5847504
2026-06-13 23:00:00,168.0,170.0,168.0,170.0,12605.94588542,2126135.86800192
2026-06-13 23:15:00,169.0,169.0,169.0,169.0,11064.23043282,1869854.94314658
2026-06-13 23:30:00,169.0,169.0,168.0,169.0,6025.41990802,1017105.4882649
2026-06-13 23:45:00,169.0,170.0,169.0,170.0,78240.60884936,13242514.00359301
2026-06-14 00:00:00,169.0,170.0,169.0,170.0,41285.1,7017710.0
2026-06-14 00:15:00,169.0,170.0,169.0,169.0,95040.24539359,16155466.18954717
2026-06-14 00:30:00,170.0,170.0,170.0,170.0,173249.40511289,29452398.8691913
2026-06-14 00:45:00,170.0,170.0,170.0,170.0,20209.33918992,3435587.6622864
2026-06-14 01:15:00,169.0,169.0,169.0,169.0,12231.54893141,2067131.76940829
2026-06-14 01:30:00,169.0,169.0,168.0,169.0,33501.48252885,5660373.34058072
2026-06-14 01:45:00,169.0,169.0,169.0,169.0,60688.4977459,10256356.1190571
2026-06-14 02:00:00,169.0,169.0,168.0,168.0,39480.25646866,6671972.50539866
2026-06-14 02:15:00,169.0,170.0,169.0,170.0,58058.33364667,9865942.49021804
2026-06-14 02:30:00,171.0,171.0,171.0,171.0,266020.09959931,45489437.03148201
2026-06-14 02:45:00,172.0,172.0,170.0,170.0,7941.17647058,1359999.9999986
2026-06-14 03:15:00,170.0,170.0,170.0,170.0,10838.32242874,1842514.8128858
2026-06-14 03:45:00,170.0,170.0,170.0,170.0,10080.0,1713600.0
2026-06-14 04:00:00,170.0,170.0,168.0,170.0,14726.94160356,2503461.02498614
2026-06-14 04:15:00,169.0,169.0,169.0,169.0,11799.7623136,1994159.8309984
2026-06-14 04:30:00,169.0,169.0,169.0,169.0,16446.11028613,2779392.63835597
2026-06-14 04:45:00,169.0,170.0,169.0,170.0,20814.59985993,3521550.98809287
2026-06-14 05:15:00,169.0,169.0,169.0,169.0,1000.0,169000.0
2026-06-14 05:30:00,168.0,168.0,168.0,168.0,37.53322701,6305.58213768
2026-06-14 06:00:00,168.0,168.0,167.0,167.0,21847.59225286,3668895.49848048
2026-06-14 06:15:00,167.0,168.0,167.0,168.0,6575.74420517,1100841.41470386
2026-06-14 06:30:00,167.0,170.0,167.0,170.0,67588.5036329,11440024.37220853
2026-06-14 07:00:00,169.0,169.0,169.0,169.0,8401.05662651,1419778.56988019
2026-06-14 07:15:00,169.0,169.0,169.0,169.0,16131.54893142,2726231.76940998
2026-06-14 07:30:00,169.0,169.0,169.0,169.0,5002.93595543,845496.17646767
2026-06-14 07:45:00,168.0,169.0,168.0,169.0,21464.94392786,3624557.42011716
2026-06-14 08:00:00,169.0,169.0,169.0,169.0,591.71597633,99999.99999977
2026-06-14 08:15:00,169.0,169.0,169.0,169.0,544.0,91936.0
2026-06-14 08:30:00,169.0,169.0,168.0,168.0,13213.28933939,2220914.69185775
2026-06-14 08:45:00,168.0,169.0,168.0,169.0,59543.27172044,10031016.15970092
2026-06-14 09:00:00,169.0,169.0,168.0,168.0,242518.1942169,40767383.1973441
2026-06-14 09:15:00,167.0,168.0,167.0,168.0,11363.10666917,1908702.51922295
2026-06-14 09:30:00,167.0,167.0,167.0,167.0,40459.05343398,6756661.92347466
2026-06-14 09:45:00,168.0,168.0,167.0,167.0,6580.88074994,1103496.32105405
2026-06-14 10:15:00,169.0,169.0,168.0,168.0,32599.03704506,5507237.26061514
2026-06-14 10:30:00,167.0,167.0,167.0,167.0,422.53060659,70562.61130053
2026-06-14 10:45:00,167.0,168.0,167.0,168.0,69552.59384486,11678238.22205085
2026-06-14 11:00:00,168.0,168.0,168.0,168.0,15292.73431437,2569179.36481416
2026-06-14 11:15:00,168.0,168.0,168.0,168.0,41179.10925844,6918090.35541792
2026-06-14 11:30:00,167.0,167.0,167.0,167.0,385281.28922364,64341975.30034788
2026-06-14 11:45:00,167.0,167.0,167.0,167.0,1796.40718563,300000.00000021
2026-06-14 12:15:00,168.0,168.0,168.0,168.0,238.09523809,39999.99999912
2026-06-14 12:30:00,168.0,168.0,168.0,168.0,746.19561158,125360.86274544
2026-06-14 13:00:00,167.0,168.0,167.0,168.0,18463.43916968,3083738.60752941
2026-06-14 13:15:00,168.0,168.0,168.0,168.0,4617.57216628,775752.12393504
2026-06-14 13:30:00,167.0,167.0,167.0,167.0,41183.00673664,6877562.12501888
2026-06-14 13:45:00,166.0,167.0,165.0,166.0,398453.76207352,66062119.56163228
2026-06-14 14:00:00,166.0,167.0,165.0,166.0,79531.51232233,13160598.9639918
2026-06-14 14:15:00,166.0,166.0,165.0,165.0,41229.69227409,6803081.04450195
2026-06-14 14:30:00,165.0,166.0,165.0,166.0,61045.21658231,10077482.92002941
2026-06-14 14:45:00,166.0,167.0,166.0,166.0,37325.72632391,6196145.16476906
2026-06-14 15:00:00,166.0,168.0,166.0,167.0,119349.10687687,19952573.57111285
2026-06-14 15:15:00,167.0,167.0,167.0,167.0,149.7005988,24999.9999996
2026-06-14 15:30:00,166.0,166.0,165.0,165.0,403181.90265979,66560701.14073277
2026-06-14 15:45:00,165.0,166.0,165.0,166.0,101304.26129721,16800067.52870939
2026-06-14 16:00:00,166.0,166.0,166.0,166.0,6497.95967391,1078661.30586906
2026-06-14 16:15:00,166.0,166.0,163.0,163.0,201930.47036271,33111116.65454779
2026-06-14 16:30:00,163.0,165.0,159.0,159.0,660815.34534446,106143729.3205824
2026-06-14 16:45:00,160.0,161.0,159.0,160.0,341732.84157934,54665145.345557
2026-06-14 17:00:00,160.0,160.0,158.0,159.0,383917.40386786,61043494.16041427
2026-06-14 17:15:00,160.0,160.0,159.0,160.0,57810.64281694,9223622.48776914
2026-06-14 17:30:00,160.0,161.0,159.0,161.0,187536.7513016,30000779.15681822
2026-06-14 17:45:00,161.0,162.0,161.0,161.0,425213.70864536,68517692.3227443
2026-06-14 18:00:00,161.0,161.0,161.0,161.0,576563.67426346,92826751.55641706
2026-06-14 18:15:00,161.0,161.0,160.0,160.0,37843.85077159,6074331.97633541
2026-06-14 18:30:00,160.0,162.0,160.0,162.0,420927.47261747,68065681.9475606
2026-06-14 18:45:00,162.0,162.0,161.0,161.0,25774.65678575,4172198.98641341
2026-06-14 19:00:00,162.0,162.0,161.0,161.0,36685.26230708,5942703.85177166
2026-06-14 19:15:00,161.0,162.0,161.0,162.0,28645.83003624,4639924.46587088
2026-06-14 19:30:00,162.0,162.0,161.0,161.0,16703.65652715,2704492.3573983
2026-06-14 19:45:00,161.0,162.0,161.0,162.0,25410.77774449,4093565.4971098
2026-06-14 20:00:00,162.0,162.0,162.0,162.0,18316.89790024,2967337.45983888
2026-06-14 20:15:00,162.0,163.0,161.0,162.0,107740.4209547,17462494.92617641
2026-06-14 20:30:00,162.0,162.0,162.0,162.0,155504.36132097,25191706.53399714
2026-06-14 20:45:00,162.0,164.0,162.0,164.0,436311.29344098,71119143.35389778
2026-06-14 21:00:00,164.0,165.0,164.0,165.0,89950.93638054,14768057.35782501
2026-06-14 21:15:00,165.0,166.0,164.0,164.0,375237.91760227,61706798.83357674
2026-06-14 21:30:00,165.0,165.0,163.0,163.0,31654.79626955,5184290.37421302
2026-06-14 21:45:00,164.0,164.0,163.0,164.0,23279.13660618,3803497.84884453
2026-06-14 22:00:00,164.0,164.0,164.0,164.0,30781.88261558,5048228.74895512
2026-06-14 22:15:00,163.0,164.0,163.0,163.0,521837.529347,85059557.283561
2026-06-14 22:30:00,162.0,162.0,161.0,161.0,691086.72464812,111309102.88225041
2026-06-14 22:45:00,161.0,161.0,161.0,161.0,630068.11320419,101440966.22587459
2026-06-14 23:00:00,161.0,161.0,160.0,161.0,178657.47897648,28590288.76356599
2026-06-14 23:15:00,161.0,161.0,161.0,161.0,224404.01344138,36129046.16406218
2026-06-14 23:30:00,161.0,161.0,159.0,159.0,83818.29686087,13349506.95875513
2026-06-14 23:45:00,159.0,160.0,159.0,160.0,54017.34396606,8595004.56716525
2026-06-15 00:00:00,160.0,161.0,160.0,161.0,39671.13244618,6350175.91204088
2026-06-15 00:15:00,161.0,161.0,160.0,160.0,10182.04061802,1637825.23647092
2026-06-15 00:30:00,161.0,161.0,161.0,161.0,240.209375,38673.709375
2026-06-15 01:00:00,161.0,161.0,161.0,161.0,79332.74977418,12772572.71364298
2026-06-15 01:15:00,161.0,161.0,161.0,161.0,45618.60721118,7344595.76099998
2026-06-15 01:45:00,161.0,161.0,161.0,161.0,90404.818,14555175.698
2026-06-15 02:00:00,161.0,161.0,161.0,161.0,60000.0,9660000.0
2026-06-15 02:30:00,162.0,162.0,162.0,162.0,4286.41975308,694399.99999896
2026-06-15 03:15:00,161.0,161.0,161.0,161.0,3142.85714285,505999.99999885
2026-06-15 03:30:00,162.0,165.0,162.0,165.0,53351.20489852,8765063.92745741
2026-06-15 03:45:00,165.0,165.0,163.0,163.0,33128.48178484,5437449.39474158
2026-06-15 04:00:00,164.0,164.0,164.0,164.0,3986.49082816,653784.49581824
2026-06-15 04:15:00,164.0,164.0,164.0,164.0,635.81041271,104272.90768444
2026-06-15 04:30:00,163.0,163.0,162.0,162.0,4547.1830303,737539.38241955
2026-06-15 05:15:00,163.0,163.0,163.0,163.0,91900.51621635,14979784.14326505
2026-06-15 05:30:00,163.0,163.0,163.0,163.0,31249.5461588,5093676.0238844
2026-06-15 05:45:00,163.0,163.0,163.0,163.0,49913.94997424,8135973.84580112
2026-06-15 06:00:00,163.0,163.0,162.0,162.0,106903.15907811,17335594.79785187
2026-06-15 06:15:00,163.0,166.0,163.0,166.0,7306.18303852,1205650.85552509
2026-06-15 06:30:00,166.0,168.0,166.0,168.0,138290.30696299,23186781.95733447
2026-06-15 06:45:00,169.0,170.0,168.0,169.0,71677.96773206,12117850.74047928
2026-06-15 07:00:00,169.0,169.0,167.0,168.0,746473.54986423,125470945.52569775
2026-06-15 07:15:00,168.0,169.0,167.0,169.0,45873.19753657,7669562.67192703
2026-06-15 07:30:00,168.0,168.0,167.0,168.0,37620.55477941,6283892.52316147
2026-06-15 07:45:00,169.0,169.0,167.0,167.0,34799.09844276,5845593.17523725
2026-06-15 08:00:00,167.0,169.0,167.0,168.0,202306.03532502,34150709.79348367
2026-06-15 08:15:00,169.0,171.0,169.0,170.0,133669.25576905,22654180.83355914
2026-06-15 08:30:00,170.0,170.0,169.0,169.0,86864.30407743,14708477.80095747
2026-06-15 08:45:00,170.0,170.0,169.0,170.0,25927.16215722,4384211.63807107
2026-06-15 09:00:00,169.0,170.0,169.0,169.0,96827.36849486,16363972.34033721
2026-06-15 09:15:00,169.0,170.0,168.0,169.0,255031.87438698,42867461.66771754
2026-06-15 09:30:00,169.0,169.0,169.0,169.0,59.42011834,10041.99999946
2026-06-15 09:45:00,168.0,169.0,168.0,168.0,78133.47572177,13129884.92025736
2026-06-15 10:00:00,168.0,169.0,167.0,169.0,24343.55728874,4088893.742059
2026-06-15 10:15:00,168.0,168.0,168.0,168.0,31186.50816109,5239333.37106312
2026-06-15 10:30:00,168.0,169.0,168.0,169.0,33220.69118178,5614177.04924178
2026-06-15 10:45:00,170.0,170.0,169.0,169.0,43702.86309565,7400030.75974813
2026-06-15 11:00:00,169.0,169.0,169.0,169.0,17551.99650022,2966287.40853718
2026-06-15 11:30:00,169.0,170.0,168.0,170.0,228875.53959609,38673902.74130666
2026-06-15 11:45:00,170.0,170.0,169.0,169.0,8468.12739135,1432038.03747221
2026-06-15 12:00:00,170.0,170.0,170.0,170.0,71254.50067131,12113265.1141227
2026-06-15 12:15:00,170.0,170.0,170.0,170.0,17845.49271291,3033733.7611947
2026-06-15 12:30:00,170.0,170.0,170.0,170.0,83660.38274867,14222265.0672739
2026-06-15 12:45:00,170.0,170.0,170.0,170.0,18014.31110276,3062432.8874692
2026-06-15 13:00:00,170.0,171.0,170.0,171.0,18889.02942235,3226293.75126043
2026-06-15 13:15:00,171.0,171.0,170.0,170.0,68726.44900424,11734355.9172439
2026-06-15 13:30:00,170.0,170.0,169.0,169.0,332837.42702304,56294701.32606648
2026-06-15 13:45:00,169.0,169.0,166.0,166.0,367954.9617931,61973840.9251671
2026-06-15 14:00:00,166.0,168.0,166.0,168.0,147186.33298964,24578737.79123012
2026-06-15 14:15:00,168.0,169.0,168.0,169.0,251618.62055441,42327791.84748586
2026-06-15 14:30:00,168.0,169.0,168.0,169.0,56710.35063121,9542045.82116885
2026-06-15 14:45:00,169.0,169.0,168.0,169.0,206011.3986506,34812967.79206975
2026-06-15 15:00:00,169.0,170.0,168.0,169.0,245347.40512485,41472601.41026201
2026-06-15 15:15:00,169.0,169.0,168.0,169.0,68451.28992995,11554301.22712187
2026-06-15 15:30:00,170.0,170.0,168.0,168.0,131663.87954333,22173366.49296282
2026-06-15 15:45:00,168.0,168.0,168.0,168.0,131852.18517999,22151167.11023832
2026-06-15 16:00:00,168.0,168.0,167.0,168.0,10293.81114458,1727863.26630141
2026-06-15 16:15:00,168.0,168.0,168.0,168.0,16676.22796975,2801606.298918
2026-06-15 16:30:00,168.0,168.0,167.0,167.0,52641.53608202,8791434.14474495
2026-06-15 16:45:00,167.0,167.0,167.0,167.0,7083.69373576,1182976.85387192
2026-06-15 17:00:00,168.0,168.0,167.0,168.0,259950.6456381,43484263.05870036
2026-06-15 17:15:00,168.0,168.0,166.0,166.0,69949.43290869,11663250.80893762
2026-06-15 17:30:00,167.0,168.0,167.0,168.0,12740.55119821,2128024.60367249
2026-06-15 17:45:00,168.0,168.0,167.0,168.0,29175.0440143,4872529.96943571
2026-06-15 18:00:00,166.0,167.0,166.0,167.0,31746.36863993,5295559.22551892
2026-06-15 18:15:00,167.0,167.0,167.0,167.0,11534.86021889,1926321.65655463
2026-06-15 18:30:00,167.0,167.0,167.0,167.0,10355.25048401,1729326.83082967
2026-06-15 18:45:00,167.0,167.0,166.0,167.0,10731.28708216,1788131.35395955
2026-06-15 19:00:00,168.0,168.0,168.0,168.0,8745.6271864,1469265.3673152
2026-06-15 19:15:00,168.0,169.0,168.0,168.0,22062.80810494,3706610.93322755
2026-06-15 19:30:00,168.0,168.0,167.0,167.0,19318.87548783,3243821.08195544
2026-06-15 19:45:00,168.0,169.0,167.0,169.0,25849.41966829,4344234.83710628
2026-06-15 20:00:00,169.0,171.0,169.0,170.0,133846.24924509,22754839.81394393
2026-06-15 20:15:00,170.0,171.0,170.0,171.0,151047.95814288,25828004.4622597
2026-06-15 20:30:00,171.0,172.0,171.0,172.0,138816.22353999,23787187.24117046
2026-06-15 20:45:00,172.0,172.0,171.0,171.0,56193.99165631,9618107.72605519
2026-06-15 21:00:00,171.0,172.0,171.0,171.0,275045.23054436,47075532.35852713
2026-06-15 21:15:00,171.0,171.0,170.0,171.0,155540.54672655,26556467.17544674
2026-06-15 21:30:00,171.0,172.0,170.0,172.0,67638.00874091,11583826.2752632
2026-06-15 21:45:00,172.0,173.0,172.0,173.0,160980.74371765,27690092.21150941
2026-06-15 22:00:00,172.0,173.0,172.0,173.0,102726.30791092,17692156.03236677
2026-06-15 22:15:00,174.0,175.0,173.0,175.0,54665.02668876,9509929.14571896
2026-06-15 22:30:00,174.0,175.0,173.0,173.0,108172.72033978,18821176.22226335
2026-06-15 22:45:00,173.0,173.0,172.0,172.0,13748.52364235,2368280.95457667
2026-06-15 23:00:00,173.0,173.0,172.0,172.0,20411.35548082,3513158.14281664
2026-06-15 23:15:00,171.0,172.0,171.0,172.0,59397.96918863,10215695.18598603
2026-06-15 23:30:00,172.0,172.0,171.0,171.0,15806.79032167,2715717.66494739
2026-06-15 23:45:00,172.0,172.0,171.0,171.0,24194.9043929,4140070.79446921
2026-06-16 00:00:00,171.0,171.0,170.0,171.0,41922.13497846,7138875.75308832
2026-06-16 00:15:00,170.0,171.0,170.0,170.0,26072.22783608,4433448.32277687
2026-06-16 00:30:00,171.0,172.0,171.0,172.0,276995.91369587,47613659.61202365
2026-06-16 00:45:00,172.0,173.0,172.0,173.0,25257.31999474,4345656.32009528
2026-06-16 01:00:00,173.0,173.0,172.0,173.0,20556.05334312,3551901.38888443
2026-06-16 01:15:00,173.0,173.0,172.0,172.0,64269.73757835,11073533.40502467
2026-06-16 01:30:00,172.0,172.0,172.0,172.0,56084.63263951,9646556.81399572
2026-06-16 01:45:00,171.0,172.0,171.0,172.0,97403.76534539,16753239.79325324
2026-06-16 02:00:00,171.0,171.0,171.0,171.0,19327.30855201,3304969.76239371
2026-06-16 02:15:00,171.0,171.0,170.0,171.0,221960.82831906,37755301.64255926
2026-06-16 02:30:00,171.0,171.0,170.0,171.0,27466.91229437,4694842.00233727
2026-06-16 02:45:00,171.0,171.0,171.0,171.0,21377.08825423,3655482.09147333
2026-06-16 03:15:00,171.0,171.0,171.0,171.0,7952.34526379,1359851.04010809
2026-06-16 04:15:00,171.0,171.0,168.0,169.0,143468.70155419,24196710.01536756
2026-06-16 04:30:00,169.0,169.0,168.0,169.0,296.44912267,50042.12716476
2026-06-16 04:45:00,170.0,170.0,168.0,169.0,1160.82362752,195434.6606172
2026-06-16 05:00:00,169.0,169.0,169.0,169.0,4774.65767412,806917.14692628
2026-06-16 05:15:00,169.0,169.0,168.0,168.0,52960.37143311,8930964.0899179
2026-06-16 05:30:00,169.0,169.0,168.0,169.0,862.42011831,145369.11833758
2026-06-16 05:45:00,169.0,169.0,168.0,169.0,50280.93659861,8447435.96986823
2026-06-16 06:00:00,168.0,168.0,168.0,168.0,299330.32679217,50287494.90108456
2026-06-16 06:30:00,168.0,168.0,168.0,168.0,26932.53656841,4524666.14349288
2026-06-16 07:00:00,168.0,168.0,168.0,168.0,100126.73314505,16821291.1683684
2026-06-16 07:15:00,168.0,168.0,166.0,166.0,167745.0679558,27957677.3952726
2026-06-16 07:30:00,166.0,167.0,166.0,166.0,23914.59207446,3970117.69274478
2026-06-16 07:45:00,166.0,166.0,165.0,166.0,135857.7916718,22457002.27596284
2026-06-16 08:00:00,166.0,166.0,165.0,165.0,23428.91028542,3868798.22678072
2026-06-16 08:15:00,165.0,166.0,165.0,166.0,108429.52453861,17997860.25508566
2026-06-16 08:30:00,166.0,167.0,166.0,167.0,103061.43329337,17110259.35999279
2026-06-16 08:45:00,167.0,168.0,167.0,167.0,6241.43592711,1047649.79256909
2026-06-16 09:00:00,168.0,169.0,168.0,169.0,77828.45404355,13121504.5739903
2026-06-16 09:15:00,169.0,170.0,168.0,169.0,186782.55324917,31566346.68603524
2026-06-16 09:30:00,168.0,169.0,168.0,169.0,9055.80162291,1521434.1964584
2026-06-16 09:45:00,168.0,168.0,168.0,168.0,595.23809523,99999.99999864
2026-06-16 10:00:00,167.0,168.0,167.0,167.0,205109.80207621,34285194.53651213
2026-06-16 10:15:00,167.0,167.0,166.0,166.0,260255.29391866,43462497.33902375
2026-06-16 10:30:00,166.0,167.0,166.0,167.0,42746.09716303,7097733.15002106
2026-06-16 10:45:00,167.0,167.0,167.0,167.0,986.70500965,164779.73661155
2026-06-16 11:00:00,166.0,166.0,165.0,165.0,32273.39680738,5336158.31592235
2026-06-16 11:15:00,164.0,164.0,163.0,163.0,42009.70817173,6875048.27910379
2026-06-16 11:30:00,163.0,164.0,163.0,164.0,67688.31796718,11040540.83297744
2026-06-16 11:45:00,163.0,164.0,163.0,164.0,13460.62705912,2200299.33684159
2026-06-16 12:00:00,164.0,164.0,163.0,164.0,31794.57459804,5213689.11606614
2026-06-16 12:15:00,165.0,166.0,165.0,166.0,144600.32383989,23922235.00612627
2026-06-16 12:30:00,167.0,167.0,167.0,167.0,14639.60131296,2444813.41926432
2026-06-16 12:45:00,167.0,168.0,167.0,168.0,1146.78360555,192536.9463459
2026-06-16 13:00:00,168.0,168.0,167.0,167.0,4025.83638775,676221.46552295
2026-06-16 13:15:00,167.0,167.0,167.0,167.0,54250.13238148,9059772.10770716
2026-06-16 13:30:00,166.0,167.0,166.0,166.0,7794.45573787,1294777.85607923
2026-06-16 13:45:00,166.0,166.0,166.0,166.0,77229.82543402,12820151.02204732
2026-06-16 14:00:00,167.0,170.0,166.0,170.0,148826.63135266,25044636.7616569
2026-06-16 14:15:00,169.0,172.0,169.0,171.0,468557.86693407,80080287.3883758
2026-06-16 14:30:00,172.0,172.0,171.0,171.0,76465.24982541,13089045.17229112
2026-06-16 14:45:00,171.0,171.0,170.0,170.0,168629.0381101,28778234.71264098
2026-06-16 15:00:00,170.0,171.0,170.0,171.0,161261.20346223,27554197.64158738
2026-06-16 15:15:00,171.0,171.0,170.0,170.0,86989.05589176,14820754.55749097
2026-06-16 15:30:00,169.0,169.0,169.0,169.0,138317.12961018,23375594.90412042
2026-06-16 15:45:00,169.0,170.0,169.0,170.0,10944.46634936,1849647.68286432
2026-06-16 16:00:00,169.0,169.0,168.0,169.0,83513.48385393,14113284.19439109
2026-06-16 16:15:00,169.0,171.0,168.0,170.0,79774.61755347,13536463.24253701
2026-06-16 16:30:00,171.0,172.0,171.0,171.0,84915.30427247,14574961.80811619
2026-06-16 16:45:00,170.0,175.0,170.0,174.0,283372.48878836,48972588.7113186
2026-06-16 17:00:00,174.0,174.0,172.0,172.0,232225.15400404,40068960.62368396
2026-06-16 17:15:00,172.0,172.0,170.0,171.0,590495.52550482,100702713.3529611
2026-06-16 17:30:00,171.0,171.0,169.0,171.0,445962.27357783,75529108.89057241
2026-06-16 17:45:00,170.0,172.0,170.0,172.0,191869.48564899,32772014.30093111
2026-06-16 18:00:00,171.0,171.0,171.0,171.0,74691.68163383,12772277.55938493
2026-06-16 18:15:00,170.0,171.0,170.0,170.0,116082.19481025,19734031.59727466
2026-06-16 18:30:00,170.0,171.0,170.0,171.0,7779.55824794,1322868.27934277
2026-06-16 18:45:00,170.0,170.0,169.0,169.0,13085.92217137,2221104.37839907
2026-06-16 19:00:00,169.0,170.0,169.0,170.0,65338.66397661,11042297.82969414
2026-06-16 19:15:00,169.0,169.0,169.0,169.0,24825.85128214,4195568.86668166
2026-06-16 19:30:00,170.0,170.0,169.0,170.0,434172.47579981,73803222.07804283
2026-06-16 19:45:00,170.0,171.0,169.0,170.0,8403.00548645,1427852.5980065
2026-06-16 20:00:00,170.0,171.0,170.0,170.0,18396.88329205,3127505.24736779
2026-06-16 20:15:00,169.0,169.0,169.0,169.0,15035.08771929,2540929.82456001
2026-06-16 20:30:00,169.0,169.0,169.0,169.0,101312.70189763,17121846.62069947
2026-06-16 20:45:00,170.0,170.0,170.0,170.0,4237.01097588,720291.8658996
2026-06-16 21:00:00,170.0,170.0,170.0,170.0,8993.96772201,1528974.5127417
2026-06-16 21:15:00,170.0,171.0,170.0,171.0,3636.24222099,619797.41978929
2026-06-16 21:30:00,171.0,171.0,170.0,171.0,72200.75671069,12285982.01040794
2026-06-16 21:45:00,170.0,170.0,170.0,170.0,60874.52156274,10348668.6656658
2026-06-16 22:00:00,170.0,170.0,167.0,168.0,139237.31831105,23576213.09175934
2026-06-16 22:15:00,168.0,169.0,168.0,168.0,29531.81536158,4961642.89193508
2026-06-16 22:30:00,169.0,169.0,169.0,169.0,4775.75147927,807101.99999663
2026-06-16 22:45:00,169.0,169.0,169.0,169.0,74532.79905749,12596043.04071581
2026-06-16 23:00:00,169.0,169.0,169.0,169.0,382.45644008,64635.13837352
2026-06-16 23:15:00,169.0,169.0,166.0,167.0,392564.76138387,65452981.20194144
2026-06-16 23:30:00,166.0,167.0,166.0,167.0,41724.05873411,6938350.30076045
2026-06-16 23:45:00,168.0,168.0,168.0,168.0,60.04761904,10087.99999872
2026-06-17 00:00:00,166.0,168.0,165.0,168.0,46761.60931509,7795212.51615615
2026-06-17 00:15:00,167.0,167.0,167.0,167.0,299.61302426,50035.37505142
2026-06-17 00:30:00,167.0,170.0,167.0,169.0,144767.69329673,24444477.82752418
2026-06-17 00:45:00,168.0,169.0,168.0,169.0,20064.10859229,3379537.57587157
2026-06-17 01:15:00,169.0,169.0,169.0,169.0,49303.88860691,8332357.17456779
2026-06-17 01:45:00,168.0,168.0,168.0,168.0,459.58303235,77209.9494348
2026-06-17 02:00:00,169.0,169.0,169.0,169.0,10071.35364543,1702058.76607767
2026-06-17 02:15:00,169.0,169.0,169.0,169.0,11148.52801136,1884101.23391984
2026-06-17 02:45:00,170.0,170.0,170.0,170.0,80832.38572245,13741505.5728165
2026-06-17 03:00:00,170.0,172.0,170.0,172.0,101868.74426714,17390224.41727737
2026-06-17 03:30:00,170.0,170.0,170.0,170.0,477.71999999,81212.3999983
2026-06-17 03:45:00,170.0,170.0,170.0,170.0,17647.05882354,3000000.0000018
2026-06-17 04:00:00,171.0,177.0,171.0,174.0,198813.55180957,34516907.93334736
2026-06-17 04:15:00,174.0,178.0,173.0,173.0,186623.96595686,32697731.91440862
2026-06-17 04:30:00,173.0,173.0,172.0,172.0,1410.69225432,242893.63999737
2026-06-17 04:45:00,172.0,172.0,171.0,171.0,57529.46344347,9862404.96896167
2026-06-17 05:00:00,172.0,172.0,172.0,172.0,27908.57558139,4800274.99999908
2026-06-17 05:15:00,172.0,172.0,172.0,172.0,18600.19990004,3199234.38280688
2026-06-17 05:30:00,172.0,173.0,172.0,173.0,15606.5810904,2684505.35795342
2026-06-17 05:45:00,173.0,173.0,173.0,173.0,57.8034682,9999.9999986
2026-06-17 06:15:00,171.0,172.0,171.0,172.0,93.25832837,16011.12763964
2026-06-17 06:30:00,171.0,171.0,171.0,171.0,58.13953488,9941.86046448
2026-06-17 06:45:00,171.0,171.0,170.0,171.0,16284.54238403,2784483.33726451
2026-06-17 07:00:00,171.0,171.0,171.0,171.0,635.8054754,108722.7362934
2026-06-17 07:15:00,171.0,171.0,170.0,171.0,14915.19612846,2544231.87519326
2026-06-17 07:30:00,171.0,172.0,171.0,171.0,80763.64508998,13810783.31038658
2026-06-17 07:45:00,171.0,171.0,171.0,171.0,8443.75268389,1443881.70894519
2026-06-17 08:00:00,172.0,172.0,171.0,171.0,52674.7829177,9022170.34234614
2026-06-17 08:15:00,171.0,171.0,171.0,171.0,23994.79301901,4103109.60625071
2026-06-17 08:30:00,171.0,173.0,171.0,171.0,26720.06418719,4593523.20752731
2026-06-17 08:45:00,172.0,172.0,172.0,172.0,3230.52427274,555650.17491128
2026-06-17 09:00:00,172.0,172.0,172.0,172.0,38185.97081609,6567986.98036748
2026-06-17 09:15:00,172.0,173.0,172.0,173.0,38307.30125032,6591436.69964452
2026-06-17 09:30:00,173.0,173.0,171.0,172.0,65388.10914503,11219286.51646596
2026-06-17 09:45:00,171.0,172.0,171.0,172.0,30157.93731889,5157123.56059995
2026-06-17 10:00:00,171.0,171.0,171.0,171.0,36132.70899437,6178693.23803727
2026-06-17 10:15:00,171.0,171.0,170.0,171.0,119917.49220653,20464753.77804105
2026-06-17 10:30:00,170.0,172.0,170.0,172.0,8449.30839966,1442973.47079434
2026-06-17 10:45:00,172.0,173.0,171.0,173.0,68253.07303548,11731132.30789172
2026-06-17 11:00:00,173.0,173.0,171.0,171.0,37646.44708824,6450942.75343527
2026-06-17 11:15:00,172.0,173.0,172.0,172.0,347048.09090711,59701086.66492464
2026-06-17 11:30:00,172.0,172.0,172.0,172.0,30555.23982194,5255501.24937368
2026-06-17 11:45:00,172.0,172.0,172.0,172.0,60601.69463328,10423491.47692416
2026-06-17 12:00:00,171.0,171.0,171.0,171.0,24480.33872205,4186137.92147055
2026-06-17 12:15:00,171.0,172.0,171.0,172.0,1569.59064328,268800.00000088
2026-06-17 12:30:00,172.0,172.0,172.0,172.0,1627.09343002,279860.06996344
2026-06-17 12:45:00,171.0,171.0,171.0,171.0,3463.69551698,592291.93340358
2026-06-17 13:15:00,171.0,171.0,170.0,170.0,109183.908082,18664227.51895021
2026-06-17 13:30:00,170.0,171.0,170.0,170.0,1774.36695917,301840.3830589
2026-06-17 13:45:00,171.0,171.0,171.0,171.0,92723.07158074,15855645.24030654
2026-06-17 14:00:00,171.0,171.0,171.0,171.0,14570.87245849,2491619.19040179
2026-06-17 14:15:00,170.0,170.0,170.0,170.0,74500.65948258,12665112.1120386
2026-06-17 14:30:00,171.0,171.0,171.0,171.0,2923.97660818,499999.99999878
2026-06-17 14:45:00,171.0,171.0,170.0,171.0,28354.1857398,4840841.90952712
2026-06-17 15:00:00,171.0,171.0,171.0,171.0,42379.39473243,7246876.49924553
2026-06-17 15:30:00,170.0,170.0,170.0,170.0,36233.06649616,6159621.3043472
2026-06-17 15:45:00,170.0,171.0,169.0,169.0,17131.77330119,2911892.43781048
2026-06-17 16:00:00,170.0,170.0,169.0,169.0,15589.7087431,2641211.12133261
2026-06-17 16:15:00,170.0,170.0,170.0,170.0,1487.8795896,252939.530232
2026-06-17 16:30:00,169.0,170.0,169.0,170.0,7215.08093648,1220994.72033097
2026-06-17 16:45:00,170.0,170.0,170.0,170.0,3461.35534435,588430.4085395
2026-06-17 17:00:00,170.0,170.0,169.0,169.0,32252.69160782,5471753.59135304
2026-06-17 17:15:00,169.0,169.0,169.0,169.0,43894.21519662,7418122.36822878
2026-06-17 17:30:00,169.0,169.0,168.0,168.0,96997.01487473,16296692.60842209
2026-06-17 17:45:00,168.0,168.0,168.0,168.0,75633.05879504,12706353.87756672
2026-06-17 18:00:00,168.0,170.0,168.0,170.0,21295.12214342,3588324.51040223
2026-06-17 18:15:00,168.0,168.0,168.0,168.0,17503.22800886,2940542.30548848
2026-06-17 18:30:00,168.0,168.0,168.0,168.0,11904.76190477,2000000.00000136
2026-06-17 18:45:00,169.0,169.0,169.0,169.0,711.43999999,120233.35999831
2026-06-17 19:00:00,169.0,169.0,169.0,169.0,2692.32396449,455002.74999881
2026-06-17 19:15:00,169.0,169.0,169.0,169.0,460.0,77740.0
2026-06-17 19:30:00,169.0,169.0,169.0,169.0,5457.15976332,922260.00000108
2026-06-17 19:45:00,169.0,169.0,169.0,169.0,5463.27407745,923293.31908905
2026-06-17 20:00:00,168.0,168.0,167.0,167.0,108888.04543537,18223847.91587194
2026-06-17 20:15:00,168.0,168.0,167.0,167.0,77091.44393967,12874918.22509558
2026-06-17 20:30:00,167.0,168.0,167.0,168.0,44860.58311289,7520935.93291953
2026-06-17 20:45:00,169.0,169.0,169.0,169.0,88534.38164049,14962310.49724281
2026-06-17 21:00:00,169.0,170.0,169.0,169.0,6618.06104446,1124109.47027644
2026-06-17 21:15:00,170.0,171.0,170.0,171.0,49397.12794792,8437759.29635184
2026-06-17 21:30:00,171.0,171.0,170.0,170.0,91227.98611037,15598288.60455521
2026-06-17 21:45:00,170.0,172.0,170.0,172.0,230678.11483192,39652437.10375887
2026-06-17 22:00:00,172.0,173.0,172.0,173.0,38262.10088596,6608656.57441229
2026-06-17 22:15:00,173.0,173.0,172.0,172.0,68406.606199,11834242.872427
2026-06-17 22:30:00,171.0,172.0,171.0,172.0,41183.31445818,7077716.13331859
2026-06-17 22:45:00,172.0,172.0,172.0,172.0,18201.14270717,3130596.54563324
2026-06-17 23:00:00,172.0,173.0,172.0,172.0,121883.26922628,20966927.72092016
2026-06-17 23:15:00,173.0,173.0,173.0,173.0,24539.38400114,4245313.43219722
2026-06-17 23:30:00,173.0,175.0,173.0,174.0,30945.91810435,5384574.32624246
2026-06-17 23:45:00,174.0,174.0,172.0,174.0,58861.95112463,10233433.19081156
2026-06-18 00:00:00,175.0,176.0,174.0,174.0,111509.14363199,19501847.56336545
2026-06-18 00:15:00,174.0,175.0,174.0,175.0,2419.88960607,422771.0042171
2026-06-18 00:30:00,175.0,176.0,175.0,176.0,1062.99785166,186228.20647501
2026-06-18 00:45:00,176.0,176.0,176.0,176.0,3993.67436836,702886.68883136
2026-06-18 01:00:00,176.0,176.0,176.0,176.0,563.09161575,99104.124372
2026-06-18 01:15:00,176.0,176.0,176.0,176.0,9450.6731318,1663318.4711968
2026-06-18 01:45:00,176.0,176.0,174.0,174.0,24519.59859547,4309023.91141055
2026-06-18 02:00:00,175.0,175.0,174.0,174.0,260304.35677788,45293388.83014413
2026-06-18 02:30:00,174.0,174.0,174.0,174.0,1548.94382445,269516.2254543
2026-06-18 02:45:00,174.0,176.0,174.0,176.0,15903.51301619,2784695.73588217
2026-06-18 03:00:00,175.0,175.0,171.0,173.0,408060.50170229,70071274.60694253
2026-06-18 03:15:00,172.0,172.0,172.0,172.0,10000.0,1720000.0
2026-06-18 03:30:00,174.0,177.0,174.0,177.0,49939.06237346,8787026.11213208
2026-06-18 03:45:00,176.0,176.0,173.0,174.0,21282.24869291,3738597.92430916
2026-06-18 04:00:00,174.0,174.0,173.0,174.0,30450.49733564,5298284.26367409
2026-06-18 04:15:00,173.0,173.0,172.0,172.0,12414.12143356,2137804.41542595
2026-06-18 04:30:00,171.0,171.0,169.0,169.0,148747.75733938,25339960.10658823
2026-06-18 04:45:00,170.0,171.0,170.0,171.0,16595.17001843,2832496.07315153
2026-06-18 05:15:00,171.0,171.0,171.0,171.0,7318.40199999,1251446.74199829
2026-06-18 05:30:00,171.0,174.0,171.0,173.0,624661.9108591,107879846.09680048
2026-06-18 05:45:00,172.0,173.0,172.0,173.0,26099.06724955,4514609.77304761
2026-06-18 06:15:00,172.0,172.0,172.0,172.0,1959.99770597,337119.60542684
2026-06-18 06:30:00,172.0,172.0,172.0,172.0,27232.08839694,4683919.20427368
2026-06-18 06:45:00,171.0,171.0,171.0,171.0,41.77076,7142.79996
2026-06-18 07:00:00,170.0,171.0,168.0,171.0,35828.9940067,6068795.18709431
2026-06-18 07:15:00,171.0,171.0,171.0,171.0,71180.24340822,12171821.62280562
2026-06-18 07:30:00,172.0,172.0,172.0,172.0,27762.09491955,4775080.3261626
2026-06-18 07:45:00,172.0,172.0,172.0,172.0,28818.32414298,4956751.75259256
2026-06-18 08:00:00,173.0,176.0,173.0,174.0,315522.35042365,55028314.70706742
2026-06-18 08:15:00,174.0,174.0,173.0,173.0,22474.11539311,3905632.95511644
2026-06-18 08:30:00,173.0,174.0,173.0,173.0,10402.995031,1800866.99122492
2026-06-18 08:45:00,173.0,174.0,173.0,173.0,54269.44465323,9398960.36673045
2026-06-18 09:00:00,173.0,175.0,173.0,174.0,19948.4864924,3464421.99209412
2026-06-18 09:15:00,174.0,174.0,173.0,173.0,20841.23586224,3617375.04002976
2026-06-18 09:30:00,173.0,173.0,172.0,172.0,39188.90332793,6747718.84859216
2026-06-18 09:45:00,173.0,173.0,171.0,171.0,80374.68250096,13800868.42669594
2026-06-18 10:00:00,171.0,171.0,171.0,171.0,33459.64389304,5721599.10570984
2026-06-18 10:15:00,172.0,172.0,171.0,171.0,606.0782474,103953.06089198
2026-06-18 10:30:00,171.0,171.0,171.0,171.0,10504.54347134,1796276.93359914
2026-06-18 10:45:00,171.0,171.0,171.0,171.0,1435.69151096,245503.24837416
2026-06-18 11:00:00,172.0,172.0,171.0,172.0,3310.2740444,568739.40260668
2026-06-18 11:15:00,172.0,172.0,171.0,172.0,62818.20792579,10802192.16094401
2026-06-18 11:30:00,172.0,172.0,172.0,172.0,62178.54652504,10694710.00230688
2026-06-18 11:45:00,173.0,174.0,172.0,172.0,2674.33298935,462747.07069998
2026-06-18 12:00:00,172.0,172.0,172.0,172.0,990.0,170280.0
2026-06-18 12:15:00,171.0,171.0,171.0,171.0,27520.68348516,4706036.87596236
2026-06-18 12:30:00,170.0,170.0,169.0,169.0,87720.2352475,14898872.67069811
2026-06-18 12:45:00,170.0,170.0,169.0,169.0,16708.29819743,2838635.54563411
2026-06-18 13:00:00,171.0,171.0,169.0,169.0,126238.48943575,21337152.41709675
2026-06-18 13:15:00,169.0,169.0,169.0,169.0,14957.51053399,2527819.28024431
2026-06-18 13:30:00,169.0,169.0,168.0,168.0,117462.86904797,19800199.0129606
2026-06-18 13:45:00,168.0,168.0,167.0,167.0,90206.94201877,15141053.30947567
2026-06-18 14:00:00,167.0,167.0,166.0,166.0,179147.9431789,29889231.67578095
2026-06-18 14:15:00,167.0,168.0,166.0,168.0,265719.43264529,44387961.46569605
2026-06-18 14:30:00,167.0,168.0,167.0,167.0,22707.094082,3792263.28312257
2026-06-18 14:45:00,168.0,170.0,168.0,170.0,58441.60517865,9887894.48847392
2026-06-18 15:00:00,170.0,170.0,170.0,170.0,11018.24264338,1873101.2493746
2026-06-18 15:15:00,169.0,169.0,168.0,168.0,433523.61391558,72921967.13781744
2026-06-18 15:30:00,168.0,168.0,167.0,167.0,30291.11112706,5082434.27182392
2026-06-18 15:45:00,168.0,168.0,168.0,168.0,18968.33711048,3186680.63456064
2026-06-18 16:00:00,168.0,168.0,167.0,168.0,6444.71220238,1081129.13124984
2026-06-18 16:15:00,168.0,169.0,168.0,169.0,19670.0777326,3318283.0590768
2026-06-18 16:30:00,169.0,170.0,168.0,169.0,247548.00677083,41943280.18048897
2026-06-18 16:45:00,169.0,170.0,169.0,170.0,29609.52004817,5006478.6467087
2026-06-18 17:00:00,169.0,169.0,169.0,169.0,80380.01515741,13584222.56160229
2026-06-18 17:15:00,169.0,170.0,168.0,170.0,480785.41728495,81157518.66420522
2026-06-18 17:30:00,169.0,170.0,169.0,170.0,151161.9296733,25640695.75584952
2026-06-18 18:00:00,169.0,169.0,169.0,169.0,7834.97447632,1324110.68649808
2026-06-18 18:15:00,169.0,169.0,169.0,169.0,46200.0,7807800.0
2026-06-18 18:30:00,169.0,169.0,169.0,169.0,348.98764073,58978.91128337
2026-06-18 18:45:00,169.0,169.0,169.0,169.0,31135.03111424,5261820.25830656
2026-06-18 19:00:00,169.0,169.0,169.0,169.0,27577.68806266,4660629.28258954
2026-06-18 19:30:00,169.0,169.0,168.0,168.0,18202.17335756,3058749.62404641
2026-06-18 19:45:00,168.0,168.0,168.0,168.0,303.03030304,50909.09091072
2026-06-18 20:00:00,169.0,169.0,168.0,168.0,52632.78106981,8869789.78737015
2026-06-18 20:15:00,168.0,168.0,167.0,168.0,4048.79114045,679598.10920039
2026-06-18 20:30:00,168.0,168.0,166.0,167.0,98839.76525316,16550168.8054666
2026-06-18 20:45:00,167.0,167.0,167.0,167.0,5578.39889053,931592.61471851
2026-06-18 21:00:00,166.0,167.0,166.0,167.0,24581.35133675,4086486.36082115
2026-06-18 21:15:00,167.0,167.0,166.0,167.0,38098.72714511,6362136.90674223
2026-06-18 21:30:00,167.0,167.0,166.0,167.0,36122.7175379,5997565.97125086
2026-06-18 21:45:00,166.0,166.0,166.0,166.0,33134.31492169,5500296.27700054
2026-06-18 22:00:00,167.0,167.0,166.0,167.0,7330.40378611,1222477.43228037
2026-06-18 22:15:00,167.0,167.0,166.0,167.0,176026.13380617,29396276.44096762
2026-06-18 22:30:00,166.0,166.0,165.0,165.0,99375.11914688,16443475.76024045
2026-06-18 22:45:00,165.0,165.0,165.0,165.0,1150.63490981,189854.76011865
2026-06-18 23:00:00,165.0,165.0,165.0,165.0,3575.09974927,589891.45862955
2026-06-18 23:15:00,164.0,166.0,164.0,166.0,106572.32037827,17486318.86201884
2026-06-18 23:30:00,166.0,166.0,166.0,166.0,602.40963855,99999.9999993
2026-06-18 23:45:00,166.0,166.0,164.0,164.0,18334.30011907,3032546.36018937
2026-06-19 00:00:00,165.0,165.0,164.0,164.0,43292.72946544,7109836.1118742
2026-06-19 00:15:00,163.0,163.0,161.0,161.0,175353.49010377,28424382.49291826
2026-06-19 00:30:00,162.0,162.0,160.0,160.0,131877.9417072,21160437.48975031
2026-06-19 00:45:00,160.0,160.0,157.0,158.0,274795.42922903,43459530.88747717
2026-06-19 01:00:00,158.0,160.0,158.0,160.0,802181.11485761,127689991.94807911
2026-06-19 01:15:00,159.0,159.0,159.0,159.0,130247.05000743,20709280.95118137
2026-06-19 01:30:00,159.0,160.0,159.0,159.0,51962.01664787,8264476.37028177
2026-06-19 01:45:00,160.0,160.0,160.0,160.0,1023.94276236,163830.8419776
2026-06-19 02:00:00,160.0,160.0,160.0,160.0,12496.87656171,1999500.2498736
2026-06-19 02:15:00,159.0,160.0,159.0,160.0,80573.577818,12811746.52673516
2026-06-19 02:30:00,160.0,160.0,159.0,160.0,37709.15488131,6031964.7810096
2026-06-19 02:45:00,160.0,160.0,160.0,160.0,12758.46545062,2041354.4720992
2026-06-19 03:00:00,160.0,160.0,160.0,160.0,1291.24044999,206598.4719984
2026-06-19 03:15:00,161.0,161.0,161.0,161.0,9133.34230832,1470468.11163952
2026-06-19 03:30:00,161.0,161.0,161.0,161.0,18418.95201466,2965451.27436026
2026-06-19 03:45:00,161.0,162.0,161.0,162.0,18742.43642681,3036050.78323492
2026-06-19 04:00:00,162.0,168.0,162.0,166.0,86505.11255541,14319305.35335563
2026-06-19 04:15:00,166.0,166.0,165.0,166.0,8095.40304262,1342348.63607492
2026-06-19 04:30:00,165.0,165.0,165.0,165.0,912.62424242,150582.9999993
2026-06-19 04:45:00,165.0,166.0,165.0,166.0,11334.7847278,1870299.72105085
2026-06-19 05:00:00,165.0,166.0,165.0,165.0,18213.9150636,3005329.65216066
2026-06-19 05:30:00,166.0,166.0,166.0,166.0,39972.76203576,6635478.49793616
2026-06-19 05:45:00,167.0,167.0,167.0,167.0,72028.55485326,12028768.66049442
2026-06-19 06:00:00,167.0,167.0,167.0,167.0,10000.0,1670000.0
2026-06-19 06:15:00,166.0,167.0,166.0,167.0,17246.15144225,2868953.21317601
2026-06-19 06:30:00,167.0,167.0,167.0,167.0,16530.41327506,2760579.01693502
2026-06-19 06:45:00,167.0,167.0,167.0,167.0,13161.81773513,2198023.56176671
2026-06-19 07:00:00,168.0,169.0,168.0,169.0,29239.27371296,4937457.97532036
2026-06-19 07:15:00,169.0,169.0,168.0,168.0,48164.239364,8091651.03668141
2026-06-19 07:30:00,168.0,168.0,168.0,168.0,43771.07292133,7353540.25078344
2026-06-19 07:45:00,168.0,168.0,168.0,168.0,50342.69881058,8457573.40017744
2026-06-19 08:00:00,169.0,169.0,167.0,167.0,121441.06233169,20421311.57813416
2026-06-19 08:30:00,167.0,167.0,166.0,167.0,27244.8104058,4536161.01993764
2026-06-19 08:45:00,167.0,169.0,167.0,168.0,30737.35949716,5134809.20762335
2026-06-19 09:00:00,168.0,168.0,167.0,168.0,25081.46597487,4211033.66837454
2026-06-19 09:15:00,167.0,168.0,167.0,168.0,22226.43618618,3730722.3000119
2026-06-19 09:30:00,168.0,168.0,167.0,167.0,27208.11276046,4550944.71819607
2026-06-19 09:45:00,168.0,168.0,167.0,168.0,31728.60616517,5330205.02974856
2026-06-19 10:00:00,169.0,169.0,168.0,168.0,83111.44733947,14027691.69127138
2026-06-19 10:15:00,169.0,169.0,169.0,169.0,14769.66872582,2496074.01466358
2026-06-19 10:30:00,168.0,168.0,168.0,168.0,49393.33960719,8298081.05400792
2026-06-19 10:45:00,170.0,172.0,170.0,172.0,32299.35902905,5520479.45501558
2026-06-19 11:00:00,172.0,173.0,171.0,172.0,463772.58741384,79861097.66804297
2026-06-19 11:15:00,172.0,172.0,171.0,171.0,47085.12505756,8060856.53360558
2026-06-19 11:30:00,170.0,171.0,170.0,171.0,224458.43681063,38174930.71343284
2026-06-19 11:45:00,170.0,172.0,170.0,171.0,278346.37708472,47729233.95946459
2026-06-19 12:00:00,171.0,171.0,170.0,170.0,64069.46217206,10895966.70266668
2026-06-19 12:15:00,169.0,170.0,167.0,169.0,390986.63710485,65740345.24205891
2026-06-19 12:30:00,168.0,168.0,167.0,167.0,70066.31761962,11770542.55770096
2026-06-19 12:45:00,167.0,168.0,167.0,168.0,80163.31751221,13398267.14555431
2026-06-19 13:00:00,168.0,168.0,167.0,167.0,78026.15621434,13030379.56945811
2026-06-19 13:15:00,167.0,167.0,167.0,167.0,39025.42530008,6517246.02511336
2026-06-19 13:30:00,167.0,167.0,165.0,165.0,30170.34396778,5008901.30682526
2026-06-19 13:45:00,166.0,166.0,166.0,166.0,6024.09713817,1000000.12493622
2026-06-19 14:00:00,166.0,166.0,166.0,166.0,18927.89705831,3142030.91167946
2026-06-19 14:15:00,166.0,167.0,166.0,167.0,22241.13833927,3695021.480037
2026-06-19 14:30:00,167.0,167.0,167.0,167.0,838.0,139946.0
2026-06-19 14:45:00,167.0,167.0,167.0,167.0,5067.1993193,846222.2863231
2026-06-19 15:00:00,167.0,167.0,167.0,167.0,17171.79080665,2867689.06471055
2026-06-19 15:15:00,168.0,168.0,167.0,167.0,47039.31329428,7859517.9198044
2026-06-19 15:30:00,166.0,166.0,165.0,166.0,6253.44626111,1037970.51590796
2026-06-19 15:45:00,165.0,166.0,165.0,165.0,48370.24049577,7981120.40469361
2026-06-19 16:00:00,165.0,165.0,164.0,165.0,91649.26026143,15121923.61561931
2026-06-19 16:15:00,164.0,165.0,164.0,165.0,2032.65983709,334062.27388883
2026-06-19 16:30:00,165.0,165.0,164.0,164.0,58191.47261937,9546099.99518235
2026-06-19 16:45:00,165.0,165.0,164.0,165.0,13228.25167834,2182492.66979289
2026-06-19 17:00:00,165.0,165.0,165.0,165.0,81484.58845101,13444957.09441665
2026-06-19 17:15:00,165.0,165.0,165.0,165.0,30038.52990989,4956357.43513185
2026-06-19 17:30:00,165.0,166.0,165.0,165.0,3082.13855831,508604.69764916
2026-06-19 17:45:00,165.0,165.0,164.0,164.0,3911.24401791,644777.35227057
2026-06-19 18:00:00,164.0,164.0,163.0,164.0,45748.76630311,7497802.0139033
2026-06-19 18:15:00,163.0,164.0,163.0,163.0,12962.06681802,2113193.6026767
2026-06-19 18:30:00,163.0,163.0,162.0,163.0,25686.9445244,4185117.49854001
2026-06-19 18:45:00,163.0,164.0,163.0,163.0,15341.25722346,2500656.02498495
2026-06-19 19:00:00,163.0,163.0,163.0,163.0,200.0,32600.0
2026-06-19 19:15:00,164.0,164.0,164.0,164.0,8037.80565344,1318200.12716416
2026-06-19 19:30:00,164.0,164.0,163.0,163.0,15576.36607842,2538965.23175806
2026-06-19 19:45:00,163.0,164.0,163.0,163.0,17351.11454025,2834329.23103635
2026-06-19 20:00:00,163.0,163.0,162.0,162.0,39696.16691825,6469975.20767475
2026-06-19 20:15:00,162.0,163.0,162.0,163.0,670.06673019,108613.38697788
2026-06-19 21:00:00,164.0,164.0,163.0,163.0,20391.09587932,3326065.28707294
2026-06-19 21:15:00,163.0,163.0,163.0,163.0,14670.55921257,2391301.15164891
2026-06-19 21:30:00,163.0,163.0,163.0,163.0,245943.23348982,40088747.05884066
2026-06-19 21:45:00,163.0,165.0,163.0,165.0,204448.53123059,33433181.47993142
2026-06-19 22:00:00,165.0,165.0,164.0,165.0,29269.27983861,4829073.34818448
2026-06-19 22:15:00,165.0,165.0,164.0,165.0,679.9496039,111867.73986598
2026-06-19 22:45:00,166.0,166.0,166.0,166.0,17474.06748818,2900695.20303788
2026-06-19 23:00:00,167.0,167.0,167.0,167.0,51759.40282326,8643820.27148442
2026-06-19 23:15:00,167.0,167.0,167.0,167.0,75229.80179639,12563376.89999713
2026-06-19 23:30:00,167.0,167.0,166.0,166.0,28431.182421,4720279.82831636
2026-06-19 23:45:00,165.0,165.0,165.0,165.0,45483.77444828,7504822.7839662
2026-06-20 00:00:00,164.0,165.0,164.0,164.0,534145.04835318,88099714.72852659
2026-06-20 00:15:00,164.0,164.0,164.0,164.0,8717.56195072,1429680.15991808
2026-06-20 00:30:00,165.0,165.0,165.0,165.0,11407.86666666,1882297.9999989
2026-06-20 01:00:00,165.0,165.0,165.0,165.0,5000.0,825000.0
2026-06-20 01:15:00,166.0,166.0,166.0,166.0,200.0,33200.0
2026-06-20 01:30:00,166.0,166.0,165.0,165.0,48034.03953334,7933132.19889808
2026-06-20 01:45:00,164.0,164.0,164.0,164.0,6696.84445069,1098282.48991316
2026-06-20 02:00:00,164.0,164.0,163.0,163.0,73751.43154752,12093833.67379328
2026-06-20 02:15:00,164.0,164.0,164.0,164.0,121732.42232541,19964117.26136724
2026-06-20 02:30:00,164.0,164.0,164.0,164.0,3447.51,565391.64
2026-06-20 02:45:00,164.0,164.0,164.0,164.0,30.48780488,5000.00000032
2026-06-20 03:15:00,164.0,164.0,164.0,164.0,10224.01422397,1676738.33273108
2026-06-20 03:30:00,164.0,164.0,164.0,164.0,45480.939035,7458874.00174
2026-06-20 05:00:00,163.0,165.0,163.0,165.0,745.40922362,121563.52163186
2026-06-20 05:15:00,164.0,164.0,164.0,164.0,969.84695227,159054.90017228
2026-06-20 05:30:00,164.0,164.0,164.0,164.0,296.80189495,48675.5107718
2026-06-20 06:00:00,164.0,164.0,164.0,164.0,9641.79360264,1581254.15083296
2026-06-20 06:15:00,164.0,164.0,164.0,164.0,8299.69120674,1361149.35790536
2026-06-20 06:30:00,164.0,164.0,164.0,164.0,24430.99182115,4006682.6586686
2026-06-20 07:30:00,164.0,164.0,164.0,164.0,2675.9,438847.6
2026-06-20 07:45:00,164.0,164.0,163.0,163.0,118458.59764952,19425557.98288537
2026-06-20 08:00:00,164.0,164.0,163.0,163.0,11481.47430417,1876162.30046328
2026-06-20 08:30:00,163.0,163.0,163.0,163.0,613.49693251,99999.99999913
2026-06-20 08:45:00,163.0,164.0,163.0,164.0,311100.11457685,51019379.18845326
2026-06-20 09:00:00,165.0,165.0,164.0,165.0,11777.63943566,1934908.39038555
2026-06-20 09:15:00,165.0,165.0,165.0,165.0,23131.1334706,3816637.022649
2026-06-20 09:30:00,166.0,167.0,165.0,165.0,44685.47406759,7405333.49098854
2026-06-20 09:45:00,166.0,166.0,165.0,165.0,56309.80861321,9340515.52066084
2026-06-20 10:00:00,165.0,165.0,164.0,165.0,89457.14864821,14758389.84441497
2026-06-20 10:15:00,164.0,166.0,164.0,166.0,87370.73021121,14404823.54782884
2026-06-20 10:30:00,166.0,168.0,166.0,168.0,646630.52096084,107824076.88075025
2026-06-20 10:45:00,168.0,171.0,168.0,171.0,954848.93807209,161882142.9731051
2026-06-20 11:00:00,172.0,172.0,170.0,171.0,643353.05561916,109878508.8402072
2026-06-20 11:15:00,171.0,171.0,170.0,170.0,204139.57333338,34760011.21941224
2026-06-20 11:30:00,170.0,170.0,169.0,169.0,115954.73758824,19601572.57409876
2026-06-20 11:45:00,169.0,171.0,169.0,169.0,190020.37534142,32254026.14411414
2026-06-20 12:00:00,170.0,170.0,169.0,169.0,74850.97368336,12649859.9818996
2026-06-20 12:15:00,170.0,170.0,169.0,170.0,84942.07777549,14420668.12826605
2026-06-20 12:30:00,170.0,170.0,169.0,169.0,58021.34813307,9848553.67359279
2026-06-20 12:45:00,169.0,169.0,168.0,168.0,183044.06011947,30903727.07097674
2026-06-20 13:00:00,168.0,170.0,168.0,170.0,21367.42779952,3615530.38587206
2026-06-20 13:15:00,170.0,170.0,169.0,169.0,3450.8870695,585405.79709844
2026-06-20 13:30:00,169.0,169.0,168.0,168.0,55337.76032523,9351486.25686863
2026-06-20 13:45:00,168.0,169.0,168.0,169.0,611.24674349,103000.69964981
2026-06-20 14:00:00,168.0,169.0,168.0,169.0,85264.55041164,14409618.41747547
2026-06-20 14:15:00,169.0,170.0,169.0,169.0,21514.58405843,3635999.99999231
2026-06-20 14:30:00,168.0,168.0,168.0,168.0,22205.09931244,3730456.68448992
2026-06-20 14:45:00,168.0,168.0,168.0,168.0,15230.01434107,2558642.40929976
2026-06-20 15:00:00,168.0,174.0,168.0,171.0,484084.76901194,83414886.70345598
2026-06-20 15:15:00,171.0,173.0,171.0,172.0,101926.83156218,17629282.95250684
2026-06-20 15:30:00,173.0,175.0,172.0,173.0,329510.9417082,56999099.77099494
2026-06-20 15:45:00,172.0,173.0,172.0,172.0,100635.0618261,17324672.60385573
2026-06-20 16:00:00,173.0,174.0,173.0,173.0,116255.73927516,20191196.75426828
2026-06-20 16:15:00,173.0,173.0,173.0,173.0,45815.53376469,7926087.34129137
2026-06-20 16:30:00,173.0,174.0,172.0,173.0,140108.59014012,24248659.09452221
2026-06-20 16:45:00,173.0,173.0,172.0,172.0,18878.05964778,3251384.01117809
2026-06-20 17:00:00,172.0,173.0,172.0,172.0,20396.43512436,3508256.87029165
2026-06-20 17:15:00,173.0,173.0,172.0,172.0,131974.59826943,22713630.90234196
2026-06-20 17:30:00,171.0,171.0,171.0,171.0,203420.12086408,34784840.66775768
2026-06-20 17:45:00,171.0,172.0,171.0,171.0,78798.8846486,13528906.1264848
2026-06-20 18:00:00,171.0,173.0,171.0,173.0,25857.86468824,4449044.57632636
2026-06-20 18:15:00,173.0,173.0,172.0,172.0,35432.8900552,6128749.72960785
2026-06-20 18:30:00,172.0,173.0,172.0,172.0,121879.51584899,20963340.3098413
2026-06-20 18:45:00,171.0,171.0,171.0,171.0,3157.31109729,539900.19763659
2026-06-20 19:00:00,171.0,171.0,171.0,171.0,110.13514103,18833.10911613
2026-06-20 19:15:00,171.0,171.0,170.0,170.0,167865.92977827,28595628.64798414
2026-06-20 19:30:00,170.0,170.0,170.0,170.0,26840.45864917,4562877.9703589
2026-06-20 19:45:00,170.0,170.0,170.0,170.0,53187.53801837,9041881.4631229
2026-06-20 20:00:00,170.0,170.0,170.0,170.0,201107.66119032,34188302.4023544
2026-06-20 20:15:00,170.0,170.0,169.0,169.0,30451.05588236,5147267.73529531
2026-06-20 20:30:00,169.0,169.0,169.0,169.0,21187.11947131,3580623.19065139
2026-06-20 20:45:00,169.0,169.0,168.0,169.0,63852.46436582,10789801.15829613
2026-06-20 21:00:00,169.0,169.0,169.0,169.0,13122.8772507,2217766.2553683
2026-06-20 21:30:00,168.0,168.0,168.0,168.0,212773.94781526,35746023.23296368
2026-06-20 21:45:00,168.0,168.0,167.0,167.0,70824.6048511,11844774.46840679
2026-06-20 22:00:00,167.0,167.0,167.0,167.0,32365.07814503,5404968.05022001
2026-06-20 22:15:00,167.0,167.0,166.0,166.0,116040.72292117,19310198.24305644
2026-06-20 22:30:00,166.0,167.0,166.0,167.0,28423.25157495,4721821.71695039
2026-06-20 22:45:00,166.0,167.0,166.0,166.0,61003.21732426,10126587.08787535
2026-06-20 23:00:00,166.0,166.0,164.0,165.0,67660.70315262,11157241.44684453
2026-06-20 23:15:00,164.0,166.0,164.0,166.0,29090.33258581,4772260.91756678
2026-06-20 23:30:00,166.0,166.0,166.0,166.0,2397.09216865,397917.2999959
2026-06-20 23:45:00,166.0,169.0,166.0,168.0,32232.39275382,5397517.6778933
2026-06-21 00:00:00,167.0,168.0,167.0,167.0,52947.19916443,8858360.31700742
2026-06-21 00:15:00,167.0,168.0,167.0,168.0,28748.75112001,4824261.00269977
2026-06-21 00:30:00,168.0,168.0,168.0,168.0,25030.53830226,4205130.43477968
2026-06-21 00:45:00,168.0,169.0,167.0,169.0,48950.3544464,8223234.83389938
2026-06-21 01:00:00,168.0,168.0,167.0,168.0,37918.44625514,6368798.97086352
2026-06-21 01:15:00,167.0,167.0,167.0,167.0,6586.82634731,1100000.00000077
2026-06-21 01:30:00,167.0,167.0,166.0,167.0,39604.52815341,6612307.09548851
2026-06-21 02:00:00,168.0,168.0,168.0,168.0,31130.17303549,5229869.06996232
2026-06-21 02:30:00,167.0,167.0,166.0,166.0,98596.19365414,16404781.54874123
2026-06-21 02:45:00,166.0,166.0,166.0,166.0,4080.14619161,677304.26780726
2026-06-21 03:00:00,167.0,167.0,167.0,167.0,1325.37594935,221337.78354145
2026-06-21 03:15:00,167.0,167.0,167.0,167.0,2711.88100214,452884.12735738
2026-06-21 03:30:00,167.0,167.0,167.0,167.0,22939.18299443,3830843.56006981
2026-06-21 03:45:00,167.0,167.0,167.0,167.0,36815.19324416,6148137.27177472
2026-06-21 05:15:00,166.0,166.0,166.0,166.0,18578.73960057,3084070.77369462
2026-06-21 05:30:00,166.0,166.0,166.0,166.0,13586.39453927,2255341.49351882
2026-06-21 05:45:00,166.0,166.0,166.0,166.0,6488.97238127,1077169.41529082
2026-06-21 06:15:00,167.0,168.0,167.0,168.0,10814.81083965,1806105.15243155
2026-06-21 06:30:00,169.0,169.0,169.0,169.0,604.313228,102128.935532
2026-06-21 06:45:00,168.0,168.0,168.0,168.0,32.72173437,5497.25137416
2026-06-21 07:00:00,168.0,168.0,168.0,168.0,967.27826563,162502.74862584
2026-06-21 07:15:00,168.0,168.0,168.0,168.0,63189.35175268,10615811.09445024
2026-06-21 07:30:00,168.0,168.0,168.0,168.0,10866.81048633,1825624.16170344
2026-06-21 07:45:00,168.0,168.0,168.0,168.0,11630.37049237,1953902.24271816
2026-06-21 08:00:00,168.0,168.0,167.0,168.0,15408.69215855,2582755.89107308
2026-06-21 08:15:00,167.0,167.0,167.0,167.0,123.61647148,20643.95073716
2026-06-21 08:30:00,167.0,168.0,167.0,168.0,48918.57925712,8210368.9046404
2026-06-21 08:45:00,168.0,168.0,168.0,168.0,10337.88943177,1736765.42453736
2026-06-21 09:00:00,169.0,169.0,168.0,168.0,56244.430121,9484841.99354911
2026-06-21 09:15:00,169.0,170.0,168.0,169.0,137114.75720885,23111315.44473781
2026-06-21 09:30:00,168.0,168.0,168.0,168.0,16303.5100434,2738989.6872912
2026-06-21 09:45:00,167.0,167.0,167.0,167.0,7734.28827039,1291626.14115513
2026-06-21 10:00:00,167.0,167.0,167.0,167.0,10317.70528286,1723056.78223762
2026-06-21 10:15:00,168.0,168.0,168.0,168.0,11444.08748005,1922606.6966484
2026-06-21 10:30:00,167.0,169.0,167.0,168.0,23715.07688503,3970752.3024606
2026-06-21 10:45:00,169.0,169.0,167.0,167.0,47432.11598933,7962952.30907411
2026-06-21 11:00:00,167.0,167.0,167.0,167.0,131273.7011634,21922708.0942878
2026-06-21 11:15:00,166.0,167.0,166.0,167.0,36496.15397375,6060344.20542555
2026-06-21 11:30:00,166.0,167.0,166.0,166.0,22603.63975905,3752234.14611008
2026-06-21 11:45:00,167.0,168.0,167.0,168.0,20817.31739794,3476670.7877565
2026-06-21 12:00:00,168.0,168.0,168.0,168.0,58529.36351908,9832933.07120544
2026-06-21 12:15:00,168.0,168.0,166.0,166.0,366213.56818386,61135693.06903536
2026-06-21 12:30:00,166.0,166.0,166.0,166.0,26054.54192603,4325053.95972098
2026-06-21 12:45:00,166.0,166.0,166.0,166.0,13011.87797618,2159971.74404588
2026-06-21 13:00:00,166.0,166.0,166.0,166.0,18433.82575748,3060015.07574168
2026-06-21 13:15:00,166.0,166.0,166.0,166.0,240.96385543,40000.00000138
2026-06-21 13:30:00,166.0,166.0,166.0,166.0,31000.0,5146000.0
2026-06-21 13:45:00,166.0,166.0,166.0,166.0,120364.36757067,19980485.01673122
2026-06-21 14:00:00,166.0,166.0,166.0,166.0,33374.8968693,5540232.8803038
2026-06-21 14:15:00,166.0,166.0,166.0,166.0,16519.52228914,2742240.69999724
2026-06-21 14:30:00,166.0,166.0,166.0,166.0,30.854,5121.764
2026-06-21 14:45:00,166.0,166.0,166.0,166.0,76349.12650601,12673954.99999766
2026-06-21 15:00:00,165.0,165.0,165.0,165.0,39333.89333335,6490092.40000275
2026-06-21 15:15:00,166.0,166.0,166.0,166.0,3314.06932528,550135.50799648
2026-06-21 15:30:00,166.0,166.0,166.0,166.0,136623.26036632,22679461.22080912
2026-06-21 15:45:00,166.0,166.0,166.0,166.0,32060.56624247,5322053.99625002
2026-06-21 16:00:00,167.0,167.0,166.0,166.0,7131.10480843,1187647.74999577
2026-06-21 16:15:00,166.0,166.0,166.0,166.0,24027.58682924,3988579.41365384
2026-06-21 16:30:00,165.0,166.0,165.0,166.0,255659.82465499,42199390.57994893
2026-06-21 16:45:00,166.0,166.0,166.0,166.0,5473.6246265,908621.687999
2026-06-21 17:00:00,165.0,166.0,165.0,166.0,50529.19952641,8337740.13872511
2026-06-21 17:15:00,166.0,166.0,165.0,165.0,31546.39010644,5205335.72298428
2026-06-21 17:30:00,165.0,165.0,164.0,164.0,1177.34512226,193450.86065667
2026-06-21 17:45:00,165.0,165.0,164.0,165.0,1242.48849184,204836.67629811
2026-06-21 18:00:00,165.0,165.0,164.0,165.0,91143.13621806,15013626.79750058
2026-06-21 18:15:00,164.0,164.0,164.0,164.0,10000.0,1640000.0
2026-06-21 18:30:00,164.0,165.0,164.0,165.0,46524.4419442,7673640.38271221
2026-06-21 18:45:00,165.0,166.0,165.0,166.0,2480.49633602,411093.51373054
2026-06-21 19:00:00,166.0,166.0,166.0,166.0,7781.26672149,1291690.27576734
2026-06-21 19:15:00,166.0,167.0,166.0,166.0,85982.30468571,14274341.07682786
2026-06-21 19:30:00,166.0,167.0,166.0,167.0,3519.93250778,585828.72879926
2026-06-21 19:45:00,167.0,167.0,167.0,167.0,2642.38516968,441278.32333656
2026-06-21 20:00:00,167.0,167.0,166.0,166.0,228971.18205271,38033208.2905832
2026-06-21 20:15:00,166.0,166.0,165.0,165.0,6826.97183133,1127775.86616945
2026-06-21 20:30:00,165.0,165.0,165.0,165.0,40823.66821925,6735905.25617625
2026-06-21 20:45:00,165.0,165.0,165.0,165.0,60.6060606,9999.999999
2026-06-21 21:00:00,165.0,165.0,165.0,165.0,62901.38108505,10378727.87903325
2026-06-21 21:15:00,165.0,165.0,165.0,165.0,13869.58036132,2288480.7596178
2026-06-21 21:30:00,165.0,165.0,164.0,164.0,29184.33455954,4787554.02691022
2026-06-21 21:45:00,164.0,165.0,164.0,165.0,33041.38595888,5435991.0963324
2026-06-21 22:00:00,165.0,166.0,165.0,166.0,151.33862724,25001.00000062
2026-06-21 22:15:00,165.0,165.0,165.0,165.0,33202.09191079,5478345.16528035
2026-06-21 22:30:00,165.0,166.0,164.0,164.0,155399.18375946,25576492.921516
2026-06-21 23:00:00,164.0,164.0,164.0,164.0,1773.41365535,290839.8394774
2026-06-21 23:15:00,164.0,164.0,164.0,164.0,70836.5369751,11617192.0639164
2026-06-21 23:30:00,165.0,165.0,165.0,165.0,30.3090909,5000.9999985
2026-06-21 23:45:00,164.0,164.0,164.0,164.0,18408.01015653,3018913.66567092
2026-06-22 00:00:00,165.0,166.0,165.0,166.0,4062.82225729,670997.62153853
2026-06-22 00:15:00,165.0,165.0,165.0,165.0,121.21212121,19999.99999965
2026-06-22 00:30:00,165.0,165.0,165.0,165.0,1734.10404624,286127.1676296
2026-06-22 01:00:00,165.0,165.0,165.0,165.0,6024.09638554,993975.9036141
2026-06-22 01:15:00,165.0,165.0,165.0,165.0,303.03,49999.95
2026-06-22 01:30:00,165.0,165.0,164.0,164.0,51126.59398293,8384761.41350355
2026-06-22 01:45:00,165.0,165.0,164.0,164.0,593.81083868,97688.00784655
2026-06-22 02:30:00,164.0,164.0,164.0,164.0,7220.18832445,1184110.8852098
2026-06-22 03:00:00,164.0,164.0,164.0,164.0,25072.28731987,4111855.12045868
2026-06-22 03:30:00,164.0,164.0,164.0,164.0,3193.17264444,523680.31368816
2026-06-22 04:15:00,164.0,164.0,164.0,164.0,8591.09585466,1408939.72016424
2026-06-22 04:30:00,164.0,164.0,164.0,164.0,453.22542073,74328.96899972
2026-06-22 04:45:00,164.0,164.0,164.0,164.0,5644.33555487,925671.03099868
2026-06-22 05:00:00,164.0,164.0,164.0,164.0,12231.65856096,2005992.00399744
2026-06-22 05:15:00,163.0,163.0,163.0,163.0,10040.85700499,1636659.69181337
2026-06-22 05:30:00,163.0,163.0,163.0,163.0,8509.95212633,1387122.19659179
2026-06-22 05:45:00,163.0,163.0,162.0,163.0,91312.65405238,14867609.92378608
2026-06-22 06:00:00,163.0,163.0,161.0,161.0,176375.63901043,28583411.88696946
2026-06-22 06:15:00,161.0,162.0,161.0,161.0,175057.87546215,28184331.94940615
2026-06-22 06:30:00,161.0,163.0,161.0,163.0,31264.59062235,5033629.09019835
2026-06-22 06:45:00,163.0,163.0,162.0,162.0,26591.26150376,4324831.78385451
2026-06-22 07:00:00,162.0,162.0,161.0,161.0,9171.95284104,1485173.13043481
2026-06-22 07:15:00,161.0,161.0,161.0,161.0,20670.03866388,3327876.22488468
2026-06-22 07:30:00,161.0,161.0,161.0,161.0,42498.30449382,6842227.02350502
2026-06-22 07:45:00,162.0,162.0,162.0,162.0,885.61274917,143469.26536554
2026-06-22 08:00:00,161.0,161.0,160.0,161.0,72244.07234135,11629241.96403053
2026-06-22 08:15:00,161.0,162.0,160.0,161.0,167382.47186219,26835772.0331979
2026-06-22 08:30:00,160.0,161.0,160.0,160.0,112770.50330025,18063490.54388424
2026-06-22 08:45:00,161.0,161.0,160.0,160.0,17591.92089898,2826125.64710752
2026-06-22 09:00:00,160.0,161.0,160.0,161.0,75372.43222361,12133160.11253833
2026-06-22 09:15:00,160.0,162.0,160.0,162.0,34763.13447661,5584045.83518499
2026-06-22 09:30:00,163.0,163.0,163.0,163.0,11.0,1793.0
2026-06-22 09:45:00,162.0,163.0,162.0,163.0,33213.52015969,5382691.62476548
2026-06-22 10:00:00,163.0,163.0,162.0,163.0,20132.24751834,3271109.04997358
2026-06-22 10:15:00,163.0,165.0,162.0,164.0,466940.11503464,76134178.66088253
2026-06-22 10:30:00,165.0,165.0,165.0,165.0,366.99999999,60554.99999835
2026-06-22 10:45:00,164.0,164.0,164.0,164.0,5063.12419553,830352.36806692
2026-06-22 11:00:00,164.0,164.0,164.0,164.0,52394.33251212,8592670.53198768
2026-06-22 11:15:00,164.0,164.0,163.0,163.0,7255.48771223,1182855.18443274
2026-06-22 11:30:00,164.0,164.0,163.0,163.0,34216.88472167,5577382.70353464
2026-06-22 11:45:00,164.0,164.0,162.0,163.0,54685.63638148,8899604.11959278
2026-06-22 12:00:00,163.0,163.0,162.0,162.0,30887.91197257,5009681.57391327
2026-06-22 12:15:00,163.0,163.0,163.0,163.0,8228.54715377,1341253.18606451
2026-06-22 12:30:00,164.0,164.0,163.0,163.0,73256.54162933,11940914.13236292
2026-06-22 13:00:00,163.0,163.0,162.0,162.0,84899.24712399,13756439.38500662
2026-06-22 13:15:00,162.0,162.0,162.0,162.0,1237.27201822,200438.06695164
2026-06-22 13:30:00,162.0,162.0,162.0,162.0,17631.20291705,2856254.8725621
2026-06-22 13:45:00,162.0,162.0,162.0,162.0,73156.06926462,11851283.22086844
2026-06-22 14:00:00,162.0,163.0,162.0,163.0,8675.3914075,1405499.07313545
2026-06-22 14:15:00,162.0,162.0,161.0,161.0,11828.43061731,1904534.62183703
2026-06-22 14:30:00,162.0,163.0,162.0,163.0,238659.89148778,38662933.10200195
2026-06-22 15:00:00,163.0,163.0,161.0,161.0,138263.55273359,22402639.25530424
2026-06-22 15:15:00,162.0,162.0,162.0,162.0,14475.87336376,2345091.48492912
2026-06-22 15:30:00,162.0,162.0,162.0,162.0,49472.57033018,8014556.39348916
2026-06-22 15:45:00,162.0,162.0,161.0,161.0,15491.02827884,2495907.40474509
2026-06-22 16:00:00,162.0,162.0,162.0,162.0,5612.23379259,909181.87439958
2026-06-22 16:30:00,162.0,163.0,162.0,163.0,263814.61031886,42741073.35140992
2026-06-22 16:45:00,163.0,163.0,162.0,162.0,967.49642547,156814.04914699
2026-06-22 17:00:00,162.0,163.0,162.0,163.0,1337.62578656,217002.12588897
2026-06-22 17:15:00,163.0,163.0,162.0,162.0,25821.61066703,4208888.7335426
2026-06-22 17:30:00,163.0,163.0,162.0,163.0,10600.06992843,1718969.60796333
2026-06-22 17:45:00,162.0,162.0,162.0,162.0,1223.53319264,198212.37720768
2026-06-22 18:00:00,162.0,162.0,162.0,162.0,39459.06848632,6392369.09478384
2026-06-22 18:15:00,162.0,162.0,162.0,162.0,3086.41975309,500000.00000058
2026-06-22 18:30:00,162.0,162.0,161.0,162.0,70348.6715508,11391525.28782497
2026-06-22 18:45:00,162.0,162.0,162.0,162.0,4222.91323474,684111.94402788
2026-06-22 19:30:00,161.0,162.0,161.0,161.0,2922.99463646,470725.59326018
2026-06-22 19:45:00,161.0,162.0,161.0,161.0,136376.39223087,21958154.44917007
2026-06-22 20:00:00,161.0,162.0,161.0,162.0,32265.39632956,5223442.2068613
2026-06-22 20:15:00,163.0,163.0,163.0,163.0,74099.84008449,12078273.93377187
2026-06-22 20:30:00,163.0,164.0,163.0,164.0,24477.35653721,3990358.99361401
2026-06-22 21:00:00,163.0,164.0,163.0,164.0,123654.91673969,20265691.251341
2026-06-22 21:15:00,164.0,164.0,163.0,164.0,33881.05902987,5555993.68089868
2026-06-22 21:30:00,164.0,164.0,163.0,163.0,20949.10124446,3435501.37967624
2026-06-22 21:45:00,164.0,164.0,163.0,164.0,253044.57261505,41498518.36007276
2026-06-22 22:00:00,165.0,165.0,163.0,163.0,28987.71005268,4747075.81095617
2026-06-22 22:15:00,164.0,164.0,163.0,163.0,8491.57932861,1391901.00373414
2026-06-22 22:30:00,164.0,165.0,164.0,164.0,80922.0449919,13272111.64120699
2026-06-22 22:45:00,165.0,165.0,165.0,165.0,100.0,16500.0
2026-06-22 23:00:00,164.0,164.0,164.0,164.0,37601.77439021,6166690.99999444
2026-06-22 23:15:00,164.0,164.0,163.0,163.0,3352.73673162,549378.34725406
2026-06-22 23:30:00,163.0,163.0,162.0,162.0,25302.94315555,4123145.16645341
2026-06-23 00:00:00,162.0,163.0,162.0,163.0,14727.41042999,2398305.09784508
2026-06-23 00:15:00,162.0,162.0,162.0,162.0,185.17788099,29998.81672038
2026-06-23 00:45:00,162.0,162.0,161.0,161.0,237562.87851827,38330979.28834559
2026-06-23 01:00:00,161.0,161.0,161.0,161.0,20438.80280356,3290647.25137316
2026-06-23 01:15:00,160.0,161.0,160.0,161.0,90878.5607451,14627392.86129723
2026-06-23 01:30:00,161.0,161.0,161.0,161.0,12231.28881987,1969237.49999907
2026-06-23 01:45:00,161.0,161.0,161.0,161.0,385.0,61985.0
2026-06-23 02:15:00,161.0,161.0,161.0,161.0,73873.77118893,11893677.16141773
2026-06-23 02:45:00,161.0,161.0,160.0,160.0,441.83540372,70822.99999892
2026-06-23 03:00:00,162.0,162.0,162.0,162.0,185.18518518,29999.99999916
2026-06-23 03:30:00,161.0,161.0,161.0,161.0,33.08292,5326.35012
2026-06-23 03:45:00,160.0,160.0,160.0,160.0,18164.31415787,2906290.2652592
2026-06-23 04:00:00,160.0,160.0,160.0,160.0,32162.49930778,5145999.8892448
2026-06-23 04:15:00,159.0,159.0,159.0,159.0,33613.18888568,5344497.03282312
2026-06-23 04:45:00,159.0,159.0,159.0,159.0,2269.4,360834.6
2026-06-23 05:15:00,159.0,159.0,159.0,159.0,21058.30315706,3348270.20197254
2026-06-23 05:30:00,159.0,160.0,159.0,160.0,593.97901979,94769.93800967
2026-06-23 05:45:00,160.0,160.0,159.0,159.0,3190.53884056,507402.44108113
2026-06-23 06:00:00,159.0,159.0,158.0,158.0,496890.23547187,78515107.3869454
2026-06-23 06:15:00,159.0,159.0,155.0,156.0,252671.71128982,39693104.495888
2026-06-23 06:30:00,157.0,158.0,155.0,156.0,403892.90928868,63396689.5386229
2026-06-23 06:45:00,156.0,156.0,154.0,154.0,74374.65111826,11501149.55240098
2026-06-23 07:00:00,155.0,156.0,155.0,156.0,43694.09236891,6773225.02230925
2026-06-23 07:15:00,155.0,156.0,153.0,153.0,319348.40754312,49322943.02176753
2026-06-23 07:30:00,153.0,153.0,152.0,153.0,550042.35692746,84081048.73893356
2026-06-23 07:45:00,153.0,153.0,152.0,153.0,127806.1946257,19554191.45641631
2026-06-23 08:00:00,153.0,153.0,152.0,153.0,103804.7193763,15881880.0645739
2026-06-23 08:15:00,153.0,153.0,153.0,153.0,65932.54583146,10087679.51221338
2026-06-23 08:30:00,153.0,153.0,152.0,153.0,64579.37808978,9879866.0271561
2026-06-23 08:45:00,153.0,154.0,153.0,154.0,357250.01161776,54659770.92037442
2026-06-23 09:00:00,154.0,154.0,153.0,153.0,189334.08299295,29130562.05633473
2026-06-23 09:15:00,153.0,154.0,153.0,153.0,312911.16863405,47875760.80263301
2026-06-23 09:30:00,154.0,154.0,153.0,154.0,64589.55107698,9944704.68878381
2026-06-23 09:45:00,154.0,155.0,154.0,155.0,33472.39516636,5172680.78642822
2026-06-23 10:00:00,155.0,155.0,155.0,155.0,1290.32258064,199999.9999992
2026-06-23 10:15:00,155.0,155.0,154.0,154.0,31986.90732902,4956449.2447981
2026-06-23 10:30:00,154.0,154.0,153.0,154.0,168367.50709409,25907196.85093417
2026-06-23 10:45:00,154.0,154.0,153.0,153.0,90685.57353809,13881528.25452065
2026-06-23 11:00:00,153.0,153.0,153.0,153.0,56834.90185303,8695739.98351359
2026-06-23 11:15:00,154.0,154.0,154.0,154.0,442465.42741476,68139675.82187304
2026-06-23 11:30:00,154.0,154.0,153.0,154.0,45987.84285231,7081413.54600899
2026-06-23 11:45:00,154.0,154.0,153.0,153.0,49002.27849624,7517486.10689602
2026-06-23 12:00:00,153.0,153.0,153.0,153.0,28573.23943245,4371705.63316485
2026-06-23 12:15:00,153.0,154.0,153.0,153.0,209317.82731618,32050433.67560929
2026-06-23 12:30:00,154.0,154.0,154.0,154.0,35109.46620226,5406857.79514804
2026-06-23 12:45:00,154.0,154.0,154.0,154.0,600.0,92400.0
2026-06-23 13:00:00,153.0,155.0,153.0,155.0,126705.04897001,19517848.31282493
2026-06-23 13:15:00,154.0,154.0,153.0,154.0,64393.52177411,9854540.80750376
2026-06-23 13:30:00,152.0,153.0,152.0,152.0,17147.55884363,2607550.35410839
2026-06-23 13:45:00,153.0,153.0,152.0,152.0,32155.7127494,4889892.25209549
2026-06-23 14:00:00,152.0,152.0,151.0,152.0,21483.63061169,3254576.93996741
2026-06-23 14:15:00,152.0,152.0,151.0,151.0,62820.24714837,9504297.16318512
2026-06-23 14:30:00,151.0,151.0,151.0,151.0,106185.26482949,16033974.98925299
2026-06-23 14:45:00,151.0,152.0,151.0,151.0,135296.5556715,20430371.9702356
2026-06-23 15:00:00,151.0,151.0,149.0,150.0,592499.40698881,88492575.16927113
2026-06-23 15:15:00,150.0,150.0,146.0,148.0,3139350.34399311,464934684.61072445
2026-06-23 15:30:00,148.0,149.0,148.0,149.0,41043.34163028,6075791.30262004
2026-06-23 15:45:00,149.0,151.0,149.0,150.0,534583.01907272,80144520.75590813
2026-06-23 16:00:00,151.0,152.0,150.0,151.0,820796.51830012,123723792.23009534
2026-06-23 16:15:00,151.0,151.0,151.0,151.0,201091.48423895,30364814.12008145
2026-06-23 16:30:00,151.0,153.0,150.0,153.0,794860.67936899,120197420.3236252
2026-06-23 16:45:00,153.0,154.0,152.0,152.0,497583.39172728,76079221.3944755
2026-06-23 17:00:00,152.0,153.0,152.0,152.0,105740.67292273,16073205.28425496
2026-06-23 17:15:00,151.0,151.0,148.0,150.0,352913.13036325,52943262.59039682
2026-06-23 17:30:00,150.0,154.0,150.0,153.0,73336.96627362,11067625.5416072
2026-06-23 17:45:00,154.0,154.0,153.0,153.0,80160.91146411,12270009.06439843
2026-06-23 18:00:00,153.0,154.0,153.0,153.0,169753.70258976,25980112.97690041
2026-06-23 18:15:00,154.0,154.0,153.0,153.0,64009.73533786,9798684.31188738
2026-06-23 18:30:00,153.0,153.0,152.0,153.0,121973.15677155,18655996.98604715
2026-06-23 18:45:00,152.0,152.0,152.0,152.0,68174.11694463,10362465.77558376
2026-06-23 19:00:00,152.0,153.0,152.0,152.0,14469.32627405,2200644.78319808
2026-06-23 19:15:00,152.0,152.0,151.0,152.0,141337.8878435,21479489.352212
2026-06-23 19:30:00,152.0,152.0,152.0,152.0,65.75659538,9995.00249776
2026-06-23 20:00:00,152.0,152.0,151.0,151.0,28121.11156355,4248058.74309036
2026-06-23 20:15:00,152.0,152.0,152.0,152.0,39976.35783464,6076406.39086528
2026-06-23 20:30:00,152.0,152.0,152.0,152.0,15418.01905062,2343538.89569424
2026-06-23 20:45:00,151.0,152.0,151.0,152.0,1078.78831052,163029.95796544
2026-06-23 21:15:00,152.0,152.0,152.0,152.0,29503.11127926,4484472.91444752
2026-06-23 21:30:00,152.0,152.0,152.0,152.0,19200.1599567,2918424.3134184
2026-06-23 21:45:00,151.0,151.0,151.0,151.0,19671.03379523,2970326.10307973
2026-06-23 22:00:00,151.0,151.0,150.0,150.0,57823.84183847,8727598.92753374
2026-06-23 22:15:00,151.0,151.0,151.0,151.0,3887.45414314,587005.57561414
2026-06-23 22:30:00,152.0,153.0,152.0,153.0,14433.59653409,2206924.48024208
2026-06-23 22:45:00,153.0,153.0,153.0,153.0,61326.63547601,9382975.22782953
2026-06-23 23:00:00,153.0,154.0,153.0,154.0,138582.78067608,21296675.75624194
2026-06-23 23:15:00,154.0,154.0,153.0,153.0,33077.66120657,5092510.57875296
2026-06-23 23:30:00,153.0,153.0,153.0,153.0,3267.9738562,499999.9999986
2026-06-23 23:45:00,152.0,152.0,152.0,152.0,31120.39169572,4730299.53774944
2026-06-24 00:00:00,152.0,152.0,152.0,152.0,3289.47368421,499999.99999992
2026-06-24 00:15:00,152.0,152.0,152.0,152.0,42432.53738626,6449745.68271152
2026-06-24 00:30:00,153.0,154.0,153.0,153.0,293063.57172831,44839019.8437603
2026-06-24 00:45:00,152.0,152.0,152.0,152.0,16268.67487308,2472838.58070816
2026-06-24 01:00:00,152.0,152.0,152.0,152.0,2160.11045218,328336.78873136
2026-06-24 01:45:00,152.0,152.0,152.0,152.0,2007.65613052,305163.73183904
2026-06-24 02:00:00,152.0,152.0,152.0,152.0,152864.46124125,23235398.10867
2026-06-24 02:15:00,152.0,152.0,152.0,152.0,18099.45676512,2751117.42829824
2026-06-24 02:30:00,152.0,152.0,152.0,152.0,44134.07229343,6708378.98860136
2026-06-24 02:45:00,152.0,152.0,152.0,152.0,4658.4221838,708080.1719376
2026-06-24 03:15:00,152.0,153.0,152.0,152.0,47732.66977386,7281561.80235874
2026-06-24 03:45:00,152.0,152.0,152.0,152.0,2739.48976144,416402.44373888
2026-06-24 04:00:00,153.0,153.0,153.0,153.0,2612.2458,399673.6074
2026-06-24 04:45:00,154.0,154.0,154.0,154.0,17804.45491539,2741886.05697006
2026-06-24 05:00:00,154.0,154.0,154.0,154.0,6523.93357121,1004685.76996634
2026-06-24 05:45:00,154.0,155.0,154.0,154.0,48627.06908601,7499391.25341616
2026-06-24 06:00:00,154.0,154.0,154.0,154.0,1455.62186843,224165.76773822
2026-06-24 06:30:00,154.0,154.0,154.0,154.0,14749.91379108,2271486.72382632
2026-06-24 07:00:00,155.0,155.0,155.0,155.0,101.03594,15660.5707
2026-06-24 07:15:00,156.0,156.0,155.0,155.0,37168.0350057,5761471.97396042
2026-06-24 07:30:00,155.0,155.0,155.0,155.0,100412.6290643,15563957.5049665
2026-06-24 07:45:00,155.0,155.0,155.0,155.0,32177.60645159,4987528.99999645
2026-06-24 08:00:00,155.0,155.0,154.0,154.0,283099.97653876,43597428.44466134
2026-06-24 08:15:00,155.0,155.0,155.0,155.0,52445.92398959,8129118.21838645
2026-06-24 08:30:00,155.0,155.0,155.0,155.0,258.06451612,39999.9999986
2026-06-24 08:45:00,154.0,155.0,154.0,155.0,53303.30558599,8251885.99504923
2026-06-24 09:00:00,155.0,155.0,155.0,155.0,2432.8545996,377092.462938
2026-06-24 09:15:00,156.0,157.0,156.0,157.0,13533.30341289,2116143.21139173
2026-06-24 09:30:00,157.0,159.0,157.0,158.0,29365.10212662,4637808.58926084
2026-06-24 09:45:00,159.0,159.0,159.0,159.0,81849.7403297,13014108.7124223
2026-06-24 10:00:00,159.0,159.0,158.0,158.0,51935.44711477,8238381.78453316
2026-06-24 10:15:00,158.0,160.0,158.0,160.0,138716.65700721,22083922.62989957
2026-06-24 10:30:00,161.0,161.0,159.0,159.0,41185.69621604,6589583.20800438
2026-06-24 10:45:00,160.0,160.0,158.0,158.0,45955.87478424,7315744.27257691
2026-06-24 11:00:00,158.0,159.0,158.0,159.0,29763.64870003,4721810.56207253
2026-06-24 11:15:00,159.0,159.0,158.0,158.0,146731.97260851,23320251.22033088
2026-06-24 11:30:00,158.0,161.0,158.0,161.0,31011.3689465,4955361.572635
2026-06-24 11:45:00,160.0,161.0,160.0,160.0,35098.41156997,5648626.69284517
2026-06-24 12:00:00,161.0,161.0,160.0,161.0,66953.11820817,10763032.56753111
2026-06-24 12:15:00,161.0,164.0,161.0,164.0,371199.38481461,60428219.59561535
2026-06-24 12:30:00,164.0,165.0,163.0,164.0,614002.88958037,101102176.2366544
2026-06-24 12:45:00,164.0,166.0,162.0,164.0,318542.28966686,52066928.94211219
2026-06-24 13:00:00,164.0,164.0,162.0,164.0,571728.03217601,93419269.97713526
2026-06-24 13:15:00,164.0,164.0,161.0,163.0,232909.53438033,37600792.61086655
2026-06-24 13:30:00,162.0,165.0,162.0,164.0,520691.04055891,85689582.34884049
2026-06-24 13:45:00,163.0,167.0,163.0,166.0,634046.74989877,105066773.27123927
2026-06-24 14:00:00,166.0,169.0,166.0,168.0,388123.30888271,65071191.7488326
2026-06-24 14:15:00,169.0,171.0,168.0,171.0,596472.73130917,100930681.24784191
2026-06-24 14:30:00,170.0,172.0,168.0,172.0,645506.92387106,109769183.91516206
2026-06-24 14:45:00,172.0,174.0,167.0,168.0,2540560.12464763,435008062.6452192
2026-06-24 15:00:00,168.0,171.0,167.0,169.0,1091625.36235265,184622182.53286415
2026-06-24 15:15:00,169.0,171.0,168.0,168.0,741602.7794958,125603711.35584019
2026-06-24 15:30:00,168.0,169.0,166.0,169.0,471942.98184212,78930359.7771538
2026-06-24 15:45:00,169.0,171.0,169.0,171.0,635732.22450196,108207747.1272373
2026-06-24 16:00:00,171.0,171.0,167.0,167.0,468665.98147776,79237528.5171864
2026-06-24 16:15:00,168.0,170.0,167.0,167.0,593567.04666495,99406344.42022298
2026-06-24 16:30:00,168.0,168.0,163.0,165.0,1604653.93437196,265244501.70392585
2026-06-24 16:45:00,163.0,165.0,163.0,163.0,436783.11099618,71422530.40795638
2026-06-24 17:00:00,163.0,166.0,163.0,165.0,255696.99829806,41926868.81533907
2026-06-24 17:15:00,166.0,170.0,165.0,169.0,696392.48441544,116729276.7174565
2026-06-24 17:30:00,169.0,170.0,169.0,169.0,288399.24505357,48809241.31601381
2026-06-24 17:45:00,169.0,170.0,168.0,169.0,112122.37630466,19008060.38756063
2026-06-24 18:00:00,169.0,171.0,169.0,170.0,287210.46817631,48756258.2945744
2026-06-24 18:15:00,170.0,170.0,169.0,170.0,190289.30563972,32216998.03516913
2026-06-24 18:30:00,170.0,171.0,169.0,170.0,207958.49375753,35419836.56227399
2026-06-24 18:45:00,169.0,172.0,169.0,171.0,478661.70403527,82149238.42950588
2026-06-24 19:00:00,171.0,173.0,170.0,173.0,913288.16827477,156913222.6069824
2026-06-24 19:15:00,173.0,173.0,171.0,172.0,239229.13127854,41182114.99373547
2026-06-24 19:30:00,172.0,173.0,170.0,172.0,436112.20897514,74855191.48369361
2026-06-24 19:45:00,172.0,174.0,171.0,173.0,447565.17867869,77107923.9108275
2026-06-24 20:00:00,172.0,172.0,168.0,168.0,266042.86369225,45222144.23578378
2026-06-24 20:15:00,168.0,168.0,167.0,168.0,140974.95672912,23652696.22508215
2026-06-24 20:30:00,168.0,168.0,166.0,167.0,333124.83946862,55483500.61175471
2026-06-24 20:45:00,166.0,172.0,166.0,170.0,273331.40754529,46123806.70034369
2026-06-24 21:00:00,170.0,170.0,167.0,169.0,380319.16907898,64238121.70092536
2026-06-24 21:15:00,169.0,170.0,167.0,167.0,254154.14817021,42732378.65798765
2026-06-24 21:30:00,167.0,167.0,165.0,167.0,613322.03112781,101835467.91686207
2026-06-24 21:45:00,166.0,167.0,165.0,166.0,81982.08006008,13604448.61067638
2026-06-24 22:00:00,166.0,166.0,163.0,164.0,394422.48551855,64773045.95845527
2026-06-24 22:15:00,164.0,164.0,160.0,161.0,1022098.18592685,165294801.3878916
2026-06-24 22:30:00,161.0,163.0,160.0,160.0,360334.43335896,58114232.30614117
2026-06-24 22:45:00,160.0,162.0,159.0,162.0,319975.37739425,51276924.09575644
2026-06-24 23:00:00,162.0,162.0,159.0,160.0,41042.32333776,6570057.02065896
2026-06-24 23:15:00,160.0,161.0,159.0,160.0,136497.60389222,21811355.69209182
2026-06-24 23:30:00,161.0,161.0,160.0,161.0,248603.06508501,40024992.49769048
2026-06-24 23:45:00,161.0,161.0,160.0,160.0,32422.85223847,5207579.21039367
2026-06-25 00:00:00,161.0,161.0,158.0,158.0,185639.6198255,29618585.72805404
2026-06-25 00:15:00,158.0,160.0,158.0,159.0,24725.57415954,3932210.84545204
2026-06-25 00:30:00,159.0,159.0,158.0,158.0,165463.17557604,26212026.94034701
2026-06-25 00:45:00,158.0,158.0,157.0,157.0,128709.65750542,20258082.88273527
2026-06-25 01:00:00,157.0,158.0,157.0,158.0,18864.36474573,2979701.46982534
2026-06-25 01:15:00,158.0,159.0,157.0,158.0,56325.62552691,8900052.13824615
2026-06-25 01:30:00,157.0,157.0,157.0,157.0,59443.75820831,9332670.03870467
2026-06-25 01:45:00,156.0,157.0,152.0,154.0,344976.39822775,52957820.94484662
2026-06-25 02:00:00,153.0,154.0,153.0,154.0,259006.73577202,39632077.20002082
2026-06-25 02:15:00,153.0,153.0,149.0,150.0,244463.97158453,36716735.03276927
2026-06-25 02:30:00,150.0,151.0,150.0,150.0,73557.38574085,11034034.5616845
2026-06-25 02:45:00,149.0,150.0,149.0,150.0,75111.06336218,11199063.5167679
2026-06-25 03:00:00,149.0,151.0,149.0,150.0,43657.14674757,6543910.31575012
2026-06-25 03:15:00,152.0,153.0,152.0,153.0,192531.29431396,29338378.85100886
2026-06-25 03:30:00,153.0,154.0,152.0,153.0,125513.87600253,19196522.94461029
2026-06-25 03:45:00,153.0,153.0,152.0,152.0,69000.37756426,10556878.91533178
2026-06-25 04:00:00,154.0,154.0,153.0,153.0,14539.57326904,2224587.18418909
2026-06-25 04:15:00,152.0,152.0,152.0,152.0,18246.55476449,2773476.32420248
2026-06-25 04:30:00,152.0,153.0,152.0,153.0,10664.11015596,1630174.30370592
2026-06-25 04:45:00,152.0,153.0,152.0,152.0,96474.9165634,14664845.23464658
2026-06-25 05:00:00,153.0,157.0,153.0,156.0,117891.17842661,18350445.77937981
2026-06-25 05:15:00,156.0,156.0,156.0,156.0,276024.17267886,43059770.93790216
2026-06-25 05:30:00,155.0,156.0,155.0,155.0,90199.61078096,14022470.25191218
2026-06-25 05:45:00,155.0,157.0,155.0,156.0,272400.4820316,42508120.11312213
2026-06-25 06:00:00,156.0,156.0,155.0,155.0,58158.47719812,9044872.00079359
2026-06-25 06:15:00,156.0,156.0,156.0,156.0,12174.78301872,1899266.15092032
2026-06-25 06:30:00,156.0,156.0,156.0,156.0,7157.05288381,1116500.24987436
2026-06-25 06:45:00,156.0,157.0,156.0,157.0,45916.30786637,7182804.56696262
2026-06-25 07:00:00,157.0,158.0,157.0,158.0,45569.6769778,7195332.39173897
2026-06-25 07:15:00,158.0,158.0,157.0,157.0,92284.12512198,14553953.72463345
2026-06-25 07:30:00,157.0,157.0,156.0,156.0,89891.70573564,14112965.53597936
2026-06-25 07:45:00,156.0,157.0,156.0,156.0,226626.02210818,35550317.27919658
2026-06-25 08:00:00,158.0,158.0,157.0,157.0,93409.91342061,14671132.3163472
2026-06-25 08:15:00,157.0,161.0,156.0,159.0,645189.42725348,102299346.9757531
2026-06-25 08:30:00,159.0,159.0,158.0,159.0,100619.01592418,15952532.03330708
2026-06-25 08:45:00,159.0,160.0,158.0,159.0,107696.77851548,17126865.93540047
2026-06-25 09:00:00,159.0,159.0,158.0,158.0,367114.43633563,58017672.54145573
2026-06-25 09:15:00,157.0,158.0,155.0,156.0,585633.6291115,92100636.5969879
2026-06-25 09:30:00,156.0,156.0,155.0,155.0,304649.14213499,47361207.75680384
2026-06-25 09:45:00,156.0,156.0,155.0,156.0,223438.63310275,34830276.17974951
2026-06-25 10:00:00,156.0,156.0,156.0,156.0,98243.02099598,15325911.27537288
2026-06-25 10:15:00,156.0,156.0,156.0,156.0,17864.53332116,2786867.19810096
2026-06-25 10:30:00,157.0,157.0,156.0,156.0,38338.91036545,5982257.31669156
2026-06-25 10:45:00,156.0,156.0,156.0,156.0,45353.07343267,7075079.45549652
2026-06-25 11:00:00,156.0,156.0,156.0,156.0,2.27017543,354.14736708
2026-06-25 11:15:00,156.0,156.0,155.0,155.0,97419.80793107,15101120.6442196
2026-06-25 11:30:00,155.0,155.0,155.0,155.0,419886.19601081,65082360.38167555
2026-06-25 11:45:00,155.0,155.0,154.0,154.0,84931.78146241,13141656.85105496
2026-06-25 12:00:00,154.0,155.0,154.0,155.0,182989.39999832,28194055.73123055
2026-06-25 12:15:00,154.0,155.0,154.0,155.0,147559.83001728,22838682.65681607
2026-06-25 12:30:00,155.0,155.0,154.0,154.0,8192.87075135,1267365.71493486
2026-06-25 12:45:00,154.0,155.0,154.0,155.0,53501.65916886,8249033.41015213
2026-06-25 13:00:00,154.0,156.0,154.0,155.0,116206.59258684,17936281.80159802
2026-06-25 13:15:00,154.0,155.0,154.0,155.0,13899.75538055,2147695.08957548
2026-06-25 13:30:00,154.0,155.0,154.0,154.0,31903.12197946,4918242.07515941
2026-06-25 13:45:00,154.0,155.0,154.0,154.0,76221.22358671,11752983.92783139
2026-06-25 14:00:00,155.0,158.0,155.0,157.0,484893.60121525,75776732.41478038
2026-06-25 14:15:00,156.0,156.0,156.0,156.0,58249.44267993,9086913.05806908
2026-06-25 14:30:00,156.0,156.0,156.0,156.0,19069.74744461,2974880.60135916
2026-06-25 14:45:00,156.0,157.0,156.0,157.0,13361.56644851,2096163.36831351
2026-06-25 15:00:00,157.0,158.0,157.0,158.0,145203.70088651,22913476.93462785
2026-06-25 15:15:00,158.0,158.0,157.0,157.0,38254.80056753,6007812.96115346
2026-06-25 15:30:00,157.0,158.0,157.0,158.0,39226.02883683,6193246.99524963
2026-06-25 15:45:00,158.0,158.0,158.0,158.0,84165.03349273,13298075.29185134
2026-06-25 16:00:00,158.0,158.0,158.0,158.0,44141.83224984,6974409.49547472
2026-06-25 16:15:00,158.0,158.0,157.0,157.0,84888.83343609,13329486.16946613
2026-06-25 16:30:00,157.0,157.0,157.0,157.0,15022.67111768,2358559.36547576
2026-06-25 16:45:00,157.0,157.0,157.0,157.0,37062.26848612,5818776.15232084
2026-06-25 17:00:00,157.0,162.0,157.0,159.0,642128.89773706,101386127.40915188
2026-06-25 17:15:00,159.0,162.0,159.0,161.0,143440.16699052,23018305.7526402
2026-06-25 17:30:00,161.0,162.0,161.0,161.0,253022.41293233,40872448.08326747
2026-06-25 17:45:00,162.0,162.0,159.0,159.0,150594.20923676,24166920.46035328
2026-06-25 18:00:00,159.0,159.0,159.0,159.0,133474.32649663,21222417.91296417
2026-06-25 18:15:00,158.0,158.0,157.0,157.0,55745.33308712,8800431.63288505
2026-06-25 18:30:00,157.0,158.0,157.0,158.0,8814.37776233,1391397.80109782
2026-06-25 18:45:00,158.0,158.0,157.0,157.0,46193.0750202,7252347.57090161
2026-06-25 19:00:00,156.0,157.0,156.0,156.0,152448.64576343,23785547.28312019
2026-06-25 19:15:00,156.0,160.0,155.0,157.0,228461.29107294,35887320.24729288
2026-06-25 19:30:00,158.0,159.0,156.0,156.0,277962.18950805,43824890.02020583
2026-06-25 19:45:00,157.0,157.0,156.0,156.0,80618.81854212,12613636.84127467
2026-06-25 20:00:00,155.0,156.0,154.0,156.0,386991.88908988,59982475.35892163
2026-06-25 20:15:00,155.0,156.0,155.0,155.0,213370.66122555,33074420.6661389
2026-06-25 20:30:00,155.0,155.0,155.0,155.0,82268.4623847,12751611.6696285
2026-06-25 20:45:00,156.0,157.0,156.0,156.0,104931.0600057,16432416.52487409
2026-06-25 21:00:00,156.0,157.0,155.0,157.0,232773.28411604,36323367.2626273
2026-06-25 21:15:00,156.0,156.0,154.0,154.0,55596.66280407,8592553.42842892
2026-06-25 21:30:00,154.0,155.0,154.0,154.0,28040.87524739,4341793.52781793
2026-06-25 21:45:00,154.0,154.0,154.0,154.0,50629.34025974,7796918.39999996
2026-06-25 22:00:00,154.0,154.0,154.0,154.0,6942.56700372,1069155.31857288
2026-06-25 22:15:00,155.0,155.0,154.0,155.0,257325.52047426,39833675.2929782
2026-06-25 22:30:00,154.0,155.0,150.0,150.0,399661.51147649,60570638.93458612
2026-06-25 22:45:00,151.0,151.0,144.0,144.0,673441.01334489,98700509.43371083
2026-06-25 23:00:00,145.0,149.0,145.0,148.0,384407.98354967,56430686.48452216
2026-06-25 23:15:00,148.0,150.0,147.0,148.0,207630.30033501,30718918.9574419
2026-06-25 23:30:00,149.0,151.0,148.0,149.0,269989.76443256,40246807.65222137
2026-06-25 23:45:00,149.0,150.0,149.0,149.0,52157.72378385,7787190.75217278
2026-06-26 00:00:00,149.0,149.0,148.0,149.0,192103.21830934,28585644.57382142
2026-06-26 00:15:00,148.0,149.0,147.0,148.0,200608.3270014,29514335.78525453
2026-06-26 00:30:00,148.0,148.0,147.0,147.0,232099.52869431,34321827.72091346
2026-06-26 00:45:00,148.0,149.0,147.0,149.0,51157.79655057,7585531.30481487
2026-06-26 01:00:00,149.0,150.0,149.0,150.0,29997.37771161,4484307.77509106
2026-06-26 01:15:00,150.0,150.0,150.0,150.0,6850.5503608,1027582.55412
2026-06-26 01:30:00,150.0,150.0,149.0,149.0,6385.37011123,952228.51323992
2026-06-26 01:45:00,149.0,149.0,148.0,148.0,315020.53990322,46658218.88732666
2026-06-26 02:15:00,150.0,151.0,150.0,151.0,3520.5195273,530163.39960477
2026-06-26 02:30:00,151.0,151.0,151.0,151.0,6711.40939596,1013422.81878996
2026-06-26 02:45:00,151.0,151.0,150.0,151.0,29775.28123867,4485664.70235679
2026-06-26 03:00:00,152.0,152.0,150.0,150.0,80347.60279455,12137605.25237647
2026-06-26 03:15:00,151.0,151.0,151.0,151.0,14153.23178807,2137137.99999857
2026-06-26 03:30:00,151.0,151.0,150.0,150.0,3402.46956632,511946.08406699
2026-06-26 03:45:00,149.0,149.0,148.0,148.0,8424.24242424,1253587.68018349
2026-06-26 04:00:00,148.0,148.0,147.0,147.0,28251.73779008,4180521.72339759
2026-06-26 04:15:00,147.0,147.0,147.0,147.0,29409.79372419,4323239.67745593
2026-06-26 04:30:00,147.0,147.0,147.0,147.0,806.46054421,118549.69999887
2026-06-26 04:45:00,147.0,147.0,147.0,147.0,50607.72336958,7439335.33532826
2026-06-26 05:00:00,147.0,147.0,146.0,147.0,28908.5594045,4248043.01467357
2026-06-26 05:30:00,147.0,148.0,146.0,147.0,11324.04278359,1663119.09999854
2026-06-26 05:45:00,146.0,147.0,145.0,146.0,195559.06162333,28560535.48888677
2026-06-26 06:00:00,145.0,147.0,145.0,147.0,55023.89141885,8059460.48654514
2026-06-26 06:15:00,146.0,147.0,146.0,147.0,95772.16841417,14039074.09626388
2026-06-26 06:30:00,147.0,149.0,147.0,149.0,60063.57583099,8939684.16163494
2026-06-26 06:45:00,149.0,149.0,148.0,149.0,67154.11504254,10005371.07413104
2026-06-26 07:00:00,149.0,150.0,148.0,150.0,55668.91427828,8305832.84889548
2026-06-26 07:15:00,149.0,149.0,148.0,149.0,9762.09239994,1451601.08458708
2026-06-26 07:30:00,148.0,149.0,148.0,148.0,16865.31248427,2496104.24767196
2026-06-26 07:45:00,149.0,149.0,148.0,149.0,75194.61980016,11203964.13632172
2026-06-26 08:00:00,149.0,149.0,148.0,148.0,61021.4682823,9079481.88462854
2026-06-26 08:15:00,148.0,149.0,148.0,148.0,45248.45589068,6734885.93853019
2026-06-26 08:30:00,150.0,150.0,148.0,148.0,14002.52974991,2087107.73631998
2026-06-26 08:45:00,148.0,149.0,148.0,148.0,238663.3324971,35530713.30651979
2026-06-26 09:00:00,148.0,150.0,148.0,148.0,123043.90825693,18292559.77794875
2026-06-26 09:15:00,150.0,150.0,148.0,148.0,195669.65871911,29035441.72865495
2026-06-26 09:30:00,148.0,148.0,147.0,147.0,286354.76704679,42333404.7441043
2026-06-26 09:45:00,148.0,148.0,147.0,147.0,106636.86251449,15687210.71240433
2026-06-26 10:00:00,147.0,148.0,146.0,146.0,141582.03656078,20729140.22334433
2026-06-26 10:15:00,146.0,147.0,146.0,146.0,20273.03161889,2961223.16057562
2026-06-26 10:30:00,145.0,146.0,145.0,145.0,69748.09542103,10113511.76708383
2026-06-26 10:45:00,145.0,148.0,145.0,147.0,178913.05319944,26131033.99030271
2026-06-26 11:00:00,148.0,148.0,141.0,142.0,248493.0909011,35796762.56451229
2026-06-26 11:15:00,142.0,144.0,141.0,143.0,355377.13895414,50479665.23356334
2026-06-26 11:30:00,143.0,147.0,143.0,147.0,38391.84097087,5527701.66908334
2026-06-26 11:45:00,145.0,145.0,142.0,143.0,182763.32269236,26131917.03258729
2026-06-26 12:00:00,142.0,145.0,142.0,145.0,229456.46605493,32700788.89345771
2026-06-26 12:15:00,144.0,145.0,143.0,143.0,58510.38802475,8389932.69787324
2026-06-26 12:30:00,143.0,144.0,143.0,144.0,52183.59366819,7484644.94042079
2026-06-26 12:45:00,144.0,146.0,144.0,145.0,119205.83968974,17285790.96633489
2026-06-26 13:00:00,145.0,145.0,145.0,145.0,119875.89802172,17382005.2131494
2026-06-26 13:15:00,145.0,145.0,144.0,144.0,25045.00667172,3631254.49656607
2026-06-26 13:30:00,144.0,144.0,143.0,143.0,563606.75766372,80853322.20556773
2026-06-26 13:45:00,143.0,144.0,143.0,143.0,158906.36173047,22723818.06079054
2026-06-26 14:00:00,143.0,143.0,142.0,143.0,88462.00344675,12649820.86922992
2026-06-26 14:15:00,143.0,143.0,142.0,143.0,137071.9119506,19492241.5302238
2026-06-26 14:30:00,142.0,142.0,142.0,142.0,286606.90282073,40698180.20054366
2026-06-26 14:45:00,142.0,143.0,142.0,142.0,42061.17291765,5975805.24779122
2026-06-26 15:00:00,142.0,142.0,141.0,142.0,118981.57120139,16864444.71508926
2026-06-26 15:15:00,142.0,143.0,141.0,143.0,37353.88428143,5296446.30667312
2026-06-26 15:30:00,143.0,144.0,143.0,144.0,28305.75024795,4063689.29114252
2026-06-26 15:45:00,144.0,144.0,144.0,144.0,347.04869787,49975.01249328
2026-06-26 16:00:00,144.0,145.0,144.0,145.0,145989.43223034,21027410.74043656
2026-06-26 16:15:00,144.0,145.0,144.0,145.0,52782.54509157,7630255.15936915
2026-06-26 16:30:00,145.0,145.0,144.0,145.0,522593.99272194,75351508.75672363
2026-06-26 16:45:00,145.0,145.0,144.0,144.0,213830.25879953,30971917.75564458
2026-06-26 17:00:00,144.0,145.0,144.0,145.0,32122.73982343,4655364.72767735
2026-06-26 17:15:00,144.0,144.0,143.0,144.0,133548.14087276,19229615.72823896
2026-06-26 17:30:00,144.0,144.0,144.0,144.0,29406.27984617,4234504.29784848
2026-06-26 17:45:00,143.0,144.0,143.0,144.0,10468.78668918,1497140.24827687
2026-06-26 18:00:00,144.0,144.0,143.0,143.0,55796.12522848,7991339.66079607
2026-06-26 18:15:00,143.0,144.0,143.0,143.0,89881.01343202,12853917.05272329
2026-06-26 18:30:00,144.0,144.0,143.0,143.0,6635.03304596,950612.51723894
2026-06-26 18:45:00,143.0,144.0,142.0,143.0,187146.25948495,26703840.9605799
2026-06-26 19:00:00,143.0,143.0,141.0,142.0,131014.32459446,18598838.36074679
2026-06-26 19:15:00,142.0,142.0,141.0,142.0,18188.64998994,2576101.53531421
2026-06-26 19:30:00,142.0,142.0,140.0,141.0,140107.88894386,19763056.37010494
2026-06-26 19:45:00,141.0,141.0,140.0,140.0,247217.02684966,34645551.95283414
2026-06-26 20:00:00,140.0,141.0,139.0,140.0,213635.74279742,29907372.1236018
2026-06-26 20:15:00,140.0,141.0,139.0,140.0,418789.47454741,58608918.47355305
2026-06-26 20:30:00,140.0,141.0,140.0,141.0,306802.02960046,42952588.69370979
2026-06-26 20:45:00,141.0,141.0,140.0,140.0,89855.35404219,12580002.88150942
2026-06-26 21:00:00,140.0,141.0,140.0,140.0,63803.71968988,8934096.09027095
2026-06-26 21:15:00,140.0,141.0,140.0,141.0,258832.29731762,36484611.74361426
2026-06-26 21:30:00,141.0,141.0,139.0,139.0,557404.78965056,78116713.67677507
2026-06-26 21:45:00,140.0,141.0,140.0,140.0,321434.17151586,45001935.34555373
2026-06-26 22:00:00,139.0,140.0,139.0,139.0,220766.87852411,30697397.27855513
2026-06-26 22:15:00,139.0,140.0,137.0,139.0,667134.5312654,92085054.46722716
2026-06-26 22:30:00,139.0,140.0,139.0,140.0,168838.26855556,23484269.09136642
2026-06-26 22:45:00,140.0,142.0,140.0,141.0,388321.64000952,54542575.23715214
2026-06-26 23:00:00,142.0,142.0,140.0,141.0,172735.24374613,24353813.51527475
2026-06-26 23:15:00,142.0,142.0,141.0,142.0,612283.87069062,86349501.99474058
2026-06-26 23:30:00,142.0,142.0,140.0,141.0,348377.58972463,49070577.43870517
2026-06-26 23:45:00,141.0,141.0,141.0,141.0,13562.03441879,1912246.85304939
2026-06-27 00:00:00,142.0,142.0,141.0,141.0,350944.86597498,49484554.13563869
2026-06-27 00:15:00,141.0,142.0,141.0,142.0,43049.92230373,6075062.36172733
2026-06-27 00:30:00,142.0,144.0,142.0,144.0,218864.52153196,31191173.86899117
2026-06-27 00:45:00,144.0,144.0,143.0,143.0,73081.16753679,10492702.8510514
2026-06-27 01:00:00,143.0,144.0,143.0,144.0,51489.40836036,7406355.23927627
2026-06-27 01:15:00,144.0,144.0,144.0,144.0,107502.63666937,15480379.68038928
2026-06-27 01:30:00,144.0,145.0,144.0,144.0,28378.43304068,4110051.21798543
2026-06-27 01:45:00,144.0,145.0,143.0,143.0,68646.86367703,9865503.05793184
2026-06-27 02:00:00,143.0,144.0,143.0,144.0,5424.64406108,780608.88465565
2026-06-27 02:30:00,143.0,143.0,142.0,143.0,4584.46924951,653301.64077289
2026-06-27 02:45:00,143.0,143.0,143.0,143.0,56782.66036909,8119920.43277987
2026-06-27 03:00:00,143.0,143.0,143.0,143.0,7439.19648566,1063805.09744938
2026-06-27 03:15:00,142.0,142.0,142.0,142.0,4776.84378686,678311.81773412
2026-06-27 03:30:00,141.0,142.0,141.0,142.0,139.86697965,19791.66666586
2026-06-27 04:00:00,142.0,142.0,142.0,142.0,6987.79098931,992266.32048202
2026-06-27 04:15:00,142.0,142.0,142.0,142.0,77590.92920567,11017911.94720514
2026-06-27 04:30:00,141.0,142.0,141.0,142.0,12988.62034811,1834431.46908351
2026-06-27 04:45:00,142.0,142.0,141.0,141.0,387015.92676793,54923559.03872266
2026-06-27 05:00:00,142.0,144.0,142.0,143.0,438411.43806092,62369149.8574586
2026-06-27 05:15:00,143.0,143.0,143.0,143.0,3496.5034965,499999.9999995
2026-06-27 05:30:00,142.0,142.0,142.0,142.0,249090.63350214,35370869.95730388
2026-06-27 05:45:00,142.0,142.0,142.0,142.0,6261.8071246,889176.6116932
2026-06-27 06:00:00,143.0,143.0,142.0,142.0,71110.39468346,10153961.70922473
2026-06-27 06:15:00,142.0,143.0,142.0,143.0,54816.7330633,7787374.67541866
2026-06-27 06:30:00,143.0,144.0,143.0,144.0,22571.85172395,3249802.40699006
2026-06-27 07:00:00,143.0,144.0,143.0,144.0,30531.40737819,4366055.45208117
2026-06-27 07:15:00,144.0,144.0,142.0,142.0,19762.52657854,2826786.26304831
2026-06-27 07:30:00,143.0,143.0,142.0,143.0,51668.39722327,7372636.78826828
2026-06-27 07:45:00,143.0,143.0,143.0,143.0,15630.36059346,2235141.56486478
2026-06-27 08:00:00,143.0,143.0,142.0,142.0,4308.76758753,612754.5776042
2026-06-27 08:15:00,142.0,143.0,142.0,143.0,15834.48607824,2252821.64606433
2026-06-27 08:30:00,143.0,144.0,143.0,144.0,186670.75912812,26806275.9218115
2026-06-27 08:45:00,144.0,144.0,143.0,143.0,56537.0211559,8132122.12643409
2026-06-27 09:00:00,143.0,145.0,143.0,145.0,130161.51065597,18757580.52917854
2026-06-27 09:15:00,144.0,144.0,143.0,143.0,156519.09821056,22428123.67589886
2026-06-27 09:30:00,143.0,144.0,142.0,144.0,206575.84201609,29433271.43916554
2026-06-27 09:45:00,144.0,145.0,143.0,144.0,22331.7889575,3215741.42174202
2026-06-27 10:00:00,144.0,144.0,143.0,143.0,101047.1998228,14451925.48551139
2026-06-27 10:15:00,143.0,143.0,142.0,143.0,243761.28799244,34807932.3942703
2026-06-27 10:30:00,143.0,144.0,143.0,144.0,84678.50697567,12113540.38640969
2026-06-27 10:45:00,144.0,144.0,144.0,144.0,7936.64444444,1142876.79999936
2026-06-27 11:00:00,143.0,144.0,143.0,143.0,52170.83897567,7461124.41796525
2026-06-27 11:15:00,143.0,146.0,143.0,145.0,483619.90858096,69847697.62061922
2026-06-27 11:30:00,145.0,146.0,144.0,145.0,132435.25951712,19195797.56148924
2026-06-27 11:45:00,145.0,145.0,145.0,145.0,84147.58634012,12201400.0193174
2026-06-27 12:00:00,144.0,145.0,144.0,144.0,62735.55327497,9045656.1964367
2026-06-27 12:15:00,145.0,145.0,144.0,144.0,14353.09006896,2076061.8319992
2026-06-27 12:30:00,144.0,145.0,144.0,145.0,31909.60133005,4596589.47672145
2026-06-27 12:45:00,145.0,145.0,144.0,144.0,98945.72637591,14251282.65675172
2026-06-27 13:00:00,144.0,145.0,143.0,144.0,77051.94783253,11087080.729143
2026-06-27 13:15:00,144.0,145.0,144.0,144.0,39704.39382655,5719774.74000869
2026-06-27 13:30:00,144.0,145.0,144.0,144.0,90673.31078566,13057025.71865228
2026-06-27 14:00:00,144.0,144.0,144.0,144.0,4782.54086557,688685.88464208
2026-06-27 14:15:00,144.0,144.0,143.0,143.0,11982.55942451,1720450.44214936
2026-06-27 14:30:00,143.0,144.0,142.0,143.0,202251.34585077,28925304.70341029
2026-06-27 14:45:00,143.0,144.0,143.0,144.0,33986.09789027,4879893.99893329
2026-06-27 15:15:00,143.0,143.0,143.0,143.0,82421.34346245,11786252.11513035
2026-06-27 15:30:00,143.0,144.0,143.0,143.0,52216.60814655,7467030.6334498
2026-06-27 15:45:00,143.0,144.0,143.0,144.0,32866.40978268,4713111.38180957
2026-06-27 16:00:00,143.0,144.0,143.0,143.0,4308.06534472,616088.07346162
2026-06-27 16:15:00,143.0,144.0,143.0,144.0,77814.18695241,11127529.19252796
2026-06-27 16:30:00,144.0,146.0,143.0,145.0,241807.29898542,34983576.69150004
2026-06-27 16:45:00,145.0,146.0,145.0,145.0,57815.92203851,8424357.68478796
2026-06-27 17:00:00,145.0,146.0,145.0,145.0,179449.01963357,26026957.16193614
2026-06-27 17:15:00,144.0,147.0,144.0,146.0,156364.3705965,22759671.53992193
2026-06-27 17:30:00,145.0,146.0,144.0,145.0,869138.95852745,125984850.29511502
2026-06-27 17:45:00,145.0,145.0,145.0,145.0,4791.48701511,694765.61719095
2026-06-27 18:00:00,144.0,145.0,144.0,144.0,96338.43822392,13872785.10424448
2026-06-27 18:15:00,144.0,145.0,144.0,145.0,325928.73082272,46951448.69019581
2026-06-27 18:30:00,145.0,145.0,144.0,144.0,21791.8275862,3138057.999999
2026-06-27 18:45:00,144.0,145.0,144.0,144.0,48981.93204062,7057633.5099943
2026-06-27 19:00:00,144.0,144.0,144.0,144.0,33931.70115673,4886164.96656912
2026-06-27 19:15:00,144.0,145.0,144.0,144.0,8537.45651943,1229462.70431516
2026-06-27 19:30:00,144.0,144.0,143.0,143.0,16199.71297382,2323059.30278542
2026-06-27 19:45:00,144.0,144.0,144.0,144.0,57476.0766881,8276555.0430864
2026-06-27 20:00:00,144.0,144.0,143.0,144.0,365564.86338093,52627728.88402129
2026-06-27 20:15:00,144.0,144.0,143.0,143.0,11329.69365891,1621464.19394598
2026-06-27 20:30:00,143.0,143.0,142.0,143.0,73990.39313495,10580344.528157
2026-06-27 20:45:00,144.0,144.0,143.0,143.0,21453.00224255,3073380.67254367
2026-06-27 21:00:00,143.0,143.0,143.0,143.0,430825.96096077,61608112.41739011
2026-06-27 21:15:00,144.0,144.0,143.0,143.0,2973.72761754,425312.49375266
2026-06-27 21:30:00,143.0,144.0,143.0,144.0,2689.21512833,384606.71440014
2026-06-27 21:45:00,143.0,143.0,143.0,143.0,175038.48927996,25030503.96703428
2026-06-27 22:00:00,143.0,144.0,143.0,143.0,156580.20264877,22397296.44057965
2026-06-27 22:15:00,143.0,143.0,143.0,143.0,20266.76875475,2898147.93192925
2026-06-27 22:30:00,143.0,143.0,143.0,143.0,36830.81099603,5266805.97243229
2026-06-27 23:00:00,143.0,143.0,143.0,143.0,19804.30618024,2832015.78377432
2026-06-27 23:15:00,143.0,145.0,143.0,145.0,6737.00182476,965689.27419446
2026-06-27 23:30:00,144.0,144.0,143.0,144.0,200491.08683744,28870069.94818977
2026-06-27 23:45:00,144.0,144.0,144.0,144.0,54189.52329389,7803291.35432016
2026-06-28 00:00:00,144.0,144.0,143.0,144.0,108402.63944438,15573538.54381437
2026-06-28 00:15:00,144.0,145.0,144.0,145.0,14170.92068965,2041371.19999925
2026-06-28 00:30:00,144.0,145.0,144.0,145.0,4970.01869862,715751.65811852
2026-06-28 00:45:00,145.0,145.0,145.0,145.0,50000.0,7250000.0
2026-06-28 01:00:00,145.0,145.0,144.0,145.0,261703.35662626,37846986.7108077
2026-06-28 01:15:00,145.0,145.0,145.0,145.0,13959.11069636,2024071.0509722
2026-06-28 01:30:00,145.0,145.0,145.0,145.0,4863.83015388,705255.3723126
2026-06-28 01:45:00,145.0,145.0,144.0,144.0,39042.90749528,5652674.15572005
2026-06-28 02:00:00,144.0,144.0,144.0,144.0,1458.33333332,209999.99999808
2026-06-28 02:30:00,143.0,143.0,143.0,143.0,24443.36490197,3495401.18098171
2026-06-28 03:00:00,144.0,144.0,144.0,144.0,11198.5,1612584.0
2026-06-28 03:15:00,144.0,145.0,144.0,145.0,13045.9,1879240.1
2026-06-28 03:30:00,143.0,144.0,143.0,144.0,21784.83107883,3115300.28871713
2026-06-28 03:45:00,144.0,144.0,143.0,143.0,4157.48867246,595064.99496562
2026-06-28 04:15:00,143.0,143.0,142.0,142.0,48093.93632233,6862371.94912552
2026-06-28 04:30:00,142.0,142.0,141.0,141.0,70670.46489178,10020760.96256514
2026-06-28 04:45:00,143.0,143.0,142.0,143.0,7348.40809896,1048021.80844392
2026-06-28 05:15:00,142.0,143.0,142.0,143.0,189876.65346879,26962554.72263811
2026-06-28 05:45:00,143.0,143.0,142.0,142.0,6844.12625771,978162.29439793
2026-06-28 06:00:00,143.0,144.0,143.0,144.0,37847.53317126,5416910.96949018
2026-06-28 07:00:00,143.0,144.0,143.0,144.0,12996.08646447,1871273.40464562
2026-06-28 07:15:00,143.0,143.0,142.0,143.0,136071.65963927,19368815.66798651
2026-06-28 07:30:00,142.0,143.0,142.0,143.0,204526.90263076,29184469.05542069
2026-06-28 07:45:00,143.0,143.0,143.0,143.0,251490.13109326,35963088.74633618
2026-06-28 08:00:00,142.0,143.0,142.0,142.0,51658.88861974,7355901.20330461
2026-06-28 08:15:00,142.0,142.0,142.0,142.0,2667.48074697,378782.26606974
2026-06-28 08:30:00,142.0,143.0,142.0,142.0,585.52861262,83180.37767735
2026-06-28 08:45:00,143.0,143.0,143.0,143.0,143541.01271041,20526364.81758863
2026-06-28 09:00:00,142.0,143.0,142.0,142.0,399064.38048633,56670642.02905886
2026-06-28 09:15:00,142.0,142.0,142.0,142.0,12615.8975954,1791457.4585468
2026-06-28 09:30:00,142.0,142.0,142.0,142.0,198088.96678852,28128633.28396984
2026-06-28 10:00:00,142.0,142.0,142.0,142.0,159953.21067253,22713355.91549926
2026-06-28 10:15:00,143.0,143.0,143.0,143.0,36412.23846118,5206950.09994874
2026-06-28 10:30:00,142.0,143.0,142.0,143.0,1015.12565915,144857.06345745
2026-06-28 10:45:00,143.0,145.0,143.0,144.0,9727.63427744,1393624.22667392
2026-06-28 11:00:00,144.0,146.0,144.0,146.0,111051.91655537,16032694.07688909
2026-06-28 11:15:00,145.0,145.0,145.0,145.0,124422.87490024,18041316.8605348
2026-06-28 11:30:00,145.0,146.0,144.0,144.0,85089.04284036,12338594.28754023
2026-06-28 11:45:00,144.0,144.0,144.0,144.0,49862.75347222,7180236.49999968
2026-06-28 12:00:00,144.0,144.0,144.0,144.0,6300.0,907200.0
2026-06-28 12:15:00,144.0,144.0,143.0,144.0,73170.8311824,10533557.67323064
2026-06-28 12:30:00,144.0,144.0,144.0,144.0,25417.55963446,3660128.58736224
2026-06-28 12:45:00,144.0,145.0,144.0,144.0,26324.23223253,3792647.67616008
2026-06-28 13:00:00,145.0,145.0,145.0,145.0,45457.35836846,6591316.9634267
2026-06-28 13:15:00,145.0,145.0,144.0,145.0,46666.89144156,6766663.39695724
2026-06-28 13:30:00,145.0,146.0,145.0,146.0,129031.03168716,18709568.08778888
2026-06-28 13:45:00,146.0,148.0,145.0,148.0,600323.59738054,88136852.78259365
2026-06-28 14:00:00,148.0,148.0,145.0,145.0,333831.0563712,48549586.22186686
2026-06-28 14:15:00,145.0,145.0,144.0,145.0,58314.17743574,8398452.17374656
2026-06-28 14:30:00,144.0,144.0,144.0,144.0,426422.59267225,61404853.344804
2026-06-28 14:45:00,144.0,144.0,144.0,144.0,12509.02824449,1801300.06720656
2026-06-28 15:00:00,144.0,144.0,144.0,144.0,24797.27448794,3570807.52626336
2026-06-28 15:15:00,143.0,144.0,143.0,144.0,148699.39077164,21264630.88034452
2026-06-28 15:30:00,144.0,144.0,143.0,143.0,118883.98516359,17097314.84257793
2026-06-28 15:45:00,143.0,144.0,143.0,144.0,13156.27068616,1892737.35812088
2026-06-28 16:00:00,144.0,145.0,144.0,145.0,2328.58109837,337521.47182017
2026-06-28 16:15:00,145.0,145.0,145.0,145.0,20689.65517241,2999999.99999945
2026-06-28 16:45:00,145.0,145.0,145.0,145.0,10377.91207844,1504797.2513738
2026-06-28 17:00:00,145.0,145.0,145.0,145.0,92.47586206,13408.9999987
2026-06-28 17:15:00,143.0,144.0,143.0,144.0,16508.55414489,2370437.56342578
2026-06-28 17:30:00,143.0,145.0,143.0,145.0,63317.80508224,9054721.98882928
2026-06-28 17:45:00,144.0,145.0,144.0,145.0,65008.62446478,9425911.60107142
2026-06-28 18:00:00,145.0,146.0,145.0,145.0,10040.68310298,1457828.21431565
2026-06-28 18:15:00,145.0,145.0,145.0,145.0,2889.34133616,418954.4937432
2026-06-28 18:30:00,145.0,145.0,145.0,145.0,4513.12322826,654402.8680977
2026-06-28 19:00:00,144.0,145.0,144.0,144.0,38682.34485674,5572539.88837056
2026-06-28 19:15:00,144.0,144.0,144.0,144.0,1421.99733466,204767.61619104
2026-06-28 19:30:00,144.0,144.0,143.0,143.0,46179.36961926,6621113.68266839
2026-06-28 19:45:00,143.0,144.0,143.0,144.0,159.83674828,22926.09944848
2026-06-28 20:00:00,144.0,145.0,144.0,145.0,3185.6777648,459396.18316521
2026-06-28 20:15:00,144.0,145.0,144.0,145.0,3945.59803472,569525.26699968
2026-06-28 20:30:00,144.0,144.0,144.0,144.0,1873.29252039,269754.12293616
2026-06-28 20:45:00,144.0,144.0,144.0,144.0,22589.49793606,3252887.70279264
2026-06-28 21:00:00,144.0,145.0,144.0,145.0,167788.69822992,24201303.12112451
2026-06-28 21:30:00,144.0,145.0,144.0,144.0,486495.7176128,70415521.58414474
2026-06-28 21:45:00,144.0,144.0,144.0,144.0,83256.58958204,11988948.89981376
2026-06-28 22:00:00,144.0,144.0,143.0,143.0,87207.84198065,12554048.5622136
2026-06-28 22:15:00,144.0,144.0,144.0,144.0,174080.37726616,25067574.32632704
2026-06-28 22:30:00,144.0,144.0,144.0,144.0,917.717403,132151.306032
2026-06-28 22:45:00,144.0,144.0,143.0,143.0,48761.53040242,7021520.51780861
2026-06-28 23:00:00,143.0,143.0,143.0,143.0,1858.543,265771.649
